mods/heroes.stormmod/enus.stormassets/localizeddata/sounds/vo/aurielbase_ai_attack00.ogg	0ff34f1c9e30f5e6b15cb75e45371358	21281
mods/heroes.stormmod/enus.stormassets/localizeddata/sounds/vo/aurielbase_ai_attack01.ogg	c395c5bc10de35156778a0efd0e2f204	36937
mods/heroes.stormmod/enus.stormassets/localizeddata/sounds/vo/aurielbase_ai_attack02.ogg	8759135894c36029f4e35bf7b8f299ef	42210
mods/heroes.stormmod/enus.stormassets/localizeddata/sounds/vo/aurielbase_ai_caution00.ogg	c27dfe19e15a5337aeed3f21706f1e88	34494
mods/heroes.stormmod/enus.stormassets/localizeddata/sounds/vo/aurielbase_ai_goodjob00.ogg	65e2e81863353ecba5f283ea639ab5a8	25590
mods/heroes.stormmod/enus.stormassets/localizeddata/sounds/vo/aurielbase_ai_goodjob01.ogg	ca81307809706a7235383be0acfa470a	21324
mods/heroes.stormmod/enus.stormassets/localizeddata/sounds/vo/aurielbase_ai_goodjob02.ogg	5d9d5ffcc2f830422dd7c35b701873c0	27720
mods/heroes.stormmod/enus.stormassets/localizeddata/sounds/vo/aurielbase_ai_heal00.ogg	292c3e70abc85d782033cd9ddcd48eca	43212
mods/heroes.stormmod/enus.stormassets/localizeddata/sounds/vo/aurielbase_ai_heal01.ogg	d474c1543143e1b72a8d18a0e1de4605	44020
mods/heroes.stormmod/enus.stormassets/localizeddata/sounds/vo/aurielbase_ai_retreat00.ogg	948955e2bef5a5f5a6d6c2b924044dd2	27143
mods/heroes.stormmod/enus.stormassets/localizeddata/sounds/vo/aurielbase_ai_retreat01.ogg	9cfcf52280f7b29a89042204d49f3f4a	30268
mods/heroes.stormmod/enus.stormassets/localizeddata/sounds/vo/aurielbase_ai_uhoh00.ogg	f9441b402b764872af9c032b5be58597	21924
mods/heroes.stormmod/enus.stormassets/localizeddata/sounds/vo/aurielbase_ai_uhoh01.ogg	4af3b89a630fde897667ea1a898268fe	25974
mods/heroes.stormmod/enus.stormassets/localizeddata/sounds/vo/aurielbase_ai_uhoh02.ogg	964358f399c5f131941a44c25ab91294	28450
mods/heroes.stormmod/enus.stormassets/localizeddata/sounds/vo/aurielbase_angelicflight00.ogg	70673109e77e0fe9ce7a99c8f1cdefed	13843
mods/heroes.stormmod/enus.stormassets/localizeddata/sounds/vo/aurielbase_angelicflight01.ogg	895c9b40ca8562f3bfd801b8fdb6555c	16985
mods/heroes.stormmod/enus.stormassets/localizeddata/sounds/vo/aurielbase_angelicflight02.ogg	a6ff59966dd680c5a8e1d696b2b73b2e	20995
mods/heroes.stormmod/enus.stormassets/localizeddata/sounds/vo/aurielbase_angelicflight03.ogg	4498de97692e73983d7fabdaff356f3d	15041
mods/heroes.stormmod/enus.stormassets/localizeddata/sounds/vo/aurielbase_angelicflight04.ogg	3f0056181bc75fd2abfa41051d434056	14415
mods/heroes.stormmod/enus.stormassets/localizeddata/sounds/vo/aurielbase_angelicflight05.ogg	c1ab3b13464172d19b93b974d7ee7f9a	22702
mods/heroes.stormmod/enus.stormassets/localizeddata/sounds/vo/aurielbase_angelicflight06.ogg	f3d66096bee947ef818a1c0d5b7c5189	18543
mods/heroes.stormmod/enus.stormassets/localizeddata/sounds/vo/aurielbase_angelicflight07.ogg	787683748db71af33dae541c87c496ec	21671
mods/heroes.stormmod/enus.stormassets/localizeddata/sounds/vo/aurielbase_angelicflight08.ogg	5e6a7d95f7d3b768d78151299d3ff741	22137
mods/heroes.stormmod/enus.stormassets/localizeddata/sounds/vo/aurielbase_angelicflight09.ogg	0b4fd340fe4d3e9ae3e843bc3f7ae613	23456
mods/heroes.stormmod/enus.stormassets/localizeddata/sounds/vo/aurielbase_angelicflight10.ogg	4534a34ff30c2be7a4b724b82a1f00c8	23594
mods/heroes.stormmod/enus.stormassets/localizeddata/sounds/vo/aurielbase_angelicflight11.ogg	ef38fba67b3db7d24ee968779de2977e	21875
mods/heroes.stormmod/enus.stormassets/localizeddata/sounds/vo/aurielbase_angelicflight12.ogg	4d978988cd18c03085eb7a8b83165855	23914
mods/heroes.stormmod/enus.stormassets/localizeddata/sounds/vo/aurielbase_attack00.ogg	750974892476ca60f9cbe7cfbc554f6e	34814
mods/heroes.stormmod/enus.stormassets/localizeddata/sounds/vo/aurielbase_attack01.ogg	046786653ac8c7b28b3ef3471062f159	28246
mods/heroes.stormmod/enus.stormassets/localizeddata/sounds/vo/aurielbase_attack02.ogg	73a063c2238caf248cf364fd02b3d4ac	28875
mods/heroes.stormmod/enus.stormassets/localizeddata/sounds/vo/aurielbase_attack03.ogg	a1c2578e889568d4010b1fe99bd17ba1	23957
mods/heroes.stormmod/enus.stormassets/localizeddata/sounds/vo/aurielbase_attack04.ogg	4ad00aab697e47528b4f1612eba78b52	27756
mods/heroes.stormmod/enus.stormassets/localizeddata/sounds/vo/aurielbase_attack05.ogg	62ba45bdb3520a735cf722e12c02ea7e	29807
mods/heroes.stormmod/enus.stormassets/localizeddata/sounds/vo/aurielbase_attack06.ogg	dd5a01c2aa93643169f54588d0d6b57b	32079
mods/heroes.stormmod/enus.stormassets/localizeddata/sounds/vo/aurielbase_celebrate00.ogg	058217b76b811c73f39a9df528a406b9	20693
mods/heroes.stormmod/enus.stormassets/localizeddata/sounds/vo/aurielbase_celebrate01.ogg	bda3c9f8fdf7d7da28f8ffec59c5527f	30509
mods/heroes.stormmod/enus.stormassets/localizeddata/sounds/vo/aurielbase_comeback00.ogg	2ac1eb853aa5eb247452a9dc94c23e63	47339
mods/heroes.stormmod/enus.stormassets/localizeddata/sounds/vo/aurielbase_death01.wav	66583c86e7db0e7aa72df15f35803f1a	56636
mods/heroes.stormmod/enus.stormassets/localizeddata/sounds/vo/aurielbase_death02.wav	5b07c89b011bf97710fb9970cb91a794	60732
mods/heroes.stormmod/enus.stormassets/localizeddata/sounds/vo/aurielbase_death03.wav	43675506513816fad8d51abf874ac649	69180
mods/heroes.stormmod/enus.stormassets/localizeddata/sounds/vo/aurielbase_death04.wav	f9db922c0494cde18c71071f5c58c67b	69436
mods/heroes.stormmod/enus.stormassets/localizeddata/sounds/vo/aurielbase_death05.wav	81799bd45b85ed76be0829f7f54e6c93	75068
mods/heroes.stormmod/enus.stormassets/localizeddata/sounds/vo/aurielbase_death06.wav	3d61a171be532453b034548c20eaa16e	70204
mods/heroes.stormmod/enus.stormassets/localizeddata/sounds/vo/aurielbase_death07.wav	2e1ab425674750f637743c34dd11a5d2	80700
mods/heroes.stormmod/enus.stormassets/localizeddata/sounds/vo/aurielbase_death08.wav	ff7300339e3dbf6bdf8146c0c11f18e4	84028
mods/heroes.stormmod/enus.stormassets/localizeddata/sounds/vo/aurielbase_death09.wav	f5c6a9019ba43a20007d861284ae5743	78396
mods/heroes.stormmod/enus.stormassets/localizeddata/sounds/vo/aurielbase_death10.wav	6f67fb96db3daa7be5c04958fbc89cfe	87100
mods/heroes.stormmod/enus.stormassets/localizeddata/sounds/vo/aurielbase_death11.wav	eb289b216362a23757e5151132657e80	52284
mods/heroes.stormmod/enus.stormassets/localizeddata/sounds/vo/aurielbase_death12.wav	70ab85b586fa514b61276a7c57acf107	53820
mods/heroes.stormmod/enus.stormassets/localizeddata/sounds/vo/aurielbase_healed00.ogg	5235222f3bbafa2c0dce3ad38ff023b1	33382
mods/heroes.stormmod/enus.stormassets/localizeddata/sounds/vo/aurielbase_healed01.ogg	23c22f0facc07889b899e87a3e6f1b36	38591
mods/heroes.stormmod/enus.stormassets/localizeddata/sounds/vo/aurielbase_healed02.ogg	44c128829b4c733bbfa228c23f4e804b	29671
mods/heroes.stormmod/enus.stormassets/localizeddata/sounds/vo/aurielbase_introagree00.ogg	bb7acf8de9e9510bb7b0b35f88b71bed	39353
mods/heroes.stormmod/enus.stormassets/localizeddata/sounds/vo/aurielbase_introagree01.ogg	9027398f3027fad354c72bafe1eb9523	45923
mods/heroes.stormmod/enus.stormassets/localizeddata/sounds/vo/aurielbase_introagree02.ogg	a625fdbf98d83e205395ecf72ebfc632	28919
mods/heroes.stormmod/enus.stormassets/localizeddata/sounds/vo/aurielbase_introboast00.ogg	8ab5a044f0946544e29cd9c7d45d1164	41849
mods/heroes.stormmod/enus.stormassets/localizeddata/sounds/vo/aurielbase_introboast01.ogg	83264cb9747c8b2e6bfa62de402ce110	40441
mods/heroes.stormmod/enus.stormassets/localizeddata/sounds/vo/aurielbase_introquestion00.ogg	39d335131dc0afe201b086ce0a567c9c	50830
mods/heroes.stormmod/enus.stormassets/localizeddata/sounds/vo/aurielbase_introquestion01.ogg	c1618acb30b55d98192494c59432c361	45650
mods/heroes.stormmod/enus.stormassets/localizeddata/sounds/vo/aurielbase_introquestion_alien00.ogg	99d76f9ebcc63e36dba154657a871e8a	76823
mods/heroes.stormmod/enus.stormassets/localizeddata/sounds/vo/aurielbase_introquestion_angel00.ogg	11cc953904bd714c51ddb68d73ebef47	37800
mods/heroes.stormmod/enus.stormassets/localizeddata/sounds/vo/aurielbase_introquestion_butcher00.ogg	5dd6e2d4f82990f98d2dc491d9a337ac	65120
mods/heroes.stormmod/enus.stormassets/localizeddata/sounds/vo/aurielbase_introquestion_curious00.ogg	417d027bd527154daa3a997cbd83226f	52221
mods/heroes.stormmod/enus.stormassets/localizeddata/sounds/vo/aurielbase_introquestion_d3hero00.ogg	8fcdab63cd6133f7e48d5d1223a07c37	41553
mods/heroes.stormmod/enus.stormassets/localizeddata/sounds/vo/aurielbase_introquestion_demon00.ogg	74b5c8ecbdf4b737f53d3c030d49c9c7	58695
mods/heroes.stormmod/enus.stormassets/localizeddata/sounds/vo/aurielbase_introquestion_diablohero00.ogg	ea8d80dd3cb7c1312d9e250660dcf63a	58711
mods/heroes.stormmod/enus.stormassets/localizeddata/sounds/vo/aurielbase_introquestion_guldan00.ogg	896ff1dec7bb7d637501c0a5a4fa8f45	64695
mods/heroes.stormmod/enus.stormassets/localizeddata/sounds/vo/aurielbase_introquestion_hope00.ogg	3d4a7f77c280a4a8074cd58cdc7faf8d	54274
mods/heroes.stormmod/enus.stormassets/localizeddata/sounds/vo/aurielbase_introquestion_imperius00.ogg	ef8986316a085b2f71dacc56bcdd4589	37119
mods/heroes.stormmod/enus.stormassets/localizeddata/sounds/vo/aurielbase_introquestion_leoric00.ogg	ec823c4bc80b889cf850d18608e2575e	53114
mods/heroes.stormmod/enus.stormassets/localizeddata/sounds/vo/aurielbase_introquestion_lostvikings00.ogg	cc3acd0431b073846fa06604a74f46bc	34321
mods/heroes.stormmod/enus.stormassets/localizeddata/sounds/vo/aurielbase_introquestion_murky00.ogg	1ddcd34f579f4416fed8712df6134195	47066
mods/heroes.stormmod/enus.stormassets/localizeddata/sounds/vo/aurielbase_introquestion_negative00.ogg	f91c26569c518561b382bf222cd80c62	39661
mods/heroes.stormmod/enus.stormassets/localizeddata/sounds/vo/aurielbase_introquestion_positive00.ogg	409d5c9e83e1c99b629b51729c1c65e7	41792
mods/heroes.stormmod/enus.stormassets/localizeddata/sounds/vo/aurielbase_introquestion_tyrael00.ogg	b0033630f766f6131f34dfc64b5932f0	39618
mods/heroes.stormmod/enus.stormassets/localizeddata/sounds/vo/aurielbase_introquestion_upset00.ogg	02d8c191fa3a011f0078266eb77d7d95	54867
mods/heroes.stormmod/enus.stormassets/localizeddata/sounds/vo/aurielbase_introrespond00.ogg	bb6185ad1c8d4b243df579475d9b02fe	44932
mods/heroes.stormmod/enus.stormassets/localizeddata/sounds/vo/aurielbase_introrespond01.ogg	263f6473e98d59d5afe9b58364d3dd7c	18401
mods/heroes.stormmod/enus.stormassets/localizeddata/sounds/vo/aurielbase_introrespond02.ogg	7efbb082ef85b00b48219b38712ff32a	54687
mods/heroes.stormmod/enus.stormassets/localizeddata/sounds/vo/aurielbase_introresponse_alien00.ogg	084229b6e943016c7bade313cbc8cdba	43863
mods/heroes.stormmod/enus.stormassets/localizeddata/sounds/vo/aurielbase_introresponse_angel00.ogg	2cba4128a02ded4f063feba86bdceb42	37395
mods/heroes.stormmod/enus.stormassets/localizeddata/sounds/vo/aurielbase_introresponse_butcher00.ogg	0b417ded265db04e458b7315160939d5	61357
mods/heroes.stormmod/enus.stormassets/localizeddata/sounds/vo/aurielbase_introresponse_curious00.ogg	7c5d59c9761927221323648cae973274	57402
mods/heroes.stormmod/enus.stormassets/localizeddata/sounds/vo/aurielbase_introresponse_d3hero00.ogg	c4e1a21ddaf4e408b7968e714af3f843	34992
mods/heroes.stormmod/enus.stormassets/localizeddata/sounds/vo/aurielbase_introresponse_demon00.ogg	433c506bcf7e1ff84e564ad31cd9136e	37627
mods/heroes.stormmod/enus.stormassets/localizeddata/sounds/vo/aurielbase_introresponse_diablohero00.ogg	6be380f13275f96eceb3cf02d5b07fb0	41143
mods/heroes.stormmod/enus.stormassets/localizeddata/sounds/vo/aurielbase_introresponse_dismissive00.ogg	941175db41aca984abab544bded539ab	58266
mods/heroes.stormmod/enus.stormassets/localizeddata/sounds/vo/aurielbase_introresponse_guldan00.ogg	95fbd7af14c84ef914f5902d9a2b159d	55663
mods/heroes.stormmod/enus.stormassets/localizeddata/sounds/vo/aurielbase_introresponse_imperius00.ogg	6072c9f589b77433f077fe013c6af749	39819
mods/heroes.stormmod/enus.stormassets/localizeddata/sounds/vo/aurielbase_introresponse_leoric00.ogg	9b6c1d1217bccb077c6e86754b450915	44017
mods/heroes.stormmod/enus.stormassets/localizeddata/sounds/vo/aurielbase_introresponse_lostvikings00.ogg	b353b804e63b456860fabd1af4990220	54010
mods/heroes.stormmod/enus.stormassets/localizeddata/sounds/vo/aurielbase_introresponse_murky00.ogg	5c79b506e69ff023a23ca7f9c05d30f7	64425
mods/heroes.stormmod/enus.stormassets/localizeddata/sounds/vo/aurielbase_introresponse_negative00.ogg	a22212f08a9e76589bde339742a30b2a	42237
mods/heroes.stormmod/enus.stormassets/localizeddata/sounds/vo/aurielbase_introresponse_nexushunter00.ogg	5c79b506e69ff023a23ca7f9c05d30f7	64425
mods/heroes.stormmod/enus.stormassets/localizeddata/sounds/vo/aurielbase_introresponse_positive00.ogg	14f421f415d688479c30cab4e3cfa3b2	41334
mods/heroes.stormmod/enus.stormassets/localizeddata/sounds/vo/aurielbase_introresponse_righteous00.ogg	1481aaeef06020bc383b457fc1c16ad7	31191
mods/heroes.stormmod/enus.stormassets/localizeddata/sounds/vo/aurielbase_introresponse_tyrael00.ogg	56b97949702491e553af49659007577b	34855
mods/heroes.stormmod/enus.stormassets/localizeddata/sounds/vo/aurielbase_introresponse_weird00.ogg	2fef45aee3daedb2d9de0a49ab219bec	63052
mods/heroes.stormmod/enus.stormassets/localizeddata/sounds/vo/aurielbase_kill00.ogg	43159e4f98fe725e00fc874bb84d0f4b	37629
mods/heroes.stormmod/enus.stormassets/localizeddata/sounds/vo/aurielbase_kill01.ogg	29ca739f21aade05792ebb1f930f8359	29261
mods/heroes.stormmod/enus.stormassets/localizeddata/sounds/vo/aurielbase_kill02.ogg	013997a865618c3e744031e68f57a397	33140
mods/heroes.stormmod/enus.stormassets/localizeddata/sounds/vo/aurielbase_kill03.ogg	951a51d2f3f347b675ff64a65739dde7	26587
mods/heroes.stormmod/enus.stormassets/localizeddata/sounds/vo/aurielbase_kill04.ogg	873d0a0ca46604a828d45995bd2608bb	33545
mods/heroes.stormmod/enus.stormassets/localizeddata/sounds/vo/aurielbase_killangel00.ogg	442d4a646609d059110714dcd456e813	29196
mods/heroes.stormmod/enus.stormassets/localizeddata/sounds/vo/aurielbase_killauriel00.ogg	529ecad978e97a12eafdd8f1b5b75ccb	31470
mods/heroes.stormmod/enus.stormassets/localizeddata/sounds/vo/aurielbase_killazmodan00.ogg	9ed2facc95c96c21c1e66fe207759e67	58150
mods/heroes.stormmod/enus.stormassets/localizeddata/sounds/vo/aurielbase_killbutcher00.ogg	d1bf64cfcf17872ae31b5fc5df3a51d3	34546
mods/heroes.stormmod/enus.stormassets/localizeddata/sounds/vo/aurielbase_killchogall00.ogg	1d141dd87747ec279d26bdd6b7f5c167	47588
mods/heroes.stormmod/enus.stormassets/localizeddata/sounds/vo/aurielbase_killd3hero00.ogg	261e5e04fb84eb3f88a80fc4ae345272	42814
mods/heroes.stormmod/enus.stormassets/localizeddata/sounds/vo/aurielbase_killdiablo00.ogg	d5a0b228ec0d254de702fbd9c78d950a	54232
mods/heroes.stormmod/enus.stormassets/localizeddata/sounds/vo/aurielbase_killleoric00.ogg	d515952b1152bc6759107b501dfb0520	43119
mods/heroes.stormmod/enus.stormassets/localizeddata/sounds/vo/aurielbase_killtyrael00.ogg	550dbb4429c06d8034da623b8643e7cb	37525
mods/heroes.stormmod/enus.stormassets/localizeddata/sounds/vo/aurielbase_laugh00.ogg	dc11cd2335d9b99a982b237f11fc8149	18737
mods/heroes.stormmod/enus.stormassets/localizeddata/sounds/vo/aurielbase_laugh01.ogg	318a5c43dde7f6b11069b35e314868bd	26948
mods/heroes.stormmod/enus.stormassets/localizeddata/sounds/vo/aurielbase_laugh04.ogg	7bf38f1d6180f7fab27aeeabfb7f725b	24232
mods/heroes.stormmod/enus.stormassets/localizeddata/sounds/vo/aurielbase_laugh08.ogg	10ee89d168192fb6c6f61b9f9aa70417	21229
mods/heroes.stormmod/enus.stormassets/localizeddata/sounds/vo/aurielbase_laugh09.ogg	d91cceaaeae317e81c0575ce47258cbf	22907
mods/heroes.stormmod/enus.stormassets/localizeddata/sounds/vo/aurielbase_lowhealstored00.ogg	c5e361cd996c6f55924b329229823445	31679
mods/heroes.stormmod/enus.stormassets/localizeddata/sounds/vo/aurielbase_lowhealstored01.ogg	cca83b644242218c16dcb494aa4df675	25812
mods/heroes.stormmod/enus.stormassets/localizeddata/sounds/vo/aurielbase_lowlifeheal00.ogg	f6b65667760ad690d5c3cc63fb61d4d6	33150
mods/heroes.stormmod/enus.stormassets/localizeddata/sounds/vo/aurielbase_lowlifeheal01.ogg	caa0b7f91d70f73f7681a276eabbb7d9	38298
mods/heroes.stormmod/enus.stormassets/localizeddata/sounds/vo/aurielbase_lowlifeheal02.ogg	849c538f44d83d44a175de39338f36a5	30667
mods/heroes.stormmod/enus.stormassets/localizeddata/sounds/vo/aurielbase_lowmana00.ogg	f3974498c618478f6703473e942bdd65	24707
mods/heroes.stormmod/enus.stormassets/localizeddata/sounds/vo/aurielbase_lowmana01.ogg	a2dca6dabfb001dc1398a23681dd9be6	25617
mods/heroes.stormmod/enus.stormassets/localizeddata/sounds/vo/aurielbase_lowmana02.ogg	0e505d4c8cd810b6d307298d1466ad6c	28595
mods/heroes.stormmod/enus.stormassets/localizeddata/sounds/vo/aurielbase_lrghealstored00.ogg	45b7ad4d4b44806af7251ce09ce918ce	31519
mods/heroes.stormmod/enus.stormassets/localizeddata/sounds/vo/aurielbase_lrghealstored01.ogg	d8681451357ca72faa5260c9ce47deae	27069
mods/heroes.stormmod/enus.stormassets/localizeddata/sounds/vo/aurielbase_matchend00.ogg	3aa01495230c1c898677f4adbafe5e75	18270
mods/heroes.stormmod/enus.stormassets/localizeddata/sounds/vo/aurielbase_matchend01.ogg	dafcba571df19094a3752afccbc080da	23976
mods/heroes.stormmod/enus.stormassets/localizeddata/sounds/vo/aurielbase_maxhealstored00.ogg	2c277f13aec1a3f30ef5fc556769e896	32313
mods/heroes.stormmod/enus.stormassets/localizeddata/sounds/vo/aurielbase_maxhealstored01.ogg	4067f9097b067815725b7cf2e0196e5d	37386
mods/heroes.stormmod/enus.stormassets/localizeddata/sounds/vo/aurielbase_maxhealstored02.ogg	83635db78bf065084b9e1f0b9602253f	27179
mods/heroes.stormmod/enus.stormassets/localizeddata/sounds/vo/aurielbase_maxhealstored03.ogg	0872136defe3e59088c9b07ba4958131	31703
mods/heroes.stormmod/enus.stormassets/localizeddata/sounds/vo/aurielbase_medhealstored00.ogg	0f47dc92a3e455ff0e0be2e7dc80ee01	34448
mods/heroes.stormmod/enus.stormassets/localizeddata/sounds/vo/aurielbase_medhealstored01.ogg	8544c2d229e9b09451956cb1617907dd	25369
mods/heroes.stormmod/enus.stormassets/localizeddata/sounds/vo/aurielbase_no00.ogg	3137d20af3b67ff806002fe7689f94d5	30059
mods/heroes.stormmod/enus.stormassets/localizeddata/sounds/vo/aurielbase_no01.ogg	c6933e750795c168401e446f5b12d6cf	30661
mods/heroes.stormmod/enus.stormassets/localizeddata/sounds/vo/aurielbase_no02.ogg	beb1bf6cd4b3d3a5551f6879e85296a3	23132
mods/heroes.stormmod/enus.stormassets/localizeddata/sounds/vo/aurielbase_no03.ogg	eb288067456deab0e90ab4fc787f54b7	18717
mods/heroes.stormmod/enus.stormassets/localizeddata/sounds/vo/aurielbase_ping_assisthero00.ogg	05490749a8335aed93f134321ca54c35	22830
mods/heroes.stormmod/enus.stormassets/localizeddata/sounds/vo/aurielbase_ping_assistme00.ogg	0b78240d0ea1c067dcf1e598e9075ab5	31751
mods/heroes.stormmod/enus.stormassets/localizeddata/sounds/vo/aurielbase_ping_assistme01.ogg	e69f4785b3d4743a10e4bf43715d9c73	25320
mods/heroes.stormmod/enus.stormassets/localizeddata/sounds/vo/aurielbase_ping_attackcastle00.ogg	bee4a4171d25df0de592a36eb3d01a95	23833
mods/heroes.stormmod/enus.stormassets/localizeddata/sounds/vo/aurielbase_ping_attackmerc00.ogg	6467bea87bc054fa8913beb704fc42ed	36229
mods/heroes.stormmod/enus.stormassets/localizeddata/sounds/vo/aurielbase_ping_attackoutpost00.ogg	e4becbaca762d956140324fc38e95cda	28246
mods/heroes.stormmod/enus.stormassets/localizeddata/sounds/vo/aurielbase_ping_attacktower00.ogg	a1664d730ef3a5c2e020203c63e55315	24772
mods/heroes.stormmod/enus.stormassets/localizeddata/sounds/vo/aurielbase_ping_defendcastle00.ogg	1ad23bd40c5ebfc82476d339cefe84b2	24104
mods/heroes.stormmod/enus.stormassets/localizeddata/sounds/vo/aurielbase_ping_defendoutpost00.ogg	9602227cc28616d0e9d3ae39aaf7391b	29562
mods/heroes.stormmod/enus.stormassets/localizeddata/sounds/vo/aurielbase_ping_defendtower00.ogg	8601c59e73ab67969037c00b1e4d4614	35665
mods/heroes.stormmod/enus.stormassets/localizeddata/sounds/vo/aurielbase_ping_killhero00.ogg	9e57a61146ab5a8319d1ab5ad7d8f84a	32027
mods/heroes.stormmod/enus.stormassets/localizeddata/sounds/vo/aurielbase_pissed00.ogg	a6607a1dec65bb98d9267c7a3d0336f0	29313
mods/heroes.stormmod/enus.stormassets/localizeddata/sounds/vo/aurielbase_pissed01.ogg	1427d996d4f25fb186252c0169a87a80	31928
mods/heroes.stormmod/enus.stormassets/localizeddata/sounds/vo/aurielbase_pissed02.ogg	cdf268955cabc68125b80f2c76695b85	58119
mods/heroes.stormmod/enus.stormassets/localizeddata/sounds/vo/aurielbase_pissed03.ogg	f927b2969aa250606eeb1f5acd9abb34	145455
mods/heroes.stormmod/enus.stormassets/localizeddata/sounds/vo/aurielbase_pissed04.ogg	8b855597edde69a444232b8cb47fe629	114016
mods/heroes.stormmod/enus.stormassets/localizeddata/sounds/vo/aurielbase_pissed05.ogg	d71d76d783035e8ac0908b825144f9f0	106612
mods/heroes.stormmod/enus.stormassets/localizeddata/sounds/vo/aurielbase_pissed06.ogg	81ec48f08463b9685c63b71d7b040ad5	104837
mods/heroes.stormmod/enus.stormassets/localizeddata/sounds/vo/aurielbase_pissed07.ogg	25bc75d2f13760de019919228d4ca542	101006
mods/heroes.stormmod/enus.stormassets/localizeddata/sounds/vo/aurielbase_pissed08.ogg	0c3c774f86d9a5bc7264816eb2d7e717	69637
mods/heroes.stormmod/enus.stormassets/localizeddata/sounds/vo/aurielbase_pissed09.ogg	434ca0ebb2cd08ef2bf26a32a5b75a08	72367
mods/heroes.stormmod/enus.stormassets/localizeddata/sounds/vo/aurielbase_pissed10.ogg	5465881b1812d5593d1baa05843449a9	90988
mods/heroes.stormmod/enus.stormassets/localizeddata/sounds/vo/aurielbase_pissed11.ogg	89e0bf6270423a5006e93179274a4ecf	104877
mods/heroes.stormmod/enus.stormassets/localizeddata/sounds/vo/aurielbase_pissed12.ogg	3dfe6939df3ffa5f21cc6c1693068335	60930
mods/heroes.stormmod/enus.stormassets/localizeddata/sounds/vo/aurielbase_pissed13.ogg	ff8f37f62664a8d65b5bfae0498316f0	108894
mods/heroes.stormmod/enus.stormassets/localizeddata/sounds/vo/aurielbase_pissed14.ogg	2bc1c57983c86e762d83bbb85c9ff59a	96149
mods/heroes.stormmod/enus.stormassets/localizeddata/sounds/vo/aurielbase_resurrected00.ogg	aaff58c5565d60e72f3cfa21a1ba15dc	51512
mods/heroes.stormmod/enus.stormassets/localizeddata/sounds/vo/aurielbase_resurrected01.ogg	b247ec09f12011fda3835cc0124a312c	42115
mods/heroes.stormmod/enus.stormassets/localizeddata/sounds/vo/aurielbase_revive00.ogg	61118e0a9d8ceff3282ee984cdf9cf0f	28733
mods/heroes.stormmod/enus.stormassets/localizeddata/sounds/vo/aurielbase_revive01.ogg	3bd789aa42d65eb66915d195c8f10013	40148
mods/heroes.stormmod/enus.stormassets/localizeddata/sounds/vo/aurielbase_revive02.ogg	ffd5cb1d889953bfcb85689e8b4c65bc	37146
mods/heroes.stormmod/enus.stormassets/localizeddata/sounds/vo/aurielbase_revive03.ogg	336a4d9db2f755638a1f435c234d7fce	31142
mods/heroes.stormmod/enus.stormassets/localizeddata/sounds/vo/aurielbase_spec00.ogg	95bfe741fb50471420e39f36e26fbdab	27474
mods/heroes.stormmod/enus.stormassets/localizeddata/sounds/vo/aurielbase_spec01.ogg	3f407d7c10972322b2fe156e6aeb08a4	20683
mods/heroes.stormmod/enus.stormassets/localizeddata/sounds/vo/aurielbase_spec02.ogg	0399ddceb527be6f5a0a8bde29b1d821	26379
mods/heroes.stormmod/enus.stormassets/localizeddata/sounds/vo/aurielbase_spec03.ogg	63fd30c13ff134fd453bc1a97f70e127	33061
mods/heroes.stormmod/enus.stormassets/localizeddata/sounds/vo/aurielbase_spec04.ogg	55dd50282b2ef2b4cd24ac9059587ee3	32572
mods/heroes.stormmod/enus.stormassets/localizeddata/sounds/vo/aurielbase_taunt00.ogg	62d2d7e0a19cff938970c44d5751f276	53899
mods/heroes.stormmod/enus.stormassets/localizeddata/sounds/vo/aurielbase_taunt01.ogg	641acd9d0e02bec9aa1bacb9e2c61f77	49843
mods/heroes.stormmod/enus.stormassets/localizeddata/sounds/vo/aurielbase_taunt02.ogg	4337c35591a7a019089c91dfeaeb6fd0	37542
mods/heroes.stormmod/enus.stormassets/localizeddata/sounds/vo/aurielbase_ui_exlocked00.ogg	14b9bf5de6c710ae7005db465d387681	27387
mods/heroes.stormmod/enus.stormassets/localizeddata/sounds/vo/aurielbase_ui_expurchased00.ogg	eb9ef155ac893db06e1f7e269d7e8e03	33763
mods/heroes.stormmod/enus.stormassets/localizeddata/sounds/vo/aurielbase_ui_gift00.ogg	c5a3ef7b5feb7e1415f6ba8fc43b6e2a	31714
mods/heroes.stormmod/enus.stormassets/localizeddata/sounds/vo/aurielbase_ui_lockin00.ogg	ee3e7a1e820ed85a2af8e0183f5eab07	27170
mods/heroes.stormmod/enus.stormassets/localizeddata/sounds/vo/aurielbase_ui_purchase00.ogg	80fb831d840d8ca573a6ea63e646ac0d	28712
mods/heroes.stormmod/enus.stormassets/localizeddata/sounds/vo/aurielbase_ui_trial00_alt.ogg	7f930e959385419d88d263237c4b90dd	38738
mods/heroes.stormmod/enus.stormassets/localizeddata/sounds/vo/aurielbase_ui_trial01.ogg	01b872ec81f865eac9a2052aee1c5741	39651
mods/heroes.stormmod/enus.stormassets/localizeddata/sounds/vo/aurielbase_ui_waitlocked00.ogg	83bd79281f21c84835babc0df5d094a1	29434
mods/heroes.stormmod/enus.stormassets/localizeddata/sounds/vo/aurielbase_ui_waitlocked01.ogg	959103e81dadde8664606056ae241446	36193
mods/heroes.stormmod/enus.stormassets/localizeddata/sounds/vo/aurielbase_ui_waitpurchased00.ogg	04e9a36058b9bc24618ca6682fc9ed6d	69161
mods/heroes.stormmod/enus.stormassets/localizeddata/sounds/vo/aurielbase_ui_waitpurchased01.ogg	8ef94a6b7ce52a228ec8019ff5e71ba5	46383
mods/heroes.stormmod/enus.stormassets/localizeddata/sounds/vo/aurielbase_ultimate2used00.ogg	4e48292aad0493acf77efbc5dd27148c	31640
mods/heroes.stormmod/enus.stormassets/localizeddata/sounds/vo/aurielbase_ultimate2used01.ogg	828a3faf9c3e66e70346eaf12a8b41ad	31193
mods/heroes.stormmod/enus.stormassets/localizeddata/sounds/vo/aurielbase_ultimate2used02.ogg	1762ef81a217c661f5960232bb480b20	31785
mods/heroes.stormmod/enus.stormassets/localizeddata/sounds/vo/aurielbase_ultimate2used03.ogg	a34bc6ffa52ca82da91d27ac5c6f162e	34133
mods/heroes.stormmod/enus.stormassets/localizeddata/sounds/vo/aurielbase_voicelinefive00.ogg	80fb831d840d8ca573a6ea63e646ac0d	28712
mods/heroes.stormmod/enus.stormassets/localizeddata/sounds/vo/aurielbase_voicelinefour00.ogg	013997a865618c3e744031e68f57a397	33140
mods/heroes.stormmod/enus.stormassets/localizeddata/sounds/vo/aurielbase_voicelineone00.ogg	4c25dd9c641c3012b49ae35d2d54be31	25631
mods/heroes.stormmod/enus.stormassets/localizeddata/sounds/vo/aurielbase_voicelinethree00.ogg	058217b76b811c73f39a9df528a406b9	20693
mods/heroes.stormmod/enus.stormassets/localizeddata/sounds/vo/aurielbase_voicelinetwo00.ogg	dd5a01c2aa93643169f54588d0d6b57b	32079
mods/heroes.stormmod/enus.stormassets/localizeddata/sounds/vo/aurielbase_vox_attack00.ogg	4d6150416b42a05108ffc55933ee3625	14093
mods/heroes.stormmod/enus.stormassets/localizeddata/sounds/vo/aurielbase_vox_attack01.ogg	4806b9f9e168120fd6e14f51f4b129b2	15481
mods/heroes.stormmod/enus.stormassets/localizeddata/sounds/vo/aurielbase_vox_attack02.ogg	0fc2d8e7e510effbea1f1c3c6be2c532	14376
mods/heroes.stormmod/enus.stormassets/localizeddata/sounds/vo/aurielbase_vox_attack03.ogg	e17a7a91d26deb390ed2dfc03116805a	14233
mods/heroes.stormmod/enus.stormassets/localizeddata/sounds/vo/aurielbase_vox_attack04.ogg	4fd9bac3f6255b70fd6469b02bbba6b5	13793
mods/heroes.stormmod/enus.stormassets/localizeddata/sounds/vo/aurielbase_vox_attack05.ogg	f904fc8d9b4a6a04e6c78cde717f418b	13941
mods/heroes.stormmod/enus.stormassets/localizeddata/sounds/vo/aurielbase_vox_attack06.ogg	d068fc673b915a6ea105a88b9ef0431c	12329
mods/heroes.stormmod/enus.stormassets/localizeddata/sounds/vo/aurielbase_vox_attack07.ogg	0209a98a2f8de23f09fdd538e07f5d3b	13865
mods/heroes.stormmod/enus.stormassets/localizeddata/sounds/vo/aurielbase_vox_attack08.ogg	ce6ba3c261b2fcf881e9767192b5c79d	14568
mods/heroes.stormmod/enus.stormassets/localizeddata/sounds/vo/aurielbase_vox_attack09.ogg	b08167c39d2b2e6f002f8d4860ee666e	13573
mods/heroes.stormmod/enus.stormassets/localizeddata/sounds/vo/aurielbase_vox_castingd00.ogg	f7a94695461abf59af666dc9b99ae060	15267
mods/heroes.stormmod/enus.stormassets/localizeddata/sounds/vo/aurielbase_vox_castingd01.ogg	ee20f9e910da64a72b10fff222717197	13602
mods/heroes.stormmod/enus.stormassets/localizeddata/sounds/vo/aurielbase_vox_castingd02.ogg	6ee848e6a1054879998206d4868e74cd	13806
mods/heroes.stormmod/enus.stormassets/localizeddata/sounds/vo/aurielbase_vox_castingd03.ogg	9044da4de97e1262caba3ac059d41cf3	14048
mods/heroes.stormmod/enus.stormassets/localizeddata/sounds/vo/aurielbase_vox_castingd04.ogg	a49775fdf2b82e910339d1ad67b03a3d	13510
mods/heroes.stormmod/enus.stormassets/localizeddata/sounds/vo/aurielbase_vox_castingd05.ogg	547e6636a68ebd9e23d3405cc43b4d14	14966
mods/heroes.stormmod/enus.stormassets/localizeddata/sounds/vo/aurielbase_vox_castingd06.ogg	e89383fc55aafbd0fe8fe8747858f73d	16124
mods/heroes.stormmod/enus.stormassets/localizeddata/sounds/vo/aurielbase_vox_castingd07.ogg	421e0104d3f88a05716479eb4c4fcd85	13256
mods/heroes.stormmod/enus.stormassets/localizeddata/sounds/vo/aurielbase_vox_castingd08.ogg	b8ceceb8ca12da6a0e17819b7306a649	14920
mods/heroes.stormmod/enus.stormassets/localizeddata/sounds/vo/aurielbase_vox_castingd09.ogg	74396445ab485f4d585805a681a1f3f5	14275
mods/heroes.stormmod/enus.stormassets/localizeddata/sounds/vo/aurielbase_vox_castinge00.ogg	8286b9c8f207430de7dbf78cdb0a97b1	12588
mods/heroes.stormmod/enus.stormassets/localizeddata/sounds/vo/aurielbase_vox_castinge01.ogg	726a18b93cd17292b540916f2545d370	13683
mods/heroes.stormmod/enus.stormassets/localizeddata/sounds/vo/aurielbase_vox_castinge02.ogg	a99d9d2201aef6835776deb42a9d28a8	12648
mods/heroes.stormmod/enus.stormassets/localizeddata/sounds/vo/aurielbase_vox_castinge03.ogg	1962a6b0ef7aaaf68f7fee1404e4edeb	13690
mods/heroes.stormmod/enus.stormassets/localizeddata/sounds/vo/aurielbase_vox_castinge04.ogg	64fdd4487b384b68300baf4298ceb54c	12662
mods/heroes.stormmod/enus.stormassets/localizeddata/sounds/vo/aurielbase_vox_castinge05.ogg	e7ba752d72beb069d3a924b67a26dc10	12341
mods/heroes.stormmod/enus.stormassets/localizeddata/sounds/vo/aurielbase_vox_castinge06.ogg	6387cb59cff8134626a2d2a4cb8bb8d6	14604
mods/heroes.stormmod/enus.stormassets/localizeddata/sounds/vo/aurielbase_vox_castinge07.ogg	12b924247c7377b5e97e4ca9df3b32dc	13444
mods/heroes.stormmod/enus.stormassets/localizeddata/sounds/vo/aurielbase_vox_castinge08.ogg	b217dc1a7051b662c433d5b55c5b86ea	12692
mods/heroes.stormmod/enus.stormassets/localizeddata/sounds/vo/aurielbase_vox_castingq00.ogg	76c731e467bd725f58807b50eb2e5a78	15262
mods/heroes.stormmod/enus.stormassets/localizeddata/sounds/vo/aurielbase_vox_castingq01.ogg	a7ac061d2ac0144653dd83ef9e6363df	15276
mods/heroes.stormmod/enus.stormassets/localizeddata/sounds/vo/aurielbase_vox_castingq02.ogg	08eea41614759d8b83079dda42b6521a	16375
mods/heroes.stormmod/enus.stormassets/localizeddata/sounds/vo/aurielbase_vox_castingq03.ogg	b44c215136ec433d98d873fead522170	17640
mods/heroes.stormmod/enus.stormassets/localizeddata/sounds/vo/aurielbase_vox_castingq04.ogg	36b5726f4b5b9338d2e5ac1df7eeeb5a	19182
mods/heroes.stormmod/enus.stormassets/localizeddata/sounds/vo/aurielbase_vox_castingq05.ogg	98980bdf7250f82e1b8a59cf0ce97c61	18227
mods/heroes.stormmod/enus.stormassets/localizeddata/sounds/vo/aurielbase_vox_castingq06.ogg	146fbe41def096798f31b2771135d3ec	20252
mods/heroes.stormmod/enus.stormassets/localizeddata/sounds/vo/aurielbase_vox_castingq07.ogg	24a533b6c855e450f5a98a01a044195d	17310
mods/heroes.stormmod/enus.stormassets/localizeddata/sounds/vo/aurielbase_vox_castingq08.ogg	cd4f0657cd172d17f9c02d61b515a4df	17653
mods/heroes.stormmod/enus.stormassets/localizeddata/sounds/vo/aurielbase_vox_castingq09.ogg	4a72a51a17379d191709c388af684908	17458
mods/heroes.stormmod/enus.stormassets/localizeddata/sounds/vo/aurielbase_vox_castingw00.ogg	629acad6090e69328a72acab10116d04	12054
mods/heroes.stormmod/enus.stormassets/localizeddata/sounds/vo/aurielbase_vox_castingw01.ogg	25ef29fd2cbe37c006cb89ebeacf6e32	13731
mods/heroes.stormmod/enus.stormassets/localizeddata/sounds/vo/aurielbase_vox_castingw02.ogg	5997cd895f51ffa414a22342e7f35826	11477
mods/heroes.stormmod/enus.stormassets/localizeddata/sounds/vo/aurielbase_vox_castingw03.ogg	a94958863d598c6af1f6e8c6c9c313b4	12148
mods/heroes.stormmod/enus.stormassets/localizeddata/sounds/vo/aurielbase_vox_castingw04.ogg	2ccbbd55aa2999e2db6496edfa70094e	12929
mods/heroes.stormmod/enus.stormassets/localizeddata/sounds/vo/aurielbase_vox_castingw05.ogg	6e62936e823ce942fb89f63a6811e72c	13472
mods/heroes.stormmod/enus.stormassets/localizeddata/sounds/vo/aurielbase_vox_castingw06.ogg	9677c2205a327b4082a23f62662190e1	14601
mods/heroes.stormmod/enus.stormassets/localizeddata/sounds/vo/aurielbase_vox_castingw07.ogg	4a9da67b6a895dc6ca2c881294343b93	12985
mods/heroes.stormmod/enus.stormassets/localizeddata/sounds/vo/aurielbase_vox_castingw08.ogg	fe4b5c26e5c83c446722e38e2d625275	14131
mods/heroes.stormmod/enus.stormassets/localizeddata/sounds/vo/aurielbase_vox_cheer04.ogg	317d5dc1957d833982787c800b8d6106	22059
mods/heroes.stormmod/enus.stormassets/localizeddata/sounds/vo/aurielbase_vox_cheer06.ogg	636d6b5420d8b7a06bcc88d3246417a5	22300
mods/heroes.stormmod/enus.stormassets/localizeddata/sounds/vo/aurielbase_vox_gethitlarge00.ogg	11ff397b7de536e648bbd0edf374b25c	14269
mods/heroes.stormmod/enus.stormassets/localizeddata/sounds/vo/aurielbase_vox_gethitlarge01.ogg	cbd4773fd2e8192539abee77bbd801dc	13964
mods/heroes.stormmod/enus.stormassets/localizeddata/sounds/vo/aurielbase_vox_gethitlarge02.ogg	78a70288d90c6970223e5d191ce27349	14553
mods/heroes.stormmod/enus.stormassets/localizeddata/sounds/vo/aurielbase_vox_gethitlarge03.ogg	2d30e0120c275ace5739e2e2968ffbb7	11938
mods/heroes.stormmod/enus.stormassets/localizeddata/sounds/vo/aurielbase_vox_gethitlarge04.ogg	adcfac3f7dd90427cfa700c5abcf0e2e	16185
mods/heroes.stormmod/enus.stormassets/localizeddata/sounds/vo/aurielbase_vox_gethitlarge05.ogg	2c90731cc50bdb832b2bb54098e6c66e	15230
mods/heroes.stormmod/enus.stormassets/localizeddata/sounds/vo/aurielbase_vox_gethitlarge06.ogg	1c82a20bc390ae9acf96f5eeee212caa	12524
mods/heroes.stormmod/enus.stormassets/localizeddata/sounds/vo/aurielbase_vox_gethitlarge07.ogg	e0cd531332d88931853b46005ef59ace	12179
mods/heroes.stormmod/enus.stormassets/localizeddata/sounds/vo/aurielbase_vox_gethitlarge08.ogg	49311b7a5484341bcc9279849fbf8946	12392
mods/heroes.stormmod/enus.stormassets/localizeddata/sounds/vo/aurielbase_vox_gethitlarge09.ogg	357a085bf9cceb0806dca193d9e1f593	17669
mods/heroes.stormmod/enus.stormassets/localizeddata/sounds/vo/aurielbase_vox_gethitsmall00.ogg	002b27d75ca4253790d3cf09fd4aae42	12295
mods/heroes.stormmod/enus.stormassets/localizeddata/sounds/vo/aurielbase_vox_gethitsmall01.ogg	1d407fa1893736a40d3fb75a99578b1d	11843
mods/heroes.stormmod/enus.stormassets/localizeddata/sounds/vo/aurielbase_vox_gethitsmall02.ogg	039e46d6c3a399f2e0b9750c59be74c5	10590
mods/heroes.stormmod/enus.stormassets/localizeddata/sounds/vo/aurielbase_vox_gethitsmall03.ogg	75d1d6f6a29e6460dcc874efc04910c7	12591
mods/heroes.stormmod/enus.stormassets/localizeddata/sounds/vo/aurielbase_vox_gethitsmall04.ogg	eeb42783e5075f57c8e7200514b9160a	13790
mods/heroes.stormmod/enus.stormassets/localizeddata/sounds/vo/aurielbase_vox_gethitsmall05.ogg	c1e948e12731617e17f2db973d0d2ce4	14472
mods/heroes.stormmod/enus.stormassets/localizeddata/sounds/vo/aurielbase_vox_gethitsmall07.ogg	d6597b4d4bac4db29df93d2bf6d6bc15	13231
mods/heroes.stormmod/enus.stormassets/localizeddata/sounds/vo/aurielbase_vox_gethitsmall08.ogg	e9d3a011c88a39d55c1be9ab0011c1bf	13329
mods/heroes.stormmod/enus.stormassets/localizeddata/sounds/vo/aurielbase_vox_gethitsmall09.ogg	2c0bf461c8aef7a1c508ffd5928c6f3b	11477
mods/heroes.stormmod/enus.stormassets/localizeddata/sounds/vo/aurielbase_vox_pulled00.ogg	2f08ae40f0832627937b48da4d492b9d	15374
mods/heroes.stormmod/enus.stormassets/localizeddata/sounds/vo/aurielbase_vox_pulled01.ogg	b28de8a7c02e777a2c4bebb818d28f97	12984
mods/heroes.stormmod/enus.stormassets/localizeddata/sounds/vo/aurielbase_vox_pulled03.ogg	e3d9555eed9bd14503ca40ea3fe663f6	13786
mods/heroes.stormmod/enus.stormassets/localizeddata/sounds/vo/aurielbase_vox_pulled04.ogg	fd40a65a8b2d3fb9ae51936dcbb82385	13716
mods/heroes.stormmod/enus.stormassets/localizeddata/sounds/vo/aurielbase_vox_pulled05.ogg	cc3a293d7bed18a7bee3f8491271cd24	12839
mods/heroes.stormmod/enus.stormassets/localizeddata/sounds/vo/aurielbase_vox_pulled06.ogg	1fd880f6718bd1ceef53d4d2fc4f0571	14554
mods/heroes.stormmod/enus.stormassets/localizeddata/sounds/vo/aurielbase_vox_ui_spun07.ogg	357e2430868161c7c62a215bd280737b	15576
mods/heroes.stormmod/enus.stormassets/localizeddata/sounds/vo/aurielbase_vox_ui_spun08.ogg	cf2bd0bbb5e43d7a0dc2d84404c317b9	17092
mods/heroes.stormmod/enus.stormassets/localizeddata/sounds/vo/aurielbase_vox_ui_spun09.ogg	bc35de8f9e873e22dc4437f46c0ac15c	17043
mods/heroes.stormmod/enus.stormassets/localizeddata/sounds/vo/aurielbase_worthit00.ogg	5e0e72065502796e3d68105b35021cbb	39238
mods/heroes.stormmod/enus.stormassets/localizeddata/sounds/vo/aurielbase_worthit01.ogg	da6b5bb044a890c602383010057263e3	30516
mods/heroes.stormmod/enus.stormassets/localizeddata/sounds/vo/aurielbase_yes00.ogg	4c25dd9c641c3012b49ae35d2d54be31	25631
mods/heroes.stormmod/enus.stormassets/localizeddata/sounds/vo/aurielbase_yes01.ogg	79a673ecf30b0adfbc059ed2d30c2c20	24881
mods/heroes.stormmod/enus.stormassets/localizeddata/sounds/vo/aurielbase_yes02.ogg	4d8693d813760b7fce6a45702e19e944	26781
mods/heroes.stormmod/enus.stormassets/localizeddata/sounds/vo/aurielbase_yes03.ogg	b0c601f065591454f72983946ee49cd3	22694
mods/heroes.stormmod/enus.stormassets/localizeddata/sounds/vo/aurielbase_yes04.ogg	08eadb83f10fbb2b4376638b96bf2196	27705
mods/heroes.stormmod/enus.stormassets/localizeddata/sounds/vo/aurielbase_yes05.ogg	3376f6914a36ba20b1d2267c906008cf	23027
mods/heroes.stormmod/enus.stormassets/localizeddata/sounds/vo/aurielbase_yes06.ogg	b01bb761ed76fc883f4f9cc7ae5fc045	22591
mods/heroes.stormmod/enus.stormassets/localizeddata/sounds/vo/aurielbase_yes07.ogg	0b6ab850c6845512cc0b71e7bef24466	22747
mods/heroes.stormmod/enus.stormassets/localizeddata/sounds/vo/aurielbase_yes08.ogg	5638626691d9a6d6af8041b9f8849bac	29760
mods/heroes.stormmod/enus.stormassets/localizeddata/sounds/vo/aurieldemonic_ai_attack00.ogg	6e4765249f823705defa7d346c46fee2	21647
mods/heroes.stormmod/enus.stormassets/localizeddata/sounds/vo/aurieldemonic_ai_attack01.ogg	f56c12b4abc2cf76d289aeecdb7f9597	38047
mods/heroes.stormmod/enus.stormassets/localizeddata/sounds/vo/aurieldemonic_ai_attack02.ogg	eb7d84ad74b19c2c866c00ba7d6bbb25	43147
mods/heroes.stormmod/enus.stormassets/localizeddata/sounds/vo/aurieldemonic_ai_caution00.ogg	1cb71ca0dab3a25d3822e1e4ed3d6242	34955
mods/heroes.stormmod/enus.stormassets/localizeddata/sounds/vo/aurieldemonic_ai_goodjob00.ogg	1b65bda33706f484f02d0a7346d39970	26089
mods/heroes.stormmod/enus.stormassets/localizeddata/sounds/vo/aurieldemonic_ai_goodjob01.ogg	b3a0ec2dc698d6f9238a5aa031a63727	21481
mods/heroes.stormmod/enus.stormassets/localizeddata/sounds/vo/aurieldemonic_ai_goodjob02.ogg	4d832b0b76800348f11017da927206d1	27676
mods/heroes.stormmod/enus.stormassets/localizeddata/sounds/vo/aurieldemonic_ai_heal00.ogg	0cbe012edafd28feecc2a5a5a7db4173	44391
mods/heroes.stormmod/enus.stormassets/localizeddata/sounds/vo/aurieldemonic_ai_heal01.ogg	2f2a2cf8a86ce3adebc4688956fbe076	45471
mods/heroes.stormmod/enus.stormassets/localizeddata/sounds/vo/aurieldemonic_ai_retreat00.ogg	03c57116a6f39bb8d5edece3dfa75ce0	27832
mods/heroes.stormmod/enus.stormassets/localizeddata/sounds/vo/aurieldemonic_ai_retreat01.ogg	b7ae530a7d629442e0da8b96f504ccd8	30939
mods/heroes.stormmod/enus.stormassets/localizeddata/sounds/vo/aurieldemonic_ai_uhoh00.ogg	85c22cc09afcb317abf8cff21a1f3239	22364
mods/heroes.stormmod/enus.stormassets/localizeddata/sounds/vo/aurieldemonic_ai_uhoh01.ogg	a7380149a69929224c7df25c1741ade6	27116
mods/heroes.stormmod/enus.stormassets/localizeddata/sounds/vo/aurieldemonic_ai_uhoh02.ogg	b36c053f30a76e796e8eceefa8e82c12	28566
mods/heroes.stormmod/enus.stormassets/localizeddata/sounds/vo/aurieldemonic_angelicflight00.ogg	9b2bf072820b5674ce08e01a7dcb32d0	13807
mods/heroes.stormmod/enus.stormassets/localizeddata/sounds/vo/aurieldemonic_angelicflight01.ogg	81d17fced5382db871865121f8fbf27b	17038
mods/heroes.stormmod/enus.stormassets/localizeddata/sounds/vo/aurieldemonic_angelicflight02.ogg	68e95c01862f18c5d57a01602118715d	20640
mods/heroes.stormmod/enus.stormassets/localizeddata/sounds/vo/aurieldemonic_angelicflight03.ogg	d8dadd02716113a4b01f88bb56790c66	15110
mods/heroes.stormmod/enus.stormassets/localizeddata/sounds/vo/aurieldemonic_angelicflight04.ogg	5d5a8b81d701cfe334c13b091c0b98d9	14407
mods/heroes.stormmod/enus.stormassets/localizeddata/sounds/vo/aurieldemonic_angelicflight05.ogg	9d483215a6edc110f9e4e8dbb999e07a	22549
mods/heroes.stormmod/enus.stormassets/localizeddata/sounds/vo/aurieldemonic_angelicflight06.ogg	c0631ae8954cb7f3d59d9c1fa245517c	18696
mods/heroes.stormmod/enus.stormassets/localizeddata/sounds/vo/aurieldemonic_angelicflight07.ogg	75697b174fbd1e9f25cf28b7fd7d9fc1	21532
mods/heroes.stormmod/enus.stormassets/localizeddata/sounds/vo/aurieldemonic_angelicflight08.ogg	db700fa56fadafa9b400e70d65119b89	22030
mods/heroes.stormmod/enus.stormassets/localizeddata/sounds/vo/aurieldemonic_angelicflight09.ogg	da9e6419a3011caa73203d7d87ad762f	23267
mods/heroes.stormmod/enus.stormassets/localizeddata/sounds/vo/aurieldemonic_angelicflight10.ogg	f2169c5174a94d675dd4181a96dbeb7f	23373
mods/heroes.stormmod/enus.stormassets/localizeddata/sounds/vo/aurieldemonic_angelicflight11.ogg	0b6784c04681eb93115506a066b6650b	21839
mods/heroes.stormmod/enus.stormassets/localizeddata/sounds/vo/aurieldemonic_angelicflight12.ogg	0ea7879b0b2aaf41dae7762bf24f5608	24526
mods/heroes.stormmod/enus.stormassets/localizeddata/sounds/vo/aurieldemonic_attack00.ogg	00d76e8379b953d85d0979201a3d0b55	36032
mods/heroes.stormmod/enus.stormassets/localizeddata/sounds/vo/aurieldemonic_attack01.ogg	27f7e9fafacb0eea0179c77554bba35f	28990
mods/heroes.stormmod/enus.stormassets/localizeddata/sounds/vo/aurieldemonic_attack02.ogg	76eeb1954e4567b3e5607572746fdd0e	29587
mods/heroes.stormmod/enus.stormassets/localizeddata/sounds/vo/aurieldemonic_attack03.ogg	23ffcdd319a04b2a750be73057949f05	24325
mods/heroes.stormmod/enus.stormassets/localizeddata/sounds/vo/aurieldemonic_attack04.ogg	94c51d5ff57315766193ae548daf71af	28091
mods/heroes.stormmod/enus.stormassets/localizeddata/sounds/vo/aurieldemonic_attack05.ogg	d1b518537e0d881e530b3452ac0c18af	30236
mods/heroes.stormmod/enus.stormassets/localizeddata/sounds/vo/aurieldemonic_attack06.ogg	e4743a7211dfebad2f447c44a7ba3178	33102
mods/heroes.stormmod/enus.stormassets/localizeddata/sounds/vo/aurieldemonic_celebrate00.ogg	d0cadf7e99fda73b080ec749ac08c0dd	20965
mods/heroes.stormmod/enus.stormassets/localizeddata/sounds/vo/aurieldemonic_celebrate01.ogg	4b2a78d9b4da16cb2ea498cb9956d158	30710
mods/heroes.stormmod/enus.stormassets/localizeddata/sounds/vo/aurieldemonic_comeback00.ogg	7bf8e0736762cc4f3ddad0658cc3382a	48143
mods/heroes.stormmod/enus.stormassets/localizeddata/sounds/vo/aurieldemonic_death01.wav	10888c095d1ec2c21facaeb13d8a74ad	56636
mods/heroes.stormmod/enus.stormassets/localizeddata/sounds/vo/aurieldemonic_death02.wav	24310e0e1d158d9d2d88dd0210bd528d	60732
mods/heroes.stormmod/enus.stormassets/localizeddata/sounds/vo/aurieldemonic_death03.wav	f22b5a896bf12212b892803561458970	69180
mods/heroes.stormmod/enus.stormassets/localizeddata/sounds/vo/aurieldemonic_death04.wav	d25ea566b84319e531b3fe45fc916af3	69436
mods/heroes.stormmod/enus.stormassets/localizeddata/sounds/vo/aurieldemonic_death05.wav	9eb5562cc7a4e0826dfba7a954b191ff	75068
mods/heroes.stormmod/enus.stormassets/localizeddata/sounds/vo/aurieldemonic_death06.wav	cb1feddea3ad60e09030ea838d20ae63	70204
mods/heroes.stormmod/enus.stormassets/localizeddata/sounds/vo/aurieldemonic_death07.wav	faae3fe8d688f5d332fd0671d119008e	80700
mods/heroes.stormmod/enus.stormassets/localizeddata/sounds/vo/aurieldemonic_death08.wav	98f19287965eb3164b663f245c83da79	84028
mods/heroes.stormmod/enus.stormassets/localizeddata/sounds/vo/aurieldemonic_death09.wav	9b2bc47feea518f284d29444dac11fee	78396
mods/heroes.stormmod/enus.stormassets/localizeddata/sounds/vo/aurieldemonic_death10.wav	1225376fe4b8006259c859b1561e924d	87100
mods/heroes.stormmod/enus.stormassets/localizeddata/sounds/vo/aurieldemonic_death11.wav	b3e204653af68864f3f84e38300e2800	52284
mods/heroes.stormmod/enus.stormassets/localizeddata/sounds/vo/aurieldemonic_death12.wav	aa893477ad8a5195c65a7f046bcaeda7	53820
mods/heroes.stormmod/enus.stormassets/localizeddata/sounds/vo/aurieldemonic_healed00.ogg	f0b12b6ac01dd0ea944718e8b206effc	34138
mods/heroes.stormmod/enus.stormassets/localizeddata/sounds/vo/aurieldemonic_healed01.ogg	da913da7daa1f2a87a2bb1f76a51626e	39487
mods/heroes.stormmod/enus.stormassets/localizeddata/sounds/vo/aurieldemonic_healed02.ogg	93e1f1e0d2fb988cac8e9deb0b49799d	29279
mods/heroes.stormmod/enus.stormassets/localizeddata/sounds/vo/aurieldemonic_introagree00.ogg	700125d864ce679dc6c5b051b4a9d0dd	40039
mods/heroes.stormmod/enus.stormassets/localizeddata/sounds/vo/aurieldemonic_introagree01.ogg	e2a5061c5fe91d3a26c077b81723063d	47586
mods/heroes.stormmod/enus.stormassets/localizeddata/sounds/vo/aurieldemonic_introagree02.ogg	31d99cd83e15499928ba06934193eada	29613
mods/heroes.stormmod/enus.stormassets/localizeddata/sounds/vo/aurieldemonic_introboast00.ogg	c5fad502d50c20d49ed927739733b8a9	43516
mods/heroes.stormmod/enus.stormassets/localizeddata/sounds/vo/aurieldemonic_introboast01.ogg	235a3a0ed061f501ed51d68989654cb5	41592
mods/heroes.stormmod/enus.stormassets/localizeddata/sounds/vo/aurieldemonic_introquestion00.ogg	afcfc5972a222536ae21ea570955752d	52861
mods/heroes.stormmod/enus.stormassets/localizeddata/sounds/vo/aurieldemonic_introquestion01.ogg	ee43931a3de3bf43bb4f7232dc7defbb	46885
mods/heroes.stormmod/enus.stormassets/localizeddata/sounds/vo/aurieldemonic_introquestion_alien00.ogg	98a55be2e4fee7b54955143fe6f317bf	79866
mods/heroes.stormmod/enus.stormassets/localizeddata/sounds/vo/aurieldemonic_introquestion_angel00.ogg	90c11922a2e4099b1666750c61c08034	39298
mods/heroes.stormmod/enus.stormassets/localizeddata/sounds/vo/aurieldemonic_introquestion_butcher00.ogg	7315cfa3715a311413fc37918354a0d9	65925
mods/heroes.stormmod/enus.stormassets/localizeddata/sounds/vo/aurieldemonic_introquestion_curious00.ogg	cc63d857b8b35c77bcdb1645661dbd79	54161
mods/heroes.stormmod/enus.stormassets/localizeddata/sounds/vo/aurieldemonic_introquestion_d3hero00.ogg	4e6a19dde0d126928a20fd90840c61a6	42796
mods/heroes.stormmod/enus.stormassets/localizeddata/sounds/vo/aurieldemonic_introquestion_demon00.ogg	bf91d6c1ae4759098cca524a169a1885	59339
mods/heroes.stormmod/enus.stormassets/localizeddata/sounds/vo/aurieldemonic_introquestion_diablohero00.ogg	c961c3792335b6e6899c879ee4a93994	60581
mods/heroes.stormmod/enus.stormassets/localizeddata/sounds/vo/aurieldemonic_introquestion_guldan00.ogg	f4604d6d5e8daf069aaea9c8b73288e3	67316
mods/heroes.stormmod/enus.stormassets/localizeddata/sounds/vo/aurieldemonic_introquestion_hope00.ogg	eb5356a58c97eaa298e71d3cf1c9a90c	55349
mods/heroes.stormmod/enus.stormassets/localizeddata/sounds/vo/aurieldemonic_introquestion_leoric00.ogg	8d975942797391e00e9b4e975f9daf96	54650
mods/heroes.stormmod/enus.stormassets/localizeddata/sounds/vo/aurieldemonic_introquestion_lostvikings00.ogg	3896bb752a1d43dbd0059f3c2ad3f437	35956
mods/heroes.stormmod/enus.stormassets/localizeddata/sounds/vo/aurieldemonic_introquestion_murky00.ogg	9ef60907a2192e3a1c09691e80f0f103	49350
mods/heroes.stormmod/enus.stormassets/localizeddata/sounds/vo/aurieldemonic_introquestion_negative00.ogg	a09973f28f37058167d8ce7998c1e6bb	40476
mods/heroes.stormmod/enus.stormassets/localizeddata/sounds/vo/aurieldemonic_introquestion_positive00.ogg	69e1c411b8514130dfda7623214f98d3	42292
mods/heroes.stormmod/enus.stormassets/localizeddata/sounds/vo/aurieldemonic_introquestion_tyrael00.ogg	4ae602717fb3818fa4395113ac92bee5	39901
mods/heroes.stormmod/enus.stormassets/localizeddata/sounds/vo/aurieldemonic_introquestion_upset00.ogg	c95b243669bf85309527d9fd6949f0bd	56301
mods/heroes.stormmod/enus.stormassets/localizeddata/sounds/vo/aurieldemonic_introrespond00.ogg	9ad0f94325e32e57eb5c6ee1a71e2eee	47799
mods/heroes.stormmod/enus.stormassets/localizeddata/sounds/vo/aurieldemonic_introrespond01.ogg	cb988bfadc9244a7d9b97082337d7a8d	18561
mods/heroes.stormmod/enus.stormassets/localizeddata/sounds/vo/aurieldemonic_introrespond02.ogg	6233cf6315955e1960bb2898fdd40b94	56276
mods/heroes.stormmod/enus.stormassets/localizeddata/sounds/vo/aurieldemonic_introresponse_alien00.ogg	1655aa642abd05154525ba2a0b35ca28	45330
mods/heroes.stormmod/enus.stormassets/localizeddata/sounds/vo/aurieldemonic_introresponse_angel00.ogg	b1fb2b5f5f5c93cfb5907eaa5a36ae8e	39232
mods/heroes.stormmod/enus.stormassets/localizeddata/sounds/vo/aurieldemonic_introresponse_butcher00.ogg	4bc88a4d163f0127c5238c9945ae93a9	64398
mods/heroes.stormmod/enus.stormassets/localizeddata/sounds/vo/aurieldemonic_introresponse_curious00.ogg	9ebd1d16cc90dbceb5f5d7ad6b66d425	60249
mods/heroes.stormmod/enus.stormassets/localizeddata/sounds/vo/aurieldemonic_introresponse_d3hero00.ogg	33ba7e086127a1bc51725772984c96ed	36143
mods/heroes.stormmod/enus.stormassets/localizeddata/sounds/vo/aurieldemonic_introresponse_demon00.ogg	560f319ae05040498016aa3e3889acbe	39110
mods/heroes.stormmod/enus.stormassets/localizeddata/sounds/vo/aurieldemonic_introresponse_diablohero00.ogg	b74c3956b38a0dd7a14330efb4d8ee1c	41782
mods/heroes.stormmod/enus.stormassets/localizeddata/sounds/vo/aurieldemonic_introresponse_dismissive00.ogg	c96492bf6f793384e56d622ffccb9672	60790
mods/heroes.stormmod/enus.stormassets/localizeddata/sounds/vo/aurieldemonic_introresponse_guldan00.ogg	b1813128ded34dfecaa09db690419d88	57199
mods/heroes.stormmod/enus.stormassets/localizeddata/sounds/vo/aurieldemonic_introresponse_leoric00.ogg	4f4e94267296ec452f78411af80209ba	45794
mods/heroes.stormmod/enus.stormassets/localizeddata/sounds/vo/aurieldemonic_introresponse_lostvikings00.ogg	edbb53248e91acadfe0dd1fef006d20b	54261
mods/heroes.stormmod/enus.stormassets/localizeddata/sounds/vo/aurieldemonic_introresponse_murky00.ogg	7a3260dbe5e7158cf71c077e73615be7	66472
mods/heroes.stormmod/enus.stormassets/localizeddata/sounds/vo/aurieldemonic_introresponse_negative00.ogg	ab81fa8ddc86791301f53b3b84eb116d	43539
mods/heroes.stormmod/enus.stormassets/localizeddata/sounds/vo/aurieldemonic_introresponse_positive00.ogg	77408dc370683a6a54ba5b9a75fd6080	42682
mods/heroes.stormmod/enus.stormassets/localizeddata/sounds/vo/aurieldemonic_introresponse_righteous00.ogg	48a2640fd6d5de0d2202e0eec7907131	31586
mods/heroes.stormmod/enus.stormassets/localizeddata/sounds/vo/aurieldemonic_introresponse_tyrael00.ogg	e5c395265b1af2b6342fd12bb807bbb9	34743
mods/heroes.stormmod/enus.stormassets/localizeddata/sounds/vo/aurieldemonic_introresponse_weird00.ogg	4284aa4bc56a4a97bf2684e9ef7cf908	66161
mods/heroes.stormmod/enus.stormassets/localizeddata/sounds/vo/aurieldemonic_kill00.ogg	b5b6ee9f06f14d36ba19405898b2538a	38514
mods/heroes.stormmod/enus.stormassets/localizeddata/sounds/vo/aurieldemonic_kill01.ogg	54830278e059d6d5e289feda7c8a92b2	31634
mods/heroes.stormmod/enus.stormassets/localizeddata/sounds/vo/aurieldemonic_kill02.ogg	82f08dc087ab24e9aff02ed3d0900eea	33456
mods/heroes.stormmod/enus.stormassets/localizeddata/sounds/vo/aurieldemonic_kill03.ogg	7ab80f1e0c20247043692727691a770b	27371
mods/heroes.stormmod/enus.stormassets/localizeddata/sounds/vo/aurieldemonic_kill04.ogg	5bce2cbe79e21e90ef4d1d257a2ba0b5	34809
mods/heroes.stormmod/enus.stormassets/localizeddata/sounds/vo/aurieldemonic_killangel00.ogg	f25ec9ed9876b874dab2dfa12f4b785a	29183
mods/heroes.stormmod/enus.stormassets/localizeddata/sounds/vo/aurieldemonic_killauriel00.ogg	8c299b509a76051ba02ac46e19aed507	32443
mods/heroes.stormmod/enus.stormassets/localizeddata/sounds/vo/aurieldemonic_killazmodan00.ogg	0d412f08b03d6311ce420bd5d61e7252	59096
mods/heroes.stormmod/enus.stormassets/localizeddata/sounds/vo/aurieldemonic_killbutcher00.ogg	bcf774aec58fc8ed17e90d34e179e77b	35349
mods/heroes.stormmod/enus.stormassets/localizeddata/sounds/vo/aurieldemonic_killchogall00.ogg	4090ca8fa34a245198bb48d1282e5ff8	48738
mods/heroes.stormmod/enus.stormassets/localizeddata/sounds/vo/aurieldemonic_killd3hero00.ogg	0576af910e627356f06f2466556f23b3	44306
mods/heroes.stormmod/enus.stormassets/localizeddata/sounds/vo/aurieldemonic_killdiablo00.ogg	377b8c683919cae61b2e853184ecfa83	55691
mods/heroes.stormmod/enus.stormassets/localizeddata/sounds/vo/aurieldemonic_killleoric00.ogg	39d065ea50bb9e7005ff88b9b70d6555	43477
mods/heroes.stormmod/enus.stormassets/localizeddata/sounds/vo/aurieldemonic_killtyrael00.ogg	a93cfa58a47840580d8c8c0579ce078c	39384
mods/heroes.stormmod/enus.stormassets/localizeddata/sounds/vo/aurieldemonic_laugh00.ogg	794042c8152ae4f8db11a96d68ddce6a	19312
mods/heroes.stormmod/enus.stormassets/localizeddata/sounds/vo/aurieldemonic_laugh01.ogg	4f9510693f5be4509ebfa3331ad2fdec	27995
mods/heroes.stormmod/enus.stormassets/localizeddata/sounds/vo/aurieldemonic_laugh04.ogg	93a9e337654de020003c3e3d79efeed9	24968
mods/heroes.stormmod/enus.stormassets/localizeddata/sounds/vo/aurieldemonic_laugh08.ogg	85ce841df2214fa089e0740a38cf316a	21067
mods/heroes.stormmod/enus.stormassets/localizeddata/sounds/vo/aurieldemonic_laugh09.ogg	a67dfd8e22c6ebf174ad6b85117f188e	22890
mods/heroes.stormmod/enus.stormassets/localizeddata/sounds/vo/aurieldemonic_lowhealstored00.ogg	e5753e1f21e503ce9608a8b3ae827c02	31805
mods/heroes.stormmod/enus.stormassets/localizeddata/sounds/vo/aurieldemonic_lowhealstored01.ogg	85efeee9b1e851bf27f1de4b1bb4050c	26854
mods/heroes.stormmod/enus.stormassets/localizeddata/sounds/vo/aurieldemonic_lowlifeheal00.ogg	1227ecea4a224ac4ada700aea9edc267	33472
mods/heroes.stormmod/enus.stormassets/localizeddata/sounds/vo/aurieldemonic_lowlifeheal01.ogg	32bfb77f2d1396fa08eb74f95c767de9	40268
mods/heroes.stormmod/enus.stormassets/localizeddata/sounds/vo/aurieldemonic_lowlifeheal02.ogg	7e65a89c79849e2570d661342349b20c	31689
mods/heroes.stormmod/enus.stormassets/localizeddata/sounds/vo/aurieldemonic_lowmana00.ogg	9effac7c9a138f38084e38ced683b4a9	25220
mods/heroes.stormmod/enus.stormassets/localizeddata/sounds/vo/aurieldemonic_lowmana01.ogg	4a1d3472731239226081d104715e6a82	26784
mods/heroes.stormmod/enus.stormassets/localizeddata/sounds/vo/aurieldemonic_lowmana02.ogg	0a1a82fc9ccf1ffe31f52a91db34afc7	29086
mods/heroes.stormmod/enus.stormassets/localizeddata/sounds/vo/aurieldemonic_lrghealstored00.ogg	82a035c004644db10ecd8901a8761c81	32214
mods/heroes.stormmod/enus.stormassets/localizeddata/sounds/vo/aurieldemonic_lrghealstored01.ogg	d4cfdf39a6bf90f8024b150870bb6725	28006
mods/heroes.stormmod/enus.stormassets/localizeddata/sounds/vo/aurieldemonic_matchend00.ogg	7749ad70d10a028c29e6f088cb7e5979	18171
mods/heroes.stormmod/enus.stormassets/localizeddata/sounds/vo/aurieldemonic_matchend01.ogg	fe47c5bc2204106e7ccc1d3db2b485be	23990
mods/heroes.stormmod/enus.stormassets/localizeddata/sounds/vo/aurieldemonic_maxhealstored00.ogg	27964e4b3529d75aa6cab01a39992b6c	33594
mods/heroes.stormmod/enus.stormassets/localizeddata/sounds/vo/aurieldemonic_maxhealstored01.ogg	b3b159cbccbc345848e04dbf6c9d21b8	39315
mods/heroes.stormmod/enus.stormassets/localizeddata/sounds/vo/aurieldemonic_maxhealstored02.ogg	90545eea342515fbaa7779330479a6a5	27634
mods/heroes.stormmod/enus.stormassets/localizeddata/sounds/vo/aurieldemonic_medhealstored00.ogg	1c7139f47071e6255e1a59de2bd9bbd5	35383
mods/heroes.stormmod/enus.stormassets/localizeddata/sounds/vo/aurieldemonic_medhealstored01.ogg	2fd9a163e1f8a16ad4373db87a085317	26066
mods/heroes.stormmod/enus.stormassets/localizeddata/sounds/vo/aurieldemonic_no00.ogg	21d36bd07d3f20258761ea2d0179b8a0	31150
mods/heroes.stormmod/enus.stormassets/localizeddata/sounds/vo/aurieldemonic_no01.ogg	363f0cf9b1bc0aa855b5e20f982a1633	31502
mods/heroes.stormmod/enus.stormassets/localizeddata/sounds/vo/aurieldemonic_no02.ogg	bfaf04bd231d0573579472ae4f9aff20	24135
mods/heroes.stormmod/enus.stormassets/localizeddata/sounds/vo/aurieldemonic_no03.ogg	9206c94942602e1d553297c7b3f83d16	19146
mods/heroes.stormmod/enus.stormassets/localizeddata/sounds/vo/aurieldemonic_ping_assisthero00.ogg	13da75a065a328532140ce970e0341e6	23470
mods/heroes.stormmod/enus.stormassets/localizeddata/sounds/vo/aurieldemonic_ping_assistme00.ogg	1103d613858c26b35fe04c1f618b8153	32870
mods/heroes.stormmod/enus.stormassets/localizeddata/sounds/vo/aurieldemonic_ping_assistme01.ogg	a7f3be240c8a348c3c879717c4da67bc	27298
mods/heroes.stormmod/enus.stormassets/localizeddata/sounds/vo/aurieldemonic_ping_attackcastle00.ogg	77cd015ff926804f9f2a8778f66d7e7c	24289
mods/heroes.stormmod/enus.stormassets/localizeddata/sounds/vo/aurieldemonic_ping_attackmerc00.ogg	d20461e479de000803c3fdacffeac880	37482
mods/heroes.stormmod/enus.stormassets/localizeddata/sounds/vo/aurieldemonic_ping_attackoutpost00.ogg	0661990139bfd0e94ce18a43f3d1df1a	29480
mods/heroes.stormmod/enus.stormassets/localizeddata/sounds/vo/aurieldemonic_ping_attacktower00.ogg	c4be135f5d108a48fd3f186169c339cc	26210
mods/heroes.stormmod/enus.stormassets/localizeddata/sounds/vo/aurieldemonic_ping_defendcastle00.ogg	ee143b3c1a03a05ce18f93e69bbcc643	24242
mods/heroes.stormmod/enus.stormassets/localizeddata/sounds/vo/aurieldemonic_ping_defendoutpost00.ogg	3e9f5fc10a496159a4a7ee20ae4c8b58	29517
mods/heroes.stormmod/enus.stormassets/localizeddata/sounds/vo/aurieldemonic_ping_defendtower00.ogg	5d9ec44afa4b9698ee77b13979348608	36461
mods/heroes.stormmod/enus.stormassets/localizeddata/sounds/vo/aurieldemonic_ping_killhero00.ogg	7c53498944c851d1bcc77011ed19c388	33327
mods/heroes.stormmod/enus.stormassets/localizeddata/sounds/vo/aurieldemonic_pissed00.ogg	085fc2d2ed3340471612ae65e303814a	30394
mods/heroes.stormmod/enus.stormassets/localizeddata/sounds/vo/aurieldemonic_pissed01.ogg	ac38836e06667b1e6ece47faef40b52c	32277
mods/heroes.stormmod/enus.stormassets/localizeddata/sounds/vo/aurieldemonic_pissed02.ogg	892d8051f80509fc6910b356bdb320c2	58947
mods/heroes.stormmod/enus.stormassets/localizeddata/sounds/vo/aurieldemonic_pissed03.ogg	9bab7a202cb578272b664c55c53a1066	152099
mods/heroes.stormmod/enus.stormassets/localizeddata/sounds/vo/aurieldemonic_pissed04.ogg	9ca9fbfa2758895fed13b6bd74793583	120687
mods/heroes.stormmod/enus.stormassets/localizeddata/sounds/vo/aurieldemonic_pissed05.ogg	a0c51206fc923e02143bcf76c5622806	110324
mods/heroes.stormmod/enus.stormassets/localizeddata/sounds/vo/aurieldemonic_pissed06.ogg	9621b005872296b5dd7b4c8f59eecfbb	109139
mods/heroes.stormmod/enus.stormassets/localizeddata/sounds/vo/aurieldemonic_pissed07.ogg	94661948d85b82a75f5e55e9d6fe59cf	104672
mods/heroes.stormmod/enus.stormassets/localizeddata/sounds/vo/aurieldemonic_pissed08.ogg	1dc1e8305f96e59a7b77bdf64bb16054	73012
mods/heroes.stormmod/enus.stormassets/localizeddata/sounds/vo/aurieldemonic_pissed09.ogg	208d690ec14d362528c177932b7fc325	75280
mods/heroes.stormmod/enus.stormassets/localizeddata/sounds/vo/aurieldemonic_pissed10.ogg	cba8ebc97600facda4ae964a0712ab84	95077
mods/heroes.stormmod/enus.stormassets/localizeddata/sounds/vo/aurieldemonic_pissed11.ogg	84f1448223fb26dabe8870b33c3a1a2a	108564
mods/heroes.stormmod/enus.stormassets/localizeddata/sounds/vo/aurieldemonic_pissed12.ogg	6bd68eeacfa0976b63c87f173e26877b	64837
mods/heroes.stormmod/enus.stormassets/localizeddata/sounds/vo/aurieldemonic_pissed13.ogg	c6f560528b9d3f74ccd6eb0dfb7fa2ce	111372
mods/heroes.stormmod/enus.stormassets/localizeddata/sounds/vo/aurieldemonic_pissed14.ogg	e468fca47f40e86b0bc79a593a07ff5a	102594
mods/heroes.stormmod/enus.stormassets/localizeddata/sounds/vo/aurieldemonic_resurrected00.ogg	bbb1971f807e5e49081af8856c91bfdd	53541
mods/heroes.stormmod/enus.stormassets/localizeddata/sounds/vo/aurieldemonic_resurrected01.ogg	571fdc17eb6e942b75b93ea88a0437a0	42495
mods/heroes.stormmod/enus.stormassets/localizeddata/sounds/vo/aurieldemonic_revive00.ogg	6f2cc7af976974b938b24868054d451c	29256
mods/heroes.stormmod/enus.stormassets/localizeddata/sounds/vo/aurieldemonic_revive01.ogg	35988063a6aaa91589a61dd05a069cdb	41340
mods/heroes.stormmod/enus.stormassets/localizeddata/sounds/vo/aurieldemonic_revive02.ogg	c81f1079b3ab946450b94cf0bff21bf7	37020
mods/heroes.stormmod/enus.stormassets/localizeddata/sounds/vo/aurieldemonic_revive03.ogg	52282135b2872290096c93a094fab190	31164
mods/heroes.stormmod/enus.stormassets/localizeddata/sounds/vo/aurieldemonic_spec00.ogg	8c3b0c428e4a3fd8508e220867abb599	28099
mods/heroes.stormmod/enus.stormassets/localizeddata/sounds/vo/aurieldemonic_spec01.ogg	c68973f576c899cc1374332e4509753a	19837
mods/heroes.stormmod/enus.stormassets/localizeddata/sounds/vo/aurieldemonic_spec02.ogg	f7779ae57c8b3b2e14584dacc2543eb4	26816
mods/heroes.stormmod/enus.stormassets/localizeddata/sounds/vo/aurieldemonic_spec03.ogg	05c2ea149a0c6e5233c6cf284e5aa289	33469
mods/heroes.stormmod/enus.stormassets/localizeddata/sounds/vo/aurieldemonic_spec04.ogg	5f6e58752c3a0dcc2b8b236bdb393e7a	33123
mods/heroes.stormmod/enus.stormassets/localizeddata/sounds/vo/aurieldemonic_taunt00.ogg	769ac933e296dd7e8598749d2d9e3d94	56117
mods/heroes.stormmod/enus.stormassets/localizeddata/sounds/vo/aurieldemonic_taunt01.ogg	1ea7efe95f0f3dcd7c2b10b192dd2086	50930
mods/heroes.stormmod/enus.stormassets/localizeddata/sounds/vo/aurieldemonic_taunt02.ogg	5fe82fd16a582e6d060801bd8f41052f	37662
mods/heroes.stormmod/enus.stormassets/localizeddata/sounds/vo/aurieldemonic_ui_exlocked00.ogg	157f1a54b1b3bb2e0bf02494e52b1f18	27894
mods/heroes.stormmod/enus.stormassets/localizeddata/sounds/vo/aurieldemonic_ui_expurchased00.ogg	7dcf80b375a098113c0812ba8610db07	35244
mods/heroes.stormmod/enus.stormassets/localizeddata/sounds/vo/aurieldemonic_ui_gift00.ogg	ede2a720a429b26de926ea10ce9d7c15	32726
mods/heroes.stormmod/enus.stormassets/localizeddata/sounds/vo/aurieldemonic_ui_lockin00.ogg	c5ff7fdd4f200b92f23b78b95188e0e4	28320
mods/heroes.stormmod/enus.stormassets/localizeddata/sounds/vo/aurieldemonic_ui_purchase00.ogg	f7d83320ce34445d3ff522455dd1769e	29651
mods/heroes.stormmod/enus.stormassets/localizeddata/sounds/vo/aurieldemonic_ui_trial00_alt.ogg	19b76aa2a9987da3a656ccb041678c25	40811
mods/heroes.stormmod/enus.stormassets/localizeddata/sounds/vo/aurieldemonic_ui_trial01.ogg	16ca52619bf1858a1e9195092cecbfd7	40039
mods/heroes.stormmod/enus.stormassets/localizeddata/sounds/vo/aurieldemonic_ui_waitlocked00.ogg	dce8727d48d7257bd7dfa43a7e524ac5	30666
mods/heroes.stormmod/enus.stormassets/localizeddata/sounds/vo/aurieldemonic_ui_waitlocked01.ogg	5649e4b6f40643b041b5e6b4b23f7ba9	37256
mods/heroes.stormmod/enus.stormassets/localizeddata/sounds/vo/aurieldemonic_ui_waitpurchased00.ogg	a0845e3bf1e9ed3bee602ab17b186942	73379
mods/heroes.stormmod/enus.stormassets/localizeddata/sounds/vo/aurieldemonic_ui_waitpurchased01.ogg	b6ced1bb372ad977201a71347a9b81ec	48596
mods/heroes.stormmod/enus.stormassets/localizeddata/sounds/vo/aurieldemonic_ultimate2used00.ogg	2419f856bebe111329bf0e65e18758e9	32411
mods/heroes.stormmod/enus.stormassets/localizeddata/sounds/vo/aurieldemonic_ultimate2used01.ogg	0074fe1aecfc24e5ffa2890c18573780	31396
mods/heroes.stormmod/enus.stormassets/localizeddata/sounds/vo/aurieldemonic_ultimate2used02.ogg	2debbb378ccbffca13b05b0799d65bf5	32689
mods/heroes.stormmod/enus.stormassets/localizeddata/sounds/vo/aurieldemonic_ultimate2used03.ogg	2fc489362def3e22d38e1b5f821e8289	34883
mods/heroes.stormmod/enus.stormassets/localizeddata/sounds/vo/aurieldemonic_voicelinefive00.ogg	f7d83320ce34445d3ff522455dd1769e	29651
mods/heroes.stormmod/enus.stormassets/localizeddata/sounds/vo/aurieldemonic_voicelinefour00.ogg	82f08dc087ab24e9aff02ed3d0900eea	33456
mods/heroes.stormmod/enus.stormassets/localizeddata/sounds/vo/aurieldemonic_voicelineone00.ogg	2754210d567a9f7ab57a0a59553c5c36	26048
mods/heroes.stormmod/enus.stormassets/localizeddata/sounds/vo/aurieldemonic_voicelinethree00.ogg	d0cadf7e99fda73b080ec749ac08c0dd	20965
mods/heroes.stormmod/enus.stormassets/localizeddata/sounds/vo/aurieldemonic_voicelinetwo00.ogg	e4743a7211dfebad2f447c44a7ba3178	33102
mods/heroes.stormmod/enus.stormassets/localizeddata/sounds/vo/aurieldemonic_vox_attack00.ogg	1e6ed2e2c5999ae26259e11a58cf6042	11426
mods/heroes.stormmod/enus.stormassets/localizeddata/sounds/vo/aurieldemonic_vox_attack01.ogg	8aa975fb28e0d0131a577d4102d56ffe	11725
mods/heroes.stormmod/enus.stormassets/localizeddata/sounds/vo/aurieldemonic_vox_attack02.ogg	56fb819f31d096cf8ecf99151602dacd	12273
mods/heroes.stormmod/enus.stormassets/localizeddata/sounds/vo/aurieldemonic_vox_attack03.ogg	20fdaab7e7a978108ae380d3aebf59cc	11753
mods/heroes.stormmod/enus.stormassets/localizeddata/sounds/vo/aurieldemonic_vox_attack04.ogg	c62905695986bbc38591c8f4922a7157	12095
mods/heroes.stormmod/enus.stormassets/localizeddata/sounds/vo/aurieldemonic_vox_attack05.ogg	9826d26ad7ff1535162ef8f4451307d9	10917
mods/heroes.stormmod/enus.stormassets/localizeddata/sounds/vo/aurieldemonic_vox_attack06.ogg	967ccfc9a63726599ecdcf863649f63c	10263
mods/heroes.stormmod/enus.stormassets/localizeddata/sounds/vo/aurieldemonic_vox_attack07.ogg	e59abf1d81fbe7fabbbd4b694165d183	11808
mods/heroes.stormmod/enus.stormassets/localizeddata/sounds/vo/aurieldemonic_vox_attack08.ogg	002fe113df9febf14e0ed75d4c2cf96c	11556
mods/heroes.stormmod/enus.stormassets/localizeddata/sounds/vo/aurieldemonic_vox_attack09.ogg	f144baea3b073085dc79524a4351bc6c	11418
mods/heroes.stormmod/enus.stormassets/localizeddata/sounds/vo/aurieldemonic_vox_castingd00.ogg	e8371d1feda4e97ccd9188743ece1e4e	13437
mods/heroes.stormmod/enus.stormassets/localizeddata/sounds/vo/aurieldemonic_vox_castingd01.ogg	307f8973674a2d464c0911c0c4e32664	12369
mods/heroes.stormmod/enus.stormassets/localizeddata/sounds/vo/aurieldemonic_vox_castingd02.ogg	b0aeeb5803761ceb3fc5516434f23036	12448
mods/heroes.stormmod/enus.stormassets/localizeddata/sounds/vo/aurieldemonic_vox_castingd03.ogg	df7ef7893211bd0ac7a24b29ae6148b5	11986
mods/heroes.stormmod/enus.stormassets/localizeddata/sounds/vo/aurieldemonic_vox_castingd04.ogg	bcdf054a1408a46c4ecb9d5f1dfdc856	12341
mods/heroes.stormmod/enus.stormassets/localizeddata/sounds/vo/aurieldemonic_vox_castingd05.ogg	3b6f34581dfd62538a7db13021eec1f6	12609
mods/heroes.stormmod/enus.stormassets/localizeddata/sounds/vo/aurieldemonic_vox_castingd06.ogg	92739b30ca55b6613de6d3c11ec41d1e	13793
mods/heroes.stormmod/enus.stormassets/localizeddata/sounds/vo/aurieldemonic_vox_castingd07.ogg	0502d4c76bd7a3393b29193f73607f86	11895
mods/heroes.stormmod/enus.stormassets/localizeddata/sounds/vo/aurieldemonic_vox_castingd08.ogg	7c69db48f3956739e1aa1745205e0d46	12243
mods/heroes.stormmod/enus.stormassets/localizeddata/sounds/vo/aurieldemonic_vox_castingd09.ogg	df8c6fbcb9fb50eae6d53094bba0c45f	11621
mods/heroes.stormmod/enus.stormassets/localizeddata/sounds/vo/aurieldemonic_vox_castinge00.ogg	a1d36fbea178c70634268c4e4074c956	11565
mods/heroes.stormmod/enus.stormassets/localizeddata/sounds/vo/aurieldemonic_vox_castinge01.ogg	fd163d173c84e525e1c1902810fbc52f	12704
mods/heroes.stormmod/enus.stormassets/localizeddata/sounds/vo/aurieldemonic_vox_castinge02.ogg	3c3144950f5a0b8c13b39e2544c1b0d6	12597
mods/heroes.stormmod/enus.stormassets/localizeddata/sounds/vo/aurieldemonic_vox_castinge03.ogg	4d835e6debe851e6304c74085f1d3b84	12179
mods/heroes.stormmod/enus.stormassets/localizeddata/sounds/vo/aurieldemonic_vox_castinge04.ogg	d215bf608f0b368c00a78dd808561b1c	12363
mods/heroes.stormmod/enus.stormassets/localizeddata/sounds/vo/aurieldemonic_vox_castinge05.ogg	413c60aaacc55f6ac6ec9a5988d89e1c	12821
mods/heroes.stormmod/enus.stormassets/localizeddata/sounds/vo/aurieldemonic_vox_castinge06.ogg	c03471b339b73d6630e8c0195a9b9d99	12922
mods/heroes.stormmod/enus.stormassets/localizeddata/sounds/vo/aurieldemonic_vox_castinge07.ogg	e7192c88b598da6de2dbaceeec0d836a	12299
mods/heroes.stormmod/enus.stormassets/localizeddata/sounds/vo/aurieldemonic_vox_castinge08.ogg	9ae07d782386006aceb664fc93b88d2c	12338
mods/heroes.stormmod/enus.stormassets/localizeddata/sounds/vo/aurieldemonic_vox_castingq00.ogg	0ebc40c7a2b7154f66d919aea37e064b	12986
mods/heroes.stormmod/enus.stormassets/localizeddata/sounds/vo/aurieldemonic_vox_castingq01.ogg	a9e1588fd797871a85f9401ed30a2198	13008
mods/heroes.stormmod/enus.stormassets/localizeddata/sounds/vo/aurieldemonic_vox_castingq02.ogg	489d401415f4266da74420758ebf6e42	13469
mods/heroes.stormmod/enus.stormassets/localizeddata/sounds/vo/aurieldemonic_vox_castingq03.ogg	dc5df0234f32100710336e2e7f9bf329	15571
mods/heroes.stormmod/enus.stormassets/localizeddata/sounds/vo/aurieldemonic_vox_castingq04.ogg	e9fbdd66d9e6db02961d02a6c00df5ec	16744
mods/heroes.stormmod/enus.stormassets/localizeddata/sounds/vo/aurieldemonic_vox_castingq05.ogg	7c73089480bb2b2bc405171758412b8f	16467
mods/heroes.stormmod/enus.stormassets/localizeddata/sounds/vo/aurieldemonic_vox_castingq06.ogg	a2fa58fa4477b98344dc9f4706e5964f	18278
mods/heroes.stormmod/enus.stormassets/localizeddata/sounds/vo/aurieldemonic_vox_castingq07.ogg	7063b0075e2161c2f48d5e4efc8e0f86	13907
mods/heroes.stormmod/enus.stormassets/localizeddata/sounds/vo/aurieldemonic_vox_castingq08.ogg	b3dd061de3ff05e95519ad94bbbe4a09	15134
mods/heroes.stormmod/enus.stormassets/localizeddata/sounds/vo/aurieldemonic_vox_castingq09.ogg	535dd4eaac9ef7b9d62719520448fe55	14725
mods/heroes.stormmod/enus.stormassets/localizeddata/sounds/vo/aurieldemonic_vox_castingw00.ogg	4bb0473f785ffdc2b1fdbf0af5dbce85	10150
mods/heroes.stormmod/enus.stormassets/localizeddata/sounds/vo/aurieldemonic_vox_castingw01.ogg	f03176832e7a86b73642849bc47dd375	11431
mods/heroes.stormmod/enus.stormassets/localizeddata/sounds/vo/aurieldemonic_vox_castingw02.ogg	9f5e3f9557d25c0924999c50a7a95710	9232
mods/heroes.stormmod/enus.stormassets/localizeddata/sounds/vo/aurieldemonic_vox_castingw03.ogg	569a5dba22a7e82b7b4597ba9376573d	9529
mods/heroes.stormmod/enus.stormassets/localizeddata/sounds/vo/aurieldemonic_vox_castingw04.ogg	c7b8bbada6667a70eaee184ee6370e36	9985
mods/heroes.stormmod/enus.stormassets/localizeddata/sounds/vo/aurieldemonic_vox_castingw05.ogg	6ff71a7c1eb0c15eb01c8f128d9eaf91	10529
mods/heroes.stormmod/enus.stormassets/localizeddata/sounds/vo/aurieldemonic_vox_castingw06.ogg	1a03813163000d0bb0c87b66ae81a723	12371
mods/heroes.stormmod/enus.stormassets/localizeddata/sounds/vo/aurieldemonic_vox_castingw07.ogg	f8a221112183ec73c9fb36565bf3c39a	10423
mods/heroes.stormmod/enus.stormassets/localizeddata/sounds/vo/aurieldemonic_vox_castingw08.ogg	71f8983735076f98222222195c077574	12400
mods/heroes.stormmod/enus.stormassets/localizeddata/sounds/vo/aurieldemonic_vox_cheer04.ogg	fce912180ebf0ebd5f2aaac12c1856f2	19176
mods/heroes.stormmod/enus.stormassets/localizeddata/sounds/vo/aurieldemonic_vox_cheer06.ogg	a8cb2553f104082782dfbe2953de5cdf	19868
mods/heroes.stormmod/enus.stormassets/localizeddata/sounds/vo/aurieldemonic_vox_gethitlarge00.ogg	c941ab3d0beb9887401ff6ea6ac355ba	10903
mods/heroes.stormmod/enus.stormassets/localizeddata/sounds/vo/aurieldemonic_vox_gethitlarge01.ogg	4faa169adb81fa71c2716a1798170a14	11469
mods/heroes.stormmod/enus.stormassets/localizeddata/sounds/vo/aurieldemonic_vox_gethitlarge02.ogg	329db571651fa85e0a7c32f1a135d7fe	11543
mods/heroes.stormmod/enus.stormassets/localizeddata/sounds/vo/aurieldemonic_vox_gethitlarge03.ogg	13a8b746dcdc1c5299b52db8e47ab3f5	9074
mods/heroes.stormmod/enus.stormassets/localizeddata/sounds/vo/aurieldemonic_vox_gethitlarge04.ogg	936c3f7ac80f701719c2d5bf66453abb	12955
mods/heroes.stormmod/enus.stormassets/localizeddata/sounds/vo/aurieldemonic_vox_gethitlarge05.ogg	429a2ecf0c38141e80fcf7d6fded5b61	12231
mods/heroes.stormmod/enus.stormassets/localizeddata/sounds/vo/aurieldemonic_vox_gethitlarge06.ogg	c579878275e4debaddf3b8ced9a131dc	9739
mods/heroes.stormmod/enus.stormassets/localizeddata/sounds/vo/aurieldemonic_vox_gethitlarge07.ogg	7230eccd7dcab5eb5f2a49e4ab129749	9616
mods/heroes.stormmod/enus.stormassets/localizeddata/sounds/vo/aurieldemonic_vox_gethitlarge08.ogg	689e87d07f5445ae85cd388452c1c97b	9720
mods/heroes.stormmod/enus.stormassets/localizeddata/sounds/vo/aurieldemonic_vox_gethitlarge09.ogg	ababfe68b8a7b852ce11272f0d21af39	14355
mods/heroes.stormmod/enus.stormassets/localizeddata/sounds/vo/aurieldemonic_vox_gethitsmall00.ogg	0e2f0d74adea6494c125cb67edc868da	9343
mods/heroes.stormmod/enus.stormassets/localizeddata/sounds/vo/aurieldemonic_vox_gethitsmall01.ogg	16695bbd95e1c68b65ccb1e531012659	8304
mods/heroes.stormmod/enus.stormassets/localizeddata/sounds/vo/aurieldemonic_vox_gethitsmall02.ogg	e5e12811ca1176230753e1af12b5a34e	9438
mods/heroes.stormmod/enus.stormassets/localizeddata/sounds/vo/aurieldemonic_vox_gethitsmall03.ogg	f56d33790cb4085f7889b558b8d06166	10429
mods/heroes.stormmod/enus.stormassets/localizeddata/sounds/vo/aurieldemonic_vox_gethitsmall04.ogg	ba635c6838b39de305e59d877552a3bb	11671
mods/heroes.stormmod/enus.stormassets/localizeddata/sounds/vo/aurieldemonic_vox_gethitsmall05.ogg	6d78310a2e3c5a1b30ba8347bf072beb	11852
mods/heroes.stormmod/enus.stormassets/localizeddata/sounds/vo/aurieldemonic_vox_gethitsmall07.ogg	527bfe67977e241516e40c062afa45f6	9883
mods/heroes.stormmod/enus.stormassets/localizeddata/sounds/vo/aurieldemonic_vox_gethitsmall08.ogg	3d24956349dd530fbd41dad2faa27abf	10116
mods/heroes.stormmod/enus.stormassets/localizeddata/sounds/vo/aurieldemonic_vox_gethitsmall09.ogg	9216fee1893afb61255575b237565283	9156
mods/heroes.stormmod/enus.stormassets/localizeddata/sounds/vo/aurieldemonic_vox_pulled00.ogg	c75f801aa5b2a6bb7070f00b8a0c30f9	12320
mods/heroes.stormmod/enus.stormassets/localizeddata/sounds/vo/aurieldemonic_vox_pulled01.ogg	740df3bc5dbde3f86242d6264ce9b4c4	10136
mods/heroes.stormmod/enus.stormassets/localizeddata/sounds/vo/aurieldemonic_vox_pulled03.ogg	b2ee4ef893b586ed66a723401c852912	11549
mods/heroes.stormmod/enus.stormassets/localizeddata/sounds/vo/aurieldemonic_vox_pulled04.ogg	7e3fbe1ca2b5a80e29b050af64e43988	9914
mods/heroes.stormmod/enus.stormassets/localizeddata/sounds/vo/aurieldemonic_vox_pulled05.ogg	73e903a9941d90176519485a6571a396	10160
mods/heroes.stormmod/enus.stormassets/localizeddata/sounds/vo/aurieldemonic_vox_pulled06.ogg	59de5f7a52ec933d07135dc9f287f0b6	12414
mods/heroes.stormmod/enus.stormassets/localizeddata/sounds/vo/aurieldemonic_vox_ui_spun07.ogg	e73e9d97e9c648a0fb72ae5a25a26409	15263
mods/heroes.stormmod/enus.stormassets/localizeddata/sounds/vo/aurieldemonic_vox_ui_spun08.ogg	f38f2f366583e7433083a74d0fa67846	15382
mods/heroes.stormmod/enus.stormassets/localizeddata/sounds/vo/aurieldemonic_vox_ui_spun09.ogg	40c70acb216a4f049de981f5a8aae204	17635
mods/heroes.stormmod/enus.stormassets/localizeddata/sounds/vo/aurieldemonic_worthit00.ogg	b4319ec88523d93b35f2a171e7e7e1cd	39896
mods/heroes.stormmod/enus.stormassets/localizeddata/sounds/vo/aurieldemonic_worthit01.ogg	6e9c341d1e5ff5410d2be087190d89d7	31108
mods/heroes.stormmod/enus.stormassets/localizeddata/sounds/vo/aurieldemonic_yes00.ogg	2754210d567a9f7ab57a0a59553c5c36	26048
mods/heroes.stormmod/enus.stormassets/localizeddata/sounds/vo/aurieldemonic_yes01.ogg	4e431842b5ae287f69d60ed2abf0d1e3	25982
mods/heroes.stormmod/enus.stormassets/localizeddata/sounds/vo/aurieldemonic_yes02.ogg	f254f245b415136cc03f13e9aef19b79	27229
mods/heroes.stormmod/enus.stormassets/localizeddata/sounds/vo/aurieldemonic_yes03.ogg	038073184c9af1f78c1ac7adde2e1ce6	23072
mods/heroes.stormmod/enus.stormassets/localizeddata/sounds/vo/aurieldemonic_yes04.ogg	8dbbaf9aa2d74bea262d7f8c96071233	29601
mods/heroes.stormmod/enus.stormassets/localizeddata/sounds/vo/aurieldemonic_yes05.ogg	390871321ae0b13d3388aa3db4821cb5	22929
mods/heroes.stormmod/enus.stormassets/localizeddata/sounds/vo/aurieldemonic_yes06.ogg	ad083c0ebf0f76ad9de31f580f7ff397	23009
mods/heroes.stormmod/enus.stormassets/localizeddata/sounds/vo/aurieldemonic_yes07.ogg	8d8a707a578d663e46d264f6ffa4f80f	23020
mods/heroes.stormmod/enus.stormassets/localizeddata/sounds/vo/aurieldemonic_yes08.ogg	2aa8bac5d88e955dff687bcda425623b	30143
mods/heroes.stormmod/enus.stormassets/localizeddata/sounds/vo/aurielhana_ai_attack00.ogg	e0da9d93d0605e9b5d0a5e0f6af4eedb	23816
mods/heroes.stormmod/enus.stormassets/localizeddata/sounds/vo/aurielhana_ai_attack01.ogg	1a41657680445b5ab8033f7d3a89a29b	45035
mods/heroes.stormmod/enus.stormassets/localizeddata/sounds/vo/aurielhana_ai_attack02.ogg	4d5bcab95fc47d4219ac1951c7e5f055	52227
mods/heroes.stormmod/enus.stormassets/localizeddata/sounds/vo/aurielhana_ai_caution00.ogg	c0cc435f34fe4c4d31ae647fec62b75e	43182
mods/heroes.stormmod/enus.stormassets/localizeddata/sounds/vo/aurielhana_ai_goodjob00.ogg	9b99374a119de877fa81d468b4aebb61	28683
mods/heroes.stormmod/enus.stormassets/localizeddata/sounds/vo/aurielhana_ai_goodjob01.ogg	dfa1b2e2a385511a2abc19b95e9a6cf8	23604
mods/heroes.stormmod/enus.stormassets/localizeddata/sounds/vo/aurielhana_ai_goodjob02.ogg	0299239a30d91433ed71be8aefab8928	32093
mods/heroes.stormmod/enus.stormassets/localizeddata/sounds/vo/aurielhana_ai_heal00.ogg	99a570dba647f5568f2f5df441beb7aa	52355
mods/heroes.stormmod/enus.stormassets/localizeddata/sounds/vo/aurielhana_ai_heal01.ogg	773a2aada83bc9e0e5f18cd3b3600a66	56172
mods/heroes.stormmod/enus.stormassets/localizeddata/sounds/vo/aurielhana_ai_retreat00.ogg	892194e6232a431b159bbcd1287fd89d	30562
mods/heroes.stormmod/enus.stormassets/localizeddata/sounds/vo/aurielhana_ai_retreat01.ogg	42a243b1a3a7c6550f050809d87cc481	36405
mods/heroes.stormmod/enus.stormassets/localizeddata/sounds/vo/aurielhana_ai_uhoh00.ogg	42f3ecbab7e4f1262f55a8362b03d982	24232
mods/heroes.stormmod/enus.stormassets/localizeddata/sounds/vo/aurielhana_ai_uhoh01.ogg	595af8d1e9078600e255db6f7efe503e	30760
mods/heroes.stormmod/enus.stormassets/localizeddata/sounds/vo/aurielhana_ai_uhoh02.ogg	3913b087ad26fcaab7b03ed37168abad	32194
mods/heroes.stormmod/enus.stormassets/localizeddata/sounds/vo/aurielhana_angelicflight00.ogg	3127a64be8b7407070ecd6ddc4155857	14152
mods/heroes.stormmod/enus.stormassets/localizeddata/sounds/vo/aurielhana_angelicflight01.ogg	b10f501fce61947ba7d1dd5660160db9	17562
mods/heroes.stormmod/enus.stormassets/localizeddata/sounds/vo/aurielhana_angelicflight02.ogg	1662508de0f243fe4c5f06a602fe40e2	22909
mods/heroes.stormmod/enus.stormassets/localizeddata/sounds/vo/aurielhana_angelicflight03.ogg	1a2d7c655db59a193887df55d0476f56	15873
mods/heroes.stormmod/enus.stormassets/localizeddata/sounds/vo/aurielhana_angelicflight04.ogg	d15b23c7af0025a50ecb94499953a01d	14873
mods/heroes.stormmod/enus.stormassets/localizeddata/sounds/vo/aurielhana_angelicflight05.ogg	3633289f66e4598984f749a38ca39e34	26582
mods/heroes.stormmod/enus.stormassets/localizeddata/sounds/vo/aurielhana_angelicflight06.ogg	358d0b145ecf5d5568e47d62633edd51	20528
mods/heroes.stormmod/enus.stormassets/localizeddata/sounds/vo/aurielhana_angelicflight07.ogg	c543cfe3e11e4d432826e981698cc902	23763
mods/heroes.stormmod/enus.stormassets/localizeddata/sounds/vo/aurielhana_angelicflight08.ogg	7236c7a1f11194751945ea7eb0f7a889	25474
mods/heroes.stormmod/enus.stormassets/localizeddata/sounds/vo/aurielhana_angelicflight09.ogg	b8a293d6df2f7856b3d53a07a15f53ae	26192
mods/heroes.stormmod/enus.stormassets/localizeddata/sounds/vo/aurielhana_angelicflight10.ogg	66868ee4e39f1536d3f8269e26d1dafb	25854
mods/heroes.stormmod/enus.stormassets/localizeddata/sounds/vo/aurielhana_angelicflight11.ogg	0d12944e775adbfb03b9b0293dcf0085	23943
mods/heroes.stormmod/enus.stormassets/localizeddata/sounds/vo/aurielhana_angelicflight12.ogg	6984bc3cb634d868c8ddd6c069b23d17	27002
mods/heroes.stormmod/enus.stormassets/localizeddata/sounds/vo/aurielhana_attack00.ogg	44020aafea76e5898843f687ed77e196	40782
mods/heroes.stormmod/enus.stormassets/localizeddata/sounds/vo/aurielhana_attack01.ogg	791faeba5cb9bd4b8f37b35e3c1c34ab	32545
mods/heroes.stormmod/enus.stormassets/localizeddata/sounds/vo/aurielhana_attack02.ogg	d3026d84a75f1e08d1ec957256751043	32990
mods/heroes.stormmod/enus.stormassets/localizeddata/sounds/vo/aurielhana_attack03.ogg	1903bab0f161c36a46580e6c1ea8a2d1	28399
mods/heroes.stormmod/enus.stormassets/localizeddata/sounds/vo/aurielhana_attack04.ogg	98c5ab9a41803765c37cb7265b0f40e9	31723
mods/heroes.stormmod/enus.stormassets/localizeddata/sounds/vo/aurielhana_attack05.ogg	a594c7d38f08ffe35597b90b34388f3b	34020
mods/heroes.stormmod/enus.stormassets/localizeddata/sounds/vo/aurielhana_attack06.ogg	e631012db29b380c6aa0c69589a38669	37018
mods/heroes.stormmod/enus.stormassets/localizeddata/sounds/vo/aurielhana_celebrate00.ogg	603d5de933b2762eac6b8fe82cfa71db	22595
mods/heroes.stormmod/enus.stormassets/localizeddata/sounds/vo/aurielhana_celebrate01.ogg	27dc1000878324786299536ee277817a	34103
mods/heroes.stormmod/enus.stormassets/localizeddata/sounds/vo/aurielhana_comeback00.ogg	52e4bdab01f5bf75dffe7a3777cf52c4	57744
mods/heroes.stormmod/enus.stormassets/localizeddata/sounds/vo/aurielhana_death00.wav	4152e84fb24c3ce3bb32afb1fc86f3e3	200764
mods/heroes.stormmod/enus.stormassets/localizeddata/sounds/vo/aurielhana_death01.wav	bc6ba09c78fa4b10530e6179ab2b0271	90684
mods/heroes.stormmod/enus.stormassets/localizeddata/sounds/vo/aurielhana_death02.wav	70132ca5931ce218a63f1dc280f76f8e	98876
mods/heroes.stormmod/enus.stormassets/localizeddata/sounds/vo/aurielhana_death03.wav	f3b47c08b08c216771dd5606f6da6e3b	116284
mods/heroes.stormmod/enus.stormassets/localizeddata/sounds/vo/aurielhana_death04.wav	2d7ee295407f731c25778e3065d3b40d	116284
mods/heroes.stormmod/enus.stormassets/localizeddata/sounds/vo/aurielhana_death05.wav	992ce8d1a8845d07451fac3291dd3234	127548
mods/heroes.stormmod/enus.stormassets/localizeddata/sounds/vo/aurielhana_death06.wav	268db5d5ea4187725ad16808d6b83f13	117820
mods/heroes.stormmod/enus.stormassets/localizeddata/sounds/vo/aurielhana_death07.wav	9f9d52b822613664e4fadd284ed379e8	138812
mods/heroes.stormmod/enus.stormassets/localizeddata/sounds/vo/aurielhana_death08.wav	8428c1ba0740c1361346569866aca883	145980
mods/heroes.stormmod/enus.stormassets/localizeddata/sounds/vo/aurielhana_death09.wav	cd93acec69be7206415a645b9ab33e9d	134204
mods/heroes.stormmod/enus.stormassets/localizeddata/sounds/vo/aurielhana_death10.wav	1ded85cb9a033a8f29a3c37c00dd6381	152124
mods/heroes.stormmod/enus.stormassets/localizeddata/sounds/vo/aurielhana_death11.wav	0a44f8bdaef1b7422cf91a22e56fa04c	81980
mods/heroes.stormmod/enus.stormassets/localizeddata/sounds/vo/aurielhana_death12.wav	9ae1e1f06d380d9bbe45d1be23a4fbdb	85564
mods/heroes.stormmod/enus.stormassets/localizeddata/sounds/vo/aurielhana_death13.wav	e5ed8fe7fa78707bb2d4b60342517763	94780
mods/heroes.stormmod/enus.stormassets/localizeddata/sounds/vo/aurielhana_healed00.ogg	e021d70f87531f247cc599f90a754b70	39869
mods/heroes.stormmod/enus.stormassets/localizeddata/sounds/vo/aurielhana_healed01.ogg	d8707f727cf59833319e3f8089ae8faa	45670
mods/heroes.stormmod/enus.stormassets/localizeddata/sounds/vo/aurielhana_healed02.ogg	dd059abdb96277f188ed2ccff7c15f5d	32693
mods/heroes.stormmod/enus.stormassets/localizeddata/sounds/vo/aurielhana_introagree00.ogg	ef4e9d7e5d6094f4871bc0636a13c04c	46657
mods/heroes.stormmod/enus.stormassets/localizeddata/sounds/vo/aurielhana_introagree01.ogg	901cdd30817a18b76de5425fd8c7dc40	55689
mods/heroes.stormmod/enus.stormassets/localizeddata/sounds/vo/aurielhana_introagree02.ogg	1f4dc49cdd5401a22e9b8bc0f2d6555e	34256
mods/heroes.stormmod/enus.stormassets/localizeddata/sounds/vo/aurielhana_introboast00.ogg	d8a1edaf060015fd0fc01e90ce5dc8bf	50112
mods/heroes.stormmod/enus.stormassets/localizeddata/sounds/vo/aurielhana_introboast01.ogg	259fef41f179a150ba6f38f404717778	50238
mods/heroes.stormmod/enus.stormassets/localizeddata/sounds/vo/aurielhana_introquestion00.ogg	80a566b3ed1d46d36ed18739d54d1cc5	64894
mods/heroes.stormmod/enus.stormassets/localizeddata/sounds/vo/aurielhana_introquestion01.ogg	ef9c125c0888200aac48a046743b2865	56930
mods/heroes.stormmod/enus.stormassets/localizeddata/sounds/vo/aurielhana_introquestion_alien00.ogg	6db499f62d8f01ba72e3df7ddb7f0473	98946
mods/heroes.stormmod/enus.stormassets/localizeddata/sounds/vo/aurielhana_introquestion_angel00.ogg	ea333cb471b6a9761fb304d3541a47e5	44645
mods/heroes.stormmod/enus.stormassets/localizeddata/sounds/vo/aurielhana_introquestion_butcher00.ogg	d4b4b03bcf18fbc12584a33715d5c43c	79587
mods/heroes.stormmod/enus.stormassets/localizeddata/sounds/vo/aurielhana_introquestion_curious00.ogg	bd77776666cdaf889d72c8cc11b62a3c	64513
mods/heroes.stormmod/enus.stormassets/localizeddata/sounds/vo/aurielhana_introquestion_d3hero00.ogg	3e007a66bafd1fd79f83d681d2dca997	51456
mods/heroes.stormmod/enus.stormassets/localizeddata/sounds/vo/aurielhana_introquestion_demon00.ogg	e66a323a73bf2a760c49f502a3943134	74089
mods/heroes.stormmod/enus.stormassets/localizeddata/sounds/vo/aurielhana_introquestion_diablohero00.ogg	2d85f5d78d2d2b9589bca891d0b60b99	74924
mods/heroes.stormmod/enus.stormassets/localizeddata/sounds/vo/aurielhana_introquestion_guldan00.ogg	bd718750e80794613b2b6a7992ecfe25	81774
mods/heroes.stormmod/enus.stormassets/localizeddata/sounds/vo/aurielhana_introquestion_hope00.ogg	8f28076a1b5a147b9f8ae4cf8d3d9da5	65421
mods/heroes.stormmod/enus.stormassets/localizeddata/sounds/vo/aurielhana_introquestion_leoric00.ogg	54b28842553251cc0f3fe5aaa30c738c	67538
mods/heroes.stormmod/enus.stormassets/localizeddata/sounds/vo/aurielhana_introquestion_lostvikings00.ogg	852a78f60d8019dbd9ceccf116def6ae	41063
mods/heroes.stormmod/enus.stormassets/localizeddata/sounds/vo/aurielhana_introquestion_murky00.ogg	97af52989124a2ef1cd50c14665377b9	60430
mods/heroes.stormmod/enus.stormassets/localizeddata/sounds/vo/aurielhana_introquestion_negative00.ogg	a639dd4c96366a2644ba5001579cf55a	49695
mods/heroes.stormmod/enus.stormassets/localizeddata/sounds/vo/aurielhana_introquestion_positive00.ogg	9494aa6736a6b556d794acf356ebdadd	51585
mods/heroes.stormmod/enus.stormassets/localizeddata/sounds/vo/aurielhana_introquestion_tyrael00.ogg	65bcdd1c375f11758434b2d269ef07ed	46581
mods/heroes.stormmod/enus.stormassets/localizeddata/sounds/vo/aurielhana_introquestion_upset00.ogg	a1db3e4be55a1a740f0b4b5ea1d9c054	68020
mods/heroes.stormmod/enus.stormassets/localizeddata/sounds/vo/aurielhana_introrespond00.ogg	414636931cd7291529532a9d8385cd89	56044
mods/heroes.stormmod/enus.stormassets/localizeddata/sounds/vo/aurielhana_introrespond01.ogg	f90e1d26cacf677b43d9eccd1ca26171	19446
mods/heroes.stormmod/enus.stormassets/localizeddata/sounds/vo/aurielhana_introrespond02.ogg	817c4d11d1eb1e5cf4eb36d25757f631	67788
mods/heroes.stormmod/enus.stormassets/localizeddata/sounds/vo/aurielhana_introresponse_alien00.ogg	e7ddb8a724c76469671bdb3e97cbee42	55463
mods/heroes.stormmod/enus.stormassets/localizeddata/sounds/vo/aurielhana_introresponse_angel00.ogg	4640f558d0a61db18c9524d955297c1c	48536
mods/heroes.stormmod/enus.stormassets/localizeddata/sounds/vo/aurielhana_introresponse_butcher00.ogg	ca91bdad5135b3fe7bf5520172edd996	79672
mods/heroes.stormmod/enus.stormassets/localizeddata/sounds/vo/aurielhana_introresponse_curious00.ogg	c51592489c4fa6e6c05ac10ed64a4923	72709
mods/heroes.stormmod/enus.stormassets/localizeddata/sounds/vo/aurielhana_introresponse_d3hero00.ogg	523dd787cf965f9a9464e8b496c5cda6	41881
mods/heroes.stormmod/enus.stormassets/localizeddata/sounds/vo/aurielhana_introresponse_demon00.ogg	2501dcb4e8d7679ca9dd40c1d000337c	44737
mods/heroes.stormmod/enus.stormassets/localizeddata/sounds/vo/aurielhana_introresponse_diablohero00.ogg	da403c870114bb139d09ae0a4041fb00	49621
mods/heroes.stormmod/enus.stormassets/localizeddata/sounds/vo/aurielhana_introresponse_dismissive00.ogg	e6856e7d85e0de23ea6cef970a703f7c	73147
mods/heroes.stormmod/enus.stormassets/localizeddata/sounds/vo/aurielhana_introresponse_guldan00.ogg	b68a6a45f7b4e357ff44d4380a07b3e8	68631
mods/heroes.stormmod/enus.stormassets/localizeddata/sounds/vo/aurielhana_introresponse_leoric00.ogg	11360bc7d637b128d096026a9f0f243f	55257
mods/heroes.stormmod/enus.stormassets/localizeddata/sounds/vo/aurielhana_introresponse_lostvikings00.ogg	ea42915ceffb908a3e7c49686e75e78c	67480
mods/heroes.stormmod/enus.stormassets/localizeddata/sounds/vo/aurielhana_introresponse_murky00.ogg	684999117d90061d9f6e1c984c560df3	84105
mods/heroes.stormmod/enus.stormassets/localizeddata/sounds/vo/aurielhana_introresponse_negative00.ogg	39d0215e0c744e0bfdfa58717883e881	51050
mods/heroes.stormmod/enus.stormassets/localizeddata/sounds/vo/aurielhana_introresponse_positive00.ogg	18b2dc22ecdee7b81b6fda57bf9c8f2c	49501
mods/heroes.stormmod/enus.stormassets/localizeddata/sounds/vo/aurielhana_introresponse_righteous00.ogg	5b38e77d5c72f4d46a4fe5bba05f932a	36546
mods/heroes.stormmod/enus.stormassets/localizeddata/sounds/vo/aurielhana_introresponse_tyrael00.ogg	8303bc393e908ff28c65b474b1557604	41929
mods/heroes.stormmod/enus.stormassets/localizeddata/sounds/vo/aurielhana_introresponse_weird00.ogg	b38cb055d81ea0aafa668256620d5e1f	82103
mods/heroes.stormmod/enus.stormassets/localizeddata/sounds/vo/aurielhana_kill00.ogg	24f425e767e590fd9e80e0dddbe037e5	46545
mods/heroes.stormmod/enus.stormassets/localizeddata/sounds/vo/aurielhana_kill02.ogg	fd3595fb0c450267186dc6c8ce18b91e	39550
mods/heroes.stormmod/enus.stormassets/localizeddata/sounds/vo/aurielhana_kill03.ogg	39bd9c952f6703a4d841259ebf6e59f3	31343
mods/heroes.stormmod/enus.stormassets/localizeddata/sounds/vo/aurielhana_kill04.ogg	8108efcc79f3660a4ef98c91fd020705	40924
mods/heroes.stormmod/enus.stormassets/localizeddata/sounds/vo/aurielhana_killangel00.ogg	8e04e0bbbf3b4f0a3c6fb10d8abe6f3e	33641
mods/heroes.stormmod/enus.stormassets/localizeddata/sounds/vo/aurielhana_killauriel00.ogg	ba5dffdff2830b6d6e903fe67810bfb3	37150
mods/heroes.stormmod/enus.stormassets/localizeddata/sounds/vo/aurielhana_killazmodan00.ogg	0ee4cf17685806a704f3983a4a3a87c8	72420
mods/heroes.stormmod/enus.stormassets/localizeddata/sounds/vo/aurielhana_killbutcher00.ogg	ba33eddeaf22b728dcd7b51d8e461916	41761
mods/heroes.stormmod/enus.stormassets/localizeddata/sounds/vo/aurielhana_killchogall00.ogg	500adb00c862038b916eff2df163ded2	59349
mods/heroes.stormmod/enus.stormassets/localizeddata/sounds/vo/aurielhana_killd3hero00.ogg	ef302e14abe229f3edcc92ef08b9eb6a	55632
mods/heroes.stormmod/enus.stormassets/localizeddata/sounds/vo/aurielhana_killdiablo00.ogg	90baa4d9027eaa2afe0c4d3e5992737a	67779
mods/heroes.stormmod/enus.stormassets/localizeddata/sounds/vo/aurielhana_killleoric00.ogg	21e5ae5142501379b6041073d0f82d32	52910
mods/heroes.stormmod/enus.stormassets/localizeddata/sounds/vo/aurielhana_killtyrael00.ogg	b198d3bc2dd80f0ff04476a686db99bb	47807
mods/heroes.stormmod/enus.stormassets/localizeddata/sounds/vo/aurielhana_laugh00.ogg	dff1174ff975a550f05588fed24f09c4	21180
mods/heroes.stormmod/enus.stormassets/localizeddata/sounds/vo/aurielhana_laugh01.ogg	8042ba5a74e7a848298507738461fdda	31804
mods/heroes.stormmod/enus.stormassets/localizeddata/sounds/vo/aurielhana_laugh02.ogg	782d609c223b0ccbcf66a1b48ed2f167	20301
mods/heroes.stormmod/enus.stormassets/localizeddata/sounds/vo/aurielhana_laugh03.ogg	516b2610b80b59bb05d0c84e1947c576	31052
mods/heroes.stormmod/enus.stormassets/localizeddata/sounds/vo/aurielhana_laugh04.ogg	53937e66d821318bf518f562fbda8467	27929
mods/heroes.stormmod/enus.stormassets/localizeddata/sounds/vo/aurielhana_lowhealstored00.ogg	2350bc00f2be8c590e38ba2d0afd1d03	37070
mods/heroes.stormmod/enus.stormassets/localizeddata/sounds/vo/aurielhana_lowhealstored01.ogg	003698c6b363fa375e27495aeba63865	30578
mods/heroes.stormmod/enus.stormassets/localizeddata/sounds/vo/aurielhana_lowlifeheal00.ogg	66e4f7bc2902682cffacbba135841af5	38961
mods/heroes.stormmod/enus.stormassets/localizeddata/sounds/vo/aurielhana_lowlifeheal01.ogg	73f43a8ddf02818a2309073abf0e2b95	48503
mods/heroes.stormmod/enus.stormassets/localizeddata/sounds/vo/aurielhana_lowlifeheal02.ogg	d13a962023a0a002e3d2e1b2e20f302c	36735
mods/heroes.stormmod/enus.stormassets/localizeddata/sounds/vo/aurielhana_lowmana00.ogg	b4f05bb2cee43f7c2f7e582617af388b	28089
mods/heroes.stormmod/enus.stormassets/localizeddata/sounds/vo/aurielhana_lowmana01.ogg	46c540dc1ccfadfa45eeaec6cb5bc1f8	30100
mods/heroes.stormmod/enus.stormassets/localizeddata/sounds/vo/aurielhana_lowmana02.ogg	dd75a9ad9b361bf5f598d01f30fbe45a	31965
mods/heroes.stormmod/enus.stormassets/localizeddata/sounds/vo/aurielhana_lrghealstored00.ogg	2a9664bce28aaf705372cc68f922e92b	37974
mods/heroes.stormmod/enus.stormassets/localizeddata/sounds/vo/aurielhana_lrghealstored01.ogg	5994c9209e782fd3ec21bd2866403dcf	31348
mods/heroes.stormmod/enus.stormassets/localizeddata/sounds/vo/aurielhana_matchend00.ogg	a4989d9b684ec633d31793dee4ad0d26	20293
mods/heroes.stormmod/enus.stormassets/localizeddata/sounds/vo/aurielhana_matchend01.ogg	4789c3a84f32b0d349e1449884c7b820	26747
mods/heroes.stormmod/enus.stormassets/localizeddata/sounds/vo/aurielhana_maxhealstored00.ogg	c89a3ff2d5a57840021061424b57fb70	39558
mods/heroes.stormmod/enus.stormassets/localizeddata/sounds/vo/aurielhana_maxhealstored01.ogg	02a36eb2e65b28b226bfea104ba9bc3a	47951
mods/heroes.stormmod/enus.stormassets/localizeddata/sounds/vo/aurielhana_maxhealstored02.ogg	3f50db64423720ff2fd6651baf93fe98	32264
mods/heroes.stormmod/enus.stormassets/localizeddata/sounds/vo/aurielhana_maxhealstored03.ogg	32b70e3de247820707c2741db07fd509	38942
mods/heroes.stormmod/enus.stormassets/localizeddata/sounds/vo/aurielhana_medhealstored00.ogg	13117469bc5d8c3dd7142064a3c16c28	40571
mods/heroes.stormmod/enus.stormassets/localizeddata/sounds/vo/aurielhana_medhealstored01.ogg	ebd7d93aed363fada712445b6d84bb8b	29245
mods/heroes.stormmod/enus.stormassets/localizeddata/sounds/vo/aurielhana_no00.ogg	03aa45c2120ddd841121606e000f79ad	35310
mods/heroes.stormmod/enus.stormassets/localizeddata/sounds/vo/aurielhana_no01.ogg	4e0b4a48411477138e2c2515b3c133ac	36091
mods/heroes.stormmod/enus.stormassets/localizeddata/sounds/vo/aurielhana_no02.ogg	0167082e63653caf8615840e9ce0864d	25967
mods/heroes.stormmod/enus.stormassets/localizeddata/sounds/vo/aurielhana_no03.ogg	035283bbd139fe9fee8edda10c3757bb	20990
mods/heroes.stormmod/enus.stormassets/localizeddata/sounds/vo/aurielhana_ping_assisthero00.ogg	3b76167c693b6f09637d4a7d2df7c414	27133
mods/heroes.stormmod/enus.stormassets/localizeddata/sounds/vo/aurielhana_ping_assistme00.ogg	23c01894cc6dfe5411a2c4c51f11624c	38717
mods/heroes.stormmod/enus.stormassets/localizeddata/sounds/vo/aurielhana_ping_assistme01.ogg	dcded19f5c86e6111c7a68659d118ff8	32242
mods/heroes.stormmod/enus.stormassets/localizeddata/sounds/vo/aurielhana_ping_attackcastle00.ogg	2e79091498eefe611d02a91147bda09e	27210
mods/heroes.stormmod/enus.stormassets/localizeddata/sounds/vo/aurielhana_ping_attackmerc00.ogg	533d8d8bb55b654524297391c5a88e5f	43157
mods/heroes.stormmod/enus.stormassets/localizeddata/sounds/vo/aurielhana_ping_attackoutpost00.ogg	161baba031ba47308980e32d44f79a68	33825
mods/heroes.stormmod/enus.stormassets/localizeddata/sounds/vo/aurielhana_ping_attacktower00.ogg	4511a6f474b6abb892fbdc0c010fd7bd	29047
mods/heroes.stormmod/enus.stormassets/localizeddata/sounds/vo/aurielhana_ping_defendcastle00.ogg	8dc7a72c3265b977d0b23dd6b270eb20	26840
mods/heroes.stormmod/enus.stormassets/localizeddata/sounds/vo/aurielhana_ping_defendoutpost00.ogg	e308faa294d6f3aabfb2b9b0647e76fd	33311
mods/heroes.stormmod/enus.stormassets/localizeddata/sounds/vo/aurielhana_ping_defendtower00.ogg	9d8973615260c6dd65ea4fffba0c987f	41496
mods/heroes.stormmod/enus.stormassets/localizeddata/sounds/vo/aurielhana_ping_killhero00.ogg	2e77f7b2bc6c1c402e6b6a5517f26d88	39364
mods/heroes.stormmod/enus.stormassets/localizeddata/sounds/vo/aurielhana_pissed00.ogg	801c906bce46015d23ee2e0a0a34a75b	34184
mods/heroes.stormmod/enus.stormassets/localizeddata/sounds/vo/aurielhana_pissed01.ogg	034204948efdd7f804df277b51cd376c	36729
mods/heroes.stormmod/enus.stormassets/localizeddata/sounds/vo/aurielhana_pissed02.ogg	8db780c98d56f5d470a60c61935792a2	72408
mods/heroes.stormmod/enus.stormassets/localizeddata/sounds/vo/aurielhana_pissed03.ogg	7039180fcd210d8cf3e5037234d43e62	195028
mods/heroes.stormmod/enus.stormassets/localizeddata/sounds/vo/aurielhana_pissed04.ogg	62b4451e4521a8e92689094892d31b53	151465
mods/heroes.stormmod/enus.stormassets/localizeddata/sounds/vo/aurielhana_pissed05.ogg	402eeb0701fe07501622ec7b1e09a8cb	140965
mods/heroes.stormmod/enus.stormassets/localizeddata/sounds/vo/aurielhana_pissed06.ogg	eaac4c1ab6e40d7da4be76b77910c590	134082
mods/heroes.stormmod/enus.stormassets/localizeddata/sounds/vo/aurielhana_pissed07.ogg	3f376b4ffd08989e476a67b837b2ae7f	135000
mods/heroes.stormmod/enus.stormassets/localizeddata/sounds/vo/aurielhana_pissed08.ogg	6ea9f4e361489550bb83ce792b88d705	96372
mods/heroes.stormmod/enus.stormassets/localizeddata/sounds/vo/aurielhana_pissed09.ogg	eb8a0819953acca1b72ef6414abd407b	94211
mods/heroes.stormmod/enus.stormassets/localizeddata/sounds/vo/aurielhana_pissed10.ogg	092f0b3df649bbd8fd18125a37a36d71	116562
mods/heroes.stormmod/enus.stormassets/localizeddata/sounds/vo/aurielhana_pissed11.ogg	dd9bde2db0dc1e3d7ce6410fd165533e	137576
mods/heroes.stormmod/enus.stormassets/localizeddata/sounds/vo/aurielhana_pissed12.ogg	c846ff3523f4aeb3cf7539c1bd90755f	81599
mods/heroes.stormmod/enus.stormassets/localizeddata/sounds/vo/aurielhana_pissed13.ogg	0cf2bf4aa2c4fd8673b2eeb2bc6afce7	140979
mods/heroes.stormmod/enus.stormassets/localizeddata/sounds/vo/aurielhana_pissed14.ogg	703c81502f294a1c7be5e68876cba69e	124790
mods/heroes.stormmod/enus.stormassets/localizeddata/sounds/vo/aurielhana_resurrected00.ogg	22189672628350dc4cb6debbc62f51d9	64326
mods/heroes.stormmod/enus.stormassets/localizeddata/sounds/vo/aurielhana_resurrected01.ogg	14142efdf21584cf2e13ac039b3e99ab	51701
mods/heroes.stormmod/enus.stormassets/localizeddata/sounds/vo/aurielhana_revive00.ogg	574f9938b6a1ea8201e1e85fdc4490ce	33432
mods/heroes.stormmod/enus.stormassets/localizeddata/sounds/vo/aurielhana_revive01.ogg	a645b548b77e58b2212b2231430548fb	50035
mods/heroes.stormmod/enus.stormassets/localizeddata/sounds/vo/aurielhana_revive02.ogg	97c38a80bd88997741eed75317f60118	45083
mods/heroes.stormmod/enus.stormassets/localizeddata/sounds/vo/aurielhana_revive03.ogg	94a1c4d38d5a5e06c67079ed09c85f4e	35583
mods/heroes.stormmod/enus.stormassets/localizeddata/sounds/vo/aurielhana_spec00.ogg	558ecf416b6c78cd71b95d0d3ccc8d69	32089
mods/heroes.stormmod/enus.stormassets/localizeddata/sounds/vo/aurielhana_spec01.ogg	2b9402ff9d0d23d20fdd3f933e743d81	21123
mods/heroes.stormmod/enus.stormassets/localizeddata/sounds/vo/aurielhana_spec02.ogg	20181ab2e64bd835c455e439b1136d88	29607
mods/heroes.stormmod/enus.stormassets/localizeddata/sounds/vo/aurielhana_spec03.ogg	900048c4e4be231daa105418fa6361f2	38167
mods/heroes.stormmod/enus.stormassets/localizeddata/sounds/vo/aurielhana_spec04.ogg	b77c8d82092cf8e8113368157a5b9646	37705
mods/heroes.stormmod/enus.stormassets/localizeddata/sounds/vo/aurielhana_taunt00.ogg	5973d9867697d162aac3d35f19d034df	67554
mods/heroes.stormmod/enus.stormassets/localizeddata/sounds/vo/aurielhana_taunt01.ogg	4fd25fbfc4753ce91342dd7d7d3d9487	63653
mods/heroes.stormmod/enus.stormassets/localizeddata/sounds/vo/aurielhana_taunt02.ogg	1de0e71d7c7e5e623891e4d4530f0fbd	45196
mods/heroes.stormmod/enus.stormassets/localizeddata/sounds/vo/aurielhana_teamkilled00.ogg	4cbe98336a051134ee9cccda03804612	45264
mods/heroes.stormmod/enus.stormassets/localizeddata/sounds/vo/aurielhana_ui_exlocked00.ogg	62fc316097b5a862eb202ce3bb48f46a	32340
mods/heroes.stormmod/enus.stormassets/localizeddata/sounds/vo/aurielhana_ui_expurchased00.ogg	266eeae2d84412ef6863a4b90fed2856	40431
mods/heroes.stormmod/enus.stormassets/localizeddata/sounds/vo/aurielhana_ui_gift00.ogg	35f461eb737f55f5a0a96869225733f9	37820
mods/heroes.stormmod/enus.stormassets/localizeddata/sounds/vo/aurielhana_ui_lockin00.ogg	e211843a07d50ed459b67464c07fc33e	31928
mods/heroes.stormmod/enus.stormassets/localizeddata/sounds/vo/aurielhana_ui_purchase00.ogg	c8f33ec9cb13f7fdeecb1ad90a337f33	33512
mods/heroes.stormmod/enus.stormassets/localizeddata/sounds/vo/aurielhana_ui_trial00_alt.ogg	dcd29d25390d1f8cf18e3a49ce63527b	47521
mods/heroes.stormmod/enus.stormassets/localizeddata/sounds/vo/aurielhana_ui_trial01.ogg	497829b985652eaab3114cb09138e93a	50806
mods/heroes.stormmod/enus.stormassets/localizeddata/sounds/vo/aurielhana_ui_waitlocked00.ogg	d35c88ad5739ce6c9f9e3470a545b488	35141
mods/heroes.stormmod/enus.stormassets/localizeddata/sounds/vo/aurielhana_ui_waitlocked01.ogg	52d0fb16a09fc2e4a8acfb2744a11b01	42559
mods/heroes.stormmod/enus.stormassets/localizeddata/sounds/vo/aurielhana_ui_waitpurchased00.ogg	bb2418e26c3f204675baa76d7e5ee835	90417
mods/heroes.stormmod/enus.stormassets/localizeddata/sounds/vo/aurielhana_ui_waitpurchased01.ogg	78f725ed19a7afc3ff422dcc003304d7	59098
mods/heroes.stormmod/enus.stormassets/localizeddata/sounds/vo/aurielhana_ultimate2used00.ogg	140fd850fb1b7536091a29d7463f2925	36672
mods/heroes.stormmod/enus.stormassets/localizeddata/sounds/vo/aurielhana_ultimate2used01.ogg	8d3e004833c5e392cd308544f7f5c9dd	35882
mods/heroes.stormmod/enus.stormassets/localizeddata/sounds/vo/aurielhana_ultimate2used02.ogg	114e1138372ca998c850178e91d3d58e	36710
mods/heroes.stormmod/enus.stormassets/localizeddata/sounds/vo/aurielhana_ultimate2used03.ogg	ba1197e09803a4ea7f24f2c3cc3e2ad2	40172
mods/heroes.stormmod/enus.stormassets/localizeddata/sounds/vo/aurielhana_voicelinefive00.ogg	c8f33ec9cb13f7fdeecb1ad90a337f33	33512
mods/heroes.stormmod/enus.stormassets/localizeddata/sounds/vo/aurielhana_voicelinefour00.ogg	fd3595fb0c450267186dc6c8ce18b91e	39550
mods/heroes.stormmod/enus.stormassets/localizeddata/sounds/vo/aurielhana_voicelineone00.ogg	f32eacaa0e0cddec1da293324cfb9c9d	29996
mods/heroes.stormmod/enus.stormassets/localizeddata/sounds/vo/aurielhana_voicelinethree00.ogg	603d5de933b2762eac6b8fe82cfa71db	22595
mods/heroes.stormmod/enus.stormassets/localizeddata/sounds/vo/aurielhana_voicelinetwo00.ogg	e631012db29b380c6aa0c69589a38669	37018
mods/heroes.stormmod/enus.stormassets/localizeddata/sounds/vo/aurielhana_vox_attack00.ogg	d9dbd1c517423a426be12de548078d10	12759
mods/heroes.stormmod/enus.stormassets/localizeddata/sounds/vo/aurielhana_vox_attack01.ogg	5acf152f6c54e74ce523a9c1ece80660	12943
mods/heroes.stormmod/enus.stormassets/localizeddata/sounds/vo/aurielhana_vox_attack02.ogg	bcc8578576d06ff8922ae68eefc45f5b	13749
mods/heroes.stormmod/enus.stormassets/localizeddata/sounds/vo/aurielhana_vox_attack03.ogg	5d8c41766d6ffe1f3a47e45144376e6c	13116
mods/heroes.stormmod/enus.stormassets/localizeddata/sounds/vo/aurielhana_vox_attack04.ogg	122e96dd3d3e1d80f120d82ace0d06a1	13215
mods/heroes.stormmod/enus.stormassets/localizeddata/sounds/vo/aurielhana_vox_attack05.ogg	312f87ba136bc3292c1c41cf461c9cc0	11821
mods/heroes.stormmod/enus.stormassets/localizeddata/sounds/vo/aurielhana_vox_attack06.ogg	f7599c584097c40d75b524422766a0b0	11644
mods/heroes.stormmod/enus.stormassets/localizeddata/sounds/vo/aurielhana_vox_attack07.ogg	209862cab70d4bd0d66ee0571f6f7fa2	13095
mods/heroes.stormmod/enus.stormassets/localizeddata/sounds/vo/aurielhana_vox_attack08.ogg	50338ff7281bc3c9d5611ead262bf419	12803
mods/heroes.stormmod/enus.stormassets/localizeddata/sounds/vo/aurielhana_vox_attack09.ogg	f8e6165c084b47436bd42ad5e4f0e28b	12468
mods/heroes.stormmod/enus.stormassets/localizeddata/sounds/vo/aurielhana_vox_castingd00.ogg	03ded5205db233933de8ff627fe0c00a	15577
mods/heroes.stormmod/enus.stormassets/localizeddata/sounds/vo/aurielhana_vox_castingd01.ogg	5a2d1526f9201e1028ee82b81ab242b7	14241
mods/heroes.stormmod/enus.stormassets/localizeddata/sounds/vo/aurielhana_vox_castingd02.ogg	7737de1e01c704b38475e0f7accdf63a	14995
mods/heroes.stormmod/enus.stormassets/localizeddata/sounds/vo/aurielhana_vox_castingd03.ogg	61f5c8e9205910ad0205c0858c02dacb	13583
mods/heroes.stormmod/enus.stormassets/localizeddata/sounds/vo/aurielhana_vox_castingd04.ogg	a5c718052df7cb1757a64ee410e7c160	13897
mods/heroes.stormmod/enus.stormassets/localizeddata/sounds/vo/aurielhana_vox_castingd05.ogg	1d038c93fafe007f3320fbe331703570	13733
mods/heroes.stormmod/enus.stormassets/localizeddata/sounds/vo/aurielhana_vox_castingd06.ogg	4d218b70120c000f9c97f7fb0586400f	15541
mods/heroes.stormmod/enus.stormassets/localizeddata/sounds/vo/aurielhana_vox_castingd07.ogg	e47f8ddbceeec54d087954fcc7671cf0	13582
mods/heroes.stormmod/enus.stormassets/localizeddata/sounds/vo/aurielhana_vox_castingd08.ogg	cd2353e45e5b3c783200c4df9522dd2c	13799
mods/heroes.stormmod/enus.stormassets/localizeddata/sounds/vo/aurielhana_vox_castingd09.ogg	906eef9ec9dc54229cf69c8b4bd730d1	13366
mods/heroes.stormmod/enus.stormassets/localizeddata/sounds/vo/aurielhana_vox_castinge00.ogg	9c0443d5beaa55f4a55acfc661fcd8c5	13507
mods/heroes.stormmod/enus.stormassets/localizeddata/sounds/vo/aurielhana_vox_castinge01.ogg	f8724242e65289c5e79a88747c4d9f7d	15478
mods/heroes.stormmod/enus.stormassets/localizeddata/sounds/vo/aurielhana_vox_castinge02.ogg	a46c5c162798a0f602594daabb1da232	15122
mods/heroes.stormmod/enus.stormassets/localizeddata/sounds/vo/aurielhana_vox_castinge03.ogg	06c9089bef70d20aac559475102cd7cb	14297
mods/heroes.stormmod/enus.stormassets/localizeddata/sounds/vo/aurielhana_vox_castinge04.ogg	6318c4a39eedf5b90cc720e44ac0a514	14211
mods/heroes.stormmod/enus.stormassets/localizeddata/sounds/vo/aurielhana_vox_castinge05.ogg	468103e626d072e2db12519a5f4743bd	14594
mods/heroes.stormmod/enus.stormassets/localizeddata/sounds/vo/aurielhana_vox_castinge06.ogg	cf8c09d2ec4af7f88dc23ceaf18db2cd	14166
mods/heroes.stormmod/enus.stormassets/localizeddata/sounds/vo/aurielhana_vox_castinge07.ogg	94b4c40b0e5ec623ea0c32b0546d95b5	14095
mods/heroes.stormmod/enus.stormassets/localizeddata/sounds/vo/aurielhana_vox_castinge08.ogg	bfffe848c3ae26ef643b9fcb5a989df2	14395
mods/heroes.stormmod/enus.stormassets/localizeddata/sounds/vo/aurielhana_vox_castingq00.ogg	f3a3b2d2290f862e00702287469baf49	14873
mods/heroes.stormmod/enus.stormassets/localizeddata/sounds/vo/aurielhana_vox_castingq01.ogg	402d5c7837747cc8360d879ad1f7d21b	15300
mods/heroes.stormmod/enus.stormassets/localizeddata/sounds/vo/aurielhana_vox_castingq02.ogg	8c05001679f6cd9d766607ae535e0cfc	14816
mods/heroes.stormmod/enus.stormassets/localizeddata/sounds/vo/aurielhana_vox_castingq03.ogg	9a18b25d6a6a0b4529f0c5bfb94f1b43	17681
mods/heroes.stormmod/enus.stormassets/localizeddata/sounds/vo/aurielhana_vox_castingq04.ogg	068ade923c807645deb3c79cd8aad0b3	18579
mods/heroes.stormmod/enus.stormassets/localizeddata/sounds/vo/aurielhana_vox_castingq05.ogg	44481cc06aef44b779a57e8ea84458b2	18424
mods/heroes.stormmod/enus.stormassets/localizeddata/sounds/vo/aurielhana_vox_castingq06.ogg	1ad6189a87f7ad87f5bb600a07496800	21263
mods/heroes.stormmod/enus.stormassets/localizeddata/sounds/vo/aurielhana_vox_castingq07.ogg	1be5c6e51466a8a9498000bdb44a6883	16173
mods/heroes.stormmod/enus.stormassets/localizeddata/sounds/vo/aurielhana_vox_castingq08.ogg	17b01977333311c28b838e7a7abdb27d	17223
mods/heroes.stormmod/enus.stormassets/localizeddata/sounds/vo/aurielhana_vox_castingq09.ogg	17b0b2f5158bffccaff6342941ddc8ab	16861
mods/heroes.stormmod/enus.stormassets/localizeddata/sounds/vo/aurielhana_vox_castingw00.ogg	b973c8c3b33245482bb69d8423156833	11829
mods/heroes.stormmod/enus.stormassets/localizeddata/sounds/vo/aurielhana_vox_castingw01.ogg	4db81cac579e3c12cd7e9d1a0cf59af2	12830
mods/heroes.stormmod/enus.stormassets/localizeddata/sounds/vo/aurielhana_vox_castingw02.ogg	3bfbd26db356b3794ab86ad1ba80ca93	10745
mods/heroes.stormmod/enus.stormassets/localizeddata/sounds/vo/aurielhana_vox_castingw03.ogg	7736a2ed7e9f48a25969ba8bc2b77248	9497
mods/heroes.stormmod/enus.stormassets/localizeddata/sounds/vo/aurielhana_vox_castingw04.ogg	003a5a5e4b8feab42f75f4291e38fbc8	10610
mods/heroes.stormmod/enus.stormassets/localizeddata/sounds/vo/aurielhana_vox_castingw05.ogg	225181e2da0ab24e3ac4b54321d8b413	11054
mods/heroes.stormmod/enus.stormassets/localizeddata/sounds/vo/aurielhana_vox_castingw06.ogg	1d411cc4cbea6c54f119c3c71289c8b5	14505
mods/heroes.stormmod/enus.stormassets/localizeddata/sounds/vo/aurielhana_vox_castingw07.ogg	62dd727a340b5094a405704de08412d3	10546
mods/heroes.stormmod/enus.stormassets/localizeddata/sounds/vo/aurielhana_vox_castingw08.ogg	90a3fbc87cfb1d23d9aa44305d03d2cb	14021
mods/heroes.stormmod/enus.stormassets/localizeddata/sounds/vo/aurielhana_vox_cheer00.ogg	9c9d6ecd1b41dab54642faf39f379c3d	13947
mods/heroes.stormmod/enus.stormassets/localizeddata/sounds/vo/aurielhana_vox_cheer01.ogg	dd5cf8fc5b3942728889ca306838cb32	15537
mods/heroes.stormmod/enus.stormassets/localizeddata/sounds/vo/aurielhana_vox_gethitlarge00.ogg	9d0b5c241cab5cfdfc05c023f491640e	12001
mods/heroes.stormmod/enus.stormassets/localizeddata/sounds/vo/aurielhana_vox_gethitlarge01.ogg	06807e7d419be5a6d310d160b3cfbb56	11373
mods/heroes.stormmod/enus.stormassets/localizeddata/sounds/vo/aurielhana_vox_gethitlarge02.ogg	2b0a93861d61940e050643cc79155c2a	11872
mods/heroes.stormmod/enus.stormassets/localizeddata/sounds/vo/aurielhana_vox_gethitlarge03.ogg	65b245274194d73bcdc76454ffb9b8da	9096
mods/heroes.stormmod/enus.stormassets/localizeddata/sounds/vo/aurielhana_vox_gethitlarge04.ogg	8ad3e69bc4b9b8d02395e0e91f431f3b	13820
mods/heroes.stormmod/enus.stormassets/localizeddata/sounds/vo/aurielhana_vox_gethitlarge05.ogg	a73a87d05c6e9ba3676362dbfb6d5dd2	12401
mods/heroes.stormmod/enus.stormassets/localizeddata/sounds/vo/aurielhana_vox_gethitlarge06.ogg	557d75f973ece74d1dc8d8978a39b4d5	9091
mods/heroes.stormmod/enus.stormassets/localizeddata/sounds/vo/aurielhana_vox_gethitlarge07.ogg	43343739438cf43d1125c77f36148062	9655
mods/heroes.stormmod/enus.stormassets/localizeddata/sounds/vo/aurielhana_vox_gethitlarge08.ogg	4561f58a502c746d5f75e44858dda6ee	10669
mods/heroes.stormmod/enus.stormassets/localizeddata/sounds/vo/aurielhana_vox_gethitlarge09.ogg	4f5d189fb57c44876a094e712ff4c02d	15623
mods/heroes.stormmod/enus.stormassets/localizeddata/sounds/vo/aurielhana_vox_gethitsmall00.ogg	d645cc9ef4279848a2dcfbd967ab5729	9294
mods/heroes.stormmod/enus.stormassets/localizeddata/sounds/vo/aurielhana_vox_gethitsmall01.ogg	7e1e15a53a31efa8091e130f17ba882e	8281
mods/heroes.stormmod/enus.stormassets/localizeddata/sounds/vo/aurielhana_vox_gethitsmall02.ogg	29364b89e71584ecbb0e53eba8749428	11173
mods/heroes.stormmod/enus.stormassets/localizeddata/sounds/vo/aurielhana_vox_gethitsmall03.ogg	c70d810150da3d0aeeda97d9299f7671	12862
mods/heroes.stormmod/enus.stormassets/localizeddata/sounds/vo/aurielhana_vox_gethitsmall04.ogg	4a028d27fd34d3f1328cb9be86009bf6	12329
mods/heroes.stormmod/enus.stormassets/localizeddata/sounds/vo/aurielhana_vox_gethitsmall05.ogg	fce8579e20a258b15bd3eec3408df315	11477
mods/heroes.stormmod/enus.stormassets/localizeddata/sounds/vo/aurielhana_vox_gethitsmall06.ogg	acefe93aa2571e1d1db2423f5e2de07c	12564
mods/heroes.stormmod/enus.stormassets/localizeddata/sounds/vo/aurielhana_vox_gethitsmall07.ogg	81ef8fb7f66b128e5190360c59949146	10535
mods/heroes.stormmod/enus.stormassets/localizeddata/sounds/vo/aurielhana_vox_gethitsmall08.ogg	2a61949cc1180025b2767c2625a7b011	10340
mods/heroes.stormmod/enus.stormassets/localizeddata/sounds/vo/aurielhana_vox_pulled00.ogg	0b68d3c9a0ab3478be72ef96066b6666	13101
mods/heroes.stormmod/enus.stormassets/localizeddata/sounds/vo/aurielhana_vox_pulled01.ogg	f7ff6f78f9edd079b49d83b85660aba0	10761
mods/heroes.stormmod/enus.stormassets/localizeddata/sounds/vo/aurielhana_vox_pulled02.ogg	40e33a3e3990a245a20bbc40933ef017	10999
mods/heroes.stormmod/enus.stormassets/localizeddata/sounds/vo/aurielhana_vox_pulled03.ogg	81fd46512b3e4f5134368e06a70b8c37	12045
mods/heroes.stormmod/enus.stormassets/localizeddata/sounds/vo/aurielhana_vox_pulled04.ogg	3d7a2b077cb3bdfd400bc9ec4803bfd0	10414
mods/heroes.stormmod/enus.stormassets/localizeddata/sounds/vo/aurielhana_vox_pulled05.ogg	5988d3396b07d5addf306986e3e651aa	10954
mods/heroes.stormmod/enus.stormassets/localizeddata/sounds/vo/aurielhana_vox_ui_spun00.ogg	020ce77459a69885661451e6980a60ce	39910
mods/heroes.stormmod/enus.stormassets/localizeddata/sounds/vo/aurielhana_vox_ui_spun01.ogg	9f8a9fb829caff4e34778af76a3824d1	47359
mods/heroes.stormmod/enus.stormassets/localizeddata/sounds/vo/aurielhana_vox_ui_spun02.ogg	a14cb3a9ca237dfafc47ae554a01dec5	40040
mods/heroes.stormmod/enus.stormassets/localizeddata/sounds/vo/aurielhana_worthit00.ogg	bd0a25af2ac932d595bb0af5c9fa7dcd	47244
mods/heroes.stormmod/enus.stormassets/localizeddata/sounds/vo/aurielhana_worthit01.ogg	7bd074db969c9c4b9b64fbc3526a3440	35075
mods/heroes.stormmod/enus.stormassets/localizeddata/sounds/vo/aurielhana_yes00.ogg	f32eacaa0e0cddec1da293324cfb9c9d	29996
mods/heroes.stormmod/enus.stormassets/localizeddata/sounds/vo/aurielhana_yes01.ogg	b93dba423b8f59326435f2f649c3ca5a	28992
mods/heroes.stormmod/enus.stormassets/localizeddata/sounds/vo/aurielhana_yes02.ogg	0236917128407854f65e73803cdabdee	29571
mods/heroes.stormmod/enus.stormassets/localizeddata/sounds/vo/aurielhana_yes03.ogg	6472b3c1a7add76de380aed0324962de	25560
mods/heroes.stormmod/enus.stormassets/localizeddata/sounds/vo/aurielhana_yes04.ogg	26774b4c34ace77376e040af6e7dd63f	33558
mods/heroes.stormmod/enus.stormassets/localizeddata/sounds/vo/aurielhana_yes05.ogg	edb47eb97528351388ae5cbfe777ad9e	26572
mods/heroes.stormmod/enus.stormassets/localizeddata/sounds/vo/aurielhana_yes06.ogg	e93cd446930a835a4cf9c6229a6cb009	25205
mods/heroes.stormmod/enus.stormassets/localizeddata/sounds/vo/aurielhana_yes07.ogg	459e1e34249175ee035b583468fa7b64	25872
mods/heroes.stormmod/enus.stormassets/localizeddata/sounds/vo/aurielhana_yes08.ogg	e48a62e5354be9346282ec6f03430252	35378
