mods/heroes.stormmod/enus.stormassets/localizeddata/sounds/vo/genjia_allyslain00.ogg	cb565d298943467176a3bb670932320f	34191
mods/heroes.stormmod/enus.stormassets/localizeddata/sounds/vo/genjia_castleattack_blue01.ogg	798f24afdf9c22fd2c1bc4ff5a86ed7f	37521
mods/heroes.stormmod/enus.stormassets/localizeddata/sounds/vo/genjia_castleattack_red00.ogg	f8d0a1dc4fd158eed27703ee547d55e5	39114
mods/heroes.stormmod/enus.stormassets/localizeddata/sounds/vo/genjia_castleattack_red01.ogg	c80a4091f9737faeb4d9a534cd545826	36230
mods/heroes.stormmod/enus.stormassets/localizeddata/sounds/vo/genjia_castleattackally00.ogg	78d381ee008b1be405ae3f22defa21ed	34226
mods/heroes.stormmod/enus.stormassets/localizeddata/sounds/vo/genjia_castleattackally01.ogg	ebdc28415f45eda9330829492bff7c91	32630
mods/heroes.stormmod/enus.stormassets/localizeddata/sounds/vo/genjia_castleattackally02.ogg	c4c9a35eb72613d865dc7c85d9259602	33902
mods/heroes.stormmod/enus.stormassets/localizeddata/sounds/vo/genjia_countdown10sec00.ogg	526d6154eefc21b6a19c2659c57490d8	23490
mods/heroes.stormmod/enus.stormassets/localizeddata/sounds/vo/genjia_countdown1sec00.ogg	590ae4a7d6914366f6616e82756c7d00	16390
mods/heroes.stormmod/enus.stormassets/localizeddata/sounds/vo/genjia_countdown2sec00.ogg	68e8f178bf699e577eecfc2a5522310a	15249
mods/heroes.stormmod/enus.stormassets/localizeddata/sounds/vo/genjia_countdown30sec00.ogg	8ea3d82c4f4d78268d460a26d792e43b	44298
mods/heroes.stormmod/enus.stormassets/localizeddata/sounds/vo/genjia_countdown3sec00.ogg	3531a0239791bdac8e1e60a98f9574aa	16082
mods/heroes.stormmod/enus.stormassets/localizeddata/sounds/vo/genjia_countdown4sec00.ogg	ab6f29a7437db837b29ca5fa638e0eff	16093
mods/heroes.stormmod/enus.stormassets/localizeddata/sounds/vo/genjia_countdown5sec00.ogg	8b858aa8284525968bf5201bdb7546a1	14342
mods/heroes.stormmod/enus.stormassets/localizeddata/sounds/vo/genjia_countdownremain00.ogg	51a01245faddabe620a1d8bc1ae28b81	32003
mods/heroes.stormmod/enus.stormassets/localizeddata/sounds/vo/genjia_doublekill00.ogg	2aa74999fd00b50e1a77f744ec5f7a3c	22075
mods/heroes.stormmod/enus.stormassets/localizeddata/sounds/vo/genjia_doublekill01.ogg	fe731bd1f2319e70aec3a2297f44844a	21677
mods/heroes.stormmod/enus.stormassets/localizeddata/sounds/vo/genjia_doublekill02.ogg	138491a3c75bc9a44a917992b2c02796	22144
mods/heroes.stormmod/enus.stormassets/localizeddata/sounds/vo/genjia_ending_blue00.ogg	f9b8d98414f52524ca321ae20f9e6834	24751
mods/heroes.stormmod/enus.stormassets/localizeddata/sounds/vo/genjia_ending_red00.ogg	9de4ed886ff8c2806fa2fdf6fe408c97	24028
mods/heroes.stormmod/enus.stormassets/localizeddata/sounds/vo/genjia_endinglose00.ogg	04df78e4fbd42ec918f358f5bc817550	20539
mods/heroes.stormmod/enus.stormassets/localizeddata/sounds/vo/genjia_endinglose01.ogg	7d369746507c29e8e4e3f51b1ca2407b	31116
mods/heroes.stormmod/enus.stormassets/localizeddata/sounds/vo/genjia_endinglose02.ogg	4643fc36d3ff8a3b3165389e9380d95a	21110
mods/heroes.stormmod/enus.stormassets/localizeddata/sounds/vo/genjia_endingwin00.ogg	a82d41822daf387a6fc68594e991d118	22630
mods/heroes.stormmod/enus.stormassets/localizeddata/sounds/vo/genjia_endingwin01.ogg	3229b5e4b8834c5532c9a2ca112faafc	33495
mods/heroes.stormmod/enus.stormassets/localizeddata/sounds/vo/genjia_endingwin02.ogg	9622720bd93c3dcef2d25fe5abb3a867	38296
mods/heroes.stormmod/enus.stormassets/localizeddata/sounds/vo/genjia_enemyslain00.ogg	e86236f4b11ea2aa09fe253242d51884	43809
mods/heroes.stormmod/enus.stormassets/localizeddata/sounds/vo/genjia_firstblood_blue00.ogg	bc3b1b751f299f4ad3f2bce53acd6a8b	40083
mods/heroes.stormmod/enus.stormassets/localizeddata/sounds/vo/genjia_firstblood_red00.ogg	d71bd9fe1d11806c8a8bab8a70fc957b	37722
mods/heroes.stormmod/enus.stormassets/localizeddata/sounds/vo/genjia_firstbloodally00.ogg	0caa419c68850d63e792e54de73ae3db	24778
mods/heroes.stormmod/enus.stormassets/localizeddata/sounds/vo/genjia_firstbloodenemy00.ogg	fcb2d9ceb381682792eee1651c21c851	36960
mods/heroes.stormmod/enus.stormassets/localizeddata/sounds/vo/genjia_fourkill00.ogg	78277b518912b7a72942e876cb8b7c51	24076
mods/heroes.stormmod/enus.stormassets/localizeddata/sounds/vo/genjia_gamepaused00.ogg	dfe60ad338802cd9658546b0f5176ccb	47714
mods/heroes.stormmod/enus.stormassets/localizeddata/sounds/vo/genjia_gameresumed00.ogg	d72126e5fc6dd25b882deb470dab2c20	47755
mods/heroes.stormmod/enus.stormassets/localizeddata/sounds/vo/genjia_gamestart00.ogg	f7a029f2f75c8b0a395429b971acda55	32121
mods/heroes.stormmod/enus.stormassets/localizeddata/sounds/vo/genjia_gamestart01.ogg	59f43449dfaadf980af2be50cee1c0a1	31791
mods/heroes.stormmod/enus.stormassets/localizeddata/sounds/vo/genjia_gamestart02.ogg	4e3a17ef18572b9a3232b1fe8eb6a026	45154
mods/heroes.stormmod/enus.stormassets/localizeddata/sounds/vo/genjia_gamestart03.ogg	558cb6c9962dc2f5547c6735a7b3f236	32099
mods/heroes.stormmod/enus.stormassets/localizeddata/sounds/vo/genjia_gravestomp00.ogg	6d1625d80a60bd8de20614f2a120481b	29484
mods/heroes.stormmod/enus.stormassets/localizeddata/sounds/vo/genjia_gravestomp_observer00.ogg	f93311e5f89807efb6b44672f717a544	24475
mods/heroes.stormmod/enus.stormassets/localizeddata/sounds/vo/genjia_health01.ogg	2a5964d1cc2120857c50a42709b3a83f	27246
mods/heroes.stormmod/enus.stormassets/localizeddata/sounds/vo/genjia_herokill00.ogg	a89b4b7aa15fbdaff4721c654cc865f4	26105
mods/heroes.stormmod/enus.stormassets/localizeddata/sounds/vo/genjia_herokill01.ogg	555913153bd4ac2d2b2592bae2c0c586	22949
mods/heroes.stormmod/enus.stormassets/localizeddata/sounds/vo/genjia_herokill02.ogg	f335f1feccd4f53afef14c93a1b2d045	22092
mods/heroes.stormmod/enus.stormassets/localizeddata/sounds/vo/genjia_herokill03.ogg	f80abc0675908dca97458e37bfe3ab34	37707
mods/heroes.stormmod/enus.stormassets/localizeddata/sounds/vo/genjia_herokill04.ogg	925fbf1d2a34eb3a71fecf5ac123ed8c	28355
mods/heroes.stormmod/enus.stormassets/localizeddata/sounds/vo/genjia_heroselect00.ogg	360b9fc5ba07903084a24417e026778b	32353
mods/heroes.stormmod/enus.stormassets/localizeddata/sounds/vo/genjia_heroselect_observer00.ogg	9712ea91dd283a8a5551bdb83e4a52b2	38536
mods/heroes.stormmod/enus.stormassets/localizeddata/sounds/vo/genjia_heroselectplayer00.ogg	206eefd28e4af2f75dbb4dc5e94ace6c	62328
mods/heroes.stormmod/enus.stormassets/localizeddata/sounds/vo/genjia_heroselectplayer01.ogg	89c5b93933c93df6338abd96af2e46aa	82672
mods/heroes.stormmod/enus.stormassets/localizeddata/sounds/vo/genjia_heroselectplayer02.ogg	51b2e2dd1b004447cd264912086ceb0b	61605
mods/heroes.stormmod/enus.stormassets/localizeddata/sounds/vo/genjia_heroslain00.ogg	68b1dd66778d7712e7f807ef16d2694e	33370
mods/heroes.stormmod/enus.stormassets/localizeddata/sounds/vo/genjia_heroslain01.ogg	9af07aec8cd960b92c348d208747d12c	33437
mods/heroes.stormmod/enus.stormassets/localizeddata/sounds/vo/genjia_heroslain02.ogg	46cf0fb3aa2cb31e045e42e90afba6a9	22471
mods/heroes.stormmod/enus.stormassets/localizeddata/sounds/vo/genjia_heroslain03.ogg	f4e76ae54774969e35a0d4af4d6204b2	47484
mods/heroes.stormmod/enus.stormassets/localizeddata/sounds/vo/genjia_keepdestroy00.ogg	6ce250947f1c46b18e0393023fba3557	32754
mods/heroes.stormmod/enus.stormassets/localizeddata/sounds/vo/genjia_keepdestroy01.ogg	f738a4812c82ff7281bf60e201a53a1e	24848
mods/heroes.stormmod/enus.stormassets/localizeddata/sounds/vo/genjia_keepdestroy02.ogg	ae28d3877dbe67581726d1cc48abb75a	54943
mods/heroes.stormmod/enus.stormassets/localizeddata/sounds/vo/genjia_keepdestroy_blue00.ogg	23e483f68f88e7a04c52142192664b72	34318
mods/heroes.stormmod/enus.stormassets/localizeddata/sounds/vo/genjia_keepdestroy_red00.ogg	d5b9afe13d8c193b91090284d0ecf253	36251
mods/heroes.stormmod/enus.stormassets/localizeddata/sounds/vo/genjia_keeplost00.ogg	dce5af1197c8a03f49eccfb7d1dac154	40208
mods/heroes.stormmod/enus.stormassets/localizeddata/sounds/vo/genjia_keeplost01.ogg	ce3b5655a39aa74949a7e43e9a9c6e8e	37210
mods/heroes.stormmod/enus.stormassets/localizeddata/sounds/vo/genjia_keeplost02.ogg	328a3d827d800102fa0467f8895b42db	37176
mods/heroes.stormmod/enus.stormassets/localizeddata/sounds/vo/genjia_kill_observer00.ogg	ff56494b798ca90b64aeb75eaf6ec727	24241
mods/heroes.stormmod/enus.stormassets/localizeddata/sounds/vo/genjia_kill_observer01.ogg	5db765fc15b9f33bc5f78ea736c66da1	25803
mods/heroes.stormmod/enus.stormassets/localizeddata/sounds/vo/genjia_kill_observer02.ogg	05c2fd8773db4dcb90afe7168cfc4b4d	27275
mods/heroes.stormmod/enus.stormassets/localizeddata/sounds/vo/genjia_kill_observer03.ogg	ca855c78a66ae5585d2bac2def79782c	33350
mods/heroes.stormmod/enus.stormassets/localizeddata/sounds/vo/genjia_kill_observer04.ogg	86f7774a733ad16347019076d74239b0	30463
mods/heroes.stormmod/enus.stormassets/localizeddata/sounds/vo/genjia_levelannounce01.ogg	f831b7bf85356f65333632999b5cdf2e	21524
mods/heroes.stormmod/enus.stormassets/localizeddata/sounds/vo/genjia_mana01.ogg	5e47c4ed6817f134d1233732e7bf4e3d	33465
mods/heroes.stormmod/enus.stormassets/localizeddata/sounds/vo/genjia_megakill00.ogg	a0de9ff1c7e944ee13f84965a6afad8d	23442
mods/heroes.stormmod/enus.stormassets/localizeddata/sounds/vo/genjia_merccapture_blue00.ogg	4a06a5509813d0d8b320b22ae8600e81	41697
mods/heroes.stormmod/enus.stormassets/localizeddata/sounds/vo/genjia_merccapture_red00.ogg	af058d9c1a43eeb92ed0df6551ccd56f	39319
mods/heroes.stormmod/enus.stormassets/localizeddata/sounds/vo/genjia_outpostdestroy00.ogg	11ffc7169ce44fc899c22f4888083dce	27463
mods/heroes.stormmod/enus.stormassets/localizeddata/sounds/vo/genjia_outpostdestroy01.ogg	a4220f1b0dff291a18c01fc7e49e9192	33805
mods/heroes.stormmod/enus.stormassets/localizeddata/sounds/vo/genjia_outpostdestroy02.ogg	a1653764bb3cbee07412d9057949274b	32539
mods/heroes.stormmod/enus.stormassets/localizeddata/sounds/vo/genjia_outpostdestroy03.ogg	9c1c4665be0b34ef78809ad35ef292e8	44187
mods/heroes.stormmod/enus.stormassets/localizeddata/sounds/vo/genjia_outpostdestroy04.ogg	b5c7eac4960346f982faebd83ca3cba4	39799
mods/heroes.stormmod/enus.stormassets/localizeddata/sounds/vo/genjia_outpostdestroy_blue00.ogg	61a9235de8ed98931405c8c1df3e8b05	35817
mods/heroes.stormmod/enus.stormassets/localizeddata/sounds/vo/genjia_outpostdestroy_red00.ogg	1e93f1ad1044d151cb8add829b8ae7ce	36089
mods/heroes.stormmod/enus.stormassets/localizeddata/sounds/vo/genjia_outpostlost00.ogg	2131d976c6c88deed1f896d4faee8ff1	39051
mods/heroes.stormmod/enus.stormassets/localizeddata/sounds/vo/genjia_outpostlost01.ogg	e97090eb78ed4492114c25ed113c4b27	56195
mods/heroes.stormmod/enus.stormassets/localizeddata/sounds/vo/genjia_outpostlost02.ogg	d7a017cc71eb3c1ca6b67df731191807	38045
mods/heroes.stormmod/enus.stormassets/localizeddata/sounds/vo/genjia_outpostlost03.ogg	6c6267ea01bffffbff0768478fb2f477	36102
mods/heroes.stormmod/enus.stormassets/localizeddata/sounds/vo/genjia_outpostlost04.ogg	25bd721da362cf7a567ddb64712f23e9	35862
mods/heroes.stormmod/enus.stormassets/localizeddata/sounds/vo/genjia_playerabandon00.ogg	3c4337334ec83b7b6e6d3aa17956720d	34173
mods/heroes.stormmod/enus.stormassets/localizeddata/sounds/vo/genjia_playerabandon01.ogg	7f71ead5a814931ee950539cd0f34375	37041
mods/heroes.stormmod/enus.stormassets/localizeddata/sounds/vo/genjia_playeridle00.ogg	00de8b8d8c5c3f6692b6bd0ee5c2b04b	61045
mods/heroes.stormmod/enus.stormassets/localizeddata/sounds/vo/genjia_playerrejoin00.ogg	9052b9697f5cd7aef9c90f5a96062de9	37546
mods/heroes.stormmod/enus.stormassets/localizeddata/sounds/vo/genjia_playerrejoin01.ogg	cd2a310957eee4dce9aed669035dc9e8	42400
mods/heroes.stormmod/enus.stormassets/localizeddata/sounds/vo/genjia_revive00.ogg	61db9b39b1ba7a92317c8d1c1b128d9d	27355
mods/heroes.stormmod/enus.stormassets/localizeddata/sounds/vo/genjia_revive_observer00.ogg	b6ef771db5ada6ae75421dea110b8ad9	25194
mods/heroes.stormmod/enus.stormassets/localizeddata/sounds/vo/genjia_spreeend00.ogg	73e466a396a5804b98dc4501a8147c19	36279
mods/heroes.stormmod/enus.stormassets/localizeddata/sounds/vo/genjia_spreeend_ally00.ogg	306dc714cf613f5732dd0049bc4400f2	39261
mods/heroes.stormmod/enus.stormassets/localizeddata/sounds/vo/genjia_spreeend_blue00.ogg	7e2c6f6c5f270e02836608184feb75be	38312
mods/heroes.stormmod/enus.stormassets/localizeddata/sounds/vo/genjia_spreeend_enemy00.ogg	99a943e452f0c5a312f7081149baa5ce	39535
mods/heroes.stormmod/enus.stormassets/localizeddata/sounds/vo/genjia_spreeend_red00.ogg	78ba65d94f2293be918df03fdeb5150a	37820
mods/heroes.stormmod/enus.stormassets/localizeddata/sounds/vo/genjia_spreefirstupgrade00.ogg	0fb88ae696d64d5baa7f2fc2d0613a58	21562
mods/heroes.stormmod/enus.stormassets/localizeddata/sounds/vo/genjia_spreemax00.ogg	c9eb605b83a8bd573b953a96b1e097ff	33150
mods/heroes.stormmod/enus.stormassets/localizeddata/sounds/vo/genjia_spreesecondupgrade00.ogg	d07a97ea124cfb379267d92cd48855ae	22367
mods/heroes.stormmod/enus.stormassets/localizeddata/sounds/vo/genjia_spreestart00.ogg	35f9742e2249ae25f362373e89de745b	23642
mods/heroes.stormmod/enus.stormassets/localizeddata/sounds/vo/genjia_spreestart_ally00.ogg	b01e5f64130053b4fcd2b7e4d022c382	40896
mods/heroes.stormmod/enus.stormassets/localizeddata/sounds/vo/genjia_spreestart_blue00.ogg	ef514028e5b274202c0adc4942b14219	38233
mods/heroes.stormmod/enus.stormassets/localizeddata/sounds/vo/genjia_spreestart_enemy00.ogg	ae6a45a2d2e7bec22cfc73b7ffe5210b	38054
mods/heroes.stormmod/enus.stormassets/localizeddata/sounds/vo/genjia_spreestart_red00.ogg	dbdecdb7fa38c95e13afbd48b9189f36	39355
mods/heroes.stormmod/enus.stormassets/localizeddata/sounds/vo/genjia_spreethirdupgrade00.ogg	8586a48446ec0eb704accd4dae175d03	25304
mods/heroes.stormmod/enus.stormassets/localizeddata/sounds/vo/genjia_talentunlock00.ogg	ec0303bdb915b5718f5090232297cf7e	23158
mods/heroes.stormmod/enus.stormassets/localizeddata/sounds/vo/genjia_talentunlock01.ogg	2c2dba59804208da21f84355099512c7	25566
mods/heroes.stormmod/enus.stormassets/localizeddata/sounds/vo/genjia_talentunlock02.ogg	9a1128ea43991981d5fed40ea2fb63b4	21826
mods/heroes.stormmod/enus.stormassets/localizeddata/sounds/vo/genjia_teamkill00.ogg	80b40fe00320615d855ad567ac13c564	39990
mods/heroes.stormmod/enus.stormassets/localizeddata/sounds/vo/genjia_teamkill_blue00.ogg	123f140961f85a8390b35f59fb346b58	33079
mods/heroes.stormmod/enus.stormassets/localizeddata/sounds/vo/genjia_teamkill_red00.ogg	c06626f9488356669dc3150e88abe35d	35847
mods/heroes.stormmod/enus.stormassets/localizeddata/sounds/vo/genjia_triplekill00.ogg	a90d9e9f3847ff37229e3e123c4584f6	22086
mods/heroes.stormmod/enus.stormassets/localizeddata/sounds/vo/genjia_triplekill01.ogg	17d1c92f54f3c1a1ec1234c6703712e7	24261
mods/heroes.stormmod/enus.stormassets/localizeddata/sounds/vo/genjia_triplekill02.ogg	34b6f66ba5fdaa5333fbe6c3a6ed9676	25561
mods/heroes.stormmod/enus.stormassets/localizeddata/sounds/vo/genjibase_ai_attack00.ogg	03b0b11f1ff60c93906fbb5772a20b65	36637
mods/heroes.stormmod/enus.stormassets/localizeddata/sounds/vo/genjibase_ai_attack01.ogg	1489b7e2fb2e046aee68496513cec02c	37745
mods/heroes.stormmod/enus.stormassets/localizeddata/sounds/vo/genjibase_ai_attack02.ogg	163a7667b9ce07e18621f39aa5355d3c	22260
mods/heroes.stormmod/enus.stormassets/localizeddata/sounds/vo/genjibase_ai_caution00.ogg	4edf9afd1334cb447b5f45dce556a58f	16136
mods/heroes.stormmod/enus.stormassets/localizeddata/sounds/vo/genjibase_ai_goodjob00.ogg	ed562369cf9a338372e902f8d1011bc1	19032
mods/heroes.stormmod/enus.stormassets/localizeddata/sounds/vo/genjibase_ai_goodjob01.ogg	26b02e5e9313bacb674fd3e56f200827	14971
mods/heroes.stormmod/enus.stormassets/localizeddata/sounds/vo/genjibase_ai_goodjob02.ogg	5ffa6f458cbc8fc470f04974cfa709b9	15689
mods/heroes.stormmod/enus.stormassets/localizeddata/sounds/vo/genjibase_ai_heal00.ogg	c6f9fd2605d7d1082a644824cbfd091d	16995
mods/heroes.stormmod/enus.stormassets/localizeddata/sounds/vo/genjibase_ai_heal01.ogg	73965e788bc103930d195efb5897771a	28878
mods/heroes.stormmod/enus.stormassets/localizeddata/sounds/vo/genjibase_ai_onmyway00.ogg	6d20d130daf1fa3846b63b158231dcb7	18243
mods/heroes.stormmod/enus.stormassets/localizeddata/sounds/vo/genjibase_ai_onmyway01.ogg	e46aba5a6b575efe671d5200c89e383d	29475
mods/heroes.stormmod/enus.stormassets/localizeddata/sounds/vo/genjibase_ai_retreat00.ogg	114f8880c0e8860a7637999cd2679f83	14757
mods/heroes.stormmod/enus.stormassets/localizeddata/sounds/vo/genjibase_ai_retreat01.ogg	0b25c69f8838f9ab3392e80159117213	19523
mods/heroes.stormmod/enus.stormassets/localizeddata/sounds/vo/genjibase_ai_uhoh00.ogg	d2eb4efdc12b2d1adbe39f90f4fa889c	15331
mods/heroes.stormmod/enus.stormassets/localizeddata/sounds/vo/genjibase_ai_uhoh01.ogg	0ec840029cc61ce6de1c39be15b743ec	21528
mods/heroes.stormmod/enus.stormassets/localizeddata/sounds/vo/genjibase_ai_uhoh02.ogg	ae3978b75df20831d7e7bc27a0f7d090	20018
mods/heroes.stormmod/enus.stormassets/localizeddata/sounds/vo/genjibase_attack00.ogg	1170c500a109f0d7e1c862af9133716f	25390
mods/heroes.stormmod/enus.stormassets/localizeddata/sounds/vo/genjibase_attack01.ogg	1057ef67de6773b3fc51f8553185c7a9	23881
mods/heroes.stormmod/enus.stormassets/localizeddata/sounds/vo/genjibase_attack02.ogg	9b985914366b27898f85f99f64840484	14999
mods/heroes.stormmod/enus.stormassets/localizeddata/sounds/vo/genjibase_attack03.ogg	e5de215de517803ccca663645a2d46dd	19578
mods/heroes.stormmod/enus.stormassets/localizeddata/sounds/vo/genjibase_attack04.ogg	04762bcbc0965baa9561e0532522d6bc	22335
mods/heroes.stormmod/enus.stormassets/localizeddata/sounds/vo/genjibase_attack05.ogg	25a8beee1f730ecc97f190f749e8d223	22790
mods/heroes.stormmod/enus.stormassets/localizeddata/sounds/vo/genjibase_attack06.ogg	accbf658e853ca2f8dca38e004284b73	21716
mods/heroes.stormmod/enus.stormassets/localizeddata/sounds/vo/genjibase_celebrate00.ogg	fcc8a984e7bb18bfd39e68c541059374	22743
mods/heroes.stormmod/enus.stormassets/localizeddata/sounds/vo/genjibase_celebrate01.ogg	94a0d1d0ccda5bccacbcd72a95f93106	15340
mods/heroes.stormmod/enus.stormassets/localizeddata/sounds/vo/genjibase_comeback00.ogg	857949a67fa3033921e6550d2248817d	49672
mods/heroes.stormmod/enus.stormassets/localizeddata/sounds/vo/genjibase_death00.wav	0e993391df3382dee9e7abaa3ff43580	63804
mods/heroes.stormmod/enus.stormassets/localizeddata/sounds/vo/genjibase_death01.wav	3260b27290cedad82680c53e779acda8	45628
mods/heroes.stormmod/enus.stormassets/localizeddata/sounds/vo/genjibase_death02.wav	9ead5bee9c185617533bc221e1610864	47420
mods/heroes.stormmod/enus.stormassets/localizeddata/sounds/vo/genjibase_death03.wav	34d92e305cbed5ffb769b2da10e0b0e4	70460
mods/heroes.stormmod/enus.stormassets/localizeddata/sounds/vo/genjibase_death04.wav	d4b241a94d6a9c8a9da807aceaa2ded0	115516
mods/heroes.stormmod/enus.stormassets/localizeddata/sounds/vo/genjibase_death05.wav	76cc65ad53fa69bc0ce43eff10f4d033	54332
mods/heroes.stormmod/enus.stormassets/localizeddata/sounds/vo/genjibase_death06.wav	f76e8b612406d3d6d56c488050ae85f1	49212
mods/heroes.stormmod/enus.stormassets/localizeddata/sounds/vo/genjibase_death07.wav	a18225c832f7a51a0e24ad2d7a78bddf	53564
mods/heroes.stormmod/enus.stormassets/localizeddata/sounds/vo/genjibase_death08.wav	fdc7aecb39b4778bd62d6f66f9ab8783	47676
mods/heroes.stormmod/enus.stormassets/localizeddata/sounds/vo/genjibase_death09.wav	d41b3c4c35e3c23a274461cc7792d28f	54332
mods/heroes.stormmod/enus.stormassets/localizeddata/sounds/vo/genjibase_death10.wav	b26f877be42459dac5c6dc0d4833aa18	45116
mods/heroes.stormmod/enus.stormassets/localizeddata/sounds/vo/genjibase_death11.wav	f750199de9b733ff468c3dafb72dcbb4	37436
mods/heroes.stormmod/enus.stormassets/localizeddata/sounds/vo/genjibase_death12.wav	a2393a79e58bdc754f901e49723ecbd5	46396
mods/heroes.stormmod/enus.stormassets/localizeddata/sounds/vo/genjibase_death13.wav	0cc56222937c2380f451a2676b57f8a4	53564
mods/heroes.stormmod/enus.stormassets/localizeddata/sounds/vo/genjibase_death14.wav	adc5544f7c5a6d3b2afb8a9cc68634c9	67132
mods/heroes.stormmod/enus.stormassets/localizeddata/sounds/vo/genjibase_death15.wav	d3e3983fdf299267a52ba518dcc5670b	36668
mods/heroes.stormmod/enus.stormassets/localizeddata/sounds/vo/genjibase_healed00.ogg	85e0b3f59fbfef18928f268516f20a68	19067
mods/heroes.stormmod/enus.stormassets/localizeddata/sounds/vo/genjibase_healed01.ogg	eb65c07046570434fce88b518943353d	18247
mods/heroes.stormmod/enus.stormassets/localizeddata/sounds/vo/genjibase_healed02.ogg	c286d64d2b9f6bd8dba19cb09a6e010d	22800
mods/heroes.stormmod/enus.stormassets/localizeddata/sounds/vo/genjibase_homescreen00.ogg	54b6f8bef6be5cc85172b14101b89e51	38048
mods/heroes.stormmod/enus.stormassets/localizeddata/sounds/vo/genjibase_introagree00.ogg	e88058bc83b34489c91dce29e00f20d2	17420
mods/heroes.stormmod/enus.stormassets/localizeddata/sounds/vo/genjibase_introagree01.ogg	61ee053fc53bf157fe85f57a5c314156	21599
mods/heroes.stormmod/enus.stormassets/localizeddata/sounds/vo/genjibase_introagree02.ogg	f43d00e201b07f1ee0fe1fd9823f2bdd	24466
mods/heroes.stormmod/enus.stormassets/localizeddata/sounds/vo/genjibase_introboast00.ogg	2ce2d5c2845a46e240ee1c7eec83c983	50787
mods/heroes.stormmod/enus.stormassets/localizeddata/sounds/vo/genjibase_introboast01.ogg	b3b8d8a3f9c86d2d1996814145080210	39978
mods/heroes.stormmod/enus.stormassets/localizeddata/sounds/vo/genjibase_introquestion00.ogg	5859128b262270e5c59fd25dc3a67263	19659
mods/heroes.stormmod/enus.stormassets/localizeddata/sounds/vo/genjibase_introquestion01.ogg	7e45da1fbb93075e0c88155b4ecde926	38723
mods/heroes.stormmod/enus.stormassets/localizeddata/sounds/vo/genjibase_introquestion_chen00.ogg	24f9528bd9c95d7073fd63a15d8b0096	57207
mods/heroes.stormmod/enus.stormassets/localizeddata/sounds/vo/genjibase_introquestion_hanzo00.ogg	9835e5cae749d7eba47509f5d062a3af	22764
mods/heroes.stormmod/enus.stormassets/localizeddata/sounds/vo/genjibase_introquestion_hanzo01.ogg	7f4acbc210a1646d4ae4638cff5526bf	27481
mods/heroes.stormmod/enus.stormassets/localizeddata/sounds/vo/genjibase_introquestion_kharazim00.ogg	adc490e94922223895de0af075e4388c	68712
mods/heroes.stormmod/enus.stormassets/localizeddata/sounds/vo/genjibase_introquestion_murky00.ogg	ca6c9e073cad6aa046cd1d23d87ce14e	34076
mods/heroes.stormmod/enus.stormassets/localizeddata/sounds/vo/genjibase_introquestion_negative00.ogg	f1d8538b44eef295d80401d75956de6f	20012
mods/heroes.stormmod/enus.stormassets/localizeddata/sounds/vo/genjibase_introquestion_overwatch00.ogg	d0213201b016dc78fc471e883c27f981	28813
mods/heroes.stormmod/enus.stormassets/localizeddata/sounds/vo/genjibase_introquestion_positive00.ogg	a517cb40fdccbe5c8a5740e32d4d242f	37390
mods/heroes.stormmod/enus.stormassets/localizeddata/sounds/vo/genjibase_introquestion_ronin00.ogg	aa7fddebd309389f02ba217dfd2af0d1	62366
mods/heroes.stormmod/enus.stormassets/localizeddata/sounds/vo/genjibase_introquestion_samuro00.ogg	1d292d0492c1b968bb0edfe347ca5d49	56635
mods/heroes.stormmod/enus.stormassets/localizeddata/sounds/vo/genjibase_introquestion_tracer00.ogg	cbdd45e2ba7404b99b409eae380dbb73	38293
mods/heroes.stormmod/enus.stormassets/localizeddata/sounds/vo/genjibase_introquestion_zarya00.ogg	a703d8924757fcb31ca863f2889fa678	28007
mods/heroes.stormmod/enus.stormassets/localizeddata/sounds/vo/genjibase_introrespond00.ogg	5187685bb0d0100b93b7c89b907cf5c7	28484
mods/heroes.stormmod/enus.stormassets/localizeddata/sounds/vo/genjibase_introrespond01.ogg	13c072b52c44c1970fc07f6bcb1df1f2	45127
mods/heroes.stormmod/enus.stormassets/localizeddata/sounds/vo/genjibase_introrespond02.ogg	fc7a53c3140a23fbf66eea34381ba911	55200
mods/heroes.stormmod/enus.stormassets/localizeddata/sounds/vo/genjibase_introresponse_amused00.ogg	9a43384f188d06f0ba038f7157f553ee	31723
mods/heroes.stormmod/enus.stormassets/localizeddata/sounds/vo/genjibase_introresponse_angry00.ogg	4296464920319f0ca9eb3deba23141c4	17779
mods/heroes.stormmod/enus.stormassets/localizeddata/sounds/vo/genjibase_introresponse_chen00.ogg	06d9b1fe5d7b3561c77cc62feb7cb33d	43932
mods/heroes.stormmod/enus.stormassets/localizeddata/sounds/vo/genjibase_introresponse_confident00.ogg	5cef4734bc2a995e3780f4002925b0a9	42815
mods/heroes.stormmod/enus.stormassets/localizeddata/sounds/vo/genjibase_introresponse_contemplative00.ogg	05f70c091a5cdb8b4573fe64fa722879	62011
mods/heroes.stormmod/enus.stormassets/localizeddata/sounds/vo/genjibase_introresponse_dismissive00.ogg	1e176ad39eca95ecca66532e1a0046eb	29630
mods/heroes.stormmod/enus.stormassets/localizeddata/sounds/vo/genjibase_introresponse_gibberish00.ogg	7c29ca2e1935ad9c3c76b80b40cec8e4	44559
mods/heroes.stormmod/enus.stormassets/localizeddata/sounds/vo/genjibase_introresponse_hanzo00.ogg	bd6b2f8e5d792b1b9a3a430bad31c8d9	29314
mods/heroes.stormmod/enus.stormassets/localizeddata/sounds/vo/genjibase_introresponse_kharazim00.ogg	23a97021d2e1a5a3a7f669d8fe865aac	55001
mods/heroes.stormmod/enus.stormassets/localizeddata/sounds/vo/genjibase_introresponse_murky00.ogg	166f85c64a57dd480f364a7206c93467	23496
mods/heroes.stormmod/enus.stormassets/localizeddata/sounds/vo/genjibase_introresponse_negative00.ogg	5347d10090907a9d4b9be52cfbc0ca96	40891
mods/heroes.stormmod/enus.stormassets/localizeddata/sounds/vo/genjibase_introresponse_overwatch00.ogg	e87bf661f2c60c54cb5ff31a7187a4a9	58907
mods/heroes.stormmod/enus.stormassets/localizeddata/sounds/vo/genjibase_introresponse_positive00.ogg	5be195db295ee8c10cca1815c25b08a9	17367
mods/heroes.stormmod/enus.stormassets/localizeddata/sounds/vo/genjibase_introresponse_ronin00.ogg	2e96396f79a988ee84d7ea31f95b0648	63065
mods/heroes.stormmod/enus.stormassets/localizeddata/sounds/vo/genjibase_introresponse_sad00.ogg	a8a792ee0b5d2a21ff1caa229eb0a5cd	71047
mods/heroes.stormmod/enus.stormassets/localizeddata/sounds/vo/genjibase_introresponse_samuro00.ogg	cdebb7dc8bdb4cf07cccb4718ef5a98b	51419
mods/heroes.stormmod/enus.stormassets/localizeddata/sounds/vo/genjibase_introresponse_tracer00.ogg	0bbedeec5943a8136711b35ad68048b8	51912
mods/heroes.stormmod/enus.stormassets/localizeddata/sounds/vo/genjibase_introresponse_undead00.ogg	41edcf5d7a8e14dc2992eeda611832de	38972
mods/heroes.stormmod/enus.stormassets/localizeddata/sounds/vo/genjibase_introresponse_weird00.ogg	29d56598f59a0109f2cbff720a0900f0	61844
mods/heroes.stormmod/enus.stormassets/localizeddata/sounds/vo/genjibase_introresponse_zarya00.ogg	35062fd12919d063520505850b2322eb	66489
mods/heroes.stormmod/enus.stormassets/localizeddata/sounds/vo/genjibase_kill00.ogg	d35f7166c157b045bd84ca36af291b61	22898
mods/heroes.stormmod/enus.stormassets/localizeddata/sounds/vo/genjibase_kill01.ogg	5f4b8c35f58d8ab521e569e7e58ae1b1	29737
mods/heroes.stormmod/enus.stormassets/localizeddata/sounds/vo/genjibase_kill02.ogg	f99edd41dcd719f84f5122c9c1c210ef	23446
mods/heroes.stormmod/enus.stormassets/localizeddata/sounds/vo/genjibase_kill03.ogg	3b443fa30eb65f549b0782fedbf2a532	15392
mods/heroes.stormmod/enus.stormassets/localizeddata/sounds/vo/genjibase_kill04.ogg	47a6a0604277390c05562cae41fada7d	14859
mods/heroes.stormmod/enus.stormassets/localizeddata/sounds/vo/genjibase_kill05.ogg	79ca347265b30a5137b8c26f45cdb367	26004
mods/heroes.stormmod/enus.stormassets/localizeddata/sounds/vo/genjibase_kill06.ogg	771dcca1f48677c26e8d818a73a0584f	14242
mods/heroes.stormmod/enus.stormassets/localizeddata/sounds/vo/genjibase_kill07.ogg	7dae3b3ed0ae85e254aee1c5771238a8	18627
mods/heroes.stormmod/enus.stormassets/localizeddata/sounds/vo/genjibase_killdiablo00.ogg	c79d768efd1f417bf4c90adc733dd32e	30741
mods/heroes.stormmod/enus.stormassets/localizeddata/sounds/vo/genjibase_killhanzo00.ogg	9cdc95783d7e380a756e9f9f6fdbf8e0	32396
mods/heroes.stormmod/enus.stormassets/localizeddata/sounds/vo/genjibase_killorc00.ogg	526afc3fc17bd3e5d88bbe9a16f01893	38045
mods/heroes.stormmod/enus.stormassets/localizeddata/sounds/vo/genjibase_killoverwatch00.ogg	3a3d011640229b6f6c1b41438dc9435f	21256
mods/heroes.stormmod/enus.stormassets/localizeddata/sounds/vo/genjibase_killpandaren00.ogg	d1eeb4b83284f0f57fa7b7eabfa6ef04	51364
mods/heroes.stormmod/enus.stormassets/localizeddata/sounds/vo/genjibase_killrobot00.ogg	90a6cb353572de2d87ba10e916f328d9	48929
mods/heroes.stormmod/enus.stormassets/localizeddata/sounds/vo/genjibase_killronin00.ogg	e29fdb2326e374445e848bfdfa64424c	14194
mods/heroes.stormmod/enus.stormassets/localizeddata/sounds/vo/genjibase_killsamuro00.ogg	00204de17fee334fbe6fc92fdc54a001	23993
mods/heroes.stormmod/enus.stormassets/localizeddata/sounds/vo/genjibase_killspreeend00.ogg	77504f3311e9e9e66125acf31620ba1a	46768
mods/heroes.stormmod/enus.stormassets/localizeddata/sounds/vo/genjibase_killspreeend01.ogg	48796927edcd222f5ac63874882c4a9d	23162
mods/heroes.stormmod/enus.stormassets/localizeddata/sounds/vo/genjibase_killstealth00.ogg	a2c41d199ec732ccc6a60cadc0c72450	32497
mods/heroes.stormmod/enus.stormassets/localizeddata/sounds/vo/genjibase_killsworduser00.ogg	603ce616749a4f7d6de9b9f9a65dc060	29629
mods/heroes.stormmod/enus.stormassets/localizeddata/sounds/vo/genjibase_killundead00.ogg	4386665600baa9bed79f0a18358dc5d5	69881
mods/heroes.stormmod/enus.stormassets/localizeddata/sounds/vo/genjibase_killweird00.ogg	672c8139061644cf54a6bd08ce075f2c	48791
mods/heroes.stormmod/enus.stormassets/localizeddata/sounds/vo/genjibase_laugh00.ogg	90cd3ee03a34d122f6ce665e2e09ae78	14864
mods/heroes.stormmod/enus.stormassets/localizeddata/sounds/vo/genjibase_laugh01.ogg	9e1c0cd9d6b580713cf0ba599c47fb41	13566
mods/heroes.stormmod/enus.stormassets/localizeddata/sounds/vo/genjibase_laugh02.ogg	8829d5e4c61ef379487d4df441bc1345	19277
mods/heroes.stormmod/enus.stormassets/localizeddata/sounds/vo/genjibase_laugh03.ogg	b17c7d2290a0391442edbdb177671677	19248
mods/heroes.stormmod/enus.stormassets/localizeddata/sounds/vo/genjibase_laugh04.ogg	7b84f26a1bd9922a794f0b8837906cdc	19213
mods/heroes.stormmod/enus.stormassets/localizeddata/sounds/vo/genjibase_laugh05.ogg	9ea9ef067bad9b56fa448e94c7f1f9e1	21117
mods/heroes.stormmod/enus.stormassets/localizeddata/sounds/vo/genjibase_laugh06.ogg	281839f288dd643059eed08b8666cd74	22624
mods/heroes.stormmod/enus.stormassets/localizeddata/sounds/vo/genjibase_laugh07.ogg	52a1af68ee5a66cfb2cd689e5b7eadcb	27617
mods/heroes.stormmod/enus.stormassets/localizeddata/sounds/vo/genjibase_laugh08.ogg	1d71dde857499aee6369e9b05f022f65	26017
mods/heroes.stormmod/enus.stormassets/localizeddata/sounds/vo/genjibase_laugh09.ogg	f15e887ca5861e3045bdc48fc548f123	19518
mods/heroes.stormmod/enus.stormassets/localizeddata/sounds/vo/genjibase_laugh10.ogg	5cf096ac0fc71e6e323831f1061e6e06	22138
mods/heroes.stormmod/enus.stormassets/localizeddata/sounds/vo/genjibase_laugh11.ogg	16eb9afb8ff684f5db9146728d9839be	18027
mods/heroes.stormmod/enus.stormassets/localizeddata/sounds/vo/genjibase_laugh12.ogg	1dab9d2fb8a8e8f27909c10b4fbcf17c	23470
mods/heroes.stormmod/enus.stormassets/localizeddata/sounds/vo/genjibase_laugh13.ogg	60c669bb64bb03e5ea9374b34afb1152	27920
mods/heroes.stormmod/enus.stormassets/localizeddata/sounds/vo/genjibase_laugh14.ogg	abac8ec2c83384d95caed6255fbd8d67	27821
mods/heroes.stormmod/enus.stormassets/localizeddata/sounds/vo/genjibase_laugh15.ogg	b462bea99a3650b6b5e6a2d23c727902	22954
mods/heroes.stormmod/enus.stormassets/localizeddata/sounds/vo/genjibase_lowlifeheal00.ogg	d2a6c5fb618be10205177959b9646a65	19209
mods/heroes.stormmod/enus.stormassets/localizeddata/sounds/vo/genjibase_lowlifeheal01.ogg	ff7b805f346d2dbd32f416e1c23d26f9	23382
mods/heroes.stormmod/enus.stormassets/localizeddata/sounds/vo/genjibase_lowlifeheal02.ogg	7a4b6441c215e98bcd3a0f2771bf5c75	22280
mods/heroes.stormmod/enus.stormassets/localizeddata/sounds/vo/genjibase_lowmana00.ogg	0b80cbfcf65887a0a98627bc7c78135a	25599
mods/heroes.stormmod/enus.stormassets/localizeddata/sounds/vo/genjibase_lowmana01.ogg	63778f00bd19334750993253c6416ee8	21056
mods/heroes.stormmod/enus.stormassets/localizeddata/sounds/vo/genjibase_lowmana02.ogg	99b7ed239bf8df1f1c5ca4ba2067bcbc	21765
mods/heroes.stormmod/enus.stormassets/localizeddata/sounds/vo/genjibase_matchend00.ogg	ccedbf1d933b8e2afec9382052923a5d	17835
mods/heroes.stormmod/enus.stormassets/localizeddata/sounds/vo/genjibase_matchend01.ogg	de7824037bcdfaceab4031ce320c437b	26658
mods/heroes.stormmod/enus.stormassets/localizeddata/sounds/vo/genjibase_matchend02.ogg	49a56eb23a0c5e858e852ba24a2f1d19	21623
mods/heroes.stormmod/enus.stormassets/localizeddata/sounds/vo/genjibase_no00.ogg	011cfc2e1c51f8e656eadb54ab7eab6a	12794
mods/heroes.stormmod/enus.stormassets/localizeddata/sounds/vo/genjibase_no01.ogg	64b48632930860815b3b0da2f1fb9940	12643
mods/heroes.stormmod/enus.stormassets/localizeddata/sounds/vo/genjibase_no02.ogg	26de77c62bdd7a787314affc5f889933	12991
mods/heroes.stormmod/enus.stormassets/localizeddata/sounds/vo/genjibase_parryactivate00.ogg	8025e2d83ec210a7b0047a155c7011ec	15080
mods/heroes.stormmod/enus.stormassets/localizeddata/sounds/vo/genjibase_parryactivate01.ogg	dda5ed2b7885924bb928cf7adceadd0f	13285
mods/heroes.stormmod/enus.stormassets/localizeddata/sounds/vo/genjibase_parryactivate02.ogg	4bef5af542940f351e5dfef4d8fd89f9	13139
mods/heroes.stormmod/enus.stormassets/localizeddata/sounds/vo/genjibase_parryactivate03.ogg	b80c8e8bddd6209ebb2eb5b513ca4e81	15254
mods/heroes.stormmod/enus.stormassets/localizeddata/sounds/vo/genjibase_parryactivate04.ogg	2d7637ef4a095d4e7e3232d2e81838d4	19390
mods/heroes.stormmod/enus.stormassets/localizeddata/sounds/vo/genjibase_parrysuccessful00_01.ogg	eab599e5eefdce4f3603c56d7f36e0d6	11436
mods/heroes.stormmod/enus.stormassets/localizeddata/sounds/vo/genjibase_parrysuccessful00_02.ogg	544f98cfa5eb4d6ce836bafe57a68301	12100
mods/heroes.stormmod/enus.stormassets/localizeddata/sounds/vo/genjibase_parrysuccessful00_03.ogg	f7155c0758094b4720545f3dceccd656	10287
mods/heroes.stormmod/enus.stormassets/localizeddata/sounds/vo/genjibase_parrysuccessful00_08.ogg	4bdc1c9c059c357f36bcb4fcfee529c0	14216
mods/heroes.stormmod/enus.stormassets/localizeddata/sounds/vo/genjibase_parrysuccessful00_09.ogg	e7a4a291191f30d86ba0dc50f80f8ba6	12231
mods/heroes.stormmod/enus.stormassets/localizeddata/sounds/vo/genjibase_parrysuccessful00_10.ogg	846403ef1b92498401106b0de2807f34	13011
mods/heroes.stormmod/enus.stormassets/localizeddata/sounds/vo/genjibase_parrysuccessful00_13.ogg	bc968bab6eb5bc3fb38b2421d2a7fe34	17673
mods/heroes.stormmod/enus.stormassets/localizeddata/sounds/vo/genjibase_parrysuccessful01_01.ogg	2c4cdd296839595628f08d9bb3799728	19869
mods/heroes.stormmod/enus.stormassets/localizeddata/sounds/vo/genjibase_parrysuccessful01_04.ogg	0290b001d6580bb9e1a40c2f9142a786	20428
mods/heroes.stormmod/enus.stormassets/localizeddata/sounds/vo/genjibase_parrysuccessful01_05.ogg	18f38bde65f92bf4739413ee09e238f8	17844
mods/heroes.stormmod/enus.stormassets/localizeddata/sounds/vo/genjibase_parrysuccessful01_06.ogg	b3a1ff06d18416914b0a13e64cb6b844	18998
mods/heroes.stormmod/enus.stormassets/localizeddata/sounds/vo/genjibase_parrysuccessful01_07.ogg	ef26d4b599efe6534b23eb1e1163753f	19828
mods/heroes.stormmod/enus.stormassets/localizeddata/sounds/vo/genjibase_parrysuccessful03_01.ogg	25fbf4692f8324cee891d74f84c55e21	15096
mods/heroes.stormmod/enus.stormassets/localizeddata/sounds/vo/genjibase_parrysuccessful03_02.ogg	2f2d8c4b8312f068d2612c2c4ad1e020	16663
mods/heroes.stormmod/enus.stormassets/localizeddata/sounds/vo/genjibase_parrysuccessful04_03.ogg	2deeff25a8035615434f928a0d75e8d9	14339
mods/heroes.stormmod/enus.stormassets/localizeddata/sounds/vo/genjibase_parrysuccessful04_05.ogg	4eec95ce4b505bb369ebba865ca41a5f	15452
mods/heroes.stormmod/enus.stormassets/localizeddata/sounds/vo/genjibase_parrysuccessful04_06.ogg	a6d4ae252950c5f18802a6415419d129	13389
mods/heroes.stormmod/enus.stormassets/localizeddata/sounds/vo/genjibase_parrysuccessful04_07.ogg	277285961df5fda1e4f6c0cee967aaf3	22653
mods/heroes.stormmod/enus.stormassets/localizeddata/sounds/vo/genjibase_ping_assisthero00.ogg	f4445edc904d1e783c2eaeb11d67a20a	20316
mods/heroes.stormmod/enus.stormassets/localizeddata/sounds/vo/genjibase_ping_assistme00.ogg	547d4e6c75d501d4a74ca569aebb3260	20504
mods/heroes.stormmod/enus.stormassets/localizeddata/sounds/vo/genjibase_ping_assistme01.ogg	65c7c4bca06655e0ed6ac3403f14438a	15050
mods/heroes.stormmod/enus.stormassets/localizeddata/sounds/vo/genjibase_ping_attackcastle00.ogg	baf54a2255c580ba80747508a0f8d59f	18937
mods/heroes.stormmod/enus.stormassets/localizeddata/sounds/vo/genjibase_ping_attackmerc00.ogg	55c0d33ccccdda4072cac1bc6eb2e202	27334
mods/heroes.stormmod/enus.stormassets/localizeddata/sounds/vo/genjibase_ping_attackoutpost00.ogg	f52ff0f80494d9c5f110de1431d936a0	18246
mods/heroes.stormmod/enus.stormassets/localizeddata/sounds/vo/genjibase_ping_attacktower00.ogg	fadbb3822b707420948fef65dfcb59df	23266
mods/heroes.stormmod/enus.stormassets/localizeddata/sounds/vo/genjibase_ping_danger00.ogg	2037cbf0504901bdc8839adc3cf35ec1	27733
mods/heroes.stormmod/enus.stormassets/localizeddata/sounds/vo/genjibase_ping_danger01.ogg	0fb8c5ae9331277ab1eb7e6548df78f0	28262
mods/heroes.stormmod/enus.stormassets/localizeddata/sounds/vo/genjibase_ping_defend00.ogg	59a50087cd47ec2d1042f413247808ca	30422
mods/heroes.stormmod/enus.stormassets/localizeddata/sounds/vo/genjibase_ping_defendcastle00.ogg	574234ed2c61ec6903790c5ee8f9ac35	22962
mods/heroes.stormmod/enus.stormassets/localizeddata/sounds/vo/genjibase_ping_defendoutpost00.ogg	22712c86ee73710887d7b02fa1759e87	25112
mods/heroes.stormmod/enus.stormassets/localizeddata/sounds/vo/genjibase_ping_defendthing00.ogg	b9e17229355c3155ef4a5bed1bad9ec2	19051
mods/heroes.stormmod/enus.stormassets/localizeddata/sounds/vo/genjibase_ping_defendthing01.ogg	a71fdb2979736bf57bdc0214c8e47eb4	23252
mods/heroes.stormmod/enus.stormassets/localizeddata/sounds/vo/genjibase_ping_defendtower00.ogg	ac74cb257645ee9387d568c436e2388e	18456
mods/heroes.stormmod/enus.stormassets/localizeddata/sounds/vo/genjibase_ping_enemymissing00.ogg	7ae94dfa66c03f9af3c0788bbf02b5a4	25883
mods/heroes.stormmod/enus.stormassets/localizeddata/sounds/vo/genjibase_ping_enemymissing01.ogg	4cc3bfce34ea13386d245bbfc3de31ad	27410
mods/heroes.stormmod/enus.stormassets/localizeddata/sounds/vo/genjibase_ping_killhero00.ogg	2f1320cfac702d13395398cd942fd2e2	27119
mods/heroes.stormmod/enus.stormassets/localizeddata/sounds/vo/genjibase_ping_onmyway00.ogg	a794530117e4c7bd39bc29e1875f07ba	14283
mods/heroes.stormmod/enus.stormassets/localizeddata/sounds/vo/genjibase_ping_onmyway01.ogg	4d7a396caa710ecf4f0cb3156d5b8ac3	14780
mods/heroes.stormmod/enus.stormassets/localizeddata/sounds/vo/genjibase_ping_retreat00.ogg	abff0992d60345196f49f4245c30610f	23419
mods/heroes.stormmod/enus.stormassets/localizeddata/sounds/vo/genjibase_ping_retreat01.ogg	0891ba23083491e64a88a88c382c2f5d	19772
mods/heroes.stormmod/enus.stormassets/localizeddata/sounds/vo/genjibase_pissed00.ogg	b11e60300441ae4718b7aef70714afa9	12102
mods/heroes.stormmod/enus.stormassets/localizeddata/sounds/vo/genjibase_pissed01.ogg	e9d60593d84139a7db4351a6402cfcad	10725
mods/heroes.stormmod/enus.stormassets/localizeddata/sounds/vo/genjibase_pissed02.ogg	500fd489bcacd1946e9b4e0330285037	90610
mods/heroes.stormmod/enus.stormassets/localizeddata/sounds/vo/genjibase_pissed03.ogg	67cf8c338392aa33034e532ac8d0c593	84400
mods/heroes.stormmod/enus.stormassets/localizeddata/sounds/vo/genjibase_pissed04.ogg	43efdb0b071f7d3afe76287cd6df01a9	112572
mods/heroes.stormmod/enus.stormassets/localizeddata/sounds/vo/genjibase_pissed05.ogg	d235a3ccf6b2eaa868f8f92d8b0f5ae7	49350
mods/heroes.stormmod/enus.stormassets/localizeddata/sounds/vo/genjibase_pissed06.ogg	c55e086681f895e80167320e52df33fd	69823
mods/heroes.stormmod/enus.stormassets/localizeddata/sounds/vo/genjibase_pissed07.ogg	23bc7045608edd24a4397ba01b8dae7d	68718
mods/heroes.stormmod/enus.stormassets/localizeddata/sounds/vo/genjibase_pissed08.ogg	c4953c53f9795316750d310573ce22c4	56180
mods/heroes.stormmod/enus.stormassets/localizeddata/sounds/vo/genjibase_pissed09.ogg	dd7cfe57b967967709dc33690e671458	58747
mods/heroes.stormmod/enus.stormassets/localizeddata/sounds/vo/genjibase_pissed10.ogg	262832ea81590e8a86dafb3ab6ba3fec	103626
mods/heroes.stormmod/enus.stormassets/localizeddata/sounds/vo/genjibase_pissed11.ogg	b95a6663355752141b0c455a54bbb5ad	46980
mods/heroes.stormmod/enus.stormassets/localizeddata/sounds/vo/genjibase_pissed12.ogg	c223fcee5a3301e743a7a32344402c8a	87848
mods/heroes.stormmod/enus.stormassets/localizeddata/sounds/vo/genjibase_pissed14.ogg	a1e41f6f96eda803c8a8cfee0bb4deb4	54355
mods/heroes.stormmod/enus.stormassets/localizeddata/sounds/vo/genjibase_pissed15.ogg	78ef4709c5229576c4487b708a90d4d3	12684
mods/heroes.stormmod/enus.stormassets/localizeddata/sounds/vo/genjibase_resurrected00.ogg	9ecc9caef492d08974f48065cf00ce1c	24353
mods/heroes.stormmod/enus.stormassets/localizeddata/sounds/vo/genjibase_resurrected01.ogg	f46237a95c4c4e4516117f6cb7a9a269	18738
mods/heroes.stormmod/enus.stormassets/localizeddata/sounds/vo/genjibase_revive00.ogg	57e7e59109c52c68ddbadf5c188b3cc6	24851
mods/heroes.stormmod/enus.stormassets/localizeddata/sounds/vo/genjibase_revive01.ogg	a9479ffc32dc1153bca6b4b67b0a6ee0	31013
mods/heroes.stormmod/enus.stormassets/localizeddata/sounds/vo/genjibase_revive02.ogg	1e86e69abf2c9f27d528d27dd4892236	21052
mods/heroes.stormmod/enus.stormassets/localizeddata/sounds/vo/genjibase_revive03.ogg	47c5afb3adf14ded5179075ff147f82f	28005
mods/heroes.stormmod/enus.stormassets/localizeddata/sounds/vo/genjibase_revive04.ogg	793ec0566c086f3dc12f3a9d56a4f537	35591
mods/heroes.stormmod/enus.stormassets/localizeddata/sounds/vo/genjibase_spec00.ogg	e760e10e5f94b8f4265bbc035d421fe0	23257
mods/heroes.stormmod/enus.stormassets/localizeddata/sounds/vo/genjibase_spec01.ogg	1d969523b4a1169383b18966af464bc7	21619
mods/heroes.stormmod/enus.stormassets/localizeddata/sounds/vo/genjibase_spec02.ogg	3afa48e45b1cf15fd52cc2b1b802c039	18228
mods/heroes.stormmod/enus.stormassets/localizeddata/sounds/vo/genjibase_spec03.ogg	849b065f8492f00320281a756406ec10	25614
mods/heroes.stormmod/enus.stormassets/localizeddata/sounds/vo/genjibase_spec04.ogg	84677d6076834101477a91739085917d	33919
mods/heroes.stormmod/enus.stormassets/localizeddata/sounds/vo/genjibase_swiftstrike success00.ogg	9fc5f719398c1aed34dd8f13451710bf	21471
mods/heroes.stormmod/enus.stormassets/localizeddata/sounds/vo/genjibase_swiftstrike success01.ogg	3d7e0225cc522ec5d2ae79a02a6b1fc3	23998
mods/heroes.stormmod/enus.stormassets/localizeddata/sounds/vo/genjibase_swiftstrike success02.ogg	226ca2b99914c7fb1bd7e365ab6dae85	27581
mods/heroes.stormmod/enus.stormassets/localizeddata/sounds/vo/genjibase_swiftstrike success03.ogg	37cfe6aa2deb7d25fbf042df476f93aa	20253
mods/heroes.stormmod/enus.stormassets/localizeddata/sounds/vo/genjibase_swiftstrike success04.ogg	25b4ff91564a2119cca43a8dc07a8575	15880
mods/heroes.stormmod/enus.stormassets/localizeddata/sounds/vo/genjibase_swiftstrikeactivate00_01.ogg	340d438ecb75d67e9ba6a211e8f2dffb	10735
mods/heroes.stormmod/enus.stormassets/localizeddata/sounds/vo/genjibase_swiftstrikeactivate00_02.ogg	06db2d0cbd0e8424b17dc77b6816db23	10239
mods/heroes.stormmod/enus.stormassets/localizeddata/sounds/vo/genjibase_swiftstrikeactivate00_03.ogg	44bec017d4a5cefaf3a75ae586e8bbb8	9728
mods/heroes.stormmod/enus.stormassets/localizeddata/sounds/vo/genjibase_swiftstrikeactivate00_04.ogg	f2877d9ef666467e856ae5c5e34178cf	10311
mods/heroes.stormmod/enus.stormassets/localizeddata/sounds/vo/genjibase_swiftstrikeactivate00_05.ogg	ab390b01ad4ed3c82df1ef2cfa75f8ff	13056
mods/heroes.stormmod/enus.stormassets/localizeddata/sounds/vo/genjibase_swiftstrikeactivate00_06.ogg	76df8d129980f738b67a7d055906c808	10517
mods/heroes.stormmod/enus.stormassets/localizeddata/sounds/vo/genjibase_swiftstrikeactivate00_07.ogg	04903797f4e50d07decc60925e250613	10451
mods/heroes.stormmod/enus.stormassets/localizeddata/sounds/vo/genjibase_swiftstrikeactivate00_08.ogg	1e9c0ecd5b484bd05cacc7eb6f7fc7ce	13370
mods/heroes.stormmod/enus.stormassets/localizeddata/sounds/vo/genjibase_swiftstrikeactivate00_09.ogg	30015416476c17317c8beccddb78e360	11272
mods/heroes.stormmod/enus.stormassets/localizeddata/sounds/vo/genjibase_swiftstrikeactivate00_10.ogg	23b513e57fa2d391b6997f7ac7f3fd41	10591
mods/heroes.stormmod/enus.stormassets/localizeddata/sounds/vo/genjibase_swiftstrikeactivate00_11.ogg	9ddc7d4a6d92252c2d6b80986fa45c04	10196
mods/heroes.stormmod/enus.stormassets/localizeddata/sounds/vo/genjibase_swiftstrikeactivate00_12.ogg	5de149a4a92e4612e55e7de28718a936	12573
mods/heroes.stormmod/enus.stormassets/localizeddata/sounds/vo/genjibase_swiftstrikesuccess00.ogg	9fc5f719398c1aed34dd8f13451710bf	21471
mods/heroes.stormmod/enus.stormassets/localizeddata/sounds/vo/genjibase_swiftstrikesuccess01.ogg	3d7e0225cc522ec5d2ae79a02a6b1fc3	23998
mods/heroes.stormmod/enus.stormassets/localizeddata/sounds/vo/genjibase_swiftstrikesuccess02.ogg	226ca2b99914c7fb1bd7e365ab6dae85	27581
mods/heroes.stormmod/enus.stormassets/localizeddata/sounds/vo/genjibase_swiftstrikesuccess03.ogg	37cfe6aa2deb7d25fbf042df476f93aa	20253
mods/heroes.stormmod/enus.stormassets/localizeddata/sounds/vo/genjibase_swiftstrikesuccess04.ogg	25b4ff91564a2119cca43a8dc07a8575	15880
mods/heroes.stormmod/enus.stormassets/localizeddata/sounds/vo/genjibase_taunt00.ogg	75a6f94deda916b082778273a83340c9	19171
mods/heroes.stormmod/enus.stormassets/localizeddata/sounds/vo/genjibase_taunt01.ogg	97492dd8af9f7bcdb59c3538ca4b30a5	34317
mods/heroes.stormmod/enus.stormassets/localizeddata/sounds/vo/genjibase_taunt02.ogg	6e354295f320ef45d38ea20237114d73	27765
mods/heroes.stormmod/enus.stormassets/localizeddata/sounds/vo/genjibase_teamkilled00.ogg	e184cb506fb14b17f5aaa553be0b80f3	15009
mods/heroes.stormmod/enus.stormassets/localizeddata/sounds/vo/genjibase_ui_exlocked00.ogg	d03d509c59827e3cba83b4e7cb2c43c0	34897
mods/heroes.stormmod/enus.stormassets/localizeddata/sounds/vo/genjibase_ui_expurchased00.ogg	43637962cca5e254205bfe6b461c73b4	37844
mods/heroes.stormmod/enus.stormassets/localizeddata/sounds/vo/genjibase_ui_gift00.ogg	2746099d90f24c342a3d9ca0ce4946fe	36284
mods/heroes.stormmod/enus.stormassets/localizeddata/sounds/vo/genjibase_ui_gift01.ogg	1046b8c48e92dd47e6e09ed8e665c58b	25354
mods/heroes.stormmod/enus.stormassets/localizeddata/sounds/vo/genjibase_ui_lockin00.ogg	1c2d594ba8f05b53f448746f71b49c54	27078
mods/heroes.stormmod/enus.stormassets/localizeddata/sounds/vo/genjibase_ui_purchase00.ogg	fee29c135c6676360b14b64d7bb48262	17794
mods/heroes.stormmod/enus.stormassets/localizeddata/sounds/vo/genjibase_ui_trial00.ogg	b63964d3d5283afa3dd02b069c6699f2	17758
mods/heroes.stormmod/enus.stormassets/localizeddata/sounds/vo/genjibase_ui_trial01.ogg	1503999fcfaa16b9801eb9179e171f92	26760
mods/heroes.stormmod/enus.stormassets/localizeddata/sounds/vo/genjibase_ui_waitlocked00.ogg	e0e5daf2ee609a09a48a200e7436cc0c	60947
mods/heroes.stormmod/enus.stormassets/localizeddata/sounds/vo/genjibase_ui_waitlocked01.ogg	4608594b42b0df5c594a614ceca449a6	39092
mods/heroes.stormmod/enus.stormassets/localizeddata/sounds/vo/genjibase_ui_waitpurchased00.ogg	ef344356d1485b070c6e797fc98ab4ae	33101
mods/heroes.stormmod/enus.stormassets/localizeddata/sounds/vo/genjibase_ui_waitpurchased01.ogg	9b8024484d74012ca1a30acde9bec523	38178
mods/heroes.stormmod/enus.stormassets/localizeddata/sounds/vo/genjibase_ultimate1used00.ogg	4f598d86d9f16f157ac2bf59c3cc54ba	24964
mods/heroes.stormmod/enus.stormassets/localizeddata/sounds/vo/genjibase_ultimate1used_enemy00.ogg	303a4b33cc7055228270314d38a07727	38101
mods/heroes.stormmod/enus.stormassets/localizeddata/sounds/vo/genjibase_ultimate2used00.ogg	da75c38f9f68a41f6b2d02d726d32434	27419
mods/heroes.stormmod/enus.stormassets/localizeddata/sounds/vo/genjibase_ultimate2usedally00.ogg	a63ee033c1334a065296ea3a2c4f0ee1	29125
mods/heroes.stormmod/enus.stormassets/localizeddata/sounds/vo/genjibase_ultimate2usedenemy00.ogg	4191223348e9cfed35165cb38fe03996	27530
mods/heroes.stormmod/enus.stormassets/localizeddata/sounds/vo/genjibase_voicelinefive00.ogg	c4d739cb350f4719471a72a91d81e443	31447
mods/heroes.stormmod/enus.stormassets/localizeddata/sounds/vo/genjibase_voicelinefour00.ogg	68fa36262e49a120c8f246c7a8c41575	15374
mods/heroes.stormmod/enus.stormassets/localizeddata/sounds/vo/genjibase_voicelineone00.ogg	18ac0dfc55bf455c89e1e917590a204c	29090
mods/heroes.stormmod/enus.stormassets/localizeddata/sounds/vo/genjibase_voicelinethree00.ogg	52afe413a69010c1ac43f4bdc7f8baba	24478
mods/heroes.stormmod/enus.stormassets/localizeddata/sounds/vo/genjibase_voicelinetwo00.ogg	4cbf198cc2dc58a694bb11c4b5c462bf	33285
mods/heroes.stormmod/enus.stormassets/localizeddata/sounds/vo/genjibase_vox_attack00.ogg	3774a39ef3911e440fb4ec288ebbee91	5961
mods/heroes.stormmod/enus.stormassets/localizeddata/sounds/vo/genjibase_vox_attack01.ogg	a2593e7466e055016b6dbffe83069b79	7048
mods/heroes.stormmod/enus.stormassets/localizeddata/sounds/vo/genjibase_vox_attack02.ogg	0728bae9fe042fb6e8379bcd4f6f1037	6812
mods/heroes.stormmod/enus.stormassets/localizeddata/sounds/vo/genjibase_vox_attack03.ogg	abda69739559ec62a498701880c61348	6935
mods/heroes.stormmod/enus.stormassets/localizeddata/sounds/vo/genjibase_vox_attack04.ogg	6f5afc9c21500d81d958af35991d5bf3	9450
mods/heroes.stormmod/enus.stormassets/localizeddata/sounds/vo/genjibase_vox_attack05.ogg	63be92aceffde083eb1331216a5cca3f	6872
mods/heroes.stormmod/enus.stormassets/localizeddata/sounds/vo/genjibase_vox_attack06.ogg	2e531dfb68c2aa0915bf59b97aaeaaa9	7056
mods/heroes.stormmod/enus.stormassets/localizeddata/sounds/vo/genjibase_vox_attack08.ogg	44eb28a0247021e8fae5de285b6db2c9	7488
mods/heroes.stormmod/enus.stormassets/localizeddata/sounds/vo/genjibase_vox_attack09.ogg	c7e71e00fc43bf341be5809e98e74505	9449
mods/heroes.stormmod/enus.stormassets/localizeddata/sounds/vo/genjibase_vox_attack10.ogg	6b67a8b4d702d72735f8c3de3dde6b3f	6350
mods/heroes.stormmod/enus.stormassets/localizeddata/sounds/vo/genjibase_vox_attack11.ogg	118afda5d94639288d2588d0c8234b9a	9848
mods/heroes.stormmod/enus.stormassets/localizeddata/sounds/vo/genjibase_vox_castingd_jump01.ogg	ec61d5c6b5707e3d8ae92fc3228a2370	6300
mods/heroes.stormmod/enus.stormassets/localizeddata/sounds/vo/genjibase_vox_castingd_jump02.ogg	e9e87ac7edf08dafbb46ddf6a851af61	8076
mods/heroes.stormmod/enus.stormassets/localizeddata/sounds/vo/genjibase_vox_castingd_jump03.ogg	a237fa3e82284067d7360210c28a0644	7131
mods/heroes.stormmod/enus.stormassets/localizeddata/sounds/vo/genjibase_vox_castingd_jump04.ogg	2ab1bd29d7ed59bd5767b44953cae869	7419
mods/heroes.stormmod/enus.stormassets/localizeddata/sounds/vo/genjibase_vox_castingd_jump05.ogg	189485dce2fc660b3209be5301581cb3	7122
mods/heroes.stormmod/enus.stormassets/localizeddata/sounds/vo/genjibase_vox_castingd_jump06.ogg	eeb6e89ae71e93ba26f1847663fdc52e	8730
mods/heroes.stormmod/enus.stormassets/localizeddata/sounds/vo/genjibase_vox_castingd_jump07.ogg	b33980186181a0a526399c01481dcbba	5642
mods/heroes.stormmod/enus.stormassets/localizeddata/sounds/vo/genjibase_vox_castingd_jump08.ogg	23493d2fd5091f2804c68b64d604b637	7603
mods/heroes.stormmod/enus.stormassets/localizeddata/sounds/vo/genjibase_vox_castingd_land01.ogg	752d96a0f4bdb59f41dc60a0fdd14aea	6789
mods/heroes.stormmod/enus.stormassets/localizeddata/sounds/vo/genjibase_vox_castingd_land02.ogg	d0730f42394573847d7f12290cf19d93	6075
mods/heroes.stormmod/enus.stormassets/localizeddata/sounds/vo/genjibase_vox_castingd_land03.ogg	6008e65c67eb462682bced9c9f71e7a7	6296
mods/heroes.stormmod/enus.stormassets/localizeddata/sounds/vo/genjibase_vox_castingd_land04.ogg	622a7f71c14a1658cd959c34886d814c	8865
mods/heroes.stormmod/enus.stormassets/localizeddata/sounds/vo/genjibase_vox_castingd_land05.ogg	99f1efdbd8557e2f84774bd7103d74c6	8997
mods/heroes.stormmod/enus.stormassets/localizeddata/sounds/vo/genjibase_vox_castingd_land06.ogg	52869bfd71c5b99a9ef6cde76b46ee4a	11136
mods/heroes.stormmod/enus.stormassets/localizeddata/sounds/vo/genjibase_vox_castingd_land07.ogg	616c74434d7905120ca9806912f68eab	8293
mods/heroes.stormmod/enus.stormassets/localizeddata/sounds/vo/genjibase_vox_castingd_land08.ogg	92cddd5053981f25c7531c158d53668d	8677
mods/heroes.stormmod/enus.stormassets/localizeddata/sounds/vo/genjibase_vox_castingq00.ogg	fd000db27f48cf2d0a2e5f9898b658b2	14352
mods/heroes.stormmod/enus.stormassets/localizeddata/sounds/vo/genjibase_vox_castingq01.ogg	cc65c8e6cdc32d318c88ffd1244a7bd5	14661
mods/heroes.stormmod/enus.stormassets/localizeddata/sounds/vo/genjibase_vox_castingq02.ogg	708152442d7033b6338d2c578e9b1264	9151
mods/heroes.stormmod/enus.stormassets/localizeddata/sounds/vo/genjibase_vox_castingq03.ogg	d4861154969fe79303ae732ddea49e27	15184
mods/heroes.stormmod/enus.stormassets/localizeddata/sounds/vo/genjibase_vox_castingq04.ogg	1642b8b6ea5de82e46c3639e17cacf2b	14849
mods/heroes.stormmod/enus.stormassets/localizeddata/sounds/vo/genjibase_vox_castingq05.ogg	4c5880af6d9d1c1f10f7eab26ea8966c	15849
mods/heroes.stormmod/enus.stormassets/localizeddata/sounds/vo/genjibase_vox_castingq06.ogg	9c6c29b2509bf70f5930d504ef20811a	13689
mods/heroes.stormmod/enus.stormassets/localizeddata/sounds/vo/genjibase_vox_castingq07.ogg	d4e6fcfb983a625054b32aec3975d519	9256
mods/heroes.stormmod/enus.stormassets/localizeddata/sounds/vo/genjibase_vox_castingr00.ogg	c571443b1b45a4d285cd2562ab42ee4f	8432
mods/heroes.stormmod/enus.stormassets/localizeddata/sounds/vo/genjibase_vox_castingr01.ogg	b54d7f04fe903f06b742e39ffdfd4ffa	12177
mods/heroes.stormmod/enus.stormassets/localizeddata/sounds/vo/genjibase_vox_castingr02.ogg	70df6671f11a7cc1fa604962fcd15651	10051
mods/heroes.stormmod/enus.stormassets/localizeddata/sounds/vo/genjibase_vox_castingr04.ogg	c4d864cd2c0d30c6108cdffdff9923c2	12971
mods/heroes.stormmod/enus.stormassets/localizeddata/sounds/vo/genjibase_vox_castingr06.ogg	4f1cf000d0cc9ece9c4aa7c9891773ff	10469
mods/heroes.stormmod/enus.stormassets/localizeddata/sounds/vo/genjibase_vox_castingr08.ogg	bda305ba02c9cc8d041d44db3f399088	13526
mods/heroes.stormmod/enus.stormassets/localizeddata/sounds/vo/genjibase_vox_castingr09.ogg	352288d4ec90de566b1e02daa6c2ebe5	13043
mods/heroes.stormmod/enus.stormassets/localizeddata/sounds/vo/genjibase_vox_castingr11.ogg	bc3581333d6326eb9e06d7d3edd3f5f7	10095
mods/heroes.stormmod/enus.stormassets/localizeddata/sounds/vo/genjibase_vox_castingr12.ogg	e54d4ee74563aeb58dfa0b494e495557	11245
mods/heroes.stormmod/enus.stormassets/localizeddata/sounds/vo/genjibase_vox_castingr13.ogg	5496898036c1b3ffc7be5a0c8319fe2b	12678
mods/heroes.stormmod/enus.stormassets/localizeddata/sounds/vo/genjibase_vox_castingr14.ogg	2d63d997964acdcab285796fa211cf51	12472
mods/heroes.stormmod/enus.stormassets/localizeddata/sounds/vo/genjibase_vox_castingr17.ogg	b3dcb3b0d34d8d56c4b46410168948b4	9949
mods/heroes.stormmod/enus.stormassets/localizeddata/sounds/vo/genjibase_vox_castingr18.ogg	47f484c3144a2ec494e78f15d279ce92	13451
mods/heroes.stormmod/enus.stormassets/localizeddata/sounds/vo/genjibase_vox_castingr19.ogg	d981582fc82ff2f37f87843fdb900be6	15815
mods/heroes.stormmod/enus.stormassets/localizeddata/sounds/vo/genjibase_vox_castingr20.ogg	48eea749eca7efa344f025014869429c	14951
mods/heroes.stormmod/enus.stormassets/localizeddata/sounds/vo/genjibase_vox_cheer00.ogg	8be300c9fc4eda97338b46f2e3bbeda9	12514
mods/heroes.stormmod/enus.stormassets/localizeddata/sounds/vo/genjibase_vox_cheer01.ogg	3814263cc1c889fd179fa3fb1019c971	14262
mods/heroes.stormmod/enus.stormassets/localizeddata/sounds/vo/genjibase_vox_cheer02.ogg	671d9335b30f62c037a527f6c3d22bae	15626
mods/heroes.stormmod/enus.stormassets/localizeddata/sounds/vo/genjibase_vox_cheer03.ogg	ce78d80c837cf89efa6ef77521a29035	9159
mods/heroes.stormmod/enus.stormassets/localizeddata/sounds/vo/genjibase_vox_cheer04.ogg	fc33ba89a3eb858e09a6179da81a0b4e	15819
mods/heroes.stormmod/enus.stormassets/localizeddata/sounds/vo/genjibase_vox_cheer05.ogg	f452a97d9270fcefb8c269e589ff5b4e	11110
mods/heroes.stormmod/enus.stormassets/localizeddata/sounds/vo/genjibase_vox_cheer06.ogg	f4d1be8d50a927ac97426f8ccf2e8be3	15492
mods/heroes.stormmod/enus.stormassets/localizeddata/sounds/vo/genjibase_vox_cheer07.ogg	89e0666bdb4e06a0513275b44850d0cb	18260
mods/heroes.stormmod/enus.stormassets/localizeddata/sounds/vo/genjibase_vox_cheer08.ogg	5218191556c1ed4dcd39d1b33b12e6d0	19004
mods/heroes.stormmod/enus.stormassets/localizeddata/sounds/vo/genjibase_vox_cheer09.ogg	d452c2cb41589191ced8441838b11d46	16915
mods/heroes.stormmod/enus.stormassets/localizeddata/sounds/vo/genjibase_vox_gethitlarge00.ogg	ecc3b670459a2fad4da5ab9ba48657bd	11978
mods/heroes.stormmod/enus.stormassets/localizeddata/sounds/vo/genjibase_vox_gethitlarge01.ogg	65649fa9d5805400e87d815422bd4e78	13166
mods/heroes.stormmod/enus.stormassets/localizeddata/sounds/vo/genjibase_vox_gethitlarge02.ogg	e9f70795f6555176c6f2191389fcdbde	15951
mods/heroes.stormmod/enus.stormassets/localizeddata/sounds/vo/genjibase_vox_gethitlarge03.ogg	4332e6ec5570979512e08b7854b8a5ec	20410
mods/heroes.stormmod/enus.stormassets/localizeddata/sounds/vo/genjibase_vox_gethitlarge04.ogg	56db1cb7fbf2d3bd92c6738f58a44589	7683
mods/heroes.stormmod/enus.stormassets/localizeddata/sounds/vo/genjibase_vox_gethitlarge05.ogg	b53a93862f719cd066bab2ea37556c33	9045
mods/heroes.stormmod/enus.stormassets/localizeddata/sounds/vo/genjibase_vox_gethitlarge06.ogg	0645d7183dda84ffef7faf1226bfed59	8254
mods/heroes.stormmod/enus.stormassets/localizeddata/sounds/vo/genjibase_vox_gethitlarge07.ogg	f23a94880a05c2ada0b4f2bfe4c2d5af	9335
mods/heroes.stormmod/enus.stormassets/localizeddata/sounds/vo/genjibase_vox_gethitlarge08.ogg	35eb98eb26a804904cabfaf1bb9325c8	8475
mods/heroes.stormmod/enus.stormassets/localizeddata/sounds/vo/genjibase_vox_gethitlarge09.ogg	13c5cc74390de268f03729e7019c363f	11200
mods/heroes.stormmod/enus.stormassets/localizeddata/sounds/vo/genjibase_vox_gethitsmall00.ogg	63c52439e6fbe1f84b455a3982b4491d	6844
mods/heroes.stormmod/enus.stormassets/localizeddata/sounds/vo/genjibase_vox_gethitsmall01.ogg	6af392d6e8b35cefa656c6e645a115a8	7432
mods/heroes.stormmod/enus.stormassets/localizeddata/sounds/vo/genjibase_vox_gethitsmall02.ogg	05827167dd069a68b837df591cbe532c	6971
mods/heroes.stormmod/enus.stormassets/localizeddata/sounds/vo/genjibase_vox_gethitsmall03.ogg	ee972e6dd9fcc0a16eb8cd366bb1b5bb	6058
mods/heroes.stormmod/enus.stormassets/localizeddata/sounds/vo/genjibase_vox_gethitsmall04.ogg	5aca7b30cfcb2fa0f6da24f82348ae68	7739
mods/heroes.stormmod/enus.stormassets/localizeddata/sounds/vo/genjibase_vox_gethitsmall05.ogg	eb76e8ab23182255163aaaa5031e960c	8690
mods/heroes.stormmod/enus.stormassets/localizeddata/sounds/vo/genjibase_vox_gethitsmall06.ogg	05c21e01c15b0f9e575625572669ad9e	8732
mods/heroes.stormmod/enus.stormassets/localizeddata/sounds/vo/genjibase_vox_gethitsmall07.ogg	d79a7fb4eae746d374f6eb3857cdcff7	6783
mods/heroes.stormmod/enus.stormassets/localizeddata/sounds/vo/genjibase_vox_gethitsmall08.ogg	05e8da8dfa059ef41c5c8647b96fe1e4	11312
mods/heroes.stormmod/enus.stormassets/localizeddata/sounds/vo/genjibase_vox_gethitsmall09.ogg	b031720f2aa08b17cda80b9fb0e7d71e	9621
mods/heroes.stormmod/enus.stormassets/localizeddata/sounds/vo/genjibase_vox_gethitsmall10.ogg	f9ab50703b1f2c0d6644b08af0fa864d	6665
mods/heroes.stormmod/enus.stormassets/localizeddata/sounds/vo/genjibase_vox_pulled00.ogg	7e3adae12325147413968a6aa7f1ef4b	12690
mods/heroes.stormmod/enus.stormassets/localizeddata/sounds/vo/genjibase_vox_pulled01.ogg	c4c434990fa9e6f9f8a97b06af42c528	13354
mods/heroes.stormmod/enus.stormassets/localizeddata/sounds/vo/genjibase_vox_pulled02.ogg	4e294cdbad8b5524cd04255c04e0d79e	14525
mods/heroes.stormmod/enus.stormassets/localizeddata/sounds/vo/genjibase_vox_pulled03.ogg	2b3823dc6ae6e31472316be2b3da69c5	9280
mods/heroes.stormmod/enus.stormassets/localizeddata/sounds/vo/genjibase_vox_pulled04.ogg	625986497284bcf65e55052e1cdb762f	14448
mods/heroes.stormmod/enus.stormassets/localizeddata/sounds/vo/genjibase_vox_pulled05.ogg	26905f81711369f3ceca412b7b72078b	14917
mods/heroes.stormmod/enus.stormassets/localizeddata/sounds/vo/genjibase_vox_pulled06.ogg	087cb0b10655ef05a546fbbe5b51d2e9	9045
mods/heroes.stormmod/enus.stormassets/localizeddata/sounds/vo/genjibase_vox_pulled07.ogg	087ed8373ecf00c3b7e616b8847ebb78	14044
mods/heroes.stormmod/enus.stormassets/localizeddata/sounds/vo/genjibase_vox_pulled08.ogg	3e33da1208816aa90573fe7a88dd5c6b	14815
mods/heroes.stormmod/enus.stormassets/localizeddata/sounds/vo/genjibase_vox_pulled09.ogg	300f430beb3515d03516be21a62852b0	16987
mods/heroes.stormmod/enus.stormassets/localizeddata/sounds/vo/genjibase_worthit00.ogg	02a1f3f2c2d1953cde0db87646106f2b	24064
mods/heroes.stormmod/enus.stormassets/localizeddata/sounds/vo/genjibase_worthit01.ogg	f4d98a765fc4354b90aae5e2178bfaef	32609
mods/heroes.stormmod/enus.stormassets/localizeddata/sounds/vo/genjibase_yes00.ogg	a380af355cbbac7a0a780203900f3e0b	29805
mods/heroes.stormmod/enus.stormassets/localizeddata/sounds/vo/genjibase_yes01.ogg	4f129a0d2c9669e30adb623c6327fd8e	16107
mods/heroes.stormmod/enus.stormassets/localizeddata/sounds/vo/genjibase_yes02.ogg	b69720d1995b0f1a08c9917b31b21d69	29636
mods/heroes.stormmod/enus.stormassets/localizeddata/sounds/vo/genjibase_yes03.ogg	58295c4d7b8a45d61b64b99abcfd1e67	12265
mods/heroes.stormmod/enus.stormassets/localizeddata/sounds/vo/genjibase_yes04.ogg	6edbee6c5fceea0aea4d8f0bca55aeaf	24153
mods/heroes.stormmod/enus.stormassets/localizeddata/sounds/vo/genjibase_yes05.ogg	9aa7de2854bd8c519ecb45bfacfb25d0	14233
mods/heroes.stormmod/enus.stormassets/localizeddata/sounds/vo/genjibase_yes06.ogg	c82da653b48830a22b09a5f403ab706c	14388
mods/heroes.stormmod/enus.stormassets/localizeddata/sounds/vo/genjibase_yes07.ogg	fe3261f09f96549dc1012b9947972761	25695
mods/heroes.stormmod/enus.stormassets/localizeddata/sounds/vo/genjibase_yes08.ogg	ffdd8fd4f136db9526b88e44572adcfc	25688
mods/heroes.stormmod/enus.stormassets/localizeddata/sounds/vo/genjibase_yes09.ogg	08771c4e489831280554158d573b19c5	24220
mods/heroes.stormmod/enus.stormassets/localizeddata/sounds/vo/genjiviper_ai_attack00.ogg	072bc51d541416698295fc1afe255388	36121
mods/heroes.stormmod/enus.stormassets/localizeddata/sounds/vo/genjiviper_ai_attack01.ogg	21fc0cc058b5e57338b71c49c8269c67	35781
mods/heroes.stormmod/enus.stormassets/localizeddata/sounds/vo/genjiviper_ai_attack02.ogg	6866dfd55d9012cd72cfeb74b4727a9d	22569
mods/heroes.stormmod/enus.stormassets/localizeddata/sounds/vo/genjiviper_ai_caution00.ogg	1976ea7fa5e32541c696ca8736a4304d	15620
mods/heroes.stormmod/enus.stormassets/localizeddata/sounds/vo/genjiviper_ai_goodjob00.ogg	68f664e5d92d7e00ccffa53e08964c26	18612
mods/heroes.stormmod/enus.stormassets/localizeddata/sounds/vo/genjiviper_ai_goodjob01.ogg	cd052b3a72110fe7e98218411a1e2d5e	14979
mods/heroes.stormmod/enus.stormassets/localizeddata/sounds/vo/genjiviper_ai_goodjob02.ogg	9e40986526477f6e5b1fcdac0b30e29e	15686
mods/heroes.stormmod/enus.stormassets/localizeddata/sounds/vo/genjiviper_ai_heal00.ogg	7dea7175bfec0a9c894f8b89ab5eb035	16644
mods/heroes.stormmod/enus.stormassets/localizeddata/sounds/vo/genjiviper_ai_heal01.ogg	669807f4936d9e86c6fbdc97c7920828	28743
mods/heroes.stormmod/enus.stormassets/localizeddata/sounds/vo/genjiviper_ai_onmyway00.ogg	9a0834f2c4f90c9e1ad9f6aa3aa2c93b	17756
mods/heroes.stormmod/enus.stormassets/localizeddata/sounds/vo/genjiviper_ai_onmyway01.ogg	839d9b554a37ab421d5da1aa85be2fd2	29613
mods/heroes.stormmod/enus.stormassets/localizeddata/sounds/vo/genjiviper_ai_retreat00.ogg	5b30c09a4e495a86ac00422908edb143	14292
mods/heroes.stormmod/enus.stormassets/localizeddata/sounds/vo/genjiviper_ai_retreat01.ogg	6973d133369731100ff0f9b1421b3bc3	18440
mods/heroes.stormmod/enus.stormassets/localizeddata/sounds/vo/genjiviper_ai_uhoh00.ogg	cef8ec632ce67a31966cb0e9db606a5d	15337
mods/heroes.stormmod/enus.stormassets/localizeddata/sounds/vo/genjiviper_ai_uhoh01.ogg	7bd49601639279f073019d103632deed	21647
mods/heroes.stormmod/enus.stormassets/localizeddata/sounds/vo/genjiviper_ai_uhoh02.ogg	edc9bcdf1d77d26881c191ea8a9b3607	19176
mods/heroes.stormmod/enus.stormassets/localizeddata/sounds/vo/genjiviper_attack00.ogg	881482a28d8c07a0ac1b627228ec1358	24181
mods/heroes.stormmod/enus.stormassets/localizeddata/sounds/vo/genjiviper_attack01.ogg	6541a70c2d458ee520ca483654da6d9e	22500
mods/heroes.stormmod/enus.stormassets/localizeddata/sounds/vo/genjiviper_attack02.ogg	6949c949498076a50b37fb574f745bfa	14871
mods/heroes.stormmod/enus.stormassets/localizeddata/sounds/vo/genjiviper_attack03.ogg	7e987459353303e7a95db5dd87b7e2eb	19465
mods/heroes.stormmod/enus.stormassets/localizeddata/sounds/vo/genjiviper_attack04.ogg	d9fd44d41462b769255429c30e87c24c	22474
mods/heroes.stormmod/enus.stormassets/localizeddata/sounds/vo/genjiviper_attack05.ogg	2682d8b7570b55ac1d233d9b6f2754a8	22338
mods/heroes.stormmod/enus.stormassets/localizeddata/sounds/vo/genjiviper_attack06.ogg	9aafb280476ff6d974e5743508898fe3	21472
mods/heroes.stormmod/enus.stormassets/localizeddata/sounds/vo/genjiviper_celebrate00.ogg	97f0f76bcc92926a28e0c4a7f4359e2b	22178
mods/heroes.stormmod/enus.stormassets/localizeddata/sounds/vo/genjiviper_celebrate01.ogg	9f32196fb813dda8f09149044418ddaa	15186
mods/heroes.stormmod/enus.stormassets/localizeddata/sounds/vo/genjiviper_comeback00.ogg	1ebc2507964f78423547b60ed3e44f4f	49672
mods/heroes.stormmod/enus.stormassets/localizeddata/sounds/vo/genjiviper_death00.wav	adf64d9a22056a3ed7f8a2b1910ef89d	63804
mods/heroes.stormmod/enus.stormassets/localizeddata/sounds/vo/genjiviper_death01.wav	fad3717feb4e4143a32ef68295d3e8f4	45628
mods/heroes.stormmod/enus.stormassets/localizeddata/sounds/vo/genjiviper_death02.wav	2487cd1cff91a6eb199583d5dedc8964	47420
mods/heroes.stormmod/enus.stormassets/localizeddata/sounds/vo/genjiviper_death03.wav	30cce39263346462b6b2943e838c1131	70460
mods/heroes.stormmod/enus.stormassets/localizeddata/sounds/vo/genjiviper_death04.wav	ee042feb8ac4ab33406592e9d6824fb3	115516
mods/heroes.stormmod/enus.stormassets/localizeddata/sounds/vo/genjiviper_death05.wav	3cb925490ea1e38226fb2a1846e75fc9	54332
mods/heroes.stormmod/enus.stormassets/localizeddata/sounds/vo/genjiviper_death06.wav	1f077523c5a1b97822e4b967639c2613	49212
mods/heroes.stormmod/enus.stormassets/localizeddata/sounds/vo/genjiviper_death07.wav	750b75e5cca0238c82c18afb89167e54	53564
mods/heroes.stormmod/enus.stormassets/localizeddata/sounds/vo/genjiviper_death08.wav	a82c2038709d4d015927c958c4751e24	47676
mods/heroes.stormmod/enus.stormassets/localizeddata/sounds/vo/genjiviper_death09.wav	ab06f6aceb3d156f76dea61b8fe4fdbd	54332
mods/heroes.stormmod/enus.stormassets/localizeddata/sounds/vo/genjiviper_death10.wav	dfa76661992d2a4e13f825a1752c0dce	45116
mods/heroes.stormmod/enus.stormassets/localizeddata/sounds/vo/genjiviper_death11.wav	b90be8ff73b5fc2d4178eed877fe283d	37436
mods/heroes.stormmod/enus.stormassets/localizeddata/sounds/vo/genjiviper_death12.wav	53ba47f9497abc3248c5541f56a883d2	46396
mods/heroes.stormmod/enus.stormassets/localizeddata/sounds/vo/genjiviper_death13.wav	145cfa4c88d9bda1fbd08c0af23a86c5	53564
mods/heroes.stormmod/enus.stormassets/localizeddata/sounds/vo/genjiviper_death14.wav	6880da3218069241c6205721767f2830	67132
mods/heroes.stormmod/enus.stormassets/localizeddata/sounds/vo/genjiviper_death15.wav	119c9462557b4b9d93330951a8c5339e	36668
mods/heroes.stormmod/enus.stormassets/localizeddata/sounds/vo/genjiviper_healed00.ogg	c796d477a7ceeb87b03baf07479a07cb	18920
mods/heroes.stormmod/enus.stormassets/localizeddata/sounds/vo/genjiviper_healed01.ogg	a2bc82bfe658c7a85034e977cfe2c02e	17866
mods/heroes.stormmod/enus.stormassets/localizeddata/sounds/vo/genjiviper_healed02.ogg	b7543f7471ddaf27b6e4405aeda52e87	22557
mods/heroes.stormmod/enus.stormassets/localizeddata/sounds/vo/genjiviper_homescreen00.ogg	a183cb1abc05e92a56a66d6ef1e7a186	37384
mods/heroes.stormmod/enus.stormassets/localizeddata/sounds/vo/genjiviper_introagree00.ogg	4e99d56cc9b49664c67210241ecc4fa2	16485
mods/heroes.stormmod/enus.stormassets/localizeddata/sounds/vo/genjiviper_introagree01.ogg	41680cea51ed893cc256cfd6a6e2ca37	21610
mods/heroes.stormmod/enus.stormassets/localizeddata/sounds/vo/genjiviper_introagree02.ogg	abb76c02b4b57c3d05fd504da8c43046	24269
mods/heroes.stormmod/enus.stormassets/localizeddata/sounds/vo/genjiviper_introboast00.ogg	aed2a5a6dcf92b7a1fd812c742d26110	52229
mods/heroes.stormmod/enus.stormassets/localizeddata/sounds/vo/genjiviper_introboast01.ogg	223559dc6f7828e67755bee67a6b9542	39995
mods/heroes.stormmod/enus.stormassets/localizeddata/sounds/vo/genjiviper_introquestion00.ogg	6f59ee8c465cd4c9a49efa25da99837e	19695
mods/heroes.stormmod/enus.stormassets/localizeddata/sounds/vo/genjiviper_introquestion01.ogg	2a1563ab1c11d12961051bf473c6f921	38646
mods/heroes.stormmod/enus.stormassets/localizeddata/sounds/vo/genjiviper_introquestion_chen00.ogg	0a19d7df3bbf3aeef043cbf361f84886	56418
mods/heroes.stormmod/enus.stormassets/localizeddata/sounds/vo/genjiviper_introquestion_hanzo00.ogg	bb24f1ccd2943ab26a55f106e3b7c851	22819
mods/heroes.stormmod/enus.stormassets/localizeddata/sounds/vo/genjiviper_introquestion_hanzo01.ogg	ea75e5b1fd45c33068dd804946ee456b	27190
mods/heroes.stormmod/enus.stormassets/localizeddata/sounds/vo/genjiviper_introquestion_kharazim00.ogg	4e4475b557121eecde2029fce6a9bb5c	65332
mods/heroes.stormmod/enus.stormassets/localizeddata/sounds/vo/genjiviper_introquestion_murky00.ogg	3cb6ccbcc6476415f1b5e460f052b402	30912
mods/heroes.stormmod/enus.stormassets/localizeddata/sounds/vo/genjiviper_introquestion_negative00.ogg	76ed947b763c33bf948879e0858e7e7e	20056
mods/heroes.stormmod/enus.stormassets/localizeddata/sounds/vo/genjiviper_introquestion_overwatch00.ogg	400489bdf8fc8f09ac88284fd0c70e5a	29108
mods/heroes.stormmod/enus.stormassets/localizeddata/sounds/vo/genjiviper_introquestion_positive00.ogg	64c545eba7db5df894689420241004f4	36577
mods/heroes.stormmod/enus.stormassets/localizeddata/sounds/vo/genjiviper_introquestion_ronin00.ogg	7062cbb54c3aa4d8b24553daced29c01	61889
mods/heroes.stormmod/enus.stormassets/localizeddata/sounds/vo/genjiviper_introquestion_samuro00.ogg	e2d146d997538d24fa14971f8f29720f	62229
mods/heroes.stormmod/enus.stormassets/localizeddata/sounds/vo/genjiviper_introquestion_tracer00.ogg	0ecd0041cf1824de32cbae706eb1e3fc	38258
mods/heroes.stormmod/enus.stormassets/localizeddata/sounds/vo/genjiviper_introquestion_zarya00.ogg	2193beee8d2addf4b88de5a7d4a1023e	27535
mods/heroes.stormmod/enus.stormassets/localizeddata/sounds/vo/genjiviper_introrespond00.ogg	4a0cd306c3c3d84555a511431b0dd0c5	28098
mods/heroes.stormmod/enus.stormassets/localizeddata/sounds/vo/genjiviper_introrespond01.ogg	31691038a33e5ddced0dcdfcf9eaab77	44346
mods/heroes.stormmod/enus.stormassets/localizeddata/sounds/vo/genjiviper_introrespond02.ogg	dd5b20d66d2d2c3c0a11662370d2acf3	52942
mods/heroes.stormmod/enus.stormassets/localizeddata/sounds/vo/genjiviper_introresponse_amused00.ogg	46f41f834d7573d0b08aa52021cb556a	32115
mods/heroes.stormmod/enus.stormassets/localizeddata/sounds/vo/genjiviper_introresponse_angry00.ogg	99f20e92c18123d8422fd661054888dc	17478
mods/heroes.stormmod/enus.stormassets/localizeddata/sounds/vo/genjiviper_introresponse_chen00.ogg	1aa33147ab30f7e6edf7ab363384395f	51914
mods/heroes.stormmod/enus.stormassets/localizeddata/sounds/vo/genjiviper_introresponse_confident00.ogg	fc03881ba1a3e84b51cb98a502542b12	42186
mods/heroes.stormmod/enus.stormassets/localizeddata/sounds/vo/genjiviper_introresponse_contemplative00.ogg	c0f1d1784c952eaba3bfbc5afa360553	61167
mods/heroes.stormmod/enus.stormassets/localizeddata/sounds/vo/genjiviper_introresponse_dismissive00.ogg	cc7455318a0e45f1894420a34640d3ee	30205
mods/heroes.stormmod/enus.stormassets/localizeddata/sounds/vo/genjiviper_introresponse_gibberish00.ogg	517686a7f10d7b88ef04eb40c2fa253d	42437
mods/heroes.stormmod/enus.stormassets/localizeddata/sounds/vo/genjiviper_introresponse_hanzo00.ogg	e2157069a0cdc789497c93a1e112915e	30087
mods/heroes.stormmod/enus.stormassets/localizeddata/sounds/vo/genjiviper_introresponse_kharazim00.ogg	50c7dc2a838c856ff6f66239658cee4a	54002
mods/heroes.stormmod/enus.stormassets/localizeddata/sounds/vo/genjiviper_introresponse_murky00.ogg	4bf8846ea1b75129a1f524584308761e	23675
mods/heroes.stormmod/enus.stormassets/localizeddata/sounds/vo/genjiviper_introresponse_negative00.ogg	d27042800a0ea657bb45424ebfc4b114	39471
mods/heroes.stormmod/enus.stormassets/localizeddata/sounds/vo/genjiviper_introresponse_overwatch00.ogg	151c8003ef6962b2caf7d6c058ac088e	57281
mods/heroes.stormmod/enus.stormassets/localizeddata/sounds/vo/genjiviper_introresponse_positive00.ogg	aed137e950f01f3e7e71e88feaab8555	17060
mods/heroes.stormmod/enus.stormassets/localizeddata/sounds/vo/genjiviper_introresponse_ronin00.ogg	de4a7123d037b16afc1e627434c9a7b2	62583
mods/heroes.stormmod/enus.stormassets/localizeddata/sounds/vo/genjiviper_introresponse_sad00.ogg	2ed671881bab788c59fc1e0bf38dcecb	68978
mods/heroes.stormmod/enus.stormassets/localizeddata/sounds/vo/genjiviper_introresponse_samuro00.ogg	dcb3dbaa3be374cadf66c3355f7c8e63	63755
mods/heroes.stormmod/enus.stormassets/localizeddata/sounds/vo/genjiviper_introresponse_tracer00.ogg	4cc05688030e4fcc4daac8c9db3b3066	50450
mods/heroes.stormmod/enus.stormassets/localizeddata/sounds/vo/genjiviper_introresponse_undead00.ogg	e00984cc7440a0c06a2bb3bfdce81c19	37055
mods/heroes.stormmod/enus.stormassets/localizeddata/sounds/vo/genjiviper_introresponse_weird00.ogg	aeaefae98b1c6eac0e5fd62e12e43f13	59845
mods/heroes.stormmod/enus.stormassets/localizeddata/sounds/vo/genjiviper_introresponse_zarya00.ogg	0286835d1c09c418f5f10335e34ebac0	63924
mods/heroes.stormmod/enus.stormassets/localizeddata/sounds/vo/genjiviper_kill00.ogg	377572efcf659c8d1cdb2f2e117bbbf6	21421
mods/heroes.stormmod/enus.stormassets/localizeddata/sounds/vo/genjiviper_kill01.ogg	32fb7ca3a75ec11415b69fe726bedde1	28816
mods/heroes.stormmod/enus.stormassets/localizeddata/sounds/vo/genjiviper_kill02.ogg	fd9d93e599ead3244950ee476bda08cb	23500
mods/heroes.stormmod/enus.stormassets/localizeddata/sounds/vo/genjiviper_kill03.ogg	34aa99880625cf368cde652dd6f35ca3	15447
mods/heroes.stormmod/enus.stormassets/localizeddata/sounds/vo/genjiviper_kill04.ogg	943f2fea41a3cb629d7849a7ef8c83c2	15087
mods/heroes.stormmod/enus.stormassets/localizeddata/sounds/vo/genjiviper_kill05.ogg	f61f9e4bc81c323f52654f8d22596acf	25430
mods/heroes.stormmod/enus.stormassets/localizeddata/sounds/vo/genjiviper_kill06.ogg	d2e45b860951036905708979cfd32615	14202
mods/heroes.stormmod/enus.stormassets/localizeddata/sounds/vo/genjiviper_kill07.ogg	c4485f8d465f1df0f03ac87228b2b3a4	18719
mods/heroes.stormmod/enus.stormassets/localizeddata/sounds/vo/genjiviper_killdiablo00.ogg	8d8c19c5f2affc483960d53da34ce7d7	30145
mods/heroes.stormmod/enus.stormassets/localizeddata/sounds/vo/genjiviper_killhanzo00.ogg	eb0c54ffe86678989b0a2d22400c7057	31882
mods/heroes.stormmod/enus.stormassets/localizeddata/sounds/vo/genjiviper_killorc00.ogg	90862029729f1eb5dcab2a9da1b08560	37272
mods/heroes.stormmod/enus.stormassets/localizeddata/sounds/vo/genjiviper_killoverwatch00.ogg	d331886fd82045a97d3541252b53a1eb	20551
mods/heroes.stormmod/enus.stormassets/localizeddata/sounds/vo/genjiviper_killpandaren00.ogg	6df5812159ae43b90119cb946c4b4495	51636
mods/heroes.stormmod/enus.stormassets/localizeddata/sounds/vo/genjiviper_killrobot00.ogg	edee95ba8da3e31200dcd1c2af42953d	47564
mods/heroes.stormmod/enus.stormassets/localizeddata/sounds/vo/genjiviper_killronin00.ogg	4b567e4fd837508afd578fd337e77e0e	13900
mods/heroes.stormmod/enus.stormassets/localizeddata/sounds/vo/genjiviper_killsamuro00.ogg	20087c510a527b334a231b37ea7d62cc	23843
mods/heroes.stormmod/enus.stormassets/localizeddata/sounds/vo/genjiviper_killspreeend00.ogg	6f75d32bbd3b283dcb9e0963c8babb5a	45042
mods/heroes.stormmod/enus.stormassets/localizeddata/sounds/vo/genjiviper_killspreeend01.ogg	9f5f26b3d145b51c1857a59cca2ade72	22812
mods/heroes.stormmod/enus.stormassets/localizeddata/sounds/vo/genjiviper_killstealth00.ogg	d3508d87cccc1d507b158cd014ab4d41	31179
mods/heroes.stormmod/enus.stormassets/localizeddata/sounds/vo/genjiviper_killsworduser00.ogg	8c21381a924b901ecacd9231ed4f659e	29945
mods/heroes.stormmod/enus.stormassets/localizeddata/sounds/vo/genjiviper_killundead00.ogg	467ea95978a888e22217b52867ebb381	68509
mods/heroes.stormmod/enus.stormassets/localizeddata/sounds/vo/genjiviper_killweird00.ogg	0599ef3605bd404d425bf5e374fc2c87	45167
mods/heroes.stormmod/enus.stormassets/localizeddata/sounds/vo/genjiviper_laugh00.ogg	b64325dddd5a0da4f4eb63d5504cb507	14545
mods/heroes.stormmod/enus.stormassets/localizeddata/sounds/vo/genjiviper_laugh01.ogg	e6fdee35d04712eafe2af7425f2c8f9f	13491
mods/heroes.stormmod/enus.stormassets/localizeddata/sounds/vo/genjiviper_laugh02.ogg	03568f4454e2767c24c2b112ad757720	18999
mods/heroes.stormmod/enus.stormassets/localizeddata/sounds/vo/genjiviper_laugh03.ogg	aba984f85f0b787caa0c5415a98e0d60	19252
mods/heroes.stormmod/enus.stormassets/localizeddata/sounds/vo/genjiviper_laugh04.ogg	ec53b01d984098d99317e8826848e53c	19360
mods/heroes.stormmod/enus.stormassets/localizeddata/sounds/vo/genjiviper_laugh06.ogg	1a48c19ea98a338f59c1bb48ceaa7e44	21873
mods/heroes.stormmod/enus.stormassets/localizeddata/sounds/vo/genjiviper_laugh07.ogg	7a857c7f18d62e67f2271ee6fa8e8682	26734
mods/heroes.stormmod/enus.stormassets/localizeddata/sounds/vo/genjiviper_laugh08.ogg	5d305db88b196732c081fb14bfed2184	24978
mods/heroes.stormmod/enus.stormassets/localizeddata/sounds/vo/genjiviper_laugh12.ogg	c5038fb180b151f50648af99b162020e	23191
mods/heroes.stormmod/enus.stormassets/localizeddata/sounds/vo/genjiviper_laugh13.ogg	f14cab1b41be4cac0799fb73b2c4c1da	27271
mods/heroes.stormmod/enus.stormassets/localizeddata/sounds/vo/genjiviper_laugh14.ogg	3b393daccd555adc4830b23a2a7f3f28	28167
mods/heroes.stormmod/enus.stormassets/localizeddata/sounds/vo/genjiviper_laugh15.ogg	5efa8115446ab3ec515174f02d624fc9	22058
mods/heroes.stormmod/enus.stormassets/localizeddata/sounds/vo/genjiviper_lowlifeheal00.ogg	849430eb4ec461a57fed5be8feba5b7f	18462
mods/heroes.stormmod/enus.stormassets/localizeddata/sounds/vo/genjiviper_lowlifeheal01.ogg	778d3f1259c9003e625c5e9b971fb464	23570
mods/heroes.stormmod/enus.stormassets/localizeddata/sounds/vo/genjiviper_lowlifeheal02.ogg	f4315f9e2296b4af9cd3472b38675e31	21610
mods/heroes.stormmod/enus.stormassets/localizeddata/sounds/vo/genjiviper_lowmana00.ogg	f695f7c940e5833005478a21c00d34df	25178
mods/heroes.stormmod/enus.stormassets/localizeddata/sounds/vo/genjiviper_lowmana01.ogg	dc82ee4b3fd874d88a9c43c8b25d9b13	20806
mods/heroes.stormmod/enus.stormassets/localizeddata/sounds/vo/genjiviper_lowmana02.ogg	dc807f66661a4bc951dc1dc14f51f4c8	22104
mods/heroes.stormmod/enus.stormassets/localizeddata/sounds/vo/genjiviper_matchend00.ogg	30bc4b5664e5fd45dd236cf9688c16e9	17894
mods/heroes.stormmod/enus.stormassets/localizeddata/sounds/vo/genjiviper_matchend01.ogg	a9551c55d16cb81525c503cc33b32232	26759
mods/heroes.stormmod/enus.stormassets/localizeddata/sounds/vo/genjiviper_matchend02.ogg	97b97be548eb61fa67c982c96c1f781a	21143
mods/heroes.stormmod/enus.stormassets/localizeddata/sounds/vo/genjiviper_no00.ogg	aefd4a1c542d853fd49945a7a32a031a	12664
mods/heroes.stormmod/enus.stormassets/localizeddata/sounds/vo/genjiviper_no01.ogg	89f6477e10243e9199152d5c39a3dd10	11689
mods/heroes.stormmod/enus.stormassets/localizeddata/sounds/vo/genjiviper_no02.ogg	2ffb8d352725fefa0f45f58991a2a275	12102
mods/heroes.stormmod/enus.stormassets/localizeddata/sounds/vo/genjiviper_parryactivate00.ogg	f4a59d87851b5392fc39ec1c3cb2afa7	15100
mods/heroes.stormmod/enus.stormassets/localizeddata/sounds/vo/genjiviper_parryactivate01.ogg	f9e236d972a1ad038f80fc9caf3b5edb	13143
mods/heroes.stormmod/enus.stormassets/localizeddata/sounds/vo/genjiviper_parryactivate02.ogg	525edd45f6b0ca239f0569853f3da0a0	12578
mods/heroes.stormmod/enus.stormassets/localizeddata/sounds/vo/genjiviper_parryactivate03.ogg	c7bb4ea0b17e4911e508917682722b6d	15341
mods/heroes.stormmod/enus.stormassets/localizeddata/sounds/vo/genjiviper_parryactivate04.ogg	98c82c62c04e081224f572de6bcd5621	18709
mods/heroes.stormmod/enus.stormassets/localizeddata/sounds/vo/genjiviper_parrysuccessful00_01.ogg	a690fb0921b8e999efb26a21cfad4853	11382
mods/heroes.stormmod/enus.stormassets/localizeddata/sounds/vo/genjiviper_parrysuccessful00_02.ogg	be9158f60b62fb494f4bfd276fbafc0c	12065
mods/heroes.stormmod/enus.stormassets/localizeddata/sounds/vo/genjiviper_parrysuccessful00_03.ogg	909023ba9a947ad1d63d80ad1bccb64c	10373
mods/heroes.stormmod/enus.stormassets/localizeddata/sounds/vo/genjiviper_parrysuccessful00_08.ogg	08720cb82c0703d30a08f1e72f88cde7	13698
mods/heroes.stormmod/enus.stormassets/localizeddata/sounds/vo/genjiviper_parrysuccessful00_09.ogg	74886bbb75541066fb15f81f07a2e1a8	12114
mods/heroes.stormmod/enus.stormassets/localizeddata/sounds/vo/genjiviper_parrysuccessful00_10.ogg	80cdc775f53786509579d1bd54af3d41	12860
mods/heroes.stormmod/enus.stormassets/localizeddata/sounds/vo/genjiviper_parrysuccessful00_13.ogg	56ec848e0c584c70219277cc56234a93	17739
mods/heroes.stormmod/enus.stormassets/localizeddata/sounds/vo/genjiviper_parrysuccessful01_01.ogg	5292f53743ba2cf279cf2141fe958dc2	19811
mods/heroes.stormmod/enus.stormassets/localizeddata/sounds/vo/genjiviper_parrysuccessful01_04.ogg	03d986340c8dddf9b423019e0e1c35aa	19783
mods/heroes.stormmod/enus.stormassets/localizeddata/sounds/vo/genjiviper_parrysuccessful01_05.ogg	ee1a2b72ea25c31f9765756c0ce6a4d2	17962
mods/heroes.stormmod/enus.stormassets/localizeddata/sounds/vo/genjiviper_parrysuccessful01_06.ogg	33d8934812809cf878f90cc877fa4ab4	18807
mods/heroes.stormmod/enus.stormassets/localizeddata/sounds/vo/genjiviper_parrysuccessful01_07.ogg	c31c90c90f75d5fc440daafa8db5f677	19735
mods/heroes.stormmod/enus.stormassets/localizeddata/sounds/vo/genjiviper_parrysuccessful03_01.ogg	8ec1f2a466057afc9039bada9996a781	15349
mods/heroes.stormmod/enus.stormassets/localizeddata/sounds/vo/genjiviper_parrysuccessful03_02.ogg	209c194696a1d3e44207a9783dc1d85c	16603
mods/heroes.stormmod/enus.stormassets/localizeddata/sounds/vo/genjiviper_parrysuccessful04_03.ogg	057a4b924684ccbca4a5bed5b1140470	14361
mods/heroes.stormmod/enus.stormassets/localizeddata/sounds/vo/genjiviper_parrysuccessful04_05.ogg	e8625e4ba7ba8c042938c5e582fe4078	15300
mods/heroes.stormmod/enus.stormassets/localizeddata/sounds/vo/genjiviper_parrysuccessful04_06.ogg	f553793392247c87c13a2a75eca73379	13509
mods/heroes.stormmod/enus.stormassets/localizeddata/sounds/vo/genjiviper_parrysuccessful04_07.ogg	aa3ce20344dbeb43bc1468ebed03b6c5	22269
mods/heroes.stormmod/enus.stormassets/localizeddata/sounds/vo/genjiviper_ping_assisthero00.ogg	4179a40207bff453361ba123ac37af45	20332
mods/heroes.stormmod/enus.stormassets/localizeddata/sounds/vo/genjiviper_ping_assistme00.ogg	b26256745a0f485c24f38cb2271e3626	19399
mods/heroes.stormmod/enus.stormassets/localizeddata/sounds/vo/genjiviper_ping_assistme01.ogg	b772facc600dc4e5b54d411367512f71	14887
mods/heroes.stormmod/enus.stormassets/localizeddata/sounds/vo/genjiviper_ping_attackcastle00.ogg	86b42e711a1a3ea414966d7edc32462c	18607
mods/heroes.stormmod/enus.stormassets/localizeddata/sounds/vo/genjiviper_ping_attackmerc00.ogg	07a4123e3cc293c85f4155605905aaee	26393
mods/heroes.stormmod/enus.stormassets/localizeddata/sounds/vo/genjiviper_ping_attackoutpost00.ogg	bb2078075c0acf4a69d9db24f887ec2a	17963
mods/heroes.stormmod/enus.stormassets/localizeddata/sounds/vo/genjiviper_ping_attacktower00.ogg	e02f1121fae2cacd26e978f63f0f176f	22221
mods/heroes.stormmod/enus.stormassets/localizeddata/sounds/vo/genjiviper_ping_danger00.ogg	603ed5b00d28d9cadd09b967916a7056	26958
mods/heroes.stormmod/enus.stormassets/localizeddata/sounds/vo/genjiviper_ping_danger01.ogg	6fba860f37bca85aeac065a68e480560	28100
mods/heroes.stormmod/enus.stormassets/localizeddata/sounds/vo/genjiviper_ping_defend00.ogg	c08b9a0bf475af4729cce9afff3a152e	30038
mods/heroes.stormmod/enus.stormassets/localizeddata/sounds/vo/genjiviper_ping_defendcastle00.ogg	f653c3f9b073b02acba3b9f46bb06038	22336
mods/heroes.stormmod/enus.stormassets/localizeddata/sounds/vo/genjiviper_ping_defendoutpost00.ogg	55b29284b5ad7f50663154064f0012d9	25079
mods/heroes.stormmod/enus.stormassets/localizeddata/sounds/vo/genjiviper_ping_defendthing00.ogg	894d77c8abf4a4753a74bc1736bf9762	18647
mods/heroes.stormmod/enus.stormassets/localizeddata/sounds/vo/genjiviper_ping_defendthing01.ogg	0cfb49f7cc17a68ef6ea68fb001d6164	22745
mods/heroes.stormmod/enus.stormassets/localizeddata/sounds/vo/genjiviper_ping_defendtower00.ogg	a7ad58a726d57a983540b0370b04b129	18314
mods/heroes.stormmod/enus.stormassets/localizeddata/sounds/vo/genjiviper_ping_enemymissing00.ogg	97ae6fa1e825eae5357321cf34cde28a	24627
mods/heroes.stormmod/enus.stormassets/localizeddata/sounds/vo/genjiviper_ping_enemymissing01.ogg	a52030f0f12aac7455ccf149710c2ee0	26381
mods/heroes.stormmod/enus.stormassets/localizeddata/sounds/vo/genjiviper_ping_killhero00.ogg	aa4d44cb04446ce93c11c026cd8c567c	26349
mods/heroes.stormmod/enus.stormassets/localizeddata/sounds/vo/genjiviper_ping_onmyway00.ogg	fa77a259411cc2f35d72659318c69855	13997
mods/heroes.stormmod/enus.stormassets/localizeddata/sounds/vo/genjiviper_ping_onmyway01.ogg	c4a2e08d2ac000383125e68103a072a4	14447
mods/heroes.stormmod/enus.stormassets/localizeddata/sounds/vo/genjiviper_ping_retreat00.ogg	a449adad9ae87ca1137a37852f35c6c3	23253
mods/heroes.stormmod/enus.stormassets/localizeddata/sounds/vo/genjiviper_ping_retreat01.ogg	eb4f0ab1d46fe4690549c4348de6d813	19777
mods/heroes.stormmod/enus.stormassets/localizeddata/sounds/vo/genjiviper_pissed00.ogg	aa78f484dbde39d3d43b6b2ef18955bc	11687
mods/heroes.stormmod/enus.stormassets/localizeddata/sounds/vo/genjiviper_pissed01.ogg	181fb5e983341e5f750d48a603c436ee	11166
mods/heroes.stormmod/enus.stormassets/localizeddata/sounds/vo/genjiviper_pissed02.ogg	a54e22501d5102dbca1315420d2bcc91	85227
mods/heroes.stormmod/enus.stormassets/localizeddata/sounds/vo/genjiviper_pissed03.ogg	eacf9d44a662c448895a3889f26357a3	82893
mods/heroes.stormmod/enus.stormassets/localizeddata/sounds/vo/genjiviper_pissed04.ogg	0f99b0e66bc66047491eeadeef850e9b	108960
mods/heroes.stormmod/enus.stormassets/localizeddata/sounds/vo/genjiviper_pissed05.ogg	f811e9c0165a08286d309a63e0174f6f	70080
mods/heroes.stormmod/enus.stormassets/localizeddata/sounds/vo/genjiviper_pissed06.ogg	7f3abff803943384a96076d1f7f16a1b	70272
mods/heroes.stormmod/enus.stormassets/localizeddata/sounds/vo/genjiviper_pissed07.ogg	5fdf69f189779667d0813aee8007e298	67160
mods/heroes.stormmod/enus.stormassets/localizeddata/sounds/vo/genjiviper_pissed08.ogg	e7543799500c770e906fb1dcb5a74de6	56540
mods/heroes.stormmod/enus.stormassets/localizeddata/sounds/vo/genjiviper_pissed09.ogg	c337a112772fbfed6d0ddcebc778b1ad	56720
mods/heroes.stormmod/enus.stormassets/localizeddata/sounds/vo/genjiviper_pissed10.ogg	39e70522d93e824663c7b9208cd255bb	107507
mods/heroes.stormmod/enus.stormassets/localizeddata/sounds/vo/genjiviper_pissed11.ogg	35d4429f8ea3cd089a0236b41c94419a	47659
mods/heroes.stormmod/enus.stormassets/localizeddata/sounds/vo/genjiviper_pissed12.ogg	cc1bfea77e8523ef771abb15780b0639	85448
mods/heroes.stormmod/enus.stormassets/localizeddata/sounds/vo/genjiviper_pissed14.ogg	9bb28b8321b58fa3ca36f23d8a10d2e9	53019
mods/heroes.stormmod/enus.stormassets/localizeddata/sounds/vo/genjiviper_pissed15.ogg	4dd0b18aa9622f8a37bc1b281373c026	12719
mods/heroes.stormmod/enus.stormassets/localizeddata/sounds/vo/genjiviper_resurrected00.ogg	0a3aaad3ec8574fdc9ba535baa6ed9cf	24397
mods/heroes.stormmod/enus.stormassets/localizeddata/sounds/vo/genjiviper_resurrected01.ogg	0804490587c48a1d789ffe8c78dae47c	18686
mods/heroes.stormmod/enus.stormassets/localizeddata/sounds/vo/genjiviper_revive00.ogg	9188160600dccc67bdaa903dc9f287b1	24296
mods/heroes.stormmod/enus.stormassets/localizeddata/sounds/vo/genjiviper_revive01.ogg	f65c0de0dceae91c65ac2a73d11139af	30714
mods/heroes.stormmod/enus.stormassets/localizeddata/sounds/vo/genjiviper_revive02.ogg	e50820b41a06371e9646a45355bab4d5	20180
mods/heroes.stormmod/enus.stormassets/localizeddata/sounds/vo/genjiviper_revive03.ogg	991642f9177fe1ce1a0578dbff7823f1	27631
mods/heroes.stormmod/enus.stormassets/localizeddata/sounds/vo/genjiviper_revive04.ogg	7711cbc4d42f18e163bb999e31db7f2c	34632
mods/heroes.stormmod/enus.stormassets/localizeddata/sounds/vo/genjiviper_spec00.ogg	575fd08f4dae69d318c7bcf86f85176a	22971
mods/heroes.stormmod/enus.stormassets/localizeddata/sounds/vo/genjiviper_spec01.ogg	6b54383dc7892c901168411ced1d0543	20649
mods/heroes.stormmod/enus.stormassets/localizeddata/sounds/vo/genjiviper_spec02.ogg	e2e95e235f1b102be874e5d0f529f241	17501
mods/heroes.stormmod/enus.stormassets/localizeddata/sounds/vo/genjiviper_spec03.ogg	1ecd4a943fa035d85ab55251e4a77bf4	24811
mods/heroes.stormmod/enus.stormassets/localizeddata/sounds/vo/genjiviper_spec04.ogg	f7e637bcb4fb1c4d8a0e30c1fa1c8685	34347
mods/heroes.stormmod/enus.stormassets/localizeddata/sounds/vo/genjiviper_swiftstrikeactivate00_01.ogg	c1fcf6a73812cfc3f9b01d62a7ee0ec1	10692
mods/heroes.stormmod/enus.stormassets/localizeddata/sounds/vo/genjiviper_swiftstrikeactivate00_02.ogg	70d40d6486cc97d6ccc42dd6c88ae8fe	10252
mods/heroes.stormmod/enus.stormassets/localizeddata/sounds/vo/genjiviper_swiftstrikeactivate00_03.ogg	0cd25057b98b373bc01fc9916681d462	9782
mods/heroes.stormmod/enus.stormassets/localizeddata/sounds/vo/genjiviper_swiftstrikeactivate00_04.ogg	f79c73ab1c857a0b929cb92cd1df1992	10178
mods/heroes.stormmod/enus.stormassets/localizeddata/sounds/vo/genjiviper_swiftstrikeactivate00_05.ogg	5e6eff99faa36f0937abad758fbec0a8	12754
mods/heroes.stormmod/enus.stormassets/localizeddata/sounds/vo/genjiviper_swiftstrikeactivate00_06.ogg	fdf922b6cbb18b4d1e6afcf56f4d8688	10660
mods/heroes.stormmod/enus.stormassets/localizeddata/sounds/vo/genjiviper_swiftstrikeactivate00_07.ogg	9c8be5c709d61f8b4d8794bba8cea50c	10199
mods/heroes.stormmod/enus.stormassets/localizeddata/sounds/vo/genjiviper_swiftstrikeactivate00_08.ogg	837116d619b7b389a051086e9946fa97	13393
mods/heroes.stormmod/enus.stormassets/localizeddata/sounds/vo/genjiviper_swiftstrikeactivate00_09.ogg	a44429f733e766b18ed1325a4d4e818a	11306
mods/heroes.stormmod/enus.stormassets/localizeddata/sounds/vo/genjiviper_swiftstrikeactivate00_10.ogg	64f01e76818d9e2edaf0220fac64f3f6	10382
mods/heroes.stormmod/enus.stormassets/localizeddata/sounds/vo/genjiviper_swiftstrikeactivate00_11.ogg	67c29702ec25069f20b0fe4817d1957f	10256
mods/heroes.stormmod/enus.stormassets/localizeddata/sounds/vo/genjiviper_swiftstrikeactivate00_12.ogg	05afeaca3a3b78dcae598290f42a8ed0	12461
mods/heroes.stormmod/enus.stormassets/localizeddata/sounds/vo/genjiviper_swiftstrikesuccess00.ogg	866dcbad51f62a304e8ac64407035c55	21035
mods/heroes.stormmod/enus.stormassets/localizeddata/sounds/vo/genjiviper_swiftstrikesuccess01.ogg	009099293820d1bb6855822ed80e934e	23805
mods/heroes.stormmod/enus.stormassets/localizeddata/sounds/vo/genjiviper_swiftstrikesuccess02.ogg	6e9d561b9e6f77bb1f2e1982d1935ae5	27401
mods/heroes.stormmod/enus.stormassets/localizeddata/sounds/vo/genjiviper_swiftstrikesuccess03.ogg	9ef995ddc337328183cfb39f1320a87c	20151
mods/heroes.stormmod/enus.stormassets/localizeddata/sounds/vo/genjiviper_swiftstrikesuccess04.ogg	4956847de32ce693cbb0d2793b33775b	16083
mods/heroes.stormmod/enus.stormassets/localizeddata/sounds/vo/genjiviper_taunt00.ogg	4f5b3497f71d76c19abd7ee4c2c77d5b	19195
mods/heroes.stormmod/enus.stormassets/localizeddata/sounds/vo/genjiviper_taunt01.ogg	4ceb8df90fb19ab574bc13af0689d614	33264
mods/heroes.stormmod/enus.stormassets/localizeddata/sounds/vo/genjiviper_taunt02.ogg	185d5b564095f968a868392090b7ed7d	28015
mods/heroes.stormmod/enus.stormassets/localizeddata/sounds/vo/genjiviper_teamkilled00.ogg	98b841eb0fde095d7b337a23a8c14910	15048
mods/heroes.stormmod/enus.stormassets/localizeddata/sounds/vo/genjiviper_ui_exlocked00.ogg	932c77580f0f549713389d43d9ea9503	33481
mods/heroes.stormmod/enus.stormassets/localizeddata/sounds/vo/genjiviper_ui_expurchased00.ogg	b771b0fc7cd61931b1f4bd3cfec2c08b	36856
mods/heroes.stormmod/enus.stormassets/localizeddata/sounds/vo/genjiviper_ui_gift00.ogg	ac929b6839900794419cbf670ac4d685	35351
mods/heroes.stormmod/enus.stormassets/localizeddata/sounds/vo/genjiviper_ui_gift01.ogg	420e003fb47f7cae150acce5eba43d39	24766
mods/heroes.stormmod/enus.stormassets/localizeddata/sounds/vo/genjiviper_ui_lockin00.ogg	cb5cb4bb9848c6b227e806e9550a1c97	26946
mods/heroes.stormmod/enus.stormassets/localizeddata/sounds/vo/genjiviper_ui_purchase00.ogg	3ed0f731debad297619376d06fbf81fd	17725
mods/heroes.stormmod/enus.stormassets/localizeddata/sounds/vo/genjiviper_ui_trial00.ogg	e4f54b25664ff535e092c0e8fa4dc8ec	18206
mods/heroes.stormmod/enus.stormassets/localizeddata/sounds/vo/genjiviper_ui_trial01.ogg	211165a84838a9fd92ca075212904610	26110
mods/heroes.stormmod/enus.stormassets/localizeddata/sounds/vo/genjiviper_ui_waitlocked00.ogg	d9f8924c82319c317fb051f98399d870	60709
mods/heroes.stormmod/enus.stormassets/localizeddata/sounds/vo/genjiviper_ui_waitlocked01.ogg	38277b603ee0046a5db85df9c8d90ec6	37905
mods/heroes.stormmod/enus.stormassets/localizeddata/sounds/vo/genjiviper_ui_waitpurchased00.ogg	f8d8319037db21337ed25e959cf8a6d1	32404
mods/heroes.stormmod/enus.stormassets/localizeddata/sounds/vo/genjiviper_ui_waitpurchased01.ogg	378ae2ef605ae4d7ea7e5ba0c2fe9659	37690
mods/heroes.stormmod/enus.stormassets/localizeddata/sounds/vo/genjiviper_ultimate1used00.ogg	eb541d842e46a8854b8dbd8b63fa823e	24361
mods/heroes.stormmod/enus.stormassets/localizeddata/sounds/vo/genjiviper_ultimate1used_enemy00.ogg	518f046097ed3d0bad6683d1e2e4cc67	29005
mods/heroes.stormmod/enus.stormassets/localizeddata/sounds/vo/genjiviper_ultimate2used00.ogg	ebbeca474cdb300a0c34507c4fd88d62	27239
mods/heroes.stormmod/enus.stormassets/localizeddata/sounds/vo/genjiviper_ultimate2usedally00.ogg	6c11a235952abc1eb9fa546986e75f6e	28030
mods/heroes.stormmod/enus.stormassets/localizeddata/sounds/vo/genjiviper_voicelinefive00.ogg	cacdaa089194a0c48f94a364fa208111	31287
mods/heroes.stormmod/enus.stormassets/localizeddata/sounds/vo/genjiviper_voicelinefour00.ogg	7cee3bb553fc361955044a91fe612f7a	15275
mods/heroes.stormmod/enus.stormassets/localizeddata/sounds/vo/genjiviper_voicelineone00.ogg	515d47457ad1bd11286dd7aa7c9d72e5	28463
mods/heroes.stormmod/enus.stormassets/localizeddata/sounds/vo/genjiviper_voicelinethree00.ogg	9d3be2842647cc52a54132def1439220	24564
mods/heroes.stormmod/enus.stormassets/localizeddata/sounds/vo/genjiviper_voicelinetwo00.ogg	530fcd95dee5dd6a3109b67ffd8427ff	32720
mods/heroes.stormmod/enus.stormassets/localizeddata/sounds/vo/genjiviper_vox_attack00.ogg	8ff428a40e58b2392a8c9a97eea23eaa	9525
mods/heroes.stormmod/enus.stormassets/localizeddata/sounds/vo/genjiviper_vox_attack01.ogg	842f6c60689d695f7a1477f984028919	10796
mods/heroes.stormmod/enus.stormassets/localizeddata/sounds/vo/genjiviper_vox_attack02.ogg	a980ee3fc95e0ecb68a65faad6210607	9877
mods/heroes.stormmod/enus.stormassets/localizeddata/sounds/vo/genjiviper_vox_attack03.ogg	79e329dc33797e5ae4059e9b043cad63	9828
mods/heroes.stormmod/enus.stormassets/localizeddata/sounds/vo/genjiviper_vox_attack04.ogg	0322600d84379b47b34dea49cdb39e2e	12152
mods/heroes.stormmod/enus.stormassets/localizeddata/sounds/vo/genjiviper_vox_attack05.ogg	6dffb352474d9ee0b79b5825fd0794e7	10550
mods/heroes.stormmod/enus.stormassets/localizeddata/sounds/vo/genjiviper_vox_attack06.ogg	5decaae827b54afa1db9343262839edc	11085
mods/heroes.stormmod/enus.stormassets/localizeddata/sounds/vo/genjiviper_vox_attack07.ogg	b459ba929ea26a1d60f8eeec09053a7f	13343
mods/heroes.stormmod/enus.stormassets/localizeddata/sounds/vo/genjiviper_vox_attack08.ogg	5c09fd12bca6d91e43e46d4fc7d8cb1b	10865
mods/heroes.stormmod/enus.stormassets/localizeddata/sounds/vo/genjiviper_vox_attack09.ogg	b14edb0396a4f2455caaf4d1bcc74cac	11963
mods/heroes.stormmod/enus.stormassets/localizeddata/sounds/vo/genjiviper_vox_attack10.ogg	928e981347bc8deb5d8f0c807931cc5b	9820
mods/heroes.stormmod/enus.stormassets/localizeddata/sounds/vo/genjiviper_vox_attack11.ogg	546fca4be5beaf52402eeb0bb904c48b	12958
mods/heroes.stormmod/enus.stormassets/localizeddata/sounds/vo/genjiviper_vox_castingd_jump01.ogg	86e77d5ea842d7940802a4d2c128d86b	7758
mods/heroes.stormmod/enus.stormassets/localizeddata/sounds/vo/genjiviper_vox_castingd_jump02.ogg	cceb382c3bc2844aa41a678cdb0beed4	8931
mods/heroes.stormmod/enus.stormassets/localizeddata/sounds/vo/genjiviper_vox_castingd_jump03.ogg	f61c83e6d21c35a3095c0664e41e5172	7413
mods/heroes.stormmod/enus.stormassets/localizeddata/sounds/vo/genjiviper_vox_castingd_jump04.ogg	ae9dfffcd890f4381d42eb5df25f6e34	7882
mods/heroes.stormmod/enus.stormassets/localizeddata/sounds/vo/genjiviper_vox_castingd_jump05.ogg	95bc5622aec0fbe29ed971f6d747e09a	9845
mods/heroes.stormmod/enus.stormassets/localizeddata/sounds/vo/genjiviper_vox_castingd_jump06.ogg	fae9036feadab91cdad8c575f87bab42	8595
mods/heroes.stormmod/enus.stormassets/localizeddata/sounds/vo/genjiviper_vox_castingd_jump07.ogg	bf572564c8f1f393b56ec33d224879eb	7123
mods/heroes.stormmod/enus.stormassets/localizeddata/sounds/vo/genjiviper_vox_castingd_jump08.ogg	48fad39572e704170bb363cfab39fe2b	8567
mods/heroes.stormmod/enus.stormassets/localizeddata/sounds/vo/genjiviper_vox_castingd_land01.ogg	8d96efa69185e4204c9a1a155a657858	8193
mods/heroes.stormmod/enus.stormassets/localizeddata/sounds/vo/genjiviper_vox_castingd_land02.ogg	4dae7fd1771b3dc17eafbc30acc5c660	6909
mods/heroes.stormmod/enus.stormassets/localizeddata/sounds/vo/genjiviper_vox_castingd_land03.ogg	78e24c9b20c978dc10311bcfde6470fd	7402
mods/heroes.stormmod/enus.stormassets/localizeddata/sounds/vo/genjiviper_vox_castingd_land04.ogg	378dcf143a1b14b1576c0e3b7718a86a	10453
mods/heroes.stormmod/enus.stormassets/localizeddata/sounds/vo/genjiviper_vox_castingd_land05.ogg	6f2df4b3a993bfe51bd6f49f514cac7b	9675
mods/heroes.stormmod/enus.stormassets/localizeddata/sounds/vo/genjiviper_vox_castingd_land06.ogg	77c2eb4ea93588ee32ba605c11d623e6	12153
mods/heroes.stormmod/enus.stormassets/localizeddata/sounds/vo/genjiviper_vox_castingd_land07.ogg	0fa5760baaafb9ae9958aa3f9e4e3f66	9353
mods/heroes.stormmod/enus.stormassets/localizeddata/sounds/vo/genjiviper_vox_castingd_land08.ogg	7315cb66e91410c6da228eb7b5cab7e0	9818
mods/heroes.stormmod/enus.stormassets/localizeddata/sounds/vo/genjiviper_vox_castingq00.ogg	3bb95f1cda3cc7504558cedb34f8fec4	16521
mods/heroes.stormmod/enus.stormassets/localizeddata/sounds/vo/genjiviper_vox_castingq01.ogg	1064ca37c61aa7994e69769c82910ea5	17541
mods/heroes.stormmod/enus.stormassets/localizeddata/sounds/vo/genjiviper_vox_castingq02.ogg	181dda46f68292ba59fe8a5c6b444a81	12497
mods/heroes.stormmod/enus.stormassets/localizeddata/sounds/vo/genjiviper_vox_castingq03.ogg	56c679da333bdf4efe1ae22b39724305	18233
mods/heroes.stormmod/enus.stormassets/localizeddata/sounds/vo/genjiviper_vox_castingq04.ogg	e7f7da50c0efdaea3005dfde954c09ba	17138
mods/heroes.stormmod/enus.stormassets/localizeddata/sounds/vo/genjiviper_vox_castingq05.ogg	fb76ffdce84091eca8122bf078a7b965	18692
mods/heroes.stormmod/enus.stormassets/localizeddata/sounds/vo/genjiviper_vox_castingq06.ogg	170ffce93e09c069dfd97dcd62939986	16158
mods/heroes.stormmod/enus.stormassets/localizeddata/sounds/vo/genjiviper_vox_castingq07.ogg	75dfa038a807b020f37da997cf4b1751	11949
mods/heroes.stormmod/enus.stormassets/localizeddata/sounds/vo/genjiviper_vox_castingq08.ogg	3cb0559a5540f9fb2955edbb80fc1bb7	21872
mods/heroes.stormmod/enus.stormassets/localizeddata/sounds/vo/genjiviper_vox_castingr00.ogg	0f11eae6d709186aa8d38bc3d6008d0d	11391
mods/heroes.stormmod/enus.stormassets/localizeddata/sounds/vo/genjiviper_vox_castingr01.ogg	ea8799858d32bb7c937c488a67886c02	14022
mods/heroes.stormmod/enus.stormassets/localizeddata/sounds/vo/genjiviper_vox_castingr02.ogg	1f24def604b2173892ed888534d417fb	13043
mods/heroes.stormmod/enus.stormassets/localizeddata/sounds/vo/genjiviper_vox_castingr03.ogg	5afdb839a40baf1fb0f5c652c1650e79	13114
mods/heroes.stormmod/enus.stormassets/localizeddata/sounds/vo/genjiviper_vox_castingr04.ogg	249aea0e297692b51b98427d535c3d3b	15907
mods/heroes.stormmod/enus.stormassets/localizeddata/sounds/vo/genjiviper_vox_castingr05.ogg	127131bbc0cb972d5e6091cde5fc3439	16102
mods/heroes.stormmod/enus.stormassets/localizeddata/sounds/vo/genjiviper_vox_castingr06.ogg	5d30650fccb25a44bf6dc50b363b7445	13071
mods/heroes.stormmod/enus.stormassets/localizeddata/sounds/vo/genjiviper_vox_castingr07.ogg	760bc891b0cde81357d9865dd2ab8223	17112
mods/heroes.stormmod/enus.stormassets/localizeddata/sounds/vo/genjiviper_vox_castingr08.ogg	b2d3b201c9d1802823c6ac235b719ad0	16906
mods/heroes.stormmod/enus.stormassets/localizeddata/sounds/vo/genjiviper_vox_castingr09.ogg	b979737203b2caf6b0dc7c0ca6b4ae36	15124
mods/heroes.stormmod/enus.stormassets/localizeddata/sounds/vo/genjiviper_vox_castingr10.ogg	428f2f9dcf67c18fc745746fb5234e93	13233
mods/heroes.stormmod/enus.stormassets/localizeddata/sounds/vo/genjiviper_vox_castingr11.ogg	63fd2c6356e669ef9c6a535ed387b4d3	12809
mods/heroes.stormmod/enus.stormassets/localizeddata/sounds/vo/genjiviper_vox_castingr12.ogg	b423422728e525fc1787d769f51b2ec4	14631
mods/heroes.stormmod/enus.stormassets/localizeddata/sounds/vo/genjiviper_vox_castingr13.ogg	144702000bba6acf481d36ff668ae8b4	15612
mods/heroes.stormmod/enus.stormassets/localizeddata/sounds/vo/genjiviper_vox_castingr14.ogg	d269c2aab0ce512c998575d708a296e8	15663
mods/heroes.stormmod/enus.stormassets/localizeddata/sounds/vo/genjiviper_vox_castingr15.ogg	a15f0578b65c79e133bef240207dcc27	17640
mods/heroes.stormmod/enus.stormassets/localizeddata/sounds/vo/genjiviper_vox_castingr16.ogg	b7dbcdfd29c282aa08ef3d98650b4ea8	18153
mods/heroes.stormmod/enus.stormassets/localizeddata/sounds/vo/genjiviper_vox_castingr17.ogg	6cff4766c808c7072f368eeb35ada6a1	12464
mods/heroes.stormmod/enus.stormassets/localizeddata/sounds/vo/genjiviper_vox_castingr18.ogg	2e83483d25514d396b5b2098d6d6d7a8	16513
mods/heroes.stormmod/enus.stormassets/localizeddata/sounds/vo/genjiviper_vox_castingr19.ogg	535e0bd5dfbde0a104b3c4cc05034ac1	19146
mods/heroes.stormmod/enus.stormassets/localizeddata/sounds/vo/genjiviper_vox_castingr20.ogg	524935f6f2407ec7f1780caed701db76	17725
mods/heroes.stormmod/enus.stormassets/localizeddata/sounds/vo/genjiviper_vox_cheer00.ogg	30672cac13f48c4292a16ce5307deae1	15506
mods/heroes.stormmod/enus.stormassets/localizeddata/sounds/vo/genjiviper_vox_cheer01.ogg	8ae0780d9b835cd31ff8c948cb9c4df6	17383
mods/heroes.stormmod/enus.stormassets/localizeddata/sounds/vo/genjiviper_vox_cheer02.ogg	4d269c7041e38f43cd869aa19784cc79	18305
mods/heroes.stormmod/enus.stormassets/localizeddata/sounds/vo/genjiviper_vox_cheer03.ogg	5a5897e8fb751fcddaf97b04e336cd35	11856
mods/heroes.stormmod/enus.stormassets/localizeddata/sounds/vo/genjiviper_vox_cheer04.ogg	66f220608a04c197e1fa54b1c603431c	18731
mods/heroes.stormmod/enus.stormassets/localizeddata/sounds/vo/genjiviper_vox_cheer05.ogg	d5b5fd0e7cfab0c3924625892ca3dfab	13949
mods/heroes.stormmod/enus.stormassets/localizeddata/sounds/vo/genjiviper_vox_cheer06.ogg	f3131ae4f8009aeab5b5f5d94aa763e4	18352
mods/heroes.stormmod/enus.stormassets/localizeddata/sounds/vo/genjiviper_vox_cheer07.ogg	bf2fd34ab4df9dc700ab85efa517384a	20436
mods/heroes.stormmod/enus.stormassets/localizeddata/sounds/vo/genjiviper_vox_cheer08.ogg	533171a7b96623c23d6e3381e7084459	21707
mods/heroes.stormmod/enus.stormassets/localizeddata/sounds/vo/genjiviper_vox_cheer09.ogg	81eb0370cd88dc7b750ecea85fe52999	19716
mods/heroes.stormmod/enus.stormassets/localizeddata/sounds/vo/genjiviper_vox_gethitlarge00.ogg	7cf7230088362ab7d4c997c1d69f60ff	14909
mods/heroes.stormmod/enus.stormassets/localizeddata/sounds/vo/genjiviper_vox_gethitlarge01.ogg	85fba7c5de7a9e633fd83c06c807c152	16237
mods/heroes.stormmod/enus.stormassets/localizeddata/sounds/vo/genjiviper_vox_gethitlarge02.ogg	9859961d1b1051de13c3489ba33c1635	19271
mods/heroes.stormmod/enus.stormassets/localizeddata/sounds/vo/genjiviper_vox_gethitlarge03.ogg	c51dc1a7ec51777e96469e56150da08f	23887
mods/heroes.stormmod/enus.stormassets/localizeddata/sounds/vo/genjiviper_vox_gethitlarge04.ogg	83038262688093a285867b687d8ecbd2	11431
mods/heroes.stormmod/enus.stormassets/localizeddata/sounds/vo/genjiviper_vox_gethitlarge05.ogg	c849e730acb593096ee7257f6b568557	12237
mods/heroes.stormmod/enus.stormassets/localizeddata/sounds/vo/genjiviper_vox_gethitlarge06.ogg	f3f7a3fe53da094bcb1788218f605ff8	12120
mods/heroes.stormmod/enus.stormassets/localizeddata/sounds/vo/genjiviper_vox_gethitlarge07.ogg	6cb6e4b6f58da0e9cfea9c7dcab134bc	12435
mods/heroes.stormmod/enus.stormassets/localizeddata/sounds/vo/genjiviper_vox_gethitlarge08.ogg	cde2dbf22c8bd67d300c045fd702ca5c	11196
mods/heroes.stormmod/enus.stormassets/localizeddata/sounds/vo/genjiviper_vox_gethitlarge09.ogg	dfcd1f2e575ac71c1616ef3c19d1ee30	14795
mods/heroes.stormmod/enus.stormassets/localizeddata/sounds/vo/genjiviper_vox_gethitsmall00.ogg	bc66e967f834c4b97d1607fb4baddd5e	10834
mods/heroes.stormmod/enus.stormassets/localizeddata/sounds/vo/genjiviper_vox_gethitsmall01.ogg	51304f457622048b7222122adaa00f25	11019
mods/heroes.stormmod/enus.stormassets/localizeddata/sounds/vo/genjiviper_vox_gethitsmall02.ogg	147457f477a8b1aca80f2b51ce88c835	10068
mods/heroes.stormmod/enus.stormassets/localizeddata/sounds/vo/genjiviper_vox_gethitsmall03.ogg	3635623518a595506a2021006cc07ecf	9418
mods/heroes.stormmod/enus.stormassets/localizeddata/sounds/vo/genjiviper_vox_gethitsmall04.ogg	aea253948e37fc0a68be340c850a606d	10825
mods/heroes.stormmod/enus.stormassets/localizeddata/sounds/vo/genjiviper_vox_gethitsmall05.ogg	007494de60b572ff7978aa2a847391a7	11977
mods/heroes.stormmod/enus.stormassets/localizeddata/sounds/vo/genjiviper_vox_gethitsmall06.ogg	243a105dd3898e1ef41fbf436004d267	12841
mods/heroes.stormmod/enus.stormassets/localizeddata/sounds/vo/genjiviper_vox_gethitsmall07.ogg	a0e9429356ae96ddb32364c2cff65859	10348
mods/heroes.stormmod/enus.stormassets/localizeddata/sounds/vo/genjiviper_vox_gethitsmall08.ogg	2cad09c45813d3c1b9c8edc05d6450f1	15133
mods/heroes.stormmod/enus.stormassets/localizeddata/sounds/vo/genjiviper_vox_gethitsmall09.ogg	b19191c0c8b01eb74ec515b33122a957	13519
mods/heroes.stormmod/enus.stormassets/localizeddata/sounds/vo/genjiviper_vox_gethitsmall10.ogg	3b26231995117e74fbb5c01bd0235078	10198
mods/heroes.stormmod/enus.stormassets/localizeddata/sounds/vo/genjiviper_vox_pulled00.ogg	c94c25f9370f00e2693b596821187ea6	15505
mods/heroes.stormmod/enus.stormassets/localizeddata/sounds/vo/genjiviper_vox_pulled01.ogg	d4dbcfc578f0b324479a1cbb8573ad54	15867
mods/heroes.stormmod/enus.stormassets/localizeddata/sounds/vo/genjiviper_vox_pulled02.ogg	612079832b9bbe7a817167fbc1f43ca8	16346
mods/heroes.stormmod/enus.stormassets/localizeddata/sounds/vo/genjiviper_vox_pulled03.ogg	183e48ce9d48488dd31c512d0758f449	12216
mods/heroes.stormmod/enus.stormassets/localizeddata/sounds/vo/genjiviper_vox_pulled04.ogg	dbe472d2c0990809af2bb1be1c600bb1	17280
mods/heroes.stormmod/enus.stormassets/localizeddata/sounds/vo/genjiviper_vox_pulled05.ogg	5e6e0334c8c01cb3d0c14d6426f9f300	17450
mods/heroes.stormmod/enus.stormassets/localizeddata/sounds/vo/genjiviper_vox_pulled06.ogg	2dc1e24a76fd3ae2a77113342560b2fa	11877
mods/heroes.stormmod/enus.stormassets/localizeddata/sounds/vo/genjiviper_vox_pulled07.ogg	7bdfead042ccaaa14aa72b6745a58382	17570
mods/heroes.stormmod/enus.stormassets/localizeddata/sounds/vo/genjiviper_vox_pulled08.ogg	79d0eff0ff43b5cbba645146989b23e1	17906
mods/heroes.stormmod/enus.stormassets/localizeddata/sounds/vo/genjiviper_vox_pulled09.ogg	4adace41c5e02e113b6cce6058e0e4d1	19265
mods/heroes.stormmod/enus.stormassets/localizeddata/sounds/vo/genjiviper_worthit00.ogg	c8c549797585e8f0d6b6d2c5afade709	23715
mods/heroes.stormmod/enus.stormassets/localizeddata/sounds/vo/genjiviper_worthit01.ogg	0e743e0596881ff97f8595c35fb333f1	32231
mods/heroes.stormmod/enus.stormassets/localizeddata/sounds/vo/genjiviper_yes00.ogg	e13205af8a42dd1bf0adca64e981dab5	29250
mods/heroes.stormmod/enus.stormassets/localizeddata/sounds/vo/genjiviper_yes01.ogg	818fdfa09ab17a5ac97da33692d5b1ae	15203
mods/heroes.stormmod/enus.stormassets/localizeddata/sounds/vo/genjiviper_yes02.ogg	8b72c12fec1fe847389c2749eec6ad18	29241
mods/heroes.stormmod/enus.stormassets/localizeddata/sounds/vo/genjiviper_yes03.ogg	6ce227be3ce57184683a99d20d7f80c6	12331
mods/heroes.stormmod/enus.stormassets/localizeddata/sounds/vo/genjiviper_yes04.ogg	ae0d0d577361cd3fc576d0ac23f3c399	24620
mods/heroes.stormmod/enus.stormassets/localizeddata/sounds/vo/genjiviper_yes05.ogg	064c5177a4e0857d763b9bf994b43f18	13536
mods/heroes.stormmod/enus.stormassets/localizeddata/sounds/vo/genjiviper_yes06.ogg	e854a14a6455d224f37d7dacfca3363b	13791
mods/heroes.stormmod/enus.stormassets/localizeddata/sounds/vo/genjiviper_yes07.ogg	ab8ce13ea003b06bc8a9b5c0f04ab815	15259
mods/heroes.stormmod/enus.stormassets/localizeddata/sounds/vo/genjiviper_yes08.ogg	946c4ab33b05bdfa3ff47f54c028f7b3	24607
mods/heroes.stormmod/enus.stormassets/localizeddata/sounds/vo/genjiviper_yes09.ogg	609ce41e30ed85d80d0f076489f6fd02	23830
