mods/heroes.stormmod/enus.stormassets/localizeddata/sounds/vo/greymanebase_ai_attack00.fxe	e2f5b2efa76717f8062b794f26024dd4	1791
mods/heroes.stormmod/enus.stormassets/localizeddata/sounds/vo/greymanebase_ai_attack00.ogg	80fa325b073198a1c0856cff1a44363d	32287
mods/heroes.stormmod/enus.stormassets/localizeddata/sounds/vo/greymanebase_ai_attack01.fxe	3c959e084e550aa97aa24b3556f4b47c	2239
mods/heroes.stormmod/enus.stormassets/localizeddata/sounds/vo/greymanebase_ai_attack01.ogg	8aac2e131bab39abd84f8f7273ddf5ce	34148
mods/heroes.stormmod/enus.stormassets/localizeddata/sounds/vo/greymanebase_ai_attack02.fxe	0eb37a84a36be71d651d4f598543e2be	2143
mods/heroes.stormmod/enus.stormassets/localizeddata/sounds/vo/greymanebase_ai_attack02.ogg	d1b42407ce698a2c9d085512793a2d53	37885
mods/heroes.stormmod/enus.stormassets/localizeddata/sounds/vo/greymanebase_ai_attack_wolf00.fxe	a2569cfe5f5189272a5cd49db00f7da5	1636
mods/heroes.stormmod/enus.stormassets/localizeddata/sounds/vo/greymanebase_ai_attack_wolf00.ogg	84b45017319dcb5af6ae3727bad45026	22193
mods/heroes.stormmod/enus.stormassets/localizeddata/sounds/vo/greymanebase_ai_attack_wolf01.fxe	e92dce85e604df7db19d4127255eda48	884
mods/heroes.stormmod/enus.stormassets/localizeddata/sounds/vo/greymanebase_ai_attack_wolf01.ogg	cb3083ab4dce3427a69194c8486c2c5c	16323
mods/heroes.stormmod/enus.stormassets/localizeddata/sounds/vo/greymanebase_ai_attack_wolf02.fxe	699cde7474659d0be0469e544b975b7a	1236
mods/heroes.stormmod/enus.stormassets/localizeddata/sounds/vo/greymanebase_ai_attack_wolf02.ogg	a06bef33fdcb2c0e486933753b0148da	22020
mods/heroes.stormmod/enus.stormassets/localizeddata/sounds/vo/greymanebase_ai_caution00.fxe	6c10b8e10a7142ce93c8147342cacc23	1888
mods/heroes.stormmod/enus.stormassets/localizeddata/sounds/vo/greymanebase_ai_caution00.ogg	5df3d74d919d093cbf9da9619dd056e5	33181
mods/heroes.stormmod/enus.stormassets/localizeddata/sounds/vo/greymanebase_ai_caution_wolf00.fxe	f575cf1ff7edbe2fb34b8a1a8f0de51c	1061
mods/heroes.stormmod/enus.stormassets/localizeddata/sounds/vo/greymanebase_ai_caution_wolf00.ogg	53ccd6ba5d39fa90868fc82171ded179	18098
mods/heroes.stormmod/enus.stormassets/localizeddata/sounds/vo/greymanebase_ai_goodjob00.fxe	185c16bbf4984a4b3696c04e1c0ebc15	1488
mods/heroes.stormmod/enus.stormassets/localizeddata/sounds/vo/greymanebase_ai_goodjob00.ogg	018e3c66683896cfa20b24845b86013b	21572
mods/heroes.stormmod/enus.stormassets/localizeddata/sounds/vo/greymanebase_ai_goodjob01.fxe	ecd974e77b3ee5a5269a7b1ccbc44daf	2096
mods/heroes.stormmod/enus.stormassets/localizeddata/sounds/vo/greymanebase_ai_goodjob01.ogg	9e2e5eea5da8ab7ce4eb3354e4ee0ca8	27063
mods/heroes.stormmod/enus.stormassets/localizeddata/sounds/vo/greymanebase_ai_goodjob02.fxe	adad06ce9aa675f68b9facacdf218546	2368
mods/heroes.stormmod/enus.stormassets/localizeddata/sounds/vo/greymanebase_ai_goodjob02.ogg	8268f2ccbaf16b6caf1d33250cb3dc86	30586
mods/heroes.stormmod/enus.stormassets/localizeddata/sounds/vo/greymanebase_ai_goodjob_wolf00.fxe	bca5d3991572faf737dfee539e89d6eb	1269
mods/heroes.stormmod/enus.stormassets/localizeddata/sounds/vo/greymanebase_ai_goodjob_wolf00.ogg	35f558820005ac8fb4226382ba22551f	21410
mods/heroes.stormmod/enus.stormassets/localizeddata/sounds/vo/greymanebase_ai_goodjob_wolf01.fxe	b7a481e40ae5dc327ed1c3c74615880d	2133
mods/heroes.stormmod/enus.stormassets/localizeddata/sounds/vo/greymanebase_ai_goodjob_wolf01.ogg	e0a36afeb6d784556bbc841d34fe3382	28427
mods/heroes.stormmod/enus.stormassets/localizeddata/sounds/vo/greymanebase_ai_goodjob_wolf02.fxe	736c02d6677b62545ab62cad64448d05	1989
mods/heroes.stormmod/enus.stormassets/localizeddata/sounds/vo/greymanebase_ai_goodjob_wolf02.ogg	abc74eaaef8182f87a1ed607de03b2bb	28116
mods/heroes.stormmod/enus.stormassets/localizeddata/sounds/vo/greymanebase_ai_heal00.fxe	76b25a31f5433b464c6925a51ff02e99	3341
mods/heroes.stormmod/enus.stormassets/localizeddata/sounds/vo/greymanebase_ai_heal00.ogg	d4f0eb6be1fc02a4e5a7ea5a513e5898	45215
mods/heroes.stormmod/enus.stormassets/localizeddata/sounds/vo/greymanebase_ai_heal01.fxe	8eb0453f7849cd0598993c86d01bac91	1645
mods/heroes.stormmod/enus.stormassets/localizeddata/sounds/vo/greymanebase_ai_heal01.ogg	0b3e646a0369d27b4521e6520ea512fc	24037
mods/heroes.stormmod/enus.stormassets/localizeddata/sounds/vo/greymanebase_ai_heal_wolf00.fxe	80c044545c95cba1c61ab18c81cfac07	2130
mods/heroes.stormmod/enus.stormassets/localizeddata/sounds/vo/greymanebase_ai_heal_wolf00.ogg	9a8726ce2613aa25a33bb2b669a60cd3	24242
mods/heroes.stormmod/enus.stormassets/localizeddata/sounds/vo/greymanebase_ai_heal_wolf01.fxe	0e057db35e685b53594dcf66d60bef68	1362
mods/heroes.stormmod/enus.stormassets/localizeddata/sounds/vo/greymanebase_ai_heal_wolf01.ogg	120edae3cb8720699266736586d96eaa	19431
mods/heroes.stormmod/enus.stormassets/localizeddata/sounds/vo/greymanebase_ai_retreat00.fxe	53972cd8a43b1e094f48fc615d92a9f4	1968
mods/heroes.stormmod/enus.stormassets/localizeddata/sounds/vo/greymanebase_ai_retreat00.ogg	d13bad29725c9d6c0795746cdd2de644	28074
mods/heroes.stormmod/enus.stormassets/localizeddata/sounds/vo/greymanebase_ai_retreat01.fxe	914ebbab82d36d236aa07fdc0889e24d	1712
mods/heroes.stormmod/enus.stormassets/localizeddata/sounds/vo/greymanebase_ai_retreat01.ogg	1b9ecf2280be2e4e9a4cd3b467b23d8b	19690
mods/heroes.stormmod/enus.stormassets/localizeddata/sounds/vo/greymanebase_ai_retreat_wolf00.fxe	8709021a267d66ec2c3a540b5507abbb	1749
mods/heroes.stormmod/enus.stormassets/localizeddata/sounds/vo/greymanebase_ai_retreat_wolf00.ogg	84434c76ca02642e6566fcd17e47c59a	23745
mods/heroes.stormmod/enus.stormassets/localizeddata/sounds/vo/greymanebase_ai_retreat_wolf01.fxe	6e6cf5dff21bcab66c6b2054aa9e2cbf	1429
mods/heroes.stormmod/enus.stormassets/localizeddata/sounds/vo/greymanebase_ai_retreat_wolf01.ogg	9a8ce8183fdae8a414538a9cde789b8d	17552
mods/heroes.stormmod/enus.stormassets/localizeddata/sounds/vo/greymanebase_ai_uhoh00.fxe	dbf6239db44581100d0969a6c1c14d7b	1693
mods/heroes.stormmod/enus.stormassets/localizeddata/sounds/vo/greymanebase_ai_uhoh00.ogg	552f0cbd0b5e16b7cf327ee47081a389	23381
mods/heroes.stormmod/enus.stormassets/localizeddata/sounds/vo/greymanebase_ai_uhoh01.fxe	743b1539fad6298cb6c418cdaf9affa4	1757
mods/heroes.stormmod/enus.stormassets/localizeddata/sounds/vo/greymanebase_ai_uhoh01.ogg	e33d5783421928441fd29c6311530a27	22479
mods/heroes.stormmod/enus.stormassets/localizeddata/sounds/vo/greymanebase_ai_uhoh02.fxe	d57c6aeb7b89d0a1abd532f1d7b5bfbe	1645
mods/heroes.stormmod/enus.stormassets/localizeddata/sounds/vo/greymanebase_ai_uhoh02.ogg	b67b13d4c7de715f7587b87cb96412f0	26413
mods/heroes.stormmod/enus.stormassets/localizeddata/sounds/vo/greymanebase_ai_uhoh_wolf00.fxe	b962a327cf6d04f0aafa620951652cdc	1906
mods/heroes.stormmod/enus.stormassets/localizeddata/sounds/vo/greymanebase_ai_uhoh_wolf00.ogg	48dd2e5d0e1382087f78c30a7ce3bd5f	26142
mods/heroes.stormmod/enus.stormassets/localizeddata/sounds/vo/greymanebase_ai_uhoh_wolf01.fxe	3fd347e22694bca43e46bcbdf67e9cdc	1746
mods/heroes.stormmod/enus.stormassets/localizeddata/sounds/vo/greymanebase_ai_uhoh_wolf01.ogg	be89d2dfc3c86eebf50abe1613ad2055	35594
mods/heroes.stormmod/enus.stormassets/localizeddata/sounds/vo/greymanebase_ai_uhoh_wolf02.fxe	6e903e2705206bfb10d1a096633a8c58	2226
mods/heroes.stormmod/enus.stormassets/localizeddata/sounds/vo/greymanebase_ai_uhoh_wolf02.ogg	c4c99c2fa2165019847f543084966265	29027
mods/heroes.stormmod/enus.stormassets/localizeddata/sounds/vo/greymanebase_attack00.fxe	96c025c6333697c5fa03ade944ae748c	1196
mods/heroes.stormmod/enus.stormassets/localizeddata/sounds/vo/greymanebase_attack00.ogg	4468090966f1a6cdb2935ca0179d03be	21946
mods/heroes.stormmod/enus.stormassets/localizeddata/sounds/vo/greymanebase_attack01.fxe	b6122da5eb45e936c56b4e2995510a9a	1468
mods/heroes.stormmod/enus.stormassets/localizeddata/sounds/vo/greymanebase_attack01.ogg	8909ca7c2dce54609d4809226e431153	29475
mods/heroes.stormmod/enus.stormassets/localizeddata/sounds/vo/greymanebase_attack02.fxe	ac17d39759ad36ad12591c6f7b394c1f	1564
mods/heroes.stormmod/enus.stormassets/localizeddata/sounds/vo/greymanebase_attack02.ogg	e11ab6af7c3fb7788bb2f16373999b96	28688
mods/heroes.stormmod/enus.stormassets/localizeddata/sounds/vo/greymanebase_attack03.fxe	04680d3ce4fed97978ca669c437eaa6a	1436
mods/heroes.stormmod/enus.stormassets/localizeddata/sounds/vo/greymanebase_attack03.ogg	640f624b1c577ae2a7bcbaa1b3e99ac2	23615
mods/heroes.stormmod/enus.stormassets/localizeddata/sounds/vo/greymanebase_attack04.fxe	c365fb4751a39e6f0770d0bd344095c5	2252
mods/heroes.stormmod/enus.stormassets/localizeddata/sounds/vo/greymanebase_attack04.ogg	804dcae1c457123eed1171acf1a6d510	31139
mods/heroes.stormmod/enus.stormassets/localizeddata/sounds/vo/greymanebase_attack05.fxe	75bd96e6d0e7a116aa221edc3bdb9097	1404
mods/heroes.stormmod/enus.stormassets/localizeddata/sounds/vo/greymanebase_attack05.ogg	c257fdd52eac51e715f79cf144cb3454	21858
mods/heroes.stormmod/enus.stormassets/localizeddata/sounds/vo/greymanebase_attack06.fxe	42832a9c779d1bcc0c72710ad1d3c572	1820
mods/heroes.stormmod/enus.stormassets/localizeddata/sounds/vo/greymanebase_attack06.ogg	883c0db9ec1cd20a98fa6ed993e61117	29516
mods/heroes.stormmod/enus.stormassets/localizeddata/sounds/vo/greymanebase_attack_wolf00.fxe	ee9a8623eb741aaf1ee6b4cda135c6a8	1057
mods/heroes.stormmod/enus.stormassets/localizeddata/sounds/vo/greymanebase_attack_wolf00.ogg	06917524a71f5bc3a1b1029b32a73458	18495
mods/heroes.stormmod/enus.stormassets/localizeddata/sounds/vo/greymanebase_attack_wolf01.fxe	7473bf488143e8ab75ba081ebda5ddea	1681
mods/heroes.stormmod/enus.stormassets/localizeddata/sounds/vo/greymanebase_attack_wolf01.ogg	f9ecba25d3de9ec7a93e5fe2dc237cd5	24687
mods/heroes.stormmod/enus.stormassets/localizeddata/sounds/vo/greymanebase_attack_wolf02.fxe	ca6f6d3af9ec61c5222fe85f185edcf1	1377
mods/heroes.stormmod/enus.stormassets/localizeddata/sounds/vo/greymanebase_attack_wolf02.ogg	4f7eece60a128f2642708f66a9668199	25465
mods/heroes.stormmod/enus.stormassets/localizeddata/sounds/vo/greymanebase_attack_wolf03.fxe	f65b5ad38b17c51d1998af90d5505adf	2193
mods/heroes.stormmod/enus.stormassets/localizeddata/sounds/vo/greymanebase_attack_wolf03.ogg	b1a2d8a29baf5d114cde8d5a50e3c553	27977
mods/heroes.stormmod/enus.stormassets/localizeddata/sounds/vo/greymanebase_attack_wolf04_alt.fxe	ac668a6cbde62a5410c20445787ccc73	1637
mods/heroes.stormmod/enus.stormassets/localizeddata/sounds/vo/greymanebase_attack_wolf04_alt.ogg	2b704f60b3d4c11f52d8f8411e0e27b1	26475
mods/heroes.stormmod/enus.stormassets/localizeddata/sounds/vo/greymanebase_attack_wolf05.fxe	38fd929e70d3e56e1882568a5d1cfd42	1473
mods/heroes.stormmod/enus.stormassets/localizeddata/sounds/vo/greymanebase_attack_wolf05.ogg	7ab57ca425e977b6f806a4f69f7f191a	26325
mods/heroes.stormmod/enus.stormassets/localizeddata/sounds/vo/greymanebase_attack_wolf06.fxe	cfc8ad0b6ecd0e586b547a418ab8fdbc	1153
mods/heroes.stormmod/enus.stormassets/localizeddata/sounds/vo/greymanebase_attack_wolf06.ogg	98e4346e11e2de2b33065e198ef1d023	23723
mods/heroes.stormmod/enus.stormassets/localizeddata/sounds/vo/greymanebase_celebrate00.fxe	90388b0bf387548892fc73faa9ead951	1567
mods/heroes.stormmod/enus.stormassets/localizeddata/sounds/vo/greymanebase_celebrate00.ogg	594562795f1ceeb9700a9815824f1082	26981
mods/heroes.stormmod/enus.stormassets/localizeddata/sounds/vo/greymanebase_comeback00.fxe	3cbf97e25b36a7906aba847a57409407	1886
mods/heroes.stormmod/enus.stormassets/localizeddata/sounds/vo/greymanebase_comeback00.ogg	e6080dd97969bf3c1bf284292e40fb6e	26290
mods/heroes.stormmod/enus.stormassets/localizeddata/sounds/vo/greymanebase_comeback_wolf00.fxe	6ab40a7ef7a6d491585bedc93ca638c7	1763
mods/heroes.stormmod/enus.stormassets/localizeddata/sounds/vo/greymanebase_comeback_wolf00.ogg	2d0acea6a14e4eb5fe288d6ba1db8330	30723
mods/heroes.stormmod/enus.stormassets/localizeddata/sounds/vo/greymanebase_death00.fxe	c2f7071c8d2cb9d8c73e10923aa7508a	1035
mods/heroes.stormmod/enus.stormassets/localizeddata/sounds/vo/greymanebase_death00.wav	183ef5e39003265ffae302786b2d8c33	50492
mods/heroes.stormmod/enus.stormassets/localizeddata/sounds/vo/greymanebase_death01.fxe	fef4b8065bee96c21fbc1a2d1b856ad3	955
mods/heroes.stormmod/enus.stormassets/localizeddata/sounds/vo/greymanebase_death01.wav	3f8985a76de97b716d5d0c8e54679ff2	56636
mods/heroes.stormmod/enus.stormassets/localizeddata/sounds/vo/greymanebase_death02.fxe	2b1b06ce9267bc6c9a2c86e22379c89b	779
mods/heroes.stormmod/enus.stormassets/localizeddata/sounds/vo/greymanebase_death02.wav	416ff485b0eef8f52be16236835b5047	48700
mods/heroes.stormmod/enus.stormassets/localizeddata/sounds/vo/greymanebase_death03.fxe	b86d8d4dad916814e15a36a3178a16c0	1643
mods/heroes.stormmod/enus.stormassets/localizeddata/sounds/vo/greymanebase_death03.wav	bc048b1979f32fc3832b51d55d9b30b5	47420
mods/heroes.stormmod/enus.stormassets/localizeddata/sounds/vo/greymanebase_death04.fxe	9df958a6d1c4705c668863dfa455deac	1547
mods/heroes.stormmod/enus.stormassets/localizeddata/sounds/vo/greymanebase_death04.wav	8249866aeb81cc173cda0b557e7596d5	49468
mods/heroes.stormmod/enus.stormassets/localizeddata/sounds/vo/greymanebase_death05.fxe	41ea8d27d08b497223f7ce7eb643aef2	1531
mods/heroes.stormmod/enus.stormassets/localizeddata/sounds/vo/greymanebase_death05.wav	c413854e4e79adaf782b66ce6c56bd0f	48188
mods/heroes.stormmod/enus.stormassets/localizeddata/sounds/vo/greymanebase_death06.fxe	56917f28ff22ae712275d5cafe4473a4	2011
mods/heroes.stormmod/enus.stormassets/localizeddata/sounds/vo/greymanebase_death06.wav	08573a4a934417ebbdf2675c9ba49231	66876
mods/heroes.stormmod/enus.stormassets/localizeddata/sounds/vo/greymanebase_death07.fxe	b28cd8c354bbff88ab1b79f4d37fe69a	2219
mods/heroes.stormmod/enus.stormassets/localizeddata/sounds/vo/greymanebase_death07.wav	4b5dc2cc49dc8badb60778df55d9f450	75580
mods/heroes.stormmod/enus.stormassets/localizeddata/sounds/vo/greymanebase_death08.fxe	fb356ecf5d172fe29b8b24fec595a2b2	1867
mods/heroes.stormmod/enus.stormassets/localizeddata/sounds/vo/greymanebase_death08.wav	b1c1097d90af3d137fe81be7df316710	73532
mods/heroes.stormmod/enus.stormassets/localizeddata/sounds/vo/greymanebase_death09.fxe	a72c93bf8484edab1cb76ae9e696dcd2	2427
mods/heroes.stormmod/enus.stormassets/localizeddata/sounds/vo/greymanebase_death09.wav	07bd60299484b346c2366b5b7c7c34a7	66876
mods/heroes.stormmod/enus.stormassets/localizeddata/sounds/vo/greymanebase_death_wolf00.fxe	aac72ffe9c504db20742784d3631f5c2	1632
mods/heroes.stormmod/enus.stormassets/localizeddata/sounds/vo/greymanebase_death_wolf00.wav	0003b9d4d3afc602880d7a09cec20f93	51004
mods/heroes.stormmod/enus.stormassets/localizeddata/sounds/vo/greymanebase_death_wolf01.fxe	d29a672f150930e4c8d9617657cf0689	1344
mods/heroes.stormmod/enus.stormassets/localizeddata/sounds/vo/greymanebase_death_wolf01.wav	d1e5464d0bea4faab4638a58fa637867	54332
mods/heroes.stormmod/enus.stormassets/localizeddata/sounds/vo/greymanebase_death_wolf02.fxe	9b7efed0a156755f849382408da8a47c	784
mods/heroes.stormmod/enus.stormassets/localizeddata/sounds/vo/greymanebase_death_wolf02.wav	b092d43c81cdb0f7ef868a2f0dc52a31	77628
mods/heroes.stormmod/enus.stormassets/localizeddata/sounds/vo/greymanebase_death_wolf03.fxe	0bffd57ed64f0c664884cbcf3025fadf	1824
mods/heroes.stormmod/enus.stormassets/localizeddata/sounds/vo/greymanebase_death_wolf03.wav	1d7160879d60e816926603a61afc7d30	53308
mods/heroes.stormmod/enus.stormassets/localizeddata/sounds/vo/greymanebase_death_wolf04.fxe	00b06ae42ca9a98ddc27a8d653e9d457	1280
mods/heroes.stormmod/enus.stormassets/localizeddata/sounds/vo/greymanebase_death_wolf04.wav	d96100b75d95c96948b16511aebb8f46	59708
mods/heroes.stormmod/enus.stormassets/localizeddata/sounds/vo/greymanebase_death_wolf05.fxe	39ec403d08a359be544178ce76d624ff	2272
mods/heroes.stormmod/enus.stormassets/localizeddata/sounds/vo/greymanebase_death_wolf05.wav	fc8c5b272811d712eb84dcf4a66579b9	68668
mods/heroes.stormmod/enus.stormassets/localizeddata/sounds/vo/greymanebase_death_wolf06.fxe	7f3b1180971db5bd28bbab26e4bd509b	2528
mods/heroes.stormmod/enus.stormassets/localizeddata/sounds/vo/greymanebase_death_wolf06.wav	ab30ce3ac7a7d9028c9083a5dfecb5fc	72508
mods/heroes.stormmod/enus.stormassets/localizeddata/sounds/vo/greymanebase_death_wolf07.fxe	14985dea108ca3e58f1c4546265c4044	1584
mods/heroes.stormmod/enus.stormassets/localizeddata/sounds/vo/greymanebase_death_wolf07.wav	98b02f1dcb193b749093b5ffd0fb734c	77116
mods/heroes.stormmod/enus.stormassets/localizeddata/sounds/vo/greymanebase_healed00.fxe	0fc4c29dec1ec75442867bc60e28543d	2332
mods/heroes.stormmod/enus.stormassets/localizeddata/sounds/vo/greymanebase_healed00.ogg	7c44375a9704ddfad93fdbf219830cd6	28695
mods/heroes.stormmod/enus.stormassets/localizeddata/sounds/vo/greymanebase_healed01.fxe	7c589fcca96edadfbdea6190c1d5f778	2156
mods/heroes.stormmod/enus.stormassets/localizeddata/sounds/vo/greymanebase_healed01.ogg	bc5b522c13b6f962c5b61343b5311c77	33554
mods/heroes.stormmod/enus.stormassets/localizeddata/sounds/vo/greymanebase_healed02.fxe	9f01b35f96024fe1a5241ab5e63306ff	2588
mods/heroes.stormmod/enus.stormassets/localizeddata/sounds/vo/greymanebase_healed02.ogg	03d4d9031c2266faddfffb20057e5f7a	39207
mods/heroes.stormmod/enus.stormassets/localizeddata/sounds/vo/greymanebase_healed_wolf00.fxe	892d35c3bc69749c1e57d4a737604725	2529
mods/heroes.stormmod/enus.stormassets/localizeddata/sounds/vo/greymanebase_healed_wolf00.ogg	c524f2df05c1330155f47bdc7168f3ea	44979
mods/heroes.stormmod/enus.stormassets/localizeddata/sounds/vo/greymanebase_healed_wolf01.fxe	a9f2f89a51e22753bfefa27adbfd70d7	2449
mods/heroes.stormmod/enus.stormassets/localizeddata/sounds/vo/greymanebase_healed_wolf01.ogg	ae248ddce71ec1ca57f3477fd283a63b	26916
mods/heroes.stormmod/enus.stormassets/localizeddata/sounds/vo/greymanebase_healed_wolf02.fxe	d981b1edd95998d190e345377066c288	1473
mods/heroes.stormmod/enus.stormassets/localizeddata/sounds/vo/greymanebase_healed_wolf02.ogg	9d4bc39f152f9966d05882754dbb7720	23732
mods/heroes.stormmod/enus.stormassets/localizeddata/sounds/vo/greymanebase_introagree00.fxe	3c427cdf189184953de75ec09e7a653e	2832
mods/heroes.stormmod/enus.stormassets/localizeddata/sounds/vo/greymanebase_introagree00.ogg	44b365c967a7bbe932f1965ddbf89062	35135
mods/heroes.stormmod/enus.stormassets/localizeddata/sounds/vo/greymanebase_introagree01.fxe	9068bb1f234c8c24f89f902955a03c5d	2560
mods/heroes.stormmod/enus.stormassets/localizeddata/sounds/vo/greymanebase_introagree01.ogg	e35a8f942f99d66181647d41ceea5e1e	29412
mods/heroes.stormmod/enus.stormassets/localizeddata/sounds/vo/greymanebase_introagree02.fxe	3ab808d58f24007eeb83a59a91d4e5da	1792
mods/heroes.stormmod/enus.stormassets/localizeddata/sounds/vo/greymanebase_introagree02.ogg	0a354fd1745a14f65b7bde4b17a89c90	28705
mods/heroes.stormmod/enus.stormassets/localizeddata/sounds/vo/greymanebase_introboast00.fxe	a0816755c553b677ebeab652a167ea9f	1936
mods/heroes.stormmod/enus.stormassets/localizeddata/sounds/vo/greymanebase_introboast00.ogg	f7917dfdec4f9cacf9199c6794af936f	34124
mods/heroes.stormmod/enus.stormassets/localizeddata/sounds/vo/greymanebase_introboast01.fxe	b1abfaf68b0aefc272e000a457fa2044	2448
mods/heroes.stormmod/enus.stormassets/localizeddata/sounds/vo/greymanebase_introboast01.ogg	aa8583f387b06017738d1b6b7c9b443e	35795
mods/heroes.stormmod/enus.stormassets/localizeddata/sounds/vo/greymanebase_introquestion00.fxe	f8ab9305b0d5fcca87bd52d792f7d79d	1843
mods/heroes.stormmod/enus.stormassets/localizeddata/sounds/vo/greymanebase_introquestion00.ogg	fb2dbac55643693bf7c3c4f2ab64564c	29139
mods/heroes.stormmod/enus.stormassets/localizeddata/sounds/vo/greymanebase_introquestion01.fxe	5be49c8a6aa53ef5384cd2176ef934e5	1987
mods/heroes.stormmod/enus.stormassets/localizeddata/sounds/vo/greymanebase_introquestion01.ogg	409dee2c5803481ffbbe4c85fb212a2a	27212
mods/heroes.stormmod/enus.stormassets/localizeddata/sounds/vo/greymanebase_introquestion_arthas00.fxe	470a8c2be4aab062d93b958d6557abee	4106
mods/heroes.stormmod/enus.stormassets/localizeddata/sounds/vo/greymanebase_introquestion_arthas00.ogg	b16f8795f54db2877ce2d50594561257	57482
mods/heroes.stormmod/enus.stormassets/localizeddata/sounds/vo/greymanebase_introquestion_baelog00.fxe	da2f70703375f6fd35e2d205239ea952	3098
mods/heroes.stormmod/enus.stormassets/localizeddata/sounds/vo/greymanebase_introquestion_baelog00.ogg	b4fb4db65970fe778acbc29cf2b81a42	44256
mods/heroes.stormmod/enus.stormassets/localizeddata/sounds/vo/greymanebase_introquestion_erik00.fxe	cc52ac2e4c66b03f05521bfeeb9e4b31	4280
mods/heroes.stormmod/enus.stormassets/localizeddata/sounds/vo/greymanebase_introquestion_erik00.ogg	1878bba690f2b6795ee900c2b98c6d8e	51757
mods/heroes.stormmod/enus.stormassets/localizeddata/sounds/vo/greymanebase_introquestion_kael'thas00.fxe	35dd7b6b4c11721110d1c7d6a62b7594	4365
mods/heroes.stormmod/enus.stormassets/localizeddata/sounds/vo/greymanebase_introquestion_kael'thas00.ogg	a3179a8f63ba15cd0ba6663912c3bcff	57849
mods/heroes.stormmod/enus.stormassets/localizeddata/sounds/vo/greymanebase_introquestion_leoric00.fxe	18a93ff3ddd626f3264c9166355985d6	3402
mods/heroes.stormmod/enus.stormassets/localizeddata/sounds/vo/greymanebase_introquestion_leoric00.ogg	3ad1dbd177d743b89e56cb00a339fa91	52551
mods/heroes.stormmod/enus.stormassets/localizeddata/sounds/vo/greymanebase_introquestion_lunara00.fxe	a8227d92bcc5760b2273b43d49a32479	4426
mods/heroes.stormmod/enus.stormassets/localizeddata/sounds/vo/greymanebase_introquestion_lunara00.ogg	627a25f2acfdc898a02497c32ef64234	56564
mods/heroes.stormmod/enus.stormassets/localizeddata/sounds/vo/greymanebase_introquestion_malfurion00_alt.fxe	1c57d4dc3a437559940981f0e05771b4	4577
mods/heroes.stormmod/enus.stormassets/localizeddata/sounds/vo/greymanebase_introquestion_malfurion00_alt.ogg	7fbb66e7fbaf282c7bb1a280f2ecc3ec	69970
mods/heroes.stormmod/enus.stormassets/localizeddata/sounds/vo/greymanebase_introquestion_murky00.fxe	1d6bf1f3949308468b4ba4d17e443745	3241
mods/heroes.stormmod/enus.stormassets/localizeddata/sounds/vo/greymanebase_introquestion_murky00.ogg	4dfec0993f3969960d5e9ba317332adf	44516
mods/heroes.stormmod/enus.stormassets/localizeddata/sounds/vo/greymanebase_introquestion_negative00.fxe	2d116eba550fc4b5fb05e548fbce8e97	2924
mods/heroes.stormmod/enus.stormassets/localizeddata/sounds/vo/greymanebase_introquestion_negative00.ogg	ee17c42ee6b0495eeb7586b95b942752	44497
mods/heroes.stormmod/enus.stormassets/localizeddata/sounds/vo/greymanebase_introquestion_positive00.fxe	c3352b32fcfc5fd4d80ca0ca1f1dd79a	3596
mods/heroes.stormmod/enus.stormassets/localizeddata/sounds/vo/greymanebase_introquestion_positive00.ogg	ccd2a7277adc0ee283953258c0a8d9a1	49659
mods/heroes.stormmod/enus.stormassets/localizeddata/sounds/vo/greymanebase_introquestion_rehgarsw00.fxe	9068025d1f51d3a0e0a1748f2791ac48	2268
mods/heroes.stormmod/enus.stormassets/localizeddata/sounds/vo/greymanebase_introquestion_rehgarsw00.ogg	20ba22302a6dc8b223d76b676d8ec690	36248
mods/heroes.stormmod/enus.stormassets/localizeddata/sounds/vo/greymanebase_introquestion_sylvanas00.fxe	4ab8e9b2b25ad1187aa4c7ec2457ea3a	3468
mods/heroes.stormmod/enus.stormassets/localizeddata/sounds/vo/greymanebase_introquestion_sylvanas00.ogg	07ca4d49bc0db0d44ae79651c29dcc6b	59935
mods/heroes.stormmod/enus.stormassets/localizeddata/sounds/vo/greymanebase_introquestion_varian00.fxe	348f6d59c5d095caf7fd8bd8ead5aa39	2650
mods/heroes.stormmod/enus.stormassets/localizeddata/sounds/vo/greymanebase_introquestion_varian00.ogg	943cd77b4e7fa6d57dba9ae6b67aceb4	45559
mods/heroes.stormmod/enus.stormassets/localizeddata/sounds/vo/greymanebase_introrespond00.fxe	292f68c4576c8ef52f77829478408a09	2434
mods/heroes.stormmod/enus.stormassets/localizeddata/sounds/vo/greymanebase_introrespond00.ogg	7ca8137a9fb4bfd66ebdb39dba461891	40434
mods/heroes.stormmod/enus.stormassets/localizeddata/sounds/vo/greymanebase_introrespond01.fxe	ba9ea52c4271c7eb0be8794c9bc4465f	3010
mods/heroes.stormmod/enus.stormassets/localizeddata/sounds/vo/greymanebase_introrespond01.ogg	747f6bc0c3d8c69ee4a526cf2c124994	50758
mods/heroes.stormmod/enus.stormassets/localizeddata/sounds/vo/greymanebase_introrespond02.fxe	eb722441075f9fb7ba17c2bec95609b1	2994
mods/heroes.stormmod/enus.stormassets/localizeddata/sounds/vo/greymanebase_introrespond02.ogg	030df74884bb49131b93dfb168930568	43329
mods/heroes.stormmod/enus.stormassets/localizeddata/sounds/vo/greymanebase_introresponse_angry00.fxe	cc8a5a11bf3cbadf39fa132e961d1079	2185
mods/heroes.stormmod/enus.stormassets/localizeddata/sounds/vo/greymanebase_introresponse_angry00.ogg	4685c476d4c9c40c8ce4d18ea4fa7b29	34160
mods/heroes.stormmod/enus.stormassets/localizeddata/sounds/vo/greymanebase_introresponse_arthas00.fxe	619795731b68652763805f5639f04f84	4762
mods/heroes.stormmod/enus.stormassets/localizeddata/sounds/vo/greymanebase_introresponse_arthas00.ogg	3a9eeac8d051384e1ec1fab955c600d4	64400
mods/heroes.stormmod/enus.stormassets/localizeddata/sounds/vo/greymanebase_introresponse_baelog00.fxe	a7acf95d244324cf2ac3166d3b5d247a	2746
mods/heroes.stormmod/enus.stormassets/localizeddata/sounds/vo/greymanebase_introresponse_baelog00.ogg	f50592ec4bb569ca19fcc1f08d2bd40e	57244
mods/heroes.stormmod/enus.stormassets/localizeddata/sounds/vo/greymanebase_introresponse_dismissive00.fxe	6b2929911b8b2ff7438cf6fc8a178e18	4318
mods/heroes.stormmod/enus.stormassets/localizeddata/sounds/vo/greymanebase_introresponse_dismissive00.ogg	d52e40db21468aa5c9a945459f8ad030	67346
mods/heroes.stormmod/enus.stormassets/localizeddata/sounds/vo/greymanebase_introresponse_erik00.fxe	380d0bfd0ada6367fccc776cd60404af	3560
mods/heroes.stormmod/enus.stormassets/localizeddata/sounds/vo/greymanebase_introresponse_erik00.ogg	f4122e26e3791e239d4b3552b0179271	60989
mods/heroes.stormmod/enus.stormassets/localizeddata/sounds/vo/greymanebase_introresponse_kael'thas00.fxe	06225564b8b40822f61081b469825d40	5117
mods/heroes.stormmod/enus.stormassets/localizeddata/sounds/vo/greymanebase_introresponse_kael'thas00.ogg	39360b0b0a85710d58ac7076de1db945	65772
mods/heroes.stormmod/enus.stormassets/localizeddata/sounds/vo/greymanebase_introresponse_leoric00.fxe	0699768f205398d1d248638d5778d798	4986
mods/heroes.stormmod/enus.stormassets/localizeddata/sounds/vo/greymanebase_introresponse_leoric00.ogg	6833e79a1b17fb4655df619294002b07	71848
mods/heroes.stormmod/enus.stormassets/localizeddata/sounds/vo/greymanebase_introresponse_lunara00.fxe	5c5634cb30db5381cc293335f069c5b9	2234
mods/heroes.stormmod/enus.stormassets/localizeddata/sounds/vo/greymanebase_introresponse_lunara00.ogg	aa5be171f5947f8c2626db39aa15507f	36244
mods/heroes.stormmod/enus.stormassets/localizeddata/sounds/vo/greymanebase_introresponse_malfurion00.fxe	35f3f618c7e11f24bad422144fed7bca	2765
mods/heroes.stormmod/enus.stormassets/localizeddata/sounds/vo/greymanebase_introresponse_malfurion00.ogg	91328a714b5da0a7483951f3a030dca1	50802
mods/heroes.stormmod/enus.stormassets/localizeddata/sounds/vo/greymanebase_introresponse_murky00.fxe	dc043e2631cc78875ca2b96c6dff87e6	3417
mods/heroes.stormmod/enus.stormassets/localizeddata/sounds/vo/greymanebase_introresponse_murky00.ogg	c20f5fbd441ce16f66de13033aaf3d63	54406
mods/heroes.stormmod/enus.stormassets/localizeddata/sounds/vo/greymanebase_introresponse_negative00.fxe	fa29bfde5e789407b0b7126da9b52675	3532
mods/heroes.stormmod/enus.stormassets/localizeddata/sounds/vo/greymanebase_introresponse_negative00.ogg	6bbef6d6388ae3839084380fce90d607	52001
mods/heroes.stormmod/enus.stormassets/localizeddata/sounds/vo/greymanebase_introresponse_neutral00.fxe	285327587dc5cfa3fbb2a1de77179c1d	2235
mods/heroes.stormmod/enus.stormassets/localizeddata/sounds/vo/greymanebase_introresponse_neutral00.ogg	c401526cdd4d9a00915563de9087ca53	29623
mods/heroes.stormmod/enus.stormassets/localizeddata/sounds/vo/greymanebase_introresponse_positive00.fxe	6ad237b1587ced3e219b254d7a095c0d	3404
mods/heroes.stormmod/enus.stormassets/localizeddata/sounds/vo/greymanebase_introresponse_positive00.ogg	4a1b7aba52618ec630fd6dc485f4f7f1	35466
mods/heroes.stormmod/enus.stormassets/localizeddata/sounds/vo/greymanebase_introresponse_rehgarsw00.fxe	11ae4e3fc898250907a0b26f52ad284d	3388
mods/heroes.stormmod/enus.stormassets/localizeddata/sounds/vo/greymanebase_introresponse_rehgarsw00.ogg	a7869268a4954d53c25242c6f49a04ae	61618
mods/heroes.stormmod/enus.stormassets/localizeddata/sounds/vo/greymanebase_introresponse_sylvanas00.fxe	98f9337f97ff6d2dd59d1fd265f1fe44	2636
mods/heroes.stormmod/enus.stormassets/localizeddata/sounds/vo/greymanebase_introresponse_sylvanas00.ogg	91d7b46f1eefeab2881d41729a97a32c	44892
mods/heroes.stormmod/enus.stormassets/localizeddata/sounds/vo/greymanebase_introresponse_varian00.fxe	ac35020b1649fed5c9fd465e4cb36074	3002
mods/heroes.stormmod/enus.stormassets/localizeddata/sounds/vo/greymanebase_introresponse_varian00.ogg	5e83f3261e8f9ebe5db7e32155ad88ee	51125
mods/heroes.stormmod/enus.stormassets/localizeddata/sounds/vo/greymanebase_kill00.fxe	ff84777878f5f5e9960bdb50f01f84ee	1402
mods/heroes.stormmod/enus.stormassets/localizeddata/sounds/vo/greymanebase_kill00.ogg	a99e35273737a340c3ed8450f9a8196a	23387
mods/heroes.stormmod/enus.stormassets/localizeddata/sounds/vo/greymanebase_kill01.fxe	ba64289e19be784c6b53686730dfc541	1642
mods/heroes.stormmod/enus.stormassets/localizeddata/sounds/vo/greymanebase_kill01.ogg	66f5972dfcbc1393ae21abeb8169b470	28936
mods/heroes.stormmod/enus.stormassets/localizeddata/sounds/vo/greymanebase_kill02.fxe	5d8e9708e52c939114da558b334de891	1738
mods/heroes.stormmod/enus.stormassets/localizeddata/sounds/vo/greymanebase_kill02.ogg	6d247a20a30792669172c77ddfca2ae2	27585
mods/heroes.stormmod/enus.stormassets/localizeddata/sounds/vo/greymanebase_kill03.fxe	7e92297d95bf8ab3c9d8f348b4a52209	2410
mods/heroes.stormmod/enus.stormassets/localizeddata/sounds/vo/greymanebase_kill03.ogg	99a60210a1a9bea4e53a56cdfbdc12fe	38054
mods/heroes.stormmod/enus.stormassets/localizeddata/sounds/vo/greymanebase_kill04.fxe	1d08131949e96baf76a171cbb5a25916	1082
mods/heroes.stormmod/enus.stormassets/localizeddata/sounds/vo/greymanebase_kill04.ogg	6ea807e141e323998215940125fdf56d	29904
mods/heroes.stormmod/enus.stormassets/localizeddata/sounds/vo/greymanebase_kill_wolf00.fxe	3744116c7e409f1218c450d6d9d131e8	1375
mods/heroes.stormmod/enus.stormassets/localizeddata/sounds/vo/greymanebase_kill_wolf00.ogg	03c5441827344c83b7d4889504d63e11	26719
mods/heroes.stormmod/enus.stormassets/localizeddata/sounds/vo/greymanebase_kill_wolf01.fxe	5a62c1439b0ba725cdb68dbc2a073366	2207
mods/heroes.stormmod/enus.stormassets/localizeddata/sounds/vo/greymanebase_kill_wolf01.ogg	92daf33c4217cc4a4e4f973c82a32d41	34678
mods/heroes.stormmod/enus.stormassets/localizeddata/sounds/vo/greymanebase_kill_wolf02.fxe	4460cd183f027d58362753c402c01342	1615
mods/heroes.stormmod/enus.stormassets/localizeddata/sounds/vo/greymanebase_kill_wolf02.ogg	3c5412ec5090ea92f416376f700bbb11	28861
mods/heroes.stormmod/enus.stormassets/localizeddata/sounds/vo/greymanebase_kill_wolf03.fxe	90018ae6aabdb73def3343d44a171fb1	1663
mods/heroes.stormmod/enus.stormassets/localizeddata/sounds/vo/greymanebase_kill_wolf03.ogg	fde4eb418cf857147912794d536ce07a	29296
mods/heroes.stormmod/enus.stormassets/localizeddata/sounds/vo/greymanebase_kill_wolf04.fxe	1f9a53e7973ad86d8f1996989bd9e6e4	1951
mods/heroes.stormmod/enus.stormassets/localizeddata/sounds/vo/greymanebase_kill_wolf04.ogg	4c6a8d35c28d9016919d1684a6b9c15d	39663
mods/heroes.stormmod/enus.stormassets/localizeddata/sounds/vo/greymanebase_killarthas00.fxe	869a13fb339ceabcd3423a4c4768e722	2656
mods/heroes.stormmod/enus.stormassets/localizeddata/sounds/vo/greymanebase_killarthas00.ogg	f2920cbb10f76e080a826197eefc73ea	46776
mods/heroes.stormmod/enus.stormassets/localizeddata/sounds/vo/greymanebase_killarthas_wolf00.fxe	02e50f126a76e1258f689dbc8d01b683	2533
mods/heroes.stormmod/enus.stormassets/localizeddata/sounds/vo/greymanebase_killarthas_wolf00.ogg	77be6aa13f148c433aa7c4b5cd2c6b42	32277
mods/heroes.stormmod/enus.stormassets/localizeddata/sounds/vo/greymanebase_killgarrosh_wolf00_alt.fxe	e767e9e152343a4c99c4d23910845438	3290
mods/heroes.stormmod/enus.stormassets/localizeddata/sounds/vo/greymanebase_killgarrosh_wolf00_alt.ogg	2f953b42d273134583187dc615010e18	36742
mods/heroes.stormmod/enus.stormassets/localizeddata/sounds/vo/greymanebase_killkael'thas00.fxe	f35553f64bdd318b7c53b5aba9261850	2339
mods/heroes.stormmod/enus.stormassets/localizeddata/sounds/vo/greymanebase_killkael'thas00.ogg	12c1989b986ff54610b61ed245ea906f	36805
mods/heroes.stormmod/enus.stormassets/localizeddata/sounds/vo/greymanebase_killkael'thas_wolf00.fxe	fbb5acf9565e7d79ce361bbdf1bd1d04	1896
mods/heroes.stormmod/enus.stormassets/localizeddata/sounds/vo/greymanebase_killkael'thas_wolf00.ogg	269268a9d34fc4952e342585c62a46a2	35192
mods/heroes.stormmod/enus.stormassets/localizeddata/sounds/vo/greymanebase_killleoric00.fxe	b3802fa75a47fa75be22f06cbe4b0044	2576
mods/heroes.stormmod/enus.stormassets/localizeddata/sounds/vo/greymanebase_killleoric00.ogg	14ab65b8cdf2d6bb91d520022c6159be	44865
mods/heroes.stormmod/enus.stormassets/localizeddata/sounds/vo/greymanebase_killleoric_wolf00.fxe	696a1d0bff6ce95cb5904bf472630c6e	3557
mods/heroes.stormmod/enus.stormassets/localizeddata/sounds/vo/greymanebase_killleoric_wolf00.ogg	d1ce1b88624b884a7bf37c63687fdfc4	64182
mods/heroes.stormmod/enus.stormassets/localizeddata/sounds/vo/greymanebase_killlunara00.fxe	a13a0da5ccc252f01ec4d2a2b63f36e3	4064
mods/heroes.stormmod/enus.stormassets/localizeddata/sounds/vo/greymanebase_killlunara00.ogg	857bfdbabf7cd699d8b6c428028cbd44	52643
mods/heroes.stormmod/enus.stormassets/localizeddata/sounds/vo/greymanebase_killlunara_wolf00.fxe	3c3874b762876f106032c65c391fd7fc	2917
mods/heroes.stormmod/enus.stormassets/localizeddata/sounds/vo/greymanebase_killlunara_wolf00.ogg	254e44d37528ca3e8b5df2a1c0de970f	50825
mods/heroes.stormmod/enus.stormassets/localizeddata/sounds/vo/greymanebase_killmalfurion00.fxe	f60d580fd653eb89398844b558189b7f	3635
mods/heroes.stormmod/enus.stormassets/localizeddata/sounds/vo/greymanebase_killmalfurion00.ogg	e0fa4cfd26563f1e338fbdcbc5789d3d	49990
mods/heroes.stormmod/enus.stormassets/localizeddata/sounds/vo/greymanebase_killmalfurion_wolf00.fxe	81a3451b003c45ed41beb1a8521d23e2	4232
mods/heroes.stormmod/enus.stormassets/localizeddata/sounds/vo/greymanebase_killmalfurion_wolf00.ogg	d7733268fa5e6671dad6a04827ee7381	56208
mods/heroes.stormmod/enus.stormassets/localizeddata/sounds/vo/greymanebase_killorc00.fxe	9257490b4a220b65e2d55afad81f1341	3021
mods/heroes.stormmod/enus.stormassets/localizeddata/sounds/vo/greymanebase_killorc00.ogg	4edda558cc6d485570d8b6b0220ca5b6	38069
mods/heroes.stormmod/enus.stormassets/localizeddata/sounds/vo/greymanebase_killspree_wolf00_alt.fxe	c67515fddb8d441234da13d19e6733fa	1256
mods/heroes.stormmod/enus.stormassets/localizeddata/sounds/vo/greymanebase_killspree_wolf00_alt.ogg	00a7c9671df58600354941b742925d56	22601
mods/heroes.stormmod/enus.stormassets/localizeddata/sounds/vo/greymanebase_killspreeend00.fxe	04f35b28cf1edea5f82ef76bb16d6f5c	2258
mods/heroes.stormmod/enus.stormassets/localizeddata/sounds/vo/greymanebase_killspreeend00.ogg	b12d533683463071aad86d426d2f056b	37044
mods/heroes.stormmod/enus.stormassets/localizeddata/sounds/vo/greymanebase_killsylvanas00.fxe	a853170a2574005ec54711e7ab0c5c7d	2898
mods/heroes.stormmod/enus.stormassets/localizeddata/sounds/vo/greymanebase_killsylvanas00.ogg	fb0cd9852a57051a19295c900a31cf2e	42039
mods/heroes.stormmod/enus.stormassets/localizeddata/sounds/vo/greymanebase_killsylvanas_wolf00.fxe	29dac5e78a73c7a722837a2b52e76441	3047
mods/heroes.stormmod/enus.stormassets/localizeddata/sounds/vo/greymanebase_killsylvanas_wolf00.ogg	5003f4d72c8f2b638cfb941356d65a9c	52499
mods/heroes.stormmod/enus.stormassets/localizeddata/sounds/vo/greymanebase_killuther00.fxe	286d8e36a3a7eb41dece85677f5f6569	3471
mods/heroes.stormmod/enus.stormassets/localizeddata/sounds/vo/greymanebase_killuther00.ogg	f32aa9a53ae359a8fb1f4a878b096d0a	49871
mods/heroes.stormmod/enus.stormassets/localizeddata/sounds/vo/greymanebase_killuther_wolf00.fxe	4a1e79cbf39597793c18f6689df7a834	2676
mods/heroes.stormmod/enus.stormassets/localizeddata/sounds/vo/greymanebase_killuther_wolf00.ogg	e39170f37f2f73ec41b0e675783a374e	35554
mods/heroes.stormmod/enus.stormassets/localizeddata/sounds/vo/greymanebase_killvarian_wolf00.fxe	a6416038331199f99f268a81d3bfdad6	3397
mods/heroes.stormmod/enus.stormassets/localizeddata/sounds/vo/greymanebase_killvarian_wolf00.ogg	f5b0579df9385cf11e86edc2a292132a	48900
mods/heroes.stormmod/enus.stormassets/localizeddata/sounds/vo/greymanebase_laugh00.fxe	a72527960422abe25d581b6db5b4cdf2	2235
mods/heroes.stormmod/enus.stormassets/localizeddata/sounds/vo/greymanebase_laugh00.ogg	0b3f1e263f07b9494d4bd429e94b7c54	23882
mods/heroes.stormmod/enus.stormassets/localizeddata/sounds/vo/greymanebase_laugh01.fxe	8e9d4c20d5a662824b36c565ecec6f4a	2315
mods/heroes.stormmod/enus.stormassets/localizeddata/sounds/vo/greymanebase_laugh01.ogg	42407ed752f2ff607253ae6b60aecb99	29114
mods/heroes.stormmod/enus.stormassets/localizeddata/sounds/vo/greymanebase_laugh02.fxe	5c107c70650d339ed70c4975be8f799e	2267
mods/heroes.stormmod/enus.stormassets/localizeddata/sounds/vo/greymanebase_laugh02.ogg	0481faff36a2b03e077637fcdf919c7e	25388
mods/heroes.stormmod/enus.stormassets/localizeddata/sounds/vo/greymanebase_laugh03.fxe	fd58cdcea6a0ec9822acd0d25e209318	2027
mods/heroes.stormmod/enus.stormassets/localizeddata/sounds/vo/greymanebase_laugh03.ogg	c5ce3359f450d48805f6a4ff90d0a6c2	25307
mods/heroes.stormmod/enus.stormassets/localizeddata/sounds/vo/greymanebase_laugh04.fxe	c1189855b92fb36a1066c0f79f3b4d14	2315
mods/heroes.stormmod/enus.stormassets/localizeddata/sounds/vo/greymanebase_laugh04.ogg	0a3afe866165c243fb809b82450f1190	30439
mods/heroes.stormmod/enus.stormassets/localizeddata/sounds/vo/greymanebase_laugh05.fxe	24e2b76449b0fe163b409a6605cbcb6e	2507
mods/heroes.stormmod/enus.stormassets/localizeddata/sounds/vo/greymanebase_laugh05.ogg	b369869786253c32899b794f6cb8d200	28767
mods/heroes.stormmod/enus.stormassets/localizeddata/sounds/vo/greymanebase_laugh06.fxe	b3fab0007fb946e6783e761ed8255ab1	2379
mods/heroes.stormmod/enus.stormassets/localizeddata/sounds/vo/greymanebase_laugh06.ogg	4d34b7ab454e9f549cdf73271095bd8a	30349
mods/heroes.stormmod/enus.stormassets/localizeddata/sounds/vo/greymanebase_laugh07.fxe	d4c1d31e1b421fb27d3ab996ef51f4cc	2587
mods/heroes.stormmod/enus.stormassets/localizeddata/sounds/vo/greymanebase_laugh07.ogg	58a40782816a31b820f7d06cd4ecc7b4	29690
mods/heroes.stormmod/enus.stormassets/localizeddata/sounds/vo/greymanebase_laugh08.fxe	eb4c513801400f9ae561b19f6e7f9084	2875
mods/heroes.stormmod/enus.stormassets/localizeddata/sounds/vo/greymanebase_laugh08.ogg	1712dd9a08f367d9b0a22d1a91fb2b35	26748
mods/heroes.stormmod/enus.stormassets/localizeddata/sounds/vo/greymanebase_laugh09.fxe	5ef78aa7fb68492fa23b962746de6bcb	1435
mods/heroes.stormmod/enus.stormassets/localizeddata/sounds/vo/greymanebase_laugh09.ogg	47f7035f7a395b722f7656b65ac5a953	18771
mods/heroes.stormmod/enus.stormassets/localizeddata/sounds/vo/greymanebase_laugh_wolf00.fxe	7617f55114be5b80e35c8174f8bdd533	1328
mods/heroes.stormmod/enus.stormassets/localizeddata/sounds/vo/greymanebase_laugh_wolf00.ogg	3544275cdee9c52a3443295fa7819be1	17465
mods/heroes.stormmod/enus.stormassets/localizeddata/sounds/vo/greymanebase_laugh_wolf01.fxe	73648b6448ab2fdb7984d88f369bccda	2160
mods/heroes.stormmod/enus.stormassets/localizeddata/sounds/vo/greymanebase_laugh_wolf01.ogg	154d017cef5575a0380c560c1dc600a5	26306
mods/heroes.stormmod/enus.stormassets/localizeddata/sounds/vo/greymanebase_laugh_wolf02.fxe	aa090c0aefc142065f5a4f1e894aefcb	1904
mods/heroes.stormmod/enus.stormassets/localizeddata/sounds/vo/greymanebase_laugh_wolf02.ogg	ba7cd454220d616e78e82b2f26acc00d	25979
mods/heroes.stormmod/enus.stormassets/localizeddata/sounds/vo/greymanebase_laugh_wolf03.fxe	baa254fcac0488a81ef1be97ba926f0c	2720
mods/heroes.stormmod/enus.stormassets/localizeddata/sounds/vo/greymanebase_laugh_wolf03.ogg	89d418956dfa628079db2e3e9e222891	33324
mods/heroes.stormmod/enus.stormassets/localizeddata/sounds/vo/greymanebase_laugh_wolf04.fxe	4e21265ecda28c3f2435653637aaa9e9	3392
mods/heroes.stormmod/enus.stormassets/localizeddata/sounds/vo/greymanebase_laugh_wolf04.ogg	ec3b89cb057e68510d02d18f8fe51d70	42650
mods/heroes.stormmod/enus.stormassets/localizeddata/sounds/vo/greymanebase_laugh_wolf05.fxe	c611a6e1d19a02af3ec3cbd8fd19f28c	2064
mods/heroes.stormmod/enus.stormassets/localizeddata/sounds/vo/greymanebase_laugh_wolf05.ogg	f5f96c68e47b01ce1c0425d902e7f7c3	23547
mods/heroes.stormmod/enus.stormassets/localizeddata/sounds/vo/greymanebase_laugh_wolf06.fxe	63b5203e9a7281ba4320af1e6697e1e2	1488
mods/heroes.stormmod/enus.stormassets/localizeddata/sounds/vo/greymanebase_laugh_wolf06.ogg	768c23f95bd2016c513adc725593513f	23075
mods/heroes.stormmod/enus.stormassets/localizeddata/sounds/vo/greymanebase_laugh_wolf07.fxe	f615450a43930cdbc5d5098f45220cfb	1968
mods/heroes.stormmod/enus.stormassets/localizeddata/sounds/vo/greymanebase_laugh_wolf07.ogg	22b0f014609642b1ff6443355f6fe07c	26046
mods/heroes.stormmod/enus.stormassets/localizeddata/sounds/vo/greymanebase_laugh_wolf08.fxe	441abad67702d812da8b2d4141080705	4496
mods/heroes.stormmod/enus.stormassets/localizeddata/sounds/vo/greymanebase_laugh_wolf08.ogg	e66deb4cbf4a7926cb3fbb13cbb4c516	54412
mods/heroes.stormmod/enus.stormassets/localizeddata/sounds/vo/greymanebase_laugh_wolf09.fxe	1b6b32345e7e311b3fe515e2368fc94c	2560
mods/heroes.stormmod/enus.stormassets/localizeddata/sounds/vo/greymanebase_laugh_wolf09.ogg	1e37ed38f533adfbf2e26626b3917ef8	37446
mods/heroes.stormmod/enus.stormassets/localizeddata/sounds/vo/greymanebase_lowlifeheal00.fxe	241fbb970c3b4c7de84d1ca6b375a817	2017
mods/heroes.stormmod/enus.stormassets/localizeddata/sounds/vo/greymanebase_lowlifeheal00.ogg	1fd5a172497e51fb9f3dd64fcce9ee8d	27898
mods/heroes.stormmod/enus.stormassets/localizeddata/sounds/vo/greymanebase_lowlifeheal01.fxe	4e07dc84d6f2451ecb38af9ee6cdd6b0	2641
mods/heroes.stormmod/enus.stormassets/localizeddata/sounds/vo/greymanebase_lowlifeheal01.ogg	2ec831a0a33c3897784fbeb501ecb877	44692
mods/heroes.stormmod/enus.stormassets/localizeddata/sounds/vo/greymanebase_lowlifeheal02.fxe	b4335f09ab2d631a977aefdfdb19980c	2641
mods/heroes.stormmod/enus.stormassets/localizeddata/sounds/vo/greymanebase_lowlifeheal02.ogg	7088480ad5d57856e51dd4995d0838f8	35074
mods/heroes.stormmod/enus.stormassets/localizeddata/sounds/vo/greymanebase_lowlifeheal_wolf00.fxe	4a14831474dd1ac16bed28067d5f87d1	1862
mods/heroes.stormmod/enus.stormassets/localizeddata/sounds/vo/greymanebase_lowlifeheal_wolf00.ogg	3f8eda9acc3c7ae892e3998c98104ba7	37199
mods/heroes.stormmod/enus.stormassets/localizeddata/sounds/vo/greymanebase_lowlifeheal_wolf01.fxe	52927277c359860155bf0da905f32625	2102
mods/heroes.stormmod/enus.stormassets/localizeddata/sounds/vo/greymanebase_lowlifeheal_wolf01.ogg	5b91ab7a900cd76f0b7ed64487a8c76c	27843
mods/heroes.stormmod/enus.stormassets/localizeddata/sounds/vo/greymanebase_lowlifeheal_wolf02.fxe	cb7e72a01e1d452f7af9293a0870e138	1862
mods/heroes.stormmod/enus.stormassets/localizeddata/sounds/vo/greymanebase_lowlifeheal_wolf02.ogg	75d5e5b0d81cec105fec088efba10f78	27879
mods/heroes.stormmod/enus.stormassets/localizeddata/sounds/vo/greymanebase_lowmana00.fxe	b2574256a7f47c223adcf5ae5611efc5	1565
mods/heroes.stormmod/enus.stormassets/localizeddata/sounds/vo/greymanebase_lowmana00.ogg	04fd7d08eaf97ef6e1d6c7fd6ef080a5	21119
mods/heroes.stormmod/enus.stormassets/localizeddata/sounds/vo/greymanebase_lowmana01.fxe	1dea4854c6f56167356dff6ba4507db2	1485
mods/heroes.stormmod/enus.stormassets/localizeddata/sounds/vo/greymanebase_lowmana01.ogg	74e78f582804638b3aee0b8358599b7b	26687
mods/heroes.stormmod/enus.stormassets/localizeddata/sounds/vo/greymanebase_lowmana02.fxe	1f1741f7f055d58629094bc9111efb73	1373
mods/heroes.stormmod/enus.stormassets/localizeddata/sounds/vo/greymanebase_lowmana02.ogg	2fcea4af41e0b413b3cebcdae0018b48	23634
mods/heroes.stormmod/enus.stormassets/localizeddata/sounds/vo/greymanebase_lowmana_wolf00.fxe	2aedf4d51bc6d81867ed4cb825060855	2034
mods/heroes.stormmod/enus.stormassets/localizeddata/sounds/vo/greymanebase_lowmana_wolf00.ogg	ed6ccb8ff1b2edea18aced44a4c67e44	27604
mods/heroes.stormmod/enus.stormassets/localizeddata/sounds/vo/greymanebase_lowmana_wolf01.fxe	5b4c057cea9b951ec982e87bf5e47a8e	1378
mods/heroes.stormmod/enus.stormassets/localizeddata/sounds/vo/greymanebase_lowmana_wolf01.ogg	c8e621b868ebfe01793d2b222cd072e2	25224
mods/heroes.stormmod/enus.stormassets/localizeddata/sounds/vo/greymanebase_lowmana_wolf02.fxe	e534d9b725198b2f92a5ad24a92f5026	2146
mods/heroes.stormmod/enus.stormassets/localizeddata/sounds/vo/greymanebase_lowmana_wolf02.ogg	cb73f222d84bffdb8500744aa974c184	31104
mods/heroes.stormmod/enus.stormassets/localizeddata/sounds/vo/greymanebase_matchend00.ogg	05ea1d77a34bad3d05e1ec218a9bd4ad	24798
mods/heroes.stormmod/enus.stormassets/localizeddata/sounds/vo/greymanebase_no00.fxe	1ee9f6db078ff654a0fc207aaa385f16	1016
mods/heroes.stormmod/enus.stormassets/localizeddata/sounds/vo/greymanebase_no00.ogg	f2a44398d560016aa7df74821dce3277	13681
mods/heroes.stormmod/enus.stormassets/localizeddata/sounds/vo/greymanebase_no01.fxe	4c26d888ea0d6531b67750e33856f8a3	808
mods/heroes.stormmod/enus.stormassets/localizeddata/sounds/vo/greymanebase_no01.ogg	cd6b3fe65aacf3f31a63f9a71862b640	13819
mods/heroes.stormmod/enus.stormassets/localizeddata/sounds/vo/greymanebase_no02.fxe	1dad41330e00b59daf3f7c832fb1b51d	1176
mods/heroes.stormmod/enus.stormassets/localizeddata/sounds/vo/greymanebase_no02.ogg	7b2aa13f0267267af8739c411657c0b2	16827
mods/heroes.stormmod/enus.stormassets/localizeddata/sounds/vo/greymanebase_no_wolf00.fxe	acde6bf008729a0e8dbe6414498188aa	1341
mods/heroes.stormmod/enus.stormassets/localizeddata/sounds/vo/greymanebase_no_wolf00.ogg	993614301120567a1b53c4073b9efb64	18955
mods/heroes.stormmod/enus.stormassets/localizeddata/sounds/vo/greymanebase_no_wolf01.fxe	937b1d6ea01cf768bca65f30f5bf840f	1325
mods/heroes.stormmod/enus.stormassets/localizeddata/sounds/vo/greymanebase_no_wolf01.ogg	5af20f8d93d6f0a184240cd725f485f9	17755
mods/heroes.stormmod/enus.stormassets/localizeddata/sounds/vo/greymanebase_no_wolf02.fxe	b7349d433758eaa86f06c93b1f3b9fbd	1373
mods/heroes.stormmod/enus.stormassets/localizeddata/sounds/vo/greymanebase_no_wolf02.ogg	3d70144274c099a131c068b987125f66	19094
mods/heroes.stormmod/enus.stormassets/localizeddata/sounds/vo/greymanebase_ping_assisthero00.fxe	7a1f4112c64034519b418f09f8761eba	1621
mods/heroes.stormmod/enus.stormassets/localizeddata/sounds/vo/greymanebase_ping_assisthero00.ogg	946b88d7f4707a69ff1e56e66357f416	23048
mods/heroes.stormmod/enus.stormassets/localizeddata/sounds/vo/greymanebase_ping_assisthero_wolf00.fxe	1eaea0cdfb1e466e8376ead528cc6f28	1850
mods/heroes.stormmod/enus.stormassets/localizeddata/sounds/vo/greymanebase_ping_assisthero_wolf00.ogg	dcafe49a9e4272520b25d4065eb1e1d5	23395
mods/heroes.stormmod/enus.stormassets/localizeddata/sounds/vo/greymanebase_ping_assistme00.fxe	f4b5c54778f35892dc603433d0e73ce3	1155
mods/heroes.stormmod/enus.stormassets/localizeddata/sounds/vo/greymanebase_ping_assistme00.ogg	3f9e78ea117d8e218246228dd59c77a4	17146
mods/heroes.stormmod/enus.stormassets/localizeddata/sounds/vo/greymanebase_ping_assistme01.fxe	e4066ce6e7422a987e5699cf181c332b	1971
mods/heroes.stormmod/enus.stormassets/localizeddata/sounds/vo/greymanebase_ping_assistme01.ogg	96508d80685f69c464a2d66c7713db35	22119
mods/heroes.stormmod/enus.stormassets/localizeddata/sounds/vo/greymanebase_ping_assistme_wolf00.fxe	c99a3ca257c8c690e6d5d3f9853fd335	1352
mods/heroes.stormmod/enus.stormassets/localizeddata/sounds/vo/greymanebase_ping_assistme_wolf00.ogg	f2e27a14b0ce4be51b36695559953438	19828
mods/heroes.stormmod/enus.stormassets/localizeddata/sounds/vo/greymanebase_ping_assistme_wolf01.fxe	0378157a2d98ae9cfcd28acee903c2b3	1288
mods/heroes.stormmod/enus.stormassets/localizeddata/sounds/vo/greymanebase_ping_assistme_wolf01.ogg	5adc9c0e53ef0d54d80d27a6b5c4b176	22365
mods/heroes.stormmod/enus.stormassets/localizeddata/sounds/vo/greymanebase_ping_attackcastle00.fxe	1a34d0c30a44b9ea604be38bde05792f	2503
mods/heroes.stormmod/enus.stormassets/localizeddata/sounds/vo/greymanebase_ping_attackcastle00.ogg	426e48eaf4ea06593cd399f7bf5d7f57	35813
mods/heroes.stormmod/enus.stormassets/localizeddata/sounds/vo/greymanebase_ping_attackcastle_wolf00.fxe	5a3f9cfd086cab2e3065aced7898dfe2	2492
mods/heroes.stormmod/enus.stormassets/localizeddata/sounds/vo/greymanebase_ping_attackcastle_wolf00.ogg	4a98b1b82f93a6818407e84fd58c0398	34203
mods/heroes.stormmod/enus.stormassets/localizeddata/sounds/vo/greymanebase_ping_attackmerc00.fxe	f4968d591d341d89db19ae80631b603e	2469
mods/heroes.stormmod/enus.stormassets/localizeddata/sounds/vo/greymanebase_ping_attackmerc00.ogg	02eb09e117aea96181955b353613f711	35541
mods/heroes.stormmod/enus.stormassets/localizeddata/sounds/vo/greymanebase_ping_attackmerc_wolf00.fxe	e27a849240154f0ef7392109f6cff6bb	2170
mods/heroes.stormmod/enus.stormassets/localizeddata/sounds/vo/greymanebase_ping_attackmerc_wolf00.ogg	06448940cd89ca58c09e3d81f190104f	34684
mods/heroes.stormmod/enus.stormassets/localizeddata/sounds/vo/greymanebase_ping_attackoutpost00.fxe	1c3535e9a8ffb327e940f65e84e94c7a	2504
mods/heroes.stormmod/enus.stormassets/localizeddata/sounds/vo/greymanebase_ping_attackoutpost00.ogg	ae2f2a6b417db996e4f3aecd08e37296	33460
mods/heroes.stormmod/enus.stormassets/localizeddata/sounds/vo/greymanebase_ping_attackoutpost_wolf00.fxe	a1916196a880670a5b8b5f9211861e10	1917
mods/heroes.stormmod/enus.stormassets/localizeddata/sounds/vo/greymanebase_ping_attackoutpost_wolf00.ogg	ba3cd0b6bfc426932b6edc8ebed540f8	21895
mods/heroes.stormmod/enus.stormassets/localizeddata/sounds/vo/greymanebase_ping_attacktower00.fxe	e84fbdc7f5c5d5c6f3751fa8784476fa	1974
mods/heroes.stormmod/enus.stormassets/localizeddata/sounds/vo/greymanebase_ping_attacktower00.ogg	d03f0beda3b59553460abfb702e9bce3	30323
mods/heroes.stormmod/enus.stormassets/localizeddata/sounds/vo/greymanebase_ping_attacktower_wolf00.fxe	e4422fffa9e528a1b996e82d0b1b23d3	1755
mods/heroes.stormmod/enus.stormassets/localizeddata/sounds/vo/greymanebase_ping_attacktower_wolf00.ogg	5f41227c0c93c33ae4559186707742b1	21678
mods/heroes.stormmod/enus.stormassets/localizeddata/sounds/vo/greymanebase_ping_defendcastle00.fxe	ed8edf84b19953700beefb9a53b74eeb	1639
mods/heroes.stormmod/enus.stormassets/localizeddata/sounds/vo/greymanebase_ping_defendcastle00.ogg	715a9e8806c743279ebafb540931d628	26392
mods/heroes.stormmod/enus.stormassets/localizeddata/sounds/vo/greymanebase_ping_defendcastle_wolf00.fxe	3ce1c6c114af15cb2f18f330e6b08f7d	1772
mods/heroes.stormmod/enus.stormassets/localizeddata/sounds/vo/greymanebase_ping_defendcastle_wolf00.ogg	8f06427d3b40b91385d0cd6f14ac6f92	22445
mods/heroes.stormmod/enus.stormassets/localizeddata/sounds/vo/greymanebase_ping_defendoutpost00.fxe	fa78700270f5e0b8f0d844a7eac79ea6	2120
mods/heroes.stormmod/enus.stormassets/localizeddata/sounds/vo/greymanebase_ping_defendoutpost00.ogg	f987ae68b8c8ef37f5713521c859cca9	32435
mods/heroes.stormmod/enus.stormassets/localizeddata/sounds/vo/greymanebase_ping_defendoutpost_wolf00.fxe	7b625669e93dc00ab3adbf4debe4534b	2109
mods/heroes.stormmod/enus.stormassets/localizeddata/sounds/vo/greymanebase_ping_defendoutpost_wolf00.ogg	79e7dcc9be8bd1c7c978aaa242b51a18	21459
mods/heroes.stormmod/enus.stormassets/localizeddata/sounds/vo/greymanebase_ping_defendtower00.fxe	61afc39b02228241a75d137e9b91ddff	2758
mods/heroes.stormmod/enus.stormassets/localizeddata/sounds/vo/greymanebase_ping_defendtower00.ogg	d59dd0b61c0dbf419750e3c702684376	33519
mods/heroes.stormmod/enus.stormassets/localizeddata/sounds/vo/greymanebase_ping_defendtower_wolf00.fxe	e0d7c28d42fd88c706bee7e7ebbe0d4b	2299
mods/heroes.stormmod/enus.stormassets/localizeddata/sounds/vo/greymanebase_ping_defendtower_wolf00.ogg	e89fd1e0f6691169f8a34179c315795d	27358
mods/heroes.stormmod/enus.stormassets/localizeddata/sounds/vo/greymanebase_ping_killhero00.fxe	5568187392b5862ccff6155116ea96b1	2051
mods/heroes.stormmod/enus.stormassets/localizeddata/sounds/vo/greymanebase_ping_killhero00.ogg	bc8dc415044b008dcc3b549d6173ed93	30869
mods/heroes.stormmod/enus.stormassets/localizeddata/sounds/vo/greymanebase_ping_killhero_wolf00.fxe	01cc67cb832e5b610541cb3e2b609f4e	840
mods/heroes.stormmod/enus.stormassets/localizeddata/sounds/vo/greymanebase_ping_killhero_wolf00.ogg	ce618fe0bbde240568366db0f17e441b	14732
mods/heroes.stormmod/enus.stormassets/localizeddata/sounds/vo/greymanebase_pissed00.fxe	49dcabca5211ef222cabaa5e6445961d	1196
mods/heroes.stormmod/enus.stormassets/localizeddata/sounds/vo/greymanebase_pissed00.ogg	f843d057a4cd234ded42cc5c7563d56b	27725
mods/heroes.stormmod/enus.stormassets/localizeddata/sounds/vo/greymanebase_pissed01.fxe	a31ba3bca9d4fa86ecd803c853dffa51	2012
mods/heroes.stormmod/enus.stormassets/localizeddata/sounds/vo/greymanebase_pissed01.ogg	944475e1c9530ced729b483cad998212	32144
mods/heroes.stormmod/enus.stormassets/localizeddata/sounds/vo/greymanebase_pissed02.fxe	434d0c2a992fc1683cc0b95f59793610	2796
mods/heroes.stormmod/enus.stormassets/localizeddata/sounds/vo/greymanebase_pissed02.ogg	db9d98c72847bd96ce663428c060329d	60211
mods/heroes.stormmod/enus.stormassets/localizeddata/sounds/vo/greymanebase_pissed03.fxe	6db76b8174fb675c6356bdf916b05cee	2108
mods/heroes.stormmod/enus.stormassets/localizeddata/sounds/vo/greymanebase_pissed03.ogg	040420344efa1bf134992ae79218bed0	42945
mods/heroes.stormmod/enus.stormassets/localizeddata/sounds/vo/greymanebase_pissed04.fxe	d1f1a21dca79ff280b0d7a7302b396da	4588
mods/heroes.stormmod/enus.stormassets/localizeddata/sounds/vo/greymanebase_pissed04.ogg	9d4169914d5312cf5d617403cd0746d3	95861
mods/heroes.stormmod/enus.stormassets/localizeddata/sounds/vo/greymanebase_pissed05.fxe	4a97de7ea2ac8d8f3444b1fc79ba5067	4876
mods/heroes.stormmod/enus.stormassets/localizeddata/sounds/vo/greymanebase_pissed05.ogg	aa99d50e79df3becf9376518e913bd26	93572
mods/heroes.stormmod/enus.stormassets/localizeddata/sounds/vo/greymanebase_pissed06.fxe	c4897cfcb51639f5d3dc5810c475cd92	2748
mods/heroes.stormmod/enus.stormassets/localizeddata/sounds/vo/greymanebase_pissed06.ogg	2d6c8e28a525cf53b237184654399d6d	54950
mods/heroes.stormmod/enus.stormassets/localizeddata/sounds/vo/greymanebase_pissed07.fxe	86b439cc9c182c0725698291efe19d05	4684
mods/heroes.stormmod/enus.stormassets/localizeddata/sounds/vo/greymanebase_pissed07.ogg	d8d9a049cdd378ff56baee80c8a19444	89341
mods/heroes.stormmod/enus.stormassets/localizeddata/sounds/vo/greymanebase_pissed08.fxe	b9bc9d6ce218d6d66b3b58ffa7642080	6076
mods/heroes.stormmod/enus.stormassets/localizeddata/sounds/vo/greymanebase_pissed08.ogg	12ae373ef0ecf18ab1caf9dde16a74d4	129898
mods/heroes.stormmod/enus.stormassets/localizeddata/sounds/vo/greymanebase_pissed09.fxe	6f3452acc388f89133db789e09bc38a1	2972
mods/heroes.stormmod/enus.stormassets/localizeddata/sounds/vo/greymanebase_pissed09.ogg	dd17ad25b62b96142aa4851402a34525	72377
mods/heroes.stormmod/enus.stormassets/localizeddata/sounds/vo/greymanebase_pissed10.fxe	9288b295b4d475df6d003e8b42003ab1	5388
mods/heroes.stormmod/enus.stormassets/localizeddata/sounds/vo/greymanebase_pissed10.ogg	875e75fd0acdea3e692572b95cba42e3	103726
mods/heroes.stormmod/enus.stormassets/localizeddata/sounds/vo/greymanebase_pissed11.fxe	f8c7775add9b6d4e97a10f3b1032f48c	5468
mods/heroes.stormmod/enus.stormassets/localizeddata/sounds/vo/greymanebase_pissed11.ogg	7e2f3a0eb148966c827401dd7cdf61e9	112108
mods/heroes.stormmod/enus.stormassets/localizeddata/sounds/vo/greymanebase_pissed12.fxe	d24fd1c488ba372e6fec190b43a77eea	4412
mods/heroes.stormmod/enus.stormassets/localizeddata/sounds/vo/greymanebase_pissed12.ogg	394cec7cde46699ab3c9eea2b1b3bcab	129832
mods/heroes.stormmod/enus.stormassets/localizeddata/sounds/vo/greymanebase_pissed13.fxe	2e178a2fa0b73dcd0a21b909005a35cf	6892
mods/heroes.stormmod/enus.stormassets/localizeddata/sounds/vo/greymanebase_pissed13.ogg	75d119da03ecb37e6c204ec933ec2f32	146095
mods/heroes.stormmod/enus.stormassets/localizeddata/sounds/vo/greymanebase_pissed14.fxe	152e578c393d150b0da931f341a30ed4	4508
mods/heroes.stormmod/enus.stormassets/localizeddata/sounds/vo/greymanebase_pissed14.ogg	84a673583278bd9acdfde020e769f8cf	100722
mods/heroes.stormmod/enus.stormassets/localizeddata/sounds/vo/greymanebase_pissed_wolf00.fxe	0e7ac79b84981f75b330b1dfde101bcb	1233
mods/heroes.stormmod/enus.stormassets/localizeddata/sounds/vo/greymanebase_pissed_wolf00.ogg	6c155d2505b51f0b432a937f33e0435b	23690
mods/heroes.stormmod/enus.stormassets/localizeddata/sounds/vo/greymanebase_pissed_wolf01.fxe	50e374a86560e39feff40fffa8ffd8df	801
mods/heroes.stormmod/enus.stormassets/localizeddata/sounds/vo/greymanebase_pissed_wolf01.ogg	6ad4836a97a63794cd4c39a1113ea53e	14351
mods/heroes.stormmod/enus.stormassets/localizeddata/sounds/vo/greymanebase_pissed_wolf02.fxe	b9f3c56dccdf78167b975df4678da23b	1057
mods/heroes.stormmod/enus.stormassets/localizeddata/sounds/vo/greymanebase_pissed_wolf02.ogg	8283e7077e831fb89bde0f396d2e22c9	18948
mods/heroes.stormmod/enus.stormassets/localizeddata/sounds/vo/greymanebase_pissed_wolf03.fxe	6f4ef39a10a88022b2b2235635d28541	2593
mods/heroes.stormmod/enus.stormassets/localizeddata/sounds/vo/greymanebase_pissed_wolf03.ogg	2e692764354c16e4e62f964a332559cc	57143
mods/heroes.stormmod/enus.stormassets/localizeddata/sounds/vo/greymanebase_pissed_wolf04.fxe	2b5d8074eadb7bc9b9f085cc7ed4f067	6321
mods/heroes.stormmod/enus.stormassets/localizeddata/sounds/vo/greymanebase_pissed_wolf04.ogg	e8e4f046fa4efd6949f7033416b78313	135035
mods/heroes.stormmod/enus.stormassets/localizeddata/sounds/vo/greymanebase_pissed_wolf05.fxe	f47360d44c252e55c48dd9dbeda547e9	3153
mods/heroes.stormmod/enus.stormassets/localizeddata/sounds/vo/greymanebase_pissed_wolf05.ogg	1e8fd3bbde83b715a5cc65cb7c88214e	65365
mods/heroes.stormmod/enus.stormassets/localizeddata/sounds/vo/greymanebase_pissed_wolf06.fxe	6c4ff407205c236ddff14704731aa63d	5137
mods/heroes.stormmod/enus.stormassets/localizeddata/sounds/vo/greymanebase_pissed_wolf06.ogg	5b4090852bab9c99d169397fc59f005c	117368
mods/heroes.stormmod/enus.stormassets/localizeddata/sounds/vo/greymanebase_pissed_wolf07.fxe	d0185585043b70a8074148d4ad37649a	1889
mods/heroes.stormmod/enus.stormassets/localizeddata/sounds/vo/greymanebase_pissed_wolf07.ogg	c45c01aadcde3aea81dd70b7e65a0e0d	41570
mods/heroes.stormmod/enus.stormassets/localizeddata/sounds/vo/greymanebase_pissed_wolf08.fxe	708df3166889c1c1c7b28f5dbe8922dd	2369
mods/heroes.stormmod/enus.stormassets/localizeddata/sounds/vo/greymanebase_pissed_wolf08.ogg	63269ad3c84b862b8e89fbd50cc61618	42214
mods/heroes.stormmod/enus.stormassets/localizeddata/sounds/vo/greymanebase_pissed_wolf09.fxe	024602590db2d04c9dcbf5c3839b9be9	3377
mods/heroes.stormmod/enus.stormassets/localizeddata/sounds/vo/greymanebase_pissed_wolf09.ogg	8659a92357209e1e7c1c3de7890dba0c	90711
mods/heroes.stormmod/enus.stormassets/localizeddata/sounds/vo/greymanebase_pissed_wolf10.fxe	2a8a704bf62d682665495d2fa3ea3ec5	1921
mods/heroes.stormmod/enus.stormassets/localizeddata/sounds/vo/greymanebase_pissed_wolf10.ogg	8367580c12111378dc5a3f886b5308af	59607
mods/heroes.stormmod/enus.stormassets/localizeddata/sounds/vo/greymanebase_pissed_wolf11.fxe	62d3872825bc00c70212a3e10ecb25d2	2513
mods/heroes.stormmod/enus.stormassets/localizeddata/sounds/vo/greymanebase_pissed_wolf11.ogg	fa5acc2465d36cba58e0671db84a1165	55002
mods/heroes.stormmod/enus.stormassets/localizeddata/sounds/vo/greymanebase_pissed_wolf12_alt.fxe	0e16b5a56a6122171cc9f44ada74a200	1845
mods/heroes.stormmod/enus.stormassets/localizeddata/sounds/vo/greymanebase_pissed_wolf12_alt.ogg	fc6003e2b6c9d2a95ae52aee36366d83	35516
mods/heroes.stormmod/enus.stormassets/localizeddata/sounds/vo/greymanebase_pissed_wolf13.fxe	43d3e89c5481f78ec4366bca17dfbdde	2961
mods/heroes.stormmod/enus.stormassets/localizeddata/sounds/vo/greymanebase_pissed_wolf13.ogg	7f1877daa7d330acd51992a65cbd8574	70690
mods/heroes.stormmod/enus.stormassets/localizeddata/sounds/vo/greymanebase_pissed_wolf14.fxe	1401401fdfaef9986c8cc4724428854b	3457
mods/heroes.stormmod/enus.stormassets/localizeddata/sounds/vo/greymanebase_pissed_wolf14.ogg	d92e0e65c7842dfb338c8ae356f916fc	100235
mods/heroes.stormmod/enus.stormassets/localizeddata/sounds/vo/greymanebase_resurrected00.fxe	f4b8840963257f3b64f1098ee1c285d8	1681
mods/heroes.stormmod/enus.stormassets/localizeddata/sounds/vo/greymanebase_resurrected00.ogg	d68e62afd6c611fbff264c1858abb92a	28796
mods/heroes.stormmod/enus.stormassets/localizeddata/sounds/vo/greymanebase_resurrected01.fxe	39086619d066afde36382be83e9e7d46	2225
mods/heroes.stormmod/enus.stormassets/localizeddata/sounds/vo/greymanebase_resurrected01.ogg	dafb1f5022847ad7d4e91d3b791447ac	32429
mods/heroes.stormmod/enus.stormassets/localizeddata/sounds/vo/greymanebase_revive00.fxe	0b84dc1b12309196be902d3289dc967e	1468
mods/heroes.stormmod/enus.stormassets/localizeddata/sounds/vo/greymanebase_revive00.ogg	822df31c0399e15f2a75c00e0c73fb22	31358
mods/heroes.stormmod/enus.stormassets/localizeddata/sounds/vo/greymanebase_revive01.fxe	3703cc17c49022b632e8d15f75c52e6f	2396
mods/heroes.stormmod/enus.stormassets/localizeddata/sounds/vo/greymanebase_revive01.ogg	655f1ce50f49a7ef838f046e9abad312	35802
mods/heroes.stormmod/enus.stormassets/localizeddata/sounds/vo/greymanebase_revive02.fxe	f0704ef534b9fca7cfbb80d2e69e9613	2428
mods/heroes.stormmod/enus.stormassets/localizeddata/sounds/vo/greymanebase_revive02.ogg	1664b3d9fc77cc8c25b0dc64d92b73df	34419
mods/heroes.stormmod/enus.stormassets/localizeddata/sounds/vo/greymanebase_spec00.fxe	9ff822301199766a7e8bb92ae155394c	1466
mods/heroes.stormmod/enus.stormassets/localizeddata/sounds/vo/greymanebase_spec00.ogg	6eb474dd9d4d9168ada3ef3ebe032ae1	22142
mods/heroes.stormmod/enus.stormassets/localizeddata/sounds/vo/greymanebase_spec01.fxe	6fc92d6673069d7f9603875ffb7ff04f	1530
mods/heroes.stormmod/enus.stormassets/localizeddata/sounds/vo/greymanebase_spec01.ogg	dcfd5842cf122ede59af109f15c33674	22596
mods/heroes.stormmod/enus.stormassets/localizeddata/sounds/vo/greymanebase_spec02.fxe	ae775b8e11731e5984dc374a01220512	2186
mods/heroes.stormmod/enus.stormassets/localizeddata/sounds/vo/greymanebase_spec02.ogg	198104a03c8d11c9a438e519a172edac	31051
mods/heroes.stormmod/enus.stormassets/localizeddata/sounds/vo/greymanebase_spec03.fxe	d3b6b012beaf82f55908ad8b02f9fc02	2026
mods/heroes.stormmod/enus.stormassets/localizeddata/sounds/vo/greymanebase_spec03.ogg	eda5ed0c87fc62cb1cd1d09b8dcad548	32757
mods/heroes.stormmod/enus.stormassets/localizeddata/sounds/vo/greymanebase_spec04.fxe	86eeb7e0aeb361fe31e45e8d8e363ade	2474
mods/heroes.stormmod/enus.stormassets/localizeddata/sounds/vo/greymanebase_spec04.ogg	7e62fb30bad447e8f0117f347a91e6b4	32157
mods/heroes.stormmod/enus.stormassets/localizeddata/sounds/vo/greymanebase_spec_wolf00.fxe	e9fdf693be1c7f1c7a9968df4b7e89a7	1327
mods/heroes.stormmod/enus.stormassets/localizeddata/sounds/vo/greymanebase_spec_wolf00.ogg	75b0fa08f8d88a7389005ca623de84c9	17852
mods/heroes.stormmod/enus.stormassets/localizeddata/sounds/vo/greymanebase_spec_wolf01.fxe	0eaa310f48acc7ff3e99055796ce46c4	2479
mods/heroes.stormmod/enus.stormassets/localizeddata/sounds/vo/greymanebase_spec_wolf01.ogg	cbbee86253794d4639bfd06417a1d238	35035
mods/heroes.stormmod/enus.stormassets/localizeddata/sounds/vo/greymanebase_spec_wolf02.fxe	618ff0e6bd6d1d30e316660ff79f3e50	2799
mods/heroes.stormmod/enus.stormassets/localizeddata/sounds/vo/greymanebase_spec_wolf02.ogg	5a698f3aad5f43cad68279257276e69c	36249
mods/heroes.stormmod/enus.stormassets/localizeddata/sounds/vo/greymanebase_spec_wolf03.fxe	37720bc5bf5f8a5308841c855bb1b1af	2351
mods/heroes.stormmod/enus.stormassets/localizeddata/sounds/vo/greymanebase_spec_wolf03.ogg	fa4f94bac1abe620dcc504e210364c67	37058
mods/heroes.stormmod/enus.stormassets/localizeddata/sounds/vo/greymanebase_spec_wolf04.fxe	e1e30dc2a355e8e1434020a2a7e9d887	1983
mods/heroes.stormmod/enus.stormassets/localizeddata/sounds/vo/greymanebase_spec_wolf04.ogg	514f9aa07b0e434d7781105439743b8a	31197
mods/heroes.stormmod/enus.stormassets/localizeddata/sounds/vo/greymanebase_taunt00.fxe	6451916b65cb8c528232616dbd5b2940	2043
mods/heroes.stormmod/enus.stormassets/localizeddata/sounds/vo/greymanebase_taunt00.ogg	835cac523755e83c962071a94585991c	40116
mods/heroes.stormmod/enus.stormassets/localizeddata/sounds/vo/greymanebase_taunt01.fxe	e48cfa643912de257ff8180d52e263f1	2235
mods/heroes.stormmod/enus.stormassets/localizeddata/sounds/vo/greymanebase_taunt01.ogg	8a2a10bc3c82c7698a448cb0ecb76bb6	36672
mods/heroes.stormmod/enus.stormassets/localizeddata/sounds/vo/greymanebase_taunt02.fxe	6cb53e3cb175db8ce6428040b699f332	2299
mods/heroes.stormmod/enus.stormassets/localizeddata/sounds/vo/greymanebase_taunt02.ogg	6ae687e4f416c3e10e0ab03b2e61ead3	39275
mods/heroes.stormmod/enus.stormassets/localizeddata/sounds/vo/greymanebase_taunt_wolf00.fxe	a550f3ea624178614a2a8e66305faf5c	1824
mods/heroes.stormmod/enus.stormassets/localizeddata/sounds/vo/greymanebase_taunt_wolf00.ogg	98248ff93e5558484743163869b9b385	29392
mods/heroes.stormmod/enus.stormassets/localizeddata/sounds/vo/greymanebase_taunt_wolf01.fxe	b8e3e5ea296ff1e8bd31c128f1c2a40d	2832
mods/heroes.stormmod/enus.stormassets/localizeddata/sounds/vo/greymanebase_taunt_wolf01.ogg	8f6845dd2ec64359227d12530ae8a6e5	39601
mods/heroes.stormmod/enus.stormassets/localizeddata/sounds/vo/greymanebase_taunt_wolf02.fxe	e48e2bfe6f7b762493700af79b42c373	1920
mods/heroes.stormmod/enus.stormassets/localizeddata/sounds/vo/greymanebase_taunt_wolf02.ogg	23dfa0c9384e43e4e813255c1fbf5013	24868
mods/heroes.stormmod/enus.stormassets/localizeddata/sounds/vo/greymanebase_teamkilled00.fxe	a8f2c10860c5b2ec8a57c286f1199fc5	2256
mods/heroes.stormmod/enus.stormassets/localizeddata/sounds/vo/greymanebase_teamkilled00.ogg	81eaf7b2cc9397ff920654370f143e39	32023
mods/heroes.stormmod/enus.stormassets/localizeddata/sounds/vo/greymanebase_ui_exlocked00.fxe	01f346de6da8d50e4fac8cbd7821e634	1601
mods/heroes.stormmod/enus.stormassets/localizeddata/sounds/vo/greymanebase_ui_exlocked00.ogg	756e6be2626228c1289dd48685e2638c	31663
mods/heroes.stormmod/enus.stormassets/localizeddata/sounds/vo/greymanebase_ui_exlocked_wolf00.fxe	18a015b4ca0196b1f9e3db060622723c	2054
mods/heroes.stormmod/enus.stormassets/localizeddata/sounds/vo/greymanebase_ui_exlocked_wolf00.ogg	5be82fc7a4393db67314a54ea6f11089	33514
mods/heroes.stormmod/enus.stormassets/localizeddata/sounds/vo/greymanebase_ui_expurchased00.fxe	1774f98fa72a5a6c3a98003efb9e0e25	1876
mods/heroes.stormmod/enus.stormassets/localizeddata/sounds/vo/greymanebase_ui_expurchased00.ogg	e03cac10319b7fd757ea9c4bef7d99ac	39836
mods/heroes.stormmod/enus.stormassets/localizeddata/sounds/vo/greymanebase_ui_expurchased_wolf00.fxe	4e4371ecb5b5cea4a2b99d1a797b0986	1785
mods/heroes.stormmod/enus.stormassets/localizeddata/sounds/vo/greymanebase_ui_expurchased_wolf00.ogg	377d624a120b786b961d104da09dc6e9	29151
mods/heroes.stormmod/enus.stormassets/localizeddata/sounds/vo/greymanebase_ui_gift00.fxe	6010abeeb8d1becd8234fcb9cd5d2f3d	3325
mods/heroes.stormmod/enus.stormassets/localizeddata/sounds/vo/greymanebase_ui_gift00.ogg	b974cf1a6e46371289ce4c36f13adf0a	49905
mods/heroes.stormmod/enus.stormassets/localizeddata/sounds/vo/greymanebase_ui_gift_wolf00.fxe	a24fda9ae426b3089ab1cf63a9595c20	1858
mods/heroes.stormmod/enus.stormassets/localizeddata/sounds/vo/greymanebase_ui_gift_wolf00.ogg	7eb01cda04579008c0a8eb01df327068	31791
mods/heroes.stormmod/enus.stormassets/localizeddata/sounds/vo/greymanebase_ui_lockin00.fxe	4540fb64478aec6b731eb0ff9155b59d	2111
mods/heroes.stormmod/enus.stormassets/localizeddata/sounds/vo/greymanebase_ui_lockin00.ogg	37a2585cd4950a5625b41739512991c7	31499
mods/heroes.stormmod/enus.stormassets/localizeddata/sounds/vo/greymanebase_ui_lockin_wolf00.fxe	4830247de8ba6a1a3eb6a56c0f143f4d	2148
mods/heroes.stormmod/enus.stormassets/localizeddata/sounds/vo/greymanebase_ui_lockin_wolf00.ogg	ef060d28ba9d9f297285355308731d0d	41261
mods/heroes.stormmod/enus.stormassets/localizeddata/sounds/vo/greymanebase_ui_purchase00.fxe	0ddae295b22e6ad724485778698d8f29	1537
mods/heroes.stormmod/enus.stormassets/localizeddata/sounds/vo/greymanebase_ui_purchase00.ogg	2faa5b4bf87c269e46b0f3883fb6daad	27785
mods/heroes.stormmod/enus.stormassets/localizeddata/sounds/vo/greymanebase_ui_purchase_wolf00.fxe	a92d11a41c9b38ec746b3ccb20b3d2e4	1910
mods/heroes.stormmod/enus.stormassets/localizeddata/sounds/vo/greymanebase_ui_purchase_wolf00.ogg	0e10e72da062131e91a98b3ca3b4dd3d	32179
mods/heroes.stormmod/enus.stormassets/localizeddata/sounds/vo/greymanebase_ui_trial00.fxe	afe02bb363739a44553c541eda2a0be0	2078
mods/heroes.stormmod/enus.stormassets/localizeddata/sounds/vo/greymanebase_ui_trial00.ogg	a2a3f09631906eb1987d86c68ab33c4c	30688
mods/heroes.stormmod/enus.stormassets/localizeddata/sounds/vo/greymanebase_ui_trial01.fxe	d259a4bcbb7a080b4fe31cc6a5df2d39	3566
mods/heroes.stormmod/enus.stormassets/localizeddata/sounds/vo/greymanebase_ui_trial01.ogg	7d8765e6c937127d4e85d58cc6b42c51	47205
mods/heroes.stormmod/enus.stormassets/localizeddata/sounds/vo/greymanebase_ui_waitlocked00.fxe	e89a20f877846132b0caa9e3c314a1fb	2515
mods/heroes.stormmod/enus.stormassets/localizeddata/sounds/vo/greymanebase_ui_waitlocked00.ogg	3a89763cdb78bc9b49b587c7301f11f2	47921
mods/heroes.stormmod/enus.stormassets/localizeddata/sounds/vo/greymanebase_ui_waitlocked01.fxe	3b6c593ce919d5f0928609e75023d4a9	1683
mods/heroes.stormmod/enus.stormassets/localizeddata/sounds/vo/greymanebase_ui_waitlocked01.ogg	63806162eeda24338673bb83f6ef27aa	34238
mods/heroes.stormmod/enus.stormassets/localizeddata/sounds/vo/greymanebase_ui_waitlocked_wolf00.fxe	a09bf7245b41b55b9bfe36aeb834f4c2	1784
mods/heroes.stormmod/enus.stormassets/localizeddata/sounds/vo/greymanebase_ui_waitlocked_wolf00.ogg	dacc0eef32c22aee1b301d0961471658	25868
mods/heroes.stormmod/enus.stormassets/localizeddata/sounds/vo/greymanebase_ui_waitlocked_wolf01.fxe	a71252276508956898da200beae909a7	2328
mods/heroes.stormmod/enus.stormassets/localizeddata/sounds/vo/greymanebase_ui_waitlocked_wolf01.ogg	a77c4b402d92593e111f9da1cdc0ecca	34984
mods/heroes.stormmod/enus.stormassets/localizeddata/sounds/vo/greymanebase_ui_waitpurchased00.fxe	7b185bcaa8c8689b75645ea9cc92d091	1974
mods/heroes.stormmod/enus.stormassets/localizeddata/sounds/vo/greymanebase_ui_waitpurchased00.ogg	ebafa599c5a590c707f27344cdd1ef13	35640
mods/heroes.stormmod/enus.stormassets/localizeddata/sounds/vo/greymanebase_ui_waitpurchased01.fxe	6a5c1ec120ff2c4c0b34b945ca13cb87	2758
mods/heroes.stormmod/enus.stormassets/localizeddata/sounds/vo/greymanebase_ui_waitpurchased01.ogg	72e3a26585a2504620df98509ebc1ccb	48974
mods/heroes.stormmod/enus.stormassets/localizeddata/sounds/vo/greymanebase_ui_waitpurchased_wolf00.fxe	0d5f8ba6735f8f341a93afe7901e2ea5	2923
mods/heroes.stormmod/enus.stormassets/localizeddata/sounds/vo/greymanebase_ui_waitpurchased_wolf00.ogg	d2cd9a19fac10e5445e8719c3946d806	37269
mods/heroes.stormmod/enus.stormassets/localizeddata/sounds/vo/greymanebase_ui_waitpurchased_wolf01.fxe	2caae6594fef751f6c47a9ae22ba66d8	3387
mods/heroes.stormmod/enus.stormassets/localizeddata/sounds/vo/greymanebase_ui_waitpurchased_wolf01.ogg	47a1d1ed9870e0178992971d64a4c74a	39351
mods/heroes.stormmod/enus.stormassets/localizeddata/sounds/vo/greymanebase_ultimate1used00.fxe	d73b8c092bbf5af8bfd5fa1e023360e7	2051
mods/heroes.stormmod/enus.stormassets/localizeddata/sounds/vo/greymanebase_ultimate1used00.ogg	c4817d2ea8eec40292e01119e0d17518	32777
mods/heroes.stormmod/enus.stormassets/localizeddata/sounds/vo/greymanebase_ultimate1used01.fxe	975a3555a6e1fe24baa6272d31860ee1	1731
mods/heroes.stormmod/enus.stormassets/localizeddata/sounds/vo/greymanebase_ultimate1used01.ogg	9cc18c46d905e52be6f289ea6798765c	22720
mods/heroes.stormmod/enus.stormassets/localizeddata/sounds/vo/greymanebase_ultimate1used02.fxe	72d698e92f90e71e4c201f4dda76d0a5	1923
mods/heroes.stormmod/enus.stormassets/localizeddata/sounds/vo/greymanebase_ultimate1used02.ogg	f9bed51eb2ab101ad6520236c62711c4	25653
mods/heroes.stormmod/enus.stormassets/localizeddata/sounds/vo/greymanebase_ultimate2used02.fxe	23d38cb97cfc562185bf300e8ddca9fc	1571
mods/heroes.stormmod/enus.stormassets/localizeddata/sounds/vo/greymanebase_ultimate2used02.ogg	552fd131b68ff34168af9cf1300d1715	23828
mods/heroes.stormmod/enus.stormassets/localizeddata/sounds/vo/greymanebase_voicelinefive00.fxe	b9297aed9e6cba725c6824dbb4c6c5b8	2579
mods/heroes.stormmod/enus.stormassets/localizeddata/sounds/vo/greymanebase_voicelinefive00.ogg	eda5ed0c87fc62cb1cd1d09b8dcad548	32757
mods/heroes.stormmod/enus.stormassets/localizeddata/sounds/vo/greymanebase_voicelinefive_w00.fxe	81098a34f407dfa14d8f7ac8c69e088b	2357
mods/heroes.stormmod/enus.stormassets/localizeddata/sounds/vo/greymanebase_voicelinefive_w00.ogg	4c6a8d35c28d9016919d1684a6b9c15d	39663
mods/heroes.stormmod/enus.stormassets/localizeddata/sounds/vo/greymanebase_voicelinefour00.fxe	4bba95f8077c5e810074c11728948c27	1091
mods/heroes.stormmod/enus.stormassets/localizeddata/sounds/vo/greymanebase_voicelinefour00.ogg	6ea807e141e323998215940125fdf56d	29904
mods/heroes.stormmod/enus.stormassets/localizeddata/sounds/vo/greymanebase_voicelinefour_w00.fxe	5dddac1c543148218a4cb7f90b9b9039	1621
mods/heroes.stormmod/enus.stormassets/localizeddata/sounds/vo/greymanebase_voicelinefour_w00.ogg	3c5412ec5090ea92f416376f700bbb11	28861
mods/heroes.stormmod/enus.stormassets/localizeddata/sounds/vo/greymanebase_voicelineone00.fxe	461bca87de0368d82d6bee9be754252e	1938
mods/heroes.stormmod/enus.stormassets/localizeddata/sounds/vo/greymanebase_voicelineone00.ogg	4468090966f1a6cdb2935ca0179d03be	21946
mods/heroes.stormmod/enus.stormassets/localizeddata/sounds/vo/greymanebase_voicelineone_w00.fxe	e937de15fcd2388224e7caa6b7729794	1508
mods/heroes.stormmod/enus.stormassets/localizeddata/sounds/vo/greymanebase_voicelineone_w00.ogg	b1a2d8a29baf5d114cde8d5a50e3c553	27977
mods/heroes.stormmod/enus.stormassets/localizeddata/sounds/vo/greymanebase_voicelinethree00.fxe	5a2365b8e9ebe04c0ce516e9775142e1	1188
mods/heroes.stormmod/enus.stormassets/localizeddata/sounds/vo/greymanebase_voicelinethree00.ogg	7b2aa13f0267267af8739c411657c0b2	16827
mods/heroes.stormmod/enus.stormassets/localizeddata/sounds/vo/greymanebase_voicelinethree_w00.fxe	4087ef5152db90de22a79247597b1e0e	3398
mods/heroes.stormmod/enus.stormassets/localizeddata/sounds/vo/greymanebase_voicelinethree_w00.ogg	ec3b89cb057e68510d02d18f8fe51d70	42650
mods/heroes.stormmod/enus.stormassets/localizeddata/sounds/vo/greymanebase_voicelinetwo00.fxe	d5c395c5a9f541a6d0c068b70e309066	1586
mods/heroes.stormmod/enus.stormassets/localizeddata/sounds/vo/greymanebase_voicelinetwo00.ogg	8909ca7c2dce54609d4809226e431153	29475
mods/heroes.stormmod/enus.stormassets/localizeddata/sounds/vo/greymanebase_voicelinetwo_w00.fxe	e6e78c4e38489f04a1c82bd33907551f	1684
mods/heroes.stormmod/enus.stormassets/localizeddata/sounds/vo/greymanebase_voicelinetwo_w00.ogg	2b704f60b3d4c11f52d8f8411e0e27b1	26475
mods/heroes.stormmod/enus.stormassets/localizeddata/sounds/vo/greymanebase_vox_attack00.fxe	3a82ac4375afcc00eed46b42f98f249b	656
mods/heroes.stormmod/enus.stormassets/localizeddata/sounds/vo/greymanebase_vox_attack00.ogg	0970161eba8be48426b80bc7a6814ae2	7236
mods/heroes.stormmod/enus.stormassets/localizeddata/sounds/vo/greymanebase_vox_attack01.fxe	94bb81ad385bdb91b5c44a889908cc88	1056
mods/heroes.stormmod/enus.stormassets/localizeddata/sounds/vo/greymanebase_vox_attack01.ogg	38421247463678774eeda625d22428fe	9409
mods/heroes.stormmod/enus.stormassets/localizeddata/sounds/vo/greymanebase_vox_attack02.fxe	74dd7efec8396f3f7405dd7dda8bf6cf	656
mods/heroes.stormmod/enus.stormassets/localizeddata/sounds/vo/greymanebase_vox_attack02.ogg	3ec8ad6359c16d5eb0b8d57873f6bf33	6583
mods/heroes.stormmod/enus.stormassets/localizeddata/sounds/vo/greymanebase_vox_attack03.fxe	556b0ce5ee68992e83bc6f56ddb67cab	912
mods/heroes.stormmod/enus.stormassets/localizeddata/sounds/vo/greymanebase_vox_attack03.ogg	5bce34b0fae27b6528046260adf43508	8281
mods/heroes.stormmod/enus.stormassets/localizeddata/sounds/vo/greymanebase_vox_attack04.fxe	0a75783433adac0f17d353603b5800ad	656
mods/heroes.stormmod/enus.stormassets/localizeddata/sounds/vo/greymanebase_vox_attack04.ogg	07b5de05963459587f2f58f36928d8ec	6861
mods/heroes.stormmod/enus.stormassets/localizeddata/sounds/vo/greymanebase_vox_attack05.fxe	c223e8c6fe4a53c26a6ddb5f7941bdae	656
mods/heroes.stormmod/enus.stormassets/localizeddata/sounds/vo/greymanebase_vox_attack05.ogg	894ac45404af0f5acba2bd0fd89d0c3d	8189
mods/heroes.stormmod/enus.stormassets/localizeddata/sounds/vo/greymanebase_vox_attack06.fxe	ebd38c548985215e250bec4e81eff7b5	656
mods/heroes.stormmod/enus.stormassets/localizeddata/sounds/vo/greymanebase_vox_attack06.ogg	b3b333eaadad8906e4e75609e2b905fc	7103
mods/heroes.stormmod/enus.stormassets/localizeddata/sounds/vo/greymanebase_vox_attack07.fxe	090ebdfea7255d6857c8d1dd3c6f9fd2	1040
mods/heroes.stormmod/enus.stormassets/localizeddata/sounds/vo/greymanebase_vox_attack07.ogg	70e71e3d338a13167decfb28f03745fd	8101
mods/heroes.stormmod/enus.stormassets/localizeddata/sounds/vo/greymanebase_vox_attack08.fxe	7173c0826590133476b8afece5d82125	976
mods/heroes.stormmod/enus.stormassets/localizeddata/sounds/vo/greymanebase_vox_attack08.ogg	350684772f4a418108eb1909d10788bb	8246
mods/heroes.stormmod/enus.stormassets/localizeddata/sounds/vo/greymanebase_vox_attack09.fxe	510c38e7c5fcb5f8c7c5f70e62e1163c	656
mods/heroes.stormmod/enus.stormassets/localizeddata/sounds/vo/greymanebase_vox_attack09.ogg	115ec4188675b3255b5a6cbad778ce5f	7138
mods/heroes.stormmod/enus.stormassets/localizeddata/sounds/vo/greymanebase_vox_attack_wolf00.fxe	b2e1f9495acb5f3cd4460e9ca2a08892	1077
mods/heroes.stormmod/enus.stormassets/localizeddata/sounds/vo/greymanebase_vox_attack_wolf00.ogg	5ed25690921872401c0f45129a26b9f7	8761
mods/heroes.stormmod/enus.stormassets/localizeddata/sounds/vo/greymanebase_vox_attack_wolf01.fxe	4272c2c07501110f9f599f9d6e0c14bb	965
mods/heroes.stormmod/enus.stormassets/localizeddata/sounds/vo/greymanebase_vox_attack_wolf01.ogg	d7e8dcfae1cdfcaa172598cdd4a2a2d4	10461
mods/heroes.stormmod/enus.stormassets/localizeddata/sounds/vo/greymanebase_vox_attack_wolf02.fxe	6a7fe64e51660d5c4a31d867d6632197	1029
mods/heroes.stormmod/enus.stormassets/localizeddata/sounds/vo/greymanebase_vox_attack_wolf02.ogg	2d1351a8cea63a74d894c34259cc7c14	9968
mods/heroes.stormmod/enus.stormassets/localizeddata/sounds/vo/greymanebase_vox_attack_wolf03.fxe	4fd5ca7a0bda10da2f3f7e3e18eb7e75	949
mods/heroes.stormmod/enus.stormassets/localizeddata/sounds/vo/greymanebase_vox_attack_wolf03.ogg	25d4d700dee7e9d003f07987bb7e143b	8326
mods/heroes.stormmod/enus.stormassets/localizeddata/sounds/vo/greymanebase_vox_attack_wolf04.fxe	48521ccb9e499ae898fd2178154832fd	933
mods/heroes.stormmod/enus.stormassets/localizeddata/sounds/vo/greymanebase_vox_attack_wolf04.ogg	1c6db6fca7cb9f14446ee18599fd471e	10277
mods/heroes.stormmod/enus.stormassets/localizeddata/sounds/vo/greymanebase_vox_attack_wolf05.fxe	427f2d00b32b7448890c7588a09b6527	1029
mods/heroes.stormmod/enus.stormassets/localizeddata/sounds/vo/greymanebase_vox_attack_wolf05.ogg	966cdb46eb1294ca18a2972ccad73303	10024
mods/heroes.stormmod/enus.stormassets/localizeddata/sounds/vo/greymanebase_vox_attack_wolf06.fxe	e08e73c6c9757c50d4fc32b1c2ae5d1c	1237
mods/heroes.stormmod/enus.stormassets/localizeddata/sounds/vo/greymanebase_vox_attack_wolf06.ogg	138bb8cb0687a941f6b186d44f14a2e9	11094
mods/heroes.stormmod/enus.stormassets/localizeddata/sounds/vo/greymanebase_vox_attack_wolf07.fxe	fcfa2fa45d604d2eb9f5bdce2827e94a	869
mods/heroes.stormmod/enus.stormassets/localizeddata/sounds/vo/greymanebase_vox_attack_wolf07.ogg	c62ef01b77c38adbf8993218918844d1	9961
mods/heroes.stormmod/enus.stormassets/localizeddata/sounds/vo/greymanebase_vox_attack_wolf08.fxe	24c485ccfb7d7dca3b7840bf400da4df	1045
mods/heroes.stormmod/enus.stormassets/localizeddata/sounds/vo/greymanebase_vox_attack_wolf08.ogg	6248469454248f23f9c4481f9c8e3085	9952
mods/heroes.stormmod/enus.stormassets/localizeddata/sounds/vo/greymanebase_vox_attack_wolf09.fxe	bd92411e26152c634f74c0b3884359d7	1205
mods/heroes.stormmod/enus.stormassets/localizeddata/sounds/vo/greymanebase_vox_attack_wolf09.ogg	c2caf29fdf2b08e1a9ce066ee94fddb8	9621
mods/heroes.stormmod/enus.stormassets/localizeddata/sounds/vo/greymanebase_vox_castinge_wolf00.fxe	b25c707d02e38d60f1b523e5f2154d97	2727
mods/heroes.stormmod/enus.stormassets/localizeddata/sounds/vo/greymanebase_vox_castinge_wolf00.ogg	fb931cb88331e45369d4147ba59eb5cc	27812
mods/heroes.stormmod/enus.stormassets/localizeddata/sounds/vo/greymanebase_vox_castinge_wolf01.fxe	2657464a38bb6cccbbc91a82ad9bf0a7	2151
mods/heroes.stormmod/enus.stormassets/localizeddata/sounds/vo/greymanebase_vox_castinge_wolf01.ogg	2749c8a26eb542dbaeb429f64830db1c	25158
mods/heroes.stormmod/enus.stormassets/localizeddata/sounds/vo/greymanebase_vox_castinge_wolf02.fxe	d240ccf38979567f845c430f288a74b9	2263
mods/heroes.stormmod/enus.stormassets/localizeddata/sounds/vo/greymanebase_vox_castinge_wolf02.ogg	e03ddfbe7a935e390b51dc6602b1fad4	25012
mods/heroes.stormmod/enus.stormassets/localizeddata/sounds/vo/greymanebase_vox_castinge_wolf03.fxe	36fbb5d368c84c2c4dec2e320e5ca943	2279
mods/heroes.stormmod/enus.stormassets/localizeddata/sounds/vo/greymanebase_vox_castinge_wolf03.ogg	c9bd026a03f70bf323f68d7dc6b0ed99	26258
mods/heroes.stormmod/enus.stormassets/localizeddata/sounds/vo/greymanebase_vox_castinge_wolf04.fxe	79a5985b2562205e81b75b08bb3c9ed9	2823
mods/heroes.stormmod/enus.stormassets/localizeddata/sounds/vo/greymanebase_vox_castinge_wolf04.ogg	0586a6adb7cd5d04fa9620635ee4ca5f	27905
mods/heroes.stormmod/enus.stormassets/localizeddata/sounds/vo/greymanebase_vox_castingq00.fxe	b4c85ae624a1c038a93ea10042a8956b	1122
mods/heroes.stormmod/enus.stormassets/localizeddata/sounds/vo/greymanebase_vox_castingq00.ogg	a41cec21e7e4d779e72e8cb71ab94d7c	9401
mods/heroes.stormmod/enus.stormassets/localizeddata/sounds/vo/greymanebase_vox_castingq01.fxe	12f339d1e2cb84f28726a34cb6dad8b0	930
mods/heroes.stormmod/enus.stormassets/localizeddata/sounds/vo/greymanebase_vox_castingq01.ogg	873adbf5584d3098da61aa6ac157711a	10394
mods/heroes.stormmod/enus.stormassets/localizeddata/sounds/vo/greymanebase_vox_castingq02.fxe	bb5b3c6317e68d75ed50365411d54b85	1058
mods/heroes.stormmod/enus.stormassets/localizeddata/sounds/vo/greymanebase_vox_castingq02.ogg	406cb191a8a02278e67c164f6eca5907	10168
mods/heroes.stormmod/enus.stormassets/localizeddata/sounds/vo/greymanebase_vox_castingq03.fxe	17d09966ab15f2bc0736715a607d248d	1362
mods/heroes.stormmod/enus.stormassets/localizeddata/sounds/vo/greymanebase_vox_castingq03.ogg	7c4157b9e61a846aa7bd910b55508904	10599
mods/heroes.stormmod/enus.stormassets/localizeddata/sounds/vo/greymanebase_vox_castingq04.fxe	6ff0b1ff34a68f88038024e32b9c62cb	1234
mods/heroes.stormmod/enus.stormassets/localizeddata/sounds/vo/greymanebase_vox_castingq04.ogg	c028b938f5e0bc38567b9c597278771b	11521
mods/heroes.stormmod/enus.stormassets/localizeddata/sounds/vo/greymanebase_vox_castingq05.fxe	46a15596376e8fc5d652dd394169431e	1266
mods/heroes.stormmod/enus.stormassets/localizeddata/sounds/vo/greymanebase_vox_castingq05.ogg	534b469901a24d55e734f59552aabe4b	11155
mods/heroes.stormmod/enus.stormassets/localizeddata/sounds/vo/greymanebase_vox_castingq06.fxe	be414712a615e2c6e5b2a8b86c6b9014	658
mods/heroes.stormmod/enus.stormassets/localizeddata/sounds/vo/greymanebase_vox_castingq06.ogg	0549f35baa13b19c3eda8350c5f7788a	7800
mods/heroes.stormmod/enus.stormassets/localizeddata/sounds/vo/greymanebase_vox_castingq07.fxe	88f75011a115566c10a63b0c09e44d0a	978
mods/heroes.stormmod/enus.stormassets/localizeddata/sounds/vo/greymanebase_vox_castingq07.ogg	2c214572f8738a0c4773b231cd6f1089	9227
mods/heroes.stormmod/enus.stormassets/localizeddata/sounds/vo/greymanebase_vox_castingq08.fxe	577e30d7bd0f6a8799b7cb96facb9a2c	658
mods/heroes.stormmod/enus.stormassets/localizeddata/sounds/vo/greymanebase_vox_castingq08.ogg	876b97ed4cebc73f5b597bf84b11f57e	7719
mods/heroes.stormmod/enus.stormassets/localizeddata/sounds/vo/greymanebase_vox_castingq09.fxe	3a30ccb0fc2917093e854ae770acf2d9	1122
mods/heroes.stormmod/enus.stormassets/localizeddata/sounds/vo/greymanebase_vox_castingq09.ogg	1ac42b099c509efedca32b0c270dd127	9459
mods/heroes.stormmod/enus.stormassets/localizeddata/sounds/vo/greymanebase_vox_castingq_wolf00.fxe	8fbedb4d6ae4ec19042375a34942e506	1239
mods/heroes.stormmod/enus.stormassets/localizeddata/sounds/vo/greymanebase_vox_castingq_wolf00.ogg	a300dc83095044cb1fb5a1973d30cd19	12885
mods/heroes.stormmod/enus.stormassets/localizeddata/sounds/vo/greymanebase_vox_castingq_wolf01.fxe	6b0d898196cac657182759be32359adc	1255
mods/heroes.stormmod/enus.stormassets/localizeddata/sounds/vo/greymanebase_vox_castingq_wolf01.ogg	d12e44e21bb52a90a82c606ec601d761	14547
mods/heroes.stormmod/enus.stormassets/localizeddata/sounds/vo/greymanebase_vox_castingq_wolf02.fxe	cd0ac8af0b8131459f4a29805b707e48	1527
mods/heroes.stormmod/enus.stormassets/localizeddata/sounds/vo/greymanebase_vox_castingq_wolf02.ogg	d211471e2e415d74a22ed129538abb6d	16325
mods/heroes.stormmod/enus.stormassets/localizeddata/sounds/vo/greymanebase_vox_castingq_wolf03.fxe	f5577f6ee08925ab8697c62aee9af860	1271
mods/heroes.stormmod/enus.stormassets/localizeddata/sounds/vo/greymanebase_vox_castingq_wolf03.ogg	4dcf6e0f01c0a9f80f684b9d6f4fe592	14146
mods/heroes.stormmod/enus.stormassets/localizeddata/sounds/vo/greymanebase_vox_castingq_wolf04.fxe	9c6ff0ba5b5866427ee1d66199ec22c6	1527
mods/heroes.stormmod/enus.stormassets/localizeddata/sounds/vo/greymanebase_vox_castingq_wolf04.ogg	327582c26926b33a171809d975daf4f9	14718
mods/heroes.stormmod/enus.stormassets/localizeddata/sounds/vo/greymanebase_vox_castingq_wolf05.fxe	e7e0b8f65e6513bbc1201cd8cb53cb25	1143
mods/heroes.stormmod/enus.stormassets/localizeddata/sounds/vo/greymanebase_vox_castingq_wolf05.ogg	16c442588f1a46fd48d187db58100623	12906
mods/heroes.stormmod/enus.stormassets/localizeddata/sounds/vo/greymanebase_vox_castingq_wolf06.fxe	48f178e7197e06fdc35468cac77b1db7	1559
mods/heroes.stormmod/enus.stormassets/localizeddata/sounds/vo/greymanebase_vox_castingq_wolf06.ogg	49cb743f38e1178205d6be2aef0af21e	13844
mods/heroes.stormmod/enus.stormassets/localizeddata/sounds/vo/greymanebase_vox_castingq_wolf07.fxe	781f4eeb3350323ea7d8ca62c271d372	2135
mods/heroes.stormmod/enus.stormassets/localizeddata/sounds/vo/greymanebase_vox_castingq_wolf07.ogg	5e8c2fd3a1847ce8c09ae65a963d76f7	21120
mods/heroes.stormmod/enus.stormassets/localizeddata/sounds/vo/greymanebase_vox_castingq_wolf08.fxe	ae9ef733e933697d6d5ea513194bd038	2071
mods/heroes.stormmod/enus.stormassets/localizeddata/sounds/vo/greymanebase_vox_castingq_wolf08.ogg	87bb7eab49bec28936382d948d92e662	20732
mods/heroes.stormmod/enus.stormassets/localizeddata/sounds/vo/greymanebase_vox_castingw01.fxe	5b911e9cf8bd29fad5807859b4b00f53	1074
mods/heroes.stormmod/enus.stormassets/localizeddata/sounds/vo/greymanebase_vox_castingw01.ogg	da4cfd9dda14db558aad2f7a7b33b4f3	11443
mods/heroes.stormmod/enus.stormassets/localizeddata/sounds/vo/greymanebase_vox_castingw04.fxe	494c30ca60ae2e617a7e4422c663f0fd	1314
mods/heroes.stormmod/enus.stormassets/localizeddata/sounds/vo/greymanebase_vox_castingw04.ogg	5878a26e5222080821f25c849f2492bc	12401
mods/heroes.stormmod/enus.stormassets/localizeddata/sounds/vo/greymanebase_vox_castingw05.fxe	6bf444e9a058e8480e9fa9a0fd5183d8	1154
mods/heroes.stormmod/enus.stormassets/localizeddata/sounds/vo/greymanebase_vox_castingw05.ogg	8a004685fb174e1e56bd1b9344080b55	11639
mods/heroes.stormmod/enus.stormassets/localizeddata/sounds/vo/greymanebase_vox_castingw06.fxe	2e97e489101eefeb0f7e15ec5bf197ed	1602
mods/heroes.stormmod/enus.stormassets/localizeddata/sounds/vo/greymanebase_vox_castingw06.ogg	d0e39f32a3f97156570b2c146f79b50b	12223
mods/heroes.stormmod/enus.stormassets/localizeddata/sounds/vo/greymanebase_vox_castingw07.fxe	366e87af218e09d8724d6d997f7ce220	1282
mods/heroes.stormmod/enus.stormassets/localizeddata/sounds/vo/greymanebase_vox_castingw07.ogg	9a28a7c64b8696b3d78f6837aa9ed459	10471
mods/heroes.stormmod/enus.stormassets/localizeddata/sounds/vo/greymanebase_vox_castingw09.fxe	1cf1f5d17ac95dd23754d6ec5a8b242a	1138
mods/heroes.stormmod/enus.stormassets/localizeddata/sounds/vo/greymanebase_vox_castingw09.ogg	2f9b7c6316a2746d71180602c22d6e8a	13372
mods/heroes.stormmod/enus.stormassets/localizeddata/sounds/vo/greymanebase_vox_castingw_wolf00.fxe	c0eb6a431ee2b3f30f65fc19280d4fa0	1687
mods/heroes.stormmod/enus.stormassets/localizeddata/sounds/vo/greymanebase_vox_castingw_wolf00.ogg	e92858342e05d3b2281e1249602b2b5f	18142
mods/heroes.stormmod/enus.stormassets/localizeddata/sounds/vo/greymanebase_vox_castingw_wolf01.fxe	fffc060fc361af650085bd96fd1c6966	1383
mods/heroes.stormmod/enus.stormassets/localizeddata/sounds/vo/greymanebase_vox_castingw_wolf01.ogg	8ca3fe3f72ed2d9117e897f5cc387ab3	17307
mods/heroes.stormmod/enus.stormassets/localizeddata/sounds/vo/greymanebase_vox_castingw_wolf02.fxe	e9e94afa6807f602340a2b6da296885f	1047
mods/heroes.stormmod/enus.stormassets/localizeddata/sounds/vo/greymanebase_vox_castingw_wolf02.ogg	623031d6bc329ea217d28703c99b6586	9819
mods/heroes.stormmod/enus.stormassets/localizeddata/sounds/vo/greymanebase_vox_castingw_wolf03.fxe	824188946daa052e4c90df38eec73dbb	999
mods/heroes.stormmod/enus.stormassets/localizeddata/sounds/vo/greymanebase_vox_castingw_wolf03.ogg	94e052632bb17e3caa4020de324f2d5b	10142
mods/heroes.stormmod/enus.stormassets/localizeddata/sounds/vo/greymanebase_vox_castingw_wolf04.fxe	040f884d349ebcf1394d99722733b49f	1207
mods/heroes.stormmod/enus.stormassets/localizeddata/sounds/vo/greymanebase_vox_castingw_wolf04.ogg	54b81b69d68475db46dbf31b55e19bf2	10914
mods/heroes.stormmod/enus.stormassets/localizeddata/sounds/vo/greymanebase_vox_castingw_wolf05.fxe	3020de2c9d3e459addb231c4df4a9393	1367
mods/heroes.stormmod/enus.stormassets/localizeddata/sounds/vo/greymanebase_vox_castingw_wolf05.ogg	5419b298ad50cd0433ebf59f79b21803	14942
mods/heroes.stormmod/enus.stormassets/localizeddata/sounds/vo/greymanebase_vox_castingw_wolf06.fxe	72dbab26713e6ad958e6bd2dc8869976	1447
mods/heroes.stormmod/enus.stormassets/localizeddata/sounds/vo/greymanebase_vox_castingw_wolf06.ogg	0b30c47f3e02f0fbf169ada0f5735dee	17740
mods/heroes.stormmod/enus.stormassets/localizeddata/sounds/vo/greymanebase_vox_castingw_wolf07.fxe	426aee7425289c12f56953e25b8ccf98	1639
mods/heroes.stormmod/enus.stormassets/localizeddata/sounds/vo/greymanebase_vox_castingw_wolf07.ogg	17a924732ec78796d949f1b92871a7ee	17788
mods/heroes.stormmod/enus.stormassets/localizeddata/sounds/vo/greymanebase_vox_castingw_wolf08.fxe	92a6c6511d1378ccab7cfa69aab99dd3	1495
mods/heroes.stormmod/enus.stormassets/localizeddata/sounds/vo/greymanebase_vox_castingw_wolf08.ogg	9856bcb22f788ad6dfcbdaa4967e5fb3	17999
mods/heroes.stormmod/enus.stormassets/localizeddata/sounds/vo/greymanebase_vox_castingw_wolf09.fxe	4de48f0e8323edc83c2e131b2f87a466	1799
mods/heroes.stormmod/enus.stormassets/localizeddata/sounds/vo/greymanebase_vox_castingw_wolf09.ogg	831963e2ef7ed3e601c12017ad4000e3	18809
mods/heroes.stormmod/enus.stormassets/localizeddata/sounds/vo/greymanebase_vox_cheer00.fxe	dff3e8709955c3e338e289b1ea371756	1311
mods/heroes.stormmod/enus.stormassets/localizeddata/sounds/vo/greymanebase_vox_cheer00.ogg	0888e34365a1fab218213cffb7b8bb33	15378
mods/heroes.stormmod/enus.stormassets/localizeddata/sounds/vo/greymanebase_vox_cheer01.fxe	00f4dd417987690f9fd63db4fe157e61	1471
mods/heroes.stormmod/enus.stormassets/localizeddata/sounds/vo/greymanebase_vox_cheer01.ogg	4376b38b82471eb4821cf968ef57e1b5	14454
mods/heroes.stormmod/enus.stormassets/localizeddata/sounds/vo/greymanebase_vox_cheer02.fxe	9dd17a680cb07922d2ea0fd7a46a21a9	1487
mods/heroes.stormmod/enus.stormassets/localizeddata/sounds/vo/greymanebase_vox_cheer02.ogg	eb26fe3f2c72237c4b50e7fc6f2c31e2	13390
mods/heroes.stormmod/enus.stormassets/localizeddata/sounds/vo/greymanebase_vox_cheer04.fxe	eb26455f1fe495340bb932e5c352a56f	1695
mods/heroes.stormmod/enus.stormassets/localizeddata/sounds/vo/greymanebase_vox_cheer04.ogg	bd0a2b946586c9c7ee0d4a7b9c1fdba0	16471
mods/heroes.stormmod/enus.stormassets/localizeddata/sounds/vo/greymanebase_vox_cheer_wolf00.fxe	c892cc3a5f503a21c943a3a042fa807a	1460
mods/heroes.stormmod/enus.stormassets/localizeddata/sounds/vo/greymanebase_vox_cheer_wolf00.ogg	d29f6886948e1985abb97edf7e480b4b	19951
mods/heroes.stormmod/enus.stormassets/localizeddata/sounds/vo/greymanebase_vox_cheer_wolf01.fxe	9846c13a0e511404b619d3c324cd8cfd	1476
mods/heroes.stormmod/enus.stormassets/localizeddata/sounds/vo/greymanebase_vox_cheer_wolf01.ogg	22096da663bddc093179caec26c96431	19228
mods/heroes.stormmod/enus.stormassets/localizeddata/sounds/vo/greymanebase_vox_cheer_wolf02.fxe	6748268bf74c05d1eefafbb5ac94dde5	1668
mods/heroes.stormmod/enus.stormassets/localizeddata/sounds/vo/greymanebase_vox_cheer_wolf02.ogg	a64022de0f98ea17bd0708c099c32b62	22128
mods/heroes.stormmod/enus.stormassets/localizeddata/sounds/vo/greymanebase_vox_cheer_wolf03.fxe	e8d21fdc7353096418014b0a1d419690	1300
mods/heroes.stormmod/enus.stormassets/localizeddata/sounds/vo/greymanebase_vox_cheer_wolf03.ogg	b9fa56c658c47e4e0c57d7e92ef3f53e	21151
mods/heroes.stormmod/enus.stormassets/localizeddata/sounds/vo/greymanebase_vox_cheer_wolf04.fxe	2384f7831418dca34b7cc9663de13f7e	1652
mods/heroes.stormmod/enus.stormassets/localizeddata/sounds/vo/greymanebase_vox_cheer_wolf04.ogg	50f12414e3979f0a1bd07acbedbefbd4	18442
mods/heroes.stormmod/enus.stormassets/localizeddata/sounds/vo/greymanebase_vox_gethitlarge00.fxe	8cca682907e278abfe90611d89c63202	1317
mods/heroes.stormmod/enus.stormassets/localizeddata/sounds/vo/greymanebase_vox_gethitlarge00.ogg	c2b778dbd4611f37e48ea14f67c7841a	12817
mods/heroes.stormmod/enus.stormassets/localizeddata/sounds/vo/greymanebase_vox_gethitlarge01.fxe	0b7164a18739442649851ae0bb9c2a68	1573
mods/heroes.stormmod/enus.stormassets/localizeddata/sounds/vo/greymanebase_vox_gethitlarge01.ogg	7249e72609f4c4b576b34fc3e225ccda	13930
mods/heroes.stormmod/enus.stormassets/localizeddata/sounds/vo/greymanebase_vox_gethitlarge02.fxe	dd86b372c1f7ecb1f0a2a47c93ade024	1205
mods/heroes.stormmod/enus.stormassets/localizeddata/sounds/vo/greymanebase_vox_gethitlarge02.ogg	8d4b90e186fec024c9ff41bd23ee225a	12284
mods/heroes.stormmod/enus.stormassets/localizeddata/sounds/vo/greymanebase_vox_gethitlarge03.fxe	2a469a2197d8d6957b601f9672d9b732	1077
mods/heroes.stormmod/enus.stormassets/localizeddata/sounds/vo/greymanebase_vox_gethitlarge03.ogg	e3b0017744b027a1c3698dc19617ca2b	12057
mods/heroes.stormmod/enus.stormassets/localizeddata/sounds/vo/greymanebase_vox_gethitlarge04.fxe	0543142b0c5dfdf15cd19d1fd4f2f55d	1189
mods/heroes.stormmod/enus.stormassets/localizeddata/sounds/vo/greymanebase_vox_gethitlarge04.ogg	eefb4613bbc8b96589a0e85f5c97b594	12880
mods/heroes.stormmod/enus.stormassets/localizeddata/sounds/vo/greymanebase_vox_gethitlarge05.fxe	0ed678cb114e3b1a000105e9a9fbd55f	1301
mods/heroes.stormmod/enus.stormassets/localizeddata/sounds/vo/greymanebase_vox_gethitlarge05.ogg	1b4ccc998946c5b61edf5bf3a122542f	11954
mods/heroes.stormmod/enus.stormassets/localizeddata/sounds/vo/greymanebase_vox_gethitlarge06.fxe	6414a9dac7e270738bdcfaf97f5e74cd	933
mods/heroes.stormmod/enus.stormassets/localizeddata/sounds/vo/greymanebase_vox_gethitlarge06.ogg	2ba94a4a72717048ae64e182a85e752f	8806
mods/heroes.stormmod/enus.stormassets/localizeddata/sounds/vo/greymanebase_vox_gethitlarge07.fxe	77062c682c685408f2fb2af3f4ddde0a	981
mods/heroes.stormmod/enus.stormassets/localizeddata/sounds/vo/greymanebase_vox_gethitlarge07.ogg	34bf50c58dfac06507cc318ae32bce75	11749
mods/heroes.stormmod/enus.stormassets/localizeddata/sounds/vo/greymanebase_vox_gethitlarge08.fxe	8b41e14f5df492c417cf198f418d376c	1333
mods/heroes.stormmod/enus.stormassets/localizeddata/sounds/vo/greymanebase_vox_gethitlarge08.ogg	87e126511934228a930d8eae37b9ae05	10334
mods/heroes.stormmod/enus.stormassets/localizeddata/sounds/vo/greymanebase_vox_gethitlarge09.fxe	8f4dd23cef3b59bf717eaf19a90e73e4	1045
mods/heroes.stormmod/enus.stormassets/localizeddata/sounds/vo/greymanebase_vox_gethitlarge09.ogg	e82a596b0e965ebf20342d51ecf7511f	10253
mods/heroes.stormmod/enus.stormassets/localizeddata/sounds/vo/greymanebase_vox_gethitlarge_wolf00.fxe	cbe4711b89deb8a240c9908d60186df6	1546
mods/heroes.stormmod/enus.stormassets/localizeddata/sounds/vo/greymanebase_vox_gethitlarge_wolf00.ogg	86ae6b3698d1e06cbe7bf657d5e0deca	18626
mods/heroes.stormmod/enus.stormassets/localizeddata/sounds/vo/greymanebase_vox_gethitlarge_wolf01.fxe	622498daa5d6eb5c94e50bd466d175bb	1546
mods/heroes.stormmod/enus.stormassets/localizeddata/sounds/vo/greymanebase_vox_gethitlarge_wolf01.ogg	101af668922f6f1b1453cbdab191c89c	14766
mods/heroes.stormmod/enus.stormassets/localizeddata/sounds/vo/greymanebase_vox_gethitlarge_wolf02.fxe	44f006394cdaed2e0034e90bf486e8af	1546
mods/heroes.stormmod/enus.stormassets/localizeddata/sounds/vo/greymanebase_vox_gethitlarge_wolf02.ogg	ecebcafcd6005849dac78d2cd07578f7	15880
mods/heroes.stormmod/enus.stormassets/localizeddata/sounds/vo/greymanebase_vox_gethitlarge_wolf03.fxe	b8f6faec7315b756379811d0e89d5366	1882
mods/heroes.stormmod/enus.stormassets/localizeddata/sounds/vo/greymanebase_vox_gethitlarge_wolf03.ogg	26765f1bc7f0605c014841b7ba5dc50c	14799
mods/heroes.stormmod/enus.stormassets/localizeddata/sounds/vo/greymanebase_vox_gethitlarge_wolf04.fxe	791384db7bc36252e8b23157a37521a8	1946
mods/heroes.stormmod/enus.stormassets/localizeddata/sounds/vo/greymanebase_vox_gethitlarge_wolf04.ogg	07102dd6cfcb6a2584dac617daf0a3dd	18926
mods/heroes.stormmod/enus.stormassets/localizeddata/sounds/vo/greymanebase_vox_gethitlarge_wolf05.fxe	b3677378b2f6f7e17e1ee2b5b2e62979	1754
mods/heroes.stormmod/enus.stormassets/localizeddata/sounds/vo/greymanebase_vox_gethitlarge_wolf05.ogg	2ff4d9b4b9903c04084fd00327e00c5a	14086
mods/heroes.stormmod/enus.stormassets/localizeddata/sounds/vo/greymanebase_vox_gethitlarge_wolf06.fxe	85c9932430788a2e7aa93c8e998b6366	1738
mods/heroes.stormmod/enus.stormassets/localizeddata/sounds/vo/greymanebase_vox_gethitlarge_wolf06.ogg	87d95076e50ac19488a3e93e759c8af9	17135
mods/heroes.stormmod/enus.stormassets/localizeddata/sounds/vo/greymanebase_vox_gethitlarge_wolf07.fxe	5bb5518deb1c9a85f2a5486843874dec	1882
mods/heroes.stormmod/enus.stormassets/localizeddata/sounds/vo/greymanebase_vox_gethitlarge_wolf07.ogg	5f992ebc1f144fd92304f7e99c581d92	15457
mods/heroes.stormmod/enus.stormassets/localizeddata/sounds/vo/greymanebase_vox_gethitlarge_wolf08.fxe	21121794dddf542e4acc95b2f2e07cbb	1562
mods/heroes.stormmod/enus.stormassets/localizeddata/sounds/vo/greymanebase_vox_gethitlarge_wolf08.ogg	0d2dc592873b41fede7e9db19a5ce09d	13850
mods/heroes.stormmod/enus.stormassets/localizeddata/sounds/vo/greymanebase_vox_gethitlarge_wolf09.fxe	8b25c9a00b2354be2f8d55180cbcfbf5	1338
mods/heroes.stormmod/enus.stormassets/localizeddata/sounds/vo/greymanebase_vox_gethitlarge_wolf09.ogg	5cc420d9043f7d6ecde849d0641d5aab	13461
mods/heroes.stormmod/enus.stormassets/localizeddata/sounds/vo/greymanebase_vox_gethitsmall00.fxe	75f7c79ab03d00fba0bd1acd05e8f09f	661
mods/heroes.stormmod/enus.stormassets/localizeddata/sounds/vo/greymanebase_vox_gethitsmall00.ogg	ed8a135afc8eaf5ad9d55b17e45938eb	8130
mods/heroes.stormmod/enus.stormassets/localizeddata/sounds/vo/greymanebase_vox_gethitsmall01.fxe	4b39a71adc9d41e2dfd9137e2cdbab5b	1301
mods/heroes.stormmod/enus.stormassets/localizeddata/sounds/vo/greymanebase_vox_gethitsmall01.ogg	f032765ae130c7eca8720a8ed36eb0be	9265
mods/heroes.stormmod/enus.stormassets/localizeddata/sounds/vo/greymanebase_vox_gethitsmall02.fxe	45dfcbd7c01b314675b99ea284a36116	1093
mods/heroes.stormmod/enus.stormassets/localizeddata/sounds/vo/greymanebase_vox_gethitsmall02.ogg	b83d95a8abe48847f66df44ac52e89fa	9988
mods/heroes.stormmod/enus.stormassets/localizeddata/sounds/vo/greymanebase_vox_gethitsmall03.fxe	f7bf234c8f1ab0bab74659983a2251b1	821
mods/heroes.stormmod/enus.stormassets/localizeddata/sounds/vo/greymanebase_vox_gethitsmall03.ogg	c17946cf326e88c55df5493abf959381	9099
mods/heroes.stormmod/enus.stormassets/localizeddata/sounds/vo/greymanebase_vox_gethitsmall04.fxe	4a7ce5c2ade7d99efccf647e28f0dda2	1013
mods/heroes.stormmod/enus.stormassets/localizeddata/sounds/vo/greymanebase_vox_gethitsmall04.ogg	4600e770d1c788e00b28c39688ec2d7a	8214
mods/heroes.stormmod/enus.stormassets/localizeddata/sounds/vo/greymanebase_vox_gethitsmall05.fxe	d311d5d18d798acab8b6d7b3e97cab44	661
mods/heroes.stormmod/enus.stormassets/localizeddata/sounds/vo/greymanebase_vox_gethitsmall05.ogg	287c130c751f7f394a2f40388ebaa91f	7824
mods/heroes.stormmod/enus.stormassets/localizeddata/sounds/vo/greymanebase_vox_gethitsmall06.fxe	6dfc231f624e6650f5fd1d6e264ec1ea	1189
mods/heroes.stormmod/enus.stormassets/localizeddata/sounds/vo/greymanebase_vox_gethitsmall06.ogg	301a674ff7ecb7289a2b2444f9a306a4	9237
mods/heroes.stormmod/enus.stormassets/localizeddata/sounds/vo/greymanebase_vox_gethitsmall07.fxe	04bb8df25da8b3174da812ac0f4ed97f	1093
mods/heroes.stormmod/enus.stormassets/localizeddata/sounds/vo/greymanebase_vox_gethitsmall07.ogg	e3b26e371b80ea63713dda7556b0fc65	10680
mods/heroes.stormmod/enus.stormassets/localizeddata/sounds/vo/greymanebase_vox_gethitsmall08.fxe	b3ea114554dc966715bcdff60ac019f0	661
mods/heroes.stormmod/enus.stormassets/localizeddata/sounds/vo/greymanebase_vox_gethitsmall08.ogg	c8c207d55dc1b83c09d971823c6dbfc5	7436
mods/heroes.stormmod/enus.stormassets/localizeddata/sounds/vo/greymanebase_vox_gethitsmall09.fxe	ae13f2e336525a619f700c42d25c1d62	661
mods/heroes.stormmod/enus.stormassets/localizeddata/sounds/vo/greymanebase_vox_gethitsmall09.ogg	c8cbb3bccac6ff0389ee8efc011333b1	7698
mods/heroes.stormmod/enus.stormassets/localizeddata/sounds/vo/greymanebase_vox_gethitsmall_wolf00.fxe	b8d90186fc7964f8c6530d6ac7182b68	1162
mods/heroes.stormmod/enus.stormassets/localizeddata/sounds/vo/greymanebase_vox_gethitsmall_wolf00.ogg	49e71cd05f7decf3d2ffd8a553c808d4	10692
mods/heroes.stormmod/enus.stormassets/localizeddata/sounds/vo/greymanebase_vox_gethitsmall_wolf01.fxe	63e513c4fb8d0ed67b6db3f0193aa919	1034
mods/heroes.stormmod/enus.stormassets/localizeddata/sounds/vo/greymanebase_vox_gethitsmall_wolf01.ogg	a06fe7b0069834ca4c34c3c8aa55ab70	10377
mods/heroes.stormmod/enus.stormassets/localizeddata/sounds/vo/greymanebase_vox_gethitsmall_wolf02.fxe	bffd58f78443dfb12a97e233aeaa4c22	1258
mods/heroes.stormmod/enus.stormassets/localizeddata/sounds/vo/greymanebase_vox_gethitsmall_wolf02.ogg	1ac9637e450d96939794abb4070319b1	9690
mods/heroes.stormmod/enus.stormassets/localizeddata/sounds/vo/greymanebase_vox_gethitsmall_wolf03.fxe	c73d1a5ad366e1fbedfd0a555246b3c8	1146
mods/heroes.stormmod/enus.stormassets/localizeddata/sounds/vo/greymanebase_vox_gethitsmall_wolf03.ogg	cdbc09b4a0cdd0510077b5d056714efa	8663
mods/heroes.stormmod/enus.stormassets/localizeddata/sounds/vo/greymanebase_vox_gethitsmall_wolf04.fxe	f97d1ec41fcdba15c36bb2084e7759be	1242
mods/heroes.stormmod/enus.stormassets/localizeddata/sounds/vo/greymanebase_vox_gethitsmall_wolf04.ogg	1bb19f065d2e08c4de0e5e4b59d599f1	10610
mods/heroes.stormmod/enus.stormassets/localizeddata/sounds/vo/greymanebase_vox_gethitsmall_wolf05.fxe	13d38bbe2343fafc031427f5dc2f651a	1018
mods/heroes.stormmod/enus.stormassets/localizeddata/sounds/vo/greymanebase_vox_gethitsmall_wolf05.ogg	8e96f8692ae957bd549e739e5ed39bff	8051
mods/heroes.stormmod/enus.stormassets/localizeddata/sounds/vo/greymanebase_vox_gethitsmall_wolf06.fxe	d9555ebe65346c5e1042ddf29d3bdf3a	1146
mods/heroes.stormmod/enus.stormassets/localizeddata/sounds/vo/greymanebase_vox_gethitsmall_wolf06.ogg	1eb72101f4660ac7e631aa627013f6ff	8794
mods/heroes.stormmod/enus.stormassets/localizeddata/sounds/vo/greymanebase_vox_gethitsmall_wolf07.fxe	9b0208f26df14b5f3d7deebc0c248387	986
mods/heroes.stormmod/enus.stormassets/localizeddata/sounds/vo/greymanebase_vox_gethitsmall_wolf07.ogg	be40e38311c116c032d808f6464a00d3	10087
mods/heroes.stormmod/enus.stormassets/localizeddata/sounds/vo/greymanebase_vox_gethitsmall_wolf08.fxe	c699712600f61bd9733ac14feb8b00e0	986
mods/heroes.stormmod/enus.stormassets/localizeddata/sounds/vo/greymanebase_vox_gethitsmall_wolf08.ogg	603abf01a760854ed64be306f96539f9	8913
mods/heroes.stormmod/enus.stormassets/localizeddata/sounds/vo/greymanebase_vox_gethitsmall_wolf09.fxe	716ea10e57f508d6547f1f340bc7afb3	938
mods/heroes.stormmod/enus.stormassets/localizeddata/sounds/vo/greymanebase_vox_gethitsmall_wolf09.ogg	fb80733c4c29f702cbb852c322e8052f	9045
mods/heroes.stormmod/enus.stormassets/localizeddata/sounds/vo/greymanebase_vox_mellowgrowl_wolf00.fxe	2ea07c068991e6490c0f272cad684107	1706
mods/heroes.stormmod/enus.stormassets/localizeddata/sounds/vo/greymanebase_vox_mellowgrowl_wolf00.ogg	591ce25f96cfd79bf7fbf2ef4da06ba0	16117
mods/heroes.stormmod/enus.stormassets/localizeddata/sounds/vo/greymanebase_vox_mellowgrowl_wolf01.fxe	67000c4483f8b4c3f9806edbdde99f1e	1818
mods/heroes.stormmod/enus.stormassets/localizeddata/sounds/vo/greymanebase_vox_mellowgrowl_wolf01.ogg	0742aa27e5687f25f2831fba80e3a794	17880
mods/heroes.stormmod/enus.stormassets/localizeddata/sounds/vo/greymanebase_vox_mellowgrowl_wolf02.fxe	78b5228bdf32a71250e4350e5b9f6337	2170
mods/heroes.stormmod/enus.stormassets/localizeddata/sounds/vo/greymanebase_vox_mellowgrowl_wolf02.ogg	aabd833c337b4b425b0d39deb7f9f96f	17844
mods/heroes.stormmod/enus.stormassets/localizeddata/sounds/vo/greymanebase_vox_pulled00.fxe	6a7b6074ea117e98b902b536219f142b	1360
mods/heroes.stormmod/enus.stormassets/localizeddata/sounds/vo/greymanebase_vox_pulled00.ogg	0ea4e635d37f28073798b9319b30316e	11045
mods/heroes.stormmod/enus.stormassets/localizeddata/sounds/vo/greymanebase_vox_pulled01.fxe	ffbaa4e92bbc61e54c9e1d82947e0b36	1024
mods/heroes.stormmod/enus.stormassets/localizeddata/sounds/vo/greymanebase_vox_pulled01.ogg	8c1fa0dbde2fae3cdd0749ba69f597df	10775
mods/heroes.stormmod/enus.stormassets/localizeddata/sounds/vo/greymanebase_vox_pulled02.fxe	3ca6ba8ba06ca2595374b0ff7958a2d1	1232
mods/heroes.stormmod/enus.stormassets/localizeddata/sounds/vo/greymanebase_vox_pulled02.ogg	ae9fdc7b97e699a54cac8f7af079f302	10708
mods/heroes.stormmod/enus.stormassets/localizeddata/sounds/vo/greymanebase_vox_pulled03.fxe	39d8a9b6f49e6b2bf31d1e1f1638adc5	1472
mods/heroes.stormmod/enus.stormassets/localizeddata/sounds/vo/greymanebase_vox_pulled03.ogg	928e58db8a5f1706a6542b95b32e361e	11798
mods/heroes.stormmod/enus.stormassets/localizeddata/sounds/vo/greymanebase_vox_pulled04.fxe	14f0a549e9e880e7f3208091b2561471	1168
mods/heroes.stormmod/enus.stormassets/localizeddata/sounds/vo/greymanebase_vox_pulled04.ogg	512fda696d59a73372a5e02791563cd9	12678
mods/heroes.stormmod/enus.stormassets/localizeddata/sounds/vo/greymanebase_vox_pulled_wolf00.fxe	ed72046fb522aa6d5e1c6994ee22fd57	1653
mods/heroes.stormmod/enus.stormassets/localizeddata/sounds/vo/greymanebase_vox_pulled_wolf00.ogg	3f8e8c2b9884a7c5519687244c9f93d8	12466
mods/heroes.stormmod/enus.stormassets/localizeddata/sounds/vo/greymanebase_vox_pulled_wolf01.fxe	0c515d6f19fd8b1af965c11a7a54d7cd	1317
mods/heroes.stormmod/enus.stormassets/localizeddata/sounds/vo/greymanebase_vox_pulled_wolf01.ogg	9a91be7695e3bdc6199593c2ca30beb5	11287
mods/heroes.stormmod/enus.stormassets/localizeddata/sounds/vo/greymanebase_vox_pulled_wolf02.fxe	769ea671f4ffeacd82b4f5247cd88dbc	1349
mods/heroes.stormmod/enus.stormassets/localizeddata/sounds/vo/greymanebase_vox_pulled_wolf02.ogg	27a769eb9114c8129793f4571a5fd167	13629
mods/heroes.stormmod/enus.stormassets/localizeddata/sounds/vo/greymanebase_vox_pulled_wolf03.fxe	dfed247641a2e5463330679564a8d381	1333
mods/heroes.stormmod/enus.stormassets/localizeddata/sounds/vo/greymanebase_vox_pulled_wolf03.ogg	7d5bfd3d6736529c9db1c13b19bb858b	13721
mods/heroes.stormmod/enus.stormassets/localizeddata/sounds/vo/greymanebase_vox_pulled_wolf04.fxe	b6fff7c681312b66ad2ecfc6e61012c9	1557
mods/heroes.stormmod/enus.stormassets/localizeddata/sounds/vo/greymanebase_vox_pulled_wolf04.ogg	1f5ab8697e9c2253951f1e30cf93b718	13113
mods/heroes.stormmod/enus.stormassets/localizeddata/sounds/vo/greymanebase_vox_roll00.fxe	df2932c13f654212177eef51ec1f5428	1374
mods/heroes.stormmod/enus.stormassets/localizeddata/sounds/vo/greymanebase_vox_roll00.ogg	70c9e54b955845cc9333685431eb85a7	14613
mods/heroes.stormmod/enus.stormassets/localizeddata/sounds/vo/greymanebase_vox_roll01.fxe	7f5af7e0e6c4bfd719ed94d5e10ea5b8	1214
mods/heroes.stormmod/enus.stormassets/localizeddata/sounds/vo/greymanebase_vox_roll01.ogg	a74ed233a4b5c2877dd8dda9cf40e42f	13671
mods/heroes.stormmod/enus.stormassets/localizeddata/sounds/vo/greymanebase_vox_roll02.fxe	69db1e9adb814d8b2599bc2e9eae90a0	1646
mods/heroes.stormmod/enus.stormassets/localizeddata/sounds/vo/greymanebase_vox_roll02.ogg	36ea48c03619b8c6a9c73652144f12e3	14920
mods/heroes.stormmod/enus.stormassets/localizeddata/sounds/vo/greymanebase_vox_roll03.fxe	78db32ae0c310ec89dcc8dc9e65be482	1918
mods/heroes.stormmod/enus.stormassets/localizeddata/sounds/vo/greymanebase_vox_roll03.ogg	938dba631266372a5645560bb1f754e1	14726
mods/heroes.stormmod/enus.stormassets/localizeddata/sounds/vo/greymanebase_vox_roll04.fxe	84517b7fe4e85168e914ca1f3e7a6588	1502
mods/heroes.stormmod/enus.stormassets/localizeddata/sounds/vo/greymanebase_vox_roll04.ogg	1fe657b1a740feb0fb4ae4f9374a727d	14934
mods/heroes.stormmod/enus.stormassets/localizeddata/sounds/vo/greymanebase_vox_roll05.fxe	0441484ec2db7e7d6676372220edb193	1342
mods/heroes.stormmod/enus.stormassets/localizeddata/sounds/vo/greymanebase_vox_roll05.ogg	9a4f63afa5ba8d937ce71f90329de9ce	12158
mods/heroes.stormmod/enus.stormassets/localizeddata/sounds/vo/greymanebase_vox_roll06.fxe	efcd770b9a324da6a273f597d08ae85f	1502
mods/heroes.stormmod/enus.stormassets/localizeddata/sounds/vo/greymanebase_vox_roll06.ogg	be6ffb40c1c83e3839e3b5e4fb088833	15049
mods/heroes.stormmod/enus.stormassets/localizeddata/sounds/vo/greymanebase_vox_roll07.fxe	e24da2e7472f924102490128605638cb	1198
mods/heroes.stormmod/enus.stormassets/localizeddata/sounds/vo/greymanebase_vox_roll07.ogg	240d02d3caca5e579083a637a5493cd9	13883
mods/heroes.stormmod/enus.stormassets/localizeddata/sounds/vo/greymanebase_vox_roll08.fxe	3dbfde15390963b9e7d8d9c2c978c0f2	1934
mods/heroes.stormmod/enus.stormassets/localizeddata/sounds/vo/greymanebase_vox_roll08.ogg	3b01956106768755cacb63b1c390d33c	20139
mods/heroes.stormmod/enus.stormassets/localizeddata/sounds/vo/greymanebase_vox_roll09.fxe	f7cbe4eaa0fe54d2fa2a9d5f06a7f892	2254
mods/heroes.stormmod/enus.stormassets/localizeddata/sounds/vo/greymanebase_vox_roll09.ogg	bb77665dc86fdad193c350847fd6b60b	23909
mods/heroes.stormmod/enus.stormassets/localizeddata/sounds/vo/greymanebase_worthit00.fxe	a60fa06e9c931f23e20db77a9de6541c	1709
mods/heroes.stormmod/enus.stormassets/localizeddata/sounds/vo/greymanebase_worthit00.ogg	7aafff450df1aa4f85358b7fa4ce8da2	32105
mods/heroes.stormmod/enus.stormassets/localizeddata/sounds/vo/greymanebase_worthit01.fxe	7a1cee1067efcfe27e04fd7f0cd47ceb	1917
mods/heroes.stormmod/enus.stormassets/localizeddata/sounds/vo/greymanebase_worthit01.ogg	cd6d91b88b7b826042b03ab32e1bb56f	30812
mods/heroes.stormmod/enus.stormassets/localizeddata/sounds/vo/greymanebase_worthit02.fxe	7e597d704611fdb7c3350dd57634dbee	1789
mods/heroes.stormmod/enus.stormassets/localizeddata/sounds/vo/greymanebase_worthit02.ogg	1bb492c16bc1ac4e7035762b21bc4da8	35898
mods/heroes.stormmod/enus.stormassets/localizeddata/sounds/vo/greymanebase_yes00.fxe	396c13527f0f7e8472ae18074a1484c1	1369
mods/heroes.stormmod/enus.stormassets/localizeddata/sounds/vo/greymanebase_yes00.ogg	f7a103c45e4a1ce05781614d3b92fff3	28607
mods/heroes.stormmod/enus.stormassets/localizeddata/sounds/vo/greymanebase_yes01.fxe	9a18a4f2a0d7457d78c86b19c37244b0	1673
mods/heroes.stormmod/enus.stormassets/localizeddata/sounds/vo/greymanebase_yes01.ogg	fc89810b9ecefdc8c6981342d1ba56c7	34793
mods/heroes.stormmod/enus.stormassets/localizeddata/sounds/vo/greymanebase_yes02.fxe	42a83cb98771a327d3490d69521eda6f	1145
mods/heroes.stormmod/enus.stormassets/localizeddata/sounds/vo/greymanebase_yes02.ogg	992bdacc8e3d1a1812834fdd324e4c0b	18429
mods/heroes.stormmod/enus.stormassets/localizeddata/sounds/vo/greymanebase_yes03.fxe	9d93bcf6e210c80fb4702dd5fd0b1cc0	1209
mods/heroes.stormmod/enus.stormassets/localizeddata/sounds/vo/greymanebase_yes03.ogg	21a2174934cddec60250dabd8fd3c612	24117
mods/heroes.stormmod/enus.stormassets/localizeddata/sounds/vo/greymanebase_yes04.fxe	c1a87235e6ec1dea32042f14b1ccea78	1737
mods/heroes.stormmod/enus.stormassets/localizeddata/sounds/vo/greymanebase_yes04.ogg	984af69e4653ff5474dcb5eb22667083	31519
mods/heroes.stormmod/enus.stormassets/localizeddata/sounds/vo/greymanebase_yes05.fxe	4d6339c5660a5d5a88fac28d1b3d2c04	1193
mods/heroes.stormmod/enus.stormassets/localizeddata/sounds/vo/greymanebase_yes05.ogg	67424021bd035186745d12ae3225131e	20767
mods/heroes.stormmod/enus.stormassets/localizeddata/sounds/vo/greymanebase_yes06.fxe	bbc81ff0ffa93f3859c1fec0cf2a580d	1177
mods/heroes.stormmod/enus.stormassets/localizeddata/sounds/vo/greymanebase_yes06.ogg	35c2fdb692d590fdd9fa6bc0b6f9ebcf	26050
mods/heroes.stormmod/enus.stormassets/localizeddata/sounds/vo/greymanebase_yes07.fxe	65dc4308fa55b5c411f81f8fa317d9f4	1961
mods/heroes.stormmod/enus.stormassets/localizeddata/sounds/vo/greymanebase_yes07.ogg	450d3cb778ee98917e1cf421b7fd638f	32864
mods/heroes.stormmod/enus.stormassets/localizeddata/sounds/vo/greymanebase_yes08.fxe	dcbf47d9f64c2003d12bc831d941d2be	1577
mods/heroes.stormmod/enus.stormassets/localizeddata/sounds/vo/greymanebase_yes08.ogg	608022c4b3f79a1a4842019dd7071757	32161
mods/heroes.stormmod/enus.stormassets/localizeddata/sounds/vo/greymanebase_yes_wolf00.fxe	8b769df6c7b835ce751e238b243c79d3	1086
mods/heroes.stormmod/enus.stormassets/localizeddata/sounds/vo/greymanebase_yes_wolf00.ogg	c3fd71152c76703a102f92e38f08dec8	18081
mods/heroes.stormmod/enus.stormassets/localizeddata/sounds/vo/greymanebase_yes_wolf01.fxe	651115d545c26402f1439b7d6abe23f3	1550
mods/heroes.stormmod/enus.stormassets/localizeddata/sounds/vo/greymanebase_yes_wolf01.ogg	7b3e774e437f85189dfe4dc545bfa571	27072
mods/heroes.stormmod/enus.stormassets/localizeddata/sounds/vo/greymanebase_yes_wolf02.fxe	39b17fcb3987f6c281c0b193cadef738	1390
mods/heroes.stormmod/enus.stormassets/localizeddata/sounds/vo/greymanebase_yes_wolf02.ogg	7ecd4ce0c9872df64c4f419deff7e7c0	32172
mods/heroes.stormmod/enus.stormassets/localizeddata/sounds/vo/greymanebase_yes_wolf03.fxe	5ccb1b17ee6a3ec872598955b221254d	1246
mods/heroes.stormmod/enus.stormassets/localizeddata/sounds/vo/greymanebase_yes_wolf03.ogg	75296e04a212abf38ef5dce904f3446d	23478
mods/heroes.stormmod/enus.stormassets/localizeddata/sounds/vo/greymanebase_yes_wolf04.fxe	3bee1a687520f247fc6ed50bfcf1c7ab	1262
mods/heroes.stormmod/enus.stormassets/localizeddata/sounds/vo/greymanebase_yes_wolf04.ogg	ae2494399e0ee1b6866ff255ec52a008	24510
mods/heroes.stormmod/enus.stormassets/localizeddata/sounds/vo/greymanebase_yes_wolf05.fxe	dc493497fe301f08cd62aacd98437555	1294
mods/heroes.stormmod/enus.stormassets/localizeddata/sounds/vo/greymanebase_yes_wolf05.ogg	beedc0cb31d6526f7f793d6026e23641	25819
mods/heroes.stormmod/enus.stormassets/localizeddata/sounds/vo/greymanebase_yes_wolf06.fxe	5e9d2ed9aeb80ca6e989ddfdfff33568	1022
mods/heroes.stormmod/enus.stormassets/localizeddata/sounds/vo/greymanebase_yes_wolf06.ogg	8257d8e3b6265953b37cbea0592738c0	18184
mods/heroes.stormmod/enus.stormassets/localizeddata/sounds/vo/greymanebase_yes_wolf07.fxe	2262473d062e9cb04fb9432a172011fb	1582
mods/heroes.stormmod/enus.stormassets/localizeddata/sounds/vo/greymanebase_yes_wolf07.ogg	cd501c7297459d35c3b0c68127ab78b3	24333
mods/heroes.stormmod/enus.stormassets/localizeddata/sounds/vo/greymanebase_yes_wolf08.fxe	0696df4c0d327273f937c9c5ba91c261	1502
mods/heroes.stormmod/enus.stormassets/localizeddata/sounds/vo/greymanebase_yes_wolf08.ogg	eb9211cbfc21419e4251f5efc2a50f43	21708
mods/heroes.stormmod/enus.stormassets/localizeddata/sounds/vo/greymanebase_yes_wolf09.fxe	cd965267dedaec7f6173d4a2e7e28851	1550
mods/heroes.stormmod/enus.stormassets/localizeddata/sounds/vo/greymanebase_yes_wolf09.ogg	0c77037efdc1f4c3d94b7cdd12154ecb	23804
