mods/heroes.stormmod/enus.stormassets/localizeddata/sounds/vo/kelthuzada_castleattack_blue00.fxe	f8d7b607de62f3bb0b67b77394b894bf	2262
mods/heroes.stormmod/enus.stormassets/localizeddata/sounds/vo/kelthuzada_castleattack_blue00.ogg	83b85f9034c4ffb96018d32b12c68882	47225
mods/heroes.stormmod/enus.stormassets/localizeddata/sounds/vo/kelthuzada_castleattack_red00.fxe	f5c9eb41ee80b3b55d138021b6b7d4a2	2181
mods/heroes.stormmod/enus.stormassets/localizeddata/sounds/vo/kelthuzada_castleattack_red00.ogg	a4df8b3fda742060eda7d130822aa9b3	38845
mods/heroes.stormmod/enus.stormassets/localizeddata/sounds/vo/kelthuzada_castleattackally00.fxe	d99afe2282cb928dd3017aac0258fe06	2037
mods/heroes.stormmod/enus.stormassets/localizeddata/sounds/vo/kelthuzada_castleattackally00.ogg	d90d493cda03b53bd55886c2545a7472	40909
mods/heroes.stormmod/enus.stormassets/localizeddata/sounds/vo/kelthuzada_castleattackally01.fxe	075d821a1220407408d9548b83e9a192	3413
mods/heroes.stormmod/enus.stormassets/localizeddata/sounds/vo/kelthuzada_castleattackally01.ogg	2490550ed5cea8105b45c4120311f3d0	70650
mods/heroes.stormmod/enus.stormassets/localizeddata/sounds/vo/kelthuzada_countdown10sec00.fxe	159e722aad78061a137fade5d96d0eb5	1171
mods/heroes.stormmod/enus.stormassets/localizeddata/sounds/vo/kelthuzada_countdown10sec00.ogg	b31fbed5749b669cfd59f50f9129ebdb	27844
mods/heroes.stormmod/enus.stormassets/localizeddata/sounds/vo/kelthuzada_countdown1sec00.fxe	345fd9e54765f7708eb9f5699ace024a	882
mods/heroes.stormmod/enus.stormassets/localizeddata/sounds/vo/kelthuzada_countdown1sec00.ogg	eab5ca4e64c0519fba7352a1231824ce	15905
mods/heroes.stormmod/enus.stormassets/localizeddata/sounds/vo/kelthuzada_countdown2sec00.fxe	844c423d2ba225678d135e06f024c440	866
mods/heroes.stormmod/enus.stormassets/localizeddata/sounds/vo/kelthuzada_countdown2sec00.ogg	cba385fcce117f177083d26d10abcf6d	16680
mods/heroes.stormmod/enus.stormassets/localizeddata/sounds/vo/kelthuzada_countdown3sec00.fxe	ff05c9da30fac31aec9b6c02ae1211ee	1010
mods/heroes.stormmod/enus.stormassets/localizeddata/sounds/vo/kelthuzada_countdown3sec00.ogg	eb6b2f084b96233591a340865bbb4622	16214
mods/heroes.stormmod/enus.stormassets/localizeddata/sounds/vo/kelthuzada_countdown4sec00.fxe	e593fb711125a5a83c30ce887524f102	866
mods/heroes.stormmod/enus.stormassets/localizeddata/sounds/vo/kelthuzada_countdown4sec00.ogg	286ccce428de5fe53f50d4e6b9d7759c	16311
mods/heroes.stormmod/enus.stormassets/localizeddata/sounds/vo/kelthuzada_countdown5sec00.fxe	2013d46f07d8e0c821564153bba71b7e	850
mods/heroes.stormmod/enus.stormassets/localizeddata/sounds/vo/kelthuzada_countdown5sec00.ogg	decc5a186a81c83787e03ef5590d5a9d	16136
mods/heroes.stormmod/enus.stormassets/localizeddata/sounds/vo/kelthuzada_countdownremain00.fxe	d383096468b61f877c2c2bd552b3925a	1300
mods/heroes.stormmod/enus.stormassets/localizeddata/sounds/vo/kelthuzada_countdownremain00.ogg	6a398577797a49288f0edca325db0779	27550
mods/heroes.stormmod/enus.stormassets/localizeddata/sounds/vo/kelthuzada_doublekill00.fxe	0bd30147de22a44525d678b7f6dd2fa5	1311
mods/heroes.stormmod/enus.stormassets/localizeddata/sounds/vo/kelthuzada_doublekill00.ogg	27dd5eb6e04301b15c90bc02a2e973e4	26171
mods/heroes.stormmod/enus.stormassets/localizeddata/sounds/vo/kelthuzada_doublekill01.fxe	9aa55dfb2116011967fbfc0224a62134	1375
mods/heroes.stormmod/enus.stormassets/localizeddata/sounds/vo/kelthuzada_doublekill01.ogg	7ed2d4ff5a28addb49af757433fd4435	31535
mods/heroes.stormmod/enus.stormassets/localizeddata/sounds/vo/kelthuzada_doublekill02.fxe	2d7b11ccbc9ffd378c67535f000b9c1e	1279
mods/heroes.stormmod/enus.stormassets/localizeddata/sounds/vo/kelthuzada_doublekill02.ogg	78656f2a4c4ce5b8039a8eba5aedfbbf	34047
mods/heroes.stormmod/enus.stormassets/localizeddata/sounds/vo/kelthuzada_ending_blue00.fxe	0c8b279deeb4c783cdad56301d11e14a	2112
mods/heroes.stormmod/enus.stormassets/localizeddata/sounds/vo/kelthuzada_ending_blue00.ogg	9095ef6ceffbf92ceb15e2a5a0ea3f96	49125
mods/heroes.stormmod/enus.stormassets/localizeddata/sounds/vo/kelthuzada_ending_red00.fxe	69e330666929bbe8f98453c558398bfa	2127
mods/heroes.stormmod/enus.stormassets/localizeddata/sounds/vo/kelthuzada_ending_red00.ogg	b9ea19a1c67110561659758ea5d41f70	46329
mods/heroes.stormmod/enus.stormassets/localizeddata/sounds/vo/kelthuzada_endinglose00.fxe	924af13cead413a0810ec660fb0b2da3	1151
mods/heroes.stormmod/enus.stormassets/localizeddata/sounds/vo/kelthuzada_endinglose00.ogg	ee4ab371aeba3ca8cca50dcf1fa8124a	24590
mods/heroes.stormmod/enus.stormassets/localizeddata/sounds/vo/kelthuzada_endinglose01.fxe	458503b50a821af7d8e120a8b3f33002	3615
mods/heroes.stormmod/enus.stormassets/localizeddata/sounds/vo/kelthuzada_endinglose01.ogg	a3baeaeb18486635da2ca1574ddc16a1	78416
mods/heroes.stormmod/enus.stormassets/localizeddata/sounds/vo/kelthuzada_endinglose02.fxe	4fc52138854cc2ed5cec7784a6f13311	3023
mods/heroes.stormmod/enus.stormassets/localizeddata/sounds/vo/kelthuzada_endinglose02.ogg	ed4f2eadaefd75240c869e7347927f08	74683
mods/heroes.stormmod/enus.stormassets/localizeddata/sounds/vo/kelthuzada_endinglose03.fxe	59c533413491a8bad807c63c61145eb0	2223
mods/heroes.stormmod/enus.stormassets/localizeddata/sounds/vo/kelthuzada_endinglose03.ogg	56410556bc8aa9e2747f6d4111d26003	50915
mods/heroes.stormmod/enus.stormassets/localizeddata/sounds/vo/kelthuzada_endingwin00.fxe	bb60eeb820ba56d26f2b5836ba508529	1230
mods/heroes.stormmod/enus.stormassets/localizeddata/sounds/vo/kelthuzada_endingwin00.ogg	a26e23918f7bc3fdc74b320c15d3c2f9	29930
mods/heroes.stormmod/enus.stormassets/localizeddata/sounds/vo/kelthuzada_endingwin01.fxe	f1a7225b6ab57b73afe7bfa09722a6a2	1678
mods/heroes.stormmod/enus.stormassets/localizeddata/sounds/vo/kelthuzada_endingwin01.ogg	73de3382760a40c2919ebc696c996b35	37910
mods/heroes.stormmod/enus.stormassets/localizeddata/sounds/vo/kelthuzada_endingwin02.fxe	26ac001dd27c7c7b3f48d0b3e2d2ba65	2718
mods/heroes.stormmod/enus.stormassets/localizeddata/sounds/vo/kelthuzada_endingwin02.ogg	4bd386455fe3728337fdb28d9e2b798f	54616
mods/heroes.stormmod/enus.stormassets/localizeddata/sounds/vo/kelthuzada_firstblood_blue00.fxe	0fdd53360b964ba026a020f968795de9	2324
mods/heroes.stormmod/enus.stormassets/localizeddata/sounds/vo/kelthuzada_firstblood_blue00.ogg	d9d4996aae047a08566f435f7e45b8a9	46206
mods/heroes.stormmod/enus.stormassets/localizeddata/sounds/vo/kelthuzada_firstblood_red00.fxe	7602cb713119cdcd05c5e1d7a3925fa0	2371
mods/heroes.stormmod/enus.stormassets/localizeddata/sounds/vo/kelthuzada_firstblood_red00.ogg	00e83ad3e1668bd4e007a4a955e7fa38	55640
mods/heroes.stormmod/enus.stormassets/localizeddata/sounds/vo/kelthuzada_firstbloodally00.fxe	e6301ff725e8f71e88ef8445faaac53e	1267
mods/heroes.stormmod/enus.stormassets/localizeddata/sounds/vo/kelthuzada_firstbloodally00.ogg	f51f3edee22dcfb11865b900c8431609	34115
mods/heroes.stormmod/enus.stormassets/localizeddata/sounds/vo/kelthuzada_fourkill00.fxe	bb35e217e8d43b68b37ac1b68deb199b	1229
mods/heroes.stormmod/enus.stormassets/localizeddata/sounds/vo/kelthuzada_fourkill00.ogg	037c760fa0144c1f4ec16d9cb4cec3e8	33017
mods/heroes.stormmod/enus.stormassets/localizeddata/sounds/vo/kelthuzada_gamestart00.fxe	c65de419636addf664ce8f1c4ba2242e	1806
mods/heroes.stormmod/enus.stormassets/localizeddata/sounds/vo/kelthuzada_gamestart00.ogg	b7035ba169530daad0bedbd68b989438	47690
mods/heroes.stormmod/enus.stormassets/localizeddata/sounds/vo/kelthuzada_gamestart01.fxe	78424146ac87d50787b9cd0bafd4608c	1598
mods/heroes.stormmod/enus.stormassets/localizeddata/sounds/vo/kelthuzada_gamestart01.ogg	9e81e0fafff6923c363a8b6d1e341372	57076
mods/heroes.stormmod/enus.stormassets/localizeddata/sounds/vo/kelthuzada_gamestart02.fxe	6c22923b7eff311db301c711385fda7d	2718
mods/heroes.stormmod/enus.stormassets/localizeddata/sounds/vo/kelthuzada_gamestart02.ogg	2e51beb36078cb6c7b22d309e3a965fd	57967
mods/heroes.stormmod/enus.stormassets/localizeddata/sounds/vo/kelthuzada_gravestomp00.fxe	9a8f7bacf4556e94e13b0429e1984c69	1551
mods/heroes.stormmod/enus.stormassets/localizeddata/sounds/vo/kelthuzada_gravestomp00.ogg	f497b1f21e4c8b69ce082cf799c2a6d7	33632
mods/heroes.stormmod/enus.stormassets/localizeddata/sounds/vo/kelthuzada_gravestomp_observer00.fxe	f8ca9b0171c0190f78cbe1e6717c0946	1512
mods/heroes.stormmod/enus.stormassets/localizeddata/sounds/vo/kelthuzada_gravestomp_observer00.ogg	ccf6430b439b6dc02d13acca29c309a7	33411
mods/heroes.stormmod/enus.stormassets/localizeddata/sounds/vo/kelthuzada_herokill00.fxe	5b4e54a5313880845aab90aba42ec227	1549
mods/heroes.stormmod/enus.stormassets/localizeddata/sounds/vo/kelthuzada_herokill00.ogg	faa01f3d90e6b6f9dc50522ee85da11a	40546
mods/heroes.stormmod/enus.stormassets/localizeddata/sounds/vo/kelthuzada_herokill01.fxe	a1bef37fa029f6e8e677660adf22ba4e	2477
mods/heroes.stormmod/enus.stormassets/localizeddata/sounds/vo/kelthuzada_herokill01.ogg	5aa1f1061c055ed8efa95864e4bc478b	57556
mods/heroes.stormmod/enus.stormassets/localizeddata/sounds/vo/kelthuzada_herokill02.fxe	a0af073b8f81573a78129ec6ce75386d	2493
mods/heroes.stormmod/enus.stormassets/localizeddata/sounds/vo/kelthuzada_herokill02.ogg	683ba343d9bc2c84eaf9aca9678ab4b4	59079
mods/heroes.stormmod/enus.stormassets/localizeddata/sounds/vo/kelthuzada_herokill03.fxe	e575a78f9ad956d42094dff153b74d28	2093
mods/heroes.stormmod/enus.stormassets/localizeddata/sounds/vo/kelthuzada_herokill03.ogg	e80799ddaacc0a31658d779d0200d874	53736
mods/heroes.stormmod/enus.stormassets/localizeddata/sounds/vo/kelthuzada_herokill04_01.fxe	63edd89dd8154915ee4d090accd201fd	2080
mods/heroes.stormmod/enus.stormassets/localizeddata/sounds/vo/kelthuzada_herokill04_01.ogg	f64ddfff3acca1a6093eef6dcbdd94f9	38787
mods/heroes.stormmod/enus.stormassets/localizeddata/sounds/vo/kelthuzada_herokill04_02.fxe	ca70e0b51bf547dab0a0943a0cebe0fe	2912
mods/heroes.stormmod/enus.stormassets/localizeddata/sounds/vo/kelthuzada_herokill04_02.ogg	0ecbf4c6c4dacde9b33a92de36161dbe	41273
mods/heroes.stormmod/enus.stormassets/localizeddata/sounds/vo/kelthuzada_herokill05.fxe	4056e5bc350c723dd4b76ae5ecb963b9	1709
mods/heroes.stormmod/enus.stormassets/localizeddata/sounds/vo/kelthuzada_herokill05.ogg	4cdfb99d234b9ee290f046f91e2012ea	43350
mods/heroes.stormmod/enus.stormassets/localizeddata/sounds/vo/kelthuzada_herokill06.fxe	80e440fa147a682278c9fa05cc9fb7ce	2621
mods/heroes.stormmod/enus.stormassets/localizeddata/sounds/vo/kelthuzada_herokill06.ogg	b482015b536e9bb9c5898169d70f7806	54270
mods/heroes.stormmod/enus.stormassets/localizeddata/sounds/vo/kelthuzada_heroselect00.fxe	4016b570f877cab1bd14fbc06c4971d5	4735
mods/heroes.stormmod/enus.stormassets/localizeddata/sounds/vo/kelthuzada_heroselect00.ogg	4ed7042002a999de3ac89524ab9080a4	134342
mods/heroes.stormmod/enus.stormassets/localizeddata/sounds/vo/kelthuzada_heroselect01.fxe	f9dd7cb65bfc92f5802a818126e6b047	3055
mods/heroes.stormmod/enus.stormassets/localizeddata/sounds/vo/kelthuzada_heroselect01.ogg	68091a7c013b5e31e9c0d72c95ec8d8c	71404
mods/heroes.stormmod/enus.stormassets/localizeddata/sounds/vo/kelthuzada_heroselect_observer00.fxe	0ea151182d9eaebcf74d7c9ad6ddbff4	2968
mods/heroes.stormmod/enus.stormassets/localizeddata/sounds/vo/kelthuzada_heroselect_observer00.ogg	9cf5b53ba1c63b8e55f399023d9231ef	62246
mods/heroes.stormmod/enus.stormassets/localizeddata/sounds/vo/kelthuzada_heroselectplayer00.fxe	4c99d21fe51c37ecb4ce53dcf403d820	3109
mods/heroes.stormmod/enus.stormassets/localizeddata/sounds/vo/kelthuzada_heroselectplayer00.ogg	1735fbd7daaf25d5956f4ac335c193f8	91519
mods/heroes.stormmod/enus.stormassets/localizeddata/sounds/vo/kelthuzada_heroselectplayer01.fxe	44ef88b8e0622800b78eb6840c84b4d6	5909
mods/heroes.stormmod/enus.stormassets/localizeddata/sounds/vo/kelthuzada_heroselectplayer01.ogg	e9a63b75aae06e3528f44e08f1757870	153201
mods/heroes.stormmod/enus.stormassets/localizeddata/sounds/vo/kelthuzada_heroselectplayer02.fxe	890cce3dbf80b4ae7a4c281c58fac19b	3173
mods/heroes.stormmod/enus.stormassets/localizeddata/sounds/vo/kelthuzada_heroselectplayer02.ogg	e8b294bae889ce2a9296712283fec13f	69510
mods/heroes.stormmod/enus.stormassets/localizeddata/sounds/vo/kelthuzada_heroslain00.fxe	b15cc4665c3b172d571b15359f795026	2558
mods/heroes.stormmod/enus.stormassets/localizeddata/sounds/vo/kelthuzada_heroslain00.ogg	44d1739d344014c3a0484bbca2d846c2	67072
mods/heroes.stormmod/enus.stormassets/localizeddata/sounds/vo/kelthuzada_heroslain01.fxe	4e0d0f03fbe432f126f09dd2ee165223	2046
mods/heroes.stormmod/enus.stormassets/localizeddata/sounds/vo/kelthuzada_heroslain01.ogg	6495d75a787cd330e7bb5f7a2664da84	34741
mods/heroes.stormmod/enus.stormassets/localizeddata/sounds/vo/kelthuzada_heroslain02.fxe	47963e8bb6254a3319ea23f8b3e7a080	2462
mods/heroes.stormmod/enus.stormassets/localizeddata/sounds/vo/kelthuzada_heroslain02.ogg	037466be33f6e0cc81bd3a3f49ef1757	60779
mods/heroes.stormmod/enus.stormassets/localizeddata/sounds/vo/kelthuzada_heroslain03.fxe	37daa38dc8a1d3fe5ccc790c9292e60b	3150
mods/heroes.stormmod/enus.stormassets/localizeddata/sounds/vo/kelthuzada_heroslain03.ogg	93a0189688518cc747b57c8fb99a61bf	65524
mods/heroes.stormmod/enus.stormassets/localizeddata/sounds/vo/kelthuzada_heroslain04.fxe	31e152527524caab745544de3ddf9394	3230
mods/heroes.stormmod/enus.stormassets/localizeddata/sounds/vo/kelthuzada_heroslain04.ogg	4218e5b451628ac3feb9cc27e610f406	63821
mods/heroes.stormmod/enus.stormassets/localizeddata/sounds/vo/kelthuzada_keepdestroy00.fxe	3e1ebee81f94635bbf1112bc000a6409	1120
mods/heroes.stormmod/enus.stormassets/localizeddata/sounds/vo/kelthuzada_keepdestroy00.ogg	01eee7e3f5762f588c9fcbb6d0ce85b9	32113
mods/heroes.stormmod/enus.stormassets/localizeddata/sounds/vo/kelthuzada_keepdestroy01.fxe	d5d3b9edeaff19afcc6f088790a31fb4	3296
mods/heroes.stormmod/enus.stormassets/localizeddata/sounds/vo/kelthuzada_keepdestroy01.ogg	242449a15efbf6fd21b4390e39973313	68547
mods/heroes.stormmod/enus.stormassets/localizeddata/sounds/vo/kelthuzada_keepdestroy02.fxe	b24443c100388b69ef50dca881069163	1616
mods/heroes.stormmod/enus.stormassets/localizeddata/sounds/vo/kelthuzada_keepdestroy02.ogg	78b96df16f83ea33286f1b7f12f886be	40275
mods/heroes.stormmod/enus.stormassets/localizeddata/sounds/vo/kelthuzada_keepdestroy_blue00.fxe	8d8666f032a46ea03fe3692a7edd55e9	2053
mods/heroes.stormmod/enus.stormassets/localizeddata/sounds/vo/kelthuzada_keepdestroy_blue00.ogg	cd3f0c26ca0d99b3201e3160dd999c2c	42577
mods/heroes.stormmod/enus.stormassets/localizeddata/sounds/vo/kelthuzada_keepdestroy_red00.fxe	022808687db5d9340eb419742ed6372e	2276
mods/heroes.stormmod/enus.stormassets/localizeddata/sounds/vo/kelthuzada_keepdestroy_red00.ogg	ff733767b08ce2bd8968a15d1a14c9d6	44144
mods/heroes.stormmod/enus.stormassets/localizeddata/sounds/vo/kelthuzada_keeplost00.fxe	18f3bb36fbd13a7f5ef125c3fc85f828	1229
mods/heroes.stormmod/enus.stormassets/localizeddata/sounds/vo/kelthuzada_keeplost00.ogg	5c8840bb048c0db24127c909b8340db8	32442
mods/heroes.stormmod/enus.stormassets/localizeddata/sounds/vo/kelthuzada_keeplost01.fxe	9da6fe0658d4400d90ec874fa06c43a5	1741
mods/heroes.stormmod/enus.stormassets/localizeddata/sounds/vo/kelthuzada_keeplost01.ogg	002d608e645b95f0cdc69e4f94406c02	46697
mods/heroes.stormmod/enus.stormassets/localizeddata/sounds/vo/kelthuzada_keeplost02.fxe	f54b977ef636ecfcbbcdebd265c70a0d	2765
mods/heroes.stormmod/enus.stormassets/localizeddata/sounds/vo/kelthuzada_keeplost02.ogg	d172aad6f12a87038a12cee502786b7c	55909
mods/heroes.stormmod/enus.stormassets/localizeddata/sounds/vo/kelthuzada_kill_observer00.fxe	755e0552e01a1fd7548da3793e4a3d0a	1218
mods/heroes.stormmod/enus.stormassets/localizeddata/sounds/vo/kelthuzada_kill_observer00.ogg	da05c730687c7f25518db608d522e8b5	28766
mods/heroes.stormmod/enus.stormassets/localizeddata/sounds/vo/kelthuzada_kill_observer01.fxe	35ffe72970fd7bd7acb43adc969dfe96	1282
mods/heroes.stormmod/enus.stormassets/localizeddata/sounds/vo/kelthuzada_kill_observer01.ogg	4c2e13ed47103af9c30d72b0ba990a83	33238
mods/heroes.stormmod/enus.stormassets/localizeddata/sounds/vo/kelthuzada_kill_observer02.fxe	386cc77c6d60f18fe858bc06d27abacc	1250
mods/heroes.stormmod/enus.stormassets/localizeddata/sounds/vo/kelthuzada_kill_observer02.ogg	1d5624928afb06a8137227b24b4d990f	30020
mods/heroes.stormmod/enus.stormassets/localizeddata/sounds/vo/kelthuzada_kill_observer03.fxe	9158dcc6cc48dd80d4c2ae9ebd776c39	1266
mods/heroes.stormmod/enus.stormassets/localizeddata/sounds/vo/kelthuzada_kill_observer03.ogg	f9a97826bccc6ef1e4c50f2b6c2b765d	38070
mods/heroes.stormmod/enus.stormassets/localizeddata/sounds/vo/kelthuzada_kill_observer04.fxe	01606f7406c48a54e08aa2851312ccf7	1314
mods/heroes.stormmod/enus.stormassets/localizeddata/sounds/vo/kelthuzada_kill_observer04.ogg	b394afa3a84a369702816c7c5bf00a5e	39004
mods/heroes.stormmod/enus.stormassets/localizeddata/sounds/vo/kelthuzada_megakill00.fxe	b6b79072b1ad699aa2f8185cb48227ec	1165
mods/heroes.stormmod/enus.stormassets/localizeddata/sounds/vo/kelthuzada_megakill00.ogg	d193b5cf6ee0d100ae1b12000610101f	43615
mods/heroes.stormmod/enus.stormassets/localizeddata/sounds/vo/kelthuzada_outpostdestroy00.fxe	e2f6248c90bbaef3720f32f67141a714	2179
mods/heroes.stormmod/enus.stormassets/localizeddata/sounds/vo/kelthuzada_outpostdestroy00.ogg	66e3e5ab6f7cbc7173090e74aeefa466	47240
mods/heroes.stormmod/enus.stormassets/localizeddata/sounds/vo/kelthuzada_outpostdestroy01.fxe	f011b7c9c0ff36fb40d7ca888f7ab8bc	2019
mods/heroes.stormmod/enus.stormassets/localizeddata/sounds/vo/kelthuzada_outpostdestroy01.ogg	f4d6b1aaf87e097dfbd13f6fea47ee72	39071
mods/heroes.stormmod/enus.stormassets/localizeddata/sounds/vo/kelthuzada_outpostdestroy02.fxe	1534efd75023072fbd2d5d97f52c4da3	1763
mods/heroes.stormmod/enus.stormassets/localizeddata/sounds/vo/kelthuzada_outpostdestroy02.ogg	8132610d224e9b53c7ffd976721debe4	41083
mods/heroes.stormmod/enus.stormassets/localizeddata/sounds/vo/kelthuzada_outpostdestroy03.fxe	56068b22283726bbc267d2af0aa2fef2	2211
mods/heroes.stormmod/enus.stormassets/localizeddata/sounds/vo/kelthuzada_outpostdestroy03.ogg	53ab004db203651762627c85b4104de7	51335
mods/heroes.stormmod/enus.stormassets/localizeddata/sounds/vo/kelthuzada_outpostdestroy04.fxe	889210931167c1fec840af9872647cc4	1219
mods/heroes.stormmod/enus.stormassets/localizeddata/sounds/vo/kelthuzada_outpostdestroy04.ogg	d8a9424c05406c06496354f470b8e9cc	42166
mods/heroes.stormmod/enus.stormassets/localizeddata/sounds/vo/kelthuzada_outpostdestroy05.fxe	b612ac0c7a54008aeff154fd3317232e	1139
mods/heroes.stormmod/enus.stormassets/localizeddata/sounds/vo/kelthuzada_outpostdestroy05.ogg	e09a4e99fdb7a3613f00bf90e48b662c	27764
mods/heroes.stormmod/enus.stormassets/localizeddata/sounds/vo/kelthuzada_outpostdestroy_blue00.fxe	d77b7a53a31786aa1acaf1178e6fa678	2680
mods/heroes.stormmod/enus.stormassets/localizeddata/sounds/vo/kelthuzada_outpostdestroy_blue00.ogg	ead8523a470796e20bce7d9492c34d57	47673
mods/heroes.stormmod/enus.stormassets/localizeddata/sounds/vo/kelthuzada_outpostdestroy_red00.fxe	326774ab85e8ad9486437ff4d29cd361	2375
mods/heroes.stormmod/enus.stormassets/localizeddata/sounds/vo/kelthuzada_outpostdestroy_red00.ogg	982893f4bd833644efa10aebb9cf28d8	42559
mods/heroes.stormmod/enus.stormassets/localizeddata/sounds/vo/kelthuzada_outpostlost00.fxe	acf3aa30bade7a0f5389e99115616c88	1360
mods/heroes.stormmod/enus.stormassets/localizeddata/sounds/vo/kelthuzada_outpostlost00.ogg	21e6b1d0e4292c5b726efd3279ecc215	29173
mods/heroes.stormmod/enus.stormassets/localizeddata/sounds/vo/kelthuzada_outpostlost01.fxe	748877b8071ed5857e6be920624ba7b0	2192
mods/heroes.stormmod/enus.stormassets/localizeddata/sounds/vo/kelthuzada_outpostlost01.ogg	242fe1294e57654a6f5bb78f798b57c5	43952
mods/heroes.stormmod/enus.stormassets/localizeddata/sounds/vo/kelthuzada_outpostlost02.fxe	c4fd0aeac55f329fc47c84b7f1215579	2512
mods/heroes.stormmod/enus.stormassets/localizeddata/sounds/vo/kelthuzada_outpostlost02.ogg	906dcddd7933abc10cb8b77ced12e433	57404
mods/heroes.stormmod/enus.stormassets/localizeddata/sounds/vo/kelthuzada_outpostlost03.fxe	62eed82024854249ceb603f4bf2f8e39	3504
mods/heroes.stormmod/enus.stormassets/localizeddata/sounds/vo/kelthuzada_outpostlost03.ogg	1cc74d30d4ff064047366a51c13c45ef	79947
mods/heroes.stormmod/enus.stormassets/localizeddata/sounds/vo/kelthuzada_outpostlost04_alt.fxe	46d1d08ef82b3bb3c9682cb77f7b3497	2612
mods/heroes.stormmod/enus.stormassets/localizeddata/sounds/vo/kelthuzada_outpostlost04_alt.ogg	c18e228149d18be09a901ff2dbea750a	51373
mods/heroes.stormmod/enus.stormassets/localizeddata/sounds/vo/kelthuzada_playerabandon00.fxe	baa09e5ec6ecedf61aa0a8b2ce74b4f4	2786
mods/heroes.stormmod/enus.stormassets/localizeddata/sounds/vo/kelthuzada_playerabandon00.ogg	09354bf113c7b6b91299b6414c455cc2	72810
mods/heroes.stormmod/enus.stormassets/localizeddata/sounds/vo/kelthuzada_playerrejoin00.fxe	a7e674b5dcf5f3ee973bd06c353cbbe7	1649
mods/heroes.stormmod/enus.stormassets/localizeddata/sounds/vo/kelthuzada_playerrejoin00.ogg	39208df8e6bef180a501986a1fb29e4f	48202
mods/heroes.stormmod/enus.stormassets/localizeddata/sounds/vo/kelthuzada_revive00.fxe	6b6f644f5b52198c9eeb78e3e02714e4	1499
mods/heroes.stormmod/enus.stormassets/localizeddata/sounds/vo/kelthuzada_revive00.ogg	9b354cd45a7c435e87169c9ca1e7000b	40013
mods/heroes.stormmod/enus.stormassets/localizeddata/sounds/vo/kelthuzada_revive_observer00.fxe	9cacbff6def1ab9323ed2232c9331a73	1524
mods/heroes.stormmod/enus.stormassets/localizeddata/sounds/vo/kelthuzada_revive_observer00.ogg	5176c7da29660eff4d74d008bff7ee6a	28873
mods/heroes.stormmod/enus.stormassets/localizeddata/sounds/vo/kelthuzada_spreeend00.fxe	e71315bde20510274f60f2aa1f903e4d	2221
mods/heroes.stormmod/enus.stormassets/localizeddata/sounds/vo/kelthuzada_spreeend00.ogg	ee32a233c4a38f28b1ca1a502caae4c6	53778
mods/heroes.stormmod/enus.stormassets/localizeddata/sounds/vo/kelthuzada_spreeend_ally00.fxe	f481edbcb6cae082e70256033e215c9c	2322
mods/heroes.stormmod/enus.stormassets/localizeddata/sounds/vo/kelthuzada_spreeend_ally00.ogg	f862db47882de8b7127c949fe079c343	53410
mods/heroes.stormmod/enus.stormassets/localizeddata/sounds/vo/kelthuzada_spreefirstupgrade00.fxe	a120dd2741faab4a3f65a0dfeec9979d	870
mods/heroes.stormmod/enus.stormassets/localizeddata/sounds/vo/kelthuzada_spreefirstupgrade00.ogg	824577a325bf60ed555d953c4f147d12	29360
mods/heroes.stormmod/enus.stormassets/localizeddata/sounds/vo/kelthuzada_spreemax00.fxe	40138c683435043ac4982468ffc58a43	1629
mods/heroes.stormmod/enus.stormassets/localizeddata/sounds/vo/kelthuzada_spreemax00.ogg	78f809ce840a3065478a7e3e1116eec7	58691
mods/heroes.stormmod/enus.stormassets/localizeddata/sounds/vo/kelthuzada_spreesecondupgrade00.fxe	cd9af140cfa28a799a3395a960e4608b	1287
mods/heroes.stormmod/enus.stormassets/localizeddata/sounds/vo/kelthuzada_spreesecondupgrade00.ogg	879cfbdca3533a37e3bdecc3285f1583	25463
mods/heroes.stormmod/enus.stormassets/localizeddata/sounds/vo/kelthuzada_spreestart00.fxe	a211c015a008bf2c7c8350315aa2a88e	1391
mods/heroes.stormmod/enus.stormassets/localizeddata/sounds/vo/kelthuzada_spreestart00.ogg	f91e72802c3b53cbcc6c04b0fa5198ba	31840
mods/heroes.stormmod/enus.stormassets/localizeddata/sounds/vo/kelthuzada_spreethirdupgrade00.fxe	0a20203f2ea9953fc6347542b3ea4262	1606
mods/heroes.stormmod/enus.stormassets/localizeddata/sounds/vo/kelthuzada_spreethirdupgrade00.ogg	2d92b83ee0415993fdba819815c50c92	35076
mods/heroes.stormmod/enus.stormassets/localizeddata/sounds/vo/kelthuzada_talentunlock00.fxe	cc9bc6cdb1e293cc94b6728c07983747	1521
mods/heroes.stormmod/enus.stormassets/localizeddata/sounds/vo/kelthuzada_talentunlock00.ogg	40f1787ca23bcf1ef1e5c2cb31a08187	26683
mods/heroes.stormmod/enus.stormassets/localizeddata/sounds/vo/kelthuzada_talentunlock01.fxe	3e9299026aed01ecde6a9516e80162ae	1537
mods/heroes.stormmod/enus.stormassets/localizeddata/sounds/vo/kelthuzada_talentunlock01.ogg	10771b4de533feacc64ec0b68c9875d4	35570
mods/heroes.stormmod/enus.stormassets/localizeddata/sounds/vo/kelthuzada_talentunlock02.fxe	bd2cba205c03b733a1d495b259dff130	1649
mods/heroes.stormmod/enus.stormassets/localizeddata/sounds/vo/kelthuzada_talentunlock02.ogg	720c8385cfb32965906c61a886254dab	37316
mods/heroes.stormmod/enus.stormassets/localizeddata/sounds/vo/kelthuzada_teamkill00.fxe	326a4a625dfd7ede0f5106847bb17418	3245
mods/heroes.stormmod/enus.stormassets/localizeddata/sounds/vo/kelthuzada_teamkill00.ogg	f23537446bb1eaec47a01051a5c15bb9	83896
mods/heroes.stormmod/enus.stormassets/localizeddata/sounds/vo/kelthuzada_teamkill_blue00.fxe	e856055badc58ed601aa600e9ad6f182	2674
mods/heroes.stormmod/enus.stormassets/localizeddata/sounds/vo/kelthuzada_teamkill_blue00.ogg	c13a2830a2eae4d635dc0dcd47ba7913	54684
mods/heroes.stormmod/enus.stormassets/localizeddata/sounds/vo/kelthuzada_teamkill_red00.fxe	4af39bcb36e7dfc667addab25c885ad7	2689
mods/heroes.stormmod/enus.stormassets/localizeddata/sounds/vo/kelthuzada_teamkill_red00.ogg	3c6b22126b2b9f3b3286da18d6dced81	53745
mods/heroes.stormmod/enus.stormassets/localizeddata/sounds/vo/kelthuzada_triplekill00.fxe	9ba61badefc75679ff03af687ed1ef70	1375
mods/heroes.stormmod/enus.stormassets/localizeddata/sounds/vo/kelthuzada_triplekill00.ogg	56805102f0ce4fea9d02d0dad5fe841c	32459
mods/heroes.stormmod/enus.stormassets/localizeddata/sounds/vo/kelthuzada_triplekill01.fxe	c9e35542655dbd1f005b7950d6cf4ae1	1455
mods/heroes.stormmod/enus.stormassets/localizeddata/sounds/vo/kelthuzada_triplekill01.ogg	9a300e76606a6d0e959d7fc8e3d1c213	33914
mods/heroes.stormmod/enus.stormassets/localizeddata/sounds/vo/kelthuzada_triplekill02.fxe	fc012a018719cfb7a21944be636af3b7	1439
mods/heroes.stormmod/enus.stormassets/localizeddata/sounds/vo/kelthuzada_triplekill02.ogg	7e7cbcca3e4c76ccaa932339f3ff098c	29393
mods/heroes.stormmod/enus.stormassets/localizeddata/sounds/vo/kelthuzadbase_ai_attack00.fxe	b40d2fc1f57861a3399e66beec6723cb	2641
mods/heroes.stormmod/enus.stormassets/localizeddata/sounds/vo/kelthuzadbase_ai_attack00.ogg	5c550ea46a6bffb938426ecc144cf4e6	50217
mods/heroes.stormmod/enus.stormassets/localizeddata/sounds/vo/kelthuzadbase_ai_attack01.fxe	fc4568b026047e39822ba5e47b46dd92	2865
mods/heroes.stormmod/enus.stormassets/localizeddata/sounds/vo/kelthuzadbase_ai_attack01.ogg	00622c035177f56fc2aa4d54ac91f008	40989
mods/heroes.stormmod/enus.stormassets/localizeddata/sounds/vo/kelthuzadbase_ai_attack02.fxe	ccfcbc31495fcce705754f8e629526c6	2625
mods/heroes.stormmod/enus.stormassets/localizeddata/sounds/vo/kelthuzadbase_ai_attack02.ogg	303f76332f924179af12cae9daaf86ab	42491
mods/heroes.stormmod/enus.stormassets/localizeddata/sounds/vo/kelthuzadbase_ai_caution00.fxe	0c077d3e9b45e59af475dd6610569312	1250
mods/heroes.stormmod/enus.stormassets/localizeddata/sounds/vo/kelthuzadbase_ai_caution00.ogg	14c25cce05b520cef60c2db76aa517d6	24377
mods/heroes.stormmod/enus.stormassets/localizeddata/sounds/vo/kelthuzadbase_ai_goodjob00.fxe	6a64cfd8bb6d81fe0a8904003f8b6ae5	2434
mods/heroes.stormmod/enus.stormassets/localizeddata/sounds/vo/kelthuzadbase_ai_goodjob00.ogg	d7f01bd95e6294e3c0f580fd3f305979	29244
mods/heroes.stormmod/enus.stormassets/localizeddata/sounds/vo/kelthuzadbase_ai_goodjob01.fxe	c982035f5c3854790cc80d85bd70206f	1874
mods/heroes.stormmod/enus.stormassets/localizeddata/sounds/vo/kelthuzadbase_ai_goodjob01.ogg	b3c54edecbb4d4a09f94da2b7b9e6227	30706
mods/heroes.stormmod/enus.stormassets/localizeddata/sounds/vo/kelthuzadbase_ai_goodjob02.fxe	7c7d09bf1ce82c910d874f3af3d7f86f	1938
mods/heroes.stormmod/enus.stormassets/localizeddata/sounds/vo/kelthuzadbase_ai_goodjob02.ogg	6f69984a74683354c536a01c50445d71	39855
mods/heroes.stormmod/enus.stormassets/localizeddata/sounds/vo/kelthuzadbase_ai_heal00.fxe	b8898a621bb53becb9fdfba5ca9dfd8c	1567
mods/heroes.stormmod/enus.stormassets/localizeddata/sounds/vo/kelthuzadbase_ai_heal00.ogg	0ee7b760d7e26ccf723163c3ac6dbfcd	32315
mods/heroes.stormmod/enus.stormassets/localizeddata/sounds/vo/kelthuzadbase_ai_heal01.fxe	3fcf05678b1b09f3c859730dc62a150c	3375
mods/heroes.stormmod/enus.stormassets/localizeddata/sounds/vo/kelthuzadbase_ai_heal01.ogg	41d7e1d7fa5906377e20c4afb78e984f	65466
mods/heroes.stormmod/enus.stormassets/localizeddata/sounds/vo/kelthuzadbase_ai_retreat00.fxe	aa66240d188df812324ce96052846e83	2274
mods/heroes.stormmod/enus.stormassets/localizeddata/sounds/vo/kelthuzadbase_ai_retreat00.ogg	5bea302846dee8867fa87d9eed0a1aaa	43179
mods/heroes.stormmod/enus.stormassets/localizeddata/sounds/vo/kelthuzadbase_ai_retreat01.fxe	d3ad91726f921650c5e999a911938851	2690
mods/heroes.stormmod/enus.stormassets/localizeddata/sounds/vo/kelthuzadbase_ai_retreat01.ogg	98ded2e0277a769de6b508b04eebf075	48014
mods/heroes.stormmod/enus.stormassets/localizeddata/sounds/vo/kelthuzadbase_ai_uhoh00.fxe	1b5180d7ddee00e535cb66d32db8a6cd	1631
mods/heroes.stormmod/enus.stormassets/localizeddata/sounds/vo/kelthuzadbase_ai_uhoh00.ogg	048801ca59d5e069716b29600375d6d2	29852
mods/heroes.stormmod/enus.stormassets/localizeddata/sounds/vo/kelthuzadbase_ai_uhoh01.fxe	03bdf3d00559246627769977d7ae9a47	1887
mods/heroes.stormmod/enus.stormassets/localizeddata/sounds/vo/kelthuzadbase_ai_uhoh01.ogg	bdb8c078efd6ed0b2a68cdf1c5dff98e	40239
mods/heroes.stormmod/enus.stormassets/localizeddata/sounds/vo/kelthuzadbase_ai_uhoh02.fxe	64ea200d3727af5700b9735d0bd54d92	2511
mods/heroes.stormmod/enus.stormassets/localizeddata/sounds/vo/kelthuzadbase_ai_uhoh02.ogg	91e10f3c8e2783454027c3cd9e3245c7	47178
mods/heroes.stormmod/enus.stormassets/localizeddata/sounds/vo/kelthuzadbase_attack00.fxe	a973b43c6249f0e8ac2e3cd716cfab62	910
mods/heroes.stormmod/enus.stormassets/localizeddata/sounds/vo/kelthuzadbase_attack00.ogg	5b8f0ff0c70ff0319c88f181957300d0	19591
mods/heroes.stormmod/enus.stormassets/localizeddata/sounds/vo/kelthuzadbase_attack01.fxe	7f137e1fea4d81863df9924c91677c90	1758
mods/heroes.stormmod/enus.stormassets/localizeddata/sounds/vo/kelthuzadbase_attack01.ogg	aef507cb13186a7b9a05b3ca170d951a	30074
mods/heroes.stormmod/enus.stormassets/localizeddata/sounds/vo/kelthuzadbase_attack02.fxe	7cfe30341ff70a72017cdc486da30837	1102
mods/heroes.stormmod/enus.stormassets/localizeddata/sounds/vo/kelthuzadbase_attack02.ogg	c62ca31a37fda34bab696a5240c48aa8	22327
mods/heroes.stormmod/enus.stormassets/localizeddata/sounds/vo/kelthuzadbase_attack03.fxe	e5a7e9da4c3fd97b879c6d33b5c15ba4	1486
mods/heroes.stormmod/enus.stormassets/localizeddata/sounds/vo/kelthuzadbase_attack03.ogg	8cf72af6dc1622925fdead2a39895cba	28162
mods/heroes.stormmod/enus.stormassets/localizeddata/sounds/vo/kelthuzadbase_attack04.fxe	21da99eca3143cdbc6caa8fa942579f7	1886
mods/heroes.stormmod/enus.stormassets/localizeddata/sounds/vo/kelthuzadbase_attack04.ogg	21bc663e7f6a225ddf490d61c2abf83e	35900
mods/heroes.stormmod/enus.stormassets/localizeddata/sounds/vo/kelthuzadbase_attack05.fxe	7a9c67cfebb28fe0ace6edbaa8cbc2ed	2830
mods/heroes.stormmod/enus.stormassets/localizeddata/sounds/vo/kelthuzadbase_attack05.ogg	15d407e58d99fca849aba9c87337e5ad	46326
mods/heroes.stormmod/enus.stormassets/localizeddata/sounds/vo/kelthuzadbase_attack06.fxe	75266d8f836aad0712075b3a4b25cc25	2078
mods/heroes.stormmod/enus.stormassets/localizeddata/sounds/vo/kelthuzadbase_attack06.ogg	2b6dedfbed1014672ec2aa7ea89c535e	41004
mods/heroes.stormmod/enus.stormassets/localizeddata/sounds/vo/kelthuzadbase_celebrate00.fxe	1c2bcd5fe3d2372a487d854ebf2a8a2f	1985
mods/heroes.stormmod/enus.stormassets/localizeddata/sounds/vo/kelthuzadbase_celebrate00.ogg	f2ebc7b95f3ce8e5a8b923f1cd0db445	40281
mods/heroes.stormmod/enus.stormassets/localizeddata/sounds/vo/kelthuzadbase_celebrate01.fxe	1948ad800282dc6c275ed2c7fc3b7d77	1601
mods/heroes.stormmod/enus.stormassets/localizeddata/sounds/vo/kelthuzadbase_celebrate01.ogg	d9c74e4696b6e89dbc04d6967fdc1696	30693
mods/heroes.stormmod/enus.stormassets/localizeddata/sounds/vo/kelthuzadbase_comboreact00.fxe	b7341f6a2ff9643052a23ab343be2c22	2322
mods/heroes.stormmod/enus.stormassets/localizeddata/sounds/vo/kelthuzadbase_comboreact00.ogg	73d47c964c5048434c8d2c59942f6e2e	38381
mods/heroes.stormmod/enus.stormassets/localizeddata/sounds/vo/kelthuzadbase_comboreact01.fxe	2579bc1e210f9701ddbba11f4d6f1719	1938
mods/heroes.stormmod/enus.stormassets/localizeddata/sounds/vo/kelthuzadbase_comboreact01.ogg	667c8430f7f425788a9d742b4f69d0f3	41832
mods/heroes.stormmod/enus.stormassets/localizeddata/sounds/vo/kelthuzadbase_comboreact02.fxe	fd763b681892a17abbe0848dec532fb8	2722
mods/heroes.stormmod/enus.stormassets/localizeddata/sounds/vo/kelthuzadbase_comboreact02.ogg	bf4a6154f43227e94748ba39ecc44213	55515
mods/heroes.stormmod/enus.stormassets/localizeddata/sounds/vo/kelthuzadbase_comeback00.fxe	edc3da261ae3556934449f4c0653f219	3472
mods/heroes.stormmod/enus.stormassets/localizeddata/sounds/vo/kelthuzadbase_comeback00.ogg	6fbb04be12e24f8bfecd170e8c461550	62061
mods/heroes.stormmod/enus.stormassets/localizeddata/sounds/vo/kelthuzadbase_death00.fxe	ccf43c10209ea9f89b0f4cbaf6f8cde5	2333
mods/heroes.stormmod/enus.stormassets/localizeddata/sounds/vo/kelthuzadbase_death00.wav	44fd820d784c7ddee94eeea366ff53f0	121660
mods/heroes.stormmod/enus.stormassets/localizeddata/sounds/vo/kelthuzadbase_death01_alt2.fxe	abeb01d131ab0c44ec0be8d1b5c8396a	2066
mods/heroes.stormmod/enus.stormassets/localizeddata/sounds/vo/kelthuzadbase_death01_alt2.wav	344c44cde0734300a813e5b3541ead46	99644
mods/heroes.stormmod/enus.stormassets/localizeddata/sounds/vo/kelthuzadbase_death02.fxe	fa938cce6b43911beca234181e48a846	1741
mods/heroes.stormmod/enus.stormassets/localizeddata/sounds/vo/kelthuzadbase_death02.wav	ebbcd40d36d529049407abdf61ee5c95	105276
mods/heroes.stormmod/enus.stormassets/localizeddata/sounds/vo/kelthuzadbase_death03.fxe	c3f0b8b4de01fad3f8cda35500aac460	1437
mods/heroes.stormmod/enus.stormassets/localizeddata/sounds/vo/kelthuzadbase_death03.wav	bcf932aed3f8c2e3f6e259c69f510e65	55356
mods/heroes.stormmod/enus.stormassets/localizeddata/sounds/vo/kelthuzadbase_death04.fxe	49b08755dc4c75d616a352837b6c6ae0	1853
mods/heroes.stormmod/enus.stormassets/localizeddata/sounds/vo/kelthuzadbase_death04.wav	be0b0395ab7d1434d5666a0322b6b0b1	58428
mods/heroes.stormmod/enus.stormassets/localizeddata/sounds/vo/kelthuzadbase_death05.fxe	a11ad45ec42488eee9775e2bef5e7201	1661
mods/heroes.stormmod/enus.stormassets/localizeddata/sounds/vo/kelthuzadbase_death05.wav	3efadcdc5ce76f33da6eb1bfa90b9a35	76860
mods/heroes.stormmod/enus.stormassets/localizeddata/sounds/vo/kelthuzadbase_death06.fxe	57d3c37dee63ce3f26f186f25be9ea8a	1917
mods/heroes.stormmod/enus.stormassets/localizeddata/sounds/vo/kelthuzadbase_death06.wav	f5528a3d5bae4c715e84e26ba5d24e89	58940
mods/heroes.stormmod/enus.stormassets/localizeddata/sounds/vo/kelthuzadbase_death07.fxe	392bd891749c0faa6816b888ee0e2a42	1469
mods/heroes.stormmod/enus.stormassets/localizeddata/sounds/vo/kelthuzadbase_death07.wav	2a9cda5a36f31cb08589dec159848524	56892
mods/heroes.stormmod/enus.stormassets/localizeddata/sounds/vo/kelthuzadbase_death08.fxe	fcfeeb03b1fbb81580e747465729e9ac	1613
mods/heroes.stormmod/enus.stormassets/localizeddata/sounds/vo/kelthuzadbase_death08.wav	5019ea57dc59b963bfd32bc19b9069ce	57660
mods/heroes.stormmod/enus.stormassets/localizeddata/sounds/vo/kelthuzadbase_death09.fxe	c6416ee2549a317ddf64440de71225a7	2061
mods/heroes.stormmod/enus.stormassets/localizeddata/sounds/vo/kelthuzadbase_death09.wav	6da5c74166fce48fce713b5e7ebc0fdb	81724
mods/heroes.stormmod/enus.stormassets/localizeddata/sounds/vo/kelthuzadbase_death10.fxe	0f032c74180efa537a77d0b320966364	1437
mods/heroes.stormmod/enus.stormassets/localizeddata/sounds/vo/kelthuzadbase_death10.wav	6f3ba90853a59d0bc5c5f1d2a23f99bb	57148
mods/heroes.stormmod/enus.stormassets/localizeddata/sounds/vo/kelthuzadbase_death11.fxe	f2df25b243ac274dbb1113447e48beaa	1981
mods/heroes.stormmod/enus.stormassets/localizeddata/sounds/vo/kelthuzadbase_death11.wav	8c19ac19dd24e1f190e0961da4f22cb3	60732
mods/heroes.stormmod/enus.stormassets/localizeddata/sounds/vo/kelthuzadbase_death12.fxe	b1eae309ae6204c66b15bc1e22c3c2f3	1565
mods/heroes.stormmod/enus.stormassets/localizeddata/sounds/vo/kelthuzadbase_death12.wav	6e01617b4208d3bb1e01b444665b1ff1	60476
mods/heroes.stormmod/enus.stormassets/localizeddata/sounds/vo/kelthuzadbase_death13.fxe	7eeac6fbfe92d9478ce37ba8619d02ad	1389
mods/heroes.stormmod/enus.stormassets/localizeddata/sounds/vo/kelthuzadbase_death13.wav	a0003e93d7dd3deaa8f104e8bc3cd325	57404
mods/heroes.stormmod/enus.stormassets/localizeddata/sounds/vo/kelthuzadbase_death14.fxe	60bc33638bd2ae9748c104f1ed7636d3	1789
mods/heroes.stormmod/enus.stormassets/localizeddata/sounds/vo/kelthuzadbase_death14.wav	2814c61af3ea2c5f7d61eb5897cd7954	55612
mods/heroes.stormmod/enus.stormassets/localizeddata/sounds/vo/kelthuzadbase_death15.fxe	ecd795c5ac1bf30691321c209b218623	2397
mods/heroes.stormmod/enus.stormassets/localizeddata/sounds/vo/kelthuzadbase_death15.wav	a4703fba1b6dcd580a57ee8a26df778d	64316
mods/heroes.stormmod/enus.stormassets/localizeddata/sounds/vo/kelthuzadbase_death16.fxe	74b83d748e30bb888e99cb19c8596646	2173
mods/heroes.stormmod/enus.stormassets/localizeddata/sounds/vo/kelthuzadbase_death16.wav	ebd663a5ad773dcc30f3d98e5860500a	70204
mods/heroes.stormmod/enus.stormassets/localizeddata/sounds/vo/kelthuzadbase_healed00.fxe	d8b0579248103a8d02df608640864fe4	1902
mods/heroes.stormmod/enus.stormassets/localizeddata/sounds/vo/kelthuzadbase_healed00.ogg	40d0748c3b392b1b9cb9efc2009f6730	31175
mods/heroes.stormmod/enus.stormassets/localizeddata/sounds/vo/kelthuzadbase_healed01.fxe	c3060b0ce1825dd7b7b2a79d0b3c684c	2542
mods/heroes.stormmod/enus.stormassets/localizeddata/sounds/vo/kelthuzadbase_healed01.ogg	6c10d44995695432c2b8d5144c3533aa	35465
mods/heroes.stormmod/enus.stormassets/localizeddata/sounds/vo/kelthuzadbase_healed02.fxe	5e3b81920929a8699acd73b3f0d22aea	2558
mods/heroes.stormmod/enus.stormassets/localizeddata/sounds/vo/kelthuzadbase_healed02.ogg	385af74417e54ddcd4b154110de31707	42780
mods/heroes.stormmod/enus.stormassets/localizeddata/sounds/vo/kelthuzadbase_homescreen00.fxe	e589c83403ab5dc32e7a2db2e5357ce2	1949
mods/heroes.stormmod/enus.stormassets/localizeddata/sounds/vo/kelthuzadbase_homescreen00.ogg	b75ef132ae5a3d3c1f39404daaac5e14	50030
mods/heroes.stormmod/enus.stormassets/localizeddata/sounds/vo/kelthuzadbase_introagree00.fxe	99c13bc7fed862c2f66bcf3f74784a69	2978
mods/heroes.stormmod/enus.stormassets/localizeddata/sounds/vo/kelthuzadbase_introagree00.ogg	3615cea5d6bd2522479a7d0608bf916e	58794
mods/heroes.stormmod/enus.stormassets/localizeddata/sounds/vo/kelthuzadbase_introagree01.fxe	dccca7460c307c3894209406b6c6f3a8	2770
mods/heroes.stormmod/enus.stormassets/localizeddata/sounds/vo/kelthuzadbase_introagree01.ogg	3e32350fbb8d3bb3c9941b0ae11fffc9	45179
mods/heroes.stormmod/enus.stormassets/localizeddata/sounds/vo/kelthuzadbase_introagree02.fxe	96f5a27eaa756bf2a2f94f7b38fbcc42	2802
mods/heroes.stormmod/enus.stormassets/localizeddata/sounds/vo/kelthuzadbase_introagree02.ogg	a930fb1b87af2f774229f91476a9aa90	44440
mods/heroes.stormmod/enus.stormassets/localizeddata/sounds/vo/kelthuzadbase_introboast00.fxe	1271621e7e1e1f593bc82c8bdc39480d	2786
mods/heroes.stormmod/enus.stormassets/localizeddata/sounds/vo/kelthuzadbase_introboast00.ogg	73c3dd9b5b809dfbf1fe5717a1819e3d	41818
mods/heroes.stormmod/enus.stormassets/localizeddata/sounds/vo/kelthuzadbase_introboast01.fxe	01c87bc8933cde4acd1f55982338883e	2706
mods/heroes.stormmod/enus.stormassets/localizeddata/sounds/vo/kelthuzadbase_introboast01.ogg	7730ade02f793aacbacd7278217c569c	44108
mods/heroes.stormmod/enus.stormassets/localizeddata/sounds/vo/kelthuzadbase_introquestion00.fxe	d701bdab1a3b2be449d829b9a95e36d9	2837
mods/heroes.stormmod/enus.stormassets/localizeddata/sounds/vo/kelthuzadbase_introquestion00.ogg	e4cb683f3f7b61f4e2f47e28f7f338c2	42696
mods/heroes.stormmod/enus.stormassets/localizeddata/sounds/vo/kelthuzadbase_introquestion01.fxe	4efa1a6b09080755fd22fbb981882ce9	2853
mods/heroes.stormmod/enus.stormassets/localizeddata/sounds/vo/kelthuzadbase_introquestion01.ogg	9f57437a82fd80a598d2c8eae440eed9	44447
mods/heroes.stormmod/enus.stormassets/localizeddata/sounds/vo/kelthuzadbase_introquestion_anubarak00.fxe	b6b90c93e57c50dcd21e6dd2ef19e0f2	4574
mods/heroes.stormmod/enus.stormassets/localizeddata/sounds/vo/kelthuzadbase_introquestion_anubarak00.ogg	9ffb4dc6bb88c7e79a4acbb18c7c1153	76715
mods/heroes.stormmod/enus.stormassets/localizeddata/sounds/vo/kelthuzadbase_introquestion_arthas00.fxe	3ea4bce59e7911ca4cb78c7736bbfac8	2812
mods/heroes.stormmod/enus.stormassets/localizeddata/sounds/vo/kelthuzadbase_introquestion_arthas00.ogg	60c9f5c8e9e92303bfb765cb91fbabe0	52174
mods/heroes.stormmod/enus.stormassets/localizeddata/sounds/vo/kelthuzadbase_introquestion_barbariandk00.fxe	8214f4edb6b2353957860bd59ca4d8ec	2257
mods/heroes.stormmod/enus.stormassets/localizeddata/sounds/vo/kelthuzadbase_introquestion_barbariandk00.ogg	24fb24223e769546c4cb8fa42be84898	47069
mods/heroes.stormmod/enus.stormassets/localizeddata/sounds/vo/kelthuzadbase_introquestion_demon00.fxe	b515dec223939dd78ab6d83ae47a1324	3307
mods/heroes.stormmod/enus.stormassets/localizeddata/sounds/vo/kelthuzadbase_introquestion_demon00.ogg	a4e0330db5124ea53edaa479a58bbfce	53189
mods/heroes.stormmod/enus.stormassets/localizeddata/sounds/vo/kelthuzadbase_introquestion_hearthstone00.fxe	a01a528bf906e663ce1a590b5e25c408	1601
mods/heroes.stormmod/enus.stormassets/localizeddata/sounds/vo/kelthuzadbase_introquestion_hearthstone00.ogg	8357dc3762d480794fb68818f4331ba9	30421
mods/heroes.stormmod/enus.stormassets/localizeddata/sounds/vo/kelthuzadbase_introquestion_jaina00.fxe	cb17a95a4179ec432621bc7df382866e	3755
mods/heroes.stormmod/enus.stormassets/localizeddata/sounds/vo/kelthuzadbase_introquestion_jaina00.ogg	95578da13a23d5f80c1ddbf99aba6467	66827
mods/heroes.stormmod/enus.stormassets/localizeddata/sounds/vo/kelthuzadbase_introquestion_jainadread00.fxe	70cf7086d114c6ac3958d4c57c09dd06	3280
mods/heroes.stormmod/enus.stormassets/localizeddata/sounds/vo/kelthuzadbase_introquestion_jainadread00.ogg	b92ed2e280e94aac225031829b8bb6b7	63448
mods/heroes.stormmod/enus.stormassets/localizeddata/sounds/vo/kelthuzadbase_introquestion_junkrat00.fxe	9b6ec134ab384b8f14604eb5def0a1b8	893
mods/heroes.stormmod/enus.stormassets/localizeddata/sounds/vo/kelthuzadbase_introquestion_junkrat00.ogg	5b6595327a51ef3cd164b5a6bfdb1854	75535
mods/heroes.stormmod/enus.stormassets/localizeddata/sounds/vo/kelthuzadbase_introquestion_murky00.fxe	8d5a92b531ec44ac64a50baf07c75789	2027
mods/heroes.stormmod/enus.stormassets/localizeddata/sounds/vo/kelthuzadbase_introquestion_murky00.ogg	b6dea2a5533578d604a6a57cc7b4b58a	38655
mods/heroes.stormmod/enus.stormassets/localizeddata/sounds/vo/kelthuzadbase_introquestion_negative00.fxe	04585ef71319d7f76154b46c099e6871	4078
mods/heroes.stormmod/enus.stormassets/localizeddata/sounds/vo/kelthuzadbase_introquestion_negative00.ogg	417be70500629b73a2d5d57aa4e2768e	72235
mods/heroes.stormmod/enus.stormassets/localizeddata/sounds/vo/kelthuzadbase_introquestion_positive00.fxe	725b046319571fd9f85cdd25bcb2f390	2126
mods/heroes.stormmod/enus.stormassets/localizeddata/sounds/vo/kelthuzadbase_introquestion_positive00.ogg	c61ef139ae53732f79495ed5e348bceb	45310
mods/heroes.stormmod/enus.stormassets/localizeddata/sounds/vo/kelthuzadbase_introquestion_stukov00.fxe	a4ae67c9f849373e7051313d010cc126	4268
mods/heroes.stormmod/enus.stormassets/localizeddata/sounds/vo/kelthuzadbase_introquestion_stukov00.ogg	02db6d747e33259e3df7089df48e375e	64635
mods/heroes.stormmod/enus.stormassets/localizeddata/sounds/vo/kelthuzadbase_introquestion_sylvanas00.fxe	c19d59312751148967707874b0c6455c	4862
mods/heroes.stormmod/enus.stormassets/localizeddata/sounds/vo/kelthuzadbase_introquestion_sylvanas00.ogg	78562b264eda088e136a638ab6530b02	86749
mods/heroes.stormmod/enus.stormassets/localizeddata/sounds/vo/kelthuzadbase_introquestion_undead00.fxe	9fb8d79ae074cecf7e00d7477bcecc72	3804
mods/heroes.stormmod/enus.stormassets/localizeddata/sounds/vo/kelthuzadbase_introquestion_undead00.ogg	ffd33c78e2e89dd28775d77a8aeeb6c2	74974
mods/heroes.stormmod/enus.stormassets/localizeddata/sounds/vo/kelthuzadbase_introquestion_uther00.fxe	8702dc803d851c996ac1012875fc3f6d	4907
mods/heroes.stormmod/enus.stormassets/localizeddata/sounds/vo/kelthuzadbase_introquestion_uther00.ogg	9ec5d47c1b6e388f8ab2fc4cd1495b38	81709
mods/heroes.stormmod/enus.stormassets/localizeddata/sounds/vo/kelthuzadbase_introquestion_zagaracrypt00.fxe	54ab77b6f9ee05369e1ff3ae3487ee28	4001
mods/heroes.stormmod/enus.stormassets/localizeddata/sounds/vo/kelthuzadbase_introquestion_zagaracrypt00.ogg	f836c7ba12410ee927350f03c61b1a6b	59488
mods/heroes.stormmod/enus.stormassets/localizeddata/sounds/vo/kelthuzadbase_introrespond00.fxe	18e82ee272419d11027baf65e54f6ace	2724
mods/heroes.stormmod/enus.stormassets/localizeddata/sounds/vo/kelthuzadbase_introrespond00.ogg	8b5c66ea02ca2864b00e6394c907777d	41426
mods/heroes.stormmod/enus.stormassets/localizeddata/sounds/vo/kelthuzadbase_introrespond01.fxe	5c554cda3a7f651bf95e7c2b6c000da2	3860
mods/heroes.stormmod/enus.stormassets/localizeddata/sounds/vo/kelthuzadbase_introrespond01.ogg	cb9239a2ed47e9efac971d71b4a22830	52384
mods/heroes.stormmod/enus.stormassets/localizeddata/sounds/vo/kelthuzadbase_introrespond02.fxe	250924f21cc5931c665414e4cb0527fc	2228
mods/heroes.stormmod/enus.stormassets/localizeddata/sounds/vo/kelthuzadbase_introrespond02.ogg	ac5a52f8b998f7a3137c1e4423ef87b1	33528
mods/heroes.stormmod/enus.stormassets/localizeddata/sounds/vo/kelthuzadbase_introresponse_angry00.fxe	0e65de6392e0d8bbd1ea08ef5a384cf4	2411
mods/heroes.stormmod/enus.stormassets/localizeddata/sounds/vo/kelthuzadbase_introresponse_angry00.ogg	2b48a1736d6aeb84192aa085a9afe2b0	54183
mods/heroes.stormmod/enus.stormassets/localizeddata/sounds/vo/kelthuzadbase_introresponse_anubarak00.fxe	b9442b2ccfa6c6f300e707b4abadaa35	2014
mods/heroes.stormmod/enus.stormassets/localizeddata/sounds/vo/kelthuzadbase_introresponse_anubarak00.ogg	f5485ba54f548c31e3711224aa1b49cd	42660
mods/heroes.stormmod/enus.stormassets/localizeddata/sounds/vo/kelthuzadbase_introresponse_arthas00.fxe	b2339c0dc797e52cb0c03c7ea1fabf3c	3452
mods/heroes.stormmod/enus.stormassets/localizeddata/sounds/vo/kelthuzadbase_introresponse_arthas00.ogg	5ef50119b6f73d6f77cf62564a3e01da	73039
mods/heroes.stormmod/enus.stormassets/localizeddata/sounds/vo/kelthuzadbase_introresponse_barbariandk00.fxe	101a6db4bf4112f9f7c812f428c59db1	2417
mods/heroes.stormmod/enus.stormassets/localizeddata/sounds/vo/kelthuzadbase_introresponse_barbariandk00.ogg	b39d45d840eca9eaa35ae91af52dd48b	51406
mods/heroes.stormmod/enus.stormassets/localizeddata/sounds/vo/kelthuzadbase_introresponse_begrudging00.fxe	f54e8a97f7caa5abb62ce964a2e16b22	1232
mods/heroes.stormmod/enus.stormassets/localizeddata/sounds/vo/kelthuzadbase_introresponse_begrudging00.ogg	54d4f05abaa43bee92365e8af448960f	32237
mods/heroes.stormmod/enus.stormassets/localizeddata/sounds/vo/kelthuzadbase_introresponse_confused00.fxe	7ab6fc1de4dfa047240d0f61a8c95720	1534
mods/heroes.stormmod/enus.stormassets/localizeddata/sounds/vo/kelthuzadbase_introresponse_confused00.ogg	1d67c56bbbd9e54a6823fd8c8ed2a69d	26228
mods/heroes.stormmod/enus.stormassets/localizeddata/sounds/vo/kelthuzadbase_introresponse_demon00.fxe	b6fab4ec6cd79a03612e23017b2178b7	1899
mods/heroes.stormmod/enus.stormassets/localizeddata/sounds/vo/kelthuzadbase_introresponse_demon00.ogg	39c23a7114f11a0315a71500e25897e3	38479
mods/heroes.stormmod/enus.stormassets/localizeddata/sounds/vo/kelthuzadbase_introresponse_dismiss00.fxe	facf357530877688ddc01ce763677978	3021
mods/heroes.stormmod/enus.stormassets/localizeddata/sounds/vo/kelthuzadbase_introresponse_dismiss00.ogg	df2e733e3c65af308319d8bc6de741e8	49402
mods/heroes.stormmod/enus.stormassets/localizeddata/sounds/vo/kelthuzadbase_introresponse_interested00.fxe	dfd8941e778ae799ba026deccce82489	1952
mods/heroes.stormmod/enus.stormassets/localizeddata/sounds/vo/kelthuzadbase_introresponse_interested00.ogg	08d5b79f5c52128eb7053cd8029577c3	40742
mods/heroes.stormmod/enus.stormassets/localizeddata/sounds/vo/kelthuzadbase_introresponse_jaina00.fxe	a32f3d26fa8af6061a6f78fd62e19c7d	3899
mods/heroes.stormmod/enus.stormassets/localizeddata/sounds/vo/kelthuzadbase_introresponse_jaina00.ogg	c6fc6b4c6e633a6cf936cb5379f0c585	82553
mods/heroes.stormmod/enus.stormassets/localizeddata/sounds/vo/kelthuzadbase_introresponse_jainadread00.fxe	85d86417021396a0a36e81dffb101912	5712
mods/heroes.stormmod/enus.stormassets/localizeddata/sounds/vo/kelthuzadbase_introresponse_jainadread00.ogg	0ff592a65f4a9fc152edd31577be5821	84251
mods/heroes.stormmod/enus.stormassets/localizeddata/sounds/vo/kelthuzadbase_introresponse_murky00.fxe	d2f9c95491856dab3a49b0abcd2510bb	4491
mods/heroes.stormmod/enus.stormassets/localizeddata/sounds/vo/kelthuzadbase_introresponse_murky00.ogg	365f06051db5558e94a44a92f7690489	84550
mods/heroes.stormmod/enus.stormassets/localizeddata/sounds/vo/kelthuzadbase_introresponse_negative00.fxe	279c7255ee71a74660dd65814c8279fe	3550
mods/heroes.stormmod/enus.stormassets/localizeddata/sounds/vo/kelthuzadbase_introresponse_negative00.ogg	bd9b974a375649556744959e5e6470bf	49003
mods/heroes.stormmod/enus.stormassets/localizeddata/sounds/vo/kelthuzadbase_introresponse_positive00.fxe	4b3255d3bfd28a29f3401850e8eeb617	2926
mods/heroes.stormmod/enus.stormassets/localizeddata/sounds/vo/kelthuzadbase_introresponse_positive00.ogg	1fc657aa579722817568c16326cab01a	42487
mods/heroes.stormmod/enus.stormassets/localizeddata/sounds/vo/kelthuzadbase_introresponse_sylvanas00.fxe	e99b95df974a3e63bc73ad45f60a7319	2542
mods/heroes.stormmod/enus.stormassets/localizeddata/sounds/vo/kelthuzadbase_introresponse_sylvanas00.ogg	0e4eba690f0ab6eba6976fb4dbb2334f	48027
mods/heroes.stormmod/enus.stormassets/localizeddata/sounds/vo/kelthuzadbase_introresponse_undead00.fxe	cb56bdc76b990856878ae0a771f9596d	1452
mods/heroes.stormmod/enus.stormassets/localizeddata/sounds/vo/kelthuzadbase_introresponse_undead00.ogg	aa75a137bf4c4e795e7d7eab04af0c19	29049
mods/heroes.stormmod/enus.stormassets/localizeddata/sounds/vo/kelthuzadbase_introresponse_uther00.fxe	086295a97e40143d77548056739748c0	4235
mods/heroes.stormmod/enus.stormassets/localizeddata/sounds/vo/kelthuzadbase_introresponse_uther00.ogg	6f1f1d2f737409c9288014c8ce32cab4	80706
mods/heroes.stormmod/enus.stormassets/localizeddata/sounds/vo/kelthuzadbase_introresponse_valeera00.fxe	ea4e4614c216cb05af0614606989029c	1597
mods/heroes.stormmod/enus.stormassets/localizeddata/sounds/vo/kelthuzadbase_introresponse_valeera00.ogg	e4408ec862cdc8911d243d50da8b9eca	43495
mods/heroes.stormmod/enus.stormassets/localizeddata/sounds/vo/kelthuzadbase_introresponse_zagaracrypt00.fxe	1ac00137ede43a84cdddd9057d4cc149	3329
mods/heroes.stormmod/enus.stormassets/localizeddata/sounds/vo/kelthuzadbase_introresponse_zagaracrypt00.ogg	f8d727d638494f41c012dcd713679876	52150
mods/heroes.stormmod/enus.stormassets/localizeddata/sounds/vo/kelthuzadbase_kill00.fxe	1e659bc9ba4a08705da4d89e42682f5b	1964
mods/heroes.stormmod/enus.stormassets/localizeddata/sounds/vo/kelthuzadbase_kill00.ogg	557a01337637468f854d26dc4d1b8506	41148
mods/heroes.stormmod/enus.stormassets/localizeddata/sounds/vo/kelthuzadbase_kill01.fxe	14ce147f27fc1adbeb18285260b62fb1	2444
mods/heroes.stormmod/enus.stormassets/localizeddata/sounds/vo/kelthuzadbase_kill01.ogg	8f7ed0c084714fc318c0f32a5362c9a7	29324
mods/heroes.stormmod/enus.stormassets/localizeddata/sounds/vo/kelthuzadbase_kill02.fxe	05bdd62e9510cfc39a0c575786c123e1	2812
mods/heroes.stormmod/enus.stormassets/localizeddata/sounds/vo/kelthuzadbase_kill02.ogg	45c38fd9363fba5212faea446d91d428	44662
mods/heroes.stormmod/enus.stormassets/localizeddata/sounds/vo/kelthuzadbase_kill03.fxe	6aeb16de837a6fb887f21d0bc23ae8d9	2684
mods/heroes.stormmod/enus.stormassets/localizeddata/sounds/vo/kelthuzadbase_kill03.ogg	722030cce0de8f652aecc73957d8aff4	48522
mods/heroes.stormmod/enus.stormassets/localizeddata/sounds/vo/kelthuzadbase_kill04.fxe	45ca2b1fd68d8d06db921c12e42845ae	1740
mods/heroes.stormmod/enus.stormassets/localizeddata/sounds/vo/kelthuzadbase_kill04.ogg	4c3675a3d2a7d9c63be88978b5528bb1	31308
mods/heroes.stormmod/enus.stormassets/localizeddata/sounds/vo/kelthuzadbase_kill05.fxe	eb57a233a817eeeb47eac3358746cd92	2972
mods/heroes.stormmod/enus.stormassets/localizeddata/sounds/vo/kelthuzadbase_kill05.ogg	e3f6ad8778db88e711a31a68b26126b5	56906
mods/heroes.stormmod/enus.stormassets/localizeddata/sounds/vo/kelthuzadbase_killalexstrasza00.fxe	5fe7a797cbd319b5fd1f90c9fbd42d0d	2119
mods/heroes.stormmod/enus.stormassets/localizeddata/sounds/vo/kelthuzadbase_killalexstrasza00.ogg	63e5ad7f21eebb018782f9a9aac4412e	46458
mods/heroes.stormmod/enus.stormassets/localizeddata/sounds/vo/kelthuzadbase_killarthas00.fxe	e4146dca8f736eb789aa85f51f48ac44	1730
mods/heroes.stormmod/enus.stormassets/localizeddata/sounds/vo/kelthuzadbase_killarthas00.ogg	a5b270153ba29e9302cb62ded45b1eb9	29098
mods/heroes.stormmod/enus.stormassets/localizeddata/sounds/vo/kelthuzadbase_killbarbariandk00.fxe	1e7fe4b4d2f248967c528e2d3905be81	3415
mods/heroes.stormmod/enus.stormassets/localizeddata/sounds/vo/kelthuzadbase_killbarbariandk00.ogg	b9668d4ced53da402e3ac6e43b871e73	45983
mods/heroes.stormmod/enus.stormassets/localizeddata/sounds/vo/kelthuzadbase_killdemon00.fxe	d254feef24807bdd3d89dadbefc20408	2737
mods/heroes.stormmod/enus.stormassets/localizeddata/sounds/vo/kelthuzadbase_killdemon00.ogg	207b44743fcc46a91a1e757583dbf158	43094
mods/heroes.stormmod/enus.stormassets/localizeddata/sounds/vo/kelthuzadbase_killjainadread00.fxe	406c0a82c6f53b0ece608b369ac3597a	3494
mods/heroes.stormmod/enus.stormassets/localizeddata/sounds/vo/kelthuzadbase_killjainadread00.ogg	0fdf7331550e61aef4e7e0dd5356e498	60431
mods/heroes.stormmod/enus.stormassets/localizeddata/sounds/vo/kelthuzadbase_killkael00.fxe	57c9068e1218f0d2fc4bf340757055cf	3024
mods/heroes.stormmod/enus.stormassets/localizeddata/sounds/vo/kelthuzadbase_killkael00.ogg	be80b191aa1006514a88ff96459d8046	45335
mods/heroes.stormmod/enus.stormassets/localizeddata/sounds/vo/kelthuzadbase_killleoric00.fxe	bb84279f78beee8d5e233d7faa53d96f	1618
mods/heroes.stormmod/enus.stormassets/localizeddata/sounds/vo/kelthuzadbase_killleoric00.ogg	b33ea473934fb175a97121c862bd81c1	30574
mods/heroes.stormmod/enus.stormassets/localizeddata/sounds/vo/kelthuzadbase_killspreeend00.fxe	adaef01bfe3d687bfc32193515152b99	2644
mods/heroes.stormmod/enus.stormassets/localizeddata/sounds/vo/kelthuzadbase_killspreeend00.ogg	e6ca2bcfcca1e87ef86d318e98b8b6ef	64131
mods/heroes.stormmod/enus.stormassets/localizeddata/sounds/vo/kelthuzadbase_killtyrael00.fxe	4256389be1b800a1e82257e4d8a967b8	2194
mods/heroes.stormmod/enus.stormassets/localizeddata/sounds/vo/kelthuzadbase_killtyrael00.ogg	6b11109429432de7908f01b17c92f0f6	40996
mods/heroes.stormmod/enus.stormassets/localizeddata/sounds/vo/kelthuzadbase_killundead00.fxe	9e07e992a6463bb67dc727ba2fb2bde0	2450
mods/heroes.stormmod/enus.stormassets/localizeddata/sounds/vo/kelthuzadbase_killundead00.ogg	831ff6ca4d936c2a6705b9433db36f19	40970
mods/heroes.stormmod/enus.stormassets/localizeddata/sounds/vo/kelthuzadbase_killuther00.fxe	7ae62ef1b46fa6f478a9581061d4c1ed	1809
mods/heroes.stormmod/enus.stormassets/localizeddata/sounds/vo/kelthuzadbase_killuther00.ogg	b9a6b3b7740b7aa5b8e766e8c8549878	46307
mods/heroes.stormmod/enus.stormassets/localizeddata/sounds/vo/kelthuzadbase_killwarcraftiii00.fxe	52d63439c97b330f24b7ff4b2ef46d90	1511
mods/heroes.stormmod/enus.stormassets/localizeddata/sounds/vo/kelthuzadbase_killwarcraftiii00.ogg	48c5ffa7dfd842b778ea3e5578df5186	40389
mods/heroes.stormmod/enus.stormassets/localizeddata/sounds/vo/kelthuzadbase_killzagaracrypt00.fxe	e1e1015e707cd3dd2a8b3ac2bb9ae3e9	2727
mods/heroes.stormmod/enus.stormassets/localizeddata/sounds/vo/kelthuzadbase_killzagaracrypt00.ogg	d6ae2e669afdc1aa27d69e68d015e6d0	37815
mods/heroes.stormmod/enus.stormassets/localizeddata/sounds/vo/kelthuzadbase_killzerg00.fxe	2779e3833809806f527ebcb4954d1376	3232
mods/heroes.stormmod/enus.stormassets/localizeddata/sounds/vo/kelthuzadbase_killzerg00.ogg	887bdc67e69203162f5e78157ed9d50e	40080
mods/heroes.stormmod/enus.stormassets/localizeddata/sounds/vo/kelthuzadbase_laugh00.fxe	b973f6fe030f2b61e6b1c929ee248f52	2189
mods/heroes.stormmod/enus.stormassets/localizeddata/sounds/vo/kelthuzadbase_laugh00.ogg	d2e99694671745e3957756d51392c774	27755
mods/heroes.stormmod/enus.stormassets/localizeddata/sounds/vo/kelthuzadbase_laugh01.fxe	b67ceab04d131458442e51deeb96be7a	2301
mods/heroes.stormmod/enus.stormassets/localizeddata/sounds/vo/kelthuzadbase_laugh01.ogg	80df314adcb3eebfc56012caaced15ae	34372
mods/heroes.stormmod/enus.stormassets/localizeddata/sounds/vo/kelthuzadbase_laugh02.fxe	759cdd948502408fb353872d6b5c390e	2413
mods/heroes.stormmod/enus.stormassets/localizeddata/sounds/vo/kelthuzadbase_laugh02.ogg	d46c23161fc82172607b5ec2ea3aac5c	39210
mods/heroes.stormmod/enus.stormassets/localizeddata/sounds/vo/kelthuzadbase_laugh03.fxe	a45634c272f3fa504fd15e336d74e592	2717
mods/heroes.stormmod/enus.stormassets/localizeddata/sounds/vo/kelthuzadbase_laugh03.ogg	8fe516ac74cb1804e8cfdeb583957b78	47825
mods/heroes.stormmod/enus.stormassets/localizeddata/sounds/vo/kelthuzadbase_laugh04.fxe	ce91784a4688d30f1352527168ee34e4	1069
mods/heroes.stormmod/enus.stormassets/localizeddata/sounds/vo/kelthuzadbase_laugh04.ogg	606a65b77b40262b72f785ee774b0152	14499
mods/heroes.stormmod/enus.stormassets/localizeddata/sounds/vo/kelthuzadbase_laugh05.fxe	6e26ed9cc1bf1ef3c1bfada278536244	989
mods/heroes.stormmod/enus.stormassets/localizeddata/sounds/vo/kelthuzadbase_laugh05.ogg	c5a63a437cd6100b5f0d9aeb371dddc6	13241
mods/heroes.stormmod/enus.stormassets/localizeddata/sounds/vo/kelthuzadbase_laugh06.fxe	54834465364388fd2b6b724047ba51bb	2477
mods/heroes.stormmod/enus.stormassets/localizeddata/sounds/vo/kelthuzadbase_laugh06.ogg	c932899585e4ece67b1189d589e0e84f	28386
mods/heroes.stormmod/enus.stormassets/localizeddata/sounds/vo/kelthuzadbase_laugh07.fxe	c01db60070822f4d52b33818990d2736	2221
mods/heroes.stormmod/enus.stormassets/localizeddata/sounds/vo/kelthuzadbase_laugh07.ogg	76ac95ba1d8d0b64b72b04f46ef65094	27165
mods/heroes.stormmod/enus.stormassets/localizeddata/sounds/vo/kelthuzadbase_laugh08.fxe	0131e95c47901b098faf0c200031c66c	2973
mods/heroes.stormmod/enus.stormassets/localizeddata/sounds/vo/kelthuzadbase_laugh08.ogg	ba29dbecb0bb0ec3e24b84f72b382682	32453
mods/heroes.stormmod/enus.stormassets/localizeddata/sounds/vo/kelthuzadbase_laugh09.fxe	23434b8e4f1e38e2d4d352081a6fec38	4461
mods/heroes.stormmod/enus.stormassets/localizeddata/sounds/vo/kelthuzadbase_laugh09.ogg	eb9d117fbdb84b491d9fce5c976da687	63675
mods/heroes.stormmod/enus.stormassets/localizeddata/sounds/vo/kelthuzadbase_laugh10.fxe	bd5333bf5dea414ff6fa689e0b35e6bb	4045
mods/heroes.stormmod/enus.stormassets/localizeddata/sounds/vo/kelthuzadbase_laugh10.ogg	d3ab0f56b50ea522a8d9e916fb04a701	59438
mods/heroes.stormmod/enus.stormassets/localizeddata/sounds/vo/kelthuzadbase_laugh11.fxe	ce08851216d5ba3b43d417b6d399af3f	2925
mods/heroes.stormmod/enus.stormassets/localizeddata/sounds/vo/kelthuzadbase_laugh11.ogg	47acb843911a621b098350350bcfd668	31557
mods/heroes.stormmod/enus.stormassets/localizeddata/sounds/vo/kelthuzadbase_laugh12.fxe	9b4eedcb7bdfac3994d25be598191c30	1181
mods/heroes.stormmod/enus.stormassets/localizeddata/sounds/vo/kelthuzadbase_laugh12.ogg	ad6c2891b9c2fdb98d6c28a6c57e0964	15621
mods/heroes.stormmod/enus.stormassets/localizeddata/sounds/vo/kelthuzadbase_laugh13.fxe	501cb353db36ba36ebce90fbd7121a31	1421
mods/heroes.stormmod/enus.stormassets/localizeddata/sounds/vo/kelthuzadbase_laugh13.ogg	0a2ac75e55e3895054cf45d47f98b4ed	16631
mods/heroes.stormmod/enus.stormassets/localizeddata/sounds/vo/kelthuzadbase_laugh14.fxe	b9003f30a780c2458187f1ce621b23ec	1085
mods/heroes.stormmod/enus.stormassets/localizeddata/sounds/vo/kelthuzadbase_laugh14.ogg	80af20600142ca46b91a0a8a21fd2fa1	15955
mods/heroes.stormmod/enus.stormassets/localizeddata/sounds/vo/kelthuzadbase_laugh15.fxe	9c72f869d47108e5d5891e976408c7d1	1229
mods/heroes.stormmod/enus.stormassets/localizeddata/sounds/vo/kelthuzadbase_laugh15.ogg	820aaa54f4ee20049c7a43741d3f4cfc	16311
mods/heroes.stormmod/enus.stormassets/localizeddata/sounds/vo/kelthuzadbase_laugh16.fxe	c83be81fa42e6f38220c5025fa61db11	1197
mods/heroes.stormmod/enus.stormassets/localizeddata/sounds/vo/kelthuzadbase_laugh16.ogg	c7c8f4558e976ff539a4b6eb6dadda2a	16081
mods/heroes.stormmod/enus.stormassets/localizeddata/sounds/vo/kelthuzadbase_laugh17.fxe	16f75c2c9f887d6b705a2fad02ca55ff	1053
mods/heroes.stormmod/enus.stormassets/localizeddata/sounds/vo/kelthuzadbase_laugh17.ogg	a25d3018c67e89a10dadc738cf391978	12586
mods/heroes.stormmod/enus.stormassets/localizeddata/sounds/vo/kelthuzadbase_laugh18.fxe	fcf95c1586ac599dc8624712f82588fd	1021
mods/heroes.stormmod/enus.stormassets/localizeddata/sounds/vo/kelthuzadbase_laugh18.ogg	37b7732c50df0c37604fe6b269661a3f	13059
mods/heroes.stormmod/enus.stormassets/localizeddata/sounds/vo/kelthuzadbase_laugh19.fxe	5939014c84a591d80b6dee799225c53a	1165
mods/heroes.stormmod/enus.stormassets/localizeddata/sounds/vo/kelthuzadbase_laugh19.ogg	29103a42763e93f9cbf9e7128d61cd4f	14410
mods/heroes.stormmod/enus.stormassets/localizeddata/sounds/vo/kelthuzadbase_laugh20.fxe	5338fa6fe878695a19ed50f88af5e8fd	2365
mods/heroes.stormmod/enus.stormassets/localizeddata/sounds/vo/kelthuzadbase_laugh20.ogg	184bc544e9917eb8e2cdfb9e04987cc0	27747
mods/heroes.stormmod/enus.stormassets/localizeddata/sounds/vo/kelthuzadbase_lowlifeheal00.fxe	46a69fa53c8e059105c1572028a55396	1923
mods/heroes.stormmod/enus.stormassets/localizeddata/sounds/vo/kelthuzadbase_lowlifeheal00.ogg	ca3e50dafe27504b0bee9a2941a1f5c8	31980
mods/heroes.stormmod/enus.stormassets/localizeddata/sounds/vo/kelthuzadbase_lowlifeheal01.fxe	9355ce32816359fc374aa68d083de52f	2643
mods/heroes.stormmod/enus.stormassets/localizeddata/sounds/vo/kelthuzadbase_lowlifeheal01.ogg	1f531656ec60f6dddcf9d5f559e60e72	37843
mods/heroes.stormmod/enus.stormassets/localizeddata/sounds/vo/kelthuzadbase_lowlifeheal02.fxe	8776bc9ce9d7c35bb8281600cfc4f186	1987
mods/heroes.stormmod/enus.stormassets/localizeddata/sounds/vo/kelthuzadbase_lowlifeheal02.ogg	2ccd884884962a5e9a0e6946142a3172	43896
mods/heroes.stormmod/enus.stormassets/localizeddata/sounds/vo/kelthuzadbase_lowmana00.fxe	5dc617a8362cb0761b2c5376abe8bf5b	1999
mods/heroes.stormmod/enus.stormassets/localizeddata/sounds/vo/kelthuzadbase_lowmana00.ogg	8590128abe7d6ebf0134cbd507485f26	32265
mods/heroes.stormmod/enus.stormassets/localizeddata/sounds/vo/kelthuzadbase_lowmana01.fxe	8e2f6a369bebeb5034ac3dad946ecaf0	1871
mods/heroes.stormmod/enus.stormassets/localizeddata/sounds/vo/kelthuzadbase_lowmana01.ogg	4bbb3bcfa25a4c3bd05128d73f86607d	34501
mods/heroes.stormmod/enus.stormassets/localizeddata/sounds/vo/kelthuzadbase_lowmana02.fxe	a09c972829abe7572b7775feb02a9f63	2159
mods/heroes.stormmod/enus.stormassets/localizeddata/sounds/vo/kelthuzadbase_lowmana02.ogg	dde2bbe82af9c19a1cd619144099f367	38233
mods/heroes.stormmod/enus.stormassets/localizeddata/sounds/vo/kelthuzadbase_matchend00.fxe	cae1603d01db79cdc84a4b3a96afa71a	2224
mods/heroes.stormmod/enus.stormassets/localizeddata/sounds/vo/kelthuzadbase_matchend00.ogg	1df4c1542a10c46ffc67b7a5e7ea91ff	34964
mods/heroes.stormmod/enus.stormassets/localizeddata/sounds/vo/kelthuzadbase_matchend01.fxe	32d8b3def4c267482dfcb6fabda74121	1168
mods/heroes.stormmod/enus.stormassets/localizeddata/sounds/vo/kelthuzadbase_matchend01.ogg	d8c3b96e5ce3072ba26a93f3c8eb62c5	23757
mods/heroes.stormmod/enus.stormassets/localizeddata/sounds/vo/kelthuzadbase_mrbigglesworth00.fxe	6c0e81462b75a1a871d0529af4c48113	2550
mods/heroes.stormmod/enus.stormassets/localizeddata/sounds/vo/kelthuzadbase_mrbigglesworth00.ogg	196ceb0c27b9d5b582753336c84dbd33	51295
mods/heroes.stormmod/enus.stormassets/localizeddata/sounds/vo/kelthuzadbase_no00.fxe	0e243e50f90cf02df2fa18fa1a2e4dc4	842
mods/heroes.stormmod/enus.stormassets/localizeddata/sounds/vo/kelthuzadbase_no00.ogg	89f3549ae507ed960f04d46a59bddaea	16290
mods/heroes.stormmod/enus.stormassets/localizeddata/sounds/vo/kelthuzadbase_no01.fxe	f1d314d6eaf1a77cde0885d42204a076	1690
mods/heroes.stormmod/enus.stormassets/localizeddata/sounds/vo/kelthuzadbase_no01.ogg	3002b6acea3ac67db6abef1cf5eba29b	33356
mods/heroes.stormmod/enus.stormassets/localizeddata/sounds/vo/kelthuzadbase_no02.fxe	39e9ea38a310a8a2096a9a625057d594	1386
mods/heroes.stormmod/enus.stormassets/localizeddata/sounds/vo/kelthuzadbase_no02.ogg	d2df06a724b612784b29260d91dd6442	31820
mods/heroes.stormmod/enus.stormassets/localizeddata/sounds/vo/kelthuzadbase_ping_assisthero00.fxe	aa17f56c6b758125f0bdec2868e3716d	2199
mods/heroes.stormmod/enus.stormassets/localizeddata/sounds/vo/kelthuzadbase_ping_assisthero00.ogg	7987e870af9a8f05754fa8ff5ee82da2	38322
mods/heroes.stormmod/enus.stormassets/localizeddata/sounds/vo/kelthuzadbase_ping_assistme00.fxe	006f9f95f2e6afae939e507137318561	1701
mods/heroes.stormmod/enus.stormassets/localizeddata/sounds/vo/kelthuzadbase_ping_assistme00.ogg	e9d7645852cfa9919b96cb9514ca87ec	30299
mods/heroes.stormmod/enus.stormassets/localizeddata/sounds/vo/kelthuzadbase_ping_assistme01.fxe	30d35b1b87e61f2b9c09d65ceb5eaa4c	1669
mods/heroes.stormmod/enus.stormassets/localizeddata/sounds/vo/kelthuzadbase_ping_assistme01.ogg	1d1e5e5f27f646eafc23ee77702e6efe	23177
mods/heroes.stormmod/enus.stormassets/localizeddata/sounds/vo/kelthuzadbase_ping_attackcastle00.fxe	b2ed6726197845a43f48417ed101dbdb	2281
mods/heroes.stormmod/enus.stormassets/localizeddata/sounds/vo/kelthuzadbase_ping_attackcastle00.ogg	15fa928a5b9cf3d77813f255764e4e89	38491
mods/heroes.stormmod/enus.stormassets/localizeddata/sounds/vo/kelthuzadbase_ping_attackmerc00.fxe	5eccf1a14db43ca3fd26488a14d43aca	3143
mods/heroes.stormmod/enus.stormassets/localizeddata/sounds/vo/kelthuzadbase_ping_attackmerc00.ogg	3d2564cb7bacb33c61a97131e3f8915a	47158
mods/heroes.stormmod/enus.stormassets/localizeddata/sounds/vo/kelthuzadbase_ping_attackoutpost00.fxe	ef25fbc32d894a8e46f4a4dda921734b	2154
mods/heroes.stormmod/enus.stormassets/localizeddata/sounds/vo/kelthuzadbase_ping_attackoutpost00.ogg	8fcc716f2e3ad3d40709672eb438643b	38133
mods/heroes.stormmod/enus.stormassets/localizeddata/sounds/vo/kelthuzadbase_ping_attacktower00.fxe	7fbc6a091bdb9eca2edc8fbff4c0fa4f	3672
mods/heroes.stormmod/enus.stormassets/localizeddata/sounds/vo/kelthuzadbase_ping_attacktower00.ogg	3bf1ddbcb6196155919bdbef5dd31e3e	42604
mods/heroes.stormmod/enus.stormassets/localizeddata/sounds/vo/kelthuzadbase_ping_defendcastle00.fxe	7e9cbcb1c48e242676a207118f147c9d	2105
mods/heroes.stormmod/enus.stormassets/localizeddata/sounds/vo/kelthuzadbase_ping_defendcastle00.ogg	5f9e8c6e08595a215c83935ed7597fa7	35076
mods/heroes.stormmod/enus.stormassets/localizeddata/sounds/vo/kelthuzadbase_ping_defendoutpost00.fxe	a091598391cded3675196e3560a67f46	2362
mods/heroes.stormmod/enus.stormassets/localizeddata/sounds/vo/kelthuzadbase_ping_defendoutpost00.ogg	9503dfc724deef4ae63a3c5bae76efaf	34131
mods/heroes.stormmod/enus.stormassets/localizeddata/sounds/vo/kelthuzadbase_ping_defendtower00.fxe	09d437979f0023584d954c9e68b49ef9	3224
mods/heroes.stormmod/enus.stormassets/localizeddata/sounds/vo/kelthuzadbase_ping_defendtower00.ogg	aefad4ef2c2cd9fe0abfd067b220c371	40582
mods/heroes.stormmod/enus.stormassets/localizeddata/sounds/vo/kelthuzadbase_ping_killhero00.fxe	2d2d76a2f93dbf89b8e1cadd0c307f9e	2581
mods/heroes.stormmod/enus.stormassets/localizeddata/sounds/vo/kelthuzadbase_ping_killhero00.ogg	b92908e6ee833f55251fdb6a0b9f023d	51492
mods/heroes.stormmod/enus.stormassets/localizeddata/sounds/vo/kelthuzadbase_pissed00.fxe	e14e2acfaa602aa2fe3c7456d38fc536	1097
mods/heroes.stormmod/enus.stormassets/localizeddata/sounds/vo/kelthuzadbase_pissed00.ogg	3bd8be26a6c8c1f5378a1638ced1aaf9	21182
mods/heroes.stormmod/enus.stormassets/localizeddata/sounds/vo/kelthuzadbase_pissed01.fxe	fcfe1df31d01c5fb129126fb0ae5cfdc	1465
mods/heroes.stormmod/enus.stormassets/localizeddata/sounds/vo/kelthuzadbase_pissed01.ogg	efaeaca3910f095302f683321c3d2c94	31661
mods/heroes.stormmod/enus.stormassets/localizeddata/sounds/vo/kelthuzadbase_pissed02.fxe	d25ed63a28b6b244723868df782a8c1f	2521
mods/heroes.stormmod/enus.stormassets/localizeddata/sounds/vo/kelthuzadbase_pissed02.ogg	af17d1336fdc8d70f1e46b595d11403d	82611
mods/heroes.stormmod/enus.stormassets/localizeddata/sounds/vo/kelthuzadbase_pissed03.fxe	56942da0c2cc01c52051cc2e6eff4266	7193
mods/heroes.stormmod/enus.stormassets/localizeddata/sounds/vo/kelthuzadbase_pissed03.ogg	b132896bc31cf0f4f2b893105084c27f	184169
mods/heroes.stormmod/enus.stormassets/localizeddata/sounds/vo/kelthuzadbase_pissed04.fxe	11fe6274d9c49e64b3e9bff40310cc89	2457
mods/heroes.stormmod/enus.stormassets/localizeddata/sounds/vo/kelthuzadbase_pissed04.ogg	6e8142bb64371838a37ea308547121ab	59085
mods/heroes.stormmod/enus.stormassets/localizeddata/sounds/vo/kelthuzadbase_pissed05.fxe	8f206615afa2070f059168900374620b	5561
mods/heroes.stormmod/enus.stormassets/localizeddata/sounds/vo/kelthuzadbase_pissed05.ogg	2e0d08ee8677065e35b189cfaa38c81e	144670
mods/heroes.stormmod/enus.stormassets/localizeddata/sounds/vo/kelthuzadbase_pissed08.fxe	cc1691c34dd7f9f4c5d3db3d89dce064	4265
mods/heroes.stormmod/enus.stormassets/localizeddata/sounds/vo/kelthuzadbase_pissed08.ogg	8c95817fc88fa85c7ec4783c053b7c52	123977
mods/heroes.stormmod/enus.stormassets/localizeddata/sounds/vo/kelthuzadbase_pissed09.fxe	2892b42e5edf2119f32e08d251377b9e	5721
mods/heroes.stormmod/enus.stormassets/localizeddata/sounds/vo/kelthuzadbase_pissed09.ogg	a81aa1b4d4281341dad5943c372d8d40	139007
mods/heroes.stormmod/enus.stormassets/localizeddata/sounds/vo/kelthuzadbase_pissed11.fxe	29d1ad6ffb8479cc34528a05987de8cb	2857
mods/heroes.stormmod/enus.stormassets/localizeddata/sounds/vo/kelthuzadbase_pissed11.ogg	49030bd9b3748d49454fb54df939e0ca	66449
mods/heroes.stormmod/enus.stormassets/localizeddata/sounds/vo/kelthuzadbase_pissed12.fxe	36b3b1f9a1a98c291c7bc7719c793c72	3753
mods/heroes.stormmod/enus.stormassets/localizeddata/sounds/vo/kelthuzadbase_pissed12.ogg	c813818c1c20d1ac3d49eab770a332b0	75816
mods/heroes.stormmod/enus.stormassets/localizeddata/sounds/vo/kelthuzadbase_pissed13.fxe	64a8111cdf6a6b6dc92993969e478652	3977
mods/heroes.stormmod/enus.stormassets/localizeddata/sounds/vo/kelthuzadbase_pissed13.ogg	26afc8adb9ebe06a8c34f783bda2ae9b	116465
mods/heroes.stormmod/enus.stormassets/localizeddata/sounds/vo/kelthuzadbase_pissed14.fxe	03ce4557809c8406d1e19f35b27fabb4	5129
mods/heroes.stormmod/enus.stormassets/localizeddata/sounds/vo/kelthuzadbase_pissed14.ogg	57a468f65aa81d5c3b27da1e367b8272	135631
mods/heroes.stormmod/enus.stormassets/localizeddata/sounds/vo/kelthuzadbase_pissed15.fxe	8340f6db15ae1a6534ac1201ff4f8897	1817
mods/heroes.stormmod/enus.stormassets/localizeddata/sounds/vo/kelthuzadbase_pissed15.ogg	6cd4a4f4fb127055343a6fddd5661218	121019
mods/heroes.stormmod/enus.stormassets/localizeddata/sounds/vo/kelthuzadbase_pissed16.fxe	50f8dc9c33d809876c2a5c9654eee897	6329
mods/heroes.stormmod/enus.stormassets/localizeddata/sounds/vo/kelthuzadbase_pissed16.ogg	a592be391f9ebc8a2f1a2af1c5cce690	166246
mods/heroes.stormmod/enus.stormassets/localizeddata/sounds/vo/kelthuzadbase_pissed17.fxe	7663085d69efb86dbed9d250c642df1d	7273
mods/heroes.stormmod/enus.stormassets/localizeddata/sounds/vo/kelthuzadbase_pissed17.ogg	b172bf26534d805b33608f34af733150	199298
mods/heroes.stormmod/enus.stormassets/localizeddata/sounds/vo/kelthuzadbase_pissed18.fxe	6d101e6898815b6b7eee71b2281b8268	5273
mods/heroes.stormmod/enus.stormassets/localizeddata/sounds/vo/kelthuzadbase_pissed18.ogg	c32968a8e229ad03c7f7b6b72bc1bb36	125887
mods/heroes.stormmod/enus.stormassets/localizeddata/sounds/vo/kelthuzadbase_questcomplete1st00.fxe	3081107df23fb58b6bf14cc81c6a4770	1416
mods/heroes.stormmod/enus.stormassets/localizeddata/sounds/vo/kelthuzadbase_questcomplete1st00.ogg	c1d0105710e7eb19fed54da08c8eaf71	28823
mods/heroes.stormmod/enus.stormassets/localizeddata/sounds/vo/kelthuzadbase_questcomplete1st01.fxe	2d0079d2f077365fdd7be7e9a133d6fd	1592
mods/heroes.stormmod/enus.stormassets/localizeddata/sounds/vo/kelthuzadbase_questcomplete1st01.ogg	71dea489459bb7fbd0adea14f9a9b5e8	39623
mods/heroes.stormmod/enus.stormassets/localizeddata/sounds/vo/kelthuzadbase_questcomplete2nd00.fxe	a67e0f5794b42562ae5dc1ce4f46f076	1768
mods/heroes.stormmod/enus.stormassets/localizeddata/sounds/vo/kelthuzadbase_questcomplete2nd00.ogg	95e83fb9047b8f8649d23d749048429d	29143
mods/heroes.stormmod/enus.stormassets/localizeddata/sounds/vo/kelthuzadbase_questcomplete2nd01.fxe	6e70dd0cfc9090ab7146d8f4a4562b7f	1944
mods/heroes.stormmod/enus.stormassets/localizeddata/sounds/vo/kelthuzadbase_questcomplete2nd01.ogg	8c993bf6835b814127e91306734e1c03	33115
mods/heroes.stormmod/enus.stormassets/localizeddata/sounds/vo/kelthuzadbase_questcomplete3rd00.fxe	13f5e327dd16ca210679e10a885b5927	3000
mods/heroes.stormmod/enus.stormassets/localizeddata/sounds/vo/kelthuzadbase_questcomplete3rd00.ogg	1b82b278b49a498e8deb59a361f2b07d	44125
mods/heroes.stormmod/enus.stormassets/localizeddata/sounds/vo/kelthuzadbase_questcomplete3rd01.fxe	c77a95fe58018f4de7e93096400ec559	2504
mods/heroes.stormmod/enus.stormassets/localizeddata/sounds/vo/kelthuzadbase_questcomplete3rd01.ogg	f32720e4af74b61315fca932abc17b90	47046
mods/heroes.stormmod/enus.stormassets/localizeddata/sounds/vo/kelthuzadbase_resurrected00.fxe	fadd030dda1e58b05606f8257c3c450b	2211
mods/heroes.stormmod/enus.stormassets/localizeddata/sounds/vo/kelthuzadbase_resurrected00.ogg	26889a6b5d68cada4383df7ac5e64ab0	34446
mods/heroes.stormmod/enus.stormassets/localizeddata/sounds/vo/kelthuzadbase_resurrected01.fxe	9bbe874f971b51083d02718979b44a75	2275
mods/heroes.stormmod/enus.stormassets/localizeddata/sounds/vo/kelthuzadbase_resurrected01.ogg	76a567fd423219ee53495df4338b9a3b	44484
mods/heroes.stormmod/enus.stormassets/localizeddata/sounds/vo/kelthuzadbase_revive00.fxe	37bec575d24a81a22ac12490fe06a7cb	2126
mods/heroes.stormmod/enus.stormassets/localizeddata/sounds/vo/kelthuzadbase_revive00.ogg	7947da98d5079bed6e6f2f9de64e42d3	36474
mods/heroes.stormmod/enus.stormassets/localizeddata/sounds/vo/kelthuzadbase_revive01.fxe	047a1f44f8db5315053cc10868c2e322	1486
mods/heroes.stormmod/enus.stormassets/localizeddata/sounds/vo/kelthuzadbase_revive01.ogg	ef708da29f3ecf092399ac7a5f4679bf	28959
mods/heroes.stormmod/enus.stormassets/localizeddata/sounds/vo/kelthuzadbase_revive02.fxe	fb821883bfc22b27e027ed120eb76ccc	2638
mods/heroes.stormmod/enus.stormassets/localizeddata/sounds/vo/kelthuzadbase_revive02.ogg	6ee8383946e73b1712a118cbd211c2fc	57662
mods/heroes.stormmod/enus.stormassets/localizeddata/sounds/vo/kelthuzadbase_revive04.fxe	af96825840d078c49cc97f3081afb9f2	2830
mods/heroes.stormmod/enus.stormassets/localizeddata/sounds/vo/kelthuzadbase_revive04.ogg	64ca532077a58fda6169c5f64506b71c	48565
mods/heroes.stormmod/enus.stormassets/localizeddata/sounds/vo/kelthuzadbase_spec00.fxe	d7bbe5720813b6a479e1f99e189dc254	2108
mods/heroes.stormmod/enus.stormassets/localizeddata/sounds/vo/kelthuzadbase_spec00.ogg	370f00277f0d546a0078df12e783011e	46668
mods/heroes.stormmod/enus.stormassets/localizeddata/sounds/vo/kelthuzadbase_spec01.fxe	07f4de5f0f0eeff5c1e85c958eafd523	2636
mods/heroes.stormmod/enus.stormassets/localizeddata/sounds/vo/kelthuzadbase_spec01.ogg	8707f405179850b78685fb98ed47797d	41146
mods/heroes.stormmod/enus.stormassets/localizeddata/sounds/vo/kelthuzadbase_spec02.fxe	53093cddd930d51b46d3292333461d03	2668
mods/heroes.stormmod/enus.stormassets/localizeddata/sounds/vo/kelthuzadbase_spec02.ogg	1dd86bccb41f9f27a290276b9408d85e	40749
mods/heroes.stormmod/enus.stormassets/localizeddata/sounds/vo/kelthuzadbase_spec03.fxe	9dc5f5d74ac877bff2f0c4fa66ef1cc5	1932
mods/heroes.stormmod/enus.stormassets/localizeddata/sounds/vo/kelthuzadbase_spec03.ogg	1999b4ff196836fdf74d14499226d140	28611
mods/heroes.stormmod/enus.stormassets/localizeddata/sounds/vo/kelthuzadbase_spec04.fxe	cf8b06a4896f1804b3094a1b915146ab	2364
mods/heroes.stormmod/enus.stormassets/localizeddata/sounds/vo/kelthuzadbase_spec04.ogg	8e7258b919a8ac8ac1908bdabc7ffe5c	50516
mods/heroes.stormmod/enus.stormassets/localizeddata/sounds/vo/kelthuzadbase_taunt00.fxe	bb6c0cf33cf9f792526b4d343d2d69c4	1517
mods/heroes.stormmod/enus.stormassets/localizeddata/sounds/vo/kelthuzadbase_taunt00.ogg	f1e04e0a1ad9fc3dac56d15c0112b9bd	31914
mods/heroes.stormmod/enus.stormassets/localizeddata/sounds/vo/kelthuzadbase_taunt01.fxe	ae4f43eeec1189d73642d47919cfe018	2093
mods/heroes.stormmod/enus.stormassets/localizeddata/sounds/vo/kelthuzadbase_taunt01.ogg	d69876ac48f9193513cadf36cccb49cb	37827
mods/heroes.stormmod/enus.stormassets/localizeddata/sounds/vo/kelthuzadbase_taunt02.fxe	3a2076293c0c2a7ef311407658f11017	1869
mods/heroes.stormmod/enus.stormassets/localizeddata/sounds/vo/kelthuzadbase_taunt02.ogg	09361de3fbdd557786c7388d2c7aba46	41189
mods/heroes.stormmod/enus.stormassets/localizeddata/sounds/vo/kelthuzadbase_teamkilled00.fxe	ccb2ee617aac833aed5a4fbdaf69905f	1506
mods/heroes.stormmod/enus.stormassets/localizeddata/sounds/vo/kelthuzadbase_teamkilled00.ogg	b50e41eca63fcbc62e968e53ec32a0c1	30120
mods/heroes.stormmod/enus.stormassets/localizeddata/sounds/vo/kelthuzadbase_ui_exlocked00.fxe	4ecbebf42343cd749514ec5e0d3d4427	2046
mods/heroes.stormmod/enus.stormassets/localizeddata/sounds/vo/kelthuzadbase_ui_exlocked00.ogg	f0bbab5ae2200c50720dc319bb62a4f9	49431
mods/heroes.stormmod/enus.stormassets/localizeddata/sounds/vo/kelthuzadbase_ui_expurchased00.fxe	e0fad18c963abe65b92aa224a2abceb4	1601
mods/heroes.stormmod/enus.stormassets/localizeddata/sounds/vo/kelthuzadbase_ui_expurchased00.ogg	a9554b8d6892b8d3662757873a80ed86	36965
mods/heroes.stormmod/enus.stormassets/localizeddata/sounds/vo/kelthuzadbase_ui_gift00.fxe	b9634ad391074487160b2d3ab33debc2	1231
mods/heroes.stormmod/enus.stormassets/localizeddata/sounds/vo/kelthuzadbase_ui_gift00.ogg	79fbfa3c7dbf37a458ab5f321cee1f1d	29450
mods/heroes.stormmod/enus.stormassets/localizeddata/sounds/vo/kelthuzadbase_ui_lockin00.fxe	75983538637008180b04b236a321177b	1300
mods/heroes.stormmod/enus.stormassets/localizeddata/sounds/vo/kelthuzadbase_ui_lockin00.ogg	af8d5caeeb7550e18f8075a11dadbf0c	29723
mods/heroes.stormmod/enus.stormassets/localizeddata/sounds/vo/kelthuzadbase_ui_purchase00.fxe	96a0cf294b168d76e6052be04a162fd5	2494
mods/heroes.stormmod/enus.stormassets/localizeddata/sounds/vo/kelthuzadbase_ui_purchase00.ogg	85023f4592ba13362de1a34bcc32275b	60527
mods/heroes.stormmod/enus.stormassets/localizeddata/sounds/vo/kelthuzadbase_ui_trial00.fxe	89463fa9589e6246cff884cf65821b93	2752
mods/heroes.stormmod/enus.stormassets/localizeddata/sounds/vo/kelthuzadbase_ui_trial00.ogg	4efd3b52ac322260c64f41ff70b08288	53709
mods/heroes.stormmod/enus.stormassets/localizeddata/sounds/vo/kelthuzadbase_ui_trial01.fxe	f1bbd510aadb322e9b12dd4a11afdb13	2896
mods/heroes.stormmod/enus.stormassets/localizeddata/sounds/vo/kelthuzadbase_ui_trial01.ogg	7d9af38c09da13b1ed74258b071008b7	64160
mods/heroes.stormmod/enus.stormassets/localizeddata/sounds/vo/kelthuzadbase_ui_vox_dizzy00.fxe	f450b2fd022725dee7071ed6476362c4	1588
mods/heroes.stormmod/enus.stormassets/localizeddata/sounds/vo/kelthuzadbase_ui_vox_dizzy00.ogg	a106889fa03a80406e76f8d51bf98c59	18933
mods/heroes.stormmod/enus.stormassets/localizeddata/sounds/vo/kelthuzadbase_ui_vox_dizzy01.fxe	a9089c257c0ec49b56cafa20d85fff84	1604
mods/heroes.stormmod/enus.stormassets/localizeddata/sounds/vo/kelthuzadbase_ui_vox_dizzy01.ogg	7bef594b18299ee249b3af1090fd9231	18221
mods/heroes.stormmod/enus.stormassets/localizeddata/sounds/vo/kelthuzadbase_ui_vox_dizzy02.fxe	9f608161832be97df067a11ba42de27b	1444
mods/heroes.stormmod/enus.stormassets/localizeddata/sounds/vo/kelthuzadbase_ui_vox_dizzy02.ogg	1b40240d2a578c6467f971b1d978f549	18612
mods/heroes.stormmod/enus.stormassets/localizeddata/sounds/vo/kelthuzadbase_ui_vox_dizzy03.fxe	86dd76f7dbe6cc175ebeee441b483e9a	1620
mods/heroes.stormmod/enus.stormassets/localizeddata/sounds/vo/kelthuzadbase_ui_vox_dizzy03.ogg	3385dd42b21f1ebc91f5d917e6c56d2f	20340
mods/heroes.stormmod/enus.stormassets/localizeddata/sounds/vo/kelthuzadbase_ui_vox_dizzy04.fxe	75b4342b9216e96e70a6e5babd79787c	1204
mods/heroes.stormmod/enus.stormassets/localizeddata/sounds/vo/kelthuzadbase_ui_vox_dizzy04.ogg	c09a68ed8e811d3b4eaa0409ad542c3a	15789
mods/heroes.stormmod/enus.stormassets/localizeddata/sounds/vo/kelthuzadbase_ui_vox_dizzy05.fxe	0be5b9ae32fceaf70498efd8aaf348fd	1236
mods/heroes.stormmod/enus.stormassets/localizeddata/sounds/vo/kelthuzadbase_ui_vox_dizzy05.ogg	3800992c0003673eb48fd3b9138dd8cf	15883
mods/heroes.stormmod/enus.stormassets/localizeddata/sounds/vo/kelthuzadbase_ui_vox_dizzy06.fxe	d1e110022cbaca09ee1a1821a2f34c91	1188
mods/heroes.stormmod/enus.stormassets/localizeddata/sounds/vo/kelthuzadbase_ui_vox_dizzy06.ogg	e102f26c6dd158a991800a95a5bed4ed	17235
mods/heroes.stormmod/enus.stormassets/localizeddata/sounds/vo/kelthuzadbase_ui_vox_dizzy07.fxe	2ef9aace509576b3b2a24c3365d45e8c	1300
mods/heroes.stormmod/enus.stormassets/localizeddata/sounds/vo/kelthuzadbase_ui_vox_dizzy07.ogg	01dc779590e1d2e41bd1b104cd6463d1	15998
mods/heroes.stormmod/enus.stormassets/localizeddata/sounds/vo/kelthuzadbase_ui_vox_dizzy08.fxe	3cea4ad43f32ba108bff10b74fd0c1a1	1060
mods/heroes.stormmod/enus.stormassets/localizeddata/sounds/vo/kelthuzadbase_ui_vox_dizzy08.ogg	6046a445ecee9f2342eac7caedd56b48	14935
mods/heroes.stormmod/enus.stormassets/localizeddata/sounds/vo/kelthuzadbase_ui_vox_dizzy09.fxe	66ca127e5cf7f495b7114630548107a0	1188
mods/heroes.stormmod/enus.stormassets/localizeddata/sounds/vo/kelthuzadbase_ui_vox_dizzy09.ogg	549e398e45aa27cea99d5f2907165074	15457
mods/heroes.stormmod/enus.stormassets/localizeddata/sounds/vo/kelthuzadbase_ui_waitlocked00.fxe	d0aec4289b66c12b9f1395e3c9ce23f5	1840
mods/heroes.stormmod/enus.stormassets/localizeddata/sounds/vo/kelthuzadbase_ui_waitlocked00.ogg	7b32afc7879cbbcdabcf154e2eb4f7d5	46597
mods/heroes.stormmod/enus.stormassets/localizeddata/sounds/vo/kelthuzadbase_ui_waitlocked01.fxe	9c4ac34188801f5d70bd8d9101a2f2ce	2720
mods/heroes.stormmod/enus.stormassets/localizeddata/sounds/vo/kelthuzadbase_ui_waitlocked01.ogg	e3512fba9c3b758ddce4407ca4cf410b	81393
mods/heroes.stormmod/enus.stormassets/localizeddata/sounds/vo/kelthuzadbase_ui_waitpurchased00.fxe	a3763a7d7593357488d4290132ebd509	2515
mods/heroes.stormmod/enus.stormassets/localizeddata/sounds/vo/kelthuzadbase_ui_waitpurchased00.ogg	50cefe060247186c4926888fc109d394	76834
mods/heroes.stormmod/enus.stormassets/localizeddata/sounds/vo/kelthuzadbase_ui_waitpurchased01.fxe	b2e2aed34b110ae673fe6c6b0e6efbc4	2659
mods/heroes.stormmod/enus.stormassets/localizeddata/sounds/vo/kelthuzadbase_ui_waitpurchased01.ogg	50debef52e1784fcf65113b9c2a212bf	67065
mods/heroes.stormmod/enus.stormassets/localizeddata/sounds/vo/kelthuzadbase_ultimate1used00.fxe	f0e90d455ab9bae44f5f30abcfd570de	4229
mods/heroes.stormmod/enus.stormassets/localizeddata/sounds/vo/kelthuzadbase_ultimate1used00.ogg	61ede445559c9f4ac8c99a81d032bf1f	48679
mods/heroes.stormmod/enus.stormassets/localizeddata/sounds/vo/kelthuzadbase_ultimate1used02.fxe	22bbd8409ebc520900dbf70a33170dd1	2373
mods/heroes.stormmod/enus.stormassets/localizeddata/sounds/vo/kelthuzadbase_ultimate1used02.ogg	5a5cc11a0d0a5a36344553ced3834ea8	53658
mods/heroes.stormmod/enus.stormassets/localizeddata/sounds/vo/kelthuzadbase_ultimate2used00.fxe	b0932826f62eb744292d03f84cbee53a	3637
mods/heroes.stormmod/enus.stormassets/localizeddata/sounds/vo/kelthuzadbase_ultimate2used00.ogg	4e4ae39d60dd5766ab09a96befd7bf77	49148
mods/heroes.stormmod/enus.stormassets/localizeddata/sounds/vo/kelthuzadbase_ultimate2used02.fxe	43c8635cb78074196970c2bb5e1a98ba	2053
mods/heroes.stormmod/enus.stormassets/localizeddata/sounds/vo/kelthuzadbase_ultimate2used02.ogg	9818efafec546e703ff6bd82d23a11a2	37835
mods/heroes.stormmod/enus.stormassets/localizeddata/sounds/vo/kelthuzadbase_voicelinefour00.fxe	3523038e32b5e90acaeac86998b76701	3013
mods/heroes.stormmod/enus.stormassets/localizeddata/sounds/vo/kelthuzadbase_voicelinefour00.ogg	b454fa6951db2a7c58fff8e8b4cdfa62	64252
mods/heroes.stormmod/enus.stormassets/localizeddata/sounds/vo/kelthuzadbase_voicelineone00.fxe	25ceb4114906474d2e0cc9a3e7f317d2	2452
mods/heroes.stormmod/enus.stormassets/localizeddata/sounds/vo/kelthuzadbase_voicelineone00.ogg	31dcdd19a8aaf97256cdc85fc0088a61	38431
mods/heroes.stormmod/enus.stormassets/localizeddata/sounds/vo/kelthuzadbase_voicelinethree00.fxe	c27f186f30f9afcbdaea636cce021f27	2054
mods/heroes.stormmod/enus.stormassets/localizeddata/sounds/vo/kelthuzadbase_voicelinethree00.ogg	7c16374962704c3885004a02d1ae3ac3	50148
mods/heroes.stormmod/enus.stormassets/localizeddata/sounds/vo/kelthuzadbase_voicelinetwo00.fxe	1ad7378116503c78c3c078875603fb85	3012
mods/heroes.stormmod/enus.stormassets/localizeddata/sounds/vo/kelthuzadbase_voicelinetwo00.ogg	dc80caddb2f1912047602826444fb82e	60219
mods/heroes.stormmod/enus.stormassets/localizeddata/sounds/vo/kelthuzadbase_vox_attack00.fxe	cc28027e20950473be6b95caf5eefba5	898
mods/heroes.stormmod/enus.stormassets/localizeddata/sounds/vo/kelthuzadbase_vox_attack00.ogg	94c2c518bc45bbe1c4a6c7e5b34bb646	10287
mods/heroes.stormmod/enus.stormassets/localizeddata/sounds/vo/kelthuzadbase_vox_attack01.fxe	b4326454e1786aecf80a95718a1b1a4f	1138
mods/heroes.stormmod/enus.stormassets/localizeddata/sounds/vo/kelthuzadbase_vox_attack01.ogg	f40c759e7e98eacac16502c63212d54a	10395
mods/heroes.stormmod/enus.stormassets/localizeddata/sounds/vo/kelthuzadbase_vox_attack02.fxe	836037763a9daa2add0f44fadd11a610	1026
mods/heroes.stormmod/enus.stormassets/localizeddata/sounds/vo/kelthuzadbase_vox_attack02.ogg	5a747c7eaefae7e96f63c4520600f572	10572
mods/heroes.stormmod/enus.stormassets/localizeddata/sounds/vo/kelthuzadbase_vox_attack03.fxe	3e914d4abe61f1e467931180f5c4db84	866
mods/heroes.stormmod/enus.stormassets/localizeddata/sounds/vo/kelthuzadbase_vox_attack03.ogg	56be7ccb08de283fbeb3cbcb7d70d2f7	10822
mods/heroes.stormmod/enus.stormassets/localizeddata/sounds/vo/kelthuzadbase_vox_attack05.fxe	8028d29657eefbe39eb5dab0cb1a8041	1074
mods/heroes.stormmod/enus.stormassets/localizeddata/sounds/vo/kelthuzadbase_vox_attack05.ogg	d2caf176285f6658fe45b0198221e04d	11257
mods/heroes.stormmod/enus.stormassets/localizeddata/sounds/vo/kelthuzadbase_vox_attack07.fxe	fbc6bb920a07063f0121241d7bd2ee7e	1058
mods/heroes.stormmod/enus.stormassets/localizeddata/sounds/vo/kelthuzadbase_vox_attack07.ogg	b5dd274656197dca1521470c48b71626	8567
mods/heroes.stormmod/enus.stormassets/localizeddata/sounds/vo/kelthuzadbase_vox_attack08.fxe	9074e0e368cc718f49fccb0ee577c586	1026
mods/heroes.stormmod/enus.stormassets/localizeddata/sounds/vo/kelthuzadbase_vox_attack08.ogg	ba1c1807671c4b3575bbfa992bd7e2cb	9632
mods/heroes.stormmod/enus.stormassets/localizeddata/sounds/vo/kelthuzadbase_vox_attack09.fxe	8af60a6272c29010cfd4def1a11c8448	866
mods/heroes.stormmod/enus.stormassets/localizeddata/sounds/vo/kelthuzadbase_vox_attack09.ogg	b931249832f31b87c86b2fd29071823f	8747
mods/heroes.stormmod/enus.stormassets/localizeddata/sounds/vo/kelthuzadbase_vox_attack10.fxe	76e24351c2f94ed64cecbd69e468b36c	946
mods/heroes.stormmod/enus.stormassets/localizeddata/sounds/vo/kelthuzadbase_vox_attack10.ogg	b5ece6a8f462a673091510ed22d6ebee	9479
mods/heroes.stormmod/enus.stormassets/localizeddata/sounds/vo/kelthuzadbase_vox_attack12.fxe	dc4541b0cc2ef978d6801e84d0d05eb5	834
mods/heroes.stormmod/enus.stormassets/localizeddata/sounds/vo/kelthuzadbase_vox_attack12.ogg	b10b9f68d1cbbddddaa0a55ce95bef2f	9059
mods/heroes.stormmod/enus.stormassets/localizeddata/sounds/vo/kelthuzadbase_vox_attack13.fxe	1ffc9bd62d3bbf86decd721ea4230f39	898
mods/heroes.stormmod/enus.stormassets/localizeddata/sounds/vo/kelthuzadbase_vox_attack13.ogg	c28a04d9350b1fc93012f7d68e8a28f6	9847
mods/heroes.stormmod/enus.stormassets/localizeddata/sounds/vo/kelthuzadbase_vox_attack14.fxe	0992cb9cbcab6a8cb721e972082476dc	914
mods/heroes.stormmod/enus.stormassets/localizeddata/sounds/vo/kelthuzadbase_vox_attack14.ogg	48f54f03b79ac891280dfae8c55a8b08	9565
mods/heroes.stormmod/enus.stormassets/localizeddata/sounds/vo/kelthuzadbase_vox_attack16.fxe	95ec7c482021f6e60a4614c3cce0d204	994
mods/heroes.stormmod/enus.stormassets/localizeddata/sounds/vo/kelthuzadbase_vox_attack16.ogg	c19e778e23fb926dcbfd9673915d8270	9985
mods/heroes.stormmod/enus.stormassets/localizeddata/sounds/vo/kelthuzadbase_vox_attack18.fxe	e4cbefa1d1439468c7204ee38c3c81b2	914
mods/heroes.stormmod/enus.stormassets/localizeddata/sounds/vo/kelthuzadbase_vox_attack18.ogg	8a78545c38e1c67c24e1b5dfa2624b59	12548
mods/heroes.stormmod/enus.stormassets/localizeddata/sounds/vo/kelthuzadbase_vox_attack21.fxe	53a8eec8a579b21307f927b70f372da2	1122
mods/heroes.stormmod/enus.stormassets/localizeddata/sounds/vo/kelthuzadbase_vox_attack21.ogg	c53a217709f34e669a5af150c92d8164	12010
mods/heroes.stormmod/enus.stormassets/localizeddata/sounds/vo/kelthuzadbase_vox_castinge00.fxe	add87f95eac7a6ee37c26f8d97012592	1028
mods/heroes.stormmod/enus.stormassets/localizeddata/sounds/vo/kelthuzadbase_vox_castinge00.ogg	a35a12d42c371ab8bd38347e4d607fd0	9493
mods/heroes.stormmod/enus.stormassets/localizeddata/sounds/vo/kelthuzadbase_vox_castinge01.fxe	054a535d47de33be8b1f930d8161eb2c	1108
mods/heroes.stormmod/enus.stormassets/localizeddata/sounds/vo/kelthuzadbase_vox_castinge01.ogg	f52ff62977ace0528f12f5222d7daa25	14137
mods/heroes.stormmod/enus.stormassets/localizeddata/sounds/vo/kelthuzadbase_vox_castinge02.fxe	d8b1c5c9c7e409793ff520c6297c75f1	932
mods/heroes.stormmod/enus.stormassets/localizeddata/sounds/vo/kelthuzadbase_vox_castinge02.ogg	2d44f5d8f28401b9f6e37577db1a8ad8	9272
mods/heroes.stormmod/enus.stormassets/localizeddata/sounds/vo/kelthuzadbase_vox_castinge03.fxe	e289aa743b070edfee5642773f644534	932
mods/heroes.stormmod/enus.stormassets/localizeddata/sounds/vo/kelthuzadbase_vox_castinge03.ogg	452845f73d8f4dc29473a61127903b1b	10872
mods/heroes.stormmod/enus.stormassets/localizeddata/sounds/vo/kelthuzadbase_vox_castinge04.fxe	7bb8424730162c5b2db4a2278a42e1f2	900
mods/heroes.stormmod/enus.stormassets/localizeddata/sounds/vo/kelthuzadbase_vox_castinge04.ogg	4c333127b48bbc8be796ee5d2469f7d4	12110
mods/heroes.stormmod/enus.stormassets/localizeddata/sounds/vo/kelthuzadbase_vox_castinge06.fxe	86e0c439bc6fa98033c2493bdd7d83f4	1092
mods/heroes.stormmod/enus.stormassets/localizeddata/sounds/vo/kelthuzadbase_vox_castinge06.ogg	2fbf475f0a3e2311639e0e5256706ad4	11109
mods/heroes.stormmod/enus.stormassets/localizeddata/sounds/vo/kelthuzadbase_vox_castinge07.fxe	bb3ded64a01f77e74beb88ce187bd8ec	996
mods/heroes.stormmod/enus.stormassets/localizeddata/sounds/vo/kelthuzadbase_vox_castinge07.ogg	912481222bb7a7f8a598069a4bfca618	9976
mods/heroes.stormmod/enus.stormassets/localizeddata/sounds/vo/kelthuzadbase_vox_castinge08.fxe	2df38f69312938966714e2ce7e1ceb77	1108
mods/heroes.stormmod/enus.stormassets/localizeddata/sounds/vo/kelthuzadbase_vox_castinge08.ogg	11a550ac800ecee310637c14bf5733c2	12646
mods/heroes.stormmod/enus.stormassets/localizeddata/sounds/vo/kelthuzadbase_vox_castinge09.fxe	bb9bee7c6c23d4159992ee3851f59c14	980
mods/heroes.stormmod/enus.stormassets/localizeddata/sounds/vo/kelthuzadbase_vox_castinge09.ogg	ff87fb5d7c0da9df873be2d31f6acaf5	9302
mods/heroes.stormmod/enus.stormassets/localizeddata/sounds/vo/kelthuzadbase_vox_castinge10.fxe	a779481ef68731bfafba497cd1daf8c7	1284
mods/heroes.stormmod/enus.stormassets/localizeddata/sounds/vo/kelthuzadbase_vox_castinge10.ogg	a28c70651c2900798508f32946271aff	12004
mods/heroes.stormmod/enus.stormassets/localizeddata/sounds/vo/kelthuzadbase_vox_castinge12.fxe	147cf24c814220f5a02688fa077d5736	1060
mods/heroes.stormmod/enus.stormassets/localizeddata/sounds/vo/kelthuzadbase_vox_castinge12.ogg	5b45cf04b1e6d3e3138310caa0d31a57	11400
mods/heroes.stormmod/enus.stormassets/localizeddata/sounds/vo/kelthuzadbase_vox_castinge13.fxe	d3eb53a759493f9a9b838ef7b809a949	884
mods/heroes.stormmod/enus.stormassets/localizeddata/sounds/vo/kelthuzadbase_vox_castinge13.ogg	f55d6f6ed256b45687c67f38ceb8a5c0	11476
mods/heroes.stormmod/enus.stormassets/localizeddata/sounds/vo/kelthuzadbase_vox_castinge14.fxe	8e0cfd91aa37a9e05452fb0ce5c22430	1188
mods/heroes.stormmod/enus.stormassets/localizeddata/sounds/vo/kelthuzadbase_vox_castinge14.ogg	2fe67893a2b021e10428f48379f7297a	12426
mods/heroes.stormmod/enus.stormassets/localizeddata/sounds/vo/kelthuzadbase_vox_castinge15.fxe	3400b9c77ea0ade3c73639b9b0fb2756	1204
mods/heroes.stormmod/enus.stormassets/localizeddata/sounds/vo/kelthuzadbase_vox_castinge15.ogg	95c374fb435157aacf3e2bbbff444e19	13265
mods/heroes.stormmod/enus.stormassets/localizeddata/sounds/vo/kelthuzadbase_vox_castinge16.fxe	939db6150dcbc839edd7462c14fd802c	964
mods/heroes.stormmod/enus.stormassets/localizeddata/sounds/vo/kelthuzadbase_vox_castinge16.ogg	97fac56e64d546952e9ef5d116982ddb	13535
mods/heroes.stormmod/enus.stormassets/localizeddata/sounds/vo/kelthuzadbase_vox_castinge17.fxe	8cf949250bf5447e48c28f38e6492596	1156
mods/heroes.stormmod/enus.stormassets/localizeddata/sounds/vo/kelthuzadbase_vox_castinge17.ogg	8006b5b28d7e90ba8d4ce9a8fd594b8e	13194
mods/heroes.stormmod/enus.stormassets/localizeddata/sounds/vo/kelthuzadbase_vox_castingq00.fxe	f3b493a302445e3e130080d5f8b1a4d0	1188
mods/heroes.stormmod/enus.stormassets/localizeddata/sounds/vo/kelthuzadbase_vox_castingq00.ogg	4bbb2435803b034e26b407ffcd4eb725	15635
mods/heroes.stormmod/enus.stormassets/localizeddata/sounds/vo/kelthuzadbase_vox_castingq01.fxe	1abf57aa3e2a7c5626944a2b03635f11	1284
mods/heroes.stormmod/enus.stormassets/localizeddata/sounds/vo/kelthuzadbase_vox_castingq01.ogg	bd7f78b5bb5bb3a517ff4b7da05cac9a	15173
mods/heroes.stormmod/enus.stormassets/localizeddata/sounds/vo/kelthuzadbase_vox_castingq02.fxe	b4dfe47af31c56a5f157ead4d9ca259e	1348
mods/heroes.stormmod/enus.stormassets/localizeddata/sounds/vo/kelthuzadbase_vox_castingq02.ogg	d10f515efdd8b253a429b2c24ecc7f82	16080
mods/heroes.stormmod/enus.stormassets/localizeddata/sounds/vo/kelthuzadbase_vox_castingq04.fxe	4b4d5ae3a265951ff80e3d1a5463afd7	1588
mods/heroes.stormmod/enus.stormassets/localizeddata/sounds/vo/kelthuzadbase_vox_castingq04.ogg	e6da201b9c7ef27cc8e6ec7ef3a12f25	18338
mods/heroes.stormmod/enus.stormassets/localizeddata/sounds/vo/kelthuzadbase_vox_castingq05.fxe	686fb9bd01affc210266d76cb9cd3af5	1364
mods/heroes.stormmod/enus.stormassets/localizeddata/sounds/vo/kelthuzadbase_vox_castingq05.ogg	be3475cfd331029f4bac6c2960df5e4e	18325
mods/heroes.stormmod/enus.stormassets/localizeddata/sounds/vo/kelthuzadbase_vox_castingq06.fxe	c024bf123bb17f3e19a3c4a607e40335	1284
mods/heroes.stormmod/enus.stormassets/localizeddata/sounds/vo/kelthuzadbase_vox_castingq06.ogg	e5beefe1476c34d38a76112844ccefda	18120
mods/heroes.stormmod/enus.stormassets/localizeddata/sounds/vo/kelthuzadbase_vox_castingq07.fxe	c148ed38b44e58f60c15715ec4ae3a3f	1524
mods/heroes.stormmod/enus.stormassets/localizeddata/sounds/vo/kelthuzadbase_vox_castingq07.ogg	73766fbec725dbfb31ded1c0efa5c473	20378
mods/heroes.stormmod/enus.stormassets/localizeddata/sounds/vo/kelthuzadbase_vox_castingr100_01.fxe	62b584f767fd4f7bc2a2ce5ebd5d4297	1224
mods/heroes.stormmod/enus.stormassets/localizeddata/sounds/vo/kelthuzadbase_vox_castingr100_01.ogg	81aefb39d7cd4a2022c1066bd73f8c8b	14845
mods/heroes.stormmod/enus.stormassets/localizeddata/sounds/vo/kelthuzadbase_vox_castingr100_02.fxe	4fe3ade580837f19893e11fca11f81ae	1064
mods/heroes.stormmod/enus.stormassets/localizeddata/sounds/vo/kelthuzadbase_vox_castingr100_02.ogg	6329e9bb21c5fb4ec402ef7402b4e8f8	15637
mods/heroes.stormmod/enus.stormassets/localizeddata/sounds/vo/kelthuzadbase_vox_castingr100_03.fxe	c33897edadc18dde91d385b367bb0a7c	1304
mods/heroes.stormmod/enus.stormassets/localizeddata/sounds/vo/kelthuzadbase_vox_castingr100_03.ogg	d53165e2161893506f2350e5bb4a15b5	17126
mods/heroes.stormmod/enus.stormassets/localizeddata/sounds/vo/kelthuzadbase_vox_castingr100_05.fxe	95d69a475a4c0f0a4b6d44babaa69e2a	1352
mods/heroes.stormmod/enus.stormassets/localizeddata/sounds/vo/kelthuzadbase_vox_castingr100_05.ogg	3ff27a6ef47a82a78aa19bb6859d67fb	16862
mods/heroes.stormmod/enus.stormassets/localizeddata/sounds/vo/kelthuzadbase_vox_castingr100_07.fxe	b1deb53a28b54da5c16ae001aa30f690	1592
mods/heroes.stormmod/enus.stormassets/localizeddata/sounds/vo/kelthuzadbase_vox_castingr100_07.ogg	2bf90f8babfb87c9081397424ee6da2a	15555
mods/heroes.stormmod/enus.stormassets/localizeddata/sounds/vo/kelthuzadbase_vox_castingr100_08.fxe	e48cf6924797ccae6930e3ad5960f36a	1496
mods/heroes.stormmod/enus.stormassets/localizeddata/sounds/vo/kelthuzadbase_vox_castingr100_08.ogg	35a2c56dd70c1148ddbcccdab637d75e	16821
mods/heroes.stormmod/enus.stormassets/localizeddata/sounds/vo/kelthuzadbase_vox_castingr200_01.fxe	f819e09bc77955585976eafdbbd9c91d	904
mods/heroes.stormmod/enus.stormassets/localizeddata/sounds/vo/kelthuzadbase_vox_castingr200_01.ogg	26bcba1d42258f39a48a349f57bc8bc2	8425
mods/heroes.stormmod/enus.stormassets/localizeddata/sounds/vo/kelthuzadbase_vox_castingr200_02.fxe	43e4957b0b44c8fa62e1f802e37f5e01	920
mods/heroes.stormmod/enus.stormassets/localizeddata/sounds/vo/kelthuzadbase_vox_castingr200_02.ogg	b37aa267a6d9b70186d708be79d02943	10620
mods/heroes.stormmod/enus.stormassets/localizeddata/sounds/vo/kelthuzadbase_vox_castingr200_03.fxe	fdb38d1d698c41eac0af114087ec3cde	1032
mods/heroes.stormmod/enus.stormassets/localizeddata/sounds/vo/kelthuzadbase_vox_castingr200_03.ogg	071a32852c72a10d7732a92db6a8b44b	12595
mods/heroes.stormmod/enus.stormassets/localizeddata/sounds/vo/kelthuzadbase_vox_castingr200_04.fxe	eaf396d5dbfa6ce5dffadd3cbb06749c	1128
mods/heroes.stormmod/enus.stormassets/localizeddata/sounds/vo/kelthuzadbase_vox_castingr200_04.ogg	61690f1a54041e75d2a2a6f8108e64db	13716
mods/heroes.stormmod/enus.stormassets/localizeddata/sounds/vo/kelthuzadbase_vox_castingr200_05.fxe	08e298e1e74dffb2f42b3e1b16b74992	1192
mods/heroes.stormmod/enus.stormassets/localizeddata/sounds/vo/kelthuzadbase_vox_castingr200_05.ogg	381efc358c6e4e1cd67853685271add0	13800
mods/heroes.stormmod/enus.stormassets/localizeddata/sounds/vo/kelthuzadbase_vox_castingr200_06.fxe	59b424b87a5bf134a1470ae2151ed050	1032
mods/heroes.stormmod/enus.stormassets/localizeddata/sounds/vo/kelthuzadbase_vox_castingr200_06.ogg	336fcd693e7e3b76d9bb44b26fcadf4b	14060
mods/heroes.stormmod/enus.stormassets/localizeddata/sounds/vo/kelthuzadbase_vox_castingr200_07.fxe	aa1de0b7606bb8390fda3a049a02cdc4	1256
mods/heroes.stormmod/enus.stormassets/localizeddata/sounds/vo/kelthuzadbase_vox_castingr200_07.ogg	35630078a7bd452aa22e3b8948b3273d	14809
mods/heroes.stormmod/enus.stormassets/localizeddata/sounds/vo/kelthuzadbase_vox_castingr200_08.fxe	1fa19ea9379505a8f0e2b0a78f9ecdf8	1016
mods/heroes.stormmod/enus.stormassets/localizeddata/sounds/vo/kelthuzadbase_vox_castingr200_08.ogg	3fc2a5f02eddd277f9a26aeca2a13f84	11271
mods/heroes.stormmod/enus.stormassets/localizeddata/sounds/vo/kelthuzadbase_vox_castingr200_09.fxe	f07aba63a5d8c089e75ec07e6fa9d999	1448
mods/heroes.stormmod/enus.stormassets/localizeddata/sounds/vo/kelthuzadbase_vox_castingr200_09.ogg	485858ab8e5af9d3cc047e131a37388b	12497
mods/heroes.stormmod/enus.stormassets/localizeddata/sounds/vo/kelthuzadbase_vox_castingr200_10.fxe	23e60f2dc150146ae1f8fcb9231864be	1144
mods/heroes.stormmod/enus.stormassets/localizeddata/sounds/vo/kelthuzadbase_vox_castingr200_10.ogg	49c05707ac588d62d03bd05831fc7f83	11416
mods/heroes.stormmod/enus.stormassets/localizeddata/sounds/vo/kelthuzadbase_vox_castingr200_11.fxe	c62daed895f8881ab04ded2e8007ae92	1176
mods/heroes.stormmod/enus.stormassets/localizeddata/sounds/vo/kelthuzadbase_vox_castingr200_11.ogg	a4e792428f75e2127abbbeb648a6e6d5	13505
mods/heroes.stormmod/enus.stormassets/localizeddata/sounds/vo/kelthuzadbase_vox_castingr200_12.fxe	ec0f0b52b2e8e93f72a851743031d64d	1112
mods/heroes.stormmod/enus.stormassets/localizeddata/sounds/vo/kelthuzadbase_vox_castingr200_12.ogg	e1b154a893d236d27357ddcd50c3dee9	12691
mods/heroes.stormmod/enus.stormassets/localizeddata/sounds/vo/kelthuzadbase_vox_castingr200_13.fxe	a6c645cab7d79268f9505c76f962db35	1176
mods/heroes.stormmod/enus.stormassets/localizeddata/sounds/vo/kelthuzadbase_vox_castingr200_13.ogg	cd62ea4589a11fa0dd0b5cb53fb3b393	13595
mods/heroes.stormmod/enus.stormassets/localizeddata/sounds/vo/kelthuzadbase_vox_castingw00.fxe	3d0cd22ca389b30ba65d263fec53d74d	1092
mods/heroes.stormmod/enus.stormassets/localizeddata/sounds/vo/kelthuzadbase_vox_castingw00.ogg	a91328a543d044d14a05e9253279f1d5	12237
mods/heroes.stormmod/enus.stormassets/localizeddata/sounds/vo/kelthuzadbase_vox_castingw01.fxe	084d1afbb41114bfeff17948848042cc	1204
mods/heroes.stormmod/enus.stormassets/localizeddata/sounds/vo/kelthuzadbase_vox_castingw01.ogg	d372edf4326b9ce53ba3acf0ae9cf18e	12608
mods/heroes.stormmod/enus.stormassets/localizeddata/sounds/vo/kelthuzadbase_vox_castingw02.fxe	6f5af60c3f4bfe019acb74754fd0e3eb	1140
mods/heroes.stormmod/enus.stormassets/localizeddata/sounds/vo/kelthuzadbase_vox_castingw02.ogg	3c9419c4c69c13a796a2c98e5bb0b1fe	13298
mods/heroes.stormmod/enus.stormassets/localizeddata/sounds/vo/kelthuzadbase_vox_castingw05.fxe	5a149631b203230f3d04f6d5eba13631	1076
mods/heroes.stormmod/enus.stormassets/localizeddata/sounds/vo/kelthuzadbase_vox_castingw05.ogg	4f831976e8a399898464a1013bac62bc	14096
mods/heroes.stormmod/enus.stormassets/localizeddata/sounds/vo/kelthuzadbase_vox_castingw06.fxe	bab9c63485727fa09c5fc9ecb81202de	1316
mods/heroes.stormmod/enus.stormassets/localizeddata/sounds/vo/kelthuzadbase_vox_castingw06.ogg	d759cec36da00d65f09a7b493e08b0bd	15033
mods/heroes.stormmod/enus.stormassets/localizeddata/sounds/vo/kelthuzadbase_vox_castingw07.fxe	43ab5a4a37b8100283418c69223394d8	900
mods/heroes.stormmod/enus.stormassets/localizeddata/sounds/vo/kelthuzadbase_vox_castingw07.ogg	c0abc45c1758856c0a600ef523258dd1	9013
mods/heroes.stormmod/enus.stormassets/localizeddata/sounds/vo/kelthuzadbase_vox_castingw10.fxe	ccf81b1feb6a0cd0400c1b881d3e47a0	884
mods/heroes.stormmod/enus.stormassets/localizeddata/sounds/vo/kelthuzadbase_vox_castingw10.ogg	4070d646b1e03700abd18ce835a56120	8923
mods/heroes.stormmod/enus.stormassets/localizeddata/sounds/vo/kelthuzadbase_vox_castingw11.fxe	d958a83ab933ae1ef2b0e6434146b2c5	820
mods/heroes.stormmod/enus.stormassets/localizeddata/sounds/vo/kelthuzadbase_vox_castingw11.ogg	4c88c03617bc7d554cf137dccefc2059	8949
mods/heroes.stormmod/enus.stormassets/localizeddata/sounds/vo/kelthuzadbase_vox_castingw12.fxe	7e8c4bb26c7f5c80cd2dfd960c65c2fa	756
mods/heroes.stormmod/enus.stormassets/localizeddata/sounds/vo/kelthuzadbase_vox_castingw12.ogg	8cb6a8038c041557deec209bf00a99dd	9043
mods/heroes.stormmod/enus.stormassets/localizeddata/sounds/vo/kelthuzadbase_vox_castingw13.fxe	e7a2804269b97da9d576e928008a920b	868
mods/heroes.stormmod/enus.stormassets/localizeddata/sounds/vo/kelthuzadbase_vox_castingw13.ogg	ccc2d0eeb7788459306bce0475c4344b	9068
mods/heroes.stormmod/enus.stormassets/localizeddata/sounds/vo/kelthuzadbase_vox_castingw14.fxe	1ecddbdc45aa657f7be8b20734c0c2e1	820
mods/heroes.stormmod/enus.stormassets/localizeddata/sounds/vo/kelthuzadbase_vox_castingw14.ogg	de64270e27354fb3332996e2322aadb1	9780
mods/heroes.stormmod/enus.stormassets/localizeddata/sounds/vo/kelthuzadbase_vox_castingw15.fxe	dc66dfb9b161898c888819408fd171ce	1028
mods/heroes.stormmod/enus.stormassets/localizeddata/sounds/vo/kelthuzadbase_vox_castingw15.ogg	16a1b314af1f777b000ef760db4e353e	14501
mods/heroes.stormmod/enus.stormassets/localizeddata/sounds/vo/kelthuzadbase_vox_castingw16.fxe	bf39b3d20b5023a73eae5f8686bddf91	1156
mods/heroes.stormmod/enus.stormassets/localizeddata/sounds/vo/kelthuzadbase_vox_castingw16.ogg	fb0a5674dfbb67ddd221072e9888a0b3	14103
mods/heroes.stormmod/enus.stormassets/localizeddata/sounds/vo/kelthuzadbase_vox_castingw17.fxe	af0604c0d9e7d7dcf5b930ce587d6801	1220
mods/heroes.stormmod/enus.stormassets/localizeddata/sounds/vo/kelthuzadbase_vox_castingw17.ogg	8fcc11aef246c332878f0e3cde7a3c0c	13932
mods/heroes.stormmod/enus.stormassets/localizeddata/sounds/vo/kelthuzadbase_vox_castingw18.fxe	113799c7f68b865845558a4d5b1fa70f	1268
mods/heroes.stormmod/enus.stormassets/localizeddata/sounds/vo/kelthuzadbase_vox_castingw18.ogg	6d5de3f0debe591473d73f27fbda7d4c	13959
mods/heroes.stormmod/enus.stormassets/localizeddata/sounds/vo/kelthuzadbase_vox_castingw19.fxe	2d8d648733cee28186b41fe05de12202	1316
mods/heroes.stormmod/enus.stormassets/localizeddata/sounds/vo/kelthuzadbase_vox_castingw19.ogg	8d9517038dcb4bbafd2e70fe80e10fb6	14290
mods/heroes.stormmod/enus.stormassets/localizeddata/sounds/vo/kelthuzadbase_vox_castingw20.fxe	364a8023c1afe717165fcce36ebc0b63	868
mods/heroes.stormmod/enus.stormassets/localizeddata/sounds/vo/kelthuzadbase_vox_castingw20.ogg	5c267151c14c8bb94aa36535f13f81fb	14662
mods/heroes.stormmod/enus.stormassets/localizeddata/sounds/vo/kelthuzadbase_vox_cheer00.fxe	5593081e427bf0e92baacabca5384782	1153
mods/heroes.stormmod/enus.stormassets/localizeddata/sounds/vo/kelthuzadbase_vox_cheer00.ogg	ec05df84006a31a19eb453a6b5529e5a	12978
mods/heroes.stormmod/enus.stormassets/localizeddata/sounds/vo/kelthuzadbase_vox_cheer01.fxe	37283ddc911d54f84ad0e23e4c39e56f	1921
mods/heroes.stormmod/enus.stormassets/localizeddata/sounds/vo/kelthuzadbase_vox_cheer01.ogg	8b10b5d7bf69c48b3567c69640747b0f	22509
mods/heroes.stormmod/enus.stormassets/localizeddata/sounds/vo/kelthuzadbase_vox_cheer02.fxe	55ef829f8ece05c2864f61cffab98881	1345
mods/heroes.stormmod/enus.stormassets/localizeddata/sounds/vo/kelthuzadbase_vox_cheer02.ogg	5793baf4867590d1a6f7ada8ef5ea2ab	25942
mods/heroes.stormmod/enus.stormassets/localizeddata/sounds/vo/kelthuzadbase_vox_dash00.fxe	5e32ff3d561e7a9d577c0f751641b1bd	1152
mods/heroes.stormmod/enus.stormassets/localizeddata/sounds/vo/kelthuzadbase_vox_dash00.ogg	47307de9f12c1f5fabb820a0805122f3	13614
mods/heroes.stormmod/enus.stormassets/localizeddata/sounds/vo/kelthuzadbase_vox_dash01.fxe	d9c9a88015ed87ad7e7babe14d6f1696	1200
mods/heroes.stormmod/enus.stormassets/localizeddata/sounds/vo/kelthuzadbase_vox_dash01.ogg	7e650f301f161320fa26a81eb0797c9e	13796
mods/heroes.stormmod/enus.stormassets/localizeddata/sounds/vo/kelthuzadbase_vox_dash02.fxe	86f473c3d535d00ae584b944c999668b	1200
mods/heroes.stormmod/enus.stormassets/localizeddata/sounds/vo/kelthuzadbase_vox_dash02.ogg	5eec802ef17b48f738a27a02d6568970	14136
mods/heroes.stormmod/enus.stormassets/localizeddata/sounds/vo/kelthuzadbase_vox_dash03.fxe	57255c2964e4bb11796420cde4666441	1040
mods/heroes.stormmod/enus.stormassets/localizeddata/sounds/vo/kelthuzadbase_vox_dash03.ogg	a520ff84d5baac1508a0b165c84d234a	14664
mods/heroes.stormmod/enus.stormassets/localizeddata/sounds/vo/kelthuzadbase_vox_dash04.fxe	2ce98e5ba20f3586f5edda8c1a2783f3	1296
mods/heroes.stormmod/enus.stormassets/localizeddata/sounds/vo/kelthuzadbase_vox_dash04.ogg	51c1fd49cab77166d10a6f64608e7f46	15422
mods/heroes.stormmod/enus.stormassets/localizeddata/sounds/vo/kelthuzadbase_vox_dash05.fxe	0bc0d80bd1d427dc4a6080c3badff4a9	1136
mods/heroes.stormmod/enus.stormassets/localizeddata/sounds/vo/kelthuzadbase_vox_dash05.ogg	f7389b28232f73d59ed41ddc5381c87c	13930
mods/heroes.stormmod/enus.stormassets/localizeddata/sounds/vo/kelthuzadbase_vox_dash07.fxe	da362934a9d1ab10c6fb55a33c387bfb	1296
mods/heroes.stormmod/enus.stormassets/localizeddata/sounds/vo/kelthuzadbase_vox_dash07.ogg	be7f9b79d3e7026dba52e42a50d77ebb	14813
mods/heroes.stormmod/enus.stormassets/localizeddata/sounds/vo/kelthuzadbase_vox_dash08.fxe	0dc32ed13af29df9f60b0617eb22f554	1248
mods/heroes.stormmod/enus.stormassets/localizeddata/sounds/vo/kelthuzadbase_vox_dash08.ogg	c3206cc3dcbe7114297f89b2e8847ddf	14174
mods/heroes.stormmod/enus.stormassets/localizeddata/sounds/vo/kelthuzadbase_vox_dash09.fxe	e6725954556e6f7dc2ac3571bfce379e	1152
mods/heroes.stormmod/enus.stormassets/localizeddata/sounds/vo/kelthuzadbase_vox_dash09.ogg	6500ec07edea087ffb1ae0cf0229fea4	15061
mods/heroes.stormmod/enus.stormassets/localizeddata/sounds/vo/kelthuzadbase_vox_gethitlarge00.fxe	3f662e54e0b688d2bd92454d627f8621	1143
mods/heroes.stormmod/enus.stormassets/localizeddata/sounds/vo/kelthuzadbase_vox_gethitlarge00.ogg	d5310387032edb1d62b393211c71ca8d	10678
mods/heroes.stormmod/enus.stormassets/localizeddata/sounds/vo/kelthuzadbase_vox_gethitlarge01.fxe	c630d088fe1b24e4f36054d10b110352	919
mods/heroes.stormmod/enus.stormassets/localizeddata/sounds/vo/kelthuzadbase_vox_gethitlarge01.ogg	152917934a09c23aea27a966ea7c8a2d	10288
mods/heroes.stormmod/enus.stormassets/localizeddata/sounds/vo/kelthuzadbase_vox_gethitlarge02.fxe	455ca5a6945f9e75ac3e84ea2644ba35	1383
mods/heroes.stormmod/enus.stormassets/localizeddata/sounds/vo/kelthuzadbase_vox_gethitlarge02.ogg	fd08bfdaebaee3cc9dac411ae8c6e55e	11030
mods/heroes.stormmod/enus.stormassets/localizeddata/sounds/vo/kelthuzadbase_vox_gethitlarge03.fxe	390c1f2afa87f05501c77808d0d9fdc2	1063
mods/heroes.stormmod/enus.stormassets/localizeddata/sounds/vo/kelthuzadbase_vox_gethitlarge03.ogg	91fd8e14eeee5a50a9bcf2d295857b38	10664
mods/heroes.stormmod/enus.stormassets/localizeddata/sounds/vo/kelthuzadbase_vox_gethitlarge04.fxe	d83515b24364d6b797f4fe9325354f8c	903
mods/heroes.stormmod/enus.stormassets/localizeddata/sounds/vo/kelthuzadbase_vox_gethitlarge04.ogg	80c7ff328e00e6ef7f0aadc2c8570afb	9267
mods/heroes.stormmod/enus.stormassets/localizeddata/sounds/vo/kelthuzadbase_vox_gethitlarge05.fxe	04dbba763b9a6631e5e10f9ab06b307a	951
mods/heroes.stormmod/enus.stormassets/localizeddata/sounds/vo/kelthuzadbase_vox_gethitlarge05.ogg	8292a091fff567ca84cc32fa459b8de7	9492
mods/heroes.stormmod/enus.stormassets/localizeddata/sounds/vo/kelthuzadbase_vox_gethitlarge06.fxe	2cad40c14f01624d4a617dcab9cc8b25	1031
mods/heroes.stormmod/enus.stormassets/localizeddata/sounds/vo/kelthuzadbase_vox_gethitlarge06.ogg	1b36b87c4f16ca7934255da04e7bdefc	9681
mods/heroes.stormmod/enus.stormassets/localizeddata/sounds/vo/kelthuzadbase_vox_gethitlarge07.fxe	9e1f5a148a8969fdc99b460e44bd8135	919
mods/heroes.stormmod/enus.stormassets/localizeddata/sounds/vo/kelthuzadbase_vox_gethitlarge07.ogg	347cd7f82ba2479524eacb348dbbc618	10379
mods/heroes.stormmod/enus.stormassets/localizeddata/sounds/vo/kelthuzadbase_vox_gethitlarge08.fxe	dc8af1c603960a4cfb3f893063f6ce2b	903
mods/heroes.stormmod/enus.stormassets/localizeddata/sounds/vo/kelthuzadbase_vox_gethitlarge08.ogg	05adfce3b5ddeed27bd501c1b49f9468	9959
mods/heroes.stormmod/enus.stormassets/localizeddata/sounds/vo/kelthuzadbase_vox_gethitlarge09.fxe	c041b8e86c00ba07e358a2fd924a0a7b	1159
mods/heroes.stormmod/enus.stormassets/localizeddata/sounds/vo/kelthuzadbase_vox_gethitlarge09.ogg	9a40917d1ff9ff05a06fc9f4f2471492	10385
mods/heroes.stormmod/enus.stormassets/localizeddata/sounds/vo/kelthuzadbase_vox_gethitsmall00.fxe	55b9ec9108e9a9e2e28972bada648ab8	1111
mods/heroes.stormmod/enus.stormassets/localizeddata/sounds/vo/kelthuzadbase_vox_gethitsmall00.ogg	41b14c0facf29e19a3e8aab25f09bad3	8407
mods/heroes.stormmod/enus.stormassets/localizeddata/sounds/vo/kelthuzadbase_vox_gethitsmall01.fxe	056d1dbfb92ca97fc889347317ed4ee0	1143
mods/heroes.stormmod/enus.stormassets/localizeddata/sounds/vo/kelthuzadbase_vox_gethitsmall01.ogg	6e163edd12871e26ac52840016b045f3	8720
mods/heroes.stormmod/enus.stormassets/localizeddata/sounds/vo/kelthuzadbase_vox_gethitsmall02.fxe	584c412226823c283cc65e83c2fa7476	967
mods/heroes.stormmod/enus.stormassets/localizeddata/sounds/vo/kelthuzadbase_vox_gethitsmall02.ogg	923fa087ecd0e92c0bfdb7fdf3a35f8d	8865
mods/heroes.stormmod/enus.stormassets/localizeddata/sounds/vo/kelthuzadbase_vox_gethitsmall03.fxe	f12b6c7392f35d5d41269cb6f2e8a378	663
mods/heroes.stormmod/enus.stormassets/localizeddata/sounds/vo/kelthuzadbase_vox_gethitsmall03.ogg	44c638a5d99ea32c4e656a355084f50a	8001
mods/heroes.stormmod/enus.stormassets/localizeddata/sounds/vo/kelthuzadbase_vox_gethitsmall04.fxe	0085ef5309c9a7178ad7627e2c424f5f	919
mods/heroes.stormmod/enus.stormassets/localizeddata/sounds/vo/kelthuzadbase_vox_gethitsmall04.ogg	ba3c1e0ad9dfeae0311ccb85f29c337f	8792
mods/heroes.stormmod/enus.stormassets/localizeddata/sounds/vo/kelthuzadbase_vox_gethitsmall05.fxe	e5e1b0e9c09446b6ef9be200bdc0a518	967
mods/heroes.stormmod/enus.stormassets/localizeddata/sounds/vo/kelthuzadbase_vox_gethitsmall05.ogg	fc47f039db61b569de6530ecd6fba484	8897
mods/heroes.stormmod/enus.stormassets/localizeddata/sounds/vo/kelthuzadbase_vox_gethitsmall06.fxe	1b12132d467d89a7b0eac63ae23c3f98	951
mods/heroes.stormmod/enus.stormassets/localizeddata/sounds/vo/kelthuzadbase_vox_gethitsmall06.ogg	30d5a654484ac7daa0a087f4089ab3ca	8772
mods/heroes.stormmod/enus.stormassets/localizeddata/sounds/vo/kelthuzadbase_vox_gethitsmall07.fxe	85dcfb938c4a513f68ecbcb8f903d1f8	983
mods/heroes.stormmod/enus.stormassets/localizeddata/sounds/vo/kelthuzadbase_vox_gethitsmall07.ogg	9eb97e972d2442ed27e9a4a8273fc231	9201
mods/heroes.stormmod/enus.stormassets/localizeddata/sounds/vo/kelthuzadbase_vox_gethitsmall08.fxe	7352e63bbbc1401923c5f4719da2a6e2	919
mods/heroes.stormmod/enus.stormassets/localizeddata/sounds/vo/kelthuzadbase_vox_gethitsmall08.ogg	cac0951501318e8765909526afcc71cf	8666
mods/heroes.stormmod/enus.stormassets/localizeddata/sounds/vo/kelthuzadbase_vox_gethitsmall09.fxe	9649dcfe0701e8ada0185e3bb29f20da	1111
mods/heroes.stormmod/enus.stormassets/localizeddata/sounds/vo/kelthuzadbase_vox_gethitsmall09.ogg	444dac7c8ab3047807e24d6471cc17b6	8119
mods/heroes.stormmod/enus.stormassets/localizeddata/sounds/vo/kelthuzadbase_vox_hearth03.fxe	54e919f19c5269c5e909e9d598fc8f7f	4770
mods/heroes.stormmod/enus.stormassets/localizeddata/sounds/vo/kelthuzadbase_vox_hearth03.ogg	3755d91a4ddf26cfac983c9501361c31	74380
mods/heroes.stormmod/enus.stormassets/localizeddata/sounds/vo/kelthuzadbase_vox_hearth04.fxe	c8ba6984f1921224accac64681ff2ae7	4818
mods/heroes.stormmod/enus.stormassets/localizeddata/sounds/vo/kelthuzadbase_vox_hearth04.ogg	a8ada8a3535ecb2652b529808a79afa6	69718
mods/heroes.stormmod/enus.stormassets/localizeddata/sounds/vo/kelthuzadbase_vox_pulled00.fxe	a3132502254c41aa102f9ec138488622	1010
mods/heroes.stormmod/enus.stormassets/localizeddata/sounds/vo/kelthuzadbase_vox_pulled00.ogg	c6c83e6a8b93a4237d0e8f13c5b2a46f	10469
mods/heroes.stormmod/enus.stormassets/localizeddata/sounds/vo/kelthuzadbase_vox_pulled01.fxe	01a0cead06cc759f44c7955fa69b9a4a	1074
mods/heroes.stormmod/enus.stormassets/localizeddata/sounds/vo/kelthuzadbase_vox_pulled01.ogg	ec79b4fc8fb014d9feacbde1373cd8b8	10473
mods/heroes.stormmod/enus.stormassets/localizeddata/sounds/vo/kelthuzadbase_vox_pulled02.fxe	df456b8f5df5337731f7dcb3fd617b1f	930
mods/heroes.stormmod/enus.stormassets/localizeddata/sounds/vo/kelthuzadbase_vox_pulled02.ogg	299a96846bd32ce12027b8d92d941e9d	11498
mods/heroes.stormmod/enus.stormassets/localizeddata/sounds/vo/kelthuzadbase_vox_pulled03.fxe	efa59558b9f7638da9d9074584d6a7b8	1282
mods/heroes.stormmod/enus.stormassets/localizeddata/sounds/vo/kelthuzadbase_vox_pulled03.ogg	3110b4815c524447b0ea5ec2359fff63	10758
mods/heroes.stormmod/enus.stormassets/localizeddata/sounds/vo/kelthuzadbase_vox_pulled04.fxe	ee2b9a572f3002c56f5e0ddee4d0d7c8	994
mods/heroes.stormmod/enus.stormassets/localizeddata/sounds/vo/kelthuzadbase_vox_pulled04.ogg	a7fcea31114d4be767614484e9c54193	10501
mods/heroes.stormmod/enus.stormassets/localizeddata/sounds/vo/kelthuzadbase_vox_pulled05.fxe	bf786a2c934658e847a1af88deb8fd14	1106
mods/heroes.stormmod/enus.stormassets/localizeddata/sounds/vo/kelthuzadbase_vox_pulled05.ogg	87f7f4bdbe89a6e2d4f90fa8659fc4f2	10401
mods/heroes.stormmod/enus.stormassets/localizeddata/sounds/vo/kelthuzadbase_vox_pulled06.fxe	7130a34094f46a65bcb3a40ab358f548	962
mods/heroes.stormmod/enus.stormassets/localizeddata/sounds/vo/kelthuzadbase_vox_pulled06.ogg	b6b96d5f565e682289bf5b81a80205a1	11438
mods/heroes.stormmod/enus.stormassets/localizeddata/sounds/vo/kelthuzadbase_vox_pulled07.fxe	b4ffaa0299412174b6af804731d40990	914
mods/heroes.stormmod/enus.stormassets/localizeddata/sounds/vo/kelthuzadbase_vox_pulled07.ogg	015a76c6b719fc134e815d151455417e	10341
mods/heroes.stormmod/enus.stormassets/localizeddata/sounds/vo/kelthuzadbase_worthit00.fxe	de59681efea6662981513deb7615d37c	2607
mods/heroes.stormmod/enus.stormassets/localizeddata/sounds/vo/kelthuzadbase_worthit00.ogg	c2bc25e4ee33779832bb8232d6f2f740	56246
mods/heroes.stormmod/enus.stormassets/localizeddata/sounds/vo/kelthuzadbase_worthit01.fxe	c7c3f1f71c7fd56f05a2aec2352105ec	1663
mods/heroes.stormmod/enus.stormassets/localizeddata/sounds/vo/kelthuzadbase_worthit01.ogg	1ee637097bdeb2ce66339451d269041d	35334
mods/heroes.stormmod/enus.stormassets/localizeddata/sounds/vo/kelthuzadbase_yes00.fxe	83ee17e430c6d01f73804a6393892b9a	1819
mods/heroes.stormmod/enus.stormassets/localizeddata/sounds/vo/kelthuzadbase_yes00.ogg	ec4d37f882ff348c0a59c0756193518d	32802
mods/heroes.stormmod/enus.stormassets/localizeddata/sounds/vo/kelthuzadbase_yes01.fxe	327d69d804f0112573e8da30fa5bf8a3	1435
mods/heroes.stormmod/enus.stormassets/localizeddata/sounds/vo/kelthuzadbase_yes01.ogg	d05530665389eb523a13cd707a5dc847	22740
mods/heroes.stormmod/enus.stormassets/localizeddata/sounds/vo/kelthuzadbase_yes02.fxe	56aacc5d4cb4303c0734b3326b0145dc	1611
mods/heroes.stormmod/enus.stormassets/localizeddata/sounds/vo/kelthuzadbase_yes02.ogg	6c81025098450c46af98f18ff4cdc6dc	24538
mods/heroes.stormmod/enus.stormassets/localizeddata/sounds/vo/kelthuzadbase_yes03.fxe	00ad0fdbd34df6a45c82736220d74dee	1195
mods/heroes.stormmod/enus.stormassets/localizeddata/sounds/vo/kelthuzadbase_yes03.ogg	1c4a538c1444261cfa5398033ef93732	18308
mods/heroes.stormmod/enus.stormassets/localizeddata/sounds/vo/kelthuzadbase_yes04.fxe	7159b55f876f4302635454dd1a031ddf	1147
mods/heroes.stormmod/enus.stormassets/localizeddata/sounds/vo/kelthuzadbase_yes04.ogg	c8aefbfd05f944fe936ed605d78740d8	17179
mods/heroes.stormmod/enus.stormassets/localizeddata/sounds/vo/kelthuzadbase_yes05.fxe	5f8940ec99d77752e7f39ef017fd3053	1435
mods/heroes.stormmod/enus.stormassets/localizeddata/sounds/vo/kelthuzadbase_yes05.ogg	6df3941b6d44154c25d9c92dc3946858	21229
mods/heroes.stormmod/enus.stormassets/localizeddata/sounds/vo/kelthuzadbase_yes06.fxe	15568516247057c958471072c361a371	1179
mods/heroes.stormmod/enus.stormassets/localizeddata/sounds/vo/kelthuzadbase_yes06.ogg	426a1489a59457603725c328bdb3cacd	16276
mods/heroes.stormmod/enus.stormassets/localizeddata/sounds/vo/kelthuzadbase_yes07.fxe	31ff281d666bdc1d781836c1134dcca7	1307
mods/heroes.stormmod/enus.stormassets/localizeddata/sounds/vo/kelthuzadbase_yes07.ogg	fc6dfd4128b6aa8cdff1f0b77cc9863a	22962
mods/heroes.stormmod/enus.stormassets/localizeddata/sounds/vo/kelthuzadbase_yes08.fxe	8acd1588fd8271a1c1b5deb3131aeefe	1499
mods/heroes.stormmod/enus.stormassets/localizeddata/sounds/vo/kelthuzadbase_yes08.ogg	ecb4e58a3ea5aa046368c663e7264f2b	28579
mods/heroes.stormmod/enus.stormassets/localizeddata/sounds/vo/kelthuzadbase_yes09.fxe	0a4d7c19a88acf83acac2e75399dbfb9	2379
mods/heroes.stormmod/enus.stormassets/localizeddata/sounds/vo/kelthuzadbase_yes09.ogg	5cfbe57bcc9a4e54dec93f0388fab3cb	46992
mods/heroes.stormmod/enus.stormassets/localizeddata/sounds/vo/kelthuzadstarlich_ai_attack00.ogg	355535c8d8b9052f01f2fad40000cf02	50470
mods/heroes.stormmod/enus.stormassets/localizeddata/sounds/vo/kelthuzadstarlich_ai_attack01.ogg	9b35be8f2b9578fb61d7f9a7950d53d5	41017
mods/heroes.stormmod/enus.stormassets/localizeddata/sounds/vo/kelthuzadstarlich_ai_attack02.ogg	8e13021b31ac60e27e7841373113f494	42436
mods/heroes.stormmod/enus.stormassets/localizeddata/sounds/vo/kelthuzadstarlich_ai_caution00.ogg	5fc1f95e2809cc327cfb9ad2ac4ce831	24602
mods/heroes.stormmod/enus.stormassets/localizeddata/sounds/vo/kelthuzadstarlich_ai_goodjob00.ogg	ea8b4556f0337732c7ead3e7c0920c43	28506
mods/heroes.stormmod/enus.stormassets/localizeddata/sounds/vo/kelthuzadstarlich_ai_goodjob01.ogg	ee8501aa134d029153ff3f8dfdf3fcf4	30916
mods/heroes.stormmod/enus.stormassets/localizeddata/sounds/vo/kelthuzadstarlich_ai_goodjob02.ogg	f03fd6b90bf57ee51afe0fe22077e1b4	41113
mods/heroes.stormmod/enus.stormassets/localizeddata/sounds/vo/kelthuzadstarlich_ai_heal00.ogg	c46005b49cb0829aff14127f6fc8fd46	30218
mods/heroes.stormmod/enus.stormassets/localizeddata/sounds/vo/kelthuzadstarlich_ai_heal01.ogg	f823485b2d4319f348454be1391a56e5	57881
mods/heroes.stormmod/enus.stormassets/localizeddata/sounds/vo/kelthuzadstarlich_ai_retreat00.ogg	cd368c8f608a75fe5b75083ddf7e8078	35116
mods/heroes.stormmod/enus.stormassets/localizeddata/sounds/vo/kelthuzadstarlich_ai_retreat01.ogg	a1d10f766eddcabb58b5209daefcc718	44145
mods/heroes.stormmod/enus.stormassets/localizeddata/sounds/vo/kelthuzadstarlich_ai_uhoh00.ogg	126d6c5c6dbde5d28e75ad840004184e	28782
mods/heroes.stormmod/enus.stormassets/localizeddata/sounds/vo/kelthuzadstarlich_ai_uhoh01.ogg	9e4ea2ecaa06a7fcf50b93859202c872	40017
mods/heroes.stormmod/enus.stormassets/localizeddata/sounds/vo/kelthuzadstarlich_ai_uhoh02.ogg	ff01934e3c5f3134103991b7a12fb5cf	41475
mods/heroes.stormmod/enus.stormassets/localizeddata/sounds/vo/kelthuzadstarlich_attack00.ogg	c750cdc784a6653d2f483e200889caf1	19964
mods/heroes.stormmod/enus.stormassets/localizeddata/sounds/vo/kelthuzadstarlich_attack01.ogg	1253e906ec688c6b422c1c6a4cca2d7f	30595
mods/heroes.stormmod/enus.stormassets/localizeddata/sounds/vo/kelthuzadstarlich_attack02.ogg	2b0b2bc19f4cb56c38124ebd3d0e18a8	21972
mods/heroes.stormmod/enus.stormassets/localizeddata/sounds/vo/kelthuzadstarlich_attack03.ogg	8dd5d1d04d6c1904ee75ae9f9b95ca84	28135
mods/heroes.stormmod/enus.stormassets/localizeddata/sounds/vo/kelthuzadstarlich_attack04.ogg	39938b87691357f0fdd268f755b671ab	34624
mods/heroes.stormmod/enus.stormassets/localizeddata/sounds/vo/kelthuzadstarlich_attack05.ogg	aa40e838fe243c5a63cbe422e63bb57e	43179
mods/heroes.stormmod/enus.stormassets/localizeddata/sounds/vo/kelthuzadstarlich_attack06.ogg	12c35d93f24ac1b7e662772a351419fd	39670
mods/heroes.stormmod/enus.stormassets/localizeddata/sounds/vo/kelthuzadstarlich_celebrate00.ogg	a741cd760876eb3d7d06fd7299fcfc43	38628
mods/heroes.stormmod/enus.stormassets/localizeddata/sounds/vo/kelthuzadstarlich_celebrate01.ogg	e956e6f4b86b297bfd29f64e9777e6e0	31201
mods/heroes.stormmod/enus.stormassets/localizeddata/sounds/vo/kelthuzadstarlich_comboreact00.ogg	3ae9adfc90824ebc9c99fd6d8f85c004	36669
mods/heroes.stormmod/enus.stormassets/localizeddata/sounds/vo/kelthuzadstarlich_comboreact01.ogg	58b6c0510f42d14694f52a9473072b59	35297
mods/heroes.stormmod/enus.stormassets/localizeddata/sounds/vo/kelthuzadstarlich_comboreact02.ogg	68ee97ba92b81f0bcfaa11590fb7d5c7	48207
mods/heroes.stormmod/enus.stormassets/localizeddata/sounds/vo/kelthuzadstarlich_comeback00.ogg	251832bdee9dfb1f36597aaa58305927	60888
mods/heroes.stormmod/enus.stormassets/localizeddata/sounds/vo/kelthuzadstarlich_death00.wav	b42b7195eafbbe44d4934b2a01cc5ebf	121660
mods/heroes.stormmod/enus.stormassets/localizeddata/sounds/vo/kelthuzadstarlich_death01_alt2.wav	1335e3b2faa7cd5bb1acde91e16b7817	99644
mods/heroes.stormmod/enus.stormassets/localizeddata/sounds/vo/kelthuzadstarlich_death02.wav	0b5f1ef17e6ca3dbab637d587dd1cccd	105532
mods/heroes.stormmod/enus.stormassets/localizeddata/sounds/vo/kelthuzadstarlich_death03.wav	ccb62d9f553306be232cdc4255f6c7f9	55356
mods/heroes.stormmod/enus.stormassets/localizeddata/sounds/vo/kelthuzadstarlich_death04.wav	c3391405446afd4c3f595bbd5c77cd56	58428
mods/heroes.stormmod/enus.stormassets/localizeddata/sounds/vo/kelthuzadstarlich_death05.wav	d8750ecc2649199aa60991a50db3d35b	76860
mods/heroes.stormmod/enus.stormassets/localizeddata/sounds/vo/kelthuzadstarlich_death06.wav	28ef1a238727d798f1294018dbda9618	58940
mods/heroes.stormmod/enus.stormassets/localizeddata/sounds/vo/kelthuzadstarlich_death07.wav	7cb8c07a0e5d8946df8fdd2dfdc9afa2	56892
mods/heroes.stormmod/enus.stormassets/localizeddata/sounds/vo/kelthuzadstarlich_death08.wav	4762d4b41ee3afb22d59ad35d2fd1355	57660
mods/heroes.stormmod/enus.stormassets/localizeddata/sounds/vo/kelthuzadstarlich_death09.wav	4851cd573b1950fcccf5250b8f1d36e9	81724
mods/heroes.stormmod/enus.stormassets/localizeddata/sounds/vo/kelthuzadstarlich_death10.wav	980054f40a581ea64aa5d4f12307c48b	57148
mods/heroes.stormmod/enus.stormassets/localizeddata/sounds/vo/kelthuzadstarlich_death11.wav	caec49cef95c108fce7a5daf6c840348	60732
mods/heroes.stormmod/enus.stormassets/localizeddata/sounds/vo/kelthuzadstarlich_death12.wav	195b080994f41d16e4d2d52ed63fb439	60476
mods/heroes.stormmod/enus.stormassets/localizeddata/sounds/vo/kelthuzadstarlich_death13.wav	397dbb948a4b0fa577e4dabf04b6184a	57404
mods/heroes.stormmod/enus.stormassets/localizeddata/sounds/vo/kelthuzadstarlich_death14.wav	255bd567d9c8a926905b7b06a8e47223	55612
mods/heroes.stormmod/enus.stormassets/localizeddata/sounds/vo/kelthuzadstarlich_death15.wav	10e760c5d0f5328c8d6e1e74bd6717e5	64316
mods/heroes.stormmod/enus.stormassets/localizeddata/sounds/vo/kelthuzadstarlich_death16.wav	62d5649fba54defaf725456d36a8106e	70204
mods/heroes.stormmod/enus.stormassets/localizeddata/sounds/vo/kelthuzadstarlich_healed00.ogg	667dc29f8f05e1041ebc9016328776da	30659
mods/heroes.stormmod/enus.stormassets/localizeddata/sounds/vo/kelthuzadstarlich_healed01.ogg	c0c9d50213fdb5281ff3a8b54b73fd0b	36166
mods/heroes.stormmod/enus.stormassets/localizeddata/sounds/vo/kelthuzadstarlich_healed02.ogg	f8bc6c3cd780bcf713c92259618a45df	39237
mods/heroes.stormmod/enus.stormassets/localizeddata/sounds/vo/kelthuzadstarlich_homescreen00.ogg	dbef3d952485754efd6ab9a65a9d060d	46529
mods/heroes.stormmod/enus.stormassets/localizeddata/sounds/vo/kelthuzadstarlich_introagree00.ogg	44ccbd08c5a5781e2d03632131d171f1	54041
mods/heroes.stormmod/enus.stormassets/localizeddata/sounds/vo/kelthuzadstarlich_introagree01.ogg	045d12f14bc052183f08aa75d0586a56	39204
mods/heroes.stormmod/enus.stormassets/localizeddata/sounds/vo/kelthuzadstarlich_introagree02.ogg	6f7af3125e3a3135bef3d2506fb4b95d	42712
mods/heroes.stormmod/enus.stormassets/localizeddata/sounds/vo/kelthuzadstarlich_introboast00.ogg	7a57c9a06fb29af452829a0da5276f18	40302
mods/heroes.stormmod/enus.stormassets/localizeddata/sounds/vo/kelthuzadstarlich_introboast01.ogg	ba6231ba750af449a23f84d85717ff6f	42487
mods/heroes.stormmod/enus.stormassets/localizeddata/sounds/vo/kelthuzadstarlich_introquestion00.ogg	ec37e268f6fc49bb85fdc268c75454af	39356
mods/heroes.stormmod/enus.stormassets/localizeddata/sounds/vo/kelthuzadstarlich_introquestion01.ogg	d2db6d379bbc54adfae6d2ac201171fb	41817
mods/heroes.stormmod/enus.stormassets/localizeddata/sounds/vo/kelthuzadstarlich_introquestion_anubarak00.ogg	94b3142a01a5de4679c4c5ae546ac4d8	71552
mods/heroes.stormmod/enus.stormassets/localizeddata/sounds/vo/kelthuzadstarlich_introquestion_arthas00.ogg	18074d5b0f62957cca759b21310e87a3	49752
mods/heroes.stormmod/enus.stormassets/localizeddata/sounds/vo/kelthuzadstarlich_introquestion_barbariandk00.ogg	47a0e35770c42d813d69cae0307d1dd8	44760
mods/heroes.stormmod/enus.stormassets/localizeddata/sounds/vo/kelthuzadstarlich_introquestion_demon00.ogg	0c9912a9a4845b4a04676e1f427d30b3	49237
mods/heroes.stormmod/enus.stormassets/localizeddata/sounds/vo/kelthuzadstarlich_introquestion_hearthstone00.ogg	e51b8314e782f5a6c23f13cd16932a11	30624
mods/heroes.stormmod/enus.stormassets/localizeddata/sounds/vo/kelthuzadstarlich_introquestion_jaina00.ogg	1ea412bcaae8717b08f52ade3d83b380	66050
mods/heroes.stormmod/enus.stormassets/localizeddata/sounds/vo/kelthuzadstarlich_introquestion_jainadread00.ogg	b038e07758c5394b0c28e8f9e09c1653	63571
mods/heroes.stormmod/enus.stormassets/localizeddata/sounds/vo/kelthuzadstarlich_introquestion_junkrat00.ogg	971957adf7378911e545a54b2fd22828	71340
mods/heroes.stormmod/enus.stormassets/localizeddata/sounds/vo/kelthuzadstarlich_introquestion_murky00.ogg	ce971bada69809faac8fb31cab718018	38587
mods/heroes.stormmod/enus.stormassets/localizeddata/sounds/vo/kelthuzadstarlich_introquestion_negative00.ogg	2498fca15a10328167ce78b32ae59886	70976
mods/heroes.stormmod/enus.stormassets/localizeddata/sounds/vo/kelthuzadstarlich_introquestion_positive00.ogg	78ce83303b3482f50190bb794c299231	42647
mods/heroes.stormmod/enus.stormassets/localizeddata/sounds/vo/kelthuzadstarlich_introquestion_stukov00.ogg	179dadb0b981346429a905b01be73c69	62678
mods/heroes.stormmod/enus.stormassets/localizeddata/sounds/vo/kelthuzadstarlich_introquestion_sylvanas00.ogg	bf667273d4020efe81c64a4ce6e4dea4	85845
mods/heroes.stormmod/enus.stormassets/localizeddata/sounds/vo/kelthuzadstarlich_introquestion_undead00.ogg	01602b341a5258d8ce4b7699906f86d0	70763
mods/heroes.stormmod/enus.stormassets/localizeddata/sounds/vo/kelthuzadstarlich_introquestion_uther00.ogg	a1c5d81e58076ee40b945b774502ab6e	77293
mods/heroes.stormmod/enus.stormassets/localizeddata/sounds/vo/kelthuzadstarlich_introquestion_zagaracrypt00.ogg	9ba985eda904005a6a26b944250d751c	56187
mods/heroes.stormmod/enus.stormassets/localizeddata/sounds/vo/kelthuzadstarlich_introrespond00.ogg	ea675894177804648a2a662ebe3e14f0	38906
mods/heroes.stormmod/enus.stormassets/localizeddata/sounds/vo/kelthuzadstarlich_introrespond01.ogg	2705b17d36fd2799588cd754996cd3f6	48940
mods/heroes.stormmod/enus.stormassets/localizeddata/sounds/vo/kelthuzadstarlich_introrespond02.ogg	a18c2be30b7c42f8e88a9223900190ec	31290
mods/heroes.stormmod/enus.stormassets/localizeddata/sounds/vo/kelthuzadstarlich_introresponse_angry00.ogg	218b93373eda0990e64728e9123a0f5d	51064
mods/heroes.stormmod/enus.stormassets/localizeddata/sounds/vo/kelthuzadstarlich_introresponse_anubarak00.ogg	f57057cc9cc6e522be35f2ea90ba7ce6	39918
mods/heroes.stormmod/enus.stormassets/localizeddata/sounds/vo/kelthuzadstarlich_introresponse_arthas00.ogg	206f4e4194119e8422852f219b6c78fc	68505
mods/heroes.stormmod/enus.stormassets/localizeddata/sounds/vo/kelthuzadstarlich_introresponse_barbariandk00.ogg	8d9132bbff2d3a072f64d44e16a5a5a3	47286
mods/heroes.stormmod/enus.stormassets/localizeddata/sounds/vo/kelthuzadstarlich_introresponse_begrudging00.ogg	14b988e156af5011ed24fa9935a8bb1b	31698
mods/heroes.stormmod/enus.stormassets/localizeddata/sounds/vo/kelthuzadstarlich_introresponse_confused00.ogg	8056a4b6f30f63ae7188d1ae15edb707	26743
mods/heroes.stormmod/enus.stormassets/localizeddata/sounds/vo/kelthuzadstarlich_introresponse_demon00.ogg	e73ff5aec2b57ac902307f984cd20510	36895
mods/heroes.stormmod/enus.stormassets/localizeddata/sounds/vo/kelthuzadstarlich_introresponse_dismiss00.ogg	a39d2b7b8b3e89570e916ac5657f949b	48877
mods/heroes.stormmod/enus.stormassets/localizeddata/sounds/vo/kelthuzadstarlich_introresponse_interested00.ogg	059199ac8486487602658d2edf3f3cb7	39296
mods/heroes.stormmod/enus.stormassets/localizeddata/sounds/vo/kelthuzadstarlich_introresponse_jaina00.ogg	1659d7fa55998534c5eaf70d4800cbb4	79252
mods/heroes.stormmod/enus.stormassets/localizeddata/sounds/vo/kelthuzadstarlich_introresponse_jainadread00.ogg	20c539a536f5c9c8cf746561237f3a88	77002
mods/heroes.stormmod/enus.stormassets/localizeddata/sounds/vo/kelthuzadstarlich_introresponse_murky00.ogg	12e381be15f62df9399f45ede752220f	82255
mods/heroes.stormmod/enus.stormassets/localizeddata/sounds/vo/kelthuzadstarlich_introresponse_negative00.ogg	6a727f5c8065338f4f05d9285564eca0	49198
mods/heroes.stormmod/enus.stormassets/localizeddata/sounds/vo/kelthuzadstarlich_introresponse_positive00.ogg	c9f06cffa1cec8332044743641530326	40525
mods/heroes.stormmod/enus.stormassets/localizeddata/sounds/vo/kelthuzadstarlich_introresponse_sylvanas00.ogg	b35c8767e96609ff236a57b48167f976	49217
mods/heroes.stormmod/enus.stormassets/localizeddata/sounds/vo/kelthuzadstarlich_introresponse_undead00.ogg	6929fd82b3b5ba2b0ba9443bae6d7a51	29813
mods/heroes.stormmod/enus.stormassets/localizeddata/sounds/vo/kelthuzadstarlich_introresponse_uther00.ogg	0ed04ca7b63af4f6713660a83b8ab238	67481
mods/heroes.stormmod/enus.stormassets/localizeddata/sounds/vo/kelthuzadstarlich_introresponse_valeera00.ogg	8238a67d61ed245c329a8b02d12cfe82	44051
mods/heroes.stormmod/enus.stormassets/localizeddata/sounds/vo/kelthuzadstarlich_introresponse_zagaracrypt00.ogg	90130977cb45570732779093ad0beb4e	51937
mods/heroes.stormmod/enus.stormassets/localizeddata/sounds/vo/kelthuzadstarlich_kill00.ogg	5ae34cddea2e832bc40ac5b5777cbf03	40377
mods/heroes.stormmod/enus.stormassets/localizeddata/sounds/vo/kelthuzadstarlich_kill01.ogg	3d91e42fda288a9cde10402e8e13c3c9	29715
mods/heroes.stormmod/enus.stormassets/localizeddata/sounds/vo/kelthuzadstarlich_kill02.ogg	9e8bd8d38c197cc827c93b34b5ffe05f	41617
mods/heroes.stormmod/enus.stormassets/localizeddata/sounds/vo/kelthuzadstarlich_kill03.ogg	0365c6c461433829985b568b4bf5f911	41490
mods/heroes.stormmod/enus.stormassets/localizeddata/sounds/vo/kelthuzadstarlich_kill04.ogg	804b6a7596478d3d4e5b63f5bd903ddf	31230
mods/heroes.stormmod/enus.stormassets/localizeddata/sounds/vo/kelthuzadstarlich_kill05.ogg	2a5b9431436e3282ab32511f4c8c84cb	52284
mods/heroes.stormmod/enus.stormassets/localizeddata/sounds/vo/kelthuzadstarlich_killalexstrasza00.ogg	feb45883894da330828776a3c0309fb0	44939
mods/heroes.stormmod/enus.stormassets/localizeddata/sounds/vo/kelthuzadstarlich_killarthas00.ogg	54bea58ded2d3980a7e1a80c2f124afc	28649
mods/heroes.stormmod/enus.stormassets/localizeddata/sounds/vo/kelthuzadstarlich_killbarbariandk00.ogg	5a2478f8c6253b2d4f28ee6acb5b4ae7	45602
mods/heroes.stormmod/enus.stormassets/localizeddata/sounds/vo/kelthuzadstarlich_killdemon00.ogg	df0288b0f09fdd6182d81ac0657b620a	42692
mods/heroes.stormmod/enus.stormassets/localizeddata/sounds/vo/kelthuzadstarlich_killjainadread00.ogg	aa54e665c96cbaa8e268d7a33aea3baa	51391
mods/heroes.stormmod/enus.stormassets/localizeddata/sounds/vo/kelthuzadstarlich_killkael00.ogg	f4c6ca4c48f6484412df1db2a109655b	46134
mods/heroes.stormmod/enus.stormassets/localizeddata/sounds/vo/kelthuzadstarlich_killleoric00.ogg	b8b82b647dabfd6cdff294ac62b0fb08	30724
mods/heroes.stormmod/enus.stormassets/localizeddata/sounds/vo/kelthuzadstarlich_killspreeend00.ogg	c5db1f5e8a767b35f3865b3d74f86bbb	60537
mods/heroes.stormmod/enus.stormassets/localizeddata/sounds/vo/kelthuzadstarlich_killtyrael00.ogg	366908e096ca0b9c510b79b8aba11f59	37692
mods/heroes.stormmod/enus.stormassets/localizeddata/sounds/vo/kelthuzadstarlich_killundead00.ogg	4b5e2a6b7c2dd5949add7c3ec5ee1f4c	38313
mods/heroes.stormmod/enus.stormassets/localizeddata/sounds/vo/kelthuzadstarlich_killuther00.ogg	eff8c3b3bf06b9d68375e889565afe1e	44331
mods/heroes.stormmod/enus.stormassets/localizeddata/sounds/vo/kelthuzadstarlich_killwarcraftiii00.ogg	2d14a72183d41905dbafa4c9b01aca5e	30146
mods/heroes.stormmod/enus.stormassets/localizeddata/sounds/vo/kelthuzadstarlich_killzagaracrypt00.ogg	ce88ad4f14e83ce20aac795739b76125	35944
mods/heroes.stormmod/enus.stormassets/localizeddata/sounds/vo/kelthuzadstarlich_killzerg00.ogg	1954763bfd364e21b25cf83d98e9c20e	40138
mods/heroes.stormmod/enus.stormassets/localizeddata/sounds/vo/kelthuzadstarlich_laugh00.ogg	a8df8e295394f44ed8910eec38ad4002	25975
mods/heroes.stormmod/enus.stormassets/localizeddata/sounds/vo/kelthuzadstarlich_laugh01.ogg	c111950f0dea1a21361fee731ff41a12	31934
mods/heroes.stormmod/enus.stormassets/localizeddata/sounds/vo/kelthuzadstarlich_laugh02.ogg	0e1a117a43ede322da43cde7a22ae413	32647
mods/heroes.stormmod/enus.stormassets/localizeddata/sounds/vo/kelthuzadstarlich_laugh03.ogg	4ee8d32fee7eb4ee8c7f583fb4bb36bf	41130
mods/heroes.stormmod/enus.stormassets/localizeddata/sounds/vo/kelthuzadstarlich_laugh04.ogg	c0a2ea9a5bacda059365415258cb847e	14743
mods/heroes.stormmod/enus.stormassets/localizeddata/sounds/vo/kelthuzadstarlich_laugh05.ogg	be16284baf8de812e33601d634f8b989	13347
mods/heroes.stormmod/enus.stormassets/localizeddata/sounds/vo/kelthuzadstarlich_laugh06.ogg	0a7cb3b958f4fb7bbefe9e5b32aec62f	25581
mods/heroes.stormmod/enus.stormassets/localizeddata/sounds/vo/kelthuzadstarlich_laugh07.ogg	2acb48d22607e0723f01359dc575c08f	24998
mods/heroes.stormmod/enus.stormassets/localizeddata/sounds/vo/kelthuzadstarlich_laugh08.ogg	7ca0d4d2351589feab23410fcddc8b60	28387
mods/heroes.stormmod/enus.stormassets/localizeddata/sounds/vo/kelthuzadstarlich_laugh09.ogg	1e9ee714b7dd7c621b70b98a527ffec8	56786
mods/heroes.stormmod/enus.stormassets/localizeddata/sounds/vo/kelthuzadstarlich_laugh10.ogg	78fec8244450badfb49295fcfaf775a5	55171
mods/heroes.stormmod/enus.stormassets/localizeddata/sounds/vo/kelthuzadstarlich_laugh11.ogg	30ae9791206e649214fcaab0c9274ced	30535
mods/heroes.stormmod/enus.stormassets/localizeddata/sounds/vo/kelthuzadstarlich_laugh12.ogg	6fb04076f1b7fe1e22ae9081e4ce893a	15423
mods/heroes.stormmod/enus.stormassets/localizeddata/sounds/vo/kelthuzadstarlich_laugh13.ogg	ef7d9511a257e1991ecb1b9a4167a824	16902
mods/heroes.stormmod/enus.stormassets/localizeddata/sounds/vo/kelthuzadstarlich_laugh14.ogg	d677a07c47b27d5fe86294d914fe580e	16407
mods/heroes.stormmod/enus.stormassets/localizeddata/sounds/vo/kelthuzadstarlich_laugh15.ogg	eb77a06d0756f8bae9bc4301d84adeab	16423
mods/heroes.stormmod/enus.stormassets/localizeddata/sounds/vo/kelthuzadstarlich_laugh16.ogg	51e3531b373f67060f8d3e8fa96b9b88	16305
mods/heroes.stormmod/enus.stormassets/localizeddata/sounds/vo/kelthuzadstarlich_laugh17.ogg	c0815cdad5919cf5a10e36c95f6f7c65	12837
mods/heroes.stormmod/enus.stormassets/localizeddata/sounds/vo/kelthuzadstarlich_laugh18.ogg	13f95f6174afe836a062c71be6a0d830	12810
mods/heroes.stormmod/enus.stormassets/localizeddata/sounds/vo/kelthuzadstarlich_laugh19.ogg	146e1770a436bd1913b4955edebb7bc5	14345
mods/heroes.stormmod/enus.stormassets/localizeddata/sounds/vo/kelthuzadstarlich_laugh20.ogg	04d8bddddd89e25850b6b2486179bad9	25102
mods/heroes.stormmod/enus.stormassets/localizeddata/sounds/vo/kelthuzadstarlich_lowlifeheal00.ogg	8d33d0c38749bfa3187dd2ce89b29e09	31315
mods/heroes.stormmod/enus.stormassets/localizeddata/sounds/vo/kelthuzadstarlich_lowlifeheal01.ogg	8e8700f01554599b47096b3169332a3c	34786
mods/heroes.stormmod/enus.stormassets/localizeddata/sounds/vo/kelthuzadstarlich_lowlifeheal02.ogg	27bde46b178340fbc386aa3568277c92	42380
mods/heroes.stormmod/enus.stormassets/localizeddata/sounds/vo/kelthuzadstarlich_lowmana00.ogg	23e77186d36769fcfd2dde657582aad1	31290
mods/heroes.stormmod/enus.stormassets/localizeddata/sounds/vo/kelthuzadstarlich_lowmana01.ogg	b953043149f9f05f9266199d34e5c1bd	30758
mods/heroes.stormmod/enus.stormassets/localizeddata/sounds/vo/kelthuzadstarlich_lowmana02.ogg	26c79ab14e511c66b6f064a7426a36d3	34301
mods/heroes.stormmod/enus.stormassets/localizeddata/sounds/vo/kelthuzadstarlich_matchend00.ogg	be94b7e42c5b915dfaf5b0fbb11a0061	33997
mods/heroes.stormmod/enus.stormassets/localizeddata/sounds/vo/kelthuzadstarlich_matchend01.ogg	da10a872e043827994b5c664f24aa78b	23805
mods/heroes.stormmod/enus.stormassets/localizeddata/sounds/vo/kelthuzadstarlich_mrbigglesworth00.ogg	47404053dfa438cb2037ff865d76036c	51186
mods/heroes.stormmod/enus.stormassets/localizeddata/sounds/vo/kelthuzadstarlich_no00.ogg	7d5c42f3125141dc3ca931500c346def	16579
mods/heroes.stormmod/enus.stormassets/localizeddata/sounds/vo/kelthuzadstarlich_no01.ogg	9a11cedcfcddc16ea83199e044747771	31209
mods/heroes.stormmod/enus.stormassets/localizeddata/sounds/vo/kelthuzadstarlich_no02.ogg	0bd9a164938d64d7362320d4a89754e4	31102
mods/heroes.stormmod/enus.stormassets/localizeddata/sounds/vo/kelthuzadstarlich_ping_assisthero00.ogg	e1316bd331c0aae692ad4e57bde556c7	36117
mods/heroes.stormmod/enus.stormassets/localizeddata/sounds/vo/kelthuzadstarlich_ping_assistme00.ogg	aeb1025bef18ae382b36bfa73035a0bd	30572
mods/heroes.stormmod/enus.stormassets/localizeddata/sounds/vo/kelthuzadstarlich_ping_assistme01.ogg	5291b41e394d76cb00872e3adea2aa65	23769
mods/heroes.stormmod/enus.stormassets/localizeddata/sounds/vo/kelthuzadstarlich_ping_attackcastle00.ogg	696514415a26e5afbe31dce88d19715a	35259
mods/heroes.stormmod/enus.stormassets/localizeddata/sounds/vo/kelthuzadstarlich_ping_attackmerc00.ogg	ac168fb390ccb737b5c7c2e53c071daa	42882
mods/heroes.stormmod/enus.stormassets/localizeddata/sounds/vo/kelthuzadstarlich_ping_attackoutpost00.ogg	7f71dfca0aeb05bfa837a41645e89159	36350
mods/heroes.stormmod/enus.stormassets/localizeddata/sounds/vo/kelthuzadstarlich_ping_attacktower00.ogg	a893b0a36d39706396262f56b11e00ee	41414
mods/heroes.stormmod/enus.stormassets/localizeddata/sounds/vo/kelthuzadstarlich_ping_defendcastle00.ogg	e509ea1f687a7afb511f3cdbddf48c5e	32230
mods/heroes.stormmod/enus.stormassets/localizeddata/sounds/vo/kelthuzadstarlich_ping_defendoutpost00.ogg	03049966fe771f4f364d0e3ff3735262	34291
mods/heroes.stormmod/enus.stormassets/localizeddata/sounds/vo/kelthuzadstarlich_ping_defendtower00.ogg	d68eab03fe9c9b17513a312b963e7bc2	40369
mods/heroes.stormmod/enus.stormassets/localizeddata/sounds/vo/kelthuzadstarlich_ping_killhero00.ogg	6c01c92f7a42ca7e6e499463c71db222	43827
mods/heroes.stormmod/enus.stormassets/localizeddata/sounds/vo/kelthuzadstarlich_pissed00.ogg	6856abb144ba41c97b25ea468580c84e	20014
mods/heroes.stormmod/enus.stormassets/localizeddata/sounds/vo/kelthuzadstarlich_pissed01.ogg	a5917d84c6ab674aa4d4d2190d5a0996	27362
mods/heroes.stormmod/enus.stormassets/localizeddata/sounds/vo/kelthuzadstarlich_pissed02.ogg	dd9969a8cdd9ef9c5f93cc61d9cbcef4	73968
mods/heroes.stormmod/enus.stormassets/localizeddata/sounds/vo/kelthuzadstarlich_pissed03.ogg	ecd14246621e2ca830a53a15276fc185	177295
mods/heroes.stormmod/enus.stormassets/localizeddata/sounds/vo/kelthuzadstarlich_pissed04.ogg	d24cc1b70d15aaea1251245cc1b1917a	56219
mods/heroes.stormmod/enus.stormassets/localizeddata/sounds/vo/kelthuzadstarlich_pissed05.ogg	f45cc28ef246ca3b831829add382bdee	130556
mods/heroes.stormmod/enus.stormassets/localizeddata/sounds/vo/kelthuzadstarlich_pissed08.ogg	cf55b370eddb9e14a62483ab362171e2	114922
mods/heroes.stormmod/enus.stormassets/localizeddata/sounds/vo/kelthuzadstarlich_pissed09.ogg	330daa1eb74f176b3295aabe468d2538	129148
mods/heroes.stormmod/enus.stormassets/localizeddata/sounds/vo/kelthuzadstarlich_pissed11.ogg	1c00011d571d81e58cb23a6a4d8d158e	64581
mods/heroes.stormmod/enus.stormassets/localizeddata/sounds/vo/kelthuzadstarlich_pissed12.ogg	0cbab8a8853914e931aa8756213329a7	64820
mods/heroes.stormmod/enus.stormassets/localizeddata/sounds/vo/kelthuzadstarlich_pissed13.ogg	a3c90c2b3599776fc1244fa89bc5aba2	105913
mods/heroes.stormmod/enus.stormassets/localizeddata/sounds/vo/kelthuzadstarlich_pissed14.ogg	cbd56ce621b497229061f6deef99ff2c	127586
mods/heroes.stormmod/enus.stormassets/localizeddata/sounds/vo/kelthuzadstarlich_pissed15.ogg	05756a64882b47c657aaa33ede5143b0	110332
mods/heroes.stormmod/enus.stormassets/localizeddata/sounds/vo/kelthuzadstarlich_pissed16.ogg	7a73e66ce30862bcc0c08d91683feabb	156043
mods/heroes.stormmod/enus.stormassets/localizeddata/sounds/vo/kelthuzadstarlich_pissed17.ogg	894da7e485b5b7917dc3a74e057adb36	196375
mods/heroes.stormmod/enus.stormassets/localizeddata/sounds/vo/kelthuzadstarlich_pissed18.ogg	141034ba47536cceaffe772ba3d728bc	124408
mods/heroes.stormmod/enus.stormassets/localizeddata/sounds/vo/kelthuzadstarlich_questcomplete1st00.ogg	d8d52f5174caaae8c73cc6577fdd0204	26654
mods/heroes.stormmod/enus.stormassets/localizeddata/sounds/vo/kelthuzadstarlich_questcomplete1st01.ogg	e38362186dc47c813ede1f1c980d6224	38743
mods/heroes.stormmod/enus.stormassets/localizeddata/sounds/vo/kelthuzadstarlich_questcomplete2nd00.ogg	546e5e9909bb19c27fc84b6cd465edc8	28785
mods/heroes.stormmod/enus.stormassets/localizeddata/sounds/vo/kelthuzadstarlich_questcomplete2nd01.ogg	ebc41756a28cc20451976b36ff1edbb8	32872
mods/heroes.stormmod/enus.stormassets/localizeddata/sounds/vo/kelthuzadstarlich_questcomplete3rd00.ogg	7e08b1511396c24360b399e621c6558d	44830
mods/heroes.stormmod/enus.stormassets/localizeddata/sounds/vo/kelthuzadstarlich_questcomplete3rd01.ogg	98ea8a7479d227bd166c31bdb085aa77	47144
mods/heroes.stormmod/enus.stormassets/localizeddata/sounds/vo/kelthuzadstarlich_resurrected00.ogg	f7f58d547f7caacea068cc8b338ddbba	31184
mods/heroes.stormmod/enus.stormassets/localizeddata/sounds/vo/kelthuzadstarlich_resurrected01.ogg	55100c072d3797c5a46ae1b798c0e9a3	42275
mods/heroes.stormmod/enus.stormassets/localizeddata/sounds/vo/kelthuzadstarlich_revive00.ogg	aa4e295b089c2ead3bd6ebeed1c83869	33008
mods/heroes.stormmod/enus.stormassets/localizeddata/sounds/vo/kelthuzadstarlich_revive01.ogg	62c37effb8f2a097c272bdb20501883d	27709
mods/heroes.stormmod/enus.stormassets/localizeddata/sounds/vo/kelthuzadstarlich_revive02.ogg	9ad56a05ecc6f8f74767bb3b0f2862a3	50021
mods/heroes.stormmod/enus.stormassets/localizeddata/sounds/vo/kelthuzadstarlich_revive04.ogg	b37ed9908684d84b394f6d7cf811e259	42036
mods/heroes.stormmod/enus.stormassets/localizeddata/sounds/vo/kelthuzadstarlich_spec00.ogg	85fa861e03db3b5e4966f61a44730b53	45825
mods/heroes.stormmod/enus.stormassets/localizeddata/sounds/vo/kelthuzadstarlich_spec01.ogg	db81dcc93d3a3b0168c077fde9c85636	40146
mods/heroes.stormmod/enus.stormassets/localizeddata/sounds/vo/kelthuzadstarlich_spec02.ogg	8c771bb78b224ea694640af45050bd6d	38948
mods/heroes.stormmod/enus.stormassets/localizeddata/sounds/vo/kelthuzadstarlich_spec03.ogg	2a643a020bef1e2373d7c8e408d9e402	27933
mods/heroes.stormmod/enus.stormassets/localizeddata/sounds/vo/kelthuzadstarlich_spec04.ogg	770cb4315b33a17b391a369a19d1dd90	44505
mods/heroes.stormmod/enus.stormassets/localizeddata/sounds/vo/kelthuzadstarlich_taunt00.ogg	0a5453c243a0aff17db64047adab7554	32803
mods/heroes.stormmod/enus.stormassets/localizeddata/sounds/vo/kelthuzadstarlich_taunt01.ogg	20255b5537fbd4d1aee052b242fec7fc	38256
mods/heroes.stormmod/enus.stormassets/localizeddata/sounds/vo/kelthuzadstarlich_taunt02.ogg	c20daa89761ce4d2323c8f277a780d44	39329
mods/heroes.stormmod/enus.stormassets/localizeddata/sounds/vo/kelthuzadstarlich_teamkilled00.ogg	b94d4c491d13a1ee65b425f27979cd76	29589
mods/heroes.stormmod/enus.stormassets/localizeddata/sounds/vo/kelthuzadstarlich_ui_exlocked00.ogg	7cd48603d606cb842477cec3a60e91b3	41623
mods/heroes.stormmod/enus.stormassets/localizeddata/sounds/vo/kelthuzadstarlich_ui_expurchased00.ogg	a782cf7d4d3dd0ed3578bc29a51e88f4	36992
mods/heroes.stormmod/enus.stormassets/localizeddata/sounds/vo/kelthuzadstarlich_ui_gift00.ogg	0b61a7a3caf794cf262b7f57ca4587cd	27138
mods/heroes.stormmod/enus.stormassets/localizeddata/sounds/vo/kelthuzadstarlich_ui_lockin00.ogg	ec3f685080c3485bdcbf8b5cb1873de3	32138
mods/heroes.stormmod/enus.stormassets/localizeddata/sounds/vo/kelthuzadstarlich_ui_purchase00.ogg	dd506cfb7f4e354c4afc8e3586c06d4e	57899
mods/heroes.stormmod/enus.stormassets/localizeddata/sounds/vo/kelthuzadstarlich_ui_trial00.ogg	7275a36693559a53a2c6a97fed62b8c0	50498
mods/heroes.stormmod/enus.stormassets/localizeddata/sounds/vo/kelthuzadstarlich_ui_trial01.ogg	e32b799b9f792addeda314fea0b3d802	59482
mods/heroes.stormmod/enus.stormassets/localizeddata/sounds/vo/kelthuzadstarlich_ui_vox_dizzy00.ogg	111d4b0306fe7bf911178277682c159e	19150
mods/heroes.stormmod/enus.stormassets/localizeddata/sounds/vo/kelthuzadstarlich_ui_vox_dizzy01.ogg	9ae1ade3572dd6dd470dabc14cdaa904	18108
mods/heroes.stormmod/enus.stormassets/localizeddata/sounds/vo/kelthuzadstarlich_ui_vox_dizzy02.ogg	31d9755ddee308541916ee0b80705cf2	18585
mods/heroes.stormmod/enus.stormassets/localizeddata/sounds/vo/kelthuzadstarlich_ui_vox_dizzy03.ogg	fb779b879ffd5b98de1a7b6ad71e1a0c	20338
mods/heroes.stormmod/enus.stormassets/localizeddata/sounds/vo/kelthuzadstarlich_ui_vox_dizzy04.ogg	eae29f40d638fb5fe9def6b72baeb340	15904
mods/heroes.stormmod/enus.stormassets/localizeddata/sounds/vo/kelthuzadstarlich_ui_vox_dizzy05.ogg	962edbcef0a4bdbc31fc334f39a39ce8	16001
mods/heroes.stormmod/enus.stormassets/localizeddata/sounds/vo/kelthuzadstarlich_ui_vox_dizzy06.ogg	da7d548f8facf35a14422030db2e9d7d	17675
mods/heroes.stormmod/enus.stormassets/localizeddata/sounds/vo/kelthuzadstarlich_ui_vox_dizzy07.ogg	db3e2a6523a050e556f47e6ae2714376	16317
mods/heroes.stormmod/enus.stormassets/localizeddata/sounds/vo/kelthuzadstarlich_ui_vox_dizzy08.ogg	e7421857aa48e5480c15ce888a415f92	15053
mods/heroes.stormmod/enus.stormassets/localizeddata/sounds/vo/kelthuzadstarlich_ui_vox_dizzy09.ogg	55f47727ee12cdd619b5b510bd686724	15694
mods/heroes.stormmod/enus.stormassets/localizeddata/sounds/vo/kelthuzadstarlich_ui_waitlocked00.ogg	64e22bc0b32ec939d2f348aac12b33b3	42175
mods/heroes.stormmod/enus.stormassets/localizeddata/sounds/vo/kelthuzadstarlich_ui_waitlocked01.ogg	18905eb52fa7b615e8947083c6024428	71704
mods/heroes.stormmod/enus.stormassets/localizeddata/sounds/vo/kelthuzadstarlich_ui_waitpurchased00.ogg	5d0abbdd14e5449a63b63883562b5b9c	69947
mods/heroes.stormmod/enus.stormassets/localizeddata/sounds/vo/kelthuzadstarlich_ui_waitpurchased01.ogg	bb6a2de128a52d3c24cff90714b4fee5	66424
mods/heroes.stormmod/enus.stormassets/localizeddata/sounds/vo/kelthuzadstarlich_ultimate1used00.ogg	eae22a3842657fe62816d12475b9ef0c	47962
mods/heroes.stormmod/enus.stormassets/localizeddata/sounds/vo/kelthuzadstarlich_ultimate1used02.ogg	facd8514b8b35225fea73e5fd189bfd6	53470
mods/heroes.stormmod/enus.stormassets/localizeddata/sounds/vo/kelthuzadstarlich_ultimate2used00.ogg	ce5463a2425481f22e4b67872a56bbf1	46623
mods/heroes.stormmod/enus.stormassets/localizeddata/sounds/vo/kelthuzadstarlich_ultimate2used02.ogg	929ab1e822802273d361f06eaf44f58d	37847
mods/heroes.stormmod/enus.stormassets/localizeddata/sounds/vo/kelthuzadstarlich_voicelinefour00.ogg	af481192bb555f6223301277cad22298	55478
mods/heroes.stormmod/enus.stormassets/localizeddata/sounds/vo/kelthuzadstarlich_voicelineone00.ogg	650e92f37fafa3f69c40434462840985	35501
mods/heroes.stormmod/enus.stormassets/localizeddata/sounds/vo/kelthuzadstarlich_voicelinethree00.ogg	f5b2dbcfc85467131172ff4c7a192a50	45750
mods/heroes.stormmod/enus.stormassets/localizeddata/sounds/vo/kelthuzadstarlich_voicelinetwo00.ogg	bea16baeec034ab4cd1228fd83c4c943	53352
mods/heroes.stormmod/enus.stormassets/localizeddata/sounds/vo/kelthuzadstarlich_vox_attack00.ogg	25102a12195d7995e561a98cf684a0b7	12870
mods/heroes.stormmod/enus.stormassets/localizeddata/sounds/vo/kelthuzadstarlich_vox_attack01.ogg	bb2d5704a6ebe2ce948f0c9e93a04e5b	12253
mods/heroes.stormmod/enus.stormassets/localizeddata/sounds/vo/kelthuzadstarlich_vox_attack02.ogg	110317ef9fd3e894c4aae13e82225dd5	12110
mods/heroes.stormmod/enus.stormassets/localizeddata/sounds/vo/kelthuzadstarlich_vox_attack03.ogg	5104de199f4cfb8f03e0f7a298b7d463	11946
mods/heroes.stormmod/enus.stormassets/localizeddata/sounds/vo/kelthuzadstarlich_vox_attack05.ogg	23c22a6a05793e7cdf77c7ab225c19e6	12753
mods/heroes.stormmod/enus.stormassets/localizeddata/sounds/vo/kelthuzadstarlich_vox_attack07.ogg	c83bf78f8551901a22b5f203b82539dd	10797
mods/heroes.stormmod/enus.stormassets/localizeddata/sounds/vo/kelthuzadstarlich_vox_attack08.ogg	8e8c16ce0d491e3647b9f31b4c369fae	12263
mods/heroes.stormmod/enus.stormassets/localizeddata/sounds/vo/kelthuzadstarlich_vox_attack09.ogg	a51bb6b88d56e633874f7de4b68ddb46	10948
mods/heroes.stormmod/enus.stormassets/localizeddata/sounds/vo/kelthuzadstarlich_vox_attack10.ogg	bc9698178e08a4f56e3d4e2f7e458fd3	11829
mods/heroes.stormmod/enus.stormassets/localizeddata/sounds/vo/kelthuzadstarlich_vox_attack12.ogg	95532c1d46e44fe774828797c3c79fbb	11694
mods/heroes.stormmod/enus.stormassets/localizeddata/sounds/vo/kelthuzadstarlich_vox_attack13.ogg	83eff1f728e0e19a68a5bf2de80d6b08	11332
mods/heroes.stormmod/enus.stormassets/localizeddata/sounds/vo/kelthuzadstarlich_vox_attack14.ogg	74f6ef3963d120a171397e1a4e670d81	11979
mods/heroes.stormmod/enus.stormassets/localizeddata/sounds/vo/kelthuzadstarlich_vox_attack16.ogg	628c35fa80ad54b2b3465942b06b1ff1	11092
mods/heroes.stormmod/enus.stormassets/localizeddata/sounds/vo/kelthuzadstarlich_vox_attack18.ogg	06e85f667270d38ebc1bdfa2bd7740b7	13839
mods/heroes.stormmod/enus.stormassets/localizeddata/sounds/vo/kelthuzadstarlich_vox_attack21.ogg	dbf34badd8b51db0307d9eade9ad26b9	12278
mods/heroes.stormmod/enus.stormassets/localizeddata/sounds/vo/kelthuzadstarlich_vox_castinge00.ogg	50562f249bbef7e8606d4e678136beab	12161
mods/heroes.stormmod/enus.stormassets/localizeddata/sounds/vo/kelthuzadstarlich_vox_castinge01.ogg	85e6099fb65d72f0ab8890407f93e7cd	17517
mods/heroes.stormmod/enus.stormassets/localizeddata/sounds/vo/kelthuzadstarlich_vox_castinge02.ogg	d1229d9689f69f0279ccda0c767e2742	12323
mods/heroes.stormmod/enus.stormassets/localizeddata/sounds/vo/kelthuzadstarlich_vox_castinge03.ogg	77756996d601720d6b7cd629d040f393	13723
mods/heroes.stormmod/enus.stormassets/localizeddata/sounds/vo/kelthuzadstarlich_vox_castinge04.ogg	305c0340a4dbe0477bbd300bfe98db80	14292
mods/heroes.stormmod/enus.stormassets/localizeddata/sounds/vo/kelthuzadstarlich_vox_castinge06.ogg	600d03ac0325adde9d37302c7808725b	13605
mods/heroes.stormmod/enus.stormassets/localizeddata/sounds/vo/kelthuzadstarlich_vox_castinge07.ogg	26e455cbadd4f6ce9bdb31d734f86e8c	12435
mods/heroes.stormmod/enus.stormassets/localizeddata/sounds/vo/kelthuzadstarlich_vox_castinge08.ogg	9ccc4ffd94707106e10cdcf43149a78b	15337
mods/heroes.stormmod/enus.stormassets/localizeddata/sounds/vo/kelthuzadstarlich_vox_castinge09.ogg	9d3c53c49dbddc5f400ca59115fa7f69	12124
mods/heroes.stormmod/enus.stormassets/localizeddata/sounds/vo/kelthuzadstarlich_vox_castinge10.ogg	86c118353d6f3c7122a235037669cb14	14779
mods/heroes.stormmod/enus.stormassets/localizeddata/sounds/vo/kelthuzadstarlich_vox_castinge12.ogg	b66d9652c0bd50a83d4c464d607dcbdf	14058
mods/heroes.stormmod/enus.stormassets/localizeddata/sounds/vo/kelthuzadstarlich_vox_castinge13.ogg	504f8f21eeedebf67ea7fadf623ba24f	13230
mods/heroes.stormmod/enus.stormassets/localizeddata/sounds/vo/kelthuzadstarlich_vox_castinge14.ogg	1202abc440cf97cae186116da3d0c91a	13329
mods/heroes.stormmod/enus.stormassets/localizeddata/sounds/vo/kelthuzadstarlich_vox_castinge15.ogg	721b4f0681fc805762295ddc1d374041	13322
mods/heroes.stormmod/enus.stormassets/localizeddata/sounds/vo/kelthuzadstarlich_vox_castinge16.ogg	2423643ede0c9b092b98ff74cd3c5518	13908
mods/heroes.stormmod/enus.stormassets/localizeddata/sounds/vo/kelthuzadstarlich_vox_castinge17.ogg	2fe76374094470c619fe16f82459ab8a	13362
mods/heroes.stormmod/enus.stormassets/localizeddata/sounds/vo/kelthuzadstarlich_vox_castingq00.ogg	2ee05d377dab8df9f41be2248ddf91c8	17709
mods/heroes.stormmod/enus.stormassets/localizeddata/sounds/vo/kelthuzadstarlich_vox_castingq01.ogg	e35c7723962f67f9c62dab3979af0a35	16686
mods/heroes.stormmod/enus.stormassets/localizeddata/sounds/vo/kelthuzadstarlich_vox_castingq02.ogg	6151bf11b561f7021c26bebdf83c3738	16940
mods/heroes.stormmod/enus.stormassets/localizeddata/sounds/vo/kelthuzadstarlich_vox_castingq04.ogg	1067385b9203605178a7a0454a4a1e4a	18975
mods/heroes.stormmod/enus.stormassets/localizeddata/sounds/vo/kelthuzadstarlich_vox_castingq05.ogg	f78d858ac366b394d5b8a5a19091ae4a	19244
mods/heroes.stormmod/enus.stormassets/localizeddata/sounds/vo/kelthuzadstarlich_vox_castingq06.ogg	3b156fa5271108ba3abe5df7e1340773	19707
mods/heroes.stormmod/enus.stormassets/localizeddata/sounds/vo/kelthuzadstarlich_vox_castingq07.ogg	428df383f39d4ad5a1d70f5e949f48f4	20712
mods/heroes.stormmod/enus.stormassets/localizeddata/sounds/vo/kelthuzadstarlich_vox_castingr100_01.ogg	447dbc7d74dd818a138a58b033dd6dff	14903
mods/heroes.stormmod/enus.stormassets/localizeddata/sounds/vo/kelthuzadstarlich_vox_castingr100_02.ogg	66a266abe903d01c8e86c80144c39928	15433
mods/heroes.stormmod/enus.stormassets/localizeddata/sounds/vo/kelthuzadstarlich_vox_castingr100_03.ogg	7c74b7c075c8aa5885b95047f39bc2d1	16977
mods/heroes.stormmod/enus.stormassets/localizeddata/sounds/vo/kelthuzadstarlich_vox_castingr100_05.ogg	8ace4fb0c974d159e616c3a4cda21f5d	15908
mods/heroes.stormmod/enus.stormassets/localizeddata/sounds/vo/kelthuzadstarlich_vox_castingr100_07.ogg	ae07c301423de63d3b4794e360b36d4a	17732
mods/heroes.stormmod/enus.stormassets/localizeddata/sounds/vo/kelthuzadstarlich_vox_castingr100_08.ogg	6a908e367c1a31220c74a52da8296f1e	18926
mods/heroes.stormmod/enus.stormassets/localizeddata/sounds/vo/kelthuzadstarlich_vox_castingr200_01.ogg	27535216db3e9e524cb40e2d19ace058	11386
mods/heroes.stormmod/enus.stormassets/localizeddata/sounds/vo/kelthuzadstarlich_vox_castingr200_02.ogg	800b0bb05f7e3366cb8582e9d83a24d3	12050
mods/heroes.stormmod/enus.stormassets/localizeddata/sounds/vo/kelthuzadstarlich_vox_castingr200_03.ogg	c387cd1567bf3d5a40dd3a37ea229a64	13560
mods/heroes.stormmod/enus.stormassets/localizeddata/sounds/vo/kelthuzadstarlich_vox_castingr200_04.ogg	3a31b810736e790afbb16d6aed293f58	12925
mods/heroes.stormmod/enus.stormassets/localizeddata/sounds/vo/kelthuzadstarlich_vox_castingr200_05.ogg	626c70169f101c88537b674349335e5d	13765
mods/heroes.stormmod/enus.stormassets/localizeddata/sounds/vo/kelthuzadstarlich_vox_castingr200_06.ogg	e9a9df726e2cdaa3960496aa40644150	14376
mods/heroes.stormmod/enus.stormassets/localizeddata/sounds/vo/kelthuzadstarlich_vox_castingr200_07.ogg	c40c2b7ac3298ac69c3ed272142f075f	15090
mods/heroes.stormmod/enus.stormassets/localizeddata/sounds/vo/kelthuzadstarlich_vox_castingr200_08.ogg	5abd9e8d65453adb32e9d002376955a3	12862
mods/heroes.stormmod/enus.stormassets/localizeddata/sounds/vo/kelthuzadstarlich_vox_castingr200_09.ogg	ac18b03d83c022c733850c0305b5e091	13641
mods/heroes.stormmod/enus.stormassets/localizeddata/sounds/vo/kelthuzadstarlich_vox_castingr200_10.ogg	4ea93f19d1273ea8f520d52a5422248f	13188
mods/heroes.stormmod/enus.stormassets/localizeddata/sounds/vo/kelthuzadstarlich_vox_castingr200_11.ogg	e8b957b9932118073ecc6777c295fef0	12825
mods/heroes.stormmod/enus.stormassets/localizeddata/sounds/vo/kelthuzadstarlich_vox_castingr200_12.ogg	e2898e1c4e5ebfafef93424097cc086e	13806
mods/heroes.stormmod/enus.stormassets/localizeddata/sounds/vo/kelthuzadstarlich_vox_castingr200_13.ogg	fa0c9fbcc646d001baff7025ca0549c4	15016
mods/heroes.stormmod/enus.stormassets/localizeddata/sounds/vo/kelthuzadstarlich_vox_castingw00.ogg	489d85bc3ce7f6cd7d4381385175f2d9	13953
mods/heroes.stormmod/enus.stormassets/localizeddata/sounds/vo/kelthuzadstarlich_vox_castingw01.ogg	3a21e796615ac94e4afe1868fdff1b74	13533
mods/heroes.stormmod/enus.stormassets/localizeddata/sounds/vo/kelthuzadstarlich_vox_castingw02.ogg	6b65d74b68a71cb714b3a637bdb7995f	12590
mods/heroes.stormmod/enus.stormassets/localizeddata/sounds/vo/kelthuzadstarlich_vox_castingw05.ogg	1704cc163a4f549637342824250e1d1a	14802
mods/heroes.stormmod/enus.stormassets/localizeddata/sounds/vo/kelthuzadstarlich_vox_castingw06.ogg	d42999c0ce830b95ada6bbe575194274	14937
mods/heroes.stormmod/enus.stormassets/localizeddata/sounds/vo/kelthuzadstarlich_vox_castingw07.ogg	e8804c133194158d572b71c2c3a22be2	11249
mods/heroes.stormmod/enus.stormassets/localizeddata/sounds/vo/kelthuzadstarlich_vox_castingw10.ogg	8f65a59d7c75deaad9eb9393168fda00	10867
mods/heroes.stormmod/enus.stormassets/localizeddata/sounds/vo/kelthuzadstarlich_vox_castingw11.ogg	5c32fa74574b6e0ac290797cb26c7340	12087
mods/heroes.stormmod/enus.stormassets/localizeddata/sounds/vo/kelthuzadstarlich_vox_castingw12.ogg	94f3ce5c8fd7d9a591ad5cde14cf7b98	12300
mods/heroes.stormmod/enus.stormassets/localizeddata/sounds/vo/kelthuzadstarlich_vox_castingw13.ogg	cc93d3f24353191fbc42834d12462c19	11800
mods/heroes.stormmod/enus.stormassets/localizeddata/sounds/vo/kelthuzadstarlich_vox_castingw14.ogg	0c80ed6dfbd9138713c55c05807250d4	12227
mods/heroes.stormmod/enus.stormassets/localizeddata/sounds/vo/kelthuzadstarlich_vox_castingw15.ogg	87e564bd5eeb386eaab77f1dc01eac75	15733
mods/heroes.stormmod/enus.stormassets/localizeddata/sounds/vo/kelthuzadstarlich_vox_castingw16.ogg	f2fdf519f7fdc773baee722130918177	15879
mods/heroes.stormmod/enus.stormassets/localizeddata/sounds/vo/kelthuzadstarlich_vox_castingw17.ogg	983345bf3469fab47bebf98543353c7d	15146
mods/heroes.stormmod/enus.stormassets/localizeddata/sounds/vo/kelthuzadstarlich_vox_castingw18.ogg	a70d344813d2cf073a0901a7906c2baf	15485
mods/heroes.stormmod/enus.stormassets/localizeddata/sounds/vo/kelthuzadstarlich_vox_castingw19.ogg	d9c8cdfa87a81ca824d4273d224ae516	15613
mods/heroes.stormmod/enus.stormassets/localizeddata/sounds/vo/kelthuzadstarlich_vox_castingw20.ogg	fbbed6184fe8b3318ac8948d357673a7	15200
mods/heroes.stormmod/enus.stormassets/localizeddata/sounds/vo/kelthuzadstarlich_vox_cheer00.ogg	367de8b0c4651398f52986ca1536c053	14746
mods/heroes.stormmod/enus.stormassets/localizeddata/sounds/vo/kelthuzadstarlich_vox_cheer01.ogg	9f4134dcf0503ce047046c062d874f0b	23601
mods/heroes.stormmod/enus.stormassets/localizeddata/sounds/vo/kelthuzadstarlich_vox_cheer02.ogg	02ee9c94ecac9159a2c20cb3476bdb91	25507
mods/heroes.stormmod/enus.stormassets/localizeddata/sounds/vo/kelthuzadstarlich_vox_dash00.ogg	217ef2bc4bd87d637a947a2e41e8c9e9	16512
mods/heroes.stormmod/enus.stormassets/localizeddata/sounds/vo/kelthuzadstarlich_vox_dash01.ogg	86779cf484bd52db423372d0b74776f9	16657
mods/heroes.stormmod/enus.stormassets/localizeddata/sounds/vo/kelthuzadstarlich_vox_dash02.ogg	19c99e2d4b1ca51ee2ac46cd9f13832f	17686
mods/heroes.stormmod/enus.stormassets/localizeddata/sounds/vo/kelthuzadstarlich_vox_dash03.ogg	2ee19dd2a868bdfb4094da90b0f8d0a9	17471
mods/heroes.stormmod/enus.stormassets/localizeddata/sounds/vo/kelthuzadstarlich_vox_dash04.ogg	8ea989ef32ecddfb32493535ef9d188d	17837
mods/heroes.stormmod/enus.stormassets/localizeddata/sounds/vo/kelthuzadstarlich_vox_dash05.ogg	13f7484be4313f44575e2ba45be6afce	17078
mods/heroes.stormmod/enus.stormassets/localizeddata/sounds/vo/kelthuzadstarlich_vox_dash07.ogg	69a85fa072e29c9bf8868da6e4c39229	18193
mods/heroes.stormmod/enus.stormassets/localizeddata/sounds/vo/kelthuzadstarlich_vox_dash08.ogg	ac6a3997e447ab720de98f1f0326fb1a	20033
mods/heroes.stormmod/enus.stormassets/localizeddata/sounds/vo/kelthuzadstarlich_vox_dash09.ogg	a17d80763075bc23dbaa3709f52556b2	16075
mods/heroes.stormmod/enus.stormassets/localizeddata/sounds/vo/kelthuzadstarlich_vox_gethitlarge00.ogg	fd317c71c6d081860fef5d1683a248d9	13401
mods/heroes.stormmod/enus.stormassets/localizeddata/sounds/vo/kelthuzadstarlich_vox_gethitlarge01.ogg	92626dc95a074a8c6a8e6349689bfe76	13054
mods/heroes.stormmod/enus.stormassets/localizeddata/sounds/vo/kelthuzadstarlich_vox_gethitlarge02.ogg	70c98d032d8b21e92022bd6e610626fd	13260
mods/heroes.stormmod/enus.stormassets/localizeddata/sounds/vo/kelthuzadstarlich_vox_gethitlarge03.ogg	d696a69fb0b1deaa83214605223ac155	13353
mods/heroes.stormmod/enus.stormassets/localizeddata/sounds/vo/kelthuzadstarlich_vox_gethitlarge04.ogg	1e7071c3c7010217b202db465326fdc1	11933
mods/heroes.stormmod/enus.stormassets/localizeddata/sounds/vo/kelthuzadstarlich_vox_gethitlarge05.ogg	776d97033b19e360c2b43367fcb7637d	11782
mods/heroes.stormmod/enus.stormassets/localizeddata/sounds/vo/kelthuzadstarlich_vox_gethitlarge06.ogg	1d56e00450472af41dd82f92675268e1	12526
mods/heroes.stormmod/enus.stormassets/localizeddata/sounds/vo/kelthuzadstarlich_vox_gethitlarge07.ogg	84bb49bd3f1311d7c88e37d3903422d9	13049
mods/heroes.stormmod/enus.stormassets/localizeddata/sounds/vo/kelthuzadstarlich_vox_gethitlarge08.ogg	e4a81293dd30ad89196111346991519b	12371
mods/heroes.stormmod/enus.stormassets/localizeddata/sounds/vo/kelthuzadstarlich_vox_gethitlarge09.ogg	a70fbd28cceaf7cb7290c930317dcd1a	13351
mods/heroes.stormmod/enus.stormassets/localizeddata/sounds/vo/kelthuzadstarlich_vox_gethitsmall00.ogg	4264862a9819d57424e75dfbd0568527	10450
mods/heroes.stormmod/enus.stormassets/localizeddata/sounds/vo/kelthuzadstarlich_vox_gethitsmall01.ogg	c3c46205580d80310a9f280b9255667f	11647
mods/heroes.stormmod/enus.stormassets/localizeddata/sounds/vo/kelthuzadstarlich_vox_gethitsmall02.ogg	27987975a3792b804e8cf42ad0fd6503	11428
mods/heroes.stormmod/enus.stormassets/localizeddata/sounds/vo/kelthuzadstarlich_vox_gethitsmall03.ogg	e7ed09e919208090670aa83d15c311ad	11077
mods/heroes.stormmod/enus.stormassets/localizeddata/sounds/vo/kelthuzadstarlich_vox_gethitsmall04.ogg	48527f31c2f42e90147f5c623aa7bc71	11381
mods/heroes.stormmod/enus.stormassets/localizeddata/sounds/vo/kelthuzadstarlich_vox_gethitsmall05.ogg	822633e94212bb81c4d8770c21d5f6e6	12157
mods/heroes.stormmod/enus.stormassets/localizeddata/sounds/vo/kelthuzadstarlich_vox_gethitsmall06.ogg	5bd0ddbd84c1d88f95b7994b62ecea17	11678
mods/heroes.stormmod/enus.stormassets/localizeddata/sounds/vo/kelthuzadstarlich_vox_gethitsmall07.ogg	a3a3bf78ee51f153af3751400212afbe	12071
mods/heroes.stormmod/enus.stormassets/localizeddata/sounds/vo/kelthuzadstarlich_vox_gethitsmall08.ogg	b1122ddf53b7a36869ace11772d3d1e6	11538
mods/heroes.stormmod/enus.stormassets/localizeddata/sounds/vo/kelthuzadstarlich_vox_gethitsmall09.ogg	67a4ef36fb51e85b707042c4ba218627	10837
mods/heroes.stormmod/enus.stormassets/localizeddata/sounds/vo/kelthuzadstarlich_vox_hearth03.ogg	9cd4202458f92155a47a06f59810a74a	71911
mods/heroes.stormmod/enus.stormassets/localizeddata/sounds/vo/kelthuzadstarlich_vox_hearth04.ogg	933a56bc3ca94c00c7b5accae4303ff2	68114
mods/heroes.stormmod/enus.stormassets/localizeddata/sounds/vo/kelthuzadstarlich_vox_pulled00.ogg	168814a071e38682497c0c3bcbadeecd	13341
mods/heroes.stormmod/enus.stormassets/localizeddata/sounds/vo/kelthuzadstarlich_vox_pulled01.ogg	26a9055ef2f9af62a8b86caf1cbf6cf1	13638
mods/heroes.stormmod/enus.stormassets/localizeddata/sounds/vo/kelthuzadstarlich_vox_pulled02.ogg	836ff513bcd60d3e7a9fdbee15924134	14129
mods/heroes.stormmod/enus.stormassets/localizeddata/sounds/vo/kelthuzadstarlich_vox_pulled03.ogg	dc00bae1b0783a147f33e19cb89074e3	13742
mods/heroes.stormmod/enus.stormassets/localizeddata/sounds/vo/kelthuzadstarlich_vox_pulled04.ogg	b199faf9c27d667a9dcca275d7de70e9	12836
mods/heroes.stormmod/enus.stormassets/localizeddata/sounds/vo/kelthuzadstarlich_vox_pulled05.ogg	0dbac1a1b8c4eda72e81cd81e5b420c4	12063
mods/heroes.stormmod/enus.stormassets/localizeddata/sounds/vo/kelthuzadstarlich_vox_pulled06.ogg	fd32f41d47895da8a4192b98d702ecf9	13585
mods/heroes.stormmod/enus.stormassets/localizeddata/sounds/vo/kelthuzadstarlich_vox_pulled07.ogg	1aebcb36c3f41530a5535eb8ae5aa13a	12914
mods/heroes.stormmod/enus.stormassets/localizeddata/sounds/vo/kelthuzadstarlich_worthit00.ogg	c3259f8fc7a330311d774d2e75d7483c	53573
mods/heroes.stormmod/enus.stormassets/localizeddata/sounds/vo/kelthuzadstarlich_worthit01.ogg	20f037edd93693c5a3dce568fc9c6493	35690
mods/heroes.stormmod/enus.stormassets/localizeddata/sounds/vo/kelthuzadstarlich_yes00.ogg	f77d59847f8fa521c20e3ad75f4b6aa6	32313
mods/heroes.stormmod/enus.stormassets/localizeddata/sounds/vo/kelthuzadstarlich_yes01.ogg	18a74973a2eab17048fcaac3db834493	22975
mods/heroes.stormmod/enus.stormassets/localizeddata/sounds/vo/kelthuzadstarlich_yes02.ogg	115604151154795ab784ef19d8939543	24168
mods/heroes.stormmod/enus.stormassets/localizeddata/sounds/vo/kelthuzadstarlich_yes03.ogg	4b90ecf508f9dff95af4adabadeeaa66	18004
mods/heroes.stormmod/enus.stormassets/localizeddata/sounds/vo/kelthuzadstarlich_yes04.ogg	12d78a9c88705504b16f0412b56c5f13	16380
mods/heroes.stormmod/enus.stormassets/localizeddata/sounds/vo/kelthuzadstarlich_yes05.ogg	20820f4c51b276426e7ebd0441ebca98	21133
mods/heroes.stormmod/enus.stormassets/localizeddata/sounds/vo/kelthuzadstarlich_yes06.ogg	e428c3f3080b393fba6436bd7c0f9241	16753
mods/heroes.stormmod/enus.stormassets/localizeddata/sounds/vo/kelthuzadstarlich_yes07.ogg	0b6304ac767fa1bb71ec4024afe316f5	22713
mods/heroes.stormmod/enus.stormassets/localizeddata/sounds/vo/kelthuzadstarlich_yes08.ogg	ab71ca35c7dfae94a712ca344dd605d6	27736
mods/heroes.stormmod/enus.stormassets/localizeddata/sounds/vo/kelthuzadstarlich_yes09.ogg	1499a70cb5bc926bd5809f1d3e756f98	41156
mods/heroes.stormmod/enus.stormassets/localizeddata/sounds/vo/kerrigan_ai_attack00.fxe	bdfba4d3863fcf5df5db6f7b5bb8d045	1963
mods/heroes.stormmod/enus.stormassets/localizeddata/sounds/vo/kerrigan_ai_attack00.ogg	6219ab1ff157f1302b2b3153a5607d50	38817
mods/heroes.stormmod/enus.stormassets/localizeddata/sounds/vo/kerrigan_ai_attack01.fxe	d205877d76f5dbf2d540b4380ef7e246	2715
mods/heroes.stormmod/enus.stormassets/localizeddata/sounds/vo/kerrigan_ai_attack01.ogg	f543bac92de7481a3f98bc851e0badcd	42573
mods/heroes.stormmod/enus.stormassets/localizeddata/sounds/vo/kerrigan_ai_attack02.fxe	75b73fb8668e9ba6e7c33503627f6786	2555
mods/heroes.stormmod/enus.stormassets/localizeddata/sounds/vo/kerrigan_ai_attack02.ogg	682847bfcccc0872bb148a599a854fed	44714
mods/heroes.stormmod/enus.stormassets/localizeddata/sounds/vo/kerrigan_ai_caution00.fxe	1f2707090cb5f11ad0f4155cfc66d6d9	1836
mods/heroes.stormmod/enus.stormassets/localizeddata/sounds/vo/kerrigan_ai_caution00.ogg	58887dbc7830aa0e07fe4d66c03108d1	29402
mods/heroes.stormmod/enus.stormassets/localizeddata/sounds/vo/kerrigan_ai_goodjob00.fxe	5ddc912c2917a82ec60bd8584f699aab	1404
mods/heroes.stormmod/enus.stormassets/localizeddata/sounds/vo/kerrigan_ai_goodjob00.ogg	c7b8c6f7fa1d4d623b93cc3368ea9f5e	20875
mods/heroes.stormmod/enus.stormassets/localizeddata/sounds/vo/kerrigan_ai_goodjob01.fxe	6f6469244c6cc3d36732af95a15b7bcb	1068
mods/heroes.stormmod/enus.stormassets/localizeddata/sounds/vo/kerrigan_ai_goodjob01.ogg	dcd0300c71f87c261fb71075169ec627	18505
mods/heroes.stormmod/enus.stormassets/localizeddata/sounds/vo/kerrigan_ai_goodjob02.fxe	72589fabf6a7b3d605b5fa172fe345c0	1148
mods/heroes.stormmod/enus.stormassets/localizeddata/sounds/vo/kerrigan_ai_goodjob02.ogg	b12a3342004262dd4c530874373733d7	23938
mods/heroes.stormmod/enus.stormassets/localizeddata/sounds/vo/kerrigan_ai_heal00.fxe	e67b029520cf124d21c89a775cf77cf9	2169
mods/heroes.stormmod/enus.stormassets/localizeddata/sounds/vo/kerrigan_ai_heal00.ogg	bd4daec9686643fbd2519cd962c760f1	35593
mods/heroes.stormmod/enus.stormassets/localizeddata/sounds/vo/kerrigan_ai_heal01.fxe	a8be33c272c48b3542a33c435af2a617	2617
mods/heroes.stormmod/enus.stormassets/localizeddata/sounds/vo/kerrigan_ai_heal01.ogg	3dc6e3998ac8001b6534592b2fe91f85	44152
mods/heroes.stormmod/enus.stormassets/localizeddata/sounds/vo/kerrigan_ai_retreat00.fxe	aebac17fb47e3da6382e31eb0de2ec7c	1788
mods/heroes.stormmod/enus.stormassets/localizeddata/sounds/vo/kerrigan_ai_retreat00.ogg	c0123512e64480ecfae49d66b39b4282	20548
mods/heroes.stormmod/enus.stormassets/localizeddata/sounds/vo/kerrigan_ai_retreat01.fxe	f9346daf2a9d56f54aed2b152007485f	1724
mods/heroes.stormmod/enus.stormassets/localizeddata/sounds/vo/kerrigan_ai_retreat01.ogg	dc533437fb9df55e863e36503d4afb9d	26541
mods/heroes.stormmod/enus.stormassets/localizeddata/sounds/vo/kerrigan_ai_uhoh00.fxe	f690850f758d26815f5f3a78097562c5	2105
mods/heroes.stormmod/enus.stormassets/localizeddata/sounds/vo/kerrigan_ai_uhoh00.ogg	8fed4575e5d88eb7217c2961ded33718	30404
mods/heroes.stormmod/enus.stormassets/localizeddata/sounds/vo/kerrigan_ai_uhoh01.fxe	0c21c0ee1bd6c94bad4f50dcfa242f8a	1065
mods/heroes.stormmod/enus.stormassets/localizeddata/sounds/vo/kerrigan_ai_uhoh01.ogg	c170498c0bb341f603a8a2c980400f46	19447
mods/heroes.stormmod/enus.stormassets/localizeddata/sounds/vo/kerrigan_ai_uhoh02.fxe	475892ac0535faa7dd8845bd48d1a5ab	1465
mods/heroes.stormmod/enus.stormassets/localizeddata/sounds/vo/kerrigan_ai_uhoh02.ogg	32b0ba73b42e72c012b489880dfc40e8	31188
mods/heroes.stormmod/enus.stormassets/localizeddata/sounds/vo/kerrigan_attack00.fxe	726706af0821849431a17ee3da075092	1256
mods/heroes.stormmod/enus.stormassets/localizeddata/sounds/vo/kerrigan_attack00.ogg	67677545549ce4f3af97f7f6e40cc5b3	32924
mods/heroes.stormmod/enus.stormassets/localizeddata/sounds/vo/kerrigan_attack01.fxe	bd8e2930666ca40d045d96aff7b60b8c	1544
mods/heroes.stormmod/enus.stormassets/localizeddata/sounds/vo/kerrigan_attack01.ogg	51d5da1c635e8935924c8895e01de1c4	29207
mods/heroes.stormmod/enus.stormassets/localizeddata/sounds/vo/kerrigan_attack02.fxe	5e57303ef5fc42d7c9a4c78c602c2085	1816
mods/heroes.stormmod/enus.stormassets/localizeddata/sounds/vo/kerrigan_attack02.ogg	0a391707b46f633a8d151737f9942847	33644
mods/heroes.stormmod/enus.stormassets/localizeddata/sounds/vo/kerrigan_attack03.fxe	07d4acd5f75c42b2ef3bc7d0356d6f5e	1192
mods/heroes.stormmod/enus.stormassets/localizeddata/sounds/vo/kerrigan_attack03.ogg	efcfa5ca23111ffce137b2836d3812a1	28025
mods/heroes.stormmod/enus.stormassets/localizeddata/sounds/vo/kerrigan_attack04.fxe	6af7f8713a681e70a4d3362695afae6a	1736
mods/heroes.stormmod/enus.stormassets/localizeddata/sounds/vo/kerrigan_attack04.ogg	740ff2e2c44909dcba473db6049acfbf	32789
mods/heroes.stormmod/enus.stormassets/localizeddata/sounds/vo/kerrigan_attack05.fxe	3d45c1b9e32ae39fcdfd34eb6ee10b46	1896
mods/heroes.stormmod/enus.stormassets/localizeddata/sounds/vo/kerrigan_attack05.ogg	4bf0c8c238bf510f897f32513e2fe1c7	36359
mods/heroes.stormmod/enus.stormassets/localizeddata/sounds/vo/kerrigan_attack06.fxe	bc7f1de06a6c41a00dc209cad4db55a1	1352
mods/heroes.stormmod/enus.stormassets/localizeddata/sounds/vo/kerrigan_attack06.ogg	54c5ac9f720d738b05db8db4eca2d417	25908
mods/heroes.stormmod/enus.stormassets/localizeddata/sounds/vo/kerrigan_celebrate00.fxe	8a9d4762ec61c873853cbfc18599e39a	1643
mods/heroes.stormmod/enus.stormassets/localizeddata/sounds/vo/kerrigan_celebrate00.ogg	fa4c84e5c59c674954dce8b29d1fb979	26225
mods/heroes.stormmod/enus.stormassets/localizeddata/sounds/vo/kerrigan_celebrate01.fxe	88942d29c3f5de8b5cb0c171819937c7	1899
mods/heroes.stormmod/enus.stormassets/localizeddata/sounds/vo/kerrigan_celebrate01.ogg	fc1948d3fd9152cdfe75fc048565dfa6	29493
mods/heroes.stormmod/enus.stormassets/localizeddata/sounds/vo/kerrigan_comeback00.fxe	2add67ebadd106ba8cecd6b810295f2d	2618
mods/heroes.stormmod/enus.stormassets/localizeddata/sounds/vo/kerrigan_comeback00.ogg	21798adb769ad69fc2822a90fe65ee2b	38158
mods/heroes.stormmod/enus.stormassets/localizeddata/sounds/vo/kerrigan_death00.fxe	e471dfbb9f91d4f5e88c9d67d00d3d96	1943
mods/heroes.stormmod/enus.stormassets/localizeddata/sounds/vo/kerrigan_death00.wav	60727eee66a06432ab5a05c1bf36b39b	35388
mods/heroes.stormmod/enus.stormassets/localizeddata/sounds/vo/kerrigan_death01.fxe	b4e1b170055d8ff550c94895d40e213c	1559
mods/heroes.stormmod/enus.stormassets/localizeddata/sounds/vo/kerrigan_death01.wav	e2720f2d3f163a0eaef6f73b7b4950e4	48700
mods/heroes.stormmod/enus.stormassets/localizeddata/sounds/vo/kerrigan_death02.fxe	5497583604316f779d7cf242588cf251	1111
mods/heroes.stormmod/enus.stormassets/localizeddata/sounds/vo/kerrigan_death02.wav	649b95287e0ace0ed20452234e2dfd40	39740
mods/heroes.stormmod/enus.stormassets/localizeddata/sounds/vo/kerrigan_death03.fxe	dd697775546dcb8166a4deab9c5ee051	1831
mods/heroes.stormmod/enus.stormassets/localizeddata/sounds/vo/kerrigan_death03.wav	ecc5b1e7c6fb0e9e364268ab8caaab92	46396
mods/heroes.stormmod/enus.stormassets/localizeddata/sounds/vo/kerrigan_death04.fxe	93c5ec204c4b56485fb884178179209a	1655
mods/heroes.stormmod/enus.stormassets/localizeddata/sounds/vo/kerrigan_death04.wav	41fd4e94a9f507146aae9c2a586f44f1	42044
mods/heroes.stormmod/enus.stormassets/localizeddata/sounds/vo/kerrigan_death05.fxe	a65eeff5d353898cff9f98ff452aff72	1943
mods/heroes.stormmod/enus.stormassets/localizeddata/sounds/vo/kerrigan_death05.wav	4d24350d17ee7937ef1aac87970e10e3	57660
mods/heroes.stormmod/enus.stormassets/localizeddata/sounds/vo/kerrigan_death06.fxe	49b93cf125acf557de64104a4c9dfbf4	1719
mods/heroes.stormmod/enus.stormassets/localizeddata/sounds/vo/kerrigan_death06.wav	053a01a84b4e9c6009e90eabd2f7e73a	61756
mods/heroes.stormmod/enus.stormassets/localizeddata/sounds/vo/kerrigan_death07.fxe	d5545128235cfc88cee855f0ff45ee87	2135
mods/heroes.stormmod/enus.stormassets/localizeddata/sounds/vo/kerrigan_death07.wav	b9600ce7bbd78204c16182d02b5cd452	67900
mods/heroes.stormmod/enus.stormassets/localizeddata/sounds/vo/kerrigan_healed00.fxe	5a4308699ae9367f376bcc3eba2609eb	1336
mods/heroes.stormmod/enus.stormassets/localizeddata/sounds/vo/kerrigan_healed00.ogg	68a6dd387a81177419b82325b2b70a7d	22360
mods/heroes.stormmod/enus.stormassets/localizeddata/sounds/vo/kerrigan_healed01.fxe	2cb36b2c70746947ee383bc7690a0506	1704
mods/heroes.stormmod/enus.stormassets/localizeddata/sounds/vo/kerrigan_healed01.ogg	6d84864dc0e5a8e3450e8dd5f3a68c88	31152
mods/heroes.stormmod/enus.stormassets/localizeddata/sounds/vo/kerrigan_healed02.fxe	d6aa424f64286d9fbe6bfbff1b10c1b0	1624
mods/heroes.stormmod/enus.stormassets/localizeddata/sounds/vo/kerrigan_healed02.ogg	7f2546b412d4fa0d5f6f4766a42a9043	26429
mods/heroes.stormmod/enus.stormassets/localizeddata/sounds/vo/kerrigan_introagree00.fxe	ad55d8c696256d2ae7c22acf9eca2ace	1164
mods/heroes.stormmod/enus.stormassets/localizeddata/sounds/vo/kerrigan_introagree00.ogg	ffe8e0642917d101232eab0b8e78e2c0	20524
mods/heroes.stormmod/enus.stormassets/localizeddata/sounds/vo/kerrigan_introagree01.fxe	860f767caf0b25d710d0a421cefb9209	1468
mods/heroes.stormmod/enus.stormassets/localizeddata/sounds/vo/kerrigan_introagree01.ogg	a8414e2cfc98876ed03f061efcc3ec2d	24540
mods/heroes.stormmod/enus.stormassets/localizeddata/sounds/vo/kerrigan_introagree02.fxe	63b1c8adb88c0a110c5827f4e333c6e4	1292
mods/heroes.stormmod/enus.stormassets/localizeddata/sounds/vo/kerrigan_introagree02.ogg	9181ca7d1cb6030190407bd8e005719a	22025
mods/heroes.stormmod/enus.stormassets/localizeddata/sounds/vo/kerrigan_introboast00.fxe	e09fb673e9fb92aa69866ad2f669a91a	2156
mods/heroes.stormmod/enus.stormassets/localizeddata/sounds/vo/kerrigan_introboast00.ogg	873b969c2eb11daebe3af97fbf8c1695	33308
mods/heroes.stormmod/enus.stormassets/localizeddata/sounds/vo/kerrigan_introboast01.fxe	b3b0d7cd61e4a3fc21d37fba9e6eaadd	1964
mods/heroes.stormmod/enus.stormassets/localizeddata/sounds/vo/kerrigan_introboast01.ogg	5b269c38e53e05abdab83e329aeb4ce2	29107
mods/heroes.stormmod/enus.stormassets/localizeddata/sounds/vo/kerrigan_introquestion00.fxe	0eabb9db8cc1e1acd6dfa8e7235590c0	1983
mods/heroes.stormmod/enus.stormassets/localizeddata/sounds/vo/kerrigan_introquestion00.ogg	8ca8a9772cfd91dd7358f82cd194c82b	32168
mods/heroes.stormmod/enus.stormassets/localizeddata/sounds/vo/kerrigan_introquestion01.fxe	5ae9f2fc2d8542f9f3fb8a437651b371	2191
mods/heroes.stormmod/enus.stormassets/localizeddata/sounds/vo/kerrigan_introquestion01.ogg	eba101ed9e6ba64d9c69fd6a955017f2	40499
mods/heroes.stormmod/enus.stormassets/localizeddata/sounds/vo/kerrigan_introquestion_abathur00.fxe	e7df7206f667b93b5de8775b4405eaf5	1143
mods/heroes.stormmod/enus.stormassets/localizeddata/sounds/vo/kerrigan_introquestion_abathur00.ogg	9eb20c94a8f33272dafda5359c5cb1af	15137
mods/heroes.stormmod/enus.stormassets/localizeddata/sounds/vo/kerrigan_introquestion_artanis00.fxe	a9141076002b005dfe1c4b6f2664808b	1175
mods/heroes.stormmod/enus.stormassets/localizeddata/sounds/vo/kerrigan_introquestion_artanis00.ogg	3480fa854eadc052103f69dc9179b1a2	18085
mods/heroes.stormmod/enus.stormassets/localizeddata/sounds/vo/kerrigan_introquestion_dehaka00.fxe	530552aec9609994fbfa8d3b8bfca84b	3750
mods/heroes.stormmod/enus.stormassets/localizeddata/sounds/vo/kerrigan_introquestion_dehaka00.ogg	b345b7d5c2fba98bbdceec3994b11d0b	43028
mods/heroes.stormmod/enus.stormassets/localizeddata/sounds/vo/kerrigan_introquestion_infestedtychus00.fxe	7e310187229f3e5ecee1a4059875489a	2990
mods/heroes.stormmod/enus.stormassets/localizeddata/sounds/vo/kerrigan_introquestion_infestedtychus00.ogg	7bdf594a6d33c4cd9d77b7e1d618d692	59027
mods/heroes.stormmod/enus.stormassets/localizeddata/sounds/vo/kerrigan_introquestion_murky00.fxe	94c897bf7104f48f67cada406c095c3e	2133
mods/heroes.stormmod/enus.stormassets/localizeddata/sounds/vo/kerrigan_introquestion_murky00.ogg	1657597b7c7c939ed187dc26915c74d0	43861
mods/heroes.stormmod/enus.stormassets/localizeddata/sounds/vo/kerrigan_introquestion_negative00.fxe	26a43c67fbf59a28e90b39c90e49ec8f	1352
mods/heroes.stormmod/enus.stormassets/localizeddata/sounds/vo/kerrigan_introquestion_negative00.ogg	8652b69ae6779bbd63612379ce223073	33332
mods/heroes.stormmod/enus.stormassets/localizeddata/sounds/vo/kerrigan_introquestion_nova00.fxe	60649f3e65f1e6e018a55661679ec918	2548
mods/heroes.stormmod/enus.stormassets/localizeddata/sounds/vo/kerrigan_introquestion_nova00.ogg	de133798e15d6f4e70ca6ecc851b8272	38465
mods/heroes.stormmod/enus.stormassets/localizeddata/sounds/vo/kerrigan_introquestion_positive00.fxe	cd0749f38186d9bcf12fc10d34f5c79e	1848
mods/heroes.stormmod/enus.stormassets/localizeddata/sounds/vo/kerrigan_introquestion_positive00.ogg	b9c8029dfa31902b5f13dbf513c602ce	39667
mods/heroes.stormmod/enus.stormassets/localizeddata/sounds/vo/kerrigan_introquestion_raynor00.fxe	82e1a246671bb43f08517b597e27651f	1830
mods/heroes.stormmod/enus.stormassets/localizeddata/sounds/vo/kerrigan_introquestion_raynor00.ogg	5e104ee02c18b6c4f22103f62a9cba57	25387
mods/heroes.stormmod/enus.stormassets/localizeddata/sounds/vo/kerrigan_introquestion_tassadar00.fxe	92392b98b124f8e560e21ba3231fd919	3192
mods/heroes.stormmod/enus.stormassets/localizeddata/sounds/vo/kerrigan_introquestion_tassadar00.ogg	bf8ffddf62dd351c9a0dc4afa2e95d34	50907
mods/heroes.stormmod/enus.stormassets/localizeddata/sounds/vo/kerrigan_introquestion_tychus00.fxe	c574095861ccab0a2ed223d9e2c81f75	2262
mods/heroes.stormmod/enus.stormassets/localizeddata/sounds/vo/kerrigan_introquestion_tychus00.ogg	9757a3dcacaf727c11ca89068f6c91fe	36664
mods/heroes.stormmod/enus.stormassets/localizeddata/sounds/vo/kerrigan_introquestion_zagara00.fxe	989d7cb515f80f9d294df18752add2f1	3366
mods/heroes.stormmod/enus.stormassets/localizeddata/sounds/vo/kerrigan_introquestion_zagara00.ogg	ea7b295511804e8338bb0dc2de749da0	39788
mods/heroes.stormmod/enus.stormassets/localizeddata/sounds/vo/kerrigan_introquestion_zeratul00.fxe	aafc7f0c0f8fc69bed1426a5d1b1a37e	2199
mods/heroes.stormmod/enus.stormassets/localizeddata/sounds/vo/kerrigan_introquestion_zeratul00.ogg	75e147c36d5a98b7a39136a15f3ade13	37846
mods/heroes.stormmod/enus.stormassets/localizeddata/sounds/vo/kerrigan_introquestion_zerg00.fxe	717e55ac8f2c5a7286af7b19b565f9fe	2308
mods/heroes.stormmod/enus.stormassets/localizeddata/sounds/vo/kerrigan_introquestion_zerg00.ogg	114b1b0f261e24b4e9f480af16182776	33563
mods/heroes.stormmod/enus.stormassets/localizeddata/sounds/vo/kerrigan_introrespond00.fxe	1898fed592925b52c92513842f9ef7e1	1054
mods/heroes.stormmod/enus.stormassets/localizeddata/sounds/vo/kerrigan_introrespond00.ogg	2086ec184c351700f46be8963253eccc	18415
mods/heroes.stormmod/enus.stormassets/localizeddata/sounds/vo/kerrigan_introrespond01.fxe	7ea6ee7668538c9bb5c4462811517e8d	1054
mods/heroes.stormmod/enus.stormassets/localizeddata/sounds/vo/kerrigan_introrespond01.ogg	f4a3860930012440d322d3f88c5654c6	18375
mods/heroes.stormmod/enus.stormassets/localizeddata/sounds/vo/kerrigan_introrespond02.fxe	197c960c28e5147b9708d4980d734891	1358
mods/heroes.stormmod/enus.stormassets/localizeddata/sounds/vo/kerrigan_introrespond02.ogg	8dbf8e0d011db4bbffe3d87ac6c62d79	20931
mods/heroes.stormmod/enus.stormassets/localizeddata/sounds/vo/kerrigan_introresponse_abathur00.fxe	53690ebd12f69d4b07e871d7f04fa601	919
mods/heroes.stormmod/enus.stormassets/localizeddata/sounds/vo/kerrigan_introresponse_abathur00.ogg	82e20b4c97832fab580b2df9bc3fb1a9	12615
mods/heroes.stormmod/enus.stormassets/localizeddata/sounds/vo/kerrigan_introresponse_ana00.fxe	b8de29a9a6c864efdb0a6be7c7cb6e3e	915
mods/heroes.stormmod/enus.stormassets/localizeddata/sounds/vo/kerrigan_introresponse_ana00.ogg	82e20b4c97832fab580b2df9bc3fb1a9	12615
mods/heroes.stormmod/enus.stormassets/localizeddata/sounds/vo/kerrigan_introresponse_angry00.fxe	d72710e91fc0e769bd6b3659270c3f98	1941
mods/heroes.stormmod/enus.stormassets/localizeddata/sounds/vo/kerrigan_introresponse_angry00.ogg	d97031a02a81497cf076df4011b4072d	28791
mods/heroes.stormmod/enus.stormassets/localizeddata/sounds/vo/kerrigan_introresponse_artanis00.fxe	e345e1813de7f607b9a622b343e05b9e	3767
mods/heroes.stormmod/enus.stormassets/localizeddata/sounds/vo/kerrigan_introresponse_artanis00.ogg	2231d4ef2e8d2a2bd732746d45d29fb5	45270
mods/heroes.stormmod/enus.stormassets/localizeddata/sounds/vo/kerrigan_introresponse_dehaka00.fxe	a7097eed0b3b1830027b7abc6d67e1b1	2886
mods/heroes.stormmod/enus.stormassets/localizeddata/sounds/vo/kerrigan_introresponse_dehaka00.ogg	76d3c2cde88328ad02367d1351b81d73	41108
mods/heroes.stormmod/enus.stormassets/localizeddata/sounds/vo/kerrigan_introresponse_dismissive00.fxe	44cca1cb3b0fcc841d887ae4e2300c50	1034
mods/heroes.stormmod/enus.stormassets/localizeddata/sounds/vo/kerrigan_introresponse_dismissive00.ogg	65098622cd20de33c92fb6802d0a36da	15083
mods/heroes.stormmod/enus.stormassets/localizeddata/sounds/vo/kerrigan_introresponse_dva00.fxe	b1615ce0b04522b08f7b125a3afd1396	1107
mods/heroes.stormmod/enus.stormassets/localizeddata/sounds/vo/kerrigan_introresponse_dva00.ogg	5d049909e55670a87674e3c661bcb2ed	28489
mods/heroes.stormmod/enus.stormassets/localizeddata/sounds/vo/kerrigan_introresponse_excited00.fxe	5ebb9130b5f01eaa1011338125fa1e10	1207
mods/heroes.stormmod/enus.stormassets/localizeddata/sounds/vo/kerrigan_introresponse_excited00.ogg	550f9aa2fc351b2eb500cf2357b1cf7d	18648
mods/heroes.stormmod/enus.stormassets/localizeddata/sounds/vo/kerrigan_introresponse_infestedtychus00.fxe	81478f58bb2e11c5f92bc9c33475a416	1246
mods/heroes.stormmod/enus.stormassets/localizeddata/sounds/vo/kerrigan_introresponse_infestedtychus00.ogg	157e0adca92ec83190ba68a908905e35	22921
mods/heroes.stormmod/enus.stormassets/localizeddata/sounds/vo/kerrigan_introresponse_murky00.fxe	c5bfac103e43972e79f3f86eaa79b34f	3029
mods/heroes.stormmod/enus.stormassets/localizeddata/sounds/vo/kerrigan_introresponse_murky00.ogg	08a69d4a61bc9f91dd4d9d6e2a5b9bde	43915
mods/heroes.stormmod/enus.stormassets/localizeddata/sounds/vo/kerrigan_introresponse_negative00.fxe	c52158811a0631f956fedf67347d0583	2792
mods/heroes.stormmod/enus.stormassets/localizeddata/sounds/vo/kerrigan_introresponse_negative00.ogg	c0f14dcc5e857760b5c92ab8b515b995	50143
mods/heroes.stormmod/enus.stormassets/localizeddata/sounds/vo/kerrigan_introresponse_nova00.fxe	5b595ad6b28732652f5bb83997512fe5	2164
mods/heroes.stormmod/enus.stormassets/localizeddata/sounds/vo/kerrigan_introresponse_nova00.ogg	fb6e65cbd5c54bb1338d3a1d7c670d60	44142
mods/heroes.stormmod/enus.stormassets/localizeddata/sounds/vo/kerrigan_introresponse_offensive00.fxe	53fbdef9fea3c184f445943de1ae2e47	3465
mods/heroes.stormmod/enus.stormassets/localizeddata/sounds/vo/kerrigan_introresponse_offensive00.ogg	8a8e4fc0131e1955ba9ba7e5fcc3b8bb	46232
mods/heroes.stormmod/enus.stormassets/localizeddata/sounds/vo/kerrigan_introresponse_positive00.fxe	8fc68ea391edc6e2d694142ddc59551e	1944
mods/heroes.stormmod/enus.stormassets/localizeddata/sounds/vo/kerrigan_introresponse_positive00.ogg	05c78dc3c6e4a337ea3d7e3774b3d44f	27998
mods/heroes.stormmod/enus.stormassets/localizeddata/sounds/vo/kerrigan_introresponse_raynor00.fxe	810943bed5ace9cc8845b80bf3b62028	1270
mods/heroes.stormmod/enus.stormassets/localizeddata/sounds/vo/kerrigan_introresponse_raynor00.ogg	3555b7815a8eac153d0552c6ddb287c3	19036
mods/heroes.stormmod/enus.stormassets/localizeddata/sounds/vo/kerrigan_introresponse_right00.fxe	362af4682781aa4ce56144ded5902f87	853
mods/heroes.stormmod/enus.stormassets/localizeddata/sounds/vo/kerrigan_introresponse_right00.ogg	587fca595b5b0e185ba11408bf6d62aa	15599
mods/heroes.stormmod/enus.stormassets/localizeddata/sounds/vo/kerrigan_introresponse_tassadar00.fxe	d86e323914e69484a8c7106f00adafa9	1992
mods/heroes.stormmod/enus.stormassets/localizeddata/sounds/vo/kerrigan_introresponse_tassadar00.ogg	43306b63819035fc184d7893777a722a	32603
mods/heroes.stormmod/enus.stormassets/localizeddata/sounds/vo/kerrigan_introresponse_tychus00.fxe	2601fadade216d80a277df1815152580	3542
mods/heroes.stormmod/enus.stormassets/localizeddata/sounds/vo/kerrigan_introresponse_tychus00.ogg	5fd5cb9e73c29093b7107d27912114ae	42929
mods/heroes.stormmod/enus.stormassets/localizeddata/sounds/vo/kerrigan_introresponse_zagara00.fxe	93fe46d7c6a92216c77c3e81d6165386	4246
mods/heroes.stormmod/enus.stormassets/localizeddata/sounds/vo/kerrigan_introresponse_zagara00.ogg	ee2854ba75a2fc7a0fcbd3d23270df2f	47925
mods/heroes.stormmod/enus.stormassets/localizeddata/sounds/vo/kerrigan_introresponse_zeratul00.fxe	7ac51ff8e40792385134799a315633a0	2551
mods/heroes.stormmod/enus.stormassets/localizeddata/sounds/vo/kerrigan_introresponse_zeratul00.ogg	884d240b177d2c0aac6015bac5d9780f	40256
mods/heroes.stormmod/enus.stormassets/localizeddata/sounds/vo/kerrigan_introresponse_zerg00.fxe	e98a8cd844cdf57b41b3e19d2474613c	1316
mods/heroes.stormmod/enus.stormassets/localizeddata/sounds/vo/kerrigan_introresponse_zerg00.ogg	4c71bbc47b3a89886e50e032507f81de	19912
mods/heroes.stormmod/enus.stormassets/localizeddata/sounds/vo/kerrigan_kill00.fxe	d89440d549fdb76ea220de4f4f2a9141	1798
mods/heroes.stormmod/enus.stormassets/localizeddata/sounds/vo/kerrigan_kill00.ogg	c0a318796e290405f03a8ecb8279fb68	37771
mods/heroes.stormmod/enus.stormassets/localizeddata/sounds/vo/kerrigan_kill01.fxe	df739572d2ae4d65bfcac4b150d8f286	1686
mods/heroes.stormmod/enus.stormassets/localizeddata/sounds/vo/kerrigan_kill01.ogg	24b37ea7b84b06ccca7ff871b75902cd	34885
mods/heroes.stormmod/enus.stormassets/localizeddata/sounds/vo/kerrigan_kill02.fxe	784e48f24c9af691b1737c884f078abb	2246
mods/heroes.stormmod/enus.stormassets/localizeddata/sounds/vo/kerrigan_kill02.ogg	80220ec50e8476bee27b098075284354	38542
mods/heroes.stormmod/enus.stormassets/localizeddata/sounds/vo/kerrigan_kill03.fxe	e06ed681b7f1f631038a8090238dabc6	1894
mods/heroes.stormmod/enus.stormassets/localizeddata/sounds/vo/kerrigan_kill03.ogg	942f6ff7fb0d6077f9ff62dd8c43fa6c	28721
mods/heroes.stormmod/enus.stormassets/localizeddata/sounds/vo/kerrigan_kill04.fxe	9ccb675efab1272f49b5bfd86cbe35b3	1862
mods/heroes.stormmod/enus.stormassets/localizeddata/sounds/vo/kerrigan_kill04.ogg	c4f4e19dbcbeb6213bfac3ead268eec3	34865
mods/heroes.stormmod/enus.stormassets/localizeddata/sounds/vo/kerrigan_killabathur00.fxe	e83481601f67085c3d334d31f2fefc43	2221
mods/heroes.stormmod/enus.stormassets/localizeddata/sounds/vo/kerrigan_killabathur00.ogg	3d0df86449d87377141014d8baab9bb4	37504
mods/heroes.stormmod/enus.stormassets/localizeddata/sounds/vo/kerrigan_killarthas00.fxe	22643fb8489799ce511c8b15ab4795d8	3212
mods/heroes.stormmod/enus.stormassets/localizeddata/sounds/vo/kerrigan_killarthas00.ogg	1df816716954118423cce72c1c0bd33a	43939
mods/heroes.stormmod/enus.stormassets/localizeddata/sounds/vo/kerrigan_killkerrigan00.fxe	c5cf99e2f873f796c510d6a023cf85f0	2014
mods/heroes.stormmod/enus.stormassets/localizeddata/sounds/vo/kerrigan_killkerrigan00.ogg	b238997990d8297ef2eac1e2669a74b9	23781
mods/heroes.stormmod/enus.stormassets/localizeddata/sounds/vo/kerrigan_killleoric00.fxe	d3d53d60aaf89ee508c0a0eb1960f72a	1852
mods/heroes.stormmod/enus.stormassets/localizeddata/sounds/vo/kerrigan_killleoric00.ogg	32555d977812dd2a3b59ead384b06c85	21138
mods/heroes.stormmod/enus.stormassets/localizeddata/sounds/vo/kerrigan_killnova00.fxe	4c6e86111158439a66236d0b57025abd	3194
mods/heroes.stormmod/enus.stormassets/localizeddata/sounds/vo/kerrigan_killnova00.ogg	135cdcdc156063c2a4bdfd2407323463	57090
mods/heroes.stormmod/enus.stormassets/localizeddata/sounds/vo/kerrigan_killprotoss00.fxe	88bea9bed822332a9cb300118ceb7d1d	1517
mods/heroes.stormmod/enus.stormassets/localizeddata/sounds/vo/kerrigan_killprotoss00.ogg	3b9f65825e53d25a6576463f685e0528	28226
mods/heroes.stormmod/enus.stormassets/localizeddata/sounds/vo/kerrigan_killraynor00.fxe	49262c6297de633f848d7f0e96a2ca9c	2332
mods/heroes.stormmod/enus.stormassets/localizeddata/sounds/vo/kerrigan_killraynor00.ogg	ed0ffc9d081a524a771447619b2d7259	37039
mods/heroes.stormmod/enus.stormassets/localizeddata/sounds/vo/kerrigan_killspreeend00.fxe	b8aca3e5bb3d37944de365a10b4ad56b	1806
mods/heroes.stormmod/enus.stormassets/localizeddata/sounds/vo/kerrigan_killspreeend00.ogg	f5c819001273e517956a9255352add33	33764
mods/heroes.stormmod/enus.stormassets/localizeddata/sounds/vo/kerrigan_killsylvanas00.fxe	2fdf6d5625a3d8d53bc8082d7359d4bb	2014
mods/heroes.stormmod/enus.stormassets/localizeddata/sounds/vo/kerrigan_killsylvanas00.ogg	cdd9f2a2b6f9db2ebf647a913a4593ca	41945
mods/heroes.stormmod/enus.stormassets/localizeddata/sounds/vo/kerrigan_killterran00.fxe	81925f16bf86d42d369390c017c2c4f8	2508
mods/heroes.stormmod/enus.stormassets/localizeddata/sounds/vo/kerrigan_killterran00.ogg	f1734887d2668ca12c06016d2803ddbb	30469
mods/heroes.stormmod/enus.stormassets/localizeddata/sounds/vo/kerrigan_killzeratul00.fxe	ea2e344a7be1389bebd86c17b155b177	2397
mods/heroes.stormmod/enus.stormassets/localizeddata/sounds/vo/kerrigan_killzeratul00.ogg	223f31fe8dbb6ddd882cc6b0f62eb209	47903
mods/heroes.stormmod/enus.stormassets/localizeddata/sounds/vo/kerrigan_killzerg00.fxe	b71dc55f54029edf18ce8f729016eb68	2362
mods/heroes.stormmod/enus.stormassets/localizeddata/sounds/vo/kerrigan_killzerg00.ogg	3cd7379f4f04ee4ff2ad59c401436ef0	35530
mods/heroes.stormmod/enus.stormassets/localizeddata/sounds/vo/kerrigan_laugh00.fxe	b03d5862a3296dcacf0c6a7bdc93ab71	2823
mods/heroes.stormmod/enus.stormassets/localizeddata/sounds/vo/kerrigan_laugh00.ogg	02655438d4b74fb6eed0f2d349e9068c	40572
mods/heroes.stormmod/enus.stormassets/localizeddata/sounds/vo/kerrigan_lowlifeheal00.fxe	3242c8b3043c350de92b3af77edb58a0	2157
mods/heroes.stormmod/enus.stormassets/localizeddata/sounds/vo/kerrigan_lowlifeheal00.ogg	72bf3ab1dd2f5e7671352b71e594373c	38837
mods/heroes.stormmod/enus.stormassets/localizeddata/sounds/vo/kerrigan_lowlifeheal01.fxe	e5b01311cf1abad5b5ab168544cfa26f	1085
mods/heroes.stormmod/enus.stormassets/localizeddata/sounds/vo/kerrigan_lowlifeheal01.ogg	720ae9fa74ca2f3573ff6d14c93bdfbf	21932
mods/heroes.stormmod/enus.stormassets/localizeddata/sounds/vo/kerrigan_lowlifeheal02.fxe	dbfea24309c73a3692930dc977adf82e	2781
mods/heroes.stormmod/enus.stormassets/localizeddata/sounds/vo/kerrigan_lowlifeheal02.ogg	26f50a5b9e38dc369ace415f9168206e	44517
mods/heroes.stormmod/enus.stormassets/localizeddata/sounds/vo/kerrigan_lowmana00.fxe	5940d3818419ef889d04db71bc3745fc	1449
mods/heroes.stormmod/enus.stormassets/localizeddata/sounds/vo/kerrigan_lowmana00.ogg	701b2afb8e42b23dca76849c7d1ba25d	25619
mods/heroes.stormmod/enus.stormassets/localizeddata/sounds/vo/kerrigan_lowmana01.fxe	27b959277355a25ade3a5cd3f333dd9d	1353
mods/heroes.stormmod/enus.stormassets/localizeddata/sounds/vo/kerrigan_lowmana01.ogg	daa07cc5438879e5495e2af57a2d23f7	24853
mods/heroes.stormmod/enus.stormassets/localizeddata/sounds/vo/kerrigan_lowmana02.fxe	cc23dfb67540bc2194219b98d98d4509	1513
mods/heroes.stormmod/enus.stormassets/localizeddata/sounds/vo/kerrigan_lowmana02.ogg	640dd14d45e9bf31a2b00a96f4954687	24260
mods/heroes.stormmod/enus.stormassets/localizeddata/sounds/vo/kerrigan_no00.fxe	fad0aed585b145e93675cab0c58a65a0	1348
mods/heroes.stormmod/enus.stormassets/localizeddata/sounds/vo/kerrigan_no00.ogg	807170ce00066f5e789f6b5abd44524d	22678
mods/heroes.stormmod/enus.stormassets/localizeddata/sounds/vo/kerrigan_no01.fxe	df68594da4fdaa3195e5bc65735d06ed	1508
mods/heroes.stormmod/enus.stormassets/localizeddata/sounds/vo/kerrigan_no01.ogg	674dfcd0b299e443c55faa50a84e18d6	21276
mods/heroes.stormmod/enus.stormassets/localizeddata/sounds/vo/kerrigan_no02.fxe	a43fa5ef726d3e4a2c01091894d4abb1	1396
mods/heroes.stormmod/enus.stormassets/localizeddata/sounds/vo/kerrigan_no02.ogg	f37e10c5f9654a8213517c2c266d2afb	22716
mods/heroes.stormmod/enus.stormassets/localizeddata/sounds/vo/kerrigan_ping_assisthero00.fxe	a749b0ef1cb284a6329d5aa45fffb682	1345
mods/heroes.stormmod/enus.stormassets/localizeddata/sounds/vo/kerrigan_ping_assisthero00.ogg	0ba80e24e681f9855aa3f290e0d4925a	19854
mods/heroes.stormmod/enus.stormassets/localizeddata/sounds/vo/kerrigan_ping_assistme00.fxe	c834cdc995976d0e689dc6b59d2fa1e1	1855
mods/heroes.stormmod/enus.stormassets/localizeddata/sounds/vo/kerrigan_ping_assistme00.ogg	9609ad3864a2be61aaae8f3e394cda2f	25941
mods/heroes.stormmod/enus.stormassets/localizeddata/sounds/vo/kerrigan_ping_assistme01.fxe	4b78932209e48f01a01fcccb21bedc68	1631
mods/heroes.stormmod/enus.stormassets/localizeddata/sounds/vo/kerrigan_ping_assistme01.ogg	197de02c3387fed8e6b1c99966714235	23978
mods/heroes.stormmod/enus.stormassets/localizeddata/sounds/vo/kerrigan_ping_attackcastle00.fxe	2e55b2b9bf4fddfccb79cbaa26616198	2099
mods/heroes.stormmod/enus.stormassets/localizeddata/sounds/vo/kerrigan_ping_attackcastle00.ogg	9defb9a5f1b5933b5262985af0fa6961	28732
mods/heroes.stormmod/enus.stormassets/localizeddata/sounds/vo/kerrigan_ping_attackmerc00.fxe	56cff3df95701564287d6fecbeb9be6a	2321
mods/heroes.stormmod/enus.stormassets/localizeddata/sounds/vo/kerrigan_ping_attackmerc00.ogg	e88a3690bc956943c9af05cf26680222	34613
mods/heroes.stormmod/enus.stormassets/localizeddata/sounds/vo/kerrigan_ping_attackoutpost00.fxe	106d779774ae2b781f676ef3e13b65c5	2100
mods/heroes.stormmod/enus.stormassets/localizeddata/sounds/vo/kerrigan_ping_attackoutpost00.ogg	92909f262db96f59634a7e3021495b41	27417
mods/heroes.stormmod/enus.stormassets/localizeddata/sounds/vo/kerrigan_ping_attacktower00.fxe	b31ac77be0540b3fce05c4faa80cf6bc	2226
mods/heroes.stormmod/enus.stormassets/localizeddata/sounds/vo/kerrigan_ping_attacktower00.ogg	bd23c48373180688910525cbcf96cf22	33259
mods/heroes.stormmod/enus.stormassets/localizeddata/sounds/vo/kerrigan_ping_defendcastle00.fxe	9375a60d1cecb102a7782ebb629d694a	1683
mods/heroes.stormmod/enus.stormassets/localizeddata/sounds/vo/kerrigan_ping_defendcastle00.ogg	35be4b6765d6d97dedea289bc4537ff4	26226
mods/heroes.stormmod/enus.stormassets/localizeddata/sounds/vo/kerrigan_ping_defendoutpost00.fxe	57488ff02e133cbf92631a5430e25de6	1972
mods/heroes.stormmod/enus.stormassets/localizeddata/sounds/vo/kerrigan_ping_defendoutpost00.ogg	1822d56152a1ef7808aee443833b2a4c	26643
mods/heroes.stormmod/enus.stormassets/localizeddata/sounds/vo/kerrigan_ping_defendtower00.fxe	1393650373935725479934ac06192d8c	2258
mods/heroes.stormmod/enus.stormassets/localizeddata/sounds/vo/kerrigan_ping_defendtower00.ogg	8052512b888ca0a61ec66204264e1482	32462
mods/heroes.stormmod/enus.stormassets/localizeddata/sounds/vo/kerrigan_ping_killhero00.fxe	e13e1bd2892309aa07c50cf3f4f86871	1327
mods/heroes.stormmod/enus.stormassets/localizeddata/sounds/vo/kerrigan_ping_killhero00.ogg	7cdc16ed3c8f67c4b9e37528ec4e3db0	24858
mods/heroes.stormmod/enus.stormassets/localizeddata/sounds/vo/kerrigan_pissed00.fxe	7262ddd81575a5af6657b23bf9591385	1192
mods/heroes.stormmod/enus.stormassets/localizeddata/sounds/vo/kerrigan_pissed00.ogg	308dfde20688b754c9cd7fda397a336b	16716
mods/heroes.stormmod/enus.stormassets/localizeddata/sounds/vo/kerrigan_pissed01.fxe	0e214c272b3575ff10308c826b6919c0	984
mods/heroes.stormmod/enus.stormassets/localizeddata/sounds/vo/kerrigan_pissed01.ogg	6168e6c7c96b0af61bd5c3b02a56e8d0	16615
mods/heroes.stormmod/enus.stormassets/localizeddata/sounds/vo/kerrigan_pissed02.fxe	4aa611adddc106a279b0ce45f017ca8f	3352
mods/heroes.stormmod/enus.stormassets/localizeddata/sounds/vo/kerrigan_pissed02.ogg	6cf8069f224247378d7e3420dff85e7c	62396
mods/heroes.stormmod/enus.stormassets/localizeddata/sounds/vo/kerrigan_pissed03.fxe	eec6689ee2e595a21bbf27b17638ca12	1960
mods/heroes.stormmod/enus.stormassets/localizeddata/sounds/vo/kerrigan_pissed03.ogg	d8af9f311cc40e2c5427278bbf77a910	36858
mods/heroes.stormmod/enus.stormassets/localizeddata/sounds/vo/kerrigan_pissed04.fxe	b22816701304b3ce9fe73bc3e4f4a9a6	2856
mods/heroes.stormmod/enus.stormassets/localizeddata/sounds/vo/kerrigan_pissed04.ogg	19a94f1feb3c6fb54ad32d7574717cbd	44509
mods/heroes.stormmod/enus.stormassets/localizeddata/sounds/vo/kerrigan_pissed05.fxe	b19de55a19de0786c9a1ea5e6be3a8d3	2744
mods/heroes.stormmod/enus.stormassets/localizeddata/sounds/vo/kerrigan_pissed05.ogg	822fe5017074a088d516fbc7ddd4d993	44708
mods/heroes.stormmod/enus.stormassets/localizeddata/sounds/vo/kerrigan_pissed06.fxe	5b06cee5fd8e606d94a261033d058d0e	1928
mods/heroes.stormmod/enus.stormassets/localizeddata/sounds/vo/kerrigan_pissed06.ogg	a45a4086fc0b23aa5c4e598ae4829dd3	37732
mods/heroes.stormmod/enus.stormassets/localizeddata/sounds/vo/kerrigan_pissed07.fxe	6aa3599509531809c98a361313aaff9e	3384
mods/heroes.stormmod/enus.stormassets/localizeddata/sounds/vo/kerrigan_pissed07.ogg	295c18b135ba5868a7347d93578bca90	49219
mods/heroes.stormmod/enus.stormassets/localizeddata/sounds/vo/kerrigan_pissed08.fxe	554457d1056c31c42ea742a73b338a7c	6296
mods/heroes.stormmod/enus.stormassets/localizeddata/sounds/vo/kerrigan_pissed08.ogg	43c0f0b8f2c7cb5e7b140b99898eccfc	106336
mods/heroes.stormmod/enus.stormassets/localizeddata/sounds/vo/kerrigan_pissed09.fxe	1865ecd73d882f1dea0501b447a7313f	7000
mods/heroes.stormmod/enus.stormassets/localizeddata/sounds/vo/kerrigan_pissed09.ogg	6fccc465b1cc1fee6a6b743c62648383	119574
mods/heroes.stormmod/enus.stormassets/localizeddata/sounds/vo/kerrigan_pissed10.fxe	aecafa943beb8871f6b9d1f34dadbf0c	3112
mods/heroes.stormmod/enus.stormassets/localizeddata/sounds/vo/kerrigan_pissed10.ogg	c69fc79faf7ec0006d27b5cfcc78fa95	55855
mods/heroes.stormmod/enus.stormassets/localizeddata/sounds/vo/kerrigan_pissed11.fxe	1315b5d2053fcb686088c5e056c22012	2712
mods/heroes.stormmod/enus.stormassets/localizeddata/sounds/vo/kerrigan_pissed11.ogg	70a8df90bb71c893bea870a941d71d66	40043
mods/heroes.stormmod/enus.stormassets/localizeddata/sounds/vo/kerrigan_pissed12.fxe	57226a7df09c5838ed51f99d4eac32d8	3912
mods/heroes.stormmod/enus.stormassets/localizeddata/sounds/vo/kerrigan_pissed12.ogg	026f9c0ad161342e5f6018063c99245b	61765
mods/heroes.stormmod/enus.stormassets/localizeddata/sounds/vo/kerrigan_pissed13.fxe	4e661e55e0fdac845a931e100661d467	2696
mods/heroes.stormmod/enus.stormassets/localizeddata/sounds/vo/kerrigan_pissed13.ogg	980677eaa2eb6f9c19efe67f6112ab42	40857
mods/heroes.stormmod/enus.stormassets/localizeddata/sounds/vo/kerrigan_pissed14.fxe	75741ed7af8636e062976eeed6c635a8	3208
mods/heroes.stormmod/enus.stormassets/localizeddata/sounds/vo/kerrigan_pissed14.ogg	6699c2f1a38c1ee4dbc3102a1b52dbe4	60564
mods/heroes.stormmod/enus.stormassets/localizeddata/sounds/vo/kerrigan_pissed15.fxe	85366632c152435c63541d518e84b04d	3400
mods/heroes.stormmod/enus.stormassets/localizeddata/sounds/vo/kerrigan_pissed15.ogg	0659cef6c7943333482a7d71a8720747	53937
mods/heroes.stormmod/enus.stormassets/localizeddata/sounds/vo/kerrigan_pissed16.fxe	a9bc473d2c6d8009db70f2bd76d03fff	3448
mods/heroes.stormmod/enus.stormassets/localizeddata/sounds/vo/kerrigan_pissed16.ogg	c33c26ebd1498287f546f089c18201ce	55308
mods/heroes.stormmod/enus.stormassets/localizeddata/sounds/vo/kerrigan_resurrected00.fxe	29231c2992502e3b746a2ef5b72cd7e0	1149
mods/heroes.stormmod/enus.stormassets/localizeddata/sounds/vo/kerrigan_resurrected00.ogg	da71403f13baef0a2e4e8b4de4746195	25083
mods/heroes.stormmod/enus.stormassets/localizeddata/sounds/vo/kerrigan_resurrected01.fxe	3208fafcfcc6cf2cf2835beb0b4ffefa	1117
mods/heroes.stormmod/enus.stormassets/localizeddata/sounds/vo/kerrigan_resurrected01.ogg	7fa85711080d7f9a87694e89416ec8ef	27098
mods/heroes.stormmod/enus.stormassets/localizeddata/sounds/vo/kerrigan_revive00.fxe	428162af34ef4836b72d4ddd42c54a04	1848
mods/heroes.stormmod/enus.stormassets/localizeddata/sounds/vo/kerrigan_revive00.ogg	d6805b16bae098001b5ff0793ba7edba	32164
mods/heroes.stormmod/enus.stormassets/localizeddata/sounds/vo/kerrigan_revive01.fxe	5ab9a55631ee7e0e70c00a912e316c24	2104
mods/heroes.stormmod/enus.stormassets/localizeddata/sounds/vo/kerrigan_revive01.ogg	d9a13b5e1e83b6294dc7b32d764f7ad8	39405
mods/heroes.stormmod/enus.stormassets/localizeddata/sounds/vo/kerrigan_revive02.fxe	6124610230bb1a30d753d23a1bce9f16	1480
mods/heroes.stormmod/enus.stormassets/localizeddata/sounds/vo/kerrigan_revive02.ogg	00c9451b15c56eea08e268cfd991f3de	25794
mods/heroes.stormmod/enus.stormassets/localizeddata/sounds/vo/kerrigan_social_thanks00.fxe	020537b895b4a840c44a599192e1e9c9	975
mods/heroes.stormmod/enus.stormassets/localizeddata/sounds/vo/kerrigan_social_thanks00.ogg	ca323dec9f3f1461a4d3c6d39faeec23	15274
mods/heroes.stormmod/enus.stormassets/localizeddata/sounds/vo/kerrigan_spec00.fxe	3bce04ecfb353681dc23fc775d6915df	1078
mods/heroes.stormmod/enus.stormassets/localizeddata/sounds/vo/kerrigan_spec00.ogg	47f0c0f7f068f1f05f754e4a38d9c15c	20702
mods/heroes.stormmod/enus.stormassets/localizeddata/sounds/vo/kerrigan_spec01.fxe	157b4bce7368b872fc486094489cb42c	1206
mods/heroes.stormmod/enus.stormassets/localizeddata/sounds/vo/kerrigan_spec01.ogg	29feb28d2db9b488bc6b4ab09c8a7611	21196
mods/heroes.stormmod/enus.stormassets/localizeddata/sounds/vo/kerrigan_spec02.fxe	b4ae88ebd20f57671fff5b9b26420f3e	1478
mods/heroes.stormmod/enus.stormassets/localizeddata/sounds/vo/kerrigan_spec02.ogg	7620a8805384596b64a20a37606224cd	26166
mods/heroes.stormmod/enus.stormassets/localizeddata/sounds/vo/kerrigan_spec03.fxe	bdc7a0c3a0115983f4eeb656f86c3481	1222
mods/heroes.stormmod/enus.stormassets/localizeddata/sounds/vo/kerrigan_spec03.ogg	683b5f952e205e1e01d15b5adcd6e6f5	19536
mods/heroes.stormmod/enus.stormassets/localizeddata/sounds/vo/kerrigan_spec04.fxe	85e8619a8e4b2ef6dfa88887a5e82568	1446
mods/heroes.stormmod/enus.stormassets/localizeddata/sounds/vo/kerrigan_spec04.ogg	fdbd1bc7a5a1a177347242af7c93f32c	24994
mods/heroes.stormmod/enus.stormassets/localizeddata/sounds/vo/kerrigan_taunt00.fxe	e33b7143d0cb8ceab76628a02aae8465	1703
mods/heroes.stormmod/enus.stormassets/localizeddata/sounds/vo/kerrigan_taunt00.ogg	f2757b78b434563624f2769e320111a0	32095
mods/heroes.stormmod/enus.stormassets/localizeddata/sounds/vo/kerrigan_taunt01.fxe	3da0843dd24336185d762636c4db134b	3335
mods/heroes.stormmod/enus.stormassets/localizeddata/sounds/vo/kerrigan_taunt01.ogg	b6f96479f57cee93102ef32a8a829cb6	66988
mods/heroes.stormmod/enus.stormassets/localizeddata/sounds/vo/kerrigan_taunt02.fxe	94f784f891568b37544157b255ff2e74	1527
mods/heroes.stormmod/enus.stormassets/localizeddata/sounds/vo/kerrigan_taunt02.ogg	9f19748fadd794bc9978ca72cd125408	30579
mods/heroes.stormmod/enus.stormassets/localizeddata/sounds/vo/kerrigan_teamkilled00.fxe	5edd3562d364ba8a785cf5a347bf72a7	2988
mods/heroes.stormmod/enus.stormassets/localizeddata/sounds/vo/kerrigan_teamkilled00.ogg	e985252e2e2b4318917f883476e9d3ac	59734
mods/heroes.stormmod/enus.stormassets/localizeddata/sounds/vo/kerrigan_ui_exlocked00.fxe	971429d8deeafca549b87ac12c330860	1629
mods/heroes.stormmod/enus.stormassets/localizeddata/sounds/vo/kerrigan_ui_exlocked00.ogg	cb79995cb7bb88dbe89921cde25e5c22	30566
mods/heroes.stormmod/enus.stormassets/localizeddata/sounds/vo/kerrigan_ui_expurchased00.fxe	530c50b27306667358b1b8304ff25daf	2992
mods/heroes.stormmod/enus.stormassets/localizeddata/sounds/vo/kerrigan_ui_expurchased00.ogg	1ef9042862551afd4c648cd85be07569	53650
mods/heroes.stormmod/enus.stormassets/localizeddata/sounds/vo/kerrigan_ui_gift00.fxe	ce5db7f6f637a1cd9d27423bd4ea532b	2457
mods/heroes.stormmod/enus.stormassets/localizeddata/sounds/vo/kerrigan_ui_gift00.ogg	217ea0bc57ca42839276400d1ac4ccec	36506
mods/heroes.stormmod/enus.stormassets/localizeddata/sounds/vo/kerrigan_ui_lockin00.fxe	157a7471eb97d9808fc285127241d970	2139
mods/heroes.stormmod/enus.stormassets/localizeddata/sounds/vo/kerrigan_ui_lockin00.ogg	d49f5e3b13fcf973be84fd17c78b2aa4	35169
mods/heroes.stormmod/enus.stormassets/localizeddata/sounds/vo/kerrigan_ui_purchase00.fxe	3dff65b28a3bb71859463b3ecfcd9592	1277
mods/heroes.stormmod/enus.stormassets/localizeddata/sounds/vo/kerrigan_ui_purchase00.ogg	cf22a967cd2cca5fa40439e501dc581b	19736
mods/heroes.stormmod/enus.stormassets/localizeddata/sounds/vo/kerrigan_ui_trial00.fxe	e2ad47e4379b95dbb9738a1bbf9b7f61	1930
mods/heroes.stormmod/enus.stormassets/localizeddata/sounds/vo/kerrigan_ui_trial00.ogg	3013f6ac2eb75fe1dc3bc74b60e01d73	29966
mods/heroes.stormmod/enus.stormassets/localizeddata/sounds/vo/kerrigan_ui_trial01.fxe	684705ceb241eab9a522819f7c23f02a	2650
mods/heroes.stormmod/enus.stormassets/localizeddata/sounds/vo/kerrigan_ui_trial01.ogg	2a95750f053b20e8669441fdc33feaa1	46857
mods/heroes.stormmod/enus.stormassets/localizeddata/sounds/vo/kerrigan_ui_waitlocked00.fxe	d1afa26500c8d2cc910879ee48204390	2655
mods/heroes.stormmod/enus.stormassets/localizeddata/sounds/vo/kerrigan_ui_waitlocked00.ogg	38e9047a29cafdb3ee5df85c22ea75a7	36483
mods/heroes.stormmod/enus.stormassets/localizeddata/sounds/vo/kerrigan_ui_waitlocked01.fxe	d811249b659ccb563e098d65abd78f7c	4751
mods/heroes.stormmod/enus.stormassets/localizeddata/sounds/vo/kerrigan_ui_waitlocked01.ogg	02543be2196a03fb6ca1cecda6b7413a	63027
mods/heroes.stormmod/enus.stormassets/localizeddata/sounds/vo/kerrigan_ui_waitpurchased00.fxe	d6808070e853684c9ab8bc15a9ed214b	3298
mods/heroes.stormmod/enus.stormassets/localizeddata/sounds/vo/kerrigan_ui_waitpurchased00.ogg	c1901e942e1266832fc6b63d511fbae2	57138
mods/heroes.stormmod/enus.stormassets/localizeddata/sounds/vo/kerrigan_ui_waitpurchased01.fxe	d94275126ecce518ac6b2e7e89b9680f	3762
mods/heroes.stormmod/enus.stormassets/localizeddata/sounds/vo/kerrigan_ui_waitpurchased01.ogg	ea686ba74c2597dc759bdf716dc15553	53007
mods/heroes.stormmod/enus.stormassets/localizeddata/sounds/vo/kerrigan_ultimate1used00.fxe	dcc188259fead019a2bfe1ac33f53b3c	1311
mods/heroes.stormmod/enus.stormassets/localizeddata/sounds/vo/kerrigan_ultimate1used00.ogg	52a79ad792596800282e8a114adb62b3	26748
mods/heroes.stormmod/enus.stormassets/localizeddata/sounds/vo/kerrigan_ultimate1used01.fxe	2f262a0892de781cb366a6c0357093c6	895
mods/heroes.stormmod/enus.stormassets/localizeddata/sounds/vo/kerrigan_ultimate1used01.ogg	fb701761ba4b884f19d1ea8f292bf90c	19136
mods/heroes.stormmod/enus.stormassets/localizeddata/sounds/vo/kerrigan_ultimate2used00.fxe	fdb6c1a243f9a7493c1e765c4ad4e520	2111
mods/heroes.stormmod/enus.stormassets/localizeddata/sounds/vo/kerrigan_ultimate2used00.ogg	8cbc5ce677ff987b100f6b159e14768d	44569
mods/heroes.stormmod/enus.stormassets/localizeddata/sounds/vo/kerrigan_voicelinefive00.ogg	2d39afb2f83313771f33df53a8f8cad5	52266
mods/heroes.stormmod/enus.stormassets/localizeddata/sounds/vo/kerrigan_voicelinefour00.ogg	7db9426292cb41728194e80e0adf91c5	29868
mods/heroes.stormmod/enus.stormassets/localizeddata/sounds/vo/kerrigan_voicelineone00.ogg	bb086fde6b0d36ccb74fa2c9b4b149b8	30936
mods/heroes.stormmod/enus.stormassets/localizeddata/sounds/vo/kerrigan_voicelinethree00.ogg	b432a599b92926c05d0e903b9f5853e6	26329
mods/heroes.stormmod/enus.stormassets/localizeddata/sounds/vo/kerrigan_voicelinetwo00.ogg	8bbad6dca1594256c2c00a27362ccc1e	25382
mods/heroes.stormmod/enus.stormassets/localizeddata/sounds/vo/kerrigan_vox_attack01.fxe	e0bc62039a17cb5c1e2ca60c90c1909c	924
mods/heroes.stormmod/enus.stormassets/localizeddata/sounds/vo/kerrigan_vox_attack01.ogg	d878b65323bf316313bc77439379a990	8761
mods/heroes.stormmod/enus.stormassets/localizeddata/sounds/vo/kerrigan_vox_attack02.fxe	fad8b4e90b7020e5d654161e9fcb7389	1180
mods/heroes.stormmod/enus.stormassets/localizeddata/sounds/vo/kerrigan_vox_attack02.ogg	1fbe1b7d22f3d6a4abcd03c885206a0a	10638
mods/heroes.stormmod/enus.stormassets/localizeddata/sounds/vo/kerrigan_vox_attack04.fxe	98d7bfef4e5dd2369c83ed677626e605	1020
mods/heroes.stormmod/enus.stormassets/localizeddata/sounds/vo/kerrigan_vox_attack04.ogg	79098f37c0a32684226c9f71f4d453fa	9175
mods/heroes.stormmod/enus.stormassets/localizeddata/sounds/vo/kerrigan_vox_attack05.fxe	df82db37ddb99a45f0e37e6acef66f4a	1100
mods/heroes.stormmod/enus.stormassets/localizeddata/sounds/vo/kerrigan_vox_attack05.ogg	21fff769ce3ede4a006711aab2f08216	8948
mods/heroes.stormmod/enus.stormassets/localizeddata/sounds/vo/kerrigan_vox_attack06.fxe	b8fce5d69b215abd13f269cb32a3da4b	652
mods/heroes.stormmod/enus.stormassets/localizeddata/sounds/vo/kerrigan_vox_attack06.ogg	19368c0ecc14f1b3fe8f34e45565d2d2	6705
mods/heroes.stormmod/enus.stormassets/localizeddata/sounds/vo/kerrigan_vox_attack07.fxe	cbbb03a825551e3b64d927e8b31817c7	1084
mods/heroes.stormmod/enus.stormassets/localizeddata/sounds/vo/kerrigan_vox_attack07.ogg	7b7d2e103cb08d03245926c842e7eb0b	10117
mods/heroes.stormmod/enus.stormassets/localizeddata/sounds/vo/kerrigan_vox_attack08.fxe	e28718fc7c4b2076f37c17d36b386bca	1292
mods/heroes.stormmod/enus.stormassets/localizeddata/sounds/vo/kerrigan_vox_attack08.ogg	90f095ce1205beb03d1137aa84244cbe	10127
mods/heroes.stormmod/enus.stormassets/localizeddata/sounds/vo/kerrigan_vox_attack09.fxe	816c202851c00f8d2266350fd054af8f	652
mods/heroes.stormmod/enus.stormassets/localizeddata/sounds/vo/kerrigan_vox_attack09.ogg	4857f3d7d2c48389c0ce3aa2fc6aa6cc	7881
mods/heroes.stormmod/enus.stormassets/localizeddata/sounds/vo/kerrigan_vox_attack10.fxe	54611211f671213efde38b245e1d6d87	1420
mods/heroes.stormmod/enus.stormassets/localizeddata/sounds/vo/kerrigan_vox_attack10.ogg	2da783ff41c1bfa48a0f13fae2806899	11222
mods/heroes.stormmod/enus.stormassets/localizeddata/sounds/vo/kerrigan_vox_attack11.fxe	2e26bbb25d74e6588a6830f55a0c66fd	1404
mods/heroes.stormmod/enus.stormassets/localizeddata/sounds/vo/kerrigan_vox_attack11.ogg	d5ee81cb9f45b6d4e0bca7f10d557da0	9950
mods/heroes.stormmod/enus.stormassets/localizeddata/sounds/vo/kerrigan_vox_attack12.fxe	fcd0fd703103e87a6b0e221e23a250ad	1212
mods/heroes.stormmod/enus.stormassets/localizeddata/sounds/vo/kerrigan_vox_attack12.ogg	0ad6571d69f92396a81ba44d4fcd6324	11588
mods/heroes.stormmod/enus.stormassets/localizeddata/sounds/vo/kerrigan_vox_attack13.fxe	d25f8fd7bfdcf47312780f3205daf5db	2332
mods/heroes.stormmod/enus.stormassets/localizeddata/sounds/vo/kerrigan_vox_attack13.ogg	29f237fac0e9366d2cc6a2271c93d1ab	20337
mods/heroes.stormmod/enus.stormassets/localizeddata/sounds/vo/kerrigan_vox_casting01.fxe	feab50a763224bd9c29bd7366c9d1eb0	1453
mods/heroes.stormmod/enus.stormassets/localizeddata/sounds/vo/kerrigan_vox_casting01.ogg	c68d20d98fca7a517ac62c5fb0a0d166	15249
mods/heroes.stormmod/enus.stormassets/localizeddata/sounds/vo/kerrigan_vox_casting02.fxe	99368c76479e8dbf13267915118c8afd	1597
mods/heroes.stormmod/enus.stormassets/localizeddata/sounds/vo/kerrigan_vox_casting02.ogg	f5c66f4d7aaf8157b683a606e5190532	11960
mods/heroes.stormmod/enus.stormassets/localizeddata/sounds/vo/kerrigan_vox_casting04.fxe	af971ee8cce719531899f7e71f55772d	1357
mods/heroes.stormmod/enus.stormassets/localizeddata/sounds/vo/kerrigan_vox_casting04.ogg	463da4ac6e8357d3bdc98cc174d5109d	12513
mods/heroes.stormmod/enus.stormassets/localizeddata/sounds/vo/kerrigan_vox_casting06.fxe	020a019947cf225667294bf488f4aeac	1101
mods/heroes.stormmod/enus.stormassets/localizeddata/sounds/vo/kerrigan_vox_casting06.ogg	2b854d4cf2841862c1bf986fa298138a	10298
mods/heroes.stormmod/enus.stormassets/localizeddata/sounds/vo/kerrigan_vox_casting07.fxe	5d7e0ea1118f188359177e67729daa07	1197
mods/heroes.stormmod/enus.stormassets/localizeddata/sounds/vo/kerrigan_vox_casting07.ogg	cfcbfdabd58a1fb74ac366085c015e29	10780
mods/heroes.stormmod/enus.stormassets/localizeddata/sounds/vo/kerrigan_vox_casting08.ogg	331dad40deeecbba8873915f8cd1988b	19774
mods/heroes.stormmod/enus.stormassets/localizeddata/sounds/vo/kerrigan_vox_casting09.fxe	99cba130d8ef2db3a898a8ed1e16f8b8	2173
mods/heroes.stormmod/enus.stormassets/localizeddata/sounds/vo/kerrigan_vox_casting09.ogg	0f0beee1c429e8de2abcfc6be0e894c3	22652
mods/heroes.stormmod/enus.stormassets/localizeddata/sounds/vo/kerrigan_vox_casting10.fxe	d8a291d609f42bccd0947d3570500fd8	2077
mods/heroes.stormmod/enus.stormassets/localizeddata/sounds/vo/kerrigan_vox_casting10.ogg	334a92a22f8a816485c090aef9ba1134	20832
mods/heroes.stormmod/enus.stormassets/localizeddata/sounds/vo/kerrigan_vox_casting11.fxe	a1e34c5cca9458627ec19d458bd1e7f6	1933
mods/heroes.stormmod/enus.stormassets/localizeddata/sounds/vo/kerrigan_vox_casting11.ogg	877fc0107a6d64cf1e729d21b30dbf90	19343
mods/heroes.stormmod/enus.stormassets/localizeddata/sounds/vo/kerrigan_vox_casting12.fxe	e2ea63af5f614faa3b30d2045cf180a9	2221
mods/heroes.stormmod/enus.stormassets/localizeddata/sounds/vo/kerrigan_vox_casting12.ogg	a9ac4494eb36695f674f52649718ca18	29622
mods/heroes.stormmod/enus.stormassets/localizeddata/sounds/vo/kerrigan_vox_casting13.fxe	4c37066c126166921cfc1c80afac74dd	1773
mods/heroes.stormmod/enus.stormassets/localizeddata/sounds/vo/kerrigan_vox_casting13.ogg	3c87afd2288e75ef2eaf2e98269fd0d0	16728
mods/heroes.stormmod/enus.stormassets/localizeddata/sounds/vo/kerrigan_vox_cheer00.fxe	d91ab63a8da798cf4e0e38afe55b23a6	1915
mods/heroes.stormmod/enus.stormassets/localizeddata/sounds/vo/kerrigan_vox_cheer00.ogg	13bfc46ace8d763f8ec7bda454601920	20841
mods/heroes.stormmod/enus.stormassets/localizeddata/sounds/vo/kerrigan_vox_gethit01.fxe	38355616d50a37f9cbc92afc04920fcf	1644
mods/heroes.stormmod/enus.stormassets/localizeddata/sounds/vo/kerrigan_vox_gethit01.ogg	c181f2b1c5221cb98b05f7133fecc29d	15955
mods/heroes.stormmod/enus.stormassets/localizeddata/sounds/vo/kerrigan_vox_gethit02.fxe	f0f2091cf715a676d2f87544453abd45	652
mods/heroes.stormmod/enus.stormassets/localizeddata/sounds/vo/kerrigan_vox_gethit02.ogg	65c2a2236dc4d5d81e241a708d2d8ab6	7941
mods/heroes.stormmod/enus.stormassets/localizeddata/sounds/vo/kerrigan_vox_gethit03.fxe	018c83825d259918bad25f0681f7415a	1260
mods/heroes.stormmod/enus.stormassets/localizeddata/sounds/vo/kerrigan_vox_gethit03.ogg	fd7d8e02ae7609b2ee6dd4d70f744f91	14644
mods/heroes.stormmod/enus.stormassets/localizeddata/sounds/vo/kerrigan_vox_gethit04.fxe	a4974d8c409c1e6d3ae26662003ebfd0	652
mods/heroes.stormmod/enus.stormassets/localizeddata/sounds/vo/kerrigan_vox_gethit04.ogg	08258adac030c5c8222d82eb1b4ec9f6	8265
mods/heroes.stormmod/enus.stormassets/localizeddata/sounds/vo/kerrigan_vox_gethit05.fxe	18d4410aeb4350a58e8bc5a59c1cbb2e	908
mods/heroes.stormmod/enus.stormassets/localizeddata/sounds/vo/kerrigan_vox_gethit05.ogg	39058360b65e093d4551ec25cf84154a	8752
mods/heroes.stormmod/enus.stormassets/localizeddata/sounds/vo/kerrigan_vox_gethit06.fxe	ebcd8af1bca983dc01bc707a76f05c6a	1180
mods/heroes.stormmod/enus.stormassets/localizeddata/sounds/vo/kerrigan_vox_gethit06.ogg	d698bc9ec6de5687813e5d47d3b9747e	10461
mods/heroes.stormmod/enus.stormassets/localizeddata/sounds/vo/kerrigan_vox_gethit07.fxe	f1722c202bc491cb428b8ecc3a3775da	1068
mods/heroes.stormmod/enus.stormassets/localizeddata/sounds/vo/kerrigan_vox_gethit07.ogg	0053bd3b596f15299cd4f5bc0a8ecaec	8214
mods/heroes.stormmod/enus.stormassets/localizeddata/sounds/vo/kerrigan_vox_gethit08.fxe	96b1a8c6e5b049e43e5c8a39619b8649	1308
mods/heroes.stormmod/enus.stormassets/localizeddata/sounds/vo/kerrigan_vox_gethit08.ogg	d6508dfad2af8767ce0349ef64360495	10753
mods/heroes.stormmod/enus.stormassets/localizeddata/sounds/vo/kerrigan_vox_gethit09.fxe	c4749aeb9ba296aa04a915a64d77ba99	1052
mods/heroes.stormmod/enus.stormassets/localizeddata/sounds/vo/kerrigan_vox_gethit09.ogg	246f39548db7ee7a19b43301d882d4bd	10212
mods/heroes.stormmod/enus.stormassets/localizeddata/sounds/vo/kerrigan_vox_gethit10.fxe	9dfa1865e269f794167340c47c219193	988
mods/heroes.stormmod/enus.stormassets/localizeddata/sounds/vo/kerrigan_vox_gethit10.ogg	6337f010ea89ae036dcb0b483030694f	9400
mods/heroes.stormmod/enus.stormassets/localizeddata/sounds/vo/kerrigan_vox_gethit11.fxe	d0e41d32e01b1cf5247726d8ad38443c	1324
mods/heroes.stormmod/enus.stormassets/localizeddata/sounds/vo/kerrigan_vox_gethit11.ogg	d57be59ad8023f093a79a16e05dc5f29	11637
mods/heroes.stormmod/enus.stormassets/localizeddata/sounds/vo/kerrigan_vox_pulled01.fxe	3139b80bdbf05a22888bbe19bb7de2ed	1420
mods/heroes.stormmod/enus.stormassets/localizeddata/sounds/vo/kerrigan_vox_pulled01.ogg	da0ef5cb18e0a73aa1868653f2369bcc	11045
mods/heroes.stormmod/enus.stormassets/localizeddata/sounds/vo/kerrigan_vox_pulled03.fxe	cd8a9a70d02d7351f39131eda27abc83	1196
mods/heroes.stormmod/enus.stormassets/localizeddata/sounds/vo/kerrigan_vox_pulled03.ogg	47a85b923e5c290820bc2614c3027817	12031
mods/heroes.stormmod/enus.stormassets/localizeddata/sounds/vo/kerrigan_vox_pulled04.ogg	c16209e6ec8534b2094c02fc48e8ab7b	10350
mods/heroes.stormmod/enus.stormassets/localizeddata/sounds/vo/kerrigan_vox_pulled06.ogg	23d683dc0e7f2a80ff9de6e3c216806d	14095
mods/heroes.stormmod/enus.stormassets/localizeddata/sounds/vo/kerrigan_vox_pulled07.ogg	75b0ce54ef8df71f6d5ae99e5f930d4c	14594
mods/heroes.stormmod/enus.stormassets/localizeddata/sounds/vo/kerrigan_vox_pulled08.ogg	8bb801e2aea7b2532d26c0163a2e2795	11628
mods/heroes.stormmod/enus.stormassets/localizeddata/sounds/vo/kerrigan_worthit00.fxe	f743e2a8e5aef0e1451a83305531d3bb	1337
mods/heroes.stormmod/enus.stormassets/localizeddata/sounds/vo/kerrigan_worthit00.ogg	d57915eb3540be2314fc0c29519ad868	34751
mods/heroes.stormmod/enus.stormassets/localizeddata/sounds/vo/kerrigan_worthit01.fxe	6ef0e97ec36b7519d6b6cd036776ba3f	2089
mods/heroes.stormmod/enus.stormassets/localizeddata/sounds/vo/kerrigan_worthit01.ogg	e0a4288252a158bf1c45d26f0f86bcde	30465
mods/heroes.stormmod/enus.stormassets/localizeddata/sounds/vo/kerrigan_yes00.fxe	66c09edfeb8b57879e387e5872b67010	1301
mods/heroes.stormmod/enus.stormassets/localizeddata/sounds/vo/kerrigan_yes00.ogg	7843cb2a3ae979a471f870157c8f6a8b	34986
mods/heroes.stormmod/enus.stormassets/localizeddata/sounds/vo/kerrigan_yes01.fxe	684950ae817ca43f3db06ea61e08877d	1141
mods/heroes.stormmod/enus.stormassets/localizeddata/sounds/vo/kerrigan_yes01.ogg	e136ac184a0d0e233dbcc07fba782be7	19455
mods/heroes.stormmod/enus.stormassets/localizeddata/sounds/vo/kerrigan_yes02.fxe	16771e20b8955482f38b085f436edbfd	2053
mods/heroes.stormmod/enus.stormassets/localizeddata/sounds/vo/kerrigan_yes02.ogg	11f8b76437324862cbf4b62e981a6b36	29791
mods/heroes.stormmod/enus.stormassets/localizeddata/sounds/vo/kerrigan_yes03.fxe	a75f9cb96e6abc790c76863feded5973	1781
mods/heroes.stormmod/enus.stormassets/localizeddata/sounds/vo/kerrigan_yes03.ogg	fe4ee7ebdee8e0699e1f90d2293e72a3	34237
mods/heroes.stormmod/enus.stormassets/localizeddata/sounds/vo/kerrigan_yes04.fxe	84bf30f4a906cdba023e28990ffb3ef0	1749
mods/heroes.stormmod/enus.stormassets/localizeddata/sounds/vo/kerrigan_yes04.ogg	c933bb6c40ba0a9b458ca19a8b93a0c9	31830
mods/heroes.stormmod/enus.stormassets/localizeddata/sounds/vo/kerrigan_yes05.fxe	40b5b20666e807d91ea27c6dcd468432	869
mods/heroes.stormmod/enus.stormassets/localizeddata/sounds/vo/kerrigan_yes05.ogg	8f75772c86369155b490b832e7eea948	29084
mods/heroes.stormmod/enus.stormassets/localizeddata/sounds/vo/kerrigan_yes06.fxe	0064e75e3df9652ab54bb116b1f25888	1141
mods/heroes.stormmod/enus.stormassets/localizeddata/sounds/vo/kerrigan_yes06.ogg	50298722b742e313aa83345879fedbb2	17606
mods/heroes.stormmod/enus.stormassets/localizeddata/sounds/vo/kerrigan_yes07.fxe	d7a56ba9337691cfa87e262671655b15	1285
mods/heroes.stormmod/enus.stormassets/localizeddata/sounds/vo/kerrigan_yes07.ogg	e8d95cce0e84fea9e4c0e004de0b49cf	18290
mods/heroes.stormmod/enus.stormassets/localizeddata/sounds/vo/kerrigan_yes08.fxe	928565ec291aed0b5ff555247cecd311	2085
mods/heroes.stormmod/enus.stormassets/localizeddata/sounds/vo/kerrigan_yes08.ogg	54dd7874e54e174bc37e4e105d21ae95	30427
mods/heroes.stormmod/enus.stormassets/localizeddata/sounds/vo/kerriganghost_ai_attack00.fxe	1a322bb1b8e8f4d8b3144f4d8f9d85e1	2464
mods/heroes.stormmod/enus.stormassets/localizeddata/sounds/vo/kerriganghost_ai_attack00.ogg	bb2a316c0bf915e4eb1f370083d4198f	46387
mods/heroes.stormmod/enus.stormassets/localizeddata/sounds/vo/kerriganghost_ai_attack01.fxe	1c4bb276a4eef5a4ee38c1f1404a48c2	2592
mods/heroes.stormmod/enus.stormassets/localizeddata/sounds/vo/kerriganghost_ai_attack01.ogg	f265458db07ff95e4d67dfca17c840cc	53509
mods/heroes.stormmod/enus.stormassets/localizeddata/sounds/vo/kerriganghost_ai_attack02.fxe	ff0e6d8d2ed588b36f2d88cf8709d89a	1664
mods/heroes.stormmod/enus.stormassets/localizeddata/sounds/vo/kerriganghost_ai_attack02.ogg	e838479c95a3b25a9fd85c79a8441cdf	41542
mods/heroes.stormmod/enus.stormassets/localizeddata/sounds/vo/kerriganghost_ai_caution00.fxe	9873d587f0805b7bdd0a66d1e216c189	1873
mods/heroes.stormmod/enus.stormassets/localizeddata/sounds/vo/kerriganghost_ai_caution00.ogg	93a4bb08184e5a1386a18f341d1ded1d	37404
mods/heroes.stormmod/enus.stormassets/localizeddata/sounds/vo/kerriganghost_ai_goodjob00.fxe	7876464bbadb4cfeea6caef0f959a47d	1569
mods/heroes.stormmod/enus.stormassets/localizeddata/sounds/vo/kerriganghost_ai_goodjob00.ogg	615a866095f22d39877316ea5cfa2c00	30851
mods/heroes.stormmod/enus.stormassets/localizeddata/sounds/vo/kerriganghost_ai_goodjob01.fxe	1c95d64ed4fe992b27a54810b4b25986	1089
mods/heroes.stormmod/enus.stormassets/localizeddata/sounds/vo/kerriganghost_ai_goodjob01.ogg	44797d2d22deb17f1e0a7e94aaf5eb52	20507
mods/heroes.stormmod/enus.stormassets/localizeddata/sounds/vo/kerriganghost_ai_goodjob02.fxe	e7fc2e6387925cb0f7e99a0a77496c32	2241
mods/heroes.stormmod/enus.stormassets/localizeddata/sounds/vo/kerriganghost_ai_goodjob02.ogg	6615d7fc0db0fa9f8b100ceb1dbe71e3	48557
mods/heroes.stormmod/enus.stormassets/localizeddata/sounds/vo/kerriganghost_ai_heal00.fxe	e34854c39ae22265536d17e55003afff	3342
mods/heroes.stormmod/enus.stormassets/localizeddata/sounds/vo/kerriganghost_ai_heal00.ogg	bb707672bd8b488a7a391072d8193d3e	57126
mods/heroes.stormmod/enus.stormassets/localizeddata/sounds/vo/kerriganghost_ai_heal01.fxe	422b051a3917c753b9cb87dd1da46ea3	3982
mods/heroes.stormmod/enus.stormassets/localizeddata/sounds/vo/kerriganghost_ai_heal01.ogg	5aa366f1d0ce639fe5af9cb89ea014b1	69616
mods/heroes.stormmod/enus.stormassets/localizeddata/sounds/vo/kerriganghost_ai_retreat00.fxe	5291504191dd4b88f6abb788af42bc1d	2145
mods/heroes.stormmod/enus.stormassets/localizeddata/sounds/vo/kerriganghost_ai_retreat00.ogg	9e7d195bc3f8a09b0a8d7f1332f9ad32	46996
mods/heroes.stormmod/enus.stormassets/localizeddata/sounds/vo/kerriganghost_ai_retreat01.fxe	c2b103ff9d76d156f3a1f48697456ce2	1537
mods/heroes.stormmod/enus.stormassets/localizeddata/sounds/vo/kerriganghost_ai_retreat01.ogg	ea462e169ebb8aff27d51033fe12dcca	28309
mods/heroes.stormmod/enus.stormassets/localizeddata/sounds/vo/kerriganghost_ai_uhoh00.fxe	bd41baaa7c7f507d6d728426ee5ba5b0	1054
mods/heroes.stormmod/enus.stormassets/localizeddata/sounds/vo/kerriganghost_ai_uhoh00.ogg	85986306fa42c0e90d74233e43516fba	20857
mods/heroes.stormmod/enus.stormassets/localizeddata/sounds/vo/kerriganghost_ai_uhoh01.fxe	d9bf96a150e5787a4e0a213b552c3990	1438
mods/heroes.stormmod/enus.stormassets/localizeddata/sounds/vo/kerriganghost_ai_uhoh01.ogg	832daf226c0039c4dab1671ddf4dfbe2	29589
mods/heroes.stormmod/enus.stormassets/localizeddata/sounds/vo/kerriganghost_ai_uhoh02.fxe	5730e0acc441458a68caf21cb91f7ae3	1774
mods/heroes.stormmod/enus.stormassets/localizeddata/sounds/vo/kerriganghost_ai_uhoh02.ogg	5576efd42405cd3cd987bdd447b026ef	30532
mods/heroes.stormmod/enus.stormassets/localizeddata/sounds/vo/kerriganghost_attack00.fxe	e4db3b6280b527baeb499c123f6f7a53	1581
mods/heroes.stormmod/enus.stormassets/localizeddata/sounds/vo/kerriganghost_attack00.ogg	3a30d33b2362ec8bed1735c25a09b4cd	29984
mods/heroes.stormmod/enus.stormassets/localizeddata/sounds/vo/kerriganghost_attack01.fxe	1104fce252a1595b17d978d20aeb3b0a	1197
mods/heroes.stormmod/enus.stormassets/localizeddata/sounds/vo/kerriganghost_attack01.ogg	a5d6e2f663d2025c1ec2aa77f8cb438b	28143
mods/heroes.stormmod/enus.stormassets/localizeddata/sounds/vo/kerriganghost_attack02.fxe	a37730e6ba5ffb04a7a294570e66c2ba	1661
mods/heroes.stormmod/enus.stormassets/localizeddata/sounds/vo/kerriganghost_attack02.ogg	62c144e1670af30ed085d9e519c4a69d	28185
mods/heroes.stormmod/enus.stormassets/localizeddata/sounds/vo/kerriganghost_attack03.fxe	07fc8d54798fc0947c17dd14c3623876	1709
mods/heroes.stormmod/enus.stormassets/localizeddata/sounds/vo/kerriganghost_attack03.ogg	3ac0fa229eea8af8b94472c14e7afef6	33502
mods/heroes.stormmod/enus.stormassets/localizeddata/sounds/vo/kerriganghost_attack04.fxe	657960b8c48069a531568212bf0bd7c9	1709
mods/heroes.stormmod/enus.stormassets/localizeddata/sounds/vo/kerriganghost_attack04.ogg	ae07e7ffa7ddbe8079bf726bd3de6cb2	33078
mods/heroes.stormmod/enus.stormassets/localizeddata/sounds/vo/kerriganghost_attack05.fxe	ca8bc3ab9e5d25f9d48cdef1673261a2	1213
mods/heroes.stormmod/enus.stormassets/localizeddata/sounds/vo/kerriganghost_attack05.ogg	60e9d2380ff056303fc47cb38cfd71ed	26316
mods/heroes.stormmod/enus.stormassets/localizeddata/sounds/vo/kerriganghost_attack06.fxe	c3cdba45e96bee88bf32f11046fe1b43	1645
mods/heroes.stormmod/enus.stormassets/localizeddata/sounds/vo/kerriganghost_attack06.ogg	ff01ec7f3ce731c1fbff74211ecac180	32431
mods/heroes.stormmod/enus.stormassets/localizeddata/sounds/vo/kerriganghost_celebrate00.fxe	bf9aa479da84603291759e4430e26383	1568
mods/heroes.stormmod/enus.stormassets/localizeddata/sounds/vo/kerriganghost_celebrate00.ogg	6c4efef13b45772dbbd24a27c0414c79	34071
mods/heroes.stormmod/enus.stormassets/localizeddata/sounds/vo/kerriganghost_celebrate01.fxe	0d3b8ae107adee4e2e1d5f7d755b0218	1808
mods/heroes.stormmod/enus.stormassets/localizeddata/sounds/vo/kerriganghost_celebrate01.ogg	368da0718c995ea91fa94ce4f2756c98	33143
mods/heroes.stormmod/enus.stormassets/localizeddata/sounds/vo/kerriganghost_comeback00.fxe	86f3985e7f4edb2d9d478b470fc08be6	3023
mods/heroes.stormmod/enus.stormassets/localizeddata/sounds/vo/kerriganghost_comeback00.ogg	2a835a27cabed4da966bca6d8d896f17	58259
mods/heroes.stormmod/enus.stormassets/localizeddata/sounds/vo/kerriganghost_death01.fxe	d7398528b5eecc5ec764789942f64cf7	1500
mods/heroes.stormmod/enus.stormassets/localizeddata/sounds/vo/kerriganghost_death01.wav	5c56eb42ff61a7d376a6d766976ffc6d	97340
mods/heroes.stormmod/enus.stormassets/localizeddata/sounds/vo/kerriganghost_death02.fxe	4f9e4425edef364a53c60f054f057edb	1292
mods/heroes.stormmod/enus.stormassets/localizeddata/sounds/vo/kerriganghost_death02.wav	65064dfe5162ff09d852dc3b2cec00c2	79420
mods/heroes.stormmod/enus.stormassets/localizeddata/sounds/vo/kerriganghost_death03.fxe	206e34e521692bc9be61a0d30c942b27	1836
mods/heroes.stormmod/enus.stormassets/localizeddata/sounds/vo/kerriganghost_death03.wav	48be3cd5851f02fe626ec6b0a6983775	92732
mods/heroes.stormmod/enus.stormassets/localizeddata/sounds/vo/kerriganghost_death04.fxe	abf9c153f824450ece1eabd20755e0cb	1644
mods/heroes.stormmod/enus.stormassets/localizeddata/sounds/vo/kerriganghost_death04.wav	156e4acec2aa489566936e1bffc7dafe	84028
mods/heroes.stormmod/enus.stormassets/localizeddata/sounds/vo/kerriganghost_death05.fxe	da275ed8636acbcb6539b1bcc9dc0a91	1948
mods/heroes.stormmod/enus.stormassets/localizeddata/sounds/vo/kerriganghost_death05.wav	4bab562b78c1df82b735a79244a99b2a	115260
mods/heroes.stormmod/enus.stormassets/localizeddata/sounds/vo/kerriganghost_death06.fxe	d67fa202b4e02926e1fe31553d6f14ef	1708
mods/heroes.stormmod/enus.stormassets/localizeddata/sounds/vo/kerriganghost_death06.wav	404e540ee20a942d5db56ab38ff4fa65	123452
mods/heroes.stormmod/enus.stormassets/localizeddata/sounds/vo/kerriganghost_death07.fxe	1d006990a980600c57954b5a3c8a79c4	1916
mods/heroes.stormmod/enus.stormassets/localizeddata/sounds/vo/kerriganghost_death07.wav	8266f3c45364119bfe5f7cff69c2dbce	135740
mods/heroes.stormmod/enus.stormassets/localizeddata/sounds/vo/kerriganghost_healed00.fxe	f61c5923ca8dc52b7d63ec7e3eb9a006	1645
mods/heroes.stormmod/enus.stormassets/localizeddata/sounds/vo/kerriganghost_healed00.ogg	794529321130abb2b9e398ac452d7c7a	31448
mods/heroes.stormmod/enus.stormassets/localizeddata/sounds/vo/kerriganghost_healed01.fxe	d0cb015b0a68e087cdaa798d68e6d586	1773
mods/heroes.stormmod/enus.stormassets/localizeddata/sounds/vo/kerriganghost_healed01.ogg	e81253da0621069204b1a32805f55e31	38648
mods/heroes.stormmod/enus.stormassets/localizeddata/sounds/vo/kerriganghost_healed02.fxe	5b53573249a6d0904c7694dd08e0f23c	1165
mods/heroes.stormmod/enus.stormassets/localizeddata/sounds/vo/kerriganghost_healed02.ogg	2cadb53194e07347ae6a240c28669cce	20967
mods/heroes.stormmod/enus.stormassets/localizeddata/sounds/vo/kerriganghost_homescreenyell_added_exert.ogg	9de67f98af905a1d5ea0a3d8dde0a139	30474
mods/heroes.stormmod/enus.stormassets/localizeddata/sounds/vo/kerriganghost_introagree00.fxe	0b58f70c74a3d26c95b26034ae062c88	1345
mods/heroes.stormmod/enus.stormassets/localizeddata/sounds/vo/kerriganghost_introagree00.ogg	2014cfb59f10097995aaa553406e101a	37710
mods/heroes.stormmod/enus.stormassets/localizeddata/sounds/vo/kerriganghost_introagree01.fxe	c00427c1f2b331e72d0fe382631ac364	2129
mods/heroes.stormmod/enus.stormassets/localizeddata/sounds/vo/kerriganghost_introagree01.ogg	c9251331706c93f2789611d40fbf681c	50330
mods/heroes.stormmod/enus.stormassets/localizeddata/sounds/vo/kerriganghost_introagree02.fxe	e29fc2c03f3a82f50e940782b103315d	2273
mods/heroes.stormmod/enus.stormassets/localizeddata/sounds/vo/kerriganghost_introagree02.ogg	5764dcf9afc93b31cdb93c33e56fd03e	40792
mods/heroes.stormmod/enus.stormassets/localizeddata/sounds/vo/kerriganghost_introboast00.fxe	8481a863712ae0752b57f8b5f349cce3	2465
mods/heroes.stormmod/enus.stormassets/localizeddata/sounds/vo/kerriganghost_introboast00.ogg	70db0572e002a5e36a987ecad310e17c	56820
mods/heroes.stormmod/enus.stormassets/localizeddata/sounds/vo/kerriganghost_introboast01.fxe	99ebcd785654e731306b5115dc5f8c95	2833
mods/heroes.stormmod/enus.stormassets/localizeddata/sounds/vo/kerriganghost_introboast01.ogg	834b77ae03358cab4cead131a96aabe2	59384
mods/heroes.stormmod/enus.stormassets/localizeddata/sounds/vo/kerriganghost_introquestion00.fxe	2686ae5a13e9290ac7f271933cd6947d	1572
mods/heroes.stormmod/enus.stormassets/localizeddata/sounds/vo/kerriganghost_introquestion00.ogg	5572d339c731d285cfafe53a089ca3f9	41994
mods/heroes.stormmod/enus.stormassets/localizeddata/sounds/vo/kerriganghost_introquestion01.fxe	a4501f77f75a6cf2696def7fadc2e652	2180
mods/heroes.stormmod/enus.stormassets/localizeddata/sounds/vo/kerriganghost_introquestion01.ogg	38b94663b859558ad545b01da5a203c8	51165
mods/heroes.stormmod/enus.stormassets/localizeddata/sounds/vo/kerriganghost_introquestion_abathur00.fxe	317b8d2840b36a9c7c13e8ff18308c84	2636
mods/heroes.stormmod/enus.stormassets/localizeddata/sounds/vo/kerriganghost_introquestion_abathur00.ogg	527c9f84d224ef450f34b5497e24f350	47222
mods/heroes.stormmod/enus.stormassets/localizeddata/sounds/vo/kerriganghost_introquestion_artanis00.fxe	425ff3e5e3f915a9cd08890d9b044e98	3676
mods/heroes.stormmod/enus.stormassets/localizeddata/sounds/vo/kerriganghost_introquestion_artanis00.ogg	67d99e41afea2d3aa1ed7daad44b6bfc	73454
mods/heroes.stormmod/enus.stormassets/localizeddata/sounds/vo/kerriganghost_introquestion_dehaka00.fxe	9162bef60de1e7429fbf3dfd8ee1e210	2763
mods/heroes.stormmod/enus.stormassets/localizeddata/sounds/vo/kerriganghost_introquestion_dehaka00.ogg	127ad77ed338657296bb805c427442dd	56203
mods/heroes.stormmod/enus.stormassets/localizeddata/sounds/vo/kerriganghost_introquestion_infestedtychus00.fxe	85bba8c9ec445791b9066c104a5d12dc	2595
mods/heroes.stormmod/enus.stormassets/localizeddata/sounds/vo/kerriganghost_introquestion_infestedtychus00.ogg	aa53cc2fc4fceb6fc751f46eb143735a	66802
mods/heroes.stormmod/enus.stormassets/localizeddata/sounds/vo/kerriganghost_introquestion_murky00.fxe	8791e72c5663d5ae560495d0f86610d8	3994
mods/heroes.stormmod/enus.stormassets/localizeddata/sounds/vo/kerriganghost_introquestion_murky00.ogg	0236519abdbe6689620766c1972f60dd	84627
mods/heroes.stormmod/enus.stormassets/localizeddata/sounds/vo/kerriganghost_introquestion_negative00.fxe	7eba264a84549e0eaafcf1e8e7fa908b	1501
mods/heroes.stormmod/enus.stormassets/localizeddata/sounds/vo/kerriganghost_introquestion_negative00.ogg	11e994439d92b306db0783599297ea03	42703
mods/heroes.stormmod/enus.stormassets/localizeddata/sounds/vo/kerriganghost_introquestion_nova00.fxe	160d63556f9d3dd2fea8c6c9976542d2	2537
mods/heroes.stormmod/enus.stormassets/localizeddata/sounds/vo/kerriganghost_introquestion_nova00.ogg	5dd1dfe38941348b59ecde443dc61e3b	62988
mods/heroes.stormmod/enus.stormassets/localizeddata/sounds/vo/kerriganghost_introquestion_positive00.fxe	fd86bc4ca8f5693170edc7949019e897	2829
mods/heroes.stormmod/enus.stormassets/localizeddata/sounds/vo/kerriganghost_introquestion_positive00.ogg	5a08edd0b914632d2367500014f561bf	56278
mods/heroes.stormmod/enus.stormassets/localizeddata/sounds/vo/kerriganghost_introquestion_raynor00.fxe	08cba09c83f9774cb21698cde1718c4a	2171
mods/heroes.stormmod/enus.stormassets/localizeddata/sounds/vo/kerriganghost_introquestion_raynor00.ogg	066c338359229432147871199f0becec	46845
mods/heroes.stormmod/enus.stormassets/localizeddata/sounds/vo/kerriganghost_introquestion_tassadar00.fxe	fcfeec43cc4a226c22643728e4085ab0	3181
mods/heroes.stormmod/enus.stormassets/localizeddata/sounds/vo/kerriganghost_introquestion_tassadar00.ogg	fd30557f910d0fdd0dd740b262c690bb	78212
mods/heroes.stormmod/enus.stormassets/localizeddata/sounds/vo/kerriganghost_introquestion_tychus00.fxe	4c4120d7b477988594a0814051603105	2107
mods/heroes.stormmod/enus.stormassets/localizeddata/sounds/vo/kerriganghost_introquestion_tychus00.ogg	fe5d2ef2b870f4b84867a1cdc1f8bd95	53046
mods/heroes.stormmod/enus.stormassets/localizeddata/sounds/vo/kerriganghost_introquestion_zagara00.fxe	ec6413c90e812f4c12636a38b703b984	4059
mods/heroes.stormmod/enus.stormassets/localizeddata/sounds/vo/kerriganghost_introquestion_zagara00.ogg	1c9d103ebf6dcd9f9421b7db4ddad88f	83803
mods/heroes.stormmod/enus.stormassets/localizeddata/sounds/vo/kerriganghost_introquestion_zeratul00.fxe	754836ef95d2823ac6790bcb537bfc8d	2796
mods/heroes.stormmod/enus.stormassets/localizeddata/sounds/vo/kerriganghost_introquestion_zeratul00.ogg	1e93ed34ff8d6c0f10e1183e4b610868	71179
mods/heroes.stormmod/enus.stormassets/localizeddata/sounds/vo/kerriganghost_introquestion_zerg00.fxe	7a8935c5878fb13f492b4a515514b655	3833
mods/heroes.stormmod/enus.stormassets/localizeddata/sounds/vo/kerriganghost_introquestion_zerg00.ogg	1425b3b6af5a828fb8837908cc9a951c	76836
mods/heroes.stormmod/enus.stormassets/localizeddata/sounds/vo/kerriganghost_introrespond00.fxe	a9432f9c432b32c88d3bb4f248487b37	1283
mods/heroes.stormmod/enus.stormassets/localizeddata/sounds/vo/kerriganghost_introrespond00.ogg	96af9bb2efc151a9a077a219443ea785	29838
mods/heroes.stormmod/enus.stormassets/localizeddata/sounds/vo/kerriganghost_introrespond01.fxe	2dd1b26aa00cf4c425d15e1187e0365e	899
mods/heroes.stormmod/enus.stormassets/localizeddata/sounds/vo/kerriganghost_introrespond01.ogg	99c883af77d5f25d2f482b803f9e1b5b	20872
mods/heroes.stormmod/enus.stormassets/localizeddata/sounds/vo/kerriganghost_introrespond02.fxe	8a0e7f5d1afc20972cd172b9f369812d	2259
mods/heroes.stormmod/enus.stormassets/localizeddata/sounds/vo/kerriganghost_introrespond02.ogg	2ade5a2fd0fc64882f60b652cb10378b	41023
mods/heroes.stormmod/enus.stormassets/localizeddata/sounds/vo/kerriganghost_introresponse_abathur00.fxe	530e7b224b38842051d2c8a75a8a7ecd	3196
mods/heroes.stormmod/enus.stormassets/localizeddata/sounds/vo/kerriganghost_introresponse_abathur00.ogg	858e79de0668e00349d3450025fde8e4	73454
mods/heroes.stormmod/enus.stormassets/localizeddata/sounds/vo/kerriganghost_introresponse_angry00.fxe	49c24614e8fa8ab2c03541dde8f6b282	2314
mods/heroes.stormmod/enus.stormassets/localizeddata/sounds/vo/kerriganghost_introresponse_angry00.ogg	2798289edc6a5765224ee0aea9823bbe	51752
mods/heroes.stormmod/enus.stormassets/localizeddata/sounds/vo/kerriganghost_introresponse_artanis00.fxe	8087988e87231147c4cd3cbf2c70b11e	4652
mods/heroes.stormmod/enus.stormassets/localizeddata/sounds/vo/kerriganghost_introresponse_artanis00.ogg	fc1ecf1f2d57e7f638ccf77658140a91	86216
mods/heroes.stormmod/enus.stormassets/localizeddata/sounds/vo/kerriganghost_introresponse_dehaka00.fxe	09c4bb959e684d477214c5c831fc6d21	3323
mods/heroes.stormmod/enus.stormassets/localizeddata/sounds/vo/kerriganghost_introresponse_dehaka00.ogg	f0039d997be3263792b8eece9e2c7a52	70096
mods/heroes.stormmod/enus.stormassets/localizeddata/sounds/vo/kerriganghost_introresponse_dismissive00.fxe	4b221770397120bde9baa93601b54ae8	2719
mods/heroes.stormmod/enus.stormassets/localizeddata/sounds/vo/kerriganghost_introresponse_dismissive00.ogg	35c174b3a488f5bf2025f7c204af5ba3	52615
mods/heroes.stormmod/enus.stormassets/localizeddata/sounds/vo/kerriganghost_introresponse_dva00.fxe	221cbac5ecbdc9db548c0a35a1b948fc	1064
mods/heroes.stormmod/enus.stormassets/localizeddata/sounds/vo/kerriganghost_introresponse_dva00.ogg	cc57a3a74ac11bda9a6beb8560f6269e	33253
mods/heroes.stormmod/enus.stormassets/localizeddata/sounds/vo/kerriganghost_introresponse_excited00.fxe	cbf28a392b2b9385430d10be95ea4d6a	1852
mods/heroes.stormmod/enus.stormassets/localizeddata/sounds/vo/kerriganghost_introresponse_excited00.ogg	c1eea8b9183fd6adbafcfbf56d4950fc	38501
mods/heroes.stormmod/enus.stormassets/localizeddata/sounds/vo/kerriganghost_introresponse_infestedtychus00.fxe	9f3b87964fcdabe9a3db04246219c4fc	1875
mods/heroes.stormmod/enus.stormassets/localizeddata/sounds/vo/kerriganghost_introresponse_infestedtychus00.ogg	0733c2688713efe74a78b44f41b5ce7b	40347
mods/heroes.stormmod/enus.stormassets/localizeddata/sounds/vo/kerriganghost_introresponse_murky00.fxe	abce1c792888854bd4055590a5b3b3af	2314
mods/heroes.stormmod/enus.stormassets/localizeddata/sounds/vo/kerriganghost_introresponse_murky00.ogg	5227aefb0d00b7d24c48a498197ba1ed	64886
mods/heroes.stormmod/enus.stormassets/localizeddata/sounds/vo/kerriganghost_introresponse_negative00.fxe	0557eba4cc02f799257c09084ab8ad64	3277
mods/heroes.stormmod/enus.stormassets/localizeddata/sounds/vo/kerriganghost_introresponse_negative00.ogg	9dc13d51ae887dfacc08a0143d6020b9	79124
mods/heroes.stormmod/enus.stormassets/localizeddata/sounds/vo/kerriganghost_introresponse_nova00.fxe	006cf59232ca2d628a243e03b09ac7d6	1529
mods/heroes.stormmod/enus.stormassets/localizeddata/sounds/vo/kerriganghost_introresponse_nova00.ogg	d3c8639dcb5c282c0e1f039ce44d829b	29768
mods/heroes.stormmod/enus.stormassets/localizeddata/sounds/vo/kerriganghost_introresponse_offensive00.fxe	ba1b79b17cd583b1a853912e08fc3f12	1886
mods/heroes.stormmod/enus.stormassets/localizeddata/sounds/vo/kerriganghost_introresponse_offensive00.ogg	ca62ed8cc1aeb31d3574d5c9d24ccd1c	35546
mods/heroes.stormmod/enus.stormassets/localizeddata/sounds/vo/kerriganghost_introresponse_positive00.fxe	36466d404d0bf949fd435fa4b59e7ce6	1917
mods/heroes.stormmod/enus.stormassets/localizeddata/sounds/vo/kerriganghost_introresponse_positive00.ogg	0c43db260b743ade868f98793b34eafe	35048
mods/heroes.stormmod/enus.stormassets/localizeddata/sounds/vo/kerriganghost_introresponse_raynor00.fxe	e2c103a53e58de832249478d195d749a	1883
mods/heroes.stormmod/enus.stormassets/localizeddata/sounds/vo/kerriganghost_introresponse_raynor00.ogg	68cf17d234088311152457c6b7be2ba4	46692
mods/heroes.stormmod/enus.stormassets/localizeddata/sounds/vo/kerriganghost_introresponse_right00.fxe	981d292bd9ab902a5fa82f539bc7c71a	1018
mods/heroes.stormmod/enus.stormassets/localizeddata/sounds/vo/kerriganghost_introresponse_right00.ogg	12662715025b0d302aa53691311391c7	20894
mods/heroes.stormmod/enus.stormassets/localizeddata/sounds/vo/kerriganghost_introresponse_tassadar00.fxe	8d2890c640d72cf6172d3ded15cf9057	3741
mods/heroes.stormmod/enus.stormassets/localizeddata/sounds/vo/kerriganghost_introresponse_tassadar00.ogg	0baa096b3c32a3c72e57fc6f3803f5ca	79674
mods/heroes.stormmod/enus.stormassets/localizeddata/sounds/vo/kerriganghost_introresponse_tychus00.fxe	edc5f128e3ea4608f10d594300ef12e8	2939
mods/heroes.stormmod/enus.stormassets/localizeddata/sounds/vo/kerriganghost_introresponse_tychus00.ogg	bb5ab6f5fc62938ba2ab8dabf03409c2	58646
mods/heroes.stormmod/enus.stormassets/localizeddata/sounds/vo/kerriganghost_introresponse_zagara00.fxe	546bc35c574bfe8551b5762eb1f319c5	1483
mods/heroes.stormmod/enus.stormassets/localizeddata/sounds/vo/kerriganghost_introresponse_zagara00.ogg	1c8751b04b34358915d9ec66798ede6f	34763
mods/heroes.stormmod/enus.stormassets/localizeddata/sounds/vo/kerriganghost_introresponse_zeratul00.fxe	1212a76a6b630d56c35d51a33fdf4fbe	2956
mods/heroes.stormmod/enus.stormassets/localizeddata/sounds/vo/kerriganghost_introresponse_zeratul00.ogg	1e8aa52df17d45e6ad33b0fbbe88baba	50107
mods/heroes.stormmod/enus.stormassets/localizeddata/sounds/vo/kerriganghost_introresponse_zerg00.fxe	a669105d07658de2ed92afe1e146eff8	2889
mods/heroes.stormmod/enus.stormassets/localizeddata/sounds/vo/kerriganghost_introresponse_zerg00.ogg	b412863785cea437f2c44b0fe6819152	58887
mods/heroes.stormmod/enus.stormassets/localizeddata/sounds/vo/kerriganghost_kill00.fxe	30de90c6084d3a9b9d65d0cd058573fe	1755
mods/heroes.stormmod/enus.stormassets/localizeddata/sounds/vo/kerriganghost_kill00.ogg	eb98dd0f565ce42cec6fb518b1f4a9db	36169
mods/heroes.stormmod/enus.stormassets/localizeddata/sounds/vo/kerriganghost_kill01.fxe	339d1a35e9a56d4196a83239c88f6350	2571
mods/heroes.stormmod/enus.stormassets/localizeddata/sounds/vo/kerriganghost_kill01.ogg	74d3017c49d0c344e5412a756beb6e83	52332
mods/heroes.stormmod/enus.stormassets/localizeddata/sounds/vo/kerriganghost_kill02.fxe	5a63253c9ef8f2d88835b41958b3c6fa	1467
mods/heroes.stormmod/enus.stormassets/localizeddata/sounds/vo/kerriganghost_kill02.ogg	69ba33547837c7ee181b23d383e5a238	30585
mods/heroes.stormmod/enus.stormassets/localizeddata/sounds/vo/kerriganghost_kill03.fxe	af16aace38640b0a2a1588c7e897c627	1419
mods/heroes.stormmod/enus.stormassets/localizeddata/sounds/vo/kerriganghost_kill03.ogg	ce101089ed7c05bfa633d6735459b3df	37446
mods/heroes.stormmod/enus.stormassets/localizeddata/sounds/vo/kerriganghost_kill04.fxe	3332db1d8b23c6ee88c2697a28c3459d	2123
mods/heroes.stormmod/enus.stormassets/localizeddata/sounds/vo/kerriganghost_kill04.ogg	dbb5386ef91f4be9d888a1d50cfcddb2	47504
mods/heroes.stormmod/enus.stormassets/localizeddata/sounds/vo/kerriganghost_killabathur00.fxe	c8605dabdf351be503fde0601249a9da	1554
mods/heroes.stormmod/enus.stormassets/localizeddata/sounds/vo/kerriganghost_killabathur00.ogg	927ee0dff3da517219dbcce687f7d2c0	30572
mods/heroes.stormmod/enus.stormassets/localizeddata/sounds/vo/kerriganghost_killarthas00.fxe	cd020d2c7618b21b22aacee8460bc53d	2753
mods/heroes.stormmod/enus.stormassets/localizeddata/sounds/vo/kerriganghost_killarthas00.ogg	2d53c847a8fb50fad39e790253964625	44533
mods/heroes.stormmod/enus.stormassets/localizeddata/sounds/vo/kerriganghost_killkerrigan00.fxe	afe954c5225507361ddf8eabf6b45f4f	1459
mods/heroes.stormmod/enus.stormassets/localizeddata/sounds/vo/kerriganghost_killkerrigan00.ogg	c71b7871be44c08d5bcea7159b54faf0	27562
mods/heroes.stormmod/enus.stormassets/localizeddata/sounds/vo/kerriganghost_killleoric00.fxe	668278432f1d97462bb4f186d379c508	2241
mods/heroes.stormmod/enus.stormassets/localizeddata/sounds/vo/kerriganghost_killleoric00.ogg	df94d797eb5005315fa424f856987ebf	43383
mods/heroes.stormmod/enus.stormassets/localizeddata/sounds/vo/kerriganghost_killnova00.fxe	4c56f0b074970cd67cc7eb25c9ca9b76	2063
mods/heroes.stormmod/enus.stormassets/localizeddata/sounds/vo/kerriganghost_killnova00.ogg	03d9f670b2ebd9de6bfef840bb09fcf6	36117
mods/heroes.stormmod/enus.stormassets/localizeddata/sounds/vo/kerriganghost_killprotoss00.fxe	9fcd822162a025442daeb368aca83aba	2738
mods/heroes.stormmod/enus.stormassets/localizeddata/sounds/vo/kerriganghost_killprotoss00.ogg	ad25d1c0a825f9b771db05667c745c8d	61464
mods/heroes.stormmod/enus.stormassets/localizeddata/sounds/vo/kerriganghost_killraynor00.fxe	8f70ae45d41614ba8d75ea2d6b20c9ab	1825
mods/heroes.stormmod/enus.stormassets/localizeddata/sounds/vo/kerriganghost_killraynor00.ogg	d2d869c1e4fad82e67992aec0f4a1fee	41007
mods/heroes.stormmod/enus.stormassets/localizeddata/sounds/vo/kerriganghost_killspreeend00.fxe	48ea42989f69388dfe4b8422ac419194	1203
mods/heroes.stormmod/enus.stormassets/localizeddata/sounds/vo/kerriganghost_killspreeend00.ogg	5b83409979e52fd59d211f8afababb48	34765
mods/heroes.stormmod/enus.stormassets/localizeddata/sounds/vo/kerriganghost_killsylvanas00.fxe	e2c83fbc8f00ebc69c22f1bc2cf5fa74	2755
mods/heroes.stormmod/enus.stormassets/localizeddata/sounds/vo/kerriganghost_killsylvanas00.ogg	2111b73bcb6cc1e01163e87241d140fb	49213
mods/heroes.stormmod/enus.stormassets/localizeddata/sounds/vo/kerriganghost_killterran00.fxe	8ce05cf6fafbc80e7d351a0560dee760	2945
mods/heroes.stormmod/enus.stormassets/localizeddata/sounds/vo/kerriganghost_killterran00.ogg	1f9ca6fc15165c8b11a0383e8135b9a0	49587
mods/heroes.stormmod/enus.stormassets/localizeddata/sounds/vo/kerriganghost_killzeratul00.fxe	4a4c4576c0ad5498b680d6ba2d42efcd	1154
mods/heroes.stormmod/enus.stormassets/localizeddata/sounds/vo/kerriganghost_killzeratul00.ogg	f0e36cc3d43dc45b568b5245e020de57	27659
mods/heroes.stormmod/enus.stormassets/localizeddata/sounds/vo/kerriganghost_killzerg00.fxe	001c835792794f6a3253373f84cfee4c	2255
mods/heroes.stormmod/enus.stormassets/localizeddata/sounds/vo/kerriganghost_killzerg00.ogg	f8e8e5b91dae879b13413bd9d261252c	38986
mods/heroes.stormmod/enus.stormassets/localizeddata/sounds/vo/kerriganghost_laugh00.fxe	61da5be0f11c2ec1523e83882988aeb5	2332
mods/heroes.stormmod/enus.stormassets/localizeddata/sounds/vo/kerriganghost_laugh00.ogg	981db213ae6a03d410acff4314894a23	39457
mods/heroes.stormmod/enus.stormassets/localizeddata/sounds/vo/kerriganghost_laugh01.fxe	95e533ccb1cb9a372276c0fe3da31982	1628
mods/heroes.stormmod/enus.stormassets/localizeddata/sounds/vo/kerriganghost_laugh01.ogg	ba85fb589f380c053064c21704ec49ea	26739
mods/heroes.stormmod/enus.stormassets/localizeddata/sounds/vo/kerriganghost_laugh02.fxe	2a67efbfb337e03124b81253c0a66dd0	1836
mods/heroes.stormmod/enus.stormassets/localizeddata/sounds/vo/kerriganghost_laugh02.ogg	a717c629640f1cb9aa60763b1d54f7a9	32573
mods/heroes.stormmod/enus.stormassets/localizeddata/sounds/vo/kerriganghost_laugh03.fxe	a8561b589f74d6cd047f6907c738b4a8	1980
mods/heroes.stormmod/enus.stormassets/localizeddata/sounds/vo/kerriganghost_laugh03.ogg	7513eed444526a9664f565303b28e27f	33277
mods/heroes.stormmod/enus.stormassets/localizeddata/sounds/vo/kerriganghost_laugh04.fxe	bf0dff9a3cbb69b070512d97ebc02a6d	1548
mods/heroes.stormmod/enus.stormassets/localizeddata/sounds/vo/kerriganghost_laugh04.ogg	86b093f42e49e7bbacc8600477a03634	31890
mods/heroes.stormmod/enus.stormassets/localizeddata/sounds/vo/kerriganghost_laugh05.fxe	179256b6a0dd0d86964e30794318aae3	1996
mods/heroes.stormmod/enus.stormassets/localizeddata/sounds/vo/kerriganghost_laugh05.ogg	65a96e2bf0acc3d9ea925da4bc9d2536	34429
mods/heroes.stormmod/enus.stormassets/localizeddata/sounds/vo/kerriganghost_laugh06.fxe	72fb03479ef285e08fd136ef797a1997	2492
mods/heroes.stormmod/enus.stormassets/localizeddata/sounds/vo/kerriganghost_laugh06.ogg	760e91a2f7b114d6ee7dc1e0deba4ef7	39032
mods/heroes.stormmod/enus.stormassets/localizeddata/sounds/vo/kerriganghost_laugh07.fxe	1d9a78a3d02f069d0cc80259b3a37b82	1532
mods/heroes.stormmod/enus.stormassets/localizeddata/sounds/vo/kerriganghost_laugh07.ogg	cea9e63d00b819e041291a26ec9d6771	33282
mods/heroes.stormmod/enus.stormassets/localizeddata/sounds/vo/kerriganghost_laugh08.fxe	9566f77b3f9498461e3f731eb0364d58	1964
mods/heroes.stormmod/enus.stormassets/localizeddata/sounds/vo/kerriganghost_laugh08.ogg	215802d6d5ee960970c2ee7db1952ce8	33495
mods/heroes.stormmod/enus.stormassets/localizeddata/sounds/vo/kerriganghost_laugh09.fxe	9603d15cb1f382253970dcd76f76f65e	2188
mods/heroes.stormmod/enus.stormassets/localizeddata/sounds/vo/kerriganghost_laugh09.ogg	f145cfc138e10c822fd4292e0434330b	38062
mods/heroes.stormmod/enus.stormassets/localizeddata/sounds/vo/kerriganghost_laugh10.fxe	d5a70d3b9de50d6493f4031d7cc3140a	2252
mods/heroes.stormmod/enus.stormassets/localizeddata/sounds/vo/kerriganghost_laugh10.ogg	e607f7a4963f7894761807c29d95a11b	43207
mods/heroes.stormmod/enus.stormassets/localizeddata/sounds/vo/kerriganghost_laugh11.fxe	c73a3ccf7fcc94b1a0d97f6d2424e0fd	1884
mods/heroes.stormmod/enus.stormassets/localizeddata/sounds/vo/kerriganghost_laugh11.ogg	b705f5b57e8a700ca8e5b6076db1c820	35589
mods/heroes.stormmod/enus.stormassets/localizeddata/sounds/vo/kerriganghost_lowlifeheal00.fxe	7f9977b75a9a04ea3a2cf61ce62eb589	1922
mods/heroes.stormmod/enus.stormassets/localizeddata/sounds/vo/kerriganghost_lowlifeheal00.ogg	8c8b4b0dd6c90339aced13d817648f4c	43389
mods/heroes.stormmod/enus.stormassets/localizeddata/sounds/vo/kerriganghost_lowlifeheal01.fxe	cf96ca6801b4c52a148a8d6c86aa5b6e	1122
mods/heroes.stormmod/enus.stormassets/localizeddata/sounds/vo/kerriganghost_lowlifeheal01.ogg	888c6711d7f4962cf22b678dec18ae2e	25923
mods/heroes.stormmod/enus.stormassets/localizeddata/sounds/vo/kerriganghost_lowlifeheal02.fxe	d073db177b4ee1dafabdb636e850b522	2530
mods/heroes.stormmod/enus.stormassets/localizeddata/sounds/vo/kerriganghost_lowlifeheal02.ogg	30f22b5e675993a70a67037bbe6f5a38	52464
mods/heroes.stormmod/enus.stormassets/localizeddata/sounds/vo/kerriganghost_lowmana00.fxe	605b2332eb25f6cc56ac307a7434e9b8	1982
mods/heroes.stormmod/enus.stormassets/localizeddata/sounds/vo/kerriganghost_lowmana00.ogg	2c0e2b5ad449cc5f5b9104d05d09ddf9	39579
mods/heroes.stormmod/enus.stormassets/localizeddata/sounds/vo/kerriganghost_lowmana01.fxe	1dc6d158a14b1c5670b6b03a306a9f91	1550
mods/heroes.stormmod/enus.stormassets/localizeddata/sounds/vo/kerriganghost_lowmana01.ogg	5a124aa8a36bf1682ca85579ef2273cb	30610
mods/heroes.stormmod/enus.stormassets/localizeddata/sounds/vo/kerriganghost_lowmana02.fxe	8e6457e3c0ce6d1e8d5e488fd433a194	2142
mods/heroes.stormmod/enus.stormassets/localizeddata/sounds/vo/kerriganghost_lowmana02.ogg	83afeb593861cd11e5590c44152b990d	43513
mods/heroes.stormmod/enus.stormassets/localizeddata/sounds/vo/kerriganghost_matchend00.ogg	b73dc2045b846d38792db78df12528cd	28500
mods/heroes.stormmod/enus.stormassets/localizeddata/sounds/vo/kerriganghost_no00.fxe	d197b3b64eca187bd84f957cad71bbc6	1033
mods/heroes.stormmod/enus.stormassets/localizeddata/sounds/vo/kerriganghost_no00.ogg	d1648721a67469eff7f648b54bf76057	20416
mods/heroes.stormmod/enus.stormassets/localizeddata/sounds/vo/kerriganghost_no01.fxe	c9d2dbcc1dcd6b88bb9e57cd426293a1	1657
mods/heroes.stormmod/enus.stormassets/localizeddata/sounds/vo/kerriganghost_no01.ogg	dba7e9c896ef097f7f0f481477065ef2	29392
mods/heroes.stormmod/enus.stormassets/localizeddata/sounds/vo/kerriganghost_no02.fxe	6cf014c389e12c054786af097a276cc6	953
mods/heroes.stormmod/enus.stormassets/localizeddata/sounds/vo/kerriganghost_no02.ogg	7821b71d69ed24bb1ee66a3cd24e8e48	37615
mods/heroes.stormmod/enus.stormassets/localizeddata/sounds/vo/kerriganghost_ping_assisthero00.fxe	325a2d379e590dc4bd436b8186cfcadc	2326
mods/heroes.stormmod/enus.stormassets/localizeddata/sounds/vo/kerriganghost_ping_assisthero00.ogg	a3f3bd6f0fbcb9ec92aeb99b721d05a8	46335
mods/heroes.stormmod/enus.stormassets/localizeddata/sounds/vo/kerriganghost_ping_assistme00.fxe	37defa4a5b18227b068003dbe477283c	2004
mods/heroes.stormmod/enus.stormassets/localizeddata/sounds/vo/kerriganghost_ping_assistme00.ogg	b0da87558028e849a07dc0c92b3e0ca8	50558
mods/heroes.stormmod/enus.stormassets/localizeddata/sounds/vo/kerriganghost_ping_assistme01.fxe	949f95ef34798526c5446a06361dad50	2212
mods/heroes.stormmod/enus.stormassets/localizeddata/sounds/vo/kerriganghost_ping_assistme01.ogg	675b47fc56215f4be9fe546ffbd82ec2	46085
mods/heroes.stormmod/enus.stormassets/localizeddata/sounds/vo/kerriganghost_ping_attackcastle00.fxe	eb3b7a35d0414e540cc1ef29955da068	2072
mods/heroes.stormmod/enus.stormassets/localizeddata/sounds/vo/kerriganghost_ping_attackcastle00.ogg	df751d7177e0846351f7a4269cf1065b	35106
mods/heroes.stormmod/enus.stormassets/localizeddata/sounds/vo/kerriganghost_ping_attackmerc00.fxe	c0e034e74ab232f70b307ec92c91ee54	1974
mods/heroes.stormmod/enus.stormassets/localizeddata/sounds/vo/kerriganghost_ping_attackmerc00.ogg	62858aa3d0771d8cd2930d6521be5bb6	40785
mods/heroes.stormmod/enus.stormassets/localizeddata/sounds/vo/kerriganghost_ping_attackoutpost00.fxe	2ffdf4243e2860cee45f7d7468ace550	2041
mods/heroes.stormmod/enus.stormassets/localizeddata/sounds/vo/kerriganghost_ping_attackoutpost00.ogg	6d68a653c8f691e8a38c8636700b8d41	38349
mods/heroes.stormmod/enus.stormassets/localizeddata/sounds/vo/kerriganghost_ping_attacktower00.fxe	4ec5973c808a86a08475532a66ee1fc1	2327
mods/heroes.stormmod/enus.stormassets/localizeddata/sounds/vo/kerriganghost_ping_attacktower00.ogg	5b416f188b75df5bca2401cc07e622d8	38238
mods/heroes.stormmod/enus.stormassets/localizeddata/sounds/vo/kerriganghost_ping_defendcastle00.fxe	30a4abafcc1afc8f315bffc53839235b	1624
mods/heroes.stormmod/enus.stormassets/localizeddata/sounds/vo/kerriganghost_ping_defendcastle00.ogg	7b99b34c76f5df24ed0ec7a42c173470	31699
mods/heroes.stormmod/enus.stormassets/localizeddata/sounds/vo/kerriganghost_ping_defendoutpost00.fxe	f737c49c8498ae6aa3db7bdd489b8b4a	1673
mods/heroes.stormmod/enus.stormassets/localizeddata/sounds/vo/kerriganghost_ping_defendoutpost00.ogg	4d3d038a24edd7b4ab7ca9998ad9ef3d	31590
mods/heroes.stormmod/enus.stormassets/localizeddata/sounds/vo/kerriganghost_ping_defendtower00.fxe	20f09b526c1e6e6ff432da0f8db375fc	2231
mods/heroes.stormmod/enus.stormassets/localizeddata/sounds/vo/kerriganghost_ping_defendtower00.ogg	1a7f781caae558ca0c76a3c45c4fc905	45155
mods/heroes.stormmod/enus.stormassets/localizeddata/sounds/vo/kerriganghost_ping_killhero00.fxe	da252d5a99deb073faa274c48f4285fb	2180
mods/heroes.stormmod/enus.stormassets/localizeddata/sounds/vo/kerriganghost_ping_killhero00.ogg	aea90560e16462ec6594f93066e18816	41158
mods/heroes.stormmod/enus.stormassets/localizeddata/sounds/vo/kerriganghost_pissed00.fxe	73cc591d3387de6eb4debce7a2e23d13	1973
mods/heroes.stormmod/enus.stormassets/localizeddata/sounds/vo/kerriganghost_pissed00.ogg	caa7a562e61ab390506636b6a47f0ef6	35309
mods/heroes.stormmod/enus.stormassets/localizeddata/sounds/vo/kerriganghost_pissed01.fxe	b899d9444ac7b5b7a1c483df948c955a	1045
mods/heroes.stormmod/enus.stormassets/localizeddata/sounds/vo/kerriganghost_pissed01.ogg	db4cdb6b22b67217414ac7d9879fe5ff	23995
mods/heroes.stormmod/enus.stormassets/localizeddata/sounds/vo/kerriganghost_pissed02.fxe	13e6a44abe24dcf659d4a141533a82ac	2757
mods/heroes.stormmod/enus.stormassets/localizeddata/sounds/vo/kerriganghost_pissed02.ogg	81dcb7681548fa406b6df370b9d7e6fd	93616
mods/heroes.stormmod/enus.stormassets/localizeddata/sounds/vo/kerriganghost_pissed03.fxe	2d67618eb4ebaa679769938a84336ddb	1525
mods/heroes.stormmod/enus.stormassets/localizeddata/sounds/vo/kerriganghost_pissed03.ogg	335f5c0f74c656968dc425cf3b8d5c87	42035
mods/heroes.stormmod/enus.stormassets/localizeddata/sounds/vo/kerriganghost_pissed04.fxe	212facc854ab55bff0003ef1ae75a5d6	4309
mods/heroes.stormmod/enus.stormassets/localizeddata/sounds/vo/kerriganghost_pissed04.ogg	bf4e219ee89075a265fd92386b0f71f2	99399
mods/heroes.stormmod/enus.stormassets/localizeddata/sounds/vo/kerriganghost_pissed05.fxe	27e3a91f67a28e0466b4e57cf3fcb2d8	1925
mods/heroes.stormmod/enus.stormassets/localizeddata/sounds/vo/kerriganghost_pissed05.ogg	aeca1116634cf5f2b7f93f0dbc96e40d	58720
mods/heroes.stormmod/enus.stormassets/localizeddata/sounds/vo/kerriganghost_pissed06.fxe	706e99304a997a6916d73f427f51a5b4	3605
mods/heroes.stormmod/enus.stormassets/localizeddata/sounds/vo/kerriganghost_pissed06.ogg	fcca5667462e5f7b3382bef7028ac518	97743
mods/heroes.stormmod/enus.stormassets/localizeddata/sounds/vo/kerriganghost_pissed07.fxe	14d8168378d67ec397a7305949cdc9cd	5653
mods/heroes.stormmod/enus.stormassets/localizeddata/sounds/vo/kerriganghost_pissed07.ogg	87b7952ee4fe17547a832e4d88b96703	161230
mods/heroes.stormmod/enus.stormassets/localizeddata/sounds/vo/kerriganghost_pissed08.fxe	fd07935b243bc0cc14cedfcd9bcb4336	3637
mods/heroes.stormmod/enus.stormassets/localizeddata/sounds/vo/kerriganghost_pissed08.ogg	e2323283ec2b8cbefe4d6e6b75735be3	96945
mods/heroes.stormmod/enus.stormassets/localizeddata/sounds/vo/kerriganghost_pissed09.fxe	1c3710a6037688f593f0eab60c2481a6	3429
mods/heroes.stormmod/enus.stormassets/localizeddata/sounds/vo/kerriganghost_pissed09.ogg	fe4192938e5fc6205310a85137a5e605	105526
mods/heroes.stormmod/enus.stormassets/localizeddata/sounds/vo/kerriganghost_pissed10.fxe	b5156af659e6f4ea68b2bb843b233e5b	5445
mods/heroes.stormmod/enus.stormassets/localizeddata/sounds/vo/kerriganghost_pissed10.ogg	a014a34571b308de55529a28c63a8dd6	179139
mods/heroes.stormmod/enus.stormassets/localizeddata/sounds/vo/kerriganghost_pissed11.fxe	79414730ece19546034c131cb97dfa6e	3333
mods/heroes.stormmod/enus.stormassets/localizeddata/sounds/vo/kerriganghost_pissed11.ogg	11c1c2f69a7e472ae1be820856563166	119034
mods/heroes.stormmod/enus.stormassets/localizeddata/sounds/vo/kerriganghost_pissed12.fxe	695d6bb55440d48181f53f29af15f55b	3653
mods/heroes.stormmod/enus.stormassets/localizeddata/sounds/vo/kerriganghost_pissed12.ogg	334030fae372580366f99b547d7c5a0f	120574
mods/heroes.stormmod/enus.stormassets/localizeddata/sounds/vo/kerriganghost_pissed13.fxe	a4660f1c3c5efc0c1fcf9041f26dcf16	2149
mods/heroes.stormmod/enus.stormassets/localizeddata/sounds/vo/kerriganghost_pissed13.ogg	46c6defea8bee239de57cf30db79cc52	64805
mods/heroes.stormmod/enus.stormassets/localizeddata/sounds/vo/kerriganghost_pissed14.fxe	be9eca7584837ca58ce5c2b053000767	5429
mods/heroes.stormmod/enus.stormassets/localizeddata/sounds/vo/kerriganghost_pissed14.ogg	65d3eec0a4d90942eab19d4c9dadd0d4	226914
mods/heroes.stormmod/enus.stormassets/localizeddata/sounds/vo/kerriganghost_resurrected00.fxe	07f4f02f92dfd0962be01f58da5c5c9d	2178
mods/heroes.stormmod/enus.stormassets/localizeddata/sounds/vo/kerriganghost_resurrected00.ogg	9269c289253147e8c4988ab0463018a4	56194
mods/heroes.stormmod/enus.stormassets/localizeddata/sounds/vo/kerriganghost_resurrected01.fxe	31d8245e6034e1f725b16177f228de4a	1570
mods/heroes.stormmod/enus.stormassets/localizeddata/sounds/vo/kerriganghost_resurrected01.ogg	9f349fdf36d2967e4e526e3b237c5abd	35682
mods/heroes.stormmod/enus.stormassets/localizeddata/sounds/vo/kerriganghost_revive00.fxe	89492898765c7e7f9ae5fa5fe94892f0	2573
mods/heroes.stormmod/enus.stormassets/localizeddata/sounds/vo/kerriganghost_revive00.ogg	f3d7855cb6fd6bc75a616831f7ab87ec	62268
mods/heroes.stormmod/enus.stormassets/localizeddata/sounds/vo/kerriganghost_revive01.fxe	a800310945726edf6da316007c57715f	1549
mods/heroes.stormmod/enus.stormassets/localizeddata/sounds/vo/kerriganghost_revive01.ogg	e31521a036a7074a546f85011e689280	31469
mods/heroes.stormmod/enus.stormassets/localizeddata/sounds/vo/kerriganghost_revive02.fxe	bc9252cd275cc777c4f718c4d87dbf59	1485
mods/heroes.stormmod/enus.stormassets/localizeddata/sounds/vo/kerriganghost_revive02.ogg	7ef524b61bf1db8c49f9baaa418db674	29538
mods/heroes.stormmod/enus.stormassets/localizeddata/sounds/vo/kerriganghost_revive03.fxe	f9533a417236b995da1632964b3303ee	2221
mods/heroes.stormmod/enus.stormassets/localizeddata/sounds/vo/kerriganghost_revive03.ogg	3bd0a9d1cf72ea21640c7c77ea684fb5	36704
mods/heroes.stormmod/enus.stormassets/localizeddata/sounds/vo/kerriganghost_social_thanks00.fxe	85750b12c7765ad88c4148d83dd3eb9d	1076
mods/heroes.stormmod/enus.stormassets/localizeddata/sounds/vo/kerriganghost_social_thanks00.ogg	d0c54f750d8ec2731bc4053a5ee94efc	28787
mods/heroes.stormmod/enus.stormassets/localizeddata/sounds/vo/kerriganghost_spec00.fxe	deaba88d7d58f1f0dab10409d7e9a335	1563
mods/heroes.stormmod/enus.stormassets/localizeddata/sounds/vo/kerriganghost_spec00.ogg	5ca4139a53016517a5cdabee6dc6af29	32103
mods/heroes.stormmod/enus.stormassets/localizeddata/sounds/vo/kerriganghost_spec01.fxe	055b170314fc18451e64704f93bd62fa	1627
mods/heroes.stormmod/enus.stormassets/localizeddata/sounds/vo/kerriganghost_spec01.ogg	f7c4c27afe4d307a2d7eb93878b21f61	31062
mods/heroes.stormmod/enus.stormassets/localizeddata/sounds/vo/kerriganghost_spec02.fxe	957ccda8818b0b2ec503b8a024e614ee	2523
mods/heroes.stormmod/enus.stormassets/localizeddata/sounds/vo/kerriganghost_spec02.ogg	1ae45d965e531700c570c936c907bc11	52287
mods/heroes.stormmod/enus.stormassets/localizeddata/sounds/vo/kerriganghost_spec03.fxe	285c3b8bf7ba8e8bf6a4052ecd4f1764	1099
mods/heroes.stormmod/enus.stormassets/localizeddata/sounds/vo/kerriganghost_spec03.ogg	e9bf63328efc168be8a8d2aea730e188	25942
mods/heroes.stormmod/enus.stormassets/localizeddata/sounds/vo/kerriganghost_spec04.fxe	30b1331f278c11e3518413f9e3f4b4c1	2059
mods/heroes.stormmod/enus.stormassets/localizeddata/sounds/vo/kerriganghost_spec04.ogg	4baee927137d15470df34bf34c3cf5ac	37593
mods/heroes.stormmod/enus.stormassets/localizeddata/sounds/vo/kerriganghost_taunt00.fxe	5472f60434d10d2a75df45772c0caf83	2108
mods/heroes.stormmod/enus.stormassets/localizeddata/sounds/vo/kerriganghost_taunt00.ogg	d5192d583cdc0cac7cfe305475bcdfec	42706
mods/heroes.stormmod/enus.stormassets/localizeddata/sounds/vo/kerriganghost_taunt01.fxe	a37c04bb945be0d82786e78c6df9a3c9	1468
mods/heroes.stormmod/enus.stormassets/localizeddata/sounds/vo/kerriganghost_taunt01.ogg	00c940b7551596c1cb70b1c091d5e4bf	35394
mods/heroes.stormmod/enus.stormassets/localizeddata/sounds/vo/kerriganghost_taunt02.fxe	59868d1f58a3cacf964c346efc70eb33	1884
mods/heroes.stormmod/enus.stormassets/localizeddata/sounds/vo/kerriganghost_taunt02.ogg	2663d6435fe7cd9a8d2f5f25e4b252a6	40663
mods/heroes.stormmod/enus.stormassets/localizeddata/sounds/vo/kerriganghost_teamkilled00.fxe	725545299564fdcd7d42c839c4257f2c	3409
mods/heroes.stormmod/enus.stormassets/localizeddata/sounds/vo/kerriganghost_teamkilled00.ogg	e74519f3fd52779d9aa719cea01a1eca	55223
mods/heroes.stormmod/enus.stormassets/localizeddata/sounds/vo/kerriganghost_ui_exlocked00.fxe	c3f261c064a74eea78912be193d3a8e4	1306
mods/heroes.stormmod/enus.stormassets/localizeddata/sounds/vo/kerriganghost_ui_exlocked00.ogg	399388c18a0571d387d229a3c0451944	30034
mods/heroes.stormmod/enus.stormassets/localizeddata/sounds/vo/kerriganghost_ui_expurchased00.fxe	8f9d43bc09f3f99fd97741d911356982	1261
mods/heroes.stormmod/enus.stormassets/localizeddata/sounds/vo/kerriganghost_ui_expurchased00.ogg	b077f0af04d7d72408a5c2cd9e4ceb18	27637
mods/heroes.stormmod/enus.stormassets/localizeddata/sounds/vo/kerriganghost_ui_gift00.fxe	1b7615f06ea2cbba04c59176bad62c12	2286
mods/heroes.stormmod/enus.stormassets/localizeddata/sounds/vo/kerriganghost_ui_gift00.ogg	2c7fafd926cb114fdf3449d8855aad1c	54246
mods/heroes.stormmod/enus.stormassets/localizeddata/sounds/vo/kerriganghost_ui_purchase00.fxe	40fe77a83229e24954166d597d68ab0f	1626
mods/heroes.stormmod/enus.stormassets/localizeddata/sounds/vo/kerriganghost_ui_purchase00.ogg	fa01efb7dba7bbec61836874f4767ba8	39921
mods/heroes.stormmod/enus.stormassets/localizeddata/sounds/vo/kerriganghost_ui_trial00.fxe	15308052914221f345c5c4e02c55befa	3087
mods/heroes.stormmod/enus.stormassets/localizeddata/sounds/vo/kerriganghost_ui_trial00.ogg	a9eca86adcee64c4a20891e227df815c	63590
mods/heroes.stormmod/enus.stormassets/localizeddata/sounds/vo/kerriganghost_ui_trial01.fxe	f24598db736fa3345e2e229d68d4d3dc	3087
mods/heroes.stormmod/enus.stormassets/localizeddata/sounds/vo/kerriganghost_ui_trial01.ogg	92696a31e9de3621546c5c027b7d4dc4	68875
mods/heroes.stormmod/enus.stormassets/localizeddata/sounds/vo/kerriganghost_ui_waitlocked00.fxe	b7124f7a4606bbd3ebf9c16dafcf3f8b	2204
mods/heroes.stormmod/enus.stormassets/localizeddata/sounds/vo/kerriganghost_ui_waitlocked00.ogg	003567ecdc8a7ea0af3e59e6f49cde86	60265
mods/heroes.stormmod/enus.stormassets/localizeddata/sounds/vo/kerriganghost_ui_waitlocked01.fxe	bbf8d304b8cbecc7cc1912c222c518d0	1708
mods/heroes.stormmod/enus.stormassets/localizeddata/sounds/vo/kerriganghost_ui_waitlocked01.ogg	60cd03af717f0816360f06f62f9eb20b	32079
mods/heroes.stormmod/enus.stormassets/localizeddata/sounds/vo/kerriganghost_ui_waitpurchased00.fxe	3da167150c9d1b340df3fa13cb9bf60e	2927
mods/heroes.stormmod/enus.stormassets/localizeddata/sounds/vo/kerriganghost_ui_waitpurchased00.ogg	9eb29b304f7e8da88c9d2f4da6bc90ca	83530
mods/heroes.stormmod/enus.stormassets/localizeddata/sounds/vo/kerriganghost_ui_waitpurchased01.fxe	c2b13219577c4847627535cfc9b6e129	1503
mods/heroes.stormmod/enus.stormassets/localizeddata/sounds/vo/kerriganghost_ui_waitpurchased01.ogg	a0782833fc9a6e10d27248ac6868541d	37486
mods/heroes.stormmod/enus.stormassets/localizeddata/sounds/vo/kerriganghost_ultimate1used00.fxe	1a67008bec91cdad50a60e5e6e0fa614	2084
mods/heroes.stormmod/enus.stormassets/localizeddata/sounds/vo/kerriganghost_ultimate1used00.ogg	85f9551dd95afba34e3f05ce355f7e97	45836
mods/heroes.stormmod/enus.stormassets/localizeddata/sounds/vo/kerriganghost_ultimate1used01.fxe	72f794f5a127b2fae54811a94fbb95c5	1556
mods/heroes.stormmod/enus.stormassets/localizeddata/sounds/vo/kerriganghost_ultimate1used01.ogg	5b92b8dd5adbeae05715a1d3b26efdb6	28915
mods/heroes.stormmod/enus.stormassets/localizeddata/sounds/vo/kerriganghost_ultimate1used02.fxe	91552b70894de78f96cba08deaa53c3a	1748
mods/heroes.stormmod/enus.stormassets/localizeddata/sounds/vo/kerriganghost_ultimate1used02.ogg	5c05f4f858e9147645a574514f4e155b	32174
mods/heroes.stormmod/enus.stormassets/localizeddata/sounds/vo/kerriganghost_ultimate2used00.fxe	f08187da2f2a9603cc265795e893f54e	1988
mods/heroes.stormmod/enus.stormassets/localizeddata/sounds/vo/kerriganghost_ultimate2used00.ogg	b7aa5381964b563c32829f208cabee89	42468
mods/heroes.stormmod/enus.stormassets/localizeddata/sounds/vo/kerriganghost_ultimate2used01.fxe	35173a8a18ab63ad934c065dfc42cf23	1764
mods/heroes.stormmod/enus.stormassets/localizeddata/sounds/vo/kerriganghost_ultimate2used01.ogg	2a37c32dc686e8cd755a2b583b21b038	40279
mods/heroes.stormmod/enus.stormassets/localizeddata/sounds/vo/kerriganghost_ultimate2used02.fxe	a72f20447f1665183cce2c09ad32c1e7	1732
mods/heroes.stormmod/enus.stormassets/localizeddata/sounds/vo/kerriganghost_ultimate2used02.ogg	ec0120dcc0af9b05ab3403fb72e02005	45628
mods/heroes.stormmod/enus.stormassets/localizeddata/sounds/vo/kerriganghost_voicelinefive00.ogg	7821b71d69ed24bb1ee66a3cd24e8e48	37615
mods/heroes.stormmod/enus.stormassets/localizeddata/sounds/vo/kerriganghost_voicelinefour00.ogg	ce101089ed7c05bfa633d6735459b3df	37446
mods/heroes.stormmod/enus.stormassets/localizeddata/sounds/vo/kerriganghost_voicelineone00.ogg	62c144e1670af30ed085d9e519c4a69d	28185
mods/heroes.stormmod/enus.stormassets/localizeddata/sounds/vo/kerriganghost_voicelinethree00.ogg	af6f15cdf1f3421d1e6848e713d7d7d2	31520
mods/heroes.stormmod/enus.stormassets/localizeddata/sounds/vo/kerriganghost_voicelinetwo00.ogg	7ef524b61bf1db8c49f9baaa418db674	29538
mods/heroes.stormmod/enus.stormassets/localizeddata/sounds/vo/kerriganghost_vox_attack01.fxe	cba85642609dcc865089072fdb924030	657
mods/heroes.stormmod/enus.stormassets/localizeddata/sounds/vo/kerriganghost_vox_attack01.ogg	77b071e6b3c0dff3f51eabe94488033a	12140
mods/heroes.stormmod/enus.stormassets/localizeddata/sounds/vo/kerriganghost_vox_attack02.fxe	250cf92ba9b1b638dc90e730bf0ee679	1041
mods/heroes.stormmod/enus.stormassets/localizeddata/sounds/vo/kerriganghost_vox_attack02.ogg	a7cbc5ffd7f3fd7b37a72d1d299e10c4	16118
mods/heroes.stormmod/enus.stormassets/localizeddata/sounds/vo/kerriganghost_vox_attack04.fxe	b622566ad3d5eef3b318e2a6b007d7fe	1201
mods/heroes.stormmod/enus.stormassets/localizeddata/sounds/vo/kerriganghost_vox_attack04.ogg	317626292eb2a6aacef52ef01d463dc0	12965
mods/heroes.stormmod/enus.stormassets/localizeddata/sounds/vo/kerriganghost_vox_attack05.fxe	b667b4bbf5c64dfa6bf55bfaa41d16ca	1393
mods/heroes.stormmod/enus.stormassets/localizeddata/sounds/vo/kerriganghost_vox_attack05.ogg	f5bb58d8b2d105d3fbd7e0531423ba81	13235
mods/heroes.stormmod/enus.stormassets/localizeddata/sounds/vo/kerriganghost_vox_attack06.fxe	979b42bc2fb84103e7979e6b39cff175	657
mods/heroes.stormmod/enus.stormassets/localizeddata/sounds/vo/kerriganghost_vox_attack06.ogg	20e72572f8c3b8a1363f1414989b4876	8510
mods/heroes.stormmod/enus.stormassets/localizeddata/sounds/vo/kerriganghost_vox_attack07.fxe	fc1d89631ea7a6bac44ad627a41a8334	945
mods/heroes.stormmod/enus.stormassets/localizeddata/sounds/vo/kerriganghost_vox_attack07.ogg	f5219f52ae389914db0ce1c974379dcf	14274
mods/heroes.stormmod/enus.stormassets/localizeddata/sounds/vo/kerriganghost_vox_attack08.fxe	d19c6b51310c577dbff294d0dc3624ff	1345
mods/heroes.stormmod/enus.stormassets/localizeddata/sounds/vo/kerriganghost_vox_attack08.ogg	7aefc7b8602467e0600c966e33ff005c	14994
mods/heroes.stormmod/enus.stormassets/localizeddata/sounds/vo/kerriganghost_vox_attack09.fxe	82e8c1340a6437eacd52acee84d5a33c	657
mods/heroes.stormmod/enus.stormassets/localizeddata/sounds/vo/kerriganghost_vox_attack09.ogg	bb52ea1c35a38720b356ccd5a0e1a261	10253
mods/heroes.stormmod/enus.stormassets/localizeddata/sounds/vo/kerriganghost_vox_attack10.fxe	890b0f8b36ab934803631be34c74a3ea	1201
mods/heroes.stormmod/enus.stormassets/localizeddata/sounds/vo/kerriganghost_vox_attack10.ogg	3c00a778c7557f026124e56cf90a7acf	16773
mods/heroes.stormmod/enus.stormassets/localizeddata/sounds/vo/kerriganghost_vox_attack11.fxe	e182e6ceb305cf6e8bd359ab47842616	1281
mods/heroes.stormmod/enus.stormassets/localizeddata/sounds/vo/kerriganghost_vox_attack11.ogg	b02a7be4bf15ae1a695dfdfe8aa052b6	14509
mods/heroes.stormmod/enus.stormassets/localizeddata/sounds/vo/kerriganghost_vox_attack12.fxe	13bf2daeff2f09a5d909d606e950d8dc	1361
mods/heroes.stormmod/enus.stormassets/localizeddata/sounds/vo/kerriganghost_vox_attack12.ogg	11eba2abc6a4a9a08ad5124c3a45a2ea	16711
mods/heroes.stormmod/enus.stormassets/localizeddata/sounds/vo/kerriganghost_vox_attack13.fxe	beeccdacc13c0d47536578664846adce	2033
mods/heroes.stormmod/enus.stormassets/localizeddata/sounds/vo/kerriganghost_vox_attack13.ogg	11673f218bec552ce61782e5dc40562c	31456
mods/heroes.stormmod/enus.stormassets/localizeddata/sounds/vo/kerriganghost_vox_casting01.fxe	778ddd2f6fbf3b9da3817b8eb89b0007	1458
mods/heroes.stormmod/enus.stormassets/localizeddata/sounds/vo/kerriganghost_vox_casting01.ogg	6ec25047ba1ae22f0dfa432b6155a86e	23885
mods/heroes.stormmod/enus.stormassets/localizeddata/sounds/vo/kerriganghost_vox_casting02.fxe	73ca43b8dcf8d57ff4336883346bb20d	1490
mods/heroes.stormmod/enus.stormassets/localizeddata/sounds/vo/kerriganghost_vox_casting02.ogg	22322b15d5afb171a4b8677cc708568a	18217
mods/heroes.stormmod/enus.stormassets/localizeddata/sounds/vo/kerriganghost_vox_casting03.fxe	8b7dd2b41c294558ed127ffdfdc02900	1362
mods/heroes.stormmod/enus.stormassets/localizeddata/sounds/vo/kerriganghost_vox_casting03.ogg	c756a11b6ddfa620463b92f9bdf8979d	20705
mods/heroes.stormmod/enus.stormassets/localizeddata/sounds/vo/kerriganghost_vox_casting04.fxe	1d15fd1fbdf83fe5cb2114c07d018c3c	1458
mods/heroes.stormmod/enus.stormassets/localizeddata/sounds/vo/kerriganghost_vox_casting04.ogg	435270b14f61c40d772911d58980544d	19547
mods/heroes.stormmod/enus.stormassets/localizeddata/sounds/vo/kerriganghost_vox_casting05.fxe	ba06d1bc887fab9b1bdc24da2b9bd03d	3218
mods/heroes.stormmod/enus.stormassets/localizeddata/sounds/vo/kerriganghost_vox_casting05.ogg	a1458c0619622d9094dd2c9f59856b13	48733
mods/heroes.stormmod/enus.stormassets/localizeddata/sounds/vo/kerriganghost_vox_casting06.fxe	67b38fc93efc1a2d5d8bb79c5b9d9e8b	1042
mods/heroes.stormmod/enus.stormassets/localizeddata/sounds/vo/kerriganghost_vox_casting06.ogg	51c0e4f4287d3cbe11e2a0ab7c90f160	16563
mods/heroes.stormmod/enus.stormassets/localizeddata/sounds/vo/kerriganghost_vox_casting07.fxe	e6d0ded6e7b58bd9e33b252cb6e54753	1154
mods/heroes.stormmod/enus.stormassets/localizeddata/sounds/vo/kerriganghost_vox_casting07.ogg	6fde4fe17b3e1bd0f12fc0b8c76ef838	17093
mods/heroes.stormmod/enus.stormassets/localizeddata/sounds/vo/kerriganghost_vox_casting08.fxe	00ad761be02973eefc761bc4d0af63ce	2082
mods/heroes.stormmod/enus.stormassets/localizeddata/sounds/vo/kerriganghost_vox_casting08.ogg	cd8577f47fc7b0d0ba14cdafc74ef9ca	30163
mods/heroes.stormmod/enus.stormassets/localizeddata/sounds/vo/kerriganghost_vox_casting09.fxe	22426963354cd486489ad74fadf19d66	2098
mods/heroes.stormmod/enus.stormassets/localizeddata/sounds/vo/kerriganghost_vox_casting09.ogg	da2c1986489d6083707dddb7c7730f4a	35628
mods/heroes.stormmod/enus.stormassets/localizeddata/sounds/vo/kerriganghost_vox_casting10.fxe	3ff0b995e61bcea7413677518710e061	1874
mods/heroes.stormmod/enus.stormassets/localizeddata/sounds/vo/kerriganghost_vox_casting10.ogg	bd4f16a935ba9a210638511b6e7cd081	32965
mods/heroes.stormmod/enus.stormassets/localizeddata/sounds/vo/kerriganghost_vox_casting11.fxe	63e98644e6d2045149cd20b1436d5397	1826
mods/heroes.stormmod/enus.stormassets/localizeddata/sounds/vo/kerriganghost_vox_casting11.ogg	2bf58551ea32fd1a9f6ab6538a9c7fae	30568
mods/heroes.stormmod/enus.stormassets/localizeddata/sounds/vo/kerriganghost_vox_casting12.fxe	2424a4be565ce58ffb3ecd33fe95c66f	2754
mods/heroes.stormmod/enus.stormassets/localizeddata/sounds/vo/kerriganghost_vox_casting12.ogg	a9c0d4678f96e0f4d9947a3a7ce588b8	50865
mods/heroes.stormmod/enus.stormassets/localizeddata/sounds/vo/kerriganghost_vox_casting13.fxe	77cd3d4e881bedee1ef426af3aaffa81	1778
mods/heroes.stormmod/enus.stormassets/localizeddata/sounds/vo/kerriganghost_vox_casting13.ogg	b2b01aba3bf4189cc19cef65d595d6d6	25924
mods/heroes.stormmod/enus.stormassets/localizeddata/sounds/vo/kerriganghost_vox_gethit01.fxe	a5ab7b2584112151e9ade42bcb15764d	1489
mods/heroes.stormmod/enus.stormassets/localizeddata/sounds/vo/kerriganghost_vox_gethit01.ogg	791fbdb57a49b3b3adb8e7d209c6ebc3	26290
mods/heroes.stormmod/enus.stormassets/localizeddata/sounds/vo/kerriganghost_vox_gethit02.fxe	c5b069b6242eeb8eb3557d6504a91a98	657
mods/heroes.stormmod/enus.stormassets/localizeddata/sounds/vo/kerriganghost_vox_gethit02.ogg	3619b900b82413e8c92b25f5f5295aad	10951
mods/heroes.stormmod/enus.stormassets/localizeddata/sounds/vo/kerriganghost_vox_gethit04.fxe	8c6d6226697eb662d87fcaefcdd96c13	657
mods/heroes.stormmod/enus.stormassets/localizeddata/sounds/vo/kerriganghost_vox_gethit04.ogg	5556278a6cba0262c68379a5675abf6c	11813
mods/heroes.stormmod/enus.stormassets/localizeddata/sounds/vo/kerriganghost_vox_gethit05.fxe	303667e8db2559ca6bcf283220ecf5a1	977
mods/heroes.stormmod/enus.stormassets/localizeddata/sounds/vo/kerriganghost_vox_gethit05.ogg	753d71f78ff6a3a2795d3e06dbd773d5	12889
mods/heroes.stormmod/enus.stormassets/localizeddata/sounds/vo/kerriganghost_vox_gethit06.fxe	a6992a1cd5f12116c9a0a55878056888	1153
mods/heroes.stormmod/enus.stormassets/localizeddata/sounds/vo/kerriganghost_vox_gethit06.ogg	4be05b0aa2b1f5b1fee8fa44da2529c4	14511
mods/heroes.stormmod/enus.stormassets/localizeddata/sounds/vo/kerriganghost_vox_gethit07.fxe	2b9785534e54dd9aad30aa84859e96a5	657
mods/heroes.stormmod/enus.stormassets/localizeddata/sounds/vo/kerriganghost_vox_gethit07.ogg	9fd532b651059a67147b8a17bb610f99	11646
mods/heroes.stormmod/enus.stormassets/localizeddata/sounds/vo/kerriganghost_vox_gethit08.fxe	dd1782af07ce71154778cea8537ff268	1361
mods/heroes.stormmod/enus.stormassets/localizeddata/sounds/vo/kerriganghost_vox_gethit08.ogg	6986b78c9563cd3cdbd78c4d7bde90c0	16973
mods/heroes.stormmod/enus.stormassets/localizeddata/sounds/vo/kerriganghost_vox_gethit09.fxe	2049021488bc6a1c24edde719633bdd5	1457
mods/heroes.stormmod/enus.stormassets/localizeddata/sounds/vo/kerriganghost_vox_gethit09.ogg	7da79439ae8c8862395cd92cadcce703	14479
mods/heroes.stormmod/enus.stormassets/localizeddata/sounds/vo/kerriganghost_vox_gethit10.fxe	3dee840278a4946d6e92b43e1594bffd	1121
mods/heroes.stormmod/enus.stormassets/localizeddata/sounds/vo/kerriganghost_vox_gethit10.ogg	904b72910861323979994b28f5206bfb	13402
mods/heroes.stormmod/enus.stormassets/localizeddata/sounds/vo/kerriganghost_vox_gethit11.fxe	6834ac7e75759da34846655a3b9c1939	1073
mods/heroes.stormmod/enus.stormassets/localizeddata/sounds/vo/kerriganghost_vox_gethit11.ogg	2d6a8735799e3a16cbc5e866aac5f38b	16498
mods/heroes.stormmod/enus.stormassets/localizeddata/sounds/vo/kerriganghost_vox_pulled01.fxe	625a6bc75f9b36095a041544af3a3489	1201
mods/heroes.stormmod/enus.stormassets/localizeddata/sounds/vo/kerriganghost_vox_pulled01.ogg	1b4d94c775a085dadc175c61f5f5532f	15795
mods/heroes.stormmod/enus.stormassets/localizeddata/sounds/vo/kerriganghost_vox_pulled03.fxe	b7cc4443990a2c1dcfa1bf67b6999243	1233
mods/heroes.stormmod/enus.stormassets/localizeddata/sounds/vo/kerriganghost_vox_pulled03.ogg	832bcae821e5f4ef50eeccdf51ee383d	18113
mods/heroes.stormmod/enus.stormassets/localizeddata/sounds/vo/kerriganghost_worthit00.fxe	665d5d9d5c1d2209082857984c6e81f8	2286
mods/heroes.stormmod/enus.stormassets/localizeddata/sounds/vo/kerriganghost_worthit00.ogg	a668ac88e41b57e096c4e5b55f521012	44837
mods/heroes.stormmod/enus.stormassets/localizeddata/sounds/vo/kerriganghost_worthit01.fxe	342685eb006fe07f54a56e3ea2c89336	1550
mods/heroes.stormmod/enus.stormassets/localizeddata/sounds/vo/kerriganghost_worthit01.ogg	32ba1f43dddf2c8505c4ba9a984e629f	32144
mods/heroes.stormmod/enus.stormassets/localizeddata/sounds/vo/kerriganghost_yes00.fxe	add08e582a4e3ba88e90538e7ec22e6b	1114
mods/heroes.stormmod/enus.stormassets/localizeddata/sounds/vo/kerriganghost_yes00.ogg	3bfa688808167f5193c213a2fbfe9161	23862
mods/heroes.stormmod/enus.stormassets/localizeddata/sounds/vo/kerriganghost_yes01.fxe	e4d40399b8e0547027628cf9fff05978	1514
mods/heroes.stormmod/enus.stormassets/localizeddata/sounds/vo/kerriganghost_yes01.ogg	29aa6807e8e0d4d898abc3efd57e043c	32340
mods/heroes.stormmod/enus.stormassets/localizeddata/sounds/vo/kerriganghost_yes02.fxe	1748b17238d92639d7e59056c2b50e38	1018
mods/heroes.stormmod/enus.stormassets/localizeddata/sounds/vo/kerriganghost_yes02.ogg	b36a7c9f23999cfd85e6af76137b09a6	23063
mods/heroes.stormmod/enus.stormassets/localizeddata/sounds/vo/kerriganghost_yes03.fxe	7a91915f2128acf3acd08cc2c96bb895	1162
mods/heroes.stormmod/enus.stormassets/localizeddata/sounds/vo/kerriganghost_yes03.ogg	978caa32cbd89c0cf20dec6a18e554aa	33717
mods/heroes.stormmod/enus.stormassets/localizeddata/sounds/vo/kerriganghost_yes04.fxe	43ed0377525ade61a209cdad71e68938	1082
mods/heroes.stormmod/enus.stormassets/localizeddata/sounds/vo/kerriganghost_yes04.ogg	4eed5c939cd5f61e81de68024c987866	23692
mods/heroes.stormmod/enus.stormassets/localizeddata/sounds/vo/kerriganghost_yes05.fxe	17d66ca32cd3bf9303c4cfa922a2fc9f	922
mods/heroes.stormmod/enus.stormassets/localizeddata/sounds/vo/kerriganghost_yes05.ogg	3e51f7f9a1a68f28ca2cf5ad187dae5f	18143
mods/heroes.stormmod/enus.stormassets/localizeddata/sounds/vo/kerriganghost_yes06.fxe	1130a2910bcccdada94af6f815c0ff1e	1098
mods/heroes.stormmod/enus.stormassets/localizeddata/sounds/vo/kerriganghost_yes06.ogg	420e061fdb6708e663188d0c48169814	27993
mods/heroes.stormmod/enus.stormassets/localizeddata/sounds/vo/kerriganghost_yes07.fxe	cb8d3af4aad6867fe761f1d96acd2554	986
mods/heroes.stormmod/enus.stormassets/localizeddata/sounds/vo/kerriganghost_yes07.ogg	ad98986480912ab28bcdf72ccd8aefbc	22419
mods/heroes.stormmod/enus.stormassets/localizeddata/sounds/vo/kerriganghost_yes08.fxe	402ffa99d7ad21220bbff18933afa10a	1290
mods/heroes.stormmod/enus.stormassets/localizeddata/sounds/vo/kerriganghost_yes08.ogg	2a89d016263b5c7b77c716ae8c15ab14	24000
