mods/heroes.stormmod/enus.stormassets/localizeddata/sounds/vo/lichking_ai_attack00.fxe	c07c849bf926de8c99cf7bcb46d51553	1977
mods/heroes.stormmod/enus.stormassets/localizeddata/sounds/vo/lichking_ai_attack00.ogg	b978086e8d416c3b30febe3318f4de7a	62886
mods/heroes.stormmod/enus.stormassets/localizeddata/sounds/vo/lichking_ai_attack01.fxe	6110cef990dd4f2b50afea849962af02	2729
mods/heroes.stormmod/enus.stormassets/localizeddata/sounds/vo/lichking_ai_attack01.ogg	da002ea07a0d37569e4930b472859c9b	73175
mods/heroes.stormmod/enus.stormassets/localizeddata/sounds/vo/lichking_ai_attack02.fxe	77e59c217d6717978be973d92416bf6d	2137
mods/heroes.stormmod/enus.stormassets/localizeddata/sounds/vo/lichking_ai_attack02.ogg	060c1deba1cdbfd39530d758365572b7	57214
mods/heroes.stormmod/enus.stormassets/localizeddata/sounds/vo/lichking_ai_caution00.fxe	4ee52025d5deb0715affc1c95b8cfc7a	1674
mods/heroes.stormmod/enus.stormassets/localizeddata/sounds/vo/lichking_ai_caution00.ogg	4c9bb49e746ee81508405195e782c4cf	48587
mods/heroes.stormmod/enus.stormassets/localizeddata/sounds/vo/lichking_ai_goodjob00.fxe	1cea6e1c74879c7067f0e2584da23d32	1370
mods/heroes.stormmod/enus.stormassets/localizeddata/sounds/vo/lichking_ai_goodjob00.ogg	816d963765b8cca57d2b195f31c0bab4	47957
mods/heroes.stormmod/enus.stormassets/localizeddata/sounds/vo/lichking_ai_goodjob01.fxe	6127c1dccc5ab59f7c7bea9464a8d3e6	1306
mods/heroes.stormmod/enus.stormassets/localizeddata/sounds/vo/lichking_ai_goodjob01.ogg	0c8ce04f7adf443a842c316ba3220deb	44584
mods/heroes.stormmod/enus.stormassets/localizeddata/sounds/vo/lichking_ai_heal00.fxe	588db603959937b6dec6c83bd277f67a	1719
mods/heroes.stormmod/enus.stormassets/localizeddata/sounds/vo/lichking_ai_heal00.ogg	fa699ecdb959196ee380743e3f3ff304	43422
mods/heroes.stormmod/enus.stormassets/localizeddata/sounds/vo/lichking_ai_heal01.fxe	06c55f0eae74b4713d7db90a312a1acb	1143
mods/heroes.stormmod/enus.stormassets/localizeddata/sounds/vo/lichking_ai_heal01.ogg	f8f6022f9a956b2f06ab4cfabf6faaa7	33028
mods/heroes.stormmod/enus.stormassets/localizeddata/sounds/vo/lichking_ai_onmyway00.fxe	82246418173d192badd6e356f65e9d90	1978
mods/heroes.stormmod/enus.stormassets/localizeddata/sounds/vo/lichking_ai_onmyway00.ogg	6282c94266af2442860d5eab9639f825	44103
mods/heroes.stormmod/enus.stormassets/localizeddata/sounds/vo/lichking_ai_onmyway01.fxe	5046956a6d23b7523679af3ed7847c13	1802
mods/heroes.stormmod/enus.stormassets/localizeddata/sounds/vo/lichking_ai_onmyway01.ogg	83ee69a5f66e5c0acc677eca069fb686	47163
mods/heroes.stormmod/enus.stormassets/localizeddata/sounds/vo/lichking_ai_retreat00.fxe	7c2b1efc78ee57460e4ab8ae4bafc010	1770
mods/heroes.stormmod/enus.stormassets/localizeddata/sounds/vo/lichking_ai_retreat00.ogg	3c65e7a067ddc38e3c87faba7abbe996	48186
mods/heroes.stormmod/enus.stormassets/localizeddata/sounds/vo/lichking_ai_retreat01.fxe	3ba83726a7fd029e7b4fd9e2b15ef156	2282
mods/heroes.stormmod/enus.stormassets/localizeddata/sounds/vo/lichking_ai_retreat01.ogg	456deb23e332a4ff837b2f3373707796	59641
mods/heroes.stormmod/enus.stormassets/localizeddata/sounds/vo/lichking_ai_uhoh00.fxe	f309e00a5a4f2c6d69ab61c6fb7385d6	1575
mods/heroes.stormmod/enus.stormassets/localizeddata/sounds/vo/lichking_ai_uhoh00.ogg	9757906cc18c72175c970d53bee7dbcc	37404
mods/heroes.stormmod/enus.stormassets/localizeddata/sounds/vo/lichking_ai_uhoh01.fxe	2c0e93c61984b6d4ad2fd40ad225fdfa	1415
mods/heroes.stormmod/enus.stormassets/localizeddata/sounds/vo/lichking_ai_uhoh01.ogg	4375d186c7144a6ad7b1688569bc8460	25997
mods/heroes.stormmod/enus.stormassets/localizeddata/sounds/vo/lichking_ai_uhoh02.fxe	1fd251968b78b4de0d4100097dc20ecf	823
mods/heroes.stormmod/enus.stormassets/localizeddata/sounds/vo/lichking_ai_uhoh02.ogg	d36a16d95475ee0b0a664c4c5b6ed15b	24418
mods/heroes.stormmod/enus.stormassets/localizeddata/sounds/vo/lichking_attack00.fxe	fbc2f7008d5f15700cb3ceda7a7a4384	1910
mods/heroes.stormmod/enus.stormassets/localizeddata/sounds/vo/lichking_attack00.ogg	3b3c251f8f0dc1e0433ecb9b26760926	56933
mods/heroes.stormmod/enus.stormassets/localizeddata/sounds/vo/lichking_attack01.fxe	0d079d0e890a5926b2aaf88681a5eda2	1910
mods/heroes.stormmod/enus.stormassets/localizeddata/sounds/vo/lichking_attack01.ogg	a9794acb8fd0d4bfa16b2eb9fe456a42	58523
mods/heroes.stormmod/enus.stormassets/localizeddata/sounds/vo/lichking_attack02.fxe	e010cd1fafc6974a1f56b9fa9ae7b733	1638
mods/heroes.stormmod/enus.stormassets/localizeddata/sounds/vo/lichking_attack02.ogg	bd5deb6bc38bf761c9c0c9f13b7e0ea0	52338
mods/heroes.stormmod/enus.stormassets/localizeddata/sounds/vo/lichking_attack03.fxe	0c3fe524ef63554ef8d57410a4f9b010	1846
mods/heroes.stormmod/enus.stormassets/localizeddata/sounds/vo/lichking_attack03.ogg	1b0533044dd0c5f3ed072e23929c46d2	62117
mods/heroes.stormmod/enus.stormassets/localizeddata/sounds/vo/lichking_attack04.fxe	d001870c2fabb65968250557f8d548ab	1382
mods/heroes.stormmod/enus.stormassets/localizeddata/sounds/vo/lichking_attack04.ogg	2b056e105b10e2dfb1111466a40569c3	60147
mods/heroes.stormmod/enus.stormassets/localizeddata/sounds/vo/lichking_attack05.fxe	82dabe0da3f37c82b7a89ce532017673	1702
mods/heroes.stormmod/enus.stormassets/localizeddata/sounds/vo/lichking_attack05.ogg	59251583db2fc24bf61dd3ebb4ae98f0	45859
mods/heroes.stormmod/enus.stormassets/localizeddata/sounds/vo/lichking_attack06.fxe	e2aaa67f9088192586b9ea530d96707c	1446
mods/heroes.stormmod/enus.stormassets/localizeddata/sounds/vo/lichking_attack06.ogg	43b4b8f2fbf224183afcceaee055302a	43740
mods/heroes.stormmod/enus.stormassets/localizeddata/sounds/vo/lichking_celebrate00.fxe	3ced8aafd34aeab7f289d8035513c53f	1177
mods/heroes.stormmod/enus.stormassets/localizeddata/sounds/vo/lichking_celebrate00.ogg	61567521310974d7ae93db9d10b09a06	30283
mods/heroes.stormmod/enus.stormassets/localizeddata/sounds/vo/lichking_celebrate01.fxe	bd3e61c1d67ed1f2d6a3ebfdafc3fb42	1737
mods/heroes.stormmod/enus.stormassets/localizeddata/sounds/vo/lichking_celebrate01.ogg	45cd2ec6a6ddc10f94c5791956b3249b	37507
mods/heroes.stormmod/enus.stormassets/localizeddata/sounds/vo/lichking_comeback00.fxe	ca222499abdf6e43a240d2dc8ec020a4	3496
mods/heroes.stormmod/enus.stormassets/localizeddata/sounds/vo/lichking_comeback00.ogg	30c6b1db22ebac84612004e56a022251	79817
mods/heroes.stormmod/enus.stormassets/localizeddata/sounds/vo/lichking_death00.fxe	aef5ee544b9bd809b5aca10548d67b1a	1253
mods/heroes.stormmod/enus.stormassets/localizeddata/sounds/vo/lichking_death00.wav	fadfbf5cde9b1ea2f9cb8ff91f3d57bc	64828
mods/heroes.stormmod/enus.stormassets/localizeddata/sounds/vo/lichking_death01.fxe	a3632a21d063c273d636e50f9bf8977c	1349
mods/heroes.stormmod/enus.stormassets/localizeddata/sounds/vo/lichking_death01.wav	9ba22d9d8f725e1b5adfc3cdae5214d6	70460
mods/heroes.stormmod/enus.stormassets/localizeddata/sounds/vo/lichking_death02.fxe	0a99ad68801a9b14cd5c8a240d222bae	2005
mods/heroes.stormmod/enus.stormassets/localizeddata/sounds/vo/lichking_death02.wav	c2a56c8a4684eea9fc768a7f7afc4fe6	77884
mods/heroes.stormmod/enus.stormassets/localizeddata/sounds/vo/lichking_death03.fxe	7a9e58ae411cd8fbb2437475eb866fa5	1445
mods/heroes.stormmod/enus.stormassets/localizeddata/sounds/vo/lichking_death03.wav	a9ee7991cc76bb92923eb24179f44ddf	70716
mods/heroes.stormmod/enus.stormassets/localizeddata/sounds/vo/lichking_healed00.fxe	b590a4b3fc1cecebf8393c55658f68c6	2054
mods/heroes.stormmod/enus.stormassets/localizeddata/sounds/vo/lichking_healed00.ogg	00d4f28c7d80938487be5d14041adcd9	39645
mods/heroes.stormmod/enus.stormassets/localizeddata/sounds/vo/lichking_healed01.fxe	9f101b12ec3a17566ce062dce5f9d236	2166
mods/heroes.stormmod/enus.stormassets/localizeddata/sounds/vo/lichking_healed01.ogg	d11cb53837fc640a2068cccfa67561ba	61292
mods/heroes.stormmod/enus.stormassets/localizeddata/sounds/vo/lichking_healed02.fxe	00217486a12d664e4bc8cb5bc65f6197	1958
mods/heroes.stormmod/enus.stormassets/localizeddata/sounds/vo/lichking_healed02.ogg	49c0d55f4136e58fc12e42e657e8cdde	46241
mods/heroes.stormmod/enus.stormassets/localizeddata/sounds/vo/lichking_introagree00.fxe	53fa36a5904413e14197728363b56665	1242
mods/heroes.stormmod/enus.stormassets/localizeddata/sounds/vo/lichking_introagree00.ogg	9cd59be58ab9fd9724858c249cf25f0e	41326
mods/heroes.stormmod/enus.stormassets/localizeddata/sounds/vo/lichking_introagree01.fxe	7ffe3722bb907cb752d241173995a81a	1162
mods/heroes.stormmod/enus.stormassets/localizeddata/sounds/vo/lichking_introagree01.ogg	22a82852f35306090313fc5f922662c4	35937
mods/heroes.stormmod/enus.stormassets/localizeddata/sounds/vo/lichking_introagree02.fxe	02b5c7d2774d6ebe41e6bc133b6ceb63	1546
mods/heroes.stormmod/enus.stormassets/localizeddata/sounds/vo/lichking_introagree02.ogg	0f7dc9e72610b6223796b0660ae8c9a2	58331
mods/heroes.stormmod/enus.stormassets/localizeddata/sounds/vo/lichking_introboast00.fxe	ce528192b563e2fd9338a22a756f987b	2362
mods/heroes.stormmod/enus.stormassets/localizeddata/sounds/vo/lichking_introboast00.ogg	741a37dd49232278f6be9ebcbd70e285	73772
mods/heroes.stormmod/enus.stormassets/localizeddata/sounds/vo/lichking_introboast01.fxe	faf4d924f0504cedd4841218ed5ef0fd	1546
mods/heroes.stormmod/enus.stormassets/localizeddata/sounds/vo/lichking_introboast01.ogg	63f18c0c061b672a20f57b3b47bde5c1	43684
mods/heroes.stormmod/enus.stormassets/localizeddata/sounds/vo/lichking_introquestion00.fxe	d0687e17f379bdf00f3e527a503c4b63	1357
mods/heroes.stormmod/enus.stormassets/localizeddata/sounds/vo/lichking_introquestion00.ogg	34c99a9b116b22d63c50589291dc2307	46718
mods/heroes.stormmod/enus.stormassets/localizeddata/sounds/vo/lichking_introquestion01.fxe	4bbbc376ab27901ee1bc1f4dd04a4986	2109
mods/heroes.stormmod/enus.stormassets/localizeddata/sounds/vo/lichking_introquestion01.ogg	49c170e6b67fd6626c431c7920b8b13f	46400
mods/heroes.stormmod/enus.stormassets/localizeddata/sounds/vo/lichking_introquestion_anubarak00.fxe	f386c3b8654459979b8cd8db46b77670	1846
mods/heroes.stormmod/enus.stormassets/localizeddata/sounds/vo/lichking_introquestion_anubarak00.ogg	6e91c34eca89907be91a514a41240540	59837
mods/heroes.stormmod/enus.stormassets/localizeddata/sounds/vo/lichking_introquestion_jaina00.fxe	11cd6ec63e18941b4f6ff186a5af7e16	1107
mods/heroes.stormmod/enus.stormassets/localizeddata/sounds/vo/lichking_introquestion_jaina00.ogg	b151392545f766a90dd99e5448526385	32940
mods/heroes.stormmod/enus.stormassets/localizeddata/sounds/vo/lichking_introquestion_muradin00.fxe	d1ac544f45d17b72ef27f3bb82a87c9f	4373
mods/heroes.stormmod/enus.stormassets/localizeddata/sounds/vo/lichking_introquestion_muradin00.ogg	f04c14902cf186680fe718a1793ed11c	117898
mods/heroes.stormmod/enus.stormassets/localizeddata/sounds/vo/lichking_introquestion_murky00.fxe	b46b386ecaee775de32357767f75d807	2867
mods/heroes.stormmod/enus.stormassets/localizeddata/sounds/vo/lichking_introquestion_murky00.ogg	6c0a847ec5e1c57a076440c790094153	64267
mods/heroes.stormmod/enus.stormassets/localizeddata/sounds/vo/lichking_introquestion_negative00.fxe	99c53b980736bc5805dd8c0f56af0fd6	870
mods/heroes.stormmod/enus.stormassets/localizeddata/sounds/vo/lichking_introquestion_negative00.ogg	7c032b78a0ad59e00b686fbce80c3323	30370
mods/heroes.stormmod/enus.stormassets/localizeddata/sounds/vo/lichking_introquestion_positive00.fxe	e8093ee0f598f8363f754479afdc36bf	3078
mods/heroes.stormmod/enus.stormassets/localizeddata/sounds/vo/lichking_introquestion_positive00.ogg	db8c1c4ea48338d968ce5d094b2107b3	68969
mods/heroes.stormmod/enus.stormassets/localizeddata/sounds/vo/lichking_introquestion_uther00.fxe	f07fa270107c6bf2e4cf2175ca22d29c	4147
mods/heroes.stormmod/enus.stormassets/localizeddata/sounds/vo/lichking_introquestion_uther00.ogg	12bc5a34f930e3115f3d06c28109c52a	103471
mods/heroes.stormmod/enus.stormassets/localizeddata/sounds/vo/lichking_introquestion_zeratul00.fxe	0b21c544768fe9c890a3524c9354c37f	2549
mods/heroes.stormmod/enus.stormassets/localizeddata/sounds/vo/lichking_introquestion_zeratul00.ogg	6979de6c64cd8c6281e626b5ba7266e6	65635
mods/heroes.stormmod/enus.stormassets/localizeddata/sounds/vo/lichking_introrespond00.fxe	2400b85669e74333280454aa6e26b369	1100
mods/heroes.stormmod/enus.stormassets/localizeddata/sounds/vo/lichking_introrespond00.ogg	159eee3c5bcda449be61019f2be5e56c	34871
mods/heroes.stormmod/enus.stormassets/localizeddata/sounds/vo/lichking_introrespond01.fxe	7093e2aeb1278abb63c86f215b1905e7	1276
mods/heroes.stormmod/enus.stormassets/localizeddata/sounds/vo/lichking_introrespond01.ogg	54d8ded118d1ec0a48d822c5e5c7938a	40600
mods/heroes.stormmod/enus.stormassets/localizeddata/sounds/vo/lichking_introrespond02.fxe	692d494a3a6786ab4c0b15ec96786201	1084
mods/heroes.stormmod/enus.stormassets/localizeddata/sounds/vo/lichking_introrespond02.ogg	588f581b56d8728561a7e620289e5b29	37767
mods/heroes.stormmod/enus.stormassets/localizeddata/sounds/vo/lichking_introresponse_anubarak00.fxe	687cb3bb4425f83bbbb15715b65d4407	1766
mods/heroes.stormmod/enus.stormassets/localizeddata/sounds/vo/lichking_introresponse_anubarak00.ogg	39892187e9ae949ff1afc5fed4bd8e2d	53363
mods/heroes.stormmod/enus.stormassets/localizeddata/sounds/vo/lichking_introresponse_arrogant00.fxe	32880fa7f8cf9a37c7521fa709c1e37b	1846
mods/heroes.stormmod/enus.stormassets/localizeddata/sounds/vo/lichking_introresponse_arrogant00.ogg	d94990340a3a9bf144be49962dc5835e	44133
mods/heroes.stormmod/enus.stormassets/localizeddata/sounds/vo/lichking_introresponse_jaina00.fxe	0918433c26a7cffd756b79b9d68dcc7a	2883
mods/heroes.stormmod/enus.stormassets/localizeddata/sounds/vo/lichking_introresponse_jaina00.ogg	cf047e5ea78bb35752c7175f22028fa2	67424
mods/heroes.stormmod/enus.stormassets/localizeddata/sounds/vo/lichking_introresponse_malice00.fxe	d91c5a646214274c79d7c0c99355868c	3844
mods/heroes.stormmod/enus.stormassets/localizeddata/sounds/vo/lichking_introresponse_malice00.ogg	7bd4cd03d3260d3e7075b98ad8bb2866	39469
mods/heroes.stormmod/enus.stormassets/localizeddata/sounds/vo/lichking_introresponse_muradin00.fxe	67877c11e66c7b72cd3cc469a3b30b75	1957
mods/heroes.stormmod/enus.stormassets/localizeddata/sounds/vo/lichking_introresponse_muradin00.ogg	35e2eab3244110a61286a636efe26d82	58798
mods/heroes.stormmod/enus.stormassets/localizeddata/sounds/vo/lichking_introresponse_murky00.fxe	9282bbe62fc383336309ef43def714e6	2003
mods/heroes.stormmod/enus.stormassets/localizeddata/sounds/vo/lichking_introresponse_murky00.ogg	9adab0c5eef77d39aaab80de468dbfb1	50315
mods/heroes.stormmod/enus.stormassets/localizeddata/sounds/vo/lichking_introresponse_negative00.fxe	e1b447a6205d567b3f446624480a6ab7	1254
mods/heroes.stormmod/enus.stormassets/localizeddata/sounds/vo/lichking_introresponse_negative00.ogg	8f21b4249f41203e27277262fdec2ff1	31184
mods/heroes.stormmod/enus.stormassets/localizeddata/sounds/vo/lichking_introresponse_positive00.fxe	60ba0b5eebb10b4d2219aa9e54314ee4	2118
mods/heroes.stormmod/enus.stormassets/localizeddata/sounds/vo/lichking_introresponse_positive00.ogg	11f964bd918b40e20a2dbceef8975899	52759
mods/heroes.stormmod/enus.stormassets/localizeddata/sounds/vo/lichking_introresponse_serve00.fxe	717c430d82b75c0f01b73ae533e8ac19	1667
mods/heroes.stormmod/enus.stormassets/localizeddata/sounds/vo/lichking_introresponse_serve00.ogg	556299dd9b6e74757fc105dad87b9b06	45677
mods/heroes.stormmod/enus.stormassets/localizeddata/sounds/vo/lichking_introresponse_uther00.fxe	f3edb63ba435b44676a0de53e938fab4	3011
mods/heroes.stormmod/enus.stormassets/localizeddata/sounds/vo/lichking_introresponse_uther00.ogg	6c3317b76108a6039b50f42ffb8e41ec	76320
mods/heroes.stormmod/enus.stormassets/localizeddata/sounds/vo/lichking_introresponse_you00.fxe	591e864f919ea127ecd75a967567e26b	1809
mods/heroes.stormmod/enus.stormassets/localizeddata/sounds/vo/lichking_introresponse_you00.ogg	3a215016a3c7b0db723413de664bb665	38092
mods/heroes.stormmod/enus.stormassets/localizeddata/sounds/vo/lichking_introresponse_zeratul00.fxe	e687dcc3e0ccee990deae35bb14da0fb	1813
mods/heroes.stormmod/enus.stormassets/localizeddata/sounds/vo/lichking_introresponse_zeratul00.ogg	667865efbc9803b78aef641d97e03ce4	49223
mods/heroes.stormmod/enus.stormassets/localizeddata/sounds/vo/lichking_kill00.fxe	8ec06e47f3f28e14fde98237287d7dba	1492
mods/heroes.stormmod/enus.stormassets/localizeddata/sounds/vo/lichking_kill00.ogg	5d5b9e99172a7f794b81f1b72c43b746	55327
mods/heroes.stormmod/enus.stormassets/localizeddata/sounds/vo/lichking_kill01.fxe	e99ef5fcc44f99b51870e4a2f42c478d	1828
mods/heroes.stormmod/enus.stormassets/localizeddata/sounds/vo/lichking_kill01.ogg	b6407f2aff9e1a468439c08c25511f07	53708
mods/heroes.stormmod/enus.stormassets/localizeddata/sounds/vo/lichking_kill02.fxe	148c03eb5ed04efb8bba3ca82959321e	1828
mods/heroes.stormmod/enus.stormassets/localizeddata/sounds/vo/lichking_kill02.ogg	4c7774706a0707a8429a3f20c9551747	58794
mods/heroes.stormmod/enus.stormassets/localizeddata/sounds/vo/lichking_kill03.fxe	ba1b0707fbc2274130a94bc99d19765c	2660
mods/heroes.stormmod/enus.stormassets/localizeddata/sounds/vo/lichking_kill03.ogg	307e7fee346987f87cbab74733e4f0a0	62104
mods/heroes.stormmod/enus.stormassets/localizeddata/sounds/vo/lichking_kill04.fxe	52bcd24e68f72d98e3e5b36839d22bc6	1284
mods/heroes.stormmod/enus.stormassets/localizeddata/sounds/vo/lichking_kill04.ogg	44a9ba44c205e71899c9ee7c88c29839	33265
mods/heroes.stormmod/enus.stormassets/localizeddata/sounds/vo/lichking_killillidan00.fxe	1dce07d5b4f2cfb04b29eee76cf6cb0f	1611
mods/heroes.stormmod/enus.stormassets/localizeddata/sounds/vo/lichking_killillidan00.ogg	ea235b84b911dba5bc811132b9ccb95c	48413
mods/heroes.stormmod/enus.stormassets/localizeddata/sounds/vo/lichking_killjaina00.fxe	e29cf077c38bf631d3318c46b8840a18	1977
mods/heroes.stormmod/enus.stormassets/localizeddata/sounds/vo/lichking_killjaina00.ogg	3288cdb7e6d07c897dc345bef2ff1d0c	54111
mods/heroes.stormmod/enus.stormassets/localizeddata/sounds/vo/lichking_killkerrigan00.fxe	061a8e09955e27a62571aedd34654e51	1532
mods/heroes.stormmod/enus.stormassets/localizeddata/sounds/vo/lichking_killkerrigan00.ogg	3bb49c69c862b852d9da634588c6f68d	53723
mods/heroes.stormmod/enus.stormassets/localizeddata/sounds/vo/lichking_killmuradin00.fxe	87ffc07a087225ad19911bc4e1f93317	1787
mods/heroes.stormmod/enus.stormassets/localizeddata/sounds/vo/lichking_killmuradin00.ogg	31bbdcb4682c4fbaee0838b58834547e	60410
mods/heroes.stormmod/enus.stormassets/localizeddata/sounds/vo/lichking_killskeletonking00.fxe	b6bb4788e5e489aeebdbc9d3a52cfc90	1184
mods/heroes.stormmod/enus.stormassets/localizeddata/sounds/vo/lichking_killskeletonking00.ogg	58937d6bc54bbd57287ed81ece4d14ac	34221
mods/heroes.stormmod/enus.stormassets/localizeddata/sounds/vo/lichking_killspreeend00.fxe	48bd79c3b09f08cf97272842ee566a93	1596
mods/heroes.stormmod/enus.stormassets/localizeddata/sounds/vo/lichking_killspreeend00.ogg	e5804e16797255bb3f551ac8f487d808	61746
mods/heroes.stormmod/enus.stormassets/localizeddata/sounds/vo/lichking_killuther00.fxe	2eca4273d0d9289920e49b610d2eb15a	2729
mods/heroes.stormmod/enus.stormassets/localizeddata/sounds/vo/lichking_killuther00.ogg	c6d8979f555303a4ff3f8941a42966c9	76874
mods/heroes.stormmod/enus.stormassets/localizeddata/sounds/vo/lichking_laugh01.fxe	1502e5cd56b190785e0fe7b28f186db9	1205
mods/heroes.stormmod/enus.stormassets/localizeddata/sounds/vo/lichking_laugh01.ogg	32241c73b54398f96ca370eec56469d2	42446
mods/heroes.stormmod/enus.stormassets/localizeddata/sounds/vo/lichking_laugh02.fxe	7b52e6e45b2dfb94d536bd5cc41d6123	773
mods/heroes.stormmod/enus.stormassets/localizeddata/sounds/vo/lichking_laugh02.ogg	6aa6d9a87c6635f031ba3aa5e82461a9	36654
mods/heroes.stormmod/enus.stormassets/localizeddata/sounds/vo/lichking_laugh03.fxe	d63bfc644bdd54667f8e56915054be3c	1365
mods/heroes.stormmod/enus.stormassets/localizeddata/sounds/vo/lichking_laugh03.ogg	c80962a195b86e9cb68d99a9c982fed9	54486
mods/heroes.stormmod/enus.stormassets/localizeddata/sounds/vo/lichking_laugh04.fxe	60c299bf85000535d10bc78b47ac56cd	2437
mods/heroes.stormmod/enus.stormassets/localizeddata/sounds/vo/lichking_laugh04.ogg	3609dc08a99151179a0566d1d6d9360f	44425
mods/heroes.stormmod/enus.stormassets/localizeddata/sounds/vo/lichking_lowlifeheal00.fxe	1fd4d3e845151c0615389db6a7a73e9c	1595
mods/heroes.stormmod/enus.stormassets/localizeddata/sounds/vo/lichking_lowlifeheal00.ogg	bff7d3aca996c263fc9e7bb6741f8ef9	33166
mods/heroes.stormmod/enus.stormassets/localizeddata/sounds/vo/lichking_lowlifeheal01.fxe	5d84a27695abc336a69c4b49c70183c1	2027
mods/heroes.stormmod/enus.stormassets/localizeddata/sounds/vo/lichking_lowlifeheal01.ogg	95746ac661b12dd209c90a6fc71e1809	46162
mods/heroes.stormmod/enus.stormassets/localizeddata/sounds/vo/lichking_lowlifeheal02.fxe	385bed6ee0c806b5dc105fc84cf759dd	1835
mods/heroes.stormmod/enus.stormassets/localizeddata/sounds/vo/lichking_lowlifeheal02.ogg	ea9523d2536ee5ada989396d1b24b0f4	41358
mods/heroes.stormmod/enus.stormassets/localizeddata/sounds/vo/lichking_lowmana00.fxe	f5299c9daaba6ab1f83cdf80ca40c8ea	1575
mods/heroes.stormmod/enus.stormassets/localizeddata/sounds/vo/lichking_lowmana00.ogg	83d3a7a7573564eed68c3e0b5ef09746	49438
mods/heroes.stormmod/enus.stormassets/localizeddata/sounds/vo/lichking_lowmana01.fxe	c6fa8aea788e5e1e0986fdc24b08d5ce	1495
mods/heroes.stormmod/enus.stormassets/localizeddata/sounds/vo/lichking_lowmana01.ogg	b71a6c725a9b528b9b253fd3a079992b	41990
mods/heroes.stormmod/enus.stormassets/localizeddata/sounds/vo/lichking_lowmana02.fxe	e5c2b7cdab9ca3aec68d63782f729330	1655
mods/heroes.stormmod/enus.stormassets/localizeddata/sounds/vo/lichking_lowmana02.ogg	65588e204235f394e77dff929b6deb2c	32759
mods/heroes.stormmod/enus.stormassets/localizeddata/sounds/vo/lichking_matchend00.ogg	7a69facc799cf8dc19748a446a91e97e	28162
mods/heroes.stormmod/enus.stormassets/localizeddata/sounds/vo/lichking_no00.fxe	b1c8d6d948439beef09cebaa005b2666	1298
mods/heroes.stormmod/enus.stormassets/localizeddata/sounds/vo/lichking_no00.ogg	b94549d50db7ef7c201ee14d29500b38	46530
mods/heroes.stormmod/enus.stormassets/localizeddata/sounds/vo/lichking_no01.fxe	8550da2d9639b3a66ed613ddb78d83cd	1314
mods/heroes.stormmod/enus.stormassets/localizeddata/sounds/vo/lichking_no01.ogg	1d3fef62844fbef4b7c1d99ebee6f983	38843
mods/heroes.stormmod/enus.stormassets/localizeddata/sounds/vo/lichking_no02.fxe	0561cc417633de1548b4df42f188bfb1	1170
mods/heroes.stormmod/enus.stormassets/localizeddata/sounds/vo/lichking_no02.ogg	32b6d8a62b8ed4936ad10787326ddf69	34740
mods/heroes.stormmod/enus.stormassets/localizeddata/sounds/vo/lichking_ping_assisthero00.fxe	1fb99dfcba885e799f6a8a9b07f55c19	1439
mods/heroes.stormmod/enus.stormassets/localizeddata/sounds/vo/lichking_ping_assisthero00.ogg	bb477e3679e459ae67c94b3e07a2fbc7	48904
mods/heroes.stormmod/enus.stormassets/localizeddata/sounds/vo/lichking_ping_assistme00.fxe	73e7fd3f0e432ee5c19725948a38d15d	1373
mods/heroes.stormmod/enus.stormassets/localizeddata/sounds/vo/lichking_ping_assistme00.ogg	12acae62b06032abf8a93ee60e6f17af	45162
mods/heroes.stormmod/enus.stormassets/localizeddata/sounds/vo/lichking_ping_assistme01.fxe	635a56ce53a79d113d715ebe0f3c4d57	1741
mods/heroes.stormmod/enus.stormassets/localizeddata/sounds/vo/lichking_ping_assistme01.ogg	0dcbbb4d9a09fb05050296909cf9ac7e	46659
mods/heroes.stormmod/enus.stormassets/localizeddata/sounds/vo/lichking_ping_attackcastle00.fxe	cccb2e618ccf178cf73f1146d8ac1cf5	1585
mods/heroes.stormmod/enus.stormassets/localizeddata/sounds/vo/lichking_ping_attackcastle00.ogg	187a9086c5f9fe580a6a7fda2cc4c0e1	41985
mods/heroes.stormmod/enus.stormassets/localizeddata/sounds/vo/lichking_ping_attackmerc00.fxe	b89a038168561a5c259bb7a893889a3c	1839
mods/heroes.stormmod/enus.stormassets/localizeddata/sounds/vo/lichking_ping_attackmerc00.ogg	5122e92da9d43466b587b09f170c669e	53010
mods/heroes.stormmod/enus.stormassets/localizeddata/sounds/vo/lichking_ping_attackoutpost00.fxe	5159edde5ff05d52f3fc6ab3a73b4457	1938
mods/heroes.stormmod/enus.stormassets/localizeddata/sounds/vo/lichking_ping_attackoutpost00.ogg	f1ebb82596b20bfe25789ad519ed3fca	48660
mods/heroes.stormmod/enus.stormassets/localizeddata/sounds/vo/lichking_ping_attacktower00.fxe	498536e22cfc01f04aaad811d8b49414	1824
mods/heroes.stormmod/enus.stormassets/localizeddata/sounds/vo/lichking_ping_attacktower00.ogg	73d1e40ea92db538528dd5349d619f76	52300
mods/heroes.stormmod/enus.stormassets/localizeddata/sounds/vo/lichking_ping_danger00.fxe	d9c6fbc89b76853a7bb24a93bae2685c	1467
mods/heroes.stormmod/enus.stormassets/localizeddata/sounds/vo/lichking_ping_danger00.ogg	cd17c65b117fa04e64349d2ea07f5ba6	38936
mods/heroes.stormmod/enus.stormassets/localizeddata/sounds/vo/lichking_ping_danger01.fxe	dbf6d3e6094e625013c13a7a82d7b6ee	1147
mods/heroes.stormmod/enus.stormassets/localizeddata/sounds/vo/lichking_ping_danger01.ogg	e37f185b406669b1ac919a9d2fd5eb82	34566
mods/heroes.stormmod/enus.stormassets/localizeddata/sounds/vo/lichking_ping_defend00.fxe	acadc0215833b7cda0d45701812371eb	1435
mods/heroes.stormmod/enus.stormassets/localizeddata/sounds/vo/lichking_ping_defend00.ogg	1e87e69a94a4ba2a14531966989b6544	48519
mods/heroes.stormmod/enus.stormassets/localizeddata/sounds/vo/lichking_ping_defendcastle00.fxe	2dab39a1145578a79c20f6c32f1cd9a3	1729
mods/heroes.stormmod/enus.stormassets/localizeddata/sounds/vo/lichking_ping_defendcastle00.ogg	dbadafa55b9113fe8778bae47c8747e5	47888
mods/heroes.stormmod/enus.stormassets/localizeddata/sounds/vo/lichking_ping_defendoutpost00.fxe	e6721920dbf6386637172082dfbb38f8	1762
mods/heroes.stormmod/enus.stormassets/localizeddata/sounds/vo/lichking_ping_defendoutpost00.ogg	209c2b24abd1dbb62e9bd0ea06b2eedb	47007
mods/heroes.stormmod/enus.stormassets/localizeddata/sounds/vo/lichking_ping_defendthing00.fxe	a7b044edda4ac389dbafba86e3d77904	1600
mods/heroes.stormmod/enus.stormassets/localizeddata/sounds/vo/lichking_ping_defendthing00.ogg	96b6c3bae3c624d5acc999f21b390e98	38621
mods/heroes.stormmod/enus.stormassets/localizeddata/sounds/vo/lichking_ping_defendthing01.fxe	72e987cd6def1669747379ef0b2518aa	2000
mods/heroes.stormmod/enus.stormassets/localizeddata/sounds/vo/lichking_ping_defendthing01.ogg	d46711e8f3e0cf432aff7ee63554c952	48550
mods/heroes.stormmod/enus.stormassets/localizeddata/sounds/vo/lichking_ping_defendtower00.fxe	64fd021959f71eab63c3066869d8c3f3	1984
mods/heroes.stormmod/enus.stormassets/localizeddata/sounds/vo/lichking_ping_defendtower00.ogg	565cc0bd4432415f22118af15f536999	57637
mods/heroes.stormmod/enus.stormassets/localizeddata/sounds/vo/lichking_ping_enemymissing00.fxe	fc3c1e476ae253874291204ae55bb9b8	2353
mods/heroes.stormmod/enus.stormassets/localizeddata/sounds/vo/lichking_ping_enemymissing00.ogg	acff4e178223cd4dd40a8d87467b7456	61215
mods/heroes.stormmod/enus.stormassets/localizeddata/sounds/vo/lichking_ping_enemymissing01.fxe	e4b6fc95eef55100be82bab51b2e3a1b	2145
mods/heroes.stormmod/enus.stormassets/localizeddata/sounds/vo/lichking_ping_enemymissing01.ogg	e534a34071dae34d40242b7c468559bd	57365
mods/heroes.stormmod/enus.stormassets/localizeddata/sounds/vo/lichking_ping_killhero00.fxe	0d18bba07724ef68c96411a8959bb75d	1885
mods/heroes.stormmod/enus.stormassets/localizeddata/sounds/vo/lichking_ping_killhero00.ogg	4a1eee0ceb563a803b705d24f5ee8d61	61319
mods/heroes.stormmod/enus.stormassets/localizeddata/sounds/vo/lichking_ping_onmyway00.fxe	b97d205806e8940cd0f8450e07766747	1004
mods/heroes.stormmod/enus.stormassets/localizeddata/sounds/vo/lichking_ping_onmyway00.ogg	1149a9161ee20718414cd4d37ee167e1	38968
mods/heroes.stormmod/enus.stormassets/localizeddata/sounds/vo/lichking_ping_onmyway01.fxe	e8f4fe40d6c4794d1b77e12a29a99c1a	1532
mods/heroes.stormmod/enus.stormassets/localizeddata/sounds/vo/lichking_ping_onmyway01.ogg	52630f6a03e76169fade619723e31997	46356
mods/heroes.stormmod/enus.stormassets/localizeddata/sounds/vo/lichking_ping_retreat00.fxe	6ee69e4ca4e49e93d871f4db88f12f8f	1420
mods/heroes.stormmod/enus.stormassets/localizeddata/sounds/vo/lichking_ping_retreat00.ogg	36bb58a51a126d0e0178bd0b120ec0aa	28388
mods/heroes.stormmod/enus.stormassets/localizeddata/sounds/vo/lichking_ping_retreat01.fxe	ccdc438d5f40ed79553abd0fb877e196	1116
mods/heroes.stormmod/enus.stormassets/localizeddata/sounds/vo/lichking_ping_retreat01.ogg	299b2d4b63afacbf6b8f3926c6a5e099	32206
mods/heroes.stormmod/enus.stormassets/localizeddata/sounds/vo/lichking_pissed00.fxe	a16b8844feb031f5b6136dd579008981	1734
mods/heroes.stormmod/enus.stormassets/localizeddata/sounds/vo/lichking_pissed00.ogg	91a63e2bf86ec00dc2b9c763d5194464	50246
mods/heroes.stormmod/enus.stormassets/localizeddata/sounds/vo/lichking_pissed01.fxe	d0e97049b4896425e437c32591e1f278	1782
mods/heroes.stormmod/enus.stormassets/localizeddata/sounds/vo/lichking_pissed01.ogg	9dad69d149412c6bce995a92fc47843b	58916
mods/heroes.stormmod/enus.stormassets/localizeddata/sounds/vo/lichking_pissed02.fxe	78e4be14cdb1e1949903b9dbc7217937	1254
mods/heroes.stormmod/enus.stormassets/localizeddata/sounds/vo/lichking_pissed02.ogg	12175143a16885f218cc2944e4c64bad	44728
mods/heroes.stormmod/enus.stormassets/localizeddata/sounds/vo/lichking_pissed03.fxe	79b9b221464ed7228754a513ae7ee5c1	1734
mods/heroes.stormmod/enus.stormassets/localizeddata/sounds/vo/lichking_pissed03.ogg	75bb093bf0e86a3c011977a999385e74	53622
mods/heroes.stormmod/enus.stormassets/localizeddata/sounds/vo/lichking_pissed04.fxe	3617434f5b8c50f772d6fb80139953bd	2150
mods/heroes.stormmod/enus.stormassets/localizeddata/sounds/vo/lichking_pissed04.ogg	fb5ab568610bd7cab8c2180b1bf64b27	65515
mods/heroes.stormmod/enus.stormassets/localizeddata/sounds/vo/lichking_pissed05.fxe	bdaffe8ec57a4aec2a612c0c5d8a4e67	5030
mods/heroes.stormmod/enus.stormassets/localizeddata/sounds/vo/lichking_pissed05.ogg	0f0b62ef67cc3708e45495e484579f3a	111447
mods/heroes.stormmod/enus.stormassets/localizeddata/sounds/vo/lichking_pissed06.fxe	c8cfdbf97ef096826fb8554bb5f305ab	4582
mods/heroes.stormmod/enus.stormassets/localizeddata/sounds/vo/lichking_pissed06.ogg	39d2fb11a0a6b2ce2c6891def60c8e8b	111562
mods/heroes.stormmod/enus.stormassets/localizeddata/sounds/vo/lichking_pissed07.fxe	a15e60cd8da30df877d06ed9c92d7e3f	4726
mods/heroes.stormmod/enus.stormassets/localizeddata/sounds/vo/lichking_pissed07.ogg	79fc13d2e05ebbfe1429b153ca7132ec	104739
mods/heroes.stormmod/enus.stormassets/localizeddata/sounds/vo/lichking_pissed08.fxe	bc61196d67dc7295c7de7a4c734cba31	4566
mods/heroes.stormmod/enus.stormassets/localizeddata/sounds/vo/lichking_pissed08.ogg	fc6b35919a62c2015232ac2528f690f0	109059
mods/heroes.stormmod/enus.stormassets/localizeddata/sounds/vo/lichking_pissed09.fxe	4eafaff9dfe7e62db399eadccd0d3ac1	4390
mods/heroes.stormmod/enus.stormassets/localizeddata/sounds/vo/lichking_pissed09.ogg	869b6d6e7843fd32ec6d1d482169dcde	101814
mods/heroes.stormmod/enus.stormassets/localizeddata/sounds/vo/lichking_pissed10.fxe	647e9ca6ab1d8d7fbbb7af7f9c23779c	4710
mods/heroes.stormmod/enus.stormassets/localizeddata/sounds/vo/lichking_pissed10.ogg	c75ba2a34b5c399dbbb09e5a4bb4a29d	134404
mods/heroes.stormmod/enus.stormassets/localizeddata/sounds/vo/lichking_pissed11.fxe	10bca7e5d8c7e8fe92ddc4368299c888	6374
mods/heroes.stormmod/enus.stormassets/localizeddata/sounds/vo/lichking_pissed11.ogg	998474ef62233e24af2cd48d2f18f6c7	161166
mods/heroes.stormmod/enus.stormassets/localizeddata/sounds/vo/lichking_pissed12.fxe	ae1b5671a5d2fb949c80d21892571ccd	3670
mods/heroes.stormmod/enus.stormassets/localizeddata/sounds/vo/lichking_pissed12.ogg	da743b57925657b1278e5828457be395	75395
mods/heroes.stormmod/enus.stormassets/localizeddata/sounds/vo/lichking_pissed13.fxe	ad39e9859d14b3fe163fe0735ec97da9	5062
mods/heroes.stormmod/enus.stormassets/localizeddata/sounds/vo/lichking_pissed13.ogg	7f8e62750c9368d934d188e51d489051	120646
mods/heroes.stormmod/enus.stormassets/localizeddata/sounds/vo/lichking_pissed14.fxe	578d2245ddc578d930a4e564860642cb	6422
mods/heroes.stormmod/enus.stormassets/localizeddata/sounds/vo/lichking_pissed14.ogg	13b8ad6d00d7057ea3833b9b4372dbac	144503
mods/heroes.stormmod/enus.stormassets/localizeddata/sounds/vo/lichking_resurrected00.fxe	baf1442456f6ab9b4f06c2024a5d59c2	1851
mods/heroes.stormmod/enus.stormassets/localizeddata/sounds/vo/lichking_resurrected00.ogg	db7c932193dcb170530756469f672ebd	53844
mods/heroes.stormmod/enus.stormassets/localizeddata/sounds/vo/lichking_resurrected01.fxe	022f38be6f1988e0d1155e801c7e680f	1755
mods/heroes.stormmod/enus.stormassets/localizeddata/sounds/vo/lichking_resurrected01.ogg	8319648a7caaf4e047592597bcb49c20	60792
mods/heroes.stormmod/enus.stormassets/localizeddata/sounds/vo/lichking_revive00.fxe	160ce0057ecfdc3584ed90e6845700c7	2294
mods/heroes.stormmod/enus.stormassets/localizeddata/sounds/vo/lichking_revive00.ogg	d557894a384f12cfdbbc33f9a7cf40b4	61069
mods/heroes.stormmod/enus.stormassets/localizeddata/sounds/vo/lichking_revive01.fxe	5d2650afb5995b4e52f288e617913970	1494
mods/heroes.stormmod/enus.stormassets/localizeddata/sounds/vo/lichking_revive01.ogg	e16c4f7246dbd8f54317278e128094b9	52570
mods/heroes.stormmod/enus.stormassets/localizeddata/sounds/vo/lichking_revive02.fxe	0cd0558046bd31f7ef3aa3f986693aee	2438
mods/heroes.stormmod/enus.stormassets/localizeddata/sounds/vo/lichking_revive02.ogg	dab6af5919eb44bf2b5f04fcd5ef50bd	54125
mods/heroes.stormmod/enus.stormassets/localizeddata/sounds/vo/lichking_social_hello01.fxe	99cf3ba8c2d03fd3e942580bbd8e5df4	1436
mods/heroes.stormmod/enus.stormassets/localizeddata/sounds/vo/lichking_social_hello01.ogg	74d192eb8e43257f2f3bd83712bb3e9e	42728
mods/heroes.stormmod/enus.stormassets/localizeddata/sounds/vo/lichking_social_wellplayed01.fxe	16c27ce1f9c2ba07a91b3472df6008c4	1265
mods/heroes.stormmod/enus.stormassets/localizeddata/sounds/vo/lichking_social_wellplayed01.ogg	cb5157e6aa1015a13039b8ff9855ed9e	31485
mods/heroes.stormmod/enus.stormassets/localizeddata/sounds/vo/lichking_spec00.fxe	d163f36f10c5df89f1e269881b1740bb	1220
mods/heroes.stormmod/enus.stormassets/localizeddata/sounds/vo/lichking_spec00.ogg	f9b579934289d4f6f28660bfcb7e468d	38562
mods/heroes.stormmod/enus.stormassets/localizeddata/sounds/vo/lichking_spec01.fxe	8a526a5829241ab3a8612ed3acb43282	1652
mods/heroes.stormmod/enus.stormassets/localizeddata/sounds/vo/lichking_spec01.ogg	ec898ac9a902fa1e4820e09f6eaf7c86	61833
mods/heroes.stormmod/enus.stormassets/localizeddata/sounds/vo/lichking_spec02.fxe	fe68bb8977b8815d580b6e5bde433529	1828
mods/heroes.stormmod/enus.stormassets/localizeddata/sounds/vo/lichking_spec02.ogg	a876006ceaafbda23da4f01e2c170eb3	63932
mods/heroes.stormmod/enus.stormassets/localizeddata/sounds/vo/lichking_spec03.fxe	0260399432b9ee578d211eedc49a519d	1108
mods/heroes.stormmod/enus.stormassets/localizeddata/sounds/vo/lichking_spec03.ogg	acee4fb240952af526202a4ffe4042cf	35895
mods/heroes.stormmod/enus.stormassets/localizeddata/sounds/vo/lichking_spec04.fxe	c86ab3e2b6db66d4462c65ea927ad00e	1780
mods/heroes.stormmod/enus.stormassets/localizeddata/sounds/vo/lichking_spec04.ogg	db04ad6a7bb88fb8518bc37bce28af76	45466
mods/heroes.stormmod/enus.stormassets/localizeddata/sounds/vo/lichking_taunt00.fxe	0f19bf6717615ad99c90c4e438099a17	1637
mods/heroes.stormmod/enus.stormassets/localizeddata/sounds/vo/lichking_taunt00.ogg	5e4884ab6d8e789bf93ed29542a0bfe5	53164
mods/heroes.stormmod/enus.stormassets/localizeddata/sounds/vo/lichking_taunt01.fxe	feedaadea0c5fd5e269e5d2b408df6b4	2133
mods/heroes.stormmod/enus.stormassets/localizeddata/sounds/vo/lichking_taunt01.ogg	eda19a961c4d352ec4a310e41eda342b	67764
mods/heroes.stormmod/enus.stormassets/localizeddata/sounds/vo/lichking_taunt02.fxe	3405aaa93f632ae2c536add6311e2a28	2549
mods/heroes.stormmod/enus.stormassets/localizeddata/sounds/vo/lichking_taunt02.ogg	19efe8075a0af26f1030b6160f4ce569	72207
mods/heroes.stormmod/enus.stormassets/localizeddata/sounds/vo/lichking_teamkilled00.fxe	89569625ab134aef025e9d4a697d6409	842
mods/heroes.stormmod/enus.stormassets/localizeddata/sounds/vo/lichking_teamkilled00.ogg	e6db985d0384f0169f473ddc7b681670	33330
mods/heroes.stormmod/enus.stormassets/localizeddata/sounds/vo/lichking_ui_exlocked00.fxe	a24a825b86c71dc57f806c20947611ce	1755
mods/heroes.stormmod/enus.stormassets/localizeddata/sounds/vo/lichking_ui_exlocked00.ogg	a81c2f27f4a31d1310a3480aef15ca72	50208
mods/heroes.stormmod/enus.stormassets/localizeddata/sounds/vo/lichking_ui_expurchased00.fxe	859f0cf958c451437b6b6874d6260171	1886
mods/heroes.stormmod/enus.stormassets/localizeddata/sounds/vo/lichking_ui_expurchased00.ogg	6a2cc9453becfc0c554d7d2224b31492	63453
mods/heroes.stormmod/enus.stormassets/localizeddata/sounds/vo/lichking_ui_gift00.fxe	e974e86ee1091be6cbfb2e037951c4fa	2295
mods/heroes.stormmod/enus.stormassets/localizeddata/sounds/vo/lichking_ui_gift00.ogg	191da691091a954305e63dfff1bb5b41	67516
mods/heroes.stormmod/enus.stormassets/localizeddata/sounds/vo/lichking_ui_lockin00.fxe	b60884ca7a16cd4f5ecc0f6ee292d96e	1769
mods/heroes.stormmod/enus.stormassets/localizeddata/sounds/vo/lichking_ui_lockin00.ogg	f535a189cfd5f7ef411918ed559a54ae	41546
mods/heroes.stormmod/enus.stormassets/localizeddata/sounds/vo/lichking_ui_purchase00.fxe	771abcb0fdf409ad726e22a9eee4fbd4	2011
mods/heroes.stormmod/enus.stormassets/localizeddata/sounds/vo/lichking_ui_purchase00.ogg	c1b336b09b9770d32f2d4ea2a23dfffe	59064
mods/heroes.stormmod/enus.stormassets/localizeddata/sounds/vo/lichking_ui_trial00.fxe	ce3c98453231a080c1b40541f69f5af0	2024
mods/heroes.stormmod/enus.stormassets/localizeddata/sounds/vo/lichking_ui_trial00.ogg	6052ff0ab40f5f7e57e1b2eebe9ce56f	61943
mods/heroes.stormmod/enus.stormassets/localizeddata/sounds/vo/lichking_ui_trial01.fxe	b1765d04e74072a8046cffe78be44f9c	2088
mods/heroes.stormmod/enus.stormassets/localizeddata/sounds/vo/lichking_ui_trial01.ogg	52d4575af77b63e82e3b71a1ba2ae3d5	60770
mods/heroes.stormmod/enus.stormassets/localizeddata/sounds/vo/lichking_ui_waitlocked00.fxe	da433795e614536fb11f39d142f979b8	2573
mods/heroes.stormmod/enus.stormassets/localizeddata/sounds/vo/lichking_ui_waitlocked00.ogg	f0b514c3bea8d8ff2a935c06f4dce327	70546
mods/heroes.stormmod/enus.stormassets/localizeddata/sounds/vo/lichking_ui_waitpurchased00.fxe	e3d7e8b8f4a19510f52498116f60137d	1424
mods/heroes.stormmod/enus.stormassets/localizeddata/sounds/vo/lichking_ui_waitpurchased00.ogg	7ae8137b08658dbdfd6a2204e6f51985	41955
mods/heroes.stormmod/enus.stormassets/localizeddata/sounds/vo/lichking_ultimate1used00.fxe	5b2f6dfa8d99843ffe8041e4a5b40938	2557
mods/heroes.stormmod/enus.stormassets/localizeddata/sounds/vo/lichking_ultimate1used00.ogg	3345c1348b4d301b9f97bc60f81b824c	84849
mods/heroes.stormmod/enus.stormassets/localizeddata/sounds/vo/lichking_ultimate2used00.fxe	be2607bea99ce4ee192d2e893a181ccb	2029
mods/heroes.stormmod/enus.stormassets/localizeddata/sounds/vo/lichking_ultimate2used00.ogg	3f186bd51e0128fe15acd13b91dd103b	78790
mods/heroes.stormmod/enus.stormassets/localizeddata/sounds/vo/lichking_ultimate2used01.fxe	d09caacb723281c11308a427ca14e64c	2285
mods/heroes.stormmod/enus.stormassets/localizeddata/sounds/vo/lichking_ultimate2used01.ogg	591bae9b88d0f1e1ec8a57efeccfe27b	63301
mods/heroes.stormmod/enus.stormassets/localizeddata/sounds/vo/lichking_voicelinefive00.fxe	bb3fcc8496ced8b1379b63c83ca8efa8	1229
mods/heroes.stormmod/enus.stormassets/localizeddata/sounds/vo/lichking_voicelinefive00.ogg	0a84d153898bfea2aa0623dc0afcb342	27996
mods/heroes.stormmod/enus.stormassets/localizeddata/sounds/vo/lichking_voicelinefour00.fxe	6425f7fc8af387ad7da6e27c928fd4dd	3837
mods/heroes.stormmod/enus.stormassets/localizeddata/sounds/vo/lichking_voicelinefour00.ogg	7bd4cd03d3260d3e7075b98ad8bb2866	39469
mods/heroes.stormmod/enus.stormassets/localizeddata/sounds/vo/lichking_voicelineone00.fxe	7a445a3ed197b46a08bb86253aa96d9d	1852
mods/heroes.stormmod/enus.stormassets/localizeddata/sounds/vo/lichking_voicelineone00.ogg	65474f5b38fc77af034c68e98c956814	44836
mods/heroes.stormmod/enus.stormassets/localizeddata/sounds/vo/lichking_voicelinethree00.fxe	4860b0a5ef4d5790ccd2d781f8f78c8d	2894
mods/heroes.stormmod/enus.stormassets/localizeddata/sounds/vo/lichking_voicelinethree00.ogg	cd73a8d384e7f0e930b15df25f45fdb1	54811
mods/heroes.stormmod/enus.stormassets/localizeddata/sounds/vo/lichking_voicelinetwo00.fxe	bfa499ced5a54470cc0d8f84d0d40f42	1372
mods/heroes.stormmod/enus.stormassets/localizeddata/sounds/vo/lichking_voicelinetwo00.ogg	243f830fb1a67b50db745afa9df62369	29820
mods/heroes.stormmod/enus.stormassets/localizeddata/sounds/vo/lichking_vox_attack07.fxe	bc0908c1fff50e86c7330795a447d981	1130
mods/heroes.stormmod/enus.stormassets/localizeddata/sounds/vo/lichking_vox_attack07.ogg	d87754643701b63b750f4288832abb45	23859
mods/heroes.stormmod/enus.stormassets/localizeddata/sounds/vo/lichking_vox_attack08.fxe	88a99bf11f5ff5d68fc3b82abd930489	1386
mods/heroes.stormmod/enus.stormassets/localizeddata/sounds/vo/lichking_vox_attack08.ogg	29d85d49ef5effcd967bca0462715ce7	23442
mods/heroes.stormmod/enus.stormassets/localizeddata/sounds/vo/lichking_vox_attack09.fxe	1b4d3632d7e72ad19a2713f12bbd8695	1210
mods/heroes.stormmod/enus.stormassets/localizeddata/sounds/vo/lichking_vox_attack09.ogg	daf5108a3bc500a5d03e17db92581814	21612
mods/heroes.stormmod/enus.stormassets/localizeddata/sounds/vo/lichking_vox_attackshort00.fxe	f46f0c8bda63217192d33af46156f4d7	1071
mods/heroes.stormmod/enus.stormassets/localizeddata/sounds/vo/lichking_vox_attackshort00.ogg	e5692546cc2b0f61fd3bab80759bbfc4	19338
mods/heroes.stormmod/enus.stormassets/localizeddata/sounds/vo/lichking_vox_attackshort01.fxe	c253ecd117b13851ec3b0cb33a28f512	1135
mods/heroes.stormmod/enus.stormassets/localizeddata/sounds/vo/lichking_vox_attackshort01.ogg	b71788c693a1dbc59478f3428cd60b99	18713
mods/heroes.stormmod/enus.stormassets/localizeddata/sounds/vo/lichking_vox_attackshort02.fxe	2192fbe53a45d2a51fb87ec08ab349f2	799
mods/heroes.stormmod/enus.stormassets/localizeddata/sounds/vo/lichking_vox_attackshort02.ogg	001f04e638a59bc657254d24268af425	17375
mods/heroes.stormmod/enus.stormassets/localizeddata/sounds/vo/lichking_vox_attackshort03.fxe	6d38f1b9b85377cb31c637acb6f5ef8f	1295
mods/heroes.stormmod/enus.stormassets/localizeddata/sounds/vo/lichking_vox_attackshort03.ogg	05838ab56b649d95c5d562f9748000b7	19313
mods/heroes.stormmod/enus.stormassets/localizeddata/sounds/vo/lichking_vox_attackshort04.fxe	c05fbbb6282a44255dd096b09117ee6c	1183
mods/heroes.stormmod/enus.stormassets/localizeddata/sounds/vo/lichking_vox_attackshort04.ogg	63cb8698895cf9b4aaf95c952a5f4d71	17953
mods/heroes.stormmod/enus.stormassets/localizeddata/sounds/vo/lichking_vox_attackshort05.fxe	10e29baf7cdf6c6b656aa80414aed79c	991
mods/heroes.stormmod/enus.stormassets/localizeddata/sounds/vo/lichking_vox_attackshort05.ogg	518232f8258b80b8cea1eaef2687eeef	17317
mods/heroes.stormmod/enus.stormassets/localizeddata/sounds/vo/lichking_vox_attackshort06.fxe	8f30d7d753b3ec4cd91222775627540c	1007
mods/heroes.stormmod/enus.stormassets/localizeddata/sounds/vo/lichking_vox_attackshort06.ogg	5ff1adfaff5109fd5a589245ade536bf	18785
mods/heroes.stormmod/enus.stormassets/localizeddata/sounds/vo/lichking_vox_attackshort07.fxe	c5074b3e9461c18623e0039500c68d6e	943
mods/heroes.stormmod/enus.stormassets/localizeddata/sounds/vo/lichking_vox_attackshort07.ogg	d05a3ec2e485e1b29489e8d40b571ba1	18497
mods/heroes.stormmod/enus.stormassets/localizeddata/sounds/vo/lichking_vox_attackshort08.fxe	0fb1aba572bc9330cff2145974ca7dc8	1199
mods/heroes.stormmod/enus.stormassets/localizeddata/sounds/vo/lichking_vox_attackshort08.ogg	75cbf310649b1c3230ae35f79d366d55	17933
mods/heroes.stormmod/enus.stormassets/localizeddata/sounds/vo/lichking_vox_attackshort09.fxe	e201b6031badc90c4f754f6d2338239e	1119
mods/heroes.stormmod/enus.stormassets/localizeddata/sounds/vo/lichking_vox_attackshort09.ogg	4686ff047a06fe9d17dae0375861703c	19340
mods/heroes.stormmod/enus.stormassets/localizeddata/sounds/vo/lichking_vox_casting01.fxe	ad313e9fcab04320a2a2b1e32b895487	1195
mods/heroes.stormmod/enus.stormassets/localizeddata/sounds/vo/lichking_vox_casting01.ogg	0cfba86361d0f37893c7072760ab6964	24003
mods/heroes.stormmod/enus.stormassets/localizeddata/sounds/vo/lichking_vox_casting02.fxe	c03a8e7fd29be7fe7fb63f6e3a35d687	1195
mods/heroes.stormmod/enus.stormassets/localizeddata/sounds/vo/lichking_vox_casting02.ogg	539aaed752059bc22a6cabd0d16006ee	24711
mods/heroes.stormmod/enus.stormassets/localizeddata/sounds/vo/lichking_vox_casting03.fxe	d077a44358f04003f3fb98c398b797b7	859
mods/heroes.stormmod/enus.stormassets/localizeddata/sounds/vo/lichking_vox_casting03.ogg	750a52a92c378b96c7be62c8e0745b23	22176
mods/heroes.stormmod/enus.stormassets/localizeddata/sounds/vo/lichking_vox_casting04.fxe	cee2b27c7565173d76f9fc4d9fafc4f9	1435
mods/heroes.stormmod/enus.stormassets/localizeddata/sounds/vo/lichking_vox_casting04.ogg	f5347735052f0ca89e4b7db338dbc3ad	24181
mods/heroes.stormmod/enus.stormassets/localizeddata/sounds/vo/lichking_vox_casting06.fxe	f6b550e9d0a80f4ed357877c22b36f9c	1323
mods/heroes.stormmod/enus.stormassets/localizeddata/sounds/vo/lichking_vox_casting06.ogg	bc7500a473c5a1062c12be8f6cb1c97e	24464
mods/heroes.stormmod/enus.stormassets/localizeddata/sounds/vo/lichking_vox_casting07.fxe	fc0978811c3accdb42c776c9485ad508	1499
mods/heroes.stormmod/enus.stormassets/localizeddata/sounds/vo/lichking_vox_casting07.ogg	86bd29552ad3e1e3bd6b458183d5fda9	28408
mods/heroes.stormmod/enus.stormassets/localizeddata/sounds/vo/lichking_vox_casting08.fxe	deb57650ac939c13cf4995daf650ddba	1179
mods/heroes.stormmod/enus.stormassets/localizeddata/sounds/vo/lichking_vox_casting08.ogg	eec419a1b5db50b3bbb44a71b0f57faf	27537
mods/heroes.stormmod/enus.stormassets/localizeddata/sounds/vo/lichking_vox_casting09.fxe	ea8f63a3d60893690535bef354387ac0	1435
mods/heroes.stormmod/enus.stormassets/localizeddata/sounds/vo/lichking_vox_casting09.ogg	d97d343389e631c69837565a003698e9	27258
mods/heroes.stormmod/enus.stormassets/localizeddata/sounds/vo/lichking_vox_casting10.fxe	9595d9fb0b515af24a0385107f7a1b39	1067
mods/heroes.stormmod/enus.stormassets/localizeddata/sounds/vo/lichking_vox_casting10.ogg	1b2392886232fd7050e47b56d3d26dda	28675
mods/heroes.stormmod/enus.stormassets/localizeddata/sounds/vo/lichking_vox_casting11.fxe	ca656d24096f1804caebd93628f1655b	1611
mods/heroes.stormmod/enus.stormassets/localizeddata/sounds/vo/lichking_vox_casting11.ogg	8b863f3a57070441c24d1a23730ee958	29720
mods/heroes.stormmod/enus.stormassets/localizeddata/sounds/vo/lichking_vox_cheer00.fxe	3a384521c9a346c031a236982cc5b7ae	3081
mods/heroes.stormmod/enus.stormassets/localizeddata/sounds/vo/lichking_vox_cheer00.ogg	7273d44141c116c89794dc6464a0e2a2	46431
mods/heroes.stormmod/enus.stormassets/localizeddata/sounds/vo/lichking_vox_gethit01.fxe	a14f00984637cecd6d84e093f6dcaa4a	1338
mods/heroes.stormmod/enus.stormassets/localizeddata/sounds/vo/lichking_vox_gethit01.ogg	a10a5c8f0d7362f08fc18323c524f75c	21277
mods/heroes.stormmod/enus.stormassets/localizeddata/sounds/vo/lichking_vox_gethit02.fxe	9bd458cfb6628ba0aaba4f336acf1a3b	1386
mods/heroes.stormmod/enus.stormassets/localizeddata/sounds/vo/lichking_vox_gethit02.ogg	be4070fe096cee6767c1875144fb95b4	21415
mods/heroes.stormmod/enus.stormassets/localizeddata/sounds/vo/lichking_vox_gethit03.fxe	1b398c2e31402488f9053b9ab5227888	1130
mods/heroes.stormmod/enus.stormassets/localizeddata/sounds/vo/lichking_vox_gethit03.ogg	3caaee7b303a786a9a84e1217815cda4	20737
mods/heroes.stormmod/enus.stormassets/localizeddata/sounds/vo/lichking_vox_gethit04.fxe	a2e8b46382e01fd282d2051a06bf4658	1226
mods/heroes.stormmod/enus.stormassets/localizeddata/sounds/vo/lichking_vox_gethit04.ogg	a57f9920ac9402270d8c14e07fdc78a4	20731
mods/heroes.stormmod/enus.stormassets/localizeddata/sounds/vo/lichking_vox_gethit05.fxe	34df2eb5a112925b4ffc571f5f1480e1	1322
mods/heroes.stormmod/enus.stormassets/localizeddata/sounds/vo/lichking_vox_gethit05.ogg	4c7fb977abccca9764b0d59db60c4767	25396
mods/heroes.stormmod/enus.stormassets/localizeddata/sounds/vo/lichking_vox_gethit06.fxe	c5761c0602a0cd6eb9b49e73e3b7b39f	1258
mods/heroes.stormmod/enus.stormassets/localizeddata/sounds/vo/lichking_vox_gethit06.ogg	b8735469f11762a3461c33567839d012	23336
mods/heroes.stormmod/enus.stormassets/localizeddata/sounds/vo/lichking_vox_gethit07.fxe	4adf2e9c221aaf9cc81207007beb9e12	1146
mods/heroes.stormmod/enus.stormassets/localizeddata/sounds/vo/lichking_vox_gethit07.ogg	7ec32b214f8fa6d35d0a4ece875935d2	23856
mods/heroes.stormmod/enus.stormassets/localizeddata/sounds/vo/lichking_vox_gethit08.fxe	dac98ada0cd2d3483284073bcc825d29	1146
mods/heroes.stormmod/enus.stormassets/localizeddata/sounds/vo/lichking_vox_gethit08.ogg	7835de8af906244e658953f0c12a3259	23294
mods/heroes.stormmod/enus.stormassets/localizeddata/sounds/vo/lichking_vox_gethit09.fxe	b7fda735afaf1016a66135994339362a	1258
mods/heroes.stormmod/enus.stormassets/localizeddata/sounds/vo/lichking_vox_gethit09.ogg	30b67286f18ec779a3e2e6d61a5db55f	24612
mods/heroes.stormmod/enus.stormassets/localizeddata/sounds/vo/lichking_vox_gethit10.fxe	de461684774cbaa2143576631079f204	1386
mods/heroes.stormmod/enus.stormassets/localizeddata/sounds/vo/lichking_vox_gethit10.ogg	094d02c745f304e29d97ba4cd784a3a6	24951
mods/heroes.stormmod/enus.stormassets/localizeddata/sounds/vo/lichking_vox_gethit11.fxe	b0207e0dcaa9319b5e447bee2d74fac6	1418
mods/heroes.stormmod/enus.stormassets/localizeddata/sounds/vo/lichking_vox_gethit11.ogg	2154bac24814a0302aa3f38eb0cdbb98	24852
mods/heroes.stormmod/enus.stormassets/localizeddata/sounds/vo/lichking_vox_gethit12.fxe	a01a617c70f962d4258014917dc7075e	1354
mods/heroes.stormmod/enus.stormassets/localizeddata/sounds/vo/lichking_vox_gethit12.ogg	289d8351892edaef5c38bc8ae0307304	27369
mods/heroes.stormmod/enus.stormassets/localizeddata/sounds/vo/lichking_vox_gethit13.fxe	8e47172b911ddaa241fc236c390034fd	1482
mods/heroes.stormmod/enus.stormassets/localizeddata/sounds/vo/lichking_vox_gethit13.ogg	94345e9acf4f91cead8a2709c9fd8d21	26620
mods/heroes.stormmod/enus.stormassets/localizeddata/sounds/vo/lichking_vox_gethit14.fxe	47b30f4618c02705463e59eeca295036	1722
mods/heroes.stormmod/enus.stormassets/localizeddata/sounds/vo/lichking_vox_gethit14.ogg	321dff58943f3fe19a140f474fedd7d2	26241
mods/heroes.stormmod/enus.stormassets/localizeddata/sounds/vo/lichking_vox_gethit15.fxe	84043e5676a654f69d0aead3a6f8649f	1370
mods/heroes.stormmod/enus.stormassets/localizeddata/sounds/vo/lichking_vox_gethit15.ogg	b77148d7b247ad153bd61f57c114e8b1	26313
mods/heroes.stormmod/enus.stormassets/localizeddata/sounds/vo/lichking_vox_gethit16.fxe	b764ece46057c6c16d66b6b5664cf74c	1258
mods/heroes.stormmod/enus.stormassets/localizeddata/sounds/vo/lichking_vox_gethit16.ogg	e73abcd94faada41601e073cb5762bea	25198
mods/heroes.stormmod/enus.stormassets/localizeddata/sounds/vo/lichking_vox_gethit17.fxe	c0f2d40b9c487dc9ab38c21b7651c2e9	1322
mods/heroes.stormmod/enus.stormassets/localizeddata/sounds/vo/lichking_vox_gethit17.ogg	b27399d10da78485f1465fb634e177b4	24934
mods/heroes.stormmod/enus.stormassets/localizeddata/sounds/vo/lichking_vox_gethit18.fxe	ea7fc6bce9fbdbddd40840b4699fac69	1114
mods/heroes.stormmod/enus.stormassets/localizeddata/sounds/vo/lichking_vox_gethit18.ogg	b278dc96f7f42a4eefb9da3601b9df54	26851
mods/heroes.stormmod/enus.stormassets/localizeddata/sounds/vo/lichking_vox_gethit19.fxe	1884e6e59eb30567fc9c033450aec62b	1450
mods/heroes.stormmod/enus.stormassets/localizeddata/sounds/vo/lichking_vox_gethit19.ogg	e6c37247cd03ef9fc1810c6fafbad894	21888
mods/heroes.stormmod/enus.stormassets/localizeddata/sounds/vo/lichking_vox_pulled01.fxe	e2ada02559a7904710d9ff9d36a8d604	1626
mods/heroes.stormmod/enus.stormassets/localizeddata/sounds/vo/lichking_vox_pulled01.ogg	61250a0dd9192e9db4e8d7e43378af32	24418
mods/heroes.stormmod/enus.stormassets/localizeddata/sounds/vo/lichking_vox_pulled03.fxe	3664d142e4664ff42b25d15aa9c86da9	1738
mods/heroes.stormmod/enus.stormassets/localizeddata/sounds/vo/lichking_vox_pulled03.ogg	038b743ac3eeebc3022c0f05959b3cb2	26837
mods/heroes.stormmod/enus.stormassets/localizeddata/sounds/vo/lichking_vox_pulled04.fxe	625e8e61ea52e20a54dd5ab9dd2e7ece	1370
mods/heroes.stormmod/enus.stormassets/localizeddata/sounds/vo/lichking_vox_pulled04.ogg	8936a40b286037dd23f2384347d436fd	25823
mods/heroes.stormmod/enus.stormassets/localizeddata/sounds/vo/lichking_vox_pulled05.fxe	d66afff9535abe61f5f58099cc5079b7	1530
mods/heroes.stormmod/enus.stormassets/localizeddata/sounds/vo/lichking_vox_pulled05.ogg	9e8b2265ff8f0cc76b5246c89559af85	29016
mods/heroes.stormmod/enus.stormassets/localizeddata/sounds/vo/lichking_vox_pulled07.fxe	8e89053cb33c6204423d95032d0b6566	1578
mods/heroes.stormmod/enus.stormassets/localizeddata/sounds/vo/lichking_vox_pulled07.ogg	d302f2d2f11c7aae11048016476e5b1f	25261
mods/heroes.stormmod/enus.stormassets/localizeddata/sounds/vo/lichking_worthit00.fxe	d10d07f72ba330ce0f48389aba497f9d	1719
mods/heroes.stormmod/enus.stormassets/localizeddata/sounds/vo/lichking_worthit00.ogg	4539c7af1132f8b1561ef38b5629d71d	45573
mods/heroes.stormmod/enus.stormassets/localizeddata/sounds/vo/lichking_worthit01.fxe	976b9cde922818ba90567d22090bc766	1415
mods/heroes.stormmod/enus.stormassets/localizeddata/sounds/vo/lichking_worthit01.ogg	094e3caf9be2e89aec4653628b6a3810	37350
mods/heroes.stormmod/enus.stormassets/localizeddata/sounds/vo/lichking_yes00.fxe	f3539ee1136d716cb26744343aa23ab0	1635
mods/heroes.stormmod/enus.stormassets/localizeddata/sounds/vo/lichking_yes00.ogg	471859ae371a14b85b3400a3ba8d853e	51605
mods/heroes.stormmod/enus.stormassets/localizeddata/sounds/vo/lichking_yes01.fxe	c56182c743fe3acb9b52a63119a1339d	1843
mods/heroes.stormmod/enus.stormassets/localizeddata/sounds/vo/lichking_yes01.ogg	7ae6fc43d8ddd5da00527d58ae3e88e1	61949
mods/heroes.stormmod/enus.stormassets/localizeddata/sounds/vo/lichking_yes02.fxe	f904e3a8569172bb3d59f18d7176780f	2259
mods/heroes.stormmod/enus.stormassets/localizeddata/sounds/vo/lichking_yes02.ogg	aa1345ca33e180e6ec79785da44e426f	51911
mods/heroes.stormmod/enus.stormassets/localizeddata/sounds/vo/lichking_yes03.fxe	49ed3405b43f96e76ea2fb5224673320	1843
mods/heroes.stormmod/enus.stormassets/localizeddata/sounds/vo/lichking_yes03.ogg	88abde9bb578f0cf48a67ae2362d1a17	59041
mods/heroes.stormmod/enus.stormassets/localizeddata/sounds/vo/lichking_yes04.fxe	058d4648636e0cd86f9cc5f0e8692a44	1267
mods/heroes.stormmod/enus.stormassets/localizeddata/sounds/vo/lichking_yes04.ogg	206f92e46d210c923bb37be6a432f4fb	47259
mods/heroes.stormmod/enus.stormassets/localizeddata/sounds/vo/lichking_yes05.fxe	35c5da1399542dfce2ec2d41ccbfbe5c	1187
mods/heroes.stormmod/enus.stormassets/localizeddata/sounds/vo/lichking_yes05.ogg	acc9c09a1e77351e2789098f71c2b813	24034
mods/heroes.stormmod/enus.stormassets/localizeddata/sounds/vo/lichking_yes06.fxe	8468c69be3d234ecd6752a933c800fb3	1363
mods/heroes.stormmod/enus.stormassets/localizeddata/sounds/vo/lichking_yes06.ogg	1f56d5e6495be1d979c4dc8a8be8819c	37965
mods/heroes.stormmod/enus.stormassets/localizeddata/sounds/vo/lichking_yes07.fxe	0cf6ad85ee3d5cac53a5ca41ddd27d78	1123
mods/heroes.stormmod/enus.stormassets/localizeddata/sounds/vo/lichking_yes07.ogg	3ffb586854f93bbe28c22312e290874d	26565
mods/heroes.stormmod/enus.stormassets/localizeddata/sounds/vo/lichking_yes08_alt2.fxe	2139a93440a5d070a0c54671264c724f	1208
mods/heroes.stormmod/enus.stormassets/localizeddata/sounds/vo/lichking_yes08_alt2.ogg	1056befaacbfbb2985be0c2f15e95f2b	30153
mods/heroes.stormmod/enus.stormassets/localizeddata/sounds/vo/lili_ai_attack00.fxe	b5c3470b865bf7fc4367777af038df5e	2323
mods/heroes.stormmod/enus.stormassets/localizeddata/sounds/vo/lili_ai_attack00.ogg	b2d0b469bc5db4a9de20f5527ad99db2	40920
mods/heroes.stormmod/enus.stormassets/localizeddata/sounds/vo/lili_ai_attack01.fxe	bf0dcf3d7667ce686a3b69cb446761d2	2051
mods/heroes.stormmod/enus.stormassets/localizeddata/sounds/vo/lili_ai_attack01.ogg	e6a5b401c6ff60c7d3c3678dab079aa7	34106
mods/heroes.stormmod/enus.stormassets/localizeddata/sounds/vo/lili_ai_attack02.fxe	db84c1cb7677becb67495f83d4855b14	1299
mods/heroes.stormmod/enus.stormassets/localizeddata/sounds/vo/lili_ai_attack02.ogg	f8017543b9cd9539673501527e87bbb7	26563
mods/heroes.stormmod/enus.stormassets/localizeddata/sounds/vo/lili_ai_caution00.fxe	13b5d73967bb964d34b4058af2ddc5c7	1700
mods/heroes.stormmod/enus.stormassets/localizeddata/sounds/vo/lili_ai_caution00.ogg	d08c9567e454edec4ced8bce289dab3f	22675
mods/heroes.stormmod/enus.stormassets/localizeddata/sounds/vo/lili_ai_goodjob00.fxe	438e0ab44bdcbe0f809f38145a79a426	1636
mods/heroes.stormmod/enus.stormassets/localizeddata/sounds/vo/lili_ai_goodjob00.ogg	abcacde577fda53ed12fbe543573926c	48861
mods/heroes.stormmod/enus.stormassets/localizeddata/sounds/vo/lili_ai_goodjob01.fxe	494712296cd7b9b91f3b8dbb0d45ba06	980
mods/heroes.stormmod/enus.stormassets/localizeddata/sounds/vo/lili_ai_goodjob01.ogg	412a17bc03c5a6b5052e2a205bdbcb7c	28712
mods/heroes.stormmod/enus.stormassets/localizeddata/sounds/vo/lili_ai_goodjob02.fxe	63d1fb1a518e6f68f9c08860a7e8fce3	884
mods/heroes.stormmod/enus.stormassets/localizeddata/sounds/vo/lili_ai_goodjob02.ogg	b985e3abc16b11e6c6ce56ddb9206568	22639
mods/heroes.stormmod/enus.stormassets/localizeddata/sounds/vo/lili_ai_heal00.fxe	737cda9097d615777ff1352ce0669880	2657
mods/heroes.stormmod/enus.stormassets/localizeddata/sounds/vo/lili_ai_heal00.ogg	788105582d2b90d399c0614c6927eaa0	41195
mods/heroes.stormmod/enus.stormassets/localizeddata/sounds/vo/lili_ai_heal01.fxe	e52fc5506b2977a19eddbae5c3098db4	3185
mods/heroes.stormmod/enus.stormassets/localizeddata/sounds/vo/lili_ai_heal01.ogg	a381263258b72cd201bc535505eea9b3	55478
mods/heroes.stormmod/enus.stormassets/localizeddata/sounds/vo/lili_ai_onmyway00.fxe	b7f36cb5b5754842d74c26bd600e5104	1444
mods/heroes.stormmod/enus.stormassets/localizeddata/sounds/vo/lili_ai_onmyway00.ogg	292da7430c6b4b345d3da5c8e15b31f9	24182
mods/heroes.stormmod/enus.stormassets/localizeddata/sounds/vo/lili_ai_onmyway01.fxe	af2c22575039b2f01caee013b8c3551d	1540
mods/heroes.stormmod/enus.stormassets/localizeddata/sounds/vo/lili_ai_onmyway01.ogg	28d0f59ba318e4d33ca0946bae4b4596	22130
mods/heroes.stormmod/enus.stormassets/localizeddata/sounds/vo/lili_ai_retreat00.fxe	87c5cc4a41c9a771a7c5fefd9fd33850	1844
mods/heroes.stormmod/enus.stormassets/localizeddata/sounds/vo/lili_ai_retreat00.ogg	2489048f867ced7e603ecc1c91cd00f0	36737
mods/heroes.stormmod/enus.stormassets/localizeddata/sounds/vo/lili_ai_retreat01.fxe	6dc76cfdd7ad7f16194b56c7f91e428a	2052
mods/heroes.stormmod/enus.stormassets/localizeddata/sounds/vo/lili_ai_retreat01.ogg	7a51909812fd1bbe78c1f2a71f341005	31671
mods/heroes.stormmod/enus.stormassets/localizeddata/sounds/vo/lili_ai_uhoh00.fxe	4d86c5a23253c2fd0348be3167c6d31d	1553
mods/heroes.stormmod/enus.stormassets/localizeddata/sounds/vo/lili_ai_uhoh00.ogg	11e2f9bb7450a5f54bd9950c4883e64e	23940
mods/heroes.stormmod/enus.stormassets/localizeddata/sounds/vo/lili_ai_uhoh01.fxe	132195ab95313137d33db2fc6fb25f76	1697
mods/heroes.stormmod/enus.stormassets/localizeddata/sounds/vo/lili_ai_uhoh01.ogg	b66a9a91a606a9e6ea23ffc73975ceb3	38879
mods/heroes.stormmod/enus.stormassets/localizeddata/sounds/vo/lili_ai_uhoh02.fxe	de44bb4931af162e02e91ce5c55be21b	929
mods/heroes.stormmod/enus.stormassets/localizeddata/sounds/vo/lili_ai_uhoh02.ogg	2569f9b87426f6a29f657df1ec7e2231	20957
mods/heroes.stormmod/enus.stormassets/localizeddata/sounds/vo/lili_assist_hero00.fxe	4eb406fe0921a716e412703b2e7538e4	2245
mods/heroes.stormmod/enus.stormassets/localizeddata/sounds/vo/lili_assist_hero00.ogg	d5cd4c0f704bbd9f4df340417912a995	30071
mods/heroes.stormmod/enus.stormassets/localizeddata/sounds/vo/lili_assist_me00.fxe	472e5d313bbb32cdd233e6781de52984	1587
mods/heroes.stormmod/enus.stormassets/localizeddata/sounds/vo/lili_assist_me00.ogg	9329405e6bb7285e76cd34916b73a72b	33139
mods/heroes.stormmod/enus.stormassets/localizeddata/sounds/vo/lili_assist_me01.fxe	d3e0d81cafe46849ddef8760457c98ba	2035
mods/heroes.stormmod/enus.stormassets/localizeddata/sounds/vo/lili_assist_me01.ogg	aa2c3f4167af87269f08dd2ef042bff0	26318
mods/heroes.stormmod/enus.stormassets/localizeddata/sounds/vo/lili_attack00.fxe	89aef16aee576d94611037ab1a786d61	2032
mods/heroes.stormmod/enus.stormassets/localizeddata/sounds/vo/lili_attack00.ogg	788d83b5484b895348c13a88ea6a4f5c	28272
mods/heroes.stormmod/enus.stormassets/localizeddata/sounds/vo/lili_attack01.fxe	9cc5a546f5849b587a2d5261494d0d89	1728
mods/heroes.stormmod/enus.stormassets/localizeddata/sounds/vo/lili_attack01.ogg	f25159da6213e03a4c99aaf485410566	25304
mods/heroes.stormmod/enus.stormassets/localizeddata/sounds/vo/lili_attack02.fxe	7d707a9c0bc49af1aeabf0cbd44ae8c1	1424
mods/heroes.stormmod/enus.stormassets/localizeddata/sounds/vo/lili_attack02.ogg	e8dc3a62424853f5f8124a733e6174e9	23864
mods/heroes.stormmod/enus.stormassets/localizeddata/sounds/vo/lili_attack03.fxe	c3179b1a1aa653a73d585e087ec79241	1680
mods/heroes.stormmod/enus.stormassets/localizeddata/sounds/vo/lili_attack03.ogg	70db464dbd7e303de26a58e8ecdcda9d	35722
mods/heroes.stormmod/enus.stormassets/localizeddata/sounds/vo/lili_attack04.fxe	1e17215ddaa50b6c59a37545328383e2	1216
mods/heroes.stormmod/enus.stormassets/localizeddata/sounds/vo/lili_attack04.ogg	a190f2a7c7c9f8c98ff75d8f72a75550	26813
mods/heroes.stormmod/enus.stormassets/localizeddata/sounds/vo/lili_attack05.fxe	10e99ef0a34d561242484a981d70f205	1120
mods/heroes.stormmod/enus.stormassets/localizeddata/sounds/vo/lili_attack05.ogg	6f558bf5ae0b4a8beec3a5ae3eb6ec93	29756
mods/heroes.stormmod/enus.stormassets/localizeddata/sounds/vo/lili_attack06.fxe	c97c0bdc4222945d18b2fa6794fe4cdb	2016
mods/heroes.stormmod/enus.stormassets/localizeddata/sounds/vo/lili_attack06.ogg	f30197b9d72ec50ca7a9ab112e396c2b	39736
mods/heroes.stormmod/enus.stormassets/localizeddata/sounds/vo/lili_celebrate00.fxe	c2f49ad4f9c1f01a8e4c6537df3514fb	1059
mods/heroes.stormmod/enus.stormassets/localizeddata/sounds/vo/lili_celebrate00.ogg	f7ce4ae0796675a23f93e0e500cf48d0	28952
mods/heroes.stormmod/enus.stormassets/localizeddata/sounds/vo/lili_celebrate01.fxe	5969d612840d699bc5bc2ebf0ee680a6	1299
mods/heroes.stormmod/enus.stormassets/localizeddata/sounds/vo/lili_celebrate01.ogg	e66652821ba96af2b7b13da62e71aa72	26174
mods/heroes.stormmod/enus.stormassets/localizeddata/sounds/vo/lili_celebrate02.fxe	6a6683e27101672d1e59f90681359e20	1171
mods/heroes.stormmod/enus.stormassets/localizeddata/sounds/vo/lili_celebrate02.ogg	4ebbd566faa1e1b8901a16b554c5317b	23765
mods/heroes.stormmod/enus.stormassets/localizeddata/sounds/vo/lili_comeback00.fxe	012262bac4968661c72f56b1e10e0d2d	2354
mods/heroes.stormmod/enus.stormassets/localizeddata/sounds/vo/lili_comeback00.ogg	49a2992045672b34d2f2b4e8c1d49150	44558
mods/heroes.stormmod/enus.stormassets/localizeddata/sounds/vo/lili_death01.fxe	1110219496ac6183c55955e84645f9d5	1615
mods/heroes.stormmod/enus.stormassets/localizeddata/sounds/vo/lili_death01.wav	7b64f0e0ffb12cdc93634510d522a677	63292
mods/heroes.stormmod/enus.stormassets/localizeddata/sounds/vo/lili_death02.fxe	db969c8eaa9923a36f72b76c0e2019ee	1567
mods/heroes.stormmod/enus.stormassets/localizeddata/sounds/vo/lili_death02.wav	435604ef7e7d278e20f945a6836c2f64	70716
mods/heroes.stormmod/enus.stormassets/localizeddata/sounds/vo/lili_death03.fxe	aed268f63fe79c114cfa1046984a439e	2399
mods/heroes.stormmod/enus.stormassets/localizeddata/sounds/vo/lili_death03.wav	f34afb4b426d1f31862cf8096d1d2783	73788
mods/heroes.stormmod/enus.stormassets/localizeddata/sounds/vo/lili_death04.wav	e31759d547020fd014bc24f200305002	72764
mods/heroes.stormmod/enus.stormassets/localizeddata/sounds/vo/lili_death05.wav	252043c79271a8627ba3e4d981c41656	63036
mods/heroes.stormmod/enus.stormassets/localizeddata/sounds/vo/lili_death06.wav	ad800958d519c4eccfc74703f9fcb2da	65596
mods/heroes.stormmod/enus.stormassets/localizeddata/sounds/vo/lili_death07.wav	bb00d9f086f8dea19df6906150885c28	59708
mods/heroes.stormmod/enus.stormassets/localizeddata/sounds/vo/lili_death08.wav	9cd7f3e7f5d18784bf655dfd8ddef2ac	89916
mods/heroes.stormmod/enus.stormassets/localizeddata/sounds/vo/lili_healed00.fxe	ab853805110d4ae7fa2101a45525ce47	2224
mods/heroes.stormmod/enus.stormassets/localizeddata/sounds/vo/lili_healed00.ogg	30d2206d0127a7bf74fe58e018a83829	36090
mods/heroes.stormmod/enus.stormassets/localizeddata/sounds/vo/lili_healed01.fxe	eea6fb6729ce68c2b992276a69440041	2272
mods/heroes.stormmod/enus.stormassets/localizeddata/sounds/vo/lili_healed01.ogg	693fa88ca7da5d3754aa6657bf38251c	45182
mods/heroes.stormmod/enus.stormassets/localizeddata/sounds/vo/lili_healed02.fxe	a748f40026fe1a9ceb0a95e5fbfee8a7	1344
mods/heroes.stormmod/enus.stormassets/localizeddata/sounds/vo/lili_healed02.ogg	2f0047d3a2c1886b8e49d661d2a39dc1	25997
mods/heroes.stormmod/enus.stormassets/localizeddata/sounds/vo/lili_introagree00.fxe	99b525ebbcd8a50df6c9aaf9c13a3e16	1988
mods/heroes.stormmod/enus.stormassets/localizeddata/sounds/vo/lili_introagree00.ogg	5cd7a6a11aa0b4f062bf372390c16b35	28927
mods/heroes.stormmod/enus.stormassets/localizeddata/sounds/vo/lili_introagree01.fxe	e78220dbe6b44ebf725d394b344b1223	2356
mods/heroes.stormmod/enus.stormassets/localizeddata/sounds/vo/lili_introagree01.ogg	c4da2f0821404497ace263faf293a2ff	41606
mods/heroes.stormmod/enus.stormassets/localizeddata/sounds/vo/lili_introagree02.fxe	7093bdeb637bd31a746a647ccf4aabe7	2164
mods/heroes.stormmod/enus.stormassets/localizeddata/sounds/vo/lili_introagree02.ogg	2b3413bc0a221d35f4ae9fbbc512d29f	35593
mods/heroes.stormmod/enus.stormassets/localizeddata/sounds/vo/lili_introboast00.fxe	d7bcd2cbf4de8b47206a44c30c153f02	2292
mods/heroes.stormmod/enus.stormassets/localizeddata/sounds/vo/lili_introboast00.ogg	b248766ab83790deeaad02ae40648eb3	36188
mods/heroes.stormmod/enus.stormassets/localizeddata/sounds/vo/lili_introboast01.fxe	30d57a7ea4ba585d98c542f4db0f963a	1764
mods/heroes.stormmod/enus.stormassets/localizeddata/sounds/vo/lili_introboast01.ogg	6692bd27448cf2fb12ee8223030ecdc4	26701
mods/heroes.stormmod/enus.stormassets/localizeddata/sounds/vo/lili_introquestion00.fxe	31cfa07fd0e1767bbe03239ff3ad334f	2375
mods/heroes.stormmod/enus.stormassets/localizeddata/sounds/vo/lili_introquestion00.ogg	7d4a87b0482121d0c6afcf483c64e0dd	35490
mods/heroes.stormmod/enus.stormassets/localizeddata/sounds/vo/lili_introquestion01.fxe	092408f654653a9bc2c883bb6819e076	2727
mods/heroes.stormmod/enus.stormassets/localizeddata/sounds/vo/lili_introquestion01.ogg	234f4a64acd51a2d8ae102c2d1453065	42888
mods/heroes.stormmod/enus.stormassets/localizeddata/sounds/vo/lili_introquestion_chen00.fxe	76d249a817e0449288808b7c36b7103c	2140
mods/heroes.stormmod/enus.stormassets/localizeddata/sounds/vo/lili_introquestion_chen00.ogg	f83d087c0bac05d173ab12872dec3cf0	42676
mods/heroes.stormmod/enus.stormassets/localizeddata/sounds/vo/lili_introquestion_murky00.fxe	9a96ecd18dec92498bb9b41ba525c694	1901
mods/heroes.stormmod/enus.stormassets/localizeddata/sounds/vo/lili_introquestion_murky00.ogg	9552b0e4609561bf1b0959eb31b72b4e	28381
mods/heroes.stormmod/enus.stormassets/localizeddata/sounds/vo/lili_introquestion_negative00.fxe	9bc01937f9b152bdb8e19ebc99b2a3fc	2608
mods/heroes.stormmod/enus.stormassets/localizeddata/sounds/vo/lili_introquestion_negative00.ogg	68b1819f99a522f08dccbf49e6e6c057	42022
mods/heroes.stormmod/enus.stormassets/localizeddata/sounds/vo/lili_introquestion_positive00.fxe	a692215c10a932a46bb00dbb2185a6a4	1872
mods/heroes.stormmod/enus.stormassets/localizeddata/sounds/vo/lili_introquestion_positive00.ogg	1360212cfae6155b24e0319ee2275b58	37593
mods/heroes.stormmod/enus.stormassets/localizeddata/sounds/vo/lili_introrespond00.fxe	09b8b8fc82695641a22143f07e61d7af	2438
mods/heroes.stormmod/enus.stormassets/localizeddata/sounds/vo/lili_introrespond00.ogg	16f7cb280a758a85fb284c29e8f0c9c9	41076
mods/heroes.stormmod/enus.stormassets/localizeddata/sounds/vo/lili_introrespond01.fxe	1a6389d5b429a7f9c6c021ddc1eec268	2390
mods/heroes.stormmod/enus.stormassets/localizeddata/sounds/vo/lili_introrespond01.ogg	89f50575d7b54523a8bd4a01f5f89bff	41707
mods/heroes.stormmod/enus.stormassets/localizeddata/sounds/vo/lili_introrespond02.fxe	4836173cef9fe31cf1216331ece96335	1846
mods/heroes.stormmod/enus.stormassets/localizeddata/sounds/vo/lili_introrespond02.ogg	74bc6a26e44ae5d0167b2616815854a6	29874
mods/heroes.stormmod/enus.stormassets/localizeddata/sounds/vo/lili_introresponse_chen00.fxe	d74c073ebec76b19df2bea02a2e98c78	2268
mods/heroes.stormmod/enus.stormassets/localizeddata/sounds/vo/lili_introresponse_chen00.ogg	212ef47780aa2b9159a4fd9d34a1e5d4	42811
mods/heroes.stormmod/enus.stormassets/localizeddata/sounds/vo/lili_introresponse_murky00.fxe	44570cd2d729e13ac55c3ab06eb27d0a	1581
mods/heroes.stormmod/enus.stormassets/localizeddata/sounds/vo/lili_introresponse_murky00.ogg	099a8be83f406d22e9968f1a0ff96e66	36524
mods/heroes.stormmod/enus.stormassets/localizeddata/sounds/vo/lili_introresponse_negative00.fxe	a2109c51d49ad19a5225ae425a7d76c7	1136
mods/heroes.stormmod/enus.stormassets/localizeddata/sounds/vo/lili_introresponse_negative00.ogg	9fad93d798376b50b3fb9863aa700e74	27054
mods/heroes.stormmod/enus.stormassets/localizeddata/sounds/vo/lili_introresponse_positive00.fxe	5fd7cbf283b598a3e313a805235ffeef	2096
mods/heroes.stormmod/enus.stormassets/localizeddata/sounds/vo/lili_introresponse_positive00.ogg	07ce07248244effdda112a52b876a95b	35021
mods/heroes.stormmod/enus.stormassets/localizeddata/sounds/vo/lili_kill00.fxe	15bac982cf2b975ab62c00126f95688a	1534
mods/heroes.stormmod/enus.stormassets/localizeddata/sounds/vo/lili_kill00.ogg	07d42802ec3c8a3652e0a3c636663fc6	30532
mods/heroes.stormmod/enus.stormassets/localizeddata/sounds/vo/lili_kill01.fxe	dac6763ec3ed1aa06af71db8d3682cd3	1726
mods/heroes.stormmod/enus.stormassets/localizeddata/sounds/vo/lili_kill01.ogg	75a5f931b14ac3466d7a238272309be9	26253
mods/heroes.stormmod/enus.stormassets/localizeddata/sounds/vo/lili_kill03.fxe	77bcc55abfb32ae150ec7a2ca467cb67	910
mods/heroes.stormmod/enus.stormassets/localizeddata/sounds/vo/lili_kill03.ogg	27c754597210685eac01cd47f2c29dce	15310
mods/heroes.stormmod/enus.stormassets/localizeddata/sounds/vo/lili_kill04.fxe	1503d04875b766dfb0925554ecd53aed	1822
mods/heroes.stormmod/enus.stormassets/localizeddata/sounds/vo/lili_kill04.ogg	2b603307afd0ec3a5171d7cb174accc0	34871
mods/heroes.stormmod/enus.stormassets/localizeddata/sounds/vo/lili_killabathur00.fxe	a8b935ef3b08d657c762a344a6405d47	2373
mods/heroes.stormmod/enus.stormassets/localizeddata/sounds/vo/lili_killabathur00.ogg	0ccca8f902cbf8797862ea1e47ec87b7	53048
mods/heroes.stormmod/enus.stormassets/localizeddata/sounds/vo/lili_killanubarak00.fxe	485eaeb8051f6c0a54fda26a1e921802	1574
mods/heroes.stormmod/enus.stormassets/localizeddata/sounds/vo/lili_killanubarak00.ogg	e0fb2a00f46595b5561384e9ebd44bc3	48628
mods/heroes.stormmod/enus.stormassets/localizeddata/sounds/vo/lili_killchen00.fxe	0287184c97486ee88a3f340a28b56cb3	1522
mods/heroes.stormmod/enus.stormassets/localizeddata/sounds/vo/lili_killchen00.ogg	1593c1506b72d09f626c84d126041eaa	27059
mods/heroes.stormmod/enus.stormassets/localizeddata/sounds/vo/lili_killmurky00.fxe	865f5e5a3250713c08dfaa5f9f18c9ae	1699
mods/heroes.stormmod/enus.stormassets/localizeddata/sounds/vo/lili_killmurky00.ogg	af88b16dd31f8409fb6eb678dd04c1ac	25124
mods/heroes.stormmod/enus.stormassets/localizeddata/sounds/vo/lili_killsamuro00.fxe	d0975a4d58fb912639f1a26e00aa303b	3284
mods/heroes.stormmod/enus.stormassets/localizeddata/sounds/vo/lili_killsamuro00.ogg	1347a60e431cbe06d5ea8649587b19bb	60561
mods/heroes.stormmod/enus.stormassets/localizeddata/sounds/vo/lili_killspreeend00.fxe	9e2fd6b5f0622fa096f1737e8f4a06e4	2134
mods/heroes.stormmod/enus.stormassets/localizeddata/sounds/vo/lili_killspreeend00.ogg	5737e74f01809aa145f02a4f5eac8ec2	31917
mods/heroes.stormmod/enus.stormassets/localizeddata/sounds/vo/lili_killstitches00.fxe	90250bd36b3f23ec391e850fdec2fbe4	2582
mods/heroes.stormmod/enus.stormassets/localizeddata/sounds/vo/lili_killstitches00.ogg	d65fd72f58fcabc082834f1f14a7814f	57331
mods/heroes.stormmod/enus.stormassets/localizeddata/sounds/vo/lili_laugh00.fxe	806e81bd81894c68ba5e9eced6dd124b	2047
mods/heroes.stormmod/enus.stormassets/localizeddata/sounds/vo/lili_laugh00.ogg	b394400447db8bd857f3a9b9fa37d0aa	28962
mods/heroes.stormmod/enus.stormassets/localizeddata/sounds/vo/lili_lowlifeheal00.fxe	4e5390e0c5ade20daf21a919f2c39031	3093
mods/heroes.stormmod/enus.stormassets/localizeddata/sounds/vo/lili_lowlifeheal00.ogg	048f777e58d09a90d6f69af25a6f60bf	46129
mods/heroes.stormmod/enus.stormassets/localizeddata/sounds/vo/lili_lowlifeheal01.fxe	7bf863b0a18f65771aa438f3f96c27ef	2021
mods/heroes.stormmod/enus.stormassets/localizeddata/sounds/vo/lili_lowlifeheal01.ogg	db9214ff8dcb60af87778d084b55fb0c	40988
mods/heroes.stormmod/enus.stormassets/localizeddata/sounds/vo/lili_lowlifeheal02.fxe	f83c9ee6c7a838fd026f672ffe1fccc8	2821
mods/heroes.stormmod/enus.stormassets/localizeddata/sounds/vo/lili_lowlifeheal02.ogg	e2da0266fce2a058f9f40f2d4588e703	46570
mods/heroes.stormmod/enus.stormassets/localizeddata/sounds/vo/lili_lowmana00.fxe	3f9cc661e81dacf5110035729e7dcd46	1569
mods/heroes.stormmod/enus.stormassets/localizeddata/sounds/vo/lili_lowmana00.ogg	84905d907861dc3e6039affb06b3bbc9	28106
mods/heroes.stormmod/enus.stormassets/localizeddata/sounds/vo/lili_lowmana01.fxe	e006386faa9c67f4b95345db03768b9c	2465
mods/heroes.stormmod/enus.stormassets/localizeddata/sounds/vo/lili_lowmana01.ogg	5afa2380b1da297039e42e2f31f675cc	30672
mods/heroes.stormmod/enus.stormassets/localizeddata/sounds/vo/lili_lowmana02.fxe	e3c5952beac948553bf1d5f6342c17e1	2177
mods/heroes.stormmod/enus.stormassets/localizeddata/sounds/vo/lili_lowmana02.ogg	00850fa194a3d9b35726ca1f7c79a367	33164
mods/heroes.stormmod/enus.stormassets/localizeddata/sounds/vo/lili_matchend00.ogg	959e9b101d5191de43055815ab0a9e80	20246
mods/heroes.stormmod/enus.stormassets/localizeddata/sounds/vo/lili_no00.fxe	0e01337929839558549eac9a966e3076	1596
mods/heroes.stormmod/enus.stormassets/localizeddata/sounds/vo/lili_no00.ogg	c229f140569096fa5d59e009ab53ef11	25662
mods/heroes.stormmod/enus.stormassets/localizeddata/sounds/vo/lili_no01.fxe	7efbe0bcaa700f40bcb6cae5efe14218	2524
mods/heroes.stormmod/enus.stormassets/localizeddata/sounds/vo/lili_no01.ogg	814a96bd4c8fe92076d687c958b50495	37435
mods/heroes.stormmod/enus.stormassets/localizeddata/sounds/vo/lili_no02.fxe	3792e07b78e334c90f8d2577ed7632c0	2236
mods/heroes.stormmod/enus.stormassets/localizeddata/sounds/vo/lili_no02.ogg	24704c5b7acf4971e8748d4650ca5a4f	37848
mods/heroes.stormmod/enus.stormassets/localizeddata/sounds/vo/lili_ping_attackcastle00.fxe	6d951b1a60a76fb6ff19eb7c0d4229b8	1771
mods/heroes.stormmod/enus.stormassets/localizeddata/sounds/vo/lili_ping_attackcastle00.ogg	4f447ecb5ec3e7b7716afe5420f53bef	34499
mods/heroes.stormmod/enus.stormassets/localizeddata/sounds/vo/lili_ping_attackmerc00.fxe	d2ea08f0979ec43835a1ac47070e647c	1721
mods/heroes.stormmod/enus.stormassets/localizeddata/sounds/vo/lili_ping_attackmerc00.ogg	ee188f2e5edf90a59c1c3b2d2cd1246d	32771
mods/heroes.stormmod/enus.stormassets/localizeddata/sounds/vo/lili_ping_attackoutpost00.fxe	e05bd38bb664ad6c93ecc1f4ff5a0652	2860
mods/heroes.stormmod/enus.stormassets/localizeddata/sounds/vo/lili_ping_attackoutpost00.ogg	73476566d657a05565f4c69dc29b39b1	39771
mods/heroes.stormmod/enus.stormassets/localizeddata/sounds/vo/lili_ping_attacktower00.fxe	134877e648cbc8743cb954f673021806	2490
mods/heroes.stormmod/enus.stormassets/localizeddata/sounds/vo/lili_ping_attacktower00.ogg	093599bb0ae252ba51d3edbc1b21cd2f	35264
mods/heroes.stormmod/enus.stormassets/localizeddata/sounds/vo/lili_ping_danger00.fxe	049c6f1edfb9f549614b4d32f648b099	1125
mods/heroes.stormmod/enus.stormassets/localizeddata/sounds/vo/lili_ping_danger00.ogg	80249129945cd0dffa521342894f617b	18224
mods/heroes.stormmod/enus.stormassets/localizeddata/sounds/vo/lili_ping_danger01.fxe	000238c70634348933e4ad81021abdc2	933
mods/heroes.stormmod/enus.stormassets/localizeddata/sounds/vo/lili_ping_danger01.ogg	1c56e4f6699bc2939b49979bf4881b2b	19160
mods/heroes.stormmod/enus.stormassets/localizeddata/sounds/vo/lili_ping_defend00.fxe	e8c94ae49463769d9bbd047c23a4b115	1765
mods/heroes.stormmod/enus.stormassets/localizeddata/sounds/vo/lili_ping_defend00.ogg	2e616cc4049f4faaecada3aa5f591137	26647
mods/heroes.stormmod/enus.stormassets/localizeddata/sounds/vo/lili_ping_defendcastle00.fxe	1f8c6aa865b6dd4fb7c743da0db173cb	1611
mods/heroes.stormmod/enus.stormassets/localizeddata/sounds/vo/lili_ping_defendcastle00.ogg	babb49cb81ffee9c106e9e581de299ee	24052
mods/heroes.stormmod/enus.stormassets/localizeddata/sounds/vo/lili_ping_defendoutpost00.fxe	e648a6397709ceb1a35c1f2b13a5fe93	1932
mods/heroes.stormmod/enus.stormassets/localizeddata/sounds/vo/lili_ping_defendoutpost00.ogg	51321acc457972760977760cf4440ada	24746
mods/heroes.stormmod/enus.stormassets/localizeddata/sounds/vo/lili_ping_defendthing00.fxe	f58c5c5a0df38f8b470cee7ba25c4473	1834
mods/heroes.stormmod/enus.stormassets/localizeddata/sounds/vo/lili_ping_defendthing00.ogg	9419446fda7fa420862997ea649f8c45	29171
mods/heroes.stormmod/enus.stormassets/localizeddata/sounds/vo/lili_ping_defendthing01.fxe	7790bb4ab182243a24136339c83a46d3	3178
mods/heroes.stormmod/enus.stormassets/localizeddata/sounds/vo/lili_ping_defendthing01.ogg	74f60636cecac0873647bbaaa2f88397	48484
mods/heroes.stormmod/enus.stormassets/localizeddata/sounds/vo/lili_ping_defendtower00.fxe	bcdf0c3796c8dc57ba8874a39c810a1b	2458
mods/heroes.stormmod/enus.stormassets/localizeddata/sounds/vo/lili_ping_defendtower00.ogg	9f697aeaec06c9a0475467b6f85ec371	34535
mods/heroes.stormmod/enus.stormassets/localizeddata/sounds/vo/lili_ping_enemymissing00.fxe	63324e1debef8312ea11f81872205a5e	1259
mods/heroes.stormmod/enus.stormassets/localizeddata/sounds/vo/lili_ping_enemymissing00.ogg	5e13dcf8da74537b0fa87fc2c16ad4ea	30601
mods/heroes.stormmod/enus.stormassets/localizeddata/sounds/vo/lili_ping_enemymissing01.fxe	8abe2d8ed8b37e925c1154559459fe65	2059
mods/heroes.stormmod/enus.stormassets/localizeddata/sounds/vo/lili_ping_enemymissing01.ogg	9ddf024fb4108d7093ab331f9b51735f	40697
mods/heroes.stormmod/enus.stormassets/localizeddata/sounds/vo/lili_ping_killhero00.fxe	3a10b071a433a8cb37f41d50a457b80a	2327
mods/heroes.stormmod/enus.stormassets/localizeddata/sounds/vo/lili_ping_killhero00.ogg	e03feddb292bbe371b7a07cec43206ce	37875
mods/heroes.stormmod/enus.stormassets/localizeddata/sounds/vo/lili_ping_onmyway00.fxe	ce66f9f6caac2a611d8450d75b9febed	1606
mods/heroes.stormmod/enus.stormassets/localizeddata/sounds/vo/lili_ping_onmyway00.ogg	27ab6f6869af330e1e76245e36d06399	20327
mods/heroes.stormmod/enus.stormassets/localizeddata/sounds/vo/lili_ping_onmyway01.fxe	7e2361d2dadccf01e33912354eaeb4e0	1254
mods/heroes.stormmod/enus.stormassets/localizeddata/sounds/vo/lili_ping_onmyway01.ogg	62783a5a3bc406ae6ea95777a1057c3e	23687
mods/heroes.stormmod/enus.stormassets/localizeddata/sounds/vo/lili_ping_retreat00.fxe	917e9f7ad06e0369681d3ed7354bbfea	1446
mods/heroes.stormmod/enus.stormassets/localizeddata/sounds/vo/lili_ping_retreat00.ogg	293136949db96caf3d497264f89c1a92	23549
mods/heroes.stormmod/enus.stormassets/localizeddata/sounds/vo/lili_ping_retreat01.fxe	8bd379be452c9fa16925f0a3b4e61d10	1446
mods/heroes.stormmod/enus.stormassets/localizeddata/sounds/vo/lili_ping_retreat01.ogg	3fafe82308153c8af4e879280fd78627	27058
mods/heroes.stormmod/enus.stormassets/localizeddata/sounds/vo/lili_pissed00.fxe	8af8f18bec424449a0f48e044d6eab53	1040
mods/heroes.stormmod/enus.stormassets/localizeddata/sounds/vo/lili_pissed00.ogg	6b898fe77ea7554ec6c2655ea673e6b4	16330
mods/heroes.stormmod/enus.stormassets/localizeddata/sounds/vo/lili_pissed01.fxe	11f465c65c408393987e66d666f0ea12	1680
mods/heroes.stormmod/enus.stormassets/localizeddata/sounds/vo/lili_pissed01.ogg	50472c59ce376a3df109edb696679f5c	29279
mods/heroes.stormmod/enus.stormassets/localizeddata/sounds/vo/lili_pissed02.fxe	46a9145c5347c14fdffce07f5409ff26	4592
mods/heroes.stormmod/enus.stormassets/localizeddata/sounds/vo/lili_pissed02.ogg	516193322d7a665d822885cc9f5f515d	77212
mods/heroes.stormmod/enus.stormassets/localizeddata/sounds/vo/lili_pissed03.fxe	a715659f2a54a7ef8c764b5dda732f0f	7984
mods/heroes.stormmod/enus.stormassets/localizeddata/sounds/vo/lili_pissed03.ogg	f061a1b5c23e507cfc92a3cb727f2de8	131295
mods/heroes.stormmod/enus.stormassets/localizeddata/sounds/vo/lili_pissed04.fxe	93da2614b816d9490c81bd6a6f931faa	5504
mods/heroes.stormmod/enus.stormassets/localizeddata/sounds/vo/lili_pissed04.ogg	c3adcbd671394504fcead0ba08bac8cc	84119
mods/heroes.stormmod/enus.stormassets/localizeddata/sounds/vo/lili_pissed05.fxe	824c885c2a04aa19a0cb1443b80580a2	5696
mods/heroes.stormmod/enus.stormassets/localizeddata/sounds/vo/lili_pissed05.ogg	b061f08a6c5ffb02dd00eb372658d230	76961
mods/heroes.stormmod/enus.stormassets/localizeddata/sounds/vo/lili_pissed06.fxe	7ddb182536665486eb14b4b56ed2e62c	10638
mods/heroes.stormmod/enus.stormassets/localizeddata/sounds/vo/lili_pissed06.ogg	397ad861fc2be358068d3b9a128c68ab	166646
mods/heroes.stormmod/enus.stormassets/localizeddata/sounds/vo/lili_pissed07.fxe	65c4e401f046648b33372b55b070d91c	2448
mods/heroes.stormmod/enus.stormassets/localizeddata/sounds/vo/lili_pissed07.ogg	577333441f68e0596caae6bf78766cc9	66786
mods/heroes.stormmod/enus.stormassets/localizeddata/sounds/vo/lili_pissed08.fxe	44fc0ca6c9f8bc7c552a358322af7b49	6928
mods/heroes.stormmod/enus.stormassets/localizeddata/sounds/vo/lili_pissed08.ogg	2a0c75ea7fe1a23ac987f8457496f779	108875
mods/heroes.stormmod/enus.stormassets/localizeddata/sounds/vo/lili_pissed09.fxe	5135c5ae979d2cf10723a15502296363	4768
mods/heroes.stormmod/enus.stormassets/localizeddata/sounds/vo/lili_pissed09.ogg	8cfb33569be4eb014665776b7bc5af32	84155
mods/heroes.stormmod/enus.stormassets/localizeddata/sounds/vo/lili_pissed10.fxe	2258c56bcf19de461035ec4415cc10b3	2320
mods/heroes.stormmod/enus.stormassets/localizeddata/sounds/vo/lili_pissed10.ogg	b8b0b6745e97d2fbaa2223dcb83dd86d	65738
mods/heroes.stormmod/enus.stormassets/localizeddata/sounds/vo/lili_pissed11.fxe	2bb7a422fd710767765609e8e6f81e29	7136
mods/heroes.stormmod/enus.stormassets/localizeddata/sounds/vo/lili_pissed11.ogg	a98f896b9fb4008c42ab34365f232902	124820
mods/heroes.stormmod/enus.stormassets/localizeddata/sounds/vo/lili_pissed12.fxe	579fbd917c77eaf2fe83c6ea590374e2	5712
mods/heroes.stormmod/enus.stormassets/localizeddata/sounds/vo/lili_pissed12.ogg	e2aac1d78cd303126e031433198db67f	89271
mods/heroes.stormmod/enus.stormassets/localizeddata/sounds/vo/lili_pissed13.fxe	5b78904e5444843de37660a3f5c0c327	5584
mods/heroes.stormmod/enus.stormassets/localizeddata/sounds/vo/lili_pissed13.ogg	4e5ffbe1e81e63bfe8b5e191535fec6a	79441
mods/heroes.stormmod/enus.stormassets/localizeddata/sounds/vo/lili_resurrected00.fxe	1c6c6b06ee1b587a3de631b058085fb0	2229
mods/heroes.stormmod/enus.stormassets/localizeddata/sounds/vo/lili_resurrected00.ogg	fb1e09c52052a0102e38b0a1188a64cb	45544
mods/heroes.stormmod/enus.stormassets/localizeddata/sounds/vo/lili_resurrected01.fxe	b7e754833cf6129f9456156f361f9a28	1653
mods/heroes.stormmod/enus.stormassets/localizeddata/sounds/vo/lili_resurrected01.ogg	6986200afd78259880342e89d7635f53	29539
mods/heroes.stormmod/enus.stormassets/localizeddata/sounds/vo/lili_revive00.fxe	eb6d39b936b6a8fecb018d0fd935359d	2160
mods/heroes.stormmod/enus.stormassets/localizeddata/sounds/vo/lili_revive00.ogg	f001681a42ef191c2bcba6d1b1ab06b0	47057
mods/heroes.stormmod/enus.stormassets/localizeddata/sounds/vo/lili_revive01.fxe	855c807fa652dcd95e273cecb1ea8a6e	2496
mods/heroes.stormmod/enus.stormassets/localizeddata/sounds/vo/lili_revive01.ogg	df0da332bbc5d33ee7779a239c758203	44237
mods/heroes.stormmod/enus.stormassets/localizeddata/sounds/vo/lili_revive02.fxe	9de2cb07a37b282877e965b76dd12a38	1648
mods/heroes.stormmod/enus.stormassets/localizeddata/sounds/vo/lili_revive02.ogg	11eb3236731b14fe6ee19bcbc51787b2	46752
mods/heroes.stormmod/enus.stormassets/localizeddata/sounds/vo/lili_social_taunt00.fxe	861c790db243c09f5a4e2f41511af741	1318
mods/heroes.stormmod/enus.stormassets/localizeddata/sounds/vo/lili_social_taunt00.ogg	3decd99368f48a43d2599fd573918745	41216
mods/heroes.stormmod/enus.stormassets/localizeddata/sounds/vo/lili_social_taunt01.fxe	5cf66e424076181132560cd7b31f0c67	4678
mods/heroes.stormmod/enus.stormassets/localizeddata/sounds/vo/lili_social_taunt01.ogg	a06fe4c8b69fc239c6b26d4f53f0fae8	89222
mods/heroes.stormmod/enus.stormassets/localizeddata/sounds/vo/lili_social_taunt02.fxe	efb353fae05a9299470ba9c6c2edbd49	3478
mods/heroes.stormmod/enus.stormassets/localizeddata/sounds/vo/lili_social_taunt02.ogg	eae908e781f3e59dc5d6daad7be6e94a	56465
mods/heroes.stormmod/enus.stormassets/localizeddata/sounds/vo/lili_social_taunt03.fxe	8425d1dd9479ef5d417cee52d7a24c85	1606
mods/heroes.stormmod/enus.stormassets/localizeddata/sounds/vo/lili_social_taunt03.ogg	86357916783985b7134c676cdec3fd13	28435
mods/heroes.stormmod/enus.stormassets/localizeddata/sounds/vo/lili_spec00.fxe	26f8071e33bb29541b6d32a69ca7f69b	910
mods/heroes.stormmod/enus.stormassets/localizeddata/sounds/vo/lili_spec00.ogg	8627e125641bfa7bd42737d53d53c9b3	16543
mods/heroes.stormmod/enus.stormassets/localizeddata/sounds/vo/lili_spec01.fxe	0f650dd9626c4240a9a14a180fba0918	1182
mods/heroes.stormmod/enus.stormassets/localizeddata/sounds/vo/lili_spec01.ogg	eefcb1f3b60f7785af0f2379ef56e321	30103
mods/heroes.stormmod/enus.stormassets/localizeddata/sounds/vo/lili_spec02.fxe	988f70f009e3f98591c88be4ff14db02	1950
mods/heroes.stormmod/enus.stormassets/localizeddata/sounds/vo/lili_spec02.ogg	70158452b6283d40574aeda0732e9fee	31348
mods/heroes.stormmod/enus.stormassets/localizeddata/sounds/vo/lili_spec03.fxe	2a62d4159305bdad32ca930512084af8	1470
mods/heroes.stormmod/enus.stormassets/localizeddata/sounds/vo/lili_spec03.ogg	c2850cd14bc1a9452dd5a0e35ae8ee37	24052
mods/heroes.stormmod/enus.stormassets/localizeddata/sounds/vo/lili_spec04.fxe	555ea4bbec61b527a9eb636a4a7c94ce	2142
mods/heroes.stormmod/enus.stormassets/localizeddata/sounds/vo/lili_spec04.ogg	bd4cd73542574a9dcbc5e40b7c68803e	33623
mods/heroes.stormmod/enus.stormassets/localizeddata/sounds/vo/lili_teamkilled00.fxe	4046d3877e19d4addf6a0c2a407858d1	1924
mods/heroes.stormmod/enus.stormassets/localizeddata/sounds/vo/lili_teamkilled00.ogg	1a2af79d1dbc56e26dfd56568dd041dd	34715
mods/heroes.stormmod/enus.stormassets/localizeddata/sounds/vo/lili_ui_exlocked00.fxe	c7294768934e9776ca988cb3ef75d975	1104
mods/heroes.stormmod/enus.stormassets/localizeddata/sounds/vo/lili_ui_exlocked00.ogg	20c18124971ffca3728b2da5caafb5d3	21189
mods/heroes.stormmod/enus.stormassets/localizeddata/sounds/vo/lili_ui_expurchased00.fxe	809bccf4aaa67c395eeffd655ba50971	1139
mods/heroes.stormmod/enus.stormassets/localizeddata/sounds/vo/lili_ui_expurchased00.ogg	1077a2632025d9a0e8a05b23b783e473	16720
mods/heroes.stormmod/enus.stormassets/localizeddata/sounds/vo/lili_ui_gift00.fxe	a278a769cfefe0e1670eb59acf9cb98b	2220
mods/heroes.stormmod/enus.stormassets/localizeddata/sounds/vo/lili_ui_gift00.ogg	0529d2653ae2f2e579fccfa2dc88ffeb	38718
mods/heroes.stormmod/enus.stormassets/localizeddata/sounds/vo/lili_ui_lockin00.fxe	70b719a2b3773d1d987189d56e5738cd	1870
mods/heroes.stormmod/enus.stormassets/localizeddata/sounds/vo/lili_ui_lockin00.ogg	20cfefd8b775a9bfe953040dfa247d16	30848
mods/heroes.stormmod/enus.stormassets/localizeddata/sounds/vo/lili_ui_purchase00.fxe	ca624267775bbaf31b7434819e2cf2cc	2144
mods/heroes.stormmod/enus.stormassets/localizeddata/sounds/vo/lili_ui_purchase00.ogg	59c1f4314380d5b74e272bf7bde12db1	32336
mods/heroes.stormmod/enus.stormassets/localizeddata/sounds/vo/lili_ui_trial00.fxe	10a9843b85519fd8d75611948d8b3ffb	2690
mods/heroes.stormmod/enus.stormassets/localizeddata/sounds/vo/lili_ui_trial00.ogg	fab3359047be000be879fd19c3729939	39852
mods/heroes.stormmod/enus.stormassets/localizeddata/sounds/vo/lili_ui_trial01.fxe	082925eb0a45c3439547a241ca016eb9	2802
mods/heroes.stormmod/enus.stormassets/localizeddata/sounds/vo/lili_ui_trial01.ogg	d2c7bfcbac445e6c1f66bd3abe64066a	48246
mods/heroes.stormmod/enus.stormassets/localizeddata/sounds/vo/lili_ui_waitlocked00.fxe	811e022ea9e11dd756a48a7c748241fe	2032
mods/heroes.stormmod/enus.stormassets/localizeddata/sounds/vo/lili_ui_waitlocked00.ogg	c39347e0a5ebb6412ac53fd7396aad1c	51401
mods/heroes.stormmod/enus.stormassets/localizeddata/sounds/vo/lili_ui_waitlocked01.fxe	c5b3f9d7a88e4da5c42bb0d157a5079b	1202
mods/heroes.stormmod/enus.stormassets/localizeddata/sounds/vo/lili_ui_waitlocked01.ogg	004c14c4ba40e389fc31fd40fab7f9c5	24855
mods/heroes.stormmod/enus.stormassets/localizeddata/sounds/vo/lili_ui_waitpurchased00.fxe	b63569d4712b365848c1563f025bb992	1704
mods/heroes.stormmod/enus.stormassets/localizeddata/sounds/vo/lili_ui_waitpurchased00.ogg	33fd6dda803c11d29086a14b33565cce	28294
mods/heroes.stormmod/enus.stormassets/localizeddata/sounds/vo/lili_ui_waitpurchased01.fxe	d62e0d01aa07997ea33fc9c19907e6ca	2723
mods/heroes.stormmod/enus.stormassets/localizeddata/sounds/vo/lili_ui_waitpurchased01.ogg	10d695d6bffe53355419c5cedd322c77	57634
mods/heroes.stormmod/enus.stormassets/localizeddata/sounds/vo/lili_ultimate1used00.fxe	f0a22e4555a7929a8ed50d650fd8cd14	1719
mods/heroes.stormmod/enus.stormassets/localizeddata/sounds/vo/lili_ultimate1used00.ogg	47027278473c1456f194fa24b1caca0e	30537
mods/heroes.stormmod/enus.stormassets/localizeddata/sounds/vo/lili_ultimate1used01.fxe	9b96684a8ecaefb542d5da683341f9e1	1639
mods/heroes.stormmod/enus.stormassets/localizeddata/sounds/vo/lili_ultimate1used01.ogg	58fbaaed0710de693ef05e37ae413e6a	34417
mods/heroes.stormmod/enus.stormassets/localizeddata/sounds/vo/lili_ultimate1used02.fxe	3b61fb9d51bebf42b6dd2ddce33cac89	1815
mods/heroes.stormmod/enus.stormassets/localizeddata/sounds/vo/lili_ultimate1used02.ogg	ada96e72dbd9ecf8997faa96236b2e98	39970
mods/heroes.stormmod/enus.stormassets/localizeddata/sounds/vo/lili_ultimate1used03.fxe	3f455e815ffa8c98a7ad4430cfc419da	2023
mods/heroes.stormmod/enus.stormassets/localizeddata/sounds/vo/lili_ultimate1used03.ogg	c1015b8959bcb2c9514fe6783fa06779	34564
mods/heroes.stormmod/enus.stormassets/localizeddata/sounds/vo/lili_ultimate2used00.fxe	ffdd590c8f072e441002e51d7dc91dbf	1607
mods/heroes.stormmod/enus.stormassets/localizeddata/sounds/vo/lili_ultimate2used00.ogg	e38cd47521a6acdf656955e99eb510cd	37785
mods/heroes.stormmod/enus.stormassets/localizeddata/sounds/vo/lili_ultimate2used01.fxe	6c33b480e553a21f83809e1295dd8a59	2151
mods/heroes.stormmod/enus.stormassets/localizeddata/sounds/vo/lili_ultimate2used01.ogg	4a967ffe89dc7ef4d433ef0beae28416	39926
mods/heroes.stormmod/enus.stormassets/localizeddata/sounds/vo/lili_voicelinefive00.ogg	b10b95f87134a3bad161c18ba9673b8e	15482
mods/heroes.stormmod/enus.stormassets/localizeddata/sounds/vo/lili_voicelinefour00.ogg	84048ed8c03c93ff43d8d53d8bcb84f7	33967
mods/heroes.stormmod/enus.stormassets/localizeddata/sounds/vo/lili_voicelineone00.ogg	9b9344ebd8096ade53dcdbe53016479a	25846
mods/heroes.stormmod/enus.stormassets/localizeddata/sounds/vo/lili_voicelinethree00.ogg	6f05a51c6c58542f7f5d70844b74cba2	15217
mods/heroes.stormmod/enus.stormassets/localizeddata/sounds/vo/lili_voicelinetwo00.ogg	abc661f2f6abfab15c8bb02294eccdb7	30535
mods/heroes.stormmod/enus.stormassets/localizeddata/sounds/vo/lili_vox_attack01.fxe	240fd1ba02501d08305779335516733f	980
mods/heroes.stormmod/enus.stormassets/localizeddata/sounds/vo/lili_vox_attack01.ogg	64b9dde03211177dc57a6ad02448c1d7	15377
mods/heroes.stormmod/enus.stormassets/localizeddata/sounds/vo/lili_vox_attack02.fxe	fceb1cadfbdcc34a14ae50b2e33fdd29	916
mods/heroes.stormmod/enus.stormassets/localizeddata/sounds/vo/lili_vox_attack02.ogg	b9ae4816a33fc8f0d010a6b92fc0d0a9	14779
mods/heroes.stormmod/enus.stormassets/localizeddata/sounds/vo/lili_vox_attack03.fxe	3c3b08c811367db9fef0d25ecda807bf	1028
mods/heroes.stormmod/enus.stormassets/localizeddata/sounds/vo/lili_vox_attack03.ogg	f248c545ac59d5661cddd63ad826ba78	16535
mods/heroes.stormmod/enus.stormassets/localizeddata/sounds/vo/lili_vox_attack04.fxe	5e86eed31709c0fa02c860948f52bb15	820
mods/heroes.stormmod/enus.stormassets/localizeddata/sounds/vo/lili_vox_attack04.ogg	fd4cf9791b7b0179b0a8698f957dd09d	17059
mods/heroes.stormmod/enus.stormassets/localizeddata/sounds/vo/lili_vox_attack05.fxe	ac4aa734c98b459b73f4c4a879272dbe	1460
mods/heroes.stormmod/enus.stormassets/localizeddata/sounds/vo/lili_vox_attack05.ogg	cfbbe7e8bc822ad3919b857d9263f297	20212
mods/heroes.stormmod/enus.stormassets/localizeddata/sounds/vo/lili_vox_attack06.ogg	587dbbfb1ce664c046282a659180fe72	17166
mods/heroes.stormmod/enus.stormassets/localizeddata/sounds/vo/lili_vox_attack07.ogg	6f596c38d561538a587096b9855f82a5	15408
mods/heroes.stormmod/enus.stormassets/localizeddata/sounds/vo/lili_vox_attack08.ogg	692111807f80d604cb8460ee50d955e7	20579
mods/heroes.stormmod/enus.stormassets/localizeddata/sounds/vo/lili_vox_attack09.ogg	97fbadc52ff27d7bdace9b72c9e6b807	18668
mods/heroes.stormmod/enus.stormassets/localizeddata/sounds/vo/lili_vox_attack10.ogg	c7531bf4e93b0a99c52e75b32a193b17	16983
mods/heroes.stormmod/enus.stormassets/localizeddata/sounds/vo/lili_vox_casting01.fxe	de822449a1b5ea6166823f536139e78b	1061
mods/heroes.stormmod/enus.stormassets/localizeddata/sounds/vo/lili_vox_casting01.ogg	8d48e8fce6e4011a06033bb2c697a852	14846
mods/heroes.stormmod/enus.stormassets/localizeddata/sounds/vo/lili_vox_casting02.fxe	79aa47442bd148d001c76436718a5fa0	981
mods/heroes.stormmod/enus.stormassets/localizeddata/sounds/vo/lili_vox_casting02.ogg	488c079d203b62c97b08aaf7dca88928	16571
mods/heroes.stormmod/enus.stormassets/localizeddata/sounds/vo/lili_vox_casting03.fxe	709c56e6539336d70ba33c7a64537378	1109
mods/heroes.stormmod/enus.stormassets/localizeddata/sounds/vo/lili_vox_casting03.ogg	b3ee3f91439f172701fe85079719d89e	14887
mods/heroes.stormmod/enus.stormassets/localizeddata/sounds/vo/lili_vox_casting04.fxe	0a5f7517acd4a8ea800d8ee0110d1052	1349
mods/heroes.stormmod/enus.stormassets/localizeddata/sounds/vo/lili_vox_casting04.ogg	6f0914f5fd26d93c1db9b9a84f240b5a	17963
mods/heroes.stormmod/enus.stormassets/localizeddata/sounds/vo/lili_vox_casting05.fxe	e2c3ad23d0dd881ec0c4c4855f52acdd	965
mods/heroes.stormmod/enus.stormassets/localizeddata/sounds/vo/lili_vox_casting05.ogg	4162b886207b9dc9a0fc6956c2892912	18357
mods/heroes.stormmod/enus.stormassets/localizeddata/sounds/vo/lili_vox_casting06.fxe	343db2c1a7ba41c9a5607ec041629129	1061
mods/heroes.stormmod/enus.stormassets/localizeddata/sounds/vo/lili_vox_casting06.ogg	b4d52f9bc65b319cbfa1c0f902e960be	14818
mods/heroes.stormmod/enus.stormassets/localizeddata/sounds/vo/lili_vox_casting07.ogg	3a3b28e1cdbcc9b4126c9a8b38414ffa	21581
mods/heroes.stormmod/enus.stormassets/localizeddata/sounds/vo/lili_vox_casting08.ogg	802f0594c7896ddc03d82e4fb6497838	16532
mods/heroes.stormmod/enus.stormassets/localizeddata/sounds/vo/lili_vox_casting09.ogg	3b5ff7038a229f32a12fabb504f4b5b9	19408
mods/heroes.stormmod/enus.stormassets/localizeddata/sounds/vo/lili_vox_casting10.fxe	d3a59cd319b55e1bbbf2e4687b10fb79	1221
mods/heroes.stormmod/enus.stormassets/localizeddata/sounds/vo/lili_vox_casting10.ogg	c9158a3df3f292f9f74c014a9a7aeab7	17509
mods/heroes.stormmod/enus.stormassets/localizeddata/sounds/vo/lili_vox_gethit01.fxe	f5764591fb7023206760ba1fb80ce8c4	1188
mods/heroes.stormmod/enus.stormassets/localizeddata/sounds/vo/lili_vox_gethit01.ogg	6385a00bc7291ed5ad8b8f223270a7ed	15131
mods/heroes.stormmod/enus.stormassets/localizeddata/sounds/vo/lili_vox_gethit02.fxe	1b5e757a295b63d5d36d1f3b8be30401	1108
mods/heroes.stormmod/enus.stormassets/localizeddata/sounds/vo/lili_vox_gethit02.ogg	7611afcd4dca17cc75d661323412cb88	13199
mods/heroes.stormmod/enus.stormassets/localizeddata/sounds/vo/lili_vox_gethit03.fxe	4e965101599c42636f7e8805cedb1c32	1252
mods/heroes.stormmod/enus.stormassets/localizeddata/sounds/vo/lili_vox_gethit03.ogg	ec1942d329feb330d68f181303e9a497	15839
mods/heroes.stormmod/enus.stormassets/localizeddata/sounds/vo/lili_vox_gethit04.fxe	b169098b5ec8777e2b3a419a8e454dfe	1060
mods/heroes.stormmod/enus.stormassets/localizeddata/sounds/vo/lili_vox_gethit04.ogg	edf142c875ed4630b1056f08f0486d9d	18114
mods/heroes.stormmod/enus.stormassets/localizeddata/sounds/vo/lili_vox_gethit05.fxe	faca23c155f85aa5c013a7ed0fdce094	980
mods/heroes.stormmod/enus.stormassets/localizeddata/sounds/vo/lili_vox_gethit05.ogg	6e19d67b97861452300bd29350be12d9	12918
mods/heroes.stormmod/enus.stormassets/localizeddata/sounds/vo/lili_vox_gethit06.fxe	48507402ada76401301a6e63d110d628	1268
mods/heroes.stormmod/enus.stormassets/localizeddata/sounds/vo/lili_vox_gethit06.ogg	4692b8b040573e790233a257ad46ce39	17198
mods/heroes.stormmod/enus.stormassets/localizeddata/sounds/vo/lili_vox_gethit07.fxe	7292452d6b62306fcee22f30ca41ae1f	1428
mods/heroes.stormmod/enus.stormassets/localizeddata/sounds/vo/lili_vox_gethit07.ogg	aa1779fe5cb4bd59640c2bf0f06e7722	17689
mods/heroes.stormmod/enus.stormassets/localizeddata/sounds/vo/lili_vox_gethit08.fxe	ac8360ed237e9aaa316a82e404010bbc	804
mods/heroes.stormmod/enus.stormassets/localizeddata/sounds/vo/lili_vox_gethit08.ogg	6a7f2c392a025fe245c42127d2e0f3fc	15555
mods/heroes.stormmod/enus.stormassets/localizeddata/sounds/vo/lili_vox_gethit09.fxe	d7746a14884f772cb49d8c8e03fc0802	980
mods/heroes.stormmod/enus.stormassets/localizeddata/sounds/vo/lili_vox_gethit09.ogg	a3d07fd8a5be3229bb3f81ec713b8550	13343
mods/heroes.stormmod/enus.stormassets/localizeddata/sounds/vo/lili_vox_gethit10.fxe	1572697610813571bfd6420ab93ec53f	1396
mods/heroes.stormmod/enus.stormassets/localizeddata/sounds/vo/lili_vox_gethit10.ogg	01036bc08e651f64c577984f01201c0a	20671
mods/heroes.stormmod/enus.stormassets/localizeddata/sounds/vo/lili_vox_pulled01.fxe	fa51646902da6ce02ff6f25ac372a911	1348
mods/heroes.stormmod/enus.stormassets/localizeddata/sounds/vo/lili_vox_pulled01.ogg	347d643db13658fe2a3fb8096fd304a5	16914
mods/heroes.stormmod/enus.stormassets/localizeddata/sounds/vo/lili_vox_pulled02.fxe	2dd8efef17c707413c4841b35efdadc4	1124
mods/heroes.stormmod/enus.stormassets/localizeddata/sounds/vo/lili_vox_pulled02.ogg	7d8c178dcab942c3b8d8b7327e297741	16058
mods/heroes.stormmod/enus.stormassets/localizeddata/sounds/vo/lili_vox_pulled03.ogg	ea45720cb1423ae7f71d46a72eee18c7	15519
mods/heroes.stormmod/enus.stormassets/localizeddata/sounds/vo/lili_vox_pulled04.ogg	e0eaafe4bced236cab8367e24ba214a3	17121
mods/heroes.stormmod/enus.stormassets/localizeddata/sounds/vo/lili_vox_pulled05.ogg	3dd9a35ab2f50d57ecd8b5329d5e312e	22455
mods/heroes.stormmod/enus.stormassets/localizeddata/sounds/vo/lili_worthit00.fxe	aee2bbe682334b53d0554b7055cf550a	1169
mods/heroes.stormmod/enus.stormassets/localizeddata/sounds/vo/lili_worthit00.ogg	4403374fc0bd76cebb1d0b5d9896303c	37120
mods/heroes.stormmod/enus.stormassets/localizeddata/sounds/vo/lili_worthit01.fxe	dc136a78bc835a66d0be2882179a50e8	1617
mods/heroes.stormmod/enus.stormassets/localizeddata/sounds/vo/lili_worthit01.ogg	db318b9d12200252964ca4cb4d1c5b5c	31852
mods/heroes.stormmod/enus.stormassets/localizeddata/sounds/vo/lili_yes00.fxe	75e0e89b75e12a7b413a67ac24c1c2c3	1197
mods/heroes.stormmod/enus.stormassets/localizeddata/sounds/vo/lili_yes00.ogg	01e860b6d64c6fab45d41b9f6d864ee9	19657
mods/heroes.stormmod/enus.stormassets/localizeddata/sounds/vo/lili_yes01.fxe	b1d1fb15da472e0e1fedd8dea273eb3d	1789
mods/heroes.stormmod/enus.stormassets/localizeddata/sounds/vo/lili_yes01.ogg	54a354995b34130ea3fdedfd6283eca0	32095
mods/heroes.stormmod/enus.stormassets/localizeddata/sounds/vo/lili_yes02.fxe	d605f74715ee840886b466a80593120c	765
mods/heroes.stormmod/enus.stormassets/localizeddata/sounds/vo/lili_yes02.ogg	b15656de4dbf6a0636158a79b8d3d9b6	14958
mods/heroes.stormmod/enus.stormassets/localizeddata/sounds/vo/lili_yes03.fxe	c35b3100c8252a6aa1c2534271680d56	733
mods/heroes.stormmod/enus.stormassets/localizeddata/sounds/vo/lili_yes03.ogg	57ab4235a4e65df6bc1c3d2b05b577bf	15342
mods/heroes.stormmod/enus.stormassets/localizeddata/sounds/vo/lili_yes04.fxe	12150587c0e53d771b654c2035ea41cc	1677
mods/heroes.stormmod/enus.stormassets/localizeddata/sounds/vo/lili_yes04.ogg	b435b7f8b8eab8a6a2e40a90decea87a	33556
mods/heroes.stormmod/enus.stormassets/localizeddata/sounds/vo/lili_yes05.fxe	224fa28069215e3797e68e71343b5809	1757
mods/heroes.stormmod/enus.stormassets/localizeddata/sounds/vo/lili_yes05.ogg	7bb3ffebe1e43fa8515b4b74247c2340	22665
mods/heroes.stormmod/enus.stormassets/localizeddata/sounds/vo/lili_yes06.fxe	2b92d93ca1139c0f0da7a7cb23287d1b	1629
mods/heroes.stormmod/enus.stormassets/localizeddata/sounds/vo/lili_yes06.ogg	16b0d932f990573d10cc6ba7a00b5f0e	37127
mods/heroes.stormmod/enus.stormassets/localizeddata/sounds/vo/lili_yes07.fxe	e28ea3c814bb16bf3bb4928d25b3071b	1149
mods/heroes.stormmod/enus.stormassets/localizeddata/sounds/vo/lili_yes07.ogg	e4e159f310cd990189369452d306c65e	24821
mods/heroes.stormmod/enus.stormassets/localizeddata/sounds/vo/lili_yes08.fxe	5019427779cfa491a0336ee3099cef4f	1277
mods/heroes.stormmod/enus.stormassets/localizeddata/sounds/vo/lili_yes08.ogg	ddf2debf5840715d0c6173ef21ae3fc4	26416
mods/heroes.stormmod/enus.stormassets/localizeddata/sounds/vo/lilia_castleattack_blue00.fxe	61dd4d210c61d922aaeb5eca1145f94c	2348
mods/heroes.stormmod/enus.stormassets/localizeddata/sounds/vo/lilia_castleattack_blue00.ogg	07ad2d021dbab77c667eed3c58b98e4f	32034
mods/heroes.stormmod/enus.stormassets/localizeddata/sounds/vo/lilia_castleattack_red00.fxe	3a397d16dff3bbd1c7fbe6d46f2ce22f	2299
mods/heroes.stormmod/enus.stormassets/localizeddata/sounds/vo/lilia_castleattack_red00.ogg	69405b11e744b5b28a9648efd6f5323f	31846
mods/heroes.stormmod/enus.stormassets/localizeddata/sounds/vo/lilia_castleattackally00.fxe	28d25928a200442cdcc00fcdd5b43c85	2027
mods/heroes.stormmod/enus.stormassets/localizeddata/sounds/vo/lilia_castleattackally00.ogg	804c8d63c4ce74cdb69090c6fff5a58e	34826
mods/heroes.stormmod/enus.stormassets/localizeddata/sounds/vo/lilia_castleattackally01.fxe	48f73a8cea81be71f990bff08cd56f60	1707
mods/heroes.stormmod/enus.stormassets/localizeddata/sounds/vo/lilia_castleattackally01.ogg	737b1247766b46d777dadcd48223d151	32707
mods/heroes.stormmod/enus.stormassets/localizeddata/sounds/vo/lilia_countdown10sec00.fxe	a43789d54c60cdee2d0b9008ac61b5df	1321
mods/heroes.stormmod/enus.stormassets/localizeddata/sounds/vo/lilia_countdown10sec00.ogg	96e0880640ff011040c5e26ff6cf2771	18621
mods/heroes.stormmod/enus.stormassets/localizeddata/sounds/vo/lilia_countdown1sec00.fxe	ea38e66166ec0d0ce0969b92c30f80d7	872
mods/heroes.stormmod/enus.stormassets/localizeddata/sounds/vo/lilia_countdown1sec00.ogg	3e1f6e7a82559185c950201b8d84e235	14227
mods/heroes.stormmod/enus.stormassets/localizeddata/sounds/vo/lilia_countdown2sec00.fxe	718db5cf58a0810a5653b8c31af69ac7	648
mods/heroes.stormmod/enus.stormassets/localizeddata/sounds/vo/lilia_countdown2sec00.ogg	b148721e5a324a6965425db53a6bec10	10823
mods/heroes.stormmod/enus.stormassets/localizeddata/sounds/vo/lilia_countdown3sec00.fxe	1efd3bb0629d30cb9b363b38f3021c0e	648
mods/heroes.stormmod/enus.stormassets/localizeddata/sounds/vo/lilia_countdown3sec00.ogg	c1f2f3da8cf6c5e267916944a2bc04a8	11442
mods/heroes.stormmod/enus.stormassets/localizeddata/sounds/vo/lilia_countdown4sec00.fxe	b6cf5982cafc683cb25e06099422e338	824
mods/heroes.stormmod/enus.stormassets/localizeddata/sounds/vo/lilia_countdown4sec00.ogg	5e6a61280116e38e95d6ac0198822b1d	13252
mods/heroes.stormmod/enus.stormassets/localizeddata/sounds/vo/lilia_countdown5sec00.fxe	d0f85afdd15a8ad74a223127754099a5	888
mods/heroes.stormmod/enus.stormassets/localizeddata/sounds/vo/lilia_countdown5sec00.ogg	d1b3d43611918511ca0bbacfdfd5a95c	12713
mods/heroes.stormmod/enus.stormassets/localizeddata/sounds/vo/lilia_countdownremain00.fxe	b96b626f72d50424191f97f637a31fcb	2250
mods/heroes.stormmod/enus.stormassets/localizeddata/sounds/vo/lilia_countdownremain00.ogg	ea7fc3516f447ae4e740064d976f50cf	34965
mods/heroes.stormmod/enus.stormassets/localizeddata/sounds/vo/lilia_doublekill00.fxe	f358efc0416d3ac36d1f2e7015c720bc	1573
mods/heroes.stormmod/enus.stormassets/localizeddata/sounds/vo/lilia_doublekill00.ogg	a6899586396b371b83dac9facc7fd248	24653
mods/heroes.stormmod/enus.stormassets/localizeddata/sounds/vo/lilia_doublekill01.fxe	e06326de674d37fe6738cf73cba53b9c	1557
mods/heroes.stormmod/enus.stormassets/localizeddata/sounds/vo/lilia_doublekill01.ogg	d4cda4ff66cd3beaa596d55425341dc2	25451
mods/heroes.stormmod/enus.stormassets/localizeddata/sounds/vo/lilia_doublekill02.fxe	5c6a35ec8a4a9a53128c76681aaea4c8	1445
mods/heroes.stormmod/enus.stormassets/localizeddata/sounds/vo/lilia_doublekill02.ogg	12797a4b0ee8f3f9d04418f02b8ca92f	26936
mods/heroes.stormmod/enus.stormassets/localizeddata/sounds/vo/lilia_ending_blue00.fxe	7e973dbd76aa75500373004852fc0f4d	2678
mods/heroes.stormmod/enus.stormassets/localizeddata/sounds/vo/lilia_ending_blue00.ogg	1e01dcc44722b34e690cf6ab8c3f7ae1	52267
mods/heroes.stormmod/enus.stormassets/localizeddata/sounds/vo/lilia_ending_red00.fxe	3f050a4d22a8a8fc36cfcb9f626972ee	2645
mods/heroes.stormmod/enus.stormassets/localizeddata/sounds/vo/lilia_ending_red00.ogg	fa41dc51d604d90542d7e6c6c6d46de8	42163
mods/heroes.stormmod/enus.stormassets/localizeddata/sounds/vo/lilia_endinglose00.fxe	ee9a869f85669577fc9a7950ada6593f	1189
mods/heroes.stormmod/enus.stormassets/localizeddata/sounds/vo/lilia_endinglose00.ogg	4b6a4985b3d547bc1399aeb2513f6752	33551
mods/heroes.stormmod/enus.stormassets/localizeddata/sounds/vo/lilia_endinglose01.fxe	ac6b741d090126528e4988b6c652059c	981
mods/heroes.stormmod/enus.stormassets/localizeddata/sounds/vo/lilia_endinglose01.ogg	995b9ec230b3d0de9986a399dd5c4eaf	27353
mods/heroes.stormmod/enus.stormassets/localizeddata/sounds/vo/lilia_endinglose02.fxe	2adcfd46e17017a72ecffdb95febc8e9	1685
mods/heroes.stormmod/enus.stormassets/localizeddata/sounds/vo/lilia_endinglose02.ogg	7612f5e42fe51e502e97aa4ed2953114	25830
mods/heroes.stormmod/enus.stormassets/localizeddata/sounds/vo/lilia_endingwin00.fxe	473c9b1cfb7a6b49a186b9fad4ace0cb	1172
mods/heroes.stormmod/enus.stormassets/localizeddata/sounds/vo/lilia_endingwin00.ogg	c7cadde87fccbe24a29c9ce3fbc81cbf	26281
mods/heroes.stormmod/enus.stormassets/localizeddata/sounds/vo/lilia_endingwin01.fxe	fb99ad6860a8d836aaa06e259000f2ec	1220
mods/heroes.stormmod/enus.stormassets/localizeddata/sounds/vo/lilia_endingwin01.ogg	3c536b717ed59e5f83aba0db51f9e61f	25331
mods/heroes.stormmod/enus.stormassets/localizeddata/sounds/vo/lilia_endingwin02.fxe	f5b0ee119973aaaf56c1c171cc8f6f56	1492
mods/heroes.stormmod/enus.stormassets/localizeddata/sounds/vo/lilia_endingwin02.ogg	a2286d8de7d65821b20161702ffe0fe2	36333
mods/heroes.stormmod/enus.stormassets/localizeddata/sounds/vo/lilia_firstblood_blue00.fxe	4c9de1067287857b3ddcb64166711534	1914
mods/heroes.stormmod/enus.stormassets/localizeddata/sounds/vo/lilia_firstblood_blue00.ogg	46da5a6e83a4f7e5952cd7990983c5c4	32577
mods/heroes.stormmod/enus.stormassets/localizeddata/sounds/vo/lilia_firstblood_red00.fxe	283c310df4fef90027c741c4e7827c3d	2841
mods/heroes.stormmod/enus.stormassets/localizeddata/sounds/vo/lilia_firstblood_red00.ogg	fc6460dfc266e45f3743875efd1a4332	41370
mods/heroes.stormmod/enus.stormassets/localizeddata/sounds/vo/lilia_firstbloodally00.fxe	0068178db792b61bac231d70f28ebd91	1353
mods/heroes.stormmod/enus.stormassets/localizeddata/sounds/vo/lilia_firstbloodally00.ogg	19e5e2092bf277b2ea2228598dfe049f	23293
mods/heroes.stormmod/enus.stormassets/localizeddata/sounds/vo/lilia_fourkill00.fxe	048a51bde6f859149f3517b8d5ff4e1a	867
mods/heroes.stormmod/enus.stormassets/localizeddata/sounds/vo/lilia_fourkill00.ogg	e8ac6db6eb9dee247bd642a439b0cb31	18457
mods/heroes.stormmod/enus.stormassets/localizeddata/sounds/vo/lilia_gamestart00.fxe	0389d9d98d6ca254c0aa4b7724b4c5b7	1812
mods/heroes.stormmod/enus.stormassets/localizeddata/sounds/vo/lilia_gamestart00.ogg	ee3a37d63395afb4cccab9a0cebef901	37045
mods/heroes.stormmod/enus.stormassets/localizeddata/sounds/vo/lilia_gamestart01.fxe	1afbc0aecafa893556b92637f9fa70b1	1364
mods/heroes.stormmod/enus.stormassets/localizeddata/sounds/vo/lilia_gamestart01.ogg	fdd4c87f6d610c6a3185b7ef718fe353	32258
mods/heroes.stormmod/enus.stormassets/localizeddata/sounds/vo/lilia_gamestart02.fxe	9adce8a71a84ac87e38bdbf260c95e58	1524
mods/heroes.stormmod/enus.stormassets/localizeddata/sounds/vo/lilia_gamestart02.ogg	7f378d7a9cc62913b403a839280fd95b	30808
mods/heroes.stormmod/enus.stormassets/localizeddata/sounds/vo/lilia_gravestomp00.fxe	28877073049dce5a5d90231c60802e6a	1509
mods/heroes.stormmod/enus.stormassets/localizeddata/sounds/vo/lilia_gravestomp00.ogg	6e417d82118234c8cbda71603ee8fc69	26942
mods/heroes.stormmod/enus.stormassets/localizeddata/sounds/vo/lilia_gravestomp_observer00.fxe	44d2a0dc7ae30d4092268dd7386b2461	1438
mods/heroes.stormmod/enus.stormassets/localizeddata/sounds/vo/lilia_gravestomp_observer00.ogg	8ade53f8948dee83c39c975cacbdc5d5	24109
mods/heroes.stormmod/enus.stormassets/localizeddata/sounds/vo/lilia_herokill00.fxe	315c615a7b8c5945d559718e6b21a5c2	1219
mods/heroes.stormmod/enus.stormassets/localizeddata/sounds/vo/lilia_herokill00.ogg	d3600c471ece2add174edc7efa2ccda6	23823
mods/heroes.stormmod/enus.stormassets/localizeddata/sounds/vo/lilia_herokill01.fxe	da677fd32efa934b6f03a4b533f7976a	883
mods/heroes.stormmod/enus.stormassets/localizeddata/sounds/vo/lilia_herokill01.ogg	ff960b05849610f938a264c1f8a3eb98	27150
mods/heroes.stormmod/enus.stormassets/localizeddata/sounds/vo/lilia_herokill02.fxe	8dee43097d1ef74e516eb62635161681	1651
mods/heroes.stormmod/enus.stormassets/localizeddata/sounds/vo/lilia_herokill02.ogg	aa31cab88c50c91a71ad93a0b6960715	31475
mods/heroes.stormmod/enus.stormassets/localizeddata/sounds/vo/lilia_herokill03.fxe	f1ddd654b22f92f2910b06656ea6a152	1155
mods/heroes.stormmod/enus.stormassets/localizeddata/sounds/vo/lilia_herokill03.ogg	d2da2b2c2c1fc99d82e474f75c51db48	28457
mods/heroes.stormmod/enus.stormassets/localizeddata/sounds/vo/lilia_heroselect00.fxe	e366e26b92225d926dfc4ce41f7f3816	2437
mods/heroes.stormmod/enus.stormassets/localizeddata/sounds/vo/lilia_heroselect00.ogg	6a2bc2b5235edf2d261c9e3d59a953b2	42385
mods/heroes.stormmod/enus.stormassets/localizeddata/sounds/vo/lilia_heroselect_observer00.fxe	91cf70b05b9ee085d727047fc813e92f	4302
mods/heroes.stormmod/enus.stormassets/localizeddata/sounds/vo/lilia_heroselect_observer00.ogg	ad4ebeae0150cbc6b00effb2acb0f69f	64480
mods/heroes.stormmod/enus.stormassets/localizeddata/sounds/vo/lilia_heroselectplayer00.fxe	84d6cbfda4e8b2c6c927477d44dbfa7c	3211
mods/heroes.stormmod/enus.stormassets/localizeddata/sounds/vo/lilia_heroselectplayer00.ogg	60cdaabb0b5ef368857056922527c4c9	83889
mods/heroes.stormmod/enus.stormassets/localizeddata/sounds/vo/lilia_heroselectplayer01.fxe	ab6d3dcb401b7c87aa532531274e1617	2219
mods/heroes.stormmod/enus.stormassets/localizeddata/sounds/vo/lilia_heroselectplayer01.ogg	eb615ca68b2cfe0d22657ea4f9186aee	50329
mods/heroes.stormmod/enus.stormassets/localizeddata/sounds/vo/lilia_heroselectplayer02.fxe	508a340563179c9494c22e7ab5b69f42	2699
mods/heroes.stormmod/enus.stormassets/localizeddata/sounds/vo/lilia_heroselectplayer02.ogg	a826c2dd4fa24a67d9fc3518e94b69da	66395
mods/heroes.stormmod/enus.stormassets/localizeddata/sounds/vo/lilia_heroslain00.fxe	5602425026b979d7cbcc00a5249bf434	2004
mods/heroes.stormmod/enus.stormassets/localizeddata/sounds/vo/lilia_heroslain00.ogg	f63553019bcfe82fc8ecd5de83506817	33619
mods/heroes.stormmod/enus.stormassets/localizeddata/sounds/vo/lilia_heroslain01.fxe	39d6cb9e7186504c1fcc65548bafac92	1956
mods/heroes.stormmod/enus.stormassets/localizeddata/sounds/vo/lilia_heroslain01.ogg	6fb5d1916746bddd91809f99dbcf87d8	34387
mods/heroes.stormmod/enus.stormassets/localizeddata/sounds/vo/lilia_heroslain02.fxe	c914f61e284f7bc096e1b9b729d0c9c2	2484
mods/heroes.stormmod/enus.stormassets/localizeddata/sounds/vo/lilia_heroslain02.ogg	292871ea1036f332ba238bd3e1df229e	49510
mods/heroes.stormmod/enus.stormassets/localizeddata/sounds/vo/lilia_kill_observer00.fxe	2a175acf9eb753f6ba6b581a490ed167	1304
mods/heroes.stormmod/enus.stormassets/localizeddata/sounds/vo/lilia_kill_observer00.ogg	df7fc7a9270b183fcb67fe56f7316448	21269
mods/heroes.stormmod/enus.stormassets/localizeddata/sounds/vo/lilia_megakill00.fxe	ee5a8ed2775de5e365b13145d4c598a5	2803
mods/heroes.stormmod/enus.stormassets/localizeddata/sounds/vo/lilia_megakill00.ogg	b196ba9d9431571bac3ef8434f7c9f08	75008
mods/heroes.stormmod/enus.stormassets/localizeddata/sounds/vo/lilia_outpostdestroy00.fxe	7ec77d68deafbe1335878af77d834588	2313
mods/heroes.stormmod/enus.stormassets/localizeddata/sounds/vo/lilia_outpostdestroy00.ogg	488258b16d12612af0714c1748c1a4ab	35383
mods/heroes.stormmod/enus.stormassets/localizeddata/sounds/vo/lilia_outpostdestroy01.fxe	d327e39689a159106bdf8908bbb40b4e	1801
mods/heroes.stormmod/enus.stormassets/localizeddata/sounds/vo/lilia_outpostdestroy01.ogg	012d782a9262f3a1041a33ea5f8a66bf	21787
mods/heroes.stormmod/enus.stormassets/localizeddata/sounds/vo/lilia_outpostdestroy02.fxe	751c0c09642aa83edaeec2995a0f55a2	3225
mods/heroes.stormmod/enus.stormassets/localizeddata/sounds/vo/lilia_outpostdestroy02.ogg	702f0f1581387f8284c55ca211097913	45952
mods/heroes.stormmod/enus.stormassets/localizeddata/sounds/vo/lilia_outpostdestroy03.fxe	7939790148a9b5cab940841f5bea6c7d	2105
mods/heroes.stormmod/enus.stormassets/localizeddata/sounds/vo/lilia_outpostdestroy03.ogg	9d9521b0afe28f908b49db9d87fee79b	25198
mods/heroes.stormmod/enus.stormassets/localizeddata/sounds/vo/lilia_outpostdestroy_blue00.fxe	67dde0b5c11ffab3a6c77c51ff97517f	2622
mods/heroes.stormmod/enus.stormassets/localizeddata/sounds/vo/lilia_outpostdestroy_blue00.ogg	4443313c76e59a06c9f8188c8b2f698e	30105
mods/heroes.stormmod/enus.stormassets/localizeddata/sounds/vo/lilia_outpostdestroy_red00.fxe	d3e77cb578edc0b573c20d55d6caf58f	2765
mods/heroes.stormmod/enus.stormassets/localizeddata/sounds/vo/lilia_outpostdestroy_red00.ogg	a23e22ae1f8923325b8ebcd23fdb9f6f	30305
mods/heroes.stormmod/enus.stormassets/localizeddata/sounds/vo/lilia_outpostlost00.fxe	8d0253f6be9f3c90e8da4d12ec0be61a	2198
mods/heroes.stormmod/enus.stormassets/localizeddata/sounds/vo/lilia_outpostlost00.ogg	620bbabf96ba91812939d535ca90ab6f	40865
mods/heroes.stormmod/enus.stormassets/localizeddata/sounds/vo/lilia_outpostlost01.fxe	b09936496b5c3ceb08f3a00d00697993	2214
mods/heroes.stormmod/enus.stormassets/localizeddata/sounds/vo/lilia_outpostlost01.ogg	31b11b09f6c7ce789399300f54c21b69	30413
mods/heroes.stormmod/enus.stormassets/localizeddata/sounds/vo/lilia_outpostlost02.fxe	beb08b96535299b753c30e18d65ea3ac	2534
mods/heroes.stormmod/enus.stormassets/localizeddata/sounds/vo/lilia_outpostlost02.ogg	f46e013746914c8dc71ce8312fcae362	43392
mods/heroes.stormmod/enus.stormassets/localizeddata/sounds/vo/lilia_outpostlost03.fxe	3e50925920006a3863f8ba3756585f30	3750
mods/heroes.stormmod/enus.stormassets/localizeddata/sounds/vo/lilia_outpostlost03.ogg	c0faa4ff621e64ffbffa4261c12ca12c	68126
mods/heroes.stormmod/enus.stormassets/localizeddata/sounds/vo/lilia_playerabandon00.fxe	cd5347b074129ffeb3fa2d277118c813	3256
mods/heroes.stormmod/enus.stormassets/localizeddata/sounds/vo/lilia_playerabandon00.ogg	388a2bb3b33ae2fcb52ea4a004745055	57288
mods/heroes.stormmod/enus.stormassets/localizeddata/sounds/vo/lilia_playerrejoin00.fxe	cd2591995ae49d5bbd1aab187b22fc26	2023
mods/heroes.stormmod/enus.stormassets/localizeddata/sounds/vo/lilia_playerrejoin00.ogg	f744582e5a501030dd4825262f51f5ad	32478
mods/heroes.stormmod/enus.stormassets/localizeddata/sounds/vo/lilia_revive00.fxe	28d161b8156e65ecc59fad1ef501a42a	1537
mods/heroes.stormmod/enus.stormassets/localizeddata/sounds/vo/lilia_revive00.ogg	c8226b42a969f8d9bc666a6142e879e1	24772
mods/heroes.stormmod/enus.stormassets/localizeddata/sounds/vo/lilia_revive_observer00.fxe	4efa34aae420288b03d8582a3e4c2c1c	1562
mods/heroes.stormmod/enus.stormassets/localizeddata/sounds/vo/lilia_revive_observer00.ogg	e749147656f2a6b82ceb0bbf5f373d18	21031
mods/heroes.stormmod/enus.stormassets/localizeddata/sounds/vo/lilia_spreeend00.fxe	d541fbe9b5fe2e668b1fa9cd61362952	2131
mods/heroes.stormmod/enus.stormassets/localizeddata/sounds/vo/lilia_spreeend00.ogg	0750fb99e0012f893bac6a3d74925478	47353
mods/heroes.stormmod/enus.stormassets/localizeddata/sounds/vo/lilia_spreeend_ally00.fxe	7ae5fa2f26e4d3fb23a5021bee2e974c	1656
mods/heroes.stormmod/enus.stormassets/localizeddata/sounds/vo/lilia_spreeend_ally00.ogg	5b0ea11adaf3473f1928b430499d4ca7	29079
mods/heroes.stormmod/enus.stormassets/localizeddata/sounds/vo/lilia_spreefirstupgrade00.fxe	457093d26bf040e39b055973284ca8e8	844
mods/heroes.stormmod/enus.stormassets/localizeddata/sounds/vo/lilia_spreefirstupgrade00.ogg	505072562dbd8fdf085e75146ba56037	21399
mods/heroes.stormmod/enus.stormassets/localizeddata/sounds/vo/lilia_spreemax00.fxe	de0f644df7d3b2e2fba778d91be0d9f3	1507
mods/heroes.stormmod/enus.stormassets/localizeddata/sounds/vo/lilia_spreemax00.ogg	647197113f41512cefce65870e1c7b86	51607
mods/heroes.stormmod/enus.stormassets/localizeddata/sounds/vo/lilia_spreesecondupgrade00.fxe	e3bd3a9ae9abc3fffc7f053b64ca07ca	1277
mods/heroes.stormmod/enus.stormassets/localizeddata/sounds/vo/lilia_spreesecondupgrade00.ogg	f7ee04431bc221f6923e89e086aa7188	24034
mods/heroes.stormmod/enus.stormassets/localizeddata/sounds/vo/lilia_spreestart00.fxe	35339633c7177334725c5e1102ea1669	1573
mods/heroes.stormmod/enus.stormassets/localizeddata/sounds/vo/lilia_spreestart00.ogg	53b94e7d15f0134ebceef85c8302351f	27067
mods/heroes.stormmod/enus.stormassets/localizeddata/sounds/vo/lilia_spreethirdupgrade00.fxe	41a022bf0f60b8323b3875e565d50da4	1612
mods/heroes.stormmod/enus.stormassets/localizeddata/sounds/vo/lilia_spreethirdupgrade00.ogg	09523524e54638782e716440b6b31e1a	30683
mods/heroes.stormmod/enus.stormassets/localizeddata/sounds/vo/lilia_talentunlock00.fxe	ed7af75fe2812029bde5d6d52ec4f54e	1575
mods/heroes.stormmod/enus.stormassets/localizeddata/sounds/vo/lilia_talentunlock00.ogg	c13e092c74a93596f1b55b1f7fd094f0	18806
mods/heroes.stormmod/enus.stormassets/localizeddata/sounds/vo/lilia_talentunlock01.fxe	dbea16fb1c037b96eec12750fa7b943a	1511
mods/heroes.stormmod/enus.stormassets/localizeddata/sounds/vo/lilia_talentunlock01.ogg	211abe8fb8eb07ded89afbf00a5ffa47	20274
mods/heroes.stormmod/enus.stormassets/localizeddata/sounds/vo/lilia_talentunlock02.fxe	e11a1cc684640d41ec1fa09cd292b875	1463
mods/heroes.stormmod/enus.stormassets/localizeddata/sounds/vo/lilia_talentunlock02.ogg	0fcda2346dcdb660bd7207476a994f16	15993
mods/heroes.stormmod/enus.stormassets/localizeddata/sounds/vo/lilia_teamkill00.fxe	147de8395821d97bfbd218fc4f33964d	1891
mods/heroes.stormmod/enus.stormassets/localizeddata/sounds/vo/lilia_teamkill00.ogg	462356847f5b4b1b522c509012e30951	36716
mods/heroes.stormmod/enus.stormassets/localizeddata/sounds/vo/lilia_teamkill_blue00.fxe	d85e01f616d30edb3e67483b66c78de2	1784
mods/heroes.stormmod/enus.stormassets/localizeddata/sounds/vo/lilia_teamkill_blue00.ogg	88084f173bd498f7d377cea66daf44ad	33786
mods/heroes.stormmod/enus.stormassets/localizeddata/sounds/vo/lilia_teamkill_red00.fxe	6070f970d7c47b2f9299bf76a76187a5	1815
mods/heroes.stormmod/enus.stormassets/localizeddata/sounds/vo/lilia_teamkill_red00.ogg	8c5100f6c47159a4a25e4d3a64b13eea	29815
mods/heroes.stormmod/enus.stormassets/localizeddata/sounds/vo/lilia_triplekill00.fxe	592048a4c3393e490e2c3c39d8b1f7c7	997
mods/heroes.stormmod/enus.stormassets/localizeddata/sounds/vo/lilia_triplekill00.ogg	0fcf947942dc84ba3b5d525f88f796ea	20302
mods/heroes.stormmod/enus.stormassets/localizeddata/sounds/vo/lilia_triplekill01.fxe	ed72ac57cc931de3affdf5cb5dc53379	933
mods/heroes.stormmod/enus.stormassets/localizeddata/sounds/vo/lilia_triplekill01.ogg	d2e450b32d56c717dac2847add6d9497	15996
mods/heroes.stormmod/enus.stormassets/localizeddata/sounds/vo/lilia_triplekill02.fxe	16a623cc501167f121f80c17697d48d7	997
mods/heroes.stormmod/enus.stormassets/localizeddata/sounds/vo/lilia_triplekill02.ogg	006a30ce2b92ae5a799f02c1342b9d71	15967
