mods/heroes.stormmod/enus.stormassets/localizeddata/sounds/vo/mechatassadar_ai_attack00.fxe	539e79f388e26f19d2a949b488cf1458	3040
mods/heroes.stormmod/enus.stormassets/localizeddata/sounds/vo/mechatassadar_ai_attack00.ogg	c6237baf66d18334c480275ba7c2bf31	43122
mods/heroes.stormmod/enus.stormassets/localizeddata/sounds/vo/mechatassadar_ai_attack01.fxe	1724e3f554502fa768d0dac011e9ac04	2640
mods/heroes.stormmod/enus.stormassets/localizeddata/sounds/vo/mechatassadar_ai_attack01.ogg	e99f2c5427d19441f14f772f83cfb87d	39537
mods/heroes.stormmod/enus.stormassets/localizeddata/sounds/vo/mechatassadar_ai_attack02.fxe	22fd0f7940d757d184e9f77375ed7ac2	2992
mods/heroes.stormmod/enus.stormassets/localizeddata/sounds/vo/mechatassadar_ai_attack02.ogg	c813a63e87918734e85921e2f24f4e40	38387
mods/heroes.stormmod/enus.stormassets/localizeddata/sounds/vo/mechatassadar_ai_caution00.fxe	a4e2817c85a548c04f08a6a20aade728	2033
mods/heroes.stormmod/enus.stormassets/localizeddata/sounds/vo/mechatassadar_ai_caution00.ogg	2c8c2f533c3862c901843e7834280fa2	31692
mods/heroes.stormmod/enus.stormassets/localizeddata/sounds/vo/mechatassadar_ai_goodjob00.fxe	0048fad1d09df8e0e6cc6a223de33064	1537
mods/heroes.stormmod/enus.stormassets/localizeddata/sounds/vo/mechatassadar_ai_goodjob00.ogg	34a7c5a29a843c48046c0e86748aaaa8	22034
mods/heroes.stormmod/enus.stormassets/localizeddata/sounds/vo/mechatassadar_ai_goodjob01.fxe	fd645cd795f97c4ccd32b6ff1b94310c	1713
mods/heroes.stormmod/enus.stormassets/localizeddata/sounds/vo/mechatassadar_ai_goodjob01.ogg	b7455b622d82a4758e7c96b7fbba86ac	22265
mods/heroes.stormmod/enus.stormassets/localizeddata/sounds/vo/mechatassadar_ai_goodjob02.fxe	aed4c945442f28fd5ef3ebf2cd1f35aa	1233
mods/heroes.stormmod/enus.stormassets/localizeddata/sounds/vo/mechatassadar_ai_goodjob02.ogg	5ee8b85386095e96af6dfffd98051d82	17560
mods/heroes.stormmod/enus.stormassets/localizeddata/sounds/vo/mechatassadar_ai_heal00.fxe	8f0a5689001efc0a6b4349b55e47ea42	3118
mods/heroes.stormmod/enus.stormassets/localizeddata/sounds/vo/mechatassadar_ai_heal00.ogg	6ccf4e855bcaa5773ea2705f022e5ef3	38485
mods/heroes.stormmod/enus.stormassets/localizeddata/sounds/vo/mechatassadar_ai_heal01.fxe	fb8030ea123a4045862c4f163a4c1318	3086
mods/heroes.stormmod/enus.stormassets/localizeddata/sounds/vo/mechatassadar_ai_heal01.ogg	8adfd8ff3bcb1ee351dabae1aa510905	38988
mods/heroes.stormmod/enus.stormassets/localizeddata/sounds/vo/mechatassadar_ai_onmyway00.fxe	1761e5e732e5d4d15ce670e5c35dc63c	2753
mods/heroes.stormmod/enus.stormassets/localizeddata/sounds/vo/mechatassadar_ai_onmyway00.ogg	696f257b6c0fac7df4d34face1c17f47	38007
mods/heroes.stormmod/enus.stormassets/localizeddata/sounds/vo/mechatassadar_ai_onmyway01.fxe	0755f653a542b0783fd538265a071d63	2449
mods/heroes.stormmod/enus.stormassets/localizeddata/sounds/vo/mechatassadar_ai_onmyway01.ogg	6ff5f6247f060e9f02e9f03f6ce7a3f8	28340
mods/heroes.stormmod/enus.stormassets/localizeddata/sounds/vo/mechatassadar_ai_retreat00.fxe	e340ec50149f88e3b607f0f295d1dbfd	1713
mods/heroes.stormmod/enus.stormassets/localizeddata/sounds/vo/mechatassadar_ai_retreat00.ogg	27b06062d75b1a62ad0bc34944b29eea	22866
mods/heroes.stormmod/enus.stormassets/localizeddata/sounds/vo/mechatassadar_ai_retreat01.fxe	3ed486dff037df78225fd12a46c41f32	1665
mods/heroes.stormmod/enus.stormassets/localizeddata/sounds/vo/mechatassadar_ai_retreat01.ogg	b2621e0b9344cac2b1fb942eb28bd7c2	21679
mods/heroes.stormmod/enus.stormassets/localizeddata/sounds/vo/mechatassadar_ai_uhoh00.fxe	4f530c323a6d61885483765b02e3b2b1	1470
mods/heroes.stormmod/enus.stormassets/localizeddata/sounds/vo/mechatassadar_ai_uhoh00.ogg	5d126c70529a43bb2dd00479da54ee85	23410
mods/heroes.stormmod/enus.stormassets/localizeddata/sounds/vo/mechatassadar_ai_uhoh01.fxe	728482a3ab5784090d6d68adb4b09892	1998
mods/heroes.stormmod/enus.stormassets/localizeddata/sounds/vo/mechatassadar_ai_uhoh01.ogg	58bba5ca37b3e79935e9e01d4a21d141	29289
mods/heroes.stormmod/enus.stormassets/localizeddata/sounds/vo/mechatassadar_ai_uhoh02.fxe	0a031969b541e015d681497bff1afbb6	1422
mods/heroes.stormmod/enus.stormassets/localizeddata/sounds/vo/mechatassadar_ai_uhoh02.ogg	cf175aef9f2bd6fe1cc4aad9a54355b8	22027
mods/heroes.stormmod/enus.stormassets/localizeddata/sounds/vo/mechatassadar_attack00.fxe	5d748cdb94251c816576a4042f9f5d0b	1981
mods/heroes.stormmod/enus.stormassets/localizeddata/sounds/vo/mechatassadar_attack00.ogg	bbd07e97625a3de29737d3af73bf8db7	27536
mods/heroes.stormmod/enus.stormassets/localizeddata/sounds/vo/mechatassadar_attack01.fxe	82de72c03602dee6a019d2dafcbea58e	2653
mods/heroes.stormmod/enus.stormassets/localizeddata/sounds/vo/mechatassadar_attack01.ogg	f82e80456130b2f3745084ff3dda6c34	33064
mods/heroes.stormmod/enus.stormassets/localizeddata/sounds/vo/mechatassadar_attack02.fxe	c077c5cc73fce01b4d812e9760470dbf	2013
mods/heroes.stormmod/enus.stormassets/localizeddata/sounds/vo/mechatassadar_attack02.ogg	47470cb7f4d504fd805a834acd925ee9	28536
mods/heroes.stormmod/enus.stormassets/localizeddata/sounds/vo/mechatassadar_attack03.fxe	b7615b9c895c456b5ccc3ce97e49b97d	1965
mods/heroes.stormmod/enus.stormassets/localizeddata/sounds/vo/mechatassadar_attack03.ogg	bc007a8106116b37cf22911d5c2f9853	27374
mods/heroes.stormmod/enus.stormassets/localizeddata/sounds/vo/mechatassadar_attack04.fxe	723931ab98b2dd868d69a0d220bf21c8	1741
mods/heroes.stormmod/enus.stormassets/localizeddata/sounds/vo/mechatassadar_attack04.ogg	0a35534a1cbab85aa47cc809eec2655a	20393
mods/heroes.stormmod/enus.stormassets/localizeddata/sounds/vo/mechatassadar_attack05.fxe	d8b4e4783c6420fbd4e3774dafbf7d5e	2061
mods/heroes.stormmod/enus.stormassets/localizeddata/sounds/vo/mechatassadar_attack05.ogg	e7676ecec11ab093a5d5497d2b5453e1	25069
mods/heroes.stormmod/enus.stormassets/localizeddata/sounds/vo/mechatassadar_attack06.fxe	9ebdbf6190714655a3af1146589ab4ec	1805
mods/heroes.stormmod/enus.stormassets/localizeddata/sounds/vo/mechatassadar_attack06.ogg	94f13df13eda276dc1f914cc0abd1170	21647
mods/heroes.stormmod/enus.stormassets/localizeddata/sounds/vo/mechatassadar_celebrate00_alt.fxe	eb69d088ec130d7f7ae51730a8bd5b46	3124
mods/heroes.stormmod/enus.stormassets/localizeddata/sounds/vo/mechatassadar_celebrate00_alt.ogg	3a70cc1e2a5cb1f69b2863c305df250a	51502
mods/heroes.stormmod/enus.stormassets/localizeddata/sounds/vo/mechatassadar_celebrate01.fxe	13a72c51c591d27a957518dfde3e5830	1872
mods/heroes.stormmod/enus.stormassets/localizeddata/sounds/vo/mechatassadar_celebrate01.ogg	0376d2efdbd70ee7385157bcdc7a334a	25951
mods/heroes.stormmod/enus.stormassets/localizeddata/sounds/vo/mechatassadar_comeback00.fxe	2f19aa21ee426b0b8ba9ee4cdf8b41f2	3471
mods/heroes.stormmod/enus.stormassets/localizeddata/sounds/vo/mechatassadar_comeback00.ogg	379d11bd5082312dbaca245ce2b5b74f	43732
mods/heroes.stormmod/enus.stormassets/localizeddata/sounds/vo/mechatassadar_death00.fxe	052641e7a0f6cec4e84df4da3a4ae297	1356
mods/heroes.stormmod/enus.stormassets/localizeddata/sounds/vo/mechatassadar_death00.wav	2fbfa97b420e649b1455687c507681dc	56380
mods/heroes.stormmod/enus.stormassets/localizeddata/sounds/vo/mechatassadar_death01.fxe	60e84d94693b6035033d411bc4d7c576	2348
mods/heroes.stormmod/enus.stormassets/localizeddata/sounds/vo/mechatassadar_death01.wav	eafe45f0261d6fcc4ad2f96b7f4df520	78140
mods/heroes.stormmod/enus.stormassets/localizeddata/sounds/vo/mechatassadar_death02.fxe	cddf32e58d359230868471aed96d2a9d	2140
mods/heroes.stormmod/enus.stormassets/localizeddata/sounds/vo/mechatassadar_death02.wav	b7b3d5021e07b0c382828c8236f07f4e	85052
mods/heroes.stormmod/enus.stormassets/localizeddata/sounds/vo/mechatassadar_death04.wav	21b1ac3f884c2049576f278848e0d735	101948
mods/heroes.stormmod/enus.stormassets/localizeddata/sounds/vo/mechatassadar_death05.wav	90e613fd876baa37e0c89400a4b0a16c	61244
mods/heroes.stormmod/enus.stormassets/localizeddata/sounds/vo/mechatassadar_death06.wav	560a58c2d50c3efc433689829343eafd	76860
mods/heroes.stormmod/enus.stormassets/localizeddata/sounds/vo/mechatassadar_death07.wav	d62a4d544da0ec7573b9e5ca1684214a	85052
mods/heroes.stormmod/enus.stormassets/localizeddata/sounds/vo/mechatassadar_healed00.fxe	e2d977742f00e70cd2a115bb72f1cf3f	1933
mods/heroes.stormmod/enus.stormassets/localizeddata/sounds/vo/mechatassadar_healed00.ogg	0ef077df9e9864656e896a75e2c37b17	27146
mods/heroes.stormmod/enus.stormassets/localizeddata/sounds/vo/mechatassadar_healed01.fxe	e6c148094524124b5851d48f869ae673	1725
mods/heroes.stormmod/enus.stormassets/localizeddata/sounds/vo/mechatassadar_healed01.ogg	0ac06cf524725d39aa88ee33f896771f	24136
mods/heroes.stormmod/enus.stormassets/localizeddata/sounds/vo/mechatassadar_healed02.fxe	1bd4e6cea127f7189891569640c78e6c	1933
mods/heroes.stormmod/enus.stormassets/localizeddata/sounds/vo/mechatassadar_healed02.ogg	bba42d0916334705fbaa19ea30e41c77	29221
mods/heroes.stormmod/enus.stormassets/localizeddata/sounds/vo/mechatassadar_introagree00.fxe	5fefec5567a9bc0a0884ccc5cd19e7dd	1249
mods/heroes.stormmod/enus.stormassets/localizeddata/sounds/vo/mechatassadar_introagree00.ogg	4b805fd69001ba65305051cf9e6ceb43	19188
mods/heroes.stormmod/enus.stormassets/localizeddata/sounds/vo/mechatassadar_introagree01.fxe	ea8176aab4095f1231b52442da70636a	1985
mods/heroes.stormmod/enus.stormassets/localizeddata/sounds/vo/mechatassadar_introagree01.ogg	5ccec3edb095b58c1f3822ae672c210c	26392
mods/heroes.stormmod/enus.stormassets/localizeddata/sounds/vo/mechatassadar_introagree02.fxe	5328d8c4ee00a72e6662f28d174e5014	2753
mods/heroes.stormmod/enus.stormassets/localizeddata/sounds/vo/mechatassadar_introagree02.ogg	94c7033f2f153d87b9b3341aafc15d28	38166
mods/heroes.stormmod/enus.stormassets/localizeddata/sounds/vo/mechatassadar_introboast00.fxe	309309a40820d4d7fdfd56ad319e5203	2321
mods/heroes.stormmod/enus.stormassets/localizeddata/sounds/vo/mechatassadar_introboast00.ogg	f4480431e604bd70e4f7a06a387eee87	31270
mods/heroes.stormmod/enus.stormassets/localizeddata/sounds/vo/mechatassadar_introboast01.fxe	97df5c71ba9f7c83434cd12421d784e3	2417
mods/heroes.stormmod/enus.stormassets/localizeddata/sounds/vo/mechatassadar_introboast01.ogg	168ab06b71c0c5999099eab6eacd7f2c	31424
mods/heroes.stormmod/enus.stormassets/localizeddata/sounds/vo/mechatassadar_introquestion00.fxe	fdc6331778608754cc6eb8ce909ad5ff	4020
mods/heroes.stormmod/enus.stormassets/localizeddata/sounds/vo/mechatassadar_introquestion00.ogg	d2d2d130e8aede938ab81939e11bb26c	55080
mods/heroes.stormmod/enus.stormassets/localizeddata/sounds/vo/mechatassadar_introquestion01.fxe	c2fb85a8c488c19a98f84600e3d85c2e	3732
mods/heroes.stormmod/enus.stormassets/localizeddata/sounds/vo/mechatassadar_introquestion01.ogg	98fff3362cfe98837f777f5b777a89c9	48810
mods/heroes.stormmod/enus.stormassets/localizeddata/sounds/vo/mechatassadar_introquestion_artanis00.fxe	20960f1e5746baaab221576a9bda71f4	2236
mods/heroes.stormmod/enus.stormassets/localizeddata/sounds/vo/mechatassadar_introquestion_artanis00.ogg	26846ec3aa6b1ceb8024e108a4154de9	30070
mods/heroes.stormmod/enus.stormassets/localizeddata/sounds/vo/mechatassadar_introquestion_fenix00.fxe	d84351660eb5c269ebad0e0c300911ea	3274
mods/heroes.stormmod/enus.stormassets/localizeddata/sounds/vo/mechatassadar_introquestion_fenix00.ogg	2bea5a1ff00744387be8184d3ce27495	48552
mods/heroes.stormmod/enus.stormassets/localizeddata/sounds/vo/mechatassadar_introquestion_kerrigan00.fxe	3c1c97e6b2c0ebc02b34a35f3036bbbe	3389
mods/heroes.stormmod/enus.stormassets/localizeddata/sounds/vo/mechatassadar_introquestion_kerrigan00.ogg	3bb38bb15fb2bc2c5e115c6ecfd5c3f9	38855
mods/heroes.stormmod/enus.stormassets/localizeddata/sounds/vo/mechatassadar_introquestion_murky00.fxe	36ed2622028d3e0d714def126f41fb08	4026
mods/heroes.stormmod/enus.stormassets/localizeddata/sounds/vo/mechatassadar_introquestion_murky00.ogg	41b6650dbb78034a69a64a4e523b79b3	60548
mods/heroes.stormmod/enus.stormassets/localizeddata/sounds/vo/mechatassadar_introquestion_negative00.fxe	a9ef9c13ae66959b1a67a44f1bec4c81	2813
mods/heroes.stormmod/enus.stormassets/localizeddata/sounds/vo/mechatassadar_introquestion_negative00.ogg	618836e9640ed8e42591c60756392393	39542
mods/heroes.stormmod/enus.stormassets/localizeddata/sounds/vo/mechatassadar_introquestion_positive00.fxe	dc83ec07221d0cc5ec618e9c30c50334	3037
mods/heroes.stormmod/enus.stormassets/localizeddata/sounds/vo/mechatassadar_introquestion_positive00.ogg	10fe8a27fc3010a3dd6f5962d73099e2	39406
mods/heroes.stormmod/enus.stormassets/localizeddata/sounds/vo/mechatassadar_introquestion_tyrael00.ogg	90fadac506a9e16f05a0b7d5b4859711	34352
mods/heroes.stormmod/enus.stormassets/localizeddata/sounds/vo/mechatassadar_introquestion_zeratul00.fxe	9d01611c4f909c99df35f2c6e07cfe94	2700
mods/heroes.stormmod/enus.stormassets/localizeddata/sounds/vo/mechatassadar_introquestion_zeratul00.ogg	db774723fdf80022f115113d9a69053f	44967
mods/heroes.stormmod/enus.stormassets/localizeddata/sounds/vo/mechatassadar_introrespond00.fxe	4be9f00c754669f00302d54ba63a007b	2979
mods/heroes.stormmod/enus.stormassets/localizeddata/sounds/vo/mechatassadar_introrespond00.ogg	d02c05ada9b56b27bcbf5497526d3d1c	45871
mods/heroes.stormmod/enus.stormassets/localizeddata/sounds/vo/mechatassadar_introrespond01.fxe	80ff0f5715f70cabc5209c379567635f	3091
mods/heroes.stormmod/enus.stormassets/localizeddata/sounds/vo/mechatassadar_introrespond01.ogg	a73ae56182bcd6d87fdef6470abb5d74	44689
mods/heroes.stormmod/enus.stormassets/localizeddata/sounds/vo/mechatassadar_introrespond02.fxe	008a1872ba1d102f2ce4346b7c1c9a01	2227
mods/heroes.stormmod/enus.stormassets/localizeddata/sounds/vo/mechatassadar_introrespond02.ogg	6c7b8fd409f9a385fe4d48beb614c2c6	37219
mods/heroes.stormmod/enus.stormassets/localizeddata/sounds/vo/mechatassadar_introresponse_artanis00.fxe	97445ab2fae42ec32fb01388b45345fc	1612
mods/heroes.stormmod/enus.stormassets/localizeddata/sounds/vo/mechatassadar_introresponse_artanis00.ogg	37bed8336dad16c9f09e8593f552a711	27671
mods/heroes.stormmod/enus.stormassets/localizeddata/sounds/vo/mechatassadar_introresponse_fenix00.fxe	307ed532cb38791236b567ccbcf887ab	2650
mods/heroes.stormmod/enus.stormassets/localizeddata/sounds/vo/mechatassadar_introresponse_fenix00.ogg	a4be90503d39b6643bca2b8702e9aabc	40900
mods/heroes.stormmod/enus.stormassets/localizeddata/sounds/vo/mechatassadar_introresponse_kerrigan00.fxe	b02ebfd30046c2e28e232e995e33e87c	3901
mods/heroes.stormmod/enus.stormassets/localizeddata/sounds/vo/mechatassadar_introresponse_kerrigan00.ogg	d56ca46e13e19fea9c7a102ec4041ae8	55309
mods/heroes.stormmod/enus.stormassets/localizeddata/sounds/vo/mechatassadar_introresponse_murky00.fxe	fe11c7393f0bca268ece91ec551d0e3f	2650
mods/heroes.stormmod/enus.stormassets/localizeddata/sounds/vo/mechatassadar_introresponse_murky00.ogg	7206a270d23c98ecb3afdd0e9b7bb4c1	36767
mods/heroes.stormmod/enus.stormassets/localizeddata/sounds/vo/mechatassadar_introresponse_negative00.fxe	3e1e93dd445781372711e0f25a7891be	1757
mods/heroes.stormmod/enus.stormassets/localizeddata/sounds/vo/mechatassadar_introresponse_negative00.ogg	516d6ece8671c1a586b780b02f7106d8	28925
mods/heroes.stormmod/enus.stormassets/localizeddata/sounds/vo/mechatassadar_introresponse_positive00.fxe	80a8b63f2ff416837a496ccdaa0b303c	2973
mods/heroes.stormmod/enus.stormassets/localizeddata/sounds/vo/mechatassadar_introresponse_positive00.ogg	3d44b30003e1db68ff1dd58100881290	37817
mods/heroes.stormmod/enus.stormassets/localizeddata/sounds/vo/mechatassadar_introresponse_zeratul00.fxe	0bedc6acf98b49c6a737c0dd75d5cea2	3948
mods/heroes.stormmod/enus.stormassets/localizeddata/sounds/vo/mechatassadar_introresponse_zeratul00.ogg	3287b5fae20c06e7e84c5cb9c3566035	58631
mods/heroes.stormmod/enus.stormassets/localizeddata/sounds/vo/mechatassadar_kill00.fxe	5cc12ea42e3c5e54d47233c496f57c33	2379
mods/heroes.stormmod/enus.stormassets/localizeddata/sounds/vo/mechatassadar_kill00.ogg	7a5da87ac53b2f3e173adf1a8647d31d	33807
mods/heroes.stormmod/enus.stormassets/localizeddata/sounds/vo/mechatassadar_kill01.fxe	b74045e3d2dfffb305ee3f6abc712c74	1771
mods/heroes.stormmod/enus.stormassets/localizeddata/sounds/vo/mechatassadar_kill01.ogg	6a82fd5c27b192b7cfff2e9516888d6b	21601
mods/heroes.stormmod/enus.stormassets/localizeddata/sounds/vo/mechatassadar_kill02.fxe	7b1b83f214171ffa9f63f9018c964e3e	1867
mods/heroes.stormmod/enus.stormassets/localizeddata/sounds/vo/mechatassadar_kill02.ogg	c6148d6a9df00275428fd0fa3ddb89ce	26087
mods/heroes.stormmod/enus.stormassets/localizeddata/sounds/vo/mechatassadar_kill03.fxe	973d69a06afaeb2dd017c2875e521c7f	1675
mods/heroes.stormmod/enus.stormassets/localizeddata/sounds/vo/mechatassadar_kill03.ogg	ed72de56dff1ddaf9d7e8b323c109de6	24994
mods/heroes.stormmod/enus.stormassets/localizeddata/sounds/vo/mechatassadar_kill04.fxe	50715882d42f592a2931e9c2927ca534	1803
mods/heroes.stormmod/enus.stormassets/localizeddata/sounds/vo/mechatassadar_kill04.ogg	80a0b90bb426a19b51894ff33e1633cf	31996
mods/heroes.stormmod/enus.stormassets/localizeddata/sounds/vo/mechatassadar_killartanis00.fxe	b72ac5a75f6cbc87744d312a807ed134	2002
mods/heroes.stormmod/enus.stormassets/localizeddata/sounds/vo/mechatassadar_killartanis00.ogg	905f0a576f121f6687eddb2149d60ebf	30362
mods/heroes.stormmod/enus.stormassets/localizeddata/sounds/vo/mechatassadar_killbrightwing00.fxe	a68132a4cd03ff0d64f4fadb33b42979	2949
mods/heroes.stormmod/enus.stormassets/localizeddata/sounds/vo/mechatassadar_killbrightwing00.ogg	a0ece24ac0e327a87af79d57540a613f	39215
mods/heroes.stormmod/enus.stormassets/localizeddata/sounds/vo/mechatassadar_killkerrigan00.fxe	3655bb61cdc09586160a3ec2e3f9f5b7	2387
mods/heroes.stormmod/enus.stormassets/localizeddata/sounds/vo/mechatassadar_killkerrigan00.ogg	aca9d51e14c861eccf35695bdd62027b	33183
mods/heroes.stormmod/enus.stormassets/localizeddata/sounds/vo/mechatassadar_killraynor00.fxe	59cffad48525fca7315acad28b958b52	2065
mods/heroes.stormmod/enus.stormassets/localizeddata/sounds/vo/mechatassadar_killraynor00.ogg	13fbc3b8dc417f03ddad294d3017f005	35683
mods/heroes.stormmod/enus.stormassets/localizeddata/sounds/vo/mechatassadar_killspreeend00.fxe	2ea321ec0f6c0486e9f702bcb50a8e09	1699
mods/heroes.stormmod/enus.stormassets/localizeddata/sounds/vo/mechatassadar_killspreeend00.ogg	f2bd6d1f1f5d361613152a7e76494521	24318
mods/heroes.stormmod/enus.stormassets/localizeddata/sounds/vo/mechatassadar_killtassadar00.fxe	83fbf8bb1a6d6b4a09bd9d356606d601	2419
mods/heroes.stormmod/enus.stormassets/localizeddata/sounds/vo/mechatassadar_killtassadar00.ogg	aca6f256889dbe5785341d9beb5cd513	30114
mods/heroes.stormmod/enus.stormassets/localizeddata/sounds/vo/mechatassadar_killzeratul00.fxe	836e1c3928e1bc358f5a9218b2b4eb5e	1906
mods/heroes.stormmod/enus.stormassets/localizeddata/sounds/vo/mechatassadar_killzeratul00.ogg	138be40408750488b6c809bae43246c7	34246
mods/heroes.stormmod/enus.stormassets/localizeddata/sounds/vo/mechatassadar_killzerg00.fxe	d1827c1b9c99be8205e2acd992977d1b	2191
mods/heroes.stormmod/enus.stormassets/localizeddata/sounds/vo/mechatassadar_killzerg00.ogg	91b2ed09153fc0a6f030efa277cca9bd	31600
mods/heroes.stormmod/enus.stormassets/localizeddata/sounds/vo/mechatassadar_laugh00.fxe	55b52c83bfb6da7d7322085eae7f5e57	3068
mods/heroes.stormmod/enus.stormassets/localizeddata/sounds/vo/mechatassadar_laugh00.ogg	11852bd0eb314315715c6ac01d9078a1	40714
mods/heroes.stormmod/enus.stormassets/localizeddata/sounds/vo/mechatassadar_lowlifeheal00.fxe	5185b1e3fa243ef4a0f42068dc6fc33c	2370
mods/heroes.stormmod/enus.stormassets/localizeddata/sounds/vo/mechatassadar_lowlifeheal00.ogg	dbbdd2fdc9c3ff4c33f6c4cef388e871	29277
mods/heroes.stormmod/enus.stormassets/localizeddata/sounds/vo/mechatassadar_lowlifeheal01.fxe	976e6a98db36041368623b5a0070a0dd	2338
mods/heroes.stormmod/enus.stormassets/localizeddata/sounds/vo/mechatassadar_lowlifeheal01.ogg	f4e983299667c450e8f5013315b2bcfa	30813
mods/heroes.stormmod/enus.stormassets/localizeddata/sounds/vo/mechatassadar_lowlifeheal02.fxe	dd1ea707f175b4aa83c17d23e8bcf843	3090
mods/heroes.stormmod/enus.stormassets/localizeddata/sounds/vo/mechatassadar_lowlifeheal02.ogg	7e2c636d80aafbff2e8f7b0524165253	46511
mods/heroes.stormmod/enus.stormassets/localizeddata/sounds/vo/mechatassadar_lowmana00.fxe	4c94bdf911a98ac464327721ae1e0315	1518
mods/heroes.stormmod/enus.stormassets/localizeddata/sounds/vo/mechatassadar_lowmana00.ogg	1f75dec5f06f270d4910e00325419f87	22597
mods/heroes.stormmod/enus.stormassets/localizeddata/sounds/vo/mechatassadar_lowmana01.fxe	feaf9183e51ee639c2d2952c16e8eb9d	2334
mods/heroes.stormmod/enus.stormassets/localizeddata/sounds/vo/mechatassadar_lowmana01.ogg	c45e11bffad0174069e2270d5d9ab580	29715
mods/heroes.stormmod/enus.stormassets/localizeddata/sounds/vo/mechatassadar_lowmana02.fxe	ea3440af67c73791dba6f78ef09111f3	1470
mods/heroes.stormmod/enus.stormassets/localizeddata/sounds/vo/mechatassadar_lowmana02.ogg	56fd4c797807124b9d22246ce7badd2f	21848
mods/heroes.stormmod/enus.stormassets/localizeddata/sounds/vo/mechatassadar_matchend00.ogg	03d19290ded134aa53942d34282898d3	35255
mods/heroes.stormmod/enus.stormassets/localizeddata/sounds/vo/mechatassadar_matchend01.ogg	af68106a0342edd24b14bd7be79a128e	26983
mods/heroes.stormmod/enus.stormassets/localizeddata/sounds/vo/mechatassadar_no00.fxe	3ccd39e1f6ce9c9acaf999ea4105785a	873
mods/heroes.stormmod/enus.stormassets/localizeddata/sounds/vo/mechatassadar_no00.ogg	eee1f70a3f5ac9eed1b3c3881c50e2e6	14844
mods/heroes.stormmod/enus.stormassets/localizeddata/sounds/vo/mechatassadar_no01.fxe	13991f6548f6fd21fb5aa69f36f6c8da	2377
mods/heroes.stormmod/enus.stormassets/localizeddata/sounds/vo/mechatassadar_no01.ogg	1f1e4a6dddba8d2cc618645c7c4b40fa	40545
mods/heroes.stormmod/enus.stormassets/localizeddata/sounds/vo/mechatassadar_no02.fxe	b181ccc1dbad1fd413020bcccc407c69	841
mods/heroes.stormmod/enus.stormassets/localizeddata/sounds/vo/mechatassadar_no02.ogg	79dc3923009458dc2ea5179fa664f0d6	16624
mods/heroes.stormmod/enus.stormassets/localizeddata/sounds/vo/mechatassadar_ping_assisthero00.fxe	b8dfa7e04e0943fd42c94a173e4449dc	2518
mods/heroes.stormmod/enus.stormassets/localizeddata/sounds/vo/mechatassadar_ping_assisthero00.ogg	ace503f26239538440f2ca95650ab064	32927
mods/heroes.stormmod/enus.stormassets/localizeddata/sounds/vo/mechatassadar_ping_assistme00.fxe	7a256a5c963c712390ba599acc8d17e2	1716
mods/heroes.stormmod/enus.stormassets/localizeddata/sounds/vo/mechatassadar_ping_assistme00.ogg	7cabef23ad789cbe0b1f74599e250117	25979
mods/heroes.stormmod/enus.stormassets/localizeddata/sounds/vo/mechatassadar_ping_assistme01.fxe	46931ac197e705675c00eb248a4d931d	1364
mods/heroes.stormmod/enus.stormassets/localizeddata/sounds/vo/mechatassadar_ping_assistme01.ogg	d595c7315cc48452fd0fd3efca6a19ba	24602
mods/heroes.stormmod/enus.stormassets/localizeddata/sounds/vo/mechatassadar_ping_attackcastle00.fxe	bef0c71f6044397645316b46a0086035	1800
mods/heroes.stormmod/enus.stormassets/localizeddata/sounds/vo/mechatassadar_ping_attackcastle00.ogg	4ead6b3baf71b5784b67c9c8ab0a6da9	31666
mods/heroes.stormmod/enus.stormassets/localizeddata/sounds/vo/mechatassadar_ping_attackmerc00.fxe	b5f3d4a54cb6b964a80ec359207686e7	2198
mods/heroes.stormmod/enus.stormassets/localizeddata/sounds/vo/mechatassadar_ping_attackmerc00.ogg	96095548a5c530a6fc1e286c0da2e241	30123
mods/heroes.stormmod/enus.stormassets/localizeddata/sounds/vo/mechatassadar_ping_attackoutpost00.fxe	d3b361d32a81aaa04cc7ab22f88a8189	1801
mods/heroes.stormmod/enus.stormassets/localizeddata/sounds/vo/mechatassadar_ping_attackoutpost00.ogg	e74ef66931188628200a02a1a26f2fe8	21713
mods/heroes.stormmod/enus.stormassets/localizeddata/sounds/vo/mechatassadar_ping_attacktower00.fxe	c4010453b5e13b853b3fe74dbc5bdf30	1991
mods/heroes.stormmod/enus.stormassets/localizeddata/sounds/vo/mechatassadar_ping_attacktower00.ogg	3fd0070ccd17aee3c1bd212ac1cab370	27783
mods/heroes.stormmod/enus.stormassets/localizeddata/sounds/vo/mechatassadar_ping_danger00.fxe	6c0ae4caa4c59ffac20316f2a3d3b457	1714
mods/heroes.stormmod/enus.stormassets/localizeddata/sounds/vo/mechatassadar_ping_danger00.ogg	34e336303598815d76e11d066020a5b4	25770
mods/heroes.stormmod/enus.stormassets/localizeddata/sounds/vo/mechatassadar_ping_danger01.fxe	9213b9885e96779f77dfcfa93689be5f	1858
mods/heroes.stormmod/enus.stormassets/localizeddata/sounds/vo/mechatassadar_ping_danger01.ogg	12144f92a47e6c9077ca2a87a2b032e0	27594
mods/heroes.stormmod/enus.stormassets/localizeddata/sounds/vo/mechatassadar_ping_defend00.fxe	bd6994825e186b86503082e850d8e94c	2706
mods/heroes.stormmod/enus.stormassets/localizeddata/sounds/vo/mechatassadar_ping_defend00.ogg	6812fc2752515fbd9e880c683ae7f70f	38180
mods/heroes.stormmod/enus.stormassets/localizeddata/sounds/vo/mechatassadar_ping_defendcastle00.fxe	6cd81f2e0cce7622412db7fe49797dcd	1768
mods/heroes.stormmod/enus.stormassets/localizeddata/sounds/vo/mechatassadar_ping_defendcastle00.ogg	c5bc72acb0a4cf6324aa53e3314570ad	32175
mods/heroes.stormmod/enus.stormassets/localizeddata/sounds/vo/mechatassadar_ping_defendoutpost00.fxe	6c8e9b54ee9e3f1420d7235c1159696c	1849
mods/heroes.stormmod/enus.stormassets/localizeddata/sounds/vo/mechatassadar_ping_defendoutpost00.ogg	25531d710147aaf97a4c984041770e46	25686
mods/heroes.stormmod/enus.stormassets/localizeddata/sounds/vo/mechatassadar_ping_defendthing00.fxe	fac7aceec5b3d635f894b43a1af495e3	1943
mods/heroes.stormmod/enus.stormassets/localizeddata/sounds/vo/mechatassadar_ping_defendthing00.ogg	7b0de84822f6517bc4a213cdc58c0c7d	23489
mods/heroes.stormmod/enus.stormassets/localizeddata/sounds/vo/mechatassadar_ping_defendthing01.fxe	3fddcdaea35f9de96ab3e07387e6d8fe	2663
mods/heroes.stormmod/enus.stormassets/localizeddata/sounds/vo/mechatassadar_ping_defendthing01.ogg	28aee8d62be93ad0fca38ec1a17ec284	32595
mods/heroes.stormmod/enus.stormassets/localizeddata/sounds/vo/mechatassadar_ping_defendtower00.fxe	41c02056dcf97884d22426759048fe17	2343
mods/heroes.stormmod/enus.stormassets/localizeddata/sounds/vo/mechatassadar_ping_defendtower00.ogg	2a95e5da0f41704edf2a758197cd4e7d	35399
mods/heroes.stormmod/enus.stormassets/localizeddata/sounds/vo/mechatassadar_ping_enemymissing00.fxe	768a344d424079cdd17a2678c1039e23	3272
mods/heroes.stormmod/enus.stormassets/localizeddata/sounds/vo/mechatassadar_ping_enemymissing00.ogg	62d1b823ee2878ddb60bd6e278a5cf5c	45343
mods/heroes.stormmod/enus.stormassets/localizeddata/sounds/vo/mechatassadar_ping_enemymissing01.fxe	8b129111c18ff36059e3d46fe50a3fd6	2248
mods/heroes.stormmod/enus.stormassets/localizeddata/sounds/vo/mechatassadar_ping_enemymissing01.ogg	d93834b9ad8c286c5228c76dfa81d960	36126
mods/heroes.stormmod/enus.stormassets/localizeddata/sounds/vo/mechatassadar_ping_killhero00.fxe	652c1e42f424c5bb537c68c936b44e19	2852
mods/heroes.stormmod/enus.stormassets/localizeddata/sounds/vo/mechatassadar_ping_killhero00.ogg	3c673059b603f3bb3936ff7771cf2000	41953
mods/heroes.stormmod/enus.stormassets/localizeddata/sounds/vo/mechatassadar_ping_onmyway00.fxe	775ed13d751329852cb93bd435512c78	1715
mods/heroes.stormmod/enus.stormassets/localizeddata/sounds/vo/mechatassadar_ping_onmyway00.ogg	6c4610781a253f05c7df746fe3630445	29964
mods/heroes.stormmod/enus.stormassets/localizeddata/sounds/vo/mechatassadar_ping_onmyway01.fxe	975388579d404bfb951a0fde6fdcd2d3	2419
mods/heroes.stormmod/enus.stormassets/localizeddata/sounds/vo/mechatassadar_ping_onmyway01.ogg	292a6873ce4255bcdb9aaa1e5940747b	32258
mods/heroes.stormmod/enus.stormassets/localizeddata/sounds/vo/mechatassadar_ping_retreat00.fxe	a33acee9ccafd4ba737033ae51d4e635	2627
mods/heroes.stormmod/enus.stormassets/localizeddata/sounds/vo/mechatassadar_ping_retreat00.ogg	7551b4cde92d43929930658ad90a9b6c	31502
mods/heroes.stormmod/enus.stormassets/localizeddata/sounds/vo/mechatassadar_ping_retreat01.fxe	d2209df5440b9da44cc4fbd42dd6b222	1059
mods/heroes.stormmod/enus.stormassets/localizeddata/sounds/vo/mechatassadar_ping_retreat01.ogg	43ec35ceb03c6d753ac8af1825cdaa45	17173
mods/heroes.stormmod/enus.stormassets/localizeddata/sounds/vo/mechatassadar_pissed00.fxe	8d61dfe732df849c107abc8fce15c5d9	1277
mods/heroes.stormmod/enus.stormassets/localizeddata/sounds/vo/mechatassadar_pissed00.ogg	beb2adc4de8ef6fbc687c44c03d8cab6	17624
mods/heroes.stormmod/enus.stormassets/localizeddata/sounds/vo/mechatassadar_pissed01.fxe	54638e7ab066f8cd57122a7f491c8f06	1325
mods/heroes.stormmod/enus.stormassets/localizeddata/sounds/vo/mechatassadar_pissed01.ogg	095ad7e017b9d0b92c5de5b2ddeddac3	17941
mods/heroes.stormmod/enus.stormassets/localizeddata/sounds/vo/mechatassadar_pissed02.fxe	22da32452fe5c199914a4a3e4df98704	4589
mods/heroes.stormmod/enus.stormassets/localizeddata/sounds/vo/mechatassadar_pissed02.ogg	19cae7a5fdaca3706afc59a4a82d7a64	69959
mods/heroes.stormmod/enus.stormassets/localizeddata/sounds/vo/mechatassadar_pissed03.fxe	5ebfce08e5c03e29aa632bac7e0c880d	5821
mods/heroes.stormmod/enus.stormassets/localizeddata/sounds/vo/mechatassadar_pissed03.ogg	4d0886fd0f3f3ee40a9773aca4834ec4	86160
mods/heroes.stormmod/enus.stormassets/localizeddata/sounds/vo/mechatassadar_pissed04.fxe	29576f9abe0f9148eb1ca8a5ebfd4286	5981
mods/heroes.stormmod/enus.stormassets/localizeddata/sounds/vo/mechatassadar_pissed04.ogg	bfc435f7fbc60888bc48e08f77dac89d	72417
mods/heroes.stormmod/enus.stormassets/localizeddata/sounds/vo/mechatassadar_pissed05.fxe	42d81f03c3ef2c85d179837b2df38f39	5789
mods/heroes.stormmod/enus.stormassets/localizeddata/sounds/vo/mechatassadar_pissed05.ogg	94e993b77886f25729df2ddaabdc6055	85098
mods/heroes.stormmod/enus.stormassets/localizeddata/sounds/vo/mechatassadar_pissed06.fxe	c7e40ecf6483ba8fb4962ce35c047470	7293
mods/heroes.stormmod/enus.stormassets/localizeddata/sounds/vo/mechatassadar_pissed06.ogg	f74a765086c677ce6b3129bad7199f93	89583
mods/heroes.stormmod/enus.stormassets/localizeddata/sounds/vo/mechatassadar_pissed07.fxe	7c9da69aca98662e777b792794b97f04	5805
mods/heroes.stormmod/enus.stormassets/localizeddata/sounds/vo/mechatassadar_pissed07.ogg	1523a005893f1642f918bea87659e835	83509
mods/heroes.stormmod/enus.stormassets/localizeddata/sounds/vo/mechatassadar_pissed08.fxe	fb216be7e39f80028195f4936a50fc4a	3357
mods/heroes.stormmod/enus.stormassets/localizeddata/sounds/vo/mechatassadar_pissed08.ogg	267761a7418deab5bb1ec3a8adf76851	43693
mods/heroes.stormmod/enus.stormassets/localizeddata/sounds/vo/mechatassadar_pissed09_alt.fxe	619d7858c9479e6416852e8774f3e5ca	10369
mods/heroes.stormmod/enus.stormassets/localizeddata/sounds/vo/mechatassadar_pissed09_alt.ogg	234a742aa8319734cfc604caeb3f50ea	132564
mods/heroes.stormmod/enus.stormassets/localizeddata/sounds/vo/mechatassadar_pissed10.fxe	80391382bb964887c426ce3a455e00e0	7805
mods/heroes.stormmod/enus.stormassets/localizeddata/sounds/vo/mechatassadar_pissed10.ogg	dc344f933690733ab22ff5f33c16010d	121202
mods/heroes.stormmod/enus.stormassets/localizeddata/sounds/vo/mechatassadar_pissed11.fxe	64d342526b7211ea2f949d075187307d	4765
mods/heroes.stormmod/enus.stormassets/localizeddata/sounds/vo/mechatassadar_pissed11.ogg	36c5cc57888171f5bf2e6f339ec3837e	68738
mods/heroes.stormmod/enus.stormassets/localizeddata/sounds/vo/mechatassadar_pissed12.fxe	18cd289d1d51cbba5a9f57355c0d8c55	4669
mods/heroes.stormmod/enus.stormassets/localizeddata/sounds/vo/mechatassadar_pissed12.ogg	20115253b5524e3bae8ffd511ba26b05	67554
mods/heroes.stormmod/enus.stormassets/localizeddata/sounds/vo/mechatassadar_pissed14.fxe	7f1dbcf4a21c51c4b97a2d3586ba125a	2669
mods/heroes.stormmod/enus.stormassets/localizeddata/sounds/vo/mechatassadar_pissed14.ogg	55a950d53bfd0e664009c255313e91d3	79029
mods/heroes.stormmod/enus.stormassets/localizeddata/sounds/vo/mechatassadar_pissed15.fxe	f69306630a2ddf08e46b8c84afe528cc	1901
mods/heroes.stormmod/enus.stormassets/localizeddata/sounds/vo/mechatassadar_pissed15.ogg	ac3e1558f4043c2331bf9ddc6c4bac82	44917
mods/heroes.stormmod/enus.stormassets/localizeddata/sounds/vo/mechatassadar_resurrected00.fxe	236503bcb6479ca73c0f24eadaf911c9	2994
mods/heroes.stormmod/enus.stormassets/localizeddata/sounds/vo/mechatassadar_resurrected00.ogg	86dbeb3ae6df1bf80df48416dfa84bc5	40045
mods/heroes.stormmod/enus.stormassets/localizeddata/sounds/vo/mechatassadar_resurrected01.fxe	d65c61d652e64d19cc3251f4264fcd51	2354
mods/heroes.stormmod/enus.stormassets/localizeddata/sounds/vo/mechatassadar_resurrected01.ogg	62201475f868a95f6ca9cdd8d29e7d25	27912
mods/heroes.stormmod/enus.stormassets/localizeddata/sounds/vo/mechatassadar_revive00.fxe	120107e3478a02c66285353909bb0e3e	1757
mods/heroes.stormmod/enus.stormassets/localizeddata/sounds/vo/mechatassadar_revive00.ogg	24f208ffea093d73c6315e45c078a5ad	31065
mods/heroes.stormmod/enus.stormassets/localizeddata/sounds/vo/mechatassadar_revive01.fxe	6a5db4e20d47bb1c98e04913c90af048	3325
mods/heroes.stormmod/enus.stormassets/localizeddata/sounds/vo/mechatassadar_revive01.ogg	2ba94975b3d62122048317eeb134ad92	38775
mods/heroes.stormmod/enus.stormassets/localizeddata/sounds/vo/mechatassadar_revive02.fxe	ebec537536ace7f9dc3e15bc8029570a	3053
mods/heroes.stormmod/enus.stormassets/localizeddata/sounds/vo/mechatassadar_revive02.ogg	de1adf8bed02d30a15bb207a71f3e6dc	33752
mods/heroes.stormmod/enus.stormassets/localizeddata/sounds/vo/mechatassadar_spec00.fxe	89bd57ef5f34462f5b75f53cdfba6c49	1963
mods/heroes.stormmod/enus.stormassets/localizeddata/sounds/vo/mechatassadar_spec00.ogg	3ba50ae1727a138b62b29c0446de78bc	23533
mods/heroes.stormmod/enus.stormassets/localizeddata/sounds/vo/mechatassadar_spec01.fxe	77cfb30ec1fa46300e066fd5cd8e0d55	2507
mods/heroes.stormmod/enus.stormassets/localizeddata/sounds/vo/mechatassadar_spec01.ogg	68ce80c427e448149bb8f7f31829e18c	33296
mods/heroes.stormmod/enus.stormassets/localizeddata/sounds/vo/mechatassadar_spec02.fxe	c0f708cca7054529db7ff529fb63e03c	2299
mods/heroes.stormmod/enus.stormassets/localizeddata/sounds/vo/mechatassadar_spec02.ogg	e8dc0393f012a5615f68c6614ce4c6b0	29597
mods/heroes.stormmod/enus.stormassets/localizeddata/sounds/vo/mechatassadar_spec03.fxe	50ff9027f5cfa95413f18a89e87feff7	2747
mods/heroes.stormmod/enus.stormassets/localizeddata/sounds/vo/mechatassadar_spec03.ogg	40f3b521bebf3ea7b5527f1f7d1dc91b	38488
mods/heroes.stormmod/enus.stormassets/localizeddata/sounds/vo/mechatassadar_spec04.fxe	5763618540af08fa5c3b19cfd71e4ae8	2491
mods/heroes.stormmod/enus.stormassets/localizeddata/sounds/vo/mechatassadar_spec04.ogg	8b27232bd15cd30f5333681a9f442d74	30924
mods/heroes.stormmod/enus.stormassets/localizeddata/sounds/vo/mechatassadar_taunt00.fxe	495d64750f24befa1d4857a9287f7e23	3756
mods/heroes.stormmod/enus.stormassets/localizeddata/sounds/vo/mechatassadar_taunt00.ogg	28d6413ce476dee129696e287303acf3	64962
mods/heroes.stormmod/enus.stormassets/localizeddata/sounds/vo/mechatassadar_taunt01.fxe	b1e12d9a630a4021afea7a004e433104	3132
mods/heroes.stormmod/enus.stormassets/localizeddata/sounds/vo/mechatassadar_taunt01.ogg	4a357289526f23f8cc1a5959fcc7298e	56395
mods/heroes.stormmod/enus.stormassets/localizeddata/sounds/vo/mechatassadar_taunt02.fxe	e440176913389e2e86aa8a87ee50f784	2284
mods/heroes.stormmod/enus.stormassets/localizeddata/sounds/vo/mechatassadar_taunt02.ogg	b01906d184f20b115d9ffa6b546aa762	38545
mods/heroes.stormmod/enus.stormassets/localizeddata/sounds/vo/mechatassadar_teamkilled00.fxe	5bfa13940ab5ff9ab85a0abaecbc2fcd	2801
mods/heroes.stormmod/enus.stormassets/localizeddata/sounds/vo/mechatassadar_teamkilled00.ogg	22c03642051142b2884b6400cbfa9a54	41934
mods/heroes.stormmod/enus.stormassets/localizeddata/sounds/vo/mechatassadar_ui_exlocked00.fxe	3c431d8dc102f1bb8467c08c15366c87	1938
mods/heroes.stormmod/enus.stormassets/localizeddata/sounds/vo/mechatassadar_ui_exlocked00.ogg	a8cd4c3fea0d38751dd9f216fa91c83b	26787
mods/heroes.stormmod/enus.stormassets/localizeddata/sounds/vo/mechatassadar_ui_expurchased00.fxe	1696d81c581d1188c2c9ab73313821d9	1253
mods/heroes.stormmod/enus.stormassets/localizeddata/sounds/vo/mechatassadar_ui_expurchased00.ogg	883b34ec2a07ee8b950a1669cebaf23d	16043
mods/heroes.stormmod/enus.stormassets/localizeddata/sounds/vo/mechatassadar_ui_gift00.fxe	d9949d8b733a60ef4053172afd7dafb8	2078
mods/heroes.stormmod/enus.stormassets/localizeddata/sounds/vo/mechatassadar_ui_gift00.ogg	d6a57889313774067d34237240bee5a7	27527
mods/heroes.stormmod/enus.stormassets/localizeddata/sounds/vo/mechatassadar_ui_lockin00.fxe	db6a522568aeb1cab85ab970e15876ae	1776
mods/heroes.stormmod/enus.stormassets/localizeddata/sounds/vo/mechatassadar_ui_lockin00.ogg	c0dce3cd1d8c71275f1cf1cfa6cb9223	34140
mods/heroes.stormmod/enus.stormassets/localizeddata/sounds/vo/mechatassadar_ui_purchase00.fxe	0f821eaedc13f055cf54219a7027f514	1890
mods/heroes.stormmod/enus.stormassets/localizeddata/sounds/vo/mechatassadar_ui_purchase00.ogg	a1b34a806a995200e349c1dc6693137c	22302
mods/heroes.stormmod/enus.stormassets/localizeddata/sounds/vo/mechatassadar_ui_trial00.fxe	bf2a2e4bab8e22f9127b07afcf4da506	1839
mods/heroes.stormmod/enus.stormassets/localizeddata/sounds/vo/mechatassadar_ui_trial00.ogg	8f12820c552f6562d6065ef08df05b66	24455
mods/heroes.stormmod/enus.stormassets/localizeddata/sounds/vo/mechatassadar_ui_trial01.fxe	3c647078db91bd957f5b6373c43fcfa4	3455
mods/heroes.stormmod/enus.stormassets/localizeddata/sounds/vo/mechatassadar_ui_trial01.ogg	de8d2008fc2928c8ccf14a7ca86a162c	44446
mods/heroes.stormmod/enus.stormassets/localizeddata/sounds/vo/mechatassadar_ui_waitlocked00.fxe	147adb6a9930354e2366355554724b51	3460
mods/heroes.stormmod/enus.stormassets/localizeddata/sounds/vo/mechatassadar_ui_waitlocked00.ogg	9f5aa9fc1ab813032d3077667c2ae9ae	46978
mods/heroes.stormmod/enus.stormassets/localizeddata/sounds/vo/mechatassadar_ui_waitlocked01.fxe	8442b7acffbdcd1fbb8110c748bd4fb3	2084
mods/heroes.stormmod/enus.stormassets/localizeddata/sounds/vo/mechatassadar_ui_waitlocked01.ogg	4953981d1a916fdfcb3647436db31615	27353
mods/heroes.stormmod/enus.stormassets/localizeddata/sounds/vo/mechatassadar_ui_waitpurchased00.fxe	b31f3db616cb18c1bc343647aa005de8	5447
mods/heroes.stormmod/enus.stormassets/localizeddata/sounds/vo/mechatassadar_ui_waitpurchased00.ogg	435b8640eff60f3d9d87e2d68620d5fc	56667
mods/heroes.stormmod/enus.stormassets/localizeddata/sounds/vo/mechatassadar_ui_waitpurchased01.fxe	b9048e022ba6dbaa0901c6810fec8e1f	1719
mods/heroes.stormmod/enus.stormassets/localizeddata/sounds/vo/mechatassadar_ui_waitpurchased01.ogg	3a74068f7c3a01b7a74eb59e86b70cab	28215
mods/heroes.stormmod/enus.stormassets/localizeddata/sounds/vo/mechatassadar_ultimate1used00.fxe	2e0d41363cea6b95898849415c3e5099	1540
mods/heroes.stormmod/enus.stormassets/localizeddata/sounds/vo/mechatassadar_ultimate1used00.ogg	fc32d18622e45e7afd25d8c307edd844	19295
mods/heroes.stormmod/enus.stormassets/localizeddata/sounds/vo/mechatassadar_ultimate1used01.fxe	4a817efbdb72d83d5043d7520f420f6c	1220
mods/heroes.stormmod/enus.stormassets/localizeddata/sounds/vo/mechatassadar_ultimate1used01.ogg	32c3e779e63c712308236d60be810ef8	18769
mods/heroes.stormmod/enus.stormassets/localizeddata/sounds/vo/mechatassadar_ultimate1used02.fxe	1be2084ccd27031a9366cb96d02e399f	1892
mods/heroes.stormmod/enus.stormassets/localizeddata/sounds/vo/mechatassadar_ultimate1used02.ogg	a67dd3ba902537174ab8eb4d0c2a2b91	24206
mods/heroes.stormmod/enus.stormassets/localizeddata/sounds/vo/mechatassadar_ultimate1used03.fxe	85e94e86356c9b744bd01c3d06f63f1d	1604
mods/heroes.stormmod/enus.stormassets/localizeddata/sounds/vo/mechatassadar_ultimate1used03.ogg	299b8c5c296af8c73cd115bf9dbfc4bf	23421
mods/heroes.stormmod/enus.stormassets/localizeddata/sounds/vo/mechatassadar_ultimate2used00.fxe	eda836c36239d13297a0a9f4d9f281ca	1540
mods/heroes.stormmod/enus.stormassets/localizeddata/sounds/vo/mechatassadar_ultimate2used00.ogg	5484b266ad1b218709e6cb86db34e1d2	27765
mods/heroes.stormmod/enus.stormassets/localizeddata/sounds/vo/mechatassadar_ultimate2used01.fxe	09066f0c8b1c089f05ffea1a218bd85b	2628
mods/heroes.stormmod/enus.stormassets/localizeddata/sounds/vo/mechatassadar_ultimate2used01.ogg	99ee5f4d18fe813dca3c34be1537dcfd	32581
mods/heroes.stormmod/enus.stormassets/localizeddata/sounds/vo/mechatassadar_voicelinefive00.ogg	cce4ea500c7fafac5f9cd3363757c646	40921
mods/heroes.stormmod/enus.stormassets/localizeddata/sounds/vo/mechatassadar_voicelinefour00.ogg	8c6ef173d3dc7822bae0b35b790f440a	57646
mods/heroes.stormmod/enus.stormassets/localizeddata/sounds/vo/mechatassadar_voicelineone00.ogg	28845e8deca00d0e2bf7db603a204df1	32426
mods/heroes.stormmod/enus.stormassets/localizeddata/sounds/vo/mechatassadar_voicelinethree00.ogg	53703669744280368a6d8c4e7eb9d1f6	36676
mods/heroes.stormmod/enus.stormassets/localizeddata/sounds/vo/mechatassadar_voicelinetwo00.ogg	6b85b98d7518a9d1b8b4d8f891075160	27588
mods/heroes.stormmod/enus.stormassets/localizeddata/sounds/vo/mechatassadar_vox_attack00.fxe	b6fc696040b43fdc1d936a3cbe479698	1297
mods/heroes.stormmod/enus.stormassets/localizeddata/sounds/vo/mechatassadar_vox_attack00.ogg	8745ad37c1031ee15d91cf65d24e92af	12941
mods/heroes.stormmod/enus.stormassets/localizeddata/sounds/vo/mechatassadar_vox_attack01.fxe	90c6f2fb25d8de567d192af1fb1299dd	1121
mods/heroes.stormmod/enus.stormassets/localizeddata/sounds/vo/mechatassadar_vox_attack01.ogg	ce26008b92ab758aa61d78d3fa97a6d4	9422
mods/heroes.stormmod/enus.stormassets/localizeddata/sounds/vo/mechatassadar_vox_attack02.fxe	9609352a5f1b29668f8fb1439baee721	977
mods/heroes.stormmod/enus.stormassets/localizeddata/sounds/vo/mechatassadar_vox_attack02.ogg	91d4b515e98d6a792937df57689a9ff1	9075
mods/heroes.stormmod/enus.stormassets/localizeddata/sounds/vo/mechatassadar_vox_attack03.fxe	9d34efc11085316e926495a95ba563ad	1025
mods/heroes.stormmod/enus.stormassets/localizeddata/sounds/vo/mechatassadar_vox_attack03.ogg	190609b52c08a21fa77fde60d703def5	9578
mods/heroes.stormmod/enus.stormassets/localizeddata/sounds/vo/mechatassadar_vox_attack04.fxe	a1835800353f3e567ca5d58bc90a2deb	1009
mods/heroes.stormmod/enus.stormassets/localizeddata/sounds/vo/mechatassadar_vox_attack04.ogg	78dcd0d17bda6a66797d84f32792545f	9330
mods/heroes.stormmod/enus.stormassets/localizeddata/sounds/vo/mechatassadar_vox_attack05.ogg	f891576f18ebcef2b7ecd061d35cbd9e	9701
mods/heroes.stormmod/enus.stormassets/localizeddata/sounds/vo/mechatassadar_vox_attack06.ogg	ccb628abfa8d420ee3d1829367501de3	8375
mods/heroes.stormmod/enus.stormassets/localizeddata/sounds/vo/mechatassadar_vox_attack07.ogg	124f2f470dbca516ddf8d1a5e4705cdd	9270
mods/heroes.stormmod/enus.stormassets/localizeddata/sounds/vo/mechatassadar_vox_attack08.ogg	c5987162a08629839767eef8e4efd20b	8621
mods/heroes.stormmod/enus.stormassets/localizeddata/sounds/vo/mechatassadar_vox_attack09.ogg	af611c5a15b18ed127afef371bc56a45	9675
mods/heroes.stormmod/enus.stormassets/localizeddata/sounds/vo/mechatassadar_vox_attack10.ogg	fc580f8c6c761bca20bdef08fe6751da	8120
mods/heroes.stormmod/enus.stormassets/localizeddata/sounds/vo/mechatassadar_vox_attack11.ogg	c3043d50b7a025d2282d20c3a17f5d4e	8845
mods/heroes.stormmod/enus.stormassets/localizeddata/sounds/vo/mechatassadar_vox_attack12.ogg	a898cfe93e32d8d172c3a5a223193b6f	18141
mods/heroes.stormmod/enus.stormassets/localizeddata/sounds/vo/mechatassadar_vox_casting00.fxe	1bc701380f2858238be2d81defb7e919	1442
mods/heroes.stormmod/enus.stormassets/localizeddata/sounds/vo/mechatassadar_vox_casting00.ogg	7e3268b7efa03e54041b22c00254090a	17404
mods/heroes.stormmod/enus.stormassets/localizeddata/sounds/vo/mechatassadar_vox_casting01.fxe	d8b7f24e6cc1991d58bb0c3ba0fa946e	1154
mods/heroes.stormmod/enus.stormassets/localizeddata/sounds/vo/mechatassadar_vox_casting01.ogg	253bc32d860ebdcd434328238036c68b	15655
mods/heroes.stormmod/enus.stormassets/localizeddata/sounds/vo/mechatassadar_vox_casting02.fxe	c240f3c31c131ecceeb2211fd9c59a33	1250
mods/heroes.stormmod/enus.stormassets/localizeddata/sounds/vo/mechatassadar_vox_casting02.ogg	df98b58b1a0e5c57d30043b4a870a79f	15383
mods/heroes.stormmod/enus.stormassets/localizeddata/sounds/vo/mechatassadar_vox_casting03.fxe	c69c5d297b3cc5d9a76d0f2a29db2e08	1394
mods/heroes.stormmod/enus.stormassets/localizeddata/sounds/vo/mechatassadar_vox_casting03.ogg	ccaf9c0058da431b658dea0f33a06c7c	13458
mods/heroes.stormmod/enus.stormassets/localizeddata/sounds/vo/mechatassadar_vox_casting04.fxe	c255c6f7a084e5e9f96c3a026ebdf5b6	1298
mods/heroes.stormmod/enus.stormassets/localizeddata/sounds/vo/mechatassadar_vox_casting04.ogg	6788eb7a3ec5f7547c1f8587d0ecb73e	16220
mods/heroes.stormmod/enus.stormassets/localizeddata/sounds/vo/mechatassadar_vox_casting05.ogg	9659310a39014c95d289ce4289052a8b	13909
mods/heroes.stormmod/enus.stormassets/localizeddata/sounds/vo/mechatassadar_vox_casting06.ogg	6802583f131dcfeaa54a4e2f0783d4dc	16641
mods/heroes.stormmod/enus.stormassets/localizeddata/sounds/vo/mechatassadar_vox_casting07.ogg	81c911ef63d2dbaaf76c8f885ba47aba	17379
mods/heroes.stormmod/enus.stormassets/localizeddata/sounds/vo/mechatassadar_vox_casting08.ogg	aa3b6748a710677095de4494f7cea5af	13972
mods/heroes.stormmod/enus.stormassets/localizeddata/sounds/vo/mechatassadar_vox_casting09.ogg	e47e34f1a33885da279e7e97f38f3dc5	12038
mods/heroes.stormmod/enus.stormassets/localizeddata/sounds/vo/mechatassadar_vox_casting10.ogg	c3c18518e08d68cd5e11c481fc73d523	17942
mods/heroes.stormmod/enus.stormassets/localizeddata/sounds/vo/mechatassadar_vox_casting11.ogg	4bd417e3bff21e2225e9a14906aa89c1	26141
mods/heroes.stormmod/enus.stormassets/localizeddata/sounds/vo/mechatassadar_vox_casting12.ogg	7e0fcba5306f239037dc45a5dc984bd6	25863
mods/heroes.stormmod/enus.stormassets/localizeddata/sounds/vo/mechatassadar_vox_casting13.ogg	fd9abec75cbf7edb9a67227a035816e3	24468
mods/heroes.stormmod/enus.stormassets/localizeddata/sounds/vo/mechatassadar_vox_casting14.ogg	e1c25e1c418f93558f96934b8b09a845	30063
mods/heroes.stormmod/enus.stormassets/localizeddata/sounds/vo/mechatassadar_vox_casting15.ogg	d266aefba76b6205f6f7f6a05b258593	22394
mods/heroes.stormmod/enus.stormassets/localizeddata/sounds/vo/mechatassadar_vox_casting16.ogg	028a6b4ae65a9beffee15ba3a9b65be4	25057
mods/heroes.stormmod/enus.stormassets/localizeddata/sounds/vo/mechatassadar_vox_casting17.ogg	c278e487c3738800a5b0f72da511aa5c	23652
mods/heroes.stormmod/enus.stormassets/localizeddata/sounds/vo/mechatassadar_vox_casting18.ogg	db5aafa9b3f5fe13026c89391e179ef0	25274
mods/heroes.stormmod/enus.stormassets/localizeddata/sounds/vo/mechatassadar_vox_cheer00_02.fxe	958b3663eec6aef1db35048be6e23b45	1747
mods/heroes.stormmod/enus.stormassets/localizeddata/sounds/vo/mechatassadar_vox_cheer00_02.ogg	c772751140d3992fbaec4195b74336d0	19619
mods/heroes.stormmod/enus.stormassets/localizeddata/sounds/vo/mechatassadar_vox_gethit00.fxe	f286970289cf3d1bd73b027ca14dd7e3	2017
mods/heroes.stormmod/enus.stormassets/localizeddata/sounds/vo/mechatassadar_vox_gethit00.ogg	881606d0740f728426565988a81cd50c	25555
mods/heroes.stormmod/enus.stormassets/localizeddata/sounds/vo/mechatassadar_vox_gethit01.fxe	c0cbec936e4bc82d3ae5d3ca56152845	1009
mods/heroes.stormmod/enus.stormassets/localizeddata/sounds/vo/mechatassadar_vox_gethit01.ogg	f608667ab1f90eb7f85c3a8f3d335395	11713
mods/heroes.stormmod/enus.stormassets/localizeddata/sounds/vo/mechatassadar_vox_gethit02.fxe	083660d36f10f43fa3bbad6a1cb63d81	881
mods/heroes.stormmod/enus.stormassets/localizeddata/sounds/vo/mechatassadar_vox_gethit02.ogg	178719f59372c8af31cda82601db5b48	9418
mods/heroes.stormmod/enus.stormassets/localizeddata/sounds/vo/mechatassadar_vox_gethit03.fxe	33fdf861fe87e8f4a9fa4e08fb4c773f	769
mods/heroes.stormmod/enus.stormassets/localizeddata/sounds/vo/mechatassadar_vox_gethit03.ogg	f66ea3411d51641fde13662e2a97e051	8916
mods/heroes.stormmod/enus.stormassets/localizeddata/sounds/vo/mechatassadar_vox_gethit04.fxe	fe52cf778aded7a72f9239d72315abde	993
mods/heroes.stormmod/enus.stormassets/localizeddata/sounds/vo/mechatassadar_vox_gethit04.ogg	2755a5cb9d3701be694009616c66ffd0	11027
mods/heroes.stormmod/enus.stormassets/localizeddata/sounds/vo/mechatassadar_vox_gethit05.ogg	0f01e0083fff064daf94aab647d493b3	9330
mods/heroes.stormmod/enus.stormassets/localizeddata/sounds/vo/mechatassadar_vox_gethit06.ogg	ce70e13a0c72f78fa8d63f0bab28d7ce	9326
mods/heroes.stormmod/enus.stormassets/localizeddata/sounds/vo/mechatassadar_vox_gethit07.ogg	48ef3ac72a16298aa5556b1eaa02de37	9690
mods/heroes.stormmod/enus.stormassets/localizeddata/sounds/vo/mechatassadar_vox_gethit08.ogg	f1461d1e7aa88b89887e10ca8d821ea7	9885
mods/heroes.stormmod/enus.stormassets/localizeddata/sounds/vo/mechatassadar_vox_gethit09.ogg	3df7230fa0f05b54bd181df3d17694a2	9638
mods/heroes.stormmod/enus.stormassets/localizeddata/sounds/vo/mechatassadar_vox_gethit10.ogg	0abc535536fbaf28b664c72147602ee0	9268
mods/heroes.stormmod/enus.stormassets/localizeddata/sounds/vo/mechatassadar_vox_gethit11.ogg	914d054da2a636af9b0d1e3e3d9f3e06	8648
mods/heroes.stormmod/enus.stormassets/localizeddata/sounds/vo/mechatassadar_vox_gethit12.ogg	2c32dc83266ee023da85b24d3065fb45	9475
mods/heroes.stormmod/enus.stormassets/localizeddata/sounds/vo/mechatassadar_vox_gethit13.ogg	3149b4a5b91bb11b386a38942fbf583a	9129
mods/heroes.stormmod/enus.stormassets/localizeddata/sounds/vo/mechatassadar_vox_gethit14.ogg	c087a5838972e7fde58a3aec9d1071d7	9986
mods/heroes.stormmod/enus.stormassets/localizeddata/sounds/vo/mechatassadar_vox_gethit15.ogg	41a0f5f770793fe00b7f5ab3d80cf058	9023
mods/heroes.stormmod/enus.stormassets/localizeddata/sounds/vo/mechatassadar_vox_gethit16.ogg	3fb65a00ffa7243a367cc778342a0808	9890
mods/heroes.stormmod/enus.stormassets/localizeddata/sounds/vo/mechatassadar_vox_pulled00.fxe	a4fed0839775dcce1c3433e1f47b9152	1393
mods/heroes.stormmod/enus.stormassets/localizeddata/sounds/vo/mechatassadar_vox_pulled00.ogg	a581182969fcabfe707ab2bd7f9f1289	15938
mods/heroes.stormmod/enus.stormassets/localizeddata/sounds/vo/mechatassadar_vox_pulled01.fxe	16e2f515c5176778107f8201c1a52953	1457
mods/heroes.stormmod/enus.stormassets/localizeddata/sounds/vo/mechatassadar_vox_pulled01.ogg	947442037251740161f1e3edbff394b1	17130
mods/heroes.stormmod/enus.stormassets/localizeddata/sounds/vo/mechatassadar_vox_pulled03.fxe	da57f97ee9f5231925b29aa885d3d01c	1425
mods/heroes.stormmod/enus.stormassets/localizeddata/sounds/vo/mechatassadar_vox_pulled03.ogg	d366cc2b8c66f7cfac0dedd824647905	17089
mods/heroes.stormmod/enus.stormassets/localizeddata/sounds/vo/mechatassadar_worthit00.fxe	c506f523d03218e99e56dc4789e75b8d	2574
mods/heroes.stormmod/enus.stormassets/localizeddata/sounds/vo/mechatassadar_worthit00.ogg	b593da53c497a9b9b98cdd59ad641d71	37725
mods/heroes.stormmod/enus.stormassets/localizeddata/sounds/vo/mechatassadar_worthit01.fxe	84f1d8ef01d9fca9f20119a91bcb1141	1710
mods/heroes.stormmod/enus.stormassets/localizeddata/sounds/vo/mechatassadar_worthit01.ogg	088760f2f7b0a14abd5a6418dad5e132	26341
mods/heroes.stormmod/enus.stormassets/localizeddata/sounds/vo/mechatassadar_yes00.fxe	5cf2f8c60f08a4056d4e504eea9da867	1978
mods/heroes.stormmod/enus.stormassets/localizeddata/sounds/vo/mechatassadar_yes00.ogg	eac394d26131a1b7065fd5387a0060ec	22561
mods/heroes.stormmod/enus.stormassets/localizeddata/sounds/vo/mechatassadar_yes01.fxe	9520e51417c844ef228a26fefdd54a05	1642
mods/heroes.stormmod/enus.stormassets/localizeddata/sounds/vo/mechatassadar_yes01.ogg	fb3289678759bd195601c0e7139840ea	20104
mods/heroes.stormmod/enus.stormassets/localizeddata/sounds/vo/mechatassadar_yes02.fxe	258e2e5d5ece2632f21bed2fb3cf36aa	1210
mods/heroes.stormmod/enus.stormassets/localizeddata/sounds/vo/mechatassadar_yes02.ogg	34a0fb8ca9f0093112fb8c4e2d7ec1b8	16838
mods/heroes.stormmod/enus.stormassets/localizeddata/sounds/vo/mechatassadar_yes03.fxe	9aa60b84de566ccf3459fb9ca5d5bcfc	970
mods/heroes.stormmod/enus.stormassets/localizeddata/sounds/vo/mechatassadar_yes03.ogg	4198b0f48f556b395153dfd3d6ebc460	18658
mods/heroes.stormmod/enus.stormassets/localizeddata/sounds/vo/mechatassadar_yes04.fxe	71a0034861576c894cba8b4f7aed4589	1850
mods/heroes.stormmod/enus.stormassets/localizeddata/sounds/vo/mechatassadar_yes04.ogg	1225809fda25e2b4981858d5d1eab4e2	23740
mods/heroes.stormmod/enus.stormassets/localizeddata/sounds/vo/mechatassadar_yes05.fxe	91e96e6f854d486ad684209ac999e718	1514
mods/heroes.stormmod/enus.stormassets/localizeddata/sounds/vo/mechatassadar_yes05.ogg	d1d148381767c01094fe6fb85e316ce9	19943
mods/heroes.stormmod/enus.stormassets/localizeddata/sounds/vo/mechatassadar_yes06.fxe	762e70f0b91e6d75725b67b4da9827c9	2122
mods/heroes.stormmod/enus.stormassets/localizeddata/sounds/vo/mechatassadar_yes06.ogg	0ebfc94b999bbbd47bc4652da24e8bac	28056
mods/heroes.stormmod/enus.stormassets/localizeddata/sounds/vo/mechatassadar_yes07.fxe	868526e69baba82a850274ad937549c8	1418
mods/heroes.stormmod/enus.stormassets/localizeddata/sounds/vo/mechatassadar_yes07.ogg	b24fd6e612f7c1cf1378a5b8a627b5f8	16772
mods/heroes.stormmod/enus.stormassets/localizeddata/sounds/vo/mechatassadar_yes08.fxe	1cd5e0fc9d73bd0204878c353996d470	2122
mods/heroes.stormmod/enus.stormassets/localizeddata/sounds/vo/mechatassadar_yes08.ogg	e02d5a486bc8cd4e365c0a9a94f4c39b	22443
mods/heroes.stormmod/enus.stormassets/localizeddata/sounds/vo/medicapothecary_ai_attack00.ogg	158583dcf8fec2d760f13815d994fa83	31742
mods/heroes.stormmod/enus.stormassets/localizeddata/sounds/vo/medicapothecary_ai_attack01.ogg	4c5e8c21c7f1807ca58127e789e35136	20654
mods/heroes.stormmod/enus.stormassets/localizeddata/sounds/vo/medicapothecary_ai_attack02.ogg	a3aed2a532a7f6cd8b78771bfabaef68	26730
mods/heroes.stormmod/enus.stormassets/localizeddata/sounds/vo/medicapothecary_ai_caution00.ogg	0df32a16ad016426f9235ad187dc708a	24166
mods/heroes.stormmod/enus.stormassets/localizeddata/sounds/vo/medicapothecary_ai_goodjob00.ogg	47b3a9831687415badddfc7edf93e622	20784
mods/heroes.stormmod/enus.stormassets/localizeddata/sounds/vo/medicapothecary_ai_goodjob01.ogg	7ded914737571eeab0219c68a1637899	26134
mods/heroes.stormmod/enus.stormassets/localizeddata/sounds/vo/medicapothecary_ai_goodjob02.ogg	ac0a340ccb621daa55ca4655a734162e	11803
mods/heroes.stormmod/enus.stormassets/localizeddata/sounds/vo/medicapothecary_ai_heal00.ogg	6b20e45f222d4df20d227e00e0e1191a	32463
mods/heroes.stormmod/enus.stormassets/localizeddata/sounds/vo/medicapothecary_ai_heal01.ogg	90ba8d18d2a34a706a3871b3d18b9600	27621
mods/heroes.stormmod/enus.stormassets/localizeddata/sounds/vo/medicapothecary_ai_onmyway00.ogg	d3420a7c7bad1c2135ea56f9b69f3028	20696
mods/heroes.stormmod/enus.stormassets/localizeddata/sounds/vo/medicapothecary_ai_onmyway01.ogg	923d6404f9098c6ebfbb5fc1402dcb2f	20218
mods/heroes.stormmod/enus.stormassets/localizeddata/sounds/vo/medicapothecary_ai_retreat00.ogg	a85ea5adad7a19eb7f06e76ea1be9c0d	27157
mods/heroes.stormmod/enus.stormassets/localizeddata/sounds/vo/medicapothecary_ai_retreat01.ogg	9b622bdaa2d00683842ef2ebda291108	27248
mods/heroes.stormmod/enus.stormassets/localizeddata/sounds/vo/medicapothecary_ai_uhoh00.ogg	dc19a843d25d112926a0a646494d5b49	18093
mods/heroes.stormmod/enus.stormassets/localizeddata/sounds/vo/medicapothecary_ai_uhoh01.ogg	58a9a2053e2389e59e683a09f0456849	14617
mods/heroes.stormmod/enus.stormassets/localizeddata/sounds/vo/medicapothecary_ai_uhoh02.ogg	a0be0effd5b35d350b9bdaca52e3e666	24182
mods/heroes.stormmod/enus.stormassets/localizeddata/sounds/vo/medicapothecary_attack00.ogg	bf7b76946bf27f66c1d902f0af7b2994	20720
mods/heroes.stormmod/enus.stormassets/localizeddata/sounds/vo/medicapothecary_attack01.ogg	c983ccf6daa1f0bd394dc0b8595fabd3	15178
mods/heroes.stormmod/enus.stormassets/localizeddata/sounds/vo/medicapothecary_attack02.ogg	147f622a6f260e434a161fb47d110f1f	29179
mods/heroes.stormmod/enus.stormassets/localizeddata/sounds/vo/medicapothecary_attack03.ogg	acdf1f6e06acb9d8d289c1b8d4b34daa	18129
mods/heroes.stormmod/enus.stormassets/localizeddata/sounds/vo/medicapothecary_attack04.ogg	bd57bb3badcb44e71c210ed7cc5344e6	27763
mods/heroes.stormmod/enus.stormassets/localizeddata/sounds/vo/medicapothecary_attack05.ogg	9ad35f1822e63a163ccf21543cb52f4f	20045
mods/heroes.stormmod/enus.stormassets/localizeddata/sounds/vo/medicapothecary_attack06.ogg	fd2e42c48616742fb9f8f727f35211d6	17784
mods/heroes.stormmod/enus.stormassets/localizeddata/sounds/vo/medicapothecary_celebrate00.ogg	ab61d85db61797343a9dbe5dc89f99cc	21897
mods/heroes.stormmod/enus.stormassets/localizeddata/sounds/vo/medicapothecary_celebrate01.ogg	43420d8814efc5fdaa6c0f5a9589b21f	26551
mods/heroes.stormmod/enus.stormassets/localizeddata/sounds/vo/medicapothecary_celebrate02.ogg	156ef893505d031d0d8d8553c57a3d67	21337
mods/heroes.stormmod/enus.stormassets/localizeddata/sounds/vo/medicapothecary_comeback00.ogg	877e0005564dec459e15ff133feabe07	21601
mods/heroes.stormmod/enus.stormassets/localizeddata/sounds/vo/medicapothecary_death00.wav	21cb04b4919567412057f0e6231e96bb	48444
mods/heroes.stormmod/enus.stormassets/localizeddata/sounds/vo/medicapothecary_death01.wav	7fa90c68f4ad00e5d3206d34548987d8	46652
mods/heroes.stormmod/enus.stormassets/localizeddata/sounds/vo/medicapothecary_death04.wav	39070d8e8b1b98def1a30fb28bd7f036	32572
mods/heroes.stormmod/enus.stormassets/localizeddata/sounds/vo/medicapothecary_death05.wav	03bc1232f81c627f15518b5fd38c183c	33340
mods/heroes.stormmod/enus.stormassets/localizeddata/sounds/vo/medicapothecary_death06.wav	e0a30a50d0bc097ba659ae818286869b	42812
mods/heroes.stormmod/enus.stormassets/localizeddata/sounds/vo/medicapothecary_death09.wav	daa16adb47cf326adc902de87984d103	61500
mods/heroes.stormmod/enus.stormassets/localizeddata/sounds/vo/medicapothecary_healed00.ogg	f38d088c73c52cd6063770082a6aa41f	28836
mods/heroes.stormmod/enus.stormassets/localizeddata/sounds/vo/medicapothecary_healed01.ogg	33a786bffe56d236f79e3d209b4be467	24725
mods/heroes.stormmod/enus.stormassets/localizeddata/sounds/vo/medicapothecary_healed02.ogg	ae94c7fee1679a7c6e2d15e7d4a62299	28797
mods/heroes.stormmod/enus.stormassets/localizeddata/sounds/vo/medicapothecary_introagree00.ogg	8f12c19909a990e9a81990f9b54a7c4c	20513
mods/heroes.stormmod/enus.stormassets/localizeddata/sounds/vo/medicapothecary_introagree01.ogg	ab8a570085c68340b11075ee788e8425	15780
mods/heroes.stormmod/enus.stormassets/localizeddata/sounds/vo/medicapothecary_introagree02.ogg	d2036333ea9c7bf92badd2a3e36098c4	19958
mods/heroes.stormmod/enus.stormassets/localizeddata/sounds/vo/medicapothecary_introboast00.ogg	ef9de07ae07550d7707687ae7307af15	37483
mods/heroes.stormmod/enus.stormassets/localizeddata/sounds/vo/medicapothecary_introboast01.ogg	f586a3dddd755b5051c0c5f0d769ce09	35580
mods/heroes.stormmod/enus.stormassets/localizeddata/sounds/vo/medicapothecary_introquestion00.ogg	1c971fab981577132a0e34fcf11297c0	20021
mods/heroes.stormmod/enus.stormassets/localizeddata/sounds/vo/medicapothecary_introquestion01.ogg	b14e4481f155f12cdcc9e1bc8103c77c	23716
mods/heroes.stormmod/enus.stormassets/localizeddata/sounds/vo/medicapothecary_introquestion_kerrigan00.ogg	a62411ca1561019ecf4dff5c43762144	28150
mods/heroes.stormmod/enus.stormassets/localizeddata/sounds/vo/medicapothecary_introquestion_murky00.ogg	b416f91021879260f63ae8938a33bddf	78566
mods/heroes.stormmod/enus.stormassets/localizeddata/sounds/vo/medicapothecary_introquestion_negative00.ogg	ece471365f261bf8e092bdc1432dd247	25195
mods/heroes.stormmod/enus.stormassets/localizeddata/sounds/vo/medicapothecary_introquestion_positive00.ogg	d5ee52719580c62fcff3fc90399e87a8	35160
mods/heroes.stormmod/enus.stormassets/localizeddata/sounds/vo/medicapothecary_introquestion_protoss00.ogg	0e2c35fd8772dc32393c70d3250c1c5d	25356
mods/heroes.stormmod/enus.stormassets/localizeddata/sounds/vo/medicapothecary_introquestion_raynor00.ogg	0915feca8efe8351c98121ac932b6080	24164
mods/heroes.stormmod/enus.stormassets/localizeddata/sounds/vo/medicapothecary_introquestion_sgthammer00.ogg	80341da6446d9d7309d6736f39a7f299	39568
mods/heroes.stormmod/enus.stormassets/localizeddata/sounds/vo/medicapothecary_introquestion_tychus00.ogg	002ead2221cacb80310217a20270209f	34845
mods/heroes.stormmod/enus.stormassets/localizeddata/sounds/vo/medicapothecary_introquestion_undead00.ogg	338001e5569c9759fd4549e47c776af3	45890
mods/heroes.stormmod/enus.stormassets/localizeddata/sounds/vo/medicapothecary_introquestion_zerg00.ogg	a5c64bff4f0c3b2501413dbab8413318	37250
mods/heroes.stormmod/enus.stormassets/localizeddata/sounds/vo/medicapothecary_introrespond00.ogg	87c0c6961068a8afdb80073209dec8e3	33962
mods/heroes.stormmod/enus.stormassets/localizeddata/sounds/vo/medicapothecary_introrespond01.ogg	18cda9bf3270d029218985bce5a1aa76	20260
mods/heroes.stormmod/enus.stormassets/localizeddata/sounds/vo/medicapothecary_introrespond02.ogg	1a77f236b4cecc4ffd281bae8bcf66ca	17737
mods/heroes.stormmod/enus.stormassets/localizeddata/sounds/vo/medicapothecary_introresponse_angry00.ogg	9da59011f82c9de53516bec2bee86cd3	31238
mods/heroes.stormmod/enus.stormassets/localizeddata/sounds/vo/medicapothecary_introresponse_begrudging00.ogg	07e915078a1807836f37d974aa83ef2b	34548
mods/heroes.stormmod/enus.stormassets/localizeddata/sounds/vo/medicapothecary_introresponse_dismissive00.ogg	f1f8c8a251c8f167b10155cd93403f96	15739
mods/heroes.stormmod/enus.stormassets/localizeddata/sounds/vo/medicapothecary_introresponse_insult00.ogg	c9a696304bf618b077ea6a5bfbd18323	65224
mods/heroes.stormmod/enus.stormassets/localizeddata/sounds/vo/medicapothecary_introresponse_kerrigan00.ogg	c6c1711c697f60ab8bc6fea794a1f76f	32427
mods/heroes.stormmod/enus.stormassets/localizeddata/sounds/vo/medicapothecary_introresponse_mediclove00.ogg	19f5a6f806a6ce4ecae8d44474af19ec	23136
mods/heroes.stormmod/enus.stormassets/localizeddata/sounds/vo/medicapothecary_introresponse_murky00.ogg	af1f46b6c77c1ab510b3617476ee6f46	54433
mods/heroes.stormmod/enus.stormassets/localizeddata/sounds/vo/medicapothecary_introresponse_positive00.ogg	b0812aff5e30cf751cf3a3de4236202d	14638
mods/heroes.stormmod/enus.stormassets/localizeddata/sounds/vo/medicapothecary_introresponse_protoss00.ogg	37fd0aac41e6dd77b99353c44c943c9d	28052
mods/heroes.stormmod/enus.stormassets/localizeddata/sounds/vo/medicapothecary_introresponse_sarcastic00.ogg	7022b75e2532578c1aa46d293fa8169e	39850
mods/heroes.stormmod/enus.stormassets/localizeddata/sounds/vo/medicapothecary_introresponse_tychus00.ogg	c36328d37c88dac74bf045711471cc9c	26136
mods/heroes.stormmod/enus.stormassets/localizeddata/sounds/vo/medicapothecary_introresponse_undead00.ogg	6ba71e2828253ec5322b51b38bbb65fb	35761
mods/heroes.stormmod/enus.stormassets/localizeddata/sounds/vo/medicapothecary_introresponse_weird00.ogg	6fa50bca0ec938abcb23d00257024c5e	36263
mods/heroes.stormmod/enus.stormassets/localizeddata/sounds/vo/medicapothecary_introresponse_zerg00.ogg	d4857f35bea58318f7e19daa217daaec	32669
mods/heroes.stormmod/enus.stormassets/localizeddata/sounds/vo/medicapothecary_kill00.ogg	37a759ef08d2312ca450988e184900b6	23010
mods/heroes.stormmod/enus.stormassets/localizeddata/sounds/vo/medicapothecary_kill01.ogg	2eff9bdd733a8ef521ca4f7be9d84ac6	23549
mods/heroes.stormmod/enus.stormassets/localizeddata/sounds/vo/medicapothecary_kill02.ogg	04f11b05cab20518909a562c4f21a52b	28524
mods/heroes.stormmod/enus.stormassets/localizeddata/sounds/vo/medicapothecary_kill03.ogg	868e74d1243c126555c57dcd7ff6f295	23875
mods/heroes.stormmod/enus.stormassets/localizeddata/sounds/vo/medicapothecary_kill04.ogg	4da18e27d41a1581c0f609064b96d683	26114
mods/heroes.stormmod/enus.stormassets/localizeddata/sounds/vo/medicapothecary_killkerrigan00.ogg	3e1020d5d8d3d6f42acdace0114811fa	27765
mods/heroes.stormmod/enus.stormassets/localizeddata/sounds/vo/medicapothecary_killmedic00.ogg	b2f65b6bf81f921b6219e7689bf2112c	25518
mods/heroes.stormmod/enus.stormassets/localizeddata/sounds/vo/medicapothecary_killpandaren00.ogg	b320a23b1c82dab15dfea0e52ea2c4e9	27077
mods/heroes.stormmod/enus.stormassets/localizeddata/sounds/vo/medicapothecary_killprotoss00.ogg	692a14d62007cf15ece1104e9666c647	29604
mods/heroes.stormmod/enus.stormassets/localizeddata/sounds/vo/medicapothecary_killraynor00.ogg	b3e5860e7e4ad7beb91ca7891daf060e	15653
mods/heroes.stormmod/enus.stormassets/localizeddata/sounds/vo/medicapothecary_killspreeend00.ogg	9d91fb51061c39526ce369cd6ff3abb3	31672
mods/heroes.stormmod/enus.stormassets/localizeddata/sounds/vo/medicapothecary_killterran00.ogg	9989b40511ec7f78df6c87596cf97b4d	25472
mods/heroes.stormmod/enus.stormassets/localizeddata/sounds/vo/medicapothecary_killweird00.ogg	cd8fffee4d07afb53f89fe95b1f82794	22392
mods/heroes.stormmod/enus.stormassets/localizeddata/sounds/vo/medicapothecary_killweird01.ogg	cfc55297f8624334301e9c79b46a32c0	39042
mods/heroes.stormmod/enus.stormassets/localizeddata/sounds/vo/medicapothecary_killweird02.ogg	b2126634222d4237a3bb93db5b9491e9	33242
mods/heroes.stormmod/enus.stormassets/localizeddata/sounds/vo/medicapothecary_killwitchdoctor00.ogg	a75887b481603ec12e5cfdd6794e8870	22080
mods/heroes.stormmod/enus.stormassets/localizeddata/sounds/vo/medicapothecary_killzerg00.ogg	1dc09c7c190246ec8ce6b01cee245a11	37274
mods/heroes.stormmod/enus.stormassets/localizeddata/sounds/vo/medicapothecary_laugh01.ogg	dd3b9f3d8aec8df15ef1e5fdd3787f64	14164
mods/heroes.stormmod/enus.stormassets/localizeddata/sounds/vo/medicapothecary_laugh07.ogg	f787e5ffa3b79b88d05f685f40cc6d8f	14037
mods/heroes.stormmod/enus.stormassets/localizeddata/sounds/vo/medicapothecary_laugh08.ogg	99cabb436db7ce87e4e571997ea29547	17843
mods/heroes.stormmod/enus.stormassets/localizeddata/sounds/vo/medicapothecary_laugh09.ogg	7b5675170d64d41f850d6c063fa70712	19640
mods/heroes.stormmod/enus.stormassets/localizeddata/sounds/vo/medicapothecary_lowlifeheal00.ogg	313ce441b330f9a0e4f03b3e24173502	25430
mods/heroes.stormmod/enus.stormassets/localizeddata/sounds/vo/medicapothecary_lowlifeheal01.ogg	3dfe34eb63f82d66b0c467004b5d927f	27176
mods/heroes.stormmod/enus.stormassets/localizeddata/sounds/vo/medicapothecary_lowlifeheal02.ogg	3cd949e58531407f19b963e7aeccd8b7	26835
mods/heroes.stormmod/enus.stormassets/localizeddata/sounds/vo/medicapothecary_lowmana00.ogg	0ca650bbb2a797a3287a61c9d68117ad	17722
mods/heroes.stormmod/enus.stormassets/localizeddata/sounds/vo/medicapothecary_lowmana01.ogg	5851d3074924b73ab042294886217063	19514
mods/heroes.stormmod/enus.stormassets/localizeddata/sounds/vo/medicapothecary_lowmana02.ogg	4571089a2108ab009c7a462d4c80729d	16777
mods/heroes.stormmod/enus.stormassets/localizeddata/sounds/vo/medicapothecary_no00.ogg	68724b1bcc8f00aae54902ece7d60f37	14251
mods/heroes.stormmod/enus.stormassets/localizeddata/sounds/vo/medicapothecary_no01.ogg	9588e7f9baceba55010197f1549939b9	23868
mods/heroes.stormmod/enus.stormassets/localizeddata/sounds/vo/medicapothecary_no02.ogg	271310c911b9265b05d1ab8cacca4a27	19468
mods/heroes.stormmod/enus.stormassets/localizeddata/sounds/vo/medicapothecary_ping_assisthero00.ogg	62417c63d3207821964620c906f8a393	21589
mods/heroes.stormmod/enus.stormassets/localizeddata/sounds/vo/medicapothecary_ping_assistme00.ogg	fd3a33cc8151ea04cceee63fc7673c8b	19448
mods/heroes.stormmod/enus.stormassets/localizeddata/sounds/vo/medicapothecary_ping_assistme01.ogg	d604f6c07ce7a9d81866a61f6c29b35b	21042
mods/heroes.stormmod/enus.stormassets/localizeddata/sounds/vo/medicapothecary_ping_attackcastle00.ogg	2985c8fb2080c4cb8a2517c8a919d679	16649
mods/heroes.stormmod/enus.stormassets/localizeddata/sounds/vo/medicapothecary_ping_attackmerc00.ogg	0208717f79be4708318941bde2714e2b	21380
mods/heroes.stormmod/enus.stormassets/localizeddata/sounds/vo/medicapothecary_ping_attackoutpost00.ogg	64c45b05fafd2bc3d6304852d9b36d3d	22863
mods/heroes.stormmod/enus.stormassets/localizeddata/sounds/vo/medicapothecary_ping_attacktower00.ogg	b6f1f5c8ba35a09712ee8a375313ae79	22528
mods/heroes.stormmod/enus.stormassets/localizeddata/sounds/vo/medicapothecary_ping_danger00.ogg	1de3b2b5620b52727ec0b5ccb69a906a	25844
mods/heroes.stormmod/enus.stormassets/localizeddata/sounds/vo/medicapothecary_ping_danger01.ogg	4bcfe4359841e35a83b8d20cfbc9a8d5	12635
mods/heroes.stormmod/enus.stormassets/localizeddata/sounds/vo/medicapothecary_ping_defend00.ogg	40445d3cdbab0d095f217a5282abb8b8	17160
mods/heroes.stormmod/enus.stormassets/localizeddata/sounds/vo/medicapothecary_ping_defendcastle00.ogg	fa3a1bac55d21678fd0d2abe6ca4843e	16338
mods/heroes.stormmod/enus.stormassets/localizeddata/sounds/vo/medicapothecary_ping_defendoutpost00.ogg	8705c9465334fedf8eaf4fc2abd4df2c	20551
mods/heroes.stormmod/enus.stormassets/localizeddata/sounds/vo/medicapothecary_ping_defendthing00.ogg	134f20e03654348e30314e37f7b11024	21339
mods/heroes.stormmod/enus.stormassets/localizeddata/sounds/vo/medicapothecary_ping_defendthing01.ogg	994e485c9fc7710d1804f4243bc36e62	22371
mods/heroes.stormmod/enus.stormassets/localizeddata/sounds/vo/medicapothecary_ping_defendtower00.ogg	35669fd75de47b3e802c3086a7f319bf	31960
mods/heroes.stormmod/enus.stormassets/localizeddata/sounds/vo/medicapothecary_ping_enemymissing00.ogg	b4f8bc7692197fa838ec809b47246ec5	22855
mods/heroes.stormmod/enus.stormassets/localizeddata/sounds/vo/medicapothecary_ping_enemymissing01.ogg	1f59b3ebc98d133cad1d61d5e56e04c3	31202
mods/heroes.stormmod/enus.stormassets/localizeddata/sounds/vo/medicapothecary_ping_killhero00.ogg	3e14ea2eefd46c8dc2b15c61ca827ed5	29786
mods/heroes.stormmod/enus.stormassets/localizeddata/sounds/vo/medicapothecary_ping_onmyway00.ogg	3299495ec2ef37840811a44466a9a877	14465
mods/heroes.stormmod/enus.stormassets/localizeddata/sounds/vo/medicapothecary_ping_onmyway01.ogg	8a13ee94e4cfb439178d5e056717ed54	12864
mods/heroes.stormmod/enus.stormassets/localizeddata/sounds/vo/medicapothecary_ping_retreat00.ogg	a0fcc8ec5502c7c865cc66e507fef604	13050
mods/heroes.stormmod/enus.stormassets/localizeddata/sounds/vo/medicapothecary_ping_retreat01.ogg	3acb601ffab271af4e0f90953d886727	18482
mods/heroes.stormmod/enus.stormassets/localizeddata/sounds/vo/medicapothecary_pissed00.ogg	264db8451fe2af1c9042a11974824a05	17126
mods/heroes.stormmod/enus.stormassets/localizeddata/sounds/vo/medicapothecary_pissed01.ogg	6c6183664550fb5361c221d2d8448040	28009
mods/heroes.stormmod/enus.stormassets/localizeddata/sounds/vo/medicapothecary_pissed02.ogg	71ed6228f07560845fce3ec9a137e07d	70078
mods/heroes.stormmod/enus.stormassets/localizeddata/sounds/vo/medicapothecary_pissed03.ogg	797c6fc0ae2a94402839edc589f1d994	88385
mods/heroes.stormmod/enus.stormassets/localizeddata/sounds/vo/medicapothecary_pissed04.ogg	28ab63ebd87222a2bbf2bd363d91302c	74178
mods/heroes.stormmod/enus.stormassets/localizeddata/sounds/vo/medicapothecary_pissed05.ogg	7da4855f2890301331b0e4d21b442533	63814
mods/heroes.stormmod/enus.stormassets/localizeddata/sounds/vo/medicapothecary_pissed06.ogg	ddb0d53f14e5e22dadad6758c7ed78bd	57300
mods/heroes.stormmod/enus.stormassets/localizeddata/sounds/vo/medicapothecary_pissed07.ogg	8b2160b863c828cce8e8bb96c27eb883	63692
mods/heroes.stormmod/enus.stormassets/localizeddata/sounds/vo/medicapothecary_pissed08.ogg	04bd1b85942e48a7120dc8f3d54e769c	58241
mods/heroes.stormmod/enus.stormassets/localizeddata/sounds/vo/medicapothecary_pissed09.ogg	d93e075fd32403bd3f5c13cc52fd8da2	66170
mods/heroes.stormmod/enus.stormassets/localizeddata/sounds/vo/medicapothecary_pissed10.ogg	2c2ea4c891cc335ca2cd6fdd890df9e9	68507
mods/heroes.stormmod/enus.stormassets/localizeddata/sounds/vo/medicapothecary_pissed11.ogg	2e30f36fd8d4c6041a6c57f3c7531b4f	65745
mods/heroes.stormmod/enus.stormassets/localizeddata/sounds/vo/medicapothecary_pissed12.ogg	50758e047d591f39bd81571149d5172b	104609
mods/heroes.stormmod/enus.stormassets/localizeddata/sounds/vo/medicapothecary_pissed13.ogg	5008b75b20e655e840741712ffe11879	102994
mods/heroes.stormmod/enus.stormassets/localizeddata/sounds/vo/medicapothecary_pissed14.ogg	27f1aac5dc1d6226bf4e74786fc7d656	105262
mods/heroes.stormmod/enus.stormassets/localizeddata/sounds/vo/medicapothecary_pissed15.ogg	d58afa52d28aeb7261feea9eb049d969	98088
mods/heroes.stormmod/enus.stormassets/localizeddata/sounds/vo/medicapothecary_pissed16.ogg	23a85b5883d6561d2ee101d7d690082a	42981
mods/heroes.stormmod/enus.stormassets/localizeddata/sounds/vo/medicapothecary_resurrected00.ogg	38dfa3ea6272d0090540a93d9a220253	27812
mods/heroes.stormmod/enus.stormassets/localizeddata/sounds/vo/medicapothecary_resurrected01.ogg	4fa65cbe50d484d0c69ddb25915848a4	26901
mods/heroes.stormmod/enus.stormassets/localizeddata/sounds/vo/medicapothecary_revive00.ogg	78c3b75d706293f05404f3080a294b82	31913
mods/heroes.stormmod/enus.stormassets/localizeddata/sounds/vo/medicapothecary_revive01.ogg	265fc507cf8970dcad4212470f524753	21931
mods/heroes.stormmod/enus.stormassets/localizeddata/sounds/vo/medicapothecary_revive02.ogg	86520d77a50c92158c2e0b4a6ef851db	30240
mods/heroes.stormmod/enus.stormassets/localizeddata/sounds/vo/medicapothecary_social_thanks00.ogg	82358e0daf3e69d903cd1c8d60be3729	19494
mods/heroes.stormmod/enus.stormassets/localizeddata/sounds/vo/medicapothecary_spec00.ogg	d7d307c54c2b35dde01636edb519606c	17324
mods/heroes.stormmod/enus.stormassets/localizeddata/sounds/vo/medicapothecary_spec01.ogg	d10abb93d2a3be84e17ccd5ad4d0761b	35754
mods/heroes.stormmod/enus.stormassets/localizeddata/sounds/vo/medicapothecary_spec02.ogg	744d7d4837253654ecaf74e7dfba8d43	31361
mods/heroes.stormmod/enus.stormassets/localizeddata/sounds/vo/medicapothecary_spec03.ogg	73caced0229085371ddf6018cf57ffbe	28533
mods/heroes.stormmod/enus.stormassets/localizeddata/sounds/vo/medicapothecary_spec04.ogg	39cfd3b28d80e1d97feaa5164a88bc75	20488
mods/heroes.stormmod/enus.stormassets/localizeddata/sounds/vo/medicapothecary_taunt00.ogg	99c73f7164e752679c5e5d5b2ba7eb20	34600
mods/heroes.stormmod/enus.stormassets/localizeddata/sounds/vo/medicapothecary_taunt01.ogg	acbe1ea638851e99bfacd0406b687c4a	51297
mods/heroes.stormmod/enus.stormassets/localizeddata/sounds/vo/medicapothecary_taunt02.ogg	40d8351a3835a10125fe9504e83e2e88	35728
mods/heroes.stormmod/enus.stormassets/localizeddata/sounds/vo/medicapothecary_teamkilled00.ogg	deb22273bb75c530336ec87808b39a4e	28207
mods/heroes.stormmod/enus.stormassets/localizeddata/sounds/vo/medicapothecary_ui_exlocked00.ogg	03a1ba87c1a254c58e50c468fd508436	26558
mods/heroes.stormmod/enus.stormassets/localizeddata/sounds/vo/medicapothecary_ui_expurchased00.ogg	b86640d239d6ab9c4c9e5eabf1038da5	27415
mods/heroes.stormmod/enus.stormassets/localizeddata/sounds/vo/medicapothecary_ui_gift00.ogg	2caeffb759022740d06c3cfe65a7af6d	18306
mods/heroes.stormmod/enus.stormassets/localizeddata/sounds/vo/medicapothecary_ui_lockin00.ogg	d684a8a1de0cdaab4246be5b72c9f7c8	18900
mods/heroes.stormmod/enus.stormassets/localizeddata/sounds/vo/medicapothecary_ui_purchase00.ogg	d8504edb683b74aa100e83a81b7d9868	19032
mods/heroes.stormmod/enus.stormassets/localizeddata/sounds/vo/medicapothecary_ui_trial00.ogg	9f0a3d8c4fb9e42431f35fc9ad94eec9	33697
mods/heroes.stormmod/enus.stormassets/localizeddata/sounds/vo/medicapothecary_ui_trial01.ogg	3fc33a790a47191ffafb4132536e98d7	19966
mods/heroes.stormmod/enus.stormassets/localizeddata/sounds/vo/medicapothecary_ui_waitlocked00.ogg	0cee853c7ce10585de65b944f4c0df69	18499
mods/heroes.stormmod/enus.stormassets/localizeddata/sounds/vo/medicapothecary_ui_waitlocked01.ogg	a3dee6c0aa22beccf3eeadd4c10c12e8	23121
mods/heroes.stormmod/enus.stormassets/localizeddata/sounds/vo/medicapothecary_ui_waitpurchased00.ogg	b28be5f514122a2bcbbec62d08226f13	39064
mods/heroes.stormmod/enus.stormassets/localizeddata/sounds/vo/medicapothecary_ui_waitpurchased01.ogg	5d37a2eb2b1d3a68f15fbde47761b8b9	58267
mods/heroes.stormmod/enus.stormassets/localizeddata/sounds/vo/medicapothecary_ultimate1used00.ogg	0498e5ed2e6deff8c31b0fa9d0aacfc8	18761
mods/heroes.stormmod/enus.stormassets/localizeddata/sounds/vo/medicapothecary_ultimate1used01.ogg	ca786222ce0117067c018bfb96a6fddb	13990
mods/heroes.stormmod/enus.stormassets/localizeddata/sounds/vo/medicapothecary_ultimate1used02.ogg	ac0d2964aa0c1b592e9e9a6ab03a2bb8	16164
mods/heroes.stormmod/enus.stormassets/localizeddata/sounds/vo/medicapothecary_ultimate1used03.ogg	377225c117420bc2e1e1cc4c8c66e747	19528
mods/heroes.stormmod/enus.stormassets/localizeddata/sounds/vo/medicapothecary_ultimate1used04.ogg	4704adaeca965bcbd2a7bf2af8eb6c61	21725
mods/heroes.stormmod/enus.stormassets/localizeddata/sounds/vo/medicapothecary_ultimate2used00.ogg	251a4687e103de1ff8afbae105f38466	23508
mods/heroes.stormmod/enus.stormassets/localizeddata/sounds/vo/medicapothecary_ultimate2used01.ogg	d2bf78b19a13d92148ec3d101254a382	22665
mods/heroes.stormmod/enus.stormassets/localizeddata/sounds/vo/medicapothecary_ultimate2used02.ogg	aaf2123ff6ac47c6c63976d16d4ee407	20867
mods/heroes.stormmod/enus.stormassets/localizeddata/sounds/vo/medicapothecary_ultimate2used03.ogg	e658f8aa4af3edd84fdf10f32ab11b93	22388
mods/heroes.stormmod/enus.stormassets/localizeddata/sounds/vo/medicapothecary_voicelinefive00.ogg	6c6183664550fb5361c221d2d8448040	28009
mods/heroes.stormmod/enus.stormassets/localizeddata/sounds/vo/medicapothecary_voicelinefour00.ogg	42375741788f1ec3a70e7a65e77d38d3	27963
mods/heroes.stormmod/enus.stormassets/localizeddata/sounds/vo/medicapothecary_voicelineone00.ogg	d3420a7c7bad1c2135ea56f9b69f3028	20696
mods/heroes.stormmod/enus.stormassets/localizeddata/sounds/vo/medicapothecary_voicelinethree00.ogg	ac25095c9ff4445d9d58132c95f08885	26374
mods/heroes.stormmod/enus.stormassets/localizeddata/sounds/vo/medicapothecary_voicelinetwo00.ogg	147f622a6f260e434a161fb47d110f1f	29179
mods/heroes.stormmod/enus.stormassets/localizeddata/sounds/vo/medicapothecary_vox_attack00.ogg	d09980af93f6599cf68393ecb929f51e	11540
mods/heroes.stormmod/enus.stormassets/localizeddata/sounds/vo/medicapothecary_vox_attack01.ogg	c4190256a4beffab04bde81e1c506983	11943
mods/heroes.stormmod/enus.stormassets/localizeddata/sounds/vo/medicapothecary_vox_attack02.ogg	b5db7cac0870fd00da039a32e7b7d942	12854
mods/heroes.stormmod/enus.stormassets/localizeddata/sounds/vo/medicapothecary_vox_attack03.ogg	1f192484eac5cb1ac45bad01430d959b	12862
mods/heroes.stormmod/enus.stormassets/localizeddata/sounds/vo/medicapothecary_vox_attack04.ogg	ea004c6f10027e39a4f34a9297d7f835	12139
mods/heroes.stormmod/enus.stormassets/localizeddata/sounds/vo/medicapothecary_vox_attack05.ogg	4a7d60a292b05ccc3c9bc43731a023e4	12391
mods/heroes.stormmod/enus.stormassets/localizeddata/sounds/vo/medicapothecary_vox_attack06.ogg	5c4a3255295870f86e16eefc60b4ef41	11391
mods/heroes.stormmod/enus.stormassets/localizeddata/sounds/vo/medicapothecary_vox_attack07.ogg	fd13f0ba76294a30ce8782d38f2be5a7	11362
mods/heroes.stormmod/enus.stormassets/localizeddata/sounds/vo/medicapothecary_vox_attack08.ogg	2a2abdd79757f3bbd316546682a142d8	10950
mods/heroes.stormmod/enus.stormassets/localizeddata/sounds/vo/medicapothecary_vox_attack09.ogg	6f20965bba170d4df3166435b1aa3507	11318
mods/heroes.stormmod/enus.stormassets/localizeddata/sounds/vo/medicapothecary_vox_castinge00.ogg	9216170ff4660b9865689d480794bcab	15451
mods/heroes.stormmod/enus.stormassets/localizeddata/sounds/vo/medicapothecary_vox_castinge01.ogg	8732e197d2f8c000c894bce40c275a70	14312
mods/heroes.stormmod/enus.stormassets/localizeddata/sounds/vo/medicapothecary_vox_castinge02.ogg	20d9e441e64c6a52542259b8fed8f7b0	18478
mods/heroes.stormmod/enus.stormassets/localizeddata/sounds/vo/medicapothecary_vox_castinge03.ogg	e29963736663ac9a2bdc65ade26dce27	15915
mods/heroes.stormmod/enus.stormassets/localizeddata/sounds/vo/medicapothecary_vox_castinge04.ogg	1983f6412a306e17b74420af387d682a	13875
mods/heroes.stormmod/enus.stormassets/localizeddata/sounds/vo/medicapothecary_vox_castinge05.ogg	f9a8de4735ba11630483807e87a1d12e	16545
mods/heroes.stormmod/enus.stormassets/localizeddata/sounds/vo/medicapothecary_vox_castinge06.ogg	f9e61f658ba63d8071a37689d5bd55a4	15223
mods/heroes.stormmod/enus.stormassets/localizeddata/sounds/vo/medicapothecary_vox_castinge07.ogg	5025247265f35564ee2b7011a25e52e1	13981
mods/heroes.stormmod/enus.stormassets/localizeddata/sounds/vo/medicapothecary_vox_castinge08.ogg	f2dd49507ab0596ffa7910aaf5d1af79	14808
mods/heroes.stormmod/enus.stormassets/localizeddata/sounds/vo/medicapothecary_vox_castinge09.ogg	7179df2db1d7462fa15d1f2cca1d2de9	14221
mods/heroes.stormmod/enus.stormassets/localizeddata/sounds/vo/medicapothecary_vox_castingw00.ogg	c8818fe1170933b1c9fc6363541449c4	11673
mods/heroes.stormmod/enus.stormassets/localizeddata/sounds/vo/medicapothecary_vox_castingw01.ogg	b151f9d684bffd7da7e10605d1818ae8	12257
mods/heroes.stormmod/enus.stormassets/localizeddata/sounds/vo/medicapothecary_vox_castingw02.ogg	ecaae550278ec4aa5b908183bc17bd6f	11330
mods/heroes.stormmod/enus.stormassets/localizeddata/sounds/vo/medicapothecary_vox_castingw03.ogg	9ca7eb32f89d039595bf4b1e9ee8c082	12861
mods/heroes.stormmod/enus.stormassets/localizeddata/sounds/vo/medicapothecary_vox_castingw04.ogg	3ab57e3a875b85b2ce855e6d5cd154b4	13626
mods/heroes.stormmod/enus.stormassets/localizeddata/sounds/vo/medicapothecary_vox_castingw05.ogg	63b9c953ee72c4a3707708fb5af6ea77	12956
mods/heroes.stormmod/enus.stormassets/localizeddata/sounds/vo/medicapothecary_vox_castingw06.ogg	e826ffad1717781760b6d8efa8dfee79	13401
mods/heroes.stormmod/enus.stormassets/localizeddata/sounds/vo/medicapothecary_vox_castingw07.ogg	f3dbe50630860d7b543b896c47b51703	12996
mods/heroes.stormmod/enus.stormassets/localizeddata/sounds/vo/medicapothecary_vox_castingw08.ogg	78f3d3dea18f0a256069fe50eaadc644	13245
mods/heroes.stormmod/enus.stormassets/localizeddata/sounds/vo/medicapothecary_vox_castingw09.ogg	a39eb1a573be2a779c1d67d5df5e0287	13223
mods/heroes.stormmod/enus.stormassets/localizeddata/sounds/vo/medicapothecary_vox_cheer02.ogg	293355855df6936f378b7b7baa197cbf	18127
mods/heroes.stormmod/enus.stormassets/localizeddata/sounds/vo/medicapothecary_vox_cheer03.ogg	42c96d3460e9dc9121afd0dcd5cca5db	16444
mods/heroes.stormmod/enus.stormassets/localizeddata/sounds/vo/medicapothecary_vox_cheer04.ogg	c2ffa94d5374e6247aedf89b8e4cb9ef	13295
mods/heroes.stormmod/enus.stormassets/localizeddata/sounds/vo/medicapothecary_vox_cheer05.ogg	99e94b5707929eda068b8f5969d77cba	15333
mods/heroes.stormmod/enus.stormassets/localizeddata/sounds/vo/medicapothecary_vox_cheer09.ogg	8671fd490efa1fabaf3daf8a54931d6c	16203
mods/heroes.stormmod/enus.stormassets/localizeddata/sounds/vo/medicapothecary_vox_gethitlarge00.ogg	a29ad07e38b5c805a94f9f90728bff78	17043
mods/heroes.stormmod/enus.stormassets/localizeddata/sounds/vo/medicapothecary_vox_gethitlarge01.ogg	c1e81a784fd44caebd2dbbc26c7999a9	17309
mods/heroes.stormmod/enus.stormassets/localizeddata/sounds/vo/medicapothecary_vox_gethitlarge02.ogg	86c1822cc3504951ca33363b3d2b31d4	14968
mods/heroes.stormmod/enus.stormassets/localizeddata/sounds/vo/medicapothecary_vox_gethitlarge03.ogg	1254948bf0e0142cdfd5922a1e9312ae	16616
mods/heroes.stormmod/enus.stormassets/localizeddata/sounds/vo/medicapothecary_vox_gethitlarge04.ogg	92c50d66a4900be7f7bace35a0f6ae34	15450
mods/heroes.stormmod/enus.stormassets/localizeddata/sounds/vo/medicapothecary_vox_gethitlarge05.ogg	c05e2e22e92a690dc505741822496790	13347
mods/heroes.stormmod/enus.stormassets/localizeddata/sounds/vo/medicapothecary_vox_gethitlarge06.ogg	90f9f2d997a85a2c3502bddcedd11aff	17050
mods/heroes.stormmod/enus.stormassets/localizeddata/sounds/vo/medicapothecary_vox_gethitlarge07.ogg	47dda21c328676f29d63f71354ca1bb0	17170
mods/heroes.stormmod/enus.stormassets/localizeddata/sounds/vo/medicapothecary_vox_gethitlarge08.ogg	8e051c932cf5b411fb14b9b28c969790	15412
mods/heroes.stormmod/enus.stormassets/localizeddata/sounds/vo/medicapothecary_vox_gethitlarge09.ogg	6700fd3b0c79672cbcaa4812127d2c6e	14118
mods/heroes.stormmod/enus.stormassets/localizeddata/sounds/vo/medicapothecary_vox_gethitsmall00.ogg	a0fd1ca2551e4b1aac858f2beda3cee4	12595
mods/heroes.stormmod/enus.stormassets/localizeddata/sounds/vo/medicapothecary_vox_gethitsmall01.ogg	6d9d75db0105a6e8e35c596c5584c63e	12511
mods/heroes.stormmod/enus.stormassets/localizeddata/sounds/vo/medicapothecary_vox_gethitsmall02.ogg	5af008522fb5eefb0a8e719732623adb	12191
mods/heroes.stormmod/enus.stormassets/localizeddata/sounds/vo/medicapothecary_vox_gethitsmall03.ogg	c4cd08cc34a800ec8d1f3b91c9c5339d	12829
mods/heroes.stormmod/enus.stormassets/localizeddata/sounds/vo/medicapothecary_vox_gethitsmall04.ogg	81be144e437bfd5b471033ec72bcc56e	12215
mods/heroes.stormmod/enus.stormassets/localizeddata/sounds/vo/medicapothecary_vox_gethitsmall05.ogg	f326be8584959d99fb7636eb198fe327	11991
mods/heroes.stormmod/enus.stormassets/localizeddata/sounds/vo/medicapothecary_vox_gethitsmall06.ogg	def15b41eb360462a9e60bb1944cb381	12448
mods/heroes.stormmod/enus.stormassets/localizeddata/sounds/vo/medicapothecary_vox_gethitsmall07.ogg	7fa1a69283e25cd292a3437caa3cebfd	12537
mods/heroes.stormmod/enus.stormassets/localizeddata/sounds/vo/medicapothecary_vox_gethitsmall08.ogg	9a3c793d3a2bbc84e36b7d79af95d42b	13589
mods/heroes.stormmod/enus.stormassets/localizeddata/sounds/vo/medicapothecary_vox_gethitsmall09.ogg	f2757b1bd46c9e8ed8d7000d347054af	12912
mods/heroes.stormmod/enus.stormassets/localizeddata/sounds/vo/medicapothecary_vox_pulled00.ogg	01fcd3fa5918fffddce52fe592f57a2f	14428
mods/heroes.stormmod/enus.stormassets/localizeddata/sounds/vo/medicapothecary_vox_pulled01.ogg	470640e12cc12e643268feed00d5213e	14155
mods/heroes.stormmod/enus.stormassets/localizeddata/sounds/vo/medicapothecary_vox_pulled04.ogg	11b163fc320e6c1523baf8697e573be1	14080
mods/heroes.stormmod/enus.stormassets/localizeddata/sounds/vo/medicapothecary_vox_pulled08.ogg	c7e122a28b35ff7231466efa4d253379	16463
mods/heroes.stormmod/enus.stormassets/localizeddata/sounds/vo/medicapothecary_vox_pulled09.ogg	c6d61c04a481d40940f7d8a23550ea7f	14144
mods/heroes.stormmod/enus.stormassets/localizeddata/sounds/vo/medicapothecary_worthit00.ogg	84e02ef01c206871c17443aeaa7cc05f	19615
mods/heroes.stormmod/enus.stormassets/localizeddata/sounds/vo/medicapothecary_worthit01.ogg	ced5ca2b41e6a09bb02953c56a08850c	17076
mods/heroes.stormmod/enus.stormassets/localizeddata/sounds/vo/medicapothecary_yes00.ogg	e9f0e7c69da804b288041cdca6cbc785	16846
mods/heroes.stormmod/enus.stormassets/localizeddata/sounds/vo/medicapothecary_yes01.ogg	69cd60cab4cef23f43e3418942c3511f	14049
mods/heroes.stormmod/enus.stormassets/localizeddata/sounds/vo/medicapothecary_yes02.ogg	66a22baaf5023b4297bb2a8352af5c79	16677
mods/heroes.stormmod/enus.stormassets/localizeddata/sounds/vo/medicapothecary_yes03.ogg	4a2d1f03ddb3385640ed8e39d9484c73	22138
mods/heroes.stormmod/enus.stormassets/localizeddata/sounds/vo/medicapothecary_yes04.ogg	3c04307d5049e23915f47c013f85f965	16175
mods/heroes.stormmod/enus.stormassets/localizeddata/sounds/vo/medicapothecary_yes05.ogg	565088e6658ee42fd826023a5135cc8b	15554
mods/heroes.stormmod/enus.stormassets/localizeddata/sounds/vo/medicapothecary_yes06.ogg	4a0752eb0ca6977c6c102f5e0d511548	24227
mods/heroes.stormmod/enus.stormassets/localizeddata/sounds/vo/medicapothecary_yes07.ogg	bc1133f3244e2038945bef939cc1a6ff	16263
mods/heroes.stormmod/enus.stormassets/localizeddata/sounds/vo/medicapothecary_yes08.ogg	4b61dcb1cd52f8f767c9e0f2204113f3	12444
mods/heroes.stormmod/enus.stormassets/localizeddata/sounds/vo/medicapothecary_yes09.ogg	f5bfb84659bbc75e4994fb4f519479f4	12646
mods/heroes.stormmod/enus.stormassets/localizeddata/sounds/vo/medicbase_ai_attack00.fxe	49ad72aa8981f32ed2a2c44b21ca5f6f	2137
mods/heroes.stormmod/enus.stormassets/localizeddata/sounds/vo/medicbase_ai_attack00.ogg	1ee90e18ccd629573e304aa2d240ee51	29536
mods/heroes.stormmod/enus.stormassets/localizeddata/sounds/vo/medicbase_ai_attack01.fxe	8c0d566a51105e743c13be83f30783b1	2185
mods/heroes.stormmod/enus.stormassets/localizeddata/sounds/vo/medicbase_ai_attack01.ogg	b75d58760a79063bb136ca423ff63810	19929
mods/heroes.stormmod/enus.stormassets/localizeddata/sounds/vo/medicbase_ai_attack02.fxe	c1db3c3306768bd116934e49945db97a	2313
mods/heroes.stormmod/enus.stormassets/localizeddata/sounds/vo/medicbase_ai_attack02.ogg	465a86998b2ded7b4d00bb5899fdb02f	25974
mods/heroes.stormmod/enus.stormassets/localizeddata/sounds/vo/medicbase_ai_caution00.fxe	ec199ff714dd4d8d692d27f39b24c06e	1866
mods/heroes.stormmod/enus.stormassets/localizeddata/sounds/vo/medicbase_ai_caution00.ogg	1a5b9a68cae098e9f53237222d9d410a	23343
mods/heroes.stormmod/enus.stormassets/localizeddata/sounds/vo/medicbase_ai_goodjob00.fxe	83e831e7189e59fdba6767d7cab7ba0f	1770
mods/heroes.stormmod/enus.stormassets/localizeddata/sounds/vo/medicbase_ai_goodjob00.ogg	eb96ca1b5e9d0fd4811e66f27f399eb1	19994
mods/heroes.stormmod/enus.stormassets/localizeddata/sounds/vo/medicbase_ai_goodjob01.fxe	de391b6336f9209db58dc521e8177513	1626
mods/heroes.stormmod/enus.stormassets/localizeddata/sounds/vo/medicbase_ai_goodjob01.ogg	4be177dc23ba22d54dd44260b9423154	25088
mods/heroes.stormmod/enus.stormassets/localizeddata/sounds/vo/medicbase_ai_goodjob02.fxe	9119812c8601a0a198950552b805b40f	1034
mods/heroes.stormmod/enus.stormassets/localizeddata/sounds/vo/medicbase_ai_goodjob02.ogg	1021e15a6078668862a954dbd0ebdf3c	11312
mods/heroes.stormmod/enus.stormassets/localizeddata/sounds/vo/medicbase_ai_heal00.fxe	c8f8fd3d499e09b83f36da7e57286bb7	3223
mods/heroes.stormmod/enus.stormassets/localizeddata/sounds/vo/medicbase_ai_heal00.ogg	8adfe72c1ff0bc82e2b3731e03d837aa	30768
mods/heroes.stormmod/enus.stormassets/localizeddata/sounds/vo/medicbase_ai_heal01.fxe	a0866ca34a194878d8d53bd071b80668	2631
mods/heroes.stormmod/enus.stormassets/localizeddata/sounds/vo/medicbase_ai_heal01.ogg	f1e9ed5d9732dd463f20be33fa96ac8b	25347
mods/heroes.stormmod/enus.stormassets/localizeddata/sounds/vo/medicbase_ai_onmyway00.fxe	0ff40a02fdaa34a9ec2fd15f8ae33144	2090
mods/heroes.stormmod/enus.stormassets/localizeddata/sounds/vo/medicbase_ai_onmyway00.ogg	0b901a719cd5753d573cab8c94dc920d	20364
mods/heroes.stormmod/enus.stormassets/localizeddata/sounds/vo/medicbase_ai_onmyway01.fxe	fe6a6606b4d74767d73cc6721d3c0618	1850
mods/heroes.stormmod/enus.stormassets/localizeddata/sounds/vo/medicbase_ai_onmyway01.ogg	1b8bf3c0276e5ed8e39f16f0a97c8e96	18007
mods/heroes.stormmod/enus.stormassets/localizeddata/sounds/vo/medicbase_ai_retreat00.fxe	cba202cc1f0a6ced34afd288aed9e017	2538
mods/heroes.stormmod/enus.stormassets/localizeddata/sounds/vo/medicbase_ai_retreat00.ogg	a45f9885b1187bafc08357c49e717382	25140
mods/heroes.stormmod/enus.stormassets/localizeddata/sounds/vo/medicbase_ai_retreat01.fxe	fc217d5b8f2da1e5f6a1732daa71f65d	2602
mods/heroes.stormmod/enus.stormassets/localizeddata/sounds/vo/medicbase_ai_retreat01.ogg	d6587cc465bde6a58fa401c5a67ba9d4	25821
mods/heroes.stormmod/enus.stormassets/localizeddata/sounds/vo/medicbase_ai_uhoh00.fxe	d1204156e512ea5afaab1381d0379f65	1207
mods/heroes.stormmod/enus.stormassets/localizeddata/sounds/vo/medicbase_ai_uhoh00.ogg	03f7424ac37e3bda60a97d7ec7285960	17089
mods/heroes.stormmod/enus.stormassets/localizeddata/sounds/vo/medicbase_ai_uhoh01.fxe	1a4fcbf6feb35c9a54d8ec92021a1112	1383
mods/heroes.stormmod/enus.stormassets/localizeddata/sounds/vo/medicbase_ai_uhoh01.ogg	67fcae03cf7ce44f664cdaa147500d9d	13645
mods/heroes.stormmod/enus.stormassets/localizeddata/sounds/vo/medicbase_ai_uhoh02.fxe	0c20cd1d9074336d26d3a37dd1964ba3	1863
mods/heroes.stormmod/enus.stormassets/localizeddata/sounds/vo/medicbase_ai_uhoh02.ogg	30ed39311b259e5582effe780b190a41	24169
mods/heroes.stormmod/enus.stormassets/localizeddata/sounds/vo/medicbase_attack00.fxe	a842e78e7eba17f37aea924132156f00	1926
mods/heroes.stormmod/enus.stormassets/localizeddata/sounds/vo/medicbase_attack00.ogg	943137a5e344652f875c2c70ed67631c	19473
mods/heroes.stormmod/enus.stormassets/localizeddata/sounds/vo/medicbase_attack01.fxe	1002d7cce0199283c60577f1b927fa68	1318
mods/heroes.stormmod/enus.stormassets/localizeddata/sounds/vo/medicbase_attack01.ogg	34ef4377591df45eeede02654bcaa896	15026
mods/heroes.stormmod/enus.stormassets/localizeddata/sounds/vo/medicbase_attack02.fxe	5ad8d1042c54dffc51eff9b82f72a651	1846
mods/heroes.stormmod/enus.stormassets/localizeddata/sounds/vo/medicbase_attack02.ogg	1de6db899ccb3e3c06b42f8b164293cc	27436
mods/heroes.stormmod/enus.stormassets/localizeddata/sounds/vo/medicbase_attack03.fxe	bd1b08c9691e4b207e807736ae52d2f3	1526
mods/heroes.stormmod/enus.stormassets/localizeddata/sounds/vo/medicbase_attack03.ogg	ce19a8e36edb96782a9a8bc4bc1f0c9c	17112
mods/heroes.stormmod/enus.stormassets/localizeddata/sounds/vo/medicbase_attack04.fxe	0165ca4aa22c3e791dbb753989cb9097	2262
mods/heroes.stormmod/enus.stormassets/localizeddata/sounds/vo/medicbase_attack04.ogg	da868bb94868b7dcaf783f0812c9d38d	26571
mods/heroes.stormmod/enus.stormassets/localizeddata/sounds/vo/medicbase_attack05.fxe	7b6f5602f6058cebd23efe1b849ab003	1702
mods/heroes.stormmod/enus.stormassets/localizeddata/sounds/vo/medicbase_attack05.ogg	bbb965b31f92fa2e72bc52d01bddb918	18628
mods/heroes.stormmod/enus.stormassets/localizeddata/sounds/vo/medicbase_attack06.fxe	9161362f0d0e9ecc6962e70132d3a267	1574
mods/heroes.stormmod/enus.stormassets/localizeddata/sounds/vo/medicbase_attack06.ogg	70e22a6de3b2dcfe7ae47f0372eb4e29	16889
mods/heroes.stormmod/enus.stormassets/localizeddata/sounds/vo/medicbase_celebrate00.fxe	179737a53ba2783545ed1864e0923736	1593
mods/heroes.stormmod/enus.stormassets/localizeddata/sounds/vo/medicbase_celebrate00.ogg	49d5943a0a067290777f3079f496b586	20985
mods/heroes.stormmod/enus.stormassets/localizeddata/sounds/vo/medicbase_celebrate01.fxe	337a85250c2feccac5723d5c33a3a23e	2249
mods/heroes.stormmod/enus.stormassets/localizeddata/sounds/vo/medicbase_celebrate01.ogg	d75948a36bb1f7f4401487e14f532d79	24864
mods/heroes.stormmod/enus.stormassets/localizeddata/sounds/vo/medicbase_celebrate02.fxe	3fa16de9cd4ec769d528593948dd7ec1	1513
mods/heroes.stormmod/enus.stormassets/localizeddata/sounds/vo/medicbase_celebrate02.ogg	af5684747af7b77b881b5c6035211846	21156
mods/heroes.stormmod/enus.stormassets/localizeddata/sounds/vo/medicbase_comeback00.fxe	21dac5c46f84cda09c7d6900ff02c14c	1768
mods/heroes.stormmod/enus.stormassets/localizeddata/sounds/vo/medicbase_comeback00.ogg	c79d3da33d12a33a5c002db8986f5fa1	21352
mods/heroes.stormmod/enus.stormassets/localizeddata/sounds/vo/medicbase_death00.fxe	bbe0cb79e3c4c3449fc353160eeb4aa8	1653
mods/heroes.stormmod/enus.stormassets/localizeddata/sounds/vo/medicbase_death00.wav	f54bfc33c02726d01c47d6dbcd41e766	48444
mods/heroes.stormmod/enus.stormassets/localizeddata/sounds/vo/medicbase_death01.fxe	f96eaf7683bc2945981e0eb5d6289352	1701
mods/heroes.stormmod/enus.stormassets/localizeddata/sounds/vo/medicbase_death01.wav	f449efa1154639441414336e94258316	46652
mods/heroes.stormmod/enus.stormassets/localizeddata/sounds/vo/medicbase_death04.fxe	06e236cecdfedb208db31bd54d35ad4c	1269
mods/heroes.stormmod/enus.stormassets/localizeddata/sounds/vo/medicbase_death04.wav	a0328184ed6b9fa553a0c8f48bde13c8	32572
mods/heroes.stormmod/enus.stormassets/localizeddata/sounds/vo/medicbase_death05.fxe	776b42c26de3d08f907931373512a187	1221
mods/heroes.stormmod/enus.stormassets/localizeddata/sounds/vo/medicbase_death05.wav	5a84f1357e6940cf1e85c123e1c973e9	33340
mods/heroes.stormmod/enus.stormassets/localizeddata/sounds/vo/medicbase_death06.fxe	68e70d9826b360dff2ea9939fb283e26	1557
mods/heroes.stormmod/enus.stormassets/localizeddata/sounds/vo/medicbase_death06.wav	b36c373213781ab4ee118ba99ebeb4dd	42812
mods/heroes.stormmod/enus.stormassets/localizeddata/sounds/vo/medicbase_death09.fxe	6441b2c0e8818cb7fa21617480657496	1813
mods/heroes.stormmod/enus.stormassets/localizeddata/sounds/vo/medicbase_death09.wav	229783dccb81e4c7f4cbc1f2ffad4bff	61500
mods/heroes.stormmod/enus.stormassets/localizeddata/sounds/vo/medicbase_healed00.fxe	a8ec165312108ef3ba8b8e204ef2562d	2102
mods/heroes.stormmod/enus.stormassets/localizeddata/sounds/vo/medicbase_healed00.ogg	fe72046b93809ce82ebd6556e0e6557f	27465
mods/heroes.stormmod/enus.stormassets/localizeddata/sounds/vo/medicbase_healed01.fxe	763a7546b7b130712adf34e377b10e12	2278
mods/heroes.stormmod/enus.stormassets/localizeddata/sounds/vo/medicbase_healed01.ogg	5d4bd0b45018a398c94bdb7aa491b8dd	23264
mods/heroes.stormmod/enus.stormassets/localizeddata/sounds/vo/medicbase_healed02.fxe	7e43011448b10e64daadd62aa1b63b36	3030
mods/heroes.stormmod/enus.stormassets/localizeddata/sounds/vo/medicbase_healed02.ogg	d95e4bed6af0752649fe46eccaaa62aa	27170
mods/heroes.stormmod/enus.stormassets/localizeddata/sounds/vo/medicbase_introagree00.fxe	d6f1b7f6aac30f0677478f321c1a74a9	1210
mods/heroes.stormmod/enus.stormassets/localizeddata/sounds/vo/medicbase_introagree00.ogg	d781aa042774808bf7d7f2f62e548c32	19628
mods/heroes.stormmod/enus.stormassets/localizeddata/sounds/vo/medicbase_introagree01.fxe	e75749543e69d805dcd0d34890342ff0	1402
mods/heroes.stormmod/enus.stormassets/localizeddata/sounds/vo/medicbase_introagree01.ogg	54521183751eddee4b566d31b54b530f	15057
mods/heroes.stormmod/enus.stormassets/localizeddata/sounds/vo/medicbase_introagree02.fxe	36971dd22d828c18ea9f2aab97e75ca4	1914
mods/heroes.stormmod/enus.stormassets/localizeddata/sounds/vo/medicbase_introagree02.ogg	48f4b27f1abe99f5a539533dcb7737b4	18723
mods/heroes.stormmod/enus.stormassets/localizeddata/sounds/vo/medicbase_introboast00.fxe	03e18c236388f64378c47fb61e631acc	3402
mods/heroes.stormmod/enus.stormassets/localizeddata/sounds/vo/medicbase_introboast00.ogg	9915ec486088f4fe55cf7de16b66eefb	34014
mods/heroes.stormmod/enus.stormassets/localizeddata/sounds/vo/medicbase_introboast01.fxe	a542d177d9560df20178e9ba18ff20c8	2170
mods/heroes.stormmod/enus.stormassets/localizeddata/sounds/vo/medicbase_introboast01.ogg	e3045da95bd2e702c58b95a428949597	32684
mods/heroes.stormmod/enus.stormassets/localizeddata/sounds/vo/medicbase_introquestion00.fxe	358f54dac640d4c56fb6b7a87113c7e0	2125
mods/heroes.stormmod/enus.stormassets/localizeddata/sounds/vo/medicbase_introquestion00.ogg	5acececbbb1fe821ed265f981842da52	18741
mods/heroes.stormmod/enus.stormassets/localizeddata/sounds/vo/medicbase_introquestion01.fxe	679c6c6b2c57404d29c3eb0f42b70922	2125
mods/heroes.stormmod/enus.stormassets/localizeddata/sounds/vo/medicbase_introquestion01.ogg	68848a3e8967707427a5b2445dfff240	21115
mods/heroes.stormmod/enus.stormassets/localizeddata/sounds/vo/medicbase_introquestion_kerrigan00.fxe	263266035796ead4720936ff8eaf0e5f	1750
mods/heroes.stormmod/enus.stormassets/localizeddata/sounds/vo/medicbase_introquestion_kerrigan00.ogg	3ebe6304a9207112280da8d1b027374c	27452
mods/heroes.stormmod/enus.stormassets/localizeddata/sounds/vo/medicbase_introquestion_murky00.fxe	35271d7c3f9e99e4696579c8d0c92328	4131
mods/heroes.stormmod/enus.stormassets/localizeddata/sounds/vo/medicbase_introquestion_murky00.ogg	6498cf04bcb1a515689498b337cad31b	74117
mods/heroes.stormmod/enus.stormassets/localizeddata/sounds/vo/medicbase_introquestion_negative00.fxe	e21fb7d42c8d3255ed520d824471f911	2038
mods/heroes.stormmod/enus.stormassets/localizeddata/sounds/vo/medicbase_introquestion_negative00.ogg	908b8aeaa04fdd2739dc4a542d23f525	24115
mods/heroes.stormmod/enus.stormassets/localizeddata/sounds/vo/medicbase_introquestion_positive00.fxe	8e5fe581dfb6f9f8a816e50b5a7fdf92	3078
mods/heroes.stormmod/enus.stormassets/localizeddata/sounds/vo/medicbase_introquestion_positive00.ogg	a478b40fbf2b373c1200764b6d500614	33810
mods/heroes.stormmod/enus.stormassets/localizeddata/sounds/vo/medicbase_introquestion_protoss00.fxe	5ae2b2b2d8afa041c261bd1c85dcfba6	1509
mods/heroes.stormmod/enus.stormassets/localizeddata/sounds/vo/medicbase_introquestion_protoss00.ogg	57c9e087075d3cca3e26bcd627091042	23858
mods/heroes.stormmod/enus.stormassets/localizeddata/sounds/vo/medicbase_introquestion_raynor00.fxe	6f4bbf8c2f8bbd431082d625ee25a545	2324
mods/heroes.stormmod/enus.stormassets/localizeddata/sounds/vo/medicbase_introquestion_raynor00.ogg	5ad4e9ddde5c103670b9eb0b6b66497d	23075
mods/heroes.stormmod/enus.stormassets/localizeddata/sounds/vo/medicbase_introquestion_sgthammer00.fxe	d917c05c9b606d0023c8119cc047e136	2711
mods/heroes.stormmod/enus.stormassets/localizeddata/sounds/vo/medicbase_introquestion_sgthammer00.ogg	7b9816e90877ddff0cb959c7b95b5eb8	35444
mods/heroes.stormmod/enus.stormassets/localizeddata/sounds/vo/medicbase_introquestion_tychus00.fxe	2bc75c855701af62d77dccf3055b2bcd	2804
mods/heroes.stormmod/enus.stormassets/localizeddata/sounds/vo/medicbase_introquestion_tychus00.ogg	065cad0927cd733d435cc466fceca2d3	33288
mods/heroes.stormmod/enus.stormassets/localizeddata/sounds/vo/medicbase_introquestion_undead00.fxe	b44c313f45e47534fe00953e5e2a1097	4116
mods/heroes.stormmod/enus.stormassets/localizeddata/sounds/vo/medicbase_introquestion_undead00.ogg	e5bd4bd1b078b1944f5e6922854008b1	44424
mods/heroes.stormmod/enus.stormassets/localizeddata/sounds/vo/medicbase_introquestion_zerg00.fxe	ae6887d04231823dbde64a27e5baae33	2834
mods/heroes.stormmod/enus.stormassets/localizeddata/sounds/vo/medicbase_introquestion_zerg00.ogg	5fc03da64ef888c74c73317e002092f1	34638
mods/heroes.stormmod/enus.stormassets/localizeddata/sounds/vo/medicbase_introrespond00.fxe	4aca891db4b2522c826fe669e78a31fe	2892
mods/heroes.stormmod/enus.stormassets/localizeddata/sounds/vo/medicbase_introrespond00.ogg	02b4612048349c1260a75d9d6113f0a4	32017
mods/heroes.stormmod/enus.stormassets/localizeddata/sounds/vo/medicbase_introrespond01.fxe	39568f8d2a568b7cf1b883e02ca44cd6	1532
mods/heroes.stormmod/enus.stormassets/localizeddata/sounds/vo/medicbase_introrespond01.ogg	9f81f570f1a6f36d6363c924e70b2ba5	19090
mods/heroes.stormmod/enus.stormassets/localizeddata/sounds/vo/medicbase_introrespond02.fxe	4253db88b07f9b4614d74ddf0f301f2d	1724
mods/heroes.stormmod/enus.stormassets/localizeddata/sounds/vo/medicbase_introrespond02.ogg	3a6976ea476271e3aa71159501bfbf38	16013
mods/heroes.stormmod/enus.stormassets/localizeddata/sounds/vo/medicbase_introresponse_angry00.fxe	4b7f93386713cd81c6c6928ee75e17e1	3011
mods/heroes.stormmod/enus.stormassets/localizeddata/sounds/vo/medicbase_introresponse_angry00.ogg	47b3a20957b256a4cd84688e5f458e4b	30177
mods/heroes.stormmod/enus.stormassets/localizeddata/sounds/vo/medicbase_introresponse_begrudging00.fxe	e3932d7f5a53e7b05c10cb0955a3e4cb	2856
mods/heroes.stormmod/enus.stormassets/localizeddata/sounds/vo/medicbase_introresponse_begrudging00.ogg	cd61c044730c5bd60c61dd7e693d91e8	31925
mods/heroes.stormmod/enus.stormassets/localizeddata/sounds/vo/medicbase_introresponse_dismissive00.fxe	1876636bdb1700bf6beb8e3545fc6ad1	1352
mods/heroes.stormmod/enus.stormassets/localizeddata/sounds/vo/medicbase_introresponse_dismissive00.ogg	6ad0688619b639d9ca0bb7a7d670621f	14239
mods/heroes.stormmod/enus.stormassets/localizeddata/sounds/vo/medicbase_introresponse_insult00.fxe	f252ef90fe948e86c7584f6238c1abb0	4212
mods/heroes.stormmod/enus.stormassets/localizeddata/sounds/vo/medicbase_introresponse_insult00.ogg	27c88ad0c312ce8888a49e5aed108fc4	60717
mods/heroes.stormmod/enus.stormassets/localizeddata/sounds/vo/medicbase_introresponse_kerrigan00.fxe	364089827b4ad5c91752a6343cd31cdc	2326
mods/heroes.stormmod/enus.stormassets/localizeddata/sounds/vo/medicbase_introresponse_kerrigan00.ogg	2fbe1fe156170182eb3d7b026008b424	31398
mods/heroes.stormmod/enus.stormassets/localizeddata/sounds/vo/medicbase_introresponse_mediclove00.fxe	405acbc886e8f0e7259cbabc3ece7eab	1943
mods/heroes.stormmod/enus.stormassets/localizeddata/sounds/vo/medicbase_introresponse_mediclove00.ogg	c57bd4c6f6f3b0acc7df81676b89e1da	20819
mods/heroes.stormmod/enus.stormassets/localizeddata/sounds/vo/medicbase_introresponse_murky00.fxe	bbafae16ebd1d9c7cbc52f283f183b37	3299
mods/heroes.stormmod/enus.stormassets/localizeddata/sounds/vo/medicbase_introresponse_murky00.ogg	0ce88132d72a9624a0b9b69563268654	49883
mods/heroes.stormmod/enus.stormassets/localizeddata/sounds/vo/medicbase_introresponse_positive00.fxe	442924a1643c80888079cd9388024338	1142
mods/heroes.stormmod/enus.stormassets/localizeddata/sounds/vo/medicbase_introresponse_positive00.ogg	d1c83ab1939e1d847a44a3a8100066ea	13998
mods/heroes.stormmod/enus.stormassets/localizeddata/sounds/vo/medicbase_introresponse_protoss00.fxe	e67976152b7f8128fb77c59ff00d1f46	2437
mods/heroes.stormmod/enus.stormassets/localizeddata/sounds/vo/medicbase_introresponse_protoss00.ogg	fe316be749ed90a7368ef4174ab13d92	25759
mods/heroes.stormmod/enus.stormassets/localizeddata/sounds/vo/medicbase_introresponse_sarcastic00.fxe	f57f63dfacc5385318f0d246aa68b60b	2343
mods/heroes.stormmod/enus.stormassets/localizeddata/sounds/vo/medicbase_introresponse_sarcastic00.ogg	9e8dc556619d08d38a5ffc2def6ebcf6	37958
mods/heroes.stormmod/enus.stormassets/localizeddata/sounds/vo/medicbase_introresponse_tychus00.fxe	f8abe741f23513ace5e8aca190ffb1a2	2804
mods/heroes.stormmod/enus.stormassets/localizeddata/sounds/vo/medicbase_introresponse_tychus00.ogg	fd8043f4c8c76b3518ae0a194d87b1ac	25382
mods/heroes.stormmod/enus.stormassets/localizeddata/sounds/vo/medicbase_introresponse_undead00.fxe	ff81b2909e65471e1ea0ac9a6cefb6f6	2948
mods/heroes.stormmod/enus.stormassets/localizeddata/sounds/vo/medicbase_introresponse_undead00.ogg	6e336083f81b5140fb398457582464ae	32176
mods/heroes.stormmod/enus.stormassets/localizeddata/sounds/vo/medicbase_introresponse_weird00.fxe	e585533eb064592fdc28fb6a7e319845	2947
mods/heroes.stormmod/enus.stormassets/localizeddata/sounds/vo/medicbase_introresponse_weird00.ogg	6f7d3ae036bc80cdf0357d212b9264ec	34803
mods/heroes.stormmod/enus.stormassets/localizeddata/sounds/vo/medicbase_introresponse_zerg00.fxe	b7235e2a59bf0f78c410cbbd8b6d33e6	2722
mods/heroes.stormmod/enus.stormassets/localizeddata/sounds/vo/medicbase_introresponse_zerg00.ogg	548588600e5995576ce0eb7033ed9407	32250
mods/heroes.stormmod/enus.stormassets/localizeddata/sounds/vo/medicbase_kill00.fxe	a4ac2c3aaf1584a6684d1b89779d044a	1652
mods/heroes.stormmod/enus.stormassets/localizeddata/sounds/vo/medicbase_kill00.ogg	aa83a6916c3c4b886de95b6f3550f92e	22064
mods/heroes.stormmod/enus.stormassets/localizeddata/sounds/vo/medicbase_kill01.fxe	14c4005b34ee4ec4877fbafea1a414b3	1860
mods/heroes.stormmod/enus.stormassets/localizeddata/sounds/vo/medicbase_kill01.ogg	075aadc3e0ad24c68dc24e2ee5d91e22	21958
mods/heroes.stormmod/enus.stormassets/localizeddata/sounds/vo/medicbase_kill02.fxe	e1bf088f412df1e7ea071ce25438a13a	2212
mods/heroes.stormmod/enus.stormassets/localizeddata/sounds/vo/medicbase_kill02.ogg	da3abc2ef6f54d8b0e9ca1d2c43e9a51	26862
mods/heroes.stormmod/enus.stormassets/localizeddata/sounds/vo/medicbase_kill03.fxe	25711ab91e524087d2a11c82b7981dcf	2260
mods/heroes.stormmod/enus.stormassets/localizeddata/sounds/vo/medicbase_kill03.ogg	ac32cad43181222ee3a992fd7c93d35a	21913
mods/heroes.stormmod/enus.stormassets/localizeddata/sounds/vo/medicbase_kill04.fxe	826f43799bc9363041f7d2cf4b3be044	2484
mods/heroes.stormmod/enus.stormassets/localizeddata/sounds/vo/medicbase_kill04.ogg	45738c2862b0671b015e41ee7804a930	25361
mods/heroes.stormmod/enus.stormassets/localizeddata/sounds/vo/medicbase_killkerrigan00.fxe	5de9beb15b92439578df24ca00a6ef8e	2476
mods/heroes.stormmod/enus.stormassets/localizeddata/sounds/vo/medicbase_killkerrigan00.ogg	2e4b69916b4af60d50cb57692b7bd49a	26562
mods/heroes.stormmod/enus.stormassets/localizeddata/sounds/vo/medicbase_killmedic00.fxe	8550cb87a7b90d6682ed59499cd9b1db	1193
mods/heroes.stormmod/enus.stormassets/localizeddata/sounds/vo/medicbase_killmedic00.ogg	4a8e908c976c198cb8d4231e230b5464	23963
mods/heroes.stormmod/enus.stormassets/localizeddata/sounds/vo/medicbase_killpandaren00.fxe	8669b9d51fb701f93144648d55277969	2556
mods/heroes.stormmod/enus.stormassets/localizeddata/sounds/vo/medicbase_killpandaren00.ogg	fbbfeda0aa7d44c1f14c510724a86057	25283
mods/heroes.stormmod/enus.stormassets/localizeddata/sounds/vo/medicbase_killprotoss00.fxe	d325ebb6f8dcb859d48be7dc46a6de2d	2363
mods/heroes.stormmod/enus.stormassets/localizeddata/sounds/vo/medicbase_killprotoss00.ogg	7d2f0665331f54a1e1b7277214f4446e	27510
mods/heroes.stormmod/enus.stormassets/localizeddata/sounds/vo/medicbase_killraynor00.fxe	594282fca780872bdb6bffbe7d1a649c	1258
mods/heroes.stormmod/enus.stormassets/localizeddata/sounds/vo/medicbase_killraynor00.ogg	1d2cfb931c64153d770486c584611258	15756
mods/heroes.stormmod/enus.stormassets/localizeddata/sounds/vo/medicbase_killspreeend00.fxe	48c03ccdfa039426823af46703156143	2508
mods/heroes.stormmod/enus.stormassets/localizeddata/sounds/vo/medicbase_killspreeend00.ogg	6a3972450ab831d8d364f93a21bcd42d	29144
mods/heroes.stormmod/enus.stormassets/localizeddata/sounds/vo/medicbase_killterran00.fxe	96132faf3d379d5511a91902aef07e3a	2106
mods/heroes.stormmod/enus.stormassets/localizeddata/sounds/vo/medicbase_killterran00.ogg	4353e51707e6f047fdb82065129f481e	22520
mods/heroes.stormmod/enus.stormassets/localizeddata/sounds/vo/medicbase_killweird00.fxe	5fe236a7e11a7ff30bc53569f208449c	1913
mods/heroes.stormmod/enus.stormassets/localizeddata/sounds/vo/medicbase_killweird00.ogg	b17143e020bd802b6c88d23dd8abf076	19878
mods/heroes.stormmod/enus.stormassets/localizeddata/sounds/vo/medicbase_killweird01.fxe	97c613680948ced7cdf5d5c7fcbd4c61	3033
mods/heroes.stormmod/enus.stormassets/localizeddata/sounds/vo/medicbase_killweird01.ogg	334d5531c3c718a341487aedfb6c4f50	35565
mods/heroes.stormmod/enus.stormassets/localizeddata/sounds/vo/medicbase_killweird02.fxe	883dedc54ba36327400b85434ea5f66a	3481
mods/heroes.stormmod/enus.stormassets/localizeddata/sounds/vo/medicbase_killweird02.ogg	c42c48b9dcce8c996ae07d7b04a9b2d3	30849
mods/heroes.stormmod/enus.stormassets/localizeddata/sounds/vo/medicbase_killwitchdoctor00.fxe	d78b1d338b1ba4a61d72e41ca8e30dd4	2303
mods/heroes.stormmod/enus.stormassets/localizeddata/sounds/vo/medicbase_killwitchdoctor00.ogg	9d7cd1c5813c533df2b83902f6c98b07	21183
mods/heroes.stormmod/enus.stormassets/localizeddata/sounds/vo/medicbase_killzerg00.fxe	c7f4c62dab08dbffab3058cf5a4d2e5a	2264
mods/heroes.stormmod/enus.stormassets/localizeddata/sounds/vo/medicbase_killzerg00.ogg	e1065dc58959d833de7c1a90426175d8	34457
mods/heroes.stormmod/enus.stormassets/localizeddata/sounds/vo/medicbase_laugh01.fxe	1072cdb80abdcc77256f5ad7ce679434	1621
mods/heroes.stormmod/enus.stormassets/localizeddata/sounds/vo/medicbase_laugh01.ogg	a01df02e0c2ca8ce2433f01cf22e2743	14545
mods/heroes.stormmod/enus.stormassets/localizeddata/sounds/vo/medicbase_laugh07.fxe	e83ecea5883b288fe48fa070b71ee8af	1797
mods/heroes.stormmod/enus.stormassets/localizeddata/sounds/vo/medicbase_laugh07.ogg	426affea65cce82b6cf5859fab6e4e7c	16460
mods/heroes.stormmod/enus.stormassets/localizeddata/sounds/vo/medicbase_laugh08.fxe	4f8824bd87dda7208da24d56c0e07fa3	1397
mods/heroes.stormmod/enus.stormassets/localizeddata/sounds/vo/medicbase_laugh08.ogg	d9bd6ecab4f6b303373be65782a0393d	17160
mods/heroes.stormmod/enus.stormassets/localizeddata/sounds/vo/medicbase_laugh09.fxe	8949ce2a9a39b52894b571603bba3721	1717
mods/heroes.stormmod/enus.stormassets/localizeddata/sounds/vo/medicbase_laugh09.ogg	5114f9f9f3efabef4d666f1b505f3f19	19736
mods/heroes.stormmod/enus.stormassets/localizeddata/sounds/vo/medicbase_lowlifeheal00.fxe	2802c49af3c00c941ed54b46be8a7c80	1963
mods/heroes.stormmod/enus.stormassets/localizeddata/sounds/vo/medicbase_lowlifeheal00.ogg	457d20fe079b2c811c5cfdc7d7ddddb4	23834
mods/heroes.stormmod/enus.stormassets/localizeddata/sounds/vo/medicbase_lowlifeheal01.fxe	9ef6d8351f123212c667fdb049649e43	2443
mods/heroes.stormmod/enus.stormassets/localizeddata/sounds/vo/medicbase_lowlifeheal01.ogg	548c334366fb71bbb8e30a53a1802379	24708
mods/heroes.stormmod/enus.stormassets/localizeddata/sounds/vo/medicbase_lowlifeheal02.fxe	bc0cba307c5484ee5bad65c1b5d3aab0	2027
mods/heroes.stormmod/enus.stormassets/localizeddata/sounds/vo/medicbase_lowlifeheal02.ogg	e275857dd04f9db5f448ccbcb16a4ce7	24955
mods/heroes.stormmod/enus.stormassets/localizeddata/sounds/vo/medicbase_lowmana00.fxe	167a014c307e633805bad668ed8bf347	1735
mods/heroes.stormmod/enus.stormassets/localizeddata/sounds/vo/medicbase_lowmana00.ogg	bee12e943a10908614a1b27c0d7fc74a	15975
mods/heroes.stormmod/enus.stormassets/localizeddata/sounds/vo/medicbase_lowmana01.fxe	ed78fbb1b3252ac35e2e1dc4e918ca1d	1639
mods/heroes.stormmod/enus.stormassets/localizeddata/sounds/vo/medicbase_lowmana01.ogg	4e4204823810600390d93f376bb58250	17560
mods/heroes.stormmod/enus.stormassets/localizeddata/sounds/vo/medicbase_lowmana02.fxe	51f1467bc6a6914a91d90665bc151f69	1399
mods/heroes.stormmod/enus.stormassets/localizeddata/sounds/vo/medicbase_lowmana02.ogg	854f1b5baef1080492af0cd90b386bcd	15032
mods/heroes.stormmod/enus.stormassets/localizeddata/sounds/vo/medicbase_no00.fxe	da4e426d5b854e61777334548a0ab548	1042
mods/heroes.stormmod/enus.stormassets/localizeddata/sounds/vo/medicbase_no00.ogg	c80ffd2df66ad678741d6d2bb58008a5	13291
mods/heroes.stormmod/enus.stormassets/localizeddata/sounds/vo/medicbase_no01.fxe	d02f53d068f9b581d2e77fbbb7b45c0b	2210
mods/heroes.stormmod/enus.stormassets/localizeddata/sounds/vo/medicbase_no01.ogg	e8e62ca1fa0964d5e208be6620060ed3	23116
mods/heroes.stormmod/enus.stormassets/localizeddata/sounds/vo/medicbase_no02.fxe	8ee08b5004f05673728e3d5b65ec09e8	850
mods/heroes.stormmod/enus.stormassets/localizeddata/sounds/vo/medicbase_no02.ogg	bfe4911712621ea15bfd4ee68a52d012	20295
mods/heroes.stormmod/enus.stormassets/localizeddata/sounds/vo/medicbase_ping_assisthero00.fxe	b18fa8732b005818dc3d225be3117106	1903
mods/heroes.stormmod/enus.stormassets/localizeddata/sounds/vo/medicbase_ping_assisthero00.ogg	15734a055cffa18d290f980aae90f512	20306
mods/heroes.stormmod/enus.stormassets/localizeddata/sounds/vo/medicbase_ping_assistme00.fxe	dc4945a8f66265144a59c6fadb8a24b2	1677
mods/heroes.stormmod/enus.stormassets/localizeddata/sounds/vo/medicbase_ping_assistme00.ogg	227d87431a32a462171ddd2ae96782a5	18612
mods/heroes.stormmod/enus.stormassets/localizeddata/sounds/vo/medicbase_ping_assistme01.fxe	32898cb426c96cb928d787a57a76600b	1741
mods/heroes.stormmod/enus.stormassets/localizeddata/sounds/vo/medicbase_ping_assistme01.ogg	ff2d8d5ed2dd1915a57ad86b0fb30595	20568
mods/heroes.stormmod/enus.stormassets/localizeddata/sounds/vo/medicbase_ping_attackcastle00.fxe	cd22747b4a9f93ce95496dfd66d3f3cb	1569
mods/heroes.stormmod/enus.stormassets/localizeddata/sounds/vo/medicbase_ping_attackcastle00.ogg	83079680f80c25894b5a27fa89aad56f	15163
mods/heroes.stormmod/enus.stormassets/localizeddata/sounds/vo/medicbase_ping_attackmerc00.fxe	594b91f485d855c99a90d8d91b4d0b35	1791
mods/heroes.stormmod/enus.stormassets/localizeddata/sounds/vo/medicbase_ping_attackmerc00.ogg	53e5fb4db00accef68834e742d1fb9c5	19447
mods/heroes.stormmod/enus.stormassets/localizeddata/sounds/vo/medicbase_ping_attackoutpost00.fxe	fb5d23801716fc1a4c34ba17003d72c9	2306
mods/heroes.stormmod/enus.stormassets/localizeddata/sounds/vo/medicbase_ping_attackoutpost00.ogg	a6e3bd6b326d9cc5d70337a36e859f2d	21640
mods/heroes.stormmod/enus.stormassets/localizeddata/sounds/vo/medicbase_ping_attacktower00.fxe	50995b2a41348e1f35cb9ba97f664486	2112
mods/heroes.stormmod/enus.stormassets/localizeddata/sounds/vo/medicbase_ping_attacktower00.ogg	e76cd3e4f9da9f7d7910a098f07a5f4f	21737
mods/heroes.stormmod/enus.stormassets/localizeddata/sounds/vo/medicbase_ping_danger00.fxe	efb926d4e2db68f43bd5522208d40855	2523
mods/heroes.stormmod/enus.stormassets/localizeddata/sounds/vo/medicbase_ping_danger00.ogg	60747038bc778d2bab0da0eb1b5088ad	24635
mods/heroes.stormmod/enus.stormassets/localizeddata/sounds/vo/medicbase_ping_danger01.fxe	6667a4224837f61d3eec797df573794c	1131
mods/heroes.stormmod/enus.stormassets/localizeddata/sounds/vo/medicbase_ping_danger01.ogg	d4927920e6a226f48bd47c66b17b96e9	11945
mods/heroes.stormmod/enus.stormassets/localizeddata/sounds/vo/medicbase_ping_defend00.fxe	5589f2ac368055e34f877c4d4986b8a4	1691
mods/heroes.stormmod/enus.stormassets/localizeddata/sounds/vo/medicbase_ping_defend00.ogg	b7f3d04316f092d560e61bbb6faa2148	16920
mods/heroes.stormmod/enus.stormassets/localizeddata/sounds/vo/medicbase_ping_defendcastle00.fxe	e25a998a9c1fb1b1205a3f76f54f7342	1537
mods/heroes.stormmod/enus.stormassets/localizeddata/sounds/vo/medicbase_ping_defendcastle00.ogg	565c50191d2c76dfc416e81d8fd11dd3	15244
mods/heroes.stormmod/enus.stormassets/localizeddata/sounds/vo/medicbase_ping_defendoutpost00.fxe	c8d80bcba53fb175c80a736ffeb642f4	2482
mods/heroes.stormmod/enus.stormassets/localizeddata/sounds/vo/medicbase_ping_defendoutpost00.ogg	7db82ffb4e6ba8fc66d02cb292ae78d7	19316
mods/heroes.stormmod/enus.stormassets/localizeddata/sounds/vo/medicbase_ping_defendthing00.fxe	747b58487272fccac3aa96e3efa255e9	1744
mods/heroes.stormmod/enus.stormassets/localizeddata/sounds/vo/medicbase_ping_defendthing00.ogg	a22037576f061b8ef7f3d7d0170a451e	20243
mods/heroes.stormmod/enus.stormassets/localizeddata/sounds/vo/medicbase_ping_defendthing01.fxe	223ddaf53e51319cefb4f630de39d054	2288
mods/heroes.stormmod/enus.stormassets/localizeddata/sounds/vo/medicbase_ping_defendthing01.ogg	31f260f1d91b86b9353102449822a72a	21727
mods/heroes.stormmod/enus.stormassets/localizeddata/sounds/vo/medicbase_ping_defendtower00.fxe	f09ac15428085ef2d5cd1abde90f2bc5	3360
mods/heroes.stormmod/enus.stormassets/localizeddata/sounds/vo/medicbase_ping_defendtower00.ogg	8ccc6e2620369617be28d9a86df50d94	30769
mods/heroes.stormmod/enus.stormassets/localizeddata/sounds/vo/medicbase_ping_enemymissing00.fxe	efe90a2e2cf5dc27875027b7d8fc5c8b	1905
mods/heroes.stormmod/enus.stormassets/localizeddata/sounds/vo/medicbase_ping_enemymissing00.ogg	b8d23e56bb668f1746c09e2f4a36caa1	20335
mods/heroes.stormmod/enus.stormassets/localizeddata/sounds/vo/medicbase_ping_enemymissing01.fxe	77333da1bd6c535ecf9e8bd16b5d105e	3201
mods/heroes.stormmod/enus.stormassets/localizeddata/sounds/vo/medicbase_ping_enemymissing01.ogg	72a900f9629ae24fcc6df069dfd125b7	30471
mods/heroes.stormmod/enus.stormassets/localizeddata/sounds/vo/medicbase_ping_killhero00.fxe	72fd39324154e49517e0f4604c8a7340	2109
mods/heroes.stormmod/enus.stormassets/localizeddata/sounds/vo/medicbase_ping_killhero00.ogg	115caf4403ef03315442903e8b3de494	28208
mods/heroes.stormmod/enus.stormassets/localizeddata/sounds/vo/medicbase_ping_onmyway00.fxe	299e40eaedc27ba2afe424dc8208d085	1292
mods/heroes.stormmod/enus.stormassets/localizeddata/sounds/vo/medicbase_ping_onmyway00.ogg	286ef5db3ec552fb1dd5fce9e97462bc	13518
mods/heroes.stormmod/enus.stormassets/localizeddata/sounds/vo/medicbase_ping_onmyway01.fxe	c30b61b30a590df442db29f78ed66ec5	1244
mods/heroes.stormmod/enus.stormassets/localizeddata/sounds/vo/medicbase_ping_onmyway01.ogg	33cd8dfd4e201c0c050a9fd4f263b7af	12220
mods/heroes.stormmod/enus.stormassets/localizeddata/sounds/vo/medicbase_ping_retreat00.fxe	881a03dc6a67a235e9d5a3626accc776	1036
mods/heroes.stormmod/enus.stormassets/localizeddata/sounds/vo/medicbase_ping_retreat00.ogg	180ad5fb931b63da6c4a3a21331b14d1	12202
mods/heroes.stormmod/enus.stormassets/localizeddata/sounds/vo/medicbase_ping_retreat01.fxe	957d943c64ee1e57a22427c96e0f7848	1708
mods/heroes.stormmod/enus.stormassets/localizeddata/sounds/vo/medicbase_ping_retreat01.ogg	84fefe62c57ac202fc160b06f189213c	17712
mods/heroes.stormmod/enus.stormassets/localizeddata/sounds/vo/medicbase_pissed00.fxe	889caa6d0e185fdce62850a1775fee51	1766
mods/heroes.stormmod/enus.stormassets/localizeddata/sounds/vo/medicbase_pissed00.ogg	1a672b658a4d9e1604f02a3d2a2c9af0	16466
mods/heroes.stormmod/enus.stormassets/localizeddata/sounds/vo/medicbase_pissed01.fxe	c8940bcc5000f75553da82ea787f854b	2694
mods/heroes.stormmod/enus.stormassets/localizeddata/sounds/vo/medicbase_pissed01.ogg	eae168d94bd439b815fd918ce467f8bb	25909
mods/heroes.stormmod/enus.stormassets/localizeddata/sounds/vo/medicbase_pissed02.fxe	6c639d302aec2b8152f058147b53669e	5734
mods/heroes.stormmod/enus.stormassets/localizeddata/sounds/vo/medicbase_pissed02.ogg	22815da2d60bf76cd4aeae9a1ade88b6	64909
mods/heroes.stormmod/enus.stormassets/localizeddata/sounds/vo/medicbase_pissed03.fxe	34cc967ee3905df5e82639302ef60f3f	6342
mods/heroes.stormmod/enus.stormassets/localizeddata/sounds/vo/medicbase_pissed03.ogg	7e359acc8262c67d5ae16c68c5a0593d	82922
mods/heroes.stormmod/enus.stormassets/localizeddata/sounds/vo/medicbase_pissed04.fxe	50ba1087fcee8f9c7562ea56d5ed1a15	4998
mods/heroes.stormmod/enus.stormassets/localizeddata/sounds/vo/medicbase_pissed04.ogg	f3a71e04ed64a8f79aaae8e4ab791e7f	69242
mods/heroes.stormmod/enus.stormassets/localizeddata/sounds/vo/medicbase_pissed05.fxe	4c87d809ddb25cec37f7eca7a9c384eb	4806
mods/heroes.stormmod/enus.stormassets/localizeddata/sounds/vo/medicbase_pissed05.ogg	a35488cba7a23a5de8843473bee01cb4	59440
mods/heroes.stormmod/enus.stormassets/localizeddata/sounds/vo/medicbase_pissed06.fxe	75555e784d314a316d6025b82b96619b	5446
mods/heroes.stormmod/enus.stormassets/localizeddata/sounds/vo/medicbase_pissed06.ogg	3853aae3dfb9385245fa032724c96cfd	54296
mods/heroes.stormmod/enus.stormassets/localizeddata/sounds/vo/medicbase_pissed07.fxe	cd22f5005ed1dd5ed97e1c9ecfc0eb84	4902
mods/heroes.stormmod/enus.stormassets/localizeddata/sounds/vo/medicbase_pissed07.ogg	c3b5a14344e7d1d9dca59fd33fde0c60	57863
mods/heroes.stormmod/enus.stormassets/localizeddata/sounds/vo/medicbase_pissed08.fxe	08b983f38b86b4abb0c4f53743aca06d	5206
mods/heroes.stormmod/enus.stormassets/localizeddata/sounds/vo/medicbase_pissed08.ogg	c1617a50d1c57ef25fd771c46f6d285d	55040
mods/heroes.stormmod/enus.stormassets/localizeddata/sounds/vo/medicbase_pissed09.fxe	27bc7e61aa329e70532ac07cb8d4f63d	6054
mods/heroes.stormmod/enus.stormassets/localizeddata/sounds/vo/medicbase_pissed09.ogg	04e1e97fdaf3293b6505b9a818b0ee23	62132
mods/heroes.stormmod/enus.stormassets/localizeddata/sounds/vo/medicbase_pissed10.fxe	792abac8a57a25fafc78c707c0a3f02d	5734
mods/heroes.stormmod/enus.stormassets/localizeddata/sounds/vo/medicbase_pissed10.ogg	32532359671f1403d55d41b62c503cec	65210
mods/heroes.stormmod/enus.stormassets/localizeddata/sounds/vo/medicbase_pissed11.fxe	d602ecf06bb45aa34f14d8e64e320262	5686
mods/heroes.stormmod/enus.stormassets/localizeddata/sounds/vo/medicbase_pissed11.ogg	89ded6bf116b07f462745f9f5c9741b3	61198
mods/heroes.stormmod/enus.stormassets/localizeddata/sounds/vo/medicbase_pissed12.fxe	711e51baaebcc23a9b17d050a93002f9	8358
mods/heroes.stormmod/enus.stormassets/localizeddata/sounds/vo/medicbase_pissed12.ogg	a24e9148f9f2ae875094e6e5037e268a	101870
mods/heroes.stormmod/enus.stormassets/localizeddata/sounds/vo/medicbase_pissed13.fxe	40261037baf0d885c68f61c304adbbbc	7846
mods/heroes.stormmod/enus.stormassets/localizeddata/sounds/vo/medicbase_pissed13.ogg	82660e409b13c98dcce2b4d06ee5dd76	96835
mods/heroes.stormmod/enus.stormassets/localizeddata/sounds/vo/medicbase_pissed14.fxe	b7f2906485fa7c8921ad2756d1281054	8694
mods/heroes.stormmod/enus.stormassets/localizeddata/sounds/vo/medicbase_pissed14.ogg	2ffe6070824ea49331d68f6bb58ae283	98120
mods/heroes.stormmod/enus.stormassets/localizeddata/sounds/vo/medicbase_pissed15.fxe	4dd227bcc13a0101435f0ef05c092451	8566
mods/heroes.stormmod/enus.stormassets/localizeddata/sounds/vo/medicbase_pissed15.ogg	ff243c3d83843705066383fdd0a09250	94308
mods/heroes.stormmod/enus.stormassets/localizeddata/sounds/vo/medicbase_pissed16.fxe	48162b984d3f6d5f95ccbe03f647c800	3478
mods/heroes.stormmod/enus.stormassets/localizeddata/sounds/vo/medicbase_pissed16.ogg	1c6dca966d61011a5a31306cf240268d	42381
mods/heroes.stormmod/enus.stormassets/localizeddata/sounds/vo/medicbase_resurrected00.fxe	a3e5d71ac013b3bea3a6b3dd151f3870	2139
mods/heroes.stormmod/enus.stormassets/localizeddata/sounds/vo/medicbase_resurrected00.ogg	a57a27354886a7de7624e72efc89c412	24976
mods/heroes.stormmod/enus.stormassets/localizeddata/sounds/vo/medicbase_resurrected01.fxe	e60f6d9338bd31c3995fc2fc40e003e4	2443
mods/heroes.stormmod/enus.stormassets/localizeddata/sounds/vo/medicbase_resurrected01.ogg	37a4d8e01c8ffef21d24d154daa1a0ae	24698
mods/heroes.stormmod/enus.stormassets/localizeddata/sounds/vo/medicbase_revive00.fxe	1ca2eff6f7c708b5a0c9f10fab4b7611	2390
mods/heroes.stormmod/enus.stormassets/localizeddata/sounds/vo/medicbase_revive00.ogg	31273eb08c95052d2f4a027396a20285	30959
mods/heroes.stormmod/enus.stormassets/localizeddata/sounds/vo/medicbase_revive01.fxe	1eb67f5cd567991ddcc8309ece451ef1	1510
mods/heroes.stormmod/enus.stormassets/localizeddata/sounds/vo/medicbase_revive01.ogg	f9b550ccd8a264cfe03e943e04d3c127	20769
mods/heroes.stormmod/enus.stormassets/localizeddata/sounds/vo/medicbase_revive02.fxe	69976081936b1b8957b27f4070b62e3a	2598
mods/heroes.stormmod/enus.stormassets/localizeddata/sounds/vo/medicbase_revive02.ogg	460af9bca568966249aa6b43070af26f	28855
mods/heroes.stormmod/enus.stormassets/localizeddata/sounds/vo/medicbase_social_thanks00.fxe	a0d738db12510cf06c40ad3b3e770549	1789
mods/heroes.stormmod/enus.stormassets/localizeddata/sounds/vo/medicbase_social_thanks00.ogg	436a02babc4faee422626ffbff9713c8	18141
mods/heroes.stormmod/enus.stormassets/localizeddata/sounds/vo/medicbase_spec00.fxe	9060cbad1b2b6318dfe1f37d101211dc	1716
mods/heroes.stormmod/enus.stormassets/localizeddata/sounds/vo/medicbase_spec00.ogg	fb8105545408952e508bd78adba8303e	16749
mods/heroes.stormmod/enus.stormassets/localizeddata/sounds/vo/medicbase_spec01.fxe	9c109d60561bc735dfd445b4e9695c3f	2580
mods/heroes.stormmod/enus.stormassets/localizeddata/sounds/vo/medicbase_spec01.ogg	2ae876d1a6f9d2e7684c6cf59e363ff1	34122
mods/heroes.stormmod/enus.stormassets/localizeddata/sounds/vo/medicbase_spec02.fxe	f752d7c40c6b07abb0dd155b1044fde4	2292
mods/heroes.stormmod/enus.stormassets/localizeddata/sounds/vo/medicbase_spec02.ogg	c118d62ac13d59ae9286a6121118a130	28437
mods/heroes.stormmod/enus.stormassets/localizeddata/sounds/vo/medicbase_spec03.fxe	602b0be843c874d00b7e8737d04e6c38	2676
mods/heroes.stormmod/enus.stormassets/localizeddata/sounds/vo/medicbase_spec03.ogg	9c56650a4de336b670831b4947e66bf3	26927
mods/heroes.stormmod/enus.stormassets/localizeddata/sounds/vo/medicbase_spec04.fxe	5d2bd12284d9a2164fdf4708db01f468	1668
mods/heroes.stormmod/enus.stormassets/localizeddata/sounds/vo/medicbase_spec04.ogg	e08b11e7d4c2c660cf3fd483c65c31c9	19457
mods/heroes.stormmod/enus.stormassets/localizeddata/sounds/vo/medicbase_taunt00.fxe	adbc6d0c45ceb802d0542b2e0552a483	2597
mods/heroes.stormmod/enus.stormassets/localizeddata/sounds/vo/medicbase_taunt00.ogg	cfa023c619397ba63e013dabb62b33fd	30858
mods/heroes.stormmod/enus.stormassets/localizeddata/sounds/vo/medicbase_taunt01.fxe	06b61dca31d37de491bd713e601a8319	2533
mods/heroes.stormmod/enus.stormassets/localizeddata/sounds/vo/medicbase_taunt01.ogg	8f917922de67f31168a063b0c9f9b7ad	47903
mods/heroes.stormmod/enus.stormassets/localizeddata/sounds/vo/medicbase_taunt02.fxe	c162575ebd1147fee35e76c926e06e0d	3413
mods/heroes.stormmod/enus.stormassets/localizeddata/sounds/vo/medicbase_taunt02.ogg	b78ae920eb7535d8f366d55591b6a63d	31636
mods/heroes.stormmod/enus.stormassets/localizeddata/sounds/vo/medicbase_teamkilled00.fxe	1eb0e3f0948943a528026b116266cae4	2858
mods/heroes.stormmod/enus.stormassets/localizeddata/sounds/vo/medicbase_teamkilled00.ogg	b27d397ba9e92b65e7028b37860e4011	27456
mods/heroes.stormmod/enus.stormassets/localizeddata/sounds/vo/medicbase_ui_exlocked00.fxe	d2c0866b3d639fba0a606acfc1e09b24	2571
mods/heroes.stormmod/enus.stormassets/localizeddata/sounds/vo/medicbase_ui_exlocked00.ogg	8d222325e1a9f59455986ce898459db4	24481
mods/heroes.stormmod/enus.stormassets/localizeddata/sounds/vo/medicbase_ui_expurchased00.fxe	169aee6da26cfa3270ed2a961994c1b2	2254
mods/heroes.stormmod/enus.stormassets/localizeddata/sounds/vo/medicbase_ui_expurchased00.ogg	819ccf0748b34dc1c87da6e11391e0ca	23866
mods/heroes.stormmod/enus.stormassets/localizeddata/sounds/vo/medicbase_ui_gift00.fxe	1ec0d2e920a759a0d37313d4025528b1	1655
mods/heroes.stormmod/enus.stormassets/localizeddata/sounds/vo/medicbase_ui_gift00.ogg	539f852c090d63fe0d0be0f02391e717	16454
mods/heroes.stormmod/enus.stormassets/localizeddata/sounds/vo/medicbase_ui_lockin00.fxe	40edc102f3f6b1995e5c20bc4355dbbe	1545
mods/heroes.stormmod/enus.stormassets/localizeddata/sounds/vo/medicbase_ui_lockin00.ogg	4e1ec9ccd8569bead6078dfa12b783ca	17730
mods/heroes.stormmod/enus.stormassets/localizeddata/sounds/vo/medicbase_ui_purchase00.fxe	840e0b2fc72424490ae7515ec9b5595e	1643
mods/heroes.stormmod/enus.stormassets/localizeddata/sounds/vo/medicbase_ui_purchase00.ogg	6851b49cef53f049b82e6a3cb3ce4fec	17673
mods/heroes.stormmod/enus.stormassets/localizeddata/sounds/vo/medicbase_ui_trial00.fxe	4d2a2b93ed306c759ad7ea240961d8e9	2504
mods/heroes.stormmod/enus.stormassets/localizeddata/sounds/vo/medicbase_ui_trial00.ogg	3483fa48eb4bc785d92822314be8f4e2	30634
mods/heroes.stormmod/enus.stormassets/localizeddata/sounds/vo/medicbase_ui_trial01.fxe	1d88c20f20ede730bc99118568327ae1	1672
mods/heroes.stormmod/enus.stormassets/localizeddata/sounds/vo/medicbase_ui_trial01.ogg	181114828975702f3acbb4478c478fe9	18243
mods/heroes.stormmod/enus.stormassets/localizeddata/sounds/vo/medicbase_ui_waitlocked00.fxe	6816e7c30e16b73816898a0d1d993f4f	1757
mods/heroes.stormmod/enus.stormassets/localizeddata/sounds/vo/medicbase_ui_waitlocked00.ogg	a8fa02926f0791a570de0019d643c4d3	15813
mods/heroes.stormmod/enus.stormassets/localizeddata/sounds/vo/medicbase_ui_waitlocked01.fxe	ab49db60d6cf2d7b75b3dacdd82e535c	2077
mods/heroes.stormmod/enus.stormassets/localizeddata/sounds/vo/medicbase_ui_waitlocked01.ogg	db4eb82eda5d16e7a2221e60776afb56	21482
mods/heroes.stormmod/enus.stormassets/localizeddata/sounds/vo/medicbase_ui_waitpurchased00.fxe	71a874682e0f09a9f68be6411fc5b848	3360
mods/heroes.stormmod/enus.stormassets/localizeddata/sounds/vo/medicbase_ui_waitpurchased00.ogg	3142f3ae8eb04a10399735da464dba83	35837
mods/heroes.stormmod/enus.stormassets/localizeddata/sounds/vo/medicbase_ui_waitpurchased01.fxe	c5c41018a52c719b60a29bddb33ec02c	4896
mods/heroes.stormmod/enus.stormassets/localizeddata/sounds/vo/medicbase_ui_waitpurchased01.ogg	f9f8edfa0dfb5e8efad12fbee1a98fe8	53976
mods/heroes.stormmod/enus.stormassets/localizeddata/sounds/vo/medicbase_ultimate1used00.fxe	4d2ce9bebeedc7dcf2816ff714525226	1869
mods/heroes.stormmod/enus.stormassets/localizeddata/sounds/vo/medicbase_ultimate1used00.ogg	89e06e4778aaf13d57de481866674697	17951
mods/heroes.stormmod/enus.stormassets/localizeddata/sounds/vo/medicbase_ultimate1used01.fxe	3fed0fa31f6f870815ff475b1ef945c5	1261
mods/heroes.stormmod/enus.stormassets/localizeddata/sounds/vo/medicbase_ultimate1used01.ogg	411d0ff7b3dfefdd60737da681a34aec	14025
mods/heroes.stormmod/enus.stormassets/localizeddata/sounds/vo/medicbase_ultimate1used02.fxe	2312a21759e2f134475df6b8a73bb7da	1533
mods/heroes.stormmod/enus.stormassets/localizeddata/sounds/vo/medicbase_ultimate1used02.ogg	95fc541591371fecaa0d533991994f68	15058
mods/heroes.stormmod/enus.stormassets/localizeddata/sounds/vo/medicbase_ultimate1used03.fxe	b4a7592a1a16ded5356aefcde3d4bb5a	1677
mods/heroes.stormmod/enus.stormassets/localizeddata/sounds/vo/medicbase_ultimate1used03.ogg	960de9a79594c35e092e80026b88a527	18364
mods/heroes.stormmod/enus.stormassets/localizeddata/sounds/vo/medicbase_ultimate1used04.fxe	1d7a8285d68d8958f143521ab61f9f9d	1661
mods/heroes.stormmod/enus.stormassets/localizeddata/sounds/vo/medicbase_ultimate1used04.ogg	dc1eca4d1d4de1fdc362234cda9379cc	21476
mods/heroes.stormmod/enus.stormassets/localizeddata/sounds/vo/medicbase_ultimate2used00.fxe	13e3d2e2c6eb17ebb0e04ec664854eb7	2189
mods/heroes.stormmod/enus.stormassets/localizeddata/sounds/vo/medicbase_ultimate2used00.ogg	cc8788575d33c8af3bb3e051adbc5d8a	31122
mods/heroes.stormmod/enus.stormassets/localizeddata/sounds/vo/medicbase_ultimate2used01.fxe	9d8d74f6ebb2356c7f3c93dca3bc33db	2125
mods/heroes.stormmod/enus.stormassets/localizeddata/sounds/vo/medicbase_ultimate2used01.ogg	918e8c5f33637ed6b9fdb884b9525482	31214
mods/heroes.stormmod/enus.stormassets/localizeddata/sounds/vo/medicbase_ultimate2used02.fxe	ade6fae279340fc23b3627940bd0706b	1933
mods/heroes.stormmod/enus.stormassets/localizeddata/sounds/vo/medicbase_ultimate2used02.ogg	14f55ed2c232f7ccf22cacff05913526	27824
mods/heroes.stormmod/enus.stormassets/localizeddata/sounds/vo/medicbase_ultimate2used03.fxe	af05aeae44f1b7e86a8a3e093a151bf8	1789
mods/heroes.stormmod/enus.stormassets/localizeddata/sounds/vo/medicbase_ultimate2used03.ogg	114c27f5b0708ad0e7d092fba738830c	29285
mods/heroes.stormmod/enus.stormassets/localizeddata/sounds/vo/medicbase_ultimate2used_friendly00.fxe	b6b448bf61432c7be1c6c91f15290e7e	2198
mods/heroes.stormmod/enus.stormassets/localizeddata/sounds/vo/medicbase_ultimate2used_friendly00.ogg	c0c134f8725c733e120423fa2cfea8b9	21809
mods/heroes.stormmod/enus.stormassets/localizeddata/sounds/vo/medicbase_ultimate2used_friendly01.fxe	aa5fbb77646e52092c87c3ac3e1f87f1	2134
mods/heroes.stormmod/enus.stormassets/localizeddata/sounds/vo/medicbase_ultimate2used_friendly01.ogg	56de3da277c1af3256b12c4d8a6ae23c	21930
mods/heroes.stormmod/enus.stormassets/localizeddata/sounds/vo/medicbase_ultimate2used_friendly02.fxe	e195f397b78918dd4f9392bb6fba5ecd	1990
mods/heroes.stormmod/enus.stormassets/localizeddata/sounds/vo/medicbase_ultimate2used_friendly02.ogg	68d1a5a442411e69ad938b80af466b73	19631
mods/heroes.stormmod/enus.stormassets/localizeddata/sounds/vo/medicbase_ultimate2used_friendly03.fxe	c6a170d68c77f54286848711e0ed1222	1798
mods/heroes.stormmod/enus.stormassets/localizeddata/sounds/vo/medicbase_ultimate2used_friendly03.ogg	62682f9923c1c6528adf6d0e7a45bf09	21068
mods/heroes.stormmod/enus.stormassets/localizeddata/sounds/vo/medicbase_voicelinefive00.fxe	f0fe81319b07c08d0c6891b906ad6386	1677
mods/heroes.stormmod/enus.stormassets/localizeddata/sounds/vo/medicbase_voicelinefive00.ogg	eae168d94bd439b815fd918ce467f8bb	25909
mods/heroes.stormmod/enus.stormassets/localizeddata/sounds/vo/medicbase_voicelinefour00.fxe	8df28a6949abeffef5427115315888ac	1645
mods/heroes.stormmod/enus.stormassets/localizeddata/sounds/vo/medicbase_voicelinefour00.ogg	c5f9aabed12bbc646cd7b9c6682bf21b	28245
mods/heroes.stormmod/enus.stormassets/localizeddata/sounds/vo/medicbase_voicelineone00.fxe	e39125eb02df29bd1c44a06f61a8bb22	1548
mods/heroes.stormmod/enus.stormassets/localizeddata/sounds/vo/medicbase_voicelineone00.ogg	0b901a719cd5753d573cab8c94dc920d	20364
mods/heroes.stormmod/enus.stormassets/localizeddata/sounds/vo/medicbase_voicelinethree00.fxe	d6aaaaa3e0d769a035c410f666171647	1678
mods/heroes.stormmod/enus.stormassets/localizeddata/sounds/vo/medicbase_voicelinethree00.ogg	2363eccfe37cf7fc61fefcf874965caa	26438
mods/heroes.stormmod/enus.stormassets/localizeddata/sounds/vo/medicbase_voicelinetwo00.fxe	08463f185458fb912638095baaad980f	1900
mods/heroes.stormmod/enus.stormassets/localizeddata/sounds/vo/medicbase_voicelinetwo00.ogg	1de6db899ccb3e3c06b42f8b164293cc	27436
mods/heroes.stormmod/enus.stormassets/localizeddata/sounds/vo/medicbase_vox_attack00.fxe	9bf4325b7f45dda78844547a0b52735a	650
mods/heroes.stormmod/enus.stormassets/localizeddata/sounds/vo/medicbase_vox_attack00.ogg	006287c955d76b47c1f20dece183e359	6738
mods/heroes.stormmod/enus.stormassets/localizeddata/sounds/vo/medicbase_vox_attack01.fxe	e023688679ac054971f2ce827b9aa97a	650
mods/heroes.stormmod/enus.stormassets/localizeddata/sounds/vo/medicbase_vox_attack01.ogg	793de962ba1d9173488304c71f1254ee	6708
mods/heroes.stormmod/enus.stormassets/localizeddata/sounds/vo/medicbase_vox_attack02.fxe	0935f3516942ddc561f7afb8c08f173a	986
mods/heroes.stormmod/enus.stormassets/localizeddata/sounds/vo/medicbase_vox_attack02.ogg	79ab47d8a3d31cad9be463a2e5ffd8f3	7687
mods/heroes.stormmod/enus.stormassets/localizeddata/sounds/vo/medicbase_vox_attack03.fxe	87296a751c7fe45a865006aece305ab2	650
mods/heroes.stormmod/enus.stormassets/localizeddata/sounds/vo/medicbase_vox_attack03.ogg	e4d3ed782f40cb51d68756569e76012f	7431
mods/heroes.stormmod/enus.stormassets/localizeddata/sounds/vo/medicbase_vox_attack04.fxe	c1361f8d54614b9e69b20a956599e333	650
mods/heroes.stormmod/enus.stormassets/localizeddata/sounds/vo/medicbase_vox_attack04.ogg	f41c0cf9c350c526015d89169dc26dca	6767
mods/heroes.stormmod/enus.stormassets/localizeddata/sounds/vo/medicbase_vox_attack05.fxe	1c6e12d9f1a9d685807ece184634a9e3	650
mods/heroes.stormmod/enus.stormassets/localizeddata/sounds/vo/medicbase_vox_attack05.ogg	eed0ae79d63f80bdef6795e3eeaf3e75	6965
mods/heroes.stormmod/enus.stormassets/localizeddata/sounds/vo/medicbase_vox_attack06.fxe	905eca8440574b0d8e77e7210bad96f9	650
mods/heroes.stormmod/enus.stormassets/localizeddata/sounds/vo/medicbase_vox_attack06.ogg	a2408126d47eea712f6ebd62137bab01	6817
mods/heroes.stormmod/enus.stormassets/localizeddata/sounds/vo/medicbase_vox_attack07.fxe	19d3318f5cb44f3f4626bf8ab8b12450	650
mods/heroes.stormmod/enus.stormassets/localizeddata/sounds/vo/medicbase_vox_attack07.ogg	7ba4c5d87b3b564673154c4f0e6b0faf	6070
mods/heroes.stormmod/enus.stormassets/localizeddata/sounds/vo/medicbase_vox_attack08.fxe	65111884a922cda041bc19f6544b503c	650
mods/heroes.stormmod/enus.stormassets/localizeddata/sounds/vo/medicbase_vox_attack08.ogg	3707ab0e6cafda3fb103a1108a75061c	7690
mods/heroes.stormmod/enus.stormassets/localizeddata/sounds/vo/medicbase_vox_attack09.fxe	9ea15d48a34969f0df4bedb29b1c4bfa	650
mods/heroes.stormmod/enus.stormassets/localizeddata/sounds/vo/medicbase_vox_attack09.ogg	26dec4f408681979822ccc908678e752	6966
mods/heroes.stormmod/enus.stormassets/localizeddata/sounds/vo/medicbase_vox_castinge00.fxe	bcbf3bede22ab5b539ebb96ba8548842	1084
mods/heroes.stormmod/enus.stormassets/localizeddata/sounds/vo/medicbase_vox_castinge00.ogg	0b033d366e3f8a353c26df4bcc3ef917	10168
mods/heroes.stormmod/enus.stormassets/localizeddata/sounds/vo/medicbase_vox_castinge01.fxe	eaa3772854b6ab28806a6fdc081ac0e4	1052
mods/heroes.stormmod/enus.stormassets/localizeddata/sounds/vo/medicbase_vox_castinge01.ogg	8fe3d37a85ee8c3496b45187b3dbeed3	9481
mods/heroes.stormmod/enus.stormassets/localizeddata/sounds/vo/medicbase_vox_castinge03.fxe	cad0bc6cd1fe2d04461ba7ba5f26e7f2	1244
mods/heroes.stormmod/enus.stormassets/localizeddata/sounds/vo/medicbase_vox_castinge03.ogg	977c1b2761c9eeb56f2d30240145912a	11023
mods/heroes.stormmod/enus.stormassets/localizeddata/sounds/vo/medicbase_vox_castinge04.fxe	57c669fd95cdabf48becd8f6362a368c	1004
mods/heroes.stormmod/enus.stormassets/localizeddata/sounds/vo/medicbase_vox_castinge04.ogg	7d7c30ad1d15e158dd93ca96510bdf5b	9228
mods/heroes.stormmod/enus.stormassets/localizeddata/sounds/vo/medicbase_vox_castinge05.fxe	e12d473717a30d6999ef8380eaf648ed	1084
mods/heroes.stormmod/enus.stormassets/localizeddata/sounds/vo/medicbase_vox_castinge05.ogg	0ea280692720e47093e8379f7e21e6c6	11167
mods/heroes.stormmod/enus.stormassets/localizeddata/sounds/vo/medicbase_vox_castinge06.fxe	4a381b8a750764a01957fb0e49b0e204	1132
mods/heroes.stormmod/enus.stormassets/localizeddata/sounds/vo/medicbase_vox_castinge06.ogg	09ce5ab0c84504cb24f1bda792229169	10072
mods/heroes.stormmod/enus.stormassets/localizeddata/sounds/vo/medicbase_vox_castinge07.fxe	9eac13031dac7a373239b34a5b239002	1244
mods/heroes.stormmod/enus.stormassets/localizeddata/sounds/vo/medicbase_vox_castinge07.ogg	8380f57c2eb18f57cadfb0f8eb1ddc6a	9570
mods/heroes.stormmod/enus.stormassets/localizeddata/sounds/vo/medicbase_vox_castinge09.fxe	21c2613754be9bb5c887af950b43e704	1004
mods/heroes.stormmod/enus.stormassets/localizeddata/sounds/vo/medicbase_vox_castinge09.ogg	a38d456513327e729011828b2a00ac76	9655
mods/heroes.stormmod/enus.stormassets/localizeddata/sounds/vo/medicbase_vox_castingw04.fxe	905bf24837767934874cfb3af6a41648	652
mods/heroes.stormmod/enus.stormassets/localizeddata/sounds/vo/medicbase_vox_castingw04.ogg	d583337d938ed13f3332c5996704bfef	7069
mods/heroes.stormmod/enus.stormassets/localizeddata/sounds/vo/medicbase_vox_castingw05.fxe	fc0a0b26a80b48bcce3869947b2e3ee2	652
mods/heroes.stormmod/enus.stormassets/localizeddata/sounds/vo/medicbase_vox_castingw05.ogg	ccb1edd69f89869e811af9ecc86b3a83	6396
mods/heroes.stormmod/enus.stormassets/localizeddata/sounds/vo/medicbase_vox_castingw06.fxe	70e8227fa9cdc4c72882807b8d406eba	1036
mods/heroes.stormmod/enus.stormassets/localizeddata/sounds/vo/medicbase_vox_castingw06.ogg	8f61480633328a93ae2ef374b21aff6c	8229
mods/heroes.stormmod/enus.stormassets/localizeddata/sounds/vo/medicbase_vox_castingw07.fxe	f7e1030e5363b03b3967da30a3d11b0d	956
mods/heroes.stormmod/enus.stormassets/localizeddata/sounds/vo/medicbase_vox_castingw07.ogg	8aa17ab0e17e497cbb04b4869383d7be	7828
mods/heroes.stormmod/enus.stormassets/localizeddata/sounds/vo/medicbase_vox_castingw08.fxe	e9b1a8cdcbdc54340925b89c4b6b9fe6	1084
mods/heroes.stormmod/enus.stormassets/localizeddata/sounds/vo/medicbase_vox_castingw08.ogg	349b4e1a9b2a7ec308a600831e370a97	8021
mods/heroes.stormmod/enus.stormassets/localizeddata/sounds/vo/medicbase_vox_castingw09.fxe	6301979f89b6b0f7dab24d183127243f	780
mods/heroes.stormmod/enus.stormassets/localizeddata/sounds/vo/medicbase_vox_castingw09.ogg	ac2251ce417fa3256dcfc11a244726fa	7996
mods/heroes.stormmod/enus.stormassets/localizeddata/sounds/vo/medicbase_vox_cheer02.fxe	e59142da92dabd665524b9068e161724	1561
mods/heroes.stormmod/enus.stormassets/localizeddata/sounds/vo/medicbase_vox_cheer02.ogg	d8a62f699b3ef019199d2809667c20b0	12669
mods/heroes.stormmod/enus.stormassets/localizeddata/sounds/vo/medicbase_vox_cheer03.fxe	a5581f84a6aa7010eccbc1899088a1fa	1305
mods/heroes.stormmod/enus.stormassets/localizeddata/sounds/vo/medicbase_vox_cheer03.ogg	b8f824352085e977cd3ec38af1231ff3	10473
mods/heroes.stormmod/enus.stormassets/localizeddata/sounds/vo/medicbase_vox_cheer04.fxe	a34a0c991216747593351dd0958cd5aa	1017
mods/heroes.stormmod/enus.stormassets/localizeddata/sounds/vo/medicbase_vox_cheer04.ogg	afbde731eb9209a69d56252dafdbe096	8356
mods/heroes.stormmod/enus.stormassets/localizeddata/sounds/vo/medicbase_vox_cheer05.fxe	a0c3783af9e30dc0314c4b1bea02a848	1497
mods/heroes.stormmod/enus.stormassets/localizeddata/sounds/vo/medicbase_vox_cheer05.ogg	1acc6634de39942c1dec477cc4ac7d8e	10605
mods/heroes.stormmod/enus.stormassets/localizeddata/sounds/vo/medicbase_vox_cheer09.fxe	9b4b571076a4243a9e89e49dcd8b3f20	1161
mods/heroes.stormmod/enus.stormassets/localizeddata/sounds/vo/medicbase_vox_cheer09.ogg	00b7f3cf3e0d498e22e6648fb0a08952	10524
mods/heroes.stormmod/enus.stormassets/localizeddata/sounds/vo/medicbase_vox_gethitlarge00.fxe	6cb0073e8c9f95e0d9defe27e99d4639	1295
mods/heroes.stormmod/enus.stormassets/localizeddata/sounds/vo/medicbase_vox_gethitlarge00.ogg	94ab1eaa75e5094014b517f7d2b90e80	12465
mods/heroes.stormmod/enus.stormassets/localizeddata/sounds/vo/medicbase_vox_gethitlarge01.fxe	0aa3d5618da82bfb4f02ae1ee1b8216f	1167
mods/heroes.stormmod/enus.stormassets/localizeddata/sounds/vo/medicbase_vox_gethitlarge01.ogg	37d34a9abb8bed3e1300a71edba5c14a	11719
mods/heroes.stormmod/enus.stormassets/localizeddata/sounds/vo/medicbase_vox_gethitlarge02.fxe	5053844ceeca4863c989ca0d282f81ce	1279
mods/heroes.stormmod/enus.stormassets/localizeddata/sounds/vo/medicbase_vox_gethitlarge02.ogg	0e02eea55df786d780239df483d2796c	10156
mods/heroes.stormmod/enus.stormassets/localizeddata/sounds/vo/medicbase_vox_gethitlarge03.fxe	98d2c6472a232241ad5aaa2b5fdde5bf	719
mods/heroes.stormmod/enus.stormassets/localizeddata/sounds/vo/medicbase_vox_gethitlarge03.ogg	a6b02c92eee232978ebe2475efcdb3ab	11253
mods/heroes.stormmod/enus.stormassets/localizeddata/sounds/vo/medicbase_vox_gethitlarge04.fxe	341607dda3dce60a6e5c77b4a89190e4	1087
mods/heroes.stormmod/enus.stormassets/localizeddata/sounds/vo/medicbase_vox_gethitlarge04.ogg	334965838c1dbfe8c09ec3f8ebd3e4c4	11711
mods/heroes.stormmod/enus.stormassets/localizeddata/sounds/vo/medicbase_vox_gethitlarge05.fxe	e6c98a8571e101908bb1fe55702eccc8	1103
mods/heroes.stormmod/enus.stormassets/localizeddata/sounds/vo/medicbase_vox_gethitlarge05.ogg	f2db9975eb9a82841fc13b800c4f75bc	8599
mods/heroes.stormmod/enus.stormassets/localizeddata/sounds/vo/medicbase_vox_gethitlarge06.fxe	f30e6b2a56dda60ec14dbf10fdf08ff7	1039
mods/heroes.stormmod/enus.stormassets/localizeddata/sounds/vo/medicbase_vox_gethitlarge06.ogg	77808580d31796c26f905ade19b40c6b	10707
mods/heroes.stormmod/enus.stormassets/localizeddata/sounds/vo/medicbase_vox_gethitlarge07.fxe	a1fd328d536962cc5c34c84b15cbd02d	735
mods/heroes.stormmod/enus.stormassets/localizeddata/sounds/vo/medicbase_vox_gethitlarge07.ogg	e616b3551b8829b286285ac6f1ea7184	11331
mods/heroes.stormmod/enus.stormassets/localizeddata/sounds/vo/medicbase_vox_gethitlarge08.fxe	806773be244dbbc7ef294becb9fabfc6	703
mods/heroes.stormmod/enus.stormassets/localizeddata/sounds/vo/medicbase_vox_gethitlarge08.ogg	98b450a6251e8c4f07b3f466d57e1188	10077
mods/heroes.stormmod/enus.stormassets/localizeddata/sounds/vo/medicbase_vox_gethitlarge09.fxe	1682a758fd10507b216d55b5393afcf6	911
mods/heroes.stormmod/enus.stormassets/localizeddata/sounds/vo/medicbase_vox_gethitlarge09.ogg	0543626c7305bebb7530fc681f7335e8	9296
mods/heroes.stormmod/enus.stormassets/localizeddata/sounds/vo/medicbase_vox_gethitsmall00.fxe	cbdaec86be3ae83f8b5f3a534bb4c48b	655
mods/heroes.stormmod/enus.stormassets/localizeddata/sounds/vo/medicbase_vox_gethitsmall00.ogg	f0df18334a0f78dfd6f173967973ca00	7616
mods/heroes.stormmod/enus.stormassets/localizeddata/sounds/vo/medicbase_vox_gethitsmall01.fxe	3692f5783e90dd6995d10c71f96d2177	655
mods/heroes.stormmod/enus.stormassets/localizeddata/sounds/vo/medicbase_vox_gethitsmall01.ogg	4758658261706c55d5fa6c3dc31d5836	7306
mods/heroes.stormmod/enus.stormassets/localizeddata/sounds/vo/medicbase_vox_gethitsmall02.fxe	7d9c51aa13db1c41dd173c78110b265a	655
mods/heroes.stormmod/enus.stormassets/localizeddata/sounds/vo/medicbase_vox_gethitsmall02.ogg	b0676b2b35487ade36214f95ca1f162a	6272
mods/heroes.stormmod/enus.stormassets/localizeddata/sounds/vo/medicbase_vox_gethitsmall03.fxe	569c9a5fd633e1a15596d7520bf29df1	1151
mods/heroes.stormmod/enus.stormassets/localizeddata/sounds/vo/medicbase_vox_gethitsmall03.ogg	bc62b8479fb45d6b6b2e0636f136abb0	8042
mods/heroes.stormmod/enus.stormassets/localizeddata/sounds/vo/medicbase_vox_gethitsmall04.fxe	f698b26689f1e96c33bdc026bb25f17a	655
mods/heroes.stormmod/enus.stormassets/localizeddata/sounds/vo/medicbase_vox_gethitsmall04.ogg	89581e407079ee8e1bdb79ce1642d500	7451
mods/heroes.stormmod/enus.stormassets/localizeddata/sounds/vo/medicbase_vox_gethitsmall05.fxe	3d10bcbcc01c2bae80f3bda1c368030c	655
mods/heroes.stormmod/enus.stormassets/localizeddata/sounds/vo/medicbase_vox_gethitsmall05.ogg	1e8bc3bbfa30504f92af260850a72b60	6727
mods/heroes.stormmod/enus.stormassets/localizeddata/sounds/vo/medicbase_vox_gethitsmall06.fxe	22d605108f8d579dffdcd28feee7cb45	655
mods/heroes.stormmod/enus.stormassets/localizeddata/sounds/vo/medicbase_vox_gethitsmall06.ogg	6189cdccbaed8160719796c6dbd978a8	7420
mods/heroes.stormmod/enus.stormassets/localizeddata/sounds/vo/medicbase_vox_gethitsmall07.fxe	ce6de0db5aa7b2399387b83dbb5f5e4c	655
mods/heroes.stormmod/enus.stormassets/localizeddata/sounds/vo/medicbase_vox_gethitsmall07.ogg	3f65593997c88cca57d3d6112b2046f5	7357
mods/heroes.stormmod/enus.stormassets/localizeddata/sounds/vo/medicbase_vox_gethitsmall08.fxe	7f56dbcec85fdcceb8022e1f81232972	1167
mods/heroes.stormmod/enus.stormassets/localizeddata/sounds/vo/medicbase_vox_gethitsmall08.ogg	a82d7dcaf18c59fb392d4a9c80243283	8439
mods/heroes.stormmod/enus.stormassets/localizeddata/sounds/vo/medicbase_vox_gethitsmall09.fxe	de3054fa0dec9ceecd12ad99e6d03148	991
mods/heroes.stormmod/enus.stormassets/localizeddata/sounds/vo/medicbase_vox_gethitsmall09.ogg	033a4436793bc0b75b87c9ea48cea3c3	7858
mods/heroes.stormmod/enus.stormassets/localizeddata/sounds/vo/medicbase_vox_pulled00.fxe	a5f134ade26fdec31a70af8e012373c4	1146
mods/heroes.stormmod/enus.stormassets/localizeddata/sounds/vo/medicbase_vox_pulled00.ogg	38b02017884528f9960e4652ffc3a39e	9353
mods/heroes.stormmod/enus.stormassets/localizeddata/sounds/vo/medicbase_vox_pulled01.fxe	ab48328b09c826d6d5b5558f8c40eb25	1450
mods/heroes.stormmod/enus.stormassets/localizeddata/sounds/vo/medicbase_vox_pulled01.ogg	d84df512ca78e7df022d68a048b174b5	9730
mods/heroes.stormmod/enus.stormassets/localizeddata/sounds/vo/medicbase_vox_pulled04.fxe	fb9bd275876729cb6c243e98c2d1f717	1274
mods/heroes.stormmod/enus.stormassets/localizeddata/sounds/vo/medicbase_vox_pulled04.ogg	14d6a916a43628bdf4971e98dbcd2f8e	9866
mods/heroes.stormmod/enus.stormassets/localizeddata/sounds/vo/medicbase_vox_pulled08.fxe	01e4f91d310169a8aea678be72a215fb	1242
mods/heroes.stormmod/enus.stormassets/localizeddata/sounds/vo/medicbase_vox_pulled08.ogg	044950cd76a0fc0af46603f661af98fa	12019
mods/heroes.stormmod/enus.stormassets/localizeddata/sounds/vo/medicbase_vox_pulled09.fxe	3735c4c5cf1b774b9216f08d5f10d011	1114
mods/heroes.stormmod/enus.stormassets/localizeddata/sounds/vo/medicbase_vox_pulled09.ogg	54857bde2d602df8f2f377920db73c36	10356
mods/heroes.stormmod/enus.stormassets/localizeddata/sounds/vo/medicbase_worthit00.fxe	3e8705f32787e1d1d0b4bec8b79bf69a	1207
mods/heroes.stormmod/enus.stormassets/localizeddata/sounds/vo/medicbase_worthit00.ogg	21812e10a75be03a8d834ea143fb8e12	18219
mods/heroes.stormmod/enus.stormassets/localizeddata/sounds/vo/medicbase_worthit01.fxe	c94414ad3ab55e5d2fbaa764b38e5911	1447
mods/heroes.stormmod/enus.stormassets/localizeddata/sounds/vo/medicbase_worthit01.ogg	c5bac93b2fa6955d611c9b5194b611a6	16154
mods/heroes.stormmod/enus.stormassets/localizeddata/sounds/vo/medicbase_yes00.fxe	1dea33d06396742aaf58dfd56c9ae978	1427
mods/heroes.stormmod/enus.stormassets/localizeddata/sounds/vo/medicbase_yes00.ogg	b006bd8633fffaae50b70d642136cea5	15890
mods/heroes.stormmod/enus.stormassets/localizeddata/sounds/vo/medicbase_yes01.fxe	30c36daab63732a7ba06b9472bc7613c	1587
mods/heroes.stormmod/enus.stormassets/localizeddata/sounds/vo/medicbase_yes01.ogg	7b2c1f58c38c118ccedf608c399bd79c	13512
mods/heroes.stormmod/enus.stormassets/localizeddata/sounds/vo/medicbase_yes02.fxe	bcfcee44c3fc4debaebc668a3872e794	1491
mods/heroes.stormmod/enus.stormassets/localizeddata/sounds/vo/medicbase_yes02.ogg	44ea071afb6921dea2b8981cb4aba565	15425
mods/heroes.stormmod/enus.stormassets/localizeddata/sounds/vo/medicbase_yes03.fxe	45be0e69ed428b7b6d7eb25f945acaf4	1443
mods/heroes.stormmod/enus.stormassets/localizeddata/sounds/vo/medicbase_yes03.ogg	b4c70a3e3514428f2db332999f208f7f	21495
mods/heroes.stormmod/enus.stormassets/localizeddata/sounds/vo/medicbase_yes04.fxe	a0c420e05f0845abfa90400118cf3247	1427
mods/heroes.stormmod/enus.stormassets/localizeddata/sounds/vo/medicbase_yes04.ogg	cd842e1e2204dfd6e3e2d86e84e98ca3	15396
mods/heroes.stormmod/enus.stormassets/localizeddata/sounds/vo/medicbase_yes05.fxe	c6568c42666cfb46a2c1c3f692c1e21e	1715
mods/heroes.stormmod/enus.stormassets/localizeddata/sounds/vo/medicbase_yes05.ogg	d160d038fcfb6f1c3c0b97f3a26cc87f	14785
mods/heroes.stormmod/enus.stormassets/localizeddata/sounds/vo/medicbase_yes06.fxe	44521802674933b81330d2a5a436d856	2483
mods/heroes.stormmod/enus.stormassets/localizeddata/sounds/vo/medicbase_yes06.ogg	a65a8cd03775a7be4b14c6be507a46b1	23597
mods/heroes.stormmod/enus.stormassets/localizeddata/sounds/vo/medicbase_yes07.fxe	203752521c1c6e898e7d038055adae37	1491
mods/heroes.stormmod/enus.stormassets/localizeddata/sounds/vo/medicbase_yes07.ogg	2df4690c1da6db22726e3ebb1fbd993b	15938
mods/heroes.stormmod/enus.stormassets/localizeddata/sounds/vo/medicbase_yes08.fxe	4e5c39b30027b994ce2f0ab309fc7436	995
mods/heroes.stormmod/enus.stormassets/localizeddata/sounds/vo/medicbase_yes08.ogg	4fbcd36ab2c44716930792e60a4f4d33	11642
mods/heroes.stormmod/enus.stormassets/localizeddata/sounds/vo/medicbase_yes09.fxe	48326118845b5a4fa29d901b4a2bd4fa	1155
mods/heroes.stormmod/enus.stormassets/localizeddata/sounds/vo/medicbase_yes09.ogg	346bf5fa7b1210f7b96947f2b26f91df	11620
mods/heroes.stormmod/enus.stormassets/localizeddata/sounds/vo/medicenforcer_ai_attack00.ogg	63fe8b37dad64eb64837fad9ca684f76	31069
mods/heroes.stormmod/enus.stormassets/localizeddata/sounds/vo/medicenforcer_ai_attack01.ogg	79a41302768271c9a47b1f33106670c9	20797
mods/heroes.stormmod/enus.stormassets/localizeddata/sounds/vo/medicenforcer_ai_attack02.ogg	6b33925fcaaeaa2268e63d258f9fd601	27779
mods/heroes.stormmod/enus.stormassets/localizeddata/sounds/vo/medicenforcer_ai_caution00.ogg	3a9054e41bcc8e9eb577a17f78b2416d	25114
mods/heroes.stormmod/enus.stormassets/localizeddata/sounds/vo/medicenforcer_ai_goodjob00.ogg	7926a343bc2f7598b362b95646ea6796	21904
mods/heroes.stormmod/enus.stormassets/localizeddata/sounds/vo/medicenforcer_ai_goodjob01.ogg	76302a34b28a8aa96b773487f9b08336	26957
mods/heroes.stormmod/enus.stormassets/localizeddata/sounds/vo/medicenforcer_ai_goodjob02.ogg	730da9c554b5230d80ba1abb041b7459	11527
mods/heroes.stormmod/enus.stormassets/localizeddata/sounds/vo/medicenforcer_ai_heal00.ogg	6e732c9a6104ac3b5ff7c01cd8c8040d	33879
mods/heroes.stormmod/enus.stormassets/localizeddata/sounds/vo/medicenforcer_ai_heal01.ogg	30a9faae781915352d11bf41abfee028	28279
mods/heroes.stormmod/enus.stormassets/localizeddata/sounds/vo/medicenforcer_ai_retreat00.ogg	24dcf3cd778d1e3dffadf530f91f9149	26860
mods/heroes.stormmod/enus.stormassets/localizeddata/sounds/vo/medicenforcer_ai_retreat01.ogg	335c8ab5ded8a08fef5c477974125580	28319
mods/heroes.stormmod/enus.stormassets/localizeddata/sounds/vo/medicenforcer_ai_uhoh00.ogg	8703cbb2068483c85bb126359fd903d2	17997
mods/heroes.stormmod/enus.stormassets/localizeddata/sounds/vo/medicenforcer_ai_uhoh01.ogg	efd7e8ab2ca244f5d472927bd92081c2	14567
mods/heroes.stormmod/enus.stormassets/localizeddata/sounds/vo/medicenforcer_ai_uhoh02.ogg	30e627a727548c4424470b6ce78a2418	24631
mods/heroes.stormmod/enus.stormassets/localizeddata/sounds/vo/medicenforcer_attack00.ogg	541d363317ee4c036cf6bb86b86a5fdd	23624
mods/heroes.stormmod/enus.stormassets/localizeddata/sounds/vo/medicenforcer_attack01.ogg	cdcc4aeb273ba652ec5c52ed09786fe1	16468
mods/heroes.stormmod/enus.stormassets/localizeddata/sounds/vo/medicenforcer_attack02.ogg	1e1f17b51acf3740cede7f7ba5d28f1a	30462
mods/heroes.stormmod/enus.stormassets/localizeddata/sounds/vo/medicenforcer_attack03.ogg	729da0f956e7aa4fe3130c6d4fbd3a01	18213
mods/heroes.stormmod/enus.stormassets/localizeddata/sounds/vo/medicenforcer_attack04.ogg	921cc1bc601acd7591272f777457fcf0	27984
mods/heroes.stormmod/enus.stormassets/localizeddata/sounds/vo/medicenforcer_attack05.ogg	5240956bc6261837a6f17af0f3bdaef2	20674
mods/heroes.stormmod/enus.stormassets/localizeddata/sounds/vo/medicenforcer_attack06.ogg	559ccf8db80ae4c4f70a8575fb4b443a	17848
mods/heroes.stormmod/enus.stormassets/localizeddata/sounds/vo/medicenforcer_celebrate00.ogg	ca6cb43f47174f2a0d065122032001a5	21880
mods/heroes.stormmod/enus.stormassets/localizeddata/sounds/vo/medicenforcer_celebrate01.ogg	47bb78c64b5bc64e9dac81df90ccfccb	26283
mods/heroes.stormmod/enus.stormassets/localizeddata/sounds/vo/medicenforcer_celebrate02.ogg	a7c6c036f98b52adc23f967d91705ca5	22211
mods/heroes.stormmod/enus.stormassets/localizeddata/sounds/vo/medicenforcer_comeback00.ogg	a57700dbfc89481b2fd68f16502d9033	21345
mods/heroes.stormmod/enus.stormassets/localizeddata/sounds/vo/medicenforcer_death00_01.wav	0bb987aaef15ccd8051da91a76ee64a2	48444
mods/heroes.stormmod/enus.stormassets/localizeddata/sounds/vo/medicenforcer_death00_02.wav	393ce8bc92d739eab75e4c618d5e6042	46652
mods/heroes.stormmod/enus.stormassets/localizeddata/sounds/vo/medicenforcer_death00_05.wav	e2a4155b2ed26481ba3f69d773922231	32572
mods/heroes.stormmod/enus.stormassets/localizeddata/sounds/vo/medicenforcer_death00_06.wav	796a28dae47044d4832e9c3cefe5d2b4	33340
mods/heroes.stormmod/enus.stormassets/localizeddata/sounds/vo/medicenforcer_death00_07.wav	b23ffde417d85aa4b4c5d3fe13b1f0a2	42812
mods/heroes.stormmod/enus.stormassets/localizeddata/sounds/vo/medicenforcer_death00_10.wav	2095d0b1a0e1682529034cf834250a23	61500
mods/heroes.stormmod/enus.stormassets/localizeddata/sounds/vo/medicenforcer_healed00.ogg	09b6044cad65c5cb604678da24efe7f4	28838
mods/heroes.stormmod/enus.stormassets/localizeddata/sounds/vo/medicenforcer_healed01.ogg	8ce0987099d6ea05758eaf105f047103	28492
mods/heroes.stormmod/enus.stormassets/localizeddata/sounds/vo/medicenforcer_healed02.ogg	88b02093f57498350f2f8471bbfa935a	29323
mods/heroes.stormmod/enus.stormassets/localizeddata/sounds/vo/medicenforcer_introagree00.ogg	f3f1f92dbd0b990e5160362031df44f1	20859
mods/heroes.stormmod/enus.stormassets/localizeddata/sounds/vo/medicenforcer_introagree01.ogg	1ab73edb4dedbd79aca1dcffee929fe9	16139
mods/heroes.stormmod/enus.stormassets/localizeddata/sounds/vo/medicenforcer_introagree02.ogg	ad7afb54794d20a06b771df7a8e6522a	20107
mods/heroes.stormmod/enus.stormassets/localizeddata/sounds/vo/medicenforcer_introboast00.ogg	aee2ed68c10ef7550dca009a9eb4577e	37447
mods/heroes.stormmod/enus.stormassets/localizeddata/sounds/vo/medicenforcer_introboast01.ogg	07638fa312a9ba5175b08556ba4ba452	36473
mods/heroes.stormmod/enus.stormassets/localizeddata/sounds/vo/medicenforcer_introquestion00.ogg	613dae68eb0878e7b27386c49bb733dc	20306
mods/heroes.stormmod/enus.stormassets/localizeddata/sounds/vo/medicenforcer_introquestion01.ogg	794405bf00c3a5316677b8da86da5612	24056
mods/heroes.stormmod/enus.stormassets/localizeddata/sounds/vo/medicenforcer_introquestion_kerrigan00.ogg	168c22bece18981ed6e3ecae0cf1d4e7	29749
mods/heroes.stormmod/enus.stormassets/localizeddata/sounds/vo/medicenforcer_introquestion_murky00.ogg	4f7f55905e7b6bf005013a1477c9c357	78885
mods/heroes.stormmod/enus.stormassets/localizeddata/sounds/vo/medicenforcer_introquestion_negative00.ogg	845df4c387d967de70f1cc8698ab38fc	24611
mods/heroes.stormmod/enus.stormassets/localizeddata/sounds/vo/medicenforcer_introquestion_positive00.ogg	51d1729225d9c3ee97bc97cf1b9364d6	36023
mods/heroes.stormmod/enus.stormassets/localizeddata/sounds/vo/medicenforcer_introquestion_protoss00.ogg	e72786e1b437461b1664d2870df559df	25234
mods/heroes.stormmod/enus.stormassets/localizeddata/sounds/vo/medicenforcer_introquestion_raynor00.ogg	b6696bd07859093e842725bc1ad1a627	25348
mods/heroes.stormmod/enus.stormassets/localizeddata/sounds/vo/medicenforcer_introquestion_sgthammer00.ogg	d018139f2abf73f879a5db77a5a0e90b	39192
mods/heroes.stormmod/enus.stormassets/localizeddata/sounds/vo/medicenforcer_introquestion_tychus00.ogg	d6fb4dd67311676a31070c0946b46606	36597
mods/heroes.stormmod/enus.stormassets/localizeddata/sounds/vo/medicenforcer_introquestion_undead00.ogg	57cbeecabf4fe1c8f233dcf54b1b9487	48232
mods/heroes.stormmod/enus.stormassets/localizeddata/sounds/vo/medicenforcer_introquestion_zerg00.ogg	9b040765b15353ce14fe5e7c6b5ec6b3	36640
mods/heroes.stormmod/enus.stormassets/localizeddata/sounds/vo/medicenforcer_introrespond00.ogg	650349c10407f45a22d221cef57d9fc7	34487
mods/heroes.stormmod/enus.stormassets/localizeddata/sounds/vo/medicenforcer_introrespond01.ogg	8167ca01de82fddbc194ba09aa69113f	20423
mods/heroes.stormmod/enus.stormassets/localizeddata/sounds/vo/medicenforcer_introrespond02.ogg	0bae23db5c0b49ca447f5de51cb4bf34	17843
mods/heroes.stormmod/enus.stormassets/localizeddata/sounds/vo/medicenforcer_introresponse_angry00.ogg	9ffcdb63667b1fc73976d75ff09cea49	33908
mods/heroes.stormmod/enus.stormassets/localizeddata/sounds/vo/medicenforcer_introresponse_begrudging00.ogg	1ab03dc4dde21f1a62701aaa52bb70ad	34122
mods/heroes.stormmod/enus.stormassets/localizeddata/sounds/vo/medicenforcer_introresponse_dismissive00.ogg	1fa067ae07a5ca54a6f55e294971f968	15989
mods/heroes.stormmod/enus.stormassets/localizeddata/sounds/vo/medicenforcer_introresponse_insult00.ogg	687e6f702c39fc004eab789395ef2625	66222
mods/heroes.stormmod/enus.stormassets/localizeddata/sounds/vo/medicenforcer_introresponse_kerrigan00.ogg	0dd1db80d5d380a110ef649d11bd8938	33246
mods/heroes.stormmod/enus.stormassets/localizeddata/sounds/vo/medicenforcer_introresponse_mediclove00.ogg	c527431cc76b506bc1ad1b49c159eb24	24749
mods/heroes.stormmod/enus.stormassets/localizeddata/sounds/vo/medicenforcer_introresponse_murky00.ogg	8b4c659cb3f7cdf26fdbd0ae8e3cde0c	54357
mods/heroes.stormmod/enus.stormassets/localizeddata/sounds/vo/medicenforcer_introresponse_positive00.ogg	21c13862f1d883e61e68365e5a128f2f	14747
mods/heroes.stormmod/enus.stormassets/localizeddata/sounds/vo/medicenforcer_introresponse_protoss00.ogg	9036ec92dfe8ca3cbdd241166b09585c	28883
mods/heroes.stormmod/enus.stormassets/localizeddata/sounds/vo/medicenforcer_introresponse_sarcastic00.ogg	b0e3814bc01d6cbfd795885c79a5267f	40229
mods/heroes.stormmod/enus.stormassets/localizeddata/sounds/vo/medicenforcer_introresponse_tychus00.ogg	b657d43be8d6be92b2d60a02cf32277b	26366
mods/heroes.stormmod/enus.stormassets/localizeddata/sounds/vo/medicenforcer_introresponse_undead00.ogg	3e187d40f701f5591d203ce456256af5	35707
mods/heroes.stormmod/enus.stormassets/localizeddata/sounds/vo/medicenforcer_introresponse_weird00.ogg	0085bae8b111503246bd4978551ea307	37061
mods/heroes.stormmod/enus.stormassets/localizeddata/sounds/vo/medicenforcer_introresponse_zerg00.ogg	e94c44bb2e7b2f7378a759c4335ed066	34038
mods/heroes.stormmod/enus.stormassets/localizeddata/sounds/vo/medicenforcer_kill00.ogg	b3813c4503ce8354d16a60cbbf22a07b	23377
mods/heroes.stormmod/enus.stormassets/localizeddata/sounds/vo/medicenforcer_kill01.ogg	dca28f7c5684f2306049dd8c10bc4558	23005
mods/heroes.stormmod/enus.stormassets/localizeddata/sounds/vo/medicenforcer_kill02.ogg	c0a6914b822262888006950b111fd1a5	28779
mods/heroes.stormmod/enus.stormassets/localizeddata/sounds/vo/medicenforcer_kill03.ogg	090eb9a5d3f8b93357f453b71695bf95	24205
mods/heroes.stormmod/enus.stormassets/localizeddata/sounds/vo/medicenforcer_kill04.ogg	f7bfd6749838ed4fd1db4b5c87d91cec	26694
mods/heroes.stormmod/enus.stormassets/localizeddata/sounds/vo/medicenforcer_killkerrigan00.ogg	6d828f3bcc7618836e0befe320023b82	28617
mods/heroes.stormmod/enus.stormassets/localizeddata/sounds/vo/medicenforcer_killmedic00.ogg	d2b99e8dcb059c8452eb77cf68f5aeee	25514
mods/heroes.stormmod/enus.stormassets/localizeddata/sounds/vo/medicenforcer_killpandaren00.ogg	b92040f7d978d2c7c8846d6458b4fd72	28959
mods/heroes.stormmod/enus.stormassets/localizeddata/sounds/vo/medicenforcer_killprotoss00.ogg	52f2bd307531e90957ef481a51e9f842	30076
mods/heroes.stormmod/enus.stormassets/localizeddata/sounds/vo/medicenforcer_killraynor00.ogg	ed9bc8613825888affb2c3741d325b13	16029
mods/heroes.stormmod/enus.stormassets/localizeddata/sounds/vo/medicenforcer_killspreeend00.ogg	a6702e264d9971af6e35ccbad5dc6981	32305
mods/heroes.stormmod/enus.stormassets/localizeddata/sounds/vo/medicenforcer_killterran00.ogg	e39cf49bd6b00ced668a0b8b43c08e77	25053
mods/heroes.stormmod/enus.stormassets/localizeddata/sounds/vo/medicenforcer_killweird00.ogg	d59b29a8cd58987cd92481c2e2d18d41	22092
mods/heroes.stormmod/enus.stormassets/localizeddata/sounds/vo/medicenforcer_killweird01.ogg	505da54e8b05da9cc7e5c6971a192c5a	40129
mods/heroes.stormmod/enus.stormassets/localizeddata/sounds/vo/medicenforcer_killweird02.ogg	1758adf7ab7d231f414a27034dcf53df	33280
mods/heroes.stormmod/enus.stormassets/localizeddata/sounds/vo/medicenforcer_killwitchdoctor00.ogg	ebc976bc4ccef08ed0730615d609657d	22598
mods/heroes.stormmod/enus.stormassets/localizeddata/sounds/vo/medicenforcer_killzerg00.ogg	b62d7819903ed14152d17405e117aa23	37529
mods/heroes.stormmod/enus.stormassets/localizeddata/sounds/vo/medicenforcer_laugh00_02.ogg	fb4d00bd407dba92ff9e7be986f86f84	14115
mods/heroes.stormmod/enus.stormassets/localizeddata/sounds/vo/medicenforcer_laugh00_08.ogg	235a879a65265ea8d9262ce23064f685	14180
mods/heroes.stormmod/enus.stormassets/localizeddata/sounds/vo/medicenforcer_laugh00_09.ogg	e8639ba4bf83612b3d54e8e1d1fbfeac	17945
mods/heroes.stormmod/enus.stormassets/localizeddata/sounds/vo/medicenforcer_laugh00_10.ogg	f92a14262c6098b3bf9da035942a3d44	20471
mods/heroes.stormmod/enus.stormassets/localizeddata/sounds/vo/medicenforcer_lowlifeheal00.ogg	54bf22d116a941580bd43f7eaf8415a3	25529
mods/heroes.stormmod/enus.stormassets/localizeddata/sounds/vo/medicenforcer_lowlifeheal01.ogg	df0339ea50b64d65f85dfe43dadb1c69	30632
mods/heroes.stormmod/enus.stormassets/localizeddata/sounds/vo/medicenforcer_lowlifeheal02.ogg	83bf102fbc74c785c164bb6262e5295c	27356
mods/heroes.stormmod/enus.stormassets/localizeddata/sounds/vo/medicenforcer_lowmana00.ogg	b55cf2c0ce8392dae1e70c201ce0a4fa	16630
mods/heroes.stormmod/enus.stormassets/localizeddata/sounds/vo/medicenforcer_lowmana01.ogg	a34a758ed251de5b94a468c77ae32bdc	19776
mods/heroes.stormmod/enus.stormassets/localizeddata/sounds/vo/medicenforcer_lowmana02.ogg	0251433bf9f9b1b2a592df39f6e306d4	17266
mods/heroes.stormmod/enus.stormassets/localizeddata/sounds/vo/medicenforcer_no00.ogg	ee99b09bd89eb3446e129787f3dd2644	14802
mods/heroes.stormmod/enus.stormassets/localizeddata/sounds/vo/medicenforcer_no01.ogg	8c826b041cdeb100c3ecfb74c7c29213	24195
mods/heroes.stormmod/enus.stormassets/localizeddata/sounds/vo/medicenforcer_no02.ogg	599a9aa9ee44ce9edfc1aa9f61aacf9b	18922
mods/heroes.stormmod/enus.stormassets/localizeddata/sounds/vo/medicenforcer_ping_assisthero00.ogg	163e2de358c77a004b2a0dc6368cea44	22088
mods/heroes.stormmod/enus.stormassets/localizeddata/sounds/vo/medicenforcer_ping_assistme00.ogg	70d38216ed4d7252835b140552503dfa	20021
mods/heroes.stormmod/enus.stormassets/localizeddata/sounds/vo/medicenforcer_ping_assistme01.ogg	e1df8599dc571b34f503d407087b22b5	21714
mods/heroes.stormmod/enus.stormassets/localizeddata/sounds/vo/medicenforcer_ping_attackcastle00.ogg	7ea989fe7d7786b67e6e63f79cd1637f	17289
mods/heroes.stormmod/enus.stormassets/localizeddata/sounds/vo/medicenforcer_ping_attackmerc00.ogg	102b79ae16c266a9a513bb6af34f0f96	20832
mods/heroes.stormmod/enus.stormassets/localizeddata/sounds/vo/medicenforcer_ping_attackoutpost00.ogg	63d413d407b0ede8706087485eff81f0	23998
mods/heroes.stormmod/enus.stormassets/localizeddata/sounds/vo/medicenforcer_ping_attacktower00.ogg	85f6046bc2fdfaeb64a6d40b689e2f85	23204
mods/heroes.stormmod/enus.stormassets/localizeddata/sounds/vo/medicenforcer_ping_defendcastle00.ogg	00ed92d3edf9cbcb06b2413cd13b6617	16058
mods/heroes.stormmod/enus.stormassets/localizeddata/sounds/vo/medicenforcer_ping_defendoutpost00.ogg	97201672b994ffb326d722f4ffe1fb12	21968
mods/heroes.stormmod/enus.stormassets/localizeddata/sounds/vo/medicenforcer_ping_defendtower00.ogg	8277462ef84d243bd8005f7418fb0052	32856
mods/heroes.stormmod/enus.stormassets/localizeddata/sounds/vo/medicenforcer_ping_killhero00.ogg	921cc07662dc0f8f0300c82eafc0ff5d	30275
mods/heroes.stormmod/enus.stormassets/localizeddata/sounds/vo/medicenforcer_pissed00.ogg	2935c45b717f439f0221a3e035526948	18834
mods/heroes.stormmod/enus.stormassets/localizeddata/sounds/vo/medicenforcer_pissed01.ogg	78c0a5a739f23814ffaf51557e07f898	28681
mods/heroes.stormmod/enus.stormassets/localizeddata/sounds/vo/medicenforcer_pissed02.ogg	bfb9497716127c4fb0e4319830455d63	71138
mods/heroes.stormmod/enus.stormassets/localizeddata/sounds/vo/medicenforcer_pissed03.ogg	cb87632593313e8fbd2fd09e69326a78	92273
mods/heroes.stormmod/enus.stormassets/localizeddata/sounds/vo/medicenforcer_pissed04.ogg	502c1ee376741a05dbf87643f45a3680	77679
mods/heroes.stormmod/enus.stormassets/localizeddata/sounds/vo/medicenforcer_pissed05.ogg	1e5b1e87437d48440f3ee60b6252226e	66153
mods/heroes.stormmod/enus.stormassets/localizeddata/sounds/vo/medicenforcer_pissed06.ogg	1ac729105ab30bedf9a48975810b9c88	63332
mods/heroes.stormmod/enus.stormassets/localizeddata/sounds/vo/medicenforcer_pissed07.ogg	d73556f13a38b6167d9711bd4f90384e	65462
mods/heroes.stormmod/enus.stormassets/localizeddata/sounds/vo/medicenforcer_pissed08.ogg	fb62abf2c2de96bf3252e14a081881aa	60731
mods/heroes.stormmod/enus.stormassets/localizeddata/sounds/vo/medicenforcer_pissed09.ogg	e2da4495e5d95eb35a8ba4e53051dfe8	66696
mods/heroes.stormmod/enus.stormassets/localizeddata/sounds/vo/medicenforcer_pissed10.ogg	2b375c1a235876b2049a9bd086371ca0	72291
mods/heroes.stormmod/enus.stormassets/localizeddata/sounds/vo/medicenforcer_pissed11.ogg	ec2748e9cb737f1401a269aa3e37f28a	67881
mods/heroes.stormmod/enus.stormassets/localizeddata/sounds/vo/medicenforcer_pissed12.ogg	df24ac097072cd61eaf53a4f77f15513	109656
mods/heroes.stormmod/enus.stormassets/localizeddata/sounds/vo/medicenforcer_pissed13.ogg	922cf41f14ddae4d657132b6bc0b2bac	105560
mods/heroes.stormmod/enus.stormassets/localizeddata/sounds/vo/medicenforcer_pissed14.ogg	3907d7729f2a88fdb7c99ecc900a2bde	110878
mods/heroes.stormmod/enus.stormassets/localizeddata/sounds/vo/medicenforcer_pissed15.ogg	35f0827b63d88b22b3924d427d2b1afa	103262
mods/heroes.stormmod/enus.stormassets/localizeddata/sounds/vo/medicenforcer_pissed16.ogg	ad6172b8d75f98a8c6594c8f53538126	44072
mods/heroes.stormmod/enus.stormassets/localizeddata/sounds/vo/medicenforcer_resurrected00.ogg	4cec1a404925a16e401bcfae4b5f71d5	27591
mods/heroes.stormmod/enus.stormassets/localizeddata/sounds/vo/medicenforcer_resurrected01.ogg	6ec630f42ed2450f45e3d5efeb9f67a9	26452
mods/heroes.stormmod/enus.stormassets/localizeddata/sounds/vo/medicenforcer_revive00.ogg	02dde7896ee6f139ae1e87ba2e3a4407	31714
mods/heroes.stormmod/enus.stormassets/localizeddata/sounds/vo/medicenforcer_revive01.ogg	d7c2d852ebfa16acfa43e3fe86af9538	22310
mods/heroes.stormmod/enus.stormassets/localizeddata/sounds/vo/medicenforcer_revive02.ogg	0d063161b5ced20a6540c780a35ac39e	31017
mods/heroes.stormmod/enus.stormassets/localizeddata/sounds/vo/medicenforcer_social_thanks00.ogg	242bc9c05caa1fcf435a5c090483ac25	19100
mods/heroes.stormmod/enus.stormassets/localizeddata/sounds/vo/medicenforcer_spec00.ogg	4a1edde9be40ca0aa7781ff62677dc4b	17241
mods/heroes.stormmod/enus.stormassets/localizeddata/sounds/vo/medicenforcer_spec01.ogg	0241f9d074f68c9abe7873fec57bec37	38181
mods/heroes.stormmod/enus.stormassets/localizeddata/sounds/vo/medicenforcer_spec02.ogg	c4e124210298938f61ef0371c527ff25	31558
mods/heroes.stormmod/enus.stormassets/localizeddata/sounds/vo/medicenforcer_spec03.ogg	66f8e1855648536bc0262cf745907817	28935
mods/heroes.stormmod/enus.stormassets/localizeddata/sounds/vo/medicenforcer_spec04.ogg	8a6680b9a0b0901fc009e1f2024a51ef	21366
mods/heroes.stormmod/enus.stormassets/localizeddata/sounds/vo/medicenforcer_taunt00.ogg	ff0383a5d02a845b4c7c5c408c88b94d	34584
mods/heroes.stormmod/enus.stormassets/localizeddata/sounds/vo/medicenforcer_taunt01.ogg	0528233a390dfff93cce8db8a9aae732	53378
mods/heroes.stormmod/enus.stormassets/localizeddata/sounds/vo/medicenforcer_taunt02.ogg	37f8f0b3c6ad59d5b45f34c116bbff6c	37426
mods/heroes.stormmod/enus.stormassets/localizeddata/sounds/vo/medicenforcer_teamkilled00.ogg	532631a097267333d1284b1577ead367	28202
mods/heroes.stormmod/enus.stormassets/localizeddata/sounds/vo/medicenforcer_ui_exlocked00.ogg	8f4f4dcb084bd5b28533efc4c4c6d1e1	27321
mods/heroes.stormmod/enus.stormassets/localizeddata/sounds/vo/medicenforcer_ui_expurchased00.ogg	f4ddd163d24f7ed5f933358d8bd9add1	27820
mods/heroes.stormmod/enus.stormassets/localizeddata/sounds/vo/medicenforcer_ui_gift00.ogg	c397ad19c4919e77a7b3c299e7abd4a2	17259
mods/heroes.stormmod/enus.stormassets/localizeddata/sounds/vo/medicenforcer_ui_lockin00.ogg	1f2cc0ade2763c00b30baa76b51d33ad	19578
mods/heroes.stormmod/enus.stormassets/localizeddata/sounds/vo/medicenforcer_ui_purchase00.ogg	92bc6b24577fc4070f2d88ce9ebad4d8	19048
mods/heroes.stormmod/enus.stormassets/localizeddata/sounds/vo/medicenforcer_ui_trial00.ogg	82004d6910ad72a68a4e671ebbfb129a	35614
mods/heroes.stormmod/enus.stormassets/localizeddata/sounds/vo/medicenforcer_ui_trial01.ogg	a286f1e1b2894a98a3e5df197ee20c6c	19719
mods/heroes.stormmod/enus.stormassets/localizeddata/sounds/vo/medicenforcer_ui_waitlocked00.ogg	ebf946edab859ed7e4b95e0ab5525cad	18459
mods/heroes.stormmod/enus.stormassets/localizeddata/sounds/vo/medicenforcer_ui_waitlocked01.ogg	dfa2ef5d6eb69f2d5cd190e0aeb59737	22841
mods/heroes.stormmod/enus.stormassets/localizeddata/sounds/vo/medicenforcer_ui_waitpurchased00.ogg	bd6be9c05ef24a4e4b3b0acaebaca786	40125
mods/heroes.stormmod/enus.stormassets/localizeddata/sounds/vo/medicenforcer_ui_waitpurchased01.ogg	2bd19cbcf20d7a482fa22dfa51b61040	57475
mods/heroes.stormmod/enus.stormassets/localizeddata/sounds/vo/medicenforcer_ultimate1used00.ogg	079d382c93e0a1418ab415e4dd15de06	18899
mods/heroes.stormmod/enus.stormassets/localizeddata/sounds/vo/medicenforcer_ultimate1used01.ogg	f2b4962c01d74151915910326af3ed81	14516
mods/heroes.stormmod/enus.stormassets/localizeddata/sounds/vo/medicenforcer_ultimate1used02.ogg	b0d2bd8472763d2443f1506145090185	15850
mods/heroes.stormmod/enus.stormassets/localizeddata/sounds/vo/medicenforcer_ultimate1used03.ogg	125718cf8ba10398393061a0056f81e3	19061
mods/heroes.stormmod/enus.stormassets/localizeddata/sounds/vo/medicenforcer_ultimate1used04.ogg	ed38c6b97bafd3c2cd359b0c5c7d3d59	22451
mods/heroes.stormmod/enus.stormassets/localizeddata/sounds/vo/medicenforcer_ultimate2used00.ogg	68f1361f89a9a711719ba688961eb503	23235
mods/heroes.stormmod/enus.stormassets/localizeddata/sounds/vo/medicenforcer_ultimate2used01.ogg	fb422a2c9e39dca876076193191b6ad8	22934
mods/heroes.stormmod/enus.stormassets/localizeddata/sounds/vo/medicenforcer_ultimate2used02.ogg	31f2225219b0ba0b68b669bc7033192b	21161
mods/heroes.stormmod/enus.stormassets/localizeddata/sounds/vo/medicenforcer_ultimate2used03.ogg	6325585a990a8e754e574678dad59517	22074
mods/heroes.stormmod/enus.stormassets/localizeddata/sounds/vo/medicenforcer_ultimate2used_friendly00.ogg	791c477ee1db6bbe3994660308bcf423	23304
mods/heroes.stormmod/enus.stormassets/localizeddata/sounds/vo/medicenforcer_ultimate2used_friendly01.ogg	2aa487339c969644147379783fb1ca99	22841
mods/heroes.stormmod/enus.stormassets/localizeddata/sounds/vo/medicenforcer_ultimate2used_friendly02.ogg	d1d61e797f25dabec42d09bd53dd0d46	21129
mods/heroes.stormmod/enus.stormassets/localizeddata/sounds/vo/medicenforcer_ultimate2used_friendly03.ogg	716e16c653f160f6fbccdc60492cb82b	22112
mods/heroes.stormmod/enus.stormassets/localizeddata/sounds/vo/medicenforcer_voicelinefive00.ogg	465b942e8896042709a0bc8e62ccae82	28721
mods/heroes.stormmod/enus.stormassets/localizeddata/sounds/vo/medicenforcer_voicelinefour00.ogg	c3328d4eb29ffdf510a3018273004fb4	29875
mods/heroes.stormmod/enus.stormassets/localizeddata/sounds/vo/medicenforcer_voicelineone00.ogg	09f5988305a03ed8d0b883ba58871c1c	21669
mods/heroes.stormmod/enus.stormassets/localizeddata/sounds/vo/medicenforcer_voicelinethree00.ogg	b5bad8019a2a6e867319751f3998031a	29364
mods/heroes.stormmod/enus.stormassets/localizeddata/sounds/vo/medicenforcer_voicelinetwo00.ogg	e9ab070995ef9dd4e9c85654963806a4	30487
mods/heroes.stormmod/enus.stormassets/localizeddata/sounds/vo/medicenforcer_vox_attack00.ogg	a7ba0d3e37353896de33681677d91859	8199
mods/heroes.stormmod/enus.stormassets/localizeddata/sounds/vo/medicenforcer_vox_attack01.ogg	0d741380ad78371eb993f286c2deb90c	6946
mods/heroes.stormmod/enus.stormassets/localizeddata/sounds/vo/medicenforcer_vox_attack02.ogg	3d2e66e99189ab265650e1285afc828d	8788
mods/heroes.stormmod/enus.stormassets/localizeddata/sounds/vo/medicenforcer_vox_attack03.ogg	2b734a1408525c16a4fad0fd46a60555	7802
mods/heroes.stormmod/enus.stormassets/localizeddata/sounds/vo/medicenforcer_vox_attack04.ogg	5ced6686379eaafdb86a353d9dba8fea	7425
mods/heroes.stormmod/enus.stormassets/localizeddata/sounds/vo/medicenforcer_vox_attack05.ogg	cd945076c32fb19bcfed83bd972f2b79	7861
mods/heroes.stormmod/enus.stormassets/localizeddata/sounds/vo/medicenforcer_vox_attack06.ogg	e0686a7f972a0646863812daf25d8a12	7729
mods/heroes.stormmod/enus.stormassets/localizeddata/sounds/vo/medicenforcer_vox_attack07.ogg	1358b8d3a21e33b079c46da8445603dc	6861
mods/heroes.stormmod/enus.stormassets/localizeddata/sounds/vo/medicenforcer_vox_attack08.ogg	ab4e4f180b541ac528e989c6f6545442	8550
mods/heroes.stormmod/enus.stormassets/localizeddata/sounds/vo/medicenforcer_vox_attack09.ogg	25fe84ec350a8413de3ed2e256ba5562	8158
mods/heroes.stormmod/enus.stormassets/localizeddata/sounds/vo/medicenforcer_vox_castinge00.ogg	8a84f2955aeb1da1a46bf2a77aa73140	11664
mods/heroes.stormmod/enus.stormassets/localizeddata/sounds/vo/medicenforcer_vox_castinge01.ogg	b06da41ad7b1099fa6c7afebadac6696	10536
mods/heroes.stormmod/enus.stormassets/localizeddata/sounds/vo/medicenforcer_vox_castinge03.ogg	7139df64fc7171e65a72f48b2d3742b5	12437
mods/heroes.stormmod/enus.stormassets/localizeddata/sounds/vo/medicenforcer_vox_castinge04.ogg	8a0a406889297977699c5c7a6b9bb67a	10384
mods/heroes.stormmod/enus.stormassets/localizeddata/sounds/vo/medicenforcer_vox_castinge05.ogg	deb6501e54051054941bab8012830b0f	12944
mods/heroes.stormmod/enus.stormassets/localizeddata/sounds/vo/medicenforcer_vox_castinge06.ogg	28bcae9dfb00612d85d353e6052a8794	11602
mods/heroes.stormmod/enus.stormassets/localizeddata/sounds/vo/medicenforcer_vox_castinge07.ogg	8da7f3d337758c8267f9d3b2947f3ede	10881
mods/heroes.stormmod/enus.stormassets/localizeddata/sounds/vo/medicenforcer_vox_castinge09.ogg	9fd36bf12536d6060522aa5571bdc179	10833
mods/heroes.stormmod/enus.stormassets/localizeddata/sounds/vo/medicenforcer_vox_castingw04.ogg	237565f7b55b82a805ae40415e13a4c9	7820
mods/heroes.stormmod/enus.stormassets/localizeddata/sounds/vo/medicenforcer_vox_castingw05.ogg	746caeead74bb7114dfab4885650fb90	7446
mods/heroes.stormmod/enus.stormassets/localizeddata/sounds/vo/medicenforcer_vox_castingw06.ogg	bb91382206b3903c96a3a7f2e7fb7179	9391
mods/heroes.stormmod/enus.stormassets/localizeddata/sounds/vo/medicenforcer_vox_castingw07.ogg	b65e1e9aca48754700cd964a3610ac85	9056
mods/heroes.stormmod/enus.stormassets/localizeddata/sounds/vo/medicenforcer_vox_castingw08.ogg	6ea5e8480c780b3e9f8bbaf2fa791dfd	8867
mods/heroes.stormmod/enus.stormassets/localizeddata/sounds/vo/medicenforcer_vox_castingw09.ogg	7559ad4f8c982fd08fded084cedcbef5	8641
mods/heroes.stormmod/enus.stormassets/localizeddata/sounds/vo/medicenforcer_vox_cheer02.ogg	9ea17d03fc29ce5d481b09782be10a86	16662
mods/heroes.stormmod/enus.stormassets/localizeddata/sounds/vo/medicenforcer_vox_cheer03.ogg	0ab2d15a0d99f5fdbdedaaca2641f9bc	12028
mods/heroes.stormmod/enus.stormassets/localizeddata/sounds/vo/medicenforcer_vox_cheer04.ogg	fff06d8e0878e0153bd1a5fe4520264f	9721
mods/heroes.stormmod/enus.stormassets/localizeddata/sounds/vo/medicenforcer_vox_cheer05.ogg	9395b7c6aa8f613293cf2de3af677478	12067
mods/heroes.stormmod/enus.stormassets/localizeddata/sounds/vo/medicenforcer_vox_cheer09.ogg	5ec78994485f2af443cde193852b094f	12170
mods/heroes.stormmod/enus.stormassets/localizeddata/sounds/vo/medicenforcer_vox_gethitlarge00.ogg	760e601ab9b0236cc09b5a40b4e6db6f	13887
mods/heroes.stormmod/enus.stormassets/localizeddata/sounds/vo/medicenforcer_vox_gethitlarge01.ogg	1fb7a13455861ed41259470f186dd878	13244
mods/heroes.stormmod/enus.stormassets/localizeddata/sounds/vo/medicenforcer_vox_gethitlarge02.ogg	7e0b0b839fd5622fb5f513432a73dd34	11771
mods/heroes.stormmod/enus.stormassets/localizeddata/sounds/vo/medicenforcer_vox_gethitlarge03.ogg	53048e8fdb22f59a53c6ee811034fade	12642
mods/heroes.stormmod/enus.stormassets/localizeddata/sounds/vo/medicenforcer_vox_gethitlarge04.ogg	2b95572a0ef7c6590ef3cceecdaaf79d	13151
mods/heroes.stormmod/enus.stormassets/localizeddata/sounds/vo/medicenforcer_vox_gethitlarge05.ogg	4800a5abe95f61bf953bd20ad3dd1015	10143
mods/heroes.stormmod/enus.stormassets/localizeddata/sounds/vo/medicenforcer_vox_gethitlarge06.ogg	c1045f0ffeaa94374f7682d3b33e45fc	12168
mods/heroes.stormmod/enus.stormassets/localizeddata/sounds/vo/medicenforcer_vox_gethitlarge07.ogg	f71b67bd1015c750d55df14dcf863026	12500
mods/heroes.stormmod/enus.stormassets/localizeddata/sounds/vo/medicenforcer_vox_gethitlarge08.ogg	f2db6e81fa431c38919470a4b8d52474	11565
mods/heroes.stormmod/enus.stormassets/localizeddata/sounds/vo/medicenforcer_vox_gethitlarge09.ogg	850869ebd3708c30c1135596290c233c	10464
mods/heroes.stormmod/enus.stormassets/localizeddata/sounds/vo/medicenforcer_vox_gethitsmall00.ogg	8a0d3b83742ef97ef55f21dab96994df	8600
mods/heroes.stormmod/enus.stormassets/localizeddata/sounds/vo/medicenforcer_vox_gethitsmall01.ogg	4ffef39a7fb8fade44f70e09754bd3c1	8277
mods/heroes.stormmod/enus.stormassets/localizeddata/sounds/vo/medicenforcer_vox_gethitsmall02.ogg	54abb4ea9c084ab730cca4ca5ffdbec7	7064
mods/heroes.stormmod/enus.stormassets/localizeddata/sounds/vo/medicenforcer_vox_gethitsmall03.ogg	9e1884ec00179c54b001503711c8a077	9317
mods/heroes.stormmod/enus.stormassets/localizeddata/sounds/vo/medicenforcer_vox_gethitsmall04.ogg	930add5e432be32fad76e7087c6e31b8	8671
mods/heroes.stormmod/enus.stormassets/localizeddata/sounds/vo/medicenforcer_vox_gethitsmall05.ogg	edfa53771b48f2e2b3949b63e7b66df4	7687
mods/heroes.stormmod/enus.stormassets/localizeddata/sounds/vo/medicenforcer_vox_gethitsmall06.ogg	5204473a8d44dd3f694ba87a32949ff5	8485
mods/heroes.stormmod/enus.stormassets/localizeddata/sounds/vo/medicenforcer_vox_gethitsmall07.ogg	5bacec0f52e9c7edaaa5c2aa783e079a	8371
mods/heroes.stormmod/enus.stormassets/localizeddata/sounds/vo/medicenforcer_vox_gethitsmall08.ogg	f756a6c16b1b4cf39ac5b9fb29270266	9343
mods/heroes.stormmod/enus.stormassets/localizeddata/sounds/vo/medicenforcer_vox_gethitsmall09.ogg	cf189fdf04c03befee1d4796916a672d	8916
mods/heroes.stormmod/enus.stormassets/localizeddata/sounds/vo/medicenforcer_vox_pulled00.ogg	6b22d107a00e475d3c6dd0f1978782a6	10923
mods/heroes.stormmod/enus.stormassets/localizeddata/sounds/vo/medicenforcer_vox_pulled01.ogg	50758df862c8174809c39f94f0756641	10590
mods/heroes.stormmod/enus.stormassets/localizeddata/sounds/vo/medicenforcer_vox_pulled04.ogg	722d4b9154203ca14723261e59a2c6a4	11965
mods/heroes.stormmod/enus.stormassets/localizeddata/sounds/vo/medicenforcer_vox_pulled08.ogg	4741cb10cf8ca3ebae877180003338e4	13605
mods/heroes.stormmod/enus.stormassets/localizeddata/sounds/vo/medicenforcer_vox_pulled09.ogg	7a91b2626bcbd07d2d41e8f7fa7c6adc	11196
mods/heroes.stormmod/enus.stormassets/localizeddata/sounds/vo/medicenforcer_worthit00.ogg	674e2ee7521102f992689d3d99970975	19052
mods/heroes.stormmod/enus.stormassets/localizeddata/sounds/vo/medicenforcer_worthit01.ogg	2240d6bfd270eaf0fe13cf50243fd5bd	17686
mods/heroes.stormmod/enus.stormassets/localizeddata/sounds/vo/medicenforcer_yes00.ogg	ebe3cdd3ec58a7d9df4dcf13262b275a	17054
mods/heroes.stormmod/enus.stormassets/localizeddata/sounds/vo/medicenforcer_yes01.ogg	bd7dee7f1bc170aec77355d6ac1fa041	14210
mods/heroes.stormmod/enus.stormassets/localizeddata/sounds/vo/medicenforcer_yes02.ogg	8aca4b66314d770219c20019949c4d08	17125
mods/heroes.stormmod/enus.stormassets/localizeddata/sounds/vo/medicenforcer_yes03.ogg	d172975bcd4736d27fb45c831b657fe4	22512
mods/heroes.stormmod/enus.stormassets/localizeddata/sounds/vo/medicenforcer_yes04.ogg	a8539d43ec1f94c32640b6880196155d	16227
mods/heroes.stormmod/enus.stormassets/localizeddata/sounds/vo/medicenforcer_yes05.ogg	41846110d34bd1da0058a2a83fc1c389	14872
mods/heroes.stormmod/enus.stormassets/localizeddata/sounds/vo/medicenforcer_yes06.ogg	193b16c96d45691ae8c13297b6a88ba3	24596
mods/heroes.stormmod/enus.stormassets/localizeddata/sounds/vo/medicenforcer_yes07.ogg	7f2dfac592d963a0ea06dad3717de4d6	16372
mods/heroes.stormmod/enus.stormassets/localizeddata/sounds/vo/medicenforcer_yes08.ogg	dc11c37d63be21be1ae1f8a89208556c	11812
mods/heroes.stormmod/enus.stormassets/localizeddata/sounds/vo/medicenforcer_yes09.ogg	0fb8d75409848662c9179a0e91503abc	13192
mods/heroes.stormmod/enus.stormassets/localizeddata/sounds/vo/medivhbase_ai_attack00.fxe	4dc5cd22fa7ba96e828173840168619c	2203
mods/heroes.stormmod/enus.stormassets/localizeddata/sounds/vo/medivhbase_ai_attack00.ogg	950ad67f0f858cc7ddd708443b81316c	27918
mods/heroes.stormmod/enus.stormassets/localizeddata/sounds/vo/medivhbase_ai_attack01.fxe	89cacf483ea1554a9a01945a9d7647ae	1883
mods/heroes.stormmod/enus.stormassets/localizeddata/sounds/vo/medivhbase_ai_attack01.ogg	66e9bc4312de2bdeb083f4261983c3fd	26552
mods/heroes.stormmod/enus.stormassets/localizeddata/sounds/vo/medivhbase_ai_attack02.fxe	fe5417c8f6533b1d03f2f1d6b2fcf9ba	2731
mods/heroes.stormmod/enus.stormassets/localizeddata/sounds/vo/medivhbase_ai_attack02.ogg	1293e12de6b0416d8a5da3579b2b64f7	33470
mods/heroes.stormmod/enus.stormassets/localizeddata/sounds/vo/medivhbase_ai_caution00.fxe	4197fb2815e20e69ba9311f3b5ef361e	2524
mods/heroes.stormmod/enus.stormassets/localizeddata/sounds/vo/medivhbase_ai_caution00.ogg	d6493d238681966c9f4fc95a5ded70d3	35532
mods/heroes.stormmod/enus.stormassets/localizeddata/sounds/vo/medivhbase_ai_goodjob00.fxe	aede71fc9cd3bfea428d38978fd57ba9	1468
mods/heroes.stormmod/enus.stormassets/localizeddata/sounds/vo/medivhbase_ai_goodjob00.ogg	7956bc22fa8c9c8367a6857c5a239536	21719
mods/heroes.stormmod/enus.stormassets/localizeddata/sounds/vo/medivhbase_ai_goodjob01.fxe	cb12d6535bda621e2329a3508627b841	2748
mods/heroes.stormmod/enus.stormassets/localizeddata/sounds/vo/medivhbase_ai_goodjob01.ogg	bf8d0ea30e200e374adfb894ccfb0741	38045
mods/heroes.stormmod/enus.stormassets/localizeddata/sounds/vo/medivhbase_ai_goodjob02.fxe	1ed2813338715ec99549fddbe2a91334	1996
mods/heroes.stormmod/enus.stormassets/localizeddata/sounds/vo/medivhbase_ai_goodjob02.ogg	b81aa209c554b39aa267d450bcf74a6e	29097
mods/heroes.stormmod/enus.stormassets/localizeddata/sounds/vo/medivhbase_ai_heal00.fxe	f9cbe68ee4e9e1aee53cfe52304afcfb	2473
mods/heroes.stormmod/enus.stormassets/localizeddata/sounds/vo/medivhbase_ai_heal00.ogg	c8154c0904abac62ab68b721e1bc6620	33430
mods/heroes.stormmod/enus.stormassets/localizeddata/sounds/vo/medivhbase_ai_heal01.fxe	d732ff9e080ef42128404e3b9249af70	2425
mods/heroes.stormmod/enus.stormassets/localizeddata/sounds/vo/medivhbase_ai_heal01.ogg	a6a824cdab5dd5b0763fda8619dc8100	31143
mods/heroes.stormmod/enus.stormassets/localizeddata/sounds/vo/medivhbase_ai_onmyway00.fxe	4df750f3087eb15ad381f1526c0b7b85	2428
mods/heroes.stormmod/enus.stormassets/localizeddata/sounds/vo/medivhbase_ai_onmyway00.ogg	6f13c4d076a5772aef84fa4050737157	34842
mods/heroes.stormmod/enus.stormassets/localizeddata/sounds/vo/medivhbase_ai_onmyway01.fxe	0336bd5e411bdefb568bfe845005fc68	1484
mods/heroes.stormmod/enus.stormassets/localizeddata/sounds/vo/medivhbase_ai_onmyway01.ogg	32b5b2004e9df4d849ff824cb897fc53	21389
mods/heroes.stormmod/enus.stormassets/localizeddata/sounds/vo/medivhbase_ai_retreat00.fxe	58314734e38c3d0d9ac199b9bff86417	1900
mods/heroes.stormmod/enus.stormassets/localizeddata/sounds/vo/medivhbase_ai_retreat00.ogg	920533f13ae7655edb55f262e5f079de	26614
mods/heroes.stormmod/enus.stormassets/localizeddata/sounds/vo/medivhbase_ai_retreat01.fxe	aa22afb112128d692074e9b3c1c76ee6	2332
mods/heroes.stormmod/enus.stormassets/localizeddata/sounds/vo/medivhbase_ai_retreat01.ogg	5e8f5603db4b62590b709db98dd0baae	29190
mods/heroes.stormmod/enus.stormassets/localizeddata/sounds/vo/medivhbase_ai_uhoh00.fxe	62ec5f167fe8511a99903aa5c2be8de7	1929
mods/heroes.stormmod/enus.stormassets/localizeddata/sounds/vo/medivhbase_ai_uhoh00.ogg	d63b7731e37d856b352de9110e9286dd	24403
mods/heroes.stormmod/enus.stormassets/localizeddata/sounds/vo/medivhbase_ai_uhoh01.fxe	e54bb5c34788e1f10629289e5617f4d2	2361
mods/heroes.stormmod/enus.stormassets/localizeddata/sounds/vo/medivhbase_ai_uhoh01.ogg	c0355470c77d5733c8bf966c9c66301a	30451
mods/heroes.stormmod/enus.stormassets/localizeddata/sounds/vo/medivhbase_ai_uhoh02.fxe	546b23b2f3661fe9899c3b9ae142351d	2105
mods/heroes.stormmod/enus.stormassets/localizeddata/sounds/vo/medivhbase_ai_uhoh02.ogg	f7eca643ea7a803e1c6fedc10bfbc6af	25558
mods/heroes.stormmod/enus.stormassets/localizeddata/sounds/vo/medivhbase_attack00.fxe	362cc2a6f0f76a7eea6a1fb688807cb6	1320
mods/heroes.stormmod/enus.stormassets/localizeddata/sounds/vo/medivhbase_attack00.ogg	988b287a5e3f45d136b9563ccd4a349b	22680
mods/heroes.stormmod/enus.stormassets/localizeddata/sounds/vo/medivhbase_attack01.fxe	d6f0a44ff8eeffca6b3da9c79fa997dd	2200
mods/heroes.stormmod/enus.stormassets/localizeddata/sounds/vo/medivhbase_attack01.ogg	8472cfc95d5dff112a2e2883592bf47f	30962
mods/heroes.stormmod/enus.stormassets/localizeddata/sounds/vo/medivhbase_attack02_alt.fxe	4f291a397459d092827001ae4cdd5af6	1260
mods/heroes.stormmod/enus.stormassets/localizeddata/sounds/vo/medivhbase_attack02_alt.ogg	8ee09382e616a7d989e42c7122bdfd32	18340
mods/heroes.stormmod/enus.stormassets/localizeddata/sounds/vo/medivhbase_attack03.fxe	54b5fa8885c360183bd1b9f2d3624ac3	1848
mods/heroes.stormmod/enus.stormassets/localizeddata/sounds/vo/medivhbase_attack03.ogg	aae292d6b085fb84786ba2e68508e304	28413
mods/heroes.stormmod/enus.stormassets/localizeddata/sounds/vo/medivhbase_attack04_alt.fxe	bb9d405c684252db520b4b52c0aa5116	1020
mods/heroes.stormmod/enus.stormassets/localizeddata/sounds/vo/medivhbase_attack04_alt.ogg	9dfc72d0f60f0d20d56bcbad5a417e4a	14765
mods/heroes.stormmod/enus.stormassets/localizeddata/sounds/vo/medivhbase_attack05.fxe	557e0c137adb1cbda1a6efd38b2e97af	2056
mods/heroes.stormmod/enus.stormassets/localizeddata/sounds/vo/medivhbase_attack05.ogg	cab8cb5479b5cd0ae4328d153364cab3	34964
mods/heroes.stormmod/enus.stormassets/localizeddata/sounds/vo/medivhbase_attack06.fxe	f4bb7c010efbfc4b64bdbeacd37ded4b	1720
mods/heroes.stormmod/enus.stormassets/localizeddata/sounds/vo/medivhbase_attack06.ogg	4321a458a7587002a5b921969885f112	28943
mods/heroes.stormmod/enus.stormassets/localizeddata/sounds/vo/medivhbase_celebrate00.fxe	9e2042e7745ff0f348d651aa74d902f3	1099
mods/heroes.stormmod/enus.stormassets/localizeddata/sounds/vo/medivhbase_celebrate00.ogg	8c3b269130c51c0edb2b3c59ed31ed9b	18512
mods/heroes.stormmod/enus.stormassets/localizeddata/sounds/vo/medivhbase_celebrate01.fxe	33f71a82b45125d21861e1b272393df6	1707
mods/heroes.stormmod/enus.stormassets/localizeddata/sounds/vo/medivhbase_celebrate01.ogg	34a7fc9700563a51fa36d7e7e150a242	27219
mods/heroes.stormmod/enus.stormassets/localizeddata/sounds/vo/medivhbase_celebrate02.fxe	cc8e9a8075e06fe0ef57e625d80acaa3	1115
mods/heroes.stormmod/enus.stormassets/localizeddata/sounds/vo/medivhbase_celebrate02.ogg	806c752ec799f58a9a09ad0b2e6642e5	17736
mods/heroes.stormmod/enus.stormassets/localizeddata/sounds/vo/medivhbase_comeback00.fxe	b294ca27faee5ba4c33935229198d162	3706
mods/heroes.stormmod/enus.stormassets/localizeddata/sounds/vo/medivhbase_comeback00.ogg	880e55cef3d6c24523dda90932d6286c	52190
mods/heroes.stormmod/enus.stormassets/localizeddata/sounds/vo/medivhbase_death00.fxe	e02af42eb35d54a5bda23e20b0ad50eb	2775
mods/heroes.stormmod/enus.stormassets/localizeddata/sounds/vo/medivhbase_death00.wav	3ae55224dd089399236a28709eec13d9	85052
mods/heroes.stormmod/enus.stormassets/localizeddata/sounds/vo/medivhbase_death01.fxe	aff35653dc16a4583e0f642422622ca5	1831
mods/heroes.stormmod/enus.stormassets/localizeddata/sounds/vo/medivhbase_death01.wav	e7e7f1e41eaf68b182b5ee2c7c66269f	89404
mods/heroes.stormmod/enus.stormassets/localizeddata/sounds/vo/medivhbase_death03.fxe	ba4bc47c039329a94cbe7d89ca0d9814	1655
mods/heroes.stormmod/enus.stormassets/localizeddata/sounds/vo/medivhbase_death03.wav	448b9cc72506b0a774e7ad086135cb58	56124
mods/heroes.stormmod/enus.stormassets/localizeddata/sounds/vo/medivhbase_death04.fxe	0fbf0426776ab454802f8d91aa34307f	1447
mods/heroes.stormmod/enus.stormassets/localizeddata/sounds/vo/medivhbase_death04.wav	b41f1270930c6180fc28e5694167e077	60220
mods/heroes.stormmod/enus.stormassets/localizeddata/sounds/vo/medivhbase_death06.fxe	d70c3e6e57abcdd49780c65d3e08455e	2711
mods/heroes.stormmod/enus.stormassets/localizeddata/sounds/vo/medivhbase_death06.wav	92a37255ac0afa552d4019f2f5fe3bc2	100668
mods/heroes.stormmod/enus.stormassets/localizeddata/sounds/vo/medivhbase_death07.fxe	46ba0e40fc4fbd8c12b06325b5f3920c	2919
mods/heroes.stormmod/enus.stormassets/localizeddata/sounds/vo/medivhbase_death07.wav	030f5f0d9646907b5edb9b6eba6e7586	89404
mods/heroes.stormmod/enus.stormassets/localizeddata/sounds/vo/medivhbase_death08.fxe	28616ad7ae493ebd3209e4244410f714	2407
mods/heroes.stormmod/enus.stormassets/localizeddata/sounds/vo/medivhbase_death08.wav	2300da194fa6952c76f795802becde91	85564
mods/heroes.stormmod/enus.stormassets/localizeddata/sounds/vo/medivhbase_healed00.fxe	6c11eac0cc468271064a2605782b0af3	1400
mods/heroes.stormmod/enus.stormassets/localizeddata/sounds/vo/medivhbase_healed00.ogg	2ef0a72f072c178dce6f0f3f899dd2a9	20623
mods/heroes.stormmod/enus.stormassets/localizeddata/sounds/vo/medivhbase_healed01.fxe	bbf496782bbcab2fdd350953211d997a	1720
mods/heroes.stormmod/enus.stormassets/localizeddata/sounds/vo/medivhbase_healed01.ogg	351152fcad88e13f711ee53c937ee344	22604
mods/heroes.stormmod/enus.stormassets/localizeddata/sounds/vo/medivhbase_healed02.fxe	03ab700efb3b859e9b9e186ad8f6689d	2600
mods/heroes.stormmod/enus.stormassets/localizeddata/sounds/vo/medivhbase_healed02.ogg	f60f55448614a5c9594f5eb3de2ea32e	33403
mods/heroes.stormmod/enus.stormassets/localizeddata/sounds/vo/medivhbase_introagree00.fxe	e10a8a4c900958eb9465d48b9b8ce0a2	2012
mods/heroes.stormmod/enus.stormassets/localizeddata/sounds/vo/medivhbase_introagree00.ogg	339f2822d9918e1d120208b29733b406	27765
mods/heroes.stormmod/enus.stormassets/localizeddata/sounds/vo/medivhbase_introagree01.fxe	55470e1a0c1cf64cfc5949ea08ee3a57	1596
mods/heroes.stormmod/enus.stormassets/localizeddata/sounds/vo/medivhbase_introagree01.ogg	0c92567c2361efdf3e180a9b19cc69ce	24252
mods/heroes.stormmod/enus.stormassets/localizeddata/sounds/vo/medivhbase_introagree02.fxe	51e1f33ebead57d12ac80546ab819111	2492
mods/heroes.stormmod/enus.stormassets/localizeddata/sounds/vo/medivhbase_introagree02.ogg	7e5bc87176cc349a61d859370b826928	30763
mods/heroes.stormmod/enus.stormassets/localizeddata/sounds/vo/medivhbase_introboast00.fxe	3b55299a245be7ace3395eb4e7999475	2548
mods/heroes.stormmod/enus.stormassets/localizeddata/sounds/vo/medivhbase_introboast00.ogg	031049470748829c750b9e928c6b6a37	39533
mods/heroes.stormmod/enus.stormassets/localizeddata/sounds/vo/medivhbase_introboast01.fxe	cc1e864fbf3bf7b86b34f0ea4c0c3362	3340
mods/heroes.stormmod/enus.stormassets/localizeddata/sounds/vo/medivhbase_introboast01.ogg	263f306f57ed43b452f0a706055cb609	51188
mods/heroes.stormmod/enus.stormassets/localizeddata/sounds/vo/medivhbase_introquestion00.fxe	d75272bbdb8ae271b16e99962af0d232	2751
mods/heroes.stormmod/enus.stormassets/localizeddata/sounds/vo/medivhbase_introquestion00.ogg	7e22160cd563c9d7bec9c018dc5ac55c	32745
mods/heroes.stormmod/enus.stormassets/localizeddata/sounds/vo/medivhbase_introquestion01.fxe	a8d5d7ac874a8d847615f9acbb069694	2479
mods/heroes.stormmod/enus.stormassets/localizeddata/sounds/vo/medivhbase_introquestion01.ogg	3b2ac2494899a13918692942943242aa	32469
mods/heroes.stormmod/enus.stormassets/localizeddata/sounds/vo/medivhbase_introquestion_arthas00.fxe	127ecb66dc8847b58e42d40f29bd57ed	5686
mods/heroes.stormmod/enus.stormassets/localizeddata/sounds/vo/medivhbase_introquestion_arthas00.ogg	f3128c25ffa0430a1cced6a25d70cbc3	76912
mods/heroes.stormmod/enus.stormassets/localizeddata/sounds/vo/medivhbase_introquestion_demon00.fxe	16898a1d7138c5531f87d44ed3c674b1	3237
mods/heroes.stormmod/enus.stormassets/localizeddata/sounds/vo/medivhbase_introquestion_demon00.ogg	ce25e987c14d02c9ac4e2ec23fb3d6d2	47365
mods/heroes.stormmod/enus.stormassets/localizeddata/sounds/vo/medivhbase_introquestion_gul'dan00.fxe	0ba42ea0afe3a778ff1330a233618416	6087
mods/heroes.stormmod/enus.stormassets/localizeddata/sounds/vo/medivhbase_introquestion_gul'dan00.ogg	22f55dd497e2d5a199e724ff9f57176e	84439
mods/heroes.stormmod/enus.stormassets/localizeddata/sounds/vo/medivhbase_introquestion_jaina00.fxe	7561b54b0d06c583f0b60cff690509dd	4549
mods/heroes.stormmod/enus.stormassets/localizeddata/sounds/vo/medivhbase_introquestion_jaina00.ogg	d0e2a5a38b0312bd00889cf597270a76	66627
mods/heroes.stormmod/enus.stormassets/localizeddata/sounds/vo/medivhbase_introquestion_kael'thas00.fxe	5593bb8df8d27cc874c22118ba6cfea3	4345
mods/heroes.stormmod/enus.stormassets/localizeddata/sounds/vo/medivhbase_introquestion_kael'thas00.ogg	bfddd5adfb98506f8a8d0cfb39356909	58306
mods/heroes.stormmod/enus.stormassets/localizeddata/sounds/vo/medivhbase_introquestion_malfurion00.fxe	522fcd31f022f157b81e865751ddc89b	2953
mods/heroes.stormmod/enus.stormassets/localizeddata/sounds/vo/medivhbase_introquestion_malfurion00.ogg	76f7568bb07057092536c10161800b8d	37825
mods/heroes.stormmod/enus.stormassets/localizeddata/sounds/vo/medivhbase_introquestion_murky00.fxe	a0398c70464f419c033fae29a0f208a9	3173
mods/heroes.stormmod/enus.stormassets/localizeddata/sounds/vo/medivhbase_introquestion_murky00.ogg	d9727d9a6c2bb45ac43542e831cf603f	49306
mods/heroes.stormmod/enus.stormassets/localizeddata/sounds/vo/medivhbase_introquestion_negative00.fxe	0dd26ba90bfeba1d5799cfe13cf5ffe1	3016
mods/heroes.stormmod/enus.stormassets/localizeddata/sounds/vo/medivhbase_introquestion_negative00.ogg	1aecdccbf23a9167a3356e37157841c6	56290
mods/heroes.stormmod/enus.stormassets/localizeddata/sounds/vo/medivhbase_introquestion_orc00.fxe	aff5a7e5903622703ec0fca8ebff176c	4483
mods/heroes.stormmod/enus.stormassets/localizeddata/sounds/vo/medivhbase_introquestion_orc00.ogg	4eabd3cf26bef245533eaf64770e7455	67778
mods/heroes.stormmod/enus.stormassets/localizeddata/sounds/vo/medivhbase_introquestion_positive00.fxe	814804702ed4eda23fca6e4dffb6f44a	3704
mods/heroes.stormmod/enus.stormassets/localizeddata/sounds/vo/medivhbase_introquestion_positive00.ogg	000f02ba7c2e5de05b8b317b484f3b43	48219
mods/heroes.stormmod/enus.stormassets/localizeddata/sounds/vo/medivhbase_introquestion_thrall00.fxe	6e224c57f995ef9a69f687f13302f4dc	2070
mods/heroes.stormmod/enus.stormassets/localizeddata/sounds/vo/medivhbase_introquestion_thrall00.ogg	0e3b302e2cef493e9e3dfbedd5df0893	35427
mods/heroes.stormmod/enus.stormassets/localizeddata/sounds/vo/medivhbase_introquestion_wizard00.fxe	e10a6173753a074d2b7902cd351d94f7	5062
mods/heroes.stormmod/enus.stormassets/localizeddata/sounds/vo/medivhbase_introquestion_wizard00.ogg	0bc341a88ad1d011d0442729a1c17914	67680
mods/heroes.stormmod/enus.stormassets/localizeddata/sounds/vo/medivhbase_introrespond00.fxe	4dc6cbd95fbd29cdfab91989677b6b8e	2398
mods/heroes.stormmod/enus.stormassets/localizeddata/sounds/vo/medivhbase_introrespond00.ogg	3102c3fa28ddfe04f30218b299a50277	32871
mods/heroes.stormmod/enus.stormassets/localizeddata/sounds/vo/medivhbase_introrespond01.fxe	5944779e74e1902347333a373fe69365	1630
mods/heroes.stormmod/enus.stormassets/localizeddata/sounds/vo/medivhbase_introrespond01.ogg	67cb1a424608a579afedae19ad674dc5	25358
mods/heroes.stormmod/enus.stormassets/localizeddata/sounds/vo/medivhbase_introrespond02.fxe	ca121b25236fa1422824a2a288431343	2078
mods/heroes.stormmod/enus.stormassets/localizeddata/sounds/vo/medivhbase_introrespond02.ogg	d4ba994d0ef5a9cd6a0d5bccd77e357e	30199
mods/heroes.stormmod/enus.stormassets/localizeddata/sounds/vo/medivhbase_introresponse_angry00.fxe	642401f4e9aecd1dc41cad23244f7bb8	3461
mods/heroes.stormmod/enus.stormassets/localizeddata/sounds/vo/medivhbase_introresponse_angry00.ogg	04a46bbf6918c6a3daa00b7304cdc6e6	53497
mods/heroes.stormmod/enus.stormassets/localizeddata/sounds/vo/medivhbase_introresponse_arthas00.fxe	1935e1a800131f118b787314a97ab44c	3654
mods/heroes.stormmod/enus.stormassets/localizeddata/sounds/vo/medivhbase_introresponse_arthas00.ogg	0c7a4b3473d94f98e754eba6aa36e713	59867
mods/heroes.stormmod/enus.stormassets/localizeddata/sounds/vo/medivhbase_introresponse_defensive00.fxe	e6a5600574e94901cf5f2480b694bec9	4169
mods/heroes.stormmod/enus.stormassets/localizeddata/sounds/vo/medivhbase_introresponse_defensive00.ogg	9579d9310d450879dcae138355b10265	60194
mods/heroes.stormmod/enus.stormassets/localizeddata/sounds/vo/medivhbase_introresponse_demon00.fxe	cfbac57dcbb0a3a0342cc8e85f8cceaa	2821
mods/heroes.stormmod/enus.stormassets/localizeddata/sounds/vo/medivhbase_introresponse_demon00.ogg	97246e5c78735998296773dda8baf42f	40455
mods/heroes.stormmod/enus.stormassets/localizeddata/sounds/vo/medivhbase_introresponse_dismissive00.fxe	8925432c846b0322e585354c96c30ca8	1402
mods/heroes.stormmod/enus.stormassets/localizeddata/sounds/vo/medivhbase_introresponse_dismissive00.ogg	a6935a082b5eceae2ab1848cf18394d0	29743
mods/heroes.stormmod/enus.stormassets/localizeddata/sounds/vo/medivhbase_introresponse_gul'dan00.fxe	72e299b0cc3b15c0c0193f5f8585fe16	2487
mods/heroes.stormmod/enus.stormassets/localizeddata/sounds/vo/medivhbase_introresponse_gul'dan00.ogg	74145121d5a061169b817064f0470014	46536
mods/heroes.stormmod/enus.stormassets/localizeddata/sounds/vo/medivhbase_introresponse_jaina00.fxe	30b344c8348c77cf6b2db7fce72c17bb	3701
mods/heroes.stormmod/enus.stormassets/localizeddata/sounds/vo/medivhbase_introresponse_jaina00.ogg	3ae0c1c411358d7ec9abd8c5b6d2944a	55912
mods/heroes.stormmod/enus.stormassets/localizeddata/sounds/vo/medivhbase_introresponse_kael'thas00.fxe	89e525ddf6404e9ebe2ed603ff1ff5a7	3977
mods/heroes.stormmod/enus.stormassets/localizeddata/sounds/vo/medivhbase_introresponse_kael'thas00.ogg	8697d1fddb795f3d8ae8c02abb9e3dde	71663
mods/heroes.stormmod/enus.stormassets/localizeddata/sounds/vo/medivhbase_introresponse_malfurion00.fxe	0a27f4349acbdd05b710e191744c46c6	4233
mods/heroes.stormmod/enus.stormassets/localizeddata/sounds/vo/medivhbase_introresponse_malfurion00.ogg	f6b05dfdb76186181906d76ca2de43f1	54167
mods/heroes.stormmod/enus.stormassets/localizeddata/sounds/vo/medivhbase_introresponse_murky00.fxe	5c00ab2aa05ffde178d7aeb49bfb4ee7	3461
mods/heroes.stormmod/enus.stormassets/localizeddata/sounds/vo/medivhbase_introresponse_murky00.ogg	1c825af11f7e6fa522ee313528de017f	59674
mods/heroes.stormmod/enus.stormassets/localizeddata/sounds/vo/medivhbase_introresponse_negative00.fxe	bf3fd1eeb62de1d9990db1e03d88089b	2888
mods/heroes.stormmod/enus.stormassets/localizeddata/sounds/vo/medivhbase_introresponse_negative00.ogg	aa88bf14ed8d605b60262482419c2e11	45905
mods/heroes.stormmod/enus.stormassets/localizeddata/sounds/vo/medivhbase_introresponse_orc00.fxe	add7c8e0dbddd52b859441c0d5c18df1	4211
mods/heroes.stormmod/enus.stormassets/localizeddata/sounds/vo/medivhbase_introresponse_orc00.ogg	a5ae9221401109524e6f583ff07e9317	51130
mods/heroes.stormmod/enus.stormassets/localizeddata/sounds/vo/medivhbase_introresponse_positive00.fxe	2a4803d995143927e973392e7e504d64	3784
mods/heroes.stormmod/enus.stormassets/localizeddata/sounds/vo/medivhbase_introresponse_positive00.ogg	0af4eb82f5013cc4a6ff4f6e45c22841	55624
mods/heroes.stormmod/enus.stormassets/localizeddata/sounds/vo/medivhbase_introresponse_sarcastic00.fxe	ec41c246b9c5ce9ccbf0dd5b919effa1	3001
mods/heroes.stormmod/enus.stormassets/localizeddata/sounds/vo/medivhbase_introresponse_sarcastic00.ogg	0391036ae7a380f910d6216d171ef859	50223
mods/heroes.stormmod/enus.stormassets/localizeddata/sounds/vo/medivhbase_introresponse_surprised00.fxe	c6eb71ea7050bd5856cf1ff37a2f4497	4281
mods/heroes.stormmod/enus.stormassets/localizeddata/sounds/vo/medivhbase_introresponse_surprised00.ogg	e7093ac8af2a968dc144c3b8e8c5d5ed	59952
mods/heroes.stormmod/enus.stormassets/localizeddata/sounds/vo/medivhbase_introresponse_thrall00.fxe	1f654aa7492acdb20d93ce8eea5e711a	3094
mods/heroes.stormmod/enus.stormassets/localizeddata/sounds/vo/medivhbase_introresponse_thrall00.ogg	06060b3ee94ebc715722fa7b9d44fa00	39670
mods/heroes.stormmod/enus.stormassets/localizeddata/sounds/vo/medivhbase_introresponse_wizard00.fxe	b201a04e2230612c61542fd1d26416fb	3478
mods/heroes.stormmod/enus.stormassets/localizeddata/sounds/vo/medivhbase_introresponse_wizard00.ogg	64ad466726e49b38099d8e3f21f11495	48381
mods/heroes.stormmod/enus.stormassets/localizeddata/sounds/vo/medivhbase_kill00.fxe	0a99428f4b220d861e5ca4ab975c85ef	1990
mods/heroes.stormmod/enus.stormassets/localizeddata/sounds/vo/medivhbase_kill00.ogg	4df0eed7849496fa7594d77b52804f47	29740
mods/heroes.stormmod/enus.stormassets/localizeddata/sounds/vo/medivhbase_kill01.fxe	2a7c25791fbbce303d5494250f8b0bd3	1942
mods/heroes.stormmod/enus.stormassets/localizeddata/sounds/vo/medivhbase_kill01.ogg	e57a280fd673c1d909231940a83a59c3	26431
mods/heroes.stormmod/enus.stormassets/localizeddata/sounds/vo/medivhbase_kill02.fxe	52429dd4259c20d604e146104addfed9	2774
mods/heroes.stormmod/enus.stormassets/localizeddata/sounds/vo/medivhbase_kill02.ogg	ea9d95e27a67ac184cbafa3787589b35	35308
mods/heroes.stormmod/enus.stormassets/localizeddata/sounds/vo/medivhbase_kill03.fxe	714b53d8b415fd145242db6f5b121b89	2022
mods/heroes.stormmod/enus.stormassets/localizeddata/sounds/vo/medivhbase_kill03.ogg	02ccda89775e73509160f30e1cb985f2	28724
mods/heroes.stormmod/enus.stormassets/localizeddata/sounds/vo/medivhbase_kill04.fxe	92874ccd151fc8810e663b2554d5706f	1718
mods/heroes.stormmod/enus.stormassets/localizeddata/sounds/vo/medivhbase_kill04.ogg	36ab37da1349c15b04257ba4892ed71b	26510
mods/heroes.stormmod/enus.stormassets/localizeddata/sounds/vo/medivhbase_killalliance00.fxe	c208b89315c6efcc38d14f2cefab72a3	2926
mods/heroes.stormmod/enus.stormassets/localizeddata/sounds/vo/medivhbase_killalliance00.ogg	dac161335b555efa2ea12fbb8b09b95d	51402
mods/heroes.stormmod/enus.stormassets/localizeddata/sounds/vo/medivhbase_killarthas00.fxe	8f34f6c0b3d15559f2bd480d10fa5b7b	2316
mods/heroes.stormmod/enus.stormassets/localizeddata/sounds/vo/medivhbase_killarthas00.ogg	0ba20d672fb21f0c16b87638f0a94b2d	37317
mods/heroes.stormmod/enus.stormassets/localizeddata/sounds/vo/medivhbase_killdemon00.fxe	89967cc2ddc5283fc5191ca6c43e791f	3003
mods/heroes.stormmod/enus.stormassets/localizeddata/sounds/vo/medivhbase_killdemon00.ogg	6d7460c8b767d21261f54b6634313ea7	39672
mods/heroes.stormmod/enus.stormassets/localizeddata/sounds/vo/medivhbase_killgul'dan00.fxe	a9c99691dc7ad58c9a9b49d28204e08d	2397
mods/heroes.stormmod/enus.stormassets/localizeddata/sounds/vo/medivhbase_killgul'dan00.ogg	136ed3434a09d82ff46b130c22dd7bb5	27914
mods/heroes.stormmod/enus.stormassets/localizeddata/sounds/vo/medivhbase_killjaina00.fxe	8e72b62c1c57365bc3c473756f9a1120	3499
mods/heroes.stormmod/enus.stormassets/localizeddata/sounds/vo/medivhbase_killjaina00.ogg	2b007851a7aa534a7b8ed6cc82ebbf8c	53485
mods/heroes.stormmod/enus.stormassets/localizeddata/sounds/vo/medivhbase_killkael'thas00.fxe	ce21c9083f6e0f66832cb506ad1e40f1	4671
mods/heroes.stormmod/enus.stormassets/localizeddata/sounds/vo/medivhbase_killkael'thas00.ogg	6e8a24fb0db7e330bbefcda98236a46d	69913
mods/heroes.stormmod/enus.stormassets/localizeddata/sounds/vo/medivhbase_killmalfurion00.fxe	4d2faa276ab9e9769c18ed982b8f18b8	2575
mods/heroes.stormmod/enus.stormassets/localizeddata/sounds/vo/medivhbase_killmalfurion00.ogg	c72be006f43d314ba100b0d860a9cece	31474
mods/heroes.stormmod/enus.stormassets/localizeddata/sounds/vo/medivhbase_killmedivh00.fxe	75414657bc79e8e0a5ce0839ea812c2a	2172
mods/heroes.stormmod/enus.stormassets/localizeddata/sounds/vo/medivhbase_killmedivh00.ogg	2dfc6a06a29cd67f1e19f25d710aba5c	28366
mods/heroes.stormmod/enus.stormassets/localizeddata/sounds/vo/medivhbase_killorc00.fxe	25958341a76b7e8aaf1e62b115ebbc78	3737
mods/heroes.stormmod/enus.stormassets/localizeddata/sounds/vo/medivhbase_killorc00.ogg	44af2883956124eb2acfb320d626193e	48040
mods/heroes.stormmod/enus.stormassets/localizeddata/sounds/vo/medivhbase_killspreeend00.fxe	9b9ad9fd71d6520f7e6ef1e839c66308	1662
mods/heroes.stormmod/enus.stormassets/localizeddata/sounds/vo/medivhbase_killspreeend00.ogg	0d4add180d11353278187b9947140a09	21387
mods/heroes.stormmod/enus.stormassets/localizeddata/sounds/vo/medivhbase_killthrall00.fxe	ab351f44e93e3cc888b6d24af307f258	3308
mods/heroes.stormmod/enus.stormassets/localizeddata/sounds/vo/medivhbase_killthrall00.ogg	cc92972e931bf72420d404f0e8d67ad0	44334
mods/heroes.stormmod/enus.stormassets/localizeddata/sounds/vo/medivhbase_killwizard00.fxe	b9b9502b9df03d34427900a10e734ed8	3452
mods/heroes.stormmod/enus.stormassets/localizeddata/sounds/vo/medivhbase_killwizard00.ogg	8c81f0b69f47b7b343b14e24b48eb508	62482
mods/heroes.stormmod/enus.stormassets/localizeddata/sounds/vo/medivhbase_laugh00.fxe	90d3df07d77e04ad810d2cf71392f286	2551
mods/heroes.stormmod/enus.stormassets/localizeddata/sounds/vo/medivhbase_laugh00.ogg	314c5521846b196434344b9f8c2b3c45	26049
mods/heroes.stormmod/enus.stormassets/localizeddata/sounds/vo/medivhbase_laugh01.fxe	f8f6d2cd15cd040c572fb1aeed5dc530	2439
mods/heroes.stormmod/enus.stormassets/localizeddata/sounds/vo/medivhbase_laugh01.ogg	be488b4a4db25a5c96ae5ffddc9ed514	21479
mods/heroes.stormmod/enus.stormassets/localizeddata/sounds/vo/medivhbase_laugh02.fxe	314b9e427135b409af735b3815192f39	2295
mods/heroes.stormmod/enus.stormassets/localizeddata/sounds/vo/medivhbase_laugh02.ogg	899180bdaa4e5fca8e6e3384ecab39f9	30796
mods/heroes.stormmod/enus.stormassets/localizeddata/sounds/vo/medivhbase_laugh03.fxe	e903d7d65449390dc9d715ad4ae3b4ee	2839
mods/heroes.stormmod/enus.stormassets/localizeddata/sounds/vo/medivhbase_laugh03.ogg	4359d2dca9f60ddc94eac5a6182dc2e7	37632
mods/heroes.stormmod/enus.stormassets/localizeddata/sounds/vo/medivhbase_laugh04.fxe	9eec354d6fd617aead556a392d3fb49c	3207
mods/heroes.stormmod/enus.stormassets/localizeddata/sounds/vo/medivhbase_laugh04.ogg	d29f43ab6085fc01d5e6cce80c3fc6e3	33348
mods/heroes.stormmod/enus.stormassets/localizeddata/sounds/vo/medivhbase_laugh05.fxe	d2685736eb4ea6241efce00dc2c5b2a9	2679
mods/heroes.stormmod/enus.stormassets/localizeddata/sounds/vo/medivhbase_laugh05.ogg	97c39414880210556ef90b1dfc336d1b	34484
mods/heroes.stormmod/enus.stormassets/localizeddata/sounds/vo/medivhbase_laugh06.fxe	006017bda7edfd393df2455f48d59dc0	2343
mods/heroes.stormmod/enus.stormassets/localizeddata/sounds/vo/medivhbase_laugh06.ogg	7846c84006f39df57d74be306fc08329	28889
mods/heroes.stormmod/enus.stormassets/localizeddata/sounds/vo/medivhbase_laugh07.fxe	c9d71a07566851a530ace241c6e3946c	2199
mods/heroes.stormmod/enus.stormassets/localizeddata/sounds/vo/medivhbase_laugh07.ogg	008a5ab8f018ae6c488d3fa52fa68625	29937
mods/heroes.stormmod/enus.stormassets/localizeddata/sounds/vo/medivhbase_laugh08.fxe	f79e15b6450b4e467ccfe95162b7cc35	2103
mods/heroes.stormmod/enus.stormassets/localizeddata/sounds/vo/medivhbase_laugh08.ogg	11e4041dd637d499a88cbe3ee1ed3b50	23788
mods/heroes.stormmod/enus.stormassets/localizeddata/sounds/vo/medivhbase_laugh09.fxe	18491ac7e2febe36255db040d5c60a88	2135
mods/heroes.stormmod/enus.stormassets/localizeddata/sounds/vo/medivhbase_laugh09.ogg	6e0b40fb6bfaa49fe95cc12ee4bab5bc	24052
mods/heroes.stormmod/enus.stormassets/localizeddata/sounds/vo/medivhbase_lowlifeheal00.fxe	f2e630fa8143304734aa5b5581472248	2301
mods/heroes.stormmod/enus.stormassets/localizeddata/sounds/vo/medivhbase_lowlifeheal00.ogg	9f51c601512699830e9fe9558c90827d	33848
mods/heroes.stormmod/enus.stormassets/localizeddata/sounds/vo/medivhbase_lowlifeheal01.fxe	bce75b1b849713a64de10c48073108a2	2589
mods/heroes.stormmod/enus.stormassets/localizeddata/sounds/vo/medivhbase_lowlifeheal01.ogg	cddbe936441b0f21da30b16e64cb3ec8	36264
mods/heroes.stormmod/enus.stormassets/localizeddata/sounds/vo/medivhbase_lowlifeheal02.fxe	561e68f7e5bf5a7331b826b6095f2ac0	2381
mods/heroes.stormmod/enus.stormassets/localizeddata/sounds/vo/medivhbase_lowlifeheal02.ogg	6ad3215cd6f8cb15d34ec37fac196708	33285
mods/heroes.stormmod/enus.stormassets/localizeddata/sounds/vo/medivhbase_lowmana00.fxe	9cbf1c34f488083e7c926161f639d582	1497
mods/heroes.stormmod/enus.stormassets/localizeddata/sounds/vo/medivhbase_lowmana00.ogg	fe0c7a09afb546ffbf3773d78cea4a62	23378
mods/heroes.stormmod/enus.stormassets/localizeddata/sounds/vo/medivhbase_lowmana01.fxe	d52720065d0008ca8f27e32438a7a490	1945
mods/heroes.stormmod/enus.stormassets/localizeddata/sounds/vo/medivhbase_lowmana01.ogg	615982d21e79f3c15384c62bd8b6a62a	25791
mods/heroes.stormmod/enus.stormassets/localizeddata/sounds/vo/medivhbase_lowmana02.fxe	98b596433ef12f24a6a81f62874b19d5	1625
mods/heroes.stormmod/enus.stormassets/localizeddata/sounds/vo/medivhbase_lowmana02.ogg	56b73c11bd007afa181eed155a3f90f0	21376
mods/heroes.stormmod/enus.stormassets/localizeddata/sounds/vo/medivhbase_matchend00.ogg	2983d71cf0beae1789954a4195e910e0	23167
mods/heroes.stormmod/enus.stormassets/localizeddata/sounds/vo/medivhbase_matchend01.ogg	24c680b8f624c3fcea5f660f0d3f4420	18388
mods/heroes.stormmod/enus.stormassets/localizeddata/sounds/vo/medivhbase_no00.fxe	d2a5375c0796b2374006af6f473d7520	1316
mods/heroes.stormmod/enus.stormassets/localizeddata/sounds/vo/medivhbase_no00.ogg	a8f958df11e44a11f5515817d9b28491	18272
mods/heroes.stormmod/enus.stormassets/localizeddata/sounds/vo/medivhbase_no01.fxe	4ec355d9740abf3aff2c202d518a11fa	1716
mods/heroes.stormmod/enus.stormassets/localizeddata/sounds/vo/medivhbase_no01.ogg	caa24d91d0d9e1147b2e94d1f984bdd3	21000
mods/heroes.stormmod/enus.stormassets/localizeddata/sounds/vo/medivhbase_no02.fxe	94d5de1f0e334fc2f555a514d1657e17	1748
mods/heroes.stormmod/enus.stormassets/localizeddata/sounds/vo/medivhbase_no02.ogg	ccc76556ce23ffc41eba36f00d3c27cf	23617
mods/heroes.stormmod/enus.stormassets/localizeddata/sounds/vo/medivhbase_ping_assisthero00.fxe	97ea2819b3b2d3c36cd7be1cd9329d6c	1905
mods/heroes.stormmod/enus.stormassets/localizeddata/sounds/vo/medivhbase_ping_assisthero00.ogg	4d761e36ecf97974dfb9f7f8a5a30003	27709
mods/heroes.stormmod/enus.stormassets/localizeddata/sounds/vo/medivhbase_ping_assistme00.fxe	197255f1ba1891c2212a45f5f2389b5b	2943
mods/heroes.stormmod/enus.stormassets/localizeddata/sounds/vo/medivhbase_ping_assistme00.ogg	41ce28ed6524f42c9f916ee8c24ae145	42312
mods/heroes.stormmod/enus.stormassets/localizeddata/sounds/vo/medivhbase_ping_assistme01.fxe	78f64e4f63c650ec1b3dd5b58c7b762d	2079
mods/heroes.stormmod/enus.stormassets/localizeddata/sounds/vo/medivhbase_ping_assistme01.ogg	75db4acd1f17091de29dc229ebe1a84e	29178
mods/heroes.stormmod/enus.stormassets/localizeddata/sounds/vo/medivhbase_ping_attackcastle00.fxe	bacc08bf63ff5946cce845a64c5a7b61	2611
mods/heroes.stormmod/enus.stormassets/localizeddata/sounds/vo/medivhbase_ping_attackcastle00.ogg	ae02926357753b42a4cbb8f155339308	38501
mods/heroes.stormmod/enus.stormassets/localizeddata/sounds/vo/medivhbase_ping_attackmerc00.fxe	a684c5470010771855e2fac66b97074d	3329
mods/heroes.stormmod/enus.stormassets/localizeddata/sounds/vo/medivhbase_ping_attackmerc00.ogg	68be0834d5848645ded036af1caeafae	44526
mods/heroes.stormmod/enus.stormassets/localizeddata/sounds/vo/medivhbase_ping_attackoutpost00.fxe	0c5495ee35be08d1bafe906c45855506	2228
mods/heroes.stormmod/enus.stormassets/localizeddata/sounds/vo/medivhbase_ping_attackoutpost00.ogg	82c40d634e35f77df3aa72ef9b80e78f	28302
mods/heroes.stormmod/enus.stormassets/localizeddata/sounds/vo/medivhbase_ping_attacktower00.fxe	385fad40f2da9e6bdf7ce407c8dd35f9	3874
mods/heroes.stormmod/enus.stormassets/localizeddata/sounds/vo/medivhbase_ping_attacktower00.ogg	04f4d12832d23076fbe0836edd86ca62	48181
mods/heroes.stormmod/enus.stormassets/localizeddata/sounds/vo/medivhbase_ping_danger00.fxe	2e070ca11ab2d6e5bb5e8fc2b8921d1c	2749
mods/heroes.stormmod/enus.stormassets/localizeddata/sounds/vo/medivhbase_ping_danger00.ogg	4963ecd429b58db35d6b1fa2c1f8f191	40397
mods/heroes.stormmod/enus.stormassets/localizeddata/sounds/vo/medivhbase_ping_danger01.fxe	9cf0a2fcccd01e928805bb4c30fcccbc	2717
mods/heroes.stormmod/enus.stormassets/localizeddata/sounds/vo/medivhbase_ping_danger01.ogg	fcb42e6f252b8668806685292a0643f7	33920
mods/heroes.stormmod/enus.stormassets/localizeddata/sounds/vo/medivhbase_ping_defend00.fxe	b149e2f8f17edd98d28210984da4c486	3261
mods/heroes.stormmod/enus.stormassets/localizeddata/sounds/vo/medivhbase_ping_defend00.ogg	d78b1380918689348e3dff01c8099638	41212
mods/heroes.stormmod/enus.stormassets/localizeddata/sounds/vo/medivhbase_ping_defendcastle00.fxe	8f196369ec63c50d7a70f7bfcebe8a03	1923
mods/heroes.stormmod/enus.stormassets/localizeddata/sounds/vo/medivhbase_ping_defendcastle00.ogg	17ad5e50e4eea7f357cb68ec2363d8bc	29328
mods/heroes.stormmod/enus.stormassets/localizeddata/sounds/vo/medivhbase_ping_defendoutpost00.fxe	ed0a12ff04476b1f52cbb471eee25eb2	2404
mods/heroes.stormmod/enus.stormassets/localizeddata/sounds/vo/medivhbase_ping_defendoutpost00.ogg	ad401f9adb0d32f1accd3dfc21d49aba	32055
mods/heroes.stormmod/enus.stormassets/localizeddata/sounds/vo/medivhbase_ping_defendthing00.fxe	b73ca8bdd23ab57558c3ab35c0f60bdd	2546
mods/heroes.stormmod/enus.stormassets/localizeddata/sounds/vo/medivhbase_ping_defendthing00.ogg	d99d4f47aad42b7a6c6114b5f74fe8c4	32925
mods/heroes.stormmod/enus.stormassets/localizeddata/sounds/vo/medivhbase_ping_defendthing01.fxe	707450715b195f5b9b6165e4c79877a9	1874
mods/heroes.stormmod/enus.stormassets/localizeddata/sounds/vo/medivhbase_ping_defendthing01.ogg	60d782a722f6f08f3b5ca222812f8e74	26334
mods/heroes.stormmod/enus.stormassets/localizeddata/sounds/vo/medivhbase_ping_defendtower00.fxe	c3ec4f2562e8bb8df38b36899313d905	2690
mods/heroes.stormmod/enus.stormassets/localizeddata/sounds/vo/medivhbase_ping_defendtower00.ogg	d2ea0c9269a0c3b1587915c6e39bed6f	33401
mods/heroes.stormmod/enus.stormassets/localizeddata/sounds/vo/medivhbase_ping_enemymissing00.fxe	d29381cb43e267796a0f5b591d778aff	2595
mods/heroes.stormmod/enus.stormassets/localizeddata/sounds/vo/medivhbase_ping_enemymissing00.ogg	410d03cfa818002e8154385a8396e3c8	39920
mods/heroes.stormmod/enus.stormassets/localizeddata/sounds/vo/medivhbase_ping_enemymissing01.fxe	684702277a18809bd21c3d4beb0da45b	2019
mods/heroes.stormmod/enus.stormassets/localizeddata/sounds/vo/medivhbase_ping_enemymissing01.ogg	d7c27bdfca0eeb0b7498c6fa24dc5351	28938
mods/heroes.stormmod/enus.stormassets/localizeddata/sounds/vo/medivhbase_ping_killhero00.fxe	1fa2f0922f9213ad7143a88f46094eb3	1519
mods/heroes.stormmod/enus.stormassets/localizeddata/sounds/vo/medivhbase_ping_killhero00.ogg	639c247c2bc90b09452d0f571afe99ca	21946
mods/heroes.stormmod/enus.stormassets/localizeddata/sounds/vo/medivhbase_ping_onmyway00.fxe	3a84b6c29d7bcdd97368e2ceea41fc02	1774
mods/heroes.stormmod/enus.stormassets/localizeddata/sounds/vo/medivhbase_ping_onmyway00.ogg	96a3973f41e1f7780d392049438af4d4	25462
mods/heroes.stormmod/enus.stormassets/localizeddata/sounds/vo/medivhbase_ping_onmyway01.fxe	4b65abdf5f1224a1ce3de5faeca441b8	1870
mods/heroes.stormmod/enus.stormassets/localizeddata/sounds/vo/medivhbase_ping_onmyway01.ogg	a91cd44518a8f44e4435507754e04e25	23304
mods/heroes.stormmod/enus.stormassets/localizeddata/sounds/vo/medivhbase_ping_retreat00.fxe	d4bec1f3094c7a43f3830765e102facd	2062
mods/heroes.stormmod/enus.stormassets/localizeddata/sounds/vo/medivhbase_ping_retreat00.ogg	abdc946ac69e12cbccb2d49aee9a7cec	26479
mods/heroes.stormmod/enus.stormassets/localizeddata/sounds/vo/medivhbase_ping_retreat01.fxe	2e9e7b012a2eece181362b538bc0a634	3102
mods/heroes.stormmod/enus.stormassets/localizeddata/sounds/vo/medivhbase_ping_retreat01.ogg	7f962c4301cb306fb6e1510ac959e555	33582
mods/heroes.stormmod/enus.stormassets/localizeddata/sounds/vo/medivhbase_pissed00.fxe	8dd3660c570ae4690d24ac79bc00feea	920
mods/heroes.stormmod/enus.stormassets/localizeddata/sounds/vo/medivhbase_pissed00.ogg	59dffdc5ba7067b9dec1970f44613044	12826
mods/heroes.stormmod/enus.stormassets/localizeddata/sounds/vo/medivhbase_pissed01.fxe	8800264036a4b6996da4288bf4cec59a	1656
mods/heroes.stormmod/enus.stormassets/localizeddata/sounds/vo/medivhbase_pissed01.ogg	ec494e1b52a0e352e27619d6f47d9b8b	21076
mods/heroes.stormmod/enus.stormassets/localizeddata/sounds/vo/medivhbase_pissed02.fxe	1255cf9eefdb50e7aec0c0520771982f	4968
mods/heroes.stormmod/enus.stormassets/localizeddata/sounds/vo/medivhbase_pissed02.ogg	ca8d813c11f3955d0edda2cd9cee4384	77973
mods/heroes.stormmod/enus.stormassets/localizeddata/sounds/vo/medivhbase_pissed03_alt.fxe	03d649d1b2643509e8c2381d47d94222	6220
mods/heroes.stormmod/enus.stormassets/localizeddata/sounds/vo/medivhbase_pissed03_alt.ogg	78993f8627e9f0fb1ea851fa883fa5e1	85613
mods/heroes.stormmod/enus.stormassets/localizeddata/sounds/vo/medivhbase_pissed04.fxe	186b180d4b5242c285e1c36fc9eb0343	5032
mods/heroes.stormmod/enus.stormassets/localizeddata/sounds/vo/medivhbase_pissed04.ogg	5e41cc85bf6600a0458f9229a16a57ce	74819
mods/heroes.stormmod/enus.stormassets/localizeddata/sounds/vo/medivhbase_pissed05.fxe	d4f338f7fc3ffce003f1bb7062606135	7880
mods/heroes.stormmod/enus.stormassets/localizeddata/sounds/vo/medivhbase_pissed05.ogg	bbea1d5211738b4c2f6421eea69e0e32	120391
mods/heroes.stormmod/enus.stormassets/localizeddata/sounds/vo/medivhbase_pissed06.fxe	74316bfd1f16efd8df6e940c047965d5	7464
mods/heroes.stormmod/enus.stormassets/localizeddata/sounds/vo/medivhbase_pissed06.ogg	2c980d9cfdce6f976667a71c1bd9fb16	99953
mods/heroes.stormmod/enus.stormassets/localizeddata/sounds/vo/medivhbase_pissed07_alt.fxe	236a49efcea0b77b31de27bfbd9c8305	7372
mods/heroes.stormmod/enus.stormassets/localizeddata/sounds/vo/medivhbase_pissed07_alt.ogg	897e541bff72405169f64a96e60fd26f	109043
mods/heroes.stormmod/enus.stormassets/localizeddata/sounds/vo/medivhbase_pissed08.fxe	9554868c4bafc2dc31d4c5b68d05053f	9512
mods/heroes.stormmod/enus.stormassets/localizeddata/sounds/vo/medivhbase_pissed08.ogg	5134cedeb7f715c85a0292c7ff4718da	125170
mods/heroes.stormmod/enus.stormassets/localizeddata/sounds/vo/medivhbase_pissed09.fxe	7ae3eabf3e335d32485db2f9491934ad	9864
mods/heroes.stormmod/enus.stormassets/localizeddata/sounds/vo/medivhbase_pissed09.ogg	eabb203624e43485975264743c34a62b	136680
mods/heroes.stormmod/enus.stormassets/localizeddata/sounds/vo/medivhbase_pissed10.fxe	27729ebc2d72af848ba735d512b51f21	8488
mods/heroes.stormmod/enus.stormassets/localizeddata/sounds/vo/medivhbase_pissed10.ogg	691fff226c7b292597443f6ee826b28d	114775
mods/heroes.stormmod/enus.stormassets/localizeddata/sounds/vo/medivhbase_pissed11.fxe	6689e22fa49850af2f354dd9f7e0246e	7656
mods/heroes.stormmod/enus.stormassets/localizeddata/sounds/vo/medivhbase_pissed11.ogg	a2ed2c9571b98e126d019f3faf810a86	128387
mods/heroes.stormmod/enus.stormassets/localizeddata/sounds/vo/medivhbase_pissed12.fxe	b6037033dfd8f472a345844472b7686e	7240
mods/heroes.stormmod/enus.stormassets/localizeddata/sounds/vo/medivhbase_pissed12.ogg	806c8244a8e1e4e34732fd6d0e6d20e3	101930
mods/heroes.stormmod/enus.stormassets/localizeddata/sounds/vo/medivhbase_pissed13.fxe	d60185db02ed254f2155ca7f83b2429a	6520
mods/heroes.stormmod/enus.stormassets/localizeddata/sounds/vo/medivhbase_pissed13.ogg	32c0e9dbf63dd17ee28d949b3f9c32ac	97222
mods/heroes.stormmod/enus.stormassets/localizeddata/sounds/vo/medivhbase_pissed14.fxe	0543cf61e298be2f559311eb57ec9ea4	10120
mods/heroes.stormmod/enus.stormassets/localizeddata/sounds/vo/medivhbase_pissed14.ogg	8f21216bfc13d933ad0a061c1a4fe217	142587
mods/heroes.stormmod/enus.stormassets/localizeddata/sounds/vo/medivhbase_resurrected00.fxe	7af16e91c0d623ab9b37b2027b7f3785	2493
mods/heroes.stormmod/enus.stormassets/localizeddata/sounds/vo/medivhbase_resurrected00.ogg	db932badf99b2adaaa6df60904b7f457	33928
mods/heroes.stormmod/enus.stormassets/localizeddata/sounds/vo/medivhbase_resurrected01.fxe	40cd5b7343325b3fe4053c962b80da00	3277
mods/heroes.stormmod/enus.stormassets/localizeddata/sounds/vo/medivhbase_resurrected01.ogg	e714833514dc06d6bbf262e441d501d1	40546
mods/heroes.stormmod/enus.stormassets/localizeddata/sounds/vo/medivhbase_revive00.fxe	0b5e7329254404a5da2cfb7ce1047db6	2760
mods/heroes.stormmod/enus.stormassets/localizeddata/sounds/vo/medivhbase_revive00.ogg	817da103a4f7405b744a9508eccbe7cb	43742
mods/heroes.stormmod/enus.stormassets/localizeddata/sounds/vo/medivhbase_revive01.fxe	e54127b441a640a618ceeacad87aa4bc	3576
mods/heroes.stormmod/enus.stormassets/localizeddata/sounds/vo/medivhbase_revive01.ogg	3b4cd8a4ac895a8b286518eaa00562d6	45222
mods/heroes.stormmod/enus.stormassets/localizeddata/sounds/vo/medivhbase_revive02.fxe	e0107e3d777e523b43935b0d0c4e776c	2120
mods/heroes.stormmod/enus.stormassets/localizeddata/sounds/vo/medivhbase_revive02.ogg	86a9d7664d41a87a8de6d09d5cdc3ae7	41073
mods/heroes.stormmod/enus.stormassets/localizeddata/sounds/vo/medivhbase_revive03.fxe	3fa7610ec0a6399186e60079494b80a0	3736
mods/heroes.stormmod/enus.stormassets/localizeddata/sounds/vo/medivhbase_revive03.ogg	c3c8f4fa26c84cd55cbaefd90e1e2b67	42395
mods/heroes.stormmod/enus.stormassets/localizeddata/sounds/vo/medivhbase_social_hello01.fxe	8daef7b25d40d87bdc619f2d7ef45cb1	2926
mods/heroes.stormmod/enus.stormassets/localizeddata/sounds/vo/medivhbase_social_hello01.ogg	fc5ab8660aa1511c6eeaaac2181ca3d7	46220
mods/heroes.stormmod/enus.stormassets/localizeddata/sounds/vo/medivhbase_spec00.fxe	dff49b9394c79021cd1d4d1d1621ed49	1350
mods/heroes.stormmod/enus.stormassets/localizeddata/sounds/vo/medivhbase_spec00.ogg	bff170853635604cea438bf4cf2ae80d	28296
mods/heroes.stormmod/enus.stormassets/localizeddata/sounds/vo/medivhbase_spec01.fxe	0b4cd12044b72474407a1596c0ee2496	1606
mods/heroes.stormmod/enus.stormassets/localizeddata/sounds/vo/medivhbase_spec01.ogg	517e13c4d77c49ccf7474754c7717f3c	22156
mods/heroes.stormmod/enus.stormassets/localizeddata/sounds/vo/medivhbase_spec02.fxe	84e06d7ac0e7488b9322e9f3434379f4	2022
mods/heroes.stormmod/enus.stormassets/localizeddata/sounds/vo/medivhbase_spec02.ogg	d51122d1532606d852051157438b1a44	29707
mods/heroes.stormmod/enus.stormassets/localizeddata/sounds/vo/medivhbase_spec03_alt.fxe	735741e3b8bb43389570366270c4265f	1994
mods/heroes.stormmod/enus.stormassets/localizeddata/sounds/vo/medivhbase_spec03_alt.ogg	85f5583669884a9e69da886c88db95dc	31987
mods/heroes.stormmod/enus.stormassets/localizeddata/sounds/vo/medivhbase_spec04.fxe	bc5706a7ad20d4cd212af65234f59b6a	1622
mods/heroes.stormmod/enus.stormassets/localizeddata/sounds/vo/medivhbase_spec04.ogg	c6165953037e456689aed8f03d3499ed	25223
mods/heroes.stormmod/enus.stormassets/localizeddata/sounds/vo/medivhbase_taunt00.fxe	d62732a462bf9f2ad9607692a6912769	3063
mods/heroes.stormmod/enus.stormassets/localizeddata/sounds/vo/medivhbase_taunt00.ogg	f5719b44923c4eabae8923ea740729b3	35258
mods/heroes.stormmod/enus.stormassets/localizeddata/sounds/vo/medivhbase_taunt01.fxe	6d48a2b84cc0af114b992cbb945ce3fb	3303
mods/heroes.stormmod/enus.stormassets/localizeddata/sounds/vo/medivhbase_taunt01.ogg	d39084b6fc2cf40f7edb329374d43e66	48305
mods/heroes.stormmod/enus.stormassets/localizeddata/sounds/vo/medivhbase_taunt02.fxe	15113a2f3a0795c0b5fb7a0362a8bf96	4119
mods/heroes.stormmod/enus.stormassets/localizeddata/sounds/vo/medivhbase_taunt02.ogg	6d0f01dde218e38585e134b021ce2f9a	65390
mods/heroes.stormmod/enus.stormassets/localizeddata/sounds/vo/medivhbase_teamkilled00.fxe	b901f1654ca97e2a296efc595b561f4e	3132
mods/heroes.stormmod/enus.stormassets/localizeddata/sounds/vo/medivhbase_teamkilled00.ogg	e4230a47e076b245c01c34b3855439be	40259
mods/heroes.stormmod/enus.stormassets/localizeddata/sounds/vo/medivhbase_ui_exlocked00.fxe	ae08adf39f154cc1ab788c84cfb61340	3101
mods/heroes.stormmod/enus.stormassets/localizeddata/sounds/vo/medivhbase_ui_exlocked00.ogg	412ee047e35b1f884d30abb29f7a7f3f	45597
mods/heroes.stormmod/enus.stormassets/localizeddata/sounds/vo/medivhbase_ui_expurchased00.fxe	34df83f6ecc5db0cc8a26a755c9f88e9	2512
mods/heroes.stormmod/enus.stormassets/localizeddata/sounds/vo/medivhbase_ui_expurchased00.ogg	eccfc7fa9aa995d7d7c4e5bdd3682214	39958
mods/heroes.stormmod/enus.stormassets/localizeddata/sounds/vo/medivhbase_ui_gift00_alt.fxe	cf0b6a9088bf524f1c4fdb394716a029	1757
mods/heroes.stormmod/enus.stormassets/localizeddata/sounds/vo/medivhbase_ui_gift00_alt.ogg	67c57bea2db4064bc356f2131863a801	25749
mods/heroes.stormmod/enus.stormassets/localizeddata/sounds/vo/medivhbase_ui_homescreen00.fxe	7433ef28ef0ac620095c1e2db1de9c29	2751
mods/heroes.stormmod/enus.stormassets/localizeddata/sounds/vo/medivhbase_ui_homescreen00.ogg	9280aace56ced78f965ce66ad1d560ea	35578
mods/heroes.stormmod/enus.stormassets/localizeddata/sounds/vo/medivhbase_ui_lockin00.fxe	e06258d4c0730935d9cec03ba12a7269	1691
mods/heroes.stormmod/enus.stormassets/localizeddata/sounds/vo/medivhbase_ui_lockin00.ogg	16e597c157a8ffe65ecfd56ff462f950	27354
mods/heroes.stormmod/enus.stormassets/localizeddata/sounds/vo/medivhbase_ui_purchase00.fxe	a7a74fe7e22e8af6fb8526fcd00bf454	1789
mods/heroes.stormmod/enus.stormassets/localizeddata/sounds/vo/medivhbase_ui_purchase00.ogg	02d5d140c785b352d4b94c94fe4ff6a4	24279
mods/heroes.stormmod/enus.stormassets/localizeddata/sounds/vo/medivhbase_ui_trial00.fxe	5f45b07a848de186355e654a679795cb	2650
mods/heroes.stormmod/enus.stormassets/localizeddata/sounds/vo/medivhbase_ui_trial00.ogg	fc7dc5bb56383a64270ae5702b821234	35828
mods/heroes.stormmod/enus.stormassets/localizeddata/sounds/vo/medivhbase_ui_trial01.fxe	ffc7651893fceebb0f5e709230fc023c	2714
mods/heroes.stormmod/enus.stormassets/localizeddata/sounds/vo/medivhbase_ui_trial01.ogg	bab8dc45dc15498e245578bcc459002b	39935
mods/heroes.stormmod/enus.stormassets/localizeddata/sounds/vo/medivhbase_ui_waitlocked00.fxe	27711725635200d2ff431da1c3d55a08	2447
mods/heroes.stormmod/enus.stormassets/localizeddata/sounds/vo/medivhbase_ui_waitlocked00.ogg	1f24658f9d3c156cc7adb178c2930a2e	35550
mods/heroes.stormmod/enus.stormassets/localizeddata/sounds/vo/medivhbase_ui_waitlocked01.fxe	5b2e245718304b9cf82b5768274ceea0	3199
mods/heroes.stormmod/enus.stormassets/localizeddata/sounds/vo/medivhbase_ui_waitlocked01.ogg	4fe65162b1f317b0d2db1de6b88d998b	52397
mods/heroes.stormmod/enus.stormassets/localizeddata/sounds/vo/medivhbase_ui_waitpurchased00_alt.fxe	a3f53d093592469f8501d7cad6d33528	2646
mods/heroes.stormmod/enus.stormassets/localizeddata/sounds/vo/medivhbase_ui_waitpurchased00_alt.ogg	b3b724e8a888de755f24e2fd50cb9e5f	36226
mods/heroes.stormmod/enus.stormassets/localizeddata/sounds/vo/medivhbase_ui_waitpurchased01.fxe	99217e4c2d35634a19b41bc528da0cd5	1842
mods/heroes.stormmod/enus.stormassets/localizeddata/sounds/vo/medivhbase_ui_waitpurchased01.ogg	4661b57cd23b2499fad633dbcc5679f1	27835
mods/heroes.stormmod/enus.stormassets/localizeddata/sounds/vo/medivhbase_ultimate1used00.fxe	73973f651d7d17415f224ceb37d99382	2207
mods/heroes.stormmod/enus.stormassets/localizeddata/sounds/vo/medivhbase_ultimate1used00.ogg	220d75856aa9a00514edb3cbd40f050b	36063
mods/heroes.stormmod/enus.stormassets/localizeddata/sounds/vo/medivhbase_ultimate1used01.fxe	9bf7790456978e5fd4791a6292602515	1759
mods/heroes.stormmod/enus.stormassets/localizeddata/sounds/vo/medivhbase_ultimate1used01.ogg	dd5ac8b00b401dab7be7cdef8f51b127	23487
mods/heroes.stormmod/enus.stormassets/localizeddata/sounds/vo/medivhbase_ultimate1used02.fxe	6315517a7f3800ddbeacb5d21b9410c2	2479
mods/heroes.stormmod/enus.stormassets/localizeddata/sounds/vo/medivhbase_ultimate1used02.ogg	5a80bd777856bb14c9c2e94dfefcc6b5	32533
mods/heroes.stormmod/enus.stormassets/localizeddata/sounds/vo/medivhbase_ultimate2used00.fxe	0681e1923746a2f0874f1ec88f0f16cd	1247
mods/heroes.stormmod/enus.stormassets/localizeddata/sounds/vo/medivhbase_ultimate2used00.ogg	6a3a9468b080b7053f69b127082a93aa	18565
mods/heroes.stormmod/enus.stormassets/localizeddata/sounds/vo/medivhbase_ultimate2used01.fxe	91583c9ffc9fce87b0c309b36e12c26a	1407
mods/heroes.stormmod/enus.stormassets/localizeddata/sounds/vo/medivhbase_ultimate2used01.ogg	68dc947f44e5e028c4305e747dba7a43	21742
mods/heroes.stormmod/enus.stormassets/localizeddata/sounds/vo/medivhbase_ultimate2used02.fxe	1b80e4ffcca95c27dc1dd1b7b1791419	1983
mods/heroes.stormmod/enus.stormassets/localizeddata/sounds/vo/medivhbase_ultimate2used02.ogg	9d1f2b8d5ab900cb6f87790df85102d6	26806
mods/heroes.stormmod/enus.stormassets/localizeddata/sounds/vo/medivhbase_voicelinefive00.ogg	36ab37da1349c15b04257ba4892ed71b	26510
mods/heroes.stormmod/enus.stormassets/localizeddata/sounds/vo/medivhbase_voicelinefour00.ogg	8c3b269130c51c0edb2b3c59ed31ed9b	18512
mods/heroes.stormmod/enus.stormassets/localizeddata/sounds/vo/medivhbase_voicelineone00.ogg	8ee09382e616a7d989e42c7122bdfd32	18340
mods/heroes.stormmod/enus.stormassets/localizeddata/sounds/vo/medivhbase_voicelinethree00.ogg	02d5d140c785b352d4b94c94fe4ff6a4	24279
mods/heroes.stormmod/enus.stormassets/localizeddata/sounds/vo/medivhbase_voicelinetwo00.ogg	16e597c157a8ffe65ecfd56ff462f950	27354
mods/heroes.stormmod/enus.stormassets/localizeddata/sounds/vo/medivhbase_vox_attack00.fxe	610bee8941791396a98dc2764c1e9964	1324
mods/heroes.stormmod/enus.stormassets/localizeddata/sounds/vo/medivhbase_vox_attack00.ogg	a664aaaabc8c1a41a73f8265a8bd8cfc	12994
mods/heroes.stormmod/enus.stormassets/localizeddata/sounds/vo/medivhbase_vox_attack02.fxe	7ae9258f2c3da87ed62d7cf4801fa46e	940
mods/heroes.stormmod/enus.stormassets/localizeddata/sounds/vo/medivhbase_vox_attack02.ogg	d63b259b616e83f61640b429b596ce8d	13726
mods/heroes.stormmod/enus.stormassets/localizeddata/sounds/vo/medivhbase_vox_attack03.fxe	df3026a1e903f9200fb198961b0322f0	1452
mods/heroes.stormmod/enus.stormassets/localizeddata/sounds/vo/medivhbase_vox_attack03.ogg	39d1970185cfaf1accf3a1900d6056a3	14753
mods/heroes.stormmod/enus.stormassets/localizeddata/sounds/vo/medivhbase_vox_attack05.fxe	9776a811284ce153bbb4ff113c579fd6	1324
mods/heroes.stormmod/enus.stormassets/localizeddata/sounds/vo/medivhbase_vox_attack05.ogg	b76d607ddfe43f5faecdefad6280519e	12346
mods/heroes.stormmod/enus.stormassets/localizeddata/sounds/vo/medivhbase_vox_attack06.fxe	ebab903a014f721ee61f625df9ad7983	1500
mods/heroes.stormmod/enus.stormassets/localizeddata/sounds/vo/medivhbase_vox_attack06.ogg	8b4835dfa38b2e0eae7e90f8fb2ff992	14637
mods/heroes.stormmod/enus.stormassets/localizeddata/sounds/vo/medivhbase_vox_attack08.fxe	96b8711ad118a252df79c92a726d5c52	1596
mods/heroes.stormmod/enus.stormassets/localizeddata/sounds/vo/medivhbase_vox_attack08.ogg	07e0ed9810e3a244c1ad314d47646fcf	14369
mods/heroes.stormmod/enus.stormassets/localizeddata/sounds/vo/medivhbase_vox_castinge00.fxe	728d8f4d04bdcf6135dfe9ddf82916c0	1646
mods/heroes.stormmod/enus.stormassets/localizeddata/sounds/vo/medivhbase_vox_castinge00.ogg	962fdc4bde0405c6893fc0ffc078358e	26546
mods/heroes.stormmod/enus.stormassets/localizeddata/sounds/vo/medivhbase_vox_castinge01.fxe	fa0a25b328bd9c7c061db104f2f91b45	1582
mods/heroes.stormmod/enus.stormassets/localizeddata/sounds/vo/medivhbase_vox_castinge01.ogg	fe522b0588c6ec493a91b73b609998c2	25527
mods/heroes.stormmod/enus.stormassets/localizeddata/sounds/vo/medivhbase_vox_castinge02.fxe	d013558b2af92cfa46fdb732a4b338fc	1502
mods/heroes.stormmod/enus.stormassets/localizeddata/sounds/vo/medivhbase_vox_castinge02.ogg	87810c96bd9270c5216af905c9c9fcbd	31470
mods/heroes.stormmod/enus.stormassets/localizeddata/sounds/vo/medivhbase_vox_castinge03.fxe	7edad1f6306d980de07192a0f857ca29	1630
mods/heroes.stormmod/enus.stormassets/localizeddata/sounds/vo/medivhbase_vox_castinge03.ogg	458e8cbd1dc7d6843c76f64fde3cd2de	26366
mods/heroes.stormmod/enus.stormassets/localizeddata/sounds/vo/medivhbase_vox_castinge04.fxe	32625098ca929440c1feb9f089afb0c2	1662
mods/heroes.stormmod/enus.stormassets/localizeddata/sounds/vo/medivhbase_vox_castinge04.ogg	094e5328484f9db6986ff583adb95d1b	27701
mods/heroes.stormmod/enus.stormassets/localizeddata/sounds/vo/medivhbase_vox_castinge05.fxe	74a5b1744dab21ef6d64bfbd5ba0e1a8	1486
mods/heroes.stormmod/enus.stormassets/localizeddata/sounds/vo/medivhbase_vox_castinge05.ogg	0dc6f7e3f7cf29832ab21310ae844c28	30500
mods/heroes.stormmod/enus.stormassets/localizeddata/sounds/vo/medivhbase_vox_castinge06.fxe	d48011ba7b3460514bc0709804ae8caf	1582
mods/heroes.stormmod/enus.stormassets/localizeddata/sounds/vo/medivhbase_vox_castinge06.ogg	434df2d9ecc900b9c189ded65207e3ba	28405
mods/heroes.stormmod/enus.stormassets/localizeddata/sounds/vo/medivhbase_vox_castinge07.fxe	17ece37c06b85bcf3067ae3bb0b6c3cf	1534
mods/heroes.stormmod/enus.stormassets/localizeddata/sounds/vo/medivhbase_vox_castinge07.ogg	70a5e1119249dbe007bd1a12aedd12ae	28073
mods/heroes.stormmod/enus.stormassets/localizeddata/sounds/vo/medivhbase_vox_castingq00.fxe	273e44acb3b4e4a693b87d783df107c7	1502
mods/heroes.stormmod/enus.stormassets/localizeddata/sounds/vo/medivhbase_vox_castingq00.ogg	7f9fa3ce002a75aad05d732a402327ec	15920
mods/heroes.stormmod/enus.stormassets/localizeddata/sounds/vo/medivhbase_vox_castingq01.fxe	907478eca6b9634fae83070beefb40e4	1470
mods/heroes.stormmod/enus.stormassets/localizeddata/sounds/vo/medivhbase_vox_castingq01.ogg	aa2fa39ca01f6b2aba406dbb0dbba840	14228
mods/heroes.stormmod/enus.stormassets/localizeddata/sounds/vo/medivhbase_vox_castingq02.fxe	0a8ea032496cc12917a174d6a29b0b30	1550
mods/heroes.stormmod/enus.stormassets/localizeddata/sounds/vo/medivhbase_vox_castingq02.ogg	019b71cc3f34692fd1007d1530eb8e80	14356
mods/heroes.stormmod/enus.stormassets/localizeddata/sounds/vo/medivhbase_vox_castingq03.fxe	0512cd13a38ae72e842351e6b1ea231f	1518
mods/heroes.stormmod/enus.stormassets/localizeddata/sounds/vo/medivhbase_vox_castingq03.ogg	ec43d2fd56f5ac6eb9939cf6a7d8a80f	11311
mods/heroes.stormmod/enus.stormassets/localizeddata/sounds/vo/medivhbase_vox_castingq04.fxe	5789f3e36990a6827bafadab9f49549a	1342
mods/heroes.stormmod/enus.stormassets/localizeddata/sounds/vo/medivhbase_vox_castingq04.ogg	07f02ee49a6c5f52c72eb0e10bb1ffe2	13023
mods/heroes.stormmod/enus.stormassets/localizeddata/sounds/vo/medivhbase_vox_castingq05.fxe	79588e638cd87e20e40dd6c7d4419280	1198
mods/heroes.stormmod/enus.stormassets/localizeddata/sounds/vo/medivhbase_vox_castingq05.ogg	ef702cf928a69e83b741de568145a3af	13254
mods/heroes.stormmod/enus.stormassets/localizeddata/sounds/vo/medivhbase_vox_castingw00.fxe	d862b510dbdbf81bb69324b760c8bee7	1518
mods/heroes.stormmod/enus.stormassets/localizeddata/sounds/vo/medivhbase_vox_castingw00.ogg	49bc012007a07d3ce25e85b53bc0f72e	30631
mods/heroes.stormmod/enus.stormassets/localizeddata/sounds/vo/medivhbase_vox_castingw01.fxe	00142828065c1f9c3b1c28c53df56bb9	1614
mods/heroes.stormmod/enus.stormassets/localizeddata/sounds/vo/medivhbase_vox_castingw01.ogg	2de012eab2f628b5489b01804c1cb500	30569
mods/heroes.stormmod/enus.stormassets/localizeddata/sounds/vo/medivhbase_vox_castingw02.fxe	757f20393c99f801e01f0c9218fb8644	1678
mods/heroes.stormmod/enus.stormassets/localizeddata/sounds/vo/medivhbase_vox_castingw02.ogg	d9b99b952dac061a3d77eb40323f12f2	31219
mods/heroes.stormmod/enus.stormassets/localizeddata/sounds/vo/medivhbase_vox_castingw03.fxe	e09735754613f5969822bf540d8b9c9c	1486
mods/heroes.stormmod/enus.stormassets/localizeddata/sounds/vo/medivhbase_vox_castingw03.ogg	c8bcb06163d40f6bf6986d348bbdd836	27242
mods/heroes.stormmod/enus.stormassets/localizeddata/sounds/vo/medivhbase_vox_castingw04.fxe	f729a11f8cfbbe445c3a42831c5788e8	1582
mods/heroes.stormmod/enus.stormassets/localizeddata/sounds/vo/medivhbase_vox_castingw04.ogg	da67d628d5bed139816dfae5d9a9559a	27275
mods/heroes.stormmod/enus.stormassets/localizeddata/sounds/vo/medivhbase_vox_castingw05.fxe	d04ee75c857913d8a0d5887989464ec8	1486
mods/heroes.stormmod/enus.stormassets/localizeddata/sounds/vo/medivhbase_vox_castingw05.ogg	534b76829dceb0a21465246200e62af1	25431
mods/heroes.stormmod/enus.stormassets/localizeddata/sounds/vo/medivhbase_vox_castingw06.fxe	72bb06ad8de0ddb71d4b28f355e7eb89	1422
mods/heroes.stormmod/enus.stormassets/localizeddata/sounds/vo/medivhbase_vox_castingw06.ogg	137787e6bdf40d25c8167d0ab4d84a32	26024
mods/heroes.stormmod/enus.stormassets/localizeddata/sounds/vo/medivhbase_vox_castingw07.fxe	fd60eabe1752ca467019ce736e4f312e	1438
mods/heroes.stormmod/enus.stormassets/localizeddata/sounds/vo/medivhbase_vox_castingw07.ogg	5d50f94f314676db0a0c4f3103da80ac	25900
mods/heroes.stormmod/enus.stormassets/localizeddata/sounds/vo/medivhbase_vox_castingw08.fxe	341ac88a5c59d3ccf8dd2f9e47331336	1406
mods/heroes.stormmod/enus.stormassets/localizeddata/sounds/vo/medivhbase_vox_castingw08.ogg	379426b6701f82c31a54d1dfd88302f8	30094
mods/heroes.stormmod/enus.stormassets/localizeddata/sounds/vo/medivhbase_vox_cheer00.fxe	2b6c60fdd5de302b56ef55ec055563af	1755
mods/heroes.stormmod/enus.stormassets/localizeddata/sounds/vo/medivhbase_vox_cheer00.ogg	2ca373838b9d357de71a43c46900d4f5	20017
mods/heroes.stormmod/enus.stormassets/localizeddata/sounds/vo/medivhbase_vox_cheer01.fxe	5d9540dd855d42b3a783aba34fb9323e	1947
mods/heroes.stormmod/enus.stormassets/localizeddata/sounds/vo/medivhbase_vox_cheer01.ogg	cc8d03bf79d87bb4ebbc947f384e0a13	19899
mods/heroes.stormmod/enus.stormassets/localizeddata/sounds/vo/medivhbase_vox_cheer02.ogg	f912932fcedfdfe013253c8bffd471f2	21795
mods/heroes.stormmod/enus.stormassets/localizeddata/sounds/vo/medivhbase_vox_gethitlarge00.fxe	0f6988246c6b06ae871a68f5367d50d4	1329
mods/heroes.stormmod/enus.stormassets/localizeddata/sounds/vo/medivhbase_vox_gethitlarge00.ogg	c15dc7d41488dd21f2e331b16ebdbf36	11297
mods/heroes.stormmod/enus.stormassets/localizeddata/sounds/vo/medivhbase_vox_gethitlarge01.fxe	e9638483e8ecb5d0cc8870643386bdf6	1825
mods/heroes.stormmod/enus.stormassets/localizeddata/sounds/vo/medivhbase_vox_gethitlarge01.ogg	2e1d63e172a84958c2706836dc514980	14618
mods/heroes.stormmod/enus.stormassets/localizeddata/sounds/vo/medivhbase_vox_gethitlarge02.fxe	3ea2933c090af8455f4d9ff23909ebec	1569
mods/heroes.stormmod/enus.stormassets/localizeddata/sounds/vo/medivhbase_vox_gethitlarge02.ogg	839eed264965d1c4f82c806b2c451585	13734
mods/heroes.stormmod/enus.stormassets/localizeddata/sounds/vo/medivhbase_vox_gethitlarge03.fxe	5df026730e4faf5f6907386513380a34	1201
mods/heroes.stormmod/enus.stormassets/localizeddata/sounds/vo/medivhbase_vox_gethitlarge03.ogg	07588b9b61d243f43ca47e3699b83c73	10844
mods/heroes.stormmod/enus.stormassets/localizeddata/sounds/vo/medivhbase_vox_gethitlarge04.fxe	5d06168e714131aaf9a891a7bf575e35	1233
mods/heroes.stormmod/enus.stormassets/localizeddata/sounds/vo/medivhbase_vox_gethitlarge04.ogg	f5115b211b5067026c6e3c840b05e3a9	14032
mods/heroes.stormmod/enus.stormassets/localizeddata/sounds/vo/medivhbase_vox_gethitlarge05.fxe	d02b6c07d2527d9daeb8135265d340c8	1345
mods/heroes.stormmod/enus.stormassets/localizeddata/sounds/vo/medivhbase_vox_gethitlarge05.ogg	965bc7ccb749cd1d9ba1dae0726df78c	13353
mods/heroes.stormmod/enus.stormassets/localizeddata/sounds/vo/medivhbase_vox_gethitsmall00.fxe	ece8892decb1d437cb56e365040f0c7a	1153
mods/heroes.stormmod/enus.stormassets/localizeddata/sounds/vo/medivhbase_vox_gethitsmall00.ogg	4531540d2bda24a272378de04ad7a871	8764
mods/heroes.stormmod/enus.stormassets/localizeddata/sounds/vo/medivhbase_vox_gethitsmall01.fxe	244c86a2895d23622d4831ea2694de8b	1201
mods/heroes.stormmod/enus.stormassets/localizeddata/sounds/vo/medivhbase_vox_gethitsmall01.ogg	d309c5696e49b3b7431af3ffc8da97b5	9574
mods/heroes.stormmod/enus.stormassets/localizeddata/sounds/vo/medivhbase_vox_gethitsmall03.fxe	a32a4b7df24121df933b2c785c98db48	737
mods/heroes.stormmod/enus.stormassets/localizeddata/sounds/vo/medivhbase_vox_gethitsmall03.ogg	037ac00929085bb60b65759d82df8583	10744
mods/heroes.stormmod/enus.stormassets/localizeddata/sounds/vo/medivhbase_vox_gethitsmall04.fxe	9aa737a0ef02ee12444f4c9cf0cf65f0	1073
mods/heroes.stormmod/enus.stormassets/localizeddata/sounds/vo/medivhbase_vox_gethitsmall04.ogg	f1f5795ed2904ced9b1897e200f792c9	11360
mods/heroes.stormmod/enus.stormassets/localizeddata/sounds/vo/medivhbase_vox_gethitsmall05.fxe	e602b9b28c0665b6d58496ce3d6bcc47	865
mods/heroes.stormmod/enus.stormassets/localizeddata/sounds/vo/medivhbase_vox_gethitsmall05.ogg	2410d9f1ee1191c0c3cf6c152dd8c8aa	8387
mods/heroes.stormmod/enus.stormassets/localizeddata/sounds/vo/medivhbase_vox_gethitsmall06.fxe	fdb22a1b7a8f50aba6316249cd278e8a	1073
mods/heroes.stormmod/enus.stormassets/localizeddata/sounds/vo/medivhbase_vox_gethitsmall06.ogg	667c67bd7fcdd178e8c780561f8a79ff	8220
mods/heroes.stormmod/enus.stormassets/localizeddata/sounds/vo/medivhbase_vox_pulled00.fxe	c01fea3ba5db40bfd3526c1e4726ef29	988
mods/heroes.stormmod/enus.stormassets/localizeddata/sounds/vo/medivhbase_vox_pulled00.ogg	79468f1e23df0b697ab9c913e57501bf	10121
mods/heroes.stormmod/enus.stormassets/localizeddata/sounds/vo/medivhbase_vox_pulled01.fxe	a2fe63980abfe643c2616169be5bc3fd	1372
mods/heroes.stormmod/enus.stormassets/localizeddata/sounds/vo/medivhbase_vox_pulled01.ogg	29a0d0f37b348bd7094fe882fee2d736	11443
mods/heroes.stormmod/enus.stormassets/localizeddata/sounds/vo/medivhbase_vox_pulled02.fxe	b63b9cb6ad6cae1cede92c8c28fdb8f5	1276
mods/heroes.stormmod/enus.stormassets/localizeddata/sounds/vo/medivhbase_vox_pulled02.ogg	9b2199cf8585a7b8e3e88aaca3d1421d	11665
mods/heroes.stormmod/enus.stormassets/localizeddata/sounds/vo/medivhbase_vox_pulled03.fxe	babf225c435c10743708b923ecd2ead1	972
mods/heroes.stormmod/enus.stormassets/localizeddata/sounds/vo/medivhbase_vox_pulled03.ogg	63056c60dcf002cdcf0675c2413418b7	9950
mods/heroes.stormmod/enus.stormassets/localizeddata/sounds/vo/medivhbase_vox_pulled04.fxe	f07c5c51f47d5bc79af7b9bfcafa6dff	1148
mods/heroes.stormmod/enus.stormassets/localizeddata/sounds/vo/medivhbase_vox_pulled04.ogg	a98461258a77d267098fcd6aa16abcbe	11280
mods/heroes.stormmod/enus.stormassets/localizeddata/sounds/vo/medivhbase_vox_ui_spun00.fxe	f051d0cd63e915fe3b3e7be7fd1d48fd	1517
mods/heroes.stormmod/enus.stormassets/localizeddata/sounds/vo/medivhbase_vox_ui_spun00.ogg	c670202a7e1944e6c132271b134aa951	16407
mods/heroes.stormmod/enus.stormassets/localizeddata/sounds/vo/medivhbase_vox_ui_spun01.fxe	429ebb829875ae62d2a3c04a00d8d726	1405
mods/heroes.stormmod/enus.stormassets/localizeddata/sounds/vo/medivhbase_vox_ui_spun01.ogg	d0144f8dd28e3baa2d94a0567916906c	18299
mods/heroes.stormmod/enus.stormassets/localizeddata/sounds/vo/medivhbase_vox_ui_spun02.fxe	e79bbb6bea91fd56b0045f1366d240c4	1517
mods/heroes.stormmod/enus.stormassets/localizeddata/sounds/vo/medivhbase_vox_ui_spun02.ogg	17d521890f45f12c714e5949bf7c5aab	18071
mods/heroes.stormmod/enus.stormassets/localizeddata/sounds/vo/medivhbase_worthit00.fxe	cae2f425f313dcca9cad747a75fbe633	3177
mods/heroes.stormmod/enus.stormassets/localizeddata/sounds/vo/medivhbase_worthit00.ogg	56b240e1457a708937e8df10afde4eb0	45113
mods/heroes.stormmod/enus.stormassets/localizeddata/sounds/vo/medivhbase_worthit01.fxe	bf038b65a475623481a400a5f40711e6	2953
mods/heroes.stormmod/enus.stormassets/localizeddata/sounds/vo/medivhbase_worthit01.ogg	0f1954228245a90bf9861df8ba335b1e	45864
mods/heroes.stormmod/enus.stormassets/localizeddata/sounds/vo/medivhbase_yes00.fxe	6392191517eddedf4977cbd746251fed	1221
mods/heroes.stormmod/enus.stormassets/localizeddata/sounds/vo/medivhbase_yes00.ogg	93bb996b0aeefabb32c21897071aa697	16827
mods/heroes.stormmod/enus.stormassets/localizeddata/sounds/vo/medivhbase_yes01.fxe	c116e53264e965fadd1c886a111bdb21	1173
mods/heroes.stormmod/enus.stormassets/localizeddata/sounds/vo/medivhbase_yes01.ogg	b8eb50c3874ec84497a1bc63d9db1ab7	15577
mods/heroes.stormmod/enus.stormassets/localizeddata/sounds/vo/medivhbase_yes02.fxe	f1caa8894efa7193ddfff151cefa3dda	1973
mods/heroes.stormmod/enus.stormassets/localizeddata/sounds/vo/medivhbase_yes02.ogg	0cbb248a9b6bc300bd2a6f74f56afde1	29425
mods/heroes.stormmod/enus.stormassets/localizeddata/sounds/vo/medivhbase_yes03.fxe	d201d6183ff05c79fd18a2fde27f8b74	1797
mods/heroes.stormmod/enus.stormassets/localizeddata/sounds/vo/medivhbase_yes03.ogg	99afdac73d9fcd0d24387c35b039800a	25724
mods/heroes.stormmod/enus.stormassets/localizeddata/sounds/vo/medivhbase_yes04.fxe	8d7a91f46fc4a7e19712f145e25b2a94	2197
mods/heroes.stormmod/enus.stormassets/localizeddata/sounds/vo/medivhbase_yes04.ogg	99b3873cf3dacd3936d50b563a0d3b02	39870
mods/heroes.stormmod/enus.stormassets/localizeddata/sounds/vo/medivhbase_yes05.fxe	8b8ddacafd3a65c5120c93c2fb88dcd4	2133
mods/heroes.stormmod/enus.stormassets/localizeddata/sounds/vo/medivhbase_yes05.ogg	0379f6f570490dbafef88b62a7885c50	30720
mods/heroes.stormmod/enus.stormassets/localizeddata/sounds/vo/medivhbase_yes06.fxe	7127853c42964457b87375336a4d8f0c	1733
mods/heroes.stormmod/enus.stormassets/localizeddata/sounds/vo/medivhbase_yes06.ogg	d6deea04ed3917b561c69fe3a55406ed	25186
mods/heroes.stormmod/enus.stormassets/localizeddata/sounds/vo/medivhbase_yes07.fxe	25925842bdd4d8f2f7f43842344f7b5e	1893
mods/heroes.stormmod/enus.stormassets/localizeddata/sounds/vo/medivhbase_yes07.ogg	76158e49272608b00891d3194b436f8e	26890
mods/heroes.stormmod/enus.stormassets/localizeddata/sounds/vo/medivhbase_yes08.fxe	8faf0c1bdd90742ee0c4f582b1d93860	2053
mods/heroes.stormmod/enus.stormassets/localizeddata/sounds/vo/medivhbase_yes08.ogg	e122a709578cf0407c8ae97db2516a1c	26882
mods/heroes.stormmod/enus.stormassets/localizeddata/sounds/vo/medivhbase_yes09.fxe	219712eda8f07a0b3ed3f9fce2c9be4b	1973
mods/heroes.stormmod/enus.stormassets/localizeddata/sounds/vo/medivhbase_yes09.ogg	e9937110d76517e317e3fe9dde06d725	28702
mods/heroes.stormmod/enus.stormassets/localizeddata/sounds/vo/meiowa_castleattack_blue00.ogg	359526e9557c4b3a454c54be9ec28f13	39349
mods/heroes.stormmod/enus.stormassets/localizeddata/sounds/vo/meiowa_castleattack_red00.ogg	2282d404a03c2643022b5f0c3a39f0d8	41169
mods/heroes.stormmod/enus.stormassets/localizeddata/sounds/vo/meiowa_castleattackally00.ogg	3fb0da3dc34d3813b606993c76606a95	51073
mods/heroes.stormmod/enus.stormassets/localizeddata/sounds/vo/meiowa_castleattackally01.ogg	2e525c11ba092b6a9a137edd4719ae4e	40201
mods/heroes.stormmod/enus.stormassets/localizeddata/sounds/vo/meiowa_countdown10sec00.ogg	77ed4499acca24923671c2d96205e41c	25365
mods/heroes.stormmod/enus.stormassets/localizeddata/sounds/vo/meiowa_countdown1sec00.ogg	b3bec7e17fd5f024e64f6bdc82f96d72	17510
mods/heroes.stormmod/enus.stormassets/localizeddata/sounds/vo/meiowa_countdown2sec00.ogg	47a5ec13bece4435177ba1fb74e9278c	18385
mods/heroes.stormmod/enus.stormassets/localizeddata/sounds/vo/meiowa_countdown3sec00.ogg	4398f0f189def8bbb948d6e25eb4617d	17685
mods/heroes.stormmod/enus.stormassets/localizeddata/sounds/vo/meiowa_countdown4sec00.ogg	8b512e449beaba0cc16f9e8658378ce2	17633
mods/heroes.stormmod/enus.stormassets/localizeddata/sounds/vo/meiowa_countdown5sec00.ogg	603e581b5758cf4680ac21e4b4acc264	17397
mods/heroes.stormmod/enus.stormassets/localizeddata/sounds/vo/meiowa_countdownremain00.ogg	5dfde77b179cdeb3d79f0961c5866c7a	34126
mods/heroes.stormmod/enus.stormassets/localizeddata/sounds/vo/meiowa_doublekill00.ogg	f2f873882a4b483ad9663e6334ef9cea	23653
mods/heroes.stormmod/enus.stormassets/localizeddata/sounds/vo/meiowa_doublekill01.ogg	492e9464e412ea811b1cd2c7a455a353	22940
mods/heroes.stormmod/enus.stormassets/localizeddata/sounds/vo/meiowa_doublekill02.ogg	63ed4231881631f69e87f4acb09011e9	24772
mods/heroes.stormmod/enus.stormassets/localizeddata/sounds/vo/meiowa_ending_blue00.ogg	a34b96eecb5319fdbe3d0f6627bfd4e5	29275
mods/heroes.stormmod/enus.stormassets/localizeddata/sounds/vo/meiowa_ending_red00.ogg	f9d8b580adfde46278c0f945233200ad	28276
mods/heroes.stormmod/enus.stormassets/localizeddata/sounds/vo/meiowa_endinglose00.ogg	83434869c64f11114088aaa4091e366f	43125
mods/heroes.stormmod/enus.stormassets/localizeddata/sounds/vo/meiowa_endinglose01.ogg	67e54940d347cf0e4abfbef9204f77ca	54796
mods/heroes.stormmod/enus.stormassets/localizeddata/sounds/vo/meiowa_endinglose02.ogg	ddc93ff0c9bf63e3d063ca53ddc4b152	45486
mods/heroes.stormmod/enus.stormassets/localizeddata/sounds/vo/meiowa_endingwin00.ogg	06223a59111f7a2b52c39cab59c3c99d	48176
mods/heroes.stormmod/enus.stormassets/localizeddata/sounds/vo/meiowa_endingwin01.ogg	e89c96289ba667fcde0b5a355561eea1	37523
mods/heroes.stormmod/enus.stormassets/localizeddata/sounds/vo/meiowa_endingwin02.ogg	49540407f0f220a42b8ef9db4fabe3bb	66462
mods/heroes.stormmod/enus.stormassets/localizeddata/sounds/vo/meiowa_firstblood_blue00.ogg	24924bc7c445e32fbbf50aec9cb85a74	40825
mods/heroes.stormmod/enus.stormassets/localizeddata/sounds/vo/meiowa_firstblood_red00.ogg	b075f3c421b0df6beef625fc336df829	41860
mods/heroes.stormmod/enus.stormassets/localizeddata/sounds/vo/meiowa_firstbloodally00.ogg	46a99dcce4bfd8254ea06727d03ac8eb	26921
mods/heroes.stormmod/enus.stormassets/localizeddata/sounds/vo/meiowa_fourkill00.ogg	0a37a5ff89b56fda07a3634f69c8e14b	29291
mods/heroes.stormmod/enus.stormassets/localizeddata/sounds/vo/meiowa_gamestart00.ogg	97435cc6221ce277b8a0bada5c6c55e9	35384
mods/heroes.stormmod/enus.stormassets/localizeddata/sounds/vo/meiowa_gamestart01.ogg	6f0cb7b08f46db3657da8910ec2c602d	28263
mods/heroes.stormmod/enus.stormassets/localizeddata/sounds/vo/meiowa_gamestart02.ogg	ff84e431813578049fc142534aee289e	25763
mods/heroes.stormmod/enus.stormassets/localizeddata/sounds/vo/meiowa_gravestomp00.ogg	6f247c1ab4b61a7793c8d0fa07eba432	26377
mods/heroes.stormmod/enus.stormassets/localizeddata/sounds/vo/meiowa_gravestomp_observer00.ogg	2ed0e7f438428a70ed02de29b3b543a2	24983
mods/heroes.stormmod/enus.stormassets/localizeddata/sounds/vo/meiowa_herokill00.ogg	4f63f4dcdd8f4f0c249d658f162313e8	26810
mods/heroes.stormmod/enus.stormassets/localizeddata/sounds/vo/meiowa_herokill01.ogg	2361a233619c7ebd8023239bf554b342	35626
mods/heroes.stormmod/enus.stormassets/localizeddata/sounds/vo/meiowa_herokill02.ogg	5b7f158a2d2c321da298767fdee99cac	65563
mods/heroes.stormmod/enus.stormassets/localizeddata/sounds/vo/meiowa_herokill03.ogg	96ab8aebbf9a6f4875660cae82274562	34233
mods/heroes.stormmod/enus.stormassets/localizeddata/sounds/vo/meiowa_herokill04.ogg	e93534debefe2e4732467c5c8c25c213	44199
mods/heroes.stormmod/enus.stormassets/localizeddata/sounds/vo/meiowa_herokill05.ogg	b3c7ebc5cae892e363777f91dddee304	30236
mods/heroes.stormmod/enus.stormassets/localizeddata/sounds/vo/meiowa_herokill06.ogg	26a015d307418a6d433341ef1733ff2e	35740
mods/heroes.stormmod/enus.stormassets/localizeddata/sounds/vo/meiowa_heroselect00.ogg	0c62be7905e8ec9508294ed66469b45a	55088
mods/heroes.stormmod/enus.stormassets/localizeddata/sounds/vo/meiowa_heroselect_observer00.ogg	74344ed4ae81a53282a52e742a773ebf	58869
mods/heroes.stormmod/enus.stormassets/localizeddata/sounds/vo/meiowa_heroselectplayer00.ogg	535a2a1165461249b33b18515aac3f8b	80714
mods/heroes.stormmod/enus.stormassets/localizeddata/sounds/vo/meiowa_heroselectplayer01.ogg	a4fcf10fc9c5b69ed5d1c2cf5df3cefe	43177
mods/heroes.stormmod/enus.stormassets/localizeddata/sounds/vo/meiowa_heroselectplayer02.ogg	07930eb91b244588baf80659a5c973df	93617
mods/heroes.stormmod/enus.stormassets/localizeddata/sounds/vo/meiowa_heroslain00.ogg	6c6ce79ae5bd8e47f742c4977981d11c	44631
mods/heroes.stormmod/enus.stormassets/localizeddata/sounds/vo/meiowa_heroslain01.ogg	a9e096f407d67aa814db6db41e7a11a9	44644
mods/heroes.stormmod/enus.stormassets/localizeddata/sounds/vo/meiowa_heroslain02.ogg	4413d46ccba6123ba016b237aa82179c	65220
mods/heroes.stormmod/enus.stormassets/localizeddata/sounds/vo/meiowa_heroslain03.ogg	98c9615a1c32c39916a49b6bb6235bfe	50851
mods/heroes.stormmod/enus.stormassets/localizeddata/sounds/vo/meiowa_heroslain04.ogg	8b5c7ef36cc81371a9d9b883271e23c8	61667
mods/heroes.stormmod/enus.stormassets/localizeddata/sounds/vo/meiowa_keepdestroy00.ogg	fdaf0aae51f4864e69d101d23b5118d9	28118
mods/heroes.stormmod/enus.stormassets/localizeddata/sounds/vo/meiowa_keepdestroy01.ogg	dcb3495650792e4ebfc6205e9b201aad	66930
mods/heroes.stormmod/enus.stormassets/localizeddata/sounds/vo/meiowa_keepdestroy02.ogg	b84595b94946b428ccb27b2e97ef3432	49434
mods/heroes.stormmod/enus.stormassets/localizeddata/sounds/vo/meiowa_keepdestroy_blue00.ogg	273ca7f6d8da35c317c638a28c805143	39272
mods/heroes.stormmod/enus.stormassets/localizeddata/sounds/vo/meiowa_keepdestroy_red00.ogg	9896f9cfba74c1f3aa4667c2992aea7e	39482
mods/heroes.stormmod/enus.stormassets/localizeddata/sounds/vo/meiowa_keeplost00.ogg	5dbbd0c9e418f3dc646e0ab9435cdc6a	24043
mods/heroes.stormmod/enus.stormassets/localizeddata/sounds/vo/meiowa_keeplost01.ogg	1261a50ba5967d3f4cd7c09d3fe5607b	73336
mods/heroes.stormmod/enus.stormassets/localizeddata/sounds/vo/meiowa_keeplost02.ogg	50b7b5a4681402283ac6713b7e1ec5de	59997
mods/heroes.stormmod/enus.stormassets/localizeddata/sounds/vo/meiowa_kill_observer00.ogg	55e49c6659d193b42fb9a93f166a0938	26563
mods/heroes.stormmod/enus.stormassets/localizeddata/sounds/vo/meiowa_kill_observer01.ogg	14e72f30bc824f6d8db3977139fa8d79	35686
mods/heroes.stormmod/enus.stormassets/localizeddata/sounds/vo/meiowa_kill_observer02.ogg	91a9ed27c65c4e201a7caf64b62b88e2	30311
mods/heroes.stormmod/enus.stormassets/localizeddata/sounds/vo/meiowa_kill_observer03.ogg	2fbdd4a6fcfe9eb3254926b91c40971f	65163
mods/heroes.stormmod/enus.stormassets/localizeddata/sounds/vo/meiowa_kill_observer04.ogg	2ee475462735cb46ede0bcdd149663a3	30963
mods/heroes.stormmod/enus.stormassets/localizeddata/sounds/vo/meiowa_megakill00.ogg	2ba0e85699e8f35ca75969fa858ab954	55349
mods/heroes.stormmod/enus.stormassets/localizeddata/sounds/vo/meiowa_outpostdestroy00.ogg	59220e56a5317faab62414654d4a8fe0	25608
mods/heroes.stormmod/enus.stormassets/localizeddata/sounds/vo/meiowa_outpostdestroy01.ogg	ea53b518fc319f057433d17e3dc81923	52410
mods/heroes.stormmod/enus.stormassets/localizeddata/sounds/vo/meiowa_outpostdestroy02.ogg	e1d2ffb3635b49df2cf9be348c538da6	62706
mods/heroes.stormmod/enus.stormassets/localizeddata/sounds/vo/meiowa_outpostdestroy03.ogg	1676c92b5871dbeda8ec6db63e1ef4b5	33504
mods/heroes.stormmod/enus.stormassets/localizeddata/sounds/vo/meiowa_outpostdestroy04.ogg	ca1940475324d5fe3e57e640ad4e2be1	33569
mods/heroes.stormmod/enus.stormassets/localizeddata/sounds/vo/meiowa_outpostdestroy_blue00.ogg	ce8689c44859379312721a25b82756ce	41236
mods/heroes.stormmod/enus.stormassets/localizeddata/sounds/vo/meiowa_outpostdestroy_red00.ogg	23eae741bb1efef0312194311925690e	41171
mods/heroes.stormmod/enus.stormassets/localizeddata/sounds/vo/meiowa_outpostlost00.ogg	d0cf24a8cff88421c2f38e78d29b9a83	24163
mods/heroes.stormmod/enus.stormassets/localizeddata/sounds/vo/meiowa_outpostlost01.ogg	cdc90d6edad1099bd3b94f96eecf1e7d	58143
mods/heroes.stormmod/enus.stormassets/localizeddata/sounds/vo/meiowa_outpostlost02.ogg	02324c22441fb2eac561a29f3c26e972	77077
mods/heroes.stormmod/enus.stormassets/localizeddata/sounds/vo/meiowa_outpostlost03.ogg	96e0968a3f548e8a978acd02c8d2b273	60823
mods/heroes.stormmod/enus.stormassets/localizeddata/sounds/vo/meiowa_outpostlost04.ogg	245cf20b2c66f04af14f449ccffefca0	41109
mods/heroes.stormmod/enus.stormassets/localizeddata/sounds/vo/meiowa_playerabandon00.ogg	c55b81eda9a97d28876f33b080c8da7a	36721
mods/heroes.stormmod/enus.stormassets/localizeddata/sounds/vo/meiowa_playerrejoin00.ogg	502ef1a8648a34f329c486d5ab58a604	40676
mods/heroes.stormmod/enus.stormassets/localizeddata/sounds/vo/meiowa_revive00.ogg	65db9c7121bacc2d7d2047ce610efc3d	26337
mods/heroes.stormmod/enus.stormassets/localizeddata/sounds/vo/meiowa_revive_observer00.ogg	8420888d0b11112050f2d6c99ecff9cb	26764
mods/heroes.stormmod/enus.stormassets/localizeddata/sounds/vo/meiowa_spreeend00.ogg	3b417b169a38e47209e7f6551a5c10a4	56431
mods/heroes.stormmod/enus.stormassets/localizeddata/sounds/vo/meiowa_spreeend_ally00.ogg	7ffd88bd4ddab240f623a23276d94a05	68678
mods/heroes.stormmod/enus.stormassets/localizeddata/sounds/vo/meiowa_spreefirstupgrade00.ogg	40f147db4972ccf67e274a8312f5d8b0	23134
mods/heroes.stormmod/enus.stormassets/localizeddata/sounds/vo/meiowa_spreemax00.ogg	48988b2bbfba0e6acaf257014d570697	69099
mods/heroes.stormmod/enus.stormassets/localizeddata/sounds/vo/meiowa_spreesecondupgrade00.ogg	5b976765d887e2ce39a458d286cd3a3a	24508
mods/heroes.stormmod/enus.stormassets/localizeddata/sounds/vo/meiowa_spreestart00.ogg	49ab9921fbd46c58cac48875150553ae	22258
mods/heroes.stormmod/enus.stormassets/localizeddata/sounds/vo/meiowa_spreethirdupgrade00.ogg	2eba1bfce4d602973a024455b9c3b04d	45022
mods/heroes.stormmod/enus.stormassets/localizeddata/sounds/vo/meiowa_talentunlock00.ogg	2d5c007594278738539b287299f74f39	22778
mods/heroes.stormmod/enus.stormassets/localizeddata/sounds/vo/meiowa_talentunlock01.ogg	4f5e13614ed69e0c45b8501fd87fa98f	22466
mods/heroes.stormmod/enus.stormassets/localizeddata/sounds/vo/meiowa_talentunlock02.ogg	0935145b2ec9a14339db9d7e2d7bfeb8	23247
mods/heroes.stormmod/enus.stormassets/localizeddata/sounds/vo/meiowa_teamkill00.ogg	51d0dd31fdd7b0b6a212d44a0db94eeb	41318
mods/heroes.stormmod/enus.stormassets/localizeddata/sounds/vo/meiowa_teamkill_blue00.ogg	129c6524d50cacf2664943897f00914d	35046
mods/heroes.stormmod/enus.stormassets/localizeddata/sounds/vo/meiowa_teamkill_red00.ogg	ad3d105e079fc87bb0534af2fe2783cf	35355
mods/heroes.stormmod/enus.stormassets/localizeddata/sounds/vo/meiowa_triplekill00.ogg	70fc6a5c4ae9dc7d99275da4743f9ab8	24661
mods/heroes.stormmod/enus.stormassets/localizeddata/sounds/vo/meiowa_triplekill01.ogg	768c23a0bc00894b7714cafbe8b19832	57461
mods/heroes.stormmod/enus.stormassets/localizeddata/sounds/vo/meiowa_triplekill02.ogg	61c2ef35c396ff9f345e2420be0da8b2	50507
mods/heroes.stormmod/enus.stormassets/localizeddata/sounds/vo/meiowbase__ultimate2usedaenemy00.ogg	3b4f7a584ca0cfa87e9fd0acfb0ffc60	50348
mods/heroes.stormmod/enus.stormassets/localizeddata/sounds/vo/meiowbase__ultimate2usedally00.ogg	0f32ba8d60dd4419a3edf0595c0bdb23	31849
mods/heroes.stormmod/enus.stormassets/localizeddata/sounds/vo/meiowbase_ai_attack00.ogg	d8bf71dfb44a13e898493f2541bee38e	18374
mods/heroes.stormmod/enus.stormassets/localizeddata/sounds/vo/meiowbase_ai_attack01.ogg	26576608e33827a1be84acd84e4283e2	21360
mods/heroes.stormmod/enus.stormassets/localizeddata/sounds/vo/meiowbase_ai_attack02.ogg	b63009023ee12d9543ddd3bc6f31cb4f	15650
mods/heroes.stormmod/enus.stormassets/localizeddata/sounds/vo/meiowbase_ai_attack03.ogg	3485d6a1c19c2a3d7309c0c7f494819a	37271
mods/heroes.stormmod/enus.stormassets/localizeddata/sounds/vo/meiowbase_ai_caution00.ogg	072c2e1ded20fe050f8020d0184a6577	14249
mods/heroes.stormmod/enus.stormassets/localizeddata/sounds/vo/meiowbase_ai_caution01.ogg	4758100a09521752afe646c0993125fa	18749
mods/heroes.stormmod/enus.stormassets/localizeddata/sounds/vo/meiowbase_ai_caution02.ogg	c24b1acb477c6b022f266be3b06873c6	18585
mods/heroes.stormmod/enus.stormassets/localizeddata/sounds/vo/meiowbase_ai_goodjob00.ogg	0450ded9f9b30be1389c9d4ac8d1dc6d	21900
mods/heroes.stormmod/enus.stormassets/localizeddata/sounds/vo/meiowbase_ai_goodjob01.ogg	b692b2dca0b1bb1300329e75fd35802f	19594
mods/heroes.stormmod/enus.stormassets/localizeddata/sounds/vo/meiowbase_ai_goodjob02.ogg	9e70f72715f4cac943c14c3112f024d8	17055
mods/heroes.stormmod/enus.stormassets/localizeddata/sounds/vo/meiowbase_ai_heal00.ogg	2225f9b00766d1785dd9c256b5564728	41531
mods/heroes.stormmod/enus.stormassets/localizeddata/sounds/vo/meiowbase_ai_heal01.ogg	8d728db0424fa839c434a9d3fece93bb	38136
mods/heroes.stormmod/enus.stormassets/localizeddata/sounds/vo/meiowbase_ai_retreat00.ogg	37271d46c0251323b68fcf16ad8b7343	23936
mods/heroes.stormmod/enus.stormassets/localizeddata/sounds/vo/meiowbase_ai_retreat01.ogg	3d13acac9714f579439881bae96e161a	15313
mods/heroes.stormmod/enus.stormassets/localizeddata/sounds/vo/meiowbase_ai_uhoh00.ogg	fecbe938c2c78fe81779544ec28cc38b	14165
mods/heroes.stormmod/enus.stormassets/localizeddata/sounds/vo/meiowbase_ai_uhoh01.ogg	f286e075cdea351572b589ed79d1e0d1	22457
mods/heroes.stormmod/enus.stormassets/localizeddata/sounds/vo/meiowbase_ai_uhoh02.ogg	a22cc1f5d6fa52808faab3df0df77730	18619
mods/heroes.stormmod/enus.stormassets/localizeddata/sounds/vo/meiowbase_ai_uhoh03.ogg	f001bfeba844858b02635d5894c69f04	20485
mods/heroes.stormmod/enus.stormassets/localizeddata/sounds/vo/meiowbase_ai_uhoh04.ogg	005c62b0586bba81c343d68b41b01ada	12482
mods/heroes.stormmod/enus.stormassets/localizeddata/sounds/vo/meiowbase_ai_uhoh05.ogg	cf95a42ee507bcf133c41abef51497b2	21547
mods/heroes.stormmod/enus.stormassets/localizeddata/sounds/vo/meiowbase_attack00.ogg	297e715f1416e8a54efda193af99e26d	16591
mods/heroes.stormmod/enus.stormassets/localizeddata/sounds/vo/meiowbase_attack01.ogg	a80676f3eef43f56dc816db57444d3cf	15531
mods/heroes.stormmod/enus.stormassets/localizeddata/sounds/vo/meiowbase_attack02.ogg	a82fc3bf96e9277ed225ab6191b1f8b8	18444
mods/heroes.stormmod/enus.stormassets/localizeddata/sounds/vo/meiowbase_attack03.ogg	10cf459837f227d13169ef01ed910f82	21486
mods/heroes.stormmod/enus.stormassets/localizeddata/sounds/vo/meiowbase_attack04.ogg	1eb139486a2f033284b51064b1ab788a	20313
mods/heroes.stormmod/enus.stormassets/localizeddata/sounds/vo/meiowbase_attack05.ogg	2c65ba00464ce717b66c8e581ee6cdc3	31016
mods/heroes.stormmod/enus.stormassets/localizeddata/sounds/vo/meiowbase_attack06.ogg	2df95dde990f75f9b302cc0dd3f38350	19744
mods/heroes.stormmod/enus.stormassets/localizeddata/sounds/vo/meiowbase_celebrate00.ogg	fb30ef3b78d1293673f6b2ee888be4d7	16270
mods/heroes.stormmod/enus.stormassets/localizeddata/sounds/vo/meiowbase_celebrate01.ogg	54231e16aa1de3003a8b7a38cba9e8f6	20572
mods/heroes.stormmod/enus.stormassets/localizeddata/sounds/vo/meiowbase_comeback00.ogg	ec30dc44957d80f0b20d222639bff437	27492
mods/heroes.stormmod/enus.stormassets/localizeddata/sounds/vo/meiowbase_death00.wav	71a0a9c460b87793c25e747ae86651ee	37436
mods/heroes.stormmod/enus.stormassets/localizeddata/sounds/vo/meiowbase_death01.wav	e2cb905423633d5e5c84a682b9e3afe1	42812
mods/heroes.stormmod/enus.stormassets/localizeddata/sounds/vo/meiowbase_death02.wav	8834bea3478653e355f2d6c89cdd2e25	44092
mods/heroes.stormmod/enus.stormassets/localizeddata/sounds/vo/meiowbase_death03.wav	55eec6012c123d6002cdc8b811c41f8a	46140
mods/heroes.stormmod/enus.stormassets/localizeddata/sounds/vo/meiowbase_death04.wav	56a3fa96958b70604676056ad332c895	40252
mods/heroes.stormmod/enus.stormassets/localizeddata/sounds/vo/meiowbase_death05.wav	ed908dad0f6cdbb6fb774e8c96e3bc79	47164
mods/heroes.stormmod/enus.stormassets/localizeddata/sounds/vo/meiowbase_flashfreeze00.ogg	44eaae65ad3e6bcf574a97f4fa464194	15471
mods/heroes.stormmod/enus.stormassets/localizeddata/sounds/vo/meiowbase_flashfreeze01.ogg	6454d32fe4e642e342f59399c4807c26	17037
mods/heroes.stormmod/enus.stormassets/localizeddata/sounds/vo/meiowbase_flashfreeze02.ogg	5ed7d919f6a13e5d6ea663373dd9d18c	12643
mods/heroes.stormmod/enus.stormassets/localizeddata/sounds/vo/meiowbase_flashfreeze03.ogg	e6676fa011a6b099411f91511f131173	13784
mods/heroes.stormmod/enus.stormassets/localizeddata/sounds/vo/meiowbase_flashfreeze04.ogg	2f0e3e46799c12edf38f7942df5aca4e	15450
mods/heroes.stormmod/enus.stormassets/localizeddata/sounds/vo/meiowbase_flashfreeze05.ogg	0210b128f6f9e3f4f6d7762e16aa07f1	11802
mods/heroes.stormmod/enus.stormassets/localizeddata/sounds/vo/meiowbase_flashunfreeze00.ogg	5167e12851d567be2c826c60b9d6ce1d	15490
mods/heroes.stormmod/enus.stormassets/localizeddata/sounds/vo/meiowbase_flashunfreeze01.ogg	b9b67386a74a6c112447d17727dcdb3a	24389
mods/heroes.stormmod/enus.stormassets/localizeddata/sounds/vo/meiowbase_flashunfreeze02.ogg	7f13384bbd234a5b9a5570f8e696ef14	14651
mods/heroes.stormmod/enus.stormassets/localizeddata/sounds/vo/meiowbase_healed00.ogg	fc61f8d6543a50ab5cbc67a6c297ea6b	29813
mods/heroes.stormmod/enus.stormassets/localizeddata/sounds/vo/meiowbase_healed01.ogg	5b9dcb85cf8cae276ec15422caad22d1	14617
mods/heroes.stormmod/enus.stormassets/localizeddata/sounds/vo/meiowbase_healed02.ogg	99e351e372746d76c78d8de4db062a8d	16886
mods/heroes.stormmod/enus.stormassets/localizeddata/sounds/vo/meiowbase_healed03.ogg	9663dd8ae13b7e5358810b6c1ea6310a	12808
mods/heroes.stormmod/enus.stormassets/localizeddata/sounds/vo/meiowbase_healed04.ogg	241526e848fc93e24bcdbda88b3805aa	16879
mods/heroes.stormmod/enus.stormassets/localizeddata/sounds/vo/meiowbase_introagree00.ogg	e74aba984ffd8ac14fa4d78b458693ca	13954
mods/heroes.stormmod/enus.stormassets/localizeddata/sounds/vo/meiowbase_introagree01.ogg	1798a96da232a37133e684f61e4aab34	31477
mods/heroes.stormmod/enus.stormassets/localizeddata/sounds/vo/meiowbase_introagree02.ogg	90e75beeabd22fae4883444dcf170ba9	22222
mods/heroes.stormmod/enus.stormassets/localizeddata/sounds/vo/meiowbase_introagree03.ogg	e1023cc7878d0aa7314f93f572b53226	22078
mods/heroes.stormmod/enus.stormassets/localizeddata/sounds/vo/meiowbase_introboast00.ogg	2472193f6d95914a8d45d685ea6472af	26419
mods/heroes.stormmod/enus.stormassets/localizeddata/sounds/vo/meiowbase_introboast01.ogg	ca0749e8fe9c5da033c08321d50abadc	20981
mods/heroes.stormmod/enus.stormassets/localizeddata/sounds/vo/meiowbase_introquestion00.ogg	4c2b943a6eff09fe17d36d8a85488586	29983
mods/heroes.stormmod/enus.stormassets/localizeddata/sounds/vo/meiowbase_introquestion01.ogg	c40b2478da2d07892dbbd5e312c57ce5	42337
mods/heroes.stormmod/enus.stormassets/localizeddata/sounds/vo/meiowbase_introquestion_ana00.ogg	60326c96f4087b800ef253343f5ad4e1	66883
mods/heroes.stormmod/enus.stormassets/localizeddata/sounds/vo/meiowbase_introquestion_arthas00.ogg	a99ee7f6c954ad9d27af9a9d91f080b3	51457
mods/heroes.stormmod/enus.stormassets/localizeddata/sounds/vo/meiowbase_introquestion_blaze00.ogg	255839cac7a3920253639d08a4c14d5c	39329
mods/heroes.stormmod/enus.stormassets/localizeddata/sounds/vo/meiowbase_introquestion_brightwing00.ogg	0d6eab65e55d3ae793ad864b703da837	86210
mods/heroes.stormmod/enus.stormassets/localizeddata/sounds/vo/meiowbase_introquestion_chromie00.ogg	34f5ee49e5e02b59a21979cfe781069b	44153
mods/heroes.stormmod/enus.stormassets/localizeddata/sounds/vo/meiowbase_introquestion_d.va00.ogg	c48d787aa11d3550f9e5ae223c1b0a14	54291
mods/heroes.stormmod/enus.stormassets/localizeddata/sounds/vo/meiowbase_introquestion_evil00.ogg	d69ccb72e4ab1b2145fc84c3a7badca1	41400
mods/heroes.stormmod/enus.stormassets/localizeddata/sounds/vo/meiowbase_introquestion_evil01.ogg	788b724c058a1c3d26ce2456d6aed564	31462
mods/heroes.stormmod/enus.stormassets/localizeddata/sounds/vo/meiowbase_introquestion_evil02.ogg	42a63e0addababddc1c78ff91452155f	47917
mods/heroes.stormmod/enus.stormassets/localizeddata/sounds/vo/meiowbase_introquestion_genji00.ogg	9a6539e0e4f5b3aa1cbc0f7e6564c615	59130
mods/heroes.stormmod/enus.stormassets/localizeddata/sounds/vo/meiowbase_introquestion_jaina00.ogg	b10b4ce56db9f82ebc0f6c34db4b356d	56788
mods/heroes.stormmod/enus.stormassets/localizeddata/sounds/vo/meiowbase_introquestion_junkrat00.ogg	d53834cbd483e4f49b3ca0f91cd1a4f7	56332
mods/heroes.stormmod/enus.stormassets/localizeddata/sounds/vo/meiowbase_introquestion_kel'thuzad00.ogg	4b307dc19886a896fb14456998798479	56219
mods/heroes.stormmod/enus.stormassets/localizeddata/sounds/vo/meiowbase_introquestion_lili00.ogg	6581d7846a39874a1a4a4437dc82b816	34304
mods/heroes.stormmod/enus.stormassets/localizeddata/sounds/vo/meiowbase_introquestion_lucio00.ogg	421236280cb10aca721d8c1663e80ed5	51195
mods/heroes.stormmod/enus.stormassets/localizeddata/sounds/vo/meiowbase_introquestion_mccree00.ogg	c99c430868a9b43bda631d459043b3ec	31652
mods/heroes.stormmod/enus.stormassets/localizeddata/sounds/vo/meiowbase_introquestion_mercy00.ogg	52275a9f83550c9fc00c2b30ab170987	47254
mods/heroes.stormmod/enus.stormassets/localizeddata/sounds/vo/meiowbase_introquestion_murky00.ogg	3ed7729da6c8552ff12cd4033b0ccd99	57122
mods/heroes.stormmod/enus.stormassets/localizeddata/sounds/vo/meiowbase_introquestion_negative00.ogg	fb16a2df924f3215e84e87911fc62654	23134
mods/heroes.stormmod/enus.stormassets/localizeddata/sounds/vo/meiowbase_introquestion_negative01.ogg	97395f011b59910ee901d0ba439a1945	33416
mods/heroes.stormmod/enus.stormassets/localizeddata/sounds/vo/meiowbase_introquestion_negative02.ogg	13738e4067a031f6cba4585426f7debf	31741
mods/heroes.stormmod/enus.stormassets/localizeddata/sounds/vo/meiowbase_introquestion_pandaren00.ogg	a73233f3d09db8789eeaf700624277b1	56609
mods/heroes.stormmod/enus.stormassets/localizeddata/sounds/vo/meiowbase_introquestion_positive00.ogg	34af8bfd7c727a42fb584f4623c0e680	35088
mods/heroes.stormmod/enus.stormassets/localizeddata/sounds/vo/meiowbase_introquestion_positive01.ogg	d4026ee69c39a1441ab275aaafcf1698	32997
mods/heroes.stormmod/enus.stormassets/localizeddata/sounds/vo/meiowbase_introquestion_positive02.ogg	d7035f3ff4644a6494ff24b484649a75	26612
mods/heroes.stormmod/enus.stormassets/localizeddata/sounds/vo/meiowbase_introquestion_suspicious00.ogg	98ea3f3087f7a76425b6080ae8d250f2	36996
mods/heroes.stormmod/enus.stormassets/localizeddata/sounds/vo/meiowbase_introquestion_tracer00.ogg	0d820e447777b3a5aca56e2cc6de14d2	56473
mods/heroes.stormmod/enus.stormassets/localizeddata/sounds/vo/meiowbase_introquestion_zarya00.ogg	340c14f333e5414f46f0d142044705a5	58524
mods/heroes.stormmod/enus.stormassets/localizeddata/sounds/vo/meiowbase_introrespond00.ogg	71072b35e0e05a68c8f34169c25d88a8	24326
mods/heroes.stormmod/enus.stormassets/localizeddata/sounds/vo/meiowbase_introrespond01.ogg	3931fe2f81e57d13cd2ee5653c30e601	22838
mods/heroes.stormmod/enus.stormassets/localizeddata/sounds/vo/meiowbase_introrespond02.ogg	4181e91b73da2c39fac160ce801a3bd3	27107
mods/heroes.stormmod/enus.stormassets/localizeddata/sounds/vo/meiowbase_introresponse_alarak00.ogg	312be13882c5c5d404cb6290e360239f	27763
mods/heroes.stormmod/enus.stormassets/localizeddata/sounds/vo/meiowbase_introresponse_ana01.ogg	db2356c9ed0efc79fbee6379e8599962	38651
mods/heroes.stormmod/enus.stormassets/localizeddata/sounds/vo/meiowbase_introresponse_angry00.ogg	fde927c10e899dcfebe218bde65e5d3b	24241
mods/heroes.stormmod/enus.stormassets/localizeddata/sounds/vo/meiowbase_introresponse_anti00.ogg	5f753d58e693f4178d4e9338a028594e	26936
mods/heroes.stormmod/enus.stormassets/localizeddata/sounds/vo/meiowbase_introresponse_arthas01.ogg	8062611200e341d4d7605e6d0df7c909	20431
mods/heroes.stormmod/enus.stormassets/localizeddata/sounds/vo/meiowbase_introresponse_autograph00.ogg	65a9b2cb71bf8520513dabad2235019e	22796
mods/heroes.stormmod/enus.stormassets/localizeddata/sounds/vo/meiowbase_introresponse_blaze00.ogg	b8f3f8b80ea6b1f335b8ef1cb3dde680	62968
mods/heroes.stormmod/enus.stormassets/localizeddata/sounds/vo/meiowbase_introresponse_brightwing01.ogg	2335ee05b472126a892839b8a659fd73	35582
mods/heroes.stormmod/enus.stormassets/localizeddata/sounds/vo/meiowbase_introresponse_chromie01.ogg	4b83fcc34db81b19342c7fc456b98ecc	57899
mods/heroes.stormmod/enus.stormassets/localizeddata/sounds/vo/meiowbase_introresponse_confused00.ogg	7f3ff77bb905278103f99f282c2c94c3	20037
mods/heroes.stormmod/enus.stormassets/localizeddata/sounds/vo/meiowbase_introresponse_d.va00.ogg	38ccff8d85a051a2d5eb13bb12e898e8	62469
mods/heroes.stormmod/enus.stormassets/localizeddata/sounds/vo/meiowbase_introresponse_dismiss00.ogg	7a2850aa14d4964d6100ba75fd04055b	28707
mods/heroes.stormmod/enus.stormassets/localizeddata/sounds/vo/meiowbase_introresponse_evil00.ogg	94ea6cc728d75d439d8fd92588a62fa4	28754
mods/heroes.stormmod/enus.stormassets/localizeddata/sounds/vo/meiowbase_introresponse_evil01.ogg	edca7561bcc21983aabcd5de6ca3be5a	30341
mods/heroes.stormmod/enus.stormassets/localizeddata/sounds/vo/meiowbase_introresponse_evil02.ogg	4ccfced07fb120ae3700d74b924130ff	33585
mods/heroes.stormmod/enus.stormassets/localizeddata/sounds/vo/meiowbase_introresponse_excited00.ogg	6665e16a8817847101bb874db1a59795	25306
mods/heroes.stormmod/enus.stormassets/localizeddata/sounds/vo/meiowbase_introresponse_genji01.ogg	edc65a25235bef8412cc48664674c502	53320
mods/heroes.stormmod/enus.stormassets/localizeddata/sounds/vo/meiowbase_introresponse_hanzo00.ogg	e26c9714b36fe9d0b39a490242188ab2	46240
mods/heroes.stormmod/enus.stormassets/localizeddata/sounds/vo/meiowbase_introresponse_hotpot00.ogg	96245c2c2e30bc60318b73463b053f75	33340
mods/heroes.stormmod/enus.stormassets/localizeddata/sounds/vo/meiowbase_introresponse_jaina01.ogg	7e0f7da861933898ec503b46e71eafa0	60841
mods/heroes.stormmod/enus.stormassets/localizeddata/sounds/vo/meiowbase_introresponse_junkrat01.ogg	77041739b1f2deb0ed7b4c613b72a4bf	30586
mods/heroes.stormmod/enus.stormassets/localizeddata/sounds/vo/meiowbase_introresponse_lili00.ogg	97f99ec52deade1d298d5ebb3b6777b9	52048
mods/heroes.stormmod/enus.stormassets/localizeddata/sounds/vo/meiowbase_introresponse_lucio01.ogg	0f889c42035fd953ceb8a74987156445	48194
mods/heroes.stormmod/enus.stormassets/localizeddata/sounds/vo/meiowbase_introresponse_mercy00.ogg	259752c782b61a69546639490a67119b	41849
mods/heroes.stormmod/enus.stormassets/localizeddata/sounds/vo/meiowbase_introresponse_murky00.ogg	c654003744ce9e55a5c7645fc5fad170	36363
mods/heroes.stormmod/enus.stormassets/localizeddata/sounds/vo/meiowbase_introresponse_negative00.ogg	b715708084a76dd90491822f36067c80	31313
mods/heroes.stormmod/enus.stormassets/localizeddata/sounds/vo/meiowbase_introresponse_negative01.ogg	9a1188ef5c2ec1dfb2f38f0555348543	43105
mods/heroes.stormmod/enus.stormassets/localizeddata/sounds/vo/meiowbase_introresponse_negative02.ogg	647a36381687d7a353737aaec2d60872	25391
mods/heroes.stormmod/enus.stormassets/localizeddata/sounds/vo/meiowbase_introresponse_no00.ogg	529ea248a52ed76c62adabd2a1931d14	20071
mods/heroes.stormmod/enus.stormassets/localizeddata/sounds/vo/meiowbase_introresponse_positive00.ogg	a51cd8e731233f5eba7140127fed812f	24989
mods/heroes.stormmod/enus.stormassets/localizeddata/sounds/vo/meiowbase_introresponse_positive01.ogg	67b17361fe77b929c87a9557f1bd4cef	33626
mods/heroes.stormmod/enus.stormassets/localizeddata/sounds/vo/meiowbase_introresponse_positive02.ogg	f70ed44a8dc34e3ad450e26cc62dcdf7	23246
mods/heroes.stormmod/enus.stormassets/localizeddata/sounds/vo/meiowbase_introresponse_science00.ogg	6337dd391f53310efa3d770d130e18f2	29809
mods/heroes.stormmod/enus.stormassets/localizeddata/sounds/vo/meiowbase_introresponse_scientist00.ogg	b3d8db83810c99bb8a1e8b9123428d7b	34668
mods/heroes.stormmod/enus.stormassets/localizeddata/sounds/vo/meiowbase_introresponse_scoff00.ogg	b53d91be792a19ffdd0374c35753c0ce	12943
mods/heroes.stormmod/enus.stormassets/localizeddata/sounds/vo/meiowbase_introresponse_suspicious00.ogg	ad69ab030ea53c9e773db29a4ac0616b	31131
mods/heroes.stormmod/enus.stormassets/localizeddata/sounds/vo/meiowbase_introresponse_tired00.ogg	3b5aa139529c2b008dc926136c1df948	69044
mods/heroes.stormmod/enus.stormassets/localizeddata/sounds/vo/meiowbase_introresponse_toolate00.ogg	424d5551910d969b812333409e82ba20	37348
mods/heroes.stormmod/enus.stormassets/localizeddata/sounds/vo/meiowbase_introresponse_tracer00.ogg	d81edbd2911aadadbc06d11719152545	40900
mods/heroes.stormmod/enus.stormassets/localizeddata/sounds/vo/meiowbase_introresponse_unsure00.ogg	13af2d29c962109efc5039ec3ee0e38d	40681
mods/heroes.stormmod/enus.stormassets/localizeddata/sounds/vo/meiowbase_introresponse_valeera00.ogg	9b6b8b677ef6a22c2be2e643c9992c45	34397
mods/heroes.stormmod/enus.stormassets/localizeddata/sounds/vo/meiowbase_introresponse_zarya01.ogg	3c348919e85599d7ece922111c7d379d	72771
mods/heroes.stormmod/enus.stormassets/localizeddata/sounds/vo/meiowbase_introrevive00.ogg	23eadbbb06c56240491269d84a108248	18846
mods/heroes.stormmod/enus.stormassets/localizeddata/sounds/vo/meiowbase_introrevive01.ogg	09824cc9604d19af0a344efbec84463b	24669
mods/heroes.stormmod/enus.stormassets/localizeddata/sounds/vo/meiowbase_introrevive02.ogg	70f7ec89190a61c8a162843e59c907ff	21897
mods/heroes.stormmod/enus.stormassets/localizeddata/sounds/vo/meiowbase_introrevive03.ogg	bd6ffbb7613527f6c4bfb3a0b4dbdc1d	25827
mods/heroes.stormmod/enus.stormassets/localizeddata/sounds/vo/meiowbase_introrevive04.ogg	37dfc4800310df716e22b714731fbd57	25091
mods/heroes.stormmod/enus.stormassets/localizeddata/sounds/vo/meiowbase_introrevive05.ogg	702e81a2b1d8fa8953d35a35e2a2562b	22564
mods/heroes.stormmod/enus.stormassets/localizeddata/sounds/vo/meiowbase_introrevive06.ogg	fd6d171d86ef91cb8ed370aa6579c19c	15705
mods/heroes.stormmod/enus.stormassets/localizeddata/sounds/vo/meiowbase_introrevive07.ogg	ab575d2923a20f01434e104d315ab976	19911
mods/heroes.stormmod/enus.stormassets/localizeddata/sounds/vo/meiowbase_introrevive08.ogg	d221caf6c1f70d70edfc3aed47fa9d8d	20297
mods/heroes.stormmod/enus.stormassets/localizeddata/sounds/vo/meiowbase_kill00.ogg	9dd671f218754bc2a4a7b1c825c393a7	22784
mods/heroes.stormmod/enus.stormassets/localizeddata/sounds/vo/meiowbase_kill01.ogg	d28e010e96f37bf3109dbca8c70799d9	22259
mods/heroes.stormmod/enus.stormassets/localizeddata/sounds/vo/meiowbase_kill02.ogg	8f5fa681faa7b8cd4d5692576096569f	32136
mods/heroes.stormmod/enus.stormassets/localizeddata/sounds/vo/meiowbase_kill03.ogg	a7e47aa1099d5c33fc54adbdda7862f4	19035
mods/heroes.stormmod/enus.stormassets/localizeddata/sounds/vo/meiowbase_kill04.ogg	f9b48d2eac579905da14800b05859e3d	15032
mods/heroes.stormmod/enus.stormassets/localizeddata/sounds/vo/meiowbase_kill05.ogg	e11cda2f19ccdbc14b649c656f3258e5	13593
mods/heroes.stormmod/enus.stormassets/localizeddata/sounds/vo/meiowbase_kill06.ogg	3aff32b94f78c97f6e4567ee7fe9c1ef	24065
mods/heroes.stormmod/enus.stormassets/localizeddata/sounds/vo/meiowbase_kill07.ogg	10e1e0a5e783507e84cf9793f9ae4e1c	25212
mods/heroes.stormmod/enus.stormassets/localizeddata/sounds/vo/meiowbase_kill08.ogg	6274ddb3921927f0cc4aff78b96074b2	24333
mods/heroes.stormmod/enus.stormassets/localizeddata/sounds/vo/meiowbase_kill09.ogg	5a2f38597832970c6975796102c70086	20613
mods/heroes.stormmod/enus.stormassets/localizeddata/sounds/vo/meiowbase_kill10.ogg	6421d3b468b819a9051270f4b41e06c3	20431
mods/heroes.stormmod/enus.stormassets/localizeddata/sounds/vo/meiowbase_kill11.ogg	868b87fc9b473e19810ad328e99d40fb	22574
mods/heroes.stormmod/enus.stormassets/localizeddata/sounds/vo/meiowbase_kill12.ogg	8a755c30d16ebddc0d9414c0dd2536a0	29163
mods/heroes.stormmod/enus.stormassets/localizeddata/sounds/vo/meiowbase_kill13.ogg	a406f24e891936678b9c4b5236328bb6	19069
mods/heroes.stormmod/enus.stormassets/localizeddata/sounds/vo/meiowbase_kill14.ogg	9f322ab0cc1917f9ac7a9573f5c94783	21898
mods/heroes.stormmod/enus.stormassets/localizeddata/sounds/vo/meiowbase_kill15.ogg	589df43b1505d121d883eb374ee09f47	22743
mods/heroes.stormmod/enus.stormassets/localizeddata/sounds/vo/meiowbase_killblizzard00.ogg	7201e5f3a94f30e314a344679a1be0ae	19760
mods/heroes.stormmod/enus.stormassets/localizeddata/sounds/vo/meiowbase_killeasy00.ogg	df0c7be64ab8603491616f83e2dfffb0	17301
mods/heroes.stormmod/enus.stormassets/localizeddata/sounds/vo/meiowbase_killfriend00.ogg	8dd09f2b3e497818df972e535ef17ceb	19803
mods/heroes.stormmod/enus.stormassets/localizeddata/sounds/vo/meiowbase_killfriend01.ogg	e9e0786248de8f40ced09af882c2ccdb	20620
mods/heroes.stormmod/enus.stormassets/localizeddata/sounds/vo/meiowbase_killfriend02.ogg	9cdb6ce3e77171d1eb7a9bbd657bcf7a	24527
mods/heroes.stormmod/enus.stormassets/localizeddata/sounds/vo/meiowbase_killfriend03.ogg	e37df4420a6b91e2f685e55f242177a0	26770
mods/heroes.stormmod/enus.stormassets/localizeddata/sounds/vo/meiowbase_killhanzo00.ogg	bf51b02704ea7c392519757713cca61f	27852
mods/heroes.stormmod/enus.stormassets/localizeddata/sounds/vo/meiowbase_killspreeend00.ogg	643d12b50fcedc5ba4255050f7d48b55	46823
mods/heroes.stormmod/enus.stormassets/localizeddata/sounds/vo/meiowbase_killtracer00.ogg	38ca3a0050bdfe8d952d850b860bd11a	25082
mods/heroes.stormmod/enus.stormassets/localizeddata/sounds/vo/meiowbase_killweird00.ogg	20c008e60fe3662903cbbde146803588	23831
mods/heroes.stormmod/enus.stormassets/localizeddata/sounds/vo/meiowbase_killwidowmaker00.ogg	cb48bb009864dee9358fd2a4b5be1467	51951
mods/heroes.stormmod/enus.stormassets/localizeddata/sounds/vo/meiowbase_laugh00.ogg	3eaea44d8e7b93c6d6e62fc44ce249ff	14190
mods/heroes.stormmod/enus.stormassets/localizeddata/sounds/vo/meiowbase_laugh01.ogg	d8d777449608adef753b8835884f0f3c	20845
mods/heroes.stormmod/enus.stormassets/localizeddata/sounds/vo/meiowbase_laugh02.ogg	c5126f6f46bfe6d45532f39bf848ef7d	25575
mods/heroes.stormmod/enus.stormassets/localizeddata/sounds/vo/meiowbase_laugh03.ogg	f13be360b5c536b51eecb3ffa40758f2	14189
mods/heroes.stormmod/enus.stormassets/localizeddata/sounds/vo/meiowbase_lowlifeheal00.ogg	51d1c74c0111ae3c177f8e1ef9b00de6	21844
mods/heroes.stormmod/enus.stormassets/localizeddata/sounds/vo/meiowbase_lowlifeheal01.ogg	73b254e87cc3c57ff35e77caa5ca0603	21692
mods/heroes.stormmod/enus.stormassets/localizeddata/sounds/vo/meiowbase_lowlifeheal02.ogg	ea09b839abc79d1a428c598f0160271e	34905
mods/heroes.stormmod/enus.stormassets/localizeddata/sounds/vo/meiowbase_lowmana00.ogg	c8c3da77325bf5f46a1c984ab3ae1bd4	16700
mods/heroes.stormmod/enus.stormassets/localizeddata/sounds/vo/meiowbase_lowmana01.ogg	15bfd47b6e2aba156641be34247d5de0	22612
mods/heroes.stormmod/enus.stormassets/localizeddata/sounds/vo/meiowbase_lowmana02.ogg	3167c6bb3b22b3d5f8c70779b3af1eaf	23726
mods/heroes.stormmod/enus.stormassets/localizeddata/sounds/vo/meiowbase_matchend00.ogg	2ff0985c4ec2d28b4551fc26d089c952	18046
mods/heroes.stormmod/enus.stormassets/localizeddata/sounds/vo/meiowbase_matchend01.ogg	b3114396c2f65496a0e6538f70c5961a	20390
mods/heroes.stormmod/enus.stormassets/localizeddata/sounds/vo/meiowbase_matchend02.ogg	1cb2288262607210b96446f093a77d0b	27024
mods/heroes.stormmod/enus.stormassets/localizeddata/sounds/vo/meiowbase_matchend03.ogg	2685310b1e5eb4590134090d78911914	26395
mods/heroes.stormmod/enus.stormassets/localizeddata/sounds/vo/meiowbase_matchend04.ogg	d11108958d66f41ad3074000de3ee654	29103
mods/heroes.stormmod/enus.stormassets/localizeddata/sounds/vo/meiowbase_no00.ogg	14984445c27846407b8e1e37aee54938	13995
mods/heroes.stormmod/enus.stormassets/localizeddata/sounds/vo/meiowbase_no01.ogg	9f9bdc332e7af30dc86a4e9b1d6508bf	15084
mods/heroes.stormmod/enus.stormassets/localizeddata/sounds/vo/meiowbase_no02.ogg	bf19cb9db339f7e1cc05373bcc8bdbaa	12598
mods/heroes.stormmod/enus.stormassets/localizeddata/sounds/vo/meiowbase_ping_assisthero00.ogg	04b7cd5ecb275cd733483ac42a7d127a	24999
mods/heroes.stormmod/enus.stormassets/localizeddata/sounds/vo/meiowbase_ping_assistme00.ogg	4d2874e4625567023a87eba55865abb4	19022
mods/heroes.stormmod/enus.stormassets/localizeddata/sounds/vo/meiowbase_ping_assistme01.ogg	9e602e782d44682607f74374c2d0639f	15705
mods/heroes.stormmod/enus.stormassets/localizeddata/sounds/vo/meiowbase_ping_assistme02.ogg	7f06495865bdd57ab0f401de0f7b737b	14817
mods/heroes.stormmod/enus.stormassets/localizeddata/sounds/vo/meiowbase_ping_attackcastle00.ogg	645c97588b83a5dbbdebf4c02de6333d	26502
mods/heroes.stormmod/enus.stormassets/localizeddata/sounds/vo/meiowbase_ping_attackmercr00.ogg	f85c01b9c2cf11ca143d3823d2e1d851	23917
mods/heroes.stormmod/enus.stormassets/localizeddata/sounds/vo/meiowbase_ping_attackoutpost00.ogg	4594eca653499228e5d528bfb5d337cf	22611
mods/heroes.stormmod/enus.stormassets/localizeddata/sounds/vo/meiowbase_ping_attacktower00.ogg	496ee5a489632402b895b514432e6599	28159
mods/heroes.stormmod/enus.stormassets/localizeddata/sounds/vo/meiowbase_ping_danger00.ogg	51a12b740b3f93c7338ffce88d7f5e52	14102
mods/heroes.stormmod/enus.stormassets/localizeddata/sounds/vo/meiowbase_ping_danger01.ogg	234976d639cf27985ccc43e17bf586c3	19222
mods/heroes.stormmod/enus.stormassets/localizeddata/sounds/vo/meiowbase_ping_danger02.ogg	1856da154832a3fa409491bb1a2192d4	26554
mods/heroes.stormmod/enus.stormassets/localizeddata/sounds/vo/meiowbase_ping_defendcastle00.ogg	25f0eb2bafceebcc93a002dc3874fa90	19517
mods/heroes.stormmod/enus.stormassets/localizeddata/sounds/vo/meiowbase_ping_defendoutpost00.ogg	5a89c269cea705578226f03ee59197f7	40822
mods/heroes.stormmod/enus.stormassets/localizeddata/sounds/vo/meiowbase_ping_defendthing00.ogg	236f58059437283fef88626ca5735507	30458
mods/heroes.stormmod/enus.stormassets/localizeddata/sounds/vo/meiowbase_ping_defendtower00.ogg	0cecb179452e59ed52b356a45c1e738f	33506
mods/heroes.stormmod/enus.stormassets/localizeddata/sounds/vo/meiowbase_ping_killhero00.ogg	99996d6148377bfe87f42915562c8150	19782
mods/heroes.stormmod/enus.stormassets/localizeddata/sounds/vo/meiowbase_ping_killhero01.ogg	845735f9851906674ed0f8580ee8d0b0	31709
mods/heroes.stormmod/enus.stormassets/localizeddata/sounds/vo/meiowbase_ping_onmyway00.ogg	9de65f9f8e69bfb77e9ff7f19ebb7900	16192
mods/heroes.stormmod/enus.stormassets/localizeddata/sounds/vo/meiowbase_ping_retreat00.ogg	c1a6ce559fa2d7c7c0e43b6a26ae9f81	15045
mods/heroes.stormmod/enus.stormassets/localizeddata/sounds/vo/meiowbase_ping_retreat01.ogg	e613a2b7cbd09d9a6f5bb8c4c93f491c	13414
mods/heroes.stormmod/enus.stormassets/localizeddata/sounds/vo/meiowbase_pissed00.ogg	043298b8b09253b3271b515197fd25d3	17886
mods/heroes.stormmod/enus.stormassets/localizeddata/sounds/vo/meiowbase_pissed01.ogg	c570d2a7308a7caa289f6f252aa7d650	21004
mods/heroes.stormmod/enus.stormassets/localizeddata/sounds/vo/meiowbase_pissed02.ogg	70f8017a52c9ed4ffd4452ff925dd842	33911
mods/heroes.stormmod/enus.stormassets/localizeddata/sounds/vo/meiowbase_pissed03.ogg	2f194f2996f9352bc8c3e3f204f327d0	43211
mods/heroes.stormmod/enus.stormassets/localizeddata/sounds/vo/meiowbase_pissed04.ogg	d6591ac87afee90595dba157999547bb	41425
mods/heroes.stormmod/enus.stormassets/localizeddata/sounds/vo/meiowbase_pissed05.ogg	73ca3fe5f16f93da99cd0a85cfac2b39	33593
mods/heroes.stormmod/enus.stormassets/localizeddata/sounds/vo/meiowbase_pissed06.ogg	0464e4c08fc4217d386bddc0e9653fcd	87311
mods/heroes.stormmod/enus.stormassets/localizeddata/sounds/vo/meiowbase_pissed07.ogg	aebef1c5ff0843e99b0a507c17672b4b	76951
mods/heroes.stormmod/enus.stormassets/localizeddata/sounds/vo/meiowbase_pissed08.ogg	41a0ffa5d9db3b43dd3a33ede59fdfbf	87431
mods/heroes.stormmod/enus.stormassets/localizeddata/sounds/vo/meiowbase_pissed09.ogg	0cafb606320593474076872f6580e5b9	44040
mods/heroes.stormmod/enus.stormassets/localizeddata/sounds/vo/meiowbase_pissed10.ogg	8ea4dfe9fef9412e0519d6d48cecc7a6	79935
mods/heroes.stormmod/enus.stormassets/localizeddata/sounds/vo/meiowbase_pissed11.ogg	4e14e02978350ed95074eeb5fc77834d	121420
mods/heroes.stormmod/enus.stormassets/localizeddata/sounds/vo/meiowbase_pissed12.ogg	2e48dcd9e1520cb9abe9b6d519d5ae9d	79054
mods/heroes.stormmod/enus.stormassets/localizeddata/sounds/vo/meiowbase_resurrected00.ogg	7f47959a82e4fbb530634422013b4fb3	19942
mods/heroes.stormmod/enus.stormassets/localizeddata/sounds/vo/meiowbase_resurrected01.ogg	ff3ee05c6f22790d58d52bf781ed90df	19344
mods/heroes.stormmod/enus.stormassets/localizeddata/sounds/vo/meiowbase_spec00.ogg	97ebd174d48e022e9dec9b4afeb03c91	13753
mods/heroes.stormmod/enus.stormassets/localizeddata/sounds/vo/meiowbase_spec01.ogg	f790803059bfa8b1854e3743c04dee9c	21926
mods/heroes.stormmod/enus.stormassets/localizeddata/sounds/vo/meiowbase_spec02.ogg	b71a6d3f0a8c471649e0b92e393ab4b7	21585
mods/heroes.stormmod/enus.stormassets/localizeddata/sounds/vo/meiowbase_spec03.ogg	118d691963dfaafb978427cbb42e3ebe	18342
mods/heroes.stormmod/enus.stormassets/localizeddata/sounds/vo/meiowbase_spec04.ogg	113263ea7b033e0781dd6a1710d22709	19358
mods/heroes.stormmod/enus.stormassets/localizeddata/sounds/vo/meiowbase_taunt00.ogg	fa4c63b768efc74505511e3ace1492f2	25339
mods/heroes.stormmod/enus.stormassets/localizeddata/sounds/vo/meiowbase_taunt01.ogg	b300d73fc7d05783af6e385649b4f782	26329
mods/heroes.stormmod/enus.stormassets/localizeddata/sounds/vo/meiowbase_taunt02.ogg	e2a8a3b93c5ac0bf1c85f8fc0e4924b0	28301
mods/heroes.stormmod/enus.stormassets/localizeddata/sounds/vo/meiowbase_teamkilled00.ogg	5088527269f6781222161ec012b420c2	21575
mods/heroes.stormmod/enus.stormassets/localizeddata/sounds/vo/meiowbase_teamkilled01.ogg	8eca5608114a192ff291db3ffa2efa62	25691
mods/heroes.stormmod/enus.stormassets/localizeddata/sounds/vo/meiowbase_ui_exlocked00.ogg	331601045e73ab5470571c116188412a	27478
mods/heroes.stormmod/enus.stormassets/localizeddata/sounds/vo/meiowbase_ui_expurchased00.ogg	239dbd65c1a89c6ee8fe31284da68b16	38186
mods/heroes.stormmod/enus.stormassets/localizeddata/sounds/vo/meiowbase_ui_gift00.ogg	16a97a50342997e74b868dbe1964d231	25836
mods/heroes.stormmod/enus.stormassets/localizeddata/sounds/vo/meiowbase_ui_lockin00.ogg	2e0e38284c0a3b73c5ec3bca40da0a50	28895
mods/heroes.stormmod/enus.stormassets/localizeddata/sounds/vo/meiowbase_ui_purchase00.ogg	01d13f376779a8fdda59f068a5fb37d8	25609
mods/heroes.stormmod/enus.stormassets/localizeddata/sounds/vo/meiowbase_ui_trial00.ogg	0422f366c418bcd7ec876d8a51866038	43167
mods/heroes.stormmod/enus.stormassets/localizeddata/sounds/vo/meiowbase_ui_trial01.ogg	8e7b4f052f1f4aaa99bf8d473890392a	22624
mods/heroes.stormmod/enus.stormassets/localizeddata/sounds/vo/meiowbase_ui_vox_spun00.ogg	cd660c6102305ea28eec8526f614ee64	25514
mods/heroes.stormmod/enus.stormassets/localizeddata/sounds/vo/meiowbase_ui_vox_spun01.ogg	b5d2027a7d23f61a2b7e1124b3c7831c	30366
mods/heroes.stormmod/enus.stormassets/localizeddata/sounds/vo/meiowbase_ui_vox_spun02.ogg	b1cd0004616381164952fa09514d409f	33569
mods/heroes.stormmod/enus.stormassets/localizeddata/sounds/vo/meiowbase_ui_waitlocked00.ogg	a5bb0039ef24d19072f8a188f9884e4f	29271
mods/heroes.stormmod/enus.stormassets/localizeddata/sounds/vo/meiowbase_ui_waitlocked01.ogg	af3d03b019c3136e14d21191f7343cf8	41704
mods/heroes.stormmod/enus.stormassets/localizeddata/sounds/vo/meiowbase_ui_waitpurchased00.ogg	53b1cf796a59b64c968f591c50df0a25	49744
mods/heroes.stormmod/enus.stormassets/localizeddata/sounds/vo/meiowbase_ui_waitpurchased01.ogg	8ac0eb11d9f2e3b31d04aa7902a02bf5	43702
mods/heroes.stormmod/enus.stormassets/localizeddata/sounds/vo/meiowbase_ultimate1usedally00.ogg	21cb482035c20a123401b154cff11fa7	21677
mods/heroes.stormmod/enus.stormassets/localizeddata/sounds/vo/meiowbase_ultimate1usedenemy00.ogg	423775e936435407300a055f15450a76	20229
mods/heroes.stormmod/enus.stormassets/localizeddata/sounds/vo/meiowbase_ultimate2usedally00.ogg	7400065207c69ee0e1d2e8e6768d6a2b	27842
mods/heroes.stormmod/enus.stormassets/localizeddata/sounds/vo/meiowbase_ultimate2usedenemy00.ogg	38c15cf365ccd644b67005612fd4e6a7	32362
mods/heroes.stormmod/enus.stormassets/localizeddata/sounds/vo/meiowbase_voicelinefive00.ogg	f7e42d80324a9453ece645515a371141	26382
mods/heroes.stormmod/enus.stormassets/localizeddata/sounds/vo/meiowbase_voicelinefour00.ogg	8f55292dd5e51a375effaaae790f847b	30610
mods/heroes.stormmod/enus.stormassets/localizeddata/sounds/vo/meiowbase_voicelineone00.ogg	d8758a8cead7a1b1d6260450182e34fc	36461
mods/heroes.stormmod/enus.stormassets/localizeddata/sounds/vo/meiowbase_voicelinethree00.ogg	37479f1c18baf8f860c0ebe29df670bd	27226
mods/heroes.stormmod/enus.stormassets/localizeddata/sounds/vo/meiowbase_voicelinetwo00.ogg	d2fb9166c5461907fe017d5c57266668	36835
mods/heroes.stormmod/enus.stormassets/localizeddata/sounds/vo/meiowbase_vox_attack00.ogg	92c1d633babe54a71cd2f4007a05e28c	6439
mods/heroes.stormmod/enus.stormassets/localizeddata/sounds/vo/meiowbase_vox_attack01.ogg	6c3f846e7202634f06537814f8854437	6480
mods/heroes.stormmod/enus.stormassets/localizeddata/sounds/vo/meiowbase_vox_attack02.ogg	a1c43924f2ce86a74a8b9b040503b87d	5558
mods/heroes.stormmod/enus.stormassets/localizeddata/sounds/vo/meiowbase_vox_castinge00.ogg	caf1d163e25b946757e3f5458c5f1d69	25771
mods/heroes.stormmod/enus.stormassets/localizeddata/sounds/vo/meiowbase_vox_castinge01.ogg	65ed7479619e62771d266285a2b5ed05	19396
mods/heroes.stormmod/enus.stormassets/localizeddata/sounds/vo/meiowbase_vox_castinge02.ogg	b94e6dad2d309931d0d77918db526b43	22693
mods/heroes.stormmod/enus.stormassets/localizeddata/sounds/vo/meiowbase_vox_castingq00.ogg	6c0fd18535236ad601d544330cb59b83	7463
mods/heroes.stormmod/enus.stormassets/localizeddata/sounds/vo/meiowbase_vox_castingq01.ogg	ad8ea5aef193ff1cc942090694021d94	7146
mods/heroes.stormmod/enus.stormassets/localizeddata/sounds/vo/meiowbase_vox_castingq02.ogg	f77d188e5ecdb0c8b8520ae90f5679bc	8300
mods/heroes.stormmod/enus.stormassets/localizeddata/sounds/vo/meiowbase_vox_castingw02.ogg	8ddca26b2e3393f0c69d5978fd83e9ca	12913
mods/heroes.stormmod/enus.stormassets/localizeddata/sounds/vo/meiowbase_vox_castingw08.ogg	d9d7b4051f9180b73281dbd64db2efa1	13376
mods/heroes.stormmod/enus.stormassets/localizeddata/sounds/vo/meiowbase_vox_cheer00.ogg	0520dd81f7445d1160191323b2c3d628	12980
mods/heroes.stormmod/enus.stormassets/localizeddata/sounds/vo/meiowbase_vox_cheer01.ogg	3106a3b94b210d6df300e3525db754eb	16525
mods/heroes.stormmod/enus.stormassets/localizeddata/sounds/vo/meiowbase_vox_cheer02.ogg	4fdfe91da6aeea1f4220e973ba265740	14524
mods/heroes.stormmod/enus.stormassets/localizeddata/sounds/vo/meiowbase_vox_gethitlarge00.ogg	c66ae1637968f7ec0abc036579cfb53b	9846
mods/heroes.stormmod/enus.stormassets/localizeddata/sounds/vo/meiowbase_vox_gethitlarge01.ogg	f270e33aa8a6959a65f676cbbad25397	11291
mods/heroes.stormmod/enus.stormassets/localizeddata/sounds/vo/meiowbase_vox_gethitlarge02.ogg	a148ea2e381d148eb20b2103d2c2ddee	11998
mods/heroes.stormmod/enus.stormassets/localizeddata/sounds/vo/meiowbase_vox_gethitlarge03.ogg	476447ab178cae27c69f108565928389	10804
mods/heroes.stormmod/enus.stormassets/localizeddata/sounds/vo/meiowbase_vox_gethitlarge04.ogg	485a73505bfe6bd4fd2c4a354805f2d4	18146
mods/heroes.stormmod/enus.stormassets/localizeddata/sounds/vo/meiowbase_vox_gethitlarge05.ogg	2c825cc52b127dced739b7bceea51d67	9815
mods/heroes.stormmod/enus.stormassets/localizeddata/sounds/vo/meiowbase_vox_gethitlarge06.ogg	25db1b29d28954e93f88b55cb78563fd	11516
mods/heroes.stormmod/enus.stormassets/localizeddata/sounds/vo/meiowbase_vox_gethitlarge07.ogg	9b09adb1e7d46c46af7438cde34dace1	8833
mods/heroes.stormmod/enus.stormassets/localizeddata/sounds/vo/meiowbase_vox_gethitlarge08.ogg	69f6014c89885cc0488ead943d3d68b0	13604
mods/heroes.stormmod/enus.stormassets/localizeddata/sounds/vo/meiowbase_vox_gethitlarge09.ogg	d1705b00b994ad80bf1340b8b372de8a	9314
mods/heroes.stormmod/enus.stormassets/localizeddata/sounds/vo/meiowbase_vox_gethitsmall00.ogg	9961191d2552010665402ae89785df42	8579
mods/heroes.stormmod/enus.stormassets/localizeddata/sounds/vo/meiowbase_vox_gethitsmall01.ogg	d6ad5a7e12cc93eabc3c83551414ca70	9293
mods/heroes.stormmod/enus.stormassets/localizeddata/sounds/vo/meiowbase_vox_gethitsmall02.ogg	6afc5d6df20f25954169103f98ce72b1	9852
mods/heroes.stormmod/enus.stormassets/localizeddata/sounds/vo/meiowbase_vox_gethitsmall03.ogg	434bd26a18124fa28dffa70acb21ce73	7961
mods/heroes.stormmod/enus.stormassets/localizeddata/sounds/vo/meiowbase_vox_gethitsmall04.ogg	15431fc3bc71b0bea004b5b47f9bf775	6881
mods/heroes.stormmod/enus.stormassets/localizeddata/sounds/vo/meiowbase_vox_gethitsmall05.ogg	c8158d54af30a243467574ad039229b9	7753
mods/heroes.stormmod/enus.stormassets/localizeddata/sounds/vo/meiowbase_vox_gethitsmall06.ogg	ae8669d19c00b9ac25854e4c016ef13d	7985
mods/heroes.stormmod/enus.stormassets/localizeddata/sounds/vo/meiowbase_vox_gethitsmall07.ogg	d507827565aae95d963ed3fca5a62a13	8327
mods/heroes.stormmod/enus.stormassets/localizeddata/sounds/vo/meiowbase_vox_gethitsmall08.ogg	9d3aac437239da51dda8f53be0f45386	10087
mods/heroes.stormmod/enus.stormassets/localizeddata/sounds/vo/meiowbase_vox_pulled00.ogg	891c0f496d07ec324b8f955b1a458bd8	12018
mods/heroes.stormmod/enus.stormassets/localizeddata/sounds/vo/meiowbase_vox_pulled01.ogg	34ff20cb09f3e9438960a4acc8f31f96	13198
mods/heroes.stormmod/enus.stormassets/localizeddata/sounds/vo/meiowbase_vox_pulled02.ogg	454b47e19af32795d6257ef2b31e5890	11882
mods/heroes.stormmod/enus.stormassets/localizeddata/sounds/vo/meiowbase_vox_pulled03.ogg	c1fb9dbd1cf5d2f5a7fdbeffa286f9be	12382
mods/heroes.stormmod/enus.stormassets/localizeddata/sounds/vo/meiowbase_vox_pulled04.ogg	a0c73753850f51013fe3999ab3952d00	8305
mods/heroes.stormmod/enus.stormassets/localizeddata/sounds/vo/meiowbase_vox_pulled05.ogg	88bf96a6f1471126dce7ae7b8ae36fae	12756
mods/heroes.stormmod/enus.stormassets/localizeddata/sounds/vo/meiowbase_worthit00.ogg	b6c37adff1541e5165cd1d58a191b47f	26559
mods/heroes.stormmod/enus.stormassets/localizeddata/sounds/vo/meiowbase_worthit01.ogg	201bcd24015ebca78dc9d1a427aaa779	19373
mods/heroes.stormmod/enus.stormassets/localizeddata/sounds/vo/meiowbase_yes00.ogg	97b7915064497bcecca811b395dddc9e	18765
mods/heroes.stormmod/enus.stormassets/localizeddata/sounds/vo/meiowbase_yes01.ogg	9e0cfe09fa3f6b58b6160f0ac4086fdb	14589
mods/heroes.stormmod/enus.stormassets/localizeddata/sounds/vo/meiowbase_yes02.ogg	2c08d482c9d35fa83ff7880c3cbf6ae8	10865
mods/heroes.stormmod/enus.stormassets/localizeddata/sounds/vo/meiowbase_yes03.ogg	4092ebe32c1e429786a549ca8f8784c3	11998
mods/heroes.stormmod/enus.stormassets/localizeddata/sounds/vo/meiowbase_yes04.ogg	95337093e473d91e0f027b0738658aa7	22025
mods/heroes.stormmod/enus.stormassets/localizeddata/sounds/vo/meiowbase_yes05.ogg	59882383024fc6fda696f050dd8b031c	12226
mods/heroes.stormmod/enus.stormassets/localizeddata/sounds/vo/meiowbase_yes06.ogg	e58394ba360eee2b61239a50117e5a34	19172
mods/heroes.stormmod/enus.stormassets/localizeddata/sounds/vo/meiowbase_yes07.ogg	8d11efdaa33707dc1ff8add1fb7c0241	16887
mods/heroes.stormmod/enus.stormassets/localizeddata/sounds/vo/meiowbase_yes08.ogg	397f9249626b71d29c91121da70a8415	36186
mods/heroes.stormmod/enus.stormassets/localizeddata/sounds/vo/meiowbase_yes09.ogg	c371f04feae7ef44636491eda9a46c59	21626
mods/heroes.stormmod/enus.stormassets/localizeddata/sounds/vo/mephistoa_castleattack_blue00.fxe	389d93c3172ba347b14cd5ffa06b797d	2484
mods/heroes.stormmod/enus.stormassets/localizeddata/sounds/vo/mephistoa_castleattack_blue00.ogg	2fc85b04f5f0fdc0d1166125ae4a9227	54331
mods/heroes.stormmod/enus.stormassets/localizeddata/sounds/vo/mephistoa_castleattack_red00.fxe	249494635eb3c4d9410b97b92190389c	2563
mods/heroes.stormmod/enus.stormassets/localizeddata/sounds/vo/mephistoa_castleattack_red00.ogg	54c094db6c125f58686aa81440ef383f	58573
mods/heroes.stormmod/enus.stormassets/localizeddata/sounds/vo/mephistoa_castleattackally00.fxe	7f557bce5f2e2d1e9126b6f6f7a71f97	2163
mods/heroes.stormmod/enus.stormassets/localizeddata/sounds/vo/mephistoa_castleattackally00.ogg	8783dff958e4de02dd86808eb612ca86	47805
mods/heroes.stormmod/enus.stormassets/localizeddata/sounds/vo/mephistoa_castleattackally01.fxe	83c320d71d8c31c1d2f46156ec721faa	2243
mods/heroes.stormmod/enus.stormassets/localizeddata/sounds/vo/mephistoa_castleattackally01.ogg	88464e9af283d39f308d831f89a42e95	50776
mods/heroes.stormmod/enus.stormassets/localizeddata/sounds/vo/mephistoa_countdown10sec00.fxe	b794dcdf005c4d4bb186283c100d15ed	1009
mods/heroes.stormmod/enus.stormassets/localizeddata/sounds/vo/mephistoa_countdown10sec00.ogg	c072811851d01ded60025e0656e37bea	28530
mods/heroes.stormmod/enus.stormassets/localizeddata/sounds/vo/mephistoa_countdown1sec00.fxe	c1d9a3947b6acc852b1d8fc4e48f4172	880
mods/heroes.stormmod/enus.stormassets/localizeddata/sounds/vo/mephistoa_countdown1sec00.ogg	a926311a8e3e1eaa73893269014e54c7	16452
mods/heroes.stormmod/enus.stormassets/localizeddata/sounds/vo/mephistoa_countdown2sec00.fxe	edf1558182fc42033533aa711a5c9edf	864
mods/heroes.stormmod/enus.stormassets/localizeddata/sounds/vo/mephistoa_countdown2sec00.ogg	f0273b03bcf85687b879be0e1b1245b2	16295
mods/heroes.stormmod/enus.stormassets/localizeddata/sounds/vo/mephistoa_countdown3sec00.fxe	06e2effee2c6bfcae34e39a39d2b2b67	1008
mods/heroes.stormmod/enus.stormassets/localizeddata/sounds/vo/mephistoa_countdown3sec00.ogg	79e5082acf6a3e3629b1969c1244bd4f	16307
mods/heroes.stormmod/enus.stormassets/localizeddata/sounds/vo/mephistoa_countdown4sec00.fxe	d919a3919d1156b5c472a111d42149c9	864
mods/heroes.stormmod/enus.stormassets/localizeddata/sounds/vo/mephistoa_countdown4sec00.ogg	6ff2f119a1f63df4515a50c308b6bc72	16144
mods/heroes.stormmod/enus.stormassets/localizeddata/sounds/vo/mephistoa_countdown5sec00.fxe	c438dc0c8ad096c8701f76d8a139192f	896
mods/heroes.stormmod/enus.stormassets/localizeddata/sounds/vo/mephistoa_countdown5sec00.ogg	7491cada003e8cc4dc8a8e9dadc9d009	16227
mods/heroes.stormmod/enus.stormassets/localizeddata/sounds/vo/mephistoa_countdownremain00.fxe	db4efdc3adfc8db7f065c1dd675fd4ce	1938
mods/heroes.stormmod/enus.stormassets/localizeddata/sounds/vo/mephistoa_countdownremain00.ogg	c167236aa7012c308e5af07f134bd1da	39180
mods/heroes.stormmod/enus.stormassets/localizeddata/sounds/vo/mephistoa_doublekill00.fxe	9ee4e7901ad4d5d16ff77a57dafbd0d7	1357
mods/heroes.stormmod/enus.stormassets/localizeddata/sounds/vo/mephistoa_doublekill00.ogg	bb264e14e1a59d61aabbba0e3188faab	24729
mods/heroes.stormmod/enus.stormassets/localizeddata/sounds/vo/mephistoa_doublekill01.fxe	c777b995fb314545431fdabe26f6300d	1309
mods/heroes.stormmod/enus.stormassets/localizeddata/sounds/vo/mephistoa_doublekill01.ogg	c67c109d5656f852ddf561f289dc06de	24505
mods/heroes.stormmod/enus.stormassets/localizeddata/sounds/vo/mephistoa_doublekill02.fxe	eded0e74aaf447413011d1ea025fe417	1277
mods/heroes.stormmod/enus.stormassets/localizeddata/sounds/vo/mephistoa_doublekill02.ogg	ab4c69dcae36809a880c9e3c080da0ec	28655
mods/heroes.stormmod/enus.stormassets/localizeddata/sounds/vo/mephistoa_ending_blue00.fxe	104a3428a5ddc0ad3573a8fc1616e443	2190
mods/heroes.stormmod/enus.stormassets/localizeddata/sounds/vo/mephistoa_ending_blue00.ogg	7d582526a93935ab098991b5ccc312e1	50417
mods/heroes.stormmod/enus.stormassets/localizeddata/sounds/vo/mephistoa_ending_red00.fxe	dc82d7ca6f25f9aecbeda6d95e42fcf7	2189
mods/heroes.stormmod/enus.stormassets/localizeddata/sounds/vo/mephistoa_ending_red00.ogg	f3ad24f6bbb9931f48b1a9bf97c20aff	45065
mods/heroes.stormmod/enus.stormassets/localizeddata/sounds/vo/mephistoa_endinglose00.fxe	534a13262b08c3ba07a1cf387c40b886	1101
mods/heroes.stormmod/enus.stormassets/localizeddata/sounds/vo/mephistoa_endinglose00.ogg	ea4889c101bb64a4be0ef5878b84032a	23529
mods/heroes.stormmod/enus.stormassets/localizeddata/sounds/vo/mephistoa_endinglose01.fxe	50d6c9ebacd6baef391da1ae47d93538	2141
mods/heroes.stormmod/enus.stormassets/localizeddata/sounds/vo/mephistoa_endinglose01.ogg	857ef198ded26dd8d97b73f0f3f20b0e	53149
mods/heroes.stormmod/enus.stormassets/localizeddata/sounds/vo/mephistoa_endinglose02.fxe	5ef867f5ba5d9d04bd431b2956530b4f	2301
mods/heroes.stormmod/enus.stormassets/localizeddata/sounds/vo/mephistoa_endinglose02.ogg	c4b23997a2eff97812ab39acb718cef5	61695
mods/heroes.stormmod/enus.stormassets/localizeddata/sounds/vo/mephistoa_endingwin00.fxe	b65ba78dc3cbe98df8c7cb34d4906ebe	1324
mods/heroes.stormmod/enus.stormassets/localizeddata/sounds/vo/mephistoa_endingwin00.ogg	73cb42ef3e0b50e178fcf60df8cbbc8e	35810
mods/heroes.stormmod/enus.stormassets/localizeddata/sounds/vo/mephistoa_endingwin01.fxe	d0f1b39ca90dbc28964b6908ca699aeb	2508
mods/heroes.stormmod/enus.stormassets/localizeddata/sounds/vo/mephistoa_endingwin01.ogg	699fe47aeee3cea8299a959c4c01e3d6	54970
mods/heroes.stormmod/enus.stormassets/localizeddata/sounds/vo/mephistoa_endingwin02.fxe	459af0437a34a65081ce0f676203f4c5	1868
mods/heroes.stormmod/enus.stormassets/localizeddata/sounds/vo/mephistoa_endingwin02.ogg	79074842abfbe74d09df0350de93763d	50136
mods/heroes.stormmod/enus.stormassets/localizeddata/sounds/vo/mephistoa_firstblood_blue00.fxe	9cfc9bb4d65766ed79e299588718d0cb	2450
mods/heroes.stormmod/enus.stormassets/localizeddata/sounds/vo/mephistoa_firstblood_blue00.ogg	f210bb396ba04d93ff6da38eef54379e	52616
mods/heroes.stormmod/enus.stormassets/localizeddata/sounds/vo/mephistoa_firstblood_red00.fxe	c9c17db4876f18c1078e96ea212ae899	2337
mods/heroes.stormmod/enus.stormassets/localizeddata/sounds/vo/mephistoa_firstblood_red00.ogg	d97cccea18558b5455d2b4e97cb7df89	54565
mods/heroes.stormmod/enus.stormassets/localizeddata/sounds/vo/mephistoa_firstbloodally00.fxe	502f7bf56294e20e95c92ea68252c273	1425
mods/heroes.stormmod/enus.stormassets/localizeddata/sounds/vo/mephistoa_firstbloodally00.ogg	0cb01492a9bbdc28b8ca1c07d8622267	34383
mods/heroes.stormmod/enus.stormassets/localizeddata/sounds/vo/mephistoa_fourkill00.fxe	64fed7bf2f737fb1dd8ba20160dedc6a	1259
mods/heroes.stormmod/enus.stormassets/localizeddata/sounds/vo/mephistoa_fourkill00.ogg	8a5e61c3d8615daef00a8ef874f71b8e	30613
mods/heroes.stormmod/enus.stormassets/localizeddata/sounds/vo/mephistoa_gamestart00.fxe	57878b12fce08ecd03a0bce19182348c	1932
mods/heroes.stormmod/enus.stormassets/localizeddata/sounds/vo/mephistoa_gamestart00.ogg	459fa7f6606f3d6a0a0fab994ab48b1e	39109
mods/heroes.stormmod/enus.stormassets/localizeddata/sounds/vo/mephistoa_gamestart01.fxe	1734a45a391b1cb511f987662701007c	2492
mods/heroes.stormmod/enus.stormassets/localizeddata/sounds/vo/mephistoa_gamestart01.ogg	a3e3e6339e811e1c17d00451b08a3581	56337
mods/heroes.stormmod/enus.stormassets/localizeddata/sounds/vo/mephistoa_gamestart02.fxe	d176a3feb128db0d4afaae3551680935	2972
mods/heroes.stormmod/enus.stormassets/localizeddata/sounds/vo/mephistoa_gamestart02.ogg	e8515a93712250bac2e44c65d332b8bf	70755
mods/heroes.stormmod/enus.stormassets/localizeddata/sounds/vo/mephistoa_gravestomp00.fxe	629cb300b9f9fcd00a947ec27fc62f47	1629
mods/heroes.stormmod/enus.stormassets/localizeddata/sounds/vo/mephistoa_gravestomp00.ogg	363a2b3212664ce4861c88adb51bb96c	35490
mods/heroes.stormmod/enus.stormassets/localizeddata/sounds/vo/mephistoa_gravestomp_observer00.fxe	696460f12007eab682be679db3f9c59c	1542
mods/heroes.stormmod/enus.stormassets/localizeddata/sounds/vo/mephistoa_gravestomp_observer00.ogg	709a7f9a3a432415b7d87b4acbcd94e0	30581
mods/heroes.stormmod/enus.stormassets/localizeddata/sounds/vo/mephistoa_herokill00.fxe	62c85abfca6f88f4f2e3278d5c353b0c	1355
mods/heroes.stormmod/enus.stormassets/localizeddata/sounds/vo/mephistoa_herokill00.ogg	0d81b19fc6e8b341867798a5d99237fe	32720
mods/heroes.stormmod/enus.stormassets/localizeddata/sounds/vo/mephistoa_herokill01.fxe	c3b80a7015728ed9804ec29f886c5b33	2347
mods/heroes.stormmod/enus.stormassets/localizeddata/sounds/vo/mephistoa_herokill01.ogg	e8522011067dd56354ee17409bf1da23	51810
mods/heroes.stormmod/enus.stormassets/localizeddata/sounds/vo/mephistoa_herokill02.fxe	1454d0eaacf6ad03d27f2c30a54e8a7a	2139
mods/heroes.stormmod/enus.stormassets/localizeddata/sounds/vo/mephistoa_herokill02.ogg	3f839e14dd8e2f28b23f0de02b13428e	49470
mods/heroes.stormmod/enus.stormassets/localizeddata/sounds/vo/mephistoa_herokill03.fxe	747df09a212b5fdc548274364f8ee7bd	1707
mods/heroes.stormmod/enus.stormassets/localizeddata/sounds/vo/mephistoa_herokill03.ogg	8dbd4a76802605097b2cfcc4dc226be3	51091
mods/heroes.stormmod/enus.stormassets/localizeddata/sounds/vo/mephistoa_herokill04.fxe	613f5b4f1f04c4a965ef9406171843cf	2491
mods/heroes.stormmod/enus.stormassets/localizeddata/sounds/vo/mephistoa_herokill04.ogg	ce8a6d6583b24fcad2272392ba96508c	55367
mods/heroes.stormmod/enus.stormassets/localizeddata/sounds/vo/mephistoa_herokill05_alt.fxe	59afa29cca2447df4bdb7226796ccdb3	2063
mods/heroes.stormmod/enus.stormassets/localizeddata/sounds/vo/mephistoa_herokill05_alt.ogg	812656685471c6c3ff14c012f27e01cd	46718
mods/heroes.stormmod/enus.stormassets/localizeddata/sounds/vo/mephistoa_herokill06.fxe	2159790a71ce03933d07f2454378f9b8	2299
mods/heroes.stormmod/enus.stormassets/localizeddata/sounds/vo/mephistoa_herokill06.ogg	35dd5bca9fb1f3bad051d45a938ea89e	57366
mods/heroes.stormmod/enus.stormassets/localizeddata/sounds/vo/mephistoa_herokill07.fxe	8153b09394f3c926e58039315aa84fa2	795
mods/heroes.stormmod/enus.stormassets/localizeddata/sounds/vo/mephistoa_herokill07.ogg	cb082b49697b5c3924b0710f8b5f6536	34749
mods/heroes.stormmod/enus.stormassets/localizeddata/sounds/vo/mephistoa_herokill08.fxe	c9f4e8af74a76afa0058ae361c4c94ed	651
mods/heroes.stormmod/enus.stormassets/localizeddata/sounds/vo/mephistoa_herokill08.ogg	6ca0524ca74167b73f5b8c8a9cfcaf87	28273
mods/heroes.stormmod/enus.stormassets/localizeddata/sounds/vo/mephistoa_heroselect00.fxe	02792379d2fd873faf79785bff84bf25	5885
mods/heroes.stormmod/enus.stormassets/localizeddata/sounds/vo/mephistoa_heroselect00.ogg	eb996bb622979c5e35623bca6776bc19	137569
mods/heroes.stormmod/enus.stormassets/localizeddata/sounds/vo/mephistoa_heroselect01.fxe	d36d9a14551cdeb49e8ea5bd33c03d79	5757
mods/heroes.stormmod/enus.stormassets/localizeddata/sounds/vo/mephistoa_heroselect01.ogg	484705776aa99ed5165fcf91c0e1acfa	129175
mods/heroes.stormmod/enus.stormassets/localizeddata/sounds/vo/mephistoa_heroselect_observer00.fxe	c43dec276c247061d0a87a1d50e50e11	2070
mods/heroes.stormmod/enus.stormassets/localizeddata/sounds/vo/mephistoa_heroselect_observer00.ogg	413d0cb76dab53e7826ac7070d29a3b2	43941
mods/heroes.stormmod/enus.stormassets/localizeddata/sounds/vo/mephistoa_heroselectplayer00_alt.fxe	958b3798a3e547262135de46d6b83867	5575
mods/heroes.stormmod/enus.stormassets/localizeddata/sounds/vo/mephistoa_heroselectplayer00_alt.ogg	1bd5b232883e31caef6e89dc063ce147	164452
mods/heroes.stormmod/enus.stormassets/localizeddata/sounds/vo/mephistoa_heroselectplayer01.fxe	19c7f1cc20e1e1413bde1bc5710a6eb7	3475
mods/heroes.stormmod/enus.stormassets/localizeddata/sounds/vo/mephistoa_heroselectplayer01.ogg	f37b1accc4089ef8cb4d09234140dbd7	81264
mods/heroes.stormmod/enus.stormassets/localizeddata/sounds/vo/mephistoa_heroselectplayer02.fxe	71ae258b43587a588ad255b1b7e181d7	5075
mods/heroes.stormmod/enus.stormassets/localizeddata/sounds/vo/mephistoa_heroselectplayer02.ogg	892101ecf5902684f21a6fa8a19dc715	128743
mods/heroes.stormmod/enus.stormassets/localizeddata/sounds/vo/mephistoa_heroslain00.fxe	4217916e2e021b8a423bc5b8e2ce2a9c	1580
mods/heroes.stormmod/enus.stormassets/localizeddata/sounds/vo/mephistoa_heroslain00.ogg	d71c3799ced66807b40ce5b3f814d052	35247
mods/heroes.stormmod/enus.stormassets/localizeddata/sounds/vo/mephistoa_heroslain01.fxe	3d3214eb4dc6f8e6b17f7dc7c2fac1e6	4364
mods/heroes.stormmod/enus.stormassets/localizeddata/sounds/vo/mephistoa_heroslain01.ogg	937cd19909a2868ec593a4986ebfea1b	104395
mods/heroes.stormmod/enus.stormassets/localizeddata/sounds/vo/mephistoa_heroslain02.fxe	566389ae6d09b2688ae23dfe831fb026	2460
mods/heroes.stormmod/enus.stormassets/localizeddata/sounds/vo/mephistoa_heroslain02.ogg	f151db405ee41436c140de31c2bba02e	52683
mods/heroes.stormmod/enus.stormassets/localizeddata/sounds/vo/mephistoa_heroslain03.fxe	1582a92f081215c967b8aa2c044cd5de	4092
mods/heroes.stormmod/enus.stormassets/localizeddata/sounds/vo/mephistoa_heroslain03.ogg	febfbd7c72ae746319ad6a4f2df5adbe	114451
mods/heroes.stormmod/enus.stormassets/localizeddata/sounds/vo/mephistoa_heroslain04.fxe	ff829828d22d17b98d5e9ec262bc06ab	4140
mods/heroes.stormmod/enus.stormassets/localizeddata/sounds/vo/mephistoa_heroslain04.ogg	db0e6cd8a7a70f2aa179072adb9a3cea	119437
mods/heroes.stormmod/enus.stormassets/localizeddata/sounds/vo/mephistoa_keepdestroy00.fxe	0c580b87232b841e77a890511799f028	2814
mods/heroes.stormmod/enus.stormassets/localizeddata/sounds/vo/mephistoa_keepdestroy00.ogg	d45876f76283582f1a8fcca584768c77	65171
mods/heroes.stormmod/enus.stormassets/localizeddata/sounds/vo/mephistoa_keepdestroy01.fxe	ed727a0a66d0e2ae835783d2126dee97	3182
mods/heroes.stormmod/enus.stormassets/localizeddata/sounds/vo/mephistoa_keepdestroy01.ogg	309f2b9aafae8258a81f0e4c58790d1c	70719
mods/heroes.stormmod/enus.stormassets/localizeddata/sounds/vo/mephistoa_keepdestroy02.fxe	a35cc0e6cda1f985e93cd91c4ce3e111	2878
mods/heroes.stormmod/enus.stormassets/localizeddata/sounds/vo/mephistoa_keepdestroy02.ogg	0b5c71af8ce2e39c1043e033fc9466ca	54602
mods/heroes.stormmod/enus.stormassets/localizeddata/sounds/vo/mephistoa_keepdestroy_blue00.fxe	f411fb0f61bdcde89a9771983c5f4985	2275
mods/heroes.stormmod/enus.stormassets/localizeddata/sounds/vo/mephistoa_keepdestroy_blue00.ogg	22985de788388041341d8dde4d4576f5	48057
mods/heroes.stormmod/enus.stormassets/localizeddata/sounds/vo/mephistoa_keepdestroy_red00.fxe	b0492ebdb57288ef8ab4f7484d74a88b	2418
mods/heroes.stormmod/enus.stormassets/localizeddata/sounds/vo/mephistoa_keepdestroy_red00.ogg	dc7bdf66c053bf669a56918718149105	48475
mods/heroes.stormmod/enus.stormassets/localizeddata/sounds/vo/mephistoa_keeplost00.fxe	2d4dff8027b8be2627b1d55d026bd67d	3051
mods/heroes.stormmod/enus.stormassets/localizeddata/sounds/vo/mephistoa_keeplost00.ogg	da1ab3651736549036007ec38c329574	66617
mods/heroes.stormmod/enus.stormassets/localizeddata/sounds/vo/mephistoa_keeplost01.fxe	7f2fd58e5974e1f370c52987c8b63bf5	2779
mods/heroes.stormmod/enus.stormassets/localizeddata/sounds/vo/mephistoa_keeplost01.ogg	47fc51f9d65ef0dfe82829498b901784	65581
mods/heroes.stormmod/enus.stormassets/localizeddata/sounds/vo/mephistoa_keeplost02.fxe	b00efbbd50d58f43d49597f8d50d45c5	2299
mods/heroes.stormmod/enus.stormassets/localizeddata/sounds/vo/mephistoa_keeplost02.ogg	6141177985431ec41eb3dad106be5253	55140
mods/heroes.stormmod/enus.stormassets/localizeddata/sounds/vo/mephistoa_kill_observer00.fxe	7dae3007b073167e434330ce12589c69	1376
mods/heroes.stormmod/enus.stormassets/localizeddata/sounds/vo/mephistoa_kill_observer00.ogg	856883a0cd890b4511974e6955c4ba97	34572
mods/heroes.stormmod/enus.stormassets/localizeddata/sounds/vo/mephistoa_kill_observer01.fxe	d77c73ed7dd8506b0dbd0c2003b2757c	1312
mods/heroes.stormmod/enus.stormassets/localizeddata/sounds/vo/mephistoa_kill_observer01.ogg	5140744facb3fd0be0af22afed31d06d	30707
mods/heroes.stormmod/enus.stormassets/localizeddata/sounds/vo/mephistoa_kill_observer02.fxe	1984b17cb85b53e924735a2f536e1ec8	1360
mods/heroes.stormmod/enus.stormassets/localizeddata/sounds/vo/mephistoa_kill_observer02.ogg	18f4ba258c58225b4d83189442cc2211	34548
mods/heroes.stormmod/enus.stormassets/localizeddata/sounds/vo/mephistoa_kill_observer03.fxe	1bc9ea5a62fb8bc153987acbfd51dd43	1376
mods/heroes.stormmod/enus.stormassets/localizeddata/sounds/vo/mephistoa_kill_observer03.ogg	67475219c7935e55a048a835bc1eed03	33107
mods/heroes.stormmod/enus.stormassets/localizeddata/sounds/vo/mephistoa_kill_observer04.fxe	d4a4132e2de2dc45444f9ee90d717b2f	1328
mods/heroes.stormmod/enus.stormassets/localizeddata/sounds/vo/mephistoa_kill_observer04.ogg	97acade2d734691d674f231ffaf510da	30078
mods/heroes.stormmod/enus.stormassets/localizeddata/sounds/vo/mephistoa_megakill00.fxe	5bdf5de454605098b35d7ee4e1c152c2	1035
mods/heroes.stormmod/enus.stormassets/localizeddata/sounds/vo/mephistoa_megakill00.ogg	70e60756b2c06cf7ad880fbfc833993b	45316
mods/heroes.stormmod/enus.stormassets/localizeddata/sounds/vo/mephistoa_outpostdestroy00.fxe	c511727b99612b6df4ce6ae3d126ae8e	3169
mods/heroes.stormmod/enus.stormassets/localizeddata/sounds/vo/mephistoa_outpostdestroy00.ogg	e01ae0c204b4acfe44360472260d6749	56127
mods/heroes.stormmod/enus.stormassets/localizeddata/sounds/vo/mephistoa_outpostdestroy01.fxe	605ff39090289b6c53fbd5681c331ee6	3105
mods/heroes.stormmod/enus.stormassets/localizeddata/sounds/vo/mephistoa_outpostdestroy01.ogg	73b57ae824ed73fe98c1f69a726200ce	56845
mods/heroes.stormmod/enus.stormassets/localizeddata/sounds/vo/mephistoa_outpostdestroy02.fxe	c1fa74dbb82731c5e0b8f14d77e6605a	3025
mods/heroes.stormmod/enus.stormassets/localizeddata/sounds/vo/mephistoa_outpostdestroy02.ogg	0d5134f8407f9d00e5d1d969bca122fb	70536
mods/heroes.stormmod/enus.stormassets/localizeddata/sounds/vo/mephistoa_outpostdestroy03.fxe	1e9b57573d49a1507d802fa91728dd6c	3729
mods/heroes.stormmod/enus.stormassets/localizeddata/sounds/vo/mephistoa_outpostdestroy03.ogg	cc55394a86d8ead8b3369a9395bf7921	74676
mods/heroes.stormmod/enus.stormassets/localizeddata/sounds/vo/mephistoa_outpostdestroy04.fxe	40a73b55f60feda76d6e8866051fbf91	3889
mods/heroes.stormmod/enus.stormassets/localizeddata/sounds/vo/mephistoa_outpostdestroy04.ogg	57874ed804c08fb06ab02c90297d162e	80903
mods/heroes.stormmod/enus.stormassets/localizeddata/sounds/vo/mephistoa_outpostdestroy_blue00.fxe	a9aa54d13fa10c23cbc6c6c4e54e609f	2518
mods/heroes.stormmod/enus.stormassets/localizeddata/sounds/vo/mephistoa_outpostdestroy_blue00.ogg	c4795fa7361fec10d0b8e0ef564e37c7	52534
mods/heroes.stormmod/enus.stormassets/localizeddata/sounds/vo/mephistoa_outpostdestroy_red00.fxe	8f8c4bef37b4fefcf257a651ec56e0c1	2501
mods/heroes.stormmod/enus.stormassets/localizeddata/sounds/vo/mephistoa_outpostdestroy_red00.ogg	b2e478e0dc7dd24566ec088fe11abe55	51107
mods/heroes.stormmod/enus.stormassets/localizeddata/sounds/vo/mephistoa_outpostlost00.fxe	9ad7fe923d0fa64efa758de0d3e03c0f	3582
mods/heroes.stormmod/enus.stormassets/localizeddata/sounds/vo/mephistoa_outpostlost00.ogg	846bc61b282cc944f7d8b6b34ebf47ce	62764
mods/heroes.stormmod/enus.stormassets/localizeddata/sounds/vo/mephistoa_outpostlost01.fxe	88d088b3f7ed8cded71440e8f7efeaf7	2734
mods/heroes.stormmod/enus.stormassets/localizeddata/sounds/vo/mephistoa_outpostlost01.ogg	16ddedf423e77ae4e2a9dc90604697e6	59557
mods/heroes.stormmod/enus.stormassets/localizeddata/sounds/vo/mephistoa_outpostlost02.fxe	cbe3a0a4fbcc189f6ef7fbff80f30a89	2686
mods/heroes.stormmod/enus.stormassets/localizeddata/sounds/vo/mephistoa_outpostlost02.ogg	072f2b083e91e955586d16757d28ecc8	50616
mods/heroes.stormmod/enus.stormassets/localizeddata/sounds/vo/mephistoa_outpostlost03.fxe	da1d4c96248f0b4a881d5106f748a35d	3518
mods/heroes.stormmod/enus.stormassets/localizeddata/sounds/vo/mephistoa_outpostlost03.ogg	30bbe98009bb1d2a9186c0b102b1f10d	75462
mods/heroes.stormmod/enus.stormassets/localizeddata/sounds/vo/mephistoa_outpostlost04.fxe	dce489cb8fc921427e19a94e7a4ff6f3	2766
mods/heroes.stormmod/enus.stormassets/localizeddata/sounds/vo/mephistoa_outpostlost04.ogg	8699a1ee0415d7f38af4195821b49f37	57242
mods/heroes.stormmod/enus.stormassets/localizeddata/sounds/vo/mephistoa_playerabandon00.fxe	db6e4ba0477330aedc06a7b64333da69	2368
mods/heroes.stormmod/enus.stormassets/localizeddata/sounds/vo/mephistoa_playerabandon00.ogg	0160647b3ea9e753a1f4e497e7644d2d	51178
mods/heroes.stormmod/enus.stormassets/localizeddata/sounds/vo/mephistoa_playerrejoin00.fxe	0cfa89bb9d7318f10fec56f4b6667912	2287
mods/heroes.stormmod/enus.stormassets/localizeddata/sounds/vo/mephistoa_playerrejoin00.ogg	f862c0512cc9f97ea32c93e166551e39	54551
mods/heroes.stormmod/enus.stormassets/localizeddata/sounds/vo/mephistoa_revive00.fxe	e23106c665ec7937d48f0ae64e4b9f6e	1513
mods/heroes.stormmod/enus.stormassets/localizeddata/sounds/vo/mephistoa_revive00.ogg	1886f1cb1cb2b1d3b84db26a02725418	35017
mods/heroes.stormmod/enus.stormassets/localizeddata/sounds/vo/mephistoa_revive_observer00.fxe	bc7d60e6caa700aacd7c978944c012f2	1522
mods/heroes.stormmod/enus.stormassets/localizeddata/sounds/vo/mephistoa_revive_observer00.ogg	1630fdea280242b4be49ae6758f60b32	31429
mods/heroes.stormmod/enus.stormassets/localizeddata/sounds/vo/mephistoa_spreeend00.fxe	b008d0aa801caeb775b3c74909ee9a33	2107
mods/heroes.stormmod/enus.stormassets/localizeddata/sounds/vo/mephistoa_spreeend00.ogg	24080c1098982cc6c6b289e946c25e6e	41645
mods/heroes.stormmod/enus.stormassets/localizeddata/sounds/vo/mephistoa_spreeend_ally00.fxe	88856e9d3e9ebf054400bf378671be4e	2496
mods/heroes.stormmod/enus.stormassets/localizeddata/sounds/vo/mephistoa_spreeend_ally00.ogg	59d6183a4aea38c68f82a94f996b4068	54685
mods/heroes.stormmod/enus.stormassets/localizeddata/sounds/vo/mephistoa_spreefirstupgrade00.fxe	f4d32bd43463797a0b100916472c321d	884
mods/heroes.stormmod/enus.stormassets/localizeddata/sounds/vo/mephistoa_spreefirstupgrade00.ogg	a1232f9cd5c5b93117a4733a67fb8d0a	25659
mods/heroes.stormmod/enus.stormassets/localizeddata/sounds/vo/mephistoa_spreemax00.fxe	051fb2e6d9ec9e4b809bada5896e4473	1707
mods/heroes.stormmod/enus.stormassets/localizeddata/sounds/vo/mephistoa_spreemax00.ogg	ed05c9ac61d5682eb9c0af129939e17d	104008
mods/heroes.stormmod/enus.stormassets/localizeddata/sounds/vo/mephistoa_spreesecondupgrade00.fxe	128002c9f35f8bb2f321ae2a7adb8add	1173
mods/heroes.stormmod/enus.stormassets/localizeddata/sounds/vo/mephistoa_spreesecondupgrade00.ogg	a43974a71b0e874e000ff8f32cb25757	28827
mods/heroes.stormmod/enus.stormassets/localizeddata/sounds/vo/mephistoa_spreestart00.fxe	7e311d3e987f62b9d1863c092a44687f	1389
mods/heroes.stormmod/enus.stormassets/localizeddata/sounds/vo/mephistoa_spreestart00.ogg	66a1bda7f0dc8f8552221a6fda76bf4a	26474
mods/heroes.stormmod/enus.stormassets/localizeddata/sounds/vo/mephistoa_spreethirdupgrade00.fxe	90ee58039b0ca5ecfa8e043500a65acb	1508
mods/heroes.stormmod/enus.stormassets/localizeddata/sounds/vo/mephistoa_spreethirdupgrade00.ogg	8145aaffa0924e5850a62fa42aa7ee74	29209
mods/heroes.stormmod/enus.stormassets/localizeddata/sounds/vo/mephistoa_talentunlock00.fxe	e77fd620583262dd8d972142e92817a2	2415
mods/heroes.stormmod/enus.stormassets/localizeddata/sounds/vo/mephistoa_talentunlock00.ogg	180572586d1206bf607120df87529a71	47719
mods/heroes.stormmod/enus.stormassets/localizeddata/sounds/vo/mephistoa_talentunlock01.fxe	e7abb119652576e18f79ce6bd9a40148	2831
mods/heroes.stormmod/enus.stormassets/localizeddata/sounds/vo/mephistoa_talentunlock01.ogg	4ce2aab1fa6bd1d79b7ecab9826b9da1	57676
mods/heroes.stormmod/enus.stormassets/localizeddata/sounds/vo/mephistoa_talentunlock02.fxe	098da96773c0a45481de65ebad69a319	2287
mods/heroes.stormmod/enus.stormassets/localizeddata/sounds/vo/mephistoa_talentunlock02.ogg	595b0e0db6c7c0ffd90b396174e5aeb5	45241
mods/heroes.stormmod/enus.stormassets/localizeddata/sounds/vo/mephistoa_teamkill00.fxe	7aa6ef135149ce1d8c098dbb14f60396	1755
mods/heroes.stormmod/enus.stormassets/localizeddata/sounds/vo/mephistoa_teamkill00.ogg	286b60cd357ab7cc5662051d1a0eb83a	33868
mods/heroes.stormmod/enus.stormassets/localizeddata/sounds/vo/mephistoa_teamkill_blue00.fxe	5a8d4620bc96c37ea00ab5e0701ed76c	2032
mods/heroes.stormmod/enus.stormassets/localizeddata/sounds/vo/mephistoa_teamkill_blue00.ogg	fa0d14205d9feb05c2b9de0229f14279	39664
mods/heroes.stormmod/enus.stormassets/localizeddata/sounds/vo/mephistoa_teamkill_red00.fxe	afc5c4f47d00ddd2d7d153bc196732d8	2095
mods/heroes.stormmod/enus.stormassets/localizeddata/sounds/vo/mephistoa_teamkill_red00.ogg	16bfcecc09409207aa5c9e843650cbb1	38426
mods/heroes.stormmod/enus.stormassets/localizeddata/sounds/vo/mephistoa_triplekill00.fxe	2e6729de1344a49cc65d39cd1c18da8c	1389
mods/heroes.stormmod/enus.stormassets/localizeddata/sounds/vo/mephistoa_triplekill00.ogg	175d4fc7ed7574664351dab0ecdf6f6f	25420
mods/heroes.stormmod/enus.stormassets/localizeddata/sounds/vo/mephistoa_triplekill01.fxe	358418e96a86b22843d809e63552b68c	1389
mods/heroes.stormmod/enus.stormassets/localizeddata/sounds/vo/mephistoa_triplekill01.ogg	0f016c33650c66ee540948b56794b7b6	30945
mods/heroes.stormmod/enus.stormassets/localizeddata/sounds/vo/mephistoa_triplekill02.fxe	88ed0139509ce491a25284cfa576fc94	1357
mods/heroes.stormmod/enus.stormassets/localizeddata/sounds/vo/mephistoa_triplekill02.ogg	e309c4da28105b162a1287a7a1c3dd00	23689
mods/heroes.stormmod/enus.stormassets/localizeddata/sounds/vo/mephistobase_ai_attack00.fxe	95ca7b6b662123e7f4404d5b98b80f8f	1583
mods/heroes.stormmod/enus.stormassets/localizeddata/sounds/vo/mephistobase_ai_attack00.ogg	4a9e12777ac791d245fa4e8071cea91c	39801
mods/heroes.stormmod/enus.stormassets/localizeddata/sounds/vo/mephistobase_ai_attack01.fxe	e849e6a3779877b08fc4bd74d935c808	1807
mods/heroes.stormmod/enus.stormassets/localizeddata/sounds/vo/mephistobase_ai_attack01.ogg	ab9aed618413a7dc13769562ee86f6af	38256
mods/heroes.stormmod/enus.stormassets/localizeddata/sounds/vo/mephistobase_ai_attack02.fxe	15ee7940db1a7cff8d2ac6aa640da7c4	3119
mods/heroes.stormmod/enus.stormassets/localizeddata/sounds/vo/mephistobase_ai_attack02.ogg	5028408a2580d4a95ad25eb283f9593a	49072
mods/heroes.stormmod/enus.stormassets/localizeddata/sounds/vo/mephistobase_ai_caution00.fxe	3cd2668f6e36337624a48d96e47576fd	2192
mods/heroes.stormmod/enus.stormassets/localizeddata/sounds/vo/mephistobase_ai_caution00.ogg	bebbd676ade0f2c7169c059f25f9b929	42540
mods/heroes.stormmod/enus.stormassets/localizeddata/sounds/vo/mephistobase_ai_goodjob00.fxe	68f2028f709cb6366425f4f13edc1dcc	1504
mods/heroes.stormmod/enus.stormassets/localizeddata/sounds/vo/mephistobase_ai_goodjob00.ogg	0262683cadc230f19bb8fdcca5a156d6	30565
mods/heroes.stormmod/enus.stormassets/localizeddata/sounds/vo/mephistobase_ai_goodjob01.fxe	fd4fa1725dfcbae2a48413fc3c24c3a5	1136
mods/heroes.stormmod/enus.stormassets/localizeddata/sounds/vo/mephistobase_ai_goodjob01.ogg	d4d68fe59de87a325d2c6f9f826817f9	24012
mods/heroes.stormmod/enus.stormassets/localizeddata/sounds/vo/mephistobase_ai_goodjob02.fxe	e84ad23b61f68b5e774abf23fa39ff6f	2400
mods/heroes.stormmod/enus.stormassets/localizeddata/sounds/vo/mephistobase_ai_goodjob02.ogg	a63785929d0444c9c3ae7e7175f0113c	58820
mods/heroes.stormmod/enus.stormassets/localizeddata/sounds/vo/mephistobase_ai_heal00.fxe	84918e4e7037932597b85f16aae76bde	3261
mods/heroes.stormmod/enus.stormassets/localizeddata/sounds/vo/mephistobase_ai_heal00.ogg	b758911427fc01c58817ff0d0cd7d160	52525
mods/heroes.stormmod/enus.stormassets/localizeddata/sounds/vo/mephistobase_ai_heal01.fxe	2804689c675330ff23fa1826c8d27eec	3181
mods/heroes.stormmod/enus.stormassets/localizeddata/sounds/vo/mephistobase_ai_heal01.ogg	a154d143133fdbceb794f72ac2d2ea1d	60777
mods/heroes.stormmod/enus.stormassets/localizeddata/sounds/vo/mephistobase_ai_onmyway00.fxe	bfb2d1f0801d1160608ae8664ab420ce	2240
mods/heroes.stormmod/enus.stormassets/localizeddata/sounds/vo/mephistobase_ai_onmyway00.ogg	20bb8dd102d3172dcce3204a06af8daa	76060
mods/heroes.stormmod/enus.stormassets/localizeddata/sounds/vo/mephistobase_ai_onmyway01.fxe	fc035f667a83b24b96f04431a08df15f	2816
mods/heroes.stormmod/enus.stormassets/localizeddata/sounds/vo/mephistobase_ai_onmyway01.ogg	e9c18ec7718fab18b25609b261907a43	52124
mods/heroes.stormmod/enus.stormassets/localizeddata/sounds/vo/mephistobase_ai_retreat00.fxe	7a7c02ac220c7010d10c0ff8fe0498ce	2416
mods/heroes.stormmod/enus.stormassets/localizeddata/sounds/vo/mephistobase_ai_retreat00.ogg	3c704e9f09904397ea56920d0b85bd1c	38252
mods/heroes.stormmod/enus.stormassets/localizeddata/sounds/vo/mephistobase_ai_retreat01.fxe	95cfcff97167e52bc54d4f042941ed8d	2976
mods/heroes.stormmod/enus.stormassets/localizeddata/sounds/vo/mephistobase_ai_retreat01.ogg	2c0b652c804a9909ff9b73fcda8a6341	52244
mods/heroes.stormmod/enus.stormassets/localizeddata/sounds/vo/mephistobase_ai_uhoh00.fxe	4922c06a84cec66932d874ab368542e2	1741
mods/heroes.stormmod/enus.stormassets/localizeddata/sounds/vo/mephistobase_ai_uhoh00.ogg	7f8ce8f3ed4018868a89ab287ee266ef	25811
mods/heroes.stormmod/enus.stormassets/localizeddata/sounds/vo/mephistobase_ai_uhoh01.fxe	4612532d085a57d4bcb9ed9a11b2b12d	2813
mods/heroes.stormmod/enus.stormassets/localizeddata/sounds/vo/mephistobase_ai_uhoh01.ogg	81f3b3137a9ee136958946ffd6e32656	47764
mods/heroes.stormmod/enus.stormassets/localizeddata/sounds/vo/mephistobase_ai_uhoh02.fxe	1ef964083b653b07c39b4829a34506c8	2365
mods/heroes.stormmod/enus.stormassets/localizeddata/sounds/vo/mephistobase_ai_uhoh02.ogg	327f46b7b2736290bf9ae57ac85ecb74	54048
mods/heroes.stormmod/enus.stormassets/localizeddata/sounds/vo/mephistobase_attack00.fxe	6619634e3f0df418817b7e2b89ba6755	1420
mods/heroes.stormmod/enus.stormassets/localizeddata/sounds/vo/mephistobase_attack00.ogg	985b501beecd3e540b548e96922e1c35	26989
mods/heroes.stormmod/enus.stormassets/localizeddata/sounds/vo/mephistobase_attack01.fxe	12aeea90978dc58c5a44bbf7ea128ae2	2108
mods/heroes.stormmod/enus.stormassets/localizeddata/sounds/vo/mephistobase_attack01.ogg	1edaa314c18bc751748e4be21c496359	35329
mods/heroes.stormmod/enus.stormassets/localizeddata/sounds/vo/mephistobase_attack02.fxe	d6c77ddda5cc1b8312dcd84674eb602b	2076
mods/heroes.stormmod/enus.stormassets/localizeddata/sounds/vo/mephistobase_attack02.ogg	77b966c41216a7a34ccce6714589148e	37044
mods/heroes.stormmod/enus.stormassets/localizeddata/sounds/vo/mephistobase_attack03.fxe	b51ad32adb484b0f4c90b32270c34c03	1468
mods/heroes.stormmod/enus.stormassets/localizeddata/sounds/vo/mephistobase_attack03.ogg	7eb988665740ae634331ec7088415e14	36344
mods/heroes.stormmod/enus.stormassets/localizeddata/sounds/vo/mephistobase_attack04.fxe	61928a314d22530c442f680bb825bbf5	2556
mods/heroes.stormmod/enus.stormassets/localizeddata/sounds/vo/mephistobase_attack04.ogg	1f78881b0c9d4c7b6df99bbebbddb88f	44749
mods/heroes.stormmod/enus.stormassets/localizeddata/sounds/vo/mephistobase_attack05.fxe	93aacebd38dbc82645a21b86f1a107f2	1436
mods/heroes.stormmod/enus.stormassets/localizeddata/sounds/vo/mephistobase_attack05.ogg	f1c8f6ad09c271f64cb4a287aef5215b	42767
mods/heroes.stormmod/enus.stormassets/localizeddata/sounds/vo/mephistobase_attack06_00.fxe	e9b7f41b2d74a489d38210ffa0e1355b	2447
mods/heroes.stormmod/enus.stormassets/localizeddata/sounds/vo/mephistobase_attack06_00.ogg	6c954416d4751e18b354aeb0ab22de85	31254
mods/heroes.stormmod/enus.stormassets/localizeddata/sounds/vo/mephistobase_attack06_01.fxe	0b917b9fe2994a1a8ebb67ee13ceb72e	1855
mods/heroes.stormmod/enus.stormassets/localizeddata/sounds/vo/mephistobase_attack06_01.ogg	2cf8f5ec564d2d6f7824aff512006c94	33944
mods/heroes.stormmod/enus.stormassets/localizeddata/sounds/vo/mephistobase_attack06_05.fxe	9373cc074bc1c46f8604da37155ee9cf	1871
mods/heroes.stormmod/enus.stormassets/localizeddata/sounds/vo/mephistobase_attack06_05.ogg	d07f3626a9a94feb46118f363fded501	25176
mods/heroes.stormmod/enus.stormassets/localizeddata/sounds/vo/mephistobase_attack06_07.fxe	a8e6f688f7b39ab98f661e74e7e69e2f	1679
mods/heroes.stormmod/enus.stormassets/localizeddata/sounds/vo/mephistobase_attack06_07.ogg	2f7039edfa043916860c36108e81c7fb	34283
mods/heroes.stormmod/enus.stormassets/localizeddata/sounds/vo/mephistobase_attack06_09.fxe	5e513b071a025daa0743fe6343487eec	1599
mods/heroes.stormmod/enus.stormassets/localizeddata/sounds/vo/mephistobase_attack06_09.ogg	6c347d263af02cc2c9342b8d3ded3b73	33711
mods/heroes.stormmod/enus.stormassets/localizeddata/sounds/vo/mephistobase_celebrate00.fxe	652cea9c97c339d3d4aa1afddbc30fee	1183
mods/heroes.stormmod/enus.stormassets/localizeddata/sounds/vo/mephistobase_celebrate00.ogg	5d3723af0e213b80e945b02c3f1cae9b	72683
mods/heroes.stormmod/enus.stormassets/localizeddata/sounds/vo/mephistobase_celebrate01.fxe	80d343a4f9cd9fb381ca87db1f70498b	2703
mods/heroes.stormmod/enus.stormassets/localizeddata/sounds/vo/mephistobase_celebrate01.ogg	02ac5200c534db3ddaa4ca0362355fc0	47771
mods/heroes.stormmod/enus.stormassets/localizeddata/sounds/vo/mephistobase_comeback00.fxe	4aae553d778749900e4a8b56043dee91	3278
mods/heroes.stormmod/enus.stormassets/localizeddata/sounds/vo/mephistobase_comeback00.ogg	23d8e4e791d97c438f7fdb4e39ff86ca	61264
mods/heroes.stormmod/enus.stormassets/localizeddata/sounds/vo/mephistobase_death00.fxe	3edc946611508903542c8e121cba2634	1675
mods/heroes.stormmod/enus.stormassets/localizeddata/sounds/vo/mephistobase_death00.wav	e52067c09db9fdf0f2625342b6a3aab4	76348
mods/heroes.stormmod/enus.stormassets/localizeddata/sounds/vo/mephistobase_death01.fxe	a6c015ee6e3cd6b299cdd5000d215a3a	1211
mods/heroes.stormmod/enus.stormassets/localizeddata/sounds/vo/mephistobase_death01.wav	f515dc89c0d10296967a4cc092d08bdf	47420
mods/heroes.stormmod/enus.stormassets/localizeddata/sounds/vo/mephistobase_death010.fxe	6b7790208052d9c17c1f1fb21b5e8de2	2380
mods/heroes.stormmod/enus.stormassets/localizeddata/sounds/vo/mephistobase_death010.wav	2773dd69e51a94f1e97cc09b527053a8	105532
mods/heroes.stormmod/enus.stormassets/localizeddata/sounds/vo/mephistobase_death011.fxe	465509cfcb24eef1e22c50ca039e5f00	2620
mods/heroes.stormmod/enus.stormassets/localizeddata/sounds/vo/mephistobase_death011.wav	9d88f544697d4ead84781a365e318b49	116028
mods/heroes.stormmod/enus.stormassets/localizeddata/sounds/vo/mephistobase_death012.fxe	3b039c89dcbc0f4522cc2a438cd4df92	2844
mods/heroes.stormmod/enus.stormassets/localizeddata/sounds/vo/mephistobase_death012.wav	0f4359ea1f8e8f6ab11f29d0b379eacd	130620
mods/heroes.stormmod/enus.stormassets/localizeddata/sounds/vo/mephistobase_death013.fxe	0880675421f5f83aafbdc527ba259a07	2716
mods/heroes.stormmod/enus.stormassets/localizeddata/sounds/vo/mephistobase_death013.wav	99146692fa53dd13af8b393972ce2b64	131900
mods/heroes.stormmod/enus.stormassets/localizeddata/sounds/vo/mephistobase_death014.fxe	6159560d664a708845ac644c7192dbdc	3596
mods/heroes.stormmod/enus.stormassets/localizeddata/sounds/vo/mephistobase_death014.wav	8d410e3722e95645dbcc5d004ef5438e	130876
mods/heroes.stormmod/enus.stormassets/localizeddata/sounds/vo/mephistobase_death015.fxe	48f9fd53ebdc6d954f58e81a46d9c688	1820
mods/heroes.stormmod/enus.stormassets/localizeddata/sounds/vo/mephistobase_death015.wav	5c50c9f3b1dce8bdd37788ebfb6d2b49	110140
mods/heroes.stormmod/enus.stormassets/localizeddata/sounds/vo/mephistobase_death016.fxe	5dd1b5a9acd64fc65247b132c487210f	2748
mods/heroes.stormmod/enus.stormassets/localizeddata/sounds/vo/mephistobase_death016.wav	6a164b11f25ea61af074cfdf0d0803be	127804
mods/heroes.stormmod/enus.stormassets/localizeddata/sounds/vo/mephistobase_death017.fxe	4ddd9de25b1e6a4a44ce5cf0be1dfa4c	2604
mods/heroes.stormmod/enus.stormassets/localizeddata/sounds/vo/mephistobase_death017.wav	f07f2daf54a8322e6a76b91cdf9003a0	141628
mods/heroes.stormmod/enus.stormassets/localizeddata/sounds/vo/mephistobase_death02.fxe	47929e50f101e775d21cde93179922ca	2027
mods/heroes.stormmod/enus.stormassets/localizeddata/sounds/vo/mephistobase_death02.wav	c9cf04238dc8fee45078e678a5b19445	88636
mods/heroes.stormmod/enus.stormassets/localizeddata/sounds/vo/mephistobase_death03.fxe	7fb9df31ef66d5531433a862d2b43123	1787
mods/heroes.stormmod/enus.stormassets/localizeddata/sounds/vo/mephistobase_death03.wav	56f9170697f6434b59a7c0cb60996da7	74300
mods/heroes.stormmod/enus.stormassets/localizeddata/sounds/vo/mephistobase_death04.fxe	495ec7963e64624ab9783df48fe8e375	1755
mods/heroes.stormmod/enus.stormassets/localizeddata/sounds/vo/mephistobase_death04.wav	c05a06d994b50a4ecc5c1fb78ea15dbd	78140
mods/heroes.stormmod/enus.stormassets/localizeddata/sounds/vo/mephistobase_death05.fxe	ae824bccb83c020cf893c206bd8a0f76	1819
mods/heroes.stormmod/enus.stormassets/localizeddata/sounds/vo/mephistobase_death05.wav	833d47f148c3b720b79f5c3c1e7be6f5	78652
mods/heroes.stormmod/enus.stormassets/localizeddata/sounds/vo/mephistobase_death06.fxe	30e2f2d57c899f635270205f31ad5f68	1979
mods/heroes.stormmod/enus.stormassets/localizeddata/sounds/vo/mephistobase_death06.wav	8e201423250777bf5e7f870130235957	60732
mods/heroes.stormmod/enus.stormassets/localizeddata/sounds/vo/mephistobase_death07.fxe	6ead4836f88016508e20dcac0d8af959	2539
mods/heroes.stormmod/enus.stormassets/localizeddata/sounds/vo/mephistobase_death07.wav	c89174de6bd7c55eda5a1130f176ab42	96316
mods/heroes.stormmod/enus.stormassets/localizeddata/sounds/vo/mephistobase_death08.fxe	342c79b51ed5a86fa4105c56646cfc7c	2395
mods/heroes.stormmod/enus.stormassets/localizeddata/sounds/vo/mephistobase_death08.wav	70d92541637bd6ef1f14c6350acf67e8	86844
mods/heroes.stormmod/enus.stormassets/localizeddata/sounds/vo/mephistobase_death09.fxe	032a3675a995d299d073bad428933ec4	2155
mods/heroes.stormmod/enus.stormassets/localizeddata/sounds/vo/mephistobase_death09.wav	b5fe53f623c5dd508559f59e7d16f9e5	123196
mods/heroes.stormmod/enus.stormassets/localizeddata/sounds/vo/mephistobase_empire00.fxe	3de901e1195164926a99b7915e51e036	2620
mods/heroes.stormmod/enus.stormassets/localizeddata/sounds/vo/mephistobase_empire00.ogg	18bdf41aa03a047d8d52e6a9c283b7fa	51216
mods/heroes.stormmod/enus.stormassets/localizeddata/sounds/vo/mephistobase_healed00.fxe	d9ed9ff06153fa376215a52d62135f68	1516
mods/heroes.stormmod/enus.stormassets/localizeddata/sounds/vo/mephistobase_healed00.ogg	55d847de1fbdc81ae2e0afa8b07844e6	29135
mods/heroes.stormmod/enus.stormassets/localizeddata/sounds/vo/mephistobase_healed01.fxe	2e233e6044bf38047ee36667ed1ece19	2748
mods/heroes.stormmod/enus.stormassets/localizeddata/sounds/vo/mephistobase_healed01.ogg	df16c6732c36db15906a7cc78848a2fb	69671
mods/heroes.stormmod/enus.stormassets/localizeddata/sounds/vo/mephistobase_healed02.fxe	857337ea774c39c86ecb2bfbade77d01	1516
mods/heroes.stormmod/enus.stormassets/localizeddata/sounds/vo/mephistobase_healed02.ogg	8b748d8a4664813e4193c3aed91b8206	32167
mods/heroes.stormmod/enus.stormassets/localizeddata/sounds/vo/mephistobase_introagree00.fxe	b85b6c36ed6c6c7183807e1b97c209c9	2576
mods/heroes.stormmod/enus.stormassets/localizeddata/sounds/vo/mephistobase_introagree00.ogg	fbfe25294c0dae9cb2960d06daef2509	46125
mods/heroes.stormmod/enus.stormassets/localizeddata/sounds/vo/mephistobase_introagree01.fxe	cfda03002cd0ed9f263fe05ef948889f	2912
mods/heroes.stormmod/enus.stormassets/localizeddata/sounds/vo/mephistobase_introagree01.ogg	cb42fa7517c311aaf3c1dc60b7a9ceda	46576
mods/heroes.stormmod/enus.stormassets/localizeddata/sounds/vo/mephistobase_introagree02.fxe	5d4a583fb8a3171dbaafc68ec5b77b2d	2688
mods/heroes.stormmod/enus.stormassets/localizeddata/sounds/vo/mephistobase_introagree02.ogg	7298592a0bfbc4ba6a88ec9447982605	50375
mods/heroes.stormmod/enus.stormassets/localizeddata/sounds/vo/mephistobase_introboast00.fxe	53e4f3670542ffce8e19b5486df5951d	4640
mods/heroes.stormmod/enus.stormassets/localizeddata/sounds/vo/mephistobase_introboast00.ogg	b32bdb7f601e3814882958c95bfb1ee0	90289
mods/heroes.stormmod/enus.stormassets/localizeddata/sounds/vo/mephistobase_introboast01.fxe	41a3925bf4b7ed3f3c88b95356c84dd4	4336
mods/heroes.stormmod/enus.stormassets/localizeddata/sounds/vo/mephistobase_introboast01.ogg	323daefe5782a70f99ba17362cf3df30	76378
mods/heroes.stormmod/enus.stormassets/localizeddata/sounds/vo/mephistobase_introquestion00.fxe	0a4cadd02642cf6b270c8f9164598779	3763
mods/heroes.stormmod/enus.stormassets/localizeddata/sounds/vo/mephistobase_introquestion00.ogg	a789a1902bc6bca8418e4f02133593f9	57270
mods/heroes.stormmod/enus.stormassets/localizeddata/sounds/vo/mephistobase_introquestion01.fxe	3f946056ec8509cb3b4e8e3a47d8c163	3683
mods/heroes.stormmod/enus.stormassets/localizeddata/sounds/vo/mephistobase_introquestion01.ogg	0d872a7449f764a68090d2b276d19533	72390
mods/heroes.stormmod/enus.stormassets/localizeddata/sounds/vo/mephistobase_introquestion_abathur00.fxe	4b015514d6acbc28b2df61140a92b439	4827
mods/heroes.stormmod/enus.stormassets/localizeddata/sounds/vo/mephistobase_introquestion_abathur00.ogg	c09a097f5448eeb53ffcee3a0471f4b8	85944
mods/heroes.stormmod/enus.stormassets/localizeddata/sounds/vo/mephistobase_introquestion_alarak00.fxe	10fbcd613a478597228a49d1ed4e23fe	6026
mods/heroes.stormmod/enus.stormassets/localizeddata/sounds/vo/mephistobase_introquestion_alarak00.ogg	0de774bafa561245487f8bb5c7a2d279	114759
mods/heroes.stormmod/enus.stormassets/localizeddata/sounds/vo/mephistobase_introquestion_alexstrasza00.fxe	020d9851c3c7d7f18ca17bc75fdea771	5567
mods/heroes.stormmod/enus.stormassets/localizeddata/sounds/vo/mephistobase_introquestion_alexstrasza00.ogg	2277d51d71515a049cb5f53ad2fbab7f	117007
mods/heroes.stormmod/enus.stormassets/localizeddata/sounds/vo/mephistobase_introquestion_archangeldiablo00.fxe	9c7c8211f5d2e6a72b6afbbdb83c7089	2547
mods/heroes.stormmod/enus.stormassets/localizeddata/sounds/vo/mephistobase_introquestion_archangeldiablo00.ogg	fe44372a4bee951bbc6e2c22ae3e9df5	70432
mods/heroes.stormmod/enus.stormassets/localizeddata/sounds/vo/mephistobase_introquestion_auriel00.fxe	08583b89c2ec720f71b799f615d71ee8	4682
mods/heroes.stormmod/enus.stormassets/localizeddata/sounds/vo/mephistobase_introquestion_auriel00.ogg	981b0054c32bec60457db9b1be74c77a	94443
mods/heroes.stormmod/enus.stormassets/localizeddata/sounds/vo/mephistobase_introquestion_azmodan00.fxe	081fdebf72285ede6792b6a91a336879	3963
mods/heroes.stormmod/enus.stormassets/localizeddata/sounds/vo/mephistobase_introquestion_azmodan00.ogg	a3c3c7aad36130a0f5db0909633ddf15	85997
mods/heroes.stormmod/enus.stormassets/localizeddata/sounds/vo/mephistobase_introquestion_crusader00.fxe	024166b220028c35a59b980a448401cd	4524
mods/heroes.stormmod/enus.stormassets/localizeddata/sounds/vo/mephistobase_introquestion_crusader00.ogg	6f18309525c1e9a3868bc8caa3ee831b	104138
mods/heroes.stormmod/enus.stormassets/localizeddata/sounds/vo/mephistobase_introquestion_d2hero00.fxe	da4665c7df6e58edb0f8318fcb544524	4346
mods/heroes.stormmod/enus.stormassets/localizeddata/sounds/vo/mephistobase_introquestion_d2hero00.ogg	bdec3d4ab00d87f815cbe038fea4667c	92985
mods/heroes.stormmod/enus.stormassets/localizeddata/sounds/vo/mephistobase_introquestion_deckard00.fxe	819aa142f38e87d375a803e8c5dc21a4	5643
mods/heroes.stormmod/enus.stormassets/localizeddata/sounds/vo/mephistobase_introquestion_deckard00.ogg	7919230944f958a603cc708cfd2a6b00	110356
mods/heroes.stormmod/enus.stormassets/localizeddata/sounds/vo/mephistobase_introquestion_demon00.fxe	21f931c402f59c943cdae34c44f7197f	4361
mods/heroes.stormmod/enus.stormassets/localizeddata/sounds/vo/mephistobase_introquestion_demon00.ogg	201becacbb1cc06c065e01574bbb5ba6	79841
mods/heroes.stormmod/enus.stormassets/localizeddata/sounds/vo/mephistobase_introquestion_demonicauriel00.fxe	f99e0173849ec922fbaf87fe9e99d346	5361
mods/heroes.stormmod/enus.stormassets/localizeddata/sounds/vo/mephistobase_introquestion_demonicauriel00.ogg	77558160f5e3e15a6ac94efcbf2b108f	119569
mods/heroes.stormmod/enus.stormassets/localizeddata/sounds/vo/mephistobase_introquestion_demonicimperius00.fxe	9be8f2f2cde5a5ea53c5c9385fa4f288	2211
mods/heroes.stormmod/enus.stormassets/localizeddata/sounds/vo/mephistobase_introquestion_demonicimperius00.ogg	57a264532526455583fbf1fda2e7bce3	51697
mods/heroes.stormmod/enus.stormassets/localizeddata/sounds/vo/mephistobase_introquestion_demonictyrael00.fxe	ce9cac780c885e406768f6e2319fb5fb	4529
mods/heroes.stormmod/enus.stormassets/localizeddata/sounds/vo/mephistobase_introquestion_demonictyrael00.ogg	42e52f1786f5091da45f39ee1b188ac6	101499
mods/heroes.stormmod/enus.stormassets/localizeddata/sounds/vo/mephistobase_introquestion_diablo00.fxe	7ef1f9285ec64e6760f2b3354489d787	4122
mods/heroes.stormmod/enus.stormassets/localizeddata/sounds/vo/mephistobase_introquestion_diablo00.ogg	7b0273398d6f8e5ef790253b9739ae58	90591
mods/heroes.stormmod/enus.stormassets/localizeddata/sounds/vo/mephistobase_introquestion_evil00.fxe	4747bf31961a7d0905187c32bd156574	3688
mods/heroes.stormmod/enus.stormassets/localizeddata/sounds/vo/mephistobase_introquestion_evil00.ogg	b732273a04e97de30443b45edb597928	77454
mods/heroes.stormmod/enus.stormassets/localizeddata/sounds/vo/mephistobase_introquestion_evil01.fxe	a24785612c6bddbb34c33cafe79804f6	2664
mods/heroes.stormmod/enus.stormassets/localizeddata/sounds/vo/mephistobase_introquestion_evil01.ogg	dc131f3b58a1b6dd99c7169ce0c690f5	61449
mods/heroes.stormmod/enus.stormassets/localizeddata/sounds/vo/mephistobase_introquestion_evil02.fxe	2d35aee4ccf2c5265fad67f3fb00864f	3048
mods/heroes.stormmod/enus.stormassets/localizeddata/sounds/vo/mephistobase_introquestion_evil02.ogg	a1fed839ed77e5f3e6159262601cc9fc	62151
mods/heroes.stormmod/enus.stormassets/localizeddata/sounds/vo/mephistobase_introquestion_garrosh00.fxe	f7128f48038242484562a1993011dd37	4731
mods/heroes.stormmod/enus.stormassets/localizeddata/sounds/vo/mephistobase_introquestion_garrosh00.ogg	b29cf9a68f8c4a68487c645614df17e6	105668
mods/heroes.stormmod/enus.stormassets/localizeddata/sounds/vo/mephistobase_introquestion_good00.fxe	6d8fb02327594176d8a585f27595a871	2424
mods/heroes.stormmod/enus.stormassets/localizeddata/sounds/vo/mephistobase_introquestion_good00.ogg	76bf044d6ce2f5ffee7b2ce1f48cea98	48451
mods/heroes.stormmod/enus.stormassets/localizeddata/sounds/vo/mephistobase_introquestion_good01.fxe	5684b05db016f4ce59987ff15bf3e45d	4680
mods/heroes.stormmod/enus.stormassets/localizeddata/sounds/vo/mephistobase_introquestion_good01.ogg	efe89c067fe6c68133508d35514ac775	87103
mods/heroes.stormmod/enus.stormassets/localizeddata/sounds/vo/mephistobase_introquestion_good02.fxe	27568733d88fcd00f7f16cd57304398e	3800
mods/heroes.stormmod/enus.stormassets/localizeddata/sounds/vo/mephistobase_introquestion_good02.ogg	6655bd2531334b08e24daf8a2dcbf939	76096
mods/heroes.stormmod/enus.stormassets/localizeddata/sounds/vo/mephistobase_introquestion_imperius00.fxe	a50caee092d98a2c3ae697c31571baa9	3900
mods/heroes.stormmod/enus.stormassets/localizeddata/sounds/vo/mephistobase_introquestion_imperius00.ogg	d16a45980fee9555da54b5c3ce653c72	112349
mods/heroes.stormmod/enus.stormassets/localizeddata/sounds/vo/mephistobase_introquestion_malthael00.fxe	5ad7d67cdb4e199d18f2b069f8843404	3932
mods/heroes.stormmod/enus.stormassets/localizeddata/sounds/vo/mephistobase_introquestion_malthael00.ogg	c79d4cd479db51a6752b37e4e19b9d93	74629
mods/heroes.stormmod/enus.stormassets/localizeddata/sounds/vo/mephistobase_introquestion_murky00.fxe	f03026c614858ef748e8bd812890ff55	5705
mods/heroes.stormmod/enus.stormassets/localizeddata/sounds/vo/mephistobase_introquestion_murky00.ogg	ee0ed85a8dfaee8fb70c414ade894718	116756
mods/heroes.stormmod/enus.stormassets/localizeddata/sounds/vo/mephistobase_introquestion_negative00.fxe	f9bbad49c3256e74aff0ff1428346713	3244
mods/heroes.stormmod/enus.stormassets/localizeddata/sounds/vo/mephistobase_introquestion_negative00.ogg	a57f7430339b5cfafa1500bfe9ef2176	66341
mods/heroes.stormmod/enus.stormassets/localizeddata/sounds/vo/mephistobase_introquestion_nephalem00.fxe	55a7ce2a2e7dbf5c01ec610039ffe8b9	4828
mods/heroes.stormmod/enus.stormassets/localizeddata/sounds/vo/mephistobase_introquestion_nephalem00.ogg	0346ee68d2f178952a389f40f81aad03	98142
mods/heroes.stormmod/enus.stormassets/localizeddata/sounds/vo/mephistobase_introquestion_orc00.fxe	57c4d91ffcc810b630273d6c0f87a815	4855
mods/heroes.stormmod/enus.stormassets/localizeddata/sounds/vo/mephistobase_introquestion_orc00.ogg	2cc89e3180072e90d2a40021d712eb64	98395
mods/heroes.stormmod/enus.stormassets/localizeddata/sounds/vo/mephistobase_introquestion_orphea00.fxe	114028ad7467f9ab1496fd6a2f7275b2	3594
mods/heroes.stormmod/enus.stormassets/localizeddata/sounds/vo/mephistobase_introquestion_orphea00.ogg	b2a235bc60421cfdfd4c7b865214c932	83067
mods/heroes.stormmod/enus.stormassets/localizeddata/sounds/vo/mephistobase_introquestion_positive00.fxe	6d9dd8780016659a5f1a2757f4e619be	3436
mods/heroes.stormmod/enus.stormassets/localizeddata/sounds/vo/mephistobase_introquestion_positive00.ogg	11377f0e55db43c69d5dc7fe4696fd89	76352
mods/heroes.stormmod/enus.stormassets/localizeddata/sounds/vo/mephistobase_introquestion_protoss00.fxe	19cde9175efba28ede64e6179d551614	5611
mods/heroes.stormmod/enus.stormassets/localizeddata/sounds/vo/mephistobase_introquestion_protoss00.ogg	aa1fdfefc05df3804d879d94e18bf22b	94493
mods/heroes.stormmod/enus.stormassets/localizeddata/sounds/vo/mephistobase_introquestion_tyrael00.fxe	a5821b979a821f14d057d971cdabeeea	3514
mods/heroes.stormmod/enus.stormassets/localizeddata/sounds/vo/mephistobase_introquestion_tyrael00.ogg	1f794ee707d2349f75b1cbde20c15e45	70611
mods/heroes.stormmod/enus.stormassets/localizeddata/sounds/vo/mephistobase_introquestion_whitemane00.fxe	af18f3ebdeff49eefe40a42efc4051f4	3053
mods/heroes.stormmod/enus.stormassets/localizeddata/sounds/vo/mephistobase_introquestion_whitemane00.ogg	b8a65a1897a3db2164487a0bff49f0d1	62374
mods/heroes.stormmod/enus.stormassets/localizeddata/sounds/vo/mephistobase_introrespond00.fxe	30ff4e37ee2d03f135ab26367a6432f8	3602
mods/heroes.stormmod/enus.stormassets/localizeddata/sounds/vo/mephistobase_introrespond00.ogg	a5def801ea4ee263135f50a7384c8785	52819
mods/heroes.stormmod/enus.stormassets/localizeddata/sounds/vo/mephistobase_introrespond01.fxe	ca9ee49fd4f3cf5645bf86c11c3ec286	3074
mods/heroes.stormmod/enus.stormassets/localizeddata/sounds/vo/mephistobase_introrespond01.ogg	1b8134e4f3f747ac3b85f89b1eb35d30	55317
mods/heroes.stormmod/enus.stormassets/localizeddata/sounds/vo/mephistobase_introrespond02.fxe	af2f33b05b5e18b253b8b70e635398e6	4658
mods/heroes.stormmod/enus.stormassets/localizeddata/sounds/vo/mephistobase_introrespond02.ogg	5cee27a6159c40d40449c0c6f2055b98	92953
mods/heroes.stormmod/enus.stormassets/localizeddata/sounds/vo/mephistobase_introresponse_abathur00.fxe	2b7210be949f7cafb449048618c7657d	3627
mods/heroes.stormmod/enus.stormassets/localizeddata/sounds/vo/mephistobase_introresponse_abathur00.ogg	9c1551998488defe660decd0a3b4aa45	83048
mods/heroes.stormmod/enus.stormassets/localizeddata/sounds/vo/mephistobase_introresponse_alarak00.fxe	75cc7fe12c1682c28775a549518a195f	5482
mods/heroes.stormmod/enus.stormassets/localizeddata/sounds/vo/mephistobase_introresponse_alarak00.ogg	3f8bab97afe7ed20c08763d527aa4e1d	122667
mods/heroes.stormmod/enus.stormassets/localizeddata/sounds/vo/mephistobase_introresponse_alexstrasza00.fxe	54fa4732fbd02fce583e9285d5acaff4	2271
mods/heroes.stormmod/enus.stormassets/localizeddata/sounds/vo/mephistobase_introresponse_alexstrasza00.ogg	d4b4af01761669c7753b29d22df268d7	91064
mods/heroes.stormmod/enus.stormassets/localizeddata/sounds/vo/mephistobase_introresponse_angry00.fxe	97129496a225c37d3cafa1bfb0ee3c5a	4185
mods/heroes.stormmod/enus.stormassets/localizeddata/sounds/vo/mephistobase_introresponse_angry00.ogg	4a2880fd55eab4168b8e4d5a1d7fdcd6	71604
mods/heroes.stormmod/enus.stormassets/localizeddata/sounds/vo/mephistobase_introresponse_archangeldiablo00.fxe	326d7957c85db94d271aca061bbf4126	2451
mods/heroes.stormmod/enus.stormassets/localizeddata/sounds/vo/mephistobase_introresponse_archangeldiablo00.ogg	b219af7c7bbfe335ca13709fb4aba509	71236
mods/heroes.stormmod/enus.stormassets/localizeddata/sounds/vo/mephistobase_introresponse_auriel00.fxe	1e5efa35b2aecbbf8de85d8d6afbe958	3834
mods/heroes.stormmod/enus.stormassets/localizeddata/sounds/vo/mephistobase_introresponse_auriel00.ogg	252b1256194f069388326632781872c5	76324
mods/heroes.stormmod/enus.stormassets/localizeddata/sounds/vo/mephistobase_introresponse_azmodan00.fxe	ced604580b23b32c9a9c491a5b16c1e8	4603
mods/heroes.stormmod/enus.stormassets/localizeddata/sounds/vo/mephistobase_introresponse_azmodan00.ogg	1f1334c9f24f94c70b143069af3cb6ba	82600
mods/heroes.stormmod/enus.stormassets/localizeddata/sounds/vo/mephistobase_introresponse_confused00.fxe	2767ad5e1f12c5e69e9763e52520861f	1292
mods/heroes.stormmod/enus.stormassets/localizeddata/sounds/vo/mephistobase_introresponse_confused00.ogg	367a96abc09f8e8a1a381a621b148f91	29161
mods/heroes.stormmod/enus.stormassets/localizeddata/sounds/vo/mephistobase_introresponse_crusader00.fxe	e0ffee7ea3f925bfbd20b223cceeea42	3612
mods/heroes.stormmod/enus.stormassets/localizeddata/sounds/vo/mephistobase_introresponse_crusader00.ogg	b69ba91cac2aeee127794a82a0d8904b	65250
mods/heroes.stormmod/enus.stormassets/localizeddata/sounds/vo/mephistobase_introresponse_d2hero00.fxe	6d623157bd8117e526a0fc478b0b9f6a	4170
mods/heroes.stormmod/enus.stormassets/localizeddata/sounds/vo/mephistobase_introresponse_d2hero00.ogg	3d5d4e6ad7ba51acd477a1992b87ae60	82896
mods/heroes.stormmod/enus.stormassets/localizeddata/sounds/vo/mephistobase_introresponse_deckard00.fxe	7140b9f45b3ae6d35358a1583729d087	2331
mods/heroes.stormmod/enus.stormassets/localizeddata/sounds/vo/mephistobase_introresponse_deckard00.ogg	c91fdd3cbdbd043f2f86fb8ee7e913a0	39730
mods/heroes.stormmod/enus.stormassets/localizeddata/sounds/vo/mephistobase_introresponse_dehaka00.fxe	b44ef7c5bed343b29745e47382851cbe	7434
mods/heroes.stormmod/enus.stormassets/localizeddata/sounds/vo/mephistobase_introresponse_dehaka00.ogg	017b67fb40add7fb177bebc4cbe783df	130927
mods/heroes.stormmod/enus.stormassets/localizeddata/sounds/vo/mephistobase_introresponse_demon00.fxe	2e00266806e52c619c2d14d333242b55	1513
mods/heroes.stormmod/enus.stormassets/localizeddata/sounds/vo/mephistobase_introresponse_demon00.ogg	873492e674b55c0c26252c1c6a938930	46276
mods/heroes.stormmod/enus.stormassets/localizeddata/sounds/vo/mephistobase_introresponse_demonicauriel00.fxe	1488acadbe681c984d0ad7c309b4c466	1505
mods/heroes.stormmod/enus.stormassets/localizeddata/sounds/vo/mephistobase_introresponse_demonicauriel00.ogg	3e4ad4dd4efc53d40fcd3475fd17b809	66459
mods/heroes.stormmod/enus.stormassets/localizeddata/sounds/vo/mephistobase_introresponse_demonicimperius00.fxe	c1ed53d3425535d1f5214e46160b3828	2819
mods/heroes.stormmod/enus.stormassets/localizeddata/sounds/vo/mephistobase_introresponse_demonicimperius00.ogg	fda949c0f5f25ebf5969abd6563a3597	70372
mods/heroes.stormmod/enus.stormassets/localizeddata/sounds/vo/mephistobase_introresponse_demonictyrael00.fxe	f35977d94057e3d3f4ea3c4ebd5272df	2385
mods/heroes.stormmod/enus.stormassets/localizeddata/sounds/vo/mephistobase_introresponse_demonictyrael00.ogg	6044953db1a6b075bd81da8b6b247d4b	57451
mods/heroes.stormmod/enus.stormassets/localizeddata/sounds/vo/mephistobase_introresponse_diablo00.fxe	77fdda9d740d602eadc65d0e03545150	4026
mods/heroes.stormmod/enus.stormassets/localizeddata/sounds/vo/mephistobase_introresponse_diablo00.ogg	0cf04c590dfb5a4a2a6818a6c413c38a	74688
mods/heroes.stormmod/enus.stormassets/localizeddata/sounds/vo/mephistobase_introresponse_diabloprime00.fxe	36b6fd6e638489d0e5fc43d67a9f9e35	3183
mods/heroes.stormmod/enus.stormassets/localizeddata/sounds/vo/mephistobase_introresponse_diabloprime00.ogg	5a4a6db71d5baa890623ca3ad05898c6	81242
mods/heroes.stormmod/enus.stormassets/localizeddata/sounds/vo/mephistobase_introresponse_dismiss00.fxe	84da853eb5dc65cb90bc1fcd41c78e16	1275
mods/heroes.stormmod/enus.stormassets/localizeddata/sounds/vo/mephistobase_introresponse_dismiss00.ogg	1481e2a5435f649949d08231bc223b94	21366
mods/heroes.stormmod/enus.stormassets/localizeddata/sounds/vo/mephistobase_introresponse_evil00.fxe	cfe3df171e602cfc609f45c7e9c80491	4328
mods/heroes.stormmod/enus.stormassets/localizeddata/sounds/vo/mephistobase_introresponse_evil00.ogg	c0bd9487ee65983d56939b54f3ecc278	102434
mods/heroes.stormmod/enus.stormassets/localizeddata/sounds/vo/mephistobase_introresponse_evil01.fxe	a2a274e7936da877f11d69f79223198a	3320
mods/heroes.stormmod/enus.stormassets/localizeddata/sounds/vo/mephistobase_introresponse_evil01.ogg	bc7236bd5f3d6df4b0e4159da0a4c857	70921
mods/heroes.stormmod/enus.stormassets/localizeddata/sounds/vo/mephistobase_introresponse_evil02.fxe	ece19752f7cd4c8e36386592ba327282	2728
mods/heroes.stormmod/enus.stormassets/localizeddata/sounds/vo/mephistobase_introresponse_evil02.ogg	50f29e6957732da614a49a38eef4fbb2	63931
mods/heroes.stormmod/enus.stormassets/localizeddata/sounds/vo/mephistobase_introresponse_excited00.fxe	721cf114c5715f1255723053ae244a29	3803
mods/heroes.stormmod/enus.stormassets/localizeddata/sounds/vo/mephistobase_introresponse_excited00.ogg	046b28d801196d69690e9101a242207a	68775
mods/heroes.stormmod/enus.stormassets/localizeddata/sounds/vo/mephistobase_introresponse_good00.fxe	94892ec208f2cab1dee9005b709dae16	4248
mods/heroes.stormmod/enus.stormassets/localizeddata/sounds/vo/mephistobase_introresponse_good00.ogg	46343a1a878faa388a11075d81dc8407	76853
mods/heroes.stormmod/enus.stormassets/localizeddata/sounds/vo/mephistobase_introresponse_good01.fxe	db38a33c66fb972c772943658e46e8f7	2088
mods/heroes.stormmod/enus.stormassets/localizeddata/sounds/vo/mephistobase_introresponse_good01.ogg	4f71225696f0716ce146c712e9b723b9	58576
mods/heroes.stormmod/enus.stormassets/localizeddata/sounds/vo/mephistobase_introresponse_good02.fxe	157416760a211ec4e2e4721a4a854f69	2456
mods/heroes.stormmod/enus.stormassets/localizeddata/sounds/vo/mephistobase_introresponse_good02.ogg	b0d2e17847185e3a1264fa4fa791c3d4	55600
mods/heroes.stormmod/enus.stormassets/localizeddata/sounds/vo/mephistobase_introresponse_hate00.fxe	d5d1e09212f525c3367c98b1544f82e8	3432
mods/heroes.stormmod/enus.stormassets/localizeddata/sounds/vo/mephistobase_introresponse_hate00.ogg	e0ec6d1ebaa1636d929492e208e870b0	81669
mods/heroes.stormmod/enus.stormassets/localizeddata/sounds/vo/mephistobase_introresponse_illidan00.fxe	1125520d049278d4fa4be4c0570c744d	2667
mods/heroes.stormmod/enus.stormassets/localizeddata/sounds/vo/mephistobase_introresponse_illidan00.ogg	40bc36ee43681eddb2ad6097d5b3347f	61575
mods/heroes.stormmod/enus.stormassets/localizeddata/sounds/vo/mephistobase_introresponse_imperius00.fxe	8cf1f0189e2e8511eddd7a76585390df	2492
mods/heroes.stormmod/enus.stormassets/localizeddata/sounds/vo/mephistobase_introresponse_imperius00.ogg	2ff339ae11a84f00dfbeb16dd13e5ba2	47378
mods/heroes.stormmod/enus.stormassets/localizeddata/sounds/vo/mephistobase_introresponse_malthael00.fxe	86eb53dbf710dc5663e81a951caf1677	2332
mods/heroes.stormmod/enus.stormassets/localizeddata/sounds/vo/mephistobase_introresponse_malthael00.ogg	eb821ad3535f7206c150cbb6f7ee32b7	53738
mods/heroes.stormmod/enus.stormassets/localizeddata/sounds/vo/mephistobase_introresponse_murky00.fxe	88e6ae762cc92662c8d05fc27619de89	4585
mods/heroes.stormmod/enus.stormassets/localizeddata/sounds/vo/mephistobase_introresponse_murky00.ogg	0d4904dcd53e3167f559535029dd1b43	112603
mods/heroes.stormmod/enus.stormassets/localizeddata/sounds/vo/mephistobase_introresponse_negative00.fxe	35aad8f36ccf02d039d496468a467028	3836
mods/heroes.stormmod/enus.stormassets/localizeddata/sounds/vo/mephistobase_introresponse_negative00.ogg	824377f5e6db80bb67ed0a29186b9827	71023
mods/heroes.stormmod/enus.stormassets/localizeddata/sounds/vo/mephistobase_introresponse_nephalem00.fxe	65860397a59acf59078c576b104d0a27	4268
mods/heroes.stormmod/enus.stormassets/localizeddata/sounds/vo/mephistobase_introresponse_nephalem00.ogg	af1169dd43e7d5f55a89af7503c07844	82938
mods/heroes.stormmod/enus.stormassets/localizeddata/sounds/vo/mephistobase_introresponse_no00.fxe	9ff0521946d8e3928aa576bcb6483858	2198
mods/heroes.stormmod/enus.stormassets/localizeddata/sounds/vo/mephistobase_introresponse_no00.ogg	50cb43a12979e51ecbccf4d328859689	45128
mods/heroes.stormmod/enus.stormassets/localizeddata/sounds/vo/mephistobase_introresponse_orc00.fxe	317b3d0936530718775261a04a99b706	4055
mods/heroes.stormmod/enus.stormassets/localizeddata/sounds/vo/mephistobase_introresponse_orc00.ogg	3a3020c483929a1dd03e1145a9e3da95	81736
mods/heroes.stormmod/enus.stormassets/localizeddata/sounds/vo/mephistobase_introresponse_orphea00.fxe	6ec60b8980d652ce83cbc08c71cd3bdb	5050
mods/heroes.stormmod/enus.stormassets/localizeddata/sounds/vo/mephistobase_introresponse_orphea00.ogg	4643aa0e8091f3cd5a426b5a5395a5c8	114969
mods/heroes.stormmod/enus.stormassets/localizeddata/sounds/vo/mephistobase_introresponse_positive00.fxe	47df1eb0a8dc18ed98c7dd99d9c5f924	4860
mods/heroes.stormmod/enus.stormassets/localizeddata/sounds/vo/mephistobase_introresponse_positive00.ogg	77fe550ad84c78f8613528d7f9c05e1c	88729
mods/heroes.stormmod/enus.stormassets/localizeddata/sounds/vo/mephistobase_introresponse_protoss00.fxe	caef75cac360ffad87bf2c828d124a6b	4363
mods/heroes.stormmod/enus.stormassets/localizeddata/sounds/vo/mephistobase_introresponse_protoss00.ogg	f3b309874a5af821e37763b72f29a366	92970
mods/heroes.stormmod/enus.stormassets/localizeddata/sounds/vo/mephistobase_introresponse_tyrael00.fxe	0986b51837d7951dea586b2f970ee82c	4810
mods/heroes.stormmod/enus.stormassets/localizeddata/sounds/vo/mephistobase_introresponse_tyrael00.ogg	1aa4a5394f1404065f8c3469a2eec378	102916
mods/heroes.stormmod/enus.stormassets/localizeddata/sounds/vo/mephistobase_introresponse_whitemane00.fxe	9069926592cea0c82232eeb5604548f8	1181
mods/heroes.stormmod/enus.stormassets/localizeddata/sounds/vo/mephistobase_introresponse_whitemane00.ogg	8a06730d0c9bcc46870aaece90d16831	53918
mods/heroes.stormmod/enus.stormassets/localizeddata/sounds/vo/mephistobase_kill00.fxe	555dbd9796076eea13b54d4e387b0249	2730
mods/heroes.stormmod/enus.stormassets/localizeddata/sounds/vo/mephistobase_kill00.ogg	d8bcb11c6c2e263795d05e6839959a7f	44141
mods/heroes.stormmod/enus.stormassets/localizeddata/sounds/vo/mephistobase_kill01.fxe	896dec8daf50ecf0ea6d897398a77e6f	1354
mods/heroes.stormmod/enus.stormassets/localizeddata/sounds/vo/mephistobase_kill01.ogg	27679b146dbeb86acedf517f2e45375c	29416
mods/heroes.stormmod/enus.stormassets/localizeddata/sounds/vo/mephistobase_kill02.fxe	b5b20f61f2063941b17eee794767f85b	2794
mods/heroes.stormmod/enus.stormassets/localizeddata/sounds/vo/mephistobase_kill02.ogg	43af830a8d6f8085605234569cc6a9b7	47586
mods/heroes.stormmod/enus.stormassets/localizeddata/sounds/vo/mephistobase_kill03.fxe	bc099236e7459c4eb0070946332116b9	3066
mods/heroes.stormmod/enus.stormassets/localizeddata/sounds/vo/mephistobase_kill03.ogg	7904570bd2e581a7a5af3c5614a9a213	57985
mods/heroes.stormmod/enus.stormassets/localizeddata/sounds/vo/mephistobase_kill04.fxe	487cb6bc00b975c4ac1c840736e757e0	2138
mods/heroes.stormmod/enus.stormassets/localizeddata/sounds/vo/mephistobase_kill04.ogg	da9a50916e3ac1106754857f052d3100	40713
mods/heroes.stormmod/enus.stormassets/localizeddata/sounds/vo/mephistobase_killauriel00.fxe	9572833b34d4bd20dc12964158138e0f	1664
mods/heroes.stormmod/enus.stormassets/localizeddata/sounds/vo/mephistobase_killauriel00.ogg	1ee181c8da82836169f556ac33499dde	25772
mods/heroes.stormmod/enus.stormassets/localizeddata/sounds/vo/mephistobase_killbutcher00.fxe	d9d2d8bfa008245d09ef9ec8f63bbb07	1617
mods/heroes.stormmod/enus.stormassets/localizeddata/sounds/vo/mephistobase_killbutcher00.ogg	85c38337cb7d90481e905be3e340b206	32542
mods/heroes.stormmod/enus.stormassets/localizeddata/sounds/vo/mephistobase_killd2hero00.fxe	66da50eca49e5f7f3cb3838729cd345c	4464
mods/heroes.stormmod/enus.stormassets/localizeddata/sounds/vo/mephistobase_killd2hero00.ogg	9e0f246aac0f8a691ca4134c2e226d22	93987
mods/heroes.stormmod/enus.stormassets/localizeddata/sounds/vo/mephistobase_killd3demon00.fxe	1eb00a8b841b765f8dc73eba36cf315a	1825
mods/heroes.stormmod/enus.stormassets/localizeddata/sounds/vo/mephistobase_killd3demon00.ogg	ba4f94376b5b39f641510d63cc1a6a4c	36412
mods/heroes.stormmod/enus.stormassets/localizeddata/sounds/vo/mephistobase_killdeckard00.fxe	01763b648c067433fa46c66ada91c9d0	2577
mods/heroes.stormmod/enus.stormassets/localizeddata/sounds/vo/mephistobase_killdeckard00.ogg	992b044202b3e319e5c0d0649096be9e	55427
mods/heroes.stormmod/enus.stormassets/localizeddata/sounds/vo/mephistobase_killdiablo00.fxe	ca9968a663e128bcc63563cd6d6217ac	3344
mods/heroes.stormmod/enus.stormassets/localizeddata/sounds/vo/mephistobase_killdiablo00.ogg	a1eab01c494c6653e1dada7a3c875823	56550
mods/heroes.stormmod/enus.stormassets/localizeddata/sounds/vo/mephistobase_killillidan00.fxe	33ea71a5f2bd44d166a8ea446ce049c7	2737
mods/heroes.stormmod/enus.stormassets/localizeddata/sounds/vo/mephistobase_killillidan00.ogg	4455ebab3546ea7814bf87e9ed83fd1a	51892
mods/heroes.stormmod/enus.stormassets/localizeddata/sounds/vo/mephistobase_killimperius00.fxe	05cb2733285c7ba7b9682f5594ea5d41	2498
mods/heroes.stormmod/enus.stormassets/localizeddata/sounds/vo/mephistobase_killimperius00.ogg	55b7bf7a3e3bd8e96c5589c8813e9f9e	88571
mods/heroes.stormmod/enus.stormassets/localizeddata/sounds/vo/mephistobase_killlesser00.fxe	c52ee5116cc285095edc2ae6ac83dc2c	2528
mods/heroes.stormmod/enus.stormassets/localizeddata/sounds/vo/mephistobase_killlesser00.ogg	5e821b92293205d3f955e3c6d2577879	53973
mods/heroes.stormmod/enus.stormassets/localizeddata/sounds/vo/mephistobase_killmalthael00.fxe	1b21e26dd31cce0b1e38c452685780a6	3042
mods/heroes.stormmod/enus.stormassets/localizeddata/sounds/vo/mephistobase_killmalthael00.ogg	ec9c057cd4b6a7d4bbfa34c9754849aa	60427
mods/heroes.stormmod/enus.stormassets/localizeddata/sounds/vo/mephistobase_killmephisto00.fxe	5aa1d50b136fea56791694dc4024081f	3042
mods/heroes.stormmod/enus.stormassets/localizeddata/sounds/vo/mephistobase_killmephisto00.ogg	687858c4df8acc78488fa8144f120972	57980
mods/heroes.stormmod/enus.stormassets/localizeddata/sounds/vo/mephistobase_killmephisto01.fxe	1f97dfd8ebc8a4b41af657ce0abfdc4c	2306
mods/heroes.stormmod/enus.stormassets/localizeddata/sounds/vo/mephistobase_killmephisto01.ogg	99a02138a2a14bf835040374c35333de	55156
mods/heroes.stormmod/enus.stormassets/localizeddata/sounds/vo/mephistobase_killnephalem00.fxe	46dfa7515d381cc819af8120e5110916	2962
mods/heroes.stormmod/enus.stormassets/localizeddata/sounds/vo/mephistobase_killnephalem00.ogg	a9f5a2712694a6e612dee2b40b8192e1	68724
mods/heroes.stormmod/enus.stormassets/localizeddata/sounds/vo/mephistobase_killspreeend00.fxe	864ce6692931b2b346d234994c6021a0	4418
mods/heroes.stormmod/enus.stormassets/localizeddata/sounds/vo/mephistobase_killspreeend00.ogg	8434c35eadadb433f522ed6b011dcb23	68067
mods/heroes.stormmod/enus.stormassets/localizeddata/sounds/vo/mephistobase_killtyrael00.fxe	a4fec3dcaf3008eef2f5e44ceaf4e1bd	2624
mods/heroes.stormmod/enus.stormassets/localizeddata/sounds/vo/mephistobase_killtyrael00.ogg	14f9581383466a32b08e756d6a3dacbb	46330
mods/heroes.stormmod/enus.stormassets/localizeddata/sounds/vo/mephistobase_killvalla00.fxe	30a382ce32c7c636c3f54ad4532d66f7	4015
mods/heroes.stormmod/enus.stormassets/localizeddata/sounds/vo/mephistobase_killvalla00.ogg	5ea6cac8d33f5bc8687827f289af0d8c	79101
mods/heroes.stormmod/enus.stormassets/localizeddata/sounds/vo/mephistobase_killwowdemon00.fxe	223c9b81df687eb6a8954f5e7a9c5e68	2082
mods/heroes.stormmod/enus.stormassets/localizeddata/sounds/vo/mephistobase_killwowdemon00.ogg	37d13bf2a4b6a8a524fb564b93d77ddd	48157
mods/heroes.stormmod/enus.stormassets/localizeddata/sounds/vo/mephistobase_laugh00_01.fxe	35d232327cc643bb275352b002f86b4f	3070
mods/heroes.stormmod/enus.stormassets/localizeddata/sounds/vo/mephistobase_laugh00_01.ogg	556339deab192a6235545b0dd935778b	38002
mods/heroes.stormmod/enus.stormassets/localizeddata/sounds/vo/mephistobase_laugh00_02.fxe	c39479088b520812a6c8e2e010a6614d	2494
mods/heroes.stormmod/enus.stormassets/localizeddata/sounds/vo/mephistobase_laugh00_02.ogg	03d48bdb67c992e953de86d1869bbf8a	52133
mods/heroes.stormmod/enus.stormassets/localizeddata/sounds/vo/mephistobase_laugh00_03.fxe	e62431631b06971793724386094b3e87	3134
mods/heroes.stormmod/enus.stormassets/localizeddata/sounds/vo/mephistobase_laugh00_03.ogg	eddcc0620acd8c2ec7de60fe9e929716	44894
mods/heroes.stormmod/enus.stormassets/localizeddata/sounds/vo/mephistobase_laugh00_04.fxe	b940aa8832a8a5ab1db26ede4775499d	1806
mods/heroes.stormmod/enus.stormassets/localizeddata/sounds/vo/mephistobase_laugh00_04.ogg	2a0db7f6a4a0ae1fc10ca53b0699f8d2	21968
mods/heroes.stormmod/enus.stormassets/localizeddata/sounds/vo/mephistobase_laugh00_05.fxe	44b48e22e5899e059430f484600df047	1534
mods/heroes.stormmod/enus.stormassets/localizeddata/sounds/vo/mephistobase_laugh00_05.ogg	e050b15d31b81d7bd2565b348fa2a2dd	23793
mods/heroes.stormmod/enus.stormassets/localizeddata/sounds/vo/mephistobase_laugh00_06.fxe	53e2e6d274c36893ea125f165d093a2b	1454
mods/heroes.stormmod/enus.stormassets/localizeddata/sounds/vo/mephistobase_laugh00_06.ogg	72a83d80ebe34e3ca11451c1ebb74fc7	22879
mods/heroes.stormmod/enus.stormassets/localizeddata/sounds/vo/mephistobase_laugh00_07.fxe	7e4fc29428b78f09f68e26b68bc2bd91	1518
mods/heroes.stormmod/enus.stormassets/localizeddata/sounds/vo/mephistobase_laugh00_07.ogg	733f1b15bcb056c604319e51b8aaf5ce	25470
mods/heroes.stormmod/enus.stormassets/localizeddata/sounds/vo/mephistobase_laugh01_00.fxe	7e73be4d07ec3865219ebf036554d169	1470
mods/heroes.stormmod/enus.stormassets/localizeddata/sounds/vo/mephistobase_laugh01_00.ogg	2c5ba999cd48bc476b6a4779f4b6ce59	26275
mods/heroes.stormmod/enus.stormassets/localizeddata/sounds/vo/mephistobase_laugh01_01.fxe	3303d50db93292705c3044e131ef677e	1646
mods/heroes.stormmod/enus.stormassets/localizeddata/sounds/vo/mephistobase_laugh01_01.ogg	52b4eaf67f4be0769a8c6cdcb5a1d7fc	31281
mods/heroes.stormmod/enus.stormassets/localizeddata/sounds/vo/mephistobase_laugh01_02.fxe	0fe6ff43c248aa450317e6fafc96140e	2078
mods/heroes.stormmod/enus.stormassets/localizeddata/sounds/vo/mephistobase_laugh01_02.ogg	7b38b8b3cb50f5837de908ed19ca194c	28429
mods/heroes.stormmod/enus.stormassets/localizeddata/sounds/vo/mephistobase_laugh01_03.fxe	758bf6f2e06865c8e4409b6fdeed979c	2238
mods/heroes.stormmod/enus.stormassets/localizeddata/sounds/vo/mephistobase_laugh01_03.ogg	d41ed665086d1a2c0245ca10fad606d3	35059
mods/heroes.stormmod/enus.stormassets/localizeddata/sounds/vo/mephistobase_laugh01_04.fxe	3ac520c862dc4fe905969b6b4e95c0ae	1822
mods/heroes.stormmod/enus.stormassets/localizeddata/sounds/vo/mephistobase_laugh01_04.ogg	5552b1b84fa885a64ca40aaf6a966992	32034
mods/heroes.stormmod/enus.stormassets/localizeddata/sounds/vo/mephistobase_laugh01_05.fxe	6ac06e2185d3f23e35161cee9639746b	1934
mods/heroes.stormmod/enus.stormassets/localizeddata/sounds/vo/mephistobase_laugh01_05.ogg	c16f3e4f11002ca5aa456630a63d9953	26567
mods/heroes.stormmod/enus.stormassets/localizeddata/sounds/vo/mephistobase_laugh01_06.fxe	a571822eff26873d14e7fc40c19aa04a	2510
mods/heroes.stormmod/enus.stormassets/localizeddata/sounds/vo/mephistobase_laugh01_06.ogg	6174443c904bcbaf85b05edd01175c0e	33420
mods/heroes.stormmod/enus.stormassets/localizeddata/sounds/vo/mephistobase_laugh01_07.fxe	a0d29fb50a88c36e22399ae4428fcb0e	2142
mods/heroes.stormmod/enus.stormassets/localizeddata/sounds/vo/mephistobase_laugh01_07.ogg	f9776b739b6dc8bbb12e5ccdb1f7a195	37497
mods/heroes.stormmod/enus.stormassets/localizeddata/sounds/vo/mephistobase_laugh01_08.fxe	1150ab1d751bffc61242afba21608c6c	1822
mods/heroes.stormmod/enus.stormassets/localizeddata/sounds/vo/mephistobase_laugh01_08.ogg	9cc9287dada7f3779339d156efb0f3ff	29232
mods/heroes.stormmod/enus.stormassets/localizeddata/sounds/vo/mephistobase_laugh02_00.fxe	db837078a860f1ff5b84fb71ce9255ac	2734
mods/heroes.stormmod/enus.stormassets/localizeddata/sounds/vo/mephistobase_laugh02_00.ogg	fdaada64a993056a09a782876b664d94	44274
mods/heroes.stormmod/enus.stormassets/localizeddata/sounds/vo/mephistobase_laugh02_01.fxe	6f5eaa23a344bc731797dc20b92083f4	1742
mods/heroes.stormmod/enus.stormassets/localizeddata/sounds/vo/mephistobase_laugh02_01.ogg	b1d3ef8df5cfa70f717f990e02185016	44765
mods/heroes.stormmod/enus.stormassets/localizeddata/sounds/vo/mephistobase_laugh02_02.fxe	5f4829466f1f6bd0e23acb2c4becd7a4	2622
mods/heroes.stormmod/enus.stormassets/localizeddata/sounds/vo/mephistobase_laugh02_02.ogg	581061e16a1b78b9353082750ae007a3	48393
mods/heroes.stormmod/enus.stormassets/localizeddata/sounds/vo/mephistobase_laugh02_03.fxe	99391ec9d94efef4e64b2b220cfa310b	2942
mods/heroes.stormmod/enus.stormassets/localizeddata/sounds/vo/mephistobase_laugh02_03.ogg	f4077fd793e5240e3d5ae8c7f410bbb3	38698
mods/heroes.stormmod/enus.stormassets/localizeddata/sounds/vo/mephistobase_laugh02_04.fxe	1dcd7fcb08c4466d9d0408c0fe275961	2046
mods/heroes.stormmod/enus.stormassets/localizeddata/sounds/vo/mephistobase_laugh02_04.ogg	27475506f2efb7d59de3d19635f079bd	47231
mods/heroes.stormmod/enus.stormassets/localizeddata/sounds/vo/mephistobase_laugh03_00.fxe	da46adb4d6404e096fa270e7213f05f9	1294
mods/heroes.stormmod/enus.stormassets/localizeddata/sounds/vo/mephistobase_laugh03_00.ogg	0ac1d621346ce666bbd2f60e44704c90	22511
mods/heroes.stormmod/enus.stormassets/localizeddata/sounds/vo/mephistobase_laugh03_01.fxe	70bfa50affc102bc9b29b0eb74ea6d93	1454
mods/heroes.stormmod/enus.stormassets/localizeddata/sounds/vo/mephistobase_laugh03_01.ogg	9bee66157f131d9ad4728464b9668556	25408
mods/heroes.stormmod/enus.stormassets/localizeddata/sounds/vo/mephistobase_laugh03_02.fxe	e420c7393d8121dca9d52598074d62de	1102
mods/heroes.stormmod/enus.stormassets/localizeddata/sounds/vo/mephistobase_laugh03_02.ogg	fc1c5a6cbddaa94f94535371d75c8835	22728
mods/heroes.stormmod/enus.stormassets/localizeddata/sounds/vo/mephistobase_laugh03_03.fxe	7b57aa96ef1c74530dd7e62cb2b18f5f	1070
mods/heroes.stormmod/enus.stormassets/localizeddata/sounds/vo/mephistobase_laugh03_03.ogg	c86346d422a08a4bc9a63b2abb8b3414	22027
mods/heroes.stormmod/enus.stormassets/localizeddata/sounds/vo/mephistobase_laugh03_04.fxe	25ccf5cf55b5021e9cddad4bf8ec8e6f	1486
mods/heroes.stormmod/enus.stormassets/localizeddata/sounds/vo/mephistobase_laugh03_04.ogg	1643dafeae19873604676f8f1d59d132	20888
mods/heroes.stormmod/enus.stormassets/localizeddata/sounds/vo/mephistobase_laugh03_05.fxe	03279f49cce9c187c29712735812ff4e	1198
mods/heroes.stormmod/enus.stormassets/localizeddata/sounds/vo/mephistobase_laugh03_05.ogg	cfaa4e381062113c16b77d6e45298717	18863
mods/heroes.stormmod/enus.stormassets/localizeddata/sounds/vo/mephistobase_laugh03_06.fxe	ae64a0973e553038f3d633b2ecb2d68f	1230
mods/heroes.stormmod/enus.stormassets/localizeddata/sounds/vo/mephistobase_laugh03_06.ogg	eaf2d32c67c5b654770fd8b16df8a9e3	20596
mods/heroes.stormmod/enus.stormassets/localizeddata/sounds/vo/mephistobase_laugh03_07.fxe	c8cc0ef17b0122b164f14cb3fd434ab1	1198
mods/heroes.stormmod/enus.stormassets/localizeddata/sounds/vo/mephistobase_laugh03_07.ogg	0fb24b3e0d245eedc1e12cbe3f9cbc28	20613
mods/heroes.stormmod/enus.stormassets/localizeddata/sounds/vo/mephistobase_laugh03_08.fxe	3c9237386eb6533e98b47cb401a6119d	1022
mods/heroes.stormmod/enus.stormassets/localizeddata/sounds/vo/mephistobase_laugh03_08.ogg	b671b4bcc7d8d8379dabdfc07a68653a	17965
mods/heroes.stormmod/enus.stormassets/localizeddata/sounds/vo/mephistobase_lowlifeheal00.fxe	94ebd5e5903afc34e9316f8b48889d53	2017
mods/heroes.stormmod/enus.stormassets/localizeddata/sounds/vo/mephistobase_lowlifeheal00.ogg	a27569e109db4d54e7d97d6d5e5d283d	54494
mods/heroes.stormmod/enus.stormassets/localizeddata/sounds/vo/mephistobase_lowlifeheal01.fxe	c4de0f2bb48175d1d83c3f905c0b3d05	2817
mods/heroes.stormmod/enus.stormassets/localizeddata/sounds/vo/mephistobase_lowlifeheal01.ogg	b0273a795c70ee5c54611d7eac5fd377	47161
mods/heroes.stormmod/enus.stormassets/localizeddata/sounds/vo/mephistobase_lowlifeheal02.fxe	b88b1f291fcb4fff2af8abc158d319f3	1441
mods/heroes.stormmod/enus.stormassets/localizeddata/sounds/vo/mephistobase_lowlifeheal02.ogg	7e384e5b443d08b331b3e2d2d69b1189	34621
mods/heroes.stormmod/enus.stormassets/localizeddata/sounds/vo/mephistobase_lowmana00.fxe	7940aad594892bc0a994b6ebf9af6aa6	1485
mods/heroes.stormmod/enus.stormassets/localizeddata/sounds/vo/mephistobase_lowmana00.ogg	c6b7120afefefa021ba4ea7b48db771a	25698
mods/heroes.stormmod/enus.stormassets/localizeddata/sounds/vo/mephistobase_lowmana01.fxe	27be5fc1b1e91da6c72d00825099efdb	1565
mods/heroes.stormmod/enus.stormassets/localizeddata/sounds/vo/mephistobase_lowmana01.ogg	3cf67d0aa3626e74640e48f82a812f20	32720
mods/heroes.stormmod/enus.stormassets/localizeddata/sounds/vo/mephistobase_lowmana02.fxe	0ed43d510aa8e662ba77f753670f9166	1885
mods/heroes.stormmod/enus.stormassets/localizeddata/sounds/vo/mephistobase_lowmana02.ogg	79889b982f0405360cfc3962aa76807d	37886
mods/heroes.stormmod/enus.stormassets/localizeddata/sounds/vo/mephistobase_matchend01.fxe	1ab7c51f6d9e9cf75e320d3f68f86f60	2414
mods/heroes.stormmod/enus.stormassets/localizeddata/sounds/vo/mephistobase_matchend01.ogg	44c6fbbc25e76cce00f47d2c53a4375d	47851
mods/heroes.stormmod/enus.stormassets/localizeddata/sounds/vo/mephistobase_matchend02.fxe	712fed03f0b2c5e85381f7aa5be31e36	2078
mods/heroes.stormmod/enus.stormassets/localizeddata/sounds/vo/mephistobase_matchend02.ogg	b691f4395c0eb85c09521cb11b91fa48	49790
mods/heroes.stormmod/enus.stormassets/localizeddata/sounds/vo/mephistobase_no00.fxe	55bf0bdbe7143aa2340bd79f5526f006	840
mods/heroes.stormmod/enus.stormassets/localizeddata/sounds/vo/mephistobase_no00.ogg	537e6672ab04b637f1f69d9f9336ab50	22793
mods/heroes.stormmod/enus.stormassets/localizeddata/sounds/vo/mephistobase_no01.fxe	922d8917e45e76515ff0482b4adffe62	1384
mods/heroes.stormmod/enus.stormassets/localizeddata/sounds/vo/mephistobase_no01.ogg	765d3d77e428005bb31cd2f7e2c60a5c	28859
mods/heroes.stormmod/enus.stormassets/localizeddata/sounds/vo/mephistobase_no02.fxe	bb4b2c95f319cb8564c9b13410084ff6	1016
mods/heroes.stormmod/enus.stormassets/localizeddata/sounds/vo/mephistobase_no02.ogg	8a03cbf4700c73f0d42885126a5aa8d7	33186
mods/heroes.stormmod/enus.stormassets/localizeddata/sounds/vo/mephistobase_nothappy00.fxe	ae7be462e086658db0653b90f511e42c	1358
mods/heroes.stormmod/enus.stormassets/localizeddata/sounds/vo/mephistobase_nothappy00.ogg	d7c7c6075e0b9340d42f5ab249f85c70	30795
mods/heroes.stormmod/enus.stormassets/localizeddata/sounds/vo/mephistobase_ping_assisthero00.fxe	3d9f8c676123a830412d37306f3a5e9f	3189
mods/heroes.stormmod/enus.stormassets/localizeddata/sounds/vo/mephistobase_ping_assisthero00.ogg	f9862fa18ee54cd18181b979f21d6f2a	67320
mods/heroes.stormmod/enus.stormassets/localizeddata/sounds/vo/mephistobase_ping_assistme00.fxe	b7ee429b7a30b0c201a7c41cd8ce79fc	2035
mods/heroes.stormmod/enus.stormassets/localizeddata/sounds/vo/mephistobase_ping_assistme00.ogg	d381c94583d09093c8e8bb41a2a1cc90	37033
mods/heroes.stormmod/enus.stormassets/localizeddata/sounds/vo/mephistobase_ping_assistme01.fxe	9503a48c1189bd7aa5bc2bf35118156c	1539
mods/heroes.stormmod/enus.stormassets/localizeddata/sounds/vo/mephistobase_ping_assistme01.ogg	a2610c496b9d50a1a3518c0cdb457b9d	29174
mods/heroes.stormmod/enus.stormassets/localizeddata/sounds/vo/mephistobase_ping_attackcastle00.fxe	3f8538451947306581556260e30f0f53	1815
mods/heroes.stormmod/enus.stormassets/localizeddata/sounds/vo/mephistobase_ping_attackcastle00.ogg	0f429e325e9a00ba9eae1f3a1121d06a	36231
mods/heroes.stormmod/enus.stormassets/localizeddata/sounds/vo/mephistobase_ping_attackmerc00.fxe	f3cfac898c3839626ddabe41a88b79b7	2357
mods/heroes.stormmod/enus.stormassets/localizeddata/sounds/vo/mephistobase_ping_attackmerc00.ogg	783e2b114111fd7bb53f807b0499dfa2	43518
mods/heroes.stormmod/enus.stormassets/localizeddata/sounds/vo/mephistobase_ping_attackoutpost00.fxe	a474dbfa4f1b5ee86873c985354c9cbe	1944
mods/heroes.stormmod/enus.stormassets/localizeddata/sounds/vo/mephistobase_ping_attackoutpost00.ogg	669b9b65aab51d0bffb7e044f1e171bd	25790
mods/heroes.stormmod/enus.stormassets/localizeddata/sounds/vo/mephistobase_ping_attacktower00.fxe	3b8a1af7661db053d41f11a6cecb47ca	2630
mods/heroes.stormmod/enus.stormassets/localizeddata/sounds/vo/mephistobase_ping_attacktower00.ogg	e17949ffe3ec0105404e170ddf260907	41860
mods/heroes.stormmod/enus.stormassets/localizeddata/sounds/vo/mephistobase_ping_danger00.fxe	193d71ffe07f86d8f401ddd01bb18441	1633
mods/heroes.stormmod/enus.stormassets/localizeddata/sounds/vo/mephistobase_ping_danger00.ogg	1f3a038f3617a91be88fc60653fb0856	26478
mods/heroes.stormmod/enus.stormassets/localizeddata/sounds/vo/mephistobase_ping_danger01.fxe	e9f6175a01b1aff366319bb8e0947905	1569
mods/heroes.stormmod/enus.stormassets/localizeddata/sounds/vo/mephistobase_ping_danger01.ogg	dcfa7099dcdd6ae4e33eee31d3f24df9	25722
mods/heroes.stormmod/enus.stormassets/localizeddata/sounds/vo/mephistobase_ping_defend00.fxe	295245ff6c1992cb27f6c94f0687fa23	1361
mods/heroes.stormmod/enus.stormassets/localizeddata/sounds/vo/mephistobase_ping_defend00.ogg	18a95becbcf79e3ed40d724c94de0fd2	24528
mods/heroes.stormmod/enus.stormassets/localizeddata/sounds/vo/mephistobase_ping_defendcastle00.fxe	56823220892b17d4d238b180e5f8d91f	1767
mods/heroes.stormmod/enus.stormassets/localizeddata/sounds/vo/mephistobase_ping_defendcastle00.ogg	71fd2989fc023a90c96792d72ea2b9f6	28278
mods/heroes.stormmod/enus.stormassets/localizeddata/sounds/vo/mephistobase_ping_defendoutpost00.fxe	315d6cc6af7fd7aab6ce663163f5a98f	2184
mods/heroes.stormmod/enus.stormassets/localizeddata/sounds/vo/mephistobase_ping_defendoutpost00.ogg	fae33028071a02347e4bc94046711515	36688
mods/heroes.stormmod/enus.stormassets/localizeddata/sounds/vo/mephistobase_ping_defendthing00.fxe	8b30bd12979072afab98b03dab89ffd3	2982
mods/heroes.stormmod/enus.stormassets/localizeddata/sounds/vo/mephistobase_ping_defendthing00.ogg	efacf3bb391b916b3e8c623c415226fa	57473
mods/heroes.stormmod/enus.stormassets/localizeddata/sounds/vo/mephistobase_ping_defendthing01.fxe	e949671a788bd6eccceffebcaa389f21	3286
mods/heroes.stormmod/enus.stormassets/localizeddata/sounds/vo/mephistobase_ping_defendthing01.ogg	655922072011a8b6c514750d3190764c	59736
mods/heroes.stormmod/enus.stormassets/localizeddata/sounds/vo/mephistobase_ping_defendtower00.fxe	06f2f6856b6876be810bbe325606e43d	3894
mods/heroes.stormmod/enus.stormassets/localizeddata/sounds/vo/mephistobase_ping_defendtower00.ogg	ac432a4a4414c698b848bd16393e7a9d	52386
mods/heroes.stormmod/enus.stormassets/localizeddata/sounds/vo/mephistobase_ping_enemymissing00.fxe	bc2f705cb43f4adbddc064f454524d15	3831
mods/heroes.stormmod/enus.stormassets/localizeddata/sounds/vo/mephistobase_ping_enemymissing00.ogg	d5d3f4ab0606a0cf327444d9c5b2b87b	67500
mods/heroes.stormmod/enus.stormassets/localizeddata/sounds/vo/mephistobase_ping_enemymissing01.fxe	7426358106251224edde74e9e6aa4959	2519
mods/heroes.stormmod/enus.stormassets/localizeddata/sounds/vo/mephistobase_ping_enemymissing01.ogg	e0f6eb21b1bf8e4903bd206d8b0fcc0a	52717
mods/heroes.stormmod/enus.stormassets/localizeddata/sounds/vo/mephistobase_ping_killhero00.fxe	737b9d816e47833d84c73d4b6e469b9f	2371
mods/heroes.stormmod/enus.stormassets/localizeddata/sounds/vo/mephistobase_ping_killhero00.ogg	30eca4587403c5c979adb7ad999839fe	50566
mods/heroes.stormmod/enus.stormassets/localizeddata/sounds/vo/mephistobase_ping_onmyway00.fxe	be63c8db6fa0ca4ff8546a424d8c5376	1954
mods/heroes.stormmod/enus.stormassets/localizeddata/sounds/vo/mephistobase_ping_onmyway00.ogg	083b038407d1eee1de1830aec44a77d8	43173
mods/heroes.stormmod/enus.stormassets/localizeddata/sounds/vo/mephistobase_ping_onmyway01.fxe	f2ca0eefd224db8db28a12956fc74eed	2834
mods/heroes.stormmod/enus.stormassets/localizeddata/sounds/vo/mephistobase_ping_onmyway01.ogg	1011a6471fc3afd100d763d765cc6f18	48825
mods/heroes.stormmod/enus.stormassets/localizeddata/sounds/vo/mephistobase_ping_retreat00.fxe	4b1e7dc9247e39b876dd1a5283416124	1458
mods/heroes.stormmod/enus.stormassets/localizeddata/sounds/vo/mephistobase_ping_retreat00.ogg	0dcc374c560ddbda5e36168ef6597236	23076
mods/heroes.stormmod/enus.stormassets/localizeddata/sounds/vo/mephistobase_ping_retreat01.fxe	adc7f95c307dad278f51d5be5cce6240	1746
mods/heroes.stormmod/enus.stormassets/localizeddata/sounds/vo/mephistobase_ping_retreat01.ogg	39d70b351f734a5de8dbac836775ef48	26960
mods/heroes.stormmod/enus.stormassets/localizeddata/sounds/vo/mephistobase_pissed00.fxe	ce762d854e0a4136dfa931f36adcf768	3196
mods/heroes.stormmod/enus.stormassets/localizeddata/sounds/vo/mephistobase_pissed00.ogg	3ebf672988933099c456f63386f6c46e	63035
mods/heroes.stormmod/enus.stormassets/localizeddata/sounds/vo/mephistobase_pissed01.fxe	8f1c95b1b2a72e568283101802704022	2476
mods/heroes.stormmod/enus.stormassets/localizeddata/sounds/vo/mephistobase_pissed01.ogg	11d8fbd8a78f01447ded84b17874171d	49730
mods/heroes.stormmod/enus.stormassets/localizeddata/sounds/vo/mephistobase_pissed02_alt.fxe	0c0838536c139eaa7148d0d95d289a69	5408
mods/heroes.stormmod/enus.stormassets/localizeddata/sounds/vo/mephistobase_pissed02_alt.ogg	d8b6d012eeda9c3a77999c824529ece1	100227
mods/heroes.stormmod/enus.stormassets/localizeddata/sounds/vo/mephistobase_pissed03.fxe	4030fa998f2a93c0551a60d26953ad56	7804
mods/heroes.stormmod/enus.stormassets/localizeddata/sounds/vo/mephistobase_pissed03.ogg	447bccc80a4ed96ff5a78f865656e84c	123093
mods/heroes.stormmod/enus.stormassets/localizeddata/sounds/vo/mephistobase_pissed04.fxe	5dc27147e5138cbfa0e1ee0cf980bc56	6444
mods/heroes.stormmod/enus.stormassets/localizeddata/sounds/vo/mephistobase_pissed04.ogg	8534605f67bbf4c0947fe32ed6e707d3	158595
mods/heroes.stormmod/enus.stormassets/localizeddata/sounds/vo/mephistobase_pissed05.fxe	691061680f025a6073a90566ed373dc5	6716
mods/heroes.stormmod/enus.stormassets/localizeddata/sounds/vo/mephistobase_pissed05.ogg	8656b0ab68c1fe3e01ee168a82628314	122270
mods/heroes.stormmod/enus.stormassets/localizeddata/sounds/vo/mephistobase_pissed06.fxe	e6b463132e469b45ae956bbaf4656b79	2300
mods/heroes.stormmod/enus.stormassets/localizeddata/sounds/vo/mephistobase_pissed06.ogg	dc741614d2fd4c2e85547cb782798503	51279
mods/heroes.stormmod/enus.stormassets/localizeddata/sounds/vo/mephistobase_pissed07.fxe	12edbb0cf504d23792eeb76dcc812707	6316
mods/heroes.stormmod/enus.stormassets/localizeddata/sounds/vo/mephistobase_pissed07.ogg	fd75286bbe0b95336c739938644e4c00	121916
mods/heroes.stormmod/enus.stormassets/localizeddata/sounds/vo/mephistobase_pissed08.fxe	1863f6cb291f0d5d6fda9f9034a6f045	4236
mods/heroes.stormmod/enus.stormassets/localizeddata/sounds/vo/mephistobase_pissed08.ogg	c0de49de879894dabdaf7114cdf9b724	89685
mods/heroes.stormmod/enus.stormassets/localizeddata/sounds/vo/mephistobase_pissed09.fxe	ac264c767dfbc94ebdca6052a1b3d5e5	5612
mods/heroes.stormmod/enus.stormassets/localizeddata/sounds/vo/mephistobase_pissed09.ogg	3ff97e9f3439c360affb58e5d386ace1	105133
mods/heroes.stormmod/enus.stormassets/localizeddata/sounds/vo/mephistobase_pissed10.fxe	dd17d9bd33698f53a268ac1cf6e3260d	6684
mods/heroes.stormmod/enus.stormassets/localizeddata/sounds/vo/mephistobase_pissed10.ogg	36584531156dd056d350957e19d7b351	136538
mods/heroes.stormmod/enus.stormassets/localizeddata/sounds/vo/mephistobase_pissed11.fxe	f3e7cc839096adefbcbef601ce0c53b5	11004
mods/heroes.stormmod/enus.stormassets/localizeddata/sounds/vo/mephistobase_pissed11.ogg	d659b50198067ebe1989cf02dc7e237d	229342
mods/heroes.stormmod/enus.stormassets/localizeddata/sounds/vo/mephistobase_pissed12.fxe	a7c70cf9b4d1dc75f2426f0624732e40	5452
mods/heroes.stormmod/enus.stormassets/localizeddata/sounds/vo/mephistobase_pissed12.ogg	0dacd8445c7dc1f4df99ab217d91839a	92475
mods/heroes.stormmod/enus.stormassets/localizeddata/sounds/vo/mephistobase_pissed13.fxe	00b16ca929c3ecca9da4cefbcc32b153	4540
mods/heroes.stormmod/enus.stormassets/localizeddata/sounds/vo/mephistobase_pissed13.ogg	8e3330330575aa7d83d7e91c2c915045	99451
mods/heroes.stormmod/enus.stormassets/localizeddata/sounds/vo/mephistobase_pissed14.fxe	e74454578d38022b4d685bdd8e206f3b	7500
mods/heroes.stormmod/enus.stormassets/localizeddata/sounds/vo/mephistobase_pissed14.ogg	3b4a2f32593847d7f08900536085bf37	120317
mods/heroes.stormmod/enus.stormassets/localizeddata/sounds/vo/mephistobase_resurrected00.fxe	e147ce0be7481393f97ad5b3e65217db	2769
mods/heroes.stormmod/enus.stormassets/localizeddata/sounds/vo/mephistobase_resurrected00.ogg	e716866237378463f85caa486c10809f	58534
mods/heroes.stormmod/enus.stormassets/localizeddata/sounds/vo/mephistobase_resurrected01.fxe	d433a8171705a70e00f30875efe5e9fd	1489
mods/heroes.stormmod/enus.stormassets/localizeddata/sounds/vo/mephistobase_resurrected01.ogg	317aef3145ebbe7aa5bf586c0c99489a	30086
mods/heroes.stormmod/enus.stormassets/localizeddata/sounds/vo/mephistobase_revive00.fxe	9ea8be12fc95c5da3719a9a19f4bda7f	2492
mods/heroes.stormmod/enus.stormassets/localizeddata/sounds/vo/mephistobase_revive00.ogg	29c52d5791a28504fae3352fc32faa26	42504
mods/heroes.stormmod/enus.stormassets/localizeddata/sounds/vo/mephistobase_revive01.fxe	db27741855741a55884619ccf5c79b50	2620
mods/heroes.stormmod/enus.stormassets/localizeddata/sounds/vo/mephistobase_revive01.ogg	941ea3ec890a7397bc2951dc09385e4f	49633
mods/heroes.stormmod/enus.stormassets/localizeddata/sounds/vo/mephistobase_revive02.fxe	4f22b94c25da46aba404e8c0979a3291	2268
mods/heroes.stormmod/enus.stormassets/localizeddata/sounds/vo/mephistobase_revive02.ogg	8bfe8a21e357ff67b0e089faa26722cb	51040
mods/heroes.stormmod/enus.stormassets/localizeddata/sounds/vo/mephistobase_spec00.fxe	ec40694de8f449e3ae1578c0a18f8105	2858
mods/heroes.stormmod/enus.stormassets/localizeddata/sounds/vo/mephistobase_spec00.ogg	b046f56a74684a00c2d9fc5bb81c7230	35376
mods/heroes.stormmod/enus.stormassets/localizeddata/sounds/vo/mephistobase_spec01.fxe	1a32540b2459cf263a7e275bd6074953	826
mods/heroes.stormmod/enus.stormassets/localizeddata/sounds/vo/mephistobase_spec01.ogg	94fee2c732487997a424cbeb4b0bc291	40335
mods/heroes.stormmod/enus.stormassets/localizeddata/sounds/vo/mephistobase_spec02.fxe	a9353922976063875ffc858ed203aa3e	2586
mods/heroes.stormmod/enus.stormassets/localizeddata/sounds/vo/mephistobase_spec02.ogg	924e60c7c1fcadfe36b18ee4c00af51d	49754
mods/heroes.stormmod/enus.stormassets/localizeddata/sounds/vo/mephistobase_spec03.fxe	ec413597f87a47da6ad462e3a0fa176e	1674
mods/heroes.stormmod/enus.stormassets/localizeddata/sounds/vo/mephistobase_spec03.ogg	2522d6173b8659d5033503b7bfe81ac5	33716
mods/heroes.stormmod/enus.stormassets/localizeddata/sounds/vo/mephistobase_spec04.fxe	2e58d933b6cff46a869afd266b44f61a	2154
mods/heroes.stormmod/enus.stormassets/localizeddata/sounds/vo/mephistobase_spec04.ogg	e8d97b0bf14003b6cd8b4d7797fad09e	40531
mods/heroes.stormmod/enus.stormassets/localizeddata/sounds/vo/mephistobase_taunt00.fxe	cbf9e73c2640669b6ae7f58a068ccc44	2715
mods/heroes.stormmod/enus.stormassets/localizeddata/sounds/vo/mephistobase_taunt00.ogg	65f1b265b048f67e6caaa3fa6f646df2	51616
mods/heroes.stormmod/enus.stormassets/localizeddata/sounds/vo/mephistobase_taunt02.fxe	59e8ff8340f5f28763d4ee350cd3ee7f	3067
mods/heroes.stormmod/enus.stormassets/localizeddata/sounds/vo/mephistobase_taunt02.ogg	ced8829ba7d69172d8ea44b3dc83ce08	49757
mods/heroes.stormmod/enus.stormassets/localizeddata/sounds/vo/mephistobase_teamkilled00.fxe	fcd9a194d25ffaa439a7e25aa759bd62	2960
mods/heroes.stormmod/enus.stormassets/localizeddata/sounds/vo/mephistobase_teamkilled00.ogg	0401eee511fb7f7c1fdf496d4e35e4ef	60753
mods/heroes.stormmod/enus.stormassets/localizeddata/sounds/vo/mephistobase_ui_exlocked00.fxe	fd5f151d1f5d209edbcf9a6acbfda1d1	1473
mods/heroes.stormmod/enus.stormassets/localizeddata/sounds/vo/mephistobase_ui_exlocked00.ogg	053259d6f3476e5a85e55dfb77932975	37090
mods/heroes.stormmod/enus.stormassets/localizeddata/sounds/vo/mephistobase_ui_expurchased00.fxe	a3b3693ffdbb9d295a69551ce9b7a4ef	2692
mods/heroes.stormmod/enus.stormassets/localizeddata/sounds/vo/mephistobase_ui_expurchased00.ogg	2797be8c1a3f884954341a3c574743b0	51573
mods/heroes.stormmod/enus.stormassets/localizeddata/sounds/vo/mephistobase_ui_gift00.fxe	f0d529f0c569a7b9e535d707bd8c90d8	2509
mods/heroes.stormmod/enus.stormassets/localizeddata/sounds/vo/mephistobase_ui_gift00.ogg	f0b1a54ef5ba27c34b91469e67d77caa	49711
mods/heroes.stormmod/enus.stormassets/localizeddata/sounds/vo/mephistobase_ui_lockin00.fxe	09d66d172ed5168425282e728d6414bb	1551
mods/heroes.stormmod/enus.stormassets/localizeddata/sounds/vo/mephistobase_ui_lockin00.ogg	c1431e3fc4964344c01a7338972493de	27100
mods/heroes.stormmod/enus.stormassets/localizeddata/sounds/vo/mephistobase_ui_purchase00.fxe	c98edfac403939fd64b6145707f376f6	1873
mods/heroes.stormmod/enus.stormassets/localizeddata/sounds/vo/mephistobase_ui_purchase00.ogg	cacbfa492fe56c101fedd2e3800f2bfd	47289
mods/heroes.stormmod/enus.stormassets/localizeddata/sounds/vo/mephistobase_ui_trial00.fxe	f89d0b81c4e8bb184c35dbc7c10538e2	1214
mods/heroes.stormmod/enus.stormassets/localizeddata/sounds/vo/mephistobase_ui_trial00.ogg	f7b495e2e070c03bd4372c37381bf0d8	31803
mods/heroes.stormmod/enus.stormassets/localizeddata/sounds/vo/mephistobase_ui_trial01.fxe	f062af3449e4eec4352aed9c3d3bc9fb	1950
mods/heroes.stormmod/enus.stormassets/localizeddata/sounds/vo/mephistobase_ui_trial01.ogg	5ce6932d544e0135e5800fca20ca4367	47090
mods/heroes.stormmod/enus.stormassets/localizeddata/sounds/vo/mephistobase_ui_vox_spun00.fxe	e91477b95c45d8c6683b53f00857f103	1201
mods/heroes.stormmod/enus.stormassets/localizeddata/sounds/vo/mephistobase_ui_vox_spun00.ogg	8fd15951ca5282b06deca16071caa17b	18748
mods/heroes.stormmod/enus.stormassets/localizeddata/sounds/vo/mephistobase_ui_vox_spun01.fxe	66df3f0e94a00c0a4a68bf0b9278acbc	2065
mods/heroes.stormmod/enus.stormassets/localizeddata/sounds/vo/mephistobase_ui_vox_spun01.ogg	9944dfe972a2af38cc07bd9e98769056	38322
mods/heroes.stormmod/enus.stormassets/localizeddata/sounds/vo/mephistobase_ui_vox_spun02.fxe	7c31f42031e75ebab49bce310b374ec4	2081
mods/heroes.stormmod/enus.stormassets/localizeddata/sounds/vo/mephistobase_ui_vox_spun02.ogg	fcca6db0aef9cf53e5072c8383c4e880	33500
mods/heroes.stormmod/enus.stormassets/localizeddata/sounds/vo/mephistobase_ui_vox_spun03.fxe	97d71fc0e91bbd0b59672dd4e8836a82	1841
mods/heroes.stormmod/enus.stormassets/localizeddata/sounds/vo/mephistobase_ui_vox_spun03.ogg	c4dc0a43b653c7ce8f303163362129c2	30655
mods/heroes.stormmod/enus.stormassets/localizeddata/sounds/vo/mephistobase_ui_vox_spun04.fxe	1425133695d564cc9325f83a1719b49d	1777
mods/heroes.stormmod/enus.stormassets/localizeddata/sounds/vo/mephistobase_ui_vox_spun04.ogg	e76eb3d6ec47835c06213fad71ccaa9d	23412
mods/heroes.stormmod/enus.stormassets/localizeddata/sounds/vo/mephistobase_ui_vox_spun05.fxe	cfed38c48842d6460b2cbd336c0000c7	1697
mods/heroes.stormmod/enus.stormassets/localizeddata/sounds/vo/mephistobase_ui_vox_spun05.ogg	ce703679b80603b590a9da82283d8556	27689
mods/heroes.stormmod/enus.stormassets/localizeddata/sounds/vo/mephistobase_ui_vox_spun06.fxe	e0a94cc68b260171f80f3a0aaa663c74	1617
mods/heroes.stormmod/enus.stormassets/localizeddata/sounds/vo/mephistobase_ui_vox_spun06.ogg	2546d71251cb37544b7a44f45666a35a	29625
mods/heroes.stormmod/enus.stormassets/localizeddata/sounds/vo/mephistobase_ui_vox_spun07.fxe	0684cd91bc67b2083db7a045108135df	1649
mods/heroes.stormmod/enus.stormassets/localizeddata/sounds/vo/mephistobase_ui_vox_spun07.ogg	f3ea5519ee87f42b295a8f55e9f34ab0	27670
mods/heroes.stormmod/enus.stormassets/localizeddata/sounds/vo/mephistobase_ui_vox_spun08.fxe	f8de7bf0c7e479cca72ab14280a7b32b	1281
mods/heroes.stormmod/enus.stormassets/localizeddata/sounds/vo/mephistobase_ui_vox_spun08.ogg	c4ccd60b02c61c95580fd9b0c56e9786	26248
mods/heroes.stormmod/enus.stormassets/localizeddata/sounds/vo/mephistobase_ui_vox_spun09.fxe	0bb7d47cc4119119886741769370d573	1649
mods/heroes.stormmod/enus.stormassets/localizeddata/sounds/vo/mephistobase_ui_vox_spun09.ogg	5f47b979b1c5e52216c668898d0e46e1	24651
mods/heroes.stormmod/enus.stormassets/localizeddata/sounds/vo/mephistobase_ui_waitlocked00.fxe	94dfd068da28de5c01a5c9421d9d3db3	4259
mods/heroes.stormmod/enus.stormassets/localizeddata/sounds/vo/mephistobase_ui_waitlocked00.ogg	bd748c36370eb188e749b14f7217dc5b	72963
mods/heroes.stormmod/enus.stormassets/localizeddata/sounds/vo/mephistobase_ui_waitlocked01.fxe	14641ec295361f13cc7694170370e973	2675
mods/heroes.stormmod/enus.stormassets/localizeddata/sounds/vo/mephistobase_ui_waitlocked01.ogg	e9a9463e747d164d207aa426442e80ff	56972
mods/heroes.stormmod/enus.stormassets/localizeddata/sounds/vo/mephistobase_ui_waitpurchased00.fxe	52895e01867d78f52a0f4e4258891cfa	1510
mods/heroes.stormmod/enus.stormassets/localizeddata/sounds/vo/mephistobase_ui_waitpurchased00.ogg	4fc67954c34f9172c3de36be6f6fb490	43317
mods/heroes.stormmod/enus.stormassets/localizeddata/sounds/vo/mephistobase_ui_waitpurchased01.fxe	d0247cec254b7af6fde45b959dc95581	4758
mods/heroes.stormmod/enus.stormassets/localizeddata/sounds/vo/mephistobase_ui_waitpurchased01.ogg	a651cc0998b23426ca7914593a4b698a	90494
mods/heroes.stormmod/enus.stormassets/localizeddata/sounds/vo/mephistobase_ultchain00.fxe	7a3337fceadbc138eac9122bb4f342fd	910
mods/heroes.stormmod/enus.stormassets/localizeddata/sounds/vo/mephistobase_ultchain00.ogg	51914584267fd97958832d8eced7d69b	19428
mods/heroes.stormmod/enus.stormassets/localizeddata/sounds/vo/mephistobase_ultchain01.fxe	3f7f99dabe151a2158a1a8ec2a78dab0	1390
mods/heroes.stormmod/enus.stormassets/localizeddata/sounds/vo/mephistobase_ultchain01.ogg	d6027a8a7d03a910296f1d20c1b5dada	25095
mods/heroes.stormmod/enus.stormassets/localizeddata/sounds/vo/mephistobase_ultchain02.fxe	9c24f8d280e17bd23c976ef56036a9cb	1118
mods/heroes.stormmod/enus.stormassets/localizeddata/sounds/vo/mephistobase_ultchain02.ogg	b680a12198549f1ab7a359de2f5dff38	18759
mods/heroes.stormmod/enus.stormassets/localizeddata/sounds/vo/mephistobase_ultchain03.fxe	58c7a6d60c3fb60e7fb5da7433d03af5	990
mods/heroes.stormmod/enus.stormassets/localizeddata/sounds/vo/mephistobase_ultchain03.ogg	17a997bddcf250b87a5a76639e7f7e73	19261
mods/heroes.stormmod/enus.stormassets/localizeddata/sounds/vo/mephistobase_ultchain04.fxe	cc62b03d3297b90c8b42122267cf8b17	1374
mods/heroes.stormmod/enus.stormassets/localizeddata/sounds/vo/mephistobase_ultchain04.ogg	56f382fe4077489c16f8188b4386e3d3	25815
mods/heroes.stormmod/enus.stormassets/localizeddata/sounds/vo/mephistobase_ultimate1used00.fxe	b25c84d4951d00b30c011443c017cd81	1843
mods/heroes.stormmod/enus.stormassets/localizeddata/sounds/vo/mephistobase_ultimate1used00.ogg	2a73c6acdacef0f59ddc2862cf4c7dea	56160
mods/heroes.stormmod/enus.stormassets/localizeddata/sounds/vo/mephistobase_ultimate1used01.fxe	2063aaee28ad7d7a7a7bae401de45028	2355
mods/heroes.stormmod/enus.stormassets/localizeddata/sounds/vo/mephistobase_ultimate1used01.ogg	3bd45d00191973b2569abc0712e2d1e2	48315
mods/heroes.stormmod/enus.stormassets/localizeddata/sounds/vo/mephistobase_ultimate1used02.fxe	1d9693f03fd1ff54adaf39604c21ea58	3219
mods/heroes.stormmod/enus.stormassets/localizeddata/sounds/vo/mephistobase_ultimate1used02.ogg	222c9987c1905156541409b80b6153da	71478
mods/heroes.stormmod/enus.stormassets/localizeddata/sounds/vo/mephistobase_ultimate1usedenemy00.fxe	b622e37232ec74bb10c6a371fa8b69cf	1704
mods/heroes.stormmod/enus.stormassets/localizeddata/sounds/vo/mephistobase_ultimate1usedenemy00.ogg	7eb94966d824474a518657f1cf2ca7d3	52998
mods/heroes.stormmod/enus.stormassets/localizeddata/sounds/vo/mephistobase_ultimate1usedenemy01.fxe	d3f913eeaebc33d2edd9ae08017a4de3	2392
mods/heroes.stormmod/enus.stormassets/localizeddata/sounds/vo/mephistobase_ultimate1usedenemy01.ogg	bf14175c0f90b4fdaee04eb22f27d876	59752
mods/heroes.stormmod/enus.stormassets/localizeddata/sounds/vo/mephistobase_ultimate1usedenemy02.fxe	5f5fc3ca2f03677a829939f1e200e394	1448
mods/heroes.stormmod/enus.stormassets/localizeddata/sounds/vo/mephistobase_ultimate1usedenemy02.ogg	7c5e8a72f12ab0ebe90bbcf1b673a53a	82227
mods/heroes.stormmod/enus.stormassets/localizeddata/sounds/vo/mephistobase_ultimate2used00.fxe	f11c39a6845eebb26ffc485a58b1db3d	3267
mods/heroes.stormmod/enus.stormassets/localizeddata/sounds/vo/mephistobase_ultimate2used00.ogg	75f044b84340944c469d16c9ed48894e	52682
mods/heroes.stormmod/enus.stormassets/localizeddata/sounds/vo/mephistobase_ultimate2used01.fxe	d7050fa05bbbc55d0a7526010aba0272	2323
mods/heroes.stormmod/enus.stormassets/localizeddata/sounds/vo/mephistobase_ultimate2used01.ogg	978adaf83738ec84cd1bf66e87c03d04	41986
mods/heroes.stormmod/enus.stormassets/localizeddata/sounds/vo/mephistobase_ultimate2used02.fxe	584961bf8951d3376fd933f55621b178	1843
mods/heroes.stormmod/enus.stormassets/localizeddata/sounds/vo/mephistobase_ultimate2used02.ogg	47c1199950800df52f30f40154aefc67	40153
mods/heroes.stormmod/enus.stormassets/localizeddata/sounds/vo/mephistobase_voicelinefour00.fxe	e8363e71c27bdc517bd4388d5e6e462d	4659
mods/heroes.stormmod/enus.stormassets/localizeddata/sounds/vo/mephistobase_voicelinefour00.ogg	d4fe62e78c21adf972d701971e5b1983	84821
mods/heroes.stormmod/enus.stormassets/localizeddata/sounds/vo/mephistobase_voicelineone00.fxe	a3067dc355d6b9acce9eb85d612047b1	2194
mods/heroes.stormmod/enus.stormassets/localizeddata/sounds/vo/mephistobase_voicelineone00.ogg	98aa60b926cd655ee665a55e0929d406	37484
mods/heroes.stormmod/enus.stormassets/localizeddata/sounds/vo/mephistobase_voicelinethree00.fxe	adfda1fccab24f793ddc6d6f5144f4f5	2276
mods/heroes.stormmod/enus.stormassets/localizeddata/sounds/vo/mephistobase_voicelinethree00.ogg	fc2898af69da10f34a7a4e4d9eaadc44	35096
mods/heroes.stormmod/enus.stormassets/localizeddata/sounds/vo/mephistobase_voicelinetwo00.fxe	5b0282e9911101b46e1340c2d33eab5a	1506
mods/heroes.stormmod/enus.stormassets/localizeddata/sounds/vo/mephistobase_voicelinetwo00.ogg	a60cbff4abc918f1bce4c3b96b357ed7	63450
mods/heroes.stormmod/enus.stormassets/localizeddata/sounds/vo/mephistobase_vox_attack00.fxe	496606dac65422b677d726b795f9398f	1040
mods/heroes.stormmod/enus.stormassets/localizeddata/sounds/vo/mephistobase_vox_attack00.ogg	6482dbfae353f8db3b0bfd3b0b62ffae	24477
mods/heroes.stormmod/enus.stormassets/localizeddata/sounds/vo/mephistobase_vox_attack01.fxe	3bfa944de3a240fb81d68dee6e331d39	960
mods/heroes.stormmod/enus.stormassets/localizeddata/sounds/vo/mephistobase_vox_attack01.ogg	3848508bc2964526ff78c4e870ad2f03	24591
mods/heroes.stormmod/enus.stormassets/localizeddata/sounds/vo/mephistobase_vox_attack02.fxe	507f976e04b243066a3f53ad0646057f	864
mods/heroes.stormmod/enus.stormassets/localizeddata/sounds/vo/mephistobase_vox_attack02.ogg	33a389c38dc621717e77aca3d0954914	24721
mods/heroes.stormmod/enus.stormassets/localizeddata/sounds/vo/mephistobase_vox_attack03.fxe	e54381a875b7b05fec7164910beed422	1024
mods/heroes.stormmod/enus.stormassets/localizeddata/sounds/vo/mephistobase_vox_attack03.ogg	6b43b8c8d6bcdf639f317867c1a87e1d	24958
mods/heroes.stormmod/enus.stormassets/localizeddata/sounds/vo/mephistobase_vox_attack04.fxe	55c57b2c8bfe5070518a84133d1c0bf2	912
mods/heroes.stormmod/enus.stormassets/localizeddata/sounds/vo/mephistobase_vox_attack04.ogg	06808cd495a00084c0421a6bd6cf6852	22872
mods/heroes.stormmod/enus.stormassets/localizeddata/sounds/vo/mephistobase_vox_attack05.fxe	3529cc1d3cfa78a637da6606a24a8414	1088
mods/heroes.stormmod/enus.stormassets/localizeddata/sounds/vo/mephistobase_vox_attack05.ogg	5b91764468184e153d2576bef3a3fe0c	23511
mods/heroes.stormmod/enus.stormassets/localizeddata/sounds/vo/mephistobase_vox_attack06.fxe	7aeb4040627680658fc45f7e8b5317b9	912
mods/heroes.stormmod/enus.stormassets/localizeddata/sounds/vo/mephistobase_vox_attack06.ogg	78a74bfbf93054b278eb655e646ac5ff	23804
mods/heroes.stormmod/enus.stormassets/localizeddata/sounds/vo/mephistobase_vox_attack07.fxe	5339291968d5114162126f389a905af6	768
mods/heroes.stormmod/enus.stormassets/localizeddata/sounds/vo/mephistobase_vox_attack07.ogg	d577d4324503a9256b59f306f9e2430d	23262
mods/heroes.stormmod/enus.stormassets/localizeddata/sounds/vo/mephistobase_vox_attack08.fxe	1abeebe1e412d86711f9595f8b415271	736
mods/heroes.stormmod/enus.stormassets/localizeddata/sounds/vo/mephistobase_vox_attack08.ogg	8efdfc2b90ce32cfc6fa98e761b6f6b8	22922
mods/heroes.stormmod/enus.stormassets/localizeddata/sounds/vo/mephistobase_vox_attack09.fxe	4f74e6c5e51395db7851b4bab2b33b88	864
mods/heroes.stormmod/enus.stormassets/localizeddata/sounds/vo/mephistobase_vox_attack09.ogg	61111b8323cb46dbf60aa98bc05d5168	23650
mods/heroes.stormmod/enus.stormassets/localizeddata/sounds/vo/mephistobase_vox_attack10.fxe	b874133c0193532e2f51d4cd0a6ca49c	896
mods/heroes.stormmod/enus.stormassets/localizeddata/sounds/vo/mephistobase_vox_attack10.ogg	16d11e4f94e14b2adc536e1c0acf54fc	18927
mods/heroes.stormmod/enus.stormassets/localizeddata/sounds/vo/mephistobase_vox_attack11.fxe	48f66df4644f761c343151691c596aac	880
mods/heroes.stormmod/enus.stormassets/localizeddata/sounds/vo/mephistobase_vox_attack11.ogg	bb5019a89800e3472b0ba5eb15155410	23434
mods/heroes.stormmod/enus.stormassets/localizeddata/sounds/vo/mephistobase_vox_attack12.fxe	54079d11ee82f951a813e8d078bd5425	768
mods/heroes.stormmod/enus.stormassets/localizeddata/sounds/vo/mephistobase_vox_attack12.ogg	3374e3161501d2549674e1a7ea0281f5	22976
mods/heroes.stormmod/enus.stormassets/localizeddata/sounds/vo/mephistobase_vox_attack13.fxe	9b3f814f6b59f86f121d6a38dba65353	832
mods/heroes.stormmod/enus.stormassets/localizeddata/sounds/vo/mephistobase_vox_attack13.ogg	1667c544e6b942dabf5af50de1a7fcef	19765
mods/heroes.stormmod/enus.stormassets/localizeddata/sounds/vo/mephistobase_vox_attack14.fxe	d73dcbaceba710884f3027165bd72d07	944
mods/heroes.stormmod/enus.stormassets/localizeddata/sounds/vo/mephistobase_vox_attack14.ogg	86646b8e8a18664378972c477a83ea25	19851
mods/heroes.stormmod/enus.stormassets/localizeddata/sounds/vo/mephistobase_vox_castingq00_13.fxe	0fc4b83043b0708a1a64646e224d9326	917
mods/heroes.stormmod/enus.stormassets/localizeddata/sounds/vo/mephistobase_vox_castingq00_13.ogg	50d033e0f53822e20156b2193714e910	23024
mods/heroes.stormmod/enus.stormassets/localizeddata/sounds/vo/mephistobase_vox_castingq00_15.fxe	91099ae9c1f6233abe607d62b0569b63	1061
mods/heroes.stormmod/enus.stormassets/localizeddata/sounds/vo/mephistobase_vox_castingq00_15.ogg	bf9cc5c69fc5114b9a140064af56ce88	21084
mods/heroes.stormmod/enus.stormassets/localizeddata/sounds/vo/mephistobase_vox_castingq00_16.fxe	0a0025846d4dbf197306cac4a6919c71	885
mods/heroes.stormmod/enus.stormassets/localizeddata/sounds/vo/mephistobase_vox_castingq00_16.ogg	283c5fca688f009c2e45111b3cf57b62	23690
mods/heroes.stormmod/enus.stormassets/localizeddata/sounds/vo/mephistobase_vox_castingq00_18.fxe	f723c621b357d43579f537eadb14743f	949
mods/heroes.stormmod/enus.stormassets/localizeddata/sounds/vo/mephistobase_vox_castingq00_18.ogg	a87410490cbae795983236469311baa3	26916
mods/heroes.stormmod/enus.stormassets/localizeddata/sounds/vo/mephistobase_vox_castingq00_19.fxe	bdd0a435e6f35786ae2bf3d3e400e49c	1125
mods/heroes.stormmod/enus.stormassets/localizeddata/sounds/vo/mephistobase_vox_castingq00_19.ogg	27136524bf836767c793a3146865d9b3	26703
mods/heroes.stormmod/enus.stormassets/localizeddata/sounds/vo/mephistobase_vox_cheer00.fxe	4a67a1c82559abccd55b9006ca530397	815
mods/heroes.stormmod/enus.stormassets/localizeddata/sounds/vo/mephistobase_vox_cheer00.ogg	854dd284abb70480e604ef2d69b1feff	24685
mods/heroes.stormmod/enus.stormassets/localizeddata/sounds/vo/mephistobase_vox_cheer01.fxe	b7790ad4f6ebaf8943a7ddf02f85a3df	975
mods/heroes.stormmod/enus.stormassets/localizeddata/sounds/vo/mephistobase_vox_cheer01.ogg	b6b2f9e6505a846672380fb27ad75994	24335
mods/heroes.stormmod/enus.stormassets/localizeddata/sounds/vo/mephistobase_vox_cheer02.fxe	6bf8e6eef12656120958a2ffd82c1891	959
mods/heroes.stormmod/enus.stormassets/localizeddata/sounds/vo/mephistobase_vox_cheer02.ogg	4116c8b8b5e088b535e18134997467c3	27136
mods/heroes.stormmod/enus.stormassets/localizeddata/sounds/vo/mephistobase_vox_cheer03.fxe	99666d111b1c34442b75dab7b71d2bd0	959
mods/heroes.stormmod/enus.stormassets/localizeddata/sounds/vo/mephistobase_vox_cheer03.ogg	2bdc577a61ab698e96f70f55313b3f95	23988
mods/heroes.stormmod/enus.stormassets/localizeddata/sounds/vo/mephistobase_vox_cheer04.fxe	042455791b61ba97e6f6ea44d017e9ba	943
mods/heroes.stormmod/enus.stormassets/localizeddata/sounds/vo/mephistobase_vox_cheer04.ogg	d048caf8ffdf3d49c0b8a777c79e0394	22564
mods/heroes.stormmod/enus.stormassets/localizeddata/sounds/vo/mephistobase_vox_cheer05.fxe	c6b93727b74e947d9e83eb9875cadf85	1135
mods/heroes.stormmod/enus.stormassets/localizeddata/sounds/vo/mephistobase_vox_cheer05.ogg	491400b493a8a1eb21c487d86dd6dba4	26630
mods/heroes.stormmod/enus.stormassets/localizeddata/sounds/vo/mephistobase_vox_cheer06.fxe	4e01a428a966e9ea57bef708a47e4f84	959
mods/heroes.stormmod/enus.stormassets/localizeddata/sounds/vo/mephistobase_vox_cheer06.ogg	169acfd2f1724cd6d21e26f0451ceb9e	31095
mods/heroes.stormmod/enus.stormassets/localizeddata/sounds/vo/mephistobase_vox_cheer07.fxe	8767b02628a2fe57313c758ffbec737d	943
mods/heroes.stormmod/enus.stormassets/localizeddata/sounds/vo/mephistobase_vox_cheer07.ogg	70c20003b939248bddc299a546e727a1	25403
mods/heroes.stormmod/enus.stormassets/localizeddata/sounds/vo/mephistobase_vox_cheer08.fxe	2a28e7ae5e2e4adeac9c705b8e476701	1007
mods/heroes.stormmod/enus.stormassets/localizeddata/sounds/vo/mephistobase_vox_cheer08.ogg	508ddde18bd8479333e659f284c87ef1	29652
mods/heroes.stormmod/enus.stormassets/localizeddata/sounds/vo/mephistobase_vox_cheer09.fxe	6155af069f5188c68075b8c20d81408d	1087
mods/heroes.stormmod/enus.stormassets/localizeddata/sounds/vo/mephistobase_vox_cheer09.ogg	ffa0796ee4949d5700f9355f0db91c6b	27129
mods/heroes.stormmod/enus.stormassets/localizeddata/sounds/vo/mephistobase_vox_cheer10.fxe	6c83fb4cb82d68de8b9a56eece16aa62	1071
mods/heroes.stormmod/enus.stormassets/localizeddata/sounds/vo/mephistobase_vox_cheer10.ogg	9c44cf15c1007765f48aaa15654c8309	30170
mods/heroes.stormmod/enus.stormassets/localizeddata/sounds/vo/mephistobase_vox_gethitlarge00.fxe	9bb47f6c27e0934502ff0d34970ebf6d	885
mods/heroes.stormmod/enus.stormassets/localizeddata/sounds/vo/mephistobase_vox_gethitlarge00.ogg	5b04bcba10776edd86d050aae7d0c862	24306
mods/heroes.stormmod/enus.stormassets/localizeddata/sounds/vo/mephistobase_vox_gethitlarge01.fxe	a30a1a3c93dfe2eb51290eb5637e0b6c	789
mods/heroes.stormmod/enus.stormassets/localizeddata/sounds/vo/mephistobase_vox_gethitlarge01.ogg	a29a179ffb068108258201e79751cb21	26952
mods/heroes.stormmod/enus.stormassets/localizeddata/sounds/vo/mephistobase_vox_gethitlarge02.fxe	35e6d2cbe41021b630fafa500e494731	1301
mods/heroes.stormmod/enus.stormassets/localizeddata/sounds/vo/mephistobase_vox_gethitlarge02.ogg	1fa99e7f07bba6bfc1545990e33fca99	25908
mods/heroes.stormmod/enus.stormassets/localizeddata/sounds/vo/mephistobase_vox_gethitlarge03.fxe	7c12228e0e2ec8fa0f011c7ad3ce835f	885
mods/heroes.stormmod/enus.stormassets/localizeddata/sounds/vo/mephistobase_vox_gethitlarge03.ogg	a9be08ebf459e070168e37a8e2860e4a	25010
mods/heroes.stormmod/enus.stormassets/localizeddata/sounds/vo/mephistobase_vox_gethitlarge04.fxe	b594f523bb1b86e5ee6814cc5c14deb1	885
mods/heroes.stormmod/enus.stormassets/localizeddata/sounds/vo/mephistobase_vox_gethitlarge04.ogg	a79118ab1da74d56cc83f37c599eacd4	23973
mods/heroes.stormmod/enus.stormassets/localizeddata/sounds/vo/mephistobase_vox_gethitlarge05.fxe	e44647d46d5fbc056dca6459215667ef	901
mods/heroes.stormmod/enus.stormassets/localizeddata/sounds/vo/mephistobase_vox_gethitlarge05.ogg	22cc303394c6e09d736eb837812fb315	23382
mods/heroes.stormmod/enus.stormassets/localizeddata/sounds/vo/mephistobase_vox_gethitlarge06.fxe	04e29a9e5541ce81cead748180b20ff2	885
mods/heroes.stormmod/enus.stormassets/localizeddata/sounds/vo/mephistobase_vox_gethitlarge06.ogg	a98ab0153e2a38eea0bfb9eede6e5316	25501
mods/heroes.stormmod/enus.stormassets/localizeddata/sounds/vo/mephistobase_vox_gethitlarge07.fxe	132a6ca1e6231455d29e9c2ac8079fd8	949
mods/heroes.stormmod/enus.stormassets/localizeddata/sounds/vo/mephistobase_vox_gethitlarge07.ogg	0e72c17f39fd5dc84d64cf4f88a23138	22304
mods/heroes.stormmod/enus.stormassets/localizeddata/sounds/vo/mephistobase_vox_gethitlarge08.fxe	b3150e222fdb205e4e8a95b2c4c0d339	981
mods/heroes.stormmod/enus.stormassets/localizeddata/sounds/vo/mephistobase_vox_gethitlarge08.ogg	d600fea676e18aacc55cfa6162a8ab64	20712
mods/heroes.stormmod/enus.stormassets/localizeddata/sounds/vo/mephistobase_vox_gethitlarge09.fxe	d2dc27ac5bb40fad93e7302dc11c3d9b	1029
mods/heroes.stormmod/enus.stormassets/localizeddata/sounds/vo/mephistobase_vox_gethitlarge09.ogg	90c6b72cec4017376d94360a867b5624	23188
mods/heroes.stormmod/enus.stormassets/localizeddata/sounds/vo/mephistobase_vox_gethitlarge10.fxe	12073b9a92ed396752615a3580a01340	1189
mods/heroes.stormmod/enus.stormassets/localizeddata/sounds/vo/mephistobase_vox_gethitlarge10.ogg	cc3ddb246d3c67c25b7b2ac55ad3287c	22462
mods/heroes.stormmod/enus.stormassets/localizeddata/sounds/vo/mephistobase_vox_gethitlarge11.fxe	12c9bddbb606c8539ccac15a5686dbb9	1205
mods/heroes.stormmod/enus.stormassets/localizeddata/sounds/vo/mephistobase_vox_gethitlarge11.ogg	a47ca5c88f6d632ab5701a54cb2e2135	24568
mods/heroes.stormmod/enus.stormassets/localizeddata/sounds/vo/mephistobase_vox_gethitlarge12.fxe	9b2c3605d9ed29a215b4b02cb4ddb8fc	949
mods/heroes.stormmod/enus.stormassets/localizeddata/sounds/vo/mephistobase_vox_gethitlarge12.ogg	704a0f2fa71d1e17d246de37efa30e80	23384
mods/heroes.stormmod/enus.stormassets/localizeddata/sounds/vo/mephistobase_vox_gethitlarge13.fxe	19ece459c03868c2bfc614ddaec69bf9	1221
mods/heroes.stormmod/enus.stormassets/localizeddata/sounds/vo/mephistobase_vox_gethitlarge13.ogg	80db1a9f5b5c3f249e3767a6b5147c66	24967
mods/heroes.stormmod/enus.stormassets/localizeddata/sounds/vo/mephistobase_vox_gethitlarge14.fxe	dd0794dac3318881750c2aa7d85539cd	1221
mods/heroes.stormmod/enus.stormassets/localizeddata/sounds/vo/mephistobase_vox_gethitlarge14.ogg	89271b23607d27d80a7db3fc8fe211b5	26368
mods/heroes.stormmod/enus.stormassets/localizeddata/sounds/vo/mephistobase_vox_gethitsmall00.fxe	e70677d58f18d08688ef255bdea208cc	1157
mods/heroes.stormmod/enus.stormassets/localizeddata/sounds/vo/mephistobase_vox_gethitsmall00.ogg	f75e00234dc70e2c309c128a93c7728f	21078
mods/heroes.stormmod/enus.stormassets/localizeddata/sounds/vo/mephistobase_vox_gethitsmall01.fxe	6b1c94d8b524da4021f664e25efc7ee7	1141
mods/heroes.stormmod/enus.stormassets/localizeddata/sounds/vo/mephistobase_vox_gethitsmall01.ogg	a4d6a36da6daecad0dd6bc2b1de7b54d	25829
mods/heroes.stormmod/enus.stormassets/localizeddata/sounds/vo/mephistobase_vox_gethitsmall02.fxe	01d04a9eed9da8513cfa92aa853116c3	901
mods/heroes.stormmod/enus.stormassets/localizeddata/sounds/vo/mephistobase_vox_gethitsmall02.ogg	32f71b0ad983b37d5d5d676754af813e	26665
mods/heroes.stormmod/enus.stormassets/localizeddata/sounds/vo/mephistobase_vox_gethitsmall03.fxe	12e60ad0e35288c15faa770b9c2f9541	1461
mods/heroes.stormmod/enus.stormassets/localizeddata/sounds/vo/mephistobase_vox_gethitsmall03.ogg	ca801d96acf6e8a36a197839aba3f079	29862
mods/heroes.stormmod/enus.stormassets/localizeddata/sounds/vo/mephistobase_vox_gethitsmall04.fxe	d7c21a4b89ac9e47347e084cacbfbfab	1109
mods/heroes.stormmod/enus.stormassets/localizeddata/sounds/vo/mephistobase_vox_gethitsmall04.ogg	d9059e06c55e6115a0c450830786e4a6	28493
mods/heroes.stormmod/enus.stormassets/localizeddata/sounds/vo/mephistobase_vox_gethitsmall05.fxe	8369c6a0a9cf6cd4d3a86f4a82721588	997
mods/heroes.stormmod/enus.stormassets/localizeddata/sounds/vo/mephistobase_vox_gethitsmall05.ogg	1837ba9fab2fd87470ec776e5abe0795	27406
mods/heroes.stormmod/enus.stormassets/localizeddata/sounds/vo/mephistobase_vox_gethitsmall06.fxe	9e39b019baa05dc7909238df4ccff4e1	869
mods/heroes.stormmod/enus.stormassets/localizeddata/sounds/vo/mephistobase_vox_gethitsmall06.ogg	835a2d6483decbd3110ea1c6ae18f3a9	23267
mods/heroes.stormmod/enus.stormassets/localizeddata/sounds/vo/mephistobase_vox_gethitsmall07.fxe	87fc3f79e2d5f553eaf21821279cacfe	965
mods/heroes.stormmod/enus.stormassets/localizeddata/sounds/vo/mephistobase_vox_gethitsmall07.ogg	06d30ea2229ee302428c3666fd622743	23138
mods/heroes.stormmod/enus.stormassets/localizeddata/sounds/vo/mephistobase_vox_gethitsmall08.fxe	162b43fb5f90586db79164c3a7f34b05	821
mods/heroes.stormmod/enus.stormassets/localizeddata/sounds/vo/mephistobase_vox_gethitsmall08.ogg	8d16e5a4d7ecdb4bad77d68f8d360c05	22897
mods/heroes.stormmod/enus.stormassets/localizeddata/sounds/vo/mephistobase_vox_gethitsmall09.fxe	641a9c525c87f8cd24da4a306ac2bc94	917
mods/heroes.stormmod/enus.stormassets/localizeddata/sounds/vo/mephistobase_vox_gethitsmall09.ogg	80ec57be8dc83539d45413b7da038696	22446
mods/heroes.stormmod/enus.stormassets/localizeddata/sounds/vo/mephistobase_vox_gethitsmall10.fxe	9142fdc915b3cb5210f849806e944f87	1029
mods/heroes.stormmod/enus.stormassets/localizeddata/sounds/vo/mephistobase_vox_gethitsmall10.ogg	a649edd6dfbb05f8779a541bf9792358	24664
mods/heroes.stormmod/enus.stormassets/localizeddata/sounds/vo/mephistobase_vox_gethitsmall11.fxe	394bcb8cdcb6e11ef72f07ac56267089	869
mods/heroes.stormmod/enus.stormassets/localizeddata/sounds/vo/mephistobase_vox_gethitsmall11.ogg	a14eb6baae40c61ccdbbad0514f7a180	22499
mods/heroes.stormmod/enus.stormassets/localizeddata/sounds/vo/mephistobase_vox_gethitsmall12.fxe	9cb77ed9483a6151fd93f25ced6c91d6	965
mods/heroes.stormmod/enus.stormassets/localizeddata/sounds/vo/mephistobase_vox_gethitsmall12.ogg	d6f70569f243ade5687d7abad970c19e	24939
mods/heroes.stormmod/enus.stormassets/localizeddata/sounds/vo/mephistobase_vox_gethitsmall13.fxe	7b4256627efa068cda806dbd49d37abd	885
mods/heroes.stormmod/enus.stormassets/localizeddata/sounds/vo/mephistobase_vox_gethitsmall13.ogg	396c600d0f0eb4e9d61bbe6c3565c16f	21928
mods/heroes.stormmod/enus.stormassets/localizeddata/sounds/vo/mephistobase_vox_gethitsmall14.fxe	489dc61e0239c8838ad491902c7be941	853
mods/heroes.stormmod/enus.stormassets/localizeddata/sounds/vo/mephistobase_vox_gethitsmall14.ogg	44f0d019ef69a6afa2687c8e28f2b446	22376
mods/heroes.stormmod/enus.stormassets/localizeddata/sounds/vo/mephistobase_vox_gethitsmall15.fxe	13fc2bc3dd0f82277d5117e9c5e655e9	1093
mods/heroes.stormmod/enus.stormassets/localizeddata/sounds/vo/mephistobase_vox_gethitsmall15.ogg	ad9f1dd9b4e4723cb68147d8c8d0e29b	22606
mods/heroes.stormmod/enus.stormassets/localizeddata/sounds/vo/mephistobase_vox_gethitsmall16.fxe	9ac533c33696e2343353e9cf4c75216f	837
mods/heroes.stormmod/enus.stormassets/localizeddata/sounds/vo/mephistobase_vox_gethitsmall16.ogg	04248d806e29bad7b6852a8e63031083	21689
mods/heroes.stormmod/enus.stormassets/localizeddata/sounds/vo/mephistobase_vox_gethitsmall17.fxe	3fc915e903cd783ec637918771752ca8	869
mods/heroes.stormmod/enus.stormassets/localizeddata/sounds/vo/mephistobase_vox_gethitsmall17.ogg	58d8fbc4dacfb4d1c74f9f609344867e	22436
mods/heroes.stormmod/enus.stormassets/localizeddata/sounds/vo/mephistobase_vox_gethitsmall18.fxe	86575c92dd153a11db03db9d925be78f	917
mods/heroes.stormmod/enus.stormassets/localizeddata/sounds/vo/mephistobase_vox_gethitsmall18.ogg	44760ad4b4e19b78e3176ff414ffa6be	22018
mods/heroes.stormmod/enus.stormassets/localizeddata/sounds/vo/mephistobase_vox_gethitsmall19.fxe	f58843b8a3c4bc0afb25771c71cc4329	965
mods/heroes.stormmod/enus.stormassets/localizeddata/sounds/vo/mephistobase_vox_gethitsmall19.ogg	ed23304b99ca73073fc85af103ad8fea	22020
mods/heroes.stormmod/enus.stormassets/localizeddata/sounds/vo/mephistobase_vox_gethitsmall20.fxe	544a88a84b7f7bc5262c5242113c66ad	901
mods/heroes.stormmod/enus.stormassets/localizeddata/sounds/vo/mephistobase_vox_gethitsmall20.ogg	bdfef590b37060c42d003c9d6f6d43c8	21924
mods/heroes.stormmod/enus.stormassets/localizeddata/sounds/vo/mephistobase_vox_gethitsmall21.fxe	ca87528206cc95661029b30c8eaee671	965
mods/heroes.stormmod/enus.stormassets/localizeddata/sounds/vo/mephistobase_vox_gethitsmall21.ogg	92b6226b2c59ed292c3ce0f8fbebc529	22151
mods/heroes.stormmod/enus.stormassets/localizeddata/sounds/vo/mephistobase_vox_gethitsmall22.fxe	9fcb2c124d54ea09850b2e5a18c3e39d	981
mods/heroes.stormmod/enus.stormassets/localizeddata/sounds/vo/mephistobase_vox_gethitsmall22.ogg	6bb11559ff82f1853006ed937c688c0f	22589
mods/heroes.stormmod/enus.stormassets/localizeddata/sounds/vo/mephistobase_vox_gethitsmall23.fxe	1d3ec2c64754b832f20579381eb22a94	789
mods/heroes.stormmod/enus.stormassets/localizeddata/sounds/vo/mephistobase_vox_gethitsmall23.ogg	cbe7a720210c4bebc725bf40d1359ff3	21558
mods/heroes.stormmod/enus.stormassets/localizeddata/sounds/vo/mephistobase_vox_gethitsmall24.fxe	bc6c3c609ff0315ff7904efff7d963e1	789
mods/heroes.stormmod/enus.stormassets/localizeddata/sounds/vo/mephistobase_vox_gethitsmall24.ogg	6c36e2a840eea462c050d6bff947ceb0	21568
mods/heroes.stormmod/enus.stormassets/localizeddata/sounds/vo/mephistobase_vox_gethitsmall25.fxe	76a883ec0e7fcc3bef1ad2d5c8696787	885
mods/heroes.stormmod/enus.stormassets/localizeddata/sounds/vo/mephistobase_vox_gethitsmall25.ogg	fb9d31cede3226aacb45d7cd09b37d3a	22828
mods/heroes.stormmod/enus.stormassets/localizeddata/sounds/vo/mephistobase_vox_pulled00.fxe	a6bb39f77f57ea2ab11063ff40be7a7d	976
mods/heroes.stormmod/enus.stormassets/localizeddata/sounds/vo/mephistobase_vox_pulled00.ogg	abfad18fe8e95123167751a4f226dec0	25396
mods/heroes.stormmod/enus.stormassets/localizeddata/sounds/vo/mephistobase_vox_pulled01.fxe	aee434e10ed072612204ddb4e3364b00	1152
mods/heroes.stormmod/enus.stormassets/localizeddata/sounds/vo/mephistobase_vox_pulled01.ogg	ce136678458a1b341435d30465b52a6f	26771
mods/heroes.stormmod/enus.stormassets/localizeddata/sounds/vo/mephistobase_vox_pulled02.fxe	0ef701853a03b9b54635f3b4f81d55d3	1216
mods/heroes.stormmod/enus.stormassets/localizeddata/sounds/vo/mephistobase_vox_pulled02.ogg	f7250bbaffe6d8cf089011ea7efacf31	25733
mods/heroes.stormmod/enus.stormassets/localizeddata/sounds/vo/mephistobase_vox_pulled03.fxe	230da3db0aac16dd81180378e55319d8	1120
mods/heroes.stormmod/enus.stormassets/localizeddata/sounds/vo/mephistobase_vox_pulled03.ogg	a1ccec3694c058a4f16d5c72af1026bd	26948
mods/heroes.stormmod/enus.stormassets/localizeddata/sounds/vo/mephistobase_vox_pulled04.fxe	36919c51acdf45b6f88a334bb0007fc2	1136
mods/heroes.stormmod/enus.stormassets/localizeddata/sounds/vo/mephistobase_vox_pulled04.ogg	27d17834ed6f55cebe1bfcaca1dd29bb	28208
mods/heroes.stormmod/enus.stormassets/localizeddata/sounds/vo/mephistobase_vox_pulled05.fxe	a22c3f35094f985b7210fae16d548312	1232
mods/heroes.stormmod/enus.stormassets/localizeddata/sounds/vo/mephistobase_vox_pulled05.ogg	bf1d4172eea0d22128a231193b41f9bb	31523
mods/heroes.stormmod/enus.stormassets/localizeddata/sounds/vo/mephistobase_vox_pulled06.fxe	534b95c071489eff8f0d5fd393c88b81	1024
mods/heroes.stormmod/enus.stormassets/localizeddata/sounds/vo/mephistobase_vox_pulled06.ogg	469b8656db7d9e845518f4e5f3e13eb4	30318
mods/heroes.stormmod/enus.stormassets/localizeddata/sounds/vo/mephistobase_vox_pulled07.fxe	4ffed5a504b26511be761f843c2277be	1312
mods/heroes.stormmod/enus.stormassets/localizeddata/sounds/vo/mephistobase_vox_pulled07.ogg	c025ea27cb52c5c62f401f1445f0bdc4	28436
mods/heroes.stormmod/enus.stormassets/localizeddata/sounds/vo/mephistobase_vox_pulled08.fxe	1ca056fd051599bea2296e4ed080d67e	976
mods/heroes.stormmod/enus.stormassets/localizeddata/sounds/vo/mephistobase_vox_pulled08.ogg	3bac9832989fac524cf4cb22ad60cb04	23998
mods/heroes.stormmod/enus.stormassets/localizeddata/sounds/vo/mephistobase_vox_pulled09.fxe	243f92183ae27258b4536dee55569b38	1216
mods/heroes.stormmod/enus.stormassets/localizeddata/sounds/vo/mephistobase_vox_pulled09.ogg	852d47f6816082a3451b818ff82121cb	26339
mods/heroes.stormmod/enus.stormassets/localizeddata/sounds/vo/mephistobase_vox_pulled10.fxe	669c72965f08d01789d025d3389b64dc	1248
mods/heroes.stormmod/enus.stormassets/localizeddata/sounds/vo/mephistobase_vox_pulled10.ogg	6f73384a261a34479d49f4eef4ac2dcd	26582
mods/heroes.stormmod/enus.stormassets/localizeddata/sounds/vo/mephistobase_worthit00.fxe	8a090e8ccbb299aab19e465fb22df2e8	2941
mods/heroes.stormmod/enus.stormassets/localizeddata/sounds/vo/mephistobase_worthit00.ogg	e1aa2874367112a19f64759fd752a262	63652
mods/heroes.stormmod/enus.stormassets/localizeddata/sounds/vo/mephistobase_worthit01.fxe	6c10787a3ec57cabe511bf2ba2d56826	2413
mods/heroes.stormmod/enus.stormassets/localizeddata/sounds/vo/mephistobase_worthit01.ogg	526ad9fbe6a58f1f00bdb1fe180a8430	45428
mods/heroes.stormmod/enus.stormassets/localizeddata/sounds/vo/mephistobase_yes00.fxe	07e7db3b04532dc60d2e978b987a2b6e	1449
mods/heroes.stormmod/enus.stormassets/localizeddata/sounds/vo/mephistobase_yes00.ogg	aa59a8f4f880fadabfff85c00dd56035	28187
mods/heroes.stormmod/enus.stormassets/localizeddata/sounds/vo/mephistobase_yes01.fxe	27c6d5fa805bc8b0b954bf6a8d889ec7	1513
mods/heroes.stormmod/enus.stormassets/localizeddata/sounds/vo/mephistobase_yes01.ogg	04591299f8e8d16cfbf8dd582bad115c	29677
mods/heroes.stormmod/enus.stormassets/localizeddata/sounds/vo/mephistobase_yes02.fxe	4d91eac0a7e7237a7d3664feda5e63d5	1497
mods/heroes.stormmod/enus.stormassets/localizeddata/sounds/vo/mephistobase_yes02.ogg	91e61e15a79acd1acba22ec870090774	29199
mods/heroes.stormmod/enus.stormassets/localizeddata/sounds/vo/mephistobase_yes03.fxe	22bd8d450ac12792b82cf2cf33da6dae	1273
mods/heroes.stormmod/enus.stormassets/localizeddata/sounds/vo/mephistobase_yes03.ogg	f8a749a8b438fbcf3273cffd45c2f9f5	29473
mods/heroes.stormmod/enus.stormassets/localizeddata/sounds/vo/mephistobase_yes04.fxe	3bfbab76c454e301b7e8370b41333939	2105
mods/heroes.stormmod/enus.stormassets/localizeddata/sounds/vo/mephistobase_yes04.ogg	87188ff48f3eb2201962b31c1466b0dd	36349
mods/heroes.stormmod/enus.stormassets/localizeddata/sounds/vo/mephistobase_yes05.fxe	29ffa3776dd881657bc8ea62932a7a03	2233
mods/heroes.stormmod/enus.stormassets/localizeddata/sounds/vo/mephistobase_yes05.ogg	484167db3fca1aae96fe57cbeef9db2e	43621
mods/heroes.stormmod/enus.stormassets/localizeddata/sounds/vo/mephistobase_yes06.fxe	628d7ddad402da8b293e963af3af4166	1945
mods/heroes.stormmod/enus.stormassets/localizeddata/sounds/vo/mephistobase_yes06.ogg	8da502230a9b84846d15129c381f6496	36266
mods/heroes.stormmod/enus.stormassets/localizeddata/sounds/vo/mephistobase_yes07.fxe	8ad0938d192973299deaaf510fe71ece	2025
mods/heroes.stormmod/enus.stormassets/localizeddata/sounds/vo/mephistobase_yes07.ogg	11a53a0ff8e3ef665ad9ea3ffb270f46	43289
mods/heroes.stormmod/enus.stormassets/localizeddata/sounds/vo/mephistobase_yes08_00.fxe	db76cff1b9efc77c58cd4adae01533ac	828
mods/heroes.stormmod/enus.stormassets/localizeddata/sounds/vo/mephistobase_yes08_00.ogg	d77adc2ba61238eae072808e11793320	27124
mods/heroes.stormmod/enus.stormassets/localizeddata/sounds/vo/mephistobase_yes08_01.fxe	612b31cc4eb9071bd50e60dcedcc8e6a	860
mods/heroes.stormmod/enus.stormassets/localizeddata/sounds/vo/mephistobase_yes08_01.ogg	379d623bc612e8b6e18c9b5c5f4e32b7	26000
mods/heroes.stormmod/enus.stormassets/localizeddata/sounds/vo/mephistobase_yes08_02.fxe	9ca19ea7cf69023a817a65d5d86f69b1	860
mods/heroes.stormmod/enus.stormassets/localizeddata/sounds/vo/mephistobase_yes08_02.ogg	bce2512e19560c98d281f4c90e648756	23195
mods/heroes.stormmod/enus.stormassets/localizeddata/sounds/vo/mephistobase_yes08_03.fxe	9948089edd66956d6012b5a510b97ac1	860
mods/heroes.stormmod/enus.stormassets/localizeddata/sounds/vo/mephistobase_yes08_03.ogg	70e4593e4d2af529ca46f62cd2ec9b94	26877
mods/heroes.stormmod/enus.stormassets/localizeddata/sounds/vo/mephistobase_yes08_04.fxe	12ddb9881e9940855a11ca36269d1b55	908
mods/heroes.stormmod/enus.stormassets/localizeddata/sounds/vo/mephistobase_yes08_04.ogg	7205de9ad690fe216164317aea900f56	30119
mods/heroes.stormmod/enus.stormassets/localizeddata/sounds/vo/mephistobase_yes08_05.fxe	06b6d783af5bde05b87221cf53bd548e	828
mods/heroes.stormmod/enus.stormassets/localizeddata/sounds/vo/mephistobase_yes08_05.ogg	c7908158432438b22c93d73020863109	32808
mods/heroes.stormmod/enus.stormassets/localizeddata/sounds/vo/mephistospacelord_ai_attack00.ogg	c8a4ac4ebdc0dffbee175d9a088b9359	53932
mods/heroes.stormmod/enus.stormassets/localizeddata/sounds/vo/mephistospacelord_ai_attack01.ogg	a2132e5f1295fab6220f7be8559d7fe5	54235
mods/heroes.stormmod/enus.stormassets/localizeddata/sounds/vo/mephistospacelord_ai_attack02.ogg	d8a2f9c1610d9f12428b84b866981f58	65691
mods/heroes.stormmod/enus.stormassets/localizeddata/sounds/vo/mephistospacelord_ai_caution00.ogg	c9a567b54bfb7b987c0539d4dec5d434	57463
mods/heroes.stormmod/enus.stormassets/localizeddata/sounds/vo/mephistospacelord_ai_goodjob00.ogg	38997aa69ee830b37b9e896431a40f1f	42394
mods/heroes.stormmod/enus.stormassets/localizeddata/sounds/vo/mephistospacelord_ai_goodjob01.ogg	08075f5dbfeb38334f47d9b049d3a54c	33888
mods/heroes.stormmod/enus.stormassets/localizeddata/sounds/vo/mephistospacelord_ai_goodjob02.ogg	4537ed048a04f8b5f50dc5d014b832db	77895
mods/heroes.stormmod/enus.stormassets/localizeddata/sounds/vo/mephistospacelord_ai_heal00.ogg	8161b8355788c5f2c8f9ff5c6602c025	69777
mods/heroes.stormmod/enus.stormassets/localizeddata/sounds/vo/mephistospacelord_ai_heal01.ogg	c4c2cb208b97b96981ad658895434dfb	81605
mods/heroes.stormmod/enus.stormassets/localizeddata/sounds/vo/mephistospacelord_ai_onmyway00.ogg	0dc6a76577b085f5b089b27fd4a80a22	98801
mods/heroes.stormmod/enus.stormassets/localizeddata/sounds/vo/mephistospacelord_ai_onmyway01.ogg	87abd08d9a55e2a8cbb482da9ddbc035	70388
mods/heroes.stormmod/enus.stormassets/localizeddata/sounds/vo/mephistospacelord_ai_retreat00.ogg	5a40233b257ff93d763a4f5ec57a18d8	53261
mods/heroes.stormmod/enus.stormassets/localizeddata/sounds/vo/mephistospacelord_ai_retreat01.ogg	54465aa62f89d3bb110858bf7a066996	69789
mods/heroes.stormmod/enus.stormassets/localizeddata/sounds/vo/mephistospacelord_ai_uhoh00.ogg	365ec7f042760d848b1414b31202dd3c	34791
mods/heroes.stormmod/enus.stormassets/localizeddata/sounds/vo/mephistospacelord_ai_uhoh01.ogg	0388730e5761442c6be2dfce51e62d2a	64978
mods/heroes.stormmod/enus.stormassets/localizeddata/sounds/vo/mephistospacelord_ai_uhoh02.ogg	85f4028712440231fb25013836db114c	75132
mods/heroes.stormmod/enus.stormassets/localizeddata/sounds/vo/mephistospacelord_attack00.ogg	936262ca599704cbe67135b0215278a8	38060
mods/heroes.stormmod/enus.stormassets/localizeddata/sounds/vo/mephistospacelord_attack01.ogg	fdc7cb5012a00a2e58ff299af50dad12	47531
mods/heroes.stormmod/enus.stormassets/localizeddata/sounds/vo/mephistospacelord_attack02.ogg	2f565fc9da302cfa63820009d2b3da08	49262
mods/heroes.stormmod/enus.stormassets/localizeddata/sounds/vo/mephistospacelord_attack03.ogg	bd50785ff36e2add7e1d2911cdc17f4f	48506
mods/heroes.stormmod/enus.stormassets/localizeddata/sounds/vo/mephistospacelord_attack04.ogg	f9f62d4b8924f54c137347c2ac0559ec	55231
mods/heroes.stormmod/enus.stormassets/localizeddata/sounds/vo/mephistospacelord_attack05.ogg	b4fce7dd39b91774d3d980babe49df9b	54354
mods/heroes.stormmod/enus.stormassets/localizeddata/sounds/vo/mephistospacelord_attack06_00.ogg	422e26f3187adf259c9b5a9c8b02234f	42663
mods/heroes.stormmod/enus.stormassets/localizeddata/sounds/vo/mephistospacelord_attack06_01.ogg	93201a4f4f76111671b457f4e84a3181	46999
mods/heroes.stormmod/enus.stormassets/localizeddata/sounds/vo/mephistospacelord_attack06_05.ogg	8535d21fc6a1004b66de744dfe9ec6f4	34418
mods/heroes.stormmod/enus.stormassets/localizeddata/sounds/vo/mephistospacelord_attack06_07.ogg	fe501e031edf66f14bd46ca749a9980e	47260
mods/heroes.stormmod/enus.stormassets/localizeddata/sounds/vo/mephistospacelord_attack06_09.ogg	6b6fa715c227a3ff375541ad2f8ed0dc	47016
mods/heroes.stormmod/enus.stormassets/localizeddata/sounds/vo/mephistospacelord_celebrate00.ogg	172d6bf3f94917fe069fd43f4f44aeb6	95288
mods/heroes.stormmod/enus.stormassets/localizeddata/sounds/vo/mephistospacelord_celebrate01.ogg	8c7ab898f07865e8c3920ee7eeb00254	64553
mods/heroes.stormmod/enus.stormassets/localizeddata/sounds/vo/mephistospacelord_comeback00.ogg	b5dcc393d0b5897c5b3891d5c0e8878f	82915
mods/heroes.stormmod/enus.stormassets/localizeddata/sounds/vo/mephistospacelord_death00.wav	5888730012a185dc6d69098cfd6ed6ca	152636
mods/heroes.stormmod/enus.stormassets/localizeddata/sounds/vo/mephistospacelord_death01.wav	e32555f8e594386987f2759a1e3d697b	94780
mods/heroes.stormmod/enus.stormassets/localizeddata/sounds/vo/mephistospacelord_death010.wav	8dfc8e7e0ef2da19f25a0d985b6bb0a0	211004
mods/heroes.stormmod/enus.stormassets/localizeddata/sounds/vo/mephistospacelord_death011.wav	b84942abcd0d79c99a3b52b835a1823b	231996
mods/heroes.stormmod/enus.stormassets/localizeddata/sounds/vo/mephistospacelord_death012.wav	5083162ade0c94848be549a812379f0b	261180
mods/heroes.stormmod/enus.stormassets/localizeddata/sounds/vo/mephistospacelord_death013.wav	3471c9ef7c08ae9f9aa978bee04ef17f	264252
mods/heroes.stormmod/enus.stormassets/localizeddata/sounds/vo/mephistospacelord_death014.wav	c0c994d8327fb178c29f1a2f424952df	261692
mods/heroes.stormmod/enus.stormassets/localizeddata/sounds/vo/mephistospacelord_death015.wav	0e5b825bef2a89b95b085558bbc58a90	220220
mods/heroes.stormmod/enus.stormassets/localizeddata/sounds/vo/mephistospacelord_death016.wav	4c22a32bf576e28fca2ae36fe93d8122	255548
mods/heroes.stormmod/enus.stormassets/localizeddata/sounds/vo/mephistospacelord_death017.wav	c5e8dd668ff2f6fd4286037362cc8c25	283196
mods/heroes.stormmod/enus.stormassets/localizeddata/sounds/vo/mephistospacelord_death02.wav	93e7a8dbd32cb911a2bf3fe48facee33	177212
mods/heroes.stormmod/enus.stormassets/localizeddata/sounds/vo/mephistospacelord_death03.wav	21fae7262e6cc2b5c0f643f31194120c	148540
mods/heroes.stormmod/enus.stormassets/localizeddata/sounds/vo/mephistospacelord_death04.wav	4966df3a5f44e635f8a9235ef76dedee	156220
mods/heroes.stormmod/enus.stormassets/localizeddata/sounds/vo/mephistospacelord_death05.wav	e7253235d8c478c2dea1f74eaa4ee94f	157244
mods/heroes.stormmod/enus.stormassets/localizeddata/sounds/vo/mephistospacelord_death06.wav	c5173b2509a892b3afc401c662d0fa77	121404
mods/heroes.stormmod/enus.stormassets/localizeddata/sounds/vo/mephistospacelord_death07.wav	6dc54ce532bfd75445aa8afa2509b6ad	192572
mods/heroes.stormmod/enus.stormassets/localizeddata/sounds/vo/mephistospacelord_death08.wav	603e4e574df928ff88bf73d9818ef8a2	173628
mods/heroes.stormmod/enus.stormassets/localizeddata/sounds/vo/mephistospacelord_death09.wav	2553557575082e0f6372f79d53f96eb8	246332
mods/heroes.stormmod/enus.stormassets/localizeddata/sounds/vo/mephistospacelord_empire00.ogg	f45d38a6585310c3ba65e061a27f0519	69591
mods/heroes.stormmod/enus.stormassets/localizeddata/sounds/vo/mephistospacelord_healed00.ogg	3ce86d0e68c9caa18e274e5927f4e8a7	39504
mods/heroes.stormmod/enus.stormassets/localizeddata/sounds/vo/mephistospacelord_healed01.ogg	502c3811af044e27dc54993a31861f12	89328
mods/heroes.stormmod/enus.stormassets/localizeddata/sounds/vo/mephistospacelord_healed02.ogg	06c2db31d78578b7535f5704ffe7a0ee	41903
mods/heroes.stormmod/enus.stormassets/localizeddata/sounds/vo/mephistospacelord_introagree00.ogg	96334bf128e9f061c2700a05e60f5c2f	61720
mods/heroes.stormmod/enus.stormassets/localizeddata/sounds/vo/mephistospacelord_introagree01.ogg	94463443d6f1b9ff5b85d95ea3f240c6	63345
mods/heroes.stormmod/enus.stormassets/localizeddata/sounds/vo/mephistospacelord_introagree02.ogg	26a63f9779bb14b58d03a6c983038bee	67970
mods/heroes.stormmod/enus.stormassets/localizeddata/sounds/vo/mephistospacelord_introboast00.ogg	684f33d61eac2d3e06540e2ede573866	117712
mods/heroes.stormmod/enus.stormassets/localizeddata/sounds/vo/mephistospacelord_introboast01.ogg	023446bd6e94607153c6216fd07de5fb	105153
mods/heroes.stormmod/enus.stormassets/localizeddata/sounds/vo/mephistospacelord_introquestion00.ogg	e140110d169a676f157db89924669c53	74846
mods/heroes.stormmod/enus.stormassets/localizeddata/sounds/vo/mephistospacelord_introquestion01.ogg	61914f239c44ff436eec5bbd2f5655d6	90163
mods/heroes.stormmod/enus.stormassets/localizeddata/sounds/vo/mephistospacelord_introquestion_abathur00.ogg	13e6d8889469ff40259e3cc27dce4a6b	112865
mods/heroes.stormmod/enus.stormassets/localizeddata/sounds/vo/mephistospacelord_introquestion_alarak00.ogg	53a3f4851207d4a47affab7f93f1e74a	151765
mods/heroes.stormmod/enus.stormassets/localizeddata/sounds/vo/mephistospacelord_introquestion_alexstrasza00.ogg	4cb0b3e08c0bc9611bf742a172858962	151247
mods/heroes.stormmod/enus.stormassets/localizeddata/sounds/vo/mephistospacelord_introquestion_archangelally00.ogg	479553872b0600e24984a9b3fc042893	99252
mods/heroes.stormmod/enus.stormassets/localizeddata/sounds/vo/mephistospacelord_introquestion_archangeldiablo00.ogg	a0639d59bde3bfcf6a88720b7c6dcf5e	95894
mods/heroes.stormmod/enus.stormassets/localizeddata/sounds/vo/mephistospacelord_introquestion_auriel00.ogg	7f1c1bbdc1beb18e75dc656200fc96be	126889
mods/heroes.stormmod/enus.stormassets/localizeddata/sounds/vo/mephistospacelord_introquestion_azmodan00.ogg	a4668a6e45c183639a5037f57765ae79	115483
mods/heroes.stormmod/enus.stormassets/localizeddata/sounds/vo/mephistospacelord_introquestion_crusader00.ogg	5f76c76e92c520ad0973324eb9504b97	142731
mods/heroes.stormmod/enus.stormassets/localizeddata/sounds/vo/mephistospacelord_introquestion_d2hero00.ogg	eb601dc2600883789ac8a599f19308cd	126715
mods/heroes.stormmod/enus.stormassets/localizeddata/sounds/vo/mephistospacelord_introquestion_deckard00.ogg	f66ff6b3dbab8fd1af16d2e1df85e58a	149472
mods/heroes.stormmod/enus.stormassets/localizeddata/sounds/vo/mephistospacelord_introquestion_demon00.ogg	2209a48c85910ba260cb3efdc38bd026	105612
mods/heroes.stormmod/enus.stormassets/localizeddata/sounds/vo/mephistospacelord_introquestion_demonicangel00.ogg	88b81056a0ef0622abcf0e11c55f6b57	93876
mods/heroes.stormmod/enus.stormassets/localizeddata/sounds/vo/mephistospacelord_introquestion_demonicauriel00.ogg	182b024f8ec72f0745311cb75aa600b4	158349
mods/heroes.stormmod/enus.stormassets/localizeddata/sounds/vo/mephistospacelord_introquestion_demonicimperius00.ogg	4000255f456d403f1ddc422e8dadc6d1	66656
mods/heroes.stormmod/enus.stormassets/localizeddata/sounds/vo/mephistospacelord_introquestion_demonictyrael00.ogg	0736c8d3005d23bc12545b8e1287c4d5	137372
mods/heroes.stormmod/enus.stormassets/localizeddata/sounds/vo/mephistospacelord_introquestion_diablo00.ogg	239d57e97c700382ca118c4e6764d227	122274
mods/heroes.stormmod/enus.stormassets/localizeddata/sounds/vo/mephistospacelord_introquestion_evil00.ogg	1f91d2d7d7e06000a26395ce50a590a4	102983
mods/heroes.stormmod/enus.stormassets/localizeddata/sounds/vo/mephistospacelord_introquestion_evil01.ogg	33d9e5e377a7909da7cb1e416a0d230e	78880
mods/heroes.stormmod/enus.stormassets/localizeddata/sounds/vo/mephistospacelord_introquestion_evil02.ogg	2d9e4ae19b266b60b9d9fe950630b961	83389
mods/heroes.stormmod/enus.stormassets/localizeddata/sounds/vo/mephistospacelord_introquestion_garrosh00.ogg	197e22d35c5bf1f9be2a4dea5b05a247	144806
mods/heroes.stormmod/enus.stormassets/localizeddata/sounds/vo/mephistospacelord_introquestion_good00.ogg	8eff3fa4649a3a9ab5e55d4e9ab1b7ef	65440
mods/heroes.stormmod/enus.stormassets/localizeddata/sounds/vo/mephistospacelord_introquestion_good01.ogg	ced8b60d4e9336c5ca983234762b7c70	117098
mods/heroes.stormmod/enus.stormassets/localizeddata/sounds/vo/mephistospacelord_introquestion_good02.ogg	47720f9429635e1f414d7cebffb2b129	101605
mods/heroes.stormmod/enus.stormassets/localizeddata/sounds/vo/mephistospacelord_introquestion_imperius00.ogg	9156a5333818859d5c728d00deac88d4	141706
mods/heroes.stormmod/enus.stormassets/localizeddata/sounds/vo/mephistospacelord_introquestion_malthael00.ogg	8c157e197906ed86e463c517c6ecad1c	98085
mods/heroes.stormmod/enus.stormassets/localizeddata/sounds/vo/mephistospacelord_introquestion_murky00.ogg	b8cc9e2cb9ac0d16b92fd2caf88672c2	149798
mods/heroes.stormmod/enus.stormassets/localizeddata/sounds/vo/mephistospacelord_introquestion_negative00.ogg	9d35474781a5c5c43deb2853ff80464e	87203
mods/heroes.stormmod/enus.stormassets/localizeddata/sounds/vo/mephistospacelord_introquestion_nephalem00.ogg	f4791ddf2d6e1a8779db30b8c3f2ff7d	132766
mods/heroes.stormmod/enus.stormassets/localizeddata/sounds/vo/mephistospacelord_introquestion_orc00.ogg	fc3ca6c66da7298f35550fff2e131de5	128196
mods/heroes.stormmod/enus.stormassets/localizeddata/sounds/vo/mephistospacelord_introquestion_orphea00.ogg	ebe8eaa5c4e7f74383596fe0974f2856	110196
mods/heroes.stormmod/enus.stormassets/localizeddata/sounds/vo/mephistospacelord_introquestion_positive00.ogg	aa73e3d038e7f38bd951389aebdfe2f3	100531
mods/heroes.stormmod/enus.stormassets/localizeddata/sounds/vo/mephistospacelord_introquestion_protoss00.ogg	819f7ec965b9ec3efa8f82c7aac14440	124797
mods/heroes.stormmod/enus.stormassets/localizeddata/sounds/vo/mephistospacelord_introquestion_tyrael00.ogg	f1cd20ef5d87564d19c2c084067397dd	93056
mods/heroes.stormmod/enus.stormassets/localizeddata/sounds/vo/mephistospacelord_introquestion_whitemane00.ogg	1271cb6705063157c17ddbdd5d78f6a3	80463
mods/heroes.stormmod/enus.stormassets/localizeddata/sounds/vo/mephistospacelord_introrespond00.ogg	b6299edf07d3d979e0c685af37177e7a	69100
mods/heroes.stormmod/enus.stormassets/localizeddata/sounds/vo/mephistospacelord_introrespond01.ogg	85959b3eec2cb45504c4e0fde04c2b27	71168
mods/heroes.stormmod/enus.stormassets/localizeddata/sounds/vo/mephistospacelord_introrespond02.ogg	923ab0bb7d9c634e49e8112d548a12ab	125666
mods/heroes.stormmod/enus.stormassets/localizeddata/sounds/vo/mephistospacelord_introresponse_abathur00.ogg	8b1b66423c8e4ab58fba4bf121b017b1	111669
mods/heroes.stormmod/enus.stormassets/localizeddata/sounds/vo/mephistospacelord_introresponse_alarak00.ogg	3ceb0b7c3e6d11f85bc16b8e62c1a942	163416
mods/heroes.stormmod/enus.stormassets/localizeddata/sounds/vo/mephistospacelord_introresponse_alexstrasza00.ogg	333274f88358b1eb50cc84421387abd2	114756
mods/heroes.stormmod/enus.stormassets/localizeddata/sounds/vo/mephistospacelord_introresponse_angry00.ogg	c34d17258b9b3f952e602768e5547248	98359
mods/heroes.stormmod/enus.stormassets/localizeddata/sounds/vo/mephistospacelord_introresponse_archangelally00.ogg	425620649ed19a06176f6160932e438a	99662
mods/heroes.stormmod/enus.stormassets/localizeddata/sounds/vo/mephistospacelord_introresponse_archangeldiablo00.ogg	9c8c2ac97ef74e0f19d66c171512d426	93953
mods/heroes.stormmod/enus.stormassets/localizeddata/sounds/vo/mephistospacelord_introresponse_auriel00.ogg	b6075a11e79d9f687c830965d69ad57f	102245
mods/heroes.stormmod/enus.stormassets/localizeddata/sounds/vo/mephistospacelord_introresponse_azmodan00.ogg	b8036e41014e8898160970bcc59ebbf2	106698
mods/heroes.stormmod/enus.stormassets/localizeddata/sounds/vo/mephistospacelord_introresponse_confused00.ogg	5791e0d032dd901cfecccf61f7d67e33	39401
mods/heroes.stormmod/enus.stormassets/localizeddata/sounds/vo/mephistospacelord_introresponse_crusader00.ogg	46c8d5538eeefc6a5f5adde33840f403	86335
mods/heroes.stormmod/enus.stormassets/localizeddata/sounds/vo/mephistospacelord_introresponse_d2hero00.ogg	dad890661dc031178a5aa99e044630f6	110659
mods/heroes.stormmod/enus.stormassets/localizeddata/sounds/vo/mephistospacelord_introresponse_deckard00.ogg	be6a0c342592b828b816f7b50d9d012d	53574
mods/heroes.stormmod/enus.stormassets/localizeddata/sounds/vo/mephistospacelord_introresponse_dehaka00.ogg	b4c07b813b5cabd421b4c70e0b160e09	172784
mods/heroes.stormmod/enus.stormassets/localizeddata/sounds/vo/mephistospacelord_introresponse_demon00.ogg	b46df25c7f67663106d6b40cc81c00e1	62839
mods/heroes.stormmod/enus.stormassets/localizeddata/sounds/vo/mephistospacelord_introresponse_demonicangel00.ogg	afcfadd3d99ac80f6b599dd323fce519	108468
mods/heroes.stormmod/enus.stormassets/localizeddata/sounds/vo/mephistospacelord_introresponse_demonicauriel00.ogg	a863a4d207a09692e035347464175e5b	88457
mods/heroes.stormmod/enus.stormassets/localizeddata/sounds/vo/mephistospacelord_introresponse_demonicimperius00.ogg	a51637511f92b8a445ceddea916acc5c	94441
mods/heroes.stormmod/enus.stormassets/localizeddata/sounds/vo/mephistospacelord_introresponse_demonictyrael00.ogg	2e2ecfa5f7f34d3aa233a2656f30c8fd	76611
mods/heroes.stormmod/enus.stormassets/localizeddata/sounds/vo/mephistospacelord_introresponse_diablo00.ogg	42f31e7d8fc61ca2a830b75c16374db1	101192
mods/heroes.stormmod/enus.stormassets/localizeddata/sounds/vo/mephistospacelord_introresponse_diabloprime00.ogg	ab629e2a9dabf278e28e149562db3ce0	102977
mods/heroes.stormmod/enus.stormassets/localizeddata/sounds/vo/mephistospacelord_introresponse_dismiss00.ogg	8d87c3d45ab28c06a2c2f64fde8768dc	29626
mods/heroes.stormmod/enus.stormassets/localizeddata/sounds/vo/mephistospacelord_introresponse_evil00.ogg	54781682355ae57ca42d537d282bb8d8	131899
mods/heroes.stormmod/enus.stormassets/localizeddata/sounds/vo/mephistospacelord_introresponse_evil01.ogg	4661cfb807b0bc3007aa046b3a1a0567	92261
mods/heroes.stormmod/enus.stormassets/localizeddata/sounds/vo/mephistospacelord_introresponse_evil02.ogg	a01d37aa60291e35d9a180e947806290	86226
mods/heroes.stormmod/enus.stormassets/localizeddata/sounds/vo/mephistospacelord_introresponse_excited00.ogg	ea801af317283c9ff473d5eb34de04e1	96494
mods/heroes.stormmod/enus.stormassets/localizeddata/sounds/vo/mephistospacelord_introresponse_good00.ogg	2b221598d3311a37756fbebbeb3980eb	102453
mods/heroes.stormmod/enus.stormassets/localizeddata/sounds/vo/mephistospacelord_introresponse_good01.ogg	ae974113273f731251877cb7a707e8dc	80649
mods/heroes.stormmod/enus.stormassets/localizeddata/sounds/vo/mephistospacelord_introresponse_good02.ogg	76d68360b5e18afb37e51f9f3d05459a	75388
mods/heroes.stormmod/enus.stormassets/localizeddata/sounds/vo/mephistospacelord_introresponse_hate00.ogg	fbc8becafd5828e403429fbf314281d5	108470
mods/heroes.stormmod/enus.stormassets/localizeddata/sounds/vo/mephistospacelord_introresponse_illidan00.ogg	cc4ba4274635e7786aeaa8b0703343b4	84575
mods/heroes.stormmod/enus.stormassets/localizeddata/sounds/vo/mephistospacelord_introresponse_imperius00.ogg	be75d48d77caa3200f68f24de90c5815	61528
mods/heroes.stormmod/enus.stormassets/localizeddata/sounds/vo/mephistospacelord_introresponse_malthael00.ogg	0a3d2eab8adc3d402c80ede7c8a156be	70459
mods/heroes.stormmod/enus.stormassets/localizeddata/sounds/vo/mephistospacelord_introresponse_murky00.ogg	1b0b03e069ccd5cf7aab3ca3a52004a9	145089
mods/heroes.stormmod/enus.stormassets/localizeddata/sounds/vo/mephistospacelord_introresponse_negative00.ogg	7c518431eb890fa00c41552b1aff53e0	95700
mods/heroes.stormmod/enus.stormassets/localizeddata/sounds/vo/mephistospacelord_introresponse_nephalem00.ogg	3d1d8c207e02b43c76059170ea8e6cd0	116766
mods/heroes.stormmod/enus.stormassets/localizeddata/sounds/vo/mephistospacelord_introresponse_no00.ogg	d29f0047e13e35ea93a924ea7a06461d	58667
mods/heroes.stormmod/enus.stormassets/localizeddata/sounds/vo/mephistospacelord_introresponse_orc00.ogg	d7b2d7c802d50efa164a89f39c1a698a	111107
mods/heroes.stormmod/enus.stormassets/localizeddata/sounds/vo/mephistospacelord_introresponse_orphea00.ogg	9851949a3fa8d9f03422e8001040cd30	151454
mods/heroes.stormmod/enus.stormassets/localizeddata/sounds/vo/mephistospacelord_introresponse_positive00.ogg	bd733c8a20784ff24728b8a631ca58c4	116060
mods/heroes.stormmod/enus.stormassets/localizeddata/sounds/vo/mephistospacelord_introresponse_protoss00.ogg	944d94b116f4ea9e23c5e9c2cd258473	124083
mods/heroes.stormmod/enus.stormassets/localizeddata/sounds/vo/mephistospacelord_introresponse_tyrael00.ogg	0443b337513356416b3e7bd83195e619	134052
mods/heroes.stormmod/enus.stormassets/localizeddata/sounds/vo/mephistospacelord_introresponse_whitemane00.ogg	6656d43538f5982418d1daea2b593466	74067
mods/heroes.stormmod/enus.stormassets/localizeddata/sounds/vo/mephistospacelord_kill00.ogg	942aef9857cd127cadeeaac5a0c0deae	58590
mods/heroes.stormmod/enus.stormassets/localizeddata/sounds/vo/mephistospacelord_kill01.ogg	d68efbc839428585c54fd7d465a0699d	38546
mods/heroes.stormmod/enus.stormassets/localizeddata/sounds/vo/mephistospacelord_kill02.ogg	dcc80881eb5b74333977894ad0c5ecc5	64311
mods/heroes.stormmod/enus.stormassets/localizeddata/sounds/vo/mephistospacelord_kill03.ogg	090db8252a39e6e922e96a92f79eae1b	77126
mods/heroes.stormmod/enus.stormassets/localizeddata/sounds/vo/mephistospacelord_kill04.ogg	83b3c9ef13022a4047377a29e152ef5e	54626
mods/heroes.stormmod/enus.stormassets/localizeddata/sounds/vo/mephistospacelord_killauriel00.ogg	adf22b8408d766c037b0e14b139752af	35948
mods/heroes.stormmod/enus.stormassets/localizeddata/sounds/vo/mephistospacelord_killbutcher00.ogg	fae90c5d0f94c05039e2a1aa27b94660	42378
mods/heroes.stormmod/enus.stormassets/localizeddata/sounds/vo/mephistospacelord_killd2hero00.ogg	99e0533b46d3019b90846759ee337a3e	122989
mods/heroes.stormmod/enus.stormassets/localizeddata/sounds/vo/mephistospacelord_killd3demon00.ogg	ffc08d38575fac777f25c73b94494298	49253
mods/heroes.stormmod/enus.stormassets/localizeddata/sounds/vo/mephistospacelord_killdeckard00.ogg	c68263a32282c862bf470256ed2b2718	76197
mods/heroes.stormmod/enus.stormassets/localizeddata/sounds/vo/mephistospacelord_killdiablo00.ogg	946862dc7b5582a3264121d963808c20	75218
mods/heroes.stormmod/enus.stormassets/localizeddata/sounds/vo/mephistospacelord_killillidan00.ogg	2f4e7376343bba5f2eb71b42f5a1ff52	70415
mods/heroes.stormmod/enus.stormassets/localizeddata/sounds/vo/mephistospacelord_killimperius00.ogg	9e96de73fc2498eafd30a1b13a2bde49	110963
mods/heroes.stormmod/enus.stormassets/localizeddata/sounds/vo/mephistospacelord_killlesser00.ogg	26a0d4c0d0ba5042ab18658d8bfd9750	71663
mods/heroes.stormmod/enus.stormassets/localizeddata/sounds/vo/mephistospacelord_killmalthael00.ogg	7e4455c1a1da05c2d8bee0204938f134	78406
mods/heroes.stormmod/enus.stormassets/localizeddata/sounds/vo/mephistospacelord_killmephisto00.ogg	af0ed8971d6355fcd1dc5c4a4754401e	76775
mods/heroes.stormmod/enus.stormassets/localizeddata/sounds/vo/mephistospacelord_killmephisto01.ogg	ed8f1eb710af299b63373d773a520ff5	72501
mods/heroes.stormmod/enus.stormassets/localizeddata/sounds/vo/mephistospacelord_killnephalem00.ogg	2348a56e426e69da61dd78a4b79ef4fa	91836
mods/heroes.stormmod/enus.stormassets/localizeddata/sounds/vo/mephistospacelord_killspreeend00.ogg	dd92ad1033b1ac6d219cfd882602f02e	91488
mods/heroes.stormmod/enus.stormassets/localizeddata/sounds/vo/mephistospacelord_killtyrael00.ogg	e03fbb6a9955af1d581866ea54ad454e	63335
mods/heroes.stormmod/enus.stormassets/localizeddata/sounds/vo/mephistospacelord_killvalla00.ogg	c0401806d5cfddefb45e3ebbf3cf36a6	109706
mods/heroes.stormmod/enus.stormassets/localizeddata/sounds/vo/mephistospacelord_killwowdemon00.ogg	febe4b565a551504fa25f19150159153	64573
mods/heroes.stormmod/enus.stormassets/localizeddata/sounds/vo/mephistospacelord_laugh00_01.ogg	45ca27f33909364efaaaac22c4499055	48507
mods/heroes.stormmod/enus.stormassets/localizeddata/sounds/vo/mephistospacelord_laugh00_02.ogg	891838b8fb36d65a2d3376b21754d404	71001
mods/heroes.stormmod/enus.stormassets/localizeddata/sounds/vo/mephistospacelord_laugh00_03.ogg	e6d2935ebbb5bf5e28e62f5b943cccf5	62408
mods/heroes.stormmod/enus.stormassets/localizeddata/sounds/vo/mephistospacelord_laugh00_04.ogg	1a160d8341f681838ce2855b6bfa9b0b	28950
mods/heroes.stormmod/enus.stormassets/localizeddata/sounds/vo/mephistospacelord_laugh00_05.ogg	b378a13864c42a2fe4dbdf2a44d9bd8c	32905
mods/heroes.stormmod/enus.stormassets/localizeddata/sounds/vo/mephistospacelord_laugh00_06.ogg	8a902af02dfabd95144a6dd21458045a	32498
mods/heroes.stormmod/enus.stormassets/localizeddata/sounds/vo/mephistospacelord_laugh00_07.ogg	e44ebb0aecaa66b7aa687d4049f68c8d	35211
mods/heroes.stormmod/enus.stormassets/localizeddata/sounds/vo/mephistospacelord_laugh01_00.ogg	9e061edb9b65594731371b444b3efff7	36274
mods/heroes.stormmod/enus.stormassets/localizeddata/sounds/vo/mephistospacelord_laugh01_01.ogg	a88cb6bd23f18ee432701b4b0d96e32c	44856
mods/heroes.stormmod/enus.stormassets/localizeddata/sounds/vo/mephistospacelord_laugh01_02.ogg	549b04efb5763e1bf5bee708b42d883a	40734
mods/heroes.stormmod/enus.stormassets/localizeddata/sounds/vo/mephistospacelord_laugh01_03.ogg	44b1035e7deff57df32996dd44676bb5	51443
mods/heroes.stormmod/enus.stormassets/localizeddata/sounds/vo/mephistospacelord_laugh01_04.ogg	c4bf3b0ea5be5205a24ae2fbba661b56	44298
mods/heroes.stormmod/enus.stormassets/localizeddata/sounds/vo/mephistospacelord_laugh01_05.ogg	34c907a950bf9781600ca9615112e98a	38245
mods/heroes.stormmod/enus.stormassets/localizeddata/sounds/vo/mephistospacelord_laugh01_06.ogg	f4ad5b07cd8d1de185148744446f449b	49744
mods/heroes.stormmod/enus.stormassets/localizeddata/sounds/vo/mephistospacelord_laugh01_07.ogg	4fbb8eb0623d5e54ad9a43e90ac9f1ba	51163
mods/heroes.stormmod/enus.stormassets/localizeddata/sounds/vo/mephistospacelord_laugh01_08.ogg	02de9a6cc8bc5488b8e2a15bfeec8225	41506
mods/heroes.stormmod/enus.stormassets/localizeddata/sounds/vo/mephistospacelord_laugh02_00.ogg	7d6687793144df1f0037f329e4d2d1b1	61880
mods/heroes.stormmod/enus.stormassets/localizeddata/sounds/vo/mephistospacelord_laugh02_01.ogg	297cc10914f38b6cef5ed8993e69f720	52278
mods/heroes.stormmod/enus.stormassets/localizeddata/sounds/vo/mephistospacelord_laugh02_02.ogg	bdc404fd185403d2c8a33295e316e5db	66565
mods/heroes.stormmod/enus.stormassets/localizeddata/sounds/vo/mephistospacelord_laugh02_03.ogg	05138cad6b631cb04af76aaa9dadb432	50821
mods/heroes.stormmod/enus.stormassets/localizeddata/sounds/vo/mephistospacelord_laugh02_04.ogg	ee6c49b5a81f1fe99f36e2569de290fb	61017
mods/heroes.stormmod/enus.stormassets/localizeddata/sounds/vo/mephistospacelord_laugh03_00.ogg	20cb3b392ab84da286b0074f50176dab	30530
mods/heroes.stormmod/enus.stormassets/localizeddata/sounds/vo/mephistospacelord_laugh03_01.ogg	7866eda3bf9c24124aaf5705e81c4711	32791
mods/heroes.stormmod/enus.stormassets/localizeddata/sounds/vo/mephistospacelord_laugh03_02.ogg	b24b3751fd9b7c41b64e0ebadea42fe6	31024
mods/heroes.stormmod/enus.stormassets/localizeddata/sounds/vo/mephistospacelord_laugh03_03.ogg	9e59937e1f7fea87ff574a375157c0d3	30286
mods/heroes.stormmod/enus.stormassets/localizeddata/sounds/vo/mephistospacelord_laugh03_04.ogg	b294422ce1e7815aac1e8b3fa9c50969	29107
mods/heroes.stormmod/enus.stormassets/localizeddata/sounds/vo/mephistospacelord_laugh03_05.ogg	ebd3d91876ad15564270d3f9c7294823	26791
mods/heroes.stormmod/enus.stormassets/localizeddata/sounds/vo/mephistospacelord_laugh03_06.ogg	fce31724b675c76e11656c796e5d406f	28279
mods/heroes.stormmod/enus.stormassets/localizeddata/sounds/vo/mephistospacelord_laugh03_07.ogg	9d5abd91d80f2eae03d7928e460780b9	28543
mods/heroes.stormmod/enus.stormassets/localizeddata/sounds/vo/mephistospacelord_laugh03_08.ogg	35bf36828da7efd2e8c3f4ce31d9265a	26249
mods/heroes.stormmod/enus.stormassets/localizeddata/sounds/vo/mephistospacelord_lowlifeheal00.ogg	648ee0bb45191a9cb879ca361e249d3e	72520
mods/heroes.stormmod/enus.stormassets/localizeddata/sounds/vo/mephistospacelord_lowlifeheal01.ogg	126b4a0b098969accc0985299fe2dd7d	64152
mods/heroes.stormmod/enus.stormassets/localizeddata/sounds/vo/mephistospacelord_lowlifeheal02.ogg	ed6069a77b5079408fb5e75789d586f1	46565
mods/heroes.stormmod/enus.stormassets/localizeddata/sounds/vo/mephistospacelord_lowmana00.ogg	bdeb3020f2de3c472c58c2d8278651ce	33604
mods/heroes.stormmod/enus.stormassets/localizeddata/sounds/vo/mephistospacelord_lowmana01.ogg	e6cffdcc55dc51da478dbf35d30735bd	41994
mods/heroes.stormmod/enus.stormassets/localizeddata/sounds/vo/mephistospacelord_lowmana02.ogg	3656dc9717a6d0cf5a534c6f2ef55f3f	49948
mods/heroes.stormmod/enus.stormassets/localizeddata/sounds/vo/mephistospacelord_matchend01.ogg	0b1c5a52117143e1eb43612dca1a91bb	62681
mods/heroes.stormmod/enus.stormassets/localizeddata/sounds/vo/mephistospacelord_matchend02.ogg	5c23b2a0bb09d0505bbb4ac1c873d9f9	66391
mods/heroes.stormmod/enus.stormassets/localizeddata/sounds/vo/mephistospacelord_no00.ogg	5fc0b0e239ee93e66c57c85612413879	31435
mods/heroes.stormmod/enus.stormassets/localizeddata/sounds/vo/mephistospacelord_no01.ogg	ca8fdcc36c18193e3df5290362379006	38076
mods/heroes.stormmod/enus.stormassets/localizeddata/sounds/vo/mephistospacelord_no02.ogg	7953699daac44e4357993d7a0c1cba08	45512
mods/heroes.stormmod/enus.stormassets/localizeddata/sounds/vo/mephistospacelord_nothappy00.ogg	06be30abc5c7b7259d075ed9e1690e2e	39917
mods/heroes.stormmod/enus.stormassets/localizeddata/sounds/vo/mephistospacelord_ping_assisthero00.ogg	eebdc3b90a24fb2b660a0a2665394402	96148
mods/heroes.stormmod/enus.stormassets/localizeddata/sounds/vo/mephistospacelord_ping_assistme00.ogg	46b0679ca5d6ac8f61d5d2989c321b75	49129
mods/heroes.stormmod/enus.stormassets/localizeddata/sounds/vo/mephistospacelord_ping_assistme01.ogg	e270c2ee1ced16108081e0d194e8acf4	39560
mods/heroes.stormmod/enus.stormassets/localizeddata/sounds/vo/mephistospacelord_ping_attackcastle00.ogg	4f4d6d828c5b51ec2f6c7ba1b5391ba6	51114
mods/heroes.stormmod/enus.stormassets/localizeddata/sounds/vo/mephistospacelord_ping_attackmerc00.ogg	9a3beaa98114a423d2b783e55045e4a2	57746
mods/heroes.stormmod/enus.stormassets/localizeddata/sounds/vo/mephistospacelord_ping_attackoutpost00.ogg	15cbe99a43da7f118a55d8cd6c7c18c5	36245
mods/heroes.stormmod/enus.stormassets/localizeddata/sounds/vo/mephistospacelord_ping_attacktower00.ogg	789d51bc8371d9d2726f9bc17622eb90	56260
mods/heroes.stormmod/enus.stormassets/localizeddata/sounds/vo/mephistospacelord_ping_danger00.ogg	41703b02c6b43deddc9440511b9ddec1	36155
mods/heroes.stormmod/enus.stormassets/localizeddata/sounds/vo/mephistospacelord_ping_danger01.ogg	3f0c4ba0a9caa4bf8bf1275f58f96c34	35309
mods/heroes.stormmod/enus.stormassets/localizeddata/sounds/vo/mephistospacelord_ping_defend00.ogg	d1a0b6a0792257aec7b346e863157f83	32981
mods/heroes.stormmod/enus.stormassets/localizeddata/sounds/vo/mephistospacelord_ping_defendcastle00.ogg	e5b38f23163259a6e5e692be25adfc08	39891
mods/heroes.stormmod/enus.stormassets/localizeddata/sounds/vo/mephistospacelord_ping_defendoutpost00.ogg	03ca7dafafb732977c3663862fe3d1ea	50240
mods/heroes.stormmod/enus.stormassets/localizeddata/sounds/vo/mephistospacelord_ping_defendthing00.ogg	5a4b7e76402014d0fad04873400a9a5a	74896
mods/heroes.stormmod/enus.stormassets/localizeddata/sounds/vo/mephistospacelord_ping_defendthing01.ogg	5146c600bc22e6b8744beccf7c5acc6a	77931
mods/heroes.stormmod/enus.stormassets/localizeddata/sounds/vo/mephistospacelord_ping_defendtower00.ogg	e7505c7dce68b74f58848266675ceb9d	71362
mods/heroes.stormmod/enus.stormassets/localizeddata/sounds/vo/mephistospacelord_ping_enemymissing00.ogg	21a5be874f59bdedc1b65d422189ad32	88352
mods/heroes.stormmod/enus.stormassets/localizeddata/sounds/vo/mephistospacelord_ping_enemymissing01.ogg	6bd42a748911bd648341f993b222045a	71862
mods/heroes.stormmod/enus.stormassets/localizeddata/sounds/vo/mephistospacelord_ping_killhero00.ogg	46b3332993203ca9075b119c8ae0f13b	68995
mods/heroes.stormmod/enus.stormassets/localizeddata/sounds/vo/mephistospacelord_ping_onmyway00.ogg	4daaeb1d5aa4ad1aeab90826ab9c756f	57462
mods/heroes.stormmod/enus.stormassets/localizeddata/sounds/vo/mephistospacelord_ping_onmyway01.ogg	ff472552100321b8e0b687d21875bb79	65233
mods/heroes.stormmod/enus.stormassets/localizeddata/sounds/vo/mephistospacelord_ping_retreat00.ogg	cc82dc2fceadbff120286d4b5797d5d1	33185
mods/heroes.stormmod/enus.stormassets/localizeddata/sounds/vo/mephistospacelord_ping_retreat01.ogg	7337f60c66ba3a7e0c1e6691ddcd435c	35250
mods/heroes.stormmod/enus.stormassets/localizeddata/sounds/vo/mephistospacelord_pissed00.ogg	f9c9d99921e73af334196c5ae99e3db5	83578
mods/heroes.stormmod/enus.stormassets/localizeddata/sounds/vo/mephistospacelord_pissed01.ogg	355f6d8c6093c31a7908e6d323eec27e	64679
mods/heroes.stormmod/enus.stormassets/localizeddata/sounds/vo/mephistospacelord_pissed02_alt.ogg	94b01ee6ce7ff14ac027c3813094f504	130691
mods/heroes.stormmod/enus.stormassets/localizeddata/sounds/vo/mephistospacelord_pissed03.ogg	75485c66fd1c5a2fc5dcd95b5dad53a0	163028
mods/heroes.stormmod/enus.stormassets/localizeddata/sounds/vo/mephistospacelord_pissed04.ogg	f3ac84036f02c1a9d79064806f7a5123	210978
mods/heroes.stormmod/enus.stormassets/localizeddata/sounds/vo/mephistospacelord_pissed05.ogg	a625f8f506694f7ad77bba3cfc9416df	162747
mods/heroes.stormmod/enus.stormassets/localizeddata/sounds/vo/mephistospacelord_pissed06.ogg	b12fe991d719305211a6872cdccf7e8a	64459
mods/heroes.stormmod/enus.stormassets/localizeddata/sounds/vo/mephistospacelord_pissed07.ogg	9b8b5fa0ff4ff36dbdc9853911f9356d	165073
mods/heroes.stormmod/enus.stormassets/localizeddata/sounds/vo/mephistospacelord_pissed08.ogg	cd01807f9b5633874735e1872e1d7714	117319
mods/heroes.stormmod/enus.stormassets/localizeddata/sounds/vo/mephistospacelord_pissed09.ogg	79f6f3a4382d2e503c98890f90f35ce1	149870
mods/heroes.stormmod/enus.stormassets/localizeddata/sounds/vo/mephistospacelord_pissed10.ogg	c06a82c6b0ed220ec77c183db8f0d70f	182011
mods/heroes.stormmod/enus.stormassets/localizeddata/sounds/vo/mephistospacelord_pissed11.ogg	86f4004749e48039734058466b1bb76f	302321
mods/heroes.stormmod/enus.stormassets/localizeddata/sounds/vo/mephistospacelord_pissed12.ogg	ed139f5f3e971103855a4a4d82e3b0d5	123477
mods/heroes.stormmod/enus.stormassets/localizeddata/sounds/vo/mephistospacelord_pissed13.ogg	af6c860c0abe4d51416ca35097c1f964	130388
mods/heroes.stormmod/enus.stormassets/localizeddata/sounds/vo/mephistospacelord_pissed14.ogg	8a19be7166189f3f2d02968ef58f3086	162401
mods/heroes.stormmod/enus.stormassets/localizeddata/sounds/vo/mephistospacelord_resurrected00.ogg	acffefdcda3734b1708251ee9d63b92d	78941
mods/heroes.stormmod/enus.stormassets/localizeddata/sounds/vo/mephistospacelord_resurrected01.ogg	595723d6ed30076d6212fa6c51ab677a	40720
mods/heroes.stormmod/enus.stormassets/localizeddata/sounds/vo/mephistospacelord_revive00.ogg	110440ebd09bc8f88f0f3e02a55e6a9a	56137
mods/heroes.stormmod/enus.stormassets/localizeddata/sounds/vo/mephistospacelord_revive01.ogg	0cff2cb62ca635892bed6d3ecf684391	65893
mods/heroes.stormmod/enus.stormassets/localizeddata/sounds/vo/mephistospacelord_revive02.ogg	f230d8939bf97dd608043a29be9eec13	69253
mods/heroes.stormmod/enus.stormassets/localizeddata/sounds/vo/mephistospacelord_spec00.ogg	3cbb95f7ac6096943edddc0bf6b4ee26	47588
mods/heroes.stormmod/enus.stormassets/localizeddata/sounds/vo/mephistospacelord_spec01.ogg	366f4760b6c425ac1e599336f2c18cf9	53974
mods/heroes.stormmod/enus.stormassets/localizeddata/sounds/vo/mephistospacelord_spec02.ogg	a22653b3dc55eb001cf3d6279080a5ef	66635
mods/heroes.stormmod/enus.stormassets/localizeddata/sounds/vo/mephistospacelord_spec03.ogg	0695c4497438bdbcefc5db4f069a9bc1	44860
mods/heroes.stormmod/enus.stormassets/localizeddata/sounds/vo/mephistospacelord_spec04.ogg	d780640580c5277e12abe23d7ee6ed0b	53732
mods/heroes.stormmod/enus.stormassets/localizeddata/sounds/vo/mephistospacelord_taunt00.ogg	ca9071dd51467f1e42c04cd7087e2bc8	70260
mods/heroes.stormmod/enus.stormassets/localizeddata/sounds/vo/mephistospacelord_taunt02.ogg	2864c9caf329f4ae8555baaf1a202b90	67454
mods/heroes.stormmod/enus.stormassets/localizeddata/sounds/vo/mephistospacelord_teamkilled00.ogg	170e3d1700fc90ee675429ff0851cde7	83242
mods/heroes.stormmod/enus.stormassets/localizeddata/sounds/vo/mephistospacelord_ui_exlocked00.ogg	9e4d11dc29038f24ee801a264f2b2a84	48787
mods/heroes.stormmod/enus.stormassets/localizeddata/sounds/vo/mephistospacelord_ui_expurchased00.ogg	a6d328d686bb9850db11fac8179a9e1b	71858
mods/heroes.stormmod/enus.stormassets/localizeddata/sounds/vo/mephistospacelord_ui_gift00.ogg	402b911b13e95e034020ec79b0bcb1c9	64486
mods/heroes.stormmod/enus.stormassets/localizeddata/sounds/vo/mephistospacelord_ui_lockin00.ogg	c5caf6f8a9a585277268e4be82799871	36904
mods/heroes.stormmod/enus.stormassets/localizeddata/sounds/vo/mephistospacelord_ui_purchase00.ogg	ee22a8bf850cb743ef3a965768ef9ca1	62784
mods/heroes.stormmod/enus.stormassets/localizeddata/sounds/vo/mephistospacelord_ui_trial00.ogg	5b3f3864ed1eed3e88efcb2ba00c5551	41797
mods/heroes.stormmod/enus.stormassets/localizeddata/sounds/vo/mephistospacelord_ui_trial01.ogg	9ed1dfa08410fc2405c272d45dab30fa	62078
mods/heroes.stormmod/enus.stormassets/localizeddata/sounds/vo/mephistospacelord_ui_vox_spun00.ogg	6e4f441db986578ad1dbb416b70815c4	27442
mods/heroes.stormmod/enus.stormassets/localizeddata/sounds/vo/mephistospacelord_ui_vox_spun01.ogg	410f6e08a310d583c04d9eea4cf1b1cb	50899
mods/heroes.stormmod/enus.stormassets/localizeddata/sounds/vo/mephistospacelord_ui_vox_spun02.ogg	6b0d68f36616e7ced29a49846c4ce1be	44867
mods/heroes.stormmod/enus.stormassets/localizeddata/sounds/vo/mephistospacelord_ui_vox_spun03.ogg	0f9cc2372e96497442bbb1611124039d	41274
mods/heroes.stormmod/enus.stormassets/localizeddata/sounds/vo/mephistospacelord_ui_vox_spun04.ogg	157d05b2e90d039ed6498b2af36ca9f2	32501
mods/heroes.stormmod/enus.stormassets/localizeddata/sounds/vo/mephistospacelord_ui_vox_spun05.ogg	abb49026a867a9b99919d5c45d7a7319	37818
mods/heroes.stormmod/enus.stormassets/localizeddata/sounds/vo/mephistospacelord_ui_vox_spun06.ogg	4a5e259f45fdc78a0f798717622a070f	38415
mods/heroes.stormmod/enus.stormassets/localizeddata/sounds/vo/mephistospacelord_ui_vox_spun07.ogg	57bdb6a90328fa186d696aa7ff66f1f6	38560
mods/heroes.stormmod/enus.stormassets/localizeddata/sounds/vo/mephistospacelord_ui_vox_spun08.ogg	26c75b1adb272ea180412cbecbffc55e	35920
mods/heroes.stormmod/enus.stormassets/localizeddata/sounds/vo/mephistospacelord_ui_vox_spun09.ogg	aa57b5bdd371224d0743dc63ffbeb89b	35013
mods/heroes.stormmod/enus.stormassets/localizeddata/sounds/vo/mephistospacelord_ui_waitlocked00.ogg	de9d25f6750642619ec77a9026ab153b	97597
mods/heroes.stormmod/enus.stormassets/localizeddata/sounds/vo/mephistospacelord_ui_waitlocked01.ogg	30a0ed80216e9f58c90f12f7943c94db	74978
mods/heroes.stormmod/enus.stormassets/localizeddata/sounds/vo/mephistospacelord_ui_waitpurchased00.ogg	d3f7f5647d44c48bd2284556e6cb90b6	57976
mods/heroes.stormmod/enus.stormassets/localizeddata/sounds/vo/mephistospacelord_ui_waitpurchased01.ogg	de7a0c3af4818aaae775ff39fc602c7d	120116
mods/heroes.stormmod/enus.stormassets/localizeddata/sounds/vo/mephistospacelord_ultchain00.ogg	4b730e01bc62528febbe4e786269cc0a	27406
mods/heroes.stormmod/enus.stormassets/localizeddata/sounds/vo/mephistospacelord_ultchain01.ogg	009fdaa6da5d97b1cbfe73293f238d6b	34827
mods/heroes.stormmod/enus.stormassets/localizeddata/sounds/vo/mephistospacelord_ultchain02.ogg	91ec17aa75126e4976fe8bf2b708a11f	25777
mods/heroes.stormmod/enus.stormassets/localizeddata/sounds/vo/mephistospacelord_ultchain03.ogg	dd89dba72b1f40c56094b8de2c9cea62	26298
mods/heroes.stormmod/enus.stormassets/localizeddata/sounds/vo/mephistospacelord_ultchain04.ogg	09f381e428e9c5134cf7dcc5c6e92b01	35229
mods/heroes.stormmod/enus.stormassets/localizeddata/sounds/vo/mephistospacelord_ultimate1used00.ogg	d5b912f2ee66857193c943b1dfd07712	55961
mods/heroes.stormmod/enus.stormassets/localizeddata/sounds/vo/mephistospacelord_ultimate1used01.ogg	271083bf6505614fe5c9b13fbf865fa8	50000
mods/heroes.stormmod/enus.stormassets/localizeddata/sounds/vo/mephistospacelord_ultimate1used02.ogg	573657610ecc7256c81b25cb6bcfe3ca	70475
mods/heroes.stormmod/enus.stormassets/localizeddata/sounds/vo/mephistospacelord_ultimate1usedenemy00.ogg	2d96700d8d7bbf59c173d24dfaec5625	53437
mods/heroes.stormmod/enus.stormassets/localizeddata/sounds/vo/mephistospacelord_ultimate1usedenemy01.ogg	55e46275b3ff9b0123e8cc6697562d57	61235
mods/heroes.stormmod/enus.stormassets/localizeddata/sounds/vo/mephistospacelord_ultimate1usedenemy02.ogg	e12d39bead43cb8639198d1c026cc21e	77453
mods/heroes.stormmod/enus.stormassets/localizeddata/sounds/vo/mephistospacelord_ultimate2used00.ogg	7ec3b1ef5ddc544309469d9efe4e8214	73832
mods/heroes.stormmod/enus.stormassets/localizeddata/sounds/vo/mephistospacelord_ultimate2used01.ogg	dfa357d915fa230ffc50cde6d54dc5ae	54865
mods/heroes.stormmod/enus.stormassets/localizeddata/sounds/vo/mephistospacelord_ultimate2used02.ogg	882c5d1ad8fed8397d34358a59f956ec	56136
mods/heroes.stormmod/enus.stormassets/localizeddata/sounds/vo/mephistospacelord_voicelinefour00.ogg	82f08b2d8778248f1ce82485414d6522	116493
mods/heroes.stormmod/enus.stormassets/localizeddata/sounds/vo/mephistospacelord_voicelineone00.ogg	d68ef29e1f5cf7cac9ee8cdca3836fd4	50908
mods/heroes.stormmod/enus.stormassets/localizeddata/sounds/vo/mephistospacelord_voicelinethree00.ogg	0fdd9edfdfd6b955316aa14992b78c64	47693
mods/heroes.stormmod/enus.stormassets/localizeddata/sounds/vo/mephistospacelord_voicelinetwo00.ogg	32d7f312fcf152778ccd9010c420ada1	85280
mods/heroes.stormmod/enus.stormassets/localizeddata/sounds/vo/mephistospacelord_vox_attack00.ogg	6bcb91ec6874c43ceef58ee7500f99c6	18205
mods/heroes.stormmod/enus.stormassets/localizeddata/sounds/vo/mephistospacelord_vox_attack01.ogg	5b460d9085067ce65bc0a35be1e6e5d3	21095
mods/heroes.stormmod/enus.stormassets/localizeddata/sounds/vo/mephistospacelord_vox_attack02.ogg	3f38894aefc7e992f7a22756d3545134	21272
mods/heroes.stormmod/enus.stormassets/localizeddata/sounds/vo/mephistospacelord_vox_attack03.ogg	2e9bfa0c8198db4c4b8e927fe4befc06	23449
mods/heroes.stormmod/enus.stormassets/localizeddata/sounds/vo/mephistospacelord_vox_attack04.ogg	85914bec1502ed71d77ead5db772c99d	13232
mods/heroes.stormmod/enus.stormassets/localizeddata/sounds/vo/mephistospacelord_vox_attack05.ogg	3152b46d99f09c1c3decb0af6479e35a	15100
mods/heroes.stormmod/enus.stormassets/localizeddata/sounds/vo/mephistospacelord_vox_attack06.ogg	9c60293f73f1ed649e2a2a3d1be7ce59	16937
mods/heroes.stormmod/enus.stormassets/localizeddata/sounds/vo/mephistospacelord_vox_attack07.ogg	48eedecec395ab0b96648f2cb07d45f9	18952
mods/heroes.stormmod/enus.stormassets/localizeddata/sounds/vo/mephistospacelord_vox_attack08.ogg	6514610309e190b7f4e74b6a08a72422	15485
mods/heroes.stormmod/enus.stormassets/localizeddata/sounds/vo/mephistospacelord_vox_attack09.ogg	91c80937845a3e60a3a697835a9c5d6f	13930
mods/heroes.stormmod/enus.stormassets/localizeddata/sounds/vo/mephistospacelord_vox_attack10.ogg	9ecf32e01a245ff6403fd546d29699c7	17164
mods/heroes.stormmod/enus.stormassets/localizeddata/sounds/vo/mephistospacelord_vox_attack11.ogg	27926e2dfb212d2fd3ca70ddaedb8ece	17503
mods/heroes.stormmod/enus.stormassets/localizeddata/sounds/vo/mephistospacelord_vox_attack12.ogg	35a02d7a930b84f077e579208d4a56db	16090
mods/heroes.stormmod/enus.stormassets/localizeddata/sounds/vo/mephistospacelord_vox_attack13.ogg	a16aa2f555a69a14c687a1660759c3ea	18817
mods/heroes.stormmod/enus.stormassets/localizeddata/sounds/vo/mephistospacelord_vox_attack14.ogg	a89cd6dfcdfe63753859dde42cc1a7db	15395
mods/heroes.stormmod/enus.stormassets/localizeddata/sounds/vo/mephistospacelord_vox_castingq00_02.ogg	a4758fb796806baedcb27c13c1014fbc	17269
mods/heroes.stormmod/enus.stormassets/localizeddata/sounds/vo/mephistospacelord_vox_castingq00_03.ogg	9da82396cea9dfffd5dd47711746677f	18818
mods/heroes.stormmod/enus.stormassets/localizeddata/sounds/vo/mephistospacelord_vox_castingq00_11.ogg	05aebe03c9797e2c8fd773879084dd73	23925
mods/heroes.stormmod/enus.stormassets/localizeddata/sounds/vo/mephistospacelord_vox_castingq00_13.ogg	08cb20dad636dcbbe1688d71b861d73d	27260
mods/heroes.stormmod/enus.stormassets/localizeddata/sounds/vo/mephistospacelord_vox_castingq00_15.ogg	48c90d2df092e51892850a670d18078b	24452
mods/heroes.stormmod/enus.stormassets/localizeddata/sounds/vo/mephistospacelord_vox_castingq00_16.ogg	871bd4f8eb5d1170260c303d4d2b727d	24629
mods/heroes.stormmod/enus.stormassets/localizeddata/sounds/vo/mephistospacelord_vox_castingq00_18.ogg	205323baf646fee7f98f38b8fe528002	24615
mods/heroes.stormmod/enus.stormassets/localizeddata/sounds/vo/mephistospacelord_vox_castingq00_19.ogg	d259a00a84dcded6fb9928b403b13864	21626
mods/heroes.stormmod/enus.stormassets/localizeddata/sounds/vo/mephistospacelord_vox_cheer00.ogg	e498710035972a251a7dfbd245fd0dd3	28128
mods/heroes.stormmod/enus.stormassets/localizeddata/sounds/vo/mephistospacelord_vox_cheer01.ogg	68ae96aac7b6bc0ed603281d71dc561c	30768
mods/heroes.stormmod/enus.stormassets/localizeddata/sounds/vo/mephistospacelord_vox_cheer02.ogg	d540e935421b55dcc193c63807dfac9b	26761
mods/heroes.stormmod/enus.stormassets/localizeddata/sounds/vo/mephistospacelord_vox_cheer03.ogg	68e35ca567b4bf80d4d9e21aea48f39e	23119
mods/heroes.stormmod/enus.stormassets/localizeddata/sounds/vo/mephistospacelord_vox_cheer04.ogg	9583eb55cf55438cfbef1c92e437ea0a	22974
mods/heroes.stormmod/enus.stormassets/localizeddata/sounds/vo/mephistospacelord_vox_cheer05.ogg	72230340844ffd4412119e8d91744998	30495
mods/heroes.stormmod/enus.stormassets/localizeddata/sounds/vo/mephistospacelord_vox_cheer06.ogg	c9cbd2ce80bc75b51bf76b5f24050567	35555
mods/heroes.stormmod/enus.stormassets/localizeddata/sounds/vo/mephistospacelord_vox_cheer07.ogg	972a15abd6f46748796e7c252d2ed484	32662
mods/heroes.stormmod/enus.stormassets/localizeddata/sounds/vo/mephistospacelord_vox_cheer08.ogg	dcb4ad2b0a8706f1c9b39b1b99d59106	39598
mods/heroes.stormmod/enus.stormassets/localizeddata/sounds/vo/mephistospacelord_vox_cheer09.ogg	7faef933d9c4fc4d25dd106ddc90d90b	32300
mods/heroes.stormmod/enus.stormassets/localizeddata/sounds/vo/mephistospacelord_vox_cheer10.ogg	beda7cacf9f9573b7c0828ecbe3eb02c	33521
mods/heroes.stormmod/enus.stormassets/localizeddata/sounds/vo/mephistospacelord_vox_gethitlarge00.ogg	b89392ef8e6c8aa8a025678135dad852	15506
mods/heroes.stormmod/enus.stormassets/localizeddata/sounds/vo/mephistospacelord_vox_gethitlarge01.ogg	75a7b9ed9a2b6d4940a68075cb820092	17499
mods/heroes.stormmod/enus.stormassets/localizeddata/sounds/vo/mephistospacelord_vox_gethitlarge02.ogg	46d491fe3d05b26126b346545d665f75	21591
mods/heroes.stormmod/enus.stormassets/localizeddata/sounds/vo/mephistospacelord_vox_gethitlarge03.ogg	4cf5e84fe346a7a702e6741e76449f93	17170
mods/heroes.stormmod/enus.stormassets/localizeddata/sounds/vo/mephistospacelord_vox_gethitlarge04.ogg	0a26159abfdef494419b0fb0967c5aab	14748
mods/heroes.stormmod/enus.stormassets/localizeddata/sounds/vo/mephistospacelord_vox_gethitlarge05.ogg	d876a56ca75ca56b5086d151a359d47f	17154
mods/heroes.stormmod/enus.stormassets/localizeddata/sounds/vo/mephistospacelord_vox_gethitlarge06.ogg	a55716f685e1a2e10afbc838c73b1b47	15826
mods/heroes.stormmod/enus.stormassets/localizeddata/sounds/vo/mephistospacelord_vox_gethitlarge07.ogg	04873c33df68785158c5a405d77009e2	14730
mods/heroes.stormmod/enus.stormassets/localizeddata/sounds/vo/mephistospacelord_vox_gethitlarge08.ogg	f60137b7e7ac3ea2ee1f46dc3d2fffac	16792
mods/heroes.stormmod/enus.stormassets/localizeddata/sounds/vo/mephistospacelord_vox_gethitlarge09.ogg	4775e585ee1c6d4b4e9474ef3413516c	16791
mods/heroes.stormmod/enus.stormassets/localizeddata/sounds/vo/mephistospacelord_vox_gethitlarge10.ogg	197b2760b203683c4eaf54f8c325dcc0	17185
mods/heroes.stormmod/enus.stormassets/localizeddata/sounds/vo/mephistospacelord_vox_gethitlarge11.ogg	58d1b8ace76cbc60e2406b1eceb19110	16971
mods/heroes.stormmod/enus.stormassets/localizeddata/sounds/vo/mephistospacelord_vox_gethitlarge12.ogg	720330512b31f54bc86b202eeaa61663	14297
mods/heroes.stormmod/enus.stormassets/localizeddata/sounds/vo/mephistospacelord_vox_gethitlarge13.ogg	4cd252c9d335054913d679f541cd38fa	14721
mods/heroes.stormmod/enus.stormassets/localizeddata/sounds/vo/mephistospacelord_vox_gethitlarge14.ogg	ea0c8c7c2fd492afa3dbfadaac58b343	20585
mods/heroes.stormmod/enus.stormassets/localizeddata/sounds/vo/mephistospacelord_vox_gethitsmall00.ogg	f493ff78f7eb284f75df892e2d194d3f	19928
mods/heroes.stormmod/enus.stormassets/localizeddata/sounds/vo/mephistospacelord_vox_gethitsmall01.ogg	0f14290345c895d0a2286dadd9d3004d	21061
mods/heroes.stormmod/enus.stormassets/localizeddata/sounds/vo/mephistospacelord_vox_gethitsmall02.ogg	0650ce24f994bd2efa98edc4ab1d5085	16770
mods/heroes.stormmod/enus.stormassets/localizeddata/sounds/vo/mephistospacelord_vox_gethitsmall03.ogg	ed950e481e22dbdfe9fabeba07d9dc49	20694
mods/heroes.stormmod/enus.stormassets/localizeddata/sounds/vo/mephistospacelord_vox_gethitsmall04.ogg	9097c99240fb9c7755ffff7b6ed2724d	20465
mods/heroes.stormmod/enus.stormassets/localizeddata/sounds/vo/mephistospacelord_vox_gethitsmall05.ogg	4ef3d4719d989f86ffc315a313211f67	19733
mods/heroes.stormmod/enus.stormassets/localizeddata/sounds/vo/mephistospacelord_vox_gethitsmall06.ogg	1bb1aa9e9afa37d032e0988b4cf1c604	14485
mods/heroes.stormmod/enus.stormassets/localizeddata/sounds/vo/mephistospacelord_vox_gethitsmall07.ogg	09a88b42804f8e6711cf61ad59bbc7de	14658
mods/heroes.stormmod/enus.stormassets/localizeddata/sounds/vo/mephistospacelord_vox_gethitsmall08.ogg	98fda46e6895314bcf0727a551bc5032	14431
mods/heroes.stormmod/enus.stormassets/localizeddata/sounds/vo/mephistospacelord_vox_gethitsmall09.ogg	6b7125d1a99c8c2af22f1068869b88d1	17452
mods/heroes.stormmod/enus.stormassets/localizeddata/sounds/vo/mephistospacelord_vox_gethitsmall10.ogg	c66b4ce1c61811af24fe5c15a547690d	15587
mods/heroes.stormmod/enus.stormassets/localizeddata/sounds/vo/mephistospacelord_vox_gethitsmall11.ogg	a517840290205a0ebc7a31631fb5abbf	13282
mods/heroes.stormmod/enus.stormassets/localizeddata/sounds/vo/mephistospacelord_vox_gethitsmall12.ogg	e4bd03fa96b10f33080c235b270997fe	16158
mods/heroes.stormmod/enus.stormassets/localizeddata/sounds/vo/mephistospacelord_vox_gethitsmall13.ogg	a2c0574093f4844f4a123b3a3f34931f	15308
mods/heroes.stormmod/enus.stormassets/localizeddata/sounds/vo/mephistospacelord_vox_gethitsmall14.ogg	d5a53d56c9d3d96bb5a7e596e65a05f0	14402
mods/heroes.stormmod/enus.stormassets/localizeddata/sounds/vo/mephistospacelord_vox_gethitsmall15.ogg	43e082970e2c90c989c723e36b2053cb	16975
mods/heroes.stormmod/enus.stormassets/localizeddata/sounds/vo/mephistospacelord_vox_gethitsmall16.ogg	3e7062732dbeaabf2e1c74828c8e2d5a	13317
mods/heroes.stormmod/enus.stormassets/localizeddata/sounds/vo/mephistospacelord_vox_gethitsmall17.ogg	e4a437401713cbf864730e32a25d02f9	12933
mods/heroes.stormmod/enus.stormassets/localizeddata/sounds/vo/mephistospacelord_vox_gethitsmall18.ogg	be30961b54f2213be9c3a05e6c733057	11731
mods/heroes.stormmod/enus.stormassets/localizeddata/sounds/vo/mephistospacelord_vox_gethitsmall19.ogg	f397513852f91f2deee396bae3039ccf	11678
mods/heroes.stormmod/enus.stormassets/localizeddata/sounds/vo/mephistospacelord_vox_gethitsmall20.ogg	b660fcfdfbf18780eb7dbac19867501b	12475
mods/heroes.stormmod/enus.stormassets/localizeddata/sounds/vo/mephistospacelord_vox_gethitsmall21.ogg	1f9db7f58cd00e1e1566ba8a92089387	11613
mods/heroes.stormmod/enus.stormassets/localizeddata/sounds/vo/mephistospacelord_vox_gethitsmall22.ogg	76ee3e5cc100e4f56735a388d5cbeb17	15038
mods/heroes.stormmod/enus.stormassets/localizeddata/sounds/vo/mephistospacelord_vox_gethitsmall23.ogg	1a0ca8ba3f0f1cbfeb4dbaea50e9f11b	11631
mods/heroes.stormmod/enus.stormassets/localizeddata/sounds/vo/mephistospacelord_vox_gethitsmall24.ogg	9d92f9f88d358086ead19741eaeb63e6	13044
mods/heroes.stormmod/enus.stormassets/localizeddata/sounds/vo/mephistospacelord_vox_gethitsmall25.ogg	b5ff288ea76df486ec9084127b8f5b29	13429
mods/heroes.stormmod/enus.stormassets/localizeddata/sounds/vo/mephistospacelord_vox_pulled00.ogg	95fc090aa41ed760f8965fae507a06a6	21834
mods/heroes.stormmod/enus.stormassets/localizeddata/sounds/vo/mephistospacelord_vox_pulled01.ogg	17d490f6bd6aa9d793eea909be9c38c3	21862
mods/heroes.stormmod/enus.stormassets/localizeddata/sounds/vo/mephistospacelord_vox_pulled02.ogg	d8218ea55d7fe5cafb5a04d217ff4f9e	20356
mods/heroes.stormmod/enus.stormassets/localizeddata/sounds/vo/mephistospacelord_vox_pulled03.ogg	91be2509527c7a160b599cc9f5e1def8	19158
mods/heroes.stormmod/enus.stormassets/localizeddata/sounds/vo/mephistospacelord_vox_pulled04.ogg	ec5b76bd0a3c25cd4c467ecb82e1aaf8	21359
mods/heroes.stormmod/enus.stormassets/localizeddata/sounds/vo/mephistospacelord_vox_pulled05.ogg	258be32e03dc66bd1133efefb626f324	22735
mods/heroes.stormmod/enus.stormassets/localizeddata/sounds/vo/mephistospacelord_vox_pulled06.ogg	180e1080840c9b7282d21f45fcf32755	22175
mods/heroes.stormmod/enus.stormassets/localizeddata/sounds/vo/mephistospacelord_vox_pulled07.ogg	7a4869154d44e8642234ce6d4cedb9a7	19597
mods/heroes.stormmod/enus.stormassets/localizeddata/sounds/vo/mephistospacelord_vox_pulled08.ogg	80b1894af6a444f89277bc834ee1ec50	15558
mods/heroes.stormmod/enus.stormassets/localizeddata/sounds/vo/mephistospacelord_vox_pulled09.ogg	7997e3972249a03311e396ce3ff94220	18971
mods/heroes.stormmod/enus.stormassets/localizeddata/sounds/vo/mephistospacelord_vox_pulled10.ogg	c906647ecdbf9fd92fa53b06a7b0bab7	18285
mods/heroes.stormmod/enus.stormassets/localizeddata/sounds/vo/mephistospacelord_worthit00.ogg	93497f4fbdc1389e7df112c63fa062b7	82726
mods/heroes.stormmod/enus.stormassets/localizeddata/sounds/vo/mephistospacelord_worthit01.ogg	e1740a82bd0c5349238cf6b4275cfef3	60075
mods/heroes.stormmod/enus.stormassets/localizeddata/sounds/vo/mephistospacelord_yes00.ogg	31dd55b3760b9ec6c7cb9478cd56a044	36830
mods/heroes.stormmod/enus.stormassets/localizeddata/sounds/vo/mephistospacelord_yes01.ogg	c7df5912d91a7337a220e91f7d71bc79	39182
mods/heroes.stormmod/enus.stormassets/localizeddata/sounds/vo/mephistospacelord_yes02.ogg	b911ed91c8d83a49263cb04765cf9630	39941
mods/heroes.stormmod/enus.stormassets/localizeddata/sounds/vo/mephistospacelord_yes03.ogg	a55ca051cbb8d90ca4efca63e9b60e69	39890
mods/heroes.stormmod/enus.stormassets/localizeddata/sounds/vo/mephistospacelord_yes04.ogg	b9bb625fa402d48b2eac04ebf5100fbc	47656
mods/heroes.stormmod/enus.stormassets/localizeddata/sounds/vo/mephistospacelord_yes05.ogg	308beb1cee297d3895eaca4f4e6b02b0	56740
mods/heroes.stormmod/enus.stormassets/localizeddata/sounds/vo/mephistospacelord_yes06.ogg	97533eeb28350e0ad347f8a4a08e52d5	48216
mods/heroes.stormmod/enus.stormassets/localizeddata/sounds/vo/mephistospacelord_yes07.ogg	981855b0029af43187559d24bfc59253	56282
mods/heroes.stormmod/enus.stormassets/localizeddata/sounds/vo/mephistospacelord_yes08_00.ogg	5e36d80c4c6ca042e5e136cbceaf9a66	37192
mods/heroes.stormmod/enus.stormassets/localizeddata/sounds/vo/mephistospacelord_yes08_01.ogg	976e2961385f6f527165b321b98f91d8	35027
mods/heroes.stormmod/enus.stormassets/localizeddata/sounds/vo/mephistospacelord_yes08_02.ogg	db488787b2e2998a105494c9ce925de3	32757
mods/heroes.stormmod/enus.stormassets/localizeddata/sounds/vo/mephistospacelord_yes08_03.ogg	efb8d5accc9cbe08843c45fba5a0fc9c	36141
mods/heroes.stormmod/enus.stormassets/localizeddata/sounds/vo/mephistospacelord_yes08_04.ogg	c5277eb86f3b56d5affd54eafadb62e2	42283
mods/heroes.stormmod/enus.stormassets/localizeddata/sounds/vo/mephistospacelord_yes08_05.ogg	d033066b1e9b94d2ba0b23853f3e98e5	45682
mods/heroes.stormmod/enus.stormassets/localizeddata/sounds/vo/mephistotoys19_ai_attack00.ogg	06f9ead9d3ae847f0719e0fb34b2c4bf	38333
mods/heroes.stormmod/enus.stormassets/localizeddata/sounds/vo/mephistotoys19_ai_attack01.ogg	7006eb960b80e32cc7017517b2657148	37563
mods/heroes.stormmod/enus.stormassets/localizeddata/sounds/vo/mephistotoys19_ai_attack02.ogg	f7221e530cb86b2deda2b8174d2f8069	48448
mods/heroes.stormmod/enus.stormassets/localizeddata/sounds/vo/mephistotoys19_ai_caution00.ogg	f6891b931a379deb12976440da98e511	42422
mods/heroes.stormmod/enus.stormassets/localizeddata/sounds/vo/mephistotoys19_ai_goodjob00.ogg	c82b3ba0e4f8b76735d1f350c35be576	29528
mods/heroes.stormmod/enus.stormassets/localizeddata/sounds/vo/mephistotoys19_ai_goodjob01.ogg	3d3b2ee9d883ddf4132a15d99c85b2a0	24006
mods/heroes.stormmod/enus.stormassets/localizeddata/sounds/vo/mephistotoys19_ai_goodjob02.ogg	5e5a1799ffb2d6f0b308a007f2d785ee	58582
mods/heroes.stormmod/enus.stormassets/localizeddata/sounds/vo/mephistotoys19_ai_heal00.ogg	e534027e38b58eaa41f54e45d352b724	51739
mods/heroes.stormmod/enus.stormassets/localizeddata/sounds/vo/mephistotoys19_ai_heal01.ogg	4fcec746630724a4b97f3557839b5cc3	58265
mods/heroes.stormmod/enus.stormassets/localizeddata/sounds/vo/mephistotoys19_ai_retreat00.ogg	617aa99f2b9f45e2e885a060ab42678e	37224
mods/heroes.stormmod/enus.stormassets/localizeddata/sounds/vo/mephistotoys19_ai_retreat01.ogg	51ca5af18463dd459478d9edd2296713	50933
mods/heroes.stormmod/enus.stormassets/localizeddata/sounds/vo/mephistotoys19_ai_uhoh00.ogg	0e6fa7471f6aa65d7c2789e874fc987f	25261
mods/heroes.stormmod/enus.stormassets/localizeddata/sounds/vo/mephistotoys19_ai_uhoh01.ogg	f0fc4a7219ecf5d57cb5fcfdd0744667	42454
mods/heroes.stormmod/enus.stormassets/localizeddata/sounds/vo/mephistotoys19_ai_uhoh02.ogg	8a4cd01e080063e84c9783187fbe6197	50887
mods/heroes.stormmod/enus.stormassets/localizeddata/sounds/vo/mephistotoys19_attack00.ogg	24b6d3235595a3d61f3f665e4e1b329b	27612
mods/heroes.stormmod/enus.stormassets/localizeddata/sounds/vo/mephistotoys19_attack01.ogg	e9d6ef2d7c38fe050b5996765bdfd687	34949
mods/heroes.stormmod/enus.stormassets/localizeddata/sounds/vo/mephistotoys19_attack02.ogg	a4e39eafc80de0f4fe4c3661cafad8ff	36216
mods/heroes.stormmod/enus.stormassets/localizeddata/sounds/vo/mephistotoys19_attack03.ogg	23a5a9a16c8ea70566bac83692a1a468	35750
mods/heroes.stormmod/enus.stormassets/localizeddata/sounds/vo/mephistotoys19_attack04.ogg	52b87017bc697aebb841688dcff30f10	40681
mods/heroes.stormmod/enus.stormassets/localizeddata/sounds/vo/mephistotoys19_attack05.ogg	c626d45c1115578e5f0e2d0f2e726eb2	38346
mods/heroes.stormmod/enus.stormassets/localizeddata/sounds/vo/mephistotoys19_attack06_00.ogg	e34ebae73f7287f14a87aba83c0d0d02	31552
mods/heroes.stormmod/enus.stormassets/localizeddata/sounds/vo/mephistotoys19_attack06_01.ogg	2e0d5d52fe3cac354b8cd59a3e1e8f49	33386
mods/heroes.stormmod/enus.stormassets/localizeddata/sounds/vo/mephistotoys19_attack06_05.ogg	ea4f793f692e55fc9e78b52979bb5449	24015
mods/heroes.stormmod/enus.stormassets/localizeddata/sounds/vo/mephistotoys19_attack06_07.ogg	e17bd2becc9aa73bfb8fed2e15371759	33443
mods/heroes.stormmod/enus.stormassets/localizeddata/sounds/vo/mephistotoys19_attack06_09.ogg	14b9cc64c037ced9089b95ee69bbeee3	33210
mods/heroes.stormmod/enus.stormassets/localizeddata/sounds/vo/mephistotoys19_celebrate00.ogg	0eb67dc433889cec28b4901e72985b7e	67565
mods/heroes.stormmod/enus.stormassets/localizeddata/sounds/vo/mephistotoys19_celebrate01.ogg	60eb1db631d3c682c7bdcb6d27bb5274	46830
mods/heroes.stormmod/enus.stormassets/localizeddata/sounds/vo/mephistotoys19_comeback00.ogg	b5a024e6a3942da744a8af023d5c2780	61169
mods/heroes.stormmod/enus.stormassets/localizeddata/sounds/vo/mephistotoys19_death00.wav	f7a06e2b0c00557739ec86f357966409	76348
mods/heroes.stormmod/enus.stormassets/localizeddata/sounds/vo/mephistotoys19_death01.wav	067616772c282b1cf8495908cb6ebcd7	47420
mods/heroes.stormmod/enus.stormassets/localizeddata/sounds/vo/mephistotoys19_death010.wav	2c0bd5a73efb5a1f57664ed729560960	105532
mods/heroes.stormmod/enus.stormassets/localizeddata/sounds/vo/mephistotoys19_death011.wav	449e3d75eac3c79d404b21ee4cb6acde	116028
mods/heroes.stormmod/enus.stormassets/localizeddata/sounds/vo/mephistotoys19_death012.wav	f6dc6f794ad5cdc12b7e8a3b2ac3bc01	130620
mods/heroes.stormmod/enus.stormassets/localizeddata/sounds/vo/mephistotoys19_death013.wav	cd915df8cdc9f669abf75a5e15d8e0d4	132156
mods/heroes.stormmod/enus.stormassets/localizeddata/sounds/vo/mephistotoys19_death014.wav	bbe53fb8d6844806faf7b8fb4c5c5168	130876
mods/heroes.stormmod/enus.stormassets/localizeddata/sounds/vo/mephistotoys19_death015.wav	240028858f0cef98fb4afb70da2cba74	110140
mods/heroes.stormmod/enus.stormassets/localizeddata/sounds/vo/mephistotoys19_death016.wav	c6ab56985a5ef1f97faa448f38fdf1e2	127804
mods/heroes.stormmod/enus.stormassets/localizeddata/sounds/vo/mephistotoys19_death017.wav	6401087af316a18a58615e03a13d6244	141628
mods/heroes.stormmod/enus.stormassets/localizeddata/sounds/vo/mephistotoys19_death02.wav	5667e036dbb00b07fa8c4d061911c0d9	88636
mods/heroes.stormmod/enus.stormassets/localizeddata/sounds/vo/mephistotoys19_death03.wav	9948848f9fbff2bb1c31fa5f572fe72f	74300
mods/heroes.stormmod/enus.stormassets/localizeddata/sounds/vo/mephistotoys19_death04.wav	7817b6bcdcb463ecd433fb3968ac617e	78140
mods/heroes.stormmod/enus.stormassets/localizeddata/sounds/vo/mephistotoys19_death05.wav	72d7763e33aca17189f858ccd6bfc059	78652
mods/heroes.stormmod/enus.stormassets/localizeddata/sounds/vo/mephistotoys19_death06.wav	653ece9e43234c1c2a17cebba2d79ef0	60732
mods/heroes.stormmod/enus.stormassets/localizeddata/sounds/vo/mephistotoys19_death07.wav	1ea8872f291767556eb6cf08269cd53b	96316
mods/heroes.stormmod/enus.stormassets/localizeddata/sounds/vo/mephistotoys19_death08.wav	f38acfed4b09c13b5d09f082844d767b	86844
mods/heroes.stormmod/enus.stormassets/localizeddata/sounds/vo/mephistotoys19_death09.wav	6542ba4d15ee4b22b9a4e95e3afcff39	123196
mods/heroes.stormmod/enus.stormassets/localizeddata/sounds/vo/mephistotoys19_empire00.ogg	fe92485f1fca4376420f1dac3387c7b3	49914
mods/heroes.stormmod/enus.stormassets/localizeddata/sounds/vo/mephistotoys19_healed00.ogg	46cbccb4e94ef107a9dfc9a4efaaec60	28805
mods/heroes.stormmod/enus.stormassets/localizeddata/sounds/vo/mephistotoys19_healed01.ogg	0ef9b2d9aa6627db68bbe65fe6762e08	67515
mods/heroes.stormmod/enus.stormassets/localizeddata/sounds/vo/mephistotoys19_healed02.ogg	25607e99b6e1e206d4fc105860d469e1	31352
mods/heroes.stormmod/enus.stormassets/localizeddata/sounds/vo/mephistotoys19_introagree00.ogg	ec15ed26b58e3a93c5a83a7568f83bb1	46211
mods/heroes.stormmod/enus.stormassets/localizeddata/sounds/vo/mephistotoys19_introagree01.ogg	55e93eb160b1fa03538f83f3dfecdc5d	45727
mods/heroes.stormmod/enus.stormassets/localizeddata/sounds/vo/mephistotoys19_introagree02.ogg	936151a4f71976197c2780374056906e	50152
mods/heroes.stormmod/enus.stormassets/localizeddata/sounds/vo/mephistotoys19_introboast00.ogg	b47fce13d0854162b1ed386405213853	79466
mods/heroes.stormmod/enus.stormassets/localizeddata/sounds/vo/mephistotoys19_introboast01.ogg	e5f35d5fe4fc2722e71eb5dbf4e3ed29	70138
mods/heroes.stormmod/enus.stormassets/localizeddata/sounds/vo/mephistotoys19_introquestion00.ogg	28522f29935abd630455d6d38041dc8f	57049
mods/heroes.stormmod/enus.stormassets/localizeddata/sounds/vo/mephistotoys19_introquestion01.ogg	f48d35332d612265b965b8bb09575391	62863
mods/heroes.stormmod/enus.stormassets/localizeddata/sounds/vo/mephistotoys19_introquestion_abathur00.ogg	f6413ed4e519977394c87a67aa4bf083	82984
mods/heroes.stormmod/enus.stormassets/localizeddata/sounds/vo/mephistotoys19_introquestion_alarak00.ogg	f00e41907bf4892d8c3405b16faa0712	112461
mods/heroes.stormmod/enus.stormassets/localizeddata/sounds/vo/mephistotoys19_introquestion_alexstrasza00.ogg	7bfe9635d3793fe08942f42476d61de8	109365
mods/heroes.stormmod/enus.stormassets/localizeddata/sounds/vo/mephistotoys19_introquestion_archangeldiablo00.ogg	8c437eb356df64b18b78e0f6e4b87c88	68496
mods/heroes.stormmod/enus.stormassets/localizeddata/sounds/vo/mephistotoys19_introquestion_auriel00.ogg	6fa8052f3cf0f89bcdbd25db7de8221b	90138
mods/heroes.stormmod/enus.stormassets/localizeddata/sounds/vo/mephistotoys19_introquestion_azmodan00.ogg	ff61a44b9231c92f9274d5dd93bb956a	82144
mods/heroes.stormmod/enus.stormassets/localizeddata/sounds/vo/mephistotoys19_introquestion_crusader00.ogg	d1ce35df81bddbbfd693288d4f3a1309	103356
mods/heroes.stormmod/enus.stormassets/localizeddata/sounds/vo/mephistotoys19_introquestion_d2hero00.ogg	b7a6b98f04e65b8400312b7c29f10a44	89955
mods/heroes.stormmod/enus.stormassets/localizeddata/sounds/vo/mephistotoys19_introquestion_deckard00.ogg	46764668234d3e6face3f6cd86576e6f	107665
mods/heroes.stormmod/enus.stormassets/localizeddata/sounds/vo/mephistotoys19_introquestion_demon00.ogg	b0cb1e51a928456a0f919db4879cb3c3	78800
mods/heroes.stormmod/enus.stormassets/localizeddata/sounds/vo/mephistotoys19_introquestion_demonicimperius00.ogg	b687321e4898524d4afde9d422442a01	49310
mods/heroes.stormmod/enus.stormassets/localizeddata/sounds/vo/mephistotoys19_introquestion_demonictyrael00.ogg	f1626a55e2b80e62b851d3e83baeb8ee	100393
mods/heroes.stormmod/enus.stormassets/localizeddata/sounds/vo/mephistotoys19_introquestion_diablo00.ogg	6e8973ca5e267e87e36bbe2d2c3ffea9	87595
mods/heroes.stormmod/enus.stormassets/localizeddata/sounds/vo/mephistotoys19_introquestion_evil00.ogg	cd56330f84b29ec494f458ba91575cbf	77679
mods/heroes.stormmod/enus.stormassets/localizeddata/sounds/vo/mephistotoys19_introquestion_evil01.ogg	2d8cef614d9cb0908b4b00e092e2ffc5	54807
mods/heroes.stormmod/enus.stormassets/localizeddata/sounds/vo/mephistotoys19_introquestion_evil02.ogg	fa08342640773bb46fc5406fdb68a51b	59847
mods/heroes.stormmod/enus.stormassets/localizeddata/sounds/vo/mephistotoys19_introquestion_garrosh00.ogg	8272dca2dcb735fab5a24b6d83edc8b5	102572
mods/heroes.stormmod/enus.stormassets/localizeddata/sounds/vo/mephistotoys19_introquestion_good00.ogg	6c37aaa9cbda09c1a5ff459778ca85b5	48293
mods/heroes.stormmod/enus.stormassets/localizeddata/sounds/vo/mephistotoys19_introquestion_good01.ogg	2ac555a8cb89fb542e12e9dae0970ff5	86130
mods/heroes.stormmod/enus.stormassets/localizeddata/sounds/vo/mephistotoys19_introquestion_good02.ogg	0623d540ea9e1b0003accce1231a86c5	74232
mods/heroes.stormmod/enus.stormassets/localizeddata/sounds/vo/mephistotoys19_introquestion_imperius00.ogg	e7ff102b49bd56aef60140ff831f8e6a	101202
mods/heroes.stormmod/enus.stormassets/localizeddata/sounds/vo/mephistotoys19_introquestion_malthael00.ogg	1ce476d8f58c266fe02fc43d55b64b24	72414
mods/heroes.stormmod/enus.stormassets/localizeddata/sounds/vo/mephistotoys19_introquestion_murky00.ogg	01f7e984420b321e3a1c7b5cae5f50d0	110046
mods/heroes.stormmod/enus.stormassets/localizeddata/sounds/vo/mephistotoys19_introquestion_negative00.ogg	d8f967ba48e48c1374bef2407724978a	64887
mods/heroes.stormmod/enus.stormassets/localizeddata/sounds/vo/mephistotoys19_introquestion_nephalem00.ogg	9fa96a63c5d3a80976d732ef0795088f	96197
mods/heroes.stormmod/enus.stormassets/localizeddata/sounds/vo/mephistotoys19_introquestion_orc00.ogg	1fce0c43bbae26b04bec51fa61f8fcc3	96217
mods/heroes.stormmod/enus.stormassets/localizeddata/sounds/vo/mephistotoys19_introquestion_orphea00.ogg	866fe770ec0b3b1268191a25b3b79fdf	80225
mods/heroes.stormmod/enus.stormassets/localizeddata/sounds/vo/mephistotoys19_introquestion_positive00.ogg	bcdef216e550688a01c26bade314156a	73795
mods/heroes.stormmod/enus.stormassets/localizeddata/sounds/vo/mephistotoys19_introquestion_protoss00.ogg	9c159ab53a5d98900ae8ae8670d9a02f	91773
mods/heroes.stormmod/enus.stormassets/localizeddata/sounds/vo/mephistotoys19_introquestion_tyrael00.ogg	848ad1ca15594773665f3c8ec36d6dd1	68168
mods/heroes.stormmod/enus.stormassets/localizeddata/sounds/vo/mephistotoys19_introquestion_whitemane00.ogg	737d33bc6f0d6f780aba47b9daaa2fec	60186
mods/heroes.stormmod/enus.stormassets/localizeddata/sounds/vo/mephistotoys19_introrespond00.ogg	fd6db0a82893b5b664e7dbeaf51e4ce0	49321
mods/heroes.stormmod/enus.stormassets/localizeddata/sounds/vo/mephistotoys19_introrespond01.ogg	d958750a48f5263ddf23742c9515587e	51664
mods/heroes.stormmod/enus.stormassets/localizeddata/sounds/vo/mephistotoys19_introrespond02.ogg	7ab29020d21125d1e58efcbefb2121dc	91960
mods/heroes.stormmod/enus.stormassets/localizeddata/sounds/vo/mephistotoys19_introresponse_abathur00.ogg	657401c4b8fb9b8945eefa27ff98c4c9	80487
mods/heroes.stormmod/enus.stormassets/localizeddata/sounds/vo/mephistotoys19_introresponse_alarak00.ogg	e62ca14e679ba022eb6c23daa37f802b	120090
mods/heroes.stormmod/enus.stormassets/localizeddata/sounds/vo/mephistotoys19_introresponse_alexstrasza00.ogg	c9eb6f0d7850281d4abc18af4afdabcf	79366
mods/heroes.stormmod/enus.stormassets/localizeddata/sounds/vo/mephistotoys19_introresponse_angry00.ogg	8af9e494c564571e547d00ec0425410a	69435
mods/heroes.stormmod/enus.stormassets/localizeddata/sounds/vo/mephistotoys19_introresponse_archangeldiablo00.ogg	25d7b2c781c7f97585f00cd1ad43a8de	68595
mods/heroes.stormmod/enus.stormassets/localizeddata/sounds/vo/mephistotoys19_introresponse_auriel00.ogg	d111f36d7dffeb1902a8f126d6795d6c	75340
mods/heroes.stormmod/enus.stormassets/localizeddata/sounds/vo/mephistotoys19_introresponse_azmodan00.ogg	d4b77cf366b77b3ab192b6e2afad0329	78458
mods/heroes.stormmod/enus.stormassets/localizeddata/sounds/vo/mephistotoys19_introresponse_confused00.ogg	2ec0cfec446a88c13938fcfba95bc006	28612
mods/heroes.stormmod/enus.stormassets/localizeddata/sounds/vo/mephistotoys19_introresponse_crusader00.ogg	834d7e9b56fd8887e3f7eec2dc8cac9f	63212
mods/heroes.stormmod/enus.stormassets/localizeddata/sounds/vo/mephistotoys19_introresponse_d2hero00.ogg	823a976e1bc75b5c20e171c5c550e222	79252
mods/heroes.stormmod/enus.stormassets/localizeddata/sounds/vo/mephistotoys19_introresponse_deckard00.ogg	1cce21a7ff235731b8c57d0e6c774b21	39473
mods/heroes.stormmod/enus.stormassets/localizeddata/sounds/vo/mephistotoys19_introresponse_dehaka00.ogg	011a573d55a10cf804cd9cc2f704920b	123932
mods/heroes.stormmod/enus.stormassets/localizeddata/sounds/vo/mephistotoys19_introresponse_demon00.ogg	2cc8d3e0e34fa690f5da539eca681202	45911
mods/heroes.stormmod/enus.stormassets/localizeddata/sounds/vo/mephistotoys19_introresponse_demonicauriel00.ogg	9cc79202d03774b487a9b2eb49013e71	58459
mods/heroes.stormmod/enus.stormassets/localizeddata/sounds/vo/mephistotoys19_introresponse_demonicimperius00.ogg	ed2909fbc61e9123d087bb5014c682b4	70019
mods/heroes.stormmod/enus.stormassets/localizeddata/sounds/vo/mephistotoys19_introresponse_demonictyrael00.ogg	fae9c49b450da9ee529d09ffbf9367a1	56232
mods/heroes.stormmod/enus.stormassets/localizeddata/sounds/vo/mephistotoys19_introresponse_diablo00.ogg	f2b9e21a0ec10ee53dac31d341fdb4dd	72306
mods/heroes.stormmod/enus.stormassets/localizeddata/sounds/vo/mephistotoys19_introresponse_diabloprime00.ogg	5865e9148289101e29f0ff55a6978398	76774
mods/heroes.stormmod/enus.stormassets/localizeddata/sounds/vo/mephistotoys19_introresponse_dismiss00.ogg	0c021ccaf8d261bdffd5264d9b88c1e8	20813
mods/heroes.stormmod/enus.stormassets/localizeddata/sounds/vo/mephistotoys19_introresponse_evil00.ogg	5232ab15ba3adef4f441beeaddccfd4f	100287
mods/heroes.stormmod/enus.stormassets/localizeddata/sounds/vo/mephistotoys19_introresponse_evil01.ogg	6ebaaeebf1b1a365ad6e6c67d5bc62d5	68140
mods/heroes.stormmod/enus.stormassets/localizeddata/sounds/vo/mephistotoys19_introresponse_evil02.ogg	5c086f419afb0a6376c4d7d4f2067d1c	61918
mods/heroes.stormmod/enus.stormassets/localizeddata/sounds/vo/mephistotoys19_introresponse_excited00.ogg	47738548b5aba29cb485c7f1c1f8580f	65610
mods/heroes.stormmod/enus.stormassets/localizeddata/sounds/vo/mephistotoys19_introresponse_good00.ogg	5f5f8e1b7a812d6d817a13dcd642a9a0	74025
mods/heroes.stormmod/enus.stormassets/localizeddata/sounds/vo/mephistotoys19_introresponse_good01.ogg	4e63b46e8bbe230966d09cb9a11b78d2	57276
mods/heroes.stormmod/enus.stormassets/localizeddata/sounds/vo/mephistotoys19_introresponse_good02.ogg	721e6960071c7ea179a7fdb4a4da2883	53892
mods/heroes.stormmod/enus.stormassets/localizeddata/sounds/vo/mephistotoys19_introresponse_hate00.ogg	2d67a8f247d29e841ed04d2d86e074d7	80481
mods/heroes.stormmod/enus.stormassets/localizeddata/sounds/vo/mephistotoys19_introresponse_illidan00.ogg	984263a32c1e98e21fe96073c7545b76	59018
mods/heroes.stormmod/enus.stormassets/localizeddata/sounds/vo/mephistotoys19_introresponse_imperius00.ogg	39670800ba8f9b60e51af53d1bd89ee1	44343
mods/heroes.stormmod/enus.stormassets/localizeddata/sounds/vo/mephistotoys19_introresponse_malthael00.ogg	7ccfbbd7e325379f2052628941e0692a	53057
mods/heroes.stormmod/enus.stormassets/localizeddata/sounds/vo/mephistotoys19_introresponse_murky00.ogg	605e302eb5c1a60f97ac4d63942dcc79	109796
mods/heroes.stormmod/enus.stormassets/localizeddata/sounds/vo/mephistotoys19_introresponse_negative00.ogg	f56eee71d160b6e58533295673af98a8	69782
mods/heroes.stormmod/enus.stormassets/localizeddata/sounds/vo/mephistotoys19_introresponse_nephalem00.ogg	130c7a4766cf5248fe05b0f1fb1df7e7	80059
mods/heroes.stormmod/enus.stormassets/localizeddata/sounds/vo/mephistotoys19_introresponse_no00.ogg	1e28f493ea968297a72469bf28289e14	42705
mods/heroes.stormmod/enus.stormassets/localizeddata/sounds/vo/mephistotoys19_introresponse_orc00.ogg	836d968597da7abd1925f10bc9bfc4c9	78525
mods/heroes.stormmod/enus.stormassets/localizeddata/sounds/vo/mephistotoys19_introresponse_orphea00.ogg	feeaed7d530cbfb2988071d06f7fec81	111005
mods/heroes.stormmod/enus.stormassets/localizeddata/sounds/vo/mephistotoys19_introresponse_positive00.ogg	502babdff2df8778c960a2ee8cb40e6a	87788
mods/heroes.stormmod/enus.stormassets/localizeddata/sounds/vo/mephistotoys19_introresponse_protoss00.ogg	d8919df7eacd3de11ec957dd773742a6	90458
mods/heroes.stormmod/enus.stormassets/localizeddata/sounds/vo/mephistotoys19_introresponse_tyrael00.ogg	07f5f248c39ff47e643389fe9f2c295e	97481
mods/heroes.stormmod/enus.stormassets/localizeddata/sounds/vo/mephistotoys19_introresponse_whitemane00.ogg	511c2609fa63dfc5f2d4997a707f31fd	53412
mods/heroes.stormmod/enus.stormassets/localizeddata/sounds/vo/mephistotoys19_kill00.ogg	6aa98c67c43578442b5535b7cd2d41bf	42821
mods/heroes.stormmod/enus.stormassets/localizeddata/sounds/vo/mephistotoys19_kill01.ogg	79b09547683824773cf562bfaedb9715	29517
mods/heroes.stormmod/enus.stormassets/localizeddata/sounds/vo/mephistotoys19_kill02.ogg	a5bf770636a62be6fe6a1bb5dc7725cb	46769
mods/heroes.stormmod/enus.stormassets/localizeddata/sounds/vo/mephistotoys19_kill03.ogg	72de545c8a7426c60a9d4eb9c98a24dd	55737
mods/heroes.stormmod/enus.stormassets/localizeddata/sounds/vo/mephistotoys19_kill04.ogg	a4657cebaae18bc61a2ee3749deb6199	41078
mods/heroes.stormmod/enus.stormassets/localizeddata/sounds/vo/mephistotoys19_killauriel00.ogg	05e71a0ee4a44eafe27b3f5f08f69950	25870
mods/heroes.stormmod/enus.stormassets/localizeddata/sounds/vo/mephistotoys19_killbutcher00.ogg	ece7438548040e094871712596e268d2	29987
mods/heroes.stormmod/enus.stormassets/localizeddata/sounds/vo/mephistotoys19_killd2hero00.ogg	45ddca20cabc92c5e51dfa72499d8261	91690
mods/heroes.stormmod/enus.stormassets/localizeddata/sounds/vo/mephistotoys19_killd3demon00.ogg	b6e4dfaddfff224bbf9ff63af983ce32	35192
mods/heroes.stormmod/enus.stormassets/localizeddata/sounds/vo/mephistotoys19_killdeckard00.ogg	d3c3ecf1939730eac37b1c75d95a2365	54654
mods/heroes.stormmod/enus.stormassets/localizeddata/sounds/vo/mephistotoys19_killdiablo00.ogg	1a4b2a3ccfb391d35f3afc292fe68c3f	55270
mods/heroes.stormmod/enus.stormassets/localizeddata/sounds/vo/mephistotoys19_killillidan00.ogg	27cf91f67cb7ecf653af30b42cbf9def	49724
mods/heroes.stormmod/enus.stormassets/localizeddata/sounds/vo/mephistotoys19_killimperius00.ogg	157515fa11f183b2e027b56a9ce053c3	83683
mods/heroes.stormmod/enus.stormassets/localizeddata/sounds/vo/mephistotoys19_killlesser00.ogg	5ae624323b29e7c45370f3fd19e5479d	51188
mods/heroes.stormmod/enus.stormassets/localizeddata/sounds/vo/mephistotoys19_killmalthael00.ogg	e30e50fcc3eef081f5c06396b29b48a4	59691
mods/heroes.stormmod/enus.stormassets/localizeddata/sounds/vo/mephistotoys19_killmephisto00.ogg	1dae48053efdf49f38b698fb938c28c4	54631
mods/heroes.stormmod/enus.stormassets/localizeddata/sounds/vo/mephistotoys19_killmephisto01.ogg	1188325942cd028ba2e4fa4317d7dad7	53424
mods/heroes.stormmod/enus.stormassets/localizeddata/sounds/vo/mephistotoys19_killnephalem00.ogg	435a7ce13b5d2769fd42fcc54d6d6ffc	67463
mods/heroes.stormmod/enus.stormassets/localizeddata/sounds/vo/mephistotoys19_killspreeend00.ogg	9004c6469ac4b90b69d460951194f276	69341
mods/heroes.stormmod/enus.stormassets/localizeddata/sounds/vo/mephistotoys19_killtyrael00.ogg	8a389aa1afaf32f093fef5aa99b5614b	46268
mods/heroes.stormmod/enus.stormassets/localizeddata/sounds/vo/mephistotoys19_killvalla00.ogg	722644461dfb8e6dee4417a342562562	75880
mods/heroes.stormmod/enus.stormassets/localizeddata/sounds/vo/mephistotoys19_killwowdemon00.ogg	2ab6cef1014040084b532bbea8d48f2f	47533
mods/heroes.stormmod/enus.stormassets/localizeddata/sounds/vo/mephistotoys19_laugh00_01.ogg	e32b70a7df98d50f0c9dd9db54ff8d44	35179
mods/heroes.stormmod/enus.stormassets/localizeddata/sounds/vo/mephistotoys19_laugh00_02.ogg	4840f7fbd9274b211c736feee155f21e	46794
mods/heroes.stormmod/enus.stormassets/localizeddata/sounds/vo/mephistotoys19_laugh00_03.ogg	fe9b7bfeb0571b20f9923e3ee2f4ca08	41017
mods/heroes.stormmod/enus.stormassets/localizeddata/sounds/vo/mephistotoys19_laugh00_04.ogg	91abe666e0506f798f8187062d85418e	21354
mods/heroes.stormmod/enus.stormassets/localizeddata/sounds/vo/mephistotoys19_laugh00_05.ogg	6fa353a6ae35a664dcea9578fb16ff99	23426
mods/heroes.stormmod/enus.stormassets/localizeddata/sounds/vo/mephistotoys19_laugh00_06.ogg	d7458379599b6e2b3d0a5306e2976ff6	21007
mods/heroes.stormmod/enus.stormassets/localizeddata/sounds/vo/mephistotoys19_laugh00_07.ogg	189908fbc76ca5d15c913e2d7869a3fa	25650
mods/heroes.stormmod/enus.stormassets/localizeddata/sounds/vo/mephistotoys19_laugh01_00.ogg	9c73a129ae992761aff059def73be58f	24019
mods/heroes.stormmod/enus.stormassets/localizeddata/sounds/vo/mephistotoys19_laugh01_01.ogg	9cd4ad79dec5ec7869beae1e6f17ab5d	25849
mods/heroes.stormmod/enus.stormassets/localizeddata/sounds/vo/mephistotoys19_laugh01_02.ogg	e881b727363af82c43f8bb1bbe7019be	24406
mods/heroes.stormmod/enus.stormassets/localizeddata/sounds/vo/mephistotoys19_laugh01_03.ogg	9b1a7e43744c89de8213e38c30354023	29332
mods/heroes.stormmod/enus.stormassets/localizeddata/sounds/vo/mephistotoys19_laugh01_04.ogg	949eb03a24370fa5f0f4f181dd7a9322	26224
mods/heroes.stormmod/enus.stormassets/localizeddata/sounds/vo/mephistotoys19_laugh01_05.ogg	f969ea3bd39d1fc2ca3ea3ccbfb5515d	26592
mods/heroes.stormmod/enus.stormassets/localizeddata/sounds/vo/mephistotoys19_laugh01_06.ogg	03ee1c6e332d430f4a9345834f1f5bab	31740
mods/heroes.stormmod/enus.stormassets/localizeddata/sounds/vo/mephistotoys19_laugh01_07.ogg	8bf2d14c2c1641bb8bd84c5f004cf776	33749
mods/heroes.stormmod/enus.stormassets/localizeddata/sounds/vo/mephistotoys19_laugh01_08.ogg	749080992b2682542eacc01e5b8deefd	27806
mods/heroes.stormmod/enus.stormassets/localizeddata/sounds/vo/mephistotoys19_laugh02_00.ogg	20954d518ec2f88feb5ce2c1fa00e52a	38858
mods/heroes.stormmod/enus.stormassets/localizeddata/sounds/vo/mephistotoys19_laugh02_01.ogg	457cc69de9cd13a97913f8fed7a80f90	35950
mods/heroes.stormmod/enus.stormassets/localizeddata/sounds/vo/mephistotoys19_laugh02_02.ogg	de433ac10161a257753fbac8bece1411	39513
mods/heroes.stormmod/enus.stormassets/localizeddata/sounds/vo/mephistotoys19_laugh02_03.ogg	ead5fe2e4752e7d4df5b07bbab5d9dc7	34252
mods/heroes.stormmod/enus.stormassets/localizeddata/sounds/vo/mephistotoys19_laugh02_04.ogg	3bbd52dc7df7d68784eb86ea58e668d3	39441
mods/heroes.stormmod/enus.stormassets/localizeddata/sounds/vo/mephistotoys19_laugh03_00.ogg	9243fae4d065c2c7f11fb0951aada9ba	21378
mods/heroes.stormmod/enus.stormassets/localizeddata/sounds/vo/mephistotoys19_laugh03_01.ogg	c8b72aa6876f2da70d07f94d65b4feec	23999
mods/heroes.stormmod/enus.stormassets/localizeddata/sounds/vo/mephistotoys19_laugh03_02.ogg	1385121546df4ebc1ccba530c03bd817	21349
mods/heroes.stormmod/enus.stormassets/localizeddata/sounds/vo/mephistotoys19_laugh03_03.ogg	4ad8dbbaa07003c1182acd5ba5b8f853	20995
mods/heroes.stormmod/enus.stormassets/localizeddata/sounds/vo/mephistotoys19_laugh03_04.ogg	b285cb35e5ef84f15f3ea6e60060797e	20246
mods/heroes.stormmod/enus.stormassets/localizeddata/sounds/vo/mephistotoys19_laugh03_05.ogg	176ae4fd73598185d48e5799ad653820	18453
mods/heroes.stormmod/enus.stormassets/localizeddata/sounds/vo/mephistotoys19_laugh03_06.ogg	b6b8ebc0ab41efc0f0f3bb1f159b358f	19744
mods/heroes.stormmod/enus.stormassets/localizeddata/sounds/vo/mephistotoys19_laugh03_07.ogg	944786fecad1785ccea3815344aefdf3	19188
mods/heroes.stormmod/enus.stormassets/localizeddata/sounds/vo/mephistotoys19_laugh03_08.ogg	7f56bf5b012c6c55b328df0f6200bb24	17165
mods/heroes.stormmod/enus.stormassets/localizeddata/sounds/vo/mephistotoys19_lowlifeheal00.ogg	6a7b9ade16dec71d958872f0ee948e78	54218
mods/heroes.stormmod/enus.stormassets/localizeddata/sounds/vo/mephistotoys19_lowlifeheal01.ogg	686d88958cdfd89de05016193e9ad8bc	47221
mods/heroes.stormmod/enus.stormassets/localizeddata/sounds/vo/mephistotoys19_lowlifeheal02.ogg	ccd2ccb451269ea366ac1880c17b8d52	34022
mods/heroes.stormmod/enus.stormassets/localizeddata/sounds/vo/mephistotoys19_lowmana00.ogg	8c4c5993198cb6a986446c7056237290	24111
mods/heroes.stormmod/enus.stormassets/localizeddata/sounds/vo/mephistotoys19_lowmana01.ogg	d97db6a1fa9b4ebe0d0eb88f41d65571	31500
mods/heroes.stormmod/enus.stormassets/localizeddata/sounds/vo/mephistotoys19_lowmana02.ogg	b275325592c1a494d9a075e6be3633e6	35930
mods/heroes.stormmod/enus.stormassets/localizeddata/sounds/vo/mephistotoys19_matchend01.ogg	66b9d43f7f57739789be1c462c438ee4	46898
mods/heroes.stormmod/enus.stormassets/localizeddata/sounds/vo/mephistotoys19_matchend02.ogg	69208a5efc43ab33b7d265b2874f7203	48789
mods/heroes.stormmod/enus.stormassets/localizeddata/sounds/vo/mephistotoys19_no00.ogg	4738cae885eb8a9c78dd8600f19b73ad	22257
mods/heroes.stormmod/enus.stormassets/localizeddata/sounds/vo/mephistotoys19_no01.ogg	95f15aacb53ae48a7acc9a559bc33d7f	28346
mods/heroes.stormmod/enus.stormassets/localizeddata/sounds/vo/mephistotoys19_no02.ogg	c22289cfb3a0c5d979416d7204f6591c	32732
mods/heroes.stormmod/enus.stormassets/localizeddata/sounds/vo/mephistotoys19_nothappy00.ogg	6a0698cee0dcf99984e1be1fb0bc3443	30308
mods/heroes.stormmod/enus.stormassets/localizeddata/sounds/vo/mephistotoys19_ping_assisthero00.ogg	6962cf50409cc3b618ab859d57595537	64303
mods/heroes.stormmod/enus.stormassets/localizeddata/sounds/vo/mephistotoys19_ping_assistme00.ogg	1bb54488fd0b5a00053b5657f2285b9c	36319
mods/heroes.stormmod/enus.stormassets/localizeddata/sounds/vo/mephistotoys19_ping_assistme01.ogg	d9363e4428ebdc79f7fdb72debd61e27	28423
mods/heroes.stormmod/enus.stormassets/localizeddata/sounds/vo/mephistotoys19_ping_attackcastle00.ogg	1543d28e7d3a335079e375b456dad060	34922
mods/heroes.stormmod/enus.stormassets/localizeddata/sounds/vo/mephistotoys19_ping_attackmerc00.ogg	8e487016be66f8cbcdfe395817731a94	43004
mods/heroes.stormmod/enus.stormassets/localizeddata/sounds/vo/mephistotoys19_ping_attackoutpost00.ogg	ac70c1f02cbb4ef3d5d1acbbd4194662	24815
mods/heroes.stormmod/enus.stormassets/localizeddata/sounds/vo/mephistotoys19_ping_attacktower00.ogg	dfc984e834e6f10f1f66df25ba3af30a	40705
mods/heroes.stormmod/enus.stormassets/localizeddata/sounds/vo/mephistotoys19_ping_defendcastle00.ogg	5cdc08f9af99d3ddff21670888c9a8f5	27456
mods/heroes.stormmod/enus.stormassets/localizeddata/sounds/vo/mephistotoys19_ping_defendoutpost00.ogg	6c98bc7e8dee9235495ecc8a5d37a590	35106
mods/heroes.stormmod/enus.stormassets/localizeddata/sounds/vo/mephistotoys19_ping_defendtower00.ogg	4c9d0e2c69b51f07ec012662f6423073	49634
mods/heroes.stormmod/enus.stormassets/localizeddata/sounds/vo/mephistotoys19_ping_killhero00.ogg	36b204324dfbdd8bd0fd7de982447065	50875
mods/heroes.stormmod/enus.stormassets/localizeddata/sounds/vo/mephistotoys19_pissed00.ogg	cb6328cd3409f47ef6cf047e17d2e8a9	61418
mods/heroes.stormmod/enus.stormassets/localizeddata/sounds/vo/mephistotoys19_pissed01.ogg	aab1d0c6020e7835bc077db452ae5993	49596
mods/heroes.stormmod/enus.stormassets/localizeddata/sounds/vo/mephistotoys19_pissed02_alt.ogg	97038a53b692e76719830bb6ec9ab803	98953
mods/heroes.stormmod/enus.stormassets/localizeddata/sounds/vo/mephistotoys19_pissed03.ogg	8da1ee09154c060aa149193d1367033c	119315
mods/heroes.stormmod/enus.stormassets/localizeddata/sounds/vo/mephistotoys19_pissed04.ogg	de20f04d11c0ad2e2a9a9416d3d87a5d	155827
mods/heroes.stormmod/enus.stormassets/localizeddata/sounds/vo/mephistotoys19_pissed05.ogg	e7bdcc8feac7549874c5f0f15905f694	118071
mods/heroes.stormmod/enus.stormassets/localizeddata/sounds/vo/mephistotoys19_pissed06.ogg	21a0ba4772fd28af511f44b472de5f45	49109
mods/heroes.stormmod/enus.stormassets/localizeddata/sounds/vo/mephistotoys19_pissed07.ogg	a33e19cc0c655f24608512448de754a7	116294
mods/heroes.stormmod/enus.stormassets/localizeddata/sounds/vo/mephistotoys19_pissed08.ogg	c63a5cdb8e407abea451d7bd3b2ad38d	87789
mods/heroes.stormmod/enus.stormassets/localizeddata/sounds/vo/mephistotoys19_pissed09.ogg	2f5fa075ff5fb05933da64b8d736d0f6	102830
mods/heroes.stormmod/enus.stormassets/localizeddata/sounds/vo/mephistotoys19_pissed10.ogg	6779ab3d0ffd2152d74f3d2333dd62a6	132310
mods/heroes.stormmod/enus.stormassets/localizeddata/sounds/vo/mephistotoys19_pissed11.ogg	b7bf539cdf2869cf7dc40069e347eb29	224483
mods/heroes.stormmod/enus.stormassets/localizeddata/sounds/vo/mephistotoys19_pissed12.ogg	2639d8bbbdb30f791fe621250f574d94	90545
mods/heroes.stormmod/enus.stormassets/localizeddata/sounds/vo/mephistotoys19_pissed13.ogg	55d37324edcaeb4a8fdbf0b3d19a358a	98375
mods/heroes.stormmod/enus.stormassets/localizeddata/sounds/vo/mephistotoys19_pissed14.ogg	6ed02f21baf8657e5b650971668992fa	116462
mods/heroes.stormmod/enus.stormassets/localizeddata/sounds/vo/mephistotoys19_resurrected00.ogg	1525d4a4c019bce204cfd8350dc8af53	58928
mods/heroes.stormmod/enus.stormassets/localizeddata/sounds/vo/mephistotoys19_resurrected01.ogg	9ca57c449f6443cd8047624b4728ae8e	29734
mods/heroes.stormmod/enus.stormassets/localizeddata/sounds/vo/mephistotoys19_revive00.ogg	07238c938f9ab7117876cef1c99ba3c3	41898
mods/heroes.stormmod/enus.stormassets/localizeddata/sounds/vo/mephistotoys19_revive01.ogg	9197cfa0f0039ef8e9b6cbdf8aab8e77	49290
mods/heroes.stormmod/enus.stormassets/localizeddata/sounds/vo/mephistotoys19_revive02.ogg	7bf8cddb10570d863491eaebc2aac629	51069
mods/heroes.stormmod/enus.stormassets/localizeddata/sounds/vo/mephistotoys19_spec00.ogg	e175a88c1dddd1edfc8c21fc1bbb69c8	35479
mods/heroes.stormmod/enus.stormassets/localizeddata/sounds/vo/mephistotoys19_spec01.ogg	91062073eedd5b74a0a6433ae119083c	40472
mods/heroes.stormmod/enus.stormassets/localizeddata/sounds/vo/mephistotoys19_spec02.ogg	29c7a728d5bef82b4a2f99406e1a6a61	50170
mods/heroes.stormmod/enus.stormassets/localizeddata/sounds/vo/mephistotoys19_spec03.ogg	1b329b50dc836bb7031384065e9ede73	32125
mods/heroes.stormmod/enus.stormassets/localizeddata/sounds/vo/mephistotoys19_spec04.ogg	b2167d1333af9a8d69a877ff48453c11	40778
mods/heroes.stormmod/enus.stormassets/localizeddata/sounds/vo/mephistotoys19_taunt00.ogg	12dab60ba84add118162a9b8c4e119ee	49016
mods/heroes.stormmod/enus.stormassets/localizeddata/sounds/vo/mephistotoys19_taunt02.ogg	83e1b3ae211413fc9207ba2eefbe1e9e	48288
mods/heroes.stormmod/enus.stormassets/localizeddata/sounds/vo/mephistotoys19_teamkilled00.ogg	6ff7a183f31bb703dd6d3c6787bf6238	61160
mods/heroes.stormmod/enus.stormassets/localizeddata/sounds/vo/mephistotoys19_ui_exlocked00.ogg	3ac3d3933f32cb155ecce71801b3bb67	36801
mods/heroes.stormmod/enus.stormassets/localizeddata/sounds/vo/mephistotoys19_ui_expurchased00.ogg	7e4c642ec2a2e2c3613a6ff26af43c18	51269
mods/heroes.stormmod/enus.stormassets/localizeddata/sounds/vo/mephistotoys19_ui_gift00.ogg	1aa4434f00dc28ea381b2b47f90c24b8	46990
mods/heroes.stormmod/enus.stormassets/localizeddata/sounds/vo/mephistotoys19_ui_lockin00.ogg	2e7fc118f370c1e2076c56a682f24479	27336
mods/heroes.stormmod/enus.stormassets/localizeddata/sounds/vo/mephistotoys19_ui_purchase00.ogg	52841006a6a8fedc7badf64f15f968d9	46593
mods/heroes.stormmod/enus.stormassets/localizeddata/sounds/vo/mephistotoys19_ui_trial00.ogg	170d69e2e398e8adec4c16eec2559f1c	31659
mods/heroes.stormmod/enus.stormassets/localizeddata/sounds/vo/mephistotoys19_ui_trial01.ogg	e1b3d654dc744b1a6688afc92746ca90	46361
mods/heroes.stormmod/enus.stormassets/localizeddata/sounds/vo/mephistotoys19_ui_vox_spun00.ogg	51173e13979b46c315a377bd43ceb3aa	18266
mods/heroes.stormmod/enus.stormassets/localizeddata/sounds/vo/mephistotoys19_ui_vox_spun01.ogg	788d4bd26f2f727c6e01617b644529c5	34219
mods/heroes.stormmod/enus.stormassets/localizeddata/sounds/vo/mephistotoys19_ui_vox_spun02.ogg	ec5337513d9f11a92cabe9660509111c	32155
mods/heroes.stormmod/enus.stormassets/localizeddata/sounds/vo/mephistotoys19_ui_vox_spun03.ogg	f6953fa81f2562e157e1f9ca8ab25281	29833
mods/heroes.stormmod/enus.stormassets/localizeddata/sounds/vo/mephistotoys19_ui_vox_spun04.ogg	8d935bbbd299d4cc87aaf60e02ebaad2	22870
mods/heroes.stormmod/enus.stormassets/localizeddata/sounds/vo/mephistotoys19_ui_vox_spun05.ogg	f68943603567e3d3179b7a7abd6c4a4a	26533
mods/heroes.stormmod/enus.stormassets/localizeddata/sounds/vo/mephistotoys19_ui_vox_spun06.ogg	893c621ba81ad343204fa0363ddf642b	27925
mods/heroes.stormmod/enus.stormassets/localizeddata/sounds/vo/mephistotoys19_ui_vox_spun07.ogg	752c89df5bb0fd4e59480d388b8d5d46	27121
mods/heroes.stormmod/enus.stormassets/localizeddata/sounds/vo/mephistotoys19_ui_vox_spun08.ogg	a3ce51e4e84361becda9243df6cd0eef	24861
mods/heroes.stormmod/enus.stormassets/localizeddata/sounds/vo/mephistotoys19_ui_vox_spun09.ogg	d592b05a8dca54aa1af6bd21c2333857	23221
mods/heroes.stormmod/enus.stormassets/localizeddata/sounds/vo/mephistotoys19_ui_waitlocked00.ogg	12c85891ba41b42a38a4efa279a80b82	71336
mods/heroes.stormmod/enus.stormassets/localizeddata/sounds/vo/mephistotoys19_ui_waitlocked01.ogg	55d1735ed7bee23a6063f7ca9665c010	56158
mods/heroes.stormmod/enus.stormassets/localizeddata/sounds/vo/mephistotoys19_ui_waitpurchased00.ogg	008d6157dcbd248c718271762ac7f9a1	42435
mods/heroes.stormmod/enus.stormassets/localizeddata/sounds/vo/mephistotoys19_ui_waitpurchased01.ogg	fdbbcd8bff819c3dd41c711984231678	88595
mods/heroes.stormmod/enus.stormassets/localizeddata/sounds/vo/mephistotoys19_ultchain00.ogg	7014dfd0ca5dbfbe2a2fc13e8d86a7f4	18834
mods/heroes.stormmod/enus.stormassets/localizeddata/sounds/vo/mephistotoys19_ultchain01.ogg	c97e6e4a0baee2c91eb10a925e32b744	24196
mods/heroes.stormmod/enus.stormassets/localizeddata/sounds/vo/mephistotoys19_ultchain02.ogg	84cdb9e79b0a81dafa46026439cfc6a7	18068
mods/heroes.stormmod/enus.stormassets/localizeddata/sounds/vo/mephistotoys19_ultchain03.ogg	b09a869f35ac6451a7bdbde66e6149d1	18338
mods/heroes.stormmod/enus.stormassets/localizeddata/sounds/vo/mephistotoys19_ultchain04.ogg	eb74703f91f74e7c604065b564606005	24245
mods/heroes.stormmod/enus.stormassets/localizeddata/sounds/vo/mephistotoys19_ultimate1used00.ogg	9338a232c77a9b086cd1ad4e36be5bcc	40502
mods/heroes.stormmod/enus.stormassets/localizeddata/sounds/vo/mephistotoys19_ultimate1used01.ogg	e8fb92083700ff05135ecdab9a48ef10	36956
mods/heroes.stormmod/enus.stormassets/localizeddata/sounds/vo/mephistotoys19_ultimate1used02.ogg	d80d24d1dededf9b83231b959d9d0bda	50627
mods/heroes.stormmod/enus.stormassets/localizeddata/sounds/vo/mephistotoys19_ultimate1usedenemy00.ogg	27761cb395e887e1363d9f2f82f1892c	38825
mods/heroes.stormmod/enus.stormassets/localizeddata/sounds/vo/mephistotoys19_ultimate1usedenemy01.ogg	2e7767731488e6b8d1b67af7ca437b07	44450
mods/heroes.stormmod/enus.stormassets/localizeddata/sounds/vo/mephistotoys19_ultimate1usedenemy02.ogg	83843c24259cfde09d257b5888b9c852	52091
mods/heroes.stormmod/enus.stormassets/localizeddata/sounds/vo/mephistotoys19_ultimate2used00.ogg	ab3eda77d026bcfb70db8f778b0ef536	52265
mods/heroes.stormmod/enus.stormassets/localizeddata/sounds/vo/mephistotoys19_ultimate2used01.ogg	c6a54f08488b864d4952885a0fe53abb	39886
mods/heroes.stormmod/enus.stormassets/localizeddata/sounds/vo/mephistotoys19_ultimate2used02.ogg	e9adbadbea1b578d67eee934ca44662e	39386
mods/heroes.stormmod/enus.stormassets/localizeddata/sounds/vo/mephistotoys19_voicelinefour00.ogg	105d7a379a1867309d435876ec3fe5d8	81275
mods/heroes.stormmod/enus.stormassets/localizeddata/sounds/vo/mephistotoys19_voicelineone00.ogg	c9280a2da63802a8c628f6a167f8b24f	38148
mods/heroes.stormmod/enus.stormassets/localizeddata/sounds/vo/mephistotoys19_voicelinethree00.ogg	5f962300502ad322821cc36d7f3bfaf3	34164
mods/heroes.stormmod/enus.stormassets/localizeddata/sounds/vo/mephistotoys19_voicelinetwo00.ogg	5965490bb1aa2a03e1be03facb2c11f9	56419
mods/heroes.stormmod/enus.stormassets/localizeddata/sounds/vo/mephistotoys19_vox_attack00.ogg	2adc6545290b430f34a25ae730211063	13617
mods/heroes.stormmod/enus.stormassets/localizeddata/sounds/vo/mephistotoys19_vox_attack01.ogg	8fdadc096273da86f3a430920fb83254	15432
mods/heroes.stormmod/enus.stormassets/localizeddata/sounds/vo/mephistotoys19_vox_attack02.ogg	a8adef4a3bbeea69e6118cd00bc9b940	15756
mods/heroes.stormmod/enus.stormassets/localizeddata/sounds/vo/mephistotoys19_vox_attack03.ogg	02098cb04d2bbe0f4469d6204b08b3c3	17160
mods/heroes.stormmod/enus.stormassets/localizeddata/sounds/vo/mephistotoys19_vox_attack04.ogg	ac902e6120d31b957ba31d9f560a39b7	9049
mods/heroes.stormmod/enus.stormassets/localizeddata/sounds/vo/mephistotoys19_vox_attack05.ogg	e9afe97529054995acfffb2c4df76386	10347
mods/heroes.stormmod/enus.stormassets/localizeddata/sounds/vo/mephistotoys19_vox_attack06.ogg	6ce80f89a41bcdb695497b12f7fcefd5	11775
mods/heroes.stormmod/enus.stormassets/localizeddata/sounds/vo/mephistotoys19_vox_attack07.ogg	ceb1379c9766b1a756291fd0455d33fb	13512
mods/heroes.stormmod/enus.stormassets/localizeddata/sounds/vo/mephistotoys19_vox_attack08.ogg	5f5d1a140a1063ad28c78c7ccf88032f	11226
mods/heroes.stormmod/enus.stormassets/localizeddata/sounds/vo/mephistotoys19_vox_attack09.ogg	f6f0e58e5a0312783eded0b029d382c9	10179
mods/heroes.stormmod/enus.stormassets/localizeddata/sounds/vo/mephistotoys19_vox_attack10.ogg	9ad4f300f9bffe92a1c1b3368003ca0e	12128
mods/heroes.stormmod/enus.stormassets/localizeddata/sounds/vo/mephistotoys19_vox_attack11.ogg	7294dd4f118658bf58d5532a3c36350a	12677
mods/heroes.stormmod/enus.stormassets/localizeddata/sounds/vo/mephistotoys19_vox_attack12.ogg	eace56ad41b1300ef6539adc38aa4cc8	11505
mods/heroes.stormmod/enus.stormassets/localizeddata/sounds/vo/mephistotoys19_vox_attack13.ogg	522296c61f324832386717cce3574fe2	13189
mods/heroes.stormmod/enus.stormassets/localizeddata/sounds/vo/mephistotoys19_vox_attack14.ogg	fe356582fd2088d2b0da19ac7be83e27	11191
mods/heroes.stormmod/enus.stormassets/localizeddata/sounds/vo/mephistotoys19_vox_castingq00_13.ogg	3b470e3569d38ad797ea29e1fd41d708	19671
mods/heroes.stormmod/enus.stormassets/localizeddata/sounds/vo/mephistotoys19_vox_castingq00_15.ogg	10e8401c66bb32d7b7790fd1406bec7f	17203
mods/heroes.stormmod/enus.stormassets/localizeddata/sounds/vo/mephistotoys19_vox_castingq00_16.ogg	ff2f53dc0f09ede4199a4f0cacfab0ef	17480
mods/heroes.stormmod/enus.stormassets/localizeddata/sounds/vo/mephistotoys19_vox_castingq00_18.ogg	bb4fa8814cfa7a63c5107f099966a67a	17971
mods/heroes.stormmod/enus.stormassets/localizeddata/sounds/vo/mephistotoys19_vox_castingq00_19.ogg	0f57f76d9ac9d15968cc9441c9a65448	14692
mods/heroes.stormmod/enus.stormassets/localizeddata/sounds/vo/mephistotoys19_vox_cheer00.ogg	686469e4556548203bb85beb0952e3df	20630
mods/heroes.stormmod/enus.stormassets/localizeddata/sounds/vo/mephistotoys19_vox_cheer01.ogg	6ef93851b0e56c26d4a64a30cf3bfa20	23139
mods/heroes.stormmod/enus.stormassets/localizeddata/sounds/vo/mephistotoys19_vox_cheer02.ogg	174a7831777937484440a6ffd6a9f03d	20054
mods/heroes.stormmod/enus.stormassets/localizeddata/sounds/vo/mephistotoys19_vox_cheer03.ogg	ea2d8d5422dfd315cd1bcd7ba4e22ce0	16803
mods/heroes.stormmod/enus.stormassets/localizeddata/sounds/vo/mephistotoys19_vox_cheer04.ogg	5660b02c6e43fb7749d0f53a79990c2a	17691
mods/heroes.stormmod/enus.stormassets/localizeddata/sounds/vo/mephistotoys19_vox_cheer05.ogg	e29e2d8b31d29aa97ad906644f45a9ff	22625
mods/heroes.stormmod/enus.stormassets/localizeddata/sounds/vo/mephistotoys19_vox_cheer06.ogg	d2678127f5b58c00a6da7665d128b4a9	24427
mods/heroes.stormmod/enus.stormassets/localizeddata/sounds/vo/mephistotoys19_vox_cheer07.ogg	7f407d8424c1cc94b6a80e074cb31f89	25597
mods/heroes.stormmod/enus.stormassets/localizeddata/sounds/vo/mephistotoys19_vox_cheer08.ogg	082c48ed19674f5f530a312c42796cf9	29567
mods/heroes.stormmod/enus.stormassets/localizeddata/sounds/vo/mephistotoys19_vox_cheer09.ogg	05b4d4d4221e931fa422d394aac5763d	23467
mods/heroes.stormmod/enus.stormassets/localizeddata/sounds/vo/mephistotoys19_vox_cheer10.ogg	087d6f150ad54bf7d475c51ce5f3ad7b	24568
mods/heroes.stormmod/enus.stormassets/localizeddata/sounds/vo/mephistotoys19_vox_gethitlarge00.ogg	9d93fe5a9e4f663e99a533de3eddf6f5	11027
mods/heroes.stormmod/enus.stormassets/localizeddata/sounds/vo/mephistotoys19_vox_gethitlarge01.ogg	02cfb5e169dbc8df2f70f6919acfc445	10988
mods/heroes.stormmod/enus.stormassets/localizeddata/sounds/vo/mephistotoys19_vox_gethitlarge02.ogg	38a039344282570db38d5a91c73a9afd	15020
mods/heroes.stormmod/enus.stormassets/localizeddata/sounds/vo/mephistotoys19_vox_gethitlarge03.ogg	369c6b4fd41ba026c3359555918b68cd	12113
mods/heroes.stormmod/enus.stormassets/localizeddata/sounds/vo/mephistotoys19_vox_gethitlarge04.ogg	b279ccc793add0ff33fb1420109c284f	9481
mods/heroes.stormmod/enus.stormassets/localizeddata/sounds/vo/mephistotoys19_vox_gethitlarge05.ogg	2272e17a3ba286fdb1b1126779d424df	11364
mods/heroes.stormmod/enus.stormassets/localizeddata/sounds/vo/mephistotoys19_vox_gethitlarge06.ogg	9e2ca2036c2b3e6751252b41de218368	10261
mods/heroes.stormmod/enus.stormassets/localizeddata/sounds/vo/mephistotoys19_vox_gethitlarge07.ogg	1f0306f40ebcfdf9aa66e307ba24bc2c	9931
mods/heroes.stormmod/enus.stormassets/localizeddata/sounds/vo/mephistotoys19_vox_gethitlarge08.ogg	2c6dcbb989001f0ae12d8627d1346975	11474
mods/heroes.stormmod/enus.stormassets/localizeddata/sounds/vo/mephistotoys19_vox_gethitlarge09.ogg	0ce7bd1a1ca628b0ef7ea44b28efaace	11789
mods/heroes.stormmod/enus.stormassets/localizeddata/sounds/vo/mephistotoys19_vox_gethitlarge10.ogg	7c786f8cd0f0495dff851f142fd497a6	11573
mods/heroes.stormmod/enus.stormassets/localizeddata/sounds/vo/mephistotoys19_vox_gethitlarge11.ogg	a752e5f19b03652de3fabe23e5d73309	10477
mods/heroes.stormmod/enus.stormassets/localizeddata/sounds/vo/mephistotoys19_vox_gethitlarge12.ogg	9f660e00cf73cf5b5bd6ae7c363ae1a3	9234
mods/heroes.stormmod/enus.stormassets/localizeddata/sounds/vo/mephistotoys19_vox_gethitlarge13.ogg	11f1049ea834dcc03a0c020cf4977275	9410
mods/heroes.stormmod/enus.stormassets/localizeddata/sounds/vo/mephistotoys19_vox_gethitlarge14.ogg	987fa8c6997b88d8409955ac80f83bf1	14052
mods/heroes.stormmod/enus.stormassets/localizeddata/sounds/vo/mephistotoys19_vox_gethitsmall00.ogg	aed1a2ff18c9935908e629fa3dca2fd2	14444
mods/heroes.stormmod/enus.stormassets/localizeddata/sounds/vo/mephistotoys19_vox_gethitsmall01.ogg	61ba4c11114b28dccf779ed5c98ff1c3	13520
mods/heroes.stormmod/enus.stormassets/localizeddata/sounds/vo/mephistotoys19_vox_gethitsmall02.ogg	7f07d5dc1d397b43fb1e6425c0614eb3	10831
mods/heroes.stormmod/enus.stormassets/localizeddata/sounds/vo/mephistotoys19_vox_gethitsmall03.ogg	ab8b3f265ce4fb5b91d4030bc1ea5e45	14336
mods/heroes.stormmod/enus.stormassets/localizeddata/sounds/vo/mephistotoys19_vox_gethitsmall04.ogg	8063900d4889dade429c10c9da401f4d	13423
mods/heroes.stormmod/enus.stormassets/localizeddata/sounds/vo/mephistotoys19_vox_gethitsmall05.ogg	16668043a2469c344e81b292889f84a4	14392
mods/heroes.stormmod/enus.stormassets/localizeddata/sounds/vo/mephistotoys19_vox_gethitsmall06.ogg	9cd577919663f831e0c24cef31cbd3dd	10335
mods/heroes.stormmod/enus.stormassets/localizeddata/sounds/vo/mephistotoys19_vox_gethitsmall07.ogg	ba073906833fdce30c776a24b940e0bc	10217
mods/heroes.stormmod/enus.stormassets/localizeddata/sounds/vo/mephistotoys19_vox_gethitsmall08.ogg	7d86a8073f9e3fc147f13bee747afc2e	10176
mods/heroes.stormmod/enus.stormassets/localizeddata/sounds/vo/mephistotoys19_vox_gethitsmall09.ogg	76c6fe752daf07b9f3f08f16961739e4	11938
mods/heroes.stormmod/enus.stormassets/localizeddata/sounds/vo/mephistotoys19_vox_gethitsmall10.ogg	d983533a21a8a091e9eba6ff9fe77687	9715
mods/heroes.stormmod/enus.stormassets/localizeddata/sounds/vo/mephistotoys19_vox_gethitsmall11.ogg	523c5bd68cc0aacce373b70f020f2645	9699
mods/heroes.stormmod/enus.stormassets/localizeddata/sounds/vo/mephistotoys19_vox_gethitsmall12.ogg	3908be2d173a6b3b946713d82cccc000	10413
mods/heroes.stormmod/enus.stormassets/localizeddata/sounds/vo/mephistotoys19_vox_gethitsmall13.ogg	a94ec72af4f99e421dad78d882c63752	10733
mods/heroes.stormmod/enus.stormassets/localizeddata/sounds/vo/mephistotoys19_vox_gethitsmall14.ogg	f7b28bef1d84fa9ca1767ab062a6b293	10073
mods/heroes.stormmod/enus.stormassets/localizeddata/sounds/vo/mephistotoys19_vox_gethitsmall15.ogg	fa3cc7acea6b4a3b3645c70c461b48e9	12008
mods/heroes.stormmod/enus.stormassets/localizeddata/sounds/vo/mephistotoys19_vox_gethitsmall16.ogg	88e8547689f6b5fec77f9583d03ea3e6	9027
mods/heroes.stormmod/enus.stormassets/localizeddata/sounds/vo/mephistotoys19_vox_gethitsmall17.ogg	31128e8d466783d022f376a590f2b09a	8582
mods/heroes.stormmod/enus.stormassets/localizeddata/sounds/vo/mephistotoys19_vox_gethitsmall18.ogg	571be1e2f758b63b68ebc75f898bd919	7063
mods/heroes.stormmod/enus.stormassets/localizeddata/sounds/vo/mephistotoys19_vox_gethitsmall19.ogg	313eb83870e0a9ee17c1493a6443ea84	7792
mods/heroes.stormmod/enus.stormassets/localizeddata/sounds/vo/mephistotoys19_vox_gethitsmall20.ogg	5d90c1b48fc58c7651b993db68dd977e	9046
mods/heroes.stormmod/enus.stormassets/localizeddata/sounds/vo/mephistotoys19_vox_gethitsmall21.ogg	f81a242fae18708d3acfa17168952bd2	7908
mods/heroes.stormmod/enus.stormassets/localizeddata/sounds/vo/mephistotoys19_vox_gethitsmall22.ogg	e31f8826f23937b04105948c4dc599ed	8576
mods/heroes.stormmod/enus.stormassets/localizeddata/sounds/vo/mephistotoys19_vox_gethitsmall23.ogg	242acf0cdbf200b052f6f996740600ff	7386
mods/heroes.stormmod/enus.stormassets/localizeddata/sounds/vo/mephistotoys19_vox_gethitsmall24.ogg	ec7eb65f38e20f03ecaf715ec97112a5	9041
mods/heroes.stormmod/enus.stormassets/localizeddata/sounds/vo/mephistotoys19_vox_gethitsmall25.ogg	f378b0ea5882775a10f6a4bb74cab7d8	9178
mods/heroes.stormmod/enus.stormassets/localizeddata/sounds/vo/mephistotoys19_vox_pulled00.ogg	4a3c285e36ffc1385a4c0b545d04300a	15478
mods/heroes.stormmod/enus.stormassets/localizeddata/sounds/vo/mephistotoys19_vox_pulled01.ogg	5da3661f9dcc1e6f8cd17a395b0f988f	15239
mods/heroes.stormmod/enus.stormassets/localizeddata/sounds/vo/mephistotoys19_vox_pulled02.ogg	94372fee9c3d4953f8f6dcef55aba85f	13467
mods/heroes.stormmod/enus.stormassets/localizeddata/sounds/vo/mephistotoys19_vox_pulled03.ogg	2d8257a725df1ff84a7bf3af5e3b232f	13213
mods/heroes.stormmod/enus.stormassets/localizeddata/sounds/vo/mephistotoys19_vox_pulled04.ogg	90fcad7bc6556555a710f7678063a833	15038
mods/heroes.stormmod/enus.stormassets/localizeddata/sounds/vo/mephistotoys19_vox_pulled05.ogg	8b8c62f1231e0d938eee685e5e0f143e	15586
mods/heroes.stormmod/enus.stormassets/localizeddata/sounds/vo/mephistotoys19_vox_pulled06.ogg	8f3bc2753a88d195af457c27c357c213	15339
mods/heroes.stormmod/enus.stormassets/localizeddata/sounds/vo/mephistotoys19_vox_pulled07.ogg	de811936d7f57cca0064c0601897d7e0	13840
mods/heroes.stormmod/enus.stormassets/localizeddata/sounds/vo/mephistotoys19_vox_pulled08.ogg	4d69f0b358d9db1c11106664faf80a2c	10826
mods/heroes.stormmod/enus.stormassets/localizeddata/sounds/vo/mephistotoys19_vox_pulled09.ogg	99f6f100dc41981344336ae00b4d91ca	13540
mods/heroes.stormmod/enus.stormassets/localizeddata/sounds/vo/mephistotoys19_vox_pulled10.ogg	2cee1093153730eeabfd1079fe8e7adc	13141
mods/heroes.stormmod/enus.stormassets/localizeddata/sounds/vo/mephistotoys19_worthit00.ogg	b11e5cb464c6e19c00b5b0287f6d2cea	61494
mods/heroes.stormmod/enus.stormassets/localizeddata/sounds/vo/mephistotoys19_worthit01.ogg	5bfdd70dde0e131577bf7127096ed4f4	45131
mods/heroes.stormmod/enus.stormassets/localizeddata/sounds/vo/mephistotoys19_yes00.ogg	c4f3ec837d30cbe7771a22f7d632ed23	28169
mods/heroes.stormmod/enus.stormassets/localizeddata/sounds/vo/mephistotoys19_yes01.ogg	b00bb7ab0df8eeb373fe16b2a9ba6566	29453
mods/heroes.stormmod/enus.stormassets/localizeddata/sounds/vo/mephistotoys19_yes02.ogg	3c3b87114f9f48751cafe7a9bb022602	29026
mods/heroes.stormmod/enus.stormassets/localizeddata/sounds/vo/mephistotoys19_yes03.ogg	326359e359143d09d008b3ce5b2e893b	29396
mods/heroes.stormmod/enus.stormassets/localizeddata/sounds/vo/mephistotoys19_yes04.ogg	dbd507216bba6971773c5f23580798d2	36148
mods/heroes.stormmod/enus.stormassets/localizeddata/sounds/vo/mephistotoys19_yes05.ogg	1ae217511015b700d08e7d8063377cd4	43019
mods/heroes.stormmod/enus.stormassets/localizeddata/sounds/vo/mephistotoys19_yes06.ogg	850a5ea8d83c49fb32513da6f2f1d83c	36326
mods/heroes.stormmod/enus.stormassets/localizeddata/sounds/vo/mephistotoys19_yes07.ogg	e85d27b74ef69c1ee980f5e8d2de918e	40958
mods/heroes.stormmod/enus.stormassets/localizeddata/sounds/vo/mephistotoys19_yes08_00.ogg	466105a4a572bae09229000e9e08ab8b	26570
mods/heroes.stormmod/enus.stormassets/localizeddata/sounds/vo/mephistotoys19_yes08_01.ogg	edf4e2a8517fe332b1235df29703ce8e	25380
mods/heroes.stormmod/enus.stormassets/localizeddata/sounds/vo/mephistotoys19_yes08_02.ogg	3c4084640a7f520982d00e33e1142a21	22993
mods/heroes.stormmod/enus.stormassets/localizeddata/sounds/vo/mephistotoys19_yes08_03.ogg	8fd49ea55153c3b43ae4aebc7a25c36e	25990
mods/heroes.stormmod/enus.stormassets/localizeddata/sounds/vo/mephistotoys19_yes08_04.ogg	a350f006aa6f9f910a3df0bffba15514	29502
mods/heroes.stormmod/enus.stormassets/localizeddata/sounds/vo/mephistotoys19_yes08_05.ogg	53178a49e18d420664ca1f5c603f95b9	32394
