mods/heroes.stormmod/enus.stormassets/localizeddata/sounds/vo/nova_ai_attack00.fxe	7628d763fc410bf6ade7fcc588059935	2051
mods/heroes.stormmod/enus.stormassets/localizeddata/sounds/vo/nova_ai_attack00.ogg	6255501a830f9038649d4b68b4ab0ab1	26258
mods/heroes.stormmod/enus.stormassets/localizeddata/sounds/vo/nova_ai_attack01.fxe	650c3e00bd52d7e1c4511dfc9af7d5dc	2435
mods/heroes.stormmod/enus.stormassets/localizeddata/sounds/vo/nova_ai_attack01.ogg	16415ca2a1daa25ce0cbccd57c9f2bae	33036
mods/heroes.stormmod/enus.stormassets/localizeddata/sounds/vo/nova_ai_attack02.fxe	8b8c7c273c4cb47bee160fc3ef850f68	1091
mods/heroes.stormmod/enus.stormassets/localizeddata/sounds/vo/nova_ai_attack02.ogg	a016384b42da8d2534f4665808e9f0c8	24361
mods/heroes.stormmod/enus.stormassets/localizeddata/sounds/vo/nova_ai_caution00.fxe	c62c268a572a1992d5a7559504a12f00	1764
mods/heroes.stormmod/enus.stormassets/localizeddata/sounds/vo/nova_ai_caution00.ogg	21eb9f22fc912bc8d3af5a7ca1356be4	25020
mods/heroes.stormmod/enus.stormassets/localizeddata/sounds/vo/nova_ai_goodjob00.fxe	d2bd87b231d290dc058b45eab137d109	884
mods/heroes.stormmod/enus.stormassets/localizeddata/sounds/vo/nova_ai_goodjob00.ogg	543316fca649db7ec7369b11c12d6296	20788
mods/heroes.stormmod/enus.stormassets/localizeddata/sounds/vo/nova_ai_goodjob01.fxe	921e98f3b993470e03e834da6faaff1a	1492
mods/heroes.stormmod/enus.stormassets/localizeddata/sounds/vo/nova_ai_goodjob01.ogg	454cc6cf77731b9fc549e63f33406919	24335
mods/heroes.stormmod/enus.stormassets/localizeddata/sounds/vo/nova_ai_heal00.fxe	cefa13fb5c62d0562470ab46294673ea	2593
mods/heroes.stormmod/enus.stormassets/localizeddata/sounds/vo/nova_ai_heal00.ogg	b91fcdfd394ea21479af65250fb6f940	39089
mods/heroes.stormmod/enus.stormassets/localizeddata/sounds/vo/nova_ai_heal01.fxe	45c780ebddd9b1f5f5344735510681e3	2177
mods/heroes.stormmod/enus.stormassets/localizeddata/sounds/vo/nova_ai_heal01.ogg	1efe10084f8114fc4116cf3c84d941c3	33189
mods/heroes.stormmod/enus.stormassets/localizeddata/sounds/vo/nova_ai_retreat00.fxe	81d74146bccdff552edd491d2b205f15	2036
mods/heroes.stormmod/enus.stormassets/localizeddata/sounds/vo/nova_ai_retreat00.ogg	273ae382efcc5509b5e4f5fbd585a2db	27957
mods/heroes.stormmod/enus.stormassets/localizeddata/sounds/vo/nova_ai_retreat01.fxe	dc17801f95f84ac94d153b59e138f415	1636
mods/heroes.stormmod/enus.stormassets/localizeddata/sounds/vo/nova_ai_retreat01.ogg	1b2b8221ecfc6bc36a7361c92f6bcfdc	23916
mods/heroes.stormmod/enus.stormassets/localizeddata/sounds/vo/nova_ai_uhoh00.fxe	bf8b179c757952f00616a5fed1a96afd	1057
mods/heroes.stormmod/enus.stormassets/localizeddata/sounds/vo/nova_ai_uhoh00.ogg	770f132b788a2f30c1600ad835a0ae4a	17524
mods/heroes.stormmod/enus.stormassets/localizeddata/sounds/vo/nova_ai_uhoh01.fxe	27c9e0278f1b3b11448853b2ef117ade	1345
mods/heroes.stormmod/enus.stormassets/localizeddata/sounds/vo/nova_ai_uhoh01.ogg	105b26fa444d0df8efec4748384a45e7	21049
mods/heroes.stormmod/enus.stormassets/localizeddata/sounds/vo/nova_ai_uhoh02.fxe	0c465aa8997d604064a3088fe918a932	1665
mods/heroes.stormmod/enus.stormassets/localizeddata/sounds/vo/nova_ai_uhoh02.ogg	c45001135fe1c6d28f850e1e1f86887f	25046
mods/heroes.stormmod/enus.stormassets/localizeddata/sounds/vo/nova_attack00.fxe	291e67fcfddfc216c5a631b30d1e22f9	1536
mods/heroes.stormmod/enus.stormassets/localizeddata/sounds/vo/nova_attack00.ogg	ab695f2e603591c403104f8d74c842ce	26743
mods/heroes.stormmod/enus.stormassets/localizeddata/sounds/vo/nova_attack01.fxe	879937838643ed32dad9fb2451bbdaf5	1440
mods/heroes.stormmod/enus.stormassets/localizeddata/sounds/vo/nova_attack01.ogg	b9c6bf292700f9ce35513900f5ae13ba	23447
mods/heroes.stormmod/enus.stormassets/localizeddata/sounds/vo/nova_attack02.fxe	3f3eea0a6289fb53a43e88c6aa44080b	2096
mods/heroes.stormmod/enus.stormassets/localizeddata/sounds/vo/nova_attack02.ogg	6dce0768c0f9efc5dc4665b59dfd8d84	29953
mods/heroes.stormmod/enus.stormassets/localizeddata/sounds/vo/nova_attack03.fxe	30dc2ac292710642b9cbb0d744edd6fc	1472
mods/heroes.stormmod/enus.stormassets/localizeddata/sounds/vo/nova_attack03.ogg	7b86c21f577a6c97f6583983877054d7	23702
mods/heroes.stormmod/enus.stormassets/localizeddata/sounds/vo/nova_attack04.fxe	5028975bb0c363766b8a7c5bf1b2e898	1312
mods/heroes.stormmod/enus.stormassets/localizeddata/sounds/vo/nova_attack04.ogg	e7eb6b980027668cffa6ed59aa0b0e49	20611
mods/heroes.stormmod/enus.stormassets/localizeddata/sounds/vo/nova_attack05.fxe	4d4b231ac788320c5e31d7234e987ce8	1728
mods/heroes.stormmod/enus.stormassets/localizeddata/sounds/vo/nova_attack05.ogg	2e8c7b03d40256cad36a498151d0fa7d	26440
mods/heroes.stormmod/enus.stormassets/localizeddata/sounds/vo/nova_attack06.fxe	e1f474be63642935f441569e5e2f37f3	2048
mods/heroes.stormmod/enus.stormassets/localizeddata/sounds/vo/nova_attack06.ogg	d920d32d6cd767d7b8f11a8f2638620c	28626
mods/heroes.stormmod/enus.stormassets/localizeddata/sounds/vo/nova_byebye00.fxe	28c5ef8443d56e30676396bd17e9da0b	1616
mods/heroes.stormmod/enus.stormassets/localizeddata/sounds/vo/nova_byebye00.ogg	dba9760e18cd7f5a4e387914cc0e5026	33259
mods/heroes.stormmod/enus.stormassets/localizeddata/sounds/vo/nova_byebye01.fxe	5169861d9cced1fb6ef18364eec3a593	1040
mods/heroes.stormmod/enus.stormassets/localizeddata/sounds/vo/nova_byebye01.ogg	7fac9eb7a36d4991f17c6c1d5988c328	17341
mods/heroes.stormmod/enus.stormassets/localizeddata/sounds/vo/nova_byebye02.fxe	a616112c5a6aed64c0e99366fa6f83c5	2112
mods/heroes.stormmod/enus.stormassets/localizeddata/sounds/vo/nova_byebye02.ogg	6ae0dd3439de420faa4741b5c1119a4d	42720
mods/heroes.stormmod/enus.stormassets/localizeddata/sounds/vo/nova_celebrate00.fxe	75e7529a2463e237807e67697ebf6af3	1475
mods/heroes.stormmod/enus.stormassets/localizeddata/sounds/vo/nova_celebrate00.ogg	cadd16020370712e803f4f4448f15f7c	27979
mods/heroes.stormmod/enus.stormassets/localizeddata/sounds/vo/nova_celebrate01.fxe	957361f24b3715aa0af836e1a02393a2	1171
mods/heroes.stormmod/enus.stormassets/localizeddata/sounds/vo/nova_celebrate01.ogg	b4ee3e97c73d17845b5ec4d99dd8b27f	19870
mods/heroes.stormmod/enus.stormassets/localizeddata/sounds/vo/nova_comeback00.fxe	1a91cf42d4c6ff2e27cfb4bf03c0f3b5	2914
mods/heroes.stormmod/enus.stormassets/localizeddata/sounds/vo/nova_comeback00.ogg	d4af2a4735d1965c58f32c290982d111	40497
mods/heroes.stormmod/enus.stormassets/localizeddata/sounds/vo/nova_death00.fxe	15c8d08c1733e582ebd0ece826f6d191	1151
mods/heroes.stormmod/enus.stormassets/localizeddata/sounds/vo/nova_death00.wav	382ed6acce20339794b7d861068ff635	17724
mods/heroes.stormmod/enus.stormassets/localizeddata/sounds/vo/nova_death01.fxe	bbed38db8a2c28ff2316a2dd1829b6e4	991
mods/heroes.stormmod/enus.stormassets/localizeddata/sounds/vo/nova_death01.wav	25db2b04cb96b37d9f9f8f77c8a598dc	24636
mods/heroes.stormmod/enus.stormassets/localizeddata/sounds/vo/nova_death02.fxe	04718c908adf295c2ba576a2a274e4d9	991
mods/heroes.stormmod/enus.stormassets/localizeddata/sounds/vo/nova_death02.wav	beb1b3e173b730a1ee8d79b38360c0e1	15676
mods/heroes.stormmod/enus.stormassets/localizeddata/sounds/vo/nova_healed00.fxe	ec67a6318abe0f0ef271f58234600499	1584
mods/heroes.stormmod/enus.stormassets/localizeddata/sounds/vo/nova_healed00.ogg	32b270aa689898ce6e5e6205cf0258c2	28541
mods/heroes.stormmod/enus.stormassets/localizeddata/sounds/vo/nova_healed01.fxe	51f02c61750bb833d247f3630eee6431	1472
mods/heroes.stormmod/enus.stormassets/localizeddata/sounds/vo/nova_healed01.ogg	5dbec02adb3ea66c8731af328073e7ad	22480
mods/heroes.stormmod/enus.stormassets/localizeddata/sounds/vo/nova_healed02.fxe	9c6aaf615551d6147c0524b3f13d7da8	1360
mods/heroes.stormmod/enus.stormassets/localizeddata/sounds/vo/nova_healed02.ogg	19ddbfd66d5c426b288b6da996970c28	24735
mods/heroes.stormmod/enus.stormassets/localizeddata/sounds/vo/nova_introagree00.fxe	81bcfaf4657983d6f363f70f2f2ac5e6	1732
mods/heroes.stormmod/enus.stormassets/localizeddata/sounds/vo/nova_introagree00.ogg	2b2d20ee0d6d83e2ecc706e39d177a0d	23513
mods/heroes.stormmod/enus.stormassets/localizeddata/sounds/vo/nova_introagree01.fxe	515215b412da5a75b31707cd4353c57b	1316
mods/heroes.stormmod/enus.stormassets/localizeddata/sounds/vo/nova_introagree01.ogg	c91d8d43c57b15572e5032f485e99d8e	22634
mods/heroes.stormmod/enus.stormassets/localizeddata/sounds/vo/nova_introagree02.fxe	aadb668b65b2185325be25c9c71a787f	2404
mods/heroes.stormmod/enus.stormassets/localizeddata/sounds/vo/nova_introagree02.ogg	8f6773ae2b888f435b42f8d2bb7f0e66	33940
mods/heroes.stormmod/enus.stormassets/localizeddata/sounds/vo/nova_introboast00.fxe	2477010fa5e15340d6fa3c1ad6d4bcf6	2420
mods/heroes.stormmod/enus.stormassets/localizeddata/sounds/vo/nova_introboast00.ogg	c2b7f4495c9e43f6096c00973d66360e	38110
mods/heroes.stormmod/enus.stormassets/localizeddata/sounds/vo/nova_introboast01.fxe	542051ee96ac0c68e43060971b74f1dd	2356
mods/heroes.stormmod/enus.stormassets/localizeddata/sounds/vo/nova_introboast01.ogg	687a57430b64a8773e43c49257ead239	32153
mods/heroes.stormmod/enus.stormassets/localizeddata/sounds/vo/nova_introquestion00.fxe	0c95a3521bbb9b9b58a8b7eb7e1aade4	1911
mods/heroes.stormmod/enus.stormassets/localizeddata/sounds/vo/nova_introquestion00.ogg	b95da66f6fa254c779b08e94004ebbfb	30183
mods/heroes.stormmod/enus.stormassets/localizeddata/sounds/vo/nova_introquestion01.fxe	a0da8bd7ff392ccf85b793988fe1424e	2359
mods/heroes.stormmod/enus.stormassets/localizeddata/sounds/vo/nova_introquestion01.ogg	a44c2c6a3d476f929cc431120cd478f0	36430
mods/heroes.stormmod/enus.stormassets/localizeddata/sounds/vo/nova_introquestion_kerrigan00.fxe	ea7fbecfe7dfc1e07c46d68afca00559	1248
mods/heroes.stormmod/enus.stormassets/localizeddata/sounds/vo/nova_introquestion_kerrigan00.ogg	3499fca4389dc2ffaebc30a4480b9449	21362
mods/heroes.stormmod/enus.stormassets/localizeddata/sounds/vo/nova_introquestion_murky00.fxe	22cfed459ead4177c2aec9258b448b2f	2717
mods/heroes.stormmod/enus.stormassets/localizeddata/sounds/vo/nova_introquestion_murky00.ogg	5e6c35e9fe681665161c42873f26404b	41430
mods/heroes.stormmod/enus.stormassets/localizeddata/sounds/vo/nova_introquestion_negative00.fxe	21c5482054d8f4c572323e58cf3ddbda	2368
mods/heroes.stormmod/enus.stormassets/localizeddata/sounds/vo/nova_introquestion_negative00.ogg	42d23b243cea421576df10fc3d029e01	36752
mods/heroes.stormmod/enus.stormassets/localizeddata/sounds/vo/nova_introquestion_positive00.fxe	ce6dc65c1dffb8dd78be728be6935716	2448
mods/heroes.stormmod/enus.stormassets/localizeddata/sounds/vo/nova_introquestion_positive00.ogg	d57416aa89e71c3ec47c3db50e8ee9c3	43724
mods/heroes.stormmod/enus.stormassets/localizeddata/sounds/vo/nova_introquestion_raynor00.fxe	f1d3cc18f18a62c3658eeddeab49760d	2142
mods/heroes.stormmod/enus.stormassets/localizeddata/sounds/vo/nova_introquestion_raynor00.ogg	3778390720da8b1d83fe53ef9317fd95	47810
mods/heroes.stormmod/enus.stormassets/localizeddata/sounds/vo/nova_introquestion_tychus00.fxe	9758f424cd78bae749a1eb86a5a37fac	2622
mods/heroes.stormmod/enus.stormassets/localizeddata/sounds/vo/nova_introquestion_tychus00.ogg	7b644344f0fb2f935334df5d3b732436	36055
mods/heroes.stormmod/enus.stormassets/localizeddata/sounds/vo/nova_introrespond00.fxe	101a5956452021e86120c2aa771c67e9	1110
mods/heroes.stormmod/enus.stormassets/localizeddata/sounds/vo/nova_introrespond00.ogg	548e6eee98d744caf0c16971161db3a4	17023
mods/heroes.stormmod/enus.stormassets/localizeddata/sounds/vo/nova_introrespond01.fxe	f0e3589bca2a4ba2e37de712e339afeb	1846
mods/heroes.stormmod/enus.stormassets/localizeddata/sounds/vo/nova_introrespond01.ogg	15045dfa920faf385d06fce68b8b8c5d	27947
mods/heroes.stormmod/enus.stormassets/localizeddata/sounds/vo/nova_introrespond02.fxe	ffb50a6ef6730d79a92bd39b869f12b5	1238
mods/heroes.stormmod/enus.stormassets/localizeddata/sounds/vo/nova_introrespond02.ogg	7625c7aa361ef7acb4997dee96925499	31219
mods/heroes.stormmod/enus.stormassets/localizeddata/sounds/vo/nova_introresponse_ana00.fxe	b9030ed9b2ee0f57627bba8b6b619828	1035
mods/heroes.stormmod/enus.stormassets/localizeddata/sounds/vo/nova_introresponse_ana00.ogg	60e75a8e343eab15dcdb1f1a04517668	12551
mods/heroes.stormmod/enus.stormassets/localizeddata/sounds/vo/nova_introresponse_kerrigan00.fxe	635a09f53d66962103b9dd1239232c27	1040
mods/heroes.stormmod/enus.stormassets/localizeddata/sounds/vo/nova_introresponse_kerrigan00.ogg	a99dcd5a883300d39acd7292319cc9b6	19291
mods/heroes.stormmod/enus.stormassets/localizeddata/sounds/vo/nova_introresponse_murky00.fxe	fcfc91b09de20f4c519d1ce4ae7c2d0d	1325
mods/heroes.stormmod/enus.stormassets/localizeddata/sounds/vo/nova_introresponse_murky00.ogg	4ce05471a6abdb42c4fd7aca7b8bd13d	26456
mods/heroes.stormmod/enus.stormassets/localizeddata/sounds/vo/nova_introresponse_negative00.fxe	a29b2687984a24623ec02e0513845a94	3312
mods/heroes.stormmod/enus.stormassets/localizeddata/sounds/vo/nova_introresponse_negative00.ogg	7229fc8d9cba290c0abcd602e5623048	45376
mods/heroes.stormmod/enus.stormassets/localizeddata/sounds/vo/nova_introresponse_positive00.fxe	df4b7f4edbbf97bce5a383dbf0bbd09f	2304
mods/heroes.stormmod/enus.stormassets/localizeddata/sounds/vo/nova_introresponse_positive00.ogg	5c39ea1f3d0e46ad9520dce42fbac849	31105
mods/heroes.stormmod/enus.stormassets/localizeddata/sounds/vo/nova_introresponse_raynor00.fxe	8beabb114c7b8659a799a1ba61a38b02	1966
mods/heroes.stormmod/enus.stormassets/localizeddata/sounds/vo/nova_introresponse_raynor00.ogg	cf3632f84aa9bd2fcb6f6d64c45273a0	31312
mods/heroes.stormmod/enus.stormassets/localizeddata/sounds/vo/nova_introresponse_tychus00.fxe	742551b1bc6c6dc5ecf0b8cc610c4dda	3678
mods/heroes.stormmod/enus.stormassets/localizeddata/sounds/vo/nova_introresponse_tychus00.ogg	4676d245561d825a8451c5fcfd5d7d61	54150
mods/heroes.stormmod/enus.stormassets/localizeddata/sounds/vo/nova_kill00.fxe	7d98e0452e17581ebf4fc385801db290	1614
mods/heroes.stormmod/enus.stormassets/localizeddata/sounds/vo/nova_kill00.ogg	f52dcfa7236f3f78f6a8333a84d758fc	22246
mods/heroes.stormmod/enus.stormassets/localizeddata/sounds/vo/nova_kill01.fxe	42ccb59310baa97f3b92ae37ac2d9f64	2382
mods/heroes.stormmod/enus.stormassets/localizeddata/sounds/vo/nova_kill01.ogg	b9da5ba911203607d63a27423f402c91	33249
mods/heroes.stormmod/enus.stormassets/localizeddata/sounds/vo/nova_kill02.fxe	3f9d41c4b8755d676f00181946ecca4f	1438
mods/heroes.stormmod/enus.stormassets/localizeddata/sounds/vo/nova_kill02.ogg	3051860170f975e01b937a3e31d7b4e2	25066
mods/heroes.stormmod/enus.stormassets/localizeddata/sounds/vo/nova_kill03.fxe	b14d9fe25de26d3e490eca15cce15049	1870
mods/heroes.stormmod/enus.stormassets/localizeddata/sounds/vo/nova_kill03.ogg	a62ad9a8b2c8ab1e5156c18411b634d0	29896
mods/heroes.stormmod/enus.stormassets/localizeddata/sounds/vo/nova_kill04.fxe	731f31b7b3d87608145951d0b1a278df	638
mods/heroes.stormmod/enus.stormassets/localizeddata/sounds/vo/nova_kill04.ogg	8be6fb945affbc7ae2eb3b45c7b0b82e	41727
mods/heroes.stormmod/enus.stormassets/localizeddata/sounds/vo/nova_killdemonhunter00.fxe	8720038f9d08e12b62835ced9b63f113	1929
mods/heroes.stormmod/enus.stormassets/localizeddata/sounds/vo/nova_killdemonhunter00.ogg	287b2bafe58d7df86b5c050a95525bff	35074
mods/heroes.stormmod/enus.stormassets/localizeddata/sounds/vo/nova_killfaeriedragon00.fxe	fc369331c40f6a57ac7c752e41909c28	2970
mods/heroes.stormmod/enus.stormassets/localizeddata/sounds/vo/nova_killfaeriedragon00.ogg	5e4aed030afff33b8f78448eabcabebf	45322
mods/heroes.stormmod/enus.stormassets/localizeddata/sounds/vo/nova_killkerrigan00.fxe	d3d02326acac35df0afde5333e6d714a	1878
mods/heroes.stormmod/enus.stormassets/localizeddata/sounds/vo/nova_killkerrigan00.ogg	5eb63531b61f58e834f56616ffab967f	29896
mods/heroes.stormmod/enus.stormassets/localizeddata/sounds/vo/nova_killking00.fxe	4a9afe2d630905466a451371e8bd7076	2610
mods/heroes.stormmod/enus.stormassets/localizeddata/sounds/vo/nova_killking00.ogg	43c04a558c9fd60d56222eedfd303e82	24295
mods/heroes.stormmod/enus.stormassets/localizeddata/sounds/vo/nova_killprince00.fxe	bda1ca5bbd2a1bca527119277926df5a	2100
mods/heroes.stormmod/enus.stormassets/localizeddata/sounds/vo/nova_killprince00.ogg	a17f18e83053619a2a0dd172eab8f70b	22928
mods/heroes.stormmod/enus.stormassets/localizeddata/sounds/vo/nova_killraynor00.fxe	930b661bfb78a7bde7cfdc8d2cb5dbde	1812
mods/heroes.stormmod/enus.stormassets/localizeddata/sounds/vo/nova_killraynor00.ogg	1fd3604d976a80a6aa0e79da60deee13	28285
mods/heroes.stormmod/enus.stormassets/localizeddata/sounds/vo/nova_killspreeend00.fxe	aa3f6b91718b22fccf9bd467d52353ae	1990
mods/heroes.stormmod/enus.stormassets/localizeddata/sounds/vo/nova_killspreeend00.ogg	7004912f0796c33412bede346b6329e7	31352
mods/heroes.stormmod/enus.stormassets/localizeddata/sounds/vo/nova_killsylvanas00.fxe	2b44808a48de805a13b62be339ef44c8	1542
mods/heroes.stormmod/enus.stormassets/localizeddata/sounds/vo/nova_killsylvanas00.ogg	8bc34b831f89cc124793a04431174fa7	45226
mods/heroes.stormmod/enus.stormassets/localizeddata/sounds/vo/nova_laugh00.fxe	8b53c4310ea7d67128dcadab1bc7677b	1023
mods/heroes.stormmod/enus.stormassets/localizeddata/sounds/vo/nova_laugh00.ogg	a8adaed2c4b083ec489443d689503928	13360
mods/heroes.stormmod/enus.stormassets/localizeddata/sounds/vo/nova_laugh00_01.ogg	dd4b82a1b544e48f0424fefcbcd2e985	19561
mods/heroes.stormmod/enus.stormassets/localizeddata/sounds/vo/nova_laugh00_03.ogg	4e933183815a5841672e1374f8e36c25	16956
mods/heroes.stormmod/enus.stormassets/localizeddata/sounds/vo/nova_laugh00_04.ogg	897aeb19e43b410f6668542c81fc8863	20578
mods/heroes.stormmod/enus.stormassets/localizeddata/sounds/vo/nova_laugh00_05.ogg	ab7876c21001a6495d1ef05a81ee995d	22076
mods/heroes.stormmod/enus.stormassets/localizeddata/sounds/vo/nova_laugh00_06.ogg	c27a04a1f97264863881c1239775047d	15914
mods/heroes.stormmod/enus.stormassets/localizeddata/sounds/vo/nova_lowlifeheal00.fxe	f3619ceaca0e18fbf37fcaae28a49554	1733
mods/heroes.stormmod/enus.stormassets/localizeddata/sounds/vo/nova_lowlifeheal00.ogg	03e579f15e48fdaa8fe5439966d253aa	25966
mods/heroes.stormmod/enus.stormassets/localizeddata/sounds/vo/nova_lowlifeheal01.fxe	e50bfadb04139dbfe3793834a8270403	2085
mods/heroes.stormmod/enus.stormassets/localizeddata/sounds/vo/nova_lowlifeheal01.ogg	0ff7e95089693e807a3326bb116e423c	34541
mods/heroes.stormmod/enus.stormassets/localizeddata/sounds/vo/nova_lowlifeheal02.fxe	1ce63f836a470c5119970b92efeace26	2245
mods/heroes.stormmod/enus.stormassets/localizeddata/sounds/vo/nova_lowlifeheal02.ogg	0ac8af063935dc1ad4c53d6481ef56f5	34446
mods/heroes.stormmod/enus.stormassets/localizeddata/sounds/vo/nova_lowmana00.fxe	d8dc8c78850b9945209ac1bb899284e5	1441
mods/heroes.stormmod/enus.stormassets/localizeddata/sounds/vo/nova_lowmana00.ogg	54738c645e33b20b26de754f83588822	23228
mods/heroes.stormmod/enus.stormassets/localizeddata/sounds/vo/nova_lowmana01.fxe	bcae3a75b2fd875baf4e7838d44bd531	1505
mods/heroes.stormmod/enus.stormassets/localizeddata/sounds/vo/nova_lowmana01.ogg	45d5ec040bc79fbbddd92c4fb5dd2a08	24908
mods/heroes.stormmod/enus.stormassets/localizeddata/sounds/vo/nova_lowmana02.fxe	4db70779f1ec586748d2b5a2a832accb	1313
mods/heroes.stormmod/enus.stormassets/localizeddata/sounds/vo/nova_lowmana02.ogg	2502a45f76cd225b61466c8ae13bc48c	23059
mods/heroes.stormmod/enus.stormassets/localizeddata/sounds/vo/nova_matchend00.ogg	da3b76a4b5d8d3b27cfe57ec980ab88f	10349
mods/heroes.stormmod/enus.stormassets/localizeddata/sounds/vo/nova_matchend01.ogg	4d6eabe33213ede6db1fa951e0928ace	13875
mods/heroes.stormmod/enus.stormassets/localizeddata/sounds/vo/nova_matchend02.ogg	cf59449e6aa1c7473e691f65f0285762	23238
mods/heroes.stormmod/enus.stormassets/localizeddata/sounds/vo/nova_no00.fxe	c4d59fb843df196810ca2cbc09c57145	796
mods/heroes.stormmod/enus.stormassets/localizeddata/sounds/vo/nova_no00.ogg	bcecc6d924d3f457cff80c36a7078874	16644
mods/heroes.stormmod/enus.stormassets/localizeddata/sounds/vo/nova_no01.fxe	6c2c3c45d33b557b6a602be1ff7242ff	972
mods/heroes.stormmod/enus.stormassets/localizeddata/sounds/vo/nova_no01.ogg	5b76d59404f065306fe0e4604fa2df4c	19097
mods/heroes.stormmod/enus.stormassets/localizeddata/sounds/vo/nova_no02.fxe	edf18a14b38fe8bcde53fe8fef8d5647	1132
mods/heroes.stormmod/enus.stormassets/localizeddata/sounds/vo/nova_no02.ogg	1a19db688f42524c0eb5825ad5a07e1d	18371
mods/heroes.stormmod/enus.stormassets/localizeddata/sounds/vo/nova_ping_assisthero00.fxe	1fc5cd3986950340eb8ecc0c8c63a190	1673
mods/heroes.stormmod/enus.stormassets/localizeddata/sounds/vo/nova_ping_assisthero00.ogg	18ed670f9ad2a91dbc427e8146c54fb5	25592
mods/heroes.stormmod/enus.stormassets/localizeddata/sounds/vo/nova_ping_assistme00.fxe	e71248568f6e40137077dff733ab8bdf	1463
mods/heroes.stormmod/enus.stormassets/localizeddata/sounds/vo/nova_ping_assistme00.ogg	092e0969e1086c641d9a73f2509abecf	23695
mods/heroes.stormmod/enus.stormassets/localizeddata/sounds/vo/nova_ping_assistme01.fxe	3168575307e590e9bfec58433ce090b3	1671
mods/heroes.stormmod/enus.stormassets/localizeddata/sounds/vo/nova_ping_assistme01.ogg	6fb62a2e0d0f0cf56e72528be8dac7c3	24678
mods/heroes.stormmod/enus.stormassets/localizeddata/sounds/vo/nova_ping_attackcastle00.fxe	e3c96e68262f155262bebbac08a4ec00	1723
mods/heroes.stormmod/enus.stormassets/localizeddata/sounds/vo/nova_ping_attackcastle00.ogg	aeb8ecf3103c64d8d32f9ffe6b7ade63	27497
mods/heroes.stormmod/enus.stormassets/localizeddata/sounds/vo/nova_ping_attackmerc00.fxe	266a0776a8abb8689b8fb64738b4e45d	2345
mods/heroes.stormmod/enus.stormassets/localizeddata/sounds/vo/nova_ping_attackmerc00.ogg	e08a7925eb5f944c8eb7c376da6673d9	32187
mods/heroes.stormmod/enus.stormassets/localizeddata/sounds/vo/nova_ping_attackoutpost00.fxe	32b80f8dadc9c57b95617d0ae653b88d	2604
mods/heroes.stormmod/enus.stormassets/localizeddata/sounds/vo/nova_ping_attackoutpost00.ogg	e256e0076efb96ec2b5ec7e21e406a55	31266
mods/heroes.stormmod/enus.stormassets/localizeddata/sounds/vo/nova_ping_attacktower00.fxe	c4c62ec6a840161b605455e253c3055a	2058
mods/heroes.stormmod/enus.stormassets/localizeddata/sounds/vo/nova_ping_attacktower00.ogg	c70064ca3a63a0d59a3966e465b3c063	28531
mods/heroes.stormmod/enus.stormassets/localizeddata/sounds/vo/nova_ping_defendcastle00.fxe	5fad2d71c1d2855977af100e67362d60	1563
mods/heroes.stormmod/enus.stormassets/localizeddata/sounds/vo/nova_ping_defendcastle00.ogg	9bfc6ea62ce70509460cd807bd724914	24788
mods/heroes.stormmod/enus.stormassets/localizeddata/sounds/vo/nova_ping_defendoutpost00.fxe	b49a01607183b3ac40332fb1c8f5218f	1948
mods/heroes.stormmod/enus.stormassets/localizeddata/sounds/vo/nova_ping_defendoutpost00.ogg	f8aad01d86ddef1980075f7f20a80e4f	26474
mods/heroes.stormmod/enus.stormassets/localizeddata/sounds/vo/nova_ping_defendtower00.fxe	b3de50836aa9a9e05b9b19a168bd7849	2154
mods/heroes.stormmod/enus.stormassets/localizeddata/sounds/vo/nova_ping_defendtower00.ogg	9b439d3d3ccf8d480bb1c6fe1fa24a79	31076
mods/heroes.stormmod/enus.stormassets/localizeddata/sounds/vo/nova_ping_killhero00.fxe	091a77fd3d42c2f8cd3d2e6f4d4266a2	1687
mods/heroes.stormmod/enus.stormassets/localizeddata/sounds/vo/nova_ping_killhero00.ogg	f6af81380085fbfea166b8099b15e4ee	26671
mods/heroes.stormmod/enus.stormassets/localizeddata/sounds/vo/nova_pissed00.fxe	1f9654530496086e49be006533bd145f	1216
mods/heroes.stormmod/enus.stormassets/localizeddata/sounds/vo/nova_pissed00.ogg	36280fbefbbe4bd617de13717c6cd5bd	18116
mods/heroes.stormmod/enus.stormassets/localizeddata/sounds/vo/nova_pissed01.fxe	d21bde452e441075d8b4e2afc74d0578	1456
mods/heroes.stormmod/enus.stormassets/localizeddata/sounds/vo/nova_pissed01.ogg	472c4931621d35ed3e1978bb02fe177f	23870
mods/heroes.stormmod/enus.stormassets/localizeddata/sounds/vo/nova_pissed02.fxe	52db23fc3942c9cf503f6fe24ad534e6	3744
mods/heroes.stormmod/enus.stormassets/localizeddata/sounds/vo/nova_pissed02.ogg	6128c196950b8ca4d09a21369c99cbac	61229
mods/heroes.stormmod/enus.stormassets/localizeddata/sounds/vo/nova_pissed03.fxe	2a5cdeb1cc95862cf28e68ecb0eb9348	4560
mods/heroes.stormmod/enus.stormassets/localizeddata/sounds/vo/nova_pissed03.ogg	e92ff5b171b19759a7d4d8e9e8980f89	64364
mods/heroes.stormmod/enus.stormassets/localizeddata/sounds/vo/nova_pissed04.fxe	529fb165ec0f437fb0f9dee700e54923	3600
mods/heroes.stormmod/enus.stormassets/localizeddata/sounds/vo/nova_pissed04.ogg	78158ce25dc0fefdbe76c5f382c250e7	46416
mods/heroes.stormmod/enus.stormassets/localizeddata/sounds/vo/nova_pissed05.fxe	61f29cadf1a45e09cb26261b94efa4a3	2864
mods/heroes.stormmod/enus.stormassets/localizeddata/sounds/vo/nova_pissed05.ogg	f838c10808f272f33abd4f73ee705cc5	45244
mods/heroes.stormmod/enus.stormassets/localizeddata/sounds/vo/nova_pissed06.fxe	876693c5a5a752f30d6d85cba185cd40	3312
mods/heroes.stormmod/enus.stormassets/localizeddata/sounds/vo/nova_pissed06.ogg	7e86c1f2811c95148101433d580ed3b2	54934
mods/heroes.stormmod/enus.stormassets/localizeddata/sounds/vo/nova_pissed07.fxe	96bb7470a3c6d57a0df587681e8801bd	2080
mods/heroes.stormmod/enus.stormassets/localizeddata/sounds/vo/nova_pissed07.ogg	470482a62f64b11f20ed818434abc8cb	45802
mods/heroes.stormmod/enus.stormassets/localizeddata/sounds/vo/nova_pissed08.fxe	68070174dfc019d79c89a35259a8211a	3952
mods/heroes.stormmod/enus.stormassets/localizeddata/sounds/vo/nova_pissed08.ogg	4adeee1ca29d180be1748d625d751577	52662
mods/heroes.stormmod/enus.stormassets/localizeddata/sounds/vo/nova_pissed09.fxe	d6153a95f8aa8156f5c59e9bc2813940	7856
mods/heroes.stormmod/enus.stormassets/localizeddata/sounds/vo/nova_pissed09.ogg	85bb520aaf4ec68cca17510d3dc03910	118635
mods/heroes.stormmod/enus.stormassets/localizeddata/sounds/vo/nova_pissed10.fxe	afa0117f025edfd4489ca4d8c3a4bf7a	1696
mods/heroes.stormmod/enus.stormassets/localizeddata/sounds/vo/nova_pissed10.ogg	ca834e3e074d5dda28638f2f049658de	52446
mods/heroes.stormmod/enus.stormassets/localizeddata/sounds/vo/nova_pissed11.fxe	3445fa672a78ea3b9f7794c0eae52347	752
mods/heroes.stormmod/enus.stormassets/localizeddata/sounds/vo/nova_pissed11.ogg	35a13d24a466da03c563dbce31febf82	14504
mods/heroes.stormmod/enus.stormassets/localizeddata/sounds/vo/nova_pissed12.fxe	35401919e07d4259a971e649f7c69b9d	4608
mods/heroes.stormmod/enus.stormassets/localizeddata/sounds/vo/nova_pissed12.ogg	9b3322df99eff56286ef9a469089462e	61055
mods/heroes.stormmod/enus.stormassets/localizeddata/sounds/vo/nova_pissed13.fxe	8cb55f0b9a84f293fb6734b26b0c3e1a	5136
mods/heroes.stormmod/enus.stormassets/localizeddata/sounds/vo/nova_pissed13.ogg	8736decf78770a8096e86acea4dda949	78940
mods/heroes.stormmod/enus.stormassets/localizeddata/sounds/vo/nova_pissed14.fxe	1f79963fbe239330d4f508fd66fb3525	2352
mods/heroes.stormmod/enus.stormassets/localizeddata/sounds/vo/nova_pissed14.ogg	4576ee5457b8ab92df3bf1c18ea2f2a2	57467
mods/heroes.stormmod/enus.stormassets/localizeddata/sounds/vo/nova_pissed15.fxe	6a56e690c6904918ca3d47ec04f6b5d6	5280
mods/heroes.stormmod/enus.stormassets/localizeddata/sounds/vo/nova_pissed15.ogg	f08e65c3eb7bfdb12542dbeb5f7b4ee6	82369
mods/heroes.stormmod/enus.stormassets/localizeddata/sounds/vo/nova_resurrected00.fxe	e0a038a77969fb8da26f7b34fb4e29af	1541
mods/heroes.stormmod/enus.stormassets/localizeddata/sounds/vo/nova_resurrected00.ogg	afdc4c6100610546b72753025ec6ec20	22603
mods/heroes.stormmod/enus.stormassets/localizeddata/sounds/vo/nova_resurrected01.fxe	cc4142bb938bfed6633daa59fc1dd832	1189
mods/heroes.stormmod/enus.stormassets/localizeddata/sounds/vo/nova_resurrected01.ogg	c88ffce02fac28e5f1b449b06852394f	28740
mods/heroes.stormmod/enus.stormassets/localizeddata/sounds/vo/nova_revive00.fxe	25c54dcbca9abadd20952437dbf5cf34	1568
mods/heroes.stormmod/enus.stormassets/localizeddata/sounds/vo/nova_revive00.ogg	599a1e743aab87ef9d050c585f54b2e6	22568
mods/heroes.stormmod/enus.stormassets/localizeddata/sounds/vo/nova_revive01.fxe	864914446f64c6900eb8e4d7a6fcebe6	1728
mods/heroes.stormmod/enus.stormassets/localizeddata/sounds/vo/nova_revive01.ogg	c18a27cdd0f699ff84869e180d642a9a	27001
mods/heroes.stormmod/enus.stormassets/localizeddata/sounds/vo/nova_revive02.fxe	7aae3a3ae804b7028b62c22f6e66196c	1216
mods/heroes.stormmod/enus.stormassets/localizeddata/sounds/vo/nova_revive02.ogg	d8b4bc04adf74ead06eb3cdfaf66ff6a	20440
mods/heroes.stormmod/enus.stormassets/localizeddata/sounds/vo/nova_spec00.fxe	37734212c0b8678fbdd68eea1f0bf0c1	1550
mods/heroes.stormmod/enus.stormassets/localizeddata/sounds/vo/nova_spec00.ogg	3cf6159d7d0e1b457c122892729ca140	34212
mods/heroes.stormmod/enus.stormassets/localizeddata/sounds/vo/nova_spec01.fxe	78a24c1f4dcef41e1c9ebf479d28f044	2254
mods/heroes.stormmod/enus.stormassets/localizeddata/sounds/vo/nova_spec01.ogg	5a4712b5928a8e524a780c2bd042250d	32717
mods/heroes.stormmod/enus.stormassets/localizeddata/sounds/vo/nova_spec02.fxe	afd205a86a0594a050cef519e351c463	1406
mods/heroes.stormmod/enus.stormassets/localizeddata/sounds/vo/nova_spec02.ogg	2f3ce4d8bf2c7b33f5f4c8bc988d8922	22316
mods/heroes.stormmod/enus.stormassets/localizeddata/sounds/vo/nova_spec03.fxe	f347b2895c44414c7530797241f63526	1742
mods/heroes.stormmod/enus.stormassets/localizeddata/sounds/vo/nova_spec03.ogg	5882372a36f358431138146372fcc12b	27405
mods/heroes.stormmod/enus.stormassets/localizeddata/sounds/vo/nova_spec04.fxe	086c58c2c5e534f6c253bfb18c3f2a29	2174
mods/heroes.stormmod/enus.stormassets/localizeddata/sounds/vo/nova_spec04.ogg	a570d850200b7aede943f58dc91174c1	30404
mods/heroes.stormmod/enus.stormassets/localizeddata/sounds/vo/nova_taunt00.fxe	2032132e06a795619c622333985d77e6	1855
mods/heroes.stormmod/enus.stormassets/localizeddata/sounds/vo/nova_taunt00.ogg	f09d3e9d1a426bd388646f886f81ab34	28291
mods/heroes.stormmod/enus.stormassets/localizeddata/sounds/vo/nova_taunt01.fxe	24315455c255b47276e3af90caada23e	2207
mods/heroes.stormmod/enus.stormassets/localizeddata/sounds/vo/nova_taunt01.ogg	ed3f7876bc2199f59c98fb2715473813	34011
mods/heroes.stormmod/enus.stormassets/localizeddata/sounds/vo/nova_taunt02.fxe	6afc2a3356dd44c9b3d0c654dadfc018	1439
mods/heroes.stormmod/enus.stormassets/localizeddata/sounds/vo/nova_taunt02.ogg	09f2ba744309f3645e8f16fc95d2b8b6	26192
mods/heroes.stormmod/enus.stormassets/localizeddata/sounds/vo/nova_teamkilled00.fxe	41eb9ea8c10ccdfe609c468e02057386	1044
mods/heroes.stormmod/enus.stormassets/localizeddata/sounds/vo/nova_teamkilled00.ogg	f9ddefc92c41686a9484654fafddff2a	23202
mods/heroes.stormmod/enus.stormassets/localizeddata/sounds/vo/nova_ui_exlocked00.fxe	685bfd8f878cedcce7dcce3eaa9dfb5a	1406
mods/heroes.stormmod/enus.stormassets/localizeddata/sounds/vo/nova_ui_exlocked00.ogg	96baf2894b0027e6553678e24e3b29a1	21439
mods/heroes.stormmod/enus.stormassets/localizeddata/sounds/vo/nova_ui_expurchased00.fxe	bcf316c3263984832a2f873bb932b70c	1491
mods/heroes.stormmod/enus.stormassets/localizeddata/sounds/vo/nova_ui_expurchased00.ogg	e1d0b432bbd546133742fdb1e3e0a316	30629
mods/heroes.stormmod/enus.stormassets/localizeddata/sounds/vo/nova_ui_gift00.fxe	002ea9050c415359fcf91d624f5d7af7	1996
mods/heroes.stormmod/enus.stormassets/localizeddata/sounds/vo/nova_ui_gift00.ogg	1519818717cbf3154e484c580ef4ba54	29737
mods/heroes.stormmod/enus.stormassets/localizeddata/sounds/vo/nova_ui_lockin00.fxe	c2db079002aea7e64fba8b143de9418a	1568
mods/heroes.stormmod/enus.stormassets/localizeddata/sounds/vo/nova_ui_lockin00.ogg	1fd352f368f7f53ea1d48481e2f59a58	24867
mods/heroes.stormmod/enus.stormassets/localizeddata/sounds/vo/nova_ui_purchase00.fxe	f8d22932a6b56d6afdca8f3a2e7e467d	3120
mods/heroes.stormmod/enus.stormassets/localizeddata/sounds/vo/nova_ui_purchase00.ogg	c748565f75865964690c30e907cc0ff8	40731
mods/heroes.stormmod/enus.stormassets/localizeddata/sounds/vo/nova_ui_trial00.fxe	61c986d8ce766b65a2eb3459a31fcee3	2029
mods/heroes.stormmod/enus.stormassets/localizeddata/sounds/vo/nova_ui_trial00.ogg	989d837875b79072a200c3ecee0aa8e4	33054
mods/heroes.stormmod/enus.stormassets/localizeddata/sounds/vo/nova_ui_trial01.fxe	91dedcf9708962fca1e89637a9826b54	2109
mods/heroes.stormmod/enus.stormassets/localizeddata/sounds/vo/nova_ui_trial01.ogg	d9e07004095f0600c8d80cf52650913d	30141
mods/heroes.stormmod/enus.stormassets/localizeddata/sounds/vo/nova_ui_waitlocked00.fxe	75293b73851cf539b1bb9815c09c1158	1554
mods/heroes.stormmod/enus.stormassets/localizeddata/sounds/vo/nova_ui_waitlocked00.ogg	e4d6e697848cafce359cc1c21214dd96	28613
mods/heroes.stormmod/enus.stormassets/localizeddata/sounds/vo/nova_ui_waitlocked01.fxe	6d7a3ec720200cdcc3ead08af18ef90a	4002
mods/heroes.stormmod/enus.stormassets/localizeddata/sounds/vo/nova_ui_waitlocked01.ogg	d500643905ef8f53353874874a700b62	51836
mods/heroes.stormmod/enus.stormassets/localizeddata/sounds/vo/nova_ui_waitpurchased00.fxe	eddd5c1d894073e44e7d8e028b0f11c2	3509
mods/heroes.stormmod/enus.stormassets/localizeddata/sounds/vo/nova_ui_waitpurchased00.ogg	5f82d3ffcc7d80c8642b9116cc30a869	45229
mods/heroes.stormmod/enus.stormassets/localizeddata/sounds/vo/nova_ui_waitpurchased01.fxe	858f0dffa47ec79f5280054c5ef8f676	2723
mods/heroes.stormmod/enus.stormassets/localizeddata/sounds/vo/nova_ui_waitpurchased01.ogg	f23545e0cb1eab0c0627ab93e0804b65	39416
mods/heroes.stormmod/enus.stormassets/localizeddata/sounds/vo/nova_ultimate1used00.fxe	2092905ba6f0164463bd171cd158ef5a	1815
mods/heroes.stormmod/enus.stormassets/localizeddata/sounds/vo/nova_ultimate1used00.ogg	2f4a5158d36302ecd84500042b9ceff6	27876
mods/heroes.stormmod/enus.stormassets/localizeddata/sounds/vo/nova_ultimate1used01.fxe	3a0eb56a3e8e8f1819c9c482bc39beba	2759
mods/heroes.stormmod/enus.stormassets/localizeddata/sounds/vo/nova_ultimate1used01.ogg	bdbb1117d57ecdca6fa7001e00855235	42023
mods/heroes.stormmod/enus.stormassets/localizeddata/sounds/vo/nova_ultimate2used00.fxe	64a3679a3806c031d992c69a277062dc	2247
mods/heroes.stormmod/enus.stormassets/localizeddata/sounds/vo/nova_ultimate2used00.ogg	2bb69e0b2ef09cbfdf57cac5a185103e	32325
mods/heroes.stormmod/enus.stormassets/localizeddata/sounds/vo/nova_ultimate2used01.fxe	e650a8a95f5721f0eac2d0c353c546ef	1799
mods/heroes.stormmod/enus.stormassets/localizeddata/sounds/vo/nova_ultimate2used01.ogg	9946d126485128f9dd0ca3c30e77cc9f	30302
mods/heroes.stormmod/enus.stormassets/localizeddata/sounds/vo/nova_voicelinefive00.fxe	5da15c4106e07b5c342d527147ab37d5	1767
mods/heroes.stormmod/enus.stormassets/localizeddata/sounds/vo/nova_voicelinefive00.ogg	8d8ef0ffe511bdc8c1693581bdcd2b17	21406
mods/heroes.stormmod/enus.stormassets/localizeddata/sounds/vo/nova_voicelinefour00.fxe	56a877624210bb45d3f5238b8e88fdc1	1671
mods/heroes.stormmod/enus.stormassets/localizeddata/sounds/vo/nova_voicelinefour00.ogg	3b3be8e2fe621cb7d548db9acef916c7	19067
mods/heroes.stormmod/enus.stormassets/localizeddata/sounds/vo/nova_voicelineone00.fxe	cf406085da24853a6817be64e84573ee	1526
mods/heroes.stormmod/enus.stormassets/localizeddata/sounds/vo/nova_voicelineone00.ogg	4ce5a47b1d201f9ce75ab19dff27d6a6	14264
mods/heroes.stormmod/enus.stormassets/localizeddata/sounds/vo/nova_voicelinethree00.fxe	0b76f5ef46d2d03b8deb803fe4d796cf	1816
mods/heroes.stormmod/enus.stormassets/localizeddata/sounds/vo/nova_voicelinethree00.ogg	917fc41954100a8837c407fb9903aa8c	31012
mods/heroes.stormmod/enus.stormassets/localizeddata/sounds/vo/nova_voicelinetwo00.fxe	34c17c75cc22a7f121837a5e55cba7d3	1686
mods/heroes.stormmod/enus.stormassets/localizeddata/sounds/vo/nova_voicelinetwo00.ogg	0308c9a22b1dacd8c088021a7b0ec4ca	18488
mods/heroes.stormmod/enus.stormassets/localizeddata/sounds/vo/nova_vox_attack01.fxe	4a8f583210dc9b66e2e243aa7c2a8fe3	1028
mods/heroes.stormmod/enus.stormassets/localizeddata/sounds/vo/nova_vox_attack01.ogg	1f25335c791874867c24455899122b5c	9485
mods/heroes.stormmod/enus.stormassets/localizeddata/sounds/vo/nova_vox_attack02.fxe	c9b43619f55d95b6de98fa0656292b5d	1060
mods/heroes.stormmod/enus.stormassets/localizeddata/sounds/vo/nova_vox_attack02.ogg	b1847716f6f945e0b706c92ae0aa9e36	9339
mods/heroes.stormmod/enus.stormassets/localizeddata/sounds/vo/nova_vox_attack03.fxe	d1c1b34885668a63b4c95b36a47cc163	1108
mods/heroes.stormmod/enus.stormassets/localizeddata/sounds/vo/nova_vox_attack03.ogg	d5a94112e0556ac1ba59a60fa7db0b1d	10798
mods/heroes.stormmod/enus.stormassets/localizeddata/sounds/vo/nova_vox_attack04.fxe	ecb3fb6c4b9919c376ae94bf865f0eba	1236
mods/heroes.stormmod/enus.stormassets/localizeddata/sounds/vo/nova_vox_attack04.ogg	c9190adb7a03bd4846f043dc099d603d	12632
mods/heroes.stormmod/enus.stormassets/localizeddata/sounds/vo/nova_vox_attack05.fxe	b4714341f198e269acae300324d53c40	980
mods/heroes.stormmod/enus.stormassets/localizeddata/sounds/vo/nova_vox_attack05.ogg	bc4c114379b51c6f3e0a5fdd1a38ba79	9254
mods/heroes.stormmod/enus.stormassets/localizeddata/sounds/vo/nova_vox_attack06.ogg	d41f83df68833e0cd25e5b5dc767ff8f	8623
mods/heroes.stormmod/enus.stormassets/localizeddata/sounds/vo/nova_vox_attack07.ogg	eb7f88e73deb2468e75f634382c2034c	9944
mods/heroes.stormmod/enus.stormassets/localizeddata/sounds/vo/nova_vox_attack08.ogg	2de975451ac7f54f3292d4d1a1f8dfc5	8654
mods/heroes.stormmod/enus.stormassets/localizeddata/sounds/vo/nova_vox_attack09.ogg	fa896128242a62eff1f67e6931d99279	8875
mods/heroes.stormmod/enus.stormassets/localizeddata/sounds/vo/nova_vox_attack10.ogg	b1ef09eb7e34847c36d067fa2de0918f	9595
mods/heroes.stormmod/enus.stormassets/localizeddata/sounds/vo/nova_vox_attack11.ogg	e0fc90bd36613eec1ea17b850731dc17	17669
mods/heroes.stormmod/enus.stormassets/localizeddata/sounds/vo/nova_vox_attack12.ogg	08892a75ac560348f8cbb63b9840e37c	13743
mods/heroes.stormmod/enus.stormassets/localizeddata/sounds/vo/nova_vox_attack13.ogg	f761e9271259fec98075ece796f7fe2a	18926
mods/heroes.stormmod/enus.stormassets/localizeddata/sounds/vo/nova_vox_attack14.ogg	eb149a97667e63fea3e99a8b0fba1a4c	9352
mods/heroes.stormmod/enus.stormassets/localizeddata/sounds/vo/nova_vox_casting01.fxe	512d873b636aacc66b2126b8986d019b	1077
mods/heroes.stormmod/enus.stormassets/localizeddata/sounds/vo/nova_vox_casting01.ogg	b190b3bcaed69ebe817d17f5a18a4501	10049
mods/heroes.stormmod/enus.stormassets/localizeddata/sounds/vo/nova_vox_casting02.fxe	2f56888e076e69efa9fa8c8c05246061	997
mods/heroes.stormmod/enus.stormassets/localizeddata/sounds/vo/nova_vox_casting02.ogg	eec353b9b320cc95e554b7fd7da5db48	10868
mods/heroes.stormmod/enus.stormassets/localizeddata/sounds/vo/nova_vox_casting03.fxe	222f2302a9e0fa0e92df2d7ae19d3989	1125
mods/heroes.stormmod/enus.stormassets/localizeddata/sounds/vo/nova_vox_casting03.ogg	b22114de8e63c66aa4253925b062429d	9441
mods/heroes.stormmod/enus.stormassets/localizeddata/sounds/vo/nova_vox_casting04.fxe	bff437659952d40ad9f3fb35cee280b8	645
mods/heroes.stormmod/enus.stormassets/localizeddata/sounds/vo/nova_vox_casting04.ogg	ef75f9f0b85a56fa5bd319090cbdc1a0	8633
mods/heroes.stormmod/enus.stormassets/localizeddata/sounds/vo/nova_vox_casting05.fxe	4a8b255d67c4c5fd015e9956a55b3550	917
mods/heroes.stormmod/enus.stormassets/localizeddata/sounds/vo/nova_vox_casting05.ogg	8474482a21b9c23337719f990efe4229	9859
mods/heroes.stormmod/enus.stormassets/localizeddata/sounds/vo/nova_vox_casting06.ogg	a763a9c2e334bc2efa5f17c34643620f	10462
mods/heroes.stormmod/enus.stormassets/localizeddata/sounds/vo/nova_vox_casting07.ogg	d31274196a118c8015e9a4a142aaa2b9	13148
mods/heroes.stormmod/enus.stormassets/localizeddata/sounds/vo/nova_vox_casting08.ogg	02d11067811476ea2b84b39bd9e9eb57	13977
mods/heroes.stormmod/enus.stormassets/localizeddata/sounds/vo/nova_vox_casting09.ogg	46947f62a5bb612005cd09ee0daa43d2	17496
mods/heroes.stormmod/enus.stormassets/localizeddata/sounds/vo/nova_vox_casting10.ogg	a078ad5f073f71755d265ea3ea334c3f	12724
mods/heroes.stormmod/enus.stormassets/localizeddata/sounds/vo/nova_vox_casting11.ogg	3c691110f65691a0c5a8cd7dfe87a0cc	10869
mods/heroes.stormmod/enus.stormassets/localizeddata/sounds/vo/nova_vox_casting12.ogg	a489d40b7ddbeb6a605f9a8403c8befd	25600
mods/heroes.stormmod/enus.stormassets/localizeddata/sounds/vo/nova_vox_casting13.ogg	37911012c2f8bebbff6b5107282d5868	27030
mods/heroes.stormmod/enus.stormassets/localizeddata/sounds/vo/nova_vox_casting14.ogg	25763c5825fbb65485a6a6dfac5a20c0	24786
mods/heroes.stormmod/enus.stormassets/localizeddata/sounds/vo/nova_vox_casting15.ogg	66e36176634397d7c7b0688b7ea8f9f3	25864
mods/heroes.stormmod/enus.stormassets/localizeddata/sounds/vo/nova_vox_casting16.ogg	4521f3c3ac71478b566148ef334f5806	28756
mods/heroes.stormmod/enus.stormassets/localizeddata/sounds/vo/nova_vox_cheer00.fxe	1e6251992587e84dfb6f914f50e7738d	1939
mods/heroes.stormmod/enus.stormassets/localizeddata/sounds/vo/nova_vox_cheer00.ogg	1ce61948ae665e323002c1622574423c	20380
mods/heroes.stormmod/enus.stormassets/localizeddata/sounds/vo/nova_vox_gethit01.fxe	6b55fae785c0ceb430fc8db182d1cfc3	1204
mods/heroes.stormmod/enus.stormassets/localizeddata/sounds/vo/nova_vox_gethit01.ogg	5db617da9538ed8622acf70f20a148b8	11024
mods/heroes.stormmod/enus.stormassets/localizeddata/sounds/vo/nova_vox_gethit02.fxe	f05bf876ec0962b1ec25b3aa6f9bcbd2	1220
mods/heroes.stormmod/enus.stormassets/localizeddata/sounds/vo/nova_vox_gethit02.ogg	7dd26e7ce2b31147a9b2ed2431be366e	11624
mods/heroes.stormmod/enus.stormassets/localizeddata/sounds/vo/nova_vox_gethit03.fxe	65170c3e5606cc1b267dace3c04e1713	1012
mods/heroes.stormmod/enus.stormassets/localizeddata/sounds/vo/nova_vox_gethit03.ogg	584dbb750149cb37691aeb425016c220	9649
mods/heroes.stormmod/enus.stormassets/localizeddata/sounds/vo/nova_vox_gethit04.fxe	f13d3b760ffbaf9a002c29e04cd8fd6c	1412
mods/heroes.stormmod/enus.stormassets/localizeddata/sounds/vo/nova_vox_gethit04.ogg	39220c536bbc7b22212c6145289cbb36	12379
mods/heroes.stormmod/enus.stormassets/localizeddata/sounds/vo/nova_vox_gethit05.fxe	985d50e7a37c8ab22af4e681b01ce838	1012
mods/heroes.stormmod/enus.stormassets/localizeddata/sounds/vo/nova_vox_gethit05.ogg	3c5bec7ebe754b7aaacca2e738792283	10822
mods/heroes.stormmod/enus.stormassets/localizeddata/sounds/vo/nova_vox_gethit06.fxe	c8ea34689e4f4881c3bc8220292a7e1f	980
mods/heroes.stormmod/enus.stormassets/localizeddata/sounds/vo/nova_vox_gethit06.ogg	55b3d6d1b134121cb0305124f4e1202f	14945
mods/heroes.stormmod/enus.stormassets/localizeddata/sounds/vo/nova_vox_gethit07.fxe	c9ffeba07b277d731b11edb9b0deb275	1268
mods/heroes.stormmod/enus.stormassets/localizeddata/sounds/vo/nova_vox_gethit07.ogg	09113923ac2f677766aee3bade35af52	12269
mods/heroes.stormmod/enus.stormassets/localizeddata/sounds/vo/nova_vox_gethit08.ogg	7dbfb46b73e6866a5b98cd6df743d474	10272
mods/heroes.stormmod/enus.stormassets/localizeddata/sounds/vo/nova_vox_gethit09.ogg	14a59e98314edfc76a23b5ce12560af9	12133
mods/heroes.stormmod/enus.stormassets/localizeddata/sounds/vo/nova_vox_gethit10.fxe	b53d1b4670ce6dfb9b68c04f364245e5	1108
mods/heroes.stormmod/enus.stormassets/localizeddata/sounds/vo/nova_vox_gethit10.ogg	105bb976a24487d5f9da75681e894c31	10554
mods/heroes.stormmod/enus.stormassets/localizeddata/sounds/vo/nova_vox_gethit11.fxe	764e6f3f2bf29bfed546af73ccefc953	1012
mods/heroes.stormmod/enus.stormassets/localizeddata/sounds/vo/nova_vox_gethit11.ogg	17e9f86c52bec3e84ad632a080ba2a79	11606
mods/heroes.stormmod/enus.stormassets/localizeddata/sounds/vo/nova_vox_gethit12.fxe	50c94e0914ff1e629d674aae14148792	1140
mods/heroes.stormmod/enus.stormassets/localizeddata/sounds/vo/nova_vox_gethit12.ogg	9c38e80083b7f606dced6569edf683d2	9053
mods/heroes.stormmod/enus.stormassets/localizeddata/sounds/vo/nova_vox_gethit13.ogg	583bb75e83fe4c86af64aec233bf689e	10839
mods/heroes.stormmod/enus.stormassets/localizeddata/sounds/vo/nova_vox_pulled01.fxe	0a554e441635518ea4591402088696b7	1172
mods/heroes.stormmod/enus.stormassets/localizeddata/sounds/vo/nova_vox_pulled01.ogg	e3e762177418047452cae44701e456d4	12025
mods/heroes.stormmod/enus.stormassets/localizeddata/sounds/vo/nova_vox_pulled02.fxe	b0a28b7dd69f5a1afeefeb2b25d9795e	1108
mods/heroes.stormmod/enus.stormassets/localizeddata/sounds/vo/nova_vox_pulled02.ogg	52a75785c89a5b46c81e23280b69e9e5	10221
mods/heroes.stormmod/enus.stormassets/localizeddata/sounds/vo/nova_vox_pulled03.ogg	74b6171a711ab26c4554511f570271e9	12998
mods/heroes.stormmod/enus.stormassets/localizeddata/sounds/vo/nova_vox_pulled04.ogg	57ad9e0baa6da8dae0c7f29230953767	12838
mods/heroes.stormmod/enus.stormassets/localizeddata/sounds/vo/nova_worthit00.fxe	64a1d301e0c2dc2177d6e6521d1fbd84	1441
mods/heroes.stormmod/enus.stormassets/localizeddata/sounds/vo/nova_worthit00.ogg	e9b5f15659a325ec737ae6d00e7b0334	23021
mods/heroes.stormmod/enus.stormassets/localizeddata/sounds/vo/nova_worthit01.fxe	bac52cc640422dcd9d6557137582a215	945
mods/heroes.stormmod/enus.stormassets/localizeddata/sounds/vo/nova_worthit01.ogg	1c737932482193d182004bf9729e6b05	19888
mods/heroes.stormmod/enus.stormassets/localizeddata/sounds/vo/nova_yes00.fxe	5060fa4800b6e0e6a47f9f465f84a21d	925
mods/heroes.stormmod/enus.stormassets/localizeddata/sounds/vo/nova_yes00.ogg	e514e9b0af7f25f726b8813c7551ca22	15775
mods/heroes.stormmod/enus.stormassets/localizeddata/sounds/vo/nova_yes01.fxe	1f1ba9aadf2856e5e188e65d972a025e	1661
mods/heroes.stormmod/enus.stormassets/localizeddata/sounds/vo/nova_yes01.ogg	0becc2b243879148fc0cf41b0b230d63	25153
mods/heroes.stormmod/enus.stormassets/localizeddata/sounds/vo/nova_yes02.fxe	3790d40b6460df8003fc797e8dce132b	1277
mods/heroes.stormmod/enus.stormassets/localizeddata/sounds/vo/nova_yes02.ogg	6448a31816e2e1adfb47a4dddd35f1e9	21007
mods/heroes.stormmod/enus.stormassets/localizeddata/sounds/vo/nova_yes03.fxe	28440f19a083a6aa39ccd75c2ba62622	1085
mods/heroes.stormmod/enus.stormassets/localizeddata/sounds/vo/nova_yes03.ogg	acc1984e47e09cd2d46eae79d30a5c9d	19522
mods/heroes.stormmod/enus.stormassets/localizeddata/sounds/vo/nova_yes04.fxe	493b7d624c3f1167f111b424ac3738c5	1373
mods/heroes.stormmod/enus.stormassets/localizeddata/sounds/vo/nova_yes04.ogg	d2f985d047ffe7c64c6eee9fda744452	21409
mods/heroes.stormmod/enus.stormassets/localizeddata/sounds/vo/nova_yes05.fxe	3f05732814ff31e1c9e0f5e8f3315653	1213
mods/heroes.stormmod/enus.stormassets/localizeddata/sounds/vo/nova_yes05.ogg	e11a6aea5b646e1d908dd4ccf9f248cc	19450
mods/heroes.stormmod/enus.stormassets/localizeddata/sounds/vo/nova_yes06.fxe	f22c6759abc6f2b25586ff1bd5a3bbe4	1469
mods/heroes.stormmod/enus.stormassets/localizeddata/sounds/vo/nova_yes06.ogg	f41383058dbd1a7aa1707caf3002614b	21511
mods/heroes.stormmod/enus.stormassets/localizeddata/sounds/vo/nova_yes07.fxe	d7054f304b553d6ccd620a7ff9b856a4	1405
mods/heroes.stormmod/enus.stormassets/localizeddata/sounds/vo/nova_yes07.ogg	f1cda0cae33d5d2762fc5561b062b2ce	25954
mods/heroes.stormmod/enus.stormassets/localizeddata/sounds/vo/nova_yes08.fxe	604ca4c15267d721c2711237e36df3c1	1181
mods/heroes.stormmod/enus.stormassets/localizeddata/sounds/vo/nova_yes08.ogg	59e1b53a2aa0555f477ab9ad851d3d2f	21415
mods/heroes.stormmod/enus.stormassets/localizeddata/sounds/vo/novarollerderby_ai_attack00.fxe	4f1c0446adf4a4e47c9128d0217682e3	2062
mods/heroes.stormmod/enus.stormassets/localizeddata/sounds/vo/novarollerderby_ai_attack00.ogg	0958a4950d53234fef652f765861ba59	24596
mods/heroes.stormmod/enus.stormassets/localizeddata/sounds/vo/novarollerderby_ai_attack01.fxe	a5b0f65987b2a5734aeea548397a14b1	2446
mods/heroes.stormmod/enus.stormassets/localizeddata/sounds/vo/novarollerderby_ai_attack01.ogg	1465b9735a1901837cb094f795488fb6	31518
mods/heroes.stormmod/enus.stormassets/localizeddata/sounds/vo/novarollerderby_ai_attack02.fxe	fdef64c5ff6a9659f571a84accac8194	1102
mods/heroes.stormmod/enus.stormassets/localizeddata/sounds/vo/novarollerderby_ai_attack02.ogg	44212dce35fa81d74dfe7d214cdb4332	23035
mods/heroes.stormmod/enus.stormassets/localizeddata/sounds/vo/novarollerderby_ai_caution00.fxe	3beb128d165ee82885e1ecfcc9b154ac	1775
mods/heroes.stormmod/enus.stormassets/localizeddata/sounds/vo/novarollerderby_ai_caution00.ogg	78416056e8487a772b28e8a3730b7477	23813
mods/heroes.stormmod/enus.stormassets/localizeddata/sounds/vo/novarollerderby_ai_goodjob00.fxe	86a8d3645fc002a0cd44c13aaa9789e3	895
mods/heroes.stormmod/enus.stormassets/localizeddata/sounds/vo/novarollerderby_ai_goodjob00.ogg	a30ad8064ab304011b8caf81531481d2	19199
mods/heroes.stormmod/enus.stormassets/localizeddata/sounds/vo/novarollerderby_ai_goodjob01.fxe	335486077715932c6c3bd5e33e72f6cc	1503
mods/heroes.stormmod/enus.stormassets/localizeddata/sounds/vo/novarollerderby_ai_goodjob01.ogg	4fd42bc3b8c98b19d9abbd157a080152	22794
mods/heroes.stormmod/enus.stormassets/localizeddata/sounds/vo/novarollerderby_ai_heal00.fxe	a8c266c716ef5d6efb80fd64380db66f	2588
mods/heroes.stormmod/enus.stormassets/localizeddata/sounds/vo/novarollerderby_ai_heal00.ogg	fb961001e333bd524f1fa36669dfdd95	37406
mods/heroes.stormmod/enus.stormassets/localizeddata/sounds/vo/novarollerderby_ai_heal01.fxe	c875aa46a4a823cc857ff79630d244b5	2188
mods/heroes.stormmod/enus.stormassets/localizeddata/sounds/vo/novarollerderby_ai_heal01.ogg	421369bea79e9d0226995c67ff2f4c7d	31589
mods/heroes.stormmod/enus.stormassets/localizeddata/sounds/vo/novarollerderby_ai_retreat00.fxe	64f7e2b1e3b7fe2f158a83973efc7cc4	2047
mods/heroes.stormmod/enus.stormassets/localizeddata/sounds/vo/novarollerderby_ai_retreat00.ogg	639537348ba2fcb934132793ee3161b7	26299
mods/heroes.stormmod/enus.stormassets/localizeddata/sounds/vo/novarollerderby_ai_retreat01.fxe	9ea210c494cdcab29a6c3dae50027cf7	1647
mods/heroes.stormmod/enus.stormassets/localizeddata/sounds/vo/novarollerderby_ai_retreat01.ogg	fab3c87426b22b835cb4618c300ba6f5	22371
mods/heroes.stormmod/enus.stormassets/localizeddata/sounds/vo/novarollerderby_ai_uhoh00.fxe	35c8ecbd9f0c23809f75d03b4336061c	1068
mods/heroes.stormmod/enus.stormassets/localizeddata/sounds/vo/novarollerderby_ai_uhoh00.ogg	1c8df84eaf7dbbe4dde0da931722abb4	16468
mods/heroes.stormmod/enus.stormassets/localizeddata/sounds/vo/novarollerderby_ai_uhoh01.fxe	ce7f22b793b419e482f345fac1b1917a	1356
mods/heroes.stormmod/enus.stormassets/localizeddata/sounds/vo/novarollerderby_ai_uhoh01.ogg	09f4751c5b0405dbd47c4a617b509b72	19918
mods/heroes.stormmod/enus.stormassets/localizeddata/sounds/vo/novarollerderby_ai_uhoh02.fxe	1965659bef3b09004079ccd863ffcc45	1676
mods/heroes.stormmod/enus.stormassets/localizeddata/sounds/vo/novarollerderby_ai_uhoh02.ogg	764509584ff0dd6985c238d62db8e0fe	23463
mods/heroes.stormmod/enus.stormassets/localizeddata/sounds/vo/novarollerderby_attack00.fxe	76cea0b4cb47ac66791768e492db60d7	1547
mods/heroes.stormmod/enus.stormassets/localizeddata/sounds/vo/novarollerderby_attack00.ogg	40caaf61484a9ac81a613bc29e6817f6	25190
mods/heroes.stormmod/enus.stormassets/localizeddata/sounds/vo/novarollerderby_attack01.fxe	3ce76b3df532b424b820e1f9c4f3876c	1403
mods/heroes.stormmod/enus.stormassets/localizeddata/sounds/vo/novarollerderby_attack01.ogg	eeda07d311809341e9cf486cd37e5b26	21804
mods/heroes.stormmod/enus.stormassets/localizeddata/sounds/vo/novarollerderby_attack02.fxe	ad79772e58e83529a56dc8fc29452fba	2075
mods/heroes.stormmod/enus.stormassets/localizeddata/sounds/vo/novarollerderby_attack02.ogg	10347eb7221ee7400e39ff5ba674bee7	28305
mods/heroes.stormmod/enus.stormassets/localizeddata/sounds/vo/novarollerderby_attack03.fxe	aac4e34081e6f8c7dfc3078aa609d013	1483
mods/heroes.stormmod/enus.stormassets/localizeddata/sounds/vo/novarollerderby_attack03.ogg	78da8eff2458a619076f05932f5a28a5	21807
mods/heroes.stormmod/enus.stormassets/localizeddata/sounds/vo/novarollerderby_attack04.fxe	2a16c8ee58f274fff43be58eccbd47e2	1323
mods/heroes.stormmod/enus.stormassets/localizeddata/sounds/vo/novarollerderby_attack04.ogg	2811c84c69e9a8445df5416366cffed3	19003
mods/heroes.stormmod/enus.stormassets/localizeddata/sounds/vo/novarollerderby_attack05.fxe	dddd4480b6c22b7301826a79d3e74a8c	1707
mods/heroes.stormmod/enus.stormassets/localizeddata/sounds/vo/novarollerderby_attack05.ogg	cb302ca7532a73850b292f17e1fdb128	24837
mods/heroes.stormmod/enus.stormassets/localizeddata/sounds/vo/novarollerderby_attack06.fxe	fd23b923739c0bbec0bbe2ff8070bd48	2059
mods/heroes.stormmod/enus.stormassets/localizeddata/sounds/vo/novarollerderby_attack06.ogg	54378c06a20e1ed078831e18c2df1264	27336
mods/heroes.stormmod/enus.stormassets/localizeddata/sounds/vo/novarollerderby_byebye00.fxe	9912f9d3d90e340035a9c44e64cc83f7	1627
mods/heroes.stormmod/enus.stormassets/localizeddata/sounds/vo/novarollerderby_byebye00.ogg	2e0f75ae750e0dc8a2eaad0ddd6bcd7c	31625
mods/heroes.stormmod/enus.stormassets/localizeddata/sounds/vo/novarollerderby_byebye01.fxe	1c70a1ba04409809976bbe8526a8c11b	1051
mods/heroes.stormmod/enus.stormassets/localizeddata/sounds/vo/novarollerderby_byebye01.ogg	d037a0059479a6f2d8b431490649ced2	15953
mods/heroes.stormmod/enus.stormassets/localizeddata/sounds/vo/novarollerderby_byebye02.fxe	13a8b9647d65bbec9760fd08bf89c3f2	2155
mods/heroes.stormmod/enus.stormassets/localizeddata/sounds/vo/novarollerderby_byebye02.ogg	0d3453fd552f6f6e1b8f0fb7b0779495	41568
mods/heroes.stormmod/enus.stormassets/localizeddata/sounds/vo/novarollerderby_celebrate00.fxe	c474ae5b2be53a1de10e56848da6d7c6	1486
mods/heroes.stormmod/enus.stormassets/localizeddata/sounds/vo/novarollerderby_celebrate00.ogg	09864f08f370c34c093cabcdc5f50c42	26469
mods/heroes.stormmod/enus.stormassets/localizeddata/sounds/vo/novarollerderby_celebrate01.fxe	6cb3ca3593a595bc8fe40cde9c60b9ef	1182
mods/heroes.stormmod/enus.stormassets/localizeddata/sounds/vo/novarollerderby_celebrate01.ogg	98c11ba2ddb268705f7caa1361b54792	19307
mods/heroes.stormmod/enus.stormassets/localizeddata/sounds/vo/novarollerderby_comeback00.fxe	942717394d672a4cbea814334d7463ec	2893
mods/heroes.stormmod/enus.stormassets/localizeddata/sounds/vo/novarollerderby_comeback00.ogg	31a174d3e20d7f0ead1b2a5c26bd8954	38931
mods/heroes.stormmod/enus.stormassets/localizeddata/sounds/vo/novarollerderby_healed00.fxe	96319ee18de0174d84bebdf5aabedb5f	1595
mods/heroes.stormmod/enus.stormassets/localizeddata/sounds/vo/novarollerderby_healed00.ogg	68370a3bfff9b13f82b629da21868094	26956
mods/heroes.stormmod/enus.stormassets/localizeddata/sounds/vo/novarollerderby_healed01.fxe	eaa48bd536a48b5839a48be8da552aca	1483
mods/heroes.stormmod/enus.stormassets/localizeddata/sounds/vo/novarollerderby_healed01.ogg	88b7b3feba96b7401e2433e0f26c9f05	20766
mods/heroes.stormmod/enus.stormassets/localizeddata/sounds/vo/novarollerderby_healed02.fxe	0b86e2bd3a7df222af4dfd5b8d9b1921	1371
mods/heroes.stormmod/enus.stormassets/localizeddata/sounds/vo/novarollerderby_healed02.ogg	96cde65c0de96602e33f9c7fef51ccbd	23648
mods/heroes.stormmod/enus.stormassets/localizeddata/sounds/vo/novarollerderby_introagree00.fxe	9f672c60510d40f504e405189cd70f03	1743
mods/heroes.stormmod/enus.stormassets/localizeddata/sounds/vo/novarollerderby_introagree00.ogg	3ab4849ba5c81712bdaf23f362c0da1a	21970
mods/heroes.stormmod/enus.stormassets/localizeddata/sounds/vo/novarollerderby_introagree01.fxe	39cb371f4697c488ae9dc12a17c6bb81	1327
mods/heroes.stormmod/enus.stormassets/localizeddata/sounds/vo/novarollerderby_introagree01.ogg	88fcb61aad75355b3b48beb0ec747dd1	20881
mods/heroes.stormmod/enus.stormassets/localizeddata/sounds/vo/novarollerderby_introagree02.fxe	8b665564b1aad50087e03382e72ff55e	2415
mods/heroes.stormmod/enus.stormassets/localizeddata/sounds/vo/novarollerderby_introagree02.ogg	031443c47c814ce36ab90312768a5df8	32321
mods/heroes.stormmod/enus.stormassets/localizeddata/sounds/vo/novarollerderby_introboast00.fxe	3773c12cec7b389c97fa41c22fb81a7e	2399
mods/heroes.stormmod/enus.stormassets/localizeddata/sounds/vo/novarollerderby_introboast00.ogg	213115b3438ff24489644979408d5205	36622
mods/heroes.stormmod/enus.stormassets/localizeddata/sounds/vo/novarollerderby_introboast01.fxe	37049d0ceedac07bf24678e546a03fc2	2399
mods/heroes.stormmod/enus.stormassets/localizeddata/sounds/vo/novarollerderby_introboast01.ogg	60ac326d04d84af4a4995bc0cd4dd939	30513
mods/heroes.stormmod/enus.stormassets/localizeddata/sounds/vo/novarollerderby_introquestion00.fxe	596ae67106af3421242e8ae7816ad69f	1922
mods/heroes.stormmod/enus.stormassets/localizeddata/sounds/vo/novarollerderby_introquestion00.ogg	bb2206384f404d5d791b4b02774dc9bb	28552
mods/heroes.stormmod/enus.stormassets/localizeddata/sounds/vo/novarollerderby_introquestion01.fxe	a027c8b8cee9ae765eeeebb8bb00c3c0	2370
mods/heroes.stormmod/enus.stormassets/localizeddata/sounds/vo/novarollerderby_introquestion01.ogg	0aeabc7fe34a794f21a37902c8070c0f	34839
mods/heroes.stormmod/enus.stormassets/localizeddata/sounds/vo/novarollerderby_introquestion_kerrigan00.fxe	5eeb8f2e077b979e9c581810027b2d6d	1259
mods/heroes.stormmod/enus.stormassets/localizeddata/sounds/vo/novarollerderby_introquestion_kerrigan00.ogg	149bb0ca771651e9fba5a6942fd078f5	20304
mods/heroes.stormmod/enus.stormassets/localizeddata/sounds/vo/novarollerderby_introquestion_murky00.fxe	e9d81a8c4eea6e7f3fb9e72caae53493	2680
mods/heroes.stormmod/enus.stormassets/localizeddata/sounds/vo/novarollerderby_introquestion_murky00.ogg	53adfe5d4ae319a032da888375b8df0a	40125
mods/heroes.stormmod/enus.stormassets/localizeddata/sounds/vo/novarollerderby_introquestion_negative00.fxe	32be78c297897271db36c7f47aef0076	2379
mods/heroes.stormmod/enus.stormassets/localizeddata/sounds/vo/novarollerderby_introquestion_negative00.ogg	c9ee8c38dce6bec9d140f5ed67c2c91f	35541
mods/heroes.stormmod/enus.stormassets/localizeddata/sounds/vo/novarollerderby_introquestion_positive00.fxe	448e615e5eda40c858d265b213a78573	2523
mods/heroes.stormmod/enus.stormassets/localizeddata/sounds/vo/novarollerderby_introquestion_positive00.ogg	df1b7a20292101577cd8cdb4caa54bdf	42272
mods/heroes.stormmod/enus.stormassets/localizeddata/sounds/vo/novarollerderby_introquestion_raynor00.fxe	e0574031dc12df21f43ecf2799059362	2153
mods/heroes.stormmod/enus.stormassets/localizeddata/sounds/vo/novarollerderby_introquestion_raynor00.ogg	dcca857fb7c7b2efe958940fe163fb60	46592
mods/heroes.stormmod/enus.stormassets/localizeddata/sounds/vo/novarollerderby_introquestion_tychus00.fxe	59936d1ce9c6c9e21b4f415179e92e3c	2633
mods/heroes.stormmod/enus.stormassets/localizeddata/sounds/vo/novarollerderby_introquestion_tychus00.ogg	a79d14e33849075bbff83f2ac6c6ad89	34690
mods/heroes.stormmod/enus.stormassets/localizeddata/sounds/vo/novarollerderby_introrespond00.fxe	f16480c5345f7085953c607a39ec9d19	1121
mods/heroes.stormmod/enus.stormassets/localizeddata/sounds/vo/novarollerderby_introrespond00.ogg	65d415bbe81c0e3002b9424a882e71b9	15472
mods/heroes.stormmod/enus.stormassets/localizeddata/sounds/vo/novarollerderby_introrespond01.fxe	64d6742da7c9855184f5d00e63ec5ced	1857
mods/heroes.stormmod/enus.stormassets/localizeddata/sounds/vo/novarollerderby_introrespond01.ogg	634fa6f4f5e8d02feb900b790a193f12	26347
mods/heroes.stormmod/enus.stormassets/localizeddata/sounds/vo/novarollerderby_introrespond02.fxe	13449e644bf996d56a10eaf3ec566e8f	1249
mods/heroes.stormmod/enus.stormassets/localizeddata/sounds/vo/novarollerderby_introrespond02.ogg	4cdb22e083130761b5968cf1ed33d503	29783
mods/heroes.stormmod/enus.stormassets/localizeddata/sounds/vo/novarollerderby_introresponse_ana00.ogg	5ec3eaf528e1bc27f41f7e3b1cfd585c	15463
mods/heroes.stormmod/enus.stormassets/localizeddata/sounds/vo/novarollerderby_introresponse_kerrigan00.fxe	fb93e41bdf6c98645f5577ce1b36b914	1051
mods/heroes.stormmod/enus.stormassets/localizeddata/sounds/vo/novarollerderby_introresponse_kerrigan00.ogg	10621f2b7fe3d334fa83a29ded2b22d8	17514
mods/heroes.stormmod/enus.stormassets/localizeddata/sounds/vo/novarollerderby_introresponse_murky00.fxe	5401f2951a15716eea34e0c4289a8953	1336
mods/heroes.stormmod/enus.stormassets/localizeddata/sounds/vo/novarollerderby_introresponse_murky00.ogg	2a02da1a191118a02910cfda6d1eb717	25158
mods/heroes.stormmod/enus.stormassets/localizeddata/sounds/vo/novarollerderby_introresponse_negative00.fxe	cc5b567303fb0953b40a37c1ec2af10b	3323
mods/heroes.stormmod/enus.stormassets/localizeddata/sounds/vo/novarollerderby_introresponse_negative00.ogg	bb2a44cffecad664899ca63eaf0e1482	44098
mods/heroes.stormmod/enus.stormassets/localizeddata/sounds/vo/novarollerderby_introresponse_positive00.fxe	d4679e7243738f0fa9c6267418e11230	2363
mods/heroes.stormmod/enus.stormassets/localizeddata/sounds/vo/novarollerderby_introresponse_positive00.ogg	d3daf3f07049f431664d1528d14cab05	29429
mods/heroes.stormmod/enus.stormassets/localizeddata/sounds/vo/novarollerderby_introresponse_raynor00.fxe	1c3c9e8f08b03b0aaf5562483e0d0c94	1977
mods/heroes.stormmod/enus.stormassets/localizeddata/sounds/vo/novarollerderby_introresponse_raynor00.ogg	c2bae699ecea68d0ebd5a23f27cac527	30041
mods/heroes.stormmod/enus.stormassets/localizeddata/sounds/vo/novarollerderby_introresponse_tychus00.fxe	5cbb8233cc8b33586b4d8d73b4adfe63	3657
mods/heroes.stormmod/enus.stormassets/localizeddata/sounds/vo/novarollerderby_introresponse_tychus00.ogg	f60d7c910d5f891f25b1f22bbffd7f91	52568
mods/heroes.stormmod/enus.stormassets/localizeddata/sounds/vo/novarollerderby_kill00.fxe	913608892372e8ed7294a7e1469ac6c9	1625
mods/heroes.stormmod/enus.stormassets/localizeddata/sounds/vo/novarollerderby_kill00.ogg	6f24e1f844966319c383c0bda12d42d9	20680
mods/heroes.stormmod/enus.stormassets/localizeddata/sounds/vo/novarollerderby_kill01.fxe	92b0a7c9dace911efab538ddd5cbb412	2393
mods/heroes.stormmod/enus.stormassets/localizeddata/sounds/vo/novarollerderby_kill01.ogg	54b1cd45cd17b731868687faf7227498	31924
mods/heroes.stormmod/enus.stormassets/localizeddata/sounds/vo/novarollerderby_kill02.fxe	ef42269fd605e483cba7c678321a58f1	1449
mods/heroes.stormmod/enus.stormassets/localizeddata/sounds/vo/novarollerderby_kill02.ogg	6b5e29b5c9fad43c91c2bd432491c664	23493
mods/heroes.stormmod/enus.stormassets/localizeddata/sounds/vo/novarollerderby_kill03.fxe	b9c17dcf21da4a2ba0430dbc786f6c70	1881
mods/heroes.stormmod/enus.stormassets/localizeddata/sounds/vo/novarollerderby_kill03.ogg	b04e058a7e0e4038ce842054f765278f	28144
mods/heroes.stormmod/enus.stormassets/localizeddata/sounds/vo/novarollerderby_kill04.fxe	a3ec55a909bcee8c9b49fd3359ef4492	649
mods/heroes.stormmod/enus.stormassets/localizeddata/sounds/vo/novarollerderby_kill04.ogg	93397aa38e4059c4ec5ffdbde1ae5e49	40496
mods/heroes.stormmod/enus.stormassets/localizeddata/sounds/vo/novarollerderby_killdemonhunter00.fxe	e2df4a7c449db6242d93f6424b0560d1	1940
mods/heroes.stormmod/enus.stormassets/localizeddata/sounds/vo/novarollerderby_killdemonhunter00.ogg	1cb5837b2238f35ccf02547e402ad88e	33596
mods/heroes.stormmod/enus.stormassets/localizeddata/sounds/vo/novarollerderby_killfaeriedragon00.fxe	b53424a807ee36304e80d1517a873a8a	2981
mods/heroes.stormmod/enus.stormassets/localizeddata/sounds/vo/novarollerderby_killfaeriedragon00.ogg	536bc8f51a715d6d50e1db0f688dbc59	43743
mods/heroes.stormmod/enus.stormassets/localizeddata/sounds/vo/novarollerderby_killkerrigan00.fxe	d6d17177d27e0693b897c12db6476f44	1889
mods/heroes.stormmod/enus.stormassets/localizeddata/sounds/vo/novarollerderby_killkerrigan00.ogg	19881bc6ae0302a452b892a1cfd7848b	28203
mods/heroes.stormmod/enus.stormassets/localizeddata/sounds/vo/novarollerderby_killking00.ogg	696ad9101a40d33c12c4e9c6d334636f	29743
mods/heroes.stormmod/enus.stormassets/localizeddata/sounds/vo/novarollerderby_killprince00.ogg	1c801433c30f995f482ebe552e6db523	26223
mods/heroes.stormmod/enus.stormassets/localizeddata/sounds/vo/novarollerderby_killraynor00.fxe	06a3ca2399994609e2356f1a346f720e	1823
mods/heroes.stormmod/enus.stormassets/localizeddata/sounds/vo/novarollerderby_killraynor00.ogg	e3f6e401cce5c2f9d07f9574cafccb9b	26888
mods/heroes.stormmod/enus.stormassets/localizeddata/sounds/vo/novarollerderby_killspreeend00.fxe	10d86d7d27556f33dc8970143c1fa7be	2001
mods/heroes.stormmod/enus.stormassets/localizeddata/sounds/vo/novarollerderby_killspreeend00.ogg	2d0715dc8836bff5be22c51f6e60bc7a	29792
mods/heroes.stormmod/enus.stormassets/localizeddata/sounds/vo/novarollerderby_killsylvanas00.fxe	7e1bd60a5a89bfb6ec5b6b4979b41548	1553
mods/heroes.stormmod/enus.stormassets/localizeddata/sounds/vo/novarollerderby_killsylvanas00.ogg	a9ba49fd55e80b8d9ef23eb0132e0f12	43876
mods/heroes.stormmod/enus.stormassets/localizeddata/sounds/vo/novarollerderby_laugh00_01.fxe	33eaeb871fd861e285eea9ffd6752db8	1197
mods/heroes.stormmod/enus.stormassets/localizeddata/sounds/vo/novarollerderby_laugh00_01.ogg	d1c6fa33b2cb229666e199ea13044820	18476
mods/heroes.stormmod/enus.stormassets/localizeddata/sounds/vo/novarollerderby_laugh00_03.ogg	ef7c8da59f8304a1d9d06989190aad35	15850
mods/heroes.stormmod/enus.stormassets/localizeddata/sounds/vo/novarollerderby_laugh00_04.ogg	2fe23b8cf99fdf4e0f1cf7769ec82c70	19355
mods/heroes.stormmod/enus.stormassets/localizeddata/sounds/vo/novarollerderby_laugh00_05.ogg	bb138e9004347f5e9b3802de5d662fab	20948
mods/heroes.stormmod/enus.stormassets/localizeddata/sounds/vo/novarollerderby_laugh00_06.ogg	7214f08e9d303834a487f61d384096dd	14717
mods/heroes.stormmod/enus.stormassets/localizeddata/sounds/vo/novarollerderby_lowlifeheal00.fxe	ffcbb38638fcdcc2a3f31f95827a4004	1744
mods/heroes.stormmod/enus.stormassets/localizeddata/sounds/vo/novarollerderby_lowlifeheal00.ogg	3afbbea56088266caff82c0a7ffc172e	24580
mods/heroes.stormmod/enus.stormassets/localizeddata/sounds/vo/novarollerderby_lowlifeheal01.fxe	f7aaf289b16648fceaf1bd9acf0c5e12	2064
mods/heroes.stormmod/enus.stormassets/localizeddata/sounds/vo/novarollerderby_lowlifeheal01.ogg	312eebc33f4288b1b0b421a1e18bc1d2	32956
mods/heroes.stormmod/enus.stormassets/localizeddata/sounds/vo/novarollerderby_lowlifeheal02.fxe	d1a54c9e66315f7702df2de95d215649	2224
mods/heroes.stormmod/enus.stormassets/localizeddata/sounds/vo/novarollerderby_lowlifeheal02.ogg	88f39d928bdc3161deb85c1590c91a15	33039
mods/heroes.stormmod/enus.stormassets/localizeddata/sounds/vo/novarollerderby_lowmana00.fxe	3b8287f12340985abd4d30e82be16f94	1452
mods/heroes.stormmod/enus.stormassets/localizeddata/sounds/vo/novarollerderby_lowmana00.ogg	e20263fbfd95886d86e34d2a7481e39f	21778
mods/heroes.stormmod/enus.stormassets/localizeddata/sounds/vo/novarollerderby_lowmana01.fxe	85b40a801a2ad01839ae1e4a59b3cfa6	1516
mods/heroes.stormmod/enus.stormassets/localizeddata/sounds/vo/novarollerderby_lowmana01.ogg	dfad71fbac162c43fd44308ff0fc2811	23469
mods/heroes.stormmod/enus.stormassets/localizeddata/sounds/vo/novarollerderby_lowmana02.fxe	84e49151e488cea61044b6d36901250e	1324
mods/heroes.stormmod/enus.stormassets/localizeddata/sounds/vo/novarollerderby_lowmana02.ogg	6bba49480353a46d2b502fa485439426	21793
mods/heroes.stormmod/enus.stormassets/localizeddata/sounds/vo/novarollerderby_matchend00.ogg	0141dafdc1c4b3a4c5662b106b0b5e64	13692
mods/heroes.stormmod/enus.stormassets/localizeddata/sounds/vo/novarollerderby_matchend01.ogg	11b1d64af164e4c2fb632d67c63402ab	16875
mods/heroes.stormmod/enus.stormassets/localizeddata/sounds/vo/novarollerderby_matchend02.ogg	bd74d826b227c49b54320f29f185ff50	27191
mods/heroes.stormmod/enus.stormassets/localizeddata/sounds/vo/novarollerderby_no00.fxe	1e6379f646581a4c3a6a47eb25d9f349	807
mods/heroes.stormmod/enus.stormassets/localizeddata/sounds/vo/novarollerderby_no00.ogg	33677f6d40c19ca6c55ee2d5c3882ba8	15009
mods/heroes.stormmod/enus.stormassets/localizeddata/sounds/vo/novarollerderby_no01.fxe	f93c4de0b50d8fec026cd3e5f6105b40	1031
mods/heroes.stormmod/enus.stormassets/localizeddata/sounds/vo/novarollerderby_no01.ogg	d6478dd351069c625b4562cb31c7ddc6	17718
mods/heroes.stormmod/enus.stormassets/localizeddata/sounds/vo/novarollerderby_no02.fxe	97077f5f248b8d81044093c0c3b38086	1191
mods/heroes.stormmod/enus.stormassets/localizeddata/sounds/vo/novarollerderby_no02.ogg	ec1dab247f140b155a4c92992fb76931	16826
mods/heroes.stormmod/enus.stormassets/localizeddata/sounds/vo/novarollerderby_ping_assisthero00.fxe	106b0ecf3cec347076477d0a73818697	1684
mods/heroes.stormmod/enus.stormassets/localizeddata/sounds/vo/novarollerderby_ping_assisthero00.ogg	8e53fc05999eb8ebef700114cfc69503	23952
mods/heroes.stormmod/enus.stormassets/localizeddata/sounds/vo/novarollerderby_ping_assistme00.fxe	9ae2268fabfeab991cfaf05611981b1d	1474
mods/heroes.stormmod/enus.stormassets/localizeddata/sounds/vo/novarollerderby_ping_assistme00.ogg	0def014261c13f2938f97761c3ba4fef	21899
mods/heroes.stormmod/enus.stormassets/localizeddata/sounds/vo/novarollerderby_ping_attackcastle00.fxe	6054181271a129dd644a0cfb3a16c883	1734
mods/heroes.stormmod/enus.stormassets/localizeddata/sounds/vo/novarollerderby_ping_attackcastle00.ogg	4f7264e51f42593b76f9e4db34c8c21d	26207
mods/heroes.stormmod/enus.stormassets/localizeddata/sounds/vo/novarollerderby_ping_attackmerc00.fxe	c3aa74f5873856fa57a453f054be57d7	2324
mods/heroes.stormmod/enus.stormassets/localizeddata/sounds/vo/novarollerderby_ping_attackmerc00.ogg	8fe5104f121c385ad6a487bd78870f3b	30541
mods/heroes.stormmod/enus.stormassets/localizeddata/sounds/vo/novarollerderby_ping_attackoutpost00.fxe	c0657ee8e539274920fe75d4f0db31b6	2647
mods/heroes.stormmod/enus.stormassets/localizeddata/sounds/vo/novarollerderby_ping_attackoutpost00.ogg	55893a93e7e3abab1b33dddaf980af2c	29739
mods/heroes.stormmod/enus.stormassets/localizeddata/sounds/vo/novarollerderby_ping_attacktower00.fxe	4eea095ab3e421d58840aac1b9c8c408	2069
mods/heroes.stormmod/enus.stormassets/localizeddata/sounds/vo/novarollerderby_ping_attacktower00.ogg	584ca9d68059d85dae94aa1b256aa728	26904
mods/heroes.stormmod/enus.stormassets/localizeddata/sounds/vo/novarollerderby_ping_defendcastle00.fxe	862b3e5e005233f6024b115d30a51f2a	1574
mods/heroes.stormmod/enus.stormassets/localizeddata/sounds/vo/novarollerderby_ping_defendcastle00.ogg	45a0e549f24a409e259cb528cdbbaf88	23600
mods/heroes.stormmod/enus.stormassets/localizeddata/sounds/vo/novarollerderby_ping_defendoutpost00.fxe	de1e26f8d99a6cd2f47e9d502e364b84	1959
mods/heroes.stormmod/enus.stormassets/localizeddata/sounds/vo/novarollerderby_ping_defendoutpost00.ogg	46a4810800cb8fcbb7703ddde66d6cd2	24886
mods/heroes.stormmod/enus.stormassets/localizeddata/sounds/vo/novarollerderby_ping_defendtower00.fxe	9547931492c94562bd6659f05f1bb6c2	2165
mods/heroes.stormmod/enus.stormassets/localizeddata/sounds/vo/novarollerderby_ping_defendtower00.ogg	e6db6f5099d5b32450a414be5e7e7b13	29313
mods/heroes.stormmod/enus.stormassets/localizeddata/sounds/vo/novarollerderby_ping_killhero00.fxe	05269e43fe5e7497442dbda68cecde46	1698
mods/heroes.stormmod/enus.stormassets/localizeddata/sounds/vo/novarollerderby_ping_killhero00.ogg	1a19ab862ceed79315ae9d58c7636e9e	25764
mods/heroes.stormmod/enus.stormassets/localizeddata/sounds/vo/novarollerderby_pissed00.fxe	03c2499e16423d6f34735984dba663ad	1227
mods/heroes.stormmod/enus.stormassets/localizeddata/sounds/vo/novarollerderby_pissed00.ogg	ec9a1ff5c77c56aeea57f0e7617dcc35	16407
mods/heroes.stormmod/enus.stormassets/localizeddata/sounds/vo/novarollerderby_pissed01.fxe	6f0e21d11b7e85adea4874c1515494ea	1467
mods/heroes.stormmod/enus.stormassets/localizeddata/sounds/vo/novarollerderby_pissed01.ogg	b62eec441c739207bab3bab9be29607b	22236
mods/heroes.stormmod/enus.stormassets/localizeddata/sounds/vo/novarollerderby_pissed02.fxe	f82c858d774bccf96bfdaefa6d0d63a9	3755
mods/heroes.stormmod/enus.stormassets/localizeddata/sounds/vo/novarollerderby_pissed02.ogg	cb921315bbfe2682c85406152c03eef5	59419
mods/heroes.stormmod/enus.stormassets/localizeddata/sounds/vo/novarollerderby_pissed03.fxe	4498ef14cb6a470db940a51ae2dc2492	4571
mods/heroes.stormmod/enus.stormassets/localizeddata/sounds/vo/novarollerderby_pissed03.ogg	869c943bdcb3d397bbad5f5bedc045c3	62595
mods/heroes.stormmod/enus.stormassets/localizeddata/sounds/vo/novarollerderby_pissed04.fxe	d8191c6e798e9556c5b60f88dda5a789	3643
mods/heroes.stormmod/enus.stormassets/localizeddata/sounds/vo/novarollerderby_pissed04.ogg	d21dfe96c91ed052a686c0e6c8d9f3d9	44906
mods/heroes.stormmod/enus.stormassets/localizeddata/sounds/vo/novarollerderby_pissed05.fxe	d9ea2da1bc4b0e2dad3a82b092a20974	2827
mods/heroes.stormmod/enus.stormassets/localizeddata/sounds/vo/novarollerderby_pissed05.ogg	8e6b121ca125d332f07f595d4578bbf7	43717
mods/heroes.stormmod/enus.stormassets/localizeddata/sounds/vo/novarollerderby_pissed06.fxe	364b749c507d8763fe3a233022bf497f	3291
mods/heroes.stormmod/enus.stormassets/localizeddata/sounds/vo/novarollerderby_pissed06.ogg	7c2d46dd48bb47d41cf286f6c0885f42	53355
mods/heroes.stormmod/enus.stormassets/localizeddata/sounds/vo/novarollerderby_pissed07.fxe	aaa3f4a220a588f115582d54d96cce15	2091
mods/heroes.stormmod/enus.stormassets/localizeddata/sounds/vo/novarollerderby_pissed07.ogg	f8f0fd8a5279807d294cfa1ba3a71501	45791
mods/heroes.stormmod/enus.stormassets/localizeddata/sounds/vo/novarollerderby_pissed08.fxe	2d074f80797cb2c2999f68ae9ee0a8a4	3963
mods/heroes.stormmod/enus.stormassets/localizeddata/sounds/vo/novarollerderby_pissed08.ogg	677b6dde1f176c77dbc1f374ee699e5b	51019
mods/heroes.stormmod/enus.stormassets/localizeddata/sounds/vo/novarollerderby_pissed09.fxe	0d6fbac294b1c42f44ef6c5cdac3b5f5	7947
mods/heroes.stormmod/enus.stormassets/localizeddata/sounds/vo/novarollerderby_pissed09.ogg	a65d3e7010535560bc713dda3e6efa39	117081
mods/heroes.stormmod/enus.stormassets/localizeddata/sounds/vo/novarollerderby_pissed10.fxe	0d4d33744f13d3ca6fe122f206fa159d	1707
mods/heroes.stormmod/enus.stormassets/localizeddata/sounds/vo/novarollerderby_pissed10.ogg	7c7ef8904f85768b11cc41c591359c15	50797
mods/heroes.stormmod/enus.stormassets/localizeddata/sounds/vo/novarollerderby_pissed11.fxe	2604aba75946f988f6633ab674d3cda3	763
mods/heroes.stormmod/enus.stormassets/localizeddata/sounds/vo/novarollerderby_pissed11.ogg	af133f58fd36e1ceb8aaeb24b93993f1	13212
mods/heroes.stormmod/enus.stormassets/localizeddata/sounds/vo/novarollerderby_pissed12.fxe	e48099fbb32e3c041c6a490f82369296	4635
mods/heroes.stormmod/enus.stormassets/localizeddata/sounds/vo/novarollerderby_pissed12.ogg	f67ce3c110c6236cb622e4446501c0b9	59450
mods/heroes.stormmod/enus.stormassets/localizeddata/sounds/vo/novarollerderby_pissed13.fxe	3f190c87d47bac4b19b2f249c075e55d	5195
mods/heroes.stormmod/enus.stormassets/localizeddata/sounds/vo/novarollerderby_pissed13.ogg	f84ba7ffbe687958e1505b63ac84ce3f	77398
mods/heroes.stormmod/enus.stormassets/localizeddata/sounds/vo/novarollerderby_pissed14.fxe	46a9839bc4e55e277bbb0a6891c9ec95	2363
mods/heroes.stormmod/enus.stormassets/localizeddata/sounds/vo/novarollerderby_pissed14.ogg	6948341a68fabd302eccb1d22a459d7e	57364
mods/heroes.stormmod/enus.stormassets/localizeddata/sounds/vo/novarollerderby_pissed15.fxe	129d1e95c87452a36500e99ac7093d38	5259
mods/heroes.stormmod/enus.stormassets/localizeddata/sounds/vo/novarollerderby_pissed15.ogg	b471883049bf1db978f35128906710de	80752
mods/heroes.stormmod/enus.stormassets/localizeddata/sounds/vo/novarollerderby_resurrected00.fxe	b995bb39bcf02625a8a6271e1f1a128d	1552
mods/heroes.stormmod/enus.stormassets/localizeddata/sounds/vo/novarollerderby_resurrected00.ogg	d007726d951d54dff2b8f11ae2a7acaf	20969
mods/heroes.stormmod/enus.stormassets/localizeddata/sounds/vo/novarollerderby_resurrected01.fxe	82777ee63a884fb70f532f458f20ef40	1200
mods/heroes.stormmod/enus.stormassets/localizeddata/sounds/vo/novarollerderby_resurrected01.ogg	78a241975d31a5d3f0966d0d67a23d53	27199
mods/heroes.stormmod/enus.stormassets/localizeddata/sounds/vo/novarollerderby_revive00.fxe	1d46b792cf180d1423568ad0b04762fa	1547
mods/heroes.stormmod/enus.stormassets/localizeddata/sounds/vo/novarollerderby_revive00.ogg	f8c22ab0c1c7d2f13ce7a2ec3fa56646	21557
mods/heroes.stormmod/enus.stormassets/localizeddata/sounds/vo/novarollerderby_revive01.fxe	fc85c346722a6221ed92a563fb9f3911	1707
mods/heroes.stormmod/enus.stormassets/localizeddata/sounds/vo/novarollerderby_revive01.ogg	f54c76cdd59a0183ed4f72218140b82e	25367
mods/heroes.stormmod/enus.stormassets/localizeddata/sounds/vo/novarollerderby_revive02.fxe	fa4f77b176cf79197f0f047a2e8869a4	1227
mods/heroes.stormmod/enus.stormassets/localizeddata/sounds/vo/novarollerderby_revive02.ogg	4f3ecfaf3b0c0059a307b76c34566335	19156
mods/heroes.stormmod/enus.stormassets/localizeddata/sounds/vo/novarollerderby_spec00.fxe	9c05b4a3d1d13077a5cdd8c5182dc6e7	1561
mods/heroes.stormmod/enus.stormassets/localizeddata/sounds/vo/novarollerderby_spec00.ogg	9b54cbf017b3a1070f445fdf282db25f	32658
mods/heroes.stormmod/enus.stormassets/localizeddata/sounds/vo/novarollerderby_spec01.fxe	5842a6f182e1a9f59ff1e090368e1e18	2265
mods/heroes.stormmod/enus.stormassets/localizeddata/sounds/vo/novarollerderby_spec01.ogg	b7c5d91c1aefb3171a2362aa5abbe0f6	31260
mods/heroes.stormmod/enus.stormassets/localizeddata/sounds/vo/novarollerderby_spec02.fxe	1dc5d53f1ce991c8490f24c9683846b9	1417
mods/heroes.stormmod/enus.stormassets/localizeddata/sounds/vo/novarollerderby_spec02.ogg	3acc2f1b41839d925f78b55ef2b1c5d5	20488
mods/heroes.stormmod/enus.stormassets/localizeddata/sounds/vo/novarollerderby_spec03.fxe	1b31a537003b7e316553ad5b2c82b36a	1753
mods/heroes.stormmod/enus.stormassets/localizeddata/sounds/vo/novarollerderby_spec03.ogg	aeab6d146b5e8d4182607706e74ccbb1	25808
mods/heroes.stormmod/enus.stormassets/localizeddata/sounds/vo/novarollerderby_spec04.fxe	34e6704f289105abba8db10f9a49db56	2185
mods/heroes.stormmod/enus.stormassets/localizeddata/sounds/vo/novarollerderby_spec04.ogg	e2c7fbd0c60f444763714c30ca5a02b3	28774
mods/heroes.stormmod/enus.stormassets/localizeddata/sounds/vo/novarollerderby_taunt00.fxe	f690e31a09a50dce4ca668d4e4d809a2	1866
mods/heroes.stormmod/enus.stormassets/localizeddata/sounds/vo/novarollerderby_taunt00.ogg	023912b9768e81d43657e181fd6e4cde	26672
mods/heroes.stormmod/enus.stormassets/localizeddata/sounds/vo/novarollerderby_taunt01.fxe	6ba7071f8d46a31ebdc4e1e7fa075143	2218
mods/heroes.stormmod/enus.stormassets/localizeddata/sounds/vo/novarollerderby_taunt01.ogg	82c1052c60f5903a8332087d0f7ee232	32211
mods/heroes.stormmod/enus.stormassets/localizeddata/sounds/vo/novarollerderby_taunt02.fxe	4e16be451310557cbc02bc5904bd836d	1450
mods/heroes.stormmod/enus.stormassets/localizeddata/sounds/vo/novarollerderby_taunt02.ogg	e712460d2d9055f4ba86d4db04eae3e7	25107
mods/heroes.stormmod/enus.stormassets/localizeddata/sounds/vo/novarollerderby_teamkilled00.fxe	98a3015eea9983c44c619fb97923dd3b	1103
mods/heroes.stormmod/enus.stormassets/localizeddata/sounds/vo/novarollerderby_teamkilled00.ogg	6536e03cdeb5adca9d603fc8c89a53f4	21746
mods/heroes.stormmod/enus.stormassets/localizeddata/sounds/vo/novarollerderby_ui_exlocked00.fxe	1dd0c7d52bc25571e09bb14e826b126b	1232
mods/heroes.stormmod/enus.stormassets/localizeddata/sounds/vo/novarollerderby_ui_exlocked00.ogg	194df874aa11534ed00957aec1b74f0e	19707
mods/heroes.stormmod/enus.stormassets/localizeddata/sounds/vo/novarollerderby_ui_expurchased00.fxe	70cc264d61496f8f7fef5e4a70317fd1	1411
mods/heroes.stormmod/enus.stormassets/localizeddata/sounds/vo/novarollerderby_ui_expurchased00.ogg	67c7435caff7bffda1e7f54ee33b4570	29610
mods/heroes.stormmod/enus.stormassets/localizeddata/sounds/vo/novarollerderby_ui_gift00.fxe	c8d32fe4752e19551a044928e5c8dcf3	1916
mods/heroes.stormmod/enus.stormassets/localizeddata/sounds/vo/novarollerderby_ui_gift00.ogg	9839206df1427371fd5f0dbdc4605d99	28094
mods/heroes.stormmod/enus.stormassets/localizeddata/sounds/vo/novarollerderby_ui_lockin00.fxe	670ec241373e3d146afcbeeacbaee11b	1438
mods/heroes.stormmod/enus.stormassets/localizeddata/sounds/vo/novarollerderby_ui_lockin00.ogg	f4e2a07bc8651baf58277ee6677925fb	23536
mods/heroes.stormmod/enus.stormassets/localizeddata/sounds/vo/novarollerderby_ui_purchase00.fxe	9bae0b17d35d76413bd179dbbc1901f1	3024
mods/heroes.stormmod/enus.stormassets/localizeddata/sounds/vo/novarollerderby_ui_purchase00.ogg	de2b7fd279dbaf2d46c19d2e92c27cec	39372
mods/heroes.stormmod/enus.stormassets/localizeddata/sounds/vo/novarollerderby_ui_trial00.fxe	67b8e6e4265febc2f0af56fdb1d6ed4f	1949
mods/heroes.stormmod/enus.stormassets/localizeddata/sounds/vo/novarollerderby_ui_trial00.ogg	7750281cd0837d7a86d4116df27ca524	31444
mods/heroes.stormmod/enus.stormassets/localizeddata/sounds/vo/novarollerderby_ui_trial01.fxe	10d82f732d73710f5880c91d2c8de273	2029
mods/heroes.stormmod/enus.stormassets/localizeddata/sounds/vo/novarollerderby_ui_trial01.ogg	e385c8e00225d5d08e7f7f5f06918a3b	28457
mods/heroes.stormmod/enus.stormassets/localizeddata/sounds/vo/novarollerderby_ui_waitlocked00.fxe	4691f14e923ea437bf1f903d070cb60b	1970
mods/heroes.stormmod/enus.stormassets/localizeddata/sounds/vo/novarollerderby_ui_waitlocked00.ogg	30d24d11efb22a9ea063d086bc821943	26778
mods/heroes.stormmod/enus.stormassets/localizeddata/sounds/vo/novarollerderby_ui_waitlocked01.fxe	c20d901beebcaa9b01ddf459dc7c166c	4066
mods/heroes.stormmod/enus.stormassets/localizeddata/sounds/vo/novarollerderby_ui_waitlocked01.ogg	45a5b8e84f42c8ce7cced0bc7ff2a4b0	50199
mods/heroes.stormmod/enus.stormassets/localizeddata/sounds/vo/novarollerderby_ui_waitpurchased00.fxe	d2876ccea3515edff0462c8cca17ac39	3365
mods/heroes.stormmod/enus.stormassets/localizeddata/sounds/vo/novarollerderby_ui_waitpurchased00.ogg	0646f257839a9a08ca500a3c2d13ce74	43534
mods/heroes.stormmod/enus.stormassets/localizeddata/sounds/vo/novarollerderby_ui_waitpurchased01.fxe	41f5fb2ecfdae8e266f5dc2a4af9021c	2757
mods/heroes.stormmod/enus.stormassets/localizeddata/sounds/vo/novarollerderby_ui_waitpurchased01.ogg	7599280d96ad4ad48db1a07ea3fcb3fd	37997
mods/heroes.stormmod/enus.stormassets/localizeddata/sounds/vo/novarollerderby_ultimate1used00.fxe	bc0c979f3ba52962e7b8c8bfb0c520b4	1826
mods/heroes.stormmod/enus.stormassets/localizeddata/sounds/vo/novarollerderby_ultimate1used00.ogg	7d9f8c0c1b6cd4f40a106661300e1956	26248
mods/heroes.stormmod/enus.stormassets/localizeddata/sounds/vo/novarollerderby_ultimate1used01.fxe	7a5269d23a0c2c3e75a83227765c8f48	2770
mods/heroes.stormmod/enus.stormassets/localizeddata/sounds/vo/novarollerderby_ultimate1used01.ogg	719b66c407a8fefd9884728431f0d2d7	40513
mods/heroes.stormmod/enus.stormassets/localizeddata/sounds/vo/novarollerderby_ultimate2used00.fxe	8f3a28967e4930083100dea3430d31bf	2258
mods/heroes.stormmod/enus.stormassets/localizeddata/sounds/vo/novarollerderby_ultimate2used00.ogg	7c1ce2b8ab696702f092e8c3033b7c9e	31247
mods/heroes.stormmod/enus.stormassets/localizeddata/sounds/vo/novarollerderby_ultimate2used01.fxe	44b02dde349107e0813f15621f2d8849	1794
mods/heroes.stormmod/enus.stormassets/localizeddata/sounds/vo/novarollerderby_ultimate2used01.ogg	a43a3912c90923a5c65fec9b3812c102	28862
mods/heroes.stormmod/enus.stormassets/localizeddata/sounds/vo/novarollerderby_voicelinefive00.ogg	76d672422e3ab01dfdf2c96dd0eb1be7	26203
mods/heroes.stormmod/enus.stormassets/localizeddata/sounds/vo/novarollerderby_voicelinefour00.ogg	1738b7777d81a8aab2c9f64440f88b65	21243
mods/heroes.stormmod/enus.stormassets/localizeddata/sounds/vo/novarollerderby_voicelineone00.ogg	146a3712edda6d022e1940d7522be46f	17969
mods/heroes.stormmod/enus.stormassets/localizeddata/sounds/vo/novarollerderby_voicelinethree00.ogg	8991edb4a0bd468368ba22cff5445d31	34222
mods/heroes.stormmod/enus.stormassets/localizeddata/sounds/vo/novarollerderby_voicelinetwo00.ogg	33bbc7ad532809902bc88b5b2464366b	22029
mods/heroes.stormmod/enus.stormassets/localizeddata/sounds/vo/novarollerderby_vox_attack01.fxe	08336719eef9c26e6f7d7f21f20160de	655
mods/heroes.stormmod/enus.stormassets/localizeddata/sounds/vo/novarollerderby_vox_attack01.ogg	e36c1de4c84da135b2158735d231b31d	8668
mods/heroes.stormmod/enus.stormassets/localizeddata/sounds/vo/novarollerderby_vox_attack02.fxe	25334b108fa1e11248d47308166806eb	655
mods/heroes.stormmod/enus.stormassets/localizeddata/sounds/vo/novarollerderby_vox_attack02.ogg	709618b7a88345b57e7235410565d022	8446
mods/heroes.stormmod/enus.stormassets/localizeddata/sounds/vo/novarollerderby_vox_attack03.fxe	b006b4a84b8a884b2f387bcacf8a0f01	1135
mods/heroes.stormmod/enus.stormassets/localizeddata/sounds/vo/novarollerderby_vox_attack03.ogg	f962e492b1bfc29ceeb12fe4ee134bf6	10212
mods/heroes.stormmod/enus.stormassets/localizeddata/sounds/vo/novarollerderby_vox_attack04.fxe	f959f78447a2dd0e7c03bc98d10fddc2	1343
mods/heroes.stormmod/enus.stormassets/localizeddata/sounds/vo/novarollerderby_vox_attack04.ogg	dffa5d1fd2e994423d44e1bf79308351	11627
mods/heroes.stormmod/enus.stormassets/localizeddata/sounds/vo/novarollerderby_vox_attack05.fxe	3ca3b22c4573e29b3d24ba7dbd262dbf	655
mods/heroes.stormmod/enus.stormassets/localizeddata/sounds/vo/novarollerderby_vox_attack05.ogg	38f52db144d47d15507a00b2daf9b3a3	8008
mods/heroes.stormmod/enus.stormassets/localizeddata/sounds/vo/novarollerderby_vox_attack06.ogg	b55839b87ba68d9f1dab5e16e6288635	7110
mods/heroes.stormmod/enus.stormassets/localizeddata/sounds/vo/novarollerderby_vox_attack07.ogg	219d100ed8a712773ca66a7b564841bd	9288
mods/heroes.stormmod/enus.stormassets/localizeddata/sounds/vo/novarollerderby_vox_attack08.ogg	df13a6a32bb48e4aae80140ac4cf409b	7697
mods/heroes.stormmod/enus.stormassets/localizeddata/sounds/vo/novarollerderby_vox_attack09.ogg	5f8f5fe1d2d025a32424133e415addae	7978
mods/heroes.stormmod/enus.stormassets/localizeddata/sounds/vo/novarollerderby_vox_attack10.ogg	5d881eb96dabd03bc84f237ec943e78b	8576
mods/heroes.stormmod/enus.stormassets/localizeddata/sounds/vo/novarollerderby_vox_attack11.ogg	3917e5f258d5e39f07648248226123af	16056
mods/heroes.stormmod/enus.stormassets/localizeddata/sounds/vo/novarollerderby_vox_attack12.ogg	f70d9494904c80775a243627c99c1c39	12560
mods/heroes.stormmod/enus.stormassets/localizeddata/sounds/vo/novarollerderby_vox_attack13.ogg	24b382fc2d56a08f8193b793164e7bfd	16440
mods/heroes.stormmod/enus.stormassets/localizeddata/sounds/vo/novarollerderby_vox_attack14.ogg	1a1b7ab4ce29a43ed6183e60e76ff704	7705
mods/heroes.stormmod/enus.stormassets/localizeddata/sounds/vo/novarollerderby_vox_casting01.fxe	472cb424ef7ad4f4217cf4c89d37a1e1	1104
mods/heroes.stormmod/enus.stormassets/localizeddata/sounds/vo/novarollerderby_vox_casting01.ogg	4a8d416a4abbe67e8c6ef538ec310199	9024
mods/heroes.stormmod/enus.stormassets/localizeddata/sounds/vo/novarollerderby_vox_casting02.fxe	f41ed65fefbebaab825fd97312a43eee	992
mods/heroes.stormmod/enus.stormassets/localizeddata/sounds/vo/novarollerderby_vox_casting02.ogg	b1f76af50e360d5d8f03112f58b0c9cf	9835
mods/heroes.stormmod/enus.stormassets/localizeddata/sounds/vo/novarollerderby_vox_casting03.fxe	1137a815c3cf240be16d92d93334b69c	656
mods/heroes.stormmod/enus.stormassets/localizeddata/sounds/vo/novarollerderby_vox_casting03.ogg	1390e1437d12f4fad99b27cabf558245	8705
mods/heroes.stormmod/enus.stormassets/localizeddata/sounds/vo/novarollerderby_vox_casting04.fxe	ff7d97f917614ff79df71f362086b822	656
mods/heroes.stormmod/enus.stormassets/localizeddata/sounds/vo/novarollerderby_vox_casting04.ogg	32e15c3b4a34945a5b61061002015862	7420
mods/heroes.stormmod/enus.stormassets/localizeddata/sounds/vo/novarollerderby_vox_casting05.fxe	aa3f8e19a130a59aa78d8adfe53f0f84	656
mods/heroes.stormmod/enus.stormassets/localizeddata/sounds/vo/novarollerderby_vox_casting05.ogg	f78ffab6c842fe7a55fa5ed69fba00d1	9078
mods/heroes.stormmod/enus.stormassets/localizeddata/sounds/vo/novarollerderby_vox_casting06.ogg	667ba3ad5ce396cd819b21cb6f5f2570	9186
mods/heroes.stormmod/enus.stormassets/localizeddata/sounds/vo/novarollerderby_vox_casting07.ogg	7f309ed6c48b764112f85298cbd7bcb6	11841
mods/heroes.stormmod/enus.stormassets/localizeddata/sounds/vo/novarollerderby_vox_casting08.ogg	a2b3d35131a36ff82e042081f8679e75	11654
mods/heroes.stormmod/enus.stormassets/localizeddata/sounds/vo/novarollerderby_vox_casting09.ogg	7abe5f6d516cde0b4756784e37718fc7	15184
mods/heroes.stormmod/enus.stormassets/localizeddata/sounds/vo/novarollerderby_vox_casting10.ogg	8ce5c1df1451e5aeda06a9ef73e8233a	11069
mods/heroes.stormmod/enus.stormassets/localizeddata/sounds/vo/novarollerderby_vox_casting11.ogg	a8ec9bb377f8b6c6e11743e7a01e9334	10040
mods/heroes.stormmod/enus.stormassets/localizeddata/sounds/vo/novarollerderby_vox_casting12.ogg	26bc689e92fe0f503f6827918c816bfc	22931
mods/heroes.stormmod/enus.stormassets/localizeddata/sounds/vo/novarollerderby_vox_casting13.ogg	fb59f9adf5fbe61e3cad652ace1f8eae	23018
mods/heroes.stormmod/enus.stormassets/localizeddata/sounds/vo/novarollerderby_vox_casting14.ogg	ca91ca10e460682d6ee4b78f5e483514	22707
mods/heroes.stormmod/enus.stormassets/localizeddata/sounds/vo/novarollerderby_vox_casting15.ogg	3303f6a0726f10706a485261c4d42bd6	23306
mods/heroes.stormmod/enus.stormassets/localizeddata/sounds/vo/novarollerderby_vox_casting16.ogg	e854abdf1ec26144de04fc3d2b9604b0	26948
mods/heroes.stormmod/enus.stormassets/localizeddata/sounds/vo/novarollerderby_vox_cheer00.fxe	e2cd4ec49536a06ebd9655b111bc660e	1438
mods/heroes.stormmod/enus.stormassets/localizeddata/sounds/vo/novarollerderby_vox_cheer00.ogg	df6945ac087d8923994f435e85177026	19301
mods/heroes.stormmod/enus.stormassets/localizeddata/sounds/vo/novarollerderby_vox_death01.fxe	ecf07a7eed705cc0616153a1e2803349	1646
mods/heroes.stormmod/enus.stormassets/localizeddata/sounds/vo/novarollerderby_vox_death01.wav	aede57e4b003bff4ea7841e0385fe069	40764
mods/heroes.stormmod/enus.stormassets/localizeddata/sounds/vo/novarollerderby_vox_death02.fxe	8567f9e46e6ed9b10adcbae95a3a481f	1870
mods/heroes.stormmod/enus.stormassets/localizeddata/sounds/vo/novarollerderby_vox_death02.wav	15523a335b3adb2014894d9ddff4b60a	49724
mods/heroes.stormmod/enus.stormassets/localizeddata/sounds/vo/novarollerderby_vox_death03.fxe	af023403945300fbb353832e18a6eadc	1966
mods/heroes.stormmod/enus.stormassets/localizeddata/sounds/vo/novarollerderby_vox_death03.wav	b6359b83ba69059852887864fa10850a	49980
mods/heroes.stormmod/enus.stormassets/localizeddata/sounds/vo/novarollerderby_vox_death04.wav	adf7789b5112d7a795c9ee2fc1b1d33b	40252
mods/heroes.stormmod/enus.stormassets/localizeddata/sounds/vo/novarollerderby_vox_death05.wav	8835491f6fedd25ebb0dd9239ab0a6ba	50236
mods/heroes.stormmod/enus.stormassets/localizeddata/sounds/vo/novarollerderby_vox_death06.wav	0e028d9c1a5f95e5596f5d0e2a9030e6	39996
mods/heroes.stormmod/enus.stormassets/localizeddata/sounds/vo/novarollerderby_vox_death07.wav	6b49e110a91dba78c5577f6f11dc0395	54332
mods/heroes.stormmod/enus.stormassets/localizeddata/sounds/vo/novarollerderby_vox_death08.wav	cff50ab2fb1219080f5c7fa71157d070	68156
mods/heroes.stormmod/enus.stormassets/localizeddata/sounds/vo/novarollerderby_vox_death09.wav	21966e7b6667321c6ec2f3f873db87a8	59452
mods/heroes.stormmod/enus.stormassets/localizeddata/sounds/vo/novarollerderby_vox_death10.wav	e90eb7bff38f810bd711c30fe466a8f3	60732
mods/heroes.stormmod/enus.stormassets/localizeddata/sounds/vo/novarollerderby_vox_death11.wav	732e6ad9c0a90474998ab7084500b877	71484
mods/heroes.stormmod/enus.stormassets/localizeddata/sounds/vo/novarollerderby_vox_death12.wav	a60925116f705ec65bb525b11e176992	32828
mods/heroes.stormmod/enus.stormassets/localizeddata/sounds/vo/novarollerderby_vox_death13.wav	aec9a125f67f3aec0a042489e44b9f4b	32828
mods/heroes.stormmod/enus.stormassets/localizeddata/sounds/vo/novarollerderby_vox_death14.wav	2d250babce82deb157c18c7d46515b9a	42044
mods/heroes.stormmod/enus.stormassets/localizeddata/sounds/vo/novarollerderby_vox_gethit01.fxe	eccffe141414febb4ecb20031bcb16bb	815
mods/heroes.stormmod/enus.stormassets/localizeddata/sounds/vo/novarollerderby_vox_gethit01.ogg	5682776ff4aeb578b6838c2c8c02b737	10494
mods/heroes.stormmod/enus.stormassets/localizeddata/sounds/vo/novarollerderby_vox_gethit02.fxe	66c13fd7d004150945c6e31cdb708917	1007
mods/heroes.stormmod/enus.stormassets/localizeddata/sounds/vo/novarollerderby_vox_gethit02.ogg	e3f906a58042b9ae9f0419d5c51a3f94	10626
mods/heroes.stormmod/enus.stormassets/localizeddata/sounds/vo/novarollerderby_vox_gethit03.fxe	81c7e5eb9eb7614830ae4753c5b2e72b	655
mods/heroes.stormmod/enus.stormassets/localizeddata/sounds/vo/novarollerderby_vox_gethit03.ogg	a89091065146184dd918270fa27f1a1e	9118
mods/heroes.stormmod/enus.stormassets/localizeddata/sounds/vo/novarollerderby_vox_gethit04.fxe	ccb160dcff71a8a0165bd27654ce220b	943
mods/heroes.stormmod/enus.stormassets/localizeddata/sounds/vo/novarollerderby_vox_gethit04.ogg	b69d9c44ba295569944f24e156c39a41	11081
mods/heroes.stormmod/enus.stormassets/localizeddata/sounds/vo/novarollerderby_vox_gethit05.fxe	cb7ff98ceea2ad0f3c28415103ae68db	1183
mods/heroes.stormmod/enus.stormassets/localizeddata/sounds/vo/novarollerderby_vox_gethit05.ogg	a6af39bddc6cb18bac52ff260b2f6f4d	10065
mods/heroes.stormmod/enus.stormassets/localizeddata/sounds/vo/novarollerderby_vox_gethit06.fxe	9cb7d75a61e329eee30950a275db8a90	1311
mods/heroes.stormmod/enus.stormassets/localizeddata/sounds/vo/novarollerderby_vox_gethit06.ogg	219e04ea3eb3f5510ab1234b9fcbcf19	13489
mods/heroes.stormmod/enus.stormassets/localizeddata/sounds/vo/novarollerderby_vox_gethit07.fxe	f6d9eff8b62240104f546c211e5d37f4	1279
mods/heroes.stormmod/enus.stormassets/localizeddata/sounds/vo/novarollerderby_vox_gethit07.ogg	e8389ed21d0ed49f32467b8c41b745f0	11887
mods/heroes.stormmod/enus.stormassets/localizeddata/sounds/vo/novarollerderby_vox_gethit08.ogg	7eff3ca4752cf791cfc3c6fd7a5d472a	9699
mods/heroes.stormmod/enus.stormassets/localizeddata/sounds/vo/novarollerderby_vox_gethit09.ogg	8cb36529e8c04fc23e1a35e63e03f27d	11065
mods/heroes.stormmod/enus.stormassets/localizeddata/sounds/vo/novarollerderby_vox_gethit10.fxe	591cf929d3469d3e594dd46fa47cd830	1119
mods/heroes.stormmod/enus.stormassets/localizeddata/sounds/vo/novarollerderby_vox_gethit10.ogg	f67af0e309e20400c0883709d81f9c92	10007
mods/heroes.stormmod/enus.stormassets/localizeddata/sounds/vo/novarollerderby_vox_gethit11.fxe	f017041cc658ac3da9fc72b7e3d36cdc	1167
mods/heroes.stormmod/enus.stormassets/localizeddata/sounds/vo/novarollerderby_vox_gethit11.ogg	fe93550fcd4d1532cc4f4e593d67c606	9899
mods/heroes.stormmod/enus.stormassets/localizeddata/sounds/vo/novarollerderby_vox_gethit12.fxe	48494fad23998f23ea14fb457a987763	655
mods/heroes.stormmod/enus.stormassets/localizeddata/sounds/vo/novarollerderby_vox_gethit12.ogg	576579e441381470a2a06b8a98600d4d	7639
mods/heroes.stormmod/enus.stormassets/localizeddata/sounds/vo/novarollerderby_vox_gethit13.ogg	44d6c9af49fbb50e7c9ba4bbd7be4035	8745
mods/heroes.stormmod/enus.stormassets/localizeddata/sounds/vo/novarollerderby_vox_pulled01.fxe	07ed7aaeb79d207e31350319bc4847df	1199
mods/heroes.stormmod/enus.stormassets/localizeddata/sounds/vo/novarollerderby_vox_pulled01.ogg	fad4ececd674f575d99c943a804be308	10739
mods/heroes.stormmod/enus.stormassets/localizeddata/sounds/vo/novarollerderby_vox_pulled02.fxe	eb1d8f735f00dc33f318e3e4200ab589	975
mods/heroes.stormmod/enus.stormassets/localizeddata/sounds/vo/novarollerderby_vox_pulled02.ogg	0066a0d7a47f191e4ab93c048693db86	9620
mods/heroes.stormmod/enus.stormassets/localizeddata/sounds/vo/novarollerderby_vox_pulled03.ogg	05ce1e26eead869b2fb9f23c82ea81cc	11690
mods/heroes.stormmod/enus.stormassets/localizeddata/sounds/vo/novarollerderby_vox_pulled04.ogg	8bebd7f77fee95fe755acab5fa8b96b1	11971
mods/heroes.stormmod/enus.stormassets/localizeddata/sounds/vo/novarollerderby_worthit00.fxe	4bf4bf0d687bb166e36524009a913568	1484
mods/heroes.stormmod/enus.stormassets/localizeddata/sounds/vo/novarollerderby_worthit00.ogg	1891bd89172536dd7121f9ea6362fc8a	21236
mods/heroes.stormmod/enus.stormassets/localizeddata/sounds/vo/novarollerderby_worthit01.fxe	5f6bed685894a64e6238a50d7dc6b65b	956
mods/heroes.stormmod/enus.stormassets/localizeddata/sounds/vo/novarollerderby_worthit01.ogg	4a36555db9a42465071428b256d50a3a	18336
mods/heroes.stormmod/enus.stormassets/localizeddata/sounds/vo/novarollerderby_yes00.fxe	b2c36577cb0db3ec3521584b297392ab	1000
mods/heroes.stormmod/enus.stormassets/localizeddata/sounds/vo/novarollerderby_yes00.ogg	8d4dec75fcdf59f2a1ff19f96c0db2c5	14112
mods/heroes.stormmod/enus.stormassets/localizeddata/sounds/vo/novarollerderby_yes01.fxe	1f19ea73d4f4c395c04fc3488d694f9d	1720
mods/heroes.stormmod/enus.stormassets/localizeddata/sounds/vo/novarollerderby_yes01.ogg	18b1b83dd05e44afeb8574a6b81ba2d5	23623
mods/heroes.stormmod/enus.stormassets/localizeddata/sounds/vo/novarollerderby_yes02.fxe	7e5bcf8aef7efae4b6756aded1c58423	1336
mods/heroes.stormmod/enus.stormassets/localizeddata/sounds/vo/novarollerderby_yes02.ogg	7cba54967ac217e5520aa824a887f9e4	19368
mods/heroes.stormmod/enus.stormassets/localizeddata/sounds/vo/novarollerderby_yes03.fxe	06268041e6a671e92389982113e647b3	1096
mods/heroes.stormmod/enus.stormassets/localizeddata/sounds/vo/novarollerderby_yes03.ogg	443c2bb3f2d2986f622b1b31d1327806	18085
mods/heroes.stormmod/enus.stormassets/localizeddata/sounds/vo/novarollerderby_yes04.fxe	dad8d82f9f46808d52a2002fb6dad2f0	1384
mods/heroes.stormmod/enus.stormassets/localizeddata/sounds/vo/novarollerderby_yes04.ogg	d400f22333b3c27b2f989da0b7db7c57	19763
mods/heroes.stormmod/enus.stormassets/localizeddata/sounds/vo/novarollerderby_yes05.fxe	5483aa751874df25f99308f95c3cc3af	1176
mods/heroes.stormmod/enus.stormassets/localizeddata/sounds/vo/novarollerderby_yes05.ogg	50dfd4bd9e53d37e9901e21794bbcc6c	18001
mods/heroes.stormmod/enus.stormassets/localizeddata/sounds/vo/novarollerderby_yes06.fxe	3a716485c794c1e0fc368923902296c7	1432
mods/heroes.stormmod/enus.stormassets/localizeddata/sounds/vo/novarollerderby_yes06.ogg	84e6d3a08ea986906d93e4929d9d6b5f	19826
mods/heroes.stormmod/enus.stormassets/localizeddata/sounds/vo/novarollerderby_yes07.fxe	beac89a53496d06bda48f14ad79d705c	1384
mods/heroes.stormmod/enus.stormassets/localizeddata/sounds/vo/novarollerderby_yes07.ogg	3caaf4ae0695e3b388df2fc36ccc3d17	24538
mods/heroes.stormmod/enus.stormassets/localizeddata/sounds/vo/novarollerderby_yes08.fxe	6bbbec8d88ea1b3886bdccb7695fa051	1144
mods/heroes.stormmod/enus.stormassets/localizeddata/sounds/vo/novarollerderby_yes08.ogg	9d392594574e9c6bf3fe9472f9875ecd	20013
mods/heroes.stormmod/enus.stormassets/localizeddata/sounds/vo/novaspectre_ai_attack00.fxe	1ffc50e7fa68da268d256f6cccb7d530	2058
mods/heroes.stormmod/enus.stormassets/localizeddata/sounds/vo/novaspectre_ai_attack00.ogg	10de65b93afd1c986dd038423913f786	24516
mods/heroes.stormmod/enus.stormassets/localizeddata/sounds/vo/novaspectre_ai_attack01.fxe	619228172416c6040dc953bc204904eb	2442
mods/heroes.stormmod/enus.stormassets/localizeddata/sounds/vo/novaspectre_ai_attack01.ogg	51c15034f04617c0b7b76fbcbf549650	31634
mods/heroes.stormmod/enus.stormassets/localizeddata/sounds/vo/novaspectre_ai_attack02.fxe	33555d499eba8dd75ac57d14e09bdb64	1098
mods/heroes.stormmod/enus.stormassets/localizeddata/sounds/vo/novaspectre_ai_attack02.ogg	17b45e3840080e68868ffcf61127150f	23013
mods/heroes.stormmod/enus.stormassets/localizeddata/sounds/vo/novaspectre_ai_caution00.fxe	3b1b3ecf14b4a851c37685d0f8577439	1771
mods/heroes.stormmod/enus.stormassets/localizeddata/sounds/vo/novaspectre_ai_caution00.ogg	0a5bfe7eef760114c3e03400d58bd152	23810
mods/heroes.stormmod/enus.stormassets/localizeddata/sounds/vo/novaspectre_ai_goodjob00.fxe	bd0cef335a2ec8222a17cc8e105b38e2	891
mods/heroes.stormmod/enus.stormassets/localizeddata/sounds/vo/novaspectre_ai_goodjob00.ogg	e8012c0565eaf181990c194645bc21e0	19160
mods/heroes.stormmod/enus.stormassets/localizeddata/sounds/vo/novaspectre_ai_goodjob01.fxe	59c64a523da3b68e16416a3f5c341c36	1499
mods/heroes.stormmod/enus.stormassets/localizeddata/sounds/vo/novaspectre_ai_goodjob01.ogg	7179c429bb228f2ebf6b3a663f6c492c	22725
mods/heroes.stormmod/enus.stormassets/localizeddata/sounds/vo/novaspectre_ai_heal00.fxe	89296e5f4ad2600117a691f90b4dda88	2584
mods/heroes.stormmod/enus.stormassets/localizeddata/sounds/vo/novaspectre_ai_heal00.ogg	74d76d13f4ad66c39f819fc2c2ff7604	37393
mods/heroes.stormmod/enus.stormassets/localizeddata/sounds/vo/novaspectre_ai_heal01.fxe	12bd9c0bc4028960104621ab11b747b1	2184
mods/heroes.stormmod/enus.stormassets/localizeddata/sounds/vo/novaspectre_ai_heal01.ogg	f84f17030dc832a2883122b380f694c6	31833
mods/heroes.stormmod/enus.stormassets/localizeddata/sounds/vo/novaspectre_ai_retreat00.fxe	6d5c317a667a592a77d105e4319fe9b4	2011
mods/heroes.stormmod/enus.stormassets/localizeddata/sounds/vo/novaspectre_ai_retreat00.ogg	c208db5de5f0f1d6f4ed35fab2aff71a	26218
mods/heroes.stormmod/enus.stormassets/localizeddata/sounds/vo/novaspectre_ai_retreat01.fxe	6e13390ee6bfd1d103e02fc5084c43f0	1643
mods/heroes.stormmod/enus.stormassets/localizeddata/sounds/vo/novaspectre_ai_retreat01.ogg	9697f8a93a35e944cf547cf91d898b6e	22201
mods/heroes.stormmod/enus.stormassets/localizeddata/sounds/vo/novaspectre_ai_uhoh00.fxe	d694d639a7212afb6ce04b2a84b842f5	1064
mods/heroes.stormmod/enus.stormassets/localizeddata/sounds/vo/novaspectre_ai_uhoh00.ogg	5eb091ce033b2f7eb98d3e786b300446	16311
mods/heroes.stormmod/enus.stormassets/localizeddata/sounds/vo/novaspectre_ai_uhoh01.fxe	4978846bf2adc953ec53c4174c42a4e1	1352
mods/heroes.stormmod/enus.stormassets/localizeddata/sounds/vo/novaspectre_ai_uhoh01.ogg	800533460ca9fc04a6b706e5636c936f	19756
mods/heroes.stormmod/enus.stormassets/localizeddata/sounds/vo/novaspectre_ai_uhoh02.fxe	0a13d1211c669510be7088b8dec5fd84	1672
mods/heroes.stormmod/enus.stormassets/localizeddata/sounds/vo/novaspectre_ai_uhoh02.ogg	893796e26130b4a30daae83b0766a5ca	23409
mods/heroes.stormmod/enus.stormassets/localizeddata/sounds/vo/novaspectre_attack00.fxe	39823376a05e313e74cd3a89d72f034e	1543
mods/heroes.stormmod/enus.stormassets/localizeddata/sounds/vo/novaspectre_attack00.ogg	7b3dd6b5f188c8fe222a2e0c6d258604	25091
mods/heroes.stormmod/enus.stormassets/localizeddata/sounds/vo/novaspectre_attack01.fxe	b1291eac3a945ce894762b351f355e94	1447
mods/heroes.stormmod/enus.stormassets/localizeddata/sounds/vo/novaspectre_attack01.ogg	35f63438256f00023d0e416cde992f1a	21783
mods/heroes.stormmod/enus.stormassets/localizeddata/sounds/vo/novaspectre_attack02.fxe	12a308fee879f2b7ccb5c3e257c2848d	2103
mods/heroes.stormmod/enus.stormassets/localizeddata/sounds/vo/novaspectre_attack02.ogg	1f7e16e3210c5aa81b7faa7744fcb840	28352
mods/heroes.stormmod/enus.stormassets/localizeddata/sounds/vo/novaspectre_attack03.fxe	fc5a243b5acd426ec6b6fc287646096f	1479
mods/heroes.stormmod/enus.stormassets/localizeddata/sounds/vo/novaspectre_attack03.ogg	648eee9a2f3e325be47e7651d81d8f9d	22003
mods/heroes.stormmod/enus.stormassets/localizeddata/sounds/vo/novaspectre_attack04.fxe	d4337cc6d30448ccced2384facc95225	1319
mods/heroes.stormmod/enus.stormassets/localizeddata/sounds/vo/novaspectre_attack04.ogg	a0aad16d92ee7f3f7c88f0226b85ba85	18871
mods/heroes.stormmod/enus.stormassets/localizeddata/sounds/vo/novaspectre_attack05.fxe	0a5144a2572c7e5b6b5516f45a747e19	1703
mods/heroes.stormmod/enus.stormassets/localizeddata/sounds/vo/novaspectre_attack05.ogg	3a40ba68be92f5cd1eebd55238450130	24763
mods/heroes.stormmod/enus.stormassets/localizeddata/sounds/vo/novaspectre_attack06.fxe	9e4af3022b3ba821ae0f0c6e56eed7ae	2055
mods/heroes.stormmod/enus.stormassets/localizeddata/sounds/vo/novaspectre_attack06.ogg	27efdfb27c7a9e599a34bfd31d69b793	27258
mods/heroes.stormmod/enus.stormassets/localizeddata/sounds/vo/novaspectre_byebye00.fxe	8a042bd5e1eda81bfb3c9105ca88a160	1623
mods/heroes.stormmod/enus.stormassets/localizeddata/sounds/vo/novaspectre_byebye00.ogg	aeb9265d8b14504597e9119f2a0c906d	31632
mods/heroes.stormmod/enus.stormassets/localizeddata/sounds/vo/novaspectre_byebye01.fxe	8dc6d51ccd313cfce6db00819de22316	1047
mods/heroes.stormmod/enus.stormassets/localizeddata/sounds/vo/novaspectre_byebye01.ogg	d5d70f9478cf240f24da32a5a839d637	15955
mods/heroes.stormmod/enus.stormassets/localizeddata/sounds/vo/novaspectre_byebye02.fxe	60d8ce025e60159f2733c83fa3db46cd	2151
mods/heroes.stormmod/enus.stormassets/localizeddata/sounds/vo/novaspectre_byebye02.ogg	0dda01109ac5e7a49a75c236dcc4f681	41335
mods/heroes.stormmod/enus.stormassets/localizeddata/sounds/vo/novaspectre_celebrate00.fxe	daa0c3c9d5cd876977789067944e3998	1482
mods/heroes.stormmod/enus.stormassets/localizeddata/sounds/vo/novaspectre_celebrate00.ogg	7eaf29a3bac10b68009aae84bb28063c	26587
mods/heroes.stormmod/enus.stormassets/localizeddata/sounds/vo/novaspectre_celebrate01.fxe	b51a0bf98fdf65d52eaa270be8bd22f8	1178
mods/heroes.stormmod/enus.stormassets/localizeddata/sounds/vo/novaspectre_celebrate01.ogg	549758e901adb8957587b1814c1964ee	19209
mods/heroes.stormmod/enus.stormassets/localizeddata/sounds/vo/novaspectre_comeback00.fxe	7744236cd9a330b8c4e6b71dab61f159	2921
mods/heroes.stormmod/enus.stormassets/localizeddata/sounds/vo/novaspectre_comeback00.ogg	83be6bb9eb5522cbf0d8c4b7efc1bb65	38857
mods/heroes.stormmod/enus.stormassets/localizeddata/sounds/vo/novaspectre_healed00.fxe	03e999fde2f847e074d8a76e5652140c	1591
mods/heroes.stormmod/enus.stormassets/localizeddata/sounds/vo/novaspectre_healed00.ogg	4ac02d33c6367736fc30a113d25b2ce0	26919
mods/heroes.stormmod/enus.stormassets/localizeddata/sounds/vo/novaspectre_healed01.fxe	e90693d6f3c913cca408dff97ee6b919	1479
mods/heroes.stormmod/enus.stormassets/localizeddata/sounds/vo/novaspectre_healed01.ogg	cbd51699af89e4dde80fc2a9365ee524	20767
mods/heroes.stormmod/enus.stormassets/localizeddata/sounds/vo/novaspectre_healed02.fxe	25d0718038eca3f0475464dabfffd192	1367
mods/heroes.stormmod/enus.stormassets/localizeddata/sounds/vo/novaspectre_healed02.ogg	a9e5ec8f5f2c80cfc82b307a67d7b5a3	23656
mods/heroes.stormmod/enus.stormassets/localizeddata/sounds/vo/novaspectre_introagree00.fxe	99eb45cbec37522e98192fc8be9fba28	1739
mods/heroes.stormmod/enus.stormassets/localizeddata/sounds/vo/novaspectre_introagree00.ogg	43e87e749332254d772f8aaef1cce9bb	22035
mods/heroes.stormmod/enus.stormassets/localizeddata/sounds/vo/novaspectre_introagree01.fxe	12698b62a2b69006e2a54de8a2e9ff9e	1323
mods/heroes.stormmod/enus.stormassets/localizeddata/sounds/vo/novaspectre_introagree01.ogg	d2ab4a7a106980ea98334194275a2ac8	21144
mods/heroes.stormmod/enus.stormassets/localizeddata/sounds/vo/novaspectre_introagree02.fxe	d41602d0b7084e4cf7e8e626d2b28fc3	2379
mods/heroes.stormmod/enus.stormassets/localizeddata/sounds/vo/novaspectre_introagree02.ogg	d1b91990fa853b65375fefb5eee46418	32299
mods/heroes.stormmod/enus.stormassets/localizeddata/sounds/vo/novaspectre_introboast00.fxe	f92971d80d5a3906711f3f096ce38d9a	2395
mods/heroes.stormmod/enus.stormassets/localizeddata/sounds/vo/novaspectre_introboast00.ogg	d8e135e4b2b29b59c1191dd724c18c3f	36672
mods/heroes.stormmod/enus.stormassets/localizeddata/sounds/vo/novaspectre_introboast01.fxe	3a167230fcb59835bd6dfb6f491bb171	2395
mods/heroes.stormmod/enus.stormassets/localizeddata/sounds/vo/novaspectre_introboast01.ogg	4b5e0e4e55403cb3f68e47208da86115	30661
mods/heroes.stormmod/enus.stormassets/localizeddata/sounds/vo/novaspectre_introquestion00.fxe	3c1aa6ae4ddc97e1fef06d0c6bb882ad	2254
mods/heroes.stormmod/enus.stormassets/localizeddata/sounds/vo/novaspectre_introquestion00.ogg	cd67ca7b8b53c4a196f0664e15ce92bc	28357
mods/heroes.stormmod/enus.stormassets/localizeddata/sounds/vo/novaspectre_introquestion01.fxe	28bee864eb5bc70ae30e1408b305e5b4	1982
mods/heroes.stormmod/enus.stormassets/localizeddata/sounds/vo/novaspectre_introquestion01.ogg	08fa166a15778dbfbf828e7e2443be3b	34937
mods/heroes.stormmod/enus.stormassets/localizeddata/sounds/vo/novaspectre_introquestion_kerrigan00.fxe	f6dbb4dd7a0533d2c61a045f29811ab6	1255
mods/heroes.stormmod/enus.stormassets/localizeddata/sounds/vo/novaspectre_introquestion_kerrigan00.ogg	a38ca22fa20c4b42f9202e179447e18b	20175
mods/heroes.stormmod/enus.stormassets/localizeddata/sounds/vo/novaspectre_introquestion_murky00.fxe	fd7cf712dbcd4adc5e7adf4aaf68c950	2724
mods/heroes.stormmod/enus.stormassets/localizeddata/sounds/vo/novaspectre_introquestion_murky00.ogg	0f3c45f78740b0a532555ce4134a764b	40098
mods/heroes.stormmod/enus.stormassets/localizeddata/sounds/vo/novaspectre_introquestion_negative00.fxe	b213d9b547a7d36441d76f1b87c00e01	2375
mods/heroes.stormmod/enus.stormassets/localizeddata/sounds/vo/novaspectre_introquestion_negative00.ogg	74b403110fa6c21eece7e11419b6938f	35465
mods/heroes.stormmod/enus.stormassets/localizeddata/sounds/vo/novaspectre_introquestion_positive00.fxe	d4cfc21c46a4c8f2faa272c65152c85f	2487
mods/heroes.stormmod/enus.stormassets/localizeddata/sounds/vo/novaspectre_introquestion_positive00.ogg	906a0f282c2a12033bb0741c80af85c0	42193
mods/heroes.stormmod/enus.stormassets/localizeddata/sounds/vo/novaspectre_introquestion_raynor00.fxe	c42c5b8294791ce6e09d9888b0d17ea1	2149
mods/heroes.stormmod/enus.stormassets/localizeddata/sounds/vo/novaspectre_introquestion_raynor00.ogg	bfadd161b10102d35517b759c5af4c5e	46586
mods/heroes.stormmod/enus.stormassets/localizeddata/sounds/vo/novaspectre_introquestion_tychus00.fxe	1a0aa5914841bc5660c661ea53d629a5	2629
mods/heroes.stormmod/enus.stormassets/localizeddata/sounds/vo/novaspectre_introquestion_tychus00.ogg	183df5649bdef1dca27d10b367a33e71	34544
mods/heroes.stormmod/enus.stormassets/localizeddata/sounds/vo/novaspectre_introrespond00.fxe	4395c0086a9e09dc46330ca1091fe70e	1117
mods/heroes.stormmod/enus.stormassets/localizeddata/sounds/vo/novaspectre_introrespond00.ogg	8816c79786b98fe6c779f95921d2fba2	15645
mods/heroes.stormmod/enus.stormassets/localizeddata/sounds/vo/novaspectre_introrespond01.fxe	cf545b02a25bbcc31055dba88b7b9a50	1853
mods/heroes.stormmod/enus.stormassets/localizeddata/sounds/vo/novaspectre_introrespond01.ogg	255ac632cf933718bc1d6b9e46a9979c	26239
mods/heroes.stormmod/enus.stormassets/localizeddata/sounds/vo/novaspectre_introrespond02.fxe	c7a4bdd175fc03f6c1e07b9f8e7b9fb9	1245
mods/heroes.stormmod/enus.stormassets/localizeddata/sounds/vo/novaspectre_introrespond02.ogg	43b72025b46f2238caf46d84d23f99b5	29719
mods/heroes.stormmod/enus.stormassets/localizeddata/sounds/vo/novaspectre_introresponse_ana00.ogg	ac06899d060c75fcf104bd89d32fb94b	14021
mods/heroes.stormmod/enus.stormassets/localizeddata/sounds/vo/novaspectre_introresponse_kerrigan00.fxe	17ea937b157d9f50d1acfb51355948ab	1047
mods/heroes.stormmod/enus.stormassets/localizeddata/sounds/vo/novaspectre_introresponse_kerrigan00.ogg	20147252c0d35046b0c7a55e5f4e279e	17703
mods/heroes.stormmod/enus.stormassets/localizeddata/sounds/vo/novaspectre_introresponse_murky00.fxe	686ca6bb8e0a8db93f059a2cbeee74eb	1332
mods/heroes.stormmod/enus.stormassets/localizeddata/sounds/vo/novaspectre_introresponse_murky00.ogg	660cd2d6e1d9e3415dc0e15a3b137e63	25135
mods/heroes.stormmod/enus.stormassets/localizeddata/sounds/vo/novaspectre_introresponse_negative00.fxe	480fc0ed3e80873f5ad74fbb62a59ad9	3319
mods/heroes.stormmod/enus.stormassets/localizeddata/sounds/vo/novaspectre_introresponse_negative00.ogg	24a9aa3818be68ac6c82c996f674c7d8	43998
mods/heroes.stormmod/enus.stormassets/localizeddata/sounds/vo/novaspectre_introresponse_positive00.fxe	baecbe125bc028deb651d5c5447c5506	2359
mods/heroes.stormmod/enus.stormassets/localizeddata/sounds/vo/novaspectre_introresponse_positive00.ogg	77944a818784f352ec9ce504f771d775	29424
mods/heroes.stormmod/enus.stormassets/localizeddata/sounds/vo/novaspectre_introresponse_raynor00.fxe	9175e2295aa25f47d34524dc1f3805aa	1973
mods/heroes.stormmod/enus.stormassets/localizeddata/sounds/vo/novaspectre_introresponse_raynor00.ogg	b7e2a9d25c7fbb48b75401bc6b82093c	29894
mods/heroes.stormmod/enus.stormassets/localizeddata/sounds/vo/novaspectre_introresponse_tychus00.fxe	aafdb9e5de60ea55d17524d05bdc0269	3653
mods/heroes.stormmod/enus.stormassets/localizeddata/sounds/vo/novaspectre_introresponse_tychus00.ogg	fa478a00313fcb985dd1f6439c399100	52770
mods/heroes.stormmod/enus.stormassets/localizeddata/sounds/vo/novaspectre_kill00.fxe	0f4da9035568e93c70e9ab55f9e88ffe	1573
mods/heroes.stormmod/enus.stormassets/localizeddata/sounds/vo/novaspectre_kill00.ogg	372444d53bbde02052e34b85b3bef337	20661
mods/heroes.stormmod/enus.stormassets/localizeddata/sounds/vo/novaspectre_kill01.fxe	07fdc76b017b27dbfa61254011acf978	2357
mods/heroes.stormmod/enus.stormassets/localizeddata/sounds/vo/novaspectre_kill01.ogg	8b84039153b54ab9bf0f6282217d94db	31779
mods/heroes.stormmod/enus.stormassets/localizeddata/sounds/vo/novaspectre_kill02.fxe	b278b982311bc7b5789f6cb669d30744	1397
mods/heroes.stormmod/enus.stormassets/localizeddata/sounds/vo/novaspectre_kill02.ogg	7ffbd273e066275bbe71a6ddaa6d7e4a	23472
mods/heroes.stormmod/enus.stormassets/localizeddata/sounds/vo/novaspectre_kill03.fxe	1c626522d76f9ad62cd91efa2c268f4a	1877
mods/heroes.stormmod/enus.stormassets/localizeddata/sounds/vo/novaspectre_kill03.ogg	965b050d610538b0e5aa8336b7e4996c	28057
mods/heroes.stormmod/enus.stormassets/localizeddata/sounds/vo/novaspectre_kill04.fxe	2c914f14bda27c7d13f61f8a30f64f52	645
mods/heroes.stormmod/enus.stormassets/localizeddata/sounds/vo/novaspectre_kill04.ogg	7234be4dba91ff3ac4dd66ccf48a0862	40630
mods/heroes.stormmod/enus.stormassets/localizeddata/sounds/vo/novaspectre_killdemonhunter00.fxe	79305a597c77afb02f9347e00f801c96	1904
mods/heroes.stormmod/enus.stormassets/localizeddata/sounds/vo/novaspectre_killdemonhunter00.ogg	8fcf634095265666c4b9a2365ffe13c8	33446
mods/heroes.stormmod/enus.stormassets/localizeddata/sounds/vo/novaspectre_killfaeriedragon00.fxe	11bd08156645fb7503a2855fd93ee80b	2977
mods/heroes.stormmod/enus.stormassets/localizeddata/sounds/vo/novaspectre_killfaeriedragon00.ogg	d95e31eba73bb501c8e4862e066a0ee1	43752
mods/heroes.stormmod/enus.stormassets/localizeddata/sounds/vo/novaspectre_killkerrigan00.fxe	c2537d0580e09584363c0e1e0150a05b	1885
mods/heroes.stormmod/enus.stormassets/localizeddata/sounds/vo/novaspectre_killkerrigan00.ogg	74b782aaf7d3fdcda604a80c0b570346	28214
mods/heroes.stormmod/enus.stormassets/localizeddata/sounds/vo/novaspectre_killking00.ogg	7c60473dd83faf7b0ae4038121238b1a	27065
mods/heroes.stormmod/enus.stormassets/localizeddata/sounds/vo/novaspectre_killprince00.ogg	085f31dee624d6a98fa324988dfa9947	25890
mods/heroes.stormmod/enus.stormassets/localizeddata/sounds/vo/novaspectre_killraynor00.fxe	068bc0be7334e1109e46eff05d86e91a	1819
mods/heroes.stormmod/enus.stormassets/localizeddata/sounds/vo/novaspectre_killraynor00.ogg	45c938c10e85e446f8dba0f64979328d	26918
mods/heroes.stormmod/enus.stormassets/localizeddata/sounds/vo/novaspectre_killspreeend00.fxe	48b2466a1476d4d82c18fc5126297859	1949
mods/heroes.stormmod/enus.stormassets/localizeddata/sounds/vo/novaspectre_killspreeend00.ogg	183e6c7ab0aa6c7a3a3491c472aca8ff	29756
mods/heroes.stormmod/enus.stormassets/localizeddata/sounds/vo/novaspectre_killsylvanas00.fxe	dfc4c97d4beaffaad04c214caa16ce07	1549
mods/heroes.stormmod/enus.stormassets/localizeddata/sounds/vo/novaspectre_killsylvanas00.ogg	ed5de21dea9e365fc78ef764432ec717	43787
mods/heroes.stormmod/enus.stormassets/localizeddata/sounds/vo/novaspectre_laugh00_01.fxe	eb22b7dd11318b2d9254d6229e511ee4	1193
mods/heroes.stormmod/enus.stormassets/localizeddata/sounds/vo/novaspectre_laugh00_01.ogg	f7bf0864379635127f79269f95f42dca	18445
mods/heroes.stormmod/enus.stormassets/localizeddata/sounds/vo/novaspectre_laugh00_02.ogg	92e4a8c85e8a650a8b4f6c421e9f353e	16762
mods/heroes.stormmod/enus.stormassets/localizeddata/sounds/vo/novaspectre_laugh00_03.ogg	1cdb2912a7f2585c3022a17f94571edc	15757
mods/heroes.stormmod/enus.stormassets/localizeddata/sounds/vo/novaspectre_laugh00_04.ogg	dacaf9e00fcac0691152f39e25f037f7	19562
mods/heroes.stormmod/enus.stormassets/localizeddata/sounds/vo/novaspectre_laugh00_05.ogg	e1fa778901401351e19520b3ebdfa1a9	20717
mods/heroes.stormmod/enus.stormassets/localizeddata/sounds/vo/novaspectre_laugh00_06.ogg	c590836bd99fd33f6c26f73486d51fa5	14672
mods/heroes.stormmod/enus.stormassets/localizeddata/sounds/vo/novaspectre_laugh00_07.ogg	419bce4aeecfb9b584462d5294db55f3	13543
mods/heroes.stormmod/enus.stormassets/localizeddata/sounds/vo/novaspectre_lowlifeheal00.fxe	6a7ae8c590b810be038b20c43b6440cb	1740
mods/heroes.stormmod/enus.stormassets/localizeddata/sounds/vo/novaspectre_lowlifeheal00.ogg	fa1a45b3f892bb6d6b91ade6baaa0d3d	24649
mods/heroes.stormmod/enus.stormassets/localizeddata/sounds/vo/novaspectre_lowlifeheal01.fxe	1d34c2d08e26ddce1ef250f7a6aba175	2092
mods/heroes.stormmod/enus.stormassets/localizeddata/sounds/vo/novaspectre_lowlifeheal01.ogg	a48158f9a7a20d4ed1f7f2a0ba397ce8	33128
mods/heroes.stormmod/enus.stormassets/localizeddata/sounds/vo/novaspectre_lowlifeheal02.fxe	2a8136e30c8da5e76af95a4c66f697e6	2220
mods/heroes.stormmod/enus.stormassets/localizeddata/sounds/vo/novaspectre_lowlifeheal02.ogg	33918a3018beea89afa71468f92c0743	32761
mods/heroes.stormmod/enus.stormassets/localizeddata/sounds/vo/novaspectre_lowmana00.fxe	3e46c9b6729be17b051e8d5e0bbde735	1448
mods/heroes.stormmod/enus.stormassets/localizeddata/sounds/vo/novaspectre_lowmana00.ogg	d8a78d9b3cf7db9b49a38b79912a6925	21908
mods/heroes.stormmod/enus.stormassets/localizeddata/sounds/vo/novaspectre_lowmana01.fxe	91f1243c763b5cffc32bc5fea8305d29	1512
mods/heroes.stormmod/enus.stormassets/localizeddata/sounds/vo/novaspectre_lowmana01.ogg	aa75bc2cd09ddc6cba47d6568f03552e	23372
mods/heroes.stormmod/enus.stormassets/localizeddata/sounds/vo/novaspectre_lowmana02.fxe	ed91bb0c4e121badc60eadf5246a3472	1320
mods/heroes.stormmod/enus.stormassets/localizeddata/sounds/vo/novaspectre_lowmana02.ogg	c270e0be127eb19a696907a30b3a98b0	21992
mods/heroes.stormmod/enus.stormassets/localizeddata/sounds/vo/novaspectre_matchend00.ogg	7ef8bd9e9351cef2e53b08257fdddb40	13638
mods/heroes.stormmod/enus.stormassets/localizeddata/sounds/vo/novaspectre_matchend01.ogg	07b56edb2f112581889a3d80636158e6	16791
mods/heroes.stormmod/enus.stormassets/localizeddata/sounds/vo/novaspectre_matchend02.ogg	509b0b9a0be80277b582cad4e8cfa635	26754
mods/heroes.stormmod/enus.stormassets/localizeddata/sounds/vo/novaspectre_no00.fxe	52075ec62fe4ef3ffcb9b148fd02a445	803
mods/heroes.stormmod/enus.stormassets/localizeddata/sounds/vo/novaspectre_no00.ogg	8cd73e81c980d55941c969d5b78a043e	14924
mods/heroes.stormmod/enus.stormassets/localizeddata/sounds/vo/novaspectre_no01.fxe	f5f682a72f18284e801c79b1090e35b6	1027
mods/heroes.stormmod/enus.stormassets/localizeddata/sounds/vo/novaspectre_no01.ogg	dd69a12724171775880477231cc3a000	17756
mods/heroes.stormmod/enus.stormassets/localizeddata/sounds/vo/novaspectre_no02.fxe	f595430abb1af06d6a12a8a963b7b912	1187
mods/heroes.stormmod/enus.stormassets/localizeddata/sounds/vo/novaspectre_no02.ogg	b6912b18d90deafedd3657cdb81ab433	16903
mods/heroes.stormmod/enus.stormassets/localizeddata/sounds/vo/novaspectre_ping_assisthero00.fxe	d48bcf44cd5dc395f3007966251ac1de	1680
mods/heroes.stormmod/enus.stormassets/localizeddata/sounds/vo/novaspectre_ping_assisthero00.ogg	770bee9416a18c766ec64abd7229db89	23897
mods/heroes.stormmod/enus.stormassets/localizeddata/sounds/vo/novaspectre_ping_assistme00.fxe	5b21c42892480e3bf82e37d99356a799	1470
mods/heroes.stormmod/enus.stormassets/localizeddata/sounds/vo/novaspectre_ping_assistme00.ogg	6f5ef1e68394c01d1f9ee97d3537e51e	21986
mods/heroes.stormmod/enus.stormassets/localizeddata/sounds/vo/novaspectre_ping_assistme01.fxe	09d1b3261a84cde3540ba7183b60d8ad	1678
mods/heroes.stormmod/enus.stormassets/localizeddata/sounds/vo/novaspectre_ping_assistme01.ogg	d8aa8c7a71ac806de83c37bd7dcf67fd	23211
mods/heroes.stormmod/enus.stormassets/localizeddata/sounds/vo/novaspectre_ping_attackcastle00.fxe	be99d2e552ca64b8049aaab33bf265a6	1682
mods/heroes.stormmod/enus.stormassets/localizeddata/sounds/vo/novaspectre_ping_attackcastle00.ogg	0ac47815a150e8564552a8079ce85f55	26176
mods/heroes.stormmod/enus.stormassets/localizeddata/sounds/vo/novaspectre_ping_attackmerc00.fxe	14d39acad212f74d111ab64b61de1546	2352
mods/heroes.stormmod/enus.stormassets/localizeddata/sounds/vo/novaspectre_ping_attackmerc00.ogg	2cedf171f49e17054603dc176b8eb6ab	30735
mods/heroes.stormmod/enus.stormassets/localizeddata/sounds/vo/novaspectre_ping_attackoutpost00.fxe	b7816628506c08b2062e72e737b9c9d8	2611
mods/heroes.stormmod/enus.stormassets/localizeddata/sounds/vo/novaspectre_ping_attackoutpost00.ogg	88993343116fec2304e3aa3a62cc6069	29583
mods/heroes.stormmod/enus.stormassets/localizeddata/sounds/vo/novaspectre_ping_attacktower00.fxe	08bbf3a7abcf6d3df81ab160cf0ee4bd	2097
mods/heroes.stormmod/enus.stormassets/localizeddata/sounds/vo/novaspectre_ping_attacktower00.ogg	7a56b41f6a788ec9a877e91842166b1c	26872
mods/heroes.stormmod/enus.stormassets/localizeddata/sounds/vo/novaspectre_ping_defendcastle00.fxe	f8c3b976659baf0074e60ac4f174bdbc	1570
mods/heroes.stormmod/enus.stormassets/localizeddata/sounds/vo/novaspectre_ping_defendcastle00.ogg	42c36caf70b18f6e8efda30f6cf11428	23438
mods/heroes.stormmod/enus.stormassets/localizeddata/sounds/vo/novaspectre_ping_defendoutpost00.fxe	ce0e2d1644192d62734b90a7498b5f50	1955
mods/heroes.stormmod/enus.stormassets/localizeddata/sounds/vo/novaspectre_ping_defendoutpost00.ogg	08d1a55f589572d9e0f126d3d29c53b9	24829
mods/heroes.stormmod/enus.stormassets/localizeddata/sounds/vo/novaspectre_ping_defendtower00.fxe	b6f1357c5bdc6bb310dacf5799d48196	2161
mods/heroes.stormmod/enus.stormassets/localizeddata/sounds/vo/novaspectre_ping_defendtower00.ogg	117c3d1540eaca991fdd89fa94271ebc	29344
mods/heroes.stormmod/enus.stormassets/localizeddata/sounds/vo/novaspectre_ping_killhero00.fxe	7fb7cfb5ede6e4c3c47527f4b7a7d44c	1694
mods/heroes.stormmod/enus.stormassets/localizeddata/sounds/vo/novaspectre_ping_killhero00.ogg	ff3e1297dbdb17445f0ced48ffdce00a	25602
mods/heroes.stormmod/enus.stormassets/localizeddata/sounds/vo/novaspectre_pissed00.fxe	d30d7f37ccd04693ab51a0b03e1ac0da	1223
mods/heroes.stormmod/enus.stormassets/localizeddata/sounds/vo/novaspectre_pissed00.ogg	2bd763716710076115bd5fca7bd4ee8e	16558
mods/heroes.stormmod/enus.stormassets/localizeddata/sounds/vo/novaspectre_pissed01.fxe	cce1e80115164b66c216c22f91ac79ba	1463
mods/heroes.stormmod/enus.stormassets/localizeddata/sounds/vo/novaspectre_pissed01.ogg	e834baa3960d35d4ca2059fcfe706bb0	22479
mods/heroes.stormmod/enus.stormassets/localizeddata/sounds/vo/novaspectre_pissed02.fxe	82d14f1b1c4a6d262eacf4bb54057993	3751
mods/heroes.stormmod/enus.stormassets/localizeddata/sounds/vo/novaspectre_pissed02.ogg	1553099878e1db0f4876c96b7a8fa6cf	59577
mods/heroes.stormmod/enus.stormassets/localizeddata/sounds/vo/novaspectre_pissed03.fxe	849de37c62f6a9e3f6f27184f3e256b6	4567
mods/heroes.stormmod/enus.stormassets/localizeddata/sounds/vo/novaspectre_pissed03.ogg	b392d0e5d43689a9564b921040f7e851	62548
mods/heroes.stormmod/enus.stormassets/localizeddata/sounds/vo/novaspectre_pissed04.fxe	9e302b3013c98308519363d887bc37ad	3639
mods/heroes.stormmod/enus.stormassets/localizeddata/sounds/vo/novaspectre_pissed04.ogg	22b1079cc8516141c4849f0db164948e	44817
mods/heroes.stormmod/enus.stormassets/localizeddata/sounds/vo/novaspectre_pissed05.fxe	238bfc2e0b6048a10689bffce041cedd	2855
mods/heroes.stormmod/enus.stormassets/localizeddata/sounds/vo/novaspectre_pissed05.ogg	dd72c6996e5f06ac645e689f32f1e930	43638
mods/heroes.stormmod/enus.stormassets/localizeddata/sounds/vo/novaspectre_pissed06.fxe	8c6e0461d83f5ca84b79d26bf9819b82	3287
mods/heroes.stormmod/enus.stormassets/localizeddata/sounds/vo/novaspectre_pissed06.ogg	96006f86cad48aee1418b2c4f7c55869	53447
mods/heroes.stormmod/enus.stormassets/localizeddata/sounds/vo/novaspectre_pissed07.fxe	53c1b7da63b81f9d9a026301f161173e	2087
mods/heroes.stormmod/enus.stormassets/localizeddata/sounds/vo/novaspectre_pissed07.ogg	ea38bc5e432c60dbd2420da355ca2b58	49773
mods/heroes.stormmod/enus.stormassets/localizeddata/sounds/vo/novaspectre_pissed08.fxe	c1f86935135f77452d91de8c24e68144	3927
mods/heroes.stormmod/enus.stormassets/localizeddata/sounds/vo/novaspectre_pissed08.ogg	678e5d22f645b67874c035009ae9cc6c	50971
mods/heroes.stormmod/enus.stormassets/localizeddata/sounds/vo/novaspectre_pissed09.fxe	cf782610a36804244a7a3a0354b2854f	7895
mods/heroes.stormmod/enus.stormassets/localizeddata/sounds/vo/novaspectre_pissed09.ogg	e3d7fde294bd8d4f95fac2e25a435a45	117128
mods/heroes.stormmod/enus.stormassets/localizeddata/sounds/vo/novaspectre_pissed10.fxe	193326ac3b62f965429ca18ea8019d80	1703
mods/heroes.stormmod/enus.stormassets/localizeddata/sounds/vo/novaspectre_pissed10.ogg	181c607761334ff69829b9af4b9debe5	50812
mods/heroes.stormmod/enus.stormassets/localizeddata/sounds/vo/novaspectre_pissed11.fxe	e50d8ec9e71403704a84b6c7c15b1eae	759
mods/heroes.stormmod/enus.stormassets/localizeddata/sounds/vo/novaspectre_pissed11.ogg	94c6ad6a750e102a5b2d574f50b473fe	13290
mods/heroes.stormmod/enus.stormassets/localizeddata/sounds/vo/novaspectre_pissed12.fxe	7a223f8e2a68ec7c994d700cc0cc9893	4599
mods/heroes.stormmod/enus.stormassets/localizeddata/sounds/vo/novaspectre_pissed12.ogg	48871c05ad9a0efa2eec8c707d344679	59364
mods/heroes.stormmod/enus.stormassets/localizeddata/sounds/vo/novaspectre_pissed13.fxe	6d4f47be4317ca9a511a2566c490acba	5143
mods/heroes.stormmod/enus.stormassets/localizeddata/sounds/vo/novaspectre_pissed13.ogg	c77c462821241cb9d37483c055d3c22d	77305
mods/heroes.stormmod/enus.stormassets/localizeddata/sounds/vo/novaspectre_pissed14.fxe	f42cf21fa3672ab409df9ebce3003b9b	2359
mods/heroes.stormmod/enus.stormassets/localizeddata/sounds/vo/novaspectre_pissed14.ogg	e0347b32c4c30a67d1ed71274f753d0f	60870
mods/heroes.stormmod/enus.stormassets/localizeddata/sounds/vo/novaspectre_pissed15.fxe	3b3fefd18bbd2e6e35af4e80a38d8d5c	5287
mods/heroes.stormmod/enus.stormassets/localizeddata/sounds/vo/novaspectre_pissed15.ogg	6b29fa1c78153fe6ef5bd8c09663d46b	80699
mods/heroes.stormmod/enus.stormassets/localizeddata/sounds/vo/novaspectre_resurrected00.fxe	366275eca3b333d9b6ce896bd5f149ea	1548
mods/heroes.stormmod/enus.stormassets/localizeddata/sounds/vo/novaspectre_resurrected00.ogg	38fdd8ba71028e7afa756a7973921a9c	20913
mods/heroes.stormmod/enus.stormassets/localizeddata/sounds/vo/novaspectre_resurrected01.fxe	0f7ad97b84d51227ef941bf5b3279c3f	1196
mods/heroes.stormmod/enus.stormassets/localizeddata/sounds/vo/novaspectre_resurrected01.ogg	1cbab1e3536e615d231dcb74f2944697	27160
mods/heroes.stormmod/enus.stormassets/localizeddata/sounds/vo/novaspectre_revive00.fxe	802ff83b040e1af0e7dfa0417fe797f1	1543
mods/heroes.stormmod/enus.stormassets/localizeddata/sounds/vo/novaspectre_revive00.ogg	374f8e232f2700f2cdcfe49f4a0e9635	21561
mods/heroes.stormmod/enus.stormassets/localizeddata/sounds/vo/novaspectre_revive01.fxe	71321aa566e1d38e653f10e3f51606f4	1703
mods/heroes.stormmod/enus.stormassets/localizeddata/sounds/vo/novaspectre_revive01.ogg	1e9c85a7f1d2e2d238e2e87589cb2450	25333
mods/heroes.stormmod/enus.stormassets/localizeddata/sounds/vo/novaspectre_revive02.fxe	2ba869ef9ceb9e54522a574757b1e2da	1223
mods/heroes.stormmod/enus.stormassets/localizeddata/sounds/vo/novaspectre_revive02.ogg	ad3c4d058812b0ddd4a72e85865b692d	19014
mods/heroes.stormmod/enus.stormassets/localizeddata/sounds/vo/novaspectre_spec00.fxe	fbb82fc65cc51fa47d31cd9d8e650f01	1557
mods/heroes.stormmod/enus.stormassets/localizeddata/sounds/vo/novaspectre_spec00.ogg	0846a588c5573370be6be6ad9a30bf11	32603
mods/heroes.stormmod/enus.stormassets/localizeddata/sounds/vo/novaspectre_spec01.fxe	cd4559ce776a3a4ae17a8b78d5f37ff8	2261
mods/heroes.stormmod/enus.stormassets/localizeddata/sounds/vo/novaspectre_spec01.ogg	83cd4952da04de66e403fbae7d75c39f	31260
mods/heroes.stormmod/enus.stormassets/localizeddata/sounds/vo/novaspectre_spec02.fxe	8fd65825d074e3d8dc74e1e8f5f75f79	1413
mods/heroes.stormmod/enus.stormassets/localizeddata/sounds/vo/novaspectre_spec02.ogg	f346028b6214112c1fcea117ec78ac97	20596
mods/heroes.stormmod/enus.stormassets/localizeddata/sounds/vo/novaspectre_spec03.fxe	8b2bcabe874d05357c56a2b427b6b7d2	1749
mods/heroes.stormmod/enus.stormassets/localizeddata/sounds/vo/novaspectre_spec03.ogg	b0221ce99636ea4a1cd2c7d44b2bfa12	25724
mods/heroes.stormmod/enus.stormassets/localizeddata/sounds/vo/novaspectre_spec04.fxe	b4fb6c7704c38f74d2f5f49c89a97179	2149
mods/heroes.stormmod/enus.stormassets/localizeddata/sounds/vo/novaspectre_spec04.ogg	40c2f10300b22d3e5595f6f9eb1d3b3a	28690
mods/heroes.stormmod/enus.stormassets/localizeddata/sounds/vo/novaspectre_taunt00.fxe	bfd7afd7a63ff888d84bfa8f8ab6c632	1830
mods/heroes.stormmod/enus.stormassets/localizeddata/sounds/vo/novaspectre_taunt00.ogg	4e618bf3e7a8efe2a44288cba3bdcf6a	26834
mods/heroes.stormmod/enus.stormassets/localizeddata/sounds/vo/novaspectre_taunt01.fxe	bf7a45ebb1643b6cd0395c68dc0866ee	2214
mods/heroes.stormmod/enus.stormassets/localizeddata/sounds/vo/novaspectre_taunt01.ogg	445c859a9682b776fab9e15545cb3372	32277
mods/heroes.stormmod/enus.stormassets/localizeddata/sounds/vo/novaspectre_taunt02.fxe	524db2adb4869f13ca19f36a8dd9887c	1446
mods/heroes.stormmod/enus.stormassets/localizeddata/sounds/vo/novaspectre_taunt02.ogg	72726439a23857927245423c9367de50	25023
mods/heroes.stormmod/enus.stormassets/localizeddata/sounds/vo/novaspectre_teamkilled00.fxe	3b1e286307639a9f1748cec29ad0c691	1099
mods/heroes.stormmod/enus.stormassets/localizeddata/sounds/vo/novaspectre_teamkilled00.ogg	5d98915992388be5e607532fa8e722a4	21713
mods/heroes.stormmod/enus.stormassets/localizeddata/sounds/vo/novaspectre_ui_exlocked00.fxe	4989ff418bb202a037dcbc127fd83a44	1228
mods/heroes.stormmod/enus.stormassets/localizeddata/sounds/vo/novaspectre_ui_exlocked00.ogg	38b467a9f7a5d1fc40f891753fe1cf0f	19875
mods/heroes.stormmod/enus.stormassets/localizeddata/sounds/vo/novaspectre_ui_expurchased00.fxe	194901b153f939fb4e702847ddb7a4e9	1407
mods/heroes.stormmod/enus.stormassets/localizeddata/sounds/vo/novaspectre_ui_expurchased00.ogg	a409d3b276ce7aa856e93f71ffdead1b	29733
mods/heroes.stormmod/enus.stormassets/localizeddata/sounds/vo/novaspectre_ui_gift00.fxe	cbc8440cfd6191d0243f056f22bb863b	1912
mods/heroes.stormmod/enus.stormassets/localizeddata/sounds/vo/novaspectre_ui_gift00.ogg	d2cf5fbb10021619a4fbd7240dcfbdac	28172
mods/heroes.stormmod/enus.stormassets/localizeddata/sounds/vo/novaspectre_ui_lockin00.fxe	52967e27f93752aea57dcc43d50f1d7b	1434
mods/heroes.stormmod/enus.stormassets/localizeddata/sounds/vo/novaspectre_ui_lockin00.ogg	594558a61a8c7e1d5d277e3f992ac998	23475
mods/heroes.stormmod/enus.stormassets/localizeddata/sounds/vo/novaspectre_ui_purchase00.fxe	7a8585d5c9c676bfbfa39b446f6a461b	3036
mods/heroes.stormmod/enus.stormassets/localizeddata/sounds/vo/novaspectre_ui_purchase00.ogg	352006b07f1127662b96b577e22a1784	39408
mods/heroes.stormmod/enus.stormassets/localizeddata/sounds/vo/novaspectre_ui_trial00.fxe	69b5808aec87ede84a28d44b9e95742b	1945
mods/heroes.stormmod/enus.stormassets/localizeddata/sounds/vo/novaspectre_ui_trial00.ogg	41b509ea8d6dbd8c8952c13b6c17555e	31429
mods/heroes.stormmod/enus.stormassets/localizeddata/sounds/vo/novaspectre_ui_trial01.fxe	4b1fdfaa4e56dc86335301f0ae8c9a12	2025
mods/heroes.stormmod/enus.stormassets/localizeddata/sounds/vo/novaspectre_ui_trial01.ogg	f22973e04edf9bdb1d6b9717d6862d26	28434
mods/heroes.stormmod/enus.stormassets/localizeddata/sounds/vo/novaspectre_ui_waitlocked00.fxe	c1d09681f0d0ddf374b2b32a6cd6ef7a	1966
mods/heroes.stormmod/enus.stormassets/localizeddata/sounds/vo/novaspectre_ui_waitlocked00.ogg	12d593e823914c4fdfdda68b3d375e40	26803
mods/heroes.stormmod/enus.stormassets/localizeddata/sounds/vo/novaspectre_ui_waitlocked01.fxe	f60cbe033dd94a24ef51291bbe9bc53b	4062
mods/heroes.stormmod/enus.stormassets/localizeddata/sounds/vo/novaspectre_ui_waitlocked01.ogg	b2a2db0b73b047de05a6823e3c0e9217	50362
mods/heroes.stormmod/enus.stormassets/localizeddata/sounds/vo/novaspectre_ui_waitpurchased00.fxe	e5191d951276a8efdb56a732d9ed69c6	3329
mods/heroes.stormmod/enus.stormassets/localizeddata/sounds/vo/novaspectre_ui_waitpurchased00.ogg	7c7d1334abf4136802ff73e070f5ce30	43482
mods/heroes.stormmod/enus.stormassets/localizeddata/sounds/vo/novaspectre_ui_waitpurchased01.fxe	fe7bd9786503a3ee0757581a62151f5a	2721
mods/heroes.stormmod/enus.stormassets/localizeddata/sounds/vo/novaspectre_ui_waitpurchased01.ogg	870c01afba4857c9fad16f72e0127e33	38002
mods/heroes.stormmod/enus.stormassets/localizeddata/sounds/vo/novaspectre_ultimate1used00.fxe	7deb6d43ca28865d130c92078bf3f274	1822
mods/heroes.stormmod/enus.stormassets/localizeddata/sounds/vo/novaspectre_ultimate1used00.ogg	985fc3e46ccefc9b8bb5acf9eb286672	26224
mods/heroes.stormmod/enus.stormassets/localizeddata/sounds/vo/novaspectre_ultimate1used01.fxe	e9ec5847a10efedca12797e1b4b233fd	2766
mods/heroes.stormmod/enus.stormassets/localizeddata/sounds/vo/novaspectre_ultimate1used01.ogg	1274749edb09f264c5c2be05dcbfdadf	40444
mods/heroes.stormmod/enus.stormassets/localizeddata/sounds/vo/novaspectre_ultimate2used00.fxe	03fc6bc03804334353cbeee246f34b6a	2254
mods/heroes.stormmod/enus.stormassets/localizeddata/sounds/vo/novaspectre_ultimate2used00.ogg	1968223b6e4cb721f67a7af3014bf40a	30841
mods/heroes.stormmod/enus.stormassets/localizeddata/sounds/vo/novaspectre_ultimate2used01.fxe	694bf0026b7729ffa30738c48da56844	1790
mods/heroes.stormmod/enus.stormassets/localizeddata/sounds/vo/novaspectre_ultimate2used01.ogg	1d9fcc1646bf153d8b34c6fd91e1c985	28794
mods/heroes.stormmod/enus.stormassets/localizeddata/sounds/vo/novaspectre_voicelinefive00.ogg	92f1d49bca60d247942656712a779b34	24138
mods/heroes.stormmod/enus.stormassets/localizeddata/sounds/vo/novaspectre_voicelinefour00.ogg	ad6738981fc0be9015369adace0e380a	21827
mods/heroes.stormmod/enus.stormassets/localizeddata/sounds/vo/novaspectre_voicelineone00.ogg	9a3e6934de4a9b0c1fb2281a28b0452f	17705
mods/heroes.stormmod/enus.stormassets/localizeddata/sounds/vo/novaspectre_voicelinethree00.ogg	f13c6153d207880b76a5cea09beee926	33166
mods/heroes.stormmod/enus.stormassets/localizeddata/sounds/vo/novaspectre_voicelinetwo00.ogg	76863cbe96abcf7fd7c6b4084fffb1c7	20836
mods/heroes.stormmod/enus.stormassets/localizeddata/sounds/vo/novaspectre_vox_attack01.fxe	7373bc9abdc5e664065dd8ca90195cbe	651
mods/heroes.stormmod/enus.stormassets/localizeddata/sounds/vo/novaspectre_vox_attack01.ogg	12aba4f963572ee14bcc3db6839376a7	8700
mods/heroes.stormmod/enus.stormassets/localizeddata/sounds/vo/novaspectre_vox_attack02.fxe	afab8ffa715081d422e3a0a501a833bb	651
mods/heroes.stormmod/enus.stormassets/localizeddata/sounds/vo/novaspectre_vox_attack02.ogg	9bd989da807ffd3b627c667b94704069	8602
mods/heroes.stormmod/enus.stormassets/localizeddata/sounds/vo/novaspectre_vox_attack03.fxe	d101fd8b6dd0475ef9b00a717233d45f	1147
mods/heroes.stormmod/enus.stormassets/localizeddata/sounds/vo/novaspectre_vox_attack03.ogg	6bfbd160c77068d06805cc0c5157aad0	10113
mods/heroes.stormmod/enus.stormassets/localizeddata/sounds/vo/novaspectre_vox_attack04.fxe	d8a039c03e2b1d222cdaf3563a68fc08	1099
mods/heroes.stormmod/enus.stormassets/localizeddata/sounds/vo/novaspectre_vox_attack04.ogg	0f740ca1fa5cbc3e47f7a5a6114c43cc	11736
mods/heroes.stormmod/enus.stormassets/localizeddata/sounds/vo/novaspectre_vox_attack05.fxe	35efbe75b3b91b8ea82a7310b5f14f3f	651
mods/heroes.stormmod/enus.stormassets/localizeddata/sounds/vo/novaspectre_vox_attack05.ogg	1f56d653e1d03c91213336ef0dfdb98a	8253
mods/heroes.stormmod/enus.stormassets/localizeddata/sounds/vo/novaspectre_vox_attack06.ogg	7dbf33b9f88424541e1b14bdf76d142e	7710
mods/heroes.stormmod/enus.stormassets/localizeddata/sounds/vo/novaspectre_vox_attack07.ogg	5a4b0623b779f1e717033c1741cbc99f	9016
mods/heroes.stormmod/enus.stormassets/localizeddata/sounds/vo/novaspectre_vox_attack08.ogg	6ba49a88d993019d05c55c3ac4a6b606	7947
mods/heroes.stormmod/enus.stormassets/localizeddata/sounds/vo/novaspectre_vox_attack09.ogg	071af551f54c6050fcc3a406e1f82dfa	8037
mods/heroes.stormmod/enus.stormassets/localizeddata/sounds/vo/novaspectre_vox_attack10.ogg	bfcc5a44407d98a8f00406943c2e5787	8659
mods/heroes.stormmod/enus.stormassets/localizeddata/sounds/vo/novaspectre_vox_attack11.ogg	83c273f9b139483f1ef93cd1afb5e3d5	16412
mods/heroes.stormmod/enus.stormassets/localizeddata/sounds/vo/novaspectre_vox_attack12.ogg	ddbf9a26d859cbb076b1e2982c0b32d4	12523
mods/heroes.stormmod/enus.stormassets/localizeddata/sounds/vo/novaspectre_vox_attack13.ogg	e8a09dcb30e2f1ddd801f66c01ed4602	17397
mods/heroes.stormmod/enus.stormassets/localizeddata/sounds/vo/novaspectre_vox_attack14.ogg	66d1b5a5ec9b48068a33b7e80921f906	8367
mods/heroes.stormmod/enus.stormassets/localizeddata/sounds/vo/novaspectre_vox_casting01.fxe	d9eec009566d5a6854eb8636d4a83ecf	924
mods/heroes.stormmod/enus.stormassets/localizeddata/sounds/vo/novaspectre_vox_casting01.ogg	204d2e8e8b4ccc4d696c03a3c2c74a6b	9279
mods/heroes.stormmod/enus.stormassets/localizeddata/sounds/vo/novaspectre_vox_casting02.fxe	74e4202c01b18e2d14630a7f49ccb5a1	908
mods/heroes.stormmod/enus.stormassets/localizeddata/sounds/vo/novaspectre_vox_casting02.ogg	51de9331893a93fc41582503eda2e4ce	9925
mods/heroes.stormmod/enus.stormassets/localizeddata/sounds/vo/novaspectre_vox_casting03.fxe	fcb48a4d23a3d6a1acd36fa2459c57d3	652
mods/heroes.stormmod/enus.stormassets/localizeddata/sounds/vo/novaspectre_vox_casting03.ogg	e4729b9eb964541261c4ba8d6b0755cb	8532
mods/heroes.stormmod/enus.stormassets/localizeddata/sounds/vo/novaspectre_vox_casting04.fxe	b643fbdd27f556d8c0f2e6c2b879c437	652
mods/heroes.stormmod/enus.stormassets/localizeddata/sounds/vo/novaspectre_vox_casting04.ogg	d6b886495bf9269c9dcd47c1c196d595	7880
mods/heroes.stormmod/enus.stormassets/localizeddata/sounds/vo/novaspectre_vox_casting05.fxe	1e87c23f4e02ad672b1474adf38bba58	908
mods/heroes.stormmod/enus.stormassets/localizeddata/sounds/vo/novaspectre_vox_casting05.ogg	e750bd5c5d5bf5049b19717e0c0ce8a0	9236
mods/heroes.stormmod/enus.stormassets/localizeddata/sounds/vo/novaspectre_vox_casting06.ogg	ecfcbf46fd71393820144180a6aff4eb	9547
mods/heroes.stormmod/enus.stormassets/localizeddata/sounds/vo/novaspectre_vox_casting07.ogg	c1df88fa68444eae71e6088c17f06eed	11714
mods/heroes.stormmod/enus.stormassets/localizeddata/sounds/vo/novaspectre_vox_casting08.ogg	ecf8b937c21e7b0e8fde6ab525dc3838	12571
mods/heroes.stormmod/enus.stormassets/localizeddata/sounds/vo/novaspectre_vox_casting09.ogg	82e921caf6f1a3a9c435a50dcc80a5fb	15990
mods/heroes.stormmod/enus.stormassets/localizeddata/sounds/vo/novaspectre_vox_casting10.ogg	e56abae774a2fc661681485944ba11ea	11153
mods/heroes.stormmod/enus.stormassets/localizeddata/sounds/vo/novaspectre_vox_casting11.ogg	14489ef28d86b956fc62ef7de2f69d65	9806
mods/heroes.stormmod/enus.stormassets/localizeddata/sounds/vo/novaspectre_vox_casting12.ogg	d7eef318ba3264e20e87618433f66016	24291
mods/heroes.stormmod/enus.stormassets/localizeddata/sounds/vo/novaspectre_vox_casting13.ogg	eb846ee4113976d66ab1a61e1a27ace8	25586
mods/heroes.stormmod/enus.stormassets/localizeddata/sounds/vo/novaspectre_vox_casting14.ogg	c21f89ec29b8a363f431b18659bb8c35	23452
mods/heroes.stormmod/enus.stormassets/localizeddata/sounds/vo/novaspectre_vox_casting15.ogg	011e5b88b355351d5607ab93c2cc10af	24329
mods/heroes.stormmod/enus.stormassets/localizeddata/sounds/vo/novaspectre_vox_casting16.ogg	378f9dddb8d8e0363a88ea748a70d26a	27443
mods/heroes.stormmod/enus.stormassets/localizeddata/sounds/vo/novaspectre_vox_cheer00.fxe	24c209abfeeef22a9056afa9e4d540cf	1898
mods/heroes.stormmod/enus.stormassets/localizeddata/sounds/vo/novaspectre_vox_cheer00.ogg	e0da82834d6aaafc7e4e16d2e32223a7	19354
mods/heroes.stormmod/enus.stormassets/localizeddata/sounds/vo/novaspectre_vox_death01.fxe	3a2e37929b4295ad43bbfab30f720768	1626
mods/heroes.stormmod/enus.stormassets/localizeddata/sounds/vo/novaspectre_vox_death01.wav	944c1a2e24eb33a70be0086ff1e5c0a1	42556
mods/heroes.stormmod/enus.stormassets/localizeddata/sounds/vo/novaspectre_vox_death02.fxe	30497d88918c8d4da482ccc9c7c0af73	1738
mods/heroes.stormmod/enus.stormassets/localizeddata/sounds/vo/novaspectre_vox_death02.wav	18fc671e7b9f8a1117a2e4fb2eaf8f07	51772
mods/heroes.stormmod/enus.stormassets/localizeddata/sounds/vo/novaspectre_vox_death03.fxe	be3022fbc4f96f3ec4e06d649e047f42	2234
mods/heroes.stormmod/enus.stormassets/localizeddata/sounds/vo/novaspectre_vox_death03.wav	7bdc5e367683ff105cecc27d8de61ba2	51516
mods/heroes.stormmod/enus.stormassets/localizeddata/sounds/vo/novaspectre_vox_death04.wav	4e760f4486a67aea988cb4c40e2ba243	41276
mods/heroes.stormmod/enus.stormassets/localizeddata/sounds/vo/novaspectre_vox_death05.wav	74a46bc74d61474a11822efb6bae438b	52028
mods/heroes.stormmod/enus.stormassets/localizeddata/sounds/vo/novaspectre_vox_death06.wav	7290488aee5fc9a3fb40615f452161b9	42300
mods/heroes.stormmod/enus.stormassets/localizeddata/sounds/vo/novaspectre_vox_death07.wav	65889e9935ce076b0a5bbf173f9a6aa4	55612
mods/heroes.stormmod/enus.stormassets/localizeddata/sounds/vo/novaspectre_vox_death08.wav	a8f60e6a287afa7d54aea66a91254029	69692
mods/heroes.stormmod/enus.stormassets/localizeddata/sounds/vo/novaspectre_vox_death09.wav	15470e1273f955e888253830316ed5d7	62012
mods/heroes.stormmod/enus.stormassets/localizeddata/sounds/vo/novaspectre_vox_death10.wav	7f25c51de416bc9dc298c3bf5217a2c3	62780
mods/heroes.stormmod/enus.stormassets/localizeddata/sounds/vo/novaspectre_vox_death11.wav	0935e09c259229ed63d43d1b42caacd2	73532
mods/heroes.stormmod/enus.stormassets/localizeddata/sounds/vo/novaspectre_vox_death12.wav	4686ca66b0ccdd98fabf4941aa378e05	34620
mods/heroes.stormmod/enus.stormassets/localizeddata/sounds/vo/novaspectre_vox_death13.wav	2f5986b6e63c1e7949c58f1443520162	37180
mods/heroes.stormmod/enus.stormassets/localizeddata/sounds/vo/novaspectre_vox_death14.wav	b2e1fd32d812d6b6242a2268e2ec140d	44092
mods/heroes.stormmod/enus.stormassets/localizeddata/sounds/vo/novaspectre_vox_gethit01.fxe	adb402c4ea36fe121790c47f9559aa78	955
mods/heroes.stormmod/enus.stormassets/localizeddata/sounds/vo/novaspectre_vox_gethit01.ogg	acea67c30d08a388e01feb88f98dba77	10086
mods/heroes.stormmod/enus.stormassets/localizeddata/sounds/vo/novaspectre_vox_gethit02.fxe	ab438e6500d8fbf991e90ef1d2c7f736	1115
mods/heroes.stormmod/enus.stormassets/localizeddata/sounds/vo/novaspectre_vox_gethit02.ogg	16285b442a37f22bbc544b19679e0f8d	10340
mods/heroes.stormmod/enus.stormassets/localizeddata/sounds/vo/novaspectre_vox_gethit03.fxe	d2d5a0e5d74d4dadaa840b654a76f8b9	1003
mods/heroes.stormmod/enus.stormassets/localizeddata/sounds/vo/novaspectre_vox_gethit03.ogg	760b073286796f5e58096276c7ab0dd6	8857
mods/heroes.stormmod/enus.stormassets/localizeddata/sounds/vo/novaspectre_vox_gethit04.fxe	568d114e67efa00d1e4db2dc3901ca9c	1115
mods/heroes.stormmod/enus.stormassets/localizeddata/sounds/vo/novaspectre_vox_gethit04.ogg	6d8bbf7f3dfedfdc1e6ff9944ff82b1c	11236
mods/heroes.stormmod/enus.stormassets/localizeddata/sounds/vo/novaspectre_vox_gethit05.fxe	66e7d4618c4482eb2b75798f827482cb	1147
mods/heroes.stormmod/enus.stormassets/localizeddata/sounds/vo/novaspectre_vox_gethit05.ogg	36ac5a0d79f6fbf0e2beb3df91c3a8a2	9676
mods/heroes.stormmod/enus.stormassets/localizeddata/sounds/vo/novaspectre_vox_gethit06.fxe	763fb8c6d70cfb4c48bc16e43f8eee64	1275
mods/heroes.stormmod/enus.stormassets/localizeddata/sounds/vo/novaspectre_vox_gethit06.ogg	095ee0dfe1ddc8650970a759b3106d7a	13472
mods/heroes.stormmod/enus.stormassets/localizeddata/sounds/vo/novaspectre_vox_gethit07.fxe	5a06760abc6f97cb281404007b456cd9	1435
mods/heroes.stormmod/enus.stormassets/localizeddata/sounds/vo/novaspectre_vox_gethit07.ogg	020175330ba7907cc06450be2b5ca355	10953
mods/heroes.stormmod/enus.stormassets/localizeddata/sounds/vo/novaspectre_vox_gethit08.ogg	d0fe8bfeafede53e9b627049a9148b04	9396
mods/heroes.stormmod/enus.stormassets/localizeddata/sounds/vo/novaspectre_vox_gethit09.ogg	29ab4eb54e42bd5e146ef2688098fcf0	11100
mods/heroes.stormmod/enus.stormassets/localizeddata/sounds/vo/novaspectre_vox_gethit10.fxe	b698cc50510a2dbe46a11cefbf471a53	859
mods/heroes.stormmod/enus.stormassets/localizeddata/sounds/vo/novaspectre_vox_gethit10.ogg	2e2b08150aa0e252e54acac2a50b7a5a	9643
mods/heroes.stormmod/enus.stormassets/localizeddata/sounds/vo/novaspectre_vox_gethit11.fxe	4fab4ff818b67316d02d6472f3ebdf7c	971
mods/heroes.stormmod/enus.stormassets/localizeddata/sounds/vo/novaspectre_vox_gethit11.ogg	b01a2e36808f1b6d82439e12a9c6bbc7	10657
mods/heroes.stormmod/enus.stormassets/localizeddata/sounds/vo/novaspectre_vox_gethit12.fxe	e1f1b6f21dfe09de088b3c03ee5a6d54	651
mods/heroes.stormmod/enus.stormassets/localizeddata/sounds/vo/novaspectre_vox_gethit12.ogg	7364fa5c2e505e881730e0381f38c246	8287
mods/heroes.stormmod/enus.stormassets/localizeddata/sounds/vo/novaspectre_vox_gethit13.ogg	94a11f5146210b03d719040e4011b925	8860
mods/heroes.stormmod/enus.stormassets/localizeddata/sounds/vo/novaspectre_vox_pulled01.fxe	3a2808a7a35be96a7ba97514e6461e60	1019
mods/heroes.stormmod/enus.stormassets/localizeddata/sounds/vo/novaspectre_vox_pulled01.ogg	cfcfe8310dde41002971051992e89360	10759
mods/heroes.stormmod/enus.stormassets/localizeddata/sounds/vo/novaspectre_vox_pulled02.fxe	e63ea77fcad7f6964794d3f89ca9b582	987
mods/heroes.stormmod/enus.stormassets/localizeddata/sounds/vo/novaspectre_vox_pulled02.ogg	36c4fe1ae98344d1ccc53dda70ed9c20	9457
mods/heroes.stormmod/enus.stormassets/localizeddata/sounds/vo/novaspectre_vox_pulled03.ogg	acd0a3dd34b53383359183cb0ea15a4d	11721
mods/heroes.stormmod/enus.stormassets/localizeddata/sounds/vo/novaspectre_vox_pulled04.ogg	0a249ee2767130f8fedd80aa7f0e7ac6	11903
mods/heroes.stormmod/enus.stormassets/localizeddata/sounds/vo/novaspectre_worthit00.fxe	20df1161351bb3783bb39a125bb9367c	1512
mods/heroes.stormmod/enus.stormassets/localizeddata/sounds/vo/novaspectre_worthit00.ogg	b75924aa6741b87c964cd4479a6d2c32	21368
mods/heroes.stormmod/enus.stormassets/localizeddata/sounds/vo/novaspectre_worthit01.fxe	33c999a21c211e51c027cb906528973b	952
mods/heroes.stormmod/enus.stormassets/localizeddata/sounds/vo/novaspectre_worthit01.ogg	66368343ef04e007d2971314b8d38533	18287
mods/heroes.stormmod/enus.stormassets/localizeddata/sounds/vo/novaspectre_yes00.fxe	5e6746f836bfa06f8dee1e1a87774edf	996
mods/heroes.stormmod/enus.stormassets/localizeddata/sounds/vo/novaspectre_yes00.ogg	8f222502899660b5903cbaafb8f8d82a	14070
mods/heroes.stormmod/enus.stormassets/localizeddata/sounds/vo/novaspectre_yes01.fxe	e5f6284d6d30ffef643824705ac2004b	1716
mods/heroes.stormmod/enus.stormassets/localizeddata/sounds/vo/novaspectre_yes01.ogg	fd07b3ab02b316de23f6f247265ebb6d	23636
mods/heroes.stormmod/enus.stormassets/localizeddata/sounds/vo/novaspectre_yes02.fxe	cef20da4219d7dbde773f0f3a395778d	1332
mods/heroes.stormmod/enus.stormassets/localizeddata/sounds/vo/novaspectre_yes02.ogg	237c697c73ba65b430c394b6e8863a84	19388
mods/heroes.stormmod/enus.stormassets/localizeddata/sounds/vo/novaspectre_yes03.fxe	4fbeb061b4f640f31b27a527ccac8ece	1092
mods/heroes.stormmod/enus.stormassets/localizeddata/sounds/vo/novaspectre_yes03.ogg	52ffe45f332d1329e5e34c1a8cddcfbc	18055
mods/heroes.stormmod/enus.stormassets/localizeddata/sounds/vo/novaspectre_yes04.fxe	2dde810d28f9caa5e6f56d61665b455d	1380
mods/heroes.stormmod/enus.stormassets/localizeddata/sounds/vo/novaspectre_yes04.ogg	37011eaf3440f14e3e4d64e597f2511a	19732
mods/heroes.stormmod/enus.stormassets/localizeddata/sounds/vo/novaspectre_yes05.fxe	8353c569e9be7b7fa65ed57b68945a57	1220
mods/heroes.stormmod/enus.stormassets/localizeddata/sounds/vo/novaspectre_yes05.ogg	9076202b3e60178f0c746f04b29cfa1c	17919
mods/heroes.stormmod/enus.stormassets/localizeddata/sounds/vo/novaspectre_yes06.fxe	db7eac269b7a88a167648cf8de5a908b	1428
mods/heroes.stormmod/enus.stormassets/localizeddata/sounds/vo/novaspectre_yes06.ogg	b32e15923a13dce560a21854fd680d46	19860
mods/heroes.stormmod/enus.stormassets/localizeddata/sounds/vo/novaspectre_yes07.fxe	ae01940e2e5ff2192d276affddbd04ad	1412
mods/heroes.stormmod/enus.stormassets/localizeddata/sounds/vo/novaspectre_yes07.ogg	8330362b276e190d39ad716dbf5ebe71	24472
mods/heroes.stormmod/enus.stormassets/localizeddata/sounds/vo/novaspectre_yes08.fxe	b47cec13bd38b78aa17692c17ed24dac	1188
mods/heroes.stormmod/enus.stormassets/localizeddata/sounds/vo/novaspectre_yes08.ogg	ea6e4ef48f517e4c98dfe816b9580128	19900
