mods/heroes.stormmod/enus.stormassets/localizeddata/sounds/vo/ragnarosbase_ai_attack00.fxe	c43d8823c2c19a1c68035a867d3cdbd2	2319
mods/heroes.stormmod/enus.stormassets/localizeddata/sounds/vo/ragnarosbase_ai_attack00.ogg	f9dab99fbd233b5c3cc3238a01cdb774	49272
mods/heroes.stormmod/enus.stormassets/localizeddata/sounds/vo/ragnarosbase_ai_attack01.fxe	6ddd5030fe44abcfab8a76379a2e62a8	2607
mods/heroes.stormmod/enus.stormassets/localizeddata/sounds/vo/ragnarosbase_ai_attack01.ogg	1f01958d0af9e29a1e92d778ecda36f3	60260
mods/heroes.stormmod/enus.stormassets/localizeddata/sounds/vo/ragnarosbase_ai_attack02.fxe	e52387b30a34fbc4e9daa06c5fe2089b	1631
mods/heroes.stormmod/enus.stormassets/localizeddata/sounds/vo/ragnarosbase_ai_attack02.ogg	0f170f1800747ddf71e56459b5be6d9f	48995
mods/heroes.stormmod/enus.stormassets/localizeddata/sounds/vo/ragnarosbase_ai_caution00.fxe	f1f4e390b46aa9326e4f9601637c5608	2400
mods/heroes.stormmod/enus.stormassets/localizeddata/sounds/vo/ragnarosbase_ai_caution00.ogg	bf1a2b0fa9f622bd0cf9cb5df0a0ddec	55215
mods/heroes.stormmod/enus.stormassets/localizeddata/sounds/vo/ragnarosbase_ai_goodjob00.fxe	193728b209ee561731f9520818ca1974	1872
mods/heroes.stormmod/enus.stormassets/localizeddata/sounds/vo/ragnarosbase_ai_goodjob00.ogg	fb8b2dc679a2d16be72f9695ebda5e4d	49922
mods/heroes.stormmod/enus.stormassets/localizeddata/sounds/vo/ragnarosbase_ai_goodjob01.fxe	e240947df4fe0526c23f0333feac7425	1536
mods/heroes.stormmod/enus.stormassets/localizeddata/sounds/vo/ragnarosbase_ai_goodjob01.ogg	6f8c9031d960dec866f825ebfba9ff8f	38062
mods/heroes.stormmod/enus.stormassets/localizeddata/sounds/vo/ragnarosbase_ai_goodjob02.fxe	d8e343145d394bbfbcd3cfca2db3074a	1184
mods/heroes.stormmod/enus.stormassets/localizeddata/sounds/vo/ragnarosbase_ai_goodjob02.ogg	00c6988af4d9b5eb2614bfc4b966d4f9	32701
mods/heroes.stormmod/enus.stormassets/localizeddata/sounds/vo/ragnarosbase_ai_heal00.fxe	151f815749c8c647ff06f1bd1c4e42a0	2029
mods/heroes.stormmod/enus.stormassets/localizeddata/sounds/vo/ragnarosbase_ai_heal00.ogg	feb55ee7cd0634ccd59aa3d44edee7dc	40737
mods/heroes.stormmod/enus.stormassets/localizeddata/sounds/vo/ragnarosbase_ai_heal01.fxe	121c0af5b4e908298a2f644f138e0be6	2221
mods/heroes.stormmod/enus.stormassets/localizeddata/sounds/vo/ragnarosbase_ai_heal01.ogg	057a3a3d7e2da3be2351ba6930b89567	54853
mods/heroes.stormmod/enus.stormassets/localizeddata/sounds/vo/ragnarosbase_ai_onmyway00.fxe	7c6b152053a28f06b9b8c206d9123087	2240
mods/heroes.stormmod/enus.stormassets/localizeddata/sounds/vo/ragnarosbase_ai_onmyway00.ogg	6f5889115997214a79ab6fc793372b05	48740
mods/heroes.stormmod/enus.stormassets/localizeddata/sounds/vo/ragnarosbase_ai_onmyway01.fxe	e573b68faff61c710ed61141aa03b149	2864
mods/heroes.stormmod/enus.stormassets/localizeddata/sounds/vo/ragnarosbase_ai_onmyway01.ogg	37154a52ae576b28df659d324533d58f	56295
mods/heroes.stormmod/enus.stormassets/localizeddata/sounds/vo/ragnarosbase_ai_retreat00.fxe	6f8b84f77f50ffd3c3a50c324af24c7b	2320
mods/heroes.stormmod/enus.stormassets/localizeddata/sounds/vo/ragnarosbase_ai_retreat00.ogg	50e99708e00bf65f8f1c6a210e477ea9	59714
mods/heroes.stormmod/enus.stormassets/localizeddata/sounds/vo/ragnarosbase_ai_retreat01.fxe	4fb3e15ca4c77d6acd9427215fd6a0a7	2080
mods/heroes.stormmod/enus.stormassets/localizeddata/sounds/vo/ragnarosbase_ai_retreat01.ogg	0995787d593cea57190cd36c4e7f63d5	45463
mods/heroes.stormmod/enus.stormassets/localizeddata/sounds/vo/ragnarosbase_ai_uhoh00.fxe	5e6b5a59f471f2def659ccaeea442544	1069
mods/heroes.stormmod/enus.stormassets/localizeddata/sounds/vo/ragnarosbase_ai_uhoh00.ogg	fd468a5e86c1eaa79d72f66e8074c6f9	35628
mods/heroes.stormmod/enus.stormassets/localizeddata/sounds/vo/ragnarosbase_ai_uhoh01.fxe	8382b6d29b2e2bcab3ffa90633609e47	1917
mods/heroes.stormmod/enus.stormassets/localizeddata/sounds/vo/ragnarosbase_ai_uhoh01.ogg	364027d658d7f9902a3e170a671709fd	47674
mods/heroes.stormmod/enus.stormassets/localizeddata/sounds/vo/ragnarosbase_ai_uhoh02.fxe	bb8ea250a87f17cf5ab921a1e5e89daa	2125
mods/heroes.stormmod/enus.stormassets/localizeddata/sounds/vo/ragnarosbase_ai_uhoh02.ogg	f865fcd8a98fbdc7555958bc8383d82b	54737
mods/heroes.stormmod/enus.stormassets/localizeddata/sounds/vo/ragnarosbase_attack00.fxe	e17254d267c22410f82bc4fb6f33e7da	1751
mods/heroes.stormmod/enus.stormassets/localizeddata/sounds/vo/ragnarosbase_attack00.ogg	8ca50b38fbd4af5aa67709e88b243022	53274
mods/heroes.stormmod/enus.stormassets/localizeddata/sounds/vo/ragnarosbase_attack01.fxe	6d4db14206f31d11847ea3f44c87bc37	1431
mods/heroes.stormmod/enus.stormassets/localizeddata/sounds/vo/ragnarosbase_attack01.ogg	2dac81d896a54fdd297f6339a85cb5dd	41159
mods/heroes.stormmod/enus.stormassets/localizeddata/sounds/vo/ragnarosbase_attack02.fxe	a805e50233ea59a1c14f7485d3ab7a28	2188
mods/heroes.stormmod/enus.stormassets/localizeddata/sounds/vo/ragnarosbase_attack02.ogg	b106c032478377454c9c94f27213be4a	48773
mods/heroes.stormmod/enus.stormassets/localizeddata/sounds/vo/ragnarosbase_attack03.fxe	010b45960df6d81a5186b23d9bf926e2	2204
mods/heroes.stormmod/enus.stormassets/localizeddata/sounds/vo/ragnarosbase_attack03.ogg	94dfebaf8b52c6dfec5fbcb207c3475a	42999
mods/heroes.stormmod/enus.stormassets/localizeddata/sounds/vo/ragnarosbase_attack04.fxe	9772b8cfa1f133734fdc18b45d6e9fce	1772
mods/heroes.stormmod/enus.stormassets/localizeddata/sounds/vo/ragnarosbase_attack04.ogg	159d2028c6c74c4174dd5b4481b83467	41199
mods/heroes.stormmod/enus.stormassets/localizeddata/sounds/vo/ragnarosbase_attack05.fxe	214034a1aaeeb2a09de73382d1ef7440	1308
mods/heroes.stormmod/enus.stormassets/localizeddata/sounds/vo/ragnarosbase_attack05.ogg	7c88f9d73ba683816b57c65f605310db	39835
mods/heroes.stormmod/enus.stormassets/localizeddata/sounds/vo/ragnarosbase_attack06.fxe	3d6c09e6dfd77114164f7f420c69de8d	2156
mods/heroes.stormmod/enus.stormassets/localizeddata/sounds/vo/ragnarosbase_attack06.ogg	90b7552781c006e4d8a90612f5bf24a3	47362
mods/heroes.stormmod/enus.stormassets/localizeddata/sounds/vo/ragnarosbase_cancel00.fxe	45f77d94e99be1ee3f7729b940572f25	1868
mods/heroes.stormmod/enus.stormassets/localizeddata/sounds/vo/ragnarosbase_cancel00.ogg	711e1a313d3d72d5f3177701883bcd3c	49904
mods/heroes.stormmod/enus.stormassets/localizeddata/sounds/vo/ragnarosbase_cancel01.fxe	5159a87a6ec4a2fe015ba3cdadc5e70b	1548
mods/heroes.stormmod/enus.stormassets/localizeddata/sounds/vo/ragnarosbase_cancel01.ogg	4b110a83cba8865d9f39c179922cc9a4	45430
mods/heroes.stormmod/enus.stormassets/localizeddata/sounds/vo/ragnarosbase_cancel02.fxe	c0c0e61a4cd5b17c5327b81f6688cc21	1772
mods/heroes.stormmod/enus.stormassets/localizeddata/sounds/vo/ragnarosbase_cancel02.ogg	bf6c0b70dbd2138e5edce25bdd27f39a	46964
mods/heroes.stormmod/enus.stormassets/localizeddata/sounds/vo/ragnarosbase_celebrate00.fxe	b349f9c6908800d3652628a99418159f	2655
mods/heroes.stormmod/enus.stormassets/localizeddata/sounds/vo/ragnarosbase_celebrate00.ogg	2c6f733dff51640de7a7d274c16de003	74593
mods/heroes.stormmod/enus.stormassets/localizeddata/sounds/vo/ragnarosbase_celebrate01.fxe	d1492f00ebb14e82aa7d136f5ee6b1e9	2799
mods/heroes.stormmod/enus.stormassets/localizeddata/sounds/vo/ragnarosbase_celebrate01.ogg	31e3aa6997badf2d0dc3ec389d1b6d7e	66446
mods/heroes.stormmod/enus.stormassets/localizeddata/sounds/vo/ragnarosbase_celebrate02.fxe	d8e3331923839cea1c9b569f93dcad37	2287
mods/heroes.stormmod/enus.stormassets/localizeddata/sounds/vo/ragnarosbase_celebrate02.ogg	5c10e6560cef8c2d3b26a0fe2d926884	57277
mods/heroes.stormmod/enus.stormassets/localizeddata/sounds/vo/ragnarosbase_comeback00.fxe	a0c6368ea638bd7640261ee57ab57777	2942
mods/heroes.stormmod/enus.stormassets/localizeddata/sounds/vo/ragnarosbase_comeback00.ogg	361c055a02e19a6392aa3b19037d2eb4	73619
mods/heroes.stormmod/enus.stormassets/localizeddata/sounds/vo/ragnarosbase_death00.fxe	7a97b97b47f4d9114fa7f94a0477ef20	1339
mods/heroes.stormmod/enus.stormassets/localizeddata/sounds/vo/ragnarosbase_death00.wav	cca8deb91c99197c51d0a5409b1cf8ce	178748
mods/heroes.stormmod/enus.stormassets/localizeddata/sounds/vo/ragnarosbase_death01.fxe	37f83069a82752bf40ebb814e2357bf7	1755
mods/heroes.stormmod/enus.stormassets/localizeddata/sounds/vo/ragnarosbase_death01.wav	e73e378b8de9900e325c99d5e6acaaf7	224316
mods/heroes.stormmod/enus.stormassets/localizeddata/sounds/vo/ragnarosbase_death02.fxe	f46bf9f06b7178c96fd7c61f4c1acd26	2571
mods/heroes.stormmod/enus.stormassets/localizeddata/sounds/vo/ragnarosbase_death02.wav	cb0207e70ce3158f03e2aa2d0f7fe538	160828
mods/heroes.stormmod/enus.stormassets/localizeddata/sounds/vo/ragnarosbase_death03.fxe	345aa11b0cd4570b22b270dffcef47c6	2027
mods/heroes.stormmod/enus.stormassets/localizeddata/sounds/vo/ragnarosbase_death03.wav	8cf2dbefe8c436db6c783ae591afc90a	148540
mods/heroes.stormmod/enus.stormassets/localizeddata/sounds/vo/ragnarosbase_death04.fxe	fdc2f9a90a268bdaf8f9f6a7ed8b788a	2667
mods/heroes.stormmod/enus.stormassets/localizeddata/sounds/vo/ragnarosbase_death04.wav	3d1fdff6d0f267cd6b3ad6ae2d202723	148540
mods/heroes.stormmod/enus.stormassets/localizeddata/sounds/vo/ragnarosbase_death05.fxe	08d19a4490450c30008f68e74893885e	1787
mods/heroes.stormmod/enus.stormassets/localizeddata/sounds/vo/ragnarosbase_death05.wav	0e73208ce15f73c179abd35599fcd0de	157756
mods/heroes.stormmod/enus.stormassets/localizeddata/sounds/vo/ragnarosbase_death06.fxe	4054a2b2dd1ae27a66ebc5f2b76a262e	1851
mods/heroes.stormmod/enus.stormassets/localizeddata/sounds/vo/ragnarosbase_death06.wav	5bb020d7edc0c624432a148dabf5d719	158780
mods/heroes.stormmod/enus.stormassets/localizeddata/sounds/vo/ragnarosbase_death07.fxe	c84be9ef2bd21eaf8960011079f5cde0	2427
mods/heroes.stormmod/enus.stormassets/localizeddata/sounds/vo/ragnarosbase_death07.wav	4e2fc1798e29059a87f7f65bad3213f8	171068
mods/heroes.stormmod/enus.stormassets/localizeddata/sounds/vo/ragnarosbase_death08.fxe	6923249f3b1049b269d0e5f06b34ccdc	2283
mods/heroes.stormmod/enus.stormassets/localizeddata/sounds/vo/ragnarosbase_death08.wav	0f335b5f227e492d2eb654a81de03f01	159292
mods/heroes.stormmod/enus.stormassets/localizeddata/sounds/vo/ragnarosbase_death09.fxe	5174e4fb9c6c5e07b5442982f6281873	2459
mods/heroes.stormmod/enus.stormassets/localizeddata/sounds/vo/ragnarosbase_death09.wav	097c767bec405dd91a3d91707d7b269e	196156
mods/heroes.stormmod/enus.stormassets/localizeddata/sounds/vo/ragnarosbase_death10.fxe	8fa025b3e9f7d3d92f296c17a7562b9a	2795
mods/heroes.stormmod/enus.stormassets/localizeddata/sounds/vo/ragnarosbase_death10.wav	f96260d8f339d04bb9a8e3cad77c7e7f	172092
mods/heroes.stormmod/enus.stormassets/localizeddata/sounds/vo/ragnarosbase_death11.fxe	8c830d574524c378936147411c9b1714	2395
mods/heroes.stormmod/enus.stormassets/localizeddata/sounds/vo/ragnarosbase_death11.wav	7b18e6b636a3e5a346685a1ae888b290	162364
mods/heroes.stormmod/enus.stormassets/localizeddata/sounds/vo/ragnarosbase_death12.fxe	3c2b3ff296211db535cfbac681a66c70	1803
mods/heroes.stormmod/enus.stormassets/localizeddata/sounds/vo/ragnarosbase_death12.wav	7ef3d0d8f903885216dcebb5b9005f52	150588
mods/heroes.stormmod/enus.stormassets/localizeddata/sounds/vo/ragnarosbase_death13.fxe	247e551aae833267a69d10da5d9e33b3	2283
mods/heroes.stormmod/enus.stormassets/localizeddata/sounds/vo/ragnarosbase_death13.wav	0e25acfb0f434925384934e8ed5fda6f	156220
mods/heroes.stormmod/enus.stormassets/localizeddata/sounds/vo/ragnarosbase_death14.fxe	32b13bffa2eaaafd99e24e4c674af455	2811
mods/heroes.stormmod/enus.stormassets/localizeddata/sounds/vo/ragnarosbase_death14.wav	f3dd88a7f7c3ec4a3671c5e057d5a8b0	164924
mods/heroes.stormmod/enus.stormassets/localizeddata/sounds/vo/ragnarosbase_death15.fxe	75513f6c62e6e0226fe72100e720f3f7	1771
mods/heroes.stormmod/enus.stormassets/localizeddata/sounds/vo/ragnarosbase_death15.wav	785a8bd32b52a53c413568336e8f7b9a	183356
mods/heroes.stormmod/enus.stormassets/localizeddata/sounds/vo/ragnarosbase_deathally00.fxe	c255521b596a8f987f1f4c8f916e0e2d	2959
mods/heroes.stormmod/enus.stormassets/localizeddata/sounds/vo/ragnarosbase_deathally00.wav	24efcfee52888123f25c062e14a28767	254012
mods/heroes.stormmod/enus.stormassets/localizeddata/sounds/vo/ragnarosbase_deathenemy00.fxe	a15182471947215ff5b360e0508f2a6b	2192
mods/heroes.stormmod/enus.stormassets/localizeddata/sounds/vo/ragnarosbase_deathenemy00.wav	bc6044e0f44050210c85a66146503e49	228412
mods/heroes.stormmod/enus.stormassets/localizeddata/sounds/vo/ragnarosbase_fortattack00.fxe	5c95dd7dcd329b1d929554d8e8a9680b	1952
mods/heroes.stormmod/enus.stormassets/localizeddata/sounds/vo/ragnarosbase_fortattack00.ogg	c84ff6c27a791318486085e5e78be06c	54309
mods/heroes.stormmod/enus.stormassets/localizeddata/sounds/vo/ragnarosbase_fortattack01.fxe	31c9dcbcf2916e10c8103b6d8fa32abe	1296
mods/heroes.stormmod/enus.stormassets/localizeddata/sounds/vo/ragnarosbase_fortattack01.ogg	bdb9e17fe7b18e26d42e403dbff834a2	41246
mods/heroes.stormmod/enus.stormassets/localizeddata/sounds/vo/ragnarosbase_fortattack02.fxe	ae4dd1e315319814f81417ca4d886954	2144
mods/heroes.stormmod/enus.stormassets/localizeddata/sounds/vo/ragnarosbase_fortattack02.ogg	1ab9c44ea1d3a5322d0e8cd80e580107	48756
mods/heroes.stormmod/enus.stormassets/localizeddata/sounds/vo/ragnarosbase_fortattack03.fxe	98429ce3ad6eb4db796fcb52f3827290	2112
mods/heroes.stormmod/enus.stormassets/localizeddata/sounds/vo/ragnarosbase_fortattack03.ogg	94cd746457d7483e5719f96b42dbb0e6	46255
mods/heroes.stormmod/enus.stormassets/localizeddata/sounds/vo/ragnarosbase_fortattack04.fxe	1b17d29372b76e8ccd5fc704ba6a7df1	1776
mods/heroes.stormmod/enus.stormassets/localizeddata/sounds/vo/ragnarosbase_fortattack04.ogg	55fad0c25950cb630ce797a7b004fcd8	44798
mods/heroes.stormmod/enus.stormassets/localizeddata/sounds/vo/ragnarosbase_fortattack05.fxe	c8ade83697205b387e38bc8ccebd7cf3	1360
mods/heroes.stormmod/enus.stormassets/localizeddata/sounds/vo/ragnarosbase_fortattack05.ogg	69f9d9c017580bc5b9fa98fc77001047	39803
mods/heroes.stormmod/enus.stormassets/localizeddata/sounds/vo/ragnarosbase_fortattack06.fxe	559229010564cee20bd587e65d5ac0d0	2160
mods/heroes.stormmod/enus.stormassets/localizeddata/sounds/vo/ragnarosbase_fortattack06.ogg	7d838cbdb1e37fc685503ba1c01ed24e	46935
mods/heroes.stormmod/enus.stormassets/localizeddata/sounds/vo/ragnarosbase_fortspawn00.fxe	1b191a31b420614cb9a2deb93c1728e6	1322
mods/heroes.stormmod/enus.stormassets/localizeddata/sounds/vo/ragnarosbase_fortspawn00.ogg	cdf1a7ebe89917358f5d54f8648125ed	50782
mods/heroes.stormmod/enus.stormassets/localizeddata/sounds/vo/ragnarosbase_fortspawnenemy00.fxe	f9eb47a7d5122b62c82b961e2f90e653	2260
mods/heroes.stormmod/enus.stormassets/localizeddata/sounds/vo/ragnarosbase_fortspawnenemy00.ogg	d3323602f91df081d0fde486234ed40d	55729
mods/heroes.stormmod/enus.stormassets/localizeddata/sounds/vo/ragnarosbase_healed00.fxe	b4eb9cbb3585a4d452ab714c32370e15	2588
mods/heroes.stormmod/enus.stormassets/localizeddata/sounds/vo/ragnarosbase_healed00.ogg	3ddab98350ca40a4a79d0d79d1b40a9e	58253
mods/heroes.stormmod/enus.stormassets/localizeddata/sounds/vo/ragnarosbase_healed01.fxe	0cb3d8047453fb50744460b6ae79c305	2396
mods/heroes.stormmod/enus.stormassets/localizeddata/sounds/vo/ragnarosbase_healed01.ogg	cec4f6bace537dc32b7a8b96fd1250bc	53319
mods/heroes.stormmod/enus.stormassets/localizeddata/sounds/vo/ragnarosbase_healed02.fxe	9b5edd88ad7ca6307c14630b570d188b	2588
mods/heroes.stormmod/enus.stormassets/localizeddata/sounds/vo/ragnarosbase_healed02.ogg	c2143186b107a0f479b2f5d37d247b20	62797
mods/heroes.stormmod/enus.stormassets/localizeddata/sounds/vo/ragnarosbase_introagree00.fxe	dbb8ead5af4113c08095eea69d5facf7	1776
mods/heroes.stormmod/enus.stormassets/localizeddata/sounds/vo/ragnarosbase_introagree00.ogg	6f3463467c0f2fbd6bda4ae0212a2e01	49542
mods/heroes.stormmod/enus.stormassets/localizeddata/sounds/vo/ragnarosbase_introagree01.fxe	032bf7cec8ec5998a12c6e86acc2dcab	1563
mods/heroes.stormmod/enus.stormassets/localizeddata/sounds/vo/ragnarosbase_introagree01.ogg	09122c2619e6046ac07ae55b05cc474d	45075
mods/heroes.stormmod/enus.stormassets/localizeddata/sounds/vo/ragnarosbase_introagree02.fxe	ab236ee4e4b518b155d024f0218d5556	1632
mods/heroes.stormmod/enus.stormassets/localizeddata/sounds/vo/ragnarosbase_introagree02.ogg	112ddb0aba437b38b803ee241c23ae3e	40355
mods/heroes.stormmod/enus.stormassets/localizeddata/sounds/vo/ragnarosbase_introboast00.fxe	8c56d729a1db35cb3bf80a3b81664db2	2608
mods/heroes.stormmod/enus.stormassets/localizeddata/sounds/vo/ragnarosbase_introboast00.ogg	fce5c13971309fe5391fbd8aa2d8d80b	65122
mods/heroes.stormmod/enus.stormassets/localizeddata/sounds/vo/ragnarosbase_introboast01_alt.fxe	3089bf7a879062e4a5062d1c40148d2e	2228
mods/heroes.stormmod/enus.stormassets/localizeddata/sounds/vo/ragnarosbase_introboast01_alt.ogg	a567e3a4dd3530efc2e8338b1f520311	58085
mods/heroes.stormmod/enus.stormassets/localizeddata/sounds/vo/ragnarosbase_introquestion00.fxe	a6c75610407fdfbcff1c618393cfbf5c	2755
mods/heroes.stormmod/enus.stormassets/localizeddata/sounds/vo/ragnarosbase_introquestion00.ogg	65f23a74e887c2c9c924d1dbb53b3949	59365
mods/heroes.stormmod/enus.stormassets/localizeddata/sounds/vo/ragnarosbase_introquestion01.fxe	8e63db0ce30b95191910d806a323f335	2323
mods/heroes.stormmod/enus.stormassets/localizeddata/sounds/vo/ragnarosbase_introquestion01.ogg	d29859dbcc5c70573d56a621300985d6	53911
mods/heroes.stormmod/enus.stormassets/localizeddata/sounds/vo/ragnarosbase_introquestion_dwarf00.fxe	4f022cf1c1a7692fe9199f7157973bc0	4473
mods/heroes.stormmod/enus.stormassets/localizeddata/sounds/vo/ragnarosbase_introquestion_dwarf00.ogg	18e608a98712aab1343ca19dd70b4aa8	100755
mods/heroes.stormmod/enus.stormassets/localizeddata/sounds/vo/ragnarosbase_introquestion_elemental00.fxe	1c9b37b0341d00716e1fcb6f1691ba67	2429
mods/heroes.stormmod/enus.stormassets/localizeddata/sounds/vo/ragnarosbase_introquestion_elemental00.ogg	b9518762786bfc5937ace653a4fdaef4	51950
mods/heroes.stormmod/enus.stormassets/localizeddata/sounds/vo/ragnarosbase_introquestion_fireuser00.fxe	4daca0b943d2f63263df8da4ece3f063	2620
mods/heroes.stormmod/enus.stormassets/localizeddata/sounds/vo/ragnarosbase_introquestion_fireuser00.ogg	3aebf6bf3e8516aa6102e8cca6e0e706	88734
mods/heroes.stormmod/enus.stormassets/localizeddata/sounds/vo/ragnarosbase_introquestion_malfurion00.fxe	f7f81e7515e20157ef0ce09a347af7cc	4429
mods/heroes.stormmod/enus.stormassets/localizeddata/sounds/vo/ragnarosbase_introquestion_malfurion00.ogg	625b671dcda34011b1658acf2376b674	96083
mods/heroes.stormmod/enus.stormassets/localizeddata/sounds/vo/ragnarosbase_introquestion_murky00.fxe	9f92a5e64da9776ef22b9cd1d47af806	2153
mods/heroes.stormmod/enus.stormassets/localizeddata/sounds/vo/ragnarosbase_introquestion_murky00.ogg	d6c8f02f063db95ca823811f891f1504	57347
mods/heroes.stormmod/enus.stormassets/localizeddata/sounds/vo/ragnarosbase_introquestion_nature00.fxe	7fe6be3fc7e708f1e497aa9d76297796	2938
mods/heroes.stormmod/enus.stormassets/localizeddata/sounds/vo/ragnarosbase_introquestion_nature00.ogg	7ceaa43db09902caf1ac7018a9725c5c	61097
mods/heroes.stormmod/enus.stormassets/localizeddata/sounds/vo/ragnarosbase_introquestion_shaman00.fxe	6c61a5882fbcf9f9cddf6927ad13914f	3610
mods/heroes.stormmod/enus.stormassets/localizeddata/sounds/vo/ragnarosbase_introquestion_shaman00.ogg	d2c12176b38d5774b431cf41039593ec	83560
mods/heroes.stormmod/enus.stormassets/localizeddata/sounds/vo/ragnarosbase_introquestion_thrall00.fxe	a75f4c8740990bc67f716f395a17bb80	3738
mods/heroes.stormmod/enus.stormassets/localizeddata/sounds/vo/ragnarosbase_introquestion_thrall00.ogg	226af229084c357f036d88ab68b8b1ef	82491
mods/heroes.stormmod/enus.stormassets/localizeddata/sounds/vo/ragnarosbase_introquestion_twilight00.fxe	4e6c405377d92c50cec0fce0dda53b30	3932
mods/heroes.stormmod/enus.stormassets/localizeddata/sounds/vo/ragnarosbase_introquestion_twilight00.ogg	0b0d2c51977d01d311c7103fb62f2733	93939
mods/heroes.stormmod/enus.stormassets/localizeddata/sounds/vo/ragnarosbase_introrespond00.fxe	52c57902a44dd49fd307b526c283d1ec	1970
mods/heroes.stormmod/enus.stormassets/localizeddata/sounds/vo/ragnarosbase_introrespond00.ogg	29c102401297eb5be49f48d3433f2a3a	45102
mods/heroes.stormmod/enus.stormassets/localizeddata/sounds/vo/ragnarosbase_introrespond01.fxe	bd558c6fa68c35845ab0524daa5c2857	2242
mods/heroes.stormmod/enus.stormassets/localizeddata/sounds/vo/ragnarosbase_introrespond01.ogg	dabf89d77b831a31ae4348f62c8df6a7	52015
mods/heroes.stormmod/enus.stormassets/localizeddata/sounds/vo/ragnarosbase_introrespond02.fxe	14bfbd66ee359b147784ca89c1e6940c	2322
mods/heroes.stormmod/enus.stormassets/localizeddata/sounds/vo/ragnarosbase_introrespond02.ogg	fee1d5444117c7afa3f4a241482a1fa5	59574
mods/heroes.stormmod/enus.stormassets/localizeddata/sounds/vo/ragnarosbase_introresponse_dwarf00.fxe	9fd51ad8313068aaef944811f8f9fe05	3161
mods/heroes.stormmod/enus.stormassets/localizeddata/sounds/vo/ragnarosbase_introresponse_dwarf00.ogg	2a0cf904ff5dc39fc22875c04011b3b5	69699
mods/heroes.stormmod/enus.stormassets/localizeddata/sounds/vo/ragnarosbase_introresponse_elemental00.fxe	51f994dce8f1fc975309d5f46c69bc49	3069
mods/heroes.stormmod/enus.stormassets/localizeddata/sounds/vo/ragnarosbase_introresponse_elemental00.ogg	38abbd926a82ba9537ec38861ccdba18	85507
mods/heroes.stormmod/enus.stormassets/localizeddata/sounds/vo/ragnarosbase_introresponse_fireuser00.fxe	60965870e3ed6c0ecc101ff439466a87	3820
mods/heroes.stormmod/enus.stormassets/localizeddata/sounds/vo/ragnarosbase_introresponse_fireuser00.ogg	9f12c28fff0b6d2cb079360a7e8b6266	90555
mods/heroes.stormmod/enus.stormassets/localizeddata/sounds/vo/ragnarosbase_introresponse_malfurion00.fxe	b49069e5e9a25ced118641bb8f1a5378	2717
mods/heroes.stormmod/enus.stormassets/localizeddata/sounds/vo/ragnarosbase_introresponse_malfurion00.ogg	5e9f13f39fb212e3193421c023176466	76163
mods/heroes.stormmod/enus.stormassets/localizeddata/sounds/vo/ragnarosbase_introresponse_murky00.fxe	3f5e9690b5a2e8b18f67c5aa15363bb7	2217
mods/heroes.stormmod/enus.stormassets/localizeddata/sounds/vo/ragnarosbase_introresponse_murky00.ogg	eda32530d274cdf41c85362e81cf9efd	45225
mods/heroes.stormmod/enus.stormassets/localizeddata/sounds/vo/ragnarosbase_introresponse_nature00.fxe	4d676fb6fb0527a8ef293943a566b87d	2906
mods/heroes.stormmod/enus.stormassets/localizeddata/sounds/vo/ragnarosbase_introresponse_nature00.ogg	0524cc7e715fb49a6ab2ed5a0f3cf197	80915
mods/heroes.stormmod/enus.stormassets/localizeddata/sounds/vo/ragnarosbase_introresponse_shaman00.fxe	c4292d2afe82642c71b8d820f809cf47	2522
mods/heroes.stormmod/enus.stormassets/localizeddata/sounds/vo/ragnarosbase_introresponse_shaman00.ogg	a3bcbae9bf0b59c3bd053759ea40debd	82896
mods/heroes.stormmod/enus.stormassets/localizeddata/sounds/vo/ragnarosbase_introresponse_thrall00.fxe	09dd5eb876a3902b22ba31b376e787d2	3802
mods/heroes.stormmod/enus.stormassets/localizeddata/sounds/vo/ragnarosbase_introresponse_thrall00.ogg	c3a166f516dc30aa80cfad93546f8e60	87222
mods/heroes.stormmod/enus.stormassets/localizeddata/sounds/vo/ragnarosbase_introresponse_twilight00.fxe	2089173e06a6b811d7488f717a6b34fd	3612
mods/heroes.stormmod/enus.stormassets/localizeddata/sounds/vo/ragnarosbase_introresponse_twilight00.ogg	7bd203be4ec3849a5b2d2110be195963	86349
mods/heroes.stormmod/enus.stormassets/localizeddata/sounds/vo/ragnarosbase_kill00.fxe	02832657dabfb712bc4dfa4559cbf304	1130
mods/heroes.stormmod/enus.stormassets/localizeddata/sounds/vo/ragnarosbase_kill00.ogg	40cb91a245cd4190a688dc54366a6a17	30909
mods/heroes.stormmod/enus.stormassets/localizeddata/sounds/vo/ragnarosbase_kill01.fxe	2dc600a01c9cf6a06a1225a1f7cc7b03	1445
mods/heroes.stormmod/enus.stormassets/localizeddata/sounds/vo/ragnarosbase_kill01.ogg	24f0d609cae7a04ce6af32025557618f	34438
mods/heroes.stormmod/enus.stormassets/localizeddata/sounds/vo/ragnarosbase_kill02.fxe	d5cf984d51cdc2a7777fea9551746d76	1978
mods/heroes.stormmod/enus.stormassets/localizeddata/sounds/vo/ragnarosbase_kill02.ogg	c659f21b887713b0898cc3accb8d6750	46692
mods/heroes.stormmod/enus.stormassets/localizeddata/sounds/vo/ragnarosbase_kill03.fxe	b05281fea80a11b99585c66b70b2bc41	1066
mods/heroes.stormmod/enus.stormassets/localizeddata/sounds/vo/ragnarosbase_kill03.ogg	02e11270a1d2f91958bd8efe84bdbac2	32378
mods/heroes.stormmod/enus.stormassets/localizeddata/sounds/vo/ragnarosbase_kill04.fxe	3d7dcb937e2b1f240fc2a2a79270ae45	1706
mods/heroes.stormmod/enus.stormassets/localizeddata/sounds/vo/ragnarosbase_kill04.ogg	a0afc04e4cd42edefb08f023e2ec27a5	43277
mods/heroes.stormmod/enus.stormassets/localizeddata/sounds/vo/ragnarosbase_killchogall00.fxe	a23011190530d5f10a2ae88f45cc478d	2465
mods/heroes.stormmod/enus.stormassets/localizeddata/sounds/vo/ragnarosbase_killchogall00.ogg	056008f919fd14d627782b7bcd780ac1	56918
mods/heroes.stormmod/enus.stormassets/localizeddata/sounds/vo/ragnarosbase_killdwarf00.fxe	bb267ac42a7fbb14262afe5b784c3292	2383
mods/heroes.stormmod/enus.stormassets/localizeddata/sounds/vo/ragnarosbase_killdwarf00.ogg	3eb21fe3cf1c2634719e61b7f83f882c	73959
mods/heroes.stormmod/enus.stormassets/localizeddata/sounds/vo/ragnarosbase_killelemental00.fxe	d0c48bfaab840d4badc74218980c777e	2499
mods/heroes.stormmod/enus.stormassets/localizeddata/sounds/vo/ragnarosbase_killelemental00.ogg	c06cd3eafc08fad3d4fdd0492b098c95	55285
mods/heroes.stormmod/enus.stormassets/localizeddata/sounds/vo/ragnarosbase_killfireuser00.fxe	1aa4498c70d02247d7826cc5fdde8c4f	3458
mods/heroes.stormmod/enus.stormassets/localizeddata/sounds/vo/ragnarosbase_killfireuser00.ogg	4ea6e68ed7ac129a7ade7d4b840ee1de	84724
mods/heroes.stormmod/enus.stormassets/localizeddata/sounds/vo/ragnarosbase_killmajordomo00.fxe	6a8b5cc64a07f29495fc776d433ce236	3011
mods/heroes.stormmod/enus.stormassets/localizeddata/sounds/vo/ragnarosbase_killmajordomo00.ogg	b5f00a6468526bf0a146822c27f8d401	63326
mods/heroes.stormmod/enus.stormassets/localizeddata/sounds/vo/ragnarosbase_killmalfurion00.fxe	a16b8153d3ab32b5b31fe8089f0647d8	2723
mods/heroes.stormmod/enus.stormassets/localizeddata/sounds/vo/ragnarosbase_killmalfurion00.ogg	37a6d3da98960d5d607a6aeb2bda8874	65679
mods/heroes.stormmod/enus.stormassets/localizeddata/sounds/vo/ragnarosbase_killnature00.fxe	7f722ed2ab3255f1b219960e41e61999	2736
mods/heroes.stormmod/enus.stormassets/localizeddata/sounds/vo/ragnarosbase_killnature00.ogg	249df812b3c4a06c45bc0bcdbf34fa9b	60410
mods/heroes.stormmod/enus.stormassets/localizeddata/sounds/vo/ragnarosbase_killshaman00.fxe	359d015203746dfd75f982ac848da3e6	3312
mods/heroes.stormmod/enus.stormassets/localizeddata/sounds/vo/ragnarosbase_killshaman00.ogg	b8d39152415418032dc1300fcd8591e6	76607
mods/heroes.stormmod/enus.stormassets/localizeddata/sounds/vo/ragnarosbase_killspreeend00.fxe	cb0afaf8f93f30739f961357f861a90f	2338
mods/heroes.stormmod/enus.stormassets/localizeddata/sounds/vo/ragnarosbase_killspreeend00.ogg	ae8922218dada0f4ded174cdf96b4837	66858
mods/heroes.stormmod/enus.stormassets/localizeddata/sounds/vo/ragnarosbase_killthrall00.fxe	4d6835b8ec260b30bf208c5654027832	2256
mods/heroes.stormmod/enus.stormassets/localizeddata/sounds/vo/ragnarosbase_killthrall00.ogg	21c42a2601c2c427cd54e00927b98711	55904
mods/heroes.stormmod/enus.stormassets/localizeddata/sounds/vo/ragnarosbase_killtwilight00.fxe	f5d79a35935c5d8a9fa703648b466cdd	2242
mods/heroes.stormmod/enus.stormassets/localizeddata/sounds/vo/ragnarosbase_killtwilight00.ogg	59c82759271db4dcf6419168d673ff55	56140
mods/heroes.stormmod/enus.stormassets/localizeddata/sounds/vo/ragnarosbase_killvarian00.fxe	f0d27a6acc69a994c656f37016edbfe6	2768
mods/heroes.stormmod/enus.stormassets/localizeddata/sounds/vo/ragnarosbase_killvarian00.ogg	7f979dcdbc046ef27cb8b7ab31f633c5	59204
mods/heroes.stormmod/enus.stormassets/localizeddata/sounds/vo/ragnarosbase_laugh00.fxe	fdfedf03fc1a5509ce96b348023d8cab	2523
mods/heroes.stormmod/enus.stormassets/localizeddata/sounds/vo/ragnarosbase_laugh00.ogg	a72e4fd70d6d0b0813ae2852cbc609ee	43605
mods/heroes.stormmod/enus.stormassets/localizeddata/sounds/vo/ragnarosbase_laugh01.fxe	0b1fbd13679831ab50b992cbd2bc8382	2395
mods/heroes.stormmod/enus.stormassets/localizeddata/sounds/vo/ragnarosbase_laugh01.ogg	739c6d704373ee9ed9a93624f89335ff	51386
mods/heroes.stormmod/enus.stormassets/localizeddata/sounds/vo/ragnarosbase_laugh02.fxe	262befacd4360ab29fa4d965f4072414	3115
mods/heroes.stormmod/enus.stormassets/localizeddata/sounds/vo/ragnarosbase_laugh02.ogg	b52c6f0a2ffd6be8f8c5627d13836044	49292
mods/heroes.stormmod/enus.stormassets/localizeddata/sounds/vo/ragnarosbase_laugh03.fxe	e69442bf81cdbbba597bfaebc8448231	2219
mods/heroes.stormmod/enus.stormassets/localizeddata/sounds/vo/ragnarosbase_laugh03.ogg	f5d0e74725cd8612c37f9ab063422af7	51215
mods/heroes.stormmod/enus.stormassets/localizeddata/sounds/vo/ragnarosbase_laugh04.fxe	a668de306e9ec173f7882e3d9a3f234b	2699
mods/heroes.stormmod/enus.stormassets/localizeddata/sounds/vo/ragnarosbase_laugh04.ogg	f5aa454b7fa6f6314d318aea9471e415	47604
mods/heroes.stormmod/enus.stormassets/localizeddata/sounds/vo/ragnarosbase_laugh05.fxe	aad0125c9a320d33192c79418ff5c9d0	2667
mods/heroes.stormmod/enus.stormassets/localizeddata/sounds/vo/ragnarosbase_laugh05.ogg	d91ca7b2f4c922bd21c6055b0344a0c4	42788
mods/heroes.stormmod/enus.stormassets/localizeddata/sounds/vo/ragnarosbase_laugh06.fxe	cedffa715778ce060ab4fd536d2fbcae	1995
mods/heroes.stormmod/enus.stormassets/localizeddata/sounds/vo/ragnarosbase_laugh06.ogg	9dce8c3776f27a90453f3f699519b00c	44982
mods/heroes.stormmod/enus.stormassets/localizeddata/sounds/vo/ragnarosbase_laugh07.fxe	ef4790917ea24eacb52ceaed1691074c	2747
mods/heroes.stormmod/enus.stormassets/localizeddata/sounds/vo/ragnarosbase_laugh07.ogg	f51046560d5d0a061505b203c44125ff	56545
mods/heroes.stormmod/enus.stormassets/localizeddata/sounds/vo/ragnarosbase_laugh08.fxe	bd3ca928deb16d697c1a0036985329f3	2619
mods/heroes.stormmod/enus.stormassets/localizeddata/sounds/vo/ragnarosbase_laugh08.ogg	0e9d6e4d924962d3700160051511d040	43046
mods/heroes.stormmod/enus.stormassets/localizeddata/sounds/vo/ragnarosbase_laugh09.fxe	1eb4875186cb606dc0aaba623b1942f8	3051
mods/heroes.stormmod/enus.stormassets/localizeddata/sounds/vo/ragnarosbase_laugh09.ogg	0014b7f0071cbaf0f9eaa87d6ab4957b	59652
mods/heroes.stormmod/enus.stormassets/localizeddata/sounds/vo/ragnarosbase_laugh10.fxe	075c4bc277bf0d46ae5ad59b5b6c6461	1611
mods/heroes.stormmod/enus.stormassets/localizeddata/sounds/vo/ragnarosbase_laugh10.ogg	aa8a60e109be84a76ff8af7f59f64125	38684
mods/heroes.stormmod/enus.stormassets/localizeddata/sounds/vo/ragnarosbase_laugh11.fxe	7bb1aa2d4ff589ed6401ce92f851491d	1531
mods/heroes.stormmod/enus.stormassets/localizeddata/sounds/vo/ragnarosbase_laugh11.ogg	58d00dd134325e104bae03ae3be6943d	33433
mods/heroes.stormmod/enus.stormassets/localizeddata/sounds/vo/ragnarosbase_laugh12.fxe	725479ca2131dea452c80a1dd316d620	2875
mods/heroes.stormmod/enus.stormassets/localizeddata/sounds/vo/ragnarosbase_laugh12.ogg	ec3005b11dfbcbd12df30869f7b02089	55277
mods/heroes.stormmod/enus.stormassets/localizeddata/sounds/vo/ragnarosbase_laugh13.fxe	88f04224527c95d5ca1975786220e3c9	2763
mods/heroes.stormmod/enus.stormassets/localizeddata/sounds/vo/ragnarosbase_laugh13.ogg	be2bb949f9bc7a5833a92e53449d796d	51259
mods/heroes.stormmod/enus.stormassets/localizeddata/sounds/vo/ragnarosbase_laugh14.fxe	68c5f3447dd2d819f1c509d213d234f9	2491
mods/heroes.stormmod/enus.stormassets/localizeddata/sounds/vo/ragnarosbase_laugh14.ogg	f659b7a6aeb96c649c35442c6c9a9e13	52549
mods/heroes.stormmod/enus.stormassets/localizeddata/sounds/vo/ragnarosbase_lowlifeheal00.fxe	a93054b795513874192f9d56981e5097	1633
mods/heroes.stormmod/enus.stormassets/localizeddata/sounds/vo/ragnarosbase_lowlifeheal00.ogg	3f1ff4ca7b2257b11ce7a0125247ddfe	42205
mods/heroes.stormmod/enus.stormassets/localizeddata/sounds/vo/ragnarosbase_lowlifeheal01.fxe	4cee796e3373970ea33fd258fc5104f5	2625
mods/heroes.stormmod/enus.stormassets/localizeddata/sounds/vo/ragnarosbase_lowlifeheal01.ogg	005fb130dfe92cbcbbeedd055fbfc77e	54788
mods/heroes.stormmod/enus.stormassets/localizeddata/sounds/vo/ragnarosbase_lowlifeheal02.fxe	1093b623faabc9e79c156e41ee4af3d7	2273
mods/heroes.stormmod/enus.stormassets/localizeddata/sounds/vo/ragnarosbase_lowlifeheal02.ogg	16c7cb2cfa0289dbced2d7f914a4ac9f	53318
mods/heroes.stormmod/enus.stormassets/localizeddata/sounds/vo/ragnarosbase_lowmana00.fxe	3e8c0c69e4bf56c68858f0a19a5015a4	1405
mods/heroes.stormmod/enus.stormassets/localizeddata/sounds/vo/ragnarosbase_lowmana00.ogg	ea5d0630c7759bdc5fdfe61d4f64bd34	36423
mods/heroes.stormmod/enus.stormassets/localizeddata/sounds/vo/ragnarosbase_lowmana01.fxe	16c2b63f30c0d4169105dd46df14f6c9	1405
mods/heroes.stormmod/enus.stormassets/localizeddata/sounds/vo/ragnarosbase_lowmana01.ogg	cedaf95bfdbcf6c28634c630ef6c4e32	36101
mods/heroes.stormmod/enus.stormassets/localizeddata/sounds/vo/ragnarosbase_lowmana02.fxe	a07a86b288054caa5e2c4354f5e2d826	1629
mods/heroes.stormmod/enus.stormassets/localizeddata/sounds/vo/ragnarosbase_lowmana02.ogg	9f705840ed7642a57e71aa5ed5c0b69f	39880
mods/heroes.stormmod/enus.stormassets/localizeddata/sounds/vo/ragnarosbase_matchend00.fxe	545eff4338ba39c1e2b1471df693ef63	1438
mods/heroes.stormmod/enus.stormassets/localizeddata/sounds/vo/ragnarosbase_matchend00.ogg	a13a2388e5aa2b6ffc4570fe8a1ef98a	44763
mods/heroes.stormmod/enus.stormassets/localizeddata/sounds/vo/ragnarosbase_matchend01.fxe	f188614a5bfbfbd44db64113da177cb9	1822
mods/heroes.stormmod/enus.stormassets/localizeddata/sounds/vo/ragnarosbase_matchend01.ogg	f27fc742bc02e75e23e4d6bf688fba61	42536
mods/heroes.stormmod/enus.stormassets/localizeddata/sounds/vo/ragnarosbase_matchend02.fxe	66a34e9a30300c25af9802e0ef8ebe09	1806
mods/heroes.stormmod/enus.stormassets/localizeddata/sounds/vo/ragnarosbase_matchend02.ogg	0661c18a0fc3b4868366cb73c054a259	58522
mods/heroes.stormmod/enus.stormassets/localizeddata/sounds/vo/ragnarosbase_no00.fxe	88102e595506186031f36652303ccb72	1107
mods/heroes.stormmod/enus.stormassets/localizeddata/sounds/vo/ragnarosbase_no00.ogg	d6698580f8a328f36c184b9fcdd58753	44699
mods/heroes.stormmod/enus.stormassets/localizeddata/sounds/vo/ragnarosbase_no01.fxe	cec775c6a74ceb8c5050e619008be0db	1672
mods/heroes.stormmod/enus.stormassets/localizeddata/sounds/vo/ragnarosbase_no01.ogg	7301cd06c330d963d9fabc378e2ca48b	42775
mods/heroes.stormmod/enus.stormassets/localizeddata/sounds/vo/ragnarosbase_no02.fxe	ca46b382b789a6cb87390abfdfe3ab92	1912
mods/heroes.stormmod/enus.stormassets/localizeddata/sounds/vo/ragnarosbase_no02.ogg	458763d9a0f5528a32428b1e5b914da6	45279
mods/heroes.stormmod/enus.stormassets/localizeddata/sounds/vo/ragnarosbase_ping_assisthero00.fxe	c1fe426bc3482dfddc187acf639cb26b	2597
mods/heroes.stormmod/enus.stormassets/localizeddata/sounds/vo/ragnarosbase_ping_assisthero00.ogg	92dc71d7cb25e904ff6451c62a2ef4e9	62179
mods/heroes.stormmod/enus.stormassets/localizeddata/sounds/vo/ragnarosbase_ping_assisthero01.fxe	3ae2ebbb2a61012c57049b6a04922b43	2101
mods/heroes.stormmod/enus.stormassets/localizeddata/sounds/vo/ragnarosbase_ping_assisthero01.ogg	222226afa577081a00fec86f4fbfc37c	48970
mods/heroes.stormmod/enus.stormassets/localizeddata/sounds/vo/ragnarosbase_ping_assistme00.fxe	0664e4428081065710057ba3f79400d2	3219
mods/heroes.stormmod/enus.stormassets/localizeddata/sounds/vo/ragnarosbase_ping_assistme00.ogg	db52594a733ea99a8268cfc4f0bbd548	62299
mods/heroes.stormmod/enus.stormassets/localizeddata/sounds/vo/ragnarosbase_ping_assistme01.fxe	7cc72689c7263666be411f522d0f326d	1827
mods/heroes.stormmod/enus.stormassets/localizeddata/sounds/vo/ragnarosbase_ping_assistme01.ogg	63d35104a1a29ba27efbb2878fa53e8c	43853
mods/heroes.stormmod/enus.stormassets/localizeddata/sounds/vo/ragnarosbase_ping_attackcastle00.fxe	853557ae98f14b4c243e602af54177b3	1863
mods/heroes.stormmod/enus.stormassets/localizeddata/sounds/vo/ragnarosbase_ping_attackcastle00.ogg	4d06d77e5688cd5e600ea08c11fbd35b	49432
mods/heroes.stormmod/enus.stormassets/localizeddata/sounds/vo/ragnarosbase_ping_attackmerc00.fxe	12d0fdf0861861cb6b857d5be74317c6	2661
mods/heroes.stormmod/enus.stormassets/localizeddata/sounds/vo/ragnarosbase_ping_attackmerc00.ogg	ab564537b761df8d9cb6f9c24b1fbb5b	52466
mods/heroes.stormmod/enus.stormassets/localizeddata/sounds/vo/ragnarosbase_ping_attackoutpost00.fxe	18bc7bf188541ddf57fb789e54da6d8a	1624
mods/heroes.stormmod/enus.stormassets/localizeddata/sounds/vo/ragnarosbase_ping_attackoutpost00.ogg	11efa9dc67c33f578b3bb407d24c1359	38902
mods/heroes.stormmod/enus.stormassets/localizeddata/sounds/vo/ragnarosbase_ping_attacktower00.fxe	fb15e71149e2cc4e7fd35560935e2209	2102
mods/heroes.stormmod/enus.stormassets/localizeddata/sounds/vo/ragnarosbase_ping_attacktower00.ogg	4fa6a4ae92522d87a03e4c057459b434	40979
mods/heroes.stormmod/enus.stormassets/localizeddata/sounds/vo/ragnarosbase_ping_danger00.fxe	cfc0b81505515ce8a88ae31575a09831	3585
mods/heroes.stormmod/enus.stormassets/localizeddata/sounds/vo/ragnarosbase_ping_danger00.ogg	4860867b2988b60534f06c856db1c043	62611
mods/heroes.stormmod/enus.stormassets/localizeddata/sounds/vo/ragnarosbase_ping_danger01.fxe	df9afc76c9e424c3229c8bd05ca6203a	2769
mods/heroes.stormmod/enus.stormassets/localizeddata/sounds/vo/ragnarosbase_ping_danger01.ogg	34a797ecc0a4cb6a0aff7634a7509beb	66273
mods/heroes.stormmod/enus.stormassets/localizeddata/sounds/vo/ragnarosbase_ping_defend00.fxe	9ae3ed6192fe6b6456e8b6034dbee9ad	2641
mods/heroes.stormmod/enus.stormassets/localizeddata/sounds/vo/ragnarosbase_ping_defend00.ogg	c79131cb8cb0fca53d9b11786c07e0af	53777
mods/heroes.stormmod/enus.stormassets/localizeddata/sounds/vo/ragnarosbase_ping_defendcastle00.fxe	6880e56a25a6b00cd6458cfaa369cfde	1975
mods/heroes.stormmod/enus.stormassets/localizeddata/sounds/vo/ragnarosbase_ping_defendcastle00.ogg	1bae737aa9115ebee48b0af8df9ca76f	44807
mods/heroes.stormmod/enus.stormassets/localizeddata/sounds/vo/ragnarosbase_ping_defendoutpost00.fxe	db27523899dd00c88eae5210d0206a1b	2312
mods/heroes.stormmod/enus.stormassets/localizeddata/sounds/vo/ragnarosbase_ping_defendoutpost00.ogg	ab548e4d1a0659efc35d7ce635816f16	43889
mods/heroes.stormmod/enus.stormassets/localizeddata/sounds/vo/ragnarosbase_ping_defendthing00.fxe	f1082649dd3e4eaebca261524af3149a	2310
mods/heroes.stormmod/enus.stormassets/localizeddata/sounds/vo/ragnarosbase_ping_defendthing00.ogg	fe1238c9019f4bd83ec84738c9dfd76e	51894
mods/heroes.stormmod/enus.stormassets/localizeddata/sounds/vo/ragnarosbase_ping_defendthing01.fxe	5803fb0fd5e3c0ac9dcad8a6ba658aa4	1606
mods/heroes.stormmod/enus.stormassets/localizeddata/sounds/vo/ragnarosbase_ping_defendthing01.ogg	2238f92c603a120e8f7706e2d1e4c4ab	40688
mods/heroes.stormmod/enus.stormassets/localizeddata/sounds/vo/ragnarosbase_ping_defendtower00.fxe	4c241faf8b376336471f853a6e85e985	2662
mods/heroes.stormmod/enus.stormassets/localizeddata/sounds/vo/ragnarosbase_ping_defendtower00.ogg	a7c9f67d3a409362f95f0d2b5e732f5c	50045
mods/heroes.stormmod/enus.stormassets/localizeddata/sounds/vo/ragnarosbase_ping_enemymissing00.fxe	d294912abfa1e54b379100a850964399	2135
mods/heroes.stormmod/enus.stormassets/localizeddata/sounds/vo/ragnarosbase_ping_enemymissing00.ogg	0a708994e66616ea6892b32ab9b931da	42617
mods/heroes.stormmod/enus.stormassets/localizeddata/sounds/vo/ragnarosbase_ping_enemymissing01.fxe	f91d8ff8a8de124c37407d37bece52e0	2295
mods/heroes.stormmod/enus.stormassets/localizeddata/sounds/vo/ragnarosbase_ping_enemymissing01.ogg	d5f4aacf7be99127f3b2bdc954bcd802	47491
mods/heroes.stormmod/enus.stormassets/localizeddata/sounds/vo/ragnarosbase_ping_killhero00.fxe	147a56b4179fe567b3c9943c274d7b8f	1747
mods/heroes.stormmod/enus.stormassets/localizeddata/sounds/vo/ragnarosbase_ping_killhero00.ogg	c99d9ecbebc2332b5bc189feed1f83ba	45785
mods/heroes.stormmod/enus.stormassets/localizeddata/sounds/vo/ragnarosbase_ping_onmyway00.fxe	379bd1bc17d6d72a7b8b65ac224729c2	2098
mods/heroes.stormmod/enus.stormassets/localizeddata/sounds/vo/ragnarosbase_ping_onmyway00.ogg	a0636ed1c00d6df0540edd11010eb2c2	46281
mods/heroes.stormmod/enus.stormassets/localizeddata/sounds/vo/ragnarosbase_ping_onmyway01.fxe	3724a58327ba5bbfb0783f6cf224df1d	2498
mods/heroes.stormmod/enus.stormassets/localizeddata/sounds/vo/ragnarosbase_ping_onmyway01.ogg	6e6e8b0072c1a8124aa3c44f7dc76db5	50364
mods/heroes.stormmod/enus.stormassets/localizeddata/sounds/vo/ragnarosbase_ping_retreat00.fxe	92cb5c84627805eadd266787bedbdc7d	2658
mods/heroes.stormmod/enus.stormassets/localizeddata/sounds/vo/ragnarosbase_ping_retreat00.ogg	d00aeca579effd3b90ce7d046f816a4b	64531
mods/heroes.stormmod/enus.stormassets/localizeddata/sounds/vo/ragnarosbase_ping_retreat01.fxe	23d7f2d351372669e39344eaf0d1d586	2098
mods/heroes.stormmod/enus.stormassets/localizeddata/sounds/vo/ragnarosbase_ping_retreat01.ogg	d3cc513b1a4c052c9d7bd4cc8c3d5768	42001
mods/heroes.stormmod/enus.stormassets/localizeddata/sounds/vo/ragnarosbase_pissed00.fxe	12d6f679dc0289b7b5f3b3e69e15c497	1023
mods/heroes.stormmod/enus.stormassets/localizeddata/sounds/vo/ragnarosbase_pissed00.ogg	d4cf91d2ed7ee24e052b549c24ff5cf1	26815
mods/heroes.stormmod/enus.stormassets/localizeddata/sounds/vo/ragnarosbase_pissed01.fxe	4c589f80d9c10e5a9311e4a721902426	1839
mods/heroes.stormmod/enus.stormassets/localizeddata/sounds/vo/ragnarosbase_pissed01.ogg	b50c0efb17f7a4cb26d02692f54f2289	45055
mods/heroes.stormmod/enus.stormassets/localizeddata/sounds/vo/ragnarosbase_pissed02.fxe	2ffd8bd24d91c1b2d4b9326ef1119175	1975
mods/heroes.stormmod/enus.stormassets/localizeddata/sounds/vo/ragnarosbase_pissed02.ogg	5c4553574a394eb05d539f90ae9b1740	49738
mods/heroes.stormmod/enus.stormassets/localizeddata/sounds/vo/ragnarosbase_pissed03.fxe	0f5aefd27541ba93846566b7733109b8	2119
mods/heroes.stormmod/enus.stormassets/localizeddata/sounds/vo/ragnarosbase_pissed03.ogg	b763ea8bf286261fc8970256ed9f8045	82246
mods/heroes.stormmod/enus.stormassets/localizeddata/sounds/vo/ragnarosbase_pissed04.fxe	6f81098fc79a20a91b04d56bf59b87a7	1111
mods/heroes.stormmod/enus.stormassets/localizeddata/sounds/vo/ragnarosbase_pissed04.ogg	2dd352ff26094f5be4c8049bec24733f	36050
mods/heroes.stormmod/enus.stormassets/localizeddata/sounds/vo/ragnarosbase_pissed05.fxe	96685c638968e80525ff433e16bacd0a	2599
mods/heroes.stormmod/enus.stormassets/localizeddata/sounds/vo/ragnarosbase_pissed05.ogg	3799dd9870ffec56c0483206bc2f16d4	77982
mods/heroes.stormmod/enus.stormassets/localizeddata/sounds/vo/ragnarosbase_pissed06.fxe	ca7847bd584440772425849e063c9edd	2295
mods/heroes.stormmod/enus.stormassets/localizeddata/sounds/vo/ragnarosbase_pissed06.ogg	afb062268458d4c1d30b9eb5665e17f9	106090
mods/heroes.stormmod/enus.stormassets/localizeddata/sounds/vo/ragnarosbase_pissed07.fxe	2d8ea1c4b06b0a75978a4d1bba4c6bc4	3868
mods/heroes.stormmod/enus.stormassets/localizeddata/sounds/vo/ragnarosbase_pissed07.ogg	21aa6d89890db2c13e380308ebb79061	73653
mods/heroes.stormmod/enus.stormassets/localizeddata/sounds/vo/ragnarosbase_pissed08.fxe	2acd12f5f609fda9b69336119f4a6692	2764
mods/heroes.stormmod/enus.stormassets/localizeddata/sounds/vo/ragnarosbase_pissed08.ogg	27bfc8f034040e436aaea5e139ae7e99	53959
mods/heroes.stormmod/enus.stormassets/localizeddata/sounds/vo/ragnarosbase_pissed09.fxe	a7d132faca0533996541454a41bc3d02	5820
mods/heroes.stormmod/enus.stormassets/localizeddata/sounds/vo/ragnarosbase_pissed09.ogg	a7bf292ec045164ef65bb1508e949257	149646
mods/heroes.stormmod/enus.stormassets/localizeddata/sounds/vo/ragnarosbase_pissed10.fxe	246e648d9101144c5f08d94101ee2c49	2263
mods/heroes.stormmod/enus.stormassets/localizeddata/sounds/vo/ragnarosbase_pissed10.ogg	0f22c99aaae3c0a55c88ebf94576ab28	74471
mods/heroes.stormmod/enus.stormassets/localizeddata/sounds/vo/ragnarosbase_pissed11.fxe	1d7c3219df12fa7592cc02bdbf536942	2636
mods/heroes.stormmod/enus.stormassets/localizeddata/sounds/vo/ragnarosbase_pissed11.ogg	54400326727658ec1eeabfcd2a3d78e0	61175
mods/heroes.stormmod/enus.stormassets/localizeddata/sounds/vo/ragnarosbase_pissed12.fxe	a7f7a302c72761c3870a2cd5dc718451	2924
mods/heroes.stormmod/enus.stormassets/localizeddata/sounds/vo/ragnarosbase_pissed12.ogg	3a78ed2c8b0f2eec1b966d1a2998de2b	74121
mods/heroes.stormmod/enus.stormassets/localizeddata/sounds/vo/ragnarosbase_pissed13.fxe	da666006a1b39fd670a964ab97ac225c	2796
mods/heroes.stormmod/enus.stormassets/localizeddata/sounds/vo/ragnarosbase_pissed13.ogg	6970b2053f802a1315d809af20fcbcf0	81699
mods/heroes.stormmod/enus.stormassets/localizeddata/sounds/vo/ragnarosbase_pissed14.fxe	c2f31fd918463d99971176a3872895d3	3100
mods/heroes.stormmod/enus.stormassets/localizeddata/sounds/vo/ragnarosbase_pissed14.ogg	82caeb487ffc22b7d461f38ecfbaf2f4	77513
mods/heroes.stormmod/enus.stormassets/localizeddata/sounds/vo/ragnarosbase_resurrected00.fxe	fca12cb54422bd437a9f97e93509b9b9	1345
mods/heroes.stormmod/enus.stormassets/localizeddata/sounds/vo/ragnarosbase_resurrected00.ogg	a901fe6da86614dc4a3c9a9245f2b21c	46407
mods/heroes.stormmod/enus.stormassets/localizeddata/sounds/vo/ragnarosbase_resurrected01.fxe	9477e1ddd4fb34cb7d12446f789e47ff	2273
mods/heroes.stormmod/enus.stormassets/localizeddata/sounds/vo/ragnarosbase_resurrected01.ogg	e65a48a9b038d4181a7731fd5a8d258e	57614
mods/heroes.stormmod/enus.stormassets/localizeddata/sounds/vo/ragnarosbase_revive00.fxe	92faa7eff7b14489e91f0050a3169304	1495
mods/heroes.stormmod/enus.stormassets/localizeddata/sounds/vo/ragnarosbase_revive00.ogg	5e6fdc589bff5467a2b16199035833a9	60399
mods/heroes.stormmod/enus.stormassets/localizeddata/sounds/vo/ragnarosbase_revive01.fxe	1f244f06cafa6721f2ecd84471fc90b1	2924
mods/heroes.stormmod/enus.stormassets/localizeddata/sounds/vo/ragnarosbase_revive01.ogg	6c11a98fd9c5d0d7b2ff6144a123bb57	62680
mods/heroes.stormmod/enus.stormassets/localizeddata/sounds/vo/ragnarosbase_revive02.fxe	c9e7acdf407b3f2ac1d4a9a43aa24702	2876
mods/heroes.stormmod/enus.stormassets/localizeddata/sounds/vo/ragnarosbase_revive02.ogg	3d65fdd1e21d2a31bdd2d47c84d5bda4	73887
mods/heroes.stormmod/enus.stormassets/localizeddata/sounds/vo/ragnarosbase_spec00.fxe	b1fc97c26b7b2e76baf26cf4e3b0a838	1706
mods/heroes.stormmod/enus.stormassets/localizeddata/sounds/vo/ragnarosbase_spec00.ogg	b94171efc9771b7334b4b13ada0572d8	53560
mods/heroes.stormmod/enus.stormassets/localizeddata/sounds/vo/ragnarosbase_spec01.fxe	4e28525323bab128dab5d6db08a7fee3	1866
mods/heroes.stormmod/enus.stormassets/localizeddata/sounds/vo/ragnarosbase_spec01.ogg	65eaeffdb33af160b2b5b402f9e71567	48859
mods/heroes.stormmod/enus.stormassets/localizeddata/sounds/vo/ragnarosbase_spec02.fxe	8bd3e4d5c6a5c996bafa38c80f821d6d	1818
mods/heroes.stormmod/enus.stormassets/localizeddata/sounds/vo/ragnarosbase_spec02.ogg	91012e6bb61c2f5fc73d403fbf73e0d3	48169
mods/heroes.stormmod/enus.stormassets/localizeddata/sounds/vo/ragnarosbase_spec03.fxe	1b3c01b880e08b921992c1df37e72574	2266
mods/heroes.stormmod/enus.stormassets/localizeddata/sounds/vo/ragnarosbase_spec03.ogg	b84e6bc2108b631395fa33b754827b23	65512
mods/heroes.stormmod/enus.stormassets/localizeddata/sounds/vo/ragnarosbase_spec04.fxe	148160874a11f109dd447d48c88537bb	2170
mods/heroes.stormmod/enus.stormassets/localizeddata/sounds/vo/ragnarosbase_spec04.ogg	fd989b58ea80181809129743353a086e	54772
mods/heroes.stormmod/enus.stormassets/localizeddata/sounds/vo/ragnarosbase_summonready00.fxe	64a644e52161f6c07118c4f1a72b641e	1937
mods/heroes.stormmod/enus.stormassets/localizeddata/sounds/vo/ragnarosbase_summonready00.ogg	c8ed595fc625c379890d2a743385688c	47524
mods/heroes.stormmod/enus.stormassets/localizeddata/sounds/vo/ragnarosbase_taunt00.fxe	7ee336799b0b7a69c913cf6a0a3a3d0a	1899
mods/heroes.stormmod/enus.stormassets/localizeddata/sounds/vo/ragnarosbase_taunt00.ogg	c597dd5356619e9e6ef11842555b549e	50389
mods/heroes.stormmod/enus.stormassets/localizeddata/sounds/vo/ragnarosbase_taunt01.fxe	b7ec85ce32cde7e92539d61a32231e2f	2571
mods/heroes.stormmod/enus.stormassets/localizeddata/sounds/vo/ragnarosbase_taunt01.ogg	02492289de1a4988b9924964c06cd0f9	60251
mods/heroes.stormmod/enus.stormassets/localizeddata/sounds/vo/ragnarosbase_taunt02.fxe	f39470c8a5d0a983b2a008918da08cd3	2251
mods/heroes.stormmod/enus.stormassets/localizeddata/sounds/vo/ragnarosbase_taunt02.ogg	9423e565506d183cc1771d31f725af25	52436
mods/heroes.stormmod/enus.stormassets/localizeddata/sounds/vo/ragnarosbase_teamkilled00.fxe	e7e4c439b37969584fbd9ace5dea39cc	2816
mods/heroes.stormmod/enus.stormassets/localizeddata/sounds/vo/ragnarosbase_teamkilled00.ogg	634833ce081e578aef2c43f83fcbb336	69402
mods/heroes.stormmod/enus.stormassets/localizeddata/sounds/vo/ragnarosbase_ui_exlocked00.fxe	403cb8174b5e604cc87a103f12a15cb9	1868
mods/heroes.stormmod/enus.stormassets/localizeddata/sounds/vo/ragnarosbase_ui_exlocked00.ogg	538b41ff8778ee42b19dc3a84af3fc5f	53561
mods/heroes.stormmod/enus.stormassets/localizeddata/sounds/vo/ragnarosbase_ui_expurchased00.fxe	66dc5c975edacf24ebc44888ade69fad	1935
mods/heroes.stormmod/enus.stormassets/localizeddata/sounds/vo/ragnarosbase_ui_expurchased00.ogg	9ab51716a9b77aa1e6c556aeb5d78510	55280
mods/heroes.stormmod/enus.stormassets/localizeddata/sounds/vo/ragnarosbase_ui_gift00.fxe	ce73da8bb35cf8ad8463c99c5bb56538	1704
mods/heroes.stormmod/enus.stormassets/localizeddata/sounds/vo/ragnarosbase_ui_gift00.ogg	1d0ec31687ffc4de4974f1ff3432493c	46002
mods/heroes.stormmod/enus.stormassets/localizeddata/sounds/vo/ragnarosbase_ui_lockin00.fxe	552323b65a1a6767e806582644aa9c32	2239
mods/heroes.stormmod/enus.stormassets/localizeddata/sounds/vo/ragnarosbase_ui_lockin00.ogg	031860cab3ffb053205da6d7556a7daa	43773
mods/heroes.stormmod/enus.stormassets/localizeddata/sounds/vo/ragnarosbase_ui_purchase00.fxe	d269c11326f9dacebb94155fba4e947b	2100
mods/heroes.stormmod/enus.stormassets/localizeddata/sounds/vo/ragnarosbase_ui_purchase00.ogg	a75fe83967d3167fd55874c99cc84042	51997
mods/heroes.stormmod/enus.stormassets/localizeddata/sounds/vo/ragnarosbase_ui_trial00.fxe	62a028313f40d4fc847a32346056f55a	2270
mods/heroes.stormmod/enus.stormassets/localizeddata/sounds/vo/ragnarosbase_ui_trial00.ogg	73c9137e8315c21ff11b20283312557c	63036
mods/heroes.stormmod/enus.stormassets/localizeddata/sounds/vo/ragnarosbase_ui_waitlocked00.fxe	49827c176438363022d838f90ec8ac6c	1598
mods/heroes.stormmod/enus.stormassets/localizeddata/sounds/vo/ragnarosbase_ui_waitlocked00.ogg	76437616ea173682372fac1b3757f4ad	46402
mods/heroes.stormmod/enus.stormassets/localizeddata/sounds/vo/ragnarosbase_ui_waitlocked01.fxe	6e7f6fc943394fc9bf24e383a3a2a5a8	2046
mods/heroes.stormmod/enus.stormassets/localizeddata/sounds/vo/ragnarosbase_ui_waitlocked01.ogg	a456ff1aa7d425d178c568992c9fe0b9	48801
mods/heroes.stormmod/enus.stormassets/localizeddata/sounds/vo/ragnarosbase_ui_waitpurchased00.fxe	20c19a53e8ae0bc46c756d9e21eb9842	1937
mods/heroes.stormmod/enus.stormassets/localizeddata/sounds/vo/ragnarosbase_ui_waitpurchased00.ogg	da57ba5920c35dd0ac804cf66d093903	51187
mods/heroes.stormmod/enus.stormassets/localizeddata/sounds/vo/ragnarosbase_ui_waitpurchased01.fxe	ec6ae837c26135ae43ed5dcddb3a65a8	2289
mods/heroes.stormmod/enus.stormassets/localizeddata/sounds/vo/ragnarosbase_ui_waitpurchased01.ogg	59b3c3b975e227abcfcb6304da7da0b5	71565
mods/heroes.stormmod/enus.stormassets/localizeddata/sounds/vo/ragnarosbase_ult1_enemyhears00.fxe	c33f5966604dd39dbe76e409cc67d603	944
mods/heroes.stormmod/enus.stormassets/localizeddata/sounds/vo/ragnarosbase_ult1_enemyhears00.ogg	be5672da6fce72b40acfb64c52d1992d	32079
mods/heroes.stormmod/enus.stormassets/localizeddata/sounds/vo/ragnarosbase_ultimate1used00.fxe	7979e5df1028b5dd8380da084cbc5e13	2211
mods/heroes.stormmod/enus.stormassets/localizeddata/sounds/vo/ragnarosbase_ultimate1used00.ogg	b3a36dfa7e18a72f3187bcda0d247083	55777
mods/heroes.stormmod/enus.stormassets/localizeddata/sounds/vo/ragnarosbase_ultimate1used00_alt.fxe	e9a397e8e99826e5b165fac9443e0009	2247
mods/heroes.stormmod/enus.stormassets/localizeddata/sounds/vo/ragnarosbase_ultimate1used00_alt.ogg	a7b4422726b4c8fa1a4e1148cfbb1baa	57816
mods/heroes.stormmod/enus.stormassets/localizeddata/sounds/vo/ragnarosbase_ultimate1used01.fxe	81a96238ea9a01bfd82495a42999e392	1715
mods/heroes.stormmod/enus.stormassets/localizeddata/sounds/vo/ragnarosbase_ultimate1used01.ogg	87c6b620b3a857927f1b5dac3033a492	40917
mods/heroes.stormmod/enus.stormassets/localizeddata/sounds/vo/ragnarosbase_ultimate1used02.fxe	36a0018f405e8d08bf22f6a6744d75ea	958
mods/heroes.stormmod/enus.stormassets/localizeddata/sounds/vo/ragnarosbase_ultimate1used02.ogg	3050b374802262a14b4f4f21e64c9093	38530
mods/heroes.stormmod/enus.stormassets/localizeddata/sounds/vo/ragnarosbase_ultimate2used00.fxe	b047036898f6cd10cdd059f50ec00fed	1955
mods/heroes.stormmod/enus.stormassets/localizeddata/sounds/vo/ragnarosbase_ultimate2used00.ogg	5fd951ebf8d1bc721755e8fd9021b504	47749
mods/heroes.stormmod/enus.stormassets/localizeddata/sounds/vo/ragnarosbase_ultimate2used01.fxe	47ec8ac25d5dfaafe43d2205b7fb5dd8	2483
mods/heroes.stormmod/enus.stormassets/localizeddata/sounds/vo/ragnarosbase_ultimate2used01.ogg	021328ccef26a173f1bca9f3cbabd6c1	51310
mods/heroes.stormmod/enus.stormassets/localizeddata/sounds/vo/ragnarosbase_ultimate2used02.fxe	5312f3156fd5bb0c3794713d2f3fa8e3	1747
mods/heroes.stormmod/enus.stormassets/localizeddata/sounds/vo/ragnarosbase_ultimate2used02.ogg	2a907bbf951c7862894a8d67b6614389	46001
mods/heroes.stormmod/enus.stormassets/localizeddata/sounds/vo/ragnarosbase_voicelinefive00.fxe	18223c51980dc3733347c48a813dd209	1811
mods/heroes.stormmod/enus.stormassets/localizeddata/sounds/vo/ragnarosbase_voicelinefive00.ogg	9ab51716a9b77aa1e6c556aeb5d78510	55280
mods/heroes.stormmod/enus.stormassets/localizeddata/sounds/vo/ragnarosbase_voicelinefour00.fxe	2ade888e45dd5b8bcecf30b9f9fb0631	1699
mods/heroes.stormmod/enus.stormassets/localizeddata/sounds/vo/ragnarosbase_voicelinefour00.ogg	a13a2388e5aa2b6ffc4570fe8a1ef98a	44763
mods/heroes.stormmod/enus.stormassets/localizeddata/sounds/vo/ragnarosbase_voicelineone00.fxe	92dee36c01ddc690d2290cdd6848b32f	1650
mods/heroes.stormmod/enus.stormassets/localizeddata/sounds/vo/ragnarosbase_voicelineone00.ogg	0661c18a0fc3b4868366cb73c054a259	58522
mods/heroes.stormmod/enus.stormassets/localizeddata/sounds/vo/ragnarosbase_voicelinethree00.fxe	1982d331e33518d9b2bf68ad24a73480	1716
mods/heroes.stormmod/enus.stormassets/localizeddata/sounds/vo/ragnarosbase_voicelinethree00.ogg	b91513e419dd203b7dbdf8f4207e2dbe	42516
mods/heroes.stormmod/enus.stormassets/localizeddata/sounds/vo/ragnarosbase_voicelinetwo00.fxe	976741ed8d61660a1d3535ab5953525c	1554
mods/heroes.stormmod/enus.stormassets/localizeddata/sounds/vo/ragnarosbase_voicelinetwo00.ogg	7c88f9d73ba683816b57c65f605310db	39835
mods/heroes.stormmod/enus.stormassets/localizeddata/sounds/vo/ragnarosbase_vox_attack00.fxe	c5753a3c8fa991bafa1895f3bb545331	1488
mods/heroes.stormmod/enus.stormassets/localizeddata/sounds/vo/ragnarosbase_vox_attack00.ogg	31c238a1df09775753d66e8dc8f4b579	22130
mods/heroes.stormmod/enus.stormassets/localizeddata/sounds/vo/ragnarosbase_vox_attack01.fxe	3e72c4d213db0756f003f23c902bf579	1248
mods/heroes.stormmod/enus.stormassets/localizeddata/sounds/vo/ragnarosbase_vox_attack01.ogg	e5a33b80bd9534ba9f54b4b07fdff98a	20476
mods/heroes.stormmod/enus.stormassets/localizeddata/sounds/vo/ragnarosbase_vox_attack02.fxe	03bdff423011670749d60bf378200e11	1168
mods/heroes.stormmod/enus.stormassets/localizeddata/sounds/vo/ragnarosbase_vox_attack02.ogg	61769ca8684f3f55450d105852ce7767	20374
mods/heroes.stormmod/enus.stormassets/localizeddata/sounds/vo/ragnarosbase_vox_attack03.fxe	536c23ed9a9d580c173f79972c129a17	1216
mods/heroes.stormmod/enus.stormassets/localizeddata/sounds/vo/ragnarosbase_vox_attack03.ogg	0935e67167c055c762a42335ff286cb7	20846
mods/heroes.stormmod/enus.stormassets/localizeddata/sounds/vo/ragnarosbase_vox_attack04.fxe	2d4e4f20ecb73f187f09a24514b2e146	1104
mods/heroes.stormmod/enus.stormassets/localizeddata/sounds/vo/ragnarosbase_vox_attack04.ogg	5e52b54fe79af28d752827c82decaa08	21286
mods/heroes.stormmod/enus.stormassets/localizeddata/sounds/vo/ragnarosbase_vox_attack05.fxe	b91c4fb48164a22e7b98525c1b79f1fd	1184
mods/heroes.stormmod/enus.stormassets/localizeddata/sounds/vo/ragnarosbase_vox_attack05.ogg	29e0135166eb331d64fe5cb5a6c720d8	20651
mods/heroes.stormmod/enus.stormassets/localizeddata/sounds/vo/ragnarosbase_vox_attack06.fxe	2613d9f34be1b0b63b23b3d02e58c00d	1408
mods/heroes.stormmod/enus.stormassets/localizeddata/sounds/vo/ragnarosbase_vox_attack06.ogg	32b38db0663f95f2d5b21cd66b8415a4	20722
mods/heroes.stormmod/enus.stormassets/localizeddata/sounds/vo/ragnarosbase_vox_attack07.fxe	ba4a8b909a756a79db038327126adc30	1328
mods/heroes.stormmod/enus.stormassets/localizeddata/sounds/vo/ragnarosbase_vox_attack07.ogg	0b1d5890f73876f0b7d2504cdadc71ad	19620
mods/heroes.stormmod/enus.stormassets/localizeddata/sounds/vo/ragnarosbase_vox_attack08.fxe	01235265b0361f80ff2a3774cd76e54d	1152
mods/heroes.stormmod/enus.stormassets/localizeddata/sounds/vo/ragnarosbase_vox_attack08.ogg	aa7d3d8e69dd989763675d08b497d5e7	18747
mods/heroes.stormmod/enus.stormassets/localizeddata/sounds/vo/ragnarosbase_vox_attack09.fxe	33cf7997fcbe56ebefbb80bc544560fe	1408
mods/heroes.stormmod/enus.stormassets/localizeddata/sounds/vo/ragnarosbase_vox_attack09.ogg	fd7c4b12df2e9c632bd838c8e303b93b	19532
mods/heroes.stormmod/enus.stormassets/localizeddata/sounds/vo/ragnarosbase_vox_attack10.fxe	b109acf1998ad3197f49533581e2b63e	1280
mods/heroes.stormmod/enus.stormassets/localizeddata/sounds/vo/ragnarosbase_vox_attack10.ogg	b5f4f530a2dbdbaa9efa46900417479c	18343
mods/heroes.stormmod/enus.stormassets/localizeddata/sounds/vo/ragnarosbase_vox_attack11.fxe	e0ba948a30121f7359f0529b084c10d1	1440
mods/heroes.stormmod/enus.stormassets/localizeddata/sounds/vo/ragnarosbase_vox_attack11.ogg	30cc6d7a500e2e7cc14a1e276622c828	19804
mods/heroes.stormmod/enus.stormassets/localizeddata/sounds/vo/ragnarosbase_vox_attack12.fxe	22fc6354a7eb9188841cd44d68a4b86e	1376
mods/heroes.stormmod/enus.stormassets/localizeddata/sounds/vo/ragnarosbase_vox_attack12.ogg	2f73a2a0665acde24408f6a3fa6e8547	19644
mods/heroes.stormmod/enus.stormassets/localizeddata/sounds/vo/ragnarosbase_vox_attack13.fxe	6e274018aaeeecda1fcf05ffe5066956	1088
mods/heroes.stormmod/enus.stormassets/localizeddata/sounds/vo/ragnarosbase_vox_attack13.ogg	6943bacb09fbd9eebbf65713a1b05113	20099
mods/heroes.stormmod/enus.stormassets/localizeddata/sounds/vo/ragnarosbase_vox_attack14.fxe	8eb04d2f21864356ad551ad204b01367	1344
mods/heroes.stormmod/enus.stormassets/localizeddata/sounds/vo/ragnarosbase_vox_attack14.ogg	fdfbf15d8af7d91f71bd589b16d068e7	20138
mods/heroes.stormmod/enus.stormassets/localizeddata/sounds/vo/ragnarosbase_vox_attack15.fxe	f8d4386b63cf41f6beda94351540b7b2	1216
mods/heroes.stormmod/enus.stormassets/localizeddata/sounds/vo/ragnarosbase_vox_attack15.ogg	0e44421c83336d00fe5c9267cd0f7beb	19819
mods/heroes.stormmod/enus.stormassets/localizeddata/sounds/vo/ragnarosbase_vox_attack16.fxe	b3e5e2e3ae3dfd2b86b59665b7c9f9fa	1280
mods/heroes.stormmod/enus.stormassets/localizeddata/sounds/vo/ragnarosbase_vox_attack16.ogg	5caef9a37b6170e0e5f2dbec8c23ccd3	20355
mods/heroes.stormmod/enus.stormassets/localizeddata/sounds/vo/ragnarosbase_vox_castingd00.fxe	deb4444df503383fed7d908d3d157afe	1826
mods/heroes.stormmod/enus.stormassets/localizeddata/sounds/vo/ragnarosbase_vox_castingd00.ogg	d83bcf2c4abfda58681001f64d32cc10	40925
mods/heroes.stormmod/enus.stormassets/localizeddata/sounds/vo/ragnarosbase_vox_castingd_enemyhears00.fxe	d62aa4cb1762d84ec8b5fe7741dc26ef	1789
mods/heroes.stormmod/enus.stormassets/localizeddata/sounds/vo/ragnarosbase_vox_castingd_enemyhears00.ogg	9b79c43cea4c62b19a4f437a01dc51b0	47637
mods/heroes.stormmod/enus.stormassets/localizeddata/sounds/vo/ragnarosbase_vox_castinge00.fxe	7f7e91ad2083da97123d8ed08bfea107	1970
mods/heroes.stormmod/enus.stormassets/localizeddata/sounds/vo/ragnarosbase_vox_castinge00.ogg	3179b386b58c43b7c7facef84ac4be47	32353
mods/heroes.stormmod/enus.stormassets/localizeddata/sounds/vo/ragnarosbase_vox_castinge01.fxe	dd1a1ecd67afb3ebe474adaffa132514	1586
mods/heroes.stormmod/enus.stormassets/localizeddata/sounds/vo/ragnarosbase_vox_castinge01.ogg	4c050b57e4352e3b6caac505ead9622b	29346
mods/heroes.stormmod/enus.stormassets/localizeddata/sounds/vo/ragnarosbase_vox_castinge02.fxe	af01e0a51fd6742175db5b2fb558d2c8	1778
mods/heroes.stormmod/enus.stormassets/localizeddata/sounds/vo/ragnarosbase_vox_castinge02.ogg	ce53155cb1fc5c7830c9377a555eaaf5	31295
mods/heroes.stormmod/enus.stormassets/localizeddata/sounds/vo/ragnarosbase_vox_castinge03.fxe	6c33c1d4781de4de5aab6740a0a06b4e	1154
mods/heroes.stormmod/enus.stormassets/localizeddata/sounds/vo/ragnarosbase_vox_castinge03.ogg	af1b6b8961a0f7b79eb5056a1e34512b	23323
mods/heroes.stormmod/enus.stormassets/localizeddata/sounds/vo/ragnarosbase_vox_castinge04.fxe	064b0041180c08e6352439fbc6558389	1490
mods/heroes.stormmod/enus.stormassets/localizeddata/sounds/vo/ragnarosbase_vox_castinge04.ogg	179606192afa2859590fdc0c89b51159	32584
mods/heroes.stormmod/enus.stormassets/localizeddata/sounds/vo/ragnarosbase_vox_castinge05.fxe	dcec885774cba52b35ae6a111411e96d	1186
mods/heroes.stormmod/enus.stormassets/localizeddata/sounds/vo/ragnarosbase_vox_castinge05.ogg	b6641d5bad2f5976aa1c45945f8c9184	27735
mods/heroes.stormmod/enus.stormassets/localizeddata/sounds/vo/ragnarosbase_vox_castinge06.fxe	468fbebbdf261772be71ab6e84821402	1730
mods/heroes.stormmod/enus.stormassets/localizeddata/sounds/vo/ragnarosbase_vox_castinge06.ogg	7ac8189ce3a2631a06f65dceece31d41	31423
mods/heroes.stormmod/enus.stormassets/localizeddata/sounds/vo/ragnarosbase_vox_castinge07.fxe	8a9bacb557e6c295da0e03ab57b4252b	1986
mods/heroes.stormmod/enus.stormassets/localizeddata/sounds/vo/ragnarosbase_vox_castinge07.ogg	0045de4d4aeab4f4264198e4ace50aa8	38507
mods/heroes.stormmod/enus.stormassets/localizeddata/sounds/vo/ragnarosbase_vox_castinge08.fxe	0a5115995dcb6ba44f0f0ba70a328f16	1890
mods/heroes.stormmod/enus.stormassets/localizeddata/sounds/vo/ragnarosbase_vox_castinge08.ogg	a705b1da4b6b2d152a6ac3bb12b65e12	40424
mods/heroes.stormmod/enus.stormassets/localizeddata/sounds/vo/ragnarosbase_vox_castinge09.fxe	2281bd52f19de227cdb9d71347d3bd5e	1826
mods/heroes.stormmod/enus.stormassets/localizeddata/sounds/vo/ragnarosbase_vox_castinge09.ogg	ee5af02f7d6d8f1778a7256fa917eb93	36182
mods/heroes.stormmod/enus.stormassets/localizeddata/sounds/vo/ragnarosbase_vox_castingq00.fxe	1a0cbfb5e5f1463b37a048596ee2c93e	1314
mods/heroes.stormmod/enus.stormassets/localizeddata/sounds/vo/ragnarosbase_vox_castingq00.ogg	32e4baa7f5245c5928bef3347bcc57de	25818
mods/heroes.stormmod/enus.stormassets/localizeddata/sounds/vo/ragnarosbase_vox_castingq01.fxe	2416229e21ab0f5ab2fd8c4e4a28489e	1490
mods/heroes.stormmod/enus.stormassets/localizeddata/sounds/vo/ragnarosbase_vox_castingq01.ogg	583ca97a2a3ebe36e1f49f259c02fa11	23650
mods/heroes.stormmod/enus.stormassets/localizeddata/sounds/vo/ragnarosbase_vox_castingq02.fxe	2491f325459be53a7d0a7708540e9868	1250
mods/heroes.stormmod/enus.stormassets/localizeddata/sounds/vo/ragnarosbase_vox_castingq02.ogg	7efc3cee540b4995c15d5ab1aba168e9	24910
mods/heroes.stormmod/enus.stormassets/localizeddata/sounds/vo/ragnarosbase_vox_castingq03.fxe	e2881aab55388b1dfe7c53ae334e7f0f	1218
mods/heroes.stormmod/enus.stormassets/localizeddata/sounds/vo/ragnarosbase_vox_castingq03.ogg	8e9bc52f9f8c2ce66d1f7a56803964fc	26314
mods/heroes.stormmod/enus.stormassets/localizeddata/sounds/vo/ragnarosbase_vox_castingq04.fxe	972888521f0d9c5d39bbefce7d1dd7a9	1250
mods/heroes.stormmod/enus.stormassets/localizeddata/sounds/vo/ragnarosbase_vox_castingq04.ogg	5930516eda2e993b2c029ec03db66777	26514
mods/heroes.stormmod/enus.stormassets/localizeddata/sounds/vo/ragnarosbase_vox_castingq05.fxe	28c62988ca30ec4111917184de51de52	1218
mods/heroes.stormmod/enus.stormassets/localizeddata/sounds/vo/ragnarosbase_vox_castingq05.ogg	9f2d871d3e42df3d2d52966c66b59c75	21566
mods/heroes.stormmod/enus.stormassets/localizeddata/sounds/vo/ragnarosbase_vox_castingq06.fxe	d15033d3bcf6c24eaba0cc0b002eab7a	1394
mods/heroes.stormmod/enus.stormassets/localizeddata/sounds/vo/ragnarosbase_vox_castingq06.ogg	29687da0226174165bfdf2ffb179f9c5	25062
mods/heroes.stormmod/enus.stormassets/localizeddata/sounds/vo/ragnarosbase_vox_castingq07.fxe	a77198b4113e849528c04a85fca6f8e6	1090
mods/heroes.stormmod/enus.stormassets/localizeddata/sounds/vo/ragnarosbase_vox_castingq07.ogg	e53af43ad108777d2609af8ececfb376	25619
mods/heroes.stormmod/enus.stormassets/localizeddata/sounds/vo/ragnarosbase_vox_castingq08.fxe	f6813e9cdd3508369e360d48d128bbb1	1330
mods/heroes.stormmod/enus.stormassets/localizeddata/sounds/vo/ragnarosbase_vox_castingq08.ogg	cd7a5d3f23ebf381cc22d5ba529ccf92	24259
mods/heroes.stormmod/enus.stormassets/localizeddata/sounds/vo/ragnarosbase_vox_castingq09.fxe	f9084a0763408375fb087a12732c843f	1282
mods/heroes.stormmod/enus.stormassets/localizeddata/sounds/vo/ragnarosbase_vox_castingq09.ogg	1723b5a7f295f3d62d303dd62fa58d3c	27122
mods/heroes.stormmod/enus.stormassets/localizeddata/sounds/vo/ragnarosbase_vox_castingq10.fxe	47184da0cf19c9cbfb209a07d3f02377	1154
mods/heroes.stormmod/enus.stormassets/localizeddata/sounds/vo/ragnarosbase_vox_castingq10.ogg	9b2e96c6be39e5a62ec6d04116fb3349	25553
mods/heroes.stormmod/enus.stormassets/localizeddata/sounds/vo/ragnarosbase_vox_castingq11.fxe	8c354fdfc80eec08118bdfd3e0ab5e3d	1218
mods/heroes.stormmod/enus.stormassets/localizeddata/sounds/vo/ragnarosbase_vox_castingq11.ogg	72640b4867c9e20850cabcbe1dbf99cf	26607
mods/heroes.stormmod/enus.stormassets/localizeddata/sounds/vo/ragnarosbase_vox_castingqsmash00.fxe	0fc994c711113c97ca28dce5d64e42b0	1399
mods/heroes.stormmod/enus.stormassets/localizeddata/sounds/vo/ragnarosbase_vox_castingqsmash00.ogg	8d9f5e4ddae2c2ff08f1c4c1a545733a	23055
mods/heroes.stormmod/enus.stormassets/localizeddata/sounds/vo/ragnarosbase_vox_castingqsmash01.fxe	29692f6adb20197c0992ce5ee9cd67d8	1255
mods/heroes.stormmod/enus.stormassets/localizeddata/sounds/vo/ragnarosbase_vox_castingqsmash01.ogg	a946c0aae591906c1f843da1135f04bb	23024
mods/heroes.stormmod/enus.stormassets/localizeddata/sounds/vo/ragnarosbase_vox_castingqsmash02.fxe	dc9366b23fdf9bc87ab3b3ae13391db2	1271
mods/heroes.stormmod/enus.stormassets/localizeddata/sounds/vo/ragnarosbase_vox_castingqsmash02.ogg	6a50134fc737098fef1d36eb6b6292dc	22542
mods/heroes.stormmod/enus.stormassets/localizeddata/sounds/vo/ragnarosbase_vox_castingqsmash03.fxe	be6c1f5b260755f62d8aa69c038ad3dc	1143
mods/heroes.stormmod/enus.stormassets/localizeddata/sounds/vo/ragnarosbase_vox_castingqsmash03.ogg	6182a7c7257a8e4b54837417c5cf9c77	21801
mods/heroes.stormmod/enus.stormassets/localizeddata/sounds/vo/ragnarosbase_vox_castingqsmash04.fxe	430145521f0307e06abb5b75e9216948	1175
mods/heroes.stormmod/enus.stormassets/localizeddata/sounds/vo/ragnarosbase_vox_castingqsmash04.ogg	8ce07d47f591e37ac07b893aa617d85d	22083
mods/heroes.stormmod/enus.stormassets/localizeddata/sounds/vo/ragnarosbase_vox_castingqsmash05.fxe	0d92e294b58549411f642ebb0c0eb543	1159
mods/heroes.stormmod/enus.stormassets/localizeddata/sounds/vo/ragnarosbase_vox_castingqsmash05.ogg	251de5528f6af4037fcdb9fe72c87807	22577
mods/heroes.stormmod/enus.stormassets/localizeddata/sounds/vo/ragnarosbase_vox_castingqsmash06.fxe	dd135fb5111c5e7a18bdf37ebc7ddbe4	1351
mods/heroes.stormmod/enus.stormassets/localizeddata/sounds/vo/ragnarosbase_vox_castingqsmash06.ogg	32cb1894cc25f1a2cf8aac3f29873316	23008
mods/heroes.stormmod/enus.stormassets/localizeddata/sounds/vo/ragnarosbase_vox_castingqsmash07.fxe	c7ce9cf7fbab697c1b7e749cf70f6ebc	1159
mods/heroes.stormmod/enus.stormassets/localizeddata/sounds/vo/ragnarosbase_vox_castingqsmash07.ogg	5ba48e444d864a495fec2a6ece2d1e7d	22535
mods/heroes.stormmod/enus.stormassets/localizeddata/sounds/vo/ragnarosbase_vox_castingqsmash08.fxe	e0187996886ead7a518d9501da93574f	1559
mods/heroes.stormmod/enus.stormassets/localizeddata/sounds/vo/ragnarosbase_vox_castingqsmash08.ogg	dcbcd3acca03ba10ae6d94487b8ab3ac	25133
mods/heroes.stormmod/enus.stormassets/localizeddata/sounds/vo/ragnarosbase_vox_castingqsmash09.fxe	1409791f8039a7b8dae00f0f1cc74cd8	1335
mods/heroes.stormmod/enus.stormassets/localizeddata/sounds/vo/ragnarosbase_vox_castingqsmash09.ogg	48a9edf06c36fa95e5eb1700a6299df6	22914
mods/heroes.stormmod/enus.stormassets/localizeddata/sounds/vo/ragnarosbase_vox_castingw00.fxe	7e6d3a108eb51976cf2d1a5bc805d366	1138
mods/heroes.stormmod/enus.stormassets/localizeddata/sounds/vo/ragnarosbase_vox_castingw00.ogg	3c9d0b1a77ede4f8d85d049c9ac93ea6	24932
mods/heroes.stormmod/enus.stormassets/localizeddata/sounds/vo/ragnarosbase_vox_castingw01.fxe	1254def0a444cbb04afd340892854f86	1314
mods/heroes.stormmod/enus.stormassets/localizeddata/sounds/vo/ragnarosbase_vox_castingw01.ogg	05733bd7c2efe475ba61a003e53eec07	22304
mods/heroes.stormmod/enus.stormassets/localizeddata/sounds/vo/ragnarosbase_vox_castingw02.fxe	b079440cc278239641f18dba21e56103	1042
mods/heroes.stormmod/enus.stormassets/localizeddata/sounds/vo/ragnarosbase_vox_castingw02.ogg	f8b907f0b38e3d22516bbfc62b5878cd	24019
mods/heroes.stormmod/enus.stormassets/localizeddata/sounds/vo/ragnarosbase_vox_castingw03.fxe	2e36781f82a52da8c5ee95a9234ed01d	946
mods/heroes.stormmod/enus.stormassets/localizeddata/sounds/vo/ragnarosbase_vox_castingw03.ogg	bf98d4b9b86fbb01b60e35a7e7ad197f	22915
mods/heroes.stormmod/enus.stormassets/localizeddata/sounds/vo/ragnarosbase_vox_castingw04.fxe	aa7891fea5f8452e2054d29f0bb28f70	1410
mods/heroes.stormmod/enus.stormassets/localizeddata/sounds/vo/ragnarosbase_vox_castingw04.ogg	c2769b3c4fbc05bdf7fd83bc2b732cd4	24019
mods/heroes.stormmod/enus.stormassets/localizeddata/sounds/vo/ragnarosbase_vox_castingw05.fxe	25e50238c8839f0506fb5e595e2b241c	1154
mods/heroes.stormmod/enus.stormassets/localizeddata/sounds/vo/ragnarosbase_vox_castingw05.ogg	950f4243ba11b3e81f66e3632a06b3db	24521
mods/heroes.stormmod/enus.stormassets/localizeddata/sounds/vo/ragnarosbase_vox_castingw06.fxe	82a2cb4b41e01ed73d53edf4478b997c	1586
mods/heroes.stormmod/enus.stormassets/localizeddata/sounds/vo/ragnarosbase_vox_castingw06.ogg	80e7966c5a5cfc1fce6587dfd4324909	24851
mods/heroes.stormmod/enus.stormassets/localizeddata/sounds/vo/ragnarosbase_vox_castingw07.fxe	4ad1ddc094d14537bdb0e7ba1a9dda17	1106
mods/heroes.stormmod/enus.stormassets/localizeddata/sounds/vo/ragnarosbase_vox_castingw07.ogg	5cf5a67088659f0af2d2af907e8c87e6	24610
mods/heroes.stormmod/enus.stormassets/localizeddata/sounds/vo/ragnarosbase_vox_castingw08.fxe	929a20f6633b5bedb3652a5c665af291	1170
mods/heroes.stormmod/enus.stormassets/localizeddata/sounds/vo/ragnarosbase_vox_castingw08.ogg	8fc72379b2df43e38df8c6a1665e2efd	25690
mods/heroes.stormmod/enus.stormassets/localizeddata/sounds/vo/ragnarosbase_vox_castingw09.fxe	f13e32f32ca385a048b8c9f69fd55631	1138
mods/heroes.stormmod/enus.stormassets/localizeddata/sounds/vo/ragnarosbase_vox_castingw09.ogg	acb801a6fbce507eb6092557d08285b1	23713
mods/heroes.stormmod/enus.stormassets/localizeddata/sounds/vo/ragnarosbase_vox_castingw10.fxe	5dbbb7f3f224fbc09800761efe4b0382	1298
mods/heroes.stormmod/enus.stormassets/localizeddata/sounds/vo/ragnarosbase_vox_castingw10.ogg	ef4909a39e5d4944a7085e0dbae5bb12	24100
mods/heroes.stormmod/enus.stormassets/localizeddata/sounds/vo/ragnarosbase_vox_cheer00.fxe	7ea693d606b4abf0327823c81fc1247a	1567
mods/heroes.stormmod/enus.stormassets/localizeddata/sounds/vo/ragnarosbase_vox_cheer00.ogg	04cc1d10819a9116ee45c2c0e50b47f0	34207
mods/heroes.stormmod/enus.stormassets/localizeddata/sounds/vo/ragnarosbase_vox_cheer01.fxe	91db52476b00a3f60ff1804929eb8022	2015
mods/heroes.stormmod/enus.stormassets/localizeddata/sounds/vo/ragnarosbase_vox_cheer01.ogg	fa075db917dfef2033c30cbd5181157f	35461
mods/heroes.stormmod/enus.stormassets/localizeddata/sounds/vo/ragnarosbase_vox_cheer02.fxe	2372f21dc2077a9e0ef29427de1fc60f	1567
mods/heroes.stormmod/enus.stormassets/localizeddata/sounds/vo/ragnarosbase_vox_cheer02.ogg	6a00a7a719f5aef4266c73bc7466029c	33846
mods/heroes.stormmod/enus.stormassets/localizeddata/sounds/vo/ragnarosbase_vox_cheer03.fxe	84f858ebfcb6bd3025db45f6f9e2471e	1487
mods/heroes.stormmod/enus.stormassets/localizeddata/sounds/vo/ragnarosbase_vox_cheer03.ogg	e02d498d5633425ad9558ac210355908	38032
mods/heroes.stormmod/enus.stormassets/localizeddata/sounds/vo/ragnarosbase_vox_cheer04.fxe	72afaf12bf09db47188ee220a12fe46d	1663
mods/heroes.stormmod/enus.stormassets/localizeddata/sounds/vo/ragnarosbase_vox_cheer04.ogg	7876bc785d19bc88b5907519929736d1	33807
mods/heroes.stormmod/enus.stormassets/localizeddata/sounds/vo/ragnarosbase_vox_cheer05.fxe	9492b6c7cc8ca2a74d8ed7ff815b2b7d	2079
mods/heroes.stormmod/enus.stormassets/localizeddata/sounds/vo/ragnarosbase_vox_cheer05.ogg	40900ba1d8b3323b2fa377f73fd8426b	44449
mods/heroes.stormmod/enus.stormassets/localizeddata/sounds/vo/ragnarosbase_vox_dismiss00.fxe	d89a6936eb84ac1edf3832c7f686c3c6	1537
mods/heroes.stormmod/enus.stormassets/localizeddata/sounds/vo/ragnarosbase_vox_dismiss00.ogg	81612615e04e6b39cc25c506f82e7dee	32089
mods/heroes.stormmod/enus.stormassets/localizeddata/sounds/vo/ragnarosbase_vox_dismiss01.fxe	23e8c8375a9d54ac6459cd87e2313fe2	2209
mods/heroes.stormmod/enus.stormassets/localizeddata/sounds/vo/ragnarosbase_vox_dismiss01.ogg	ed80b1942f75fa5c2a21d8080c9770e7	37032
mods/heroes.stormmod/enus.stormassets/localizeddata/sounds/vo/ragnarosbase_vox_dismiss02.fxe	d0ea37c9f1c9c959536f87edd1bafac0	2193
mods/heroes.stormmod/enus.stormassets/localizeddata/sounds/vo/ragnarosbase_vox_dismiss02.ogg	732ff233a9bd411f6df60b1d9c0c7ec7	36641
mods/heroes.stormmod/enus.stormassets/localizeddata/sounds/vo/ragnarosbase_vox_dismiss03.fxe	85bd8d9feff7ffde124402f58593228b	1521
mods/heroes.stormmod/enus.stormassets/localizeddata/sounds/vo/ragnarosbase_vox_dismiss03.ogg	b27107ba611e7747760ee50cd0774366	34400
mods/heroes.stormmod/enus.stormassets/localizeddata/sounds/vo/ragnarosbase_vox_dismiss04.fxe	c83e97e225103ef03f24fb1b9978c5b5	1905
mods/heroes.stormmod/enus.stormassets/localizeddata/sounds/vo/ragnarosbase_vox_dismiss04.ogg	b1a559b7d6395bfea17afa9d09f90236	35547
mods/heroes.stormmod/enus.stormassets/localizeddata/sounds/vo/ragnarosbase_vox_dismiss05.fxe	5d70cc05431fde535895dca6cb26d84d	2065
mods/heroes.stormmod/enus.stormassets/localizeddata/sounds/vo/ragnarosbase_vox_dismiss05.ogg	2d8d848cc2dcd6e41699b235f275e890	36992
mods/heroes.stormmod/enus.stormassets/localizeddata/sounds/vo/ragnarosbase_vox_dismiss06.fxe	1fa7abfc918685e5113d0e651d40b3b2	1825
mods/heroes.stormmod/enus.stormassets/localizeddata/sounds/vo/ragnarosbase_vox_dismiss06.ogg	fd1474c70d5e447f3a5d400685e64fe3	39505
mods/heroes.stormmod/enus.stormassets/localizeddata/sounds/vo/ragnarosbase_vox_dismiss07.fxe	64f66d6564ae66f340b74def7f67ca1f	1761
mods/heroes.stormmod/enus.stormassets/localizeddata/sounds/vo/ragnarosbase_vox_dismiss07.ogg	30eb94a384ba87990690b4a8429ec073	38302
mods/heroes.stormmod/enus.stormassets/localizeddata/sounds/vo/ragnarosbase_vox_dizzy00.fxe	588f359990814acd1c41569b57b93950	2303
mods/heroes.stormmod/enus.stormassets/localizeddata/sounds/vo/ragnarosbase_vox_dizzy00.ogg	b1afdd9a0c60132bc88aa49cd957e130	37086
mods/heroes.stormmod/enus.stormassets/localizeddata/sounds/vo/ragnarosbase_vox_dizzy01.fxe	32a2626dbf337d59b2a084155da95619	1423
mods/heroes.stormmod/enus.stormassets/localizeddata/sounds/vo/ragnarosbase_vox_dizzy01.ogg	7204b86779c552218d48bacfaa02d70b	31792
mods/heroes.stormmod/enus.stormassets/localizeddata/sounds/vo/ragnarosbase_vox_dizzy02.fxe	8e82b288e636202dc954331da6e425eb	2191
mods/heroes.stormmod/enus.stormassets/localizeddata/sounds/vo/ragnarosbase_vox_dizzy02.ogg	eaeb8579fc7acff9c24c627e29878164	36437
mods/heroes.stormmod/enus.stormassets/localizeddata/sounds/vo/ragnarosbase_vox_dizzy03.fxe	15bf583213c82438010114a7d8ce88a9	1263
mods/heroes.stormmod/enus.stormassets/localizeddata/sounds/vo/ragnarosbase_vox_dizzy03.ogg	aa262917b4d4c5876d19d17a44435591	34402
mods/heroes.stormmod/enus.stormassets/localizeddata/sounds/vo/ragnarosbase_vox_dizzy04.fxe	d020a207ae7377c8b1b190ed9b9f93fd	2095
mods/heroes.stormmod/enus.stormassets/localizeddata/sounds/vo/ragnarosbase_vox_dizzy04.ogg	3380a259a3258e6d5d378fe0c094f7b5	41957
mods/heroes.stormmod/enus.stormassets/localizeddata/sounds/vo/ragnarosbase_vox_dizzy05.fxe	e1613076fe879a8bfca4c2e5773fe98b	2159
mods/heroes.stormmod/enus.stormassets/localizeddata/sounds/vo/ragnarosbase_vox_dizzy05.ogg	fb3f5c0198eee0eb2c89c2d657a427d1	36734
mods/heroes.stormmod/enus.stormassets/localizeddata/sounds/vo/ragnarosbase_vox_dizzy06.fxe	45abfec0a3e72ed26f37d6250a3f40f0	1567
mods/heroes.stormmod/enus.stormassets/localizeddata/sounds/vo/ragnarosbase_vox_dizzy06.ogg	b0b129117764c1e1db4aa81e28772915	41127
mods/heroes.stormmod/enus.stormassets/localizeddata/sounds/vo/ragnarosbase_vox_dizzy07.fxe	71cd5194dc66de41568dba0f3fc77f7f	1791
mods/heroes.stormmod/enus.stormassets/localizeddata/sounds/vo/ragnarosbase_vox_dizzy07.ogg	07a5184bc55845bfba730eb7d47ce1fa	33514
mods/heroes.stormmod/enus.stormassets/localizeddata/sounds/vo/ragnarosbase_vox_gethitlarge00.fxe	5afca06d1aa45f1a7d0207e07f3b4fcf	1189
mods/heroes.stormmod/enus.stormassets/localizeddata/sounds/vo/ragnarosbase_vox_gethitlarge00.ogg	3fb58d6473f1bfd05b1bd91f3f0b01f8	24509
mods/heroes.stormmod/enus.stormassets/localizeddata/sounds/vo/ragnarosbase_vox_gethitlarge01.fxe	60b118e17ee50e41c8f0d119c7ce781e	1733
mods/heroes.stormmod/enus.stormassets/localizeddata/sounds/vo/ragnarosbase_vox_gethitlarge01.ogg	5746c56358dd8327303b2fbecc70d3d2	28085
mods/heroes.stormmod/enus.stormassets/localizeddata/sounds/vo/ragnarosbase_vox_gethitlarge02.fxe	5f42ba232b2e735d316b2a95eb1d3423	901
mods/heroes.stormmod/enus.stormassets/localizeddata/sounds/vo/ragnarosbase_vox_gethitlarge02.ogg	861391d62a44e50213fd1a9eb47c85ed	28694
mods/heroes.stormmod/enus.stormassets/localizeddata/sounds/vo/ragnarosbase_vox_gethitlarge03.fxe	cd895cf37dd3eff6f6c1e836f7913399	1349
mods/heroes.stormmod/enus.stormassets/localizeddata/sounds/vo/ragnarosbase_vox_gethitlarge03.ogg	2463375bb3122c105e2bf5ab1e717c4d	30736
mods/heroes.stormmod/enus.stormassets/localizeddata/sounds/vo/ragnarosbase_vox_gethitlarge04.fxe	8ebd25c6ae47a821a300c4c34077f8c9	1685
mods/heroes.stormmod/enus.stormassets/localizeddata/sounds/vo/ragnarosbase_vox_gethitlarge04.ogg	60f6437d2e09122e2e18cd8da1c9c774	30568
mods/heroes.stormmod/enus.stormassets/localizeddata/sounds/vo/ragnarosbase_vox_gethitlarge05.fxe	dc3fac565b32b2e42bd22cebb3e06b21	1829
mods/heroes.stormmod/enus.stormassets/localizeddata/sounds/vo/ragnarosbase_vox_gethitlarge05.ogg	0c9a051e7eaf7a06919c85de6032666e	35515
mods/heroes.stormmod/enus.stormassets/localizeddata/sounds/vo/ragnarosbase_vox_gethitlarge06.fxe	893883d6aef5d353fd4149236f348229	1717
mods/heroes.stormmod/enus.stormassets/localizeddata/sounds/vo/ragnarosbase_vox_gethitlarge06.ogg	f1ef65a493e266ff84abcd71700941b9	29811
mods/heroes.stormmod/enus.stormassets/localizeddata/sounds/vo/ragnarosbase_vox_gethitlarge07.fxe	e029aaeacf2425ee6b3b5502429dc9fb	1461
mods/heroes.stormmod/enus.stormassets/localizeddata/sounds/vo/ragnarosbase_vox_gethitlarge07.ogg	3501252a5f6590702a8021303939bc9a	28792
mods/heroes.stormmod/enus.stormassets/localizeddata/sounds/vo/ragnarosbase_vox_gethitlarge08.fxe	ada3eecd917a0c38c85c9543486db33b	1429
mods/heroes.stormmod/enus.stormassets/localizeddata/sounds/vo/ragnarosbase_vox_gethitlarge08.ogg	4b8d4bd4c8c4fb39aba77ef8d4b7a402	33791
mods/heroes.stormmod/enus.stormassets/localizeddata/sounds/vo/ragnarosbase_vox_gethitlarge09.fxe	c2760d9f5057e600efb5acb9b7c7d240	1221
mods/heroes.stormmod/enus.stormassets/localizeddata/sounds/vo/ragnarosbase_vox_gethitlarge09.ogg	17ca4991fd88223bb9acbb7947f5efd1	27289
mods/heroes.stormmod/enus.stormassets/localizeddata/sounds/vo/ragnarosbase_vox_gethitlarge10.fxe	aef53346916c08114eca9eeb1e13d72c	1285
mods/heroes.stormmod/enus.stormassets/localizeddata/sounds/vo/ragnarosbase_vox_gethitlarge10.ogg	47ab6ab01eef2c11de48c54b3f0d340b	27398
mods/heroes.stormmod/enus.stormassets/localizeddata/sounds/vo/ragnarosbase_vox_gethitlarge11.fxe	de6c229889ed3e802b986fba07beae9c	1525
mods/heroes.stormmod/enus.stormassets/localizeddata/sounds/vo/ragnarosbase_vox_gethitlarge11.ogg	99f6e6d5517ea4b53e2c5a87feca67fd	26521
mods/heroes.stormmod/enus.stormassets/localizeddata/sounds/vo/ragnarosbase_vox_gethitsmall00.fxe	b73430ae4e9e85b3e5c3bcb51817ea9f	1333
mods/heroes.stormmod/enus.stormassets/localizeddata/sounds/vo/ragnarosbase_vox_gethitsmall00.ogg	c9dea25e83ba8c8b9f2e226a5be79bbb	23751
mods/heroes.stormmod/enus.stormassets/localizeddata/sounds/vo/ragnarosbase_vox_gethitsmall01.fxe	b7c34f94ee3b900ba7ec6ccac8c0e93b	1365
mods/heroes.stormmod/enus.stormassets/localizeddata/sounds/vo/ragnarosbase_vox_gethitsmall01.ogg	bc8c4cc21b633f93caa0dc1b11b297c4	22417
mods/heroes.stormmod/enus.stormassets/localizeddata/sounds/vo/ragnarosbase_vox_gethitsmall02.fxe	ff22f1f19106f63240d79c05d59ff295	1205
mods/heroes.stormmod/enus.stormassets/localizeddata/sounds/vo/ragnarosbase_vox_gethitsmall02.ogg	d272bd55816cc5a29506e2f6f59bf7b2	22284
mods/heroes.stormmod/enus.stormassets/localizeddata/sounds/vo/ragnarosbase_vox_gethitsmall03.fxe	48b1e6245af2df4bd3648e1725d38db6	1205
mods/heroes.stormmod/enus.stormassets/localizeddata/sounds/vo/ragnarosbase_vox_gethitsmall03.ogg	0b37f5b3def11d40ef32b55f19838e06	22585
mods/heroes.stormmod/enus.stormassets/localizeddata/sounds/vo/ragnarosbase_vox_gethitsmall04.fxe	dcf8f98ef612bb884f3cfff2cd8f084f	1141
mods/heroes.stormmod/enus.stormassets/localizeddata/sounds/vo/ragnarosbase_vox_gethitsmall04.ogg	f0576010d52b19a1cc7493e118ba3ce2	20037
mods/heroes.stormmod/enus.stormassets/localizeddata/sounds/vo/ragnarosbase_vox_gethitsmall05.fxe	85330b2c85ce2462cd62ca586dfca317	1317
mods/heroes.stormmod/enus.stormassets/localizeddata/sounds/vo/ragnarosbase_vox_gethitsmall05.ogg	5a8715d2a9292cd88a57a46231990a6a	20757
mods/heroes.stormmod/enus.stormassets/localizeddata/sounds/vo/ragnarosbase_vox_gethitsmall06.fxe	6e1d6b770582937059d22f8f3be8f607	1381
mods/heroes.stormmod/enus.stormassets/localizeddata/sounds/vo/ragnarosbase_vox_gethitsmall06.ogg	f36640961ea00fc18d5d5c616445b977	22369
mods/heroes.stormmod/enus.stormassets/localizeddata/sounds/vo/ragnarosbase_vox_gethitsmall07.fxe	4089a1b9083fb75719becfd1983bbc85	1349
mods/heroes.stormmod/enus.stormassets/localizeddata/sounds/vo/ragnarosbase_vox_gethitsmall07.ogg	98a2140e4b18e79f9596aadcfae23dda	20087
mods/heroes.stormmod/enus.stormassets/localizeddata/sounds/vo/ragnarosbase_vox_gethitsmall08.fxe	986dc907f6b4eca1b29a1c0217370396	1157
mods/heroes.stormmod/enus.stormassets/localizeddata/sounds/vo/ragnarosbase_vox_gethitsmall08.ogg	6fdd289291cb100ded685752c999637d	20425
mods/heroes.stormmod/enus.stormassets/localizeddata/sounds/vo/ragnarosbase_vox_gethitsmall09.fxe	f1860a3921cb01fbd0212e9888bdcf13	1365
mods/heroes.stormmod/enus.stormassets/localizeddata/sounds/vo/ragnarosbase_vox_gethitsmall09.ogg	56d2d09ee0f18545bc320ca2cbc3780c	21497
mods/heroes.stormmod/enus.stormassets/localizeddata/sounds/vo/ragnarosbase_vox_gethitsmall10.fxe	17a1d39e3a1d9fb6b12df2c3f1467987	1093
mods/heroes.stormmod/enus.stormassets/localizeddata/sounds/vo/ragnarosbase_vox_gethitsmall10.ogg	61e08405a8804e1c405036a6ff40af2d	22313
mods/heroes.stormmod/enus.stormassets/localizeddata/sounds/vo/ragnarosbase_vox_gethitsmall11.fxe	6f2655c2fb5da3cc25ec8e2a5859a23d	1541
mods/heroes.stormmod/enus.stormassets/localizeddata/sounds/vo/ragnarosbase_vox_gethitsmall11.ogg	979ec5d13c049911314b0156cf0bbbb7	21516
mods/heroes.stormmod/enus.stormassets/localizeddata/sounds/vo/ragnarosbase_vox_gethitsmall12.fxe	24a206de32152b2886655896a5b1f80a	1541
mods/heroes.stormmod/enus.stormassets/localizeddata/sounds/vo/ragnarosbase_vox_gethitsmall12.ogg	88a1fd4ede19fc41bc51c56224c96f8d	21763
mods/heroes.stormmod/enus.stormassets/localizeddata/sounds/vo/ragnarosbase_vox_gethitsmall13.fxe	e0cfc763e885020322ba743b6c38566e	1221
mods/heroes.stormmod/enus.stormassets/localizeddata/sounds/vo/ragnarosbase_vox_gethitsmall13.ogg	44d2cbbabf92f173f13d4be301dd5655	21491
mods/heroes.stormmod/enus.stormassets/localizeddata/sounds/vo/ragnarosbase_vox_gethitsmall14.fxe	d3641f9820e87fb689a17993b5866a54	1109
mods/heroes.stormmod/enus.stormassets/localizeddata/sounds/vo/ragnarosbase_vox_gethitsmall14.ogg	69c698b397c5ec60c50e047a4b8c6918	22742
mods/heroes.stormmod/enus.stormassets/localizeddata/sounds/vo/ragnarosbase_vox_gethitsmall15.fxe	e27d5f66109af68c165574044b61294e	1109
mods/heroes.stormmod/enus.stormassets/localizeddata/sounds/vo/ragnarosbase_vox_gethitsmall15.ogg	ca4dcb1cf8167a9a1e727fe6b3a85145	21152
mods/heroes.stormmod/enus.stormassets/localizeddata/sounds/vo/ragnarosbase_vox_gethitsmall16.fxe	2ad0b6dfc49d21cb4d0f90403168a592	1365
mods/heroes.stormmod/enus.stormassets/localizeddata/sounds/vo/ragnarosbase_vox_gethitsmall16.ogg	4ccf1d0c0d49430884335856b942a5ed	22529
mods/heroes.stormmod/enus.stormassets/localizeddata/sounds/vo/ragnarosbase_vox_gethitsmall17.fxe	ff9c0a61185d9e7c89b632f7335f640a	1141
mods/heroes.stormmod/enus.stormassets/localizeddata/sounds/vo/ragnarosbase_vox_gethitsmall17.ogg	8036cece7ad7df54a8ec87ec1fb63e85	23302
mods/heroes.stormmod/enus.stormassets/localizeddata/sounds/vo/ragnarosbase_vox_gethitsmall18.fxe	9c0e3f0090075f2bef0c7d30fcbc7270	1333
mods/heroes.stormmod/enus.stormassets/localizeddata/sounds/vo/ragnarosbase_vox_gethitsmall18.ogg	61eaa45409a4c68943c1ff5daa1ae90f	22658
mods/heroes.stormmod/enus.stormassets/localizeddata/sounds/vo/ragnarosbase_vox_gethitsmall19.fxe	06c46aeaac43e982ce4e459263e29958	1237
mods/heroes.stormmod/enus.stormassets/localizeddata/sounds/vo/ragnarosbase_vox_gethitsmall19.ogg	5d40452abe0538c37eae0a8e3e23c2a6	24444
mods/heroes.stormmod/enus.stormassets/localizeddata/sounds/vo/ragnarosbase_vox_gethitsmall20.fxe	61727af9b78e4a79d86e84ee4d023fb2	1413
mods/heroes.stormmod/enus.stormassets/localizeddata/sounds/vo/ragnarosbase_vox_gethitsmall20.ogg	bc14d0d49e9a10a35037f7e385def49e	23759
mods/heroes.stormmod/enus.stormassets/localizeddata/sounds/vo/ragnarosbase_vox_moltenswing00.fxe	c098fbd0ab9cecf19bfd62c3262d6684	1509
mods/heroes.stormmod/enus.stormassets/localizeddata/sounds/vo/ragnarosbase_vox_moltenswing00.ogg	6b1e6e8512c94964160971991bcab417	29662
mods/heroes.stormmod/enus.stormassets/localizeddata/sounds/vo/ragnarosbase_vox_moltenswing01.fxe	eb74a53ea13a63ab16b65f17d140824e	1685
mods/heroes.stormmod/enus.stormassets/localizeddata/sounds/vo/ragnarosbase_vox_moltenswing01.ogg	adca1118297508dfdf6b46ea8263aa3b	28363
mods/heroes.stormmod/enus.stormassets/localizeddata/sounds/vo/ragnarosbase_vox_moltenswing02.fxe	368293ba38e4c69871bece07f8175d0b	1349
mods/heroes.stormmod/enus.stormassets/localizeddata/sounds/vo/ragnarosbase_vox_moltenswing02.ogg	0f152bd80d2b8cc230de3f19af4a0a2d	27779
mods/heroes.stormmod/enus.stormassets/localizeddata/sounds/vo/ragnarosbase_vox_moltenswing03.fxe	5afdefc849443370204570cbefc2c688	1525
mods/heroes.stormmod/enus.stormassets/localizeddata/sounds/vo/ragnarosbase_vox_moltenswing03.ogg	e26cac79cc132c3e6e26694f434166b7	29620
mods/heroes.stormmod/enus.stormassets/localizeddata/sounds/vo/ragnarosbase_vox_moltenswing04.fxe	550d93afb7aac6b4a2f02246a157bafa	1333
mods/heroes.stormmod/enus.stormassets/localizeddata/sounds/vo/ragnarosbase_vox_moltenswing04.ogg	65ff058818d1ef14d05f5259c3237d45	24707
mods/heroes.stormmod/enus.stormassets/localizeddata/sounds/vo/ragnarosbase_vox_moltenswing05.fxe	af11d1e22bd673b9af3af692a34c44c9	1189
mods/heroes.stormmod/enus.stormassets/localizeddata/sounds/vo/ragnarosbase_vox_moltenswing05.ogg	2de3da3b2c7c900b3cc71c2ac7b56c22	26685
mods/heroes.stormmod/enus.stormassets/localizeddata/sounds/vo/ragnarosbase_vox_moltenswing06.fxe	0887231aa803e8f7dcba102cf35f1912	1349
mods/heroes.stormmod/enus.stormassets/localizeddata/sounds/vo/ragnarosbase_vox_moltenswing06.ogg	a822694ca219a69e9a3d929b2ca8181b	28092
mods/heroes.stormmod/enus.stormassets/localizeddata/sounds/vo/ragnarosbase_vox_moltenswing07.fxe	b90da7aad6219c7a1cbc063c02cb65b1	1669
mods/heroes.stormmod/enus.stormassets/localizeddata/sounds/vo/ragnarosbase_vox_moltenswing07.ogg	de4cb474b395b424b6faf9761ea07f23	28661
mods/heroes.stormmod/enus.stormassets/localizeddata/sounds/vo/ragnarosbase_vox_moltenswing08.fxe	11d0825f5dbf7fc658798289737ae9b9	1141
mods/heroes.stormmod/enus.stormassets/localizeddata/sounds/vo/ragnarosbase_vox_moltenswing08.ogg	dbf7581581300b7537fa29e62e4ddde9	27555
mods/heroes.stormmod/enus.stormassets/localizeddata/sounds/vo/ragnarosbase_vox_moltenswing09.fxe	e6eded49357651d1cb800f5394e1d36a	1525
mods/heroes.stormmod/enus.stormassets/localizeddata/sounds/vo/ragnarosbase_vox_moltenswing09.ogg	9e82047be64aa65952ad9e20e82e5919	27774
mods/heroes.stormmod/enus.stormassets/localizeddata/sounds/vo/ragnarosbase_vox_pulled00.fxe	4cf9bc39feb1211ec9334a02bb49f188	1392
mods/heroes.stormmod/enus.stormassets/localizeddata/sounds/vo/ragnarosbase_vox_pulled00.ogg	a53ebdc3fdd03b1b9443c3c65b8b1e0d	27299
mods/heroes.stormmod/enus.stormassets/localizeddata/sounds/vo/ragnarosbase_vox_pulled01.fxe	73eb71d2976adc94e27bf856a0de0ba3	1344
mods/heroes.stormmod/enus.stormassets/localizeddata/sounds/vo/ragnarosbase_vox_pulled01.ogg	2ddbf4d85492f07803702c0068d64580	25172
mods/heroes.stormmod/enus.stormassets/localizeddata/sounds/vo/ragnarosbase_vox_pulled02.fxe	cefb56fea53cd2e8d77a342d956d14d2	1392
mods/heroes.stormmod/enus.stormassets/localizeddata/sounds/vo/ragnarosbase_vox_pulled02.ogg	3c38c591e32e63cf55713b342ec2af4e	26108
mods/heroes.stormmod/enus.stormassets/localizeddata/sounds/vo/ragnarosbase_vox_pulled03.fxe	e37f47ebeb345e4a8d9f0c3c4ff3e09e	1328
mods/heroes.stormmod/enus.stormassets/localizeddata/sounds/vo/ragnarosbase_vox_pulled03.ogg	8fd202094b079cda9a6347e738538aed	27991
mods/heroes.stormmod/enus.stormassets/localizeddata/sounds/vo/ragnarosbase_vox_pulled04.fxe	aca9983d2ec55ce6fec971a27813387f	1712
mods/heroes.stormmod/enus.stormassets/localizeddata/sounds/vo/ragnarosbase_vox_pulled04.ogg	8e66c22d078720dd06efe5183c4d4ad6	27899
mods/heroes.stormmod/enus.stormassets/localizeddata/sounds/vo/ragnarosbase_vox_pulled05.fxe	ec94c9a2d11fc3414df54c20a61d8298	1616
mods/heroes.stormmod/enus.stormassets/localizeddata/sounds/vo/ragnarosbase_vox_pulled05.ogg	2e3e1d6647ee80079abfd4f19ecc6311	27302
mods/heroes.stormmod/enus.stormassets/localizeddata/sounds/vo/ragnarosbase_vox_pulled06.fxe	c84db72d2bf3cf12f5ad4cc068ba1bff	928
mods/heroes.stormmod/enus.stormassets/localizeddata/sounds/vo/ragnarosbase_vox_pulled06.ogg	1e16e65b82914f6f13afb82f17f7dbae	32091
mods/heroes.stormmod/enus.stormassets/localizeddata/sounds/vo/ragnarosbase_worthit00.fxe	4a254913c09027e4eaeb80490269f928	2733
mods/heroes.stormmod/enus.stormassets/localizeddata/sounds/vo/ragnarosbase_worthit00.ogg	c365c3c6fea5a80920b644f20cfb638e	62091
mods/heroes.stormmod/enus.stormassets/localizeddata/sounds/vo/ragnarosbase_worthit01.fxe	1352995d9f0a5531f1dff72620020cb8	3037
mods/heroes.stormmod/enus.stormassets/localizeddata/sounds/vo/ragnarosbase_worthit01.ogg	4ece68327730f68b43169629de974703	80501
mods/heroes.stormmod/enus.stormassets/localizeddata/sounds/vo/ragnarosbase_yes00.fxe	aacee994b93e231812b27e721124791f	1460
mods/heroes.stormmod/enus.stormassets/localizeddata/sounds/vo/ragnarosbase_yes00.ogg	202d8d1946f04b20681dd308235fcc15	40806
mods/heroes.stormmod/enus.stormassets/localizeddata/sounds/vo/ragnarosbase_yes01.fxe	5d955e68135911d4de946749377e90e0	1460
mods/heroes.stormmod/enus.stormassets/localizeddata/sounds/vo/ragnarosbase_yes01.ogg	ddd795942cda591898778ddfe5de1045	46330
mods/heroes.stormmod/enus.stormassets/localizeddata/sounds/vo/ragnarosbase_yes02.fxe	578931290086ef2a772126118505c9c5	1588
mods/heroes.stormmod/enus.stormassets/localizeddata/sounds/vo/ragnarosbase_yes02.ogg	a50399fb49ff874a0a8104693a27945a	51460
mods/heroes.stormmod/enus.stormassets/localizeddata/sounds/vo/ragnarosbase_yes03.fxe	92ee97fdcfcf667578f0095c2ce2c70d	1524
mods/heroes.stormmod/enus.stormassets/localizeddata/sounds/vo/ragnarosbase_yes03.ogg	2d22d08bf46a88423b0895dbcd9d4fce	44137
mods/heroes.stormmod/enus.stormassets/localizeddata/sounds/vo/ragnarosbase_yes04.fxe	f22d2b973d8bc3700a59316dbd4d0381	2100
mods/heroes.stormmod/enus.stormassets/localizeddata/sounds/vo/ragnarosbase_yes04.ogg	22ab3cdbe3d80f01dcd090670a1b6322	54906
mods/heroes.stormmod/enus.stormassets/localizeddata/sounds/vo/ragnarosbase_yes05.fxe	247543ca05e58c95c90228d2fc7ade5e	1668
mods/heroes.stormmod/enus.stormassets/localizeddata/sounds/vo/ragnarosbase_yes05.ogg	dd0e45a7f6b0bc9206c167452e8ba87d	51812
mods/heroes.stormmod/enus.stormassets/localizeddata/sounds/vo/ragnarosbase_yes06.fxe	91ef6cf7a8ab28c4d1440209a6131054	1716
mods/heroes.stormmod/enus.stormassets/localizeddata/sounds/vo/ragnarosbase_yes06.ogg	0e51fb1d4f36a440b31f118af0d6fdce	50379
mods/heroes.stormmod/enus.stormassets/localizeddata/sounds/vo/ragnarosbase_yes07.fxe	4072e9a5222b781c21a2fb17a8cc668f	1780
mods/heroes.stormmod/enus.stormassets/localizeddata/sounds/vo/ragnarosbase_yes07.ogg	8dfd1025386476d6908917dbec286cd4	50324
mods/heroes.stormmod/enus.stormassets/localizeddata/sounds/vo/ragnarosbase_yes08.fxe	928636edec894892f65d375564429405	1844
mods/heroes.stormmod/enus.stormassets/localizeddata/sounds/vo/ragnarosbase_yes08.ogg	983ab1b520aaf15804a0ecce0a2d1be7	46010
mods/heroes.stormmod/enus.stormassets/localizeddata/sounds/vo/ragnarosbase_yes09.fxe	07ecfbe3b0a90c184396fa369f97cc8f	1812
mods/heroes.stormmod/enus.stormassets/localizeddata/sounds/vo/ragnarosbase_yes09.ogg	c995643fbbd52b5f49eace7a69ecdaec	42544
mods/heroes.stormmod/enus.stormassets/localizeddata/sounds/vo/ragnaroslil_ai_attack00.ogg	621d2b43e8d3788191888b55f10c23f0	49340
mods/heroes.stormmod/enus.stormassets/localizeddata/sounds/vo/ragnaroslil_ai_attack01.ogg	11a43a9535854bad68bb5137702dbb92	59859
mods/heroes.stormmod/enus.stormassets/localizeddata/sounds/vo/ragnaroslil_ai_attack02.ogg	cd1d4d0f154bf090097dfbc6ccf86164	49729
mods/heroes.stormmod/enus.stormassets/localizeddata/sounds/vo/ragnaroslil_ai_caution00.ogg	da122218563f10494ef55472441185cd	55401
mods/heroes.stormmod/enus.stormassets/localizeddata/sounds/vo/ragnaroslil_ai_goodjob00.ogg	1a323b4695efefb91a3a59ffb08da0e4	50821
mods/heroes.stormmod/enus.stormassets/localizeddata/sounds/vo/ragnaroslil_ai_goodjob01.ogg	546d4c096374f2a375e5ebc41788bbca	38297
mods/heroes.stormmod/enus.stormassets/localizeddata/sounds/vo/ragnaroslil_ai_goodjob02.ogg	e19ee15db882226f72e3b88549959a3f	32767
mods/heroes.stormmod/enus.stormassets/localizeddata/sounds/vo/ragnaroslil_ai_heal00.ogg	7b30e0b74c7f7d7c1814a29690afea68	41433
mods/heroes.stormmod/enus.stormassets/localizeddata/sounds/vo/ragnaroslil_ai_heal01.ogg	2565cc6a277560b511306eef92232b32	55929
mods/heroes.stormmod/enus.stormassets/localizeddata/sounds/vo/ragnaroslil_ai_onmyway00.ogg	4d7b2046b63d2edd927a4448b88b7748	49290
mods/heroes.stormmod/enus.stormassets/localizeddata/sounds/vo/ragnaroslil_ai_onmyway01.ogg	8f2443cfddb8427e1e65bf630b6c8f04	56243
mods/heroes.stormmod/enus.stormassets/localizeddata/sounds/vo/ragnaroslil_ai_retreat00.ogg	8d932ac340955b762b501095d32c2fe6	61270
mods/heroes.stormmod/enus.stormassets/localizeddata/sounds/vo/ragnaroslil_ai_retreat01.ogg	58f2f42b50fc9df7fa07d9a173b705cd	46405
mods/heroes.stormmod/enus.stormassets/localizeddata/sounds/vo/ragnaroslil_ai_uhoh00.ogg	7bde304691d3a32d077bb29321452e4a	35825
mods/heroes.stormmod/enus.stormassets/localizeddata/sounds/vo/ragnaroslil_ai_uhoh01.ogg	e06ce37c3de743ddd9751d36cbdd182e	46305
mods/heroes.stormmod/enus.stormassets/localizeddata/sounds/vo/ragnaroslil_ai_uhoh02.ogg	9dcb74941946d9c9cf3991dbf04c51d8	55292
mods/heroes.stormmod/enus.stormassets/localizeddata/sounds/vo/ragnaroslil_attack00.ogg	417f94acf52f8e324534ba665b0a59cc	54115
mods/heroes.stormmod/enus.stormassets/localizeddata/sounds/vo/ragnaroslil_attack01.ogg	54797ec133d37f5582e1c6c41db0ee14	42365
mods/heroes.stormmod/enus.stormassets/localizeddata/sounds/vo/ragnaroslil_attack02.ogg	9b58b2421d96ba7fc9b19b0211a8dec5	49981
mods/heroes.stormmod/enus.stormassets/localizeddata/sounds/vo/ragnaroslil_attack03.ogg	5a64bcfcc70c2d22c952e2498f046338	45395
mods/heroes.stormmod/enus.stormassets/localizeddata/sounds/vo/ragnaroslil_attack04.ogg	4b256022cdca45ece7b877bd4a764c63	41180
mods/heroes.stormmod/enus.stormassets/localizeddata/sounds/vo/ragnaroslil_attack05.ogg	757aa072bc30caf9d25a58cedb5cf4a4	39523
mods/heroes.stormmod/enus.stormassets/localizeddata/sounds/vo/ragnaroslil_attack06.ogg	dc7964c5d9f5eb282f77f66c95d83a49	47664
mods/heroes.stormmod/enus.stormassets/localizeddata/sounds/vo/ragnaroslil_cancel00.ogg	a034734842a8370e495f1905033d2108	50569
mods/heroes.stormmod/enus.stormassets/localizeddata/sounds/vo/ragnaroslil_cancel01.ogg	3bc4e4752033991e0d881c1f38859086	46021
mods/heroes.stormmod/enus.stormassets/localizeddata/sounds/vo/ragnaroslil_cancel02.ogg	8b04af59c627671172db7ce990d5b6ad	48239
mods/heroes.stormmod/enus.stormassets/localizeddata/sounds/vo/ragnaroslil_celebrate00.ogg	950f856a06ef8fda71cd23c62e5d7fbd	75030
mods/heroes.stormmod/enus.stormassets/localizeddata/sounds/vo/ragnaroslil_celebrate01.ogg	64f269285016777d7cdf48e21923a7d3	67124
mods/heroes.stormmod/enus.stormassets/localizeddata/sounds/vo/ragnaroslil_celebrate02.ogg	8b25d8838169ee97cb45a234890ca7c1	56191
mods/heroes.stormmod/enus.stormassets/localizeddata/sounds/vo/ragnaroslil_comeback00.ogg	e863c2918c1c735658f578da107e814a	74082
mods/heroes.stormmod/enus.stormassets/localizeddata/sounds/vo/ragnaroslil_death00.wav	971b627c1f4ebaee422cf9a9f46a8315	178748
mods/heroes.stormmod/enus.stormassets/localizeddata/sounds/vo/ragnaroslil_death01.wav	e167a17d7807b3583dc4dda335ef0690	224316
mods/heroes.stormmod/enus.stormassets/localizeddata/sounds/vo/ragnaroslil_death02.wav	825ff16944d6901c6dcbb64e86f38222	160828
mods/heroes.stormmod/enus.stormassets/localizeddata/sounds/vo/ragnaroslil_death03.wav	fd974d070ddeb213fe1465bd3df389d0	148540
mods/heroes.stormmod/enus.stormassets/localizeddata/sounds/vo/ragnaroslil_death04.wav	1e9b212b8113f74b0746283e91bfaf3a	148540
mods/heroes.stormmod/enus.stormassets/localizeddata/sounds/vo/ragnaroslil_death05.wav	c73eaea4b0f1377322d1723b720a6f20	157756
mods/heroes.stormmod/enus.stormassets/localizeddata/sounds/vo/ragnaroslil_death06.wav	b7d44b3dbe112f0b163aa47eb601f822	158780
mods/heroes.stormmod/enus.stormassets/localizeddata/sounds/vo/ragnaroslil_death07.wav	91bd36c2a1a04f4cd76093ecd48c05c2	170556
mods/heroes.stormmod/enus.stormassets/localizeddata/sounds/vo/ragnaroslil_death08.wav	dc0348085ac7b77d0391626f141676a9	152636
mods/heroes.stormmod/enus.stormassets/localizeddata/sounds/vo/ragnaroslil_death09.wav	db44dfc37e1b90b1c02d822ca6e2c872	196156
mods/heroes.stormmod/enus.stormassets/localizeddata/sounds/vo/ragnaroslil_death10.wav	cc944992628f76b1b3639d2da9eec0f8	172092
mods/heroes.stormmod/enus.stormassets/localizeddata/sounds/vo/ragnaroslil_death11.wav	0f91904ac376f978735dec1e3aa031dc	159804
mods/heroes.stormmod/enus.stormassets/localizeddata/sounds/vo/ragnaroslil_death12.wav	b048fb9c7e1bf4cab81a117137143c4d	150588
mods/heroes.stormmod/enus.stormassets/localizeddata/sounds/vo/ragnaroslil_death13.wav	85823b3bd2abd12fff8d888f73dc46c7	150076
mods/heroes.stormmod/enus.stormassets/localizeddata/sounds/vo/ragnaroslil_death14.wav	a0adfb8741d79aa8055f757eccdbe605	158268
mods/heroes.stormmod/enus.stormassets/localizeddata/sounds/vo/ragnaroslil_death15.wav	a9dfb7a23f3a4e5122905394996058f7	175676
mods/heroes.stormmod/enus.stormassets/localizeddata/sounds/vo/ragnaroslil_deathenemy00.wav	47f393d52186426590655077b5d10cde	228412
mods/heroes.stormmod/enus.stormassets/localizeddata/sounds/vo/ragnaroslil_fortattack00.ogg	17b493a736f0ef4ee32fdf572527fb8b	53632
mods/heroes.stormmod/enus.stormassets/localizeddata/sounds/vo/ragnaroslil_fortattack01.ogg	23cd8f3add087c98e8d6f8fe70ba39d6	41535
mods/heroes.stormmod/enus.stormassets/localizeddata/sounds/vo/ragnaroslil_fortattack02.ogg	e062f2baf81183d3d293df716073f9d4	48705
mods/heroes.stormmod/enus.stormassets/localizeddata/sounds/vo/ragnaroslil_fortattack03.ogg	ed48932d94ff5a4eebc0d35992db1fcf	47552
mods/heroes.stormmod/enus.stormassets/localizeddata/sounds/vo/ragnaroslil_fortattack04.ogg	8745c208b51a733e4efc34caea7cd2ff	45349
mods/heroes.stormmod/enus.stormassets/localizeddata/sounds/vo/ragnaroslil_fortattack05.ogg	2af44c7e4640c84172a22b10c2431818	39029
mods/heroes.stormmod/enus.stormassets/localizeddata/sounds/vo/ragnaroslil_fortattack06.ogg	380d19c1b89b814a863634ee918d0c92	47436
mods/heroes.stormmod/enus.stormassets/localizeddata/sounds/vo/ragnaroslil_fortspawn00.ogg	f5c842ba1807ea4574bc7a44a7709b60	50475
mods/heroes.stormmod/enus.stormassets/localizeddata/sounds/vo/ragnaroslil_fortspawnenemy00.ogg	02fbbd1459b2ba21763380e3d56f8e49	56208
mods/heroes.stormmod/enus.stormassets/localizeddata/sounds/vo/ragnaroslil_healed00.ogg	2148461bd077aa181c263539084441be	58057
mods/heroes.stormmod/enus.stormassets/localizeddata/sounds/vo/ragnaroslil_healed01.ogg	7417c95a39156240abb0c3282620ae44	54775
mods/heroes.stormmod/enus.stormassets/localizeddata/sounds/vo/ragnaroslil_healed02.ogg	5fd3a3b3bf0d95f92a0bfe2cdac620d8	63982
mods/heroes.stormmod/enus.stormassets/localizeddata/sounds/vo/ragnaroslil_introagree00.ogg	48d2cc5d5e4db065eedf2e5e0ae5461c	49422
mods/heroes.stormmod/enus.stormassets/localizeddata/sounds/vo/ragnaroslil_introagree01.ogg	ddbeff3a9ba21ca3e29006c75d5ddc98	45231
mods/heroes.stormmod/enus.stormassets/localizeddata/sounds/vo/ragnaroslil_introagree02.ogg	a692d491d85ba7c3f5488db89548417c	40187
mods/heroes.stormmod/enus.stormassets/localizeddata/sounds/vo/ragnaroslil_introboast00.ogg	8dfc3afb83b8021d44a9f927d18a8d17	66678
mods/heroes.stormmod/enus.stormassets/localizeddata/sounds/vo/ragnaroslil_introboast01_alt.ogg	a100dc9756f7d17432a0c0b167de3aa3	59238
mods/heroes.stormmod/enus.stormassets/localizeddata/sounds/vo/ragnaroslil_introquestion00.ogg	24d0a98470c48ed31c1d648a20e39d87	60521
mods/heroes.stormmod/enus.stormassets/localizeddata/sounds/vo/ragnaroslil_introquestion01.ogg	65859205e7076c413cecc07ee5992c10	54437
mods/heroes.stormmod/enus.stormassets/localizeddata/sounds/vo/ragnaroslil_introquestion_dwarf00.ogg	cc21b765487356bafa67fb27cb58fafe	104615
mods/heroes.stormmod/enus.stormassets/localizeddata/sounds/vo/ragnaroslil_introquestion_elemental00.ogg	14432d4339bb0095fc5b95c667ee8f20	52191
mods/heroes.stormmod/enus.stormassets/localizeddata/sounds/vo/ragnaroslil_introquestion_fireuser00.ogg	66cf60672e470d6288a4eda3a67bcb20	91077
mods/heroes.stormmod/enus.stormassets/localizeddata/sounds/vo/ragnaroslil_introquestion_malfurion00.ogg	28cda6251406a8b46dae62bbbc260815	96919
mods/heroes.stormmod/enus.stormassets/localizeddata/sounds/vo/ragnaroslil_introquestion_murky00.ogg	c0409743c70a919721db198cb0124db0	59521
mods/heroes.stormmod/enus.stormassets/localizeddata/sounds/vo/ragnaroslil_introquestion_nature00.ogg	970188ff708314e626a1864f1e4f6137	63325
mods/heroes.stormmod/enus.stormassets/localizeddata/sounds/vo/ragnaroslil_introquestion_shaman00.ogg	6dca81e2b670da244db6b83ac5621a2a	83115
mods/heroes.stormmod/enus.stormassets/localizeddata/sounds/vo/ragnaroslil_introquestion_thrall00.ogg	5ef98408b3a78c5769a52a26e83d73cb	83229
mods/heroes.stormmod/enus.stormassets/localizeddata/sounds/vo/ragnaroslil_introquestion_twilight00.ogg	070862e89ee41e56ac042cc848bb4a35	96779
mods/heroes.stormmod/enus.stormassets/localizeddata/sounds/vo/ragnaroslil_introrespond00.ogg	dd4b393b68d6b3d557d34109e33a7a7f	45895
mods/heroes.stormmod/enus.stormassets/localizeddata/sounds/vo/ragnaroslil_introrespond01.ogg	b064d5696f9ea810698968e245a63ca5	53165
mods/heroes.stormmod/enus.stormassets/localizeddata/sounds/vo/ragnaroslil_introrespond02.ogg	0cbc54426cf33c94ce8c658045e5220c	59973
mods/heroes.stormmod/enus.stormassets/localizeddata/sounds/vo/ragnaroslil_introresponse_dwarf00.ogg	49ab88c37da19309060b2956a6c6cffc	72010
mods/heroes.stormmod/enus.stormassets/localizeddata/sounds/vo/ragnaroslil_introresponse_elemental00.ogg	41acb4e6432a775254237ce918f398ae	86436
mods/heroes.stormmod/enus.stormassets/localizeddata/sounds/vo/ragnaroslil_introresponse_fireuser00.ogg	ef3178de56a68acd93c7fa315d3ef747	92794
mods/heroes.stormmod/enus.stormassets/localizeddata/sounds/vo/ragnaroslil_introresponse_malfurion00.ogg	fa3213836026c972b79f4cd83b9c5cac	77215
mods/heroes.stormmod/enus.stormassets/localizeddata/sounds/vo/ragnaroslil_introresponse_murky00.ogg	4a9889c233fc9d404d111ae9d0fb0ab1	46972
mods/heroes.stormmod/enus.stormassets/localizeddata/sounds/vo/ragnaroslil_introresponse_nature00.ogg	4126c84d29ca865fed43caaa1c7b5913	81564
mods/heroes.stormmod/enus.stormassets/localizeddata/sounds/vo/ragnaroslil_introresponse_shaman00.ogg	154fba9e2fdbcc2cf113c6f5f45a968d	87269
mods/heroes.stormmod/enus.stormassets/localizeddata/sounds/vo/ragnaroslil_introresponse_thrall00.ogg	a1d2428bb29ba4c844376a67da56d047	88632
mods/heroes.stormmod/enus.stormassets/localizeddata/sounds/vo/ragnaroslil_introresponse_twilight00.ogg	677b0eee98a06b3c768ce56f12d85df4	86711
mods/heroes.stormmod/enus.stormassets/localizeddata/sounds/vo/ragnaroslil_kill00.ogg	c06c347b606087209cd85a4ec708211e	30958
mods/heroes.stormmod/enus.stormassets/localizeddata/sounds/vo/ragnaroslil_kill01.ogg	0c0904abf38ef05cb9af4009bc2cd832	34197
mods/heroes.stormmod/enus.stormassets/localizeddata/sounds/vo/ragnaroslil_kill02.ogg	fe0fa69ed0eed85c074369ca0077209d	47104
mods/heroes.stormmod/enus.stormassets/localizeddata/sounds/vo/ragnaroslil_kill03.ogg	c94ed7e39353e5cbec0aa42bcf70f85e	32269
mods/heroes.stormmod/enus.stormassets/localizeddata/sounds/vo/ragnaroslil_kill04.ogg	33dacf143f5cb61c44f6832f6fc16494	43911
mods/heroes.stormmod/enus.stormassets/localizeddata/sounds/vo/ragnaroslil_killchogall00.ogg	c7ba45c2e811c92b917acce877e52835	58802
mods/heroes.stormmod/enus.stormassets/localizeddata/sounds/vo/ragnaroslil_killdwarf00.ogg	4d2e86ce101fbae1c68dcbf15b011f0a	74610
mods/heroes.stormmod/enus.stormassets/localizeddata/sounds/vo/ragnaroslil_killelemental00.ogg	aa7f4998953be1d07e10cc29e15b5fb2	54240
mods/heroes.stormmod/enus.stormassets/localizeddata/sounds/vo/ragnaroslil_killfireuser00.ogg	3178c05c30097ae66c7d09c8aa65438b	84414
mods/heroes.stormmod/enus.stormassets/localizeddata/sounds/vo/ragnaroslil_killmajordomo00.ogg	959f443488fa3a304896ec40bdbbc7ed	65615
mods/heroes.stormmod/enus.stormassets/localizeddata/sounds/vo/ragnaroslil_killmalfurion00.ogg	02c66265bce873c018516e41025bcd6b	66527
mods/heroes.stormmod/enus.stormassets/localizeddata/sounds/vo/ragnaroslil_killnature00.ogg	83db99ced7ca4b7068c5e34d49346a3f	61580
mods/heroes.stormmod/enus.stormassets/localizeddata/sounds/vo/ragnaroslil_killshaman00.ogg	67c53b8243f50ee32aeb625ed63973d4	77361
mods/heroes.stormmod/enus.stormassets/localizeddata/sounds/vo/ragnaroslil_killspreeend00.ogg	4afb8ddfb7e7f4fe73cb413f180c0d85	66242
mods/heroes.stormmod/enus.stormassets/localizeddata/sounds/vo/ragnaroslil_killthrall00.ogg	c77631a40e033ea5fc5684d5389992a5	56043
mods/heroes.stormmod/enus.stormassets/localizeddata/sounds/vo/ragnaroslil_killtwilight00.ogg	c4e1d873be92da40e3a2510953d620e8	56780
mods/heroes.stormmod/enus.stormassets/localizeddata/sounds/vo/ragnaroslil_killvarian00.ogg	003896d82d2f708eb12f852043632601	61285
mods/heroes.stormmod/enus.stormassets/localizeddata/sounds/vo/ragnaroslil_laugh00.ogg	d7914a414fad29bd568078ed8e8522c1	45082
mods/heroes.stormmod/enus.stormassets/localizeddata/sounds/vo/ragnaroslil_laugh01.ogg	3dff48347841f35e009542ed202c55e9	51461
mods/heroes.stormmod/enus.stormassets/localizeddata/sounds/vo/ragnaroslil_laugh02.ogg	0f354398a11b12d19468a00697fd0acc	51511
mods/heroes.stormmod/enus.stormassets/localizeddata/sounds/vo/ragnaroslil_laugh03.ogg	fd6474616c426d95c1819485628799d6	54470
mods/heroes.stormmod/enus.stormassets/localizeddata/sounds/vo/ragnaroslil_laugh04.ogg	76b48230bab874df8e11ad35ced48fe0	49355
mods/heroes.stormmod/enus.stormassets/localizeddata/sounds/vo/ragnaroslil_laugh05.ogg	884a028bc4f66144596b41cc85b85090	44644
mods/heroes.stormmod/enus.stormassets/localizeddata/sounds/vo/ragnaroslil_laugh06.ogg	504be2c196705a91b3092c1ce880e804	46553
mods/heroes.stormmod/enus.stormassets/localizeddata/sounds/vo/ragnaroslil_laugh07.ogg	a19e1ddb95910be2818eea80cafa2b1e	56303
mods/heroes.stormmod/enus.stormassets/localizeddata/sounds/vo/ragnaroslil_laugh08.ogg	e9e53edbf9905e72afda8f4f425bb725	42468
mods/heroes.stormmod/enus.stormassets/localizeddata/sounds/vo/ragnaroslil_laugh09.ogg	d98eb90c251a2185ba2d74b7a10a3349	59425
mods/heroes.stormmod/enus.stormassets/localizeddata/sounds/vo/ragnaroslil_laugh10.ogg	3cbae604800aca5b090658aa4d8e5b56	38819
mods/heroes.stormmod/enus.stormassets/localizeddata/sounds/vo/ragnaroslil_laugh11.ogg	9a157d656659ff3da9e1ac88285fd388	35000
mods/heroes.stormmod/enus.stormassets/localizeddata/sounds/vo/ragnaroslil_laugh12.ogg	08ee78275e0fa019993fb9321079b1c1	57194
mods/heroes.stormmod/enus.stormassets/localizeddata/sounds/vo/ragnaroslil_laugh13.ogg	d31a5d0819e3c812a2aeb63903c59605	50825
mods/heroes.stormmod/enus.stormassets/localizeddata/sounds/vo/ragnaroslil_laugh14.ogg	7e3dc85092ba2fe2d1b74fdf881b72ad	52967
mods/heroes.stormmod/enus.stormassets/localizeddata/sounds/vo/ragnaroslil_lowlifeheal00.ogg	748e8e0abf2fc3afdd7c25f1a626276c	41223
mods/heroes.stormmod/enus.stormassets/localizeddata/sounds/vo/ragnaroslil_lowlifeheal01.ogg	138d8ca897e2b2d9dddc0904e560abf5	56678
mods/heroes.stormmod/enus.stormassets/localizeddata/sounds/vo/ragnaroslil_lowlifeheal02.ogg	f1857b20cf25afdcd76725d38f95e746	53215
mods/heroes.stormmod/enus.stormassets/localizeddata/sounds/vo/ragnaroslil_lowmana00.ogg	77d0c74c4bb66ede451a935ab3dd71b2	37838
mods/heroes.stormmod/enus.stormassets/localizeddata/sounds/vo/ragnaroslil_lowmana01.ogg	4b4bc9e9756010f75e489e6eb846f944	36814
mods/heroes.stormmod/enus.stormassets/localizeddata/sounds/vo/ragnaroslil_lowmana02.ogg	08f9655854886967269ea3e76f770c53	41371
mods/heroes.stormmod/enus.stormassets/localizeddata/sounds/vo/ragnaroslil_matchend00.ogg	ff1575d593add6e33f62f2d684a2f362	44641
mods/heroes.stormmod/enus.stormassets/localizeddata/sounds/vo/ragnaroslil_matchend01.ogg	f2cd302dc897f4468ce175de3707fd72	43379
mods/heroes.stormmod/enus.stormassets/localizeddata/sounds/vo/ragnaroslil_matchend02.ogg	f499336d3a81fbe55b1808a114e6ccf5	58223
mods/heroes.stormmod/enus.stormassets/localizeddata/sounds/vo/ragnaroslil_no00.ogg	509d4fefd8e40113ab437fc390baa053	44749
mods/heroes.stormmod/enus.stormassets/localizeddata/sounds/vo/ragnaroslil_no01.ogg	6e17c9a86daf6b4912e1e9338219da93	44335
mods/heroes.stormmod/enus.stormassets/localizeddata/sounds/vo/ragnaroslil_no02.ogg	f11608e3c1d316ffcf3180a53d9a3f23	45624
mods/heroes.stormmod/enus.stormassets/localizeddata/sounds/vo/ragnaroslil_ping_assisthero00.ogg	ad755fa18b6f880dff380a5bf9876a60	62634
mods/heroes.stormmod/enus.stormassets/localizeddata/sounds/vo/ragnaroslil_ping_assisthero01.ogg	46a783b452d6a7f1d4a4cb8e2726c758	49902
mods/heroes.stormmod/enus.stormassets/localizeddata/sounds/vo/ragnaroslil_ping_assistme00.ogg	1343e6713d8b3a85d500e2309dcd59de	61902
mods/heroes.stormmod/enus.stormassets/localizeddata/sounds/vo/ragnaroslil_ping_assistme01.ogg	a5355ca6c5fd7e689278100e02e07677	45351
mods/heroes.stormmod/enus.stormassets/localizeddata/sounds/vo/ragnaroslil_ping_attackcastle00.ogg	4bd6c435e148246da95657453bde74a3	49225
mods/heroes.stormmod/enus.stormassets/localizeddata/sounds/vo/ragnaroslil_ping_attackmerc00.ogg	3eaa39a07f4678f8b275a22487422a97	51294
mods/heroes.stormmod/enus.stormassets/localizeddata/sounds/vo/ragnaroslil_ping_attackoutpost00.ogg	dedc484e591cac1064c00ce501a09891	38968
mods/heroes.stormmod/enus.stormassets/localizeddata/sounds/vo/ragnaroslil_ping_attacktower00.ogg	f49b6e5a72ada9274d9b55ea59ee0f01	42237
mods/heroes.stormmod/enus.stormassets/localizeddata/sounds/vo/ragnaroslil_ping_danger00.ogg	7231e4fc7c7720351038fbeb233a0c4c	62601
mods/heroes.stormmod/enus.stormassets/localizeddata/sounds/vo/ragnaroslil_ping_danger01.ogg	c0154e092ce7dac1c1b85b8e86615787	65517
mods/heroes.stormmod/enus.stormassets/localizeddata/sounds/vo/ragnaroslil_ping_defend00.ogg	f6c39f4668e117d797399c9b57a7ddb0	54312
mods/heroes.stormmod/enus.stormassets/localizeddata/sounds/vo/ragnaroslil_ping_defendcastle00.ogg	00d6a4b497b2377a18f53791f21dc023	45591
mods/heroes.stormmod/enus.stormassets/localizeddata/sounds/vo/ragnaroslil_ping_defendoutpost00.ogg	dfbe41cf708cec4db46af7b0e6551efe	45853
mods/heroes.stormmod/enus.stormassets/localizeddata/sounds/vo/ragnaroslil_ping_defendthing00.ogg	e0d2ce0aee18766db9492201900a3d7d	50995
mods/heroes.stormmod/enus.stormassets/localizeddata/sounds/vo/ragnaroslil_ping_defendthing01.ogg	f5dc2489666f9c196a6d82f7f8795cf1	40444
mods/heroes.stormmod/enus.stormassets/localizeddata/sounds/vo/ragnaroslil_ping_defendtower00.ogg	bf30f218677d1313e613f482942a4290	50657
mods/heroes.stormmod/enus.stormassets/localizeddata/sounds/vo/ragnaroslil_ping_enemymissing00.ogg	13defd0107950834ec3a8ba1ba1736f6	43160
mods/heroes.stormmod/enus.stormassets/localizeddata/sounds/vo/ragnaroslil_ping_enemymissing01.ogg	e44a101c7a772863605977f8240c72fd	49753
mods/heroes.stormmod/enus.stormassets/localizeddata/sounds/vo/ragnaroslil_ping_killhero00.ogg	2f10d4c6493d5ac405d06529918ce715	46436
mods/heroes.stormmod/enus.stormassets/localizeddata/sounds/vo/ragnaroslil_ping_onmyway00.ogg	8693f23ccd083efef001543a6279810c	46377
mods/heroes.stormmod/enus.stormassets/localizeddata/sounds/vo/ragnaroslil_ping_onmyway01.ogg	8c3ff29388e34cf787f81ad32163517e	50727
mods/heroes.stormmod/enus.stormassets/localizeddata/sounds/vo/ragnaroslil_ping_retreat00.ogg	274ea657c93716a61758f1909b946971	64771
mods/heroes.stormmod/enus.stormassets/localizeddata/sounds/vo/ragnaroslil_ping_retreat01.ogg	0ed4d022267f5fd9e9b2a0370c12f671	44250
mods/heroes.stormmod/enus.stormassets/localizeddata/sounds/vo/ragnaroslil_pissed00.ogg	0040fd5f37691affecd8517c3f7db75c	27236
mods/heroes.stormmod/enus.stormassets/localizeddata/sounds/vo/ragnaroslil_pissed01.ogg	8f41d58b7a6373afe5c3d71c20f5ad55	46807
mods/heroes.stormmod/enus.stormassets/localizeddata/sounds/vo/ragnaroslil_pissed02.ogg	966b8b8c5c46a7db1b2e013c830b9164	52173
mods/heroes.stormmod/enus.stormassets/localizeddata/sounds/vo/ragnaroslil_pissed03.ogg	7e9343f421b844ca5f9bdfe85088c311	85314
mods/heroes.stormmod/enus.stormassets/localizeddata/sounds/vo/ragnaroslil_pissed04.ogg	a0de5d1cd242830ee9d78524e3d0507f	37192
mods/heroes.stormmod/enus.stormassets/localizeddata/sounds/vo/ragnaroslil_pissed05.ogg	8a5b64190af07ecd6eb4b7b3b08aad50	79407
mods/heroes.stormmod/enus.stormassets/localizeddata/sounds/vo/ragnaroslil_pissed06.ogg	307d12e856d0f1b7039ae18f3b4fd4fb	108536
mods/heroes.stormmod/enus.stormassets/localizeddata/sounds/vo/ragnaroslil_pissed07.ogg	6e426ba0f1edb451fc03e6c2f78dc69f	74893
mods/heroes.stormmod/enus.stormassets/localizeddata/sounds/vo/ragnaroslil_pissed08.ogg	be46ad453fa56a75b41fd6fb397a98b6	54913
mods/heroes.stormmod/enus.stormassets/localizeddata/sounds/vo/ragnaroslil_pissed09.ogg	a7a28549a4d83747fd8d3e2ff915d6eb	150366
mods/heroes.stormmod/enus.stormassets/localizeddata/sounds/vo/ragnaroslil_pissed10.ogg	2a1a3b0553159c6e1e1d01c398119673	74784
mods/heroes.stormmod/enus.stormassets/localizeddata/sounds/vo/ragnaroslil_pissed11.ogg	5412270b15957b142d1a17145a4f9573	62465
mods/heroes.stormmod/enus.stormassets/localizeddata/sounds/vo/ragnaroslil_pissed12.ogg	9f284422e7aeccd7b1664f3efc6b501a	75790
mods/heroes.stormmod/enus.stormassets/localizeddata/sounds/vo/ragnaroslil_pissed13.ogg	51d7ca261f8784645ec9890737f9b7da	82475
mods/heroes.stormmod/enus.stormassets/localizeddata/sounds/vo/ragnaroslil_pissed14.ogg	266b0a055203ae653f5f67c2930c83f8	79417
mods/heroes.stormmod/enus.stormassets/localizeddata/sounds/vo/ragnaroslil_resurrected00.ogg	65d62ced8902b52d2815bc54d8cfbea5	45448
mods/heroes.stormmod/enus.stormassets/localizeddata/sounds/vo/ragnaroslil_resurrected01.ogg	8283113e99e54253e5ac3986a501e4d2	58917
mods/heroes.stormmod/enus.stormassets/localizeddata/sounds/vo/ragnaroslil_revive00.ogg	bb4a23bb58525b4eda28ec2e473b125e	63903
mods/heroes.stormmod/enus.stormassets/localizeddata/sounds/vo/ragnaroslil_revive01.ogg	d91012238ff727dba008eb517c8cc386	63037
mods/heroes.stormmod/enus.stormassets/localizeddata/sounds/vo/ragnaroslil_revive02.ogg	2a6a9310e263a10e6991b66a2196cd1c	74662
mods/heroes.stormmod/enus.stormassets/localizeddata/sounds/vo/ragnaroslil_spec00.ogg	1133b696c26b931d4acb7f08c16e1fd2	54178
mods/heroes.stormmod/enus.stormassets/localizeddata/sounds/vo/ragnaroslil_spec01.ogg	d1fa9f2419fe4ea00b8795d89e47cf89	50440
mods/heroes.stormmod/enus.stormassets/localizeddata/sounds/vo/ragnaroslil_spec02.ogg	f2d7ac92343bd52d62f2683e6392f9c4	48027
mods/heroes.stormmod/enus.stormassets/localizeddata/sounds/vo/ragnaroslil_spec03.ogg	af49cabeb2efe2e2a7ba26afe91148f6	65941
mods/heroes.stormmod/enus.stormassets/localizeddata/sounds/vo/ragnaroslil_spec04.ogg	a4b185ec13d8cb445c7058fc6e4ec90e	55876
mods/heroes.stormmod/enus.stormassets/localizeddata/sounds/vo/ragnaroslil_summonready00.ogg	7a7d552373195056133c9f7d3d13e04c	48422
mods/heroes.stormmod/enus.stormassets/localizeddata/sounds/vo/ragnaroslil_taunt00.ogg	92d93d7d6eaf1980fd90b213a8f21438	49689
mods/heroes.stormmod/enus.stormassets/localizeddata/sounds/vo/ragnaroslil_taunt01.ogg	9f44e5d61aaf197dac03275d34d8e2ea	62145
mods/heroes.stormmod/enus.stormassets/localizeddata/sounds/vo/ragnaroslil_taunt02.ogg	845713339a136ea11c066710315008f8	54990
mods/heroes.stormmod/enus.stormassets/localizeddata/sounds/vo/ragnaroslil_teamkilled00.ogg	b34a9c7ae5d900c20314cce01705dc97	69532
mods/heroes.stormmod/enus.stormassets/localizeddata/sounds/vo/ragnaroslil_ui_exlocked00.fxe	3d6810d86698874c48c4fbecde677a95	1243
mods/heroes.stormmod/enus.stormassets/localizeddata/sounds/vo/ragnaroslil_ui_exlocked00.ogg	ad242b1db0f2f19d357d84d931e9cfc3	61568
mods/heroes.stormmod/enus.stormassets/localizeddata/sounds/vo/ragnaroslil_ui_expurchased00.ogg	c77003ecfe49dab83d77591a5cc08887	54966
mods/heroes.stormmod/enus.stormassets/localizeddata/sounds/vo/ragnaroslil_ui_gift00.ogg	34a34a731b0e993d019109d89c33b5c2	45831
mods/heroes.stormmod/enus.stormassets/localizeddata/sounds/vo/ragnaroslil_ui_lockin00.ogg	c107585dc73e849fece1a6d774724979	44500
mods/heroes.stormmod/enus.stormassets/localizeddata/sounds/vo/ragnaroslil_ui_purchase00.ogg	e182aa6dfb1b65f068e526964ff75911	50780
mods/heroes.stormmod/enus.stormassets/localizeddata/sounds/vo/ragnaroslil_ui_trial00.ogg	1c42d67dc5e0581b12e0b301094fde8c	65469
mods/heroes.stormmod/enus.stormassets/localizeddata/sounds/vo/ragnaroslil_ui_waitlocked00.ogg	bf427a5ee8e66712f25001336662df26	47654
mods/heroes.stormmod/enus.stormassets/localizeddata/sounds/vo/ragnaroslil_ui_waitlocked01.ogg	57110c88f18b4cb0d628df774e4e07f6	50067
mods/heroes.stormmod/enus.stormassets/localizeddata/sounds/vo/ragnaroslil_ui_waitpurchased00.ogg	7a0ed801bf983a2017ba7bdc14ce150d	52826
mods/heroes.stormmod/enus.stormassets/localizeddata/sounds/vo/ragnaroslil_ui_waitpurchased01.ogg	b7021dd51725b5f7519c1955d375ef1f	72012
mods/heroes.stormmod/enus.stormassets/localizeddata/sounds/vo/ragnaroslil_ult1_enemyhears00.ogg	8b7f1286311217d5a178e15d0a3d2296	32547
mods/heroes.stormmod/enus.stormassets/localizeddata/sounds/vo/ragnaroslil_ultimate1used00.ogg	d8428b03383124b6b0f53607a2083de6	55928
mods/heroes.stormmod/enus.stormassets/localizeddata/sounds/vo/ragnaroslil_ultimate1used00_alt.ogg	46922d61746b10c7803fa8bb32852cff	58050
mods/heroes.stormmod/enus.stormassets/localizeddata/sounds/vo/ragnaroslil_ultimate1used01.ogg	4fcb5cb4314e2c25d8813b444d677ab1	41191
mods/heroes.stormmod/enus.stormassets/localizeddata/sounds/vo/ragnaroslil_ultimate1used02.ogg	fc817fc6a99b5d6e961d988fe2ba10f1	38892
mods/heroes.stormmod/enus.stormassets/localizeddata/sounds/vo/ragnaroslil_ultimate2used00.ogg	71d2b8b950b9148eba8d0dbd95ca8677	48524
mods/heroes.stormmod/enus.stormassets/localizeddata/sounds/vo/ragnaroslil_ultimate2used01.ogg	0aee5902e86528fb9bea9826155b0191	51335
mods/heroes.stormmod/enus.stormassets/localizeddata/sounds/vo/ragnaroslil_ultimate2used02.ogg	de4fe18911f54c967328b70d1e64bef2	45790
mods/heroes.stormmod/enus.stormassets/localizeddata/sounds/vo/ragnaroslil_voicelinefive00.ogg	c77003ecfe49dab83d77591a5cc08887	54966
mods/heroes.stormmod/enus.stormassets/localizeddata/sounds/vo/ragnaroslil_voicelinefour00.ogg	ff1575d593add6e33f62f2d684a2f362	44641
mods/heroes.stormmod/enus.stormassets/localizeddata/sounds/vo/ragnaroslil_voicelineone00.ogg	f499336d3a81fbe55b1808a114e6ccf5	58223
mods/heroes.stormmod/enus.stormassets/localizeddata/sounds/vo/ragnaroslil_voicelinethree00.ogg	7ab7f9b56753173c1f7f61440432d90c	43452
mods/heroes.stormmod/enus.stormassets/localizeddata/sounds/vo/ragnaroslil_voicelinetwo00.ogg	757aa072bc30caf9d25a58cedb5cf4a4	39523
mods/heroes.stormmod/enus.stormassets/localizeddata/sounds/vo/ragnaroslil_vox_attack00.ogg	063a440f9d8af43bae641d0d99f16424	15412
mods/heroes.stormmod/enus.stormassets/localizeddata/sounds/vo/ragnaroslil_vox_attack01.ogg	254d8c7df80855e795fe573091ebd1c8	18735
mods/heroes.stormmod/enus.stormassets/localizeddata/sounds/vo/ragnaroslil_vox_attack02.ogg	a07272721333258203eada3b1b447e23	18133
mods/heroes.stormmod/enus.stormassets/localizeddata/sounds/vo/ragnaroslil_vox_attack03.ogg	a1a91d844dddc27e677676c0a8e425c4	19376
mods/heroes.stormmod/enus.stormassets/localizeddata/sounds/vo/ragnaroslil_vox_attack04.ogg	ce8d54ae76b47e60bf1a70650349ec82	18817
mods/heroes.stormmod/enus.stormassets/localizeddata/sounds/vo/ragnaroslil_vox_attack05.ogg	5b1824a6163eed086f8ff6a6f9fa285b	19217
mods/heroes.stormmod/enus.stormassets/localizeddata/sounds/vo/ragnaroslil_vox_attack06.ogg	62fbe63034a0b328fcfe281c0a64cf8d	19150
mods/heroes.stormmod/enus.stormassets/localizeddata/sounds/vo/ragnaroslil_vox_attack07.ogg	39245afbe3f2ae1b9e04089948828240	19161
mods/heroes.stormmod/enus.stormassets/localizeddata/sounds/vo/ragnaroslil_vox_attack08.ogg	2ccc83aaa1be08a33f46b0eadd9f7378	16177
mods/heroes.stormmod/enus.stormassets/localizeddata/sounds/vo/ragnaroslil_vox_attack09.ogg	0dd203482ae4254b4baf01b06ebc0488	15731
mods/heroes.stormmod/enus.stormassets/localizeddata/sounds/vo/ragnaroslil_vox_attack10.ogg	3dac31604a1c7b88a7c47c5a4f48c3fb	15846
mods/heroes.stormmod/enus.stormassets/localizeddata/sounds/vo/ragnaroslil_vox_attack11.ogg	8e0b43c0505c1ca6266fa790f21b98f1	17302
mods/heroes.stormmod/enus.stormassets/localizeddata/sounds/vo/ragnaroslil_vox_attack12.ogg	7e4cb91c05a5e2bf17e45d08c7d9dccb	17142
mods/heroes.stormmod/enus.stormassets/localizeddata/sounds/vo/ragnaroslil_vox_attack13.ogg	3bdb8f14b3174303e1b674cb9f6e9565	18640
mods/heroes.stormmod/enus.stormassets/localizeddata/sounds/vo/ragnaroslil_vox_attack14.ogg	528a919d4be9dd892dce0a1f3fd42ab0	23768
mods/heroes.stormmod/enus.stormassets/localizeddata/sounds/vo/ragnaroslil_vox_attack15.ogg	3cbef5440dbe121ac9d46b0c40bee86b	16787
mods/heroes.stormmod/enus.stormassets/localizeddata/sounds/vo/ragnaroslil_vox_attack16.ogg	283124de351463bdb10ff68c656caed1	17393
mods/heroes.stormmod/enus.stormassets/localizeddata/sounds/vo/ragnaroslil_vox_castingd00.ogg	1f906252b9aa283aa84b97b3992b62e1	38996
mods/heroes.stormmod/enus.stormassets/localizeddata/sounds/vo/ragnaroslil_vox_castingd_enemyhears00.ogg	7fa5eb548e1e074e9d917622b8f04f6d	44038
mods/heroes.stormmod/enus.stormassets/localizeddata/sounds/vo/ragnaroslil_vox_castinge00.ogg	f0df04f20f38433d693cc797635acb96	29485
mods/heroes.stormmod/enus.stormassets/localizeddata/sounds/vo/ragnaroslil_vox_castinge01.ogg	7b8ec14f164b49d466d745648a570b16	27733
mods/heroes.stormmod/enus.stormassets/localizeddata/sounds/vo/ragnaroslil_vox_castinge02.ogg	c28294f56929b922cd434f7ee1f20f3e	30428
mods/heroes.stormmod/enus.stormassets/localizeddata/sounds/vo/ragnaroslil_vox_castinge03.ogg	6100ce3dcd476b0a7728fc149412f581	22472
mods/heroes.stormmod/enus.stormassets/localizeddata/sounds/vo/ragnaroslil_vox_castinge04.ogg	b9349d24650e4de1c0c732f58fd2a1df	28687
mods/heroes.stormmod/enus.stormassets/localizeddata/sounds/vo/ragnaroslil_vox_castinge05.ogg	b1325c84d61afab5a8a8ac77d2c4ce3d	27500
mods/heroes.stormmod/enus.stormassets/localizeddata/sounds/vo/ragnaroslil_vox_castinge06.ogg	564f35d85c66eac9e18f501a8ece3cd7	29763
mods/heroes.stormmod/enus.stormassets/localizeddata/sounds/vo/ragnaroslil_vox_castinge07.ogg	2b1fa3fe1bdaf8879464c7eaf37b123c	32546
mods/heroes.stormmod/enus.stormassets/localizeddata/sounds/vo/ragnaroslil_vox_castinge08.ogg	c119452d6cfb31c8d4567047336a1e38	32205
mods/heroes.stormmod/enus.stormassets/localizeddata/sounds/vo/ragnaroslil_vox_castinge09.ogg	b629b6ed4a53ea58cb73e4f6e46228b1	37167
mods/heroes.stormmod/enus.stormassets/localizeddata/sounds/vo/ragnaroslil_vox_castingq00.ogg	dc4ec482ecfadd9255263e3fc177cf26	22643
mods/heroes.stormmod/enus.stormassets/localizeddata/sounds/vo/ragnaroslil_vox_castingq01.ogg	b11bfb20c43ed1e9c27b9b7e9c368c16	20970
mods/heroes.stormmod/enus.stormassets/localizeddata/sounds/vo/ragnaroslil_vox_castingq02.ogg	1ffbcd0e5820e41505e7fa5a557ea957	21755
mods/heroes.stormmod/enus.stormassets/localizeddata/sounds/vo/ragnaroslil_vox_castingq03.ogg	376b36dd712fe6e8b3307839b60e479d	23206
mods/heroes.stormmod/enus.stormassets/localizeddata/sounds/vo/ragnaroslil_vox_castingq04.ogg	9ff9bc84dbfa0b2591bccd35dc50bd61	23416
mods/heroes.stormmod/enus.stormassets/localizeddata/sounds/vo/ragnaroslil_vox_castingq05.ogg	23cbb943e2872ee3b1568ab17077883c	19345
mods/heroes.stormmod/enus.stormassets/localizeddata/sounds/vo/ragnaroslil_vox_castingq06.ogg	8a264c247ac95e75f19ba3b1c428d821	22783
mods/heroes.stormmod/enus.stormassets/localizeddata/sounds/vo/ragnaroslil_vox_castingq07.ogg	6cda98c300d231e0f5abad168e95a980	20152
mods/heroes.stormmod/enus.stormassets/localizeddata/sounds/vo/ragnaroslil_vox_castingq08.ogg	c84dc7f0d7ec4c8a67b67555710e91b6	35405
mods/heroes.stormmod/enus.stormassets/localizeddata/sounds/vo/ragnaroslil_vox_castingq09.ogg	545eeb078491482c50357bb438eb3167	24866
mods/heroes.stormmod/enus.stormassets/localizeddata/sounds/vo/ragnaroslil_vox_castingq10.ogg	ae3d24f257c76733ab627fc0ec5da761	22987
mods/heroes.stormmod/enus.stormassets/localizeddata/sounds/vo/ragnaroslil_vox_castingq11.ogg	34cde30ea446e4d459c0122b175429fe	24785
mods/heroes.stormmod/enus.stormassets/localizeddata/sounds/vo/ragnaroslil_vox_castingqsmash00.ogg	6fc668182c2d2f0a21bd82ab472a216e	20529
mods/heroes.stormmod/enus.stormassets/localizeddata/sounds/vo/ragnaroslil_vox_castingqsmash01.ogg	1532e737a32ec1544bcd8c98db85b11a	20187
mods/heroes.stormmod/enus.stormassets/localizeddata/sounds/vo/ragnaroslil_vox_castingqsmash02.ogg	758ef8764927ff3531e1803350ac514b	21763
mods/heroes.stormmod/enus.stormassets/localizeddata/sounds/vo/ragnaroslil_vox_castingqsmash03.ogg	a138535fb30cc7a79d08e8f73fcb76c6	18558
mods/heroes.stormmod/enus.stormassets/localizeddata/sounds/vo/ragnaroslil_vox_castingqsmash04.ogg	b8e0fc6034d763e16555f87795c710ad	19455
mods/heroes.stormmod/enus.stormassets/localizeddata/sounds/vo/ragnaroslil_vox_castingqsmash05.ogg	6c8ac917d34d146a599b9dd7740147fe	19515
mods/heroes.stormmod/enus.stormassets/localizeddata/sounds/vo/ragnaroslil_vox_castingqsmash06.ogg	efb060ed0df42fca9b1851db41944a9e	20128
mods/heroes.stormmod/enus.stormassets/localizeddata/sounds/vo/ragnaroslil_vox_castingqsmash07.ogg	c93ba6bb26a51d29a85e3be7361159ad	20188
mods/heroes.stormmod/enus.stormassets/localizeddata/sounds/vo/ragnaroslil_vox_castingqsmash08.ogg	9c953d1a1a2eeee86b4bdecd4a2a6661	20666
mods/heroes.stormmod/enus.stormassets/localizeddata/sounds/vo/ragnaroslil_vox_castingqsmash09.ogg	7ff010e7bfd65cb99589558730059e4f	19924
mods/heroes.stormmod/enus.stormassets/localizeddata/sounds/vo/ragnaroslil_vox_castingw00.ogg	5258be507a245cf49046edf4dd14e327	23506
mods/heroes.stormmod/enus.stormassets/localizeddata/sounds/vo/ragnaroslil_vox_castingw01.ogg	987bf47ba10f056a83937048422fa79b	25263
mods/heroes.stormmod/enus.stormassets/localizeddata/sounds/vo/ragnaroslil_vox_castingw02.ogg	644a218f65f162a9089216deb448a8e4	21750
mods/heroes.stormmod/enus.stormassets/localizeddata/sounds/vo/ragnaroslil_vox_castingw03.ogg	c6196723b442c86311990e7611b4a726	33209
mods/heroes.stormmod/enus.stormassets/localizeddata/sounds/vo/ragnaroslil_vox_castingw04.ogg	2c2e73d3259574048aebfb26a032291c	20517
mods/heroes.stormmod/enus.stormassets/localizeddata/sounds/vo/ragnaroslil_vox_castingw05.ogg	e0f969576e807306eee0e2a4561b67ae	22060
mods/heroes.stormmod/enus.stormassets/localizeddata/sounds/vo/ragnaroslil_vox_castingw06.ogg	bebcc597d5d06bc5ede1b3d9dd9b68e5	24390
mods/heroes.stormmod/enus.stormassets/localizeddata/sounds/vo/ragnaroslil_vox_castingw07.ogg	1a890ae479f2f7bfd788d83583f6660c	21794
mods/heroes.stormmod/enus.stormassets/localizeddata/sounds/vo/ragnaroslil_vox_castingw08.ogg	b470f1ac90a070c158547c638dd89e1f	20868
mods/heroes.stormmod/enus.stormassets/localizeddata/sounds/vo/ragnaroslil_vox_castingw09.ogg	36bfe67638eef73b4ed3c3ed23f85bfc	21547
mods/heroes.stormmod/enus.stormassets/localizeddata/sounds/vo/ragnaroslil_vox_castingw10.ogg	d2411b7f1ea7c4c60393ea206a82221f	20442
mods/heroes.stormmod/enus.stormassets/localizeddata/sounds/vo/ragnaroslil_vox_cheer00.ogg	bec09f973c97aa8ed429020f1cd44f36	31776
mods/heroes.stormmod/enus.stormassets/localizeddata/sounds/vo/ragnaroslil_vox_cheer01.ogg	e73424e9500dc543fcf009b6bb9aba83	35296
mods/heroes.stormmod/enus.stormassets/localizeddata/sounds/vo/ragnaroslil_vox_cheer02.ogg	2f54f402795b7aca4dd4d9ae00d77f96	30705
mods/heroes.stormmod/enus.stormassets/localizeddata/sounds/vo/ragnaroslil_vox_cheer03.ogg	d6c8969d40af15981b43350ca91bd289	35567
mods/heroes.stormmod/enus.stormassets/localizeddata/sounds/vo/ragnaroslil_vox_cheer04.ogg	fb08ee1cb825c53d2b598755d8d52a71	32623
mods/heroes.stormmod/enus.stormassets/localizeddata/sounds/vo/ragnaroslil_vox_cheer05.ogg	0cdf72ede21912f5502fadbf3b6815bd	43176
mods/heroes.stormmod/enus.stormassets/localizeddata/sounds/vo/ragnaroslil_vox_dismiss00.ogg	7fb89e583068932081742670271e71c8	30188
mods/heroes.stormmod/enus.stormassets/localizeddata/sounds/vo/ragnaroslil_vox_dismiss01.ogg	338fb335d8fb2e4c2cf4130119f576b6	36441
mods/heroes.stormmod/enus.stormassets/localizeddata/sounds/vo/ragnaroslil_vox_dismiss02.ogg	8313c7df4e1d241bf672002a73564474	34860
mods/heroes.stormmod/enus.stormassets/localizeddata/sounds/vo/ragnaroslil_vox_dismiss03.ogg	7f25165ed2cf8f5281a658fbfc48b98c	34183
mods/heroes.stormmod/enus.stormassets/localizeddata/sounds/vo/ragnaroslil_vox_dismiss04.ogg	1bb60e078ce0005fd9ef1faba7fe8737	34298
mods/heroes.stormmod/enus.stormassets/localizeddata/sounds/vo/ragnaroslil_vox_dismiss05.ogg	6b7c9cdc5dfd5df5306c109e988c05e3	34096
mods/heroes.stormmod/enus.stormassets/localizeddata/sounds/vo/ragnaroslil_vox_dismiss06.ogg	fb5af211aeb59f3dca5357de0b6eb2ff	36153
mods/heroes.stormmod/enus.stormassets/localizeddata/sounds/vo/ragnaroslil_vox_dismiss07.ogg	3bd69588a4c04d758263d54eb9b80c28	34829
mods/heroes.stormmod/enus.stormassets/localizeddata/sounds/vo/ragnaroslil_vox_dizzy00.ogg	9131bc026d20858ab9e4a4f6b5f4973f	34242
mods/heroes.stormmod/enus.stormassets/localizeddata/sounds/vo/ragnaroslil_vox_dizzy01.ogg	098773bca182c91cbac3866852a1a028	29250
mods/heroes.stormmod/enus.stormassets/localizeddata/sounds/vo/ragnaroslil_vox_dizzy02.ogg	cadfda206b995889e8db73fd2e52efcb	41120
mods/heroes.stormmod/enus.stormassets/localizeddata/sounds/vo/ragnaroslil_vox_dizzy03.ogg	f35505b41831fa41b17bc460846749ed	33241
mods/heroes.stormmod/enus.stormassets/localizeddata/sounds/vo/ragnaroslil_vox_dizzy04.ogg	42a7a072eb57e03ad6230e5fb7fd2b4e	39710
mods/heroes.stormmod/enus.stormassets/localizeddata/sounds/vo/ragnaroslil_vox_dizzy05.ogg	94ac5b39424621f69c2dd9c9c22304c6	35563
mods/heroes.stormmod/enus.stormassets/localizeddata/sounds/vo/ragnaroslil_vox_dizzy06.ogg	34b3d17f0c0117983dbfd6a036205f37	37207
mods/heroes.stormmod/enus.stormassets/localizeddata/sounds/vo/ragnaroslil_vox_dizzy07.ogg	348abafb079443278e4b4e7e01143d4f	30306
mods/heroes.stormmod/enus.stormassets/localizeddata/sounds/vo/ragnaroslil_vox_gethitlarge00.ogg	dd34e1ef3c2005a08970b46a03e1f08b	25169
mods/heroes.stormmod/enus.stormassets/localizeddata/sounds/vo/ragnaroslil_vox_gethitlarge01.ogg	2477fb939efc70b07faf65024a9fa3b6	23446
mods/heroes.stormmod/enus.stormassets/localizeddata/sounds/vo/ragnaroslil_vox_gethitlarge02.ogg	dc5fbc3f335da2d448360f3e2ec623be	26755
mods/heroes.stormmod/enus.stormassets/localizeddata/sounds/vo/ragnaroslil_vox_gethitlarge03.ogg	ac0d3bb15cd7d9f17fe469f1b6f64796	27961
mods/heroes.stormmod/enus.stormassets/localizeddata/sounds/vo/ragnaroslil_vox_gethitlarge04.ogg	68749ec9b75cb3b26670b598255dbc89	28856
mods/heroes.stormmod/enus.stormassets/localizeddata/sounds/vo/ragnaroslil_vox_gethitlarge05.ogg	7bd09a0939e2bc24fe08dfdded13d2bd	33667
mods/heroes.stormmod/enus.stormassets/localizeddata/sounds/vo/ragnaroslil_vox_gethitlarge06.ogg	3a1dcf58f3d6d17379d2ce158fd317ca	27107
mods/heroes.stormmod/enus.stormassets/localizeddata/sounds/vo/ragnaroslil_vox_gethitlarge07.ogg	f097f8ab1fc5abee6afa2145cf10684f	28349
mods/heroes.stormmod/enus.stormassets/localizeddata/sounds/vo/ragnaroslil_vox_gethitlarge08.ogg	72e76c3306e44e588bd1821a5adcdaad	31048
mods/heroes.stormmod/enus.stormassets/localizeddata/sounds/vo/ragnaroslil_vox_gethitlarge09.ogg	020ccefa67c8997a4b0f1d0727eb733d	23281
mods/heroes.stormmod/enus.stormassets/localizeddata/sounds/vo/ragnaroslil_vox_gethitlarge10.ogg	e2d844de6dc11fff1e8b8ba5f7ee7b36	27203
mods/heroes.stormmod/enus.stormassets/localizeddata/sounds/vo/ragnaroslil_vox_gethitlarge11.ogg	7d7bcbd939679b58c8eff94bf678967a	25104
mods/heroes.stormmod/enus.stormassets/localizeddata/sounds/vo/ragnaroslil_vox_gethitsmall00.ogg	965eb9bddc3375ab3b003cc1037e1b4b	20159
mods/heroes.stormmod/enus.stormassets/localizeddata/sounds/vo/ragnaroslil_vox_gethitsmall01.ogg	2cc7f55c7c59817cc238bbbdbb6caa8f	18748
mods/heroes.stormmod/enus.stormassets/localizeddata/sounds/vo/ragnaroslil_vox_gethitsmall02.ogg	021a5d6e49c8b5a2a2d65fb9ad1a8577	19232
mods/heroes.stormmod/enus.stormassets/localizeddata/sounds/vo/ragnaroslil_vox_gethitsmall03.ogg	1959c936f0d2280984bf4420d5190535	19804
mods/heroes.stormmod/enus.stormassets/localizeddata/sounds/vo/ragnaroslil_vox_gethitsmall04.ogg	2b00c06c9d552e993884596cc1430d81	22295
mods/heroes.stormmod/enus.stormassets/localizeddata/sounds/vo/ragnaroslil_vox_gethitsmall05.ogg	f991001ca70f4572845ef2e5dd5f4d27	18566
mods/heroes.stormmod/enus.stormassets/localizeddata/sounds/vo/ragnaroslil_vox_gethitsmall06.ogg	cc1371dcf425d367cf553b205dfd1c68	18952
mods/heroes.stormmod/enus.stormassets/localizeddata/sounds/vo/ragnaroslil_vox_gethitsmall07.ogg	b7648665b3cf0eaf9aeeb2db99a2f681	20184
mods/heroes.stormmod/enus.stormassets/localizeddata/sounds/vo/ragnaroslil_vox_gethitsmall08.ogg	6b4c07aae32b4dbbb04d951b7a992142	17990
mods/heroes.stormmod/enus.stormassets/localizeddata/sounds/vo/ragnaroslil_vox_gethitsmall09.ogg	e75c92ac478e4e866e7bc0d025aed8aa	21649
mods/heroes.stormmod/enus.stormassets/localizeddata/sounds/vo/ragnaroslil_vox_gethitsmall10.ogg	6accf7246da4665a848ebb5ed996ef86	20089
mods/heroes.stormmod/enus.stormassets/localizeddata/sounds/vo/ragnaroslil_vox_gethitsmall11.ogg	cfa70af85ffede5030d3fb0a013f2fd2	17408
mods/heroes.stormmod/enus.stormassets/localizeddata/sounds/vo/ragnaroslil_vox_gethitsmall12.ogg	b94b4926b3499713c7ac5ebbc134a3cb	18024
mods/heroes.stormmod/enus.stormassets/localizeddata/sounds/vo/ragnaroslil_vox_gethitsmall13.ogg	7e9b6203970cb16a36a54597aad006a6	24968
mods/heroes.stormmod/enus.stormassets/localizeddata/sounds/vo/ragnaroslil_vox_gethitsmall14.ogg	43298d4211ea12e5f5c02d9c16d14075	19858
mods/heroes.stormmod/enus.stormassets/localizeddata/sounds/vo/ragnaroslil_vox_gethitsmall15.ogg	23f56bed83ea959b76d71d5cc1f9b8c2	19486
mods/heroes.stormmod/enus.stormassets/localizeddata/sounds/vo/ragnaroslil_vox_gethitsmall16.ogg	095e92bd2d83c1ba5fe8ea447a36e9a3	22367
mods/heroes.stormmod/enus.stormassets/localizeddata/sounds/vo/ragnaroslil_vox_gethitsmall17.ogg	692a339846e8984dfbab3237c1749dc5	21480
mods/heroes.stormmod/enus.stormassets/localizeddata/sounds/vo/ragnaroslil_vox_gethitsmall18.ogg	1764b80116c55246c9c66db80491780a	20197
mods/heroes.stormmod/enus.stormassets/localizeddata/sounds/vo/ragnaroslil_vox_gethitsmall19.ogg	9d8bca411c70e970b4521e36c2c33b6a	20420
mods/heroes.stormmod/enus.stormassets/localizeddata/sounds/vo/ragnaroslil_vox_gethitsmall20.ogg	3de0c074903cff7745ef2c9f21f16d3c	19784
mods/heroes.stormmod/enus.stormassets/localizeddata/sounds/vo/ragnaroslil_vox_moltenswing00.ogg	3c8a83ca55a0cecf2f72c8cf2547395c	25369
mods/heroes.stormmod/enus.stormassets/localizeddata/sounds/vo/ragnaroslil_vox_moltenswing01.ogg	7a6b98d1548292008a5a31fa11108011	25997
mods/heroes.stormmod/enus.stormassets/localizeddata/sounds/vo/ragnaroslil_vox_moltenswing02.ogg	7a3d498eca696d82bca6b3bee81707eb	25275
mods/heroes.stormmod/enus.stormassets/localizeddata/sounds/vo/ragnaroslil_vox_moltenswing03.ogg	c415641e8380b86ff09dda358281723e	29899
mods/heroes.stormmod/enus.stormassets/localizeddata/sounds/vo/ragnaroslil_vox_moltenswing04.ogg	f25835ea0c8c16de5e52b4c970eacbeb	22024
mods/heroes.stormmod/enus.stormassets/localizeddata/sounds/vo/ragnaroslil_vox_moltenswing05.ogg	8d197e851d522c43544113cadad2d31b	25532
mods/heroes.stormmod/enus.stormassets/localizeddata/sounds/vo/ragnaroslil_vox_moltenswing06.ogg	3ded22e803801176da980a80e579335a	26700
mods/heroes.stormmod/enus.stormassets/localizeddata/sounds/vo/ragnaroslil_vox_moltenswing07.ogg	01b17135e692a11ef9d8f15b97c910cd	26250
mods/heroes.stormmod/enus.stormassets/localizeddata/sounds/vo/ragnaroslil_vox_moltenswing08.ogg	9a68ac1a55195a69281d77c857af49ef	26578
mods/heroes.stormmod/enus.stormassets/localizeddata/sounds/vo/ragnaroslil_vox_moltenswing09.ogg	0b2f953ea2747efeab0b1ed2759b2f0c	26852
mods/heroes.stormmod/enus.stormassets/localizeddata/sounds/vo/ragnaroslil_vox_pulled00.ogg	d61f8ea0f8439e5f84246606a31c661e	26557
mods/heroes.stormmod/enus.stormassets/localizeddata/sounds/vo/ragnaroslil_vox_pulled01.ogg	2a28641e9017ad3ef5d3d4ecbf174aa5	24243
mods/heroes.stormmod/enus.stormassets/localizeddata/sounds/vo/ragnaroslil_vox_pulled02.ogg	ef0a55fbbdf64ffb05c1b9b0ecd3145d	24356
mods/heroes.stormmod/enus.stormassets/localizeddata/sounds/vo/ragnaroslil_vox_pulled03.ogg	494b9be5316c1829ca75794cbd36ee66	25157
mods/heroes.stormmod/enus.stormassets/localizeddata/sounds/vo/ragnaroslil_vox_pulled04.ogg	9aba17c1af1047b949d7a935d314de89	25370
mods/heroes.stormmod/enus.stormassets/localizeddata/sounds/vo/ragnaroslil_vox_pulled05.ogg	f1f696a86465ac72afb324e42142a205	23161
mods/heroes.stormmod/enus.stormassets/localizeddata/sounds/vo/ragnaroslil_vox_pulled06.ogg	1dcf96140d1afdbafe8ca1d795707a5b	28551
mods/heroes.stormmod/enus.stormassets/localizeddata/sounds/vo/ragnaroslil_worthit00.ogg	bbb16879496445f897d053bbf5b00512	61514
mods/heroes.stormmod/enus.stormassets/localizeddata/sounds/vo/ragnaroslil_worthit01.ogg	8ba46fe9fca0b462c21d3d1af82f39d7	81504
mods/heroes.stormmod/enus.stormassets/localizeddata/sounds/vo/ragnaroslil_yes00.ogg	f99ed707fb3361755766065c1ab1a595	42407
mods/heroes.stormmod/enus.stormassets/localizeddata/sounds/vo/ragnaroslil_yes01.ogg	1491c3ecf4ab7ecace2e6972e314e91c	45680
mods/heroes.stormmod/enus.stormassets/localizeddata/sounds/vo/ragnaroslil_yes02.ogg	30815b923318096e0c0eed76a5faa7f2	51584
mods/heroes.stormmod/enus.stormassets/localizeddata/sounds/vo/ragnaroslil_yes03.ogg	f91668c97a474b9c0bdf254d4180d48b	44063
mods/heroes.stormmod/enus.stormassets/localizeddata/sounds/vo/ragnaroslil_yes04.ogg	bdba8f9e8ce471459f9e29980ab64bf4	57076
mods/heroes.stormmod/enus.stormassets/localizeddata/sounds/vo/ragnaroslil_yes05.ogg	251b4fc05127fb82015dc231413f6e57	52894
mods/heroes.stormmod/enus.stormassets/localizeddata/sounds/vo/ragnaroslil_yes06.ogg	ad8a7d62564e7e4583a3676f885078ee	51469
mods/heroes.stormmod/enus.stormassets/localizeddata/sounds/vo/ragnaroslil_yes07.ogg	ef01a08c169ce004a3784c98a06aca60	50089
mods/heroes.stormmod/enus.stormassets/localizeddata/sounds/vo/ragnaroslil_yes08.ogg	32b186c5e988909061cd651b2b63acde	46696
mods/heroes.stormmod/enus.stormassets/localizeddata/sounds/vo/ragnaroslil_yes09.fxe	ee8ea38c234c510e4df9a8dd727e064c	1539
mods/heroes.stormmod/enus.stormassets/localizeddata/sounds/vo/ragnaroslil_yes09.ogg	34a9e996c81caebdd55671306f2bc3a4	61709
mods/heroes.stormmod/enus.stormassets/localizeddata/sounds/vo/ravenlord_castleattack_blue00.ogg	5619e999195c89a4f6af31dafebad691	51743
mods/heroes.stormmod/enus.stormassets/localizeddata/sounds/vo/ravenlord_castleattack_blue01.ogg	e31863a44f08a633dccc90ea45553cdc	42809
mods/heroes.stormmod/enus.stormassets/localizeddata/sounds/vo/ravenlord_castleattack_red00.ogg	0fa5671f70e9c949dd9db58895b1a36c	50584
mods/heroes.stormmod/enus.stormassets/localizeddata/sounds/vo/ravenlord_castleattack_red01.ogg	d294cac66694868041f22dc6c61133fb	43831
mods/heroes.stormmod/enus.stormassets/localizeddata/sounds/vo/ravenlord_castleattackally00.ogg	a2d6c1534ba59eed5feb1d293d660294	44865
mods/heroes.stormmod/enus.stormassets/localizeddata/sounds/vo/ravenlord_castleattackally00_alt.ogg	e8d157a834ed29865826f6605b35db60	52881
mods/heroes.stormmod/enus.stormassets/localizeddata/sounds/vo/ravenlord_castleattackally01.ogg	2ad97ca903fc0ebfe1ed5718420f936b	57883
mods/heroes.stormmod/enus.stormassets/localizeddata/sounds/vo/ravenlord_countdown10sec00.ogg	f36543691dba572604c8859bbdf73868	31971
mods/heroes.stormmod/enus.stormassets/localizeddata/sounds/vo/ravenlord_countdown1sec00.ogg	5afd1de08585f1d14c90e0eedf41b9e0	20171
mods/heroes.stormmod/enus.stormassets/localizeddata/sounds/vo/ravenlord_countdown2sec00.ogg	5447c4b63c7687a056b98b812adb175d	18666
mods/heroes.stormmod/enus.stormassets/localizeddata/sounds/vo/ravenlord_countdown30sec00.ogg	a3ace31823af83ee93dad2b69bcfa96e	61970
mods/heroes.stormmod/enus.stormassets/localizeddata/sounds/vo/ravenlord_countdown3sec00.ogg	3325d6f0e8dc77a134315be381ddc19f	18926
mods/heroes.stormmod/enus.stormassets/localizeddata/sounds/vo/ravenlord_countdown4sec00.ogg	14cf18ac64f718b6dc4595cdaedc4809	17969
mods/heroes.stormmod/enus.stormassets/localizeddata/sounds/vo/ravenlord_countdown5sec00.ogg	83186ce8874e48561c2feb23717aa2e7	18279
mods/heroes.stormmod/enus.stormassets/localizeddata/sounds/vo/ravenlord_countdownremain00.ogg	593ceb8f9c1af2b096581785470eea01	36387
mods/heroes.stormmod/enus.stormassets/localizeddata/sounds/vo/ravenlord_doublekill00.ogg	313c94c135fca51dbdc9cd4e18c07173	30773
mods/heroes.stormmod/enus.stormassets/localizeddata/sounds/vo/ravenlord_doublekill01.ogg	9dbe5cf40f1a1e5af2986e3135340e8b	30859
mods/heroes.stormmod/enus.stormassets/localizeddata/sounds/vo/ravenlord_doublekill02.ogg	bcf2d762f5a95cfeebc0445d54a7d928	42360
mods/heroes.stormmod/enus.stormassets/localizeddata/sounds/vo/ravenlord_draft_banblue01.ogg	c0d82d200f7b229c60a6b13d5679b7f6	54672
mods/heroes.stormmod/enus.stormassets/localizeddata/sounds/vo/ravenlord_draft_banblue03.ogg	25b127e2632179d65ec9ed1770d504ea	44959
mods/heroes.stormmod/enus.stormassets/localizeddata/sounds/vo/ravenlord_draft_banred01.ogg	e8a40799fe4fab765dbcb4417e463060	46908
mods/heroes.stormmod/enus.stormassets/localizeddata/sounds/vo/ravenlord_draft_banred03.ogg	0da02029db0a4eaac3700e74694aaa66	29004
mods/heroes.stormmod/enus.stormassets/localizeddata/sounds/vo/ravenlord_draft_bluetored01.ogg	0d446cec790f146de67e30ab5afd1fb5	50862
mods/heroes.stormmod/enus.stormassets/localizeddata/sounds/vo/ravenlord_draft_bluetored03.ogg	d7aaefd9aa860d789eb830502bd4525e	47919
mods/heroes.stormmod/enus.stormassets/localizeddata/sounds/vo/ravenlord_draft_bluetored05.ogg	66f4ced02af4de9a60f39707d65a4321	51035
mods/heroes.stormmod/enus.stormassets/localizeddata/sounds/vo/ravenlord_draft_coinblue01.ogg	f2ac9e30b39a96c1ccf9e35ea99aee4a	35046
mods/heroes.stormmod/enus.stormassets/localizeddata/sounds/vo/ravenlord_draft_coinblue03.ogg	d2ce7d35f75b086556f6e3758531a7e1	30232
mods/heroes.stormmod/enus.stormassets/localizeddata/sounds/vo/ravenlord_draft_coinred01.ogg	69ba5e3d11eb89aeba114c53e50879ad	36064
mods/heroes.stormmod/enus.stormassets/localizeddata/sounds/vo/ravenlord_draft_coinred03.ogg	d367436e9d7cb387d08f077fd6d00c75	31266
mods/heroes.stormmod/enus.stormassets/localizeddata/sounds/vo/ravenlord_draft_firstblue01.ogg	9950c5ef64907815cc16316001f530e4	59919
mods/heroes.stormmod/enus.stormassets/localizeddata/sounds/vo/ravenlord_draft_firstred01.ogg	8de3e135f27c5cd0a141f8e085a87653	46392
mods/heroes.stormmod/enus.stormassets/localizeddata/sounds/vo/ravenlord_draft_last00.ogg	7194703fd0b37cc0b6e68206f8ca3ceb	70029
mods/heroes.stormmod/enus.stormassets/localizeddata/sounds/vo/ravenlord_draft_last01.ogg	ebb7b40fdf823a16e06c60b8ca76b3c3	81969
mods/heroes.stormmod/enus.stormassets/localizeddata/sounds/vo/ravenlord_draft_last02.ogg	3cbfa5fc2a8e30f685d349807e825d21	59610
mods/heroes.stormmod/enus.stormassets/localizeddata/sounds/vo/ravenlord_draft_last03.ogg	fbc53821c1596b222c48906dc0820ae9	47519
mods/heroes.stormmod/enus.stormassets/localizeddata/sounds/vo/ravenlord_draft_map00.ogg	15482d00976ca2d359d1c36a2b1eaf28	40974
mods/heroes.stormmod/enus.stormassets/localizeddata/sounds/vo/ravenlord_draft_map02.ogg	4e825a01f2eb7ec67a42eba512718739	55579
mods/heroes.stormmod/enus.stormassets/localizeddata/sounds/vo/ravenlord_draft_redtoblue01.ogg	6a58c54c2c615d9fa57d75480398b5ae	42385
mods/heroes.stormmod/enus.stormassets/localizeddata/sounds/vo/ravenlord_draft_redtoblue03.ogg	0951324762ca270ba91f438c65a58407	74164
mods/heroes.stormmod/enus.stormassets/localizeddata/sounds/vo/ravenlord_draft_redtoblue05.ogg	17688d431da2214f1c2e9dba7eb702df	74370
mods/heroes.stormmod/enus.stormassets/localizeddata/sounds/vo/ravenlord_draft_timerup01.ogg	d7d34f269691cde7a24c0b53bada9301	101313
mods/heroes.stormmod/enus.stormassets/localizeddata/sounds/vo/ravenlord_draft_yourturn01.ogg	b8d08b7901ca19e3e62dcca21aa5b5cd	71861
mods/heroes.stormmod/enus.stormassets/localizeddata/sounds/vo/ravenlord_ending_blue00.ogg	7e0a499c72dadd124a15a48cc7c77633	41986
mods/heroes.stormmod/enus.stormassets/localizeddata/sounds/vo/ravenlord_ending_red00.ogg	04bb013ed9388c4bcd7b3f10177ebf5c	43405
mods/heroes.stormmod/enus.stormassets/localizeddata/sounds/vo/ravenlord_endinglose00.ogg	4f3e41703819f6e6d6ed2a512585f780	27539
mods/heroes.stormmod/enus.stormassets/localizeddata/sounds/vo/ravenlord_endinglose01.ogg	5246fc2c4cb87634cb81ae3489323232	38340
mods/heroes.stormmod/enus.stormassets/localizeddata/sounds/vo/ravenlord_endinglose02.ogg	cc1534dcc6bb8849dc594df50f40bb40	42125
mods/heroes.stormmod/enus.stormassets/localizeddata/sounds/vo/ravenlord_endinglose_tod00.ogg	03ccb641b981b0d10566672a56e52efe	62338
mods/heroes.stormmod/enus.stormassets/localizeddata/sounds/vo/ravenlord_endinglose_tod01.ogg	7ecebc06608b55b3f6112398ca93d6e6	57373
mods/heroes.stormmod/enus.stormassets/localizeddata/sounds/vo/ravenlord_endingwin00.ogg	3da82c6956f9d2a01a9e421b8b7808e8	29692
mods/heroes.stormmod/enus.stormassets/localizeddata/sounds/vo/ravenlord_endingwin01.ogg	cd3debc0abf96cfad4cb402fe58e7061	37894
mods/heroes.stormmod/enus.stormassets/localizeddata/sounds/vo/ravenlord_endingwin02.ogg	eedac8c2d4de6804ab3832e6dae037af	68229
mods/heroes.stormmod/enus.stormassets/localizeddata/sounds/vo/ravenlord_endingwin_tod00.ogg	fddd725e43b0978f1625ba8df040ce3b	50719
mods/heroes.stormmod/enus.stormassets/localizeddata/sounds/vo/ravenlord_epic00.ogg	ea5ee0236350d66ac6ece68b378ab5c5	29681
mods/heroes.stormmod/enus.stormassets/localizeddata/sounds/vo/ravenlord_firstblood_blue00.ogg	973ff7b6fd87fda76c808c53b4031ae2	48781
mods/heroes.stormmod/enus.stormassets/localizeddata/sounds/vo/ravenlord_firstblood_red00.ogg	351924138870670f64f2345219ebe33a	46800
mods/heroes.stormmod/enus.stormassets/localizeddata/sounds/vo/ravenlord_firstbloodally00.ogg	7667784f3740309350b9e1b33fe50de5	35383
mods/heroes.stormmod/enus.stormassets/localizeddata/sounds/vo/ravenlord_fourkill00.ogg	162791f6972ebcaac4db3cc621cebdc8	33293
mods/heroes.stormmod/enus.stormassets/localizeddata/sounds/vo/ravenlord_gamestart00.ogg	c200dd7c88a84fe8144c207a6d5bd047	45611
mods/heroes.stormmod/enus.stormassets/localizeddata/sounds/vo/ravenlord_gamestart01.ogg	c5d02c3b023f2d82b678062f42da4a1b	55729
mods/heroes.stormmod/enus.stormassets/localizeddata/sounds/vo/ravenlord_gamestart02.ogg	e8c994aef342dec46732a26ec45d11a5	24397
mods/heroes.stormmod/enus.stormassets/localizeddata/sounds/vo/ravenlord_gravestomp00.ogg	e5cb269d5a7055dec1a4bde6d5d77ce2	48295
mods/heroes.stormmod/enus.stormassets/localizeddata/sounds/vo/ravenlord_gravestomp01.ogg	3a36125522be4bf98fe78677c01c430c	27575
mods/heroes.stormmod/enus.stormassets/localizeddata/sounds/vo/ravenlord_gravestomp_observer00.ogg	70ba95e05e9993691fda840e258acdbb	32465
mods/heroes.stormmod/enus.stormassets/localizeddata/sounds/vo/ravenlord_health00.ogg	f6efd7a3ff6ad4fdfa181b0f5ef98c9b	41574
mods/heroes.stormmod/enus.stormassets/localizeddata/sounds/vo/ravenlord_herokill00.ogg	57665427fe460a6650c877f12a014920	52286
mods/heroes.stormmod/enus.stormassets/localizeddata/sounds/vo/ravenlord_herokill01.ogg	1631e7b7b7e3d17aa873becc833f2ad8	30693
mods/heroes.stormmod/enus.stormassets/localizeddata/sounds/vo/ravenlord_herokill02.ogg	8659e95151382f45972cfa3f77063fbd	40248
mods/heroes.stormmod/enus.stormassets/localizeddata/sounds/vo/ravenlord_herokill03.ogg	01785b3bab12347e26ca147f6bdff38b	35624
mods/heroes.stormmod/enus.stormassets/localizeddata/sounds/vo/ravenlord_herokill04.ogg	f15fed60f6db5f46da7e947797a26076	35285
mods/heroes.stormmod/enus.stormassets/localizeddata/sounds/vo/ravenlord_herokill05.ogg	6ae974a2fc4f9066b6bea52fc71aed35	52142
mods/heroes.stormmod/enus.stormassets/localizeddata/sounds/vo/ravenlord_herokill06.ogg	17c1a55910ca3ca49b12471e907d32ff	61731
mods/heroes.stormmod/enus.stormassets/localizeddata/sounds/vo/ravenlord_herokill07_alt.ogg	c1b587356652cecf80d88a09137f8b77	45289
mods/heroes.stormmod/enus.stormassets/localizeddata/sounds/vo/ravenlord_herokill08_alt1.ogg	da823d9211055856d1f3bea838eb5e78	35280
mods/heroes.stormmod/enus.stormassets/localizeddata/sounds/vo/ravenlord_herokill_tod00.ogg	7ed30d9620b54e3cad13ab1cdc69ba96	58695
mods/heroes.stormmod/enus.stormassets/localizeddata/sounds/vo/ravenlord_herokill_tod01.ogg	84ce8d79572df5ba49f346b2fe2bab18	61745
mods/heroes.stormmod/enus.stormassets/localizeddata/sounds/vo/ravenlord_heroselect00.ogg	4cb9ad4949d14946d89d7d542b012ab6	61205
mods/heroes.stormmod/enus.stormassets/localizeddata/sounds/vo/ravenlord_heroselect_observer00.ogg	bc834123e762437b246aabfac96856ee	51591
mods/heroes.stormmod/enus.stormassets/localizeddata/sounds/vo/ravenlord_heroselectplayer00.ogg	b99e3b3acfe239050c6afaa8e5e913f7	87048
mods/heroes.stormmod/enus.stormassets/localizeddata/sounds/vo/ravenlord_heroselectplayer01.ogg	958a376577901be90f6e3f3bf1186ec5	145366
mods/heroes.stormmod/enus.stormassets/localizeddata/sounds/vo/ravenlord_heroselectplayer02.ogg	bad456f91b4cc1f0dd66384948046d73	139527
mods/heroes.stormmod/enus.stormassets/localizeddata/sounds/vo/ravenlord_heroslain00.ogg	c02ec7bc6609e2419597a7e29e198da6	37866
mods/heroes.stormmod/enus.stormassets/localizeddata/sounds/vo/ravenlord_heroslain01.ogg	93da3cc0a4b949a0c64c6dadb0c6787f	41269
mods/heroes.stormmod/enus.stormassets/localizeddata/sounds/vo/ravenlord_heroslain02.ogg	20ed268e4338b3b4d9ff3954eef3b152	31219
mods/heroes.stormmod/enus.stormassets/localizeddata/sounds/vo/ravenlord_heroslain03.ogg	db76644425ec12c51db92bf80b93b9c6	28511
mods/heroes.stormmod/enus.stormassets/localizeddata/sounds/vo/ravenlord_heroslain04.ogg	98df0b22300f645fe60756835d6f0dfd	44632
mods/heroes.stormmod/enus.stormassets/localizeddata/sounds/vo/ravenlord_heroslain05.ogg	7d605a21c04567beb62c237f0d00bd1b	77650
mods/heroes.stormmod/enus.stormassets/localizeddata/sounds/vo/ravenlord_heroslain06.ogg	f363b2c386cf94e6ed4d002938e3a8d1	28444
mods/heroes.stormmod/enus.stormassets/localizeddata/sounds/vo/ravenlord_heroslain07.ogg	415cbf91b2344f7b3bb5f8b0c51b7693	43243
mods/heroes.stormmod/enus.stormassets/localizeddata/sounds/vo/ravenlord_heroslain_tod00.ogg	53f99b1d38771a99489a4d1d598f9a74	68372
mods/heroes.stormmod/enus.stormassets/localizeddata/sounds/vo/ravenlord_heroslain_tod01.ogg	76ef4b6152ae3ed667252289ac375099	49816
mods/heroes.stormmod/enus.stormassets/localizeddata/sounds/vo/ravenlord_keepdestroy00.ogg	1bde73db57bba394c438fb337ffcc866	38881
mods/heroes.stormmod/enus.stormassets/localizeddata/sounds/vo/ravenlord_keepdestroy01.ogg	bba7e4270a6ea899f2fb32b96f18a579	37271
mods/heroes.stormmod/enus.stormassets/localizeddata/sounds/vo/ravenlord_keepdestroy02.ogg	16700f657f00c73b54c8c34163143478	60247
mods/heroes.stormmod/enus.stormassets/localizeddata/sounds/vo/ravenlord_keepdestroy03.ogg	87a309284ad0103b72b13ca4a4f6166f	73737
mods/heroes.stormmod/enus.stormassets/localizeddata/sounds/vo/ravenlord_keepdestroy03_alt.ogg	21b1d467af82bf037043f3b90a70ab12	79848
mods/heroes.stormmod/enus.stormassets/localizeddata/sounds/vo/ravenlord_keepdestroy_blue00.ogg	41c08b541c47d1adff53768ff1fb6d3c	47772
mods/heroes.stormmod/enus.stormassets/localizeddata/sounds/vo/ravenlord_keepdestroy_blue01.ogg	b44c674f33980a3a90792cb21deaf5cd	52877
mods/heroes.stormmod/enus.stormassets/localizeddata/sounds/vo/ravenlord_keepdestroy_red00.ogg	5b2b76827c26876a576cb3eed3a4288c	51352
mods/heroes.stormmod/enus.stormassets/localizeddata/sounds/vo/ravenlord_keepdestroy_red01.ogg	b705c97376cb00cb7c8298fea8d72621	54781
mods/heroes.stormmod/enus.stormassets/localizeddata/sounds/vo/ravenlord_keeplost00.ogg	898ae8a1ecbd81d21a156110e1b64ddf	64986
mods/heroes.stormmod/enus.stormassets/localizeddata/sounds/vo/ravenlord_keeplost01.ogg	61fda61312ac79541dd7ebeb331a4671	32868
mods/heroes.stormmod/enus.stormassets/localizeddata/sounds/vo/ravenlord_keeplost02.ogg	eca8ea4380faf805dc1083cbff75a697	49147
mods/heroes.stormmod/enus.stormassets/localizeddata/sounds/vo/ravenlord_keeplost03.ogg	0b4184169d6c2f3e27a9bb92b2a58fdc	45499
mods/heroes.stormmod/enus.stormassets/localizeddata/sounds/vo/ravenlord_kill_observer00.ogg	6c67d255c45a931d5be0eb595a171fcf	33942
mods/heroes.stormmod/enus.stormassets/localizeddata/sounds/vo/ravenlord_kill_observer01.ogg	5a46f14ae4f9942fa23218ebba760579	33547
mods/heroes.stormmod/enus.stormassets/localizeddata/sounds/vo/ravenlord_kill_observer02.ogg	a59d5a9f0e43cccdd098e9430d8b231d	37284
mods/heroes.stormmod/enus.stormassets/localizeddata/sounds/vo/ravenlord_kill_observer03.ogg	353e1b0c1cdef5ddf6ebc96523aa0e58	41235
mods/heroes.stormmod/enus.stormassets/localizeddata/sounds/vo/ravenlord_kill_observer04.ogg	ec292917949eeebe047921ba983285fe	38132
mods/heroes.stormmod/enus.stormassets/localizeddata/sounds/vo/ravenlord_legendary00.ogg	084de504a97f4d440098808ba205d845	45476
mods/heroes.stormmod/enus.stormassets/localizeddata/sounds/vo/ravenlord_levelannounce01.ogg	03a59f27a4d1a93c55defea0f06bba75	32152
mods/heroes.stormmod/enus.stormassets/localizeddata/sounds/vo/ravenlord_mana00.ogg	9d1f9b97053228daa0bc9a73b5ae6617	42180
mods/heroes.stormmod/enus.stormassets/localizeddata/sounds/vo/ravenlord_megakill00.ogg	aa68baf0178f037c47c84f675d92d9d9	35668
mods/heroes.stormmod/enus.stormassets/localizeddata/sounds/vo/ravenlord_merccapture_blue00.ogg	5fe9b7d5c00a40e025bb02488c147c3c	56170
mods/heroes.stormmod/enus.stormassets/localizeddata/sounds/vo/ravenlord_merccapture_red00.ogg	92c1776b2e37b80d29fb8bcf620e1ed9	55503
mods/heroes.stormmod/enus.stormassets/localizeddata/sounds/vo/ravenlord_mvp00.ogg	c40aa08d3428c8e005d59e35430b0228	42692
mods/heroes.stormmod/enus.stormassets/localizeddata/sounds/vo/ravenlord_mvp01.ogg	2111935532b85df4397b4f391f6f32cb	63814
mods/heroes.stormmod/enus.stormassets/localizeddata/sounds/vo/ravenlord_outpostdestroy00.ogg	1a11bc10fb213a369d9a6e92dc59cb0d	41407
mods/heroes.stormmod/enus.stormassets/localizeddata/sounds/vo/ravenlord_outpostdestroy01.ogg	f12f6191d6212bca28abf1bf238b2424	39526
mods/heroes.stormmod/enus.stormassets/localizeddata/sounds/vo/ravenlord_outpostdestroy02.ogg	baf49fd12bc0e0f70b8b7bcb94810104	30335
mods/heroes.stormmod/enus.stormassets/localizeddata/sounds/vo/ravenlord_outpostdestroy03.ogg	0ce197755bee51cd981eb5dc3f89de9f	34748
mods/heroes.stormmod/enus.stormassets/localizeddata/sounds/vo/ravenlord_outpostdestroy04_alt4.ogg	5ae4a96d8c2c2516b6016e1a1987eeec	70422
mods/heroes.stormmod/enus.stormassets/localizeddata/sounds/vo/ravenlord_outpostdestroy05_alt.ogg	ed2ac0b07a641f076e815068b77464f4	56627
mods/heroes.stormmod/enus.stormassets/localizeddata/sounds/vo/ravenlord_outpostdestroy_blue00.ogg	867b173e5993d8d6b05f282a211498a0	52920
mods/heroes.stormmod/enus.stormassets/localizeddata/sounds/vo/ravenlord_outpostdestroy_blue01.ogg	0709d51bd02cbc5bf96c732adcf3e425	50348
mods/heroes.stormmod/enus.stormassets/localizeddata/sounds/vo/ravenlord_outpostdestroy_red00.ogg	6264d1bda33283d38431c453b67c5285	52293
mods/heroes.stormmod/enus.stormassets/localizeddata/sounds/vo/ravenlord_outpostdestroy_red01.ogg	0df0136f9a5dbf1e0ce5acc43e90650c	47362
mods/heroes.stormmod/enus.stormassets/localizeddata/sounds/vo/ravenlord_outpostlost00.ogg	20bd233e7c69a19196009b70b350dc68	49927
mods/heroes.stormmod/enus.stormassets/localizeddata/sounds/vo/ravenlord_outpostlost01.ogg	1da0fedc36f18d41beaec213cade277e	48150
mods/heroes.stormmod/enus.stormassets/localizeddata/sounds/vo/ravenlord_outpostlost02.ogg	d7ed2b2b0328d094d80d20d84b40ef57	46179
mods/heroes.stormmod/enus.stormassets/localizeddata/sounds/vo/ravenlord_outpostlost03.ogg	286681c55ec0ccf7d58ba3422ece0271	31786
mods/heroes.stormmod/enus.stormassets/localizeddata/sounds/vo/ravenlord_outpostlost04.ogg	031c57a801a167eba91d8551a7ddb22d	39085
mods/heroes.stormmod/enus.stormassets/localizeddata/sounds/vo/ravenlord_outpostlost05_alt1.ogg	95da081061e659208ae821038d7111cb	61682
mods/heroes.stormmod/enus.stormassets/localizeddata/sounds/vo/ravenlord_playerabandon00.ogg	80a53bfe65c285a260cdf97f04069466	74552
mods/heroes.stormmod/enus.stormassets/localizeddata/sounds/vo/ravenlord_playerrejoin00.ogg	38445dc5372f1db4045eff508cc62b61	47915
mods/heroes.stormmod/enus.stormassets/localizeddata/sounds/vo/ravenlord_revive00.ogg	a5a07c0cc72b3827cdea79e2610282e2	50982
mods/heroes.stormmod/enus.stormassets/localizeddata/sounds/vo/ravenlord_revive_observer00.ogg	57a5fa0b93496db4f94150f7f7d70287	44291
mods/heroes.stormmod/enus.stormassets/localizeddata/sounds/vo/ravenlord_spreeend00.ogg	6cb67686da0adedce2c6f456658f5439	54730
mods/heroes.stormmod/enus.stormassets/localizeddata/sounds/vo/ravenlord_spreeend_ally00.ogg	bb12c1d94be2bb973752d61516160c03	54796
mods/heroes.stormmod/enus.stormassets/localizeddata/sounds/vo/ravenlord_spreefirstupgrade00.ogg	924fd38a61a2dfc8eb8afab566ac656a	30268
mods/heroes.stormmod/enus.stormassets/localizeddata/sounds/vo/ravenlord_spreemax00.ogg	f96538e099792620af7edfa41599b5cd	47046
mods/heroes.stormmod/enus.stormassets/localizeddata/sounds/vo/ravenlord_spreesecondupgrade00.ogg	241a3eb955522b37dfbc62225f45fb5d	30454
mods/heroes.stormmod/enus.stormassets/localizeddata/sounds/vo/ravenlord_spreestart00.ogg	e9bf94c8d2a74a8060b53523bd68a160	32119
mods/heroes.stormmod/enus.stormassets/localizeddata/sounds/vo/ravenlord_spreethirdupgrade00.ogg	b8bcab5eb3a55166cba20ca6ea74ca8e	36371
mods/heroes.stormmod/enus.stormassets/localizeddata/sounds/vo/ravenlord_talentunlock00.ogg	12fbb63b0de3a96bcf680edce518293e	32363
mods/heroes.stormmod/enus.stormassets/localizeddata/sounds/vo/ravenlord_talentunlock01.ogg	dc836c9959ec7208ecc3367892423e51	62709
mods/heroes.stormmod/enus.stormassets/localizeddata/sounds/vo/ravenlord_talentunlock02.ogg	75d948df0980907692f0fbebd6e3c4b6	39352
mods/heroes.stormmod/enus.stormassets/localizeddata/sounds/vo/ravenlord_talentunlock03.ogg	797afd2eb7c93f42e0306dd89d908e81	43570
mods/heroes.stormmod/enus.stormassets/localizeddata/sounds/vo/ravenlord_teamkill00.ogg	f5ca23957e314255b7bdd002c450d558	48706
mods/heroes.stormmod/enus.stormassets/localizeddata/sounds/vo/ravenlord_teamkill_blue00.ogg	c6ab1134bb469eeef450775d7fbc47ac	45600
mods/heroes.stormmod/enus.stormassets/localizeddata/sounds/vo/ravenlord_teamkill_red00.ogg	1eb6c74cb34ebe178aa516cf047fde44	49636
mods/heroes.stormmod/enus.stormassets/localizeddata/sounds/vo/ravenlord_triplekill00.ogg	0f6677d2ae7e58a0ee3199be3ecab0f4	35655
mods/heroes.stormmod/enus.stormassets/localizeddata/sounds/vo/ravenlord_triplekill01.ogg	dd4a0b3774ff9ecac1d42d735bf9f34b	36227
mods/heroes.stormmod/enus.stormassets/localizeddata/sounds/vo/ravenlord_triplekill02.ogg	4efa2d1883db68c56b4371d29c7e4714	45877
mods/heroes.stormmod/enus.stormassets/localizeddata/sounds/vo/ravenlord_vox_laugher02.ogg	8c9f495632f1939c0290c91147a5a1e2	43892
mods/heroes.stormmod/enus.stormassets/localizeddata/sounds/vo/ravenlord_vox_laugher08.ogg	38a3658cc01856c983ad7c3483ff381f	57706
mods/heroes.stormmod/enus.stormassets/localizeddata/sounds/vo/raynor_ai_attack00.fxe	bea49273324c35485ed136cd9e638cc4	2167
mods/heroes.stormmod/enus.stormassets/localizeddata/sounds/vo/raynor_ai_attack00.ogg	d0de582114dee33f66809f38e1ab4604	36524
mods/heroes.stormmod/enus.stormassets/localizeddata/sounds/vo/raynor_ai_attack01.fxe	1cb772eef314615b962700c3729ddaf6	1575
mods/heroes.stormmod/enus.stormassets/localizeddata/sounds/vo/raynor_ai_attack01.ogg	a42925a51bee2569894280ddfbc8dca2	21597
mods/heroes.stormmod/enus.stormassets/localizeddata/sounds/vo/raynor_ai_attack02.fxe	3bb8665192772cf4d26065a914c8b7c6	1383
mods/heroes.stormmod/enus.stormassets/localizeddata/sounds/vo/raynor_ai_attack02.ogg	42523f9559a7aa20982b5b063cecaf58	19745
mods/heroes.stormmod/enus.stormassets/localizeddata/sounds/vo/raynor_ai_caution00.fxe	1fa12ec59b558b688a0bd726542a06b3	3048
mods/heroes.stormmod/enus.stormassets/localizeddata/sounds/vo/raynor_ai_caution00.ogg	b430eff030d0298836705050f8097416	44262
mods/heroes.stormmod/enus.stormassets/localizeddata/sounds/vo/raynor_ai_goodjob00.fxe	bbfdd45e4b26e2fa533d212966419ace	1640
mods/heroes.stormmod/enus.stormassets/localizeddata/sounds/vo/raynor_ai_goodjob00.ogg	78600a2acaed1dc51cc6d71cfa334d82	39586
mods/heroes.stormmod/enus.stormassets/localizeddata/sounds/vo/raynor_ai_goodjob01.fxe	e261c2652819dc8525c11145acaf3b01	2232
mods/heroes.stormmod/enus.stormassets/localizeddata/sounds/vo/raynor_ai_goodjob01.ogg	8696dd9ba3ebd38ff06803770e4b58c8	33883
mods/heroes.stormmod/enus.stormassets/localizeddata/sounds/vo/raynor_ai_goodjob02.fxe	0e999a56490ff6b0ced60e077269a8fb	936
mods/heroes.stormmod/enus.stormassets/localizeddata/sounds/vo/raynor_ai_goodjob02.ogg	2775b3055e68b666e725761767e0beac	23620
mods/heroes.stormmod/enus.stormassets/localizeddata/sounds/vo/raynor_ai_heal00.fxe	4966a3a1040bad89d57a83d1e233d563	2341
mods/heroes.stormmod/enus.stormassets/localizeddata/sounds/vo/raynor_ai_heal00.ogg	b03639e899f1558fa4b7dabe61c53045	27212
mods/heroes.stormmod/enus.stormassets/localizeddata/sounds/vo/raynor_ai_heal01.fxe	c77608110b01c412d4a6a6ee223c94d9	3413
mods/heroes.stormmod/enus.stormassets/localizeddata/sounds/vo/raynor_ai_heal01.ogg	7f38fcca5c5f69534bbe9a94489be81a	45678
mods/heroes.stormmod/enus.stormassets/localizeddata/sounds/vo/raynor_ai_onmyway00.fxe	705bafa88292f3696d92982d70c480c0	1512
mods/heroes.stormmod/enus.stormassets/localizeddata/sounds/vo/raynor_ai_onmyway00.ogg	b44749c4d0acec2a7e41757a2c5e53ab	18765
mods/heroes.stormmod/enus.stormassets/localizeddata/sounds/vo/raynor_ai_onmyway01.fxe	f8461cd838125a065f28ea9744c0c725	2584
mods/heroes.stormmod/enus.stormassets/localizeddata/sounds/vo/raynor_ai_onmyway01.ogg	82e035324189633e8cd167009b69ad56	31283
mods/heroes.stormmod/enus.stormassets/localizeddata/sounds/vo/raynor_ai_retreat00.fxe	bb5847e1ead92b3368c6fe04e3708155	2360
mods/heroes.stormmod/enus.stormassets/localizeddata/sounds/vo/raynor_ai_retreat00.ogg	a6c04e862082d533f797b9d2de9aa775	37709
mods/heroes.stormmod/enus.stormassets/localizeddata/sounds/vo/raynor_ai_retreat01.fxe	bdc2e273dc46e3b1d9fedbd51cdca76f	1928
mods/heroes.stormmod/enus.stormassets/localizeddata/sounds/vo/raynor_ai_retreat01.ogg	ec7cbd8895d6aed5d5931167be9971ed	25487
mods/heroes.stormmod/enus.stormassets/localizeddata/sounds/vo/raynor_ai_uhoh00.fxe	ab27b87d9d418a859bb2e30cdff337ca	1093
mods/heroes.stormmod/enus.stormassets/localizeddata/sounds/vo/raynor_ai_uhoh00.ogg	ace2ae43e2fcae63e23dfa09450efaf1	14570
mods/heroes.stormmod/enus.stormassets/localizeddata/sounds/vo/raynor_ai_uhoh01.fxe	2e2007033c7c21722e4b0a25e9531db1	2245
mods/heroes.stormmod/enus.stormassets/localizeddata/sounds/vo/raynor_ai_uhoh01.ogg	ac9bd72276e1b682c28a42344daf69c6	27493
mods/heroes.stormmod/enus.stormassets/localizeddata/sounds/vo/raynor_ai_uhoh02.fxe	939d934e4fe239ec944a1e4135713273	869
mods/heroes.stormmod/enus.stormassets/localizeddata/sounds/vo/raynor_ai_uhoh02.ogg	2bab4491b39a1cd2513e4becfd073bfd	19170
mods/heroes.stormmod/enus.stormassets/localizeddata/sounds/vo/raynor_attack00.fxe	96f0aa5c10ac5f1906991d12fe0ebcc2	1364
mods/heroes.stormmod/enus.stormassets/localizeddata/sounds/vo/raynor_attack00.ogg	4065fa3007d25da30da3a650dfff372d	19914
mods/heroes.stormmod/enus.stormassets/localizeddata/sounds/vo/raynor_attack01.fxe	fc14e05f135fef9f196dc5fed9326141	1300
mods/heroes.stormmod/enus.stormassets/localizeddata/sounds/vo/raynor_attack01.ogg	299a30eaf6e61be6bae0374e0baa23a3	22261
mods/heroes.stormmod/enus.stormassets/localizeddata/sounds/vo/raynor_attack02.fxe	598ee64bbb7feabea2529438b5f6f8f2	2276
mods/heroes.stormmod/enus.stormassets/localizeddata/sounds/vo/raynor_attack02.ogg	3b4d4c226c334d4c1afec40afd9f72b5	30413
mods/heroes.stormmod/enus.stormassets/localizeddata/sounds/vo/raynor_attack03.fxe	527d605e73e12cd5f18efe525eee2a28	1684
mods/heroes.stormmod/enus.stormassets/localizeddata/sounds/vo/raynor_attack03.ogg	1e750f0ed4ba511782fae9ff88d067cc	24361
mods/heroes.stormmod/enus.stormassets/localizeddata/sounds/vo/raynor_attack04.fxe	7c70839489e69107d0f1e85ffb428125	1700
mods/heroes.stormmod/enus.stormassets/localizeddata/sounds/vo/raynor_attack04.ogg	d5c38f66c9f50b000072ac21a82bed44	43126
mods/heroes.stormmod/enus.stormassets/localizeddata/sounds/vo/raynor_attack05.fxe	7df4dde232cc6a83b94630658dfee987	1380
mods/heroes.stormmod/enus.stormassets/localizeddata/sounds/vo/raynor_attack05.ogg	a37faac2d8537f4c0120416dc2884a5c	16265
mods/heroes.stormmod/enus.stormassets/localizeddata/sounds/vo/raynor_attack06.fxe	33242a0502575df11f6f6bee3b58af9d	1732
mods/heroes.stormmod/enus.stormassets/localizeddata/sounds/vo/raynor_attack06.ogg	a7a416338a134ca497266c76c1f6624e	24233
mods/heroes.stormmod/enus.stormassets/localizeddata/sounds/vo/raynor_castleattack_00.fxe	f86ddb557cab40bfb9ed55ca5dd1bd6d	1643
mods/heroes.stormmod/enus.stormassets/localizeddata/sounds/vo/raynor_castleattack_00.ogg	e162d57da29650900fbc6efb1c011319	24932
mods/heroes.stormmod/enus.stormassets/localizeddata/sounds/vo/raynor_castledefend_00.fxe	74a71b38d913fd33f3f3104fe5b939f0	2395
mods/heroes.stormmod/enus.stormassets/localizeddata/sounds/vo/raynor_castledefend_00.ogg	08cc6b284caf1233c6addb2cfa2d700c	35248
mods/heroes.stormmod/enus.stormassets/localizeddata/sounds/vo/raynor_celebrate00.fxe	d9209310bde298ad535ad4cd72b9a3a2	1607
mods/heroes.stormmod/enus.stormassets/localizeddata/sounds/vo/raynor_celebrate00.ogg	040fa879596e034f452cda97447fbbfe	20343
mods/heroes.stormmod/enus.stormassets/localizeddata/sounds/vo/raynor_celebrate01.fxe	6fbc6cc572f8d4f4a0037de971e8bb6b	1767
mods/heroes.stormmod/enus.stormassets/localizeddata/sounds/vo/raynor_celebrate01.ogg	636d42d892b7c7477fe6d0e7cef964df	30029
mods/heroes.stormmod/enus.stormassets/localizeddata/sounds/vo/raynor_comeback_00.fxe	dff26ab6e737711f6951fbc8f4472b24	2151
mods/heroes.stormmod/enus.stormassets/localizeddata/sounds/vo/raynor_comeback_00.ogg	117987ccd0464fcf9895b89042ca5b97	33859
mods/heroes.stormmod/enus.stormassets/localizeddata/sounds/vo/raynor_death00.fxe	d0d7bc67c4dd1e15bf2d0460edea8409	1667
mods/heroes.stormmod/enus.stormassets/localizeddata/sounds/vo/raynor_death00.wav	6b1a5fdf4603db398eb23409db1ee6ec	47420
mods/heroes.stormmod/enus.stormassets/localizeddata/sounds/vo/raynor_death01.fxe	3c2feedbc51d7256fab9c933ccfe37d0	1267
mods/heroes.stormmod/enus.stormassets/localizeddata/sounds/vo/raynor_death01.wav	a962eda7607312b6424159f15d51a155	45628
mods/heroes.stormmod/enus.stormassets/localizeddata/sounds/vo/raynor_death02.fxe	4869cc0daf600d4b125559d411b2e458	1443
mods/heroes.stormmod/enus.stormassets/localizeddata/sounds/vo/raynor_death02.wav	296c746f89eb86ca405e446feee731a1	41020
mods/heroes.stormmod/enus.stormassets/localizeddata/sounds/vo/raynor_death03.wav	544928dcd374047f78485f063ff382b3	47676
mods/heroes.stormmod/enus.stormassets/localizeddata/sounds/vo/raynor_death04.wav	4a906cc9357e784b7b2d4cff5c259a77	35388
mods/heroes.stormmod/enus.stormassets/localizeddata/sounds/vo/raynor_death05.wav	06a51535e187917e3f4364e0c16451c1	63036
mods/heroes.stormmod/enus.stormassets/localizeddata/sounds/vo/raynor_death06.wav	fc65afdfd166fc65a24eda693ef71643	32316
mods/heroes.stormmod/enus.stormassets/localizeddata/sounds/vo/raynor_death07.wav	b6a4c17774624131b94cbbc134c3cf09	58684
mods/heroes.stormmod/enus.stormassets/localizeddata/sounds/vo/raynor_death08.wav	63dd8364d1b5cf447ae3f0799d6f09a4	30524
mods/heroes.stormmod/enus.stormassets/localizeddata/sounds/vo/raynor_healed00.fxe	b30af065d5925b71d87edf11829d976a	1700
mods/heroes.stormmod/enus.stormassets/localizeddata/sounds/vo/raynor_healed00.ogg	05641977d54fdaaaa9ab3e3c36e534b7	26097
mods/heroes.stormmod/enus.stormassets/localizeddata/sounds/vo/raynor_healed01.fxe	f905db19b42b837e9e0e931270808fc3	2788
mods/heroes.stormmod/enus.stormassets/localizeddata/sounds/vo/raynor_healed01.ogg	748821a4f4efa14f20fdd89b46b866e6	49838
mods/heroes.stormmod/enus.stormassets/localizeddata/sounds/vo/raynor_healed02.fxe	be9afda747008163931b1dbd74a5aa6f	1588
mods/heroes.stormmod/enus.stormassets/localizeddata/sounds/vo/raynor_healed02.ogg	82856290fc6f5fbbdf30f03437cb9d40	20180
mods/heroes.stormmod/enus.stormassets/localizeddata/sounds/vo/raynor_introagree00.fxe	febeca7f3b1ba660a0f026cc959499f1	1416
mods/heroes.stormmod/enus.stormassets/localizeddata/sounds/vo/raynor_introagree00.ogg	ccae81fdf2f22fca5cd8e12bdcc13a7c	24962
mods/heroes.stormmod/enus.stormassets/localizeddata/sounds/vo/raynor_introagree01.fxe	6ea888f902e64c60f97d347646126c0a	920
mods/heroes.stormmod/enus.stormassets/localizeddata/sounds/vo/raynor_introagree01.ogg	ed21dbb2f9effcf09c7366af23529e83	27756
mods/heroes.stormmod/enus.stormassets/localizeddata/sounds/vo/raynor_introagree02.fxe	992503a57daf6f9d7cd1123e1a8fb121	1224
mods/heroes.stormmod/enus.stormassets/localizeddata/sounds/vo/raynor_introagree02.ogg	e286d2be697ef8df207fffd93e69896a	21485
mods/heroes.stormmod/enus.stormassets/localizeddata/sounds/vo/raynor_introboast00.fxe	7904a9a4875902fd55739d19130e26d2	2328
mods/heroes.stormmod/enus.stormassets/localizeddata/sounds/vo/raynor_introboast00.ogg	8f22d427e2472f1877350d2acf373fa5	36684
mods/heroes.stormmod/enus.stormassets/localizeddata/sounds/vo/raynor_introboast01.fxe	7c92d59ba422fd1ad3cc484f74535fb7	2472
mods/heroes.stormmod/enus.stormassets/localizeddata/sounds/vo/raynor_introboast01.ogg	e92795cce6aa14448929e6977149f149	37633
mods/heroes.stormmod/enus.stormassets/localizeddata/sounds/vo/raynor_introquestion00.fxe	1ccb9fc6a7c4cfca85065a350a380411	1851
mods/heroes.stormmod/enus.stormassets/localizeddata/sounds/vo/raynor_introquestion00.ogg	63208f689b5058abad6ffadb1fbe0de2	30103
mods/heroes.stormmod/enus.stormassets/localizeddata/sounds/vo/raynor_introquestion01.fxe	7d95c30d52943e944ee09d14173f65b3	1851
mods/heroes.stormmod/enus.stormassets/localizeddata/sounds/vo/raynor_introquestion01.ogg	c8d37e819256dc5f99ed70530e3249d9	26436
mods/heroes.stormmod/enus.stormassets/localizeddata/sounds/vo/raynor_introquestion_artanis00.fxe	b0fff6ffa690808d5c7251781dd935e9	2291
mods/heroes.stormmod/enus.stormassets/localizeddata/sounds/vo/raynor_introquestion_artanis00.ogg	a1ac30c2028b75ab145335f835e2be48	32752
mods/heroes.stormmod/enus.stormassets/localizeddata/sounds/vo/raynor_introquestion_infestedtychus00.fxe	ab1a982794a80b500b80a67de986c66b	2186
mods/heroes.stormmod/enus.stormassets/localizeddata/sounds/vo/raynor_introquestion_infestedtychus00.ogg	14f413b254180ebc02a242ff2c9cfe9b	45411
mods/heroes.stormmod/enus.stormassets/localizeddata/sounds/vo/raynor_introquestion_kerrigan00.fxe	c6b5f585ea2b471dcf76e04c78c0fcde	2004
mods/heroes.stormmod/enus.stormassets/localizeddata/sounds/vo/raynor_introquestion_kerrigan00.ogg	0e0d4574d13a637704d6370d016d10a1	24225
mods/heroes.stormmod/enus.stormassets/localizeddata/sounds/vo/raynor_introquestion_murky00.fxe	95221cf3e36774e29a36b551151d9a78	2337
mods/heroes.stormmod/enus.stormassets/localizeddata/sounds/vo/raynor_introquestion_murky00.ogg	3319a4b5b8d3ce562242c88d3738883f	28442
mods/heroes.stormmod/enus.stormassets/localizeddata/sounds/vo/raynor_introquestion_negative00.fxe	f9f666b64d2edf1de6cf5a64b9bbca11	2164
mods/heroes.stormmod/enus.stormassets/localizeddata/sounds/vo/raynor_introquestion_negative00.ogg	033f02998418814e092d603d42778c1d	30466
mods/heroes.stormmod/enus.stormassets/localizeddata/sounds/vo/raynor_introquestion_nova00.fxe	e09bdeca58abd91bb8e4ab660ea767d5	2032
mods/heroes.stormmod/enus.stormassets/localizeddata/sounds/vo/raynor_introquestion_nova00.ogg	d006758ced5c21cbd1fba0fcc566e9cd	25755
mods/heroes.stormmod/enus.stormassets/localizeddata/sounds/vo/raynor_introquestion_positive00.fxe	b935a7ba85ef7731153a378727df0384	2612
mods/heroes.stormmod/enus.stormassets/localizeddata/sounds/vo/raynor_introquestion_positive00.ogg	fd6e3976978981ee1ee0f2e74685b370	38388
mods/heroes.stormmod/enus.stormassets/localizeddata/sounds/vo/raynor_introquestion_tychus00.fxe	f27d47e578f14ba3e7b9d2847b22168b	2354
mods/heroes.stormmod/enus.stormassets/localizeddata/sounds/vo/raynor_introquestion_tychus00.ogg	500f9e0df417d5477a7cae9e4255a352	38995
mods/heroes.stormmod/enus.stormassets/localizeddata/sounds/vo/raynor_introquestion_zeratul00.fxe	eb10061de96f402f5163bf702eb0d005	2179
mods/heroes.stormmod/enus.stormassets/localizeddata/sounds/vo/raynor_introquestion_zeratul00.ogg	9c9f06b64016084fc0beeb6a5b705cfa	31919
mods/heroes.stormmod/enus.stormassets/localizeddata/sounds/vo/raynor_introrespond00.fxe	4e699de5cb7c6ecb00a93f67fa51f6e5	1498
mods/heroes.stormmod/enus.stormassets/localizeddata/sounds/vo/raynor_introrespond00.ogg	9c5e7a7e44cfa44f95d00dca3aa6919f	18326
mods/heroes.stormmod/enus.stormassets/localizeddata/sounds/vo/raynor_introrespond01.fxe	a5f571a1a630aa3276c3d6ac3f3fdaa5	1402
mods/heroes.stormmod/enus.stormassets/localizeddata/sounds/vo/raynor_introrespond01.ogg	480d034d7c8d3e3da72401141029a94a	34674
mods/heroes.stormmod/enus.stormassets/localizeddata/sounds/vo/raynor_introrespond02.fxe	808f3d7534d96bd4326bcc64dc83e7f4	1786
mods/heroes.stormmod/enus.stormassets/localizeddata/sounds/vo/raynor_introrespond02.ogg	5eab05b6a3741a0a6caff2ab91a75c09	25436
mods/heroes.stormmod/enus.stormassets/localizeddata/sounds/vo/raynor_introresponse_artanis00.fxe	0bf6e935a383c149656905b09f177a31	1459
mods/heroes.stormmod/enus.stormassets/localizeddata/sounds/vo/raynor_introresponse_artanis00.ogg	55f461ae8370da8625d10b7c1f85fa76	22577
mods/heroes.stormmod/enus.stormassets/localizeddata/sounds/vo/raynor_introresponse_infestedtychus00.fxe	39fce0cd77823921d9d95f5a47f3ba10	1626
mods/heroes.stormmod/enus.stormassets/localizeddata/sounds/vo/raynor_introresponse_infestedtychus00.ogg	9288469e2f4b9548bb7e1804f8da1038	38603
mods/heroes.stormmod/enus.stormassets/localizeddata/sounds/vo/raynor_introresponse_kerrigan00.fxe	25fe8770d48c3cdae2799173d539d9c3	1028
mods/heroes.stormmod/enus.stormassets/localizeddata/sounds/vo/raynor_introresponse_kerrigan00.ogg	fbb73cecc9631ea7153159b240451cab	19057
mods/heroes.stormmod/enus.stormassets/localizeddata/sounds/vo/raynor_introresponse_murky00.fxe	067789eceb8118c3a3de7a3874afcd7a	4353
mods/heroes.stormmod/enus.stormassets/localizeddata/sounds/vo/raynor_introresponse_murky00.ogg	bcbada6ede0f5b18262a764929ceab67	50976
mods/heroes.stormmod/enus.stormassets/localizeddata/sounds/vo/raynor_introresponse_negative00.fxe	145c86ca24e4d221818b730f5964e031	2260
mods/heroes.stormmod/enus.stormassets/localizeddata/sounds/vo/raynor_introresponse_negative00.ogg	2204fbb1c56b83668ca685cd6f5acf7d	30028
mods/heroes.stormmod/enus.stormassets/localizeddata/sounds/vo/raynor_introresponse_nova00.fxe	11dfaab46a391c95c4476ccb6f225468	2656
mods/heroes.stormmod/enus.stormassets/localizeddata/sounds/vo/raynor_introresponse_nova00.ogg	2c44dc7eca8a8bb286c34dbdf8a337fa	37509
mods/heroes.stormmod/enus.stormassets/localizeddata/sounds/vo/raynor_introresponse_positive00.fxe	9ab0215a4a96afe9820ae18075b33e84	1476
mods/heroes.stormmod/enus.stormassets/localizeddata/sounds/vo/raynor_introresponse_positive00.ogg	b13f97425187592bc5921eb09991400b	20642
mods/heroes.stormmod/enus.stormassets/localizeddata/sounds/vo/raynor_introresponse_rock00.fxe	e0599e79099225786c4d1779334b1d28	1744
mods/heroes.stormmod/enus.stormassets/localizeddata/sounds/vo/raynor_introresponse_tychus00.fxe	b6537f27d6cd656bb9678d469e94fc1b	1522
mods/heroes.stormmod/enus.stormassets/localizeddata/sounds/vo/raynor_introresponse_tychus00.ogg	a58a77766741b91f76dd61777a4c7ad0	25225
mods/heroes.stormmod/enus.stormassets/localizeddata/sounds/vo/raynor_introresponse_zeratul00.fxe	827dbbaf063165873335f02d0274d2f2	1907
mods/heroes.stormmod/enus.stormassets/localizeddata/sounds/vo/raynor_introresponse_zeratul00.ogg	b78f4acb24b5c3207b96be231a9affd7	34885
mods/heroes.stormmod/enus.stormassets/localizeddata/sounds/vo/raynor_kill00.fxe	eb05c7efe6c745e6553633ea3df6cd0b	1122
mods/heroes.stormmod/enus.stormassets/localizeddata/sounds/vo/raynor_kill00.ogg	cfc29ad109565011c7e184e65b999d48	18862
mods/heroes.stormmod/enus.stormassets/localizeddata/sounds/vo/raynor_kill01.fxe	cfd22c03a67b5ab179ae2601247abc06	1570
mods/heroes.stormmod/enus.stormassets/localizeddata/sounds/vo/raynor_kill01.ogg	9a066a1bdeb75a379d1d00cf764ae26c	24098
mods/heroes.stormmod/enus.stormassets/localizeddata/sounds/vo/raynor_kill02.fxe	465c42998eadf259c0db531e0f3d8ec3	1954
mods/heroes.stormmod/enus.stormassets/localizeddata/sounds/vo/raynor_kill02.ogg	396f32836bbd8c618e9db566a311fa30	28038
mods/heroes.stormmod/enus.stormassets/localizeddata/sounds/vo/raynor_kill03.fxe	773813aba0d5f07a9aeb7f8783174b63	1474
mods/heroes.stormmod/enus.stormassets/localizeddata/sounds/vo/raynor_kill03.ogg	63f33d58ea44c27cfe0e4e00fb04768e	24467
mods/heroes.stormmod/enus.stormassets/localizeddata/sounds/vo/raynor_kill04.fxe	3b20403df3f935e54da1bce74226809e	2114
mods/heroes.stormmod/enus.stormassets/localizeddata/sounds/vo/raynor_kill04.ogg	f5b4428d2ab54fabd9360160dd3abd6f	44745
mods/heroes.stormmod/enus.stormassets/localizeddata/sounds/vo/raynor_killblademaster00.fxe	09b6610b041bc2e241640495422ae11e	2573
mods/heroes.stormmod/enus.stormassets/localizeddata/sounds/vo/raynor_killblademaster00.ogg	3a26e4337c50285e26bd48ba5b4a980e	33083
mods/heroes.stormmod/enus.stormassets/localizeddata/sounds/vo/raynor_killdiablo00.fxe	03e86fdbd4e6cf5ab630b829c4c9a614	2392
mods/heroes.stormmod/enus.stormassets/localizeddata/sounds/vo/raynor_killdiablo00.ogg	0f0035e745021834c3de95974ea515c0	31588
mods/heroes.stormmod/enus.stormassets/localizeddata/sounds/vo/raynor_killkerrigan00.fxe	0240d8bbd26f9f5510862de1c4340cf5	2746
mods/heroes.stormmod/enus.stormassets/localizeddata/sounds/vo/raynor_killkerrigan00.ogg	0c8ca8b19b326630bdc07e06a9b0d5c1	38492
mods/heroes.stormmod/enus.stormassets/localizeddata/sounds/vo/raynor_killnova00.fxe	496951315a017295e19a22a0645aea72	1990
mods/heroes.stormmod/enus.stormassets/localizeddata/sounds/vo/raynor_killnova00.ogg	426d2cdd16aab081cfb942d2194dfd28	28412
mods/heroes.stormmod/enus.stormassets/localizeddata/sounds/vo/raynor_killspreeend00.fxe	08fcaad94b2408033dcfae58258fcf06	1338
mods/heroes.stormmod/enus.stormassets/localizeddata/sounds/vo/raynor_killspreeend00.ogg	719e478f9d3cede72b1b7cfa8cdcc77c	20655
mods/heroes.stormmod/enus.stormassets/localizeddata/sounds/vo/raynor_killtychus00.fxe	277c0d059240db7f7b4af83a36710309	2312
mods/heroes.stormmod/enus.stormassets/localizeddata/sounds/vo/raynor_killtychus00.ogg	c2af1c5120a8d46eca76af67b633e48b	38054
mods/heroes.stormmod/enus.stormassets/localizeddata/sounds/vo/raynor_laugh00.fxe	6bf2f44e2595b1247cd531bf4c272dd5	1939
mods/heroes.stormmod/enus.stormassets/localizeddata/sounds/vo/raynor_laugh00.ogg	8dd4032cd44604aa191f5403344e6940	32554
mods/heroes.stormmod/enus.stormassets/localizeddata/sounds/vo/raynor_lowlifeheal00.fxe	63247edf705c4bfad2f7a6456450e77e	2185
mods/heroes.stormmod/enus.stormassets/localizeddata/sounds/vo/raynor_lowlifeheal00.ogg	47376b52e21524dc49269121be127a57	26573
mods/heroes.stormmod/enus.stormassets/localizeddata/sounds/vo/raynor_lowlifeheal01.fxe	8580ae4e8e559f02ebfa1fb3fa4453be	1945
mods/heroes.stormmod/enus.stormassets/localizeddata/sounds/vo/raynor_lowlifeheal01.ogg	95372658e5a084c753aa2df7de38bae4	33577
mods/heroes.stormmod/enus.stormassets/localizeddata/sounds/vo/raynor_lowlifeheal02.fxe	a4b20a4d2791490235239136a91bdb3a	1881
mods/heroes.stormmod/enus.stormassets/localizeddata/sounds/vo/raynor_lowlifeheal02.ogg	b77f6701bfba80446581e398d320b3df	22137
mods/heroes.stormmod/enus.stormassets/localizeddata/sounds/vo/raynor_lowmana00.fxe	ab5b5a01530acbd4c55e3bded31dcf27	1477
mods/heroes.stormmod/enus.stormassets/localizeddata/sounds/vo/raynor_lowmana00.ogg	2f2b552246626eed29db7078e2150024	24867
mods/heroes.stormmod/enus.stormassets/localizeddata/sounds/vo/raynor_lowmana02.fxe	336060dea8dfd75ba3ed73e50674687f	1781
mods/heroes.stormmod/enus.stormassets/localizeddata/sounds/vo/raynor_lowmana02.ogg	2aa05a2b2aa0a0b4260ccc57416be6a7	25085
mods/heroes.stormmod/enus.stormassets/localizeddata/sounds/vo/raynor_lowmana02_alt.fxe	e90a9638e1069750463aa63195c14256	1289
mods/heroes.stormmod/enus.stormassets/localizeddata/sounds/vo/raynor_lowmana02_alt.ogg	2bcc1f06fe32d39a3c592acfe5d5b221	17992
mods/heroes.stormmod/enus.stormassets/localizeddata/sounds/vo/raynor_matchend00.ogg	fc4c70e3133ab7d411e9a7b8d4f03a5a	15622
mods/heroes.stormmod/enus.stormassets/localizeddata/sounds/vo/raynor_matchend01.ogg	db5dea9bc25dc8c1c3a296f2c30848b4	13095
mods/heroes.stormmod/enus.stormassets/localizeddata/sounds/vo/raynor_no00.fxe	730b595dda337314a2771324738758ac	1440
mods/heroes.stormmod/enus.stormassets/localizeddata/sounds/vo/raynor_no00.ogg	243830950f1895e616e56f9f4217c4d8	21538
mods/heroes.stormmod/enus.stormassets/localizeddata/sounds/vo/raynor_no01.fxe	2efeed53e61b8c4e79e94ee130d4cd09	1440
mods/heroes.stormmod/enus.stormassets/localizeddata/sounds/vo/raynor_no01.ogg	fa99eec4d21ea8a7daec7285ff10f8a9	31164
mods/heroes.stormmod/enus.stormassets/localizeddata/sounds/vo/raynor_no02.fxe	eb594a2e33b5d82018521772013bb98a	1824
mods/heroes.stormmod/enus.stormassets/localizeddata/sounds/vo/raynor_no02.ogg	81bd62bd23dfaded58fec211e9cd460f	28948
mods/heroes.stormmod/enus.stormassets/localizeddata/sounds/vo/raynor_ping_assisthero00.fxe	998fed8bccbe1cd0f131aaac8549b958	2493
mods/heroes.stormmod/enus.stormassets/localizeddata/sounds/vo/raynor_ping_assisthero00.ogg	8ec1faaa2261556b53e6a3a64c7dd589	33495
mods/heroes.stormmod/enus.stormassets/localizeddata/sounds/vo/raynor_ping_assistme00.fxe	24618f0cf8cbed94bc489ea12f831afd	1851
mods/heroes.stormmod/enus.stormassets/localizeddata/sounds/vo/raynor_ping_assistme00.ogg	4585bd39dfaeec806f2b982bd95a0e74	23630
mods/heroes.stormmod/enus.stormassets/localizeddata/sounds/vo/raynor_ping_assistme01.fxe	2727675faa516420dea5b00c9f74645e	2315
mods/heroes.stormmod/enus.stormassets/localizeddata/sounds/vo/raynor_ping_assistme01.ogg	520d0dee09ab7987626aa5b1c4e9cde7	28930
mods/heroes.stormmod/enus.stormassets/localizeddata/sounds/vo/raynor_ping_attackmerc00.fxe	898069c8db829d1fa29dcf48478ccb74	2317
mods/heroes.stormmod/enus.stormassets/localizeddata/sounds/vo/raynor_ping_attackmerc00.ogg	debd745da7d684ca748cf8a10b0480c6	32772
mods/heroes.stormmod/enus.stormassets/localizeddata/sounds/vo/raynor_ping_attackoutpost00.fxe	57fdc48bb013eb83f78712e0ccc92e1d	2592
mods/heroes.stormmod/enus.stormassets/localizeddata/sounds/vo/raynor_ping_attackoutpost00.ogg	d42811ce91be9fefb9f35f1f48383b6d	32047
mods/heroes.stormmod/enus.stormassets/localizeddata/sounds/vo/raynor_ping_attacktower00.fxe	57659e9d4b9f88327e17518acad33157	2334
mods/heroes.stormmod/enus.stormassets/localizeddata/sounds/vo/raynor_ping_attacktower00.ogg	e587925a93b59434f97e2209ac72f1e6	29594
mods/heroes.stormmod/enus.stormassets/localizeddata/sounds/vo/raynor_ping_danger00.fxe	0d9b279f9b9e254d7b801bdc341df28a	1337
mods/heroes.stormmod/enus.stormassets/localizeddata/sounds/vo/raynor_ping_danger00.ogg	9ebc6774145fc83b09832a0b3f7e4544	20595
mods/heroes.stormmod/enus.stormassets/localizeddata/sounds/vo/raynor_ping_danger01.fxe	c74b65bde50914bbfc78a9a179b68cb1	1321
mods/heroes.stormmod/enus.stormassets/localizeddata/sounds/vo/raynor_ping_danger01.ogg	df5073acdbe247eef87eec4660e91804	21677
mods/heroes.stormmod/enus.stormassets/localizeddata/sounds/vo/raynor_ping_defend00.fxe	6a75a5514188549e55cd93164de8a057	1881
mods/heroes.stormmod/enus.stormassets/localizeddata/sounds/vo/raynor_ping_defend00.ogg	f52f8ced5844c40f75f8fce57f5defe0	33468
mods/heroes.stormmod/enus.stormassets/localizeddata/sounds/vo/raynor_ping_defendoutpost00.fxe	005ac9fb3e20977ac48ea8932ff1a5d6	2032
mods/heroes.stormmod/enus.stormassets/localizeddata/sounds/vo/raynor_ping_defendoutpost00.ogg	76f7bfea6db9efb4571d7b0ef1bdbe14	26124
mods/heroes.stormmod/enus.stormassets/localizeddata/sounds/vo/raynor_ping_defendthing00.fxe	c3cb69d4a426a34d248141a7c305af35	1534
mods/heroes.stormmod/enus.stormassets/localizeddata/sounds/vo/raynor_ping_defendthing00.ogg	168047f339fbcb5bea34889c5e648525	20721
mods/heroes.stormmod/enus.stormassets/localizeddata/sounds/vo/raynor_ping_defendthing01.fxe	c297b804448d01c7f8c56733d21f3bca	1710
mods/heroes.stormmod/enus.stormassets/localizeddata/sounds/vo/raynor_ping_defendthing01.ogg	0004fe0cd9778f2893bed629d664c8fc	24461
mods/heroes.stormmod/enus.stormassets/localizeddata/sounds/vo/raynor_ping_defendtower00.fxe	8d7a091394c70b06d7e1bb62b02dfed7	2286
mods/heroes.stormmod/enus.stormassets/localizeddata/sounds/vo/raynor_ping_defendtower00.ogg	e06c0bc456092e4fe209c8a0a9444e98	31674
mods/heroes.stormmod/enus.stormassets/localizeddata/sounds/vo/raynor_ping_enemymissing00.fxe	53a6e59b3d98557deccd5dce5d0f6910	2447
mods/heroes.stormmod/enus.stormassets/localizeddata/sounds/vo/raynor_ping_enemymissing00.ogg	40e5b1b5a69f72e96d1fec20d3154041	42036
mods/heroes.stormmod/enus.stormassets/localizeddata/sounds/vo/raynor_ping_enemymissing01.fxe	14f0627e07c28b99b4dbeebf0782abf6	2175
mods/heroes.stormmod/enus.stormassets/localizeddata/sounds/vo/raynor_ping_enemymissing01.ogg	1942aa160ce406b1ff813e44eab8a5ed	40510
mods/heroes.stormmod/enus.stormassets/localizeddata/sounds/vo/raynor_ping_killhero00.fxe	29bb9914fb4aacbec07a776052044b15	1947
mods/heroes.stormmod/enus.stormassets/localizeddata/sounds/vo/raynor_ping_killhero00.ogg	4d71ea7ab97229aa41c473416362336b	33991
mods/heroes.stormmod/enus.stormassets/localizeddata/sounds/vo/raynor_ping_onmyway00.fxe	8d2fca98d29fef1d2cada0bf4f524649	1386
mods/heroes.stormmod/enus.stormassets/localizeddata/sounds/vo/raynor_ping_onmyway00.ogg	0cd41fe906706a373546f342a39b7ca8	22037
mods/heroes.stormmod/enus.stormassets/localizeddata/sounds/vo/raynor_ping_onmyway01.fxe	366ecb39cc7bacf74b9a8db25c9750e4	1738
mods/heroes.stormmod/enus.stormassets/localizeddata/sounds/vo/raynor_ping_onmyway01.ogg	772c7b88b35a620e51c5e64c59b1cd5a	22578
mods/heroes.stormmod/enus.stormassets/localizeddata/sounds/vo/raynor_ping_retreat00.fxe	034ac2d31153d133d327e5a809981484	1162
mods/heroes.stormmod/enus.stormassets/localizeddata/sounds/vo/raynor_ping_retreat00.ogg	2f5ec56b137716c93687cb48202c50a0	16639
mods/heroes.stormmod/enus.stormassets/localizeddata/sounds/vo/raynor_ping_retreat01.fxe	9f33190880edd0a76e4d3dabafaa97c2	1962
mods/heroes.stormmod/enus.stormassets/localizeddata/sounds/vo/raynor_ping_retreat01.ogg	bd6ce7ad7c677e690dbdbf1d89fdafcd	30579
mods/heroes.stormmod/enus.stormassets/localizeddata/sounds/vo/raynor_pissed00.fxe	4580458066a82f2b999c5de879923567	1364
mods/heroes.stormmod/enus.stormassets/localizeddata/sounds/vo/raynor_pissed00.ogg	d64ae696cbd75f6382cb950402835a19	17591
mods/heroes.stormmod/enus.stormassets/localizeddata/sounds/vo/raynor_pissed01.fxe	9ff4cab079726ff0faa18b3d60c9a7a5	1460
mods/heroes.stormmod/enus.stormassets/localizeddata/sounds/vo/raynor_pissed01.ogg	f641f697b58748af32bb6d5ae7c9898c	25936
mods/heroes.stormmod/enus.stormassets/localizeddata/sounds/vo/raynor_pissed02.fxe	258d5d92635cdec12d5db9b8f1f35bc5	2020
mods/heroes.stormmod/enus.stormassets/localizeddata/sounds/vo/raynor_pissed02.ogg	6b82d7d4dfd68f2ca9db54d3f8b99ee7	29925
mods/heroes.stormmod/enus.stormassets/localizeddata/sounds/vo/raynor_pissed03.fxe	e90fa6834cdbca2989eff3b6e93e2c9d	1236
mods/heroes.stormmod/enus.stormassets/localizeddata/sounds/vo/raynor_pissed03.ogg	c9d4bb09d49a201cf8f079032c6f814b	23666
mods/heroes.stormmod/enus.stormassets/localizeddata/sounds/vo/raynor_pissed04.fxe	11961080dc1c3b6defcf52a560b8245b	4468
mods/heroes.stormmod/enus.stormassets/localizeddata/sounds/vo/raynor_pissed04.ogg	0982cff37e4e1ef14593d891ccf1cb97	56914
mods/heroes.stormmod/enus.stormassets/localizeddata/sounds/vo/raynor_pissed05.fxe	f45bac7cb5eea3c6af7f9727238b5f4d	5908
mods/heroes.stormmod/enus.stormassets/localizeddata/sounds/vo/raynor_pissed05.ogg	24db1704579c35fe42251ceebe05ec92	80472
mods/heroes.stormmod/enus.stormassets/localizeddata/sounds/vo/raynor_pissed06.fxe	8bd74b65424c741aa54fa2fa95dbed80	2836
mods/heroes.stormmod/enus.stormassets/localizeddata/sounds/vo/raynor_pissed06.ogg	de047e616ef86fd56a73e22a4d739766	69646
mods/heroes.stormmod/enus.stormassets/localizeddata/sounds/vo/raynor_pissed07.fxe	dd97951dbe3836c6458edf530e36ca0a	6660
mods/heroes.stormmod/enus.stormassets/localizeddata/sounds/vo/raynor_pissed07.ogg	598b8e622b0c82436dac6d63f31dfc49	82534
mods/heroes.stormmod/enus.stormassets/localizeddata/sounds/vo/raynor_pissed08.fxe	3794a8e3ff8948b6d176e5e4602a1228	3620
mods/heroes.stormmod/enus.stormassets/localizeddata/sounds/vo/raynor_pissed08.ogg	caa9ad0f559e5b2caa3a76f0db30a0e9	50952
mods/heroes.stormmod/enus.stormassets/localizeddata/sounds/vo/raynor_pissed09.fxe	6c8cec3578c467d91bbd9bacfb7182cd	5380
mods/heroes.stormmod/enus.stormassets/localizeddata/sounds/vo/raynor_pissed09.ogg	97f21b75c14dbf7753b32610e275b02e	80826
mods/heroes.stormmod/enus.stormassets/localizeddata/sounds/vo/raynor_pissed10.fxe	6c0e63b9494eb31e39f02ac1cba26c4d	2708
mods/heroes.stormmod/enus.stormassets/localizeddata/sounds/vo/raynor_pissed10.ogg	e33422fe0e474a2bc2d5c4baa2a23957	47871
mods/heroes.stormmod/enus.stormassets/localizeddata/sounds/vo/raynor_pissed11.fxe	71a9f8f9cfdd95c8779962636b1213d3	9284
mods/heroes.stormmod/enus.stormassets/localizeddata/sounds/vo/raynor_pissed11.ogg	fdb0b9a6a3be0be315965c948d4592cc	137895
mods/heroes.stormmod/enus.stormassets/localizeddata/sounds/vo/raynor_pissed12.fxe	797d191e835683a8df1bdcb0bce73eb8	2164
mods/heroes.stormmod/enus.stormassets/localizeddata/sounds/vo/raynor_pissed12.ogg	4d1e8521f554d5088c57045f0d861985	32656
mods/heroes.stormmod/enus.stormassets/localizeddata/sounds/vo/raynor_pissed13sfx.fxe	4c75be9ae3bfc746bf55fa3b3252314f	5143
mods/heroes.stormmod/enus.stormassets/localizeddata/sounds/vo/raynor_pissed13sfx.ogg	e4d673034becf84b8bc9a41ea73fd091	228018
mods/heroes.stormmod/enus.stormassets/localizeddata/sounds/vo/raynor_pissed14sfx.fxe	a679aa92afcbbd7dce65360249c6c195	3015
mods/heroes.stormmod/enus.stormassets/localizeddata/sounds/vo/raynor_pissed14sfx.ogg	e23e0340543d14c282b9d4d82af61632	86620
mods/heroes.stormmod/enus.stormassets/localizeddata/sounds/vo/raynor_resurrected00.fxe	4f64f443336820a61b338c6901a55ab6	1913
mods/heroes.stormmod/enus.stormassets/localizeddata/sounds/vo/raynor_resurrected00.ogg	818c5d11eed001eea4373a5aacc79a33	26621
mods/heroes.stormmod/enus.stormassets/localizeddata/sounds/vo/raynor_resurrected01.fxe	acde3e6af29dd55058bef4fc4c77446c	1545
mods/heroes.stormmod/enus.stormassets/localizeddata/sounds/vo/raynor_resurrected01.ogg	6118c5bde4d36cf85097689a18a73770	24963
mods/heroes.stormmod/enus.stormassets/localizeddata/sounds/vo/raynor_revive00.fxe	aff6320190e7b784efde43de33d713e9	1876
mods/heroes.stormmod/enus.stormassets/localizeddata/sounds/vo/raynor_revive00.ogg	f5e6ce0c849e027d6dafd794c6a54a51	32306
mods/heroes.stormmod/enus.stormassets/localizeddata/sounds/vo/raynor_revive01.fxe	c325c1c1af49665e49aa335586fa228b	1620
mods/heroes.stormmod/enus.stormassets/localizeddata/sounds/vo/raynor_revive01.ogg	d0a79f7c72e27f192c3bca1f989ed275	24558
mods/heroes.stormmod/enus.stormassets/localizeddata/sounds/vo/raynor_revive02.fxe	d848893114249dd5c8f1b16c70793f9c	2900
mods/heroes.stormmod/enus.stormassets/localizeddata/sounds/vo/raynor_revive02.ogg	f297b025c1c75fe2d9a7e0bfa88d2b56	43522
mods/heroes.stormmod/enus.stormassets/localizeddata/sounds/vo/raynor_social_thanks00.fxe	66251e50e74eeaac723a19a4fbfe0892	1515
mods/heroes.stormmod/enus.stormassets/localizeddata/sounds/vo/raynor_social_thanks00.ogg	b6d6b5cacf6856cda4dad9aa039af823	18331
mods/heroes.stormmod/enus.stormassets/localizeddata/sounds/vo/raynor_spec00.fxe	58e6f4bab952b3c181d4225e80f93f0d	1922
mods/heroes.stormmod/enus.stormassets/localizeddata/sounds/vo/raynor_spec00.ogg	4f91710fc7babe031fcec804d36246e9	31463
mods/heroes.stormmod/enus.stormassets/localizeddata/sounds/vo/raynor_spec01.fxe	48573647c5a310291de713da4e145005	1122
mods/heroes.stormmod/enus.stormassets/localizeddata/sounds/vo/raynor_spec01.ogg	c74525ffb3164956653c8a0d09a1935a	18996
mods/heroes.stormmod/enus.stormassets/localizeddata/sounds/vo/raynor_spec02.fxe	70737cb66f8a3aa815afa4ef0ac2fbfa	1426
mods/heroes.stormmod/enus.stormassets/localizeddata/sounds/vo/raynor_spec02.ogg	0e2b6428fe6db629526e172a9aa3e535	21698
mods/heroes.stormmod/enus.stormassets/localizeddata/sounds/vo/raynor_spec03.fxe	4090f55aef97cadb04ecbb758ecb3fa5	1746
mods/heroes.stormmod/enus.stormassets/localizeddata/sounds/vo/raynor_spec03.ogg	6ecdf717973d6092fbfcc03af631ab7a	29111
mods/heroes.stormmod/enus.stormassets/localizeddata/sounds/vo/raynor_spec04.fxe	079716ee53df9acc717306e810e418aa	2418
mods/heroes.stormmod/enus.stormassets/localizeddata/sounds/vo/raynor_spec04.ogg	a469363b370534147d2bff3f3a296e8e	39108
mods/heroes.stormmod/enus.stormassets/localizeddata/sounds/vo/raynor_taunt00.fxe	b5b1393e6126729018764dbd789d0f12	1491
mods/heroes.stormmod/enus.stormassets/localizeddata/sounds/vo/raynor_taunt00.ogg	633d77077a5c7b5e2dcc16d50c8697be	25722
mods/heroes.stormmod/enus.stormassets/localizeddata/sounds/vo/raynor_taunt01.fxe	5481a65ed5e7728c011238c6661ea12f	2675
mods/heroes.stormmod/enus.stormassets/localizeddata/sounds/vo/raynor_taunt01.ogg	b780da05942695ba1fb53f9dd17fe758	37620
mods/heroes.stormmod/enus.stormassets/localizeddata/sounds/vo/raynor_taunt02.fxe	55e266226c0fc03e91e00517f0d27377	2403
mods/heroes.stormmod/enus.stormassets/localizeddata/sounds/vo/raynor_taunt02.ogg	fa6e01997e819b8ff587c1758497cce0	34582
mods/heroes.stormmod/enus.stormassets/localizeddata/sounds/vo/raynor_teamkilled00.fxe	528f452195a932076247920e352e136e	2696
mods/heroes.stormmod/enus.stormassets/localizeddata/sounds/vo/raynor_teamkilled00.ogg	863f22468631b46daba70287d037f7d6	32173
mods/heroes.stormmod/enus.stormassets/localizeddata/sounds/vo/raynor_ui_exlocked00.fxe	7e46063989a510e70778121dffa5122c	1145
mods/heroes.stormmod/enus.stormassets/localizeddata/sounds/vo/raynor_ui_exlocked00.ogg	b822bedc680cdef4fea3aee0f86eafdf	24989
mods/heroes.stormmod/enus.stormassets/localizeddata/sounds/vo/raynor_ui_expurchased00.fxe	93a0f491d42ea47e35679fecce095b9d	1452
mods/heroes.stormmod/enus.stormassets/localizeddata/sounds/vo/raynor_ui_expurchased00.ogg	0a9efe618c0caa3c0110b087a410ea79	19496
mods/heroes.stormmod/enus.stormassets/localizeddata/sounds/vo/raynor_ui_gift00.fxe	ae46b2f6e4f42589bff0529cb48650aa	1557
mods/heroes.stormmod/enus.stormassets/localizeddata/sounds/vo/raynor_ui_gift00.ogg	6ad202b53d610a6b222d389dce574798	26248
mods/heroes.stormmod/enus.stormassets/localizeddata/sounds/vo/raynor_ui_lockin00.fxe	38e0371d1cc1b37c8a19386a30d83d03	1623
mods/heroes.stormmod/enus.stormassets/localizeddata/sounds/vo/raynor_ui_lockin00.ogg	102bfdb7206db49816bd0a8327e34c35	24692
mods/heroes.stormmod/enus.stormassets/localizeddata/sounds/vo/raynor_ui_purchase00.fxe	0356709dd697512b492e2eb453bfc71d	1305
mods/heroes.stormmod/enus.stormassets/localizeddata/sounds/vo/raynor_ui_purchase00.ogg	a28f7e8fea7d1892f920f7a4c124967f	33443
mods/heroes.stormmod/enus.stormassets/localizeddata/sounds/vo/raynor_ui_trial00.fxe	6868ac66b5d0779e18c6cbb51d80cf3c	2801
mods/heroes.stormmod/enus.stormassets/localizeddata/sounds/vo/raynor_ui_trial00.ogg	720a5185e6ce8b7e3c8637419cebbf81	33137
mods/heroes.stormmod/enus.stormassets/localizeddata/sounds/vo/raynor_ui_trial01.fxe	2df17b6a43647e21d19e1da0c161ebe0	2513
mods/heroes.stormmod/enus.stormassets/localizeddata/sounds/vo/raynor_ui_trial01.ogg	3f4d5f43b0729f66868f7dab4bfd162d	41009
mods/heroes.stormmod/enus.stormassets/localizeddata/sounds/vo/raynor_ui_waitlocked00.fxe	c31e66ca59e23f7163dc8f666124254e	1387
mods/heroes.stormmod/enus.stormassets/localizeddata/sounds/vo/raynor_ui_waitlocked00.ogg	682d744c2b950c549fc270eea8822228	22984
mods/heroes.stormmod/enus.stormassets/localizeddata/sounds/vo/raynor_ui_waitlocked01.fxe	7f84c7cc9b5448a7015e245d3a740c24	5958
mods/heroes.stormmod/enus.stormassets/localizeddata/sounds/vo/raynor_ui_waitlocked01.ogg	e1fadc597f88eeee9f56918633f7861a	91660
mods/heroes.stormmod/enus.stormassets/localizeddata/sounds/vo/raynor_ui_waitpurchased00.fxe	36865268529b066d863fb3aa81912cf4	2190
mods/heroes.stormmod/enus.stormassets/localizeddata/sounds/vo/raynor_ui_waitpurchased00.ogg	f8ee125ca9a566cdc990f9376654234f	43698
mods/heroes.stormmod/enus.stormassets/localizeddata/sounds/vo/raynor_ui_waitpurchased02.fxe	f37a774379c67e1747cb75144e7d14a4	3726
mods/heroes.stormmod/enus.stormassets/localizeddata/sounds/vo/raynor_ui_waitpurchased02.ogg	3eb6214ddf3e42b4ecc7bdd3b6d730f2	53016
mods/heroes.stormmod/enus.stormassets/localizeddata/sounds/vo/raynor_ultimate1used00.fxe	8f92a50d7f8e841033b9233d6ae32034	1675
mods/heroes.stormmod/enus.stormassets/localizeddata/sounds/vo/raynor_ultimate1used00.ogg	27e780cc99595135703a41c7b252a923	30978
mods/heroes.stormmod/enus.stormassets/localizeddata/sounds/vo/raynor_ultimate1used01.fxe	d0f130eaa718d7aab0206685bda1e0de	1339
mods/heroes.stormmod/enus.stormassets/localizeddata/sounds/vo/raynor_ultimate1used01.ogg	e629396d696eaec55a9a5be7263f3fc2	22694
mods/heroes.stormmod/enus.stormassets/localizeddata/sounds/vo/raynor_ultimate2used00.fxe	d1cb3259c3a0af839bded5d9c6b9f8f6	1355
mods/heroes.stormmod/enus.stormassets/localizeddata/sounds/vo/raynor_ultimate2used00.ogg	77047fa344e77507c312ad59953281e0	20299
mods/heroes.stormmod/enus.stormassets/localizeddata/sounds/vo/raynor_ultimate2used01.fxe	033bc10ebdc7fa7a76d3dc8fbadd1566	2251
mods/heroes.stormmod/enus.stormassets/localizeddata/sounds/vo/raynor_ultimate2used01.ogg	c50901ff2a282c252e27925c7fe6a75e	32408
mods/heroes.stormmod/enus.stormassets/localizeddata/sounds/vo/raynor_voicelinefive00.fxe	d4bfb167f48fe9d4e807999ca4bcdd6e	1467
mods/heroes.stormmod/enus.stormassets/localizeddata/sounds/vo/raynor_voicelinefive00.ogg	c342dd704900952afdfcb47e84885b1a	11500
mods/heroes.stormmod/enus.stormassets/localizeddata/sounds/vo/raynor_voicelinefour00.fxe	d6600e2e335d8661183c2b75c3af1960	1595
mods/heroes.stormmod/enus.stormassets/localizeddata/sounds/vo/raynor_voicelinefour00.ogg	059a0d0f4af3d73404da52e4542d5e9a	14415
mods/heroes.stormmod/enus.stormassets/localizeddata/sounds/vo/raynor_voicelineone00.fxe	e077bb85a2487a9677f643c8dfbea71c	1562
mods/heroes.stormmod/enus.stormassets/localizeddata/sounds/vo/raynor_voicelineone00.ogg	0649794a6cf5096885e3b6c588f18085	14800
mods/heroes.stormmod/enus.stormassets/localizeddata/sounds/vo/raynor_voicelinethree00.fxe	016cfe358b865c2e4d0f8a2b8e6f36b7	1660
mods/heroes.stormmod/enus.stormassets/localizeddata/sounds/vo/raynor_voicelinethree00.ogg	c9b5dc3fc62ae3bb75164212bf91e811	20058
mods/heroes.stormmod/enus.stormassets/localizeddata/sounds/vo/raynor_voicelinetwo00.fxe	0a09e55fc775fa776328c27836e8041e	1578
mods/heroes.stormmod/enus.stormassets/localizeddata/sounds/vo/raynor_voicelinetwo00.ogg	d77adaca5076b23715e980cc80579897	10798
mods/heroes.stormmod/enus.stormassets/localizeddata/sounds/vo/raynor_vox_attack02.fxe	97f7e0e6cdd386a6e2d3e5d153c09f3e	1032
mods/heroes.stormmod/enus.stormassets/localizeddata/sounds/vo/raynor_vox_attack02.ogg	4887d2763ac8ae77cb5594dd2286c486	14886
mods/heroes.stormmod/enus.stormassets/localizeddata/sounds/vo/raynor_vox_attack03.fxe	1221d58c8fe446de69826f5bcb485bd2	1352
mods/heroes.stormmod/enus.stormassets/localizeddata/sounds/vo/raynor_vox_attack03.ogg	69742a83d0d4aadc1a966e5d2b73b2dd	21925
mods/heroes.stormmod/enus.stormassets/localizeddata/sounds/vo/raynor_vox_attack05.fxe	b59ca1d5f9adc61b197941a8c86039b7	1240
mods/heroes.stormmod/enus.stormassets/localizeddata/sounds/vo/raynor_vox_attack05.ogg	44267641a3636c9564eac379f6368681	19446
mods/heroes.stormmod/enus.stormassets/localizeddata/sounds/vo/raynor_vox_attack06.fxe	f2c43bb0a79c02f1979b7682d14ff2c4	1160
mods/heroes.stormmod/enus.stormassets/localizeddata/sounds/vo/raynor_vox_attack06.ogg	eb586585acdc5c005f2eeb4948ec9e1c	15801
mods/heroes.stormmod/enus.stormassets/localizeddata/sounds/vo/raynor_vox_attack07.fxe	7d0267d3ccbd0daf81a1824758cb47d3	1528
mods/heroes.stormmod/enus.stormassets/localizeddata/sounds/vo/raynor_vox_attack07.ogg	98f56620c54ee33895a7ddc3ed3bb6b4	21577
mods/heroes.stormmod/enus.stormassets/localizeddata/sounds/vo/raynor_vox_attack08.ogg	73fc805ce529920342388193a4d992f5	19419
mods/heroes.stormmod/enus.stormassets/localizeddata/sounds/vo/raynor_vox_attack10.ogg	8525c508a3c78ee78bf93f4b81139906	18776
mods/heroes.stormmod/enus.stormassets/localizeddata/sounds/vo/raynor_vox_attack11.ogg	b6276675deccbe4c61769a1c8f91854d	16644
mods/heroes.stormmod/enus.stormassets/localizeddata/sounds/vo/raynor_vox_casting01.fxe	79d1a8b89ab4414bdf465ece64b77d41	1033
mods/heroes.stormmod/enus.stormassets/localizeddata/sounds/vo/raynor_vox_casting01.ogg	952c3f10a560734495bee2e259c1f45c	17095
mods/heroes.stormmod/enus.stormassets/localizeddata/sounds/vo/raynor_vox_casting02.fxe	bf8a834568e3d48ec299e479e26490a0	1145
mods/heroes.stormmod/enus.stormassets/localizeddata/sounds/vo/raynor_vox_casting02.ogg	c3847a0a81c0c818536abebb73f63f5e	20222
mods/heroes.stormmod/enus.stormassets/localizeddata/sounds/vo/raynor_vox_casting03.fxe	0a24249eaf5d6b2d293121bd674064d2	1305
mods/heroes.stormmod/enus.stormassets/localizeddata/sounds/vo/raynor_vox_casting03.ogg	438630e27b21fb99b15630842118bf18	17371
mods/heroes.stormmod/enus.stormassets/localizeddata/sounds/vo/raynor_vox_casting04.fxe	0c1a80f98651d3bb9459dafd0774d77d	1337
mods/heroes.stormmod/enus.stormassets/localizeddata/sounds/vo/raynor_vox_casting04.ogg	581244ecc5f3fac16e0a72bc8c53aac9	16983
mods/heroes.stormmod/enus.stormassets/localizeddata/sounds/vo/raynor_vox_casting05.fxe	0a88065af27fa2d26907412ab775a3f1	985
mods/heroes.stormmod/enus.stormassets/localizeddata/sounds/vo/raynor_vox_casting05.ogg	d9dd4b28d14bfb35074a948407bb610c	17167
mods/heroes.stormmod/enus.stormassets/localizeddata/sounds/vo/raynor_vox_casting06.ogg	f8d33399cbe79aa3da92e5cb749e86c8	17024
mods/heroes.stormmod/enus.stormassets/localizeddata/sounds/vo/raynor_vox_casting07.ogg	e6c9c8666839b73641fa6772507cdf1e	16046
mods/heroes.stormmod/enus.stormassets/localizeddata/sounds/vo/raynor_vox_casting08.ogg	072c9a90fbe11df2b254a88a27f5cd62	21024
mods/heroes.stormmod/enus.stormassets/localizeddata/sounds/vo/raynor_vox_casting09.ogg	99ef4a340093232ef0af37e1776eb936	28976
mods/heroes.stormmod/enus.stormassets/localizeddata/sounds/vo/raynor_vox_casting10.ogg	ecfac96d94d27d86bd625139d206b407	24633
mods/heroes.stormmod/enus.stormassets/localizeddata/sounds/vo/raynor_vox_casting11.ogg	b1229574e287ac719c8a4f2283baea9d	28767
mods/heroes.stormmod/enus.stormassets/localizeddata/sounds/vo/raynor_vox_casting12.ogg	d8c3963e081dc597fb720ee294bddd6f	21363
mods/heroes.stormmod/enus.stormassets/localizeddata/sounds/vo/raynor_vox_casting13.ogg	9cfacf035077b98e7c36b5ce17924585	29160
mods/heroes.stormmod/enus.stormassets/localizeddata/sounds/vo/raynor_vox_casting14.ogg	11d6634eba3c5d5910dc6c4f019c8cc5	30698
mods/heroes.stormmod/enus.stormassets/localizeddata/sounds/vo/raynor_vox_casting15.ogg	3565c03c8107878a5bb0714859b136cc	29089
mods/heroes.stormmod/enus.stormassets/localizeddata/sounds/vo/raynor_vox_casting16.ogg	2c9863879b9df4afeb8c96c8810f7fc7	24459
mods/heroes.stormmod/enus.stormassets/localizeddata/sounds/vo/raynor_vox_casting17.ogg	566f2b4d1a06392846fa5efde4f9a9b9	25858
mods/heroes.stormmod/enus.stormassets/localizeddata/sounds/vo/raynor_vox_casting18.ogg	eac17a4da3f99a29b7fc0d840867f777	26488
mods/heroes.stormmod/enus.stormassets/localizeddata/sounds/vo/raynor_vox_castingc00.fxe	07433f9abc26466bb09d97148bc8528a	1450
mods/heroes.stormmod/enus.stormassets/localizeddata/sounds/vo/raynor_vox_castingc01.fxe	05d035cc2ca2eb527fce04314f676101	1450
mods/heroes.stormmod/enus.stormassets/localizeddata/sounds/vo/raynor_vox_castingc02.fxe	568a7a1f888e53d3a00ad41f8540818b	1450
mods/heroes.stormmod/enus.stormassets/localizeddata/sounds/vo/raynor_vox_castingc03.fxe	71573ea9fcd558f0fa51ca213e579060	1450
mods/heroes.stormmod/enus.stormassets/localizeddata/sounds/vo/raynor_vox_castingc04.fxe	18c0bfcaa1f9e7a41905a02b0992cf52	1450
mods/heroes.stormmod/enus.stormassets/localizeddata/sounds/vo/raynor_vox_cheer01.fxe	8bae6750e08c32369196ea075864b758	1415
mods/heroes.stormmod/enus.stormassets/localizeddata/sounds/vo/raynor_vox_cheer01.ogg	d775df1d547329bd199d5ffa39c6f099	24954
mods/heroes.stormmod/enus.stormassets/localizeddata/sounds/vo/raynor_vox_cheer05.ogg	92f25be28f1fd29c41a1b2d8607823f0	28068
mods/heroes.stormmod/enus.stormassets/localizeddata/sounds/vo/raynor_vox_gethit01.fxe	6093b3e6eb63e303b7448c8d2d214578	1336
mods/heroes.stormmod/enus.stormassets/localizeddata/sounds/vo/raynor_vox_gethit01.ogg	bda33d131129ace7bd30cbd1968f8549	16752
mods/heroes.stormmod/enus.stormassets/localizeddata/sounds/vo/raynor_vox_gethit02.fxe	dcee8a66cef84e4ecb9cf0d4dac1e794	952
mods/heroes.stormmod/enus.stormassets/localizeddata/sounds/vo/raynor_vox_gethit02.ogg	97b61a9686200063f57f4e6e35ae5337	15244
mods/heroes.stormmod/enus.stormassets/localizeddata/sounds/vo/raynor_vox_gethit03.fxe	3ff7896f91c1d51848db5e5038be1dd9	1032
mods/heroes.stormmod/enus.stormassets/localizeddata/sounds/vo/raynor_vox_gethit03.ogg	60c4e038ca376c466af4b10f6d5ca342	16302
mods/heroes.stormmod/enus.stormassets/localizeddata/sounds/vo/raynor_vox_gethit04.fxe	21bfdb97ba7b595a064e082e452e521f	1064
mods/heroes.stormmod/enus.stormassets/localizeddata/sounds/vo/raynor_vox_gethit04.ogg	c45729ec73f715b23a95723cba8f0285	15878
mods/heroes.stormmod/enus.stormassets/localizeddata/sounds/vo/raynor_vox_gethit05.fxe	040f8c2a9e9c7b467ddc3b7e4b49fbf4	1048
mods/heroes.stormmod/enus.stormassets/localizeddata/sounds/vo/raynor_vox_gethit05.ogg	5d978a4b443c46b8ed36a1682b3729a4	15802
mods/heroes.stormmod/enus.stormassets/localizeddata/sounds/vo/raynor_vox_gethit06.ogg	4528f54120eee51dc4f0033e57672818	15030
mods/heroes.stormmod/enus.stormassets/localizeddata/sounds/vo/raynor_vox_gethit07.fxe	7ec97d70404a631eb621f695851f17fa	1048
mods/heroes.stormmod/enus.stormassets/localizeddata/sounds/vo/raynor_vox_gethit07.ogg	06f3c82574fb55169f6eaec5895ef980	16916
mods/heroes.stormmod/enus.stormassets/localizeddata/sounds/vo/raynor_vox_gethit08.fxe	0eac3f75be690f758d152cf5c16d378c	1128
mods/heroes.stormmod/enus.stormassets/localizeddata/sounds/vo/raynor_vox_gethit08.ogg	eee1d33352116df92ee0ef12aa012013	13871
mods/heroes.stormmod/enus.stormassets/localizeddata/sounds/vo/raynor_vox_gethit09.fxe	250b0ab5c631cd5da9c729b6ec1abe20	1096
mods/heroes.stormmod/enus.stormassets/localizeddata/sounds/vo/raynor_vox_gethit09.ogg	bd26e8cf6572cab42ab8247ee2b640a4	14953
mods/heroes.stormmod/enus.stormassets/localizeddata/sounds/vo/raynor_vox_gethit10.fxe	1e1c5588600e986bab19231275cec720	1192
mods/heroes.stormmod/enus.stormassets/localizeddata/sounds/vo/raynor_vox_gethit10.ogg	faa44475775589755ea500cce811a3a5	15239
mods/heroes.stormmod/enus.stormassets/localizeddata/sounds/vo/raynor_vox_gethit11.fxe	db041b5ce4d35b10e245c899bb056a5c	1144
mods/heroes.stormmod/enus.stormassets/localizeddata/sounds/vo/raynor_vox_gethit11.ogg	b92e28223b3f1472c85352d1593dbcce	15276
mods/heroes.stormmod/enus.stormassets/localizeddata/sounds/vo/raynor_vox_gethit12.ogg	648d7be8775a114f46c51f7c48aafeac	14397
mods/heroes.stormmod/enus.stormassets/localizeddata/sounds/vo/raynor_vox_gethit13.ogg	92e514f9062903a33787e4cd43283fb5	15490
mods/heroes.stormmod/enus.stormassets/localizeddata/sounds/vo/raynor_vox_pulled02.fxe	3d32651b5ef2e32c0b82ea547b1f0900	1352
mods/heroes.stormmod/enus.stormassets/localizeddata/sounds/vo/raynor_vox_pulled02.ogg	65f3663e1f1c989bed32bf45e52ef2f4	20252
mods/heroes.stormmod/enus.stormassets/localizeddata/sounds/vo/raynor_vox_pulled03.fxe	3f8e3e80f87d31b9027d96e62b6eb566	1288
mods/heroes.stormmod/enus.stormassets/localizeddata/sounds/vo/raynor_vox_pulled03.ogg	72d0594dc3fef94ed1a97a90c7e16a35	17836
mods/heroes.stormmod/enus.stormassets/localizeddata/sounds/vo/raynor_vox_pulled04.ogg	07402519e124ae0cf5c0dfa0f50f7e8d	16993
mods/heroes.stormmod/enus.stormassets/localizeddata/sounds/vo/raynor_vox_pulled05.ogg	18e306ac97279a306cea3dbbb95aaf50	22256
mods/heroes.stormmod/enus.stormassets/localizeddata/sounds/vo/raynor_vox_pulled06.ogg	6a028d82173c04a778ac8f3c3b234657	14330
mods/heroes.stormmod/enus.stormassets/localizeddata/sounds/vo/raynor_vox_pulled07.ogg	86beab1a1110207d8ae6265c662ab287	18955
mods/heroes.stormmod/enus.stormassets/localizeddata/sounds/vo/raynor_vox_pulled08.ogg	bd6e4db3510d72700a256f9f6c3de9b2	18076
mods/heroes.stormmod/enus.stormassets/localizeddata/sounds/vo/raynor_worthit00.fxe	f481940860b44b14775f809bad9f5738	2325
mods/heroes.stormmod/enus.stormassets/localizeddata/sounds/vo/raynor_worthit00.ogg	f5a0b62b94bdeda17c5e909e1431fce8	40945
mods/heroes.stormmod/enus.stormassets/localizeddata/sounds/vo/raynor_worthit01.fxe	6fa20a16822f10c46564ae714080c37e	1477
mods/heroes.stormmod/enus.stormassets/localizeddata/sounds/vo/raynor_worthit01.ogg	3c3f0baefecd30e6ad2b0840df58a0b0	29158
mods/heroes.stormmod/enus.stormassets/localizeddata/sounds/vo/raynor_yes00.fxe	67b6a74005e90ffdbd3e0576c6cfa62b	1553
mods/heroes.stormmod/enus.stormassets/localizeddata/sounds/vo/raynor_yes00.ogg	46cbb7da42883fe00891830c30cbb6ab	43330
mods/heroes.stormmod/enus.stormassets/localizeddata/sounds/vo/raynor_yes01.fxe	6d363d923be8a894d7ae5287df26917c	1537
mods/heroes.stormmod/enus.stormassets/localizeddata/sounds/vo/raynor_yes01.ogg	9e6cd5de96dfeb605ee73d5251c62cfc	26608
mods/heroes.stormmod/enus.stormassets/localizeddata/sounds/vo/raynor_yes02.fxe	3b38e7d11fcdb4432eb8e1230c074d7d	1201
mods/heroes.stormmod/enus.stormassets/localizeddata/sounds/vo/raynor_yes02.ogg	2845683946579df259d53219af793bbb	26171
mods/heroes.stormmod/enus.stormassets/localizeddata/sounds/vo/raynor_yes03.fxe	c662a86ff02d3ec44c9f41cb421c18de	1505
mods/heroes.stormmod/enus.stormassets/localizeddata/sounds/vo/raynor_yes03.ogg	ff527e37776f049da676847ad0e24cf4	21989
mods/heroes.stormmod/enus.stormassets/localizeddata/sounds/vo/raynor_yes04.fxe	3834a08fc67676f6b5723d0b6507bbe0	1281
mods/heroes.stormmod/enus.stormassets/localizeddata/sounds/vo/raynor_yes04.ogg	260524cb495f6b39f74184ec5024c157	23625
mods/heroes.stormmod/enus.stormassets/localizeddata/sounds/vo/raynor_yes05.fxe	b77c00a9638d2e2050cfbfbe3fa1af91	1345
mods/heroes.stormmod/enus.stormassets/localizeddata/sounds/vo/raynor_yes05.ogg	ff5e7a90f590fb10b62e09ebd03bd6ab	19645
mods/heroes.stormmod/enus.stormassets/localizeddata/sounds/vo/raynor_yes06.fxe	b00790baed9f54138528c6306d324b07	1457
mods/heroes.stormmod/enus.stormassets/localizeddata/sounds/vo/raynor_yes06.ogg	94e782e198c26f73d869c1cff34ea274	22775
mods/heroes.stormmod/enus.stormassets/localizeddata/sounds/vo/raynor_yes07.fxe	7c5fbee99b9740c358752f570dc831a4	1633
mods/heroes.stormmod/enus.stormassets/localizeddata/sounds/vo/raynor_yes07.ogg	9aff5fcbb7f597cc5171b1090deeb70b	23428
mods/heroes.stormmod/enus.stormassets/localizeddata/sounds/vo/raynor_yes08.fxe	5a10fd4e70b0fc5ec3f87630a4e7061e	1153
mods/heroes.stormmod/enus.stormassets/localizeddata/sounds/vo/raynor_yes08.ogg	3d26c2f2f42d5d158d9a7b4675775bfe	22690
mods/heroes.stormmod/enus.stormassets/localizeddata/sounds/vo/raynorcommander_ai_attack00.fxe	770ecdb1d13469acb3768b2a803b9e61	2176
mods/heroes.stormmod/enus.stormassets/localizeddata/sounds/vo/raynorcommander_ai_attack00.ogg	c6161cce2966f8a5b79bfb26482a9864	35179
mods/heroes.stormmod/enus.stormassets/localizeddata/sounds/vo/raynorcommander_ai_attack01.fxe	20084ef0a204edc57bbe0ea851748078	1616
mods/heroes.stormmod/enus.stormassets/localizeddata/sounds/vo/raynorcommander_ai_attack01.ogg	78dcf6374a69a97f3ae24169bd762758	21518
mods/heroes.stormmod/enus.stormassets/localizeddata/sounds/vo/raynorcommander_ai_attack02.fxe	52eb2995cb26253b994cd89d95e49aa4	1392
mods/heroes.stormmod/enus.stormassets/localizeddata/sounds/vo/raynorcommander_ai_attack02.ogg	c72498d1f9ed925ad09d4eed26cdba76	19763
mods/heroes.stormmod/enus.stormassets/localizeddata/sounds/vo/raynorcommander_ai_caution00.fxe	29cdb0e2a2c6c47c89073e0031e48702	3057
mods/heroes.stormmod/enus.stormassets/localizeddata/sounds/vo/raynorcommander_ai_caution00.ogg	3a64881a5fec5b81a9263a536dbe3e24	43369
mods/heroes.stormmod/enus.stormassets/localizeddata/sounds/vo/raynorcommander_ai_goodjob00.fxe	09ef26c60d06eb86bb26692943f84491	1697
mods/heroes.stormmod/enus.stormassets/localizeddata/sounds/vo/raynorcommander_ai_goodjob00.ogg	1d9d586e0794c5488baf0b271b7850df	38641
mods/heroes.stormmod/enus.stormassets/localizeddata/sounds/vo/raynorcommander_ai_goodjob01.fxe	8fafeca1efa65596aa139d4342e5a615	2241
mods/heroes.stormmod/enus.stormassets/localizeddata/sounds/vo/raynorcommander_ai_goodjob01.ogg	91e509808293b5f4c65282a60e666454	32952
mods/heroes.stormmod/enus.stormassets/localizeddata/sounds/vo/raynorcommander_ai_goodjob02.fxe	6da61d179cbd5c514b80e2104f1edc2c	945
mods/heroes.stormmod/enus.stormassets/localizeddata/sounds/vo/raynorcommander_ai_goodjob02.ogg	2d0939dcce31e1cc2eaf5f1257188617	23863
mods/heroes.stormmod/enus.stormassets/localizeddata/sounds/vo/raynorcommander_ai_heal00.fxe	a599f3706fa610232345c803bbb2a4e2	2350
mods/heroes.stormmod/enus.stormassets/localizeddata/sounds/vo/raynorcommander_ai_heal00.ogg	79b2f5a31568d227c954faa9a5fb567c	27815
mods/heroes.stormmod/enus.stormassets/localizeddata/sounds/vo/raynorcommander_ai_heal01.fxe	6b9f8d3d3bb49cbf2111e75338660fbc	3422
mods/heroes.stormmod/enus.stormassets/localizeddata/sounds/vo/raynorcommander_ai_heal01.ogg	50971758673ffbcf1080ed3f4f36a58f	46094
mods/heroes.stormmod/enus.stormassets/localizeddata/sounds/vo/raynorcommander_ai_onmyway00.fxe	cb8944ef104548da661dfb7f7226abeb	1489
mods/heroes.stormmod/enus.stormassets/localizeddata/sounds/vo/raynorcommander_ai_onmyway00.ogg	cf2360a314dc21a001876e6586c917d1	18452
mods/heroes.stormmod/enus.stormassets/localizeddata/sounds/vo/raynorcommander_ai_onmyway01.fxe	7e2c73ac573e247fa537406ae9fcae66	2593
mods/heroes.stormmod/enus.stormassets/localizeddata/sounds/vo/raynorcommander_ai_onmyway01.ogg	6014c99d32d558dc85cec04de5e5ae11	31469
mods/heroes.stormmod/enus.stormassets/localizeddata/sounds/vo/raynorcommander_ai_retreat00.fxe	ef222071d7951121cc703259ca2324ef	2369
mods/heroes.stormmod/enus.stormassets/localizeddata/sounds/vo/raynorcommander_ai_retreat00.ogg	a47a7ea4c0557798bc0f520f80a32a6c	36726
mods/heroes.stormmod/enus.stormassets/localizeddata/sounds/vo/raynorcommander_ai_retreat01.fxe	411c161946af6873d2f6e6c9ab5e761c	1937
mods/heroes.stormmod/enus.stormassets/localizeddata/sounds/vo/raynorcommander_ai_retreat01.ogg	5afc969fbb7821e7a28056f3178d2f35	24310
mods/heroes.stormmod/enus.stormassets/localizeddata/sounds/vo/raynorcommander_ai_uhoh00.fxe	73fff6385aa20d01744b408d256783ba	1102
mods/heroes.stormmod/enus.stormassets/localizeddata/sounds/vo/raynorcommander_ai_uhoh00.ogg	31187ed9858b4758266f16364eea071e	14755
mods/heroes.stormmod/enus.stormassets/localizeddata/sounds/vo/raynorcommander_ai_uhoh01.fxe	1c3ede4643938af910699a8f88e914d8	2254
mods/heroes.stormmod/enus.stormassets/localizeddata/sounds/vo/raynorcommander_ai_uhoh01.ogg	95ea6284bf3030aaed229df58b6c0d91	28200
mods/heroes.stormmod/enus.stormassets/localizeddata/sounds/vo/raynorcommander_ai_uhoh02.fxe	a05f217fc13e862d6b219fd1f61c8877	878
mods/heroes.stormmod/enus.stormassets/localizeddata/sounds/vo/raynorcommander_ai_uhoh02.ogg	e0f71d0f6d26cdc700a0ca056f3e8b01	19121
mods/heroes.stormmod/enus.stormassets/localizeddata/sounds/vo/raynorcommander_attack00.fxe	44b2b5234accdfbffd1a0957e54f7054	1373
mods/heroes.stormmod/enus.stormassets/localizeddata/sounds/vo/raynorcommander_attack00.ogg	a690eb86f0326ccf153c75a48f3bfea4	19055
mods/heroes.stormmod/enus.stormassets/localizeddata/sounds/vo/raynorcommander_attack01.fxe	ca0e187279093c25f40d79c12e1b7657	1309
mods/heroes.stormmod/enus.stormassets/localizeddata/sounds/vo/raynorcommander_attack01.ogg	117ac1e368fdb285d9035f1a87d1da9b	21845
mods/heroes.stormmod/enus.stormassets/localizeddata/sounds/vo/raynorcommander_attack02.fxe	2117593930a6a8a71e9446e379952ed7	2285
mods/heroes.stormmod/enus.stormassets/localizeddata/sounds/vo/raynorcommander_attack02.ogg	d70d9206929da1a71214d7114d1e0005	29755
mods/heroes.stormmod/enus.stormassets/localizeddata/sounds/vo/raynorcommander_attack03.fxe	59cc951dab2b57899ff4f1d4f542457d	1693
mods/heroes.stormmod/enus.stormassets/localizeddata/sounds/vo/raynorcommander_attack03.ogg	96f65b074202963a39b17264366cbe4c	23569
mods/heroes.stormmod/enus.stormassets/localizeddata/sounds/vo/raynorcommander_attack04.fxe	ab66b9234c6b5460689944b966b7f882	1709
mods/heroes.stormmod/enus.stormassets/localizeddata/sounds/vo/raynorcommander_attack04.ogg	c30a3d2a5313b7f9f079fedec391da3b	42071
mods/heroes.stormmod/enus.stormassets/localizeddata/sounds/vo/raynorcommander_attack05.fxe	11ab4dd9689fb9589f0b3a64638b8d73	1389
mods/heroes.stormmod/enus.stormassets/localizeddata/sounds/vo/raynorcommander_attack05.ogg	2698ee084c6d763664279987f2f7bccc	16431
mods/heroes.stormmod/enus.stormassets/localizeddata/sounds/vo/raynorcommander_attack06.fxe	7d1f881669290db298fc567e2566ba49	1757
mods/heroes.stormmod/enus.stormassets/localizeddata/sounds/vo/raynorcommander_attack06.ogg	19026124378fbdb2f4c7cbd502a24c3b	24321
mods/heroes.stormmod/enus.stormassets/localizeddata/sounds/vo/raynorcommander_celebrate00.fxe	60d1b21a77a4d9922f114a1cdb11a1b1	1616
mods/heroes.stormmod/enus.stormassets/localizeddata/sounds/vo/raynorcommander_celebrate00.ogg	310889a69063791e1c02ce63f22764dd	20309
mods/heroes.stormmod/enus.stormassets/localizeddata/sounds/vo/raynorcommander_celebrate01.fxe	b106bfecc1e9f1098a61b0806d1faf80	1776
mods/heroes.stormmod/enus.stormassets/localizeddata/sounds/vo/raynorcommander_celebrate01.ogg	8a5de00192afd7d761e24df92678a28e	29741
mods/heroes.stormmod/enus.stormassets/localizeddata/sounds/vo/raynorcommander_comeback_00.fxe	f98d0be666dead330ed455f965ec36ce	2160
mods/heroes.stormmod/enus.stormassets/localizeddata/sounds/vo/raynorcommander_comeback_00.ogg	3032ffa8daaa93963e4d919c969f8a38	33631
mods/heroes.stormmod/enus.stormassets/localizeddata/sounds/vo/raynorcommander_death01.fxe	146e3b572992d83211c318a3e7ba2564	1276
mods/heroes.stormmod/enus.stormassets/localizeddata/sounds/vo/raynorcommander_death01.wav	739b1a4408dbab7f99ec8da0be65a870	45116
mods/heroes.stormmod/enus.stormassets/localizeddata/sounds/vo/raynorcommander_death02.fxe	c25f2c8c464b4c56bc4104ba455aef46	1452
mods/heroes.stormmod/enus.stormassets/localizeddata/sounds/vo/raynorcommander_death02.wav	2598506ecd3fbdd85f872c632607620e	40764
mods/heroes.stormmod/enus.stormassets/localizeddata/sounds/vo/raynorcommander_death03.fxe	1afad99f70cdc9bf49e498b62ab6c50d	1644
mods/heroes.stormmod/enus.stormassets/localizeddata/sounds/vo/raynorcommander_death03.wav	f5c05c5db5254479244df39ca0179453	46140
mods/heroes.stormmod/enus.stormassets/localizeddata/sounds/vo/raynorcommander_death04.wav	2cc4d2bfcb63cee5b55b1a47fef0efda	34108
mods/heroes.stormmod/enus.stormassets/localizeddata/sounds/vo/raynorcommander_death05.wav	6f233f7d000453c925f2b10c5d975c37	62780
mods/heroes.stormmod/enus.stormassets/localizeddata/sounds/vo/raynorcommander_death06.wav	265e5a9f2316be1a721f71de468f0926	34108
mods/heroes.stormmod/enus.stormassets/localizeddata/sounds/vo/raynorcommander_death07.wav	0b5a2c5042f8eff4081849988975d749	58172
mods/heroes.stormmod/enus.stormassets/localizeddata/sounds/vo/raynorcommander_death08.wav	e7f4f6682dc505d9231195ed2444b752	34620
mods/heroes.stormmod/enus.stormassets/localizeddata/sounds/vo/raynorcommander_healed00.fxe	0aca014651a78ecc2a6bb5859178b64e	1709
mods/heroes.stormmod/enus.stormassets/localizeddata/sounds/vo/raynorcommander_healed00.ogg	ed8b6f955c425f3b9839bb8a35f7a48e	25220
mods/heroes.stormmod/enus.stormassets/localizeddata/sounds/vo/raynorcommander_healed01.fxe	23319c98d0b371fe2117c6b96620ff47	2813
mods/heroes.stormmod/enus.stormassets/localizeddata/sounds/vo/raynorcommander_healed01.ogg	0d24f0541cb7fee0dd9996cadc2f5332	48810
mods/heroes.stormmod/enus.stormassets/localizeddata/sounds/vo/raynorcommander_healed02.fxe	3fc8320ab535a4bd0f1506dcec75b250	1597
mods/heroes.stormmod/enus.stormassets/localizeddata/sounds/vo/raynorcommander_healed02.ogg	8a97ae1220c13fd0db055c963fc06d60	22576
mods/heroes.stormmod/enus.stormassets/localizeddata/sounds/vo/raynorcommander_introagree00.fxe	8fba675ec866b967ff871010d1a74568	1425
mods/heroes.stormmod/enus.stormassets/localizeddata/sounds/vo/raynorcommander_introagree00.ogg	efc85b657456f61293190f2977e5d4c4	23957
mods/heroes.stormmod/enus.stormassets/localizeddata/sounds/vo/raynorcommander_introagree01.fxe	6a702e871115f2df4754ebe7c346cf00	929
mods/heroes.stormmod/enus.stormassets/localizeddata/sounds/vo/raynorcommander_introagree01.ogg	e0336f3b2d47246ebf0f4f8afef91b58	26977
mods/heroes.stormmod/enus.stormassets/localizeddata/sounds/vo/raynorcommander_introagree02.fxe	41446d04996226a0377e79b96978f5da	1233
mods/heroes.stormmod/enus.stormassets/localizeddata/sounds/vo/raynorcommander_introagree02.ogg	96994823cfd6c86489002d2e86c6ee5e	20620
mods/heroes.stormmod/enus.stormassets/localizeddata/sounds/vo/raynorcommander_introboast00.fxe	a6d0bfed0a3cd78f85def710187cff3b	2337
mods/heroes.stormmod/enus.stormassets/localizeddata/sounds/vo/raynorcommander_introboast00.ogg	090c8a67fedd58b58b19572647433c9d	35614
mods/heroes.stormmod/enus.stormassets/localizeddata/sounds/vo/raynorcommander_introboast01.fxe	56ea1bb1267f54d96d932bf97abff1a6	2449
mods/heroes.stormmod/enus.stormassets/localizeddata/sounds/vo/raynorcommander_introboast01.ogg	435cc359aff80b33ed5b51cffa59ad45	38186
mods/heroes.stormmod/enus.stormassets/localizeddata/sounds/vo/raynorcommander_introquestion00.fxe	ef1f576859bc7cbeb1e276c13db1abe7	1892
mods/heroes.stormmod/enus.stormassets/localizeddata/sounds/vo/raynorcommander_introquestion00.ogg	9a2ac66103c80f69b65e3859b732dff1	29171
mods/heroes.stormmod/enus.stormassets/localizeddata/sounds/vo/raynorcommander_introquestion01.fxe	34742964ac2c85d0338396e7328410de	1860
mods/heroes.stormmod/enus.stormassets/localizeddata/sounds/vo/raynorcommander_introquestion01.ogg	211b9356deb3a722dcc87e7b070fb8d6	26941
mods/heroes.stormmod/enus.stormassets/localizeddata/sounds/vo/raynorcommander_introquestion_artanis00.fxe	4de8b679ed0cc17c2a65834ab428e6c8	2300
mods/heroes.stormmod/enus.stormassets/localizeddata/sounds/vo/raynorcommander_introquestion_artanis00.ogg	0dcff3fc2d41f760ddb604ba0ff7b9cf	32760
mods/heroes.stormmod/enus.stormassets/localizeddata/sounds/vo/raynorcommander_introquestion_infestedtychus00.fxe	c7929e2de1ab0c0cd07079190d05607b	2195
mods/heroes.stormmod/enus.stormassets/localizeddata/sounds/vo/raynorcommander_introquestion_infestedtychus00.ogg	7f528ac783562ad09b8899bcdaeb1842	46395
mods/heroes.stormmod/enus.stormassets/localizeddata/sounds/vo/raynorcommander_introquestion_kerrigan00.fxe	a80b47c24d9ef87e5395c11d5db2a9d6	2109
mods/heroes.stormmod/enus.stormassets/localizeddata/sounds/vo/raynorcommander_introquestion_kerrigan00.ogg	9c2e21a0a074acff33fb06bdf02b1e69	22949
mods/heroes.stormmod/enus.stormassets/localizeddata/sounds/vo/raynorcommander_introquestion_murky00.fxe	e0df21b362e3c85150b4f2d395e4c6cd	2346
mods/heroes.stormmod/enus.stormassets/localizeddata/sounds/vo/raynorcommander_introquestion_murky00.ogg	9e1f3c93d5430256c593d16bc4012aad	29574
mods/heroes.stormmod/enus.stormassets/localizeddata/sounds/vo/raynorcommander_introquestion_negative00.fxe	1af953da9323e5e81d9ea2cf61a0c749	2173
mods/heroes.stormmod/enus.stormassets/localizeddata/sounds/vo/raynorcommander_introquestion_negative00.ogg	3dda9d2ee48ae878d9103573bba4d08c	30691
mods/heroes.stormmod/enus.stormassets/localizeddata/sounds/vo/raynorcommander_introquestion_nova00.fxe	1eef19e21ed39c5b056c9fca515444de	2041
mods/heroes.stormmod/enus.stormassets/localizeddata/sounds/vo/raynorcommander_introquestion_nova00.ogg	2edf0c9aab13049bce4dc0dfdcea8483	24721
mods/heroes.stormmod/enus.stormassets/localizeddata/sounds/vo/raynorcommander_introquestion_positive00.fxe	58fcd8617403d0496f768152370e8671	2621
mods/heroes.stormmod/enus.stormassets/localizeddata/sounds/vo/raynorcommander_introquestion_positive00.ogg	a5a3bfb51c7606015b004c9569715ed8	39155
mods/heroes.stormmod/enus.stormassets/localizeddata/sounds/vo/raynorcommander_introquestion_tychus00.fxe	8fbd9d8231a8db3c47f7dcc14e21bfd9	2363
mods/heroes.stormmod/enus.stormassets/localizeddata/sounds/vo/raynorcommander_introquestion_tychus00.ogg	67dc482060c8076c8601e0d819b624b0	38144
mods/heroes.stormmod/enus.stormassets/localizeddata/sounds/vo/raynorcommander_introquestion_zeratul00.fxe	fba0fe57aa0a6c87bdf15ca6ada90dfd	2188
mods/heroes.stormmod/enus.stormassets/localizeddata/sounds/vo/raynorcommander_introquestion_zeratul00.ogg	3c4350e0c1ac69bbf875b90971030751	31153
mods/heroes.stormmod/enus.stormassets/localizeddata/sounds/vo/raynorcommander_introrespond00.fxe	6bf0543147018333a1d731f38ddaf7b2	1507
mods/heroes.stormmod/enus.stormassets/localizeddata/sounds/vo/raynorcommander_introrespond00.ogg	52f69adea088946535b7fc5f3902805c	17346
mods/heroes.stormmod/enus.stormassets/localizeddata/sounds/vo/raynorcommander_introrespond01.fxe	20825e9909e293c7290a27a0cb4ab007	1411
mods/heroes.stormmod/enus.stormassets/localizeddata/sounds/vo/raynorcommander_introrespond01.ogg	df0b3aa7baf0686825241584afdafddb	33565
mods/heroes.stormmod/enus.stormassets/localizeddata/sounds/vo/raynorcommander_introrespond02.fxe	a1478f45c72df8c296de886aaf621162	1555
mods/heroes.stormmod/enus.stormassets/localizeddata/sounds/vo/raynorcommander_introrespond02.ogg	e937772762f9eb8acb309c3ba44ba109	24623
mods/heroes.stormmod/enus.stormassets/localizeddata/sounds/vo/raynorcommander_introresponse_artanis00.fxe	6d59dd6cef0019ab63ecf6a9ec456480	1468
mods/heroes.stormmod/enus.stormassets/localizeddata/sounds/vo/raynorcommander_introresponse_artanis00.ogg	2fb440f04b586fbc766aaacc18f362e0	22019
mods/heroes.stormmod/enus.stormassets/localizeddata/sounds/vo/raynorcommander_introresponse_infestedtychus00.fxe	d4e59dd4925473693634f3ef397314a8	1635
mods/heroes.stormmod/enus.stormassets/localizeddata/sounds/vo/raynorcommander_introresponse_infestedtychus00.ogg	025e564131e125bcad3822c2b95339c4	40612
mods/heroes.stormmod/enus.stormassets/localizeddata/sounds/vo/raynorcommander_introresponse_kerrigan00.fxe	c4393b59dcd3fa813c79b2e243e1940c	1037
mods/heroes.stormmod/enus.stormassets/localizeddata/sounds/vo/raynorcommander_introresponse_kerrigan00.ogg	d5d4bb9de801f76497f5f9fb3d8ba163	18005
mods/heroes.stormmod/enus.stormassets/localizeddata/sounds/vo/raynorcommander_introresponse_murky00.fxe	de437c007f633a4c20fa1985b944fad1	4266
mods/heroes.stormmod/enus.stormassets/localizeddata/sounds/vo/raynorcommander_introresponse_murky00.ogg	61248440dd04240e15d38376ae157fd4	51240
mods/heroes.stormmod/enus.stormassets/localizeddata/sounds/vo/raynorcommander_introresponse_negative00.fxe	dec58258842c8867836a9c3880499a4c	2269
mods/heroes.stormmod/enus.stormassets/localizeddata/sounds/vo/raynorcommander_introresponse_negative00.ogg	7555a1d526014e77a3f34c4c2728d500	31456
mods/heroes.stormmod/enus.stormassets/localizeddata/sounds/vo/raynorcommander_introresponse_nova00.fxe	917caa5e174b9b0f7ecd66b9625f37e5	2649
mods/heroes.stormmod/enus.stormassets/localizeddata/sounds/vo/raynorcommander_introresponse_nova00.ogg	db28f2809539261746463f8669f7f2b1	36955
mods/heroes.stormmod/enus.stormassets/localizeddata/sounds/vo/raynorcommander_introresponse_positive00.fxe	0767e2b24e71fc73417f2bd806b41ffd	1485
mods/heroes.stormmod/enus.stormassets/localizeddata/sounds/vo/raynorcommander_introresponse_positive00.ogg	a84480a52d5add733e7a6e688048e121	21078
mods/heroes.stormmod/enus.stormassets/localizeddata/sounds/vo/raynorcommander_introresponse_tychus00.fxe	f92878e75bb1a1b6af792282e0086e39	1531
mods/heroes.stormmod/enus.stormassets/localizeddata/sounds/vo/raynorcommander_introresponse_tychus00.ogg	522f37b03eb8b14a957717254b48709c	23962
mods/heroes.stormmod/enus.stormassets/localizeddata/sounds/vo/raynorcommander_introresponse_zeratul00.fxe	4f008bfc2ecfecc8758f2550fc839f78	1916
mods/heroes.stormmod/enus.stormassets/localizeddata/sounds/vo/raynorcommander_introresponse_zeratul00.ogg	bae9c1f9f409a73a160bc905ef7d530b	35073
mods/heroes.stormmod/enus.stormassets/localizeddata/sounds/vo/raynorcommander_kill00.fxe	95d964533f078af290091a1128a93924	1131
mods/heroes.stormmod/enus.stormassets/localizeddata/sounds/vo/raynorcommander_kill00.ogg	33fcf4e2734f3ac5e30eb98875085d4a	17777
mods/heroes.stormmod/enus.stormassets/localizeddata/sounds/vo/raynorcommander_kill01.fxe	22d3b6e2f0f1aae361c04602338eddf9	1579
mods/heroes.stormmod/enus.stormassets/localizeddata/sounds/vo/raynorcommander_kill01.ogg	768078cea7542cc2574823d8cb785447	23527
mods/heroes.stormmod/enus.stormassets/localizeddata/sounds/vo/raynorcommander_kill02.fxe	ff1a1174d12385df21c8c61aa55e84c5	1963
mods/heroes.stormmod/enus.stormassets/localizeddata/sounds/vo/raynorcommander_kill02.ogg	9d929c7837ad3648840cc3f51c026357	26947
mods/heroes.stormmod/enus.stormassets/localizeddata/sounds/vo/raynorcommander_kill03.fxe	279a85ee380e7dcba187b2c06c9913fb	1483
mods/heroes.stormmod/enus.stormassets/localizeddata/sounds/vo/raynorcommander_kill03.ogg	89e838f46c594f87b2aa592a93e1449e	23123
mods/heroes.stormmod/enus.stormassets/localizeddata/sounds/vo/raynorcommander_kill04.fxe	1e32cf07630bf9865ce522feb97aeabc	2171
mods/heroes.stormmod/enus.stormassets/localizeddata/sounds/vo/raynorcommander_kill04.ogg	55de0c5eaf6adeea64fbfa078fd0415e	44534
mods/heroes.stormmod/enus.stormassets/localizeddata/sounds/vo/raynorcommander_killdiablo00.fxe	1ab2fca004772085e39d21fca52361ae	2433
mods/heroes.stormmod/enus.stormassets/localizeddata/sounds/vo/raynorcommander_killdiablo00.ogg	4a4e824c30911e883a93a5dae9559158	30506
mods/heroes.stormmod/enus.stormassets/localizeddata/sounds/vo/raynorcommander_killkerrigan00.fxe	0bb29c044e1561199a5c71ea6e1c4fca	2867
mods/heroes.stormmod/enus.stormassets/localizeddata/sounds/vo/raynorcommander_killkerrigan00.ogg	7823e1b6bc9cd09477635257d0139179	37304
mods/heroes.stormmod/enus.stormassets/localizeddata/sounds/vo/raynorcommander_killnova00.fxe	f546040900016bec5cfc132b3ed46e41	1999
mods/heroes.stormmod/enus.stormassets/localizeddata/sounds/vo/raynorcommander_killnova00.ogg	244571e7eef841e678fb4586abeaf9bb	27539
mods/heroes.stormmod/enus.stormassets/localizeddata/sounds/vo/raynorcommander_killspreeend00.fxe	3c950a7a573f83484c3719b1a41ef005	1347
mods/heroes.stormmod/enus.stormassets/localizeddata/sounds/vo/raynorcommander_killspreeend00.ogg	17564a67710128a7a83cdb0bf778cee1	19943
mods/heroes.stormmod/enus.stormassets/localizeddata/sounds/vo/raynorcommander_killtychus00.fxe	4d1f789b959783e65d3981f90416cc19	2289
mods/heroes.stormmod/enus.stormassets/localizeddata/sounds/vo/raynorcommander_killtychus00.ogg	8d8e6834f1d5f9144d62f589785a0f7f	37022
mods/heroes.stormmod/enus.stormassets/localizeddata/sounds/vo/raynorcommander_laugh00.fxe	03bf7a2f918b0ac65d4fbc48bc9872a7	1996
mods/heroes.stormmod/enus.stormassets/localizeddata/sounds/vo/raynorcommander_laugh00.ogg	8d6f1945516354258555381c5a444423	31807
mods/heroes.stormmod/enus.stormassets/localizeddata/sounds/vo/raynorcommander_lowlifeheal00.fxe	c0999e7743e18c8c6ce27735011c04de	2194
mods/heroes.stormmod/enus.stormassets/localizeddata/sounds/vo/raynorcommander_lowlifeheal00.ogg	c1668798eb6f601471c74aaf596d653a	30000
mods/heroes.stormmod/enus.stormassets/localizeddata/sounds/vo/raynorcommander_lowlifeheal01.fxe	5ab662f8a16c1fe372bfafd40d143e12	1954
mods/heroes.stormmod/enus.stormassets/localizeddata/sounds/vo/raynorcommander_lowlifeheal01.ogg	fb3c77150e1b51ce23df2d633802c3b7	33379
mods/heroes.stormmod/enus.stormassets/localizeddata/sounds/vo/raynorcommander_lowlifeheal02.fxe	21176ba1afd43ecee3bc3198e2b0289c	1858
mods/heroes.stormmod/enus.stormassets/localizeddata/sounds/vo/raynorcommander_lowlifeheal02.ogg	d053479dcdcb233e04ccde13cd07ec63	22030
mods/heroes.stormmod/enus.stormassets/localizeddata/sounds/vo/raynorcommander_lowmana00.fxe	91cb8cc43eb7704413e440dfabb03d46	1486
mods/heroes.stormmod/enus.stormassets/localizeddata/sounds/vo/raynorcommander_lowmana00.ogg	2c5faa62974d86d2c8d591396c09e822	23894
mods/heroes.stormmod/enus.stormassets/localizeddata/sounds/vo/raynorcommander_lowmana02.fxe	adfd9ded152b6ba0f8a453471150413b	1790
mods/heroes.stormmod/enus.stormassets/localizeddata/sounds/vo/raynorcommander_lowmana02.ogg	49617c322f883fd934c8d7de35415353	25563
mods/heroes.stormmod/enus.stormassets/localizeddata/sounds/vo/raynorcommander_lowmana02_alt.fxe	2c4405eadc54cb3085b82e05b2266c09	1202
mods/heroes.stormmod/enus.stormassets/localizeddata/sounds/vo/raynorcommander_lowmana02_alt.ogg	b226c25afea174524506088a16cb623c	18066
mods/heroes.stormmod/enus.stormassets/localizeddata/sounds/vo/raynorcommander_matchend00.fxe	c5579f176b890838add1b8a32ef70eab	1551
mods/heroes.stormmod/enus.stormassets/localizeddata/sounds/vo/raynorcommander_matchend00.ogg	43282178fc1b0e9b56d19f2778d4b010	20144
mods/heroes.stormmod/enus.stormassets/localizeddata/sounds/vo/raynorcommander_matchend01.fxe	ce9636e5f9880fba87259e7b57031924	1519
mods/heroes.stormmod/enus.stormassets/localizeddata/sounds/vo/raynorcommander_matchend01.ogg	2b0a266d4f732d1837dfc3edec80af92	17127
mods/heroes.stormmod/enus.stormassets/localizeddata/sounds/vo/raynorcommander_no00.fxe	d726d671cbe1609f1ef541f844c87f96	1449
mods/heroes.stormmod/enus.stormassets/localizeddata/sounds/vo/raynorcommander_no00.ogg	f9efdcd9c688f7335ef7ba521f255190	20887
mods/heroes.stormmod/enus.stormassets/localizeddata/sounds/vo/raynorcommander_no01.fxe	3cc546a5733bc5260ef67b48e6896778	1449
mods/heroes.stormmod/enus.stormassets/localizeddata/sounds/vo/raynorcommander_no01.ogg	6c38e38212a42030890b64b83f27e627	30820
mods/heroes.stormmod/enus.stormassets/localizeddata/sounds/vo/raynorcommander_no02.fxe	7cd81ae7784966c6058cac5e9c5d4325	1833
mods/heroes.stormmod/enus.stormassets/localizeddata/sounds/vo/raynorcommander_no02.ogg	a330af6203f38602fe5f2944cd2f7530	27942
mods/heroes.stormmod/enus.stormassets/localizeddata/sounds/vo/raynorcommander_ping_assisthero00.fxe	96489c6d2c74937ed1910e11343fad5a	2454
mods/heroes.stormmod/enus.stormassets/localizeddata/sounds/vo/raynorcommander_ping_assisthero00.ogg	5546bb57f7951cb6d5982ad59b6075d1	32431
mods/heroes.stormmod/enus.stormassets/localizeddata/sounds/vo/raynorcommander_ping_assistme00.fxe	2bf12b6c17b84cab68d3a026f2c12c50	1860
mods/heroes.stormmod/enus.stormassets/localizeddata/sounds/vo/raynorcommander_ping_assistme00.ogg	d6b802ef17d5e17b3da0f16ffec95ee7	22625
mods/heroes.stormmod/enus.stormassets/localizeddata/sounds/vo/raynorcommander_ping_assistme01.fxe	74e3fb8d69c43c495fab7a9e83429ab8	2324
mods/heroes.stormmod/enus.stormassets/localizeddata/sounds/vo/raynorcommander_ping_assistme01.ogg	66e9bef5bdf0153c7be39573ebe9e455	27985
mods/heroes.stormmod/enus.stormassets/localizeddata/sounds/vo/raynorcommander_ping_attackcastle00.fxe	e205e4ca22d42d28a7c849d0e6a9879e	1656
mods/heroes.stormmod/enus.stormassets/localizeddata/sounds/vo/raynorcommander_ping_attackcastle00.ogg	8af91221a3498f5dcc77691c5144650d	24938
mods/heroes.stormmod/enus.stormassets/localizeddata/sounds/vo/raynorcommander_ping_attackmerc00.fxe	4a62c57f2529167222a77a37493772fc	2326
mods/heroes.stormmod/enus.stormassets/localizeddata/sounds/vo/raynorcommander_ping_attackmerc00.ogg	5407b53e5aa70e939e208eb8cd07a419	31442
mods/heroes.stormmod/enus.stormassets/localizeddata/sounds/vo/raynorcommander_ping_attackoutpost00.fxe	0aabd81825e425278520d0ee12a820c6	2601
mods/heroes.stormmod/enus.stormassets/localizeddata/sounds/vo/raynorcommander_ping_attackoutpost00.ogg	cf8842630998b68439d78c701ecdf12e	31048
mods/heroes.stormmod/enus.stormassets/localizeddata/sounds/vo/raynorcommander_ping_attacktower00.fxe	77f8e7675bdd1da3f33f9cb67d859a5f	2343
mods/heroes.stormmod/enus.stormassets/localizeddata/sounds/vo/raynorcommander_ping_attacktower00.ogg	16dba9a3cdf5271dfe3c81c32ccb51fb	28616
mods/heroes.stormmod/enus.stormassets/localizeddata/sounds/vo/raynorcommander_ping_danger00.fxe	918c2755cac489ee6ce8b0fd22a9e271	1346
mods/heroes.stormmod/enus.stormassets/localizeddata/sounds/vo/raynorcommander_ping_danger00.ogg	481789800a53782d6c6e820940599033	19469
mods/heroes.stormmod/enus.stormassets/localizeddata/sounds/vo/raynorcommander_ping_danger01.fxe	bbd6cca1ef3628f68fee40a0d3d0ea3f	1330
mods/heroes.stormmod/enus.stormassets/localizeddata/sounds/vo/raynorcommander_ping_danger01.ogg	49530fc60c32ffd4b0501fcfbbece555	20757
mods/heroes.stormmod/enus.stormassets/localizeddata/sounds/vo/raynorcommander_ping_defend00.fxe	b5e669869b213e52030d09216c405920	1890
mods/heroes.stormmod/enus.stormassets/localizeddata/sounds/vo/raynorcommander_ping_defend00.ogg	7be81c152cb36302b7f8fe81994f6c78	32096
mods/heroes.stormmod/enus.stormassets/localizeddata/sounds/vo/raynorcommander_ping_defendcastle00.fxe	a53677918f822c87fb70d656b582b885	2184
mods/heroes.stormmod/enus.stormassets/localizeddata/sounds/vo/raynorcommander_ping_defendcastle00.ogg	8dcb2ab8a72bab07c3776a61fac64446	35278
mods/heroes.stormmod/enus.stormassets/localizeddata/sounds/vo/raynorcommander_ping_defendoutpost00.fxe	eb0455a7de6fbf83189f56971aec85e0	2041
mods/heroes.stormmod/enus.stormassets/localizeddata/sounds/vo/raynorcommander_ping_defendoutpost00.ogg	2aed89bd40febac6f629157662bd3843	24733
mods/heroes.stormmod/enus.stormassets/localizeddata/sounds/vo/raynorcommander_ping_defendthing00.fxe	157726d5e66ffe47339fbdd8e3fe6f3c	1543
mods/heroes.stormmod/enus.stormassets/localizeddata/sounds/vo/raynorcommander_ping_defendthing00.ogg	a20aa31926c709916a86f05dd400f9e1	20959
mods/heroes.stormmod/enus.stormassets/localizeddata/sounds/vo/raynorcommander_ping_defendthing01.fxe	b334079ace90e15db101b539a20b9fdb	1719
mods/heroes.stormmod/enus.stormassets/localizeddata/sounds/vo/raynorcommander_ping_defendthing01.ogg	577288ab4ea9b25c0049ac6e0a747472	24527
mods/heroes.stormmod/enus.stormassets/localizeddata/sounds/vo/raynorcommander_ping_defendtower00.fxe	35810df696076092f13f387001705814	2295
mods/heroes.stormmod/enus.stormassets/localizeddata/sounds/vo/raynorcommander_ping_defendtower00.ogg	370ed063b9ada7c7841b14f14fa88e72	30682
mods/heroes.stormmod/enus.stormassets/localizeddata/sounds/vo/raynorcommander_ping_enemymissing00.fxe	e09e2296db7a26ba4e075382d0c5e0c8	2472
mods/heroes.stormmod/enus.stormassets/localizeddata/sounds/vo/raynorcommander_ping_enemymissing00.ogg	522c3fafcf46fac6adc421971f09f5b8	40788
mods/heroes.stormmod/enus.stormassets/localizeddata/sounds/vo/raynorcommander_ping_enemymissing01.fxe	8148cf06c35f3ec53357a44a9127dbc6	2184
mods/heroes.stormmod/enus.stormassets/localizeddata/sounds/vo/raynorcommander_ping_enemymissing01.ogg	c033a669b9a4d767cde472ec2edeaf21	39710
mods/heroes.stormmod/enus.stormassets/localizeddata/sounds/vo/raynorcommander_ping_killhero00.fxe	ee0ab8de0870c9b29669a0d38af6e8aa	1924
mods/heroes.stormmod/enus.stormassets/localizeddata/sounds/vo/raynorcommander_ping_killhero00.ogg	da7ccd54f56784c7c43e29653510f53a	33060
mods/heroes.stormmod/enus.stormassets/localizeddata/sounds/vo/raynorcommander_ping_onmyway00.fxe	fae1f64f2691a80aa1a29fcdac044aa9	1427
mods/heroes.stormmod/enus.stormassets/localizeddata/sounds/vo/raynorcommander_ping_onmyway00.ogg	847072f23d7820f20b4b71767b3a836f	20796
mods/heroes.stormmod/enus.stormassets/localizeddata/sounds/vo/raynorcommander_ping_onmyway01.fxe	0c22c8161b991bfb0a317ba73797bb60	1747
mods/heroes.stormmod/enus.stormassets/localizeddata/sounds/vo/raynorcommander_ping_onmyway01.ogg	19f715841a564a71750fafff87eae7e1	21569
mods/heroes.stormmod/enus.stormassets/localizeddata/sounds/vo/raynorcommander_ping_retreat00.fxe	9a1c0bbf2733dceb96ccb9667b11acf8	1171
mods/heroes.stormmod/enus.stormassets/localizeddata/sounds/vo/raynorcommander_ping_retreat00.ogg	20deed18deb9dfde7690e31b3116f16d	17564
mods/heroes.stormmod/enus.stormassets/localizeddata/sounds/vo/raynorcommander_ping_retreat01.fxe	52b618ddd03cc2c3244c8c89163aa45d	1971
mods/heroes.stormmod/enus.stormassets/localizeddata/sounds/vo/raynorcommander_ping_retreat01.ogg	8294d0ca58f6553ca453fe68845b4d81	30873
mods/heroes.stormmod/enus.stormassets/localizeddata/sounds/vo/raynorcommander_pissed00.fxe	a1b805e20bc2d531d6764353d1e075b5	1389
mods/heroes.stormmod/enus.stormassets/localizeddata/sounds/vo/raynorcommander_pissed00.ogg	6e82c622a59cd9477c420bedf8ab9fb6	16697
mods/heroes.stormmod/enus.stormassets/localizeddata/sounds/vo/raynorcommander_pissed01.fxe	9e9d3dec5bf7dedacb4aa75c48edf83f	1501
mods/heroes.stormmod/enus.stormassets/localizeddata/sounds/vo/raynorcommander_pissed01.ogg	e044569951e6f5326b7910ebcee2a535	24961
mods/heroes.stormmod/enus.stormassets/localizeddata/sounds/vo/raynorcommander_pissed02.fxe	dc16b389edd5af03c67b030d2320eef6	2029
mods/heroes.stormmod/enus.stormassets/localizeddata/sounds/vo/raynorcommander_pissed02.ogg	6500907754a4b957b18dd0539fc146da	28685
mods/heroes.stormmod/enus.stormassets/localizeddata/sounds/vo/raynorcommander_pissed03.fxe	7271d8a1b7c8ae568c00117b077cc89f	1197
mods/heroes.stormmod/enus.stormassets/localizeddata/sounds/vo/raynorcommander_pissed03.ogg	de1560395936d8a4cf68fadf194e79b2	22346
mods/heroes.stormmod/enus.stormassets/localizeddata/sounds/vo/raynorcommander_pissed04.fxe	02228115d9bdb63ce32edda686cd5f6d	4477
mods/heroes.stormmod/enus.stormassets/localizeddata/sounds/vo/raynorcommander_pissed04.ogg	6cc760f34aeceed685d6071f429cf5ac	55885
mods/heroes.stormmod/enus.stormassets/localizeddata/sounds/vo/raynorcommander_pissed05.fxe	646376629be90ebbbec3013afc7bb2bc	5837
mods/heroes.stormmod/enus.stormassets/localizeddata/sounds/vo/raynorcommander_pissed05.ogg	2776da1b8579fc101dd9692143e47cfd	79486
mods/heroes.stormmod/enus.stormassets/localizeddata/sounds/vo/raynorcommander_pissed06.fxe	1bbcfb95bbe697335e0ef9a68e6c78f3	2813
mods/heroes.stormmod/enus.stormassets/localizeddata/sounds/vo/raynorcommander_pissed06.ogg	8488135e955ea956484015a0cc6e37d1	68895
mods/heroes.stormmod/enus.stormassets/localizeddata/sounds/vo/raynorcommander_pissed07.fxe	8f420af7d8d5b78cd3c03698ac188636	6813
mods/heroes.stormmod/enus.stormassets/localizeddata/sounds/vo/raynorcommander_pissed07.ogg	80b67cd876c6237bfd2f7ede435450d2	81906
mods/heroes.stormmod/enus.stormassets/localizeddata/sounds/vo/raynorcommander_pissed08.fxe	2da8732a6958eacc757886dfbcfcdd0f	3693
mods/heroes.stormmod/enus.stormassets/localizeddata/sounds/vo/raynorcommander_pissed08.ogg	2a8f42c81327e40a9ea74f80e741630c	49979
mods/heroes.stormmod/enus.stormassets/localizeddata/sounds/vo/raynorcommander_pissed09.fxe	25956e9bd0bd3df6d0727395b404b113	5357
mods/heroes.stormmod/enus.stormassets/localizeddata/sounds/vo/raynorcommander_pissed09.ogg	dc556d34294cda6a5f442e9ee5ecb6f7	81467
mods/heroes.stormmod/enus.stormassets/localizeddata/sounds/vo/raynorcommander_pissed10.fxe	7cf4a89c84da21c23057ad64eb8f1f52	2765
mods/heroes.stormmod/enus.stormassets/localizeddata/sounds/vo/raynorcommander_pissed10.ogg	f39d1c23a71a02f14d7987f908a10429	45416
mods/heroes.stormmod/enus.stormassets/localizeddata/sounds/vo/raynorcommander_pissed11.fxe	6c6399e8289867f01a9e1a4c7c599406	9181
mods/heroes.stormmod/enus.stormassets/localizeddata/sounds/vo/raynorcommander_pissed11.ogg	155b1778422cfeb7678dcebaf8b28bce	137976
mods/heroes.stormmod/enus.stormassets/localizeddata/sounds/vo/raynorcommander_pissed12.fxe	7a99cf2ae10f909f98bcc21485217282	2205
mods/heroes.stormmod/enus.stormassets/localizeddata/sounds/vo/raynorcommander_pissed12.ogg	36d86d61c51cbf79b85259451fea2996	31983
mods/heroes.stormmod/enus.stormassets/localizeddata/sounds/vo/raynorcommander_pissed13.fxe	d2e612c22c746e18e3b46ed9c1f8fd04	5309
mods/heroes.stormmod/enus.stormassets/localizeddata/sounds/vo/raynorcommander_pissed13.ogg	a51675d767786e116ed81302d21622b4	233130
mods/heroes.stormmod/enus.stormassets/localizeddata/sounds/vo/raynorcommander_pissed14.fxe	9186d7ba3f8bd0e556f5fb395eba778a	3053
mods/heroes.stormmod/enus.stormassets/localizeddata/sounds/vo/raynorcommander_pissed14.ogg	fb71d4cce17b5f03be4ced1b7a12f093	90303
mods/heroes.stormmod/enus.stormassets/localizeddata/sounds/vo/raynorcommander_resurrected00.fxe	16fb0a264d52e6a5c3f8c402daef089e	1922
mods/heroes.stormmod/enus.stormassets/localizeddata/sounds/vo/raynorcommander_resurrected00.ogg	ed08b2197ec057bf7da0d6c14fb7e021	26315
mods/heroes.stormmod/enus.stormassets/localizeddata/sounds/vo/raynorcommander_resurrected01.fxe	ab4580e29e94a1ee7930d11778cc8f46	1554
mods/heroes.stormmod/enus.stormassets/localizeddata/sounds/vo/raynorcommander_resurrected01.ogg	1ee2b56cdb0f3920fe3b3e0e0428f108	24550
mods/heroes.stormmod/enus.stormassets/localizeddata/sounds/vo/raynorcommander_revive00.fxe	354aa5592b326e10530d1365f79db032	1869
mods/heroes.stormmod/enus.stormassets/localizeddata/sounds/vo/raynorcommander_revive00.ogg	356e0bdcba2555a88fbbea24d29e17d5	31289
mods/heroes.stormmod/enus.stormassets/localizeddata/sounds/vo/raynorcommander_revive01.fxe	4dcfda6f1253e909c71e64d63e88bf0e	1629
mods/heroes.stormmod/enus.stormassets/localizeddata/sounds/vo/raynorcommander_revive01.ogg	9ffe4a2a238d3f31ec2a05664d5d5b27	23489
mods/heroes.stormmod/enus.stormassets/localizeddata/sounds/vo/raynorcommander_revive02.fxe	7558093913a1f57aae9915c4a4f660d4	2909
mods/heroes.stormmod/enus.stormassets/localizeddata/sounds/vo/raynorcommander_revive02.ogg	afde9c98e42794d9901744be18d03e1b	43468
mods/heroes.stormmod/enus.stormassets/localizeddata/sounds/vo/raynorcommander_social_thanks00.fxe	a7159097159944b295cafdca9d69843a	1524
mods/heroes.stormmod/enus.stormassets/localizeddata/sounds/vo/raynorcommander_social_thanks00.ogg	9d0900b6b4e274d35be0b5901400bb8e	18609
mods/heroes.stormmod/enus.stormassets/localizeddata/sounds/vo/raynorcommander_spec00.fxe	d098623e53167439d5c4abcc12755b31	1915
mods/heroes.stormmod/enus.stormassets/localizeddata/sounds/vo/raynorcommander_spec00.ogg	1119ade15e0c14a1722175e0d7589755	30861
mods/heroes.stormmod/enus.stormassets/localizeddata/sounds/vo/raynorcommander_spec01.fxe	843525459c2db37ec5e64a1ad86ebe44	1131
mods/heroes.stormmod/enus.stormassets/localizeddata/sounds/vo/raynorcommander_spec01.ogg	dac75c14ef310d6e8ea875827315bd78	18153
mods/heroes.stormmod/enus.stormassets/localizeddata/sounds/vo/raynorcommander_spec02.fxe	554558e1be1a05ea117cbfa2e9156bd4	1435
mods/heroes.stormmod/enus.stormassets/localizeddata/sounds/vo/raynorcommander_spec02.ogg	5ab2646d770e4b2fce4b9d1f4861e367	20583
mods/heroes.stormmod/enus.stormassets/localizeddata/sounds/vo/raynorcommander_spec03.fxe	a299ead886f6e2d3f902dfdb39c5f268	1755
mods/heroes.stormmod/enus.stormassets/localizeddata/sounds/vo/raynorcommander_spec03.ogg	bbaa08b2ba8abb1de76b8159105a681a	28444
mods/heroes.stormmod/enus.stormassets/localizeddata/sounds/vo/raynorcommander_spec04.fxe	ecdb9fe1b1c2d7ec7d586de11f472a83	2427
mods/heroes.stormmod/enus.stormassets/localizeddata/sounds/vo/raynorcommander_spec04.ogg	4e3da446b2478d4319b040db211011cc	39387
mods/heroes.stormmod/enus.stormassets/localizeddata/sounds/vo/raynorcommander_taunt00.fxe	8bc9ff2c71cf9b238c84aad2a0313834	1500
mods/heroes.stormmod/enus.stormassets/localizeddata/sounds/vo/raynorcommander_taunt00.ogg	ab6289ecfa9c6f978e4cf00a7f4c3ba1	25101
mods/heroes.stormmod/enus.stormassets/localizeddata/sounds/vo/raynorcommander_taunt01.fxe	7683b98560bf4f720555b2e69085535d	2684
mods/heroes.stormmod/enus.stormassets/localizeddata/sounds/vo/raynorcommander_taunt01.ogg	92b117fc003fb18c10d6ab0a36d9612c	36874
mods/heroes.stormmod/enus.stormassets/localizeddata/sounds/vo/raynorcommander_taunt02.fxe	f9b1301cb88dcf96cb1f76e1f6d512fa	2412
mods/heroes.stormmod/enus.stormassets/localizeddata/sounds/vo/raynorcommander_taunt02.ogg	5d30777ab97d16ff1482a65f24d31054	34063
mods/heroes.stormmod/enus.stormassets/localizeddata/sounds/vo/raynorcommander_teamkilled00.fxe	2de82fb338209c7480d44a04f54e3949	2705
mods/heroes.stormmod/enus.stormassets/localizeddata/sounds/vo/raynorcommander_teamkilled00.ogg	5e3a339ec794e1e58bfc35b021a7763e	32155
mods/heroes.stormmod/enus.stormassets/localizeddata/sounds/vo/raynorcommander_ui_exlocked00.fxe	acdae4cc2359bca87906d3125d746e4a	1053
mods/heroes.stormmod/enus.stormassets/localizeddata/sounds/vo/raynorcommander_ui_exlocked00.ogg	f4b8ebb2caf8349acb133b355f346c77	24251
mods/heroes.stormmod/enus.stormassets/localizeddata/sounds/vo/raynorcommander_ui_expurchased00.fxe	599c5e9ad1edf9e4a912cee76632bcf5	1602
mods/heroes.stormmod/enus.stormassets/localizeddata/sounds/vo/raynorcommander_ui_expurchased00.ogg	944288a408129899c6ce48e85551267c	18425
mods/heroes.stormmod/enus.stormassets/localizeddata/sounds/vo/raynorcommander_ui_gift00.fxe	afe67a4e389afafb762bd183f958954c	1675
mods/heroes.stormmod/enus.stormassets/localizeddata/sounds/vo/raynorcommander_ui_gift00.ogg	229d38a24a337159a03a136c2356ec9c	25133
mods/heroes.stormmod/enus.stormassets/localizeddata/sounds/vo/raynorcommander_ui_lockin00.fxe	41d202167d9078665cf62972c89e7b96	1645
mods/heroes.stormmod/enus.stormassets/localizeddata/sounds/vo/raynorcommander_ui_lockin00.ogg	08247310765c02d68c15affc087da8bb	23530
mods/heroes.stormmod/enus.stormassets/localizeddata/sounds/vo/raynorcommander_ui_purchase00.fxe	9e9eb221064c83835b5986439d607432	1213
mods/heroes.stormmod/enus.stormassets/localizeddata/sounds/vo/raynorcommander_ui_purchase00.ogg	2c5a60bc39bf3641773d4ef65c42324a	32734
mods/heroes.stormmod/enus.stormassets/localizeddata/sounds/vo/raynorcommander_ui_trial00.fxe	23c2f4154e056ab7dc91467752e7f900	2810
mods/heroes.stormmod/enus.stormassets/localizeddata/sounds/vo/raynorcommander_ui_trial00.ogg	6953255a21c42a3ed8683e2c81f36d08	31831
mods/heroes.stormmod/enus.stormassets/localizeddata/sounds/vo/raynorcommander_ui_trial01.fxe	0005a3e6bdede37b0c87de5332424008	2522
mods/heroes.stormmod/enus.stormassets/localizeddata/sounds/vo/raynorcommander_ui_trial01.ogg	7ed29707d33229fd55e26d86d485bf1e	39979
mods/heroes.stormmod/enus.stormassets/localizeddata/sounds/vo/raynorcommander_ui_waitlocked00.fxe	94ae7aeef28dc270e0722630ee68d1cd	1551
mods/heroes.stormmod/enus.stormassets/localizeddata/sounds/vo/raynorcommander_ui_waitlocked00.ogg	aece123416b24b120b3eb45f9c5def67	22079
mods/heroes.stormmod/enus.stormassets/localizeddata/sounds/vo/raynorcommander_ui_waitlocked01.fxe	fc1154d8eea3b4935b7761d5a344d451	5983
mods/heroes.stormmod/enus.stormassets/localizeddata/sounds/vo/raynorcommander_ui_waitlocked01.ogg	ada52e6b9d98d4841fd826aec1551d4a	90684
mods/heroes.stormmod/enus.stormassets/localizeddata/sounds/vo/raynorcommander_ui_waitpurchased00.fxe	5fb4af1fc130239f9f757d2ba2eea0e4	2370
mods/heroes.stormmod/enus.stormassets/localizeddata/sounds/vo/raynorcommander_ui_waitpurchased00.ogg	2ba6afa65f7d77d053e49199c09fc2a8	42825
mods/heroes.stormmod/enus.stormassets/localizeddata/sounds/vo/raynorcommander_ui_waitpurchased02.fxe	f1a5c012a591f04f04b8f1baebb0fd89	4016
mods/heroes.stormmod/enus.stormassets/localizeddata/sounds/vo/raynorcommander_ui_waitpurchased02.ogg	d2310a3d8861082a5ddf04f1ccc66ad5	53150
mods/heroes.stormmod/enus.stormassets/localizeddata/sounds/vo/raynorcommander_ultimate1used00.fxe	ddbb18ac1219de18250cd4090a1d3894	1684
mods/heroes.stormmod/enus.stormassets/localizeddata/sounds/vo/raynorcommander_ultimate1used00.ogg	e0c3aaad10326dbb1891edc3ec186f47	30208
mods/heroes.stormmod/enus.stormassets/localizeddata/sounds/vo/raynorcommander_ultimate1used01.fxe	efc0b69f07e40edab74c32c55a9a0e32	1348
mods/heroes.stormmod/enus.stormassets/localizeddata/sounds/vo/raynorcommander_ultimate1used01.ogg	3fded76db62e74e10d805434eb608516	21680
mods/heroes.stormmod/enus.stormassets/localizeddata/sounds/vo/raynorcommander_ultimate2used00.fxe	05b11c6fbcd4d369ee5b213072733c20	1364
mods/heroes.stormmod/enus.stormassets/localizeddata/sounds/vo/raynorcommander_ultimate2used00.ogg	b4e6e35e3aa6e681b73a2fab9a88d52c	19012
mods/heroes.stormmod/enus.stormassets/localizeddata/sounds/vo/raynorcommander_ultimate2used01.fxe	34ec60fe40e0a89c7ccd856f2faf4c9f	2260
mods/heroes.stormmod/enus.stormassets/localizeddata/sounds/vo/raynorcommander_ultimate2used01.ogg	e01b1a5d0016da082bae53afa35c5d98	32217
mods/heroes.stormmod/enus.stormassets/localizeddata/sounds/vo/raynorcommander_voicelinefive00.fxe	4ed46bb3a41743b4d5c81fe09636f020	1444
mods/heroes.stormmod/enus.stormassets/localizeddata/sounds/vo/raynorcommander_voicelinefive00.ogg	4dc1153805a2b95d92d38183dcb4b07c	16270
mods/heroes.stormmod/enus.stormassets/localizeddata/sounds/vo/raynorcommander_voicelinefour00.fxe	a171f640b8aefa815179e803c4113714	1604
mods/heroes.stormmod/enus.stormassets/localizeddata/sounds/vo/raynorcommander_voicelinefour00.ogg	0db8884d85f47b725205fedd4031fb32	18112
mods/heroes.stormmod/enus.stormassets/localizeddata/sounds/vo/raynorcommander_voicelineone00.fxe	0fb77dcaf92c0bf2b664bd7dd61ba14b	1603
mods/heroes.stormmod/enus.stormassets/localizeddata/sounds/vo/raynorcommander_voicelineone00.ogg	2ebd48004737664540c4f7722f728827	18480
mods/heroes.stormmod/enus.stormassets/localizeddata/sounds/vo/raynorcommander_voicelinethree00.fxe	1a0a3d8986de6999bb94edeaa17ccd95	1669
mods/heroes.stormmod/enus.stormassets/localizeddata/sounds/vo/raynorcommander_voicelinethree00.ogg	5b78f6c923be91ad89b2cbcc0b4befda	24172
mods/heroes.stormmod/enus.stormassets/localizeddata/sounds/vo/raynorcommander_voicelinetwo00.fxe	afbd04e1cd06b077dd3441694c23ce68	1587
mods/heroes.stormmod/enus.stormassets/localizeddata/sounds/vo/raynorcommander_voicelinetwo00.ogg	88f0f12b979fd9caf60f62b9fdbddebd	14576
mods/heroes.stormmod/enus.stormassets/localizeddata/sounds/vo/raynorcommander_vox_attack02.fxe	ad0855d0b95be0c117057ef843de2491	1089
mods/heroes.stormmod/enus.stormassets/localizeddata/sounds/vo/raynorcommander_vox_attack02.ogg	0bc2c4992d94f49d5308e4ab41242d9b	8682
mods/heroes.stormmod/enus.stormassets/localizeddata/sounds/vo/raynorcommander_vox_attack03.fxe	24b8b6ddd0cf0a2cd0fd1f51308ecd07	1329
mods/heroes.stormmod/enus.stormassets/localizeddata/sounds/vo/raynorcommander_vox_attack03.ogg	849c929639117354d715adb4b86a1f2e	14360
mods/heroes.stormmod/enus.stormassets/localizeddata/sounds/vo/raynorcommander_vox_attack05.fxe	b410c42873c19d1441eb74f87d780c67	1105
mods/heroes.stormmod/enus.stormassets/localizeddata/sounds/vo/raynorcommander_vox_attack05.ogg	0a7d9dd3c19f21eae31f434fa09a940f	12497
mods/heroes.stormmod/enus.stormassets/localizeddata/sounds/vo/raynorcommander_vox_attack06.fxe	5f2014632a152361a5555228cd287e60	801
mods/heroes.stormmod/enus.stormassets/localizeddata/sounds/vo/raynorcommander_vox_attack06.ogg	de218fdd3d49fcc0b99b9e2df092aae8	9491
mods/heroes.stormmod/enus.stormassets/localizeddata/sounds/vo/raynorcommander_vox_attack07.fxe	fcdcc40c0c5dbd62907a4e1f9dc85ff5	1617
mods/heroes.stormmod/enus.stormassets/localizeddata/sounds/vo/raynorcommander_vox_attack07.ogg	fbb1b3e309a0b7e038374e817c6ec6fb	13785
mods/heroes.stormmod/enus.stormassets/localizeddata/sounds/vo/raynorcommander_vox_attack08.ogg	3f0ca254a7e971d3f180de79304c876f	12744
mods/heroes.stormmod/enus.stormassets/localizeddata/sounds/vo/raynorcommander_vox_attack10.ogg	f97fab827b6ae1128e3edf9005609a0d	11494
mods/heroes.stormmod/enus.stormassets/localizeddata/sounds/vo/raynorcommander_vox_attack11.ogg	5ea49437acadcbafab34279d99bdd2ae	9761
mods/heroes.stormmod/enus.stormassets/localizeddata/sounds/vo/raynorcommander_vox_casting01.fxe	2a470274f22daf38959e2d91691e4006	1106
mods/heroes.stormmod/enus.stormassets/localizeddata/sounds/vo/raynorcommander_vox_casting01.ogg	facc204e17eeb49f22671f52f2d3c027	10234
mods/heroes.stormmod/enus.stormassets/localizeddata/sounds/vo/raynorcommander_vox_casting02.fxe	2c9bee95829bb2ef53b137e59cd7819f	1106
mods/heroes.stormmod/enus.stormassets/localizeddata/sounds/vo/raynorcommander_vox_casting02.ogg	1d5e4ad0b5b8b30daa6da974aa6e6a42	13281
mods/heroes.stormmod/enus.stormassets/localizeddata/sounds/vo/raynorcommander_vox_casting03.fxe	f5c75f86d3b9238f5841bd42c7c1575f	1010
mods/heroes.stormmod/enus.stormassets/localizeddata/sounds/vo/raynorcommander_vox_casting03.ogg	000c82619a6bc583053baaca3e8a419c	10814
mods/heroes.stormmod/enus.stormassets/localizeddata/sounds/vo/raynorcommander_vox_casting04.fxe	df8d433028c480d6edb0fba0fd5b0a11	1074
mods/heroes.stormmod/enus.stormassets/localizeddata/sounds/vo/raynorcommander_vox_casting04.ogg	8415464dfca7f7620cb79e8f4b58c50c	10322
mods/heroes.stormmod/enus.stormassets/localizeddata/sounds/vo/raynorcommander_vox_casting05.fxe	e5d063fb2c0ef97566887112ad44e63d	898
mods/heroes.stormmod/enus.stormassets/localizeddata/sounds/vo/raynorcommander_vox_casting05.ogg	fa877d39349b3da57970e2324344462d	10611
mods/heroes.stormmod/enus.stormassets/localizeddata/sounds/vo/raynorcommander_vox_casting06.ogg	ca1696a3df3021ff9f91220ab27d7641	10211
mods/heroes.stormmod/enus.stormassets/localizeddata/sounds/vo/raynorcommander_vox_casting07.ogg	1446f2a40fd5debf55b0123d2eaa0dc7	9937
mods/heroes.stormmod/enus.stormassets/localizeddata/sounds/vo/raynorcommander_vox_casting08.ogg	53f1aade147155041bb8b64b74e5d438	13491
mods/heroes.stormmod/enus.stormassets/localizeddata/sounds/vo/raynorcommander_vox_casting09.ogg	ddc9ed177ab13dc58cf6ac48bd563573	21346
mods/heroes.stormmod/enus.stormassets/localizeddata/sounds/vo/raynorcommander_vox_casting10.ogg	d815f5d9861c20acc53e0d9ea424b443	17101
mods/heroes.stormmod/enus.stormassets/localizeddata/sounds/vo/raynorcommander_vox_casting11.ogg	a86913269b812e6b25a019298148aecb	21440
mods/heroes.stormmod/enus.stormassets/localizeddata/sounds/vo/raynorcommander_vox_casting12.ogg	60ef44440d0e6fef4c26610cc5f6b4be	13697
mods/heroes.stormmod/enus.stormassets/localizeddata/sounds/vo/raynorcommander_vox_casting13.ogg	adcdae07930541efa5299003fc9d10ec	21601
mods/heroes.stormmod/enus.stormassets/localizeddata/sounds/vo/raynorcommander_vox_casting14.ogg	a80c2342e02afba11a83f5dc5c850afc	23299
mods/heroes.stormmod/enus.stormassets/localizeddata/sounds/vo/raynorcommander_vox_casting15.ogg	e0e89cb982a90c692d47e47489976325	21543
mods/heroes.stormmod/enus.stormassets/localizeddata/sounds/vo/raynorcommander_vox_casting16.ogg	f65ec9fc4151dbc758e5c41fd3e28179	16568
mods/heroes.stormmod/enus.stormassets/localizeddata/sounds/vo/raynorcommander_vox_casting17.ogg	562017b80728fe3b44d0687785021bd4	18029
mods/heroes.stormmod/enus.stormassets/localizeddata/sounds/vo/raynorcommander_vox_casting18.ogg	0749da0ba481463bf81144ff8121f197	19019
mods/heroes.stormmod/enus.stormassets/localizeddata/sounds/vo/raynorcommander_vox_castingc00.fxe	d9e608fe7b2332d92938636d3978c7d4	1459
mods/heroes.stormmod/enus.stormassets/localizeddata/sounds/vo/raynorcommander_vox_castingc01.fxe	b5c9f17774d6f25cea64266d8659de06	1459
mods/heroes.stormmod/enus.stormassets/localizeddata/sounds/vo/raynorcommander_vox_castingc02.fxe	494df60d13c997c94a948834b309d770	1459
mods/heroes.stormmod/enus.stormassets/localizeddata/sounds/vo/raynorcommander_vox_castingc03.fxe	a86613c4e723d746aa6e9e6f263702a1	1459
mods/heroes.stormmod/enus.stormassets/localizeddata/sounds/vo/raynorcommander_vox_castingc04.fxe	780e569ed738c77c1d6e6aff466bd270	1459
mods/heroes.stormmod/enus.stormassets/localizeddata/sounds/vo/raynorcommander_vox_cheer00_05.fxe	845883885cc305c7f671d55241a47af5	1795
mods/heroes.stormmod/enus.stormassets/localizeddata/sounds/vo/raynorcommander_vox_cheer00_05.ogg	ba2983eabe49da9113d94a5161dd2d62	20500
mods/heroes.stormmod/enus.stormassets/localizeddata/sounds/vo/raynorcommander_vox_gethit01.fxe	a59db5755723c33fb757f6f39b0f34ef	1153
mods/heroes.stormmod/enus.stormassets/localizeddata/sounds/vo/raynorcommander_vox_gethit01.ogg	ef4a1a42f539d92ebe4839f1e536c63f	10342
mods/heroes.stormmod/enus.stormassets/localizeddata/sounds/vo/raynorcommander_vox_gethit02.fxe	c39ab29f794f98d9d2307e05f1e91d84	1169
mods/heroes.stormmod/enus.stormassets/localizeddata/sounds/vo/raynorcommander_vox_gethit02.ogg	c3d0c4251d567abe5e289a8d5ab8fa9d	9235
mods/heroes.stormmod/enus.stormassets/localizeddata/sounds/vo/raynorcommander_vox_gethit03.fxe	6b3a26144cd693b180ad43501d439753	1041
mods/heroes.stormmod/enus.stormassets/localizeddata/sounds/vo/raynorcommander_vox_gethit03.ogg	604d0366067899076a816b3f1f5efad6	10453
mods/heroes.stormmod/enus.stormassets/localizeddata/sounds/vo/raynorcommander_vox_gethit04.fxe	32b747cbfb7330bdf73a71e553b800b2	1041
mods/heroes.stormmod/enus.stormassets/localizeddata/sounds/vo/raynorcommander_vox_gethit04.ogg	a94502349536199c8e37dbb1c6a18821	9486
mods/heroes.stormmod/enus.stormassets/localizeddata/sounds/vo/raynorcommander_vox_gethit05.fxe	f798db7a1eedc29c9f03631fdcf88e0d	1057
mods/heroes.stormmod/enus.stormassets/localizeddata/sounds/vo/raynorcommander_vox_gethit05.ogg	8938abefadfc12a7994a9f4f7a28e490	9812
mods/heroes.stormmod/enus.stormassets/localizeddata/sounds/vo/raynorcommander_vox_gethit06.ogg	efc3b271219afd3fcd2b17a0a6acd30d	9028
mods/heroes.stormmod/enus.stormassets/localizeddata/sounds/vo/raynorcommander_vox_gethit07.fxe	b84c78fe3964d43b45d09427a2d10396	1137
mods/heroes.stormmod/enus.stormassets/localizeddata/sounds/vo/raynorcommander_vox_gethit07.ogg	4a696594d64410db0801c599c10a8bfd	10402
mods/heroes.stormmod/enus.stormassets/localizeddata/sounds/vo/raynorcommander_vox_gethit08.fxe	e9f0e914dbf982d2b376a0a1cca44361	657
mods/heroes.stormmod/enus.stormassets/localizeddata/sounds/vo/raynorcommander_vox_gethit08.ogg	5438d020b01efb3238977579593e38ac	7805
mods/heroes.stormmod/enus.stormassets/localizeddata/sounds/vo/raynorcommander_vox_gethit09.fxe	0ffb453a37c4249b95d63bc6e033f27d	657
mods/heroes.stormmod/enus.stormassets/localizeddata/sounds/vo/raynorcommander_vox_gethit09.ogg	1f6c707c4a852395ae034ad8b9cdc2b1	8805
mods/heroes.stormmod/enus.stormassets/localizeddata/sounds/vo/raynorcommander_vox_gethit10.fxe	698367c39f32ffbb5061f5e5991f5c17	1009
mods/heroes.stormmod/enus.stormassets/localizeddata/sounds/vo/raynorcommander_vox_gethit10.ogg	2747e8ecabc0b5dc3f4267034237d200	9413
mods/heroes.stormmod/enus.stormassets/localizeddata/sounds/vo/raynorcommander_vox_gethit11.fxe	70940156bcf1b204fe7a42f0a0905d38	1089
mods/heroes.stormmod/enus.stormassets/localizeddata/sounds/vo/raynorcommander_vox_gethit11.ogg	ab7c27da2f93dfa4299d551a24d3c2e7	9095
mods/heroes.stormmod/enus.stormassets/localizeddata/sounds/vo/raynorcommander_vox_gethit12.ogg	e503fc2ef6a86f9e7e3fef2f6bc16f91	8434
mods/heroes.stormmod/enus.stormassets/localizeddata/sounds/vo/raynorcommander_vox_gethit13.ogg	3d544a4197f7ebcf39ff0070d3386a87	9191
mods/heroes.stormmod/enus.stormassets/localizeddata/sounds/vo/raynorcommander_vox_pulled02.fxe	73006d28084bff2b8c458e3fa4f54c5e	1697
mods/heroes.stormmod/enus.stormassets/localizeddata/sounds/vo/raynorcommander_vox_pulled02.ogg	1188078dfeb62527e4bd4d109d65099b	13115
mods/heroes.stormmod/enus.stormassets/localizeddata/sounds/vo/raynorcommander_vox_pulled03.fxe	c94103c62427811774c4f88bd0df3582	1361
mods/heroes.stormmod/enus.stormassets/localizeddata/sounds/vo/raynorcommander_vox_pulled03.ogg	ba2cb3549271bc0b78d2054061216762	11433
mods/heroes.stormmod/enus.stormassets/localizeddata/sounds/vo/raynorcommander_vox_pulled04.ogg	f28cc42b6658026ef4f4c7bc4a6e187c	10875
mods/heroes.stormmod/enus.stormassets/localizeddata/sounds/vo/raynorcommander_vox_pulled05.ogg	c581c098419d8cbeaaadeb95d4faf8f1	14927
mods/heroes.stormmod/enus.stormassets/localizeddata/sounds/vo/raynorcommander_vox_pulled06.ogg	a3b00e16106151fa82340bbf09141086	8129
mods/heroes.stormmod/enus.stormassets/localizeddata/sounds/vo/raynorcommander_vox_pulled07.ogg	6e21e2bbf2edf47aa250c4dc2c41fad2	11961
mods/heroes.stormmod/enus.stormassets/localizeddata/sounds/vo/raynorcommander_vox_pulled08.ogg	c0a948dc2efc62cd0d3487461761293b	11547
mods/heroes.stormmod/enus.stormassets/localizeddata/sounds/vo/raynorcommander_worthit00.fxe	f0161a9e15398a37a09f0314b4000ac3	2334
mods/heroes.stormmod/enus.stormassets/localizeddata/sounds/vo/raynorcommander_worthit00.ogg	8d48c907bddd157adf4bbc07d939c14f	43867
mods/heroes.stormmod/enus.stormassets/localizeddata/sounds/vo/raynorcommander_worthit01.fxe	f14f406c01c418793d362097a6400aed	1486
mods/heroes.stormmod/enus.stormassets/localizeddata/sounds/vo/raynorcommander_worthit01.ogg	c1db8a4d46bb292ab8987c0a4dea0d69	33160
mods/heroes.stormmod/enus.stormassets/localizeddata/sounds/vo/raynorcommander_yes00.fxe	ea275cd4ffb663c81405d487ce12d18d	1562
mods/heroes.stormmod/enus.stormassets/localizeddata/sounds/vo/raynorcommander_yes00.ogg	282771d7ccd5bb917ca0aacb46f840d3	42549
mods/heroes.stormmod/enus.stormassets/localizeddata/sounds/vo/raynorcommander_yes01.fxe	7bd0d790662c0b97cf5cdf779e49fe22	1546
mods/heroes.stormmod/enus.stormassets/localizeddata/sounds/vo/raynorcommander_yes01.ogg	a9c5d95e3eabfdfb3038a46faae3d77a	25938
mods/heroes.stormmod/enus.stormassets/localizeddata/sounds/vo/raynorcommander_yes02.fxe	5316d5af609b11ea21595d543601870d	1210
mods/heroes.stormmod/enus.stormassets/localizeddata/sounds/vo/raynorcommander_yes02.ogg	04498193c6daedaac20cf16e23d270bc	26982
mods/heroes.stormmod/enus.stormassets/localizeddata/sounds/vo/raynorcommander_yes03.fxe	c362910acd9a342b07cf40fcd6369b3e	1514
mods/heroes.stormmod/enus.stormassets/localizeddata/sounds/vo/raynorcommander_yes03.ogg	60ff0dbc4e9ecf05a7736f3518e8505d	22139
mods/heroes.stormmod/enus.stormassets/localizeddata/sounds/vo/raynorcommander_yes04.fxe	77b74098ea610acb273434a5c778a095	1290
mods/heroes.stormmod/enus.stormassets/localizeddata/sounds/vo/raynorcommander_yes04.ogg	b130c431fa31bc706af33ca82c2c6cc3	22573
mods/heroes.stormmod/enus.stormassets/localizeddata/sounds/vo/raynorcommander_yes05.fxe	b2dfa5374acf811093e6a997f8d83248	1354
mods/heroes.stormmod/enus.stormassets/localizeddata/sounds/vo/raynorcommander_yes05.ogg	40f9acf57794033f425f09814d0a07ea	19535
mods/heroes.stormmod/enus.stormassets/localizeddata/sounds/vo/raynorcommander_yes06.fxe	7639996c89673d46061a257bc7875a99	1482
mods/heroes.stormmod/enus.stormassets/localizeddata/sounds/vo/raynorcommander_yes06.ogg	1cf76a529f361d735f42cfb4f6db90aa	23128
mods/heroes.stormmod/enus.stormassets/localizeddata/sounds/vo/raynorcommander_yes07.fxe	2a7048795b476c8f647882daf2ca06fc	1626
mods/heroes.stormmod/enus.stormassets/localizeddata/sounds/vo/raynorcommander_yes07.ogg	80563a2ccf228f5fb4d6d19c1c42b395	23443
mods/heroes.stormmod/enus.stormassets/localizeddata/sounds/vo/raynorcommander_yes08.fxe	13425ee96d1e1818174e84f0d13df9f1	1162
mods/heroes.stormmod/enus.stormassets/localizeddata/sounds/vo/raynorcommander_yes08.ogg	9cf69245a64144d440e9b7e8b4a30496	22745
mods/heroes.stormmod/enus.stormassets/localizeddata/sounds/vo/raynormadaxe_ai_attack00.ogg	fa820c62d4ee7c35c48bf7420bbb7614	28843
mods/heroes.stormmod/enus.stormassets/localizeddata/sounds/vo/raynormadaxe_ai_attack01.ogg	20a42053c84d0730c704bbd7bd4410dd	18632
mods/heroes.stormmod/enus.stormassets/localizeddata/sounds/vo/raynormadaxe_ai_attack02.ogg	8920883ff8b8e265b035efa6fb41ebd4	17314
mods/heroes.stormmod/enus.stormassets/localizeddata/sounds/vo/raynormadaxe_ai_caution00.ogg	54c867c646cf8e7912c58d4a7d391bc6	36109
mods/heroes.stormmod/enus.stormassets/localizeddata/sounds/vo/raynormadaxe_ai_goodjob00p.ogg	b0893fc2fd1250168e059547d39827f4	30795
mods/heroes.stormmod/enus.stormassets/localizeddata/sounds/vo/raynormadaxe_ai_goodjob01p.ogg	53905eb76dd4790fe0fef06170ac05ba	26935
mods/heroes.stormmod/enus.stormassets/localizeddata/sounds/vo/raynormadaxe_ai_goodjob02.ogg	7426857afefa2cc12da3b1727ab10151	19841
mods/heroes.stormmod/enus.stormassets/localizeddata/sounds/vo/raynormadaxe_ai_heal00.ogg	54d67be6a9b612a5343e28b3bd9882e1	23878
mods/heroes.stormmod/enus.stormassets/localizeddata/sounds/vo/raynormadaxe_ai_heal01.ogg	0951533069e1f77f613eba5975f18aec	39869
mods/heroes.stormmod/enus.stormassets/localizeddata/sounds/vo/raynormadaxe_ai_onmyway00.ogg	efe360d9a959aa3f6f562c9d11317ad3	16335
mods/heroes.stormmod/enus.stormassets/localizeddata/sounds/vo/raynormadaxe_ai_onmyway01.ogg	e84d41d4942e2b020bb0c9a31ab9355b	27878
mods/heroes.stormmod/enus.stormassets/localizeddata/sounds/vo/raynormadaxe_ai_retreat00.ogg	768f989a10f11118907c37041a102b9c	30563
mods/heroes.stormmod/enus.stormassets/localizeddata/sounds/vo/raynormadaxe_ai_retreat01.ogg	63840ac31d17a5332c5f5aa05c747199	21535
mods/heroes.stormmod/enus.stormassets/localizeddata/sounds/vo/raynormadaxe_ai_uhoh00.ogg	2f0588f779d9051e3cc9a61c592a8108	13033
mods/heroes.stormmod/enus.stormassets/localizeddata/sounds/vo/raynormadaxe_ai_uhoh01.ogg	caa670f52fc798dedac6d72f2431ecd7	25141
mods/heroes.stormmod/enus.stormassets/localizeddata/sounds/vo/raynormadaxe_ai_uhoh02.ogg	001d76d0f8431aa03184cdd0972736a1	16410
mods/heroes.stormmod/enus.stormassets/localizeddata/sounds/vo/raynormadaxe_attack00.ogg	d382eab93efcae6d09d43fc677f9c75f	16183
mods/heroes.stormmod/enus.stormassets/localizeddata/sounds/vo/raynormadaxe_attack01.ogg	54956b31a3c0a09f34a8218d26ea2cc4	18608
mods/heroes.stormmod/enus.stormassets/localizeddata/sounds/vo/raynormadaxe_attack02.ogg	618720bd0b1b939e6d4ea24d8a78ac42	24826
mods/heroes.stormmod/enus.stormassets/localizeddata/sounds/vo/raynormadaxe_attack03.ogg	c07d5ecd7becad0b1d524acf811d7eb7	20329
mods/heroes.stormmod/enus.stormassets/localizeddata/sounds/vo/raynormadaxe_attack04.ogg	176e18d9c7a4b94ee2d8d1cd864b48d8	34195
mods/heroes.stormmod/enus.stormassets/localizeddata/sounds/vo/raynormadaxe_attack05.ogg	762caff0009a4bc6f4a15ee0aa0f9ca6	14869
mods/heroes.stormmod/enus.stormassets/localizeddata/sounds/vo/raynormadaxe_attack06.ogg	5cd8d1b447db360d920c4db9546f6967	20595
mods/heroes.stormmod/enus.stormassets/localizeddata/sounds/vo/raynormadaxe_castleattack.ogg	5093d7124a7dfe380d0e2b811cb0a9b0	23222
mods/heroes.stormmod/enus.stormassets/localizeddata/sounds/vo/raynormadaxe_castledefend.ogg	d2abc400c9c7d2e88b2650b503d372f1	30139
mods/heroes.stormmod/enus.stormassets/localizeddata/sounds/vo/raynormadaxe_celebrate00.ogg	59f5758ac66a947da09842f1e69baae0	17360
mods/heroes.stormmod/enus.stormassets/localizeddata/sounds/vo/raynormadaxe_celebrate01.ogg	5a6695062cad0d4758a9252eb347b5d1	26592
mods/heroes.stormmod/enus.stormassets/localizeddata/sounds/vo/raynormadaxe_comeback.ogg	fb65634e0c96ed3f2c43bc96299ff24b	30056
mods/heroes.stormmod/enus.stormassets/localizeddata/sounds/vo/raynormadaxe_death01.wav	8fbff47f8fa51b0da9788775a3cba731	47420
mods/heroes.stormmod/enus.stormassets/localizeddata/sounds/vo/raynormadaxe_death02.wav	b4afc385964994eb2c4518ee698d91d6	42812
mods/heroes.stormmod/enus.stormassets/localizeddata/sounds/vo/raynormadaxe_death03.wav	09de9479ea8506787bc2098efbec6d8b	48444
mods/heroes.stormmod/enus.stormassets/localizeddata/sounds/vo/raynormadaxe_death04.wav	505bfdc339093796d6559083afa46afe	35644
mods/heroes.stormmod/enus.stormassets/localizeddata/sounds/vo/raynormadaxe_death05.wav	d372c8350051a49f3b3aec9882937189	62780
mods/heroes.stormmod/enus.stormassets/localizeddata/sounds/vo/raynormadaxe_death06.wav	300217457be4b1c780022f6b7a262e6c	35132
mods/heroes.stormmod/enus.stormassets/localizeddata/sounds/vo/raynormadaxe_death07.wav	85e446296e81bfeab34d4026e3ad5577	49212
mods/heroes.stormmod/enus.stormassets/localizeddata/sounds/vo/raynormadaxe_death08.wav	61ed04a3f834e63cd3edf1f7eb50d6f7	36412
mods/heroes.stormmod/enus.stormassets/localizeddata/sounds/vo/raynormadaxe_healed00.ogg	c30b2e30a94bea0e92408a29c8288525	21246
mods/heroes.stormmod/enus.stormassets/localizeddata/sounds/vo/raynormadaxe_healed01.ogg	e4c3da8999bb66f932b6b47149268956	39586
mods/heroes.stormmod/enus.stormassets/localizeddata/sounds/vo/raynormadaxe_healed02.ogg	d0020dfdfb3b9101436d87c1e41627d3	20577
mods/heroes.stormmod/enus.stormassets/localizeddata/sounds/vo/raynormadaxe_introagree00.ogg	97b36f3cd9248832a3ff793c1ef483d4	19829
mods/heroes.stormmod/enus.stormassets/localizeddata/sounds/vo/raynormadaxe_introagree01.ogg	b07504ddb85d9fdde62d8e3ee4a054b1	22677
mods/heroes.stormmod/enus.stormassets/localizeddata/sounds/vo/raynormadaxe_introagree02.ogg	31c72bbbadf330b275e99506644bed55	17274
mods/heroes.stormmod/enus.stormassets/localizeddata/sounds/vo/raynormadaxe_introboast00.ogg	2efee6006c41874db48ff2d0d85fa4a1	30123
mods/heroes.stormmod/enus.stormassets/localizeddata/sounds/vo/raynormadaxe_introboast01.ogg	f21100d3b46fa7c29c6f3c22799e7254	32986
mods/heroes.stormmod/enus.stormassets/localizeddata/sounds/vo/raynormadaxe_introquestion00.ogg	a3d10ded2bd809abc652962fa036119f	24641
mods/heroes.stormmod/enus.stormassets/localizeddata/sounds/vo/raynormadaxe_introquestion01.ogg	b886c385b149a872e97cd8b21b165d44	23789
mods/heroes.stormmod/enus.stormassets/localizeddata/sounds/vo/raynormadaxe_introquestion_artanis00.ogg	fb6ab1dd5f5790ef0be4b39906c4fd9e	26815
mods/heroes.stormmod/enus.stormassets/localizeddata/sounds/vo/raynormadaxe_introquestion_infestedtychus00.ogg	4143f9d7a98ac2a0d04853939610e578	36908
mods/heroes.stormmod/enus.stormassets/localizeddata/sounds/vo/raynormadaxe_introquestion_kerrigan00.ogg	f3ac537024b730556c5823d0a96b0529	19142
mods/heroes.stormmod/enus.stormassets/localizeddata/sounds/vo/raynormadaxe_introquestion_murky00.ogg	9ec1a850f39acf889ef7a400491c36f1	26584
mods/heroes.stormmod/enus.stormassets/localizeddata/sounds/vo/raynormadaxe_introquestion_negative00.ogg	8b05400b586856be4064c06131f782d7	27607
mods/heroes.stormmod/enus.stormassets/localizeddata/sounds/vo/raynormadaxe_introquestion_nova00.ogg	3f22a8e420ee8a798ffceab4ccd93cf8	21235
mods/heroes.stormmod/enus.stormassets/localizeddata/sounds/vo/raynormadaxe_introquestion_positive00.ogg	b56747cf6728b0e5c1e91d0e3ba27fd1	36085
mods/heroes.stormmod/enus.stormassets/localizeddata/sounds/vo/raynormadaxe_introquestion_tychus00.ogg	1df238e26937033039683c293cd7e221	31588
mods/heroes.stormmod/enus.stormassets/localizeddata/sounds/vo/raynormadaxe_introquestion_zeratul00.ogg	0400765acac084d786de00c8bbfc06b9	25331
mods/heroes.stormmod/enus.stormassets/localizeddata/sounds/vo/raynormadaxe_introrespond00.ogg	10300afb02cba8a68ada9cf2f7fb187a	14829
mods/heroes.stormmod/enus.stormassets/localizeddata/sounds/vo/raynormadaxe_introrespond01.ogg	c4a3af7ea320dedb1c71f5cc82e29a3f	28081
mods/heroes.stormmod/enus.stormassets/localizeddata/sounds/vo/raynormadaxe_introrespond02.ogg	14de8d05172b4d79a457fbd738f4f5c1	20415
mods/heroes.stormmod/enus.stormassets/localizeddata/sounds/vo/raynormadaxe_introresponse_artanis00.ogg	ed79eaa002673bebd223a44c85d6ad7c	18306
mods/heroes.stormmod/enus.stormassets/localizeddata/sounds/vo/raynormadaxe_introresponse_infestedtychus00.ogg	b6770c5029653460de9475e21c49eb9e	33820
mods/heroes.stormmod/enus.stormassets/localizeddata/sounds/vo/raynormadaxe_introresponse_kerrigan00.ogg	8baf605020059d833b6e2c9e5555899f	15313
mods/heroes.stormmod/enus.stormassets/localizeddata/sounds/vo/raynormadaxe_introresponse_murky00.ogg	d0a8b902eaeafdd2cfd6474cec19206e	46316
mods/heroes.stormmod/enus.stormassets/localizeddata/sounds/vo/raynormadaxe_introresponse_negative00.ogg	6e6858a0919694336eb4672dfbec4d68	27730
mods/heroes.stormmod/enus.stormassets/localizeddata/sounds/vo/raynormadaxe_introresponse_nova00.ogg	aa8d4eea73668c081334946908befe05	30415
mods/heroes.stormmod/enus.stormassets/localizeddata/sounds/vo/raynormadaxe_introresponse_positive00.ogg	b21772e4351c727f7a6f4ac68c293347	18655
mods/heroes.stormmod/enus.stormassets/localizeddata/sounds/vo/raynormadaxe_introresponse_tychus00.ogg	73f5b18f41911c08a4f2373454315963	21106
mods/heroes.stormmod/enus.stormassets/localizeddata/sounds/vo/raynormadaxe_introresponse_zeratul00.ogg	8a84909b8ac96589363b9ed7116a9b9d	28311
mods/heroes.stormmod/enus.stormassets/localizeddata/sounds/vo/raynormadaxe_kill00.ogg	5118731944d25ec830cdfc808c7967b1	15762
mods/heroes.stormmod/enus.stormassets/localizeddata/sounds/vo/raynormadaxe_kill01.ogg	2470ce8c34f20896d654a56c8a6e0259	20312
mods/heroes.stormmod/enus.stormassets/localizeddata/sounds/vo/raynormadaxe_kill02.ogg	37d070eee9fd3b7a8c9f1ac335e2c066	24027
mods/heroes.stormmod/enus.stormassets/localizeddata/sounds/vo/raynormadaxe_kill03.ogg	75ef0c579666ae0b177763876b0bfd37	19579
mods/heroes.stormmod/enus.stormassets/localizeddata/sounds/vo/raynormadaxe_kill04.ogg	a3bfd436265a6cf21b5c64a09ed18271	36638
mods/heroes.stormmod/enus.stormassets/localizeddata/sounds/vo/raynormadaxe_killdiablo00.ogg	271833df425aa4ee1992452e331cbd43	26766
mods/heroes.stormmod/enus.stormassets/localizeddata/sounds/vo/raynormadaxe_killkerrigan00.ogg	bd89ac5960b261c0a7cb45b9cca9b14e	30955
mods/heroes.stormmod/enus.stormassets/localizeddata/sounds/vo/raynormadaxe_killnova00.ogg	2777ef186f752942c40d508acfce7495	23677
mods/heroes.stormmod/enus.stormassets/localizeddata/sounds/vo/raynormadaxe_killspreeend00.ogg	5f781232a86d0ad3a8755aaf27b31d0d	16965
mods/heroes.stormmod/enus.stormassets/localizeddata/sounds/vo/raynormadaxe_killtychus00.ogg	b50c1e36d9db167953980a0d93bdd971	31241
mods/heroes.stormmod/enus.stormassets/localizeddata/sounds/vo/raynormadaxe_laugh00.ogg	2f96db49495ed70e1d22ee433cbec5ff	27748
mods/heroes.stormmod/enus.stormassets/localizeddata/sounds/vo/raynormadaxe_lowlifeheal00.ogg	5b27419d02512ca67fc5c953b187089b	26273
mods/heroes.stormmod/enus.stormassets/localizeddata/sounds/vo/raynormadaxe_lowlifeheal01.ogg	31c8556f0bc7d64ba0002c9151d168d2	29709
mods/heroes.stormmod/enus.stormassets/localizeddata/sounds/vo/raynormadaxe_lowlifeheal02.ogg	3d098b0efac943d88d501119b1bea1a9	19052
mods/heroes.stormmod/enus.stormassets/localizeddata/sounds/vo/raynormadaxe_lowmana00.ogg	4bf897b49f1d122bfb38ae41c710065a	19485
mods/heroes.stormmod/enus.stormassets/localizeddata/sounds/vo/raynormadaxe_lowmana02.ogg	259ae97425914b793e7ca7f07d864439	22974
mods/heroes.stormmod/enus.stormassets/localizeddata/sounds/vo/raynormadaxe_lowmana02_alt.ogg	705d5534765e0e83250c7d03ed688818	16411
mods/heroes.stormmod/enus.stormassets/localizeddata/sounds/vo/raynormadaxe_matchend00.fxe	f431e568a28ee963aba7d9dd267f2cdb	1740
mods/heroes.stormmod/enus.stormassets/localizeddata/sounds/vo/raynormadaxe_matchend00.ogg	c376e1df3b139a2c5a138d3f3381fdf3	20534
mods/heroes.stormmod/enus.stormassets/localizeddata/sounds/vo/raynormadaxe_matchend01.fxe	9e6732186754306dbb85869cf3a6377c	1740
mods/heroes.stormmod/enus.stormassets/localizeddata/sounds/vo/raynormadaxe_matchend01.ogg	5f781232a86d0ad3a8755aaf27b31d0d	16965
mods/heroes.stormmod/enus.stormassets/localizeddata/sounds/vo/raynormadaxe_no00.ogg	4bbafd55828b42876873dae33448400f	18209
mods/heroes.stormmod/enus.stormassets/localizeddata/sounds/vo/raynormadaxe_no01.ogg	12d8d45b4aaa044b06cd0e155024ad2c	24784
mods/heroes.stormmod/enus.stormassets/localizeddata/sounds/vo/raynormadaxe_no02.ogg	0cce2af9270f7dd83c62552ba66d6354	23957
mods/heroes.stormmod/enus.stormassets/localizeddata/sounds/vo/raynormadaxe_ping_assisthero00.ogg	29f1c5467cf17aa9d73615e4b5bcdab4	27765
mods/heroes.stormmod/enus.stormassets/localizeddata/sounds/vo/raynormadaxe_ping_assistme00.ogg	3f7a623558ea1317b5955f4b90dcbfb6	19379
mods/heroes.stormmod/enus.stormassets/localizeddata/sounds/vo/raynormadaxe_ping_assistme01.ogg	3ff74dadc87765941a493625b312206e	23152
mods/heroes.stormmod/enus.stormassets/localizeddata/sounds/vo/raynormadaxe_ping_attackmerc00.ogg	2805921cf8f5df3d46cef50bc6cec8a4	26459
mods/heroes.stormmod/enus.stormassets/localizeddata/sounds/vo/raynormadaxe_ping_attackoutpost00.ogg	e2d3d2f77e382cf63e31d21db867a230	26315
mods/heroes.stormmod/enus.stormassets/localizeddata/sounds/vo/raynormadaxe_ping_attacktower00.ogg	459a4114183b3fe37586a535cde5be8f	24219
mods/heroes.stormmod/enus.stormassets/localizeddata/sounds/vo/raynormadaxe_ping_danger00.ogg	42f72418cf0df1389fe25581b3c774a8	16461
mods/heroes.stormmod/enus.stormassets/localizeddata/sounds/vo/raynormadaxe_ping_danger01.ogg	9bd866b4834a5b60ea403c4c687fe206	17883
mods/heroes.stormmod/enus.stormassets/localizeddata/sounds/vo/raynormadaxe_ping_defend00.ogg	f9c65497a64d7d705010be2757d15540	27134
mods/heroes.stormmod/enus.stormassets/localizeddata/sounds/vo/raynormadaxe_ping_defendoutpost00.ogg	1831ebf0d300ffa973d9cda874ebb138	20763
mods/heroes.stormmod/enus.stormassets/localizeddata/sounds/vo/raynormadaxe_ping_defendthing00.ogg	690dd98c481e2f46d40d4ea7012918da	18277
mods/heroes.stormmod/enus.stormassets/localizeddata/sounds/vo/raynormadaxe_ping_defendthing01.ogg	a8908c167dc94c4012756e106fa35d52	22037
mods/heroes.stormmod/enus.stormassets/localizeddata/sounds/vo/raynormadaxe_ping_defendtower00.ogg	d1ab634e20676febef0b4ce232fb9696	26286
mods/heroes.stormmod/enus.stormassets/localizeddata/sounds/vo/raynormadaxe_ping_enemymissing00.ogg	6006bf3d840fb77a59ee42b3d227fe94	33746
mods/heroes.stormmod/enus.stormassets/localizeddata/sounds/vo/raynormadaxe_ping_enemymissing01.ogg	1dd00484d354b462bca3cd881cefbce3	32543
mods/heroes.stormmod/enus.stormassets/localizeddata/sounds/vo/raynormadaxe_ping_killhero00.ogg	2b375e83ed2c9ec07e0d6c2d9cb35ee8	26801
mods/heroes.stormmod/enus.stormassets/localizeddata/sounds/vo/raynormadaxe_ping_onmyway00.ogg	82ce7b048bdb07ecea8aa3e501a095ba	17286
mods/heroes.stormmod/enus.stormassets/localizeddata/sounds/vo/raynormadaxe_ping_onmyway01.ogg	43fa5922d438c9f32e54287121d5d5b3	18017
mods/heroes.stormmod/enus.stormassets/localizeddata/sounds/vo/raynormadaxe_ping_retreat00.ogg	c8044b47955efcde2b6b581686372b9d	14833
mods/heroes.stormmod/enus.stormassets/localizeddata/sounds/vo/raynormadaxe_ping_retreat01.ogg	49399a3424dbe75c8d268e90a8d30c3b	25934
mods/heroes.stormmod/enus.stormassets/localizeddata/sounds/vo/raynormadaxe_pissed00.ogg	491e60d840d63d89817f840a07bbe090	14396
mods/heroes.stormmod/enus.stormassets/localizeddata/sounds/vo/raynormadaxe_pissed01.ogg	c3aa196b55516a266da91298b2347059	20373
mods/heroes.stormmod/enus.stormassets/localizeddata/sounds/vo/raynormadaxe_pissed02.ogg	e844b09f76816168dd7eac06a1fed3f6	24447
mods/heroes.stormmod/enus.stormassets/localizeddata/sounds/vo/raynormadaxe_pissed03.ogg	4f96f8558f696575171093129baf5f58	18869
mods/heroes.stormmod/enus.stormassets/localizeddata/sounds/vo/raynormadaxe_pissed04.ogg	4ae2d02efb1fb9134e6c1b285bcc3cfa	45550
mods/heroes.stormmod/enus.stormassets/localizeddata/sounds/vo/raynormadaxe_pissed05.ogg	facd12e11fa726ede45cea900c0574c3	64286
mods/heroes.stormmod/enus.stormassets/localizeddata/sounds/vo/raynormadaxe_pissed06.ogg	13e0a495967e3c0f0450f78ec0916701	53467
mods/heroes.stormmod/enus.stormassets/localizeddata/sounds/vo/raynormadaxe_pissed07.ogg	b48b5c4f7a3313d456dd2c83faf28044	67172
mods/heroes.stormmod/enus.stormassets/localizeddata/sounds/vo/raynormadaxe_pissed08.ogg	e4db62a4f7469378150acadba954e045	40895
mods/heroes.stormmod/enus.stormassets/localizeddata/sounds/vo/raynormadaxe_pissed09.ogg	9e9592121b375f3987c5dff6c820ae26	71334
mods/heroes.stormmod/enus.stormassets/localizeddata/sounds/vo/raynormadaxe_pissed10.ogg	69c3e3d9f67725c2fa0129c520d6edf3	30862
mods/heroes.stormmod/enus.stormassets/localizeddata/sounds/vo/raynormadaxe_pissed11.ogg	a51280b4baf24da2867d241974773616	112463
mods/heroes.stormmod/enus.stormassets/localizeddata/sounds/vo/raynormadaxe_pissed12.ogg	f721c4f638d5acce95a47bfd52f464b5	26808
mods/heroes.stormmod/enus.stormassets/localizeddata/sounds/vo/raynormadaxe_pissed13.ogg	b82db465c5fb065112dd368b45ec2a63	179874
mods/heroes.stormmod/enus.stormassets/localizeddata/sounds/vo/raynormadaxe_pissed14.ogg	dc079ed045d1d2f4ff3257cd781437d5	52930
mods/heroes.stormmod/enus.stormassets/localizeddata/sounds/vo/raynormadaxe_resurrected00.ogg	efee9b9b1d4fbd495b10424936e79b08	22168
mods/heroes.stormmod/enus.stormassets/localizeddata/sounds/vo/raynormadaxe_resurrected01.ogg	ef1b8884a51a4d492243b1ed63924fce	21786
mods/heroes.stormmod/enus.stormassets/localizeddata/sounds/vo/raynormadaxe_revive00.ogg	2c8f07c3609605af2378bff45dbc517c	27049
mods/heroes.stormmod/enus.stormassets/localizeddata/sounds/vo/raynormadaxe_revive01.ogg	10108e22ff83c01a92019f50b2d907ee	20440
mods/heroes.stormmod/enus.stormassets/localizeddata/sounds/vo/raynormadaxe_revive02.ogg	d3d4fd97b4ac87aff46a821c45ff03a0	37433
mods/heroes.stormmod/enus.stormassets/localizeddata/sounds/vo/raynormadaxe_social_thanks00.fxe	d0631c83dff25075f2c4a1bc7a99b455	1745
mods/heroes.stormmod/enus.stormassets/localizeddata/sounds/vo/raynormadaxe_social_thanks00.ogg	5f79c44e6f9f60e751fa841c91f324c4	16650
mods/heroes.stormmod/enus.stormassets/localizeddata/sounds/vo/raynormadaxe_spec00.ogg	2379c142a2ef6f97b50635b747a6f344	25822
mods/heroes.stormmod/enus.stormassets/localizeddata/sounds/vo/raynormadaxe_spec01.ogg	0e40e68249abbae7730306605c5cbf9f	15411
mods/heroes.stormmod/enus.stormassets/localizeddata/sounds/vo/raynormadaxe_spec02.ogg	32c96b0848092a0be76028381ba61831	17774
mods/heroes.stormmod/enus.stormassets/localizeddata/sounds/vo/raynormadaxe_spec03.ogg	5ae359deb3aa9416994a96b169353b18	23098
mods/heroes.stormmod/enus.stormassets/localizeddata/sounds/vo/raynormadaxe_spec04.ogg	a95c6f249527142498e3d00202dbd98f	31087
mods/heroes.stormmod/enus.stormassets/localizeddata/sounds/vo/raynormadaxe_taunt00.ogg	911d9c5fe15ddba4c4a1261afb0da408	21028
mods/heroes.stormmod/enus.stormassets/localizeddata/sounds/vo/raynormadaxe_taunt01.ogg	b9b21d13621f492ecd86fb244b0288a1	33626
mods/heroes.stormmod/enus.stormassets/localizeddata/sounds/vo/raynormadaxe_taunt02.ogg	4cfc55c6cb9172ed09799a3556192e94	27719
mods/heroes.stormmod/enus.stormassets/localizeddata/sounds/vo/raynormadaxe_teamkilled00.ogg	2cd8ec9ba409e868b695ee671e5bf354	28361
mods/heroes.stormmod/enus.stormassets/localizeddata/sounds/vo/raynormadaxe_ui_exlocked00.ogg	e52551dbb947f13dccfbf4e2c1d22df9	19777
mods/heroes.stormmod/enus.stormassets/localizeddata/sounds/vo/raynormadaxe_ui_expurchased00.ogg	c8f4ea3ad4a776c2eda1affc7d61f877	16472
mods/heroes.stormmod/enus.stormassets/localizeddata/sounds/vo/raynormadaxe_ui_gift00.ogg	5a2cefad87fdfdae81a3530346d417af	20234
mods/heroes.stormmod/enus.stormassets/localizeddata/sounds/vo/raynormadaxe_ui_lockin00.ogg	5cf5038f10ff0378c5d95c93950de8f2	19742
mods/heroes.stormmod/enus.stormassets/localizeddata/sounds/vo/raynormadaxe_ui_purchase00.ogg	f2389bc47b849512fc67419a10dd1ab0	26197
mods/heroes.stormmod/enus.stormassets/localizeddata/sounds/vo/raynormadaxe_ui_trial00.ogg	931df3652ef24b1bcdab613b2639eff6	27490
mods/heroes.stormmod/enus.stormassets/localizeddata/sounds/vo/raynormadaxe_ui_trial01.ogg	caaf155676a4e28050a6f9d13f06b44c	33166
mods/heroes.stormmod/enus.stormassets/localizeddata/sounds/vo/raynormadaxe_ui_waitlocked00.ogg	b2940a380f75e4091ba937329a50155a	18762
mods/heroes.stormmod/enus.stormassets/localizeddata/sounds/vo/raynormadaxe_ui_waitlocked01.ogg	9cc636662bcbded7b4202529beebcd1c	72588
mods/heroes.stormmod/enus.stormassets/localizeddata/sounds/vo/raynormadaxe_ui_waitpurchased00.ogg	b9234f9ffc2208a5b685748f62e22446	35544
mods/heroes.stormmod/enus.stormassets/localizeddata/sounds/vo/raynormadaxe_ui_waitpurchased02.ogg	9e392f540144126fc5bef6357f7bd8d4	45179
mods/heroes.stormmod/enus.stormassets/localizeddata/sounds/vo/raynormadaxe_ultimate1used00.ogg	e6c458fdb6cf4f8bfe852249f067cc2e	25967
mods/heroes.stormmod/enus.stormassets/localizeddata/sounds/vo/raynormadaxe_ultimate1used01.ogg	f10489ac2b040508f7b6c39c3d32b6f8	19156
mods/heroes.stormmod/enus.stormassets/localizeddata/sounds/vo/raynormadaxe_ultimate2used00.ogg	707a31d19f2aec69fa1f40da5cfdbe8b	16676
mods/heroes.stormmod/enus.stormassets/localizeddata/sounds/vo/raynormadaxe_ultimate2used01.ogg	15ef4eb2e90c062993dc199bf0484700	27302
mods/heroes.stormmod/enus.stormassets/localizeddata/sounds/vo/raynormadaxe_voicelinefive00.ogg	4f2b50c8f0a4b68bd6493f8fdded207e	16303
mods/heroes.stormmod/enus.stormassets/localizeddata/sounds/vo/raynormadaxe_voicelinefour00.ogg	54956b31a3c0a09f34a8218d26ea2cc4	18608
mods/heroes.stormmod/enus.stormassets/localizeddata/sounds/vo/raynormadaxe_voicelineone00.ogg	c3518f6ec19aa249545b618ce258d104	19261
mods/heroes.stormmod/enus.stormassets/localizeddata/sounds/vo/raynormadaxe_voicelinethree00.ogg	0cce2af9270f7dd83c62552ba66d6354	23957
mods/heroes.stormmod/enus.stormassets/localizeddata/sounds/vo/raynormadaxe_voicelinetwo00.ogg	491e60d840d63d89817f840a07bbe090	14396
mods/heroes.stormmod/enus.stormassets/localizeddata/sounds/vo/raynormadaxe_vox_attack02.ogg	08128d826143854500ddedfa8efd8c1b	9174
mods/heroes.stormmod/enus.stormassets/localizeddata/sounds/vo/raynormadaxe_vox_attack03.ogg	93cb9eac7f413cf6be27c001996e34e9	14279
mods/heroes.stormmod/enus.stormassets/localizeddata/sounds/vo/raynormadaxe_vox_attack05.ogg	f00ec43fef38ec2094a1b6d4d9c112b3	12532
mods/heroes.stormmod/enus.stormassets/localizeddata/sounds/vo/raynormadaxe_vox_attack06.ogg	6a4337de1eabc2c5004f48d0cf14a207	9315
mods/heroes.stormmod/enus.stormassets/localizeddata/sounds/vo/raynormadaxe_vox_attack07.ogg	e0e5a78c5b644914999132407c5ca2d7	13343
mods/heroes.stormmod/enus.stormassets/localizeddata/sounds/vo/raynormadaxe_vox_casting01.ogg	7d02f9741981fba8dc33940258ab8afd	10643
mods/heroes.stormmod/enus.stormassets/localizeddata/sounds/vo/raynormadaxe_vox_casting02.ogg	86cc12e8753c7558be89ed161a8ff4c8	13195
mods/heroes.stormmod/enus.stormassets/localizeddata/sounds/vo/raynormadaxe_vox_casting03.ogg	1660005229683ac3f17ed0b0136f5f41	10828
mods/heroes.stormmod/enus.stormassets/localizeddata/sounds/vo/raynormadaxe_vox_casting04.ogg	e605792e5d8515f5fb8804a699cd57cd	9867
mods/heroes.stormmod/enus.stormassets/localizeddata/sounds/vo/raynormadaxe_vox_casting05.ogg	272ddb35c01e0f3129c098b04d85dfd0	11092
mods/heroes.stormmod/enus.stormassets/localizeddata/sounds/vo/raynormadaxe_vox_cheer00_05.ogg	fc035cf56ac728befc15fc5adb63e835	26954
mods/heroes.stormmod/enus.stormassets/localizeddata/sounds/vo/raynormadaxe_vox_gethit01.ogg	2594fcb99436fbc3fb692800160f28da	10232
mods/heroes.stormmod/enus.stormassets/localizeddata/sounds/vo/raynormadaxe_vox_gethit02.ogg	e6a76b0903f8ed804e3c34d09e50e0dd	9486
mods/heroes.stormmod/enus.stormassets/localizeddata/sounds/vo/raynormadaxe_vox_gethit03.ogg	c338fec076a1b8680dcfb8847de43977	10419
mods/heroes.stormmod/enus.stormassets/localizeddata/sounds/vo/raynormadaxe_vox_gethit04.ogg	373dcdfc6984b09b60ed85d762627001	9410
mods/heroes.stormmod/enus.stormassets/localizeddata/sounds/vo/raynormadaxe_vox_gethit05.ogg	a98490998b0170cb9c074afe0a4d157d	10189
mods/heroes.stormmod/enus.stormassets/localizeddata/sounds/vo/raynormadaxe_vox_gethit06.ogg	ab4706329457eb6113a810908f9953f6	9341
mods/heroes.stormmod/enus.stormassets/localizeddata/sounds/vo/raynormadaxe_vox_gethit07.ogg	b295ce9fa99b59cbb04698a76c258680	10615
mods/heroes.stormmod/enus.stormassets/localizeddata/sounds/vo/raynormadaxe_vox_gethit08.ogg	e769bdf508f7d3dc29a7e7d23551866d	8145
mods/heroes.stormmod/enus.stormassets/localizeddata/sounds/vo/raynormadaxe_vox_gethit09.ogg	c3a069fba38a1fac1a32df54f7edebd7	9161
mods/heroes.stormmod/enus.stormassets/localizeddata/sounds/vo/raynormadaxe_vox_gethit10.ogg	83cbbee553c62e1c90354b0ab8998659	9915
mods/heroes.stormmod/enus.stormassets/localizeddata/sounds/vo/raynormadaxe_vox_gethit11.ogg	98ec13113d99ef7e14a9b1fc1071beb6	9605
mods/heroes.stormmod/enus.stormassets/localizeddata/sounds/vo/raynormadaxe_vox_gethit12.ogg	94ccb93ecb2e9922234c3433a1b2b9b5	8782
mods/heroes.stormmod/enus.stormassets/localizeddata/sounds/vo/raynormadaxe_vox_gethit13.ogg	d2fd9ab7bd01de87f43b13fca2c7ab28	9387
mods/heroes.stormmod/enus.stormassets/localizeddata/sounds/vo/raynormadaxe_vox_pulled02.ogg	abfe320655d079d3bf6afc0d16b60e6d	13290
mods/heroes.stormmod/enus.stormassets/localizeddata/sounds/vo/raynormadaxe_vox_pulled03.ogg	78cb226d64363e62ce6ad64f9e324069	11828
mods/heroes.stormmod/enus.stormassets/localizeddata/sounds/vo/raynormadaxe_worthit00.ogg	ffd7ae397fbf205937bf7106fdc39a81	39037
mods/heroes.stormmod/enus.stormassets/localizeddata/sounds/vo/raynormadaxe_worthit01.ogg	5a214fcca481444ef728de81cd61e28e	31718
mods/heroes.stormmod/enus.stormassets/localizeddata/sounds/vo/raynormadaxe_yes00.ogg	a944e4939528d16867f5061ec07fefb7	35012
mods/heroes.stormmod/enus.stormassets/localizeddata/sounds/vo/raynormadaxe_yes01.ogg	d166785cb236fa9b46b62a43d8b8cafb	21627
mods/heroes.stormmod/enus.stormassets/localizeddata/sounds/vo/raynormadaxe_yes02.ogg	93cd1233d4d361b15016bff8818eabed	21730
mods/heroes.stormmod/enus.stormassets/localizeddata/sounds/vo/raynormadaxe_yes03.ogg	5f0836fbc8fba523bed7c071577500f4	18261
mods/heroes.stormmod/enus.stormassets/localizeddata/sounds/vo/raynormadaxe_yes04.ogg	c3518f6ec19aa249545b618ce258d104	19261
mods/heroes.stormmod/enus.stormassets/localizeddata/sounds/vo/raynormadaxe_yes05.ogg	97d9dfa16754ba738641550cd7de4df1	17366
mods/heroes.stormmod/enus.stormassets/localizeddata/sounds/vo/raynormadaxe_yes06.ogg	23cf3e4a5445ad39e8a740980576c9bf	21377
mods/heroes.stormmod/enus.stormassets/localizeddata/sounds/vo/raynormadaxe_yes07.ogg	6956138475bc3481a086cf267e9bc1df	20255
mods/heroes.stormmod/enus.stormassets/localizeddata/sounds/vo/raynormadaxe_yes08.ogg	00c72b647765374b914bd84205dec401	19423
mods/heroes.stormmod/enus.stormassets/localizeddata/sounds/vo/raynorowc20_ai_attack00.ogg	789949e69f8b7e85d47108360c2e48bb	26067
mods/heroes.stormmod/enus.stormassets/localizeddata/sounds/vo/raynorowc20_ai_attack01.ogg	63311ca2f2a15ea2b0722c79faa64403	17080
mods/heroes.stormmod/enus.stormassets/localizeddata/sounds/vo/raynorowc20_ai_attack02.ogg	041e97738a114110a46df0b848ed1643	16014
mods/heroes.stormmod/enus.stormassets/localizeddata/sounds/vo/raynorowc20_ai_caution00.ogg	0bd5a55f0e0b14aca6381678da6253e4	31999
mods/heroes.stormmod/enus.stormassets/localizeddata/sounds/vo/raynorowc20_ai_goodjob00.ogg	3d9a1817b75dfb569236799394ac7e3c	29013
mods/heroes.stormmod/enus.stormassets/localizeddata/sounds/vo/raynorowc20_ai_goodjob01.ogg	941249171702e40ebe69ae67e625c1c6	24708
mods/heroes.stormmod/enus.stormassets/localizeddata/sounds/vo/raynorowc20_ai_goodjob02.ogg	e4212c2cd52f571ffebef2d8d58b6e8b	18675
mods/heroes.stormmod/enus.stormassets/localizeddata/sounds/vo/raynorowc20_ai_heal00.ogg	8c2a9625a9d17417a7b616896dd4d6a9	19986
mods/heroes.stormmod/enus.stormassets/localizeddata/sounds/vo/raynorowc20_ai_heal01.ogg	2e58011b95ce12b16329e03bf1432f10	33924
mods/heroes.stormmod/enus.stormassets/localizeddata/sounds/vo/raynorowc20_ai_onmyway00.ogg	a2e5c466915092a7bd00b2903473abdb	15108
mods/heroes.stormmod/enus.stormassets/localizeddata/sounds/vo/raynorowc20_ai_onmyway01.ogg	f0f2efb8686b89b6832a0aa8832ce6c9	24105
mods/heroes.stormmod/enus.stormassets/localizeddata/sounds/vo/raynorowc20_ai_retreat00.ogg	7e4889926ce7fc980866ebafa47bcc24	27770
mods/heroes.stormmod/enus.stormassets/localizeddata/sounds/vo/raynorowc20_ai_retreat01.ogg	cfbedc89a567ce0a8d49ccc939f1fada	19746
mods/heroes.stormmod/enus.stormassets/localizeddata/sounds/vo/raynorowc20_ai_uhoh00.ogg	dd145411e1645acf7616a6a55d9ac808	12140
mods/heroes.stormmod/enus.stormassets/localizeddata/sounds/vo/raynorowc20_ai_uhoh01.ogg	1e396c67473ebee9d7d46cce984f8bb6	20785
mods/heroes.stormmod/enus.stormassets/localizeddata/sounds/vo/raynorowc20_ai_uhoh02.ogg	9192c84dd64a8b0908e1bbc42c04b9e6	15096
mods/heroes.stormmod/enus.stormassets/localizeddata/sounds/vo/raynorowc20_attack00.ogg	cc8a536af3578af4c0b76097a4dfb756	15668
mods/heroes.stormmod/enus.stormassets/localizeddata/sounds/vo/raynorowc20_attack01.ogg	7a467ace6d6bdafdde7b5f6dbf641ce4	17980
mods/heroes.stormmod/enus.stormassets/localizeddata/sounds/vo/raynorowc20_attack02.ogg	4832e49be7fd9352d9cfd4a33a7dae0e	23283
mods/heroes.stormmod/enus.stormassets/localizeddata/sounds/vo/raynorowc20_attack03.ogg	1a9baf298eda701f6319c8b5cb210401	17961
mods/heroes.stormmod/enus.stormassets/localizeddata/sounds/vo/raynorowc20_attack04.ogg	bce6bbd12da4fe1b461fcd981f617072	31906
mods/heroes.stormmod/enus.stormassets/localizeddata/sounds/vo/raynorowc20_attack05.ogg	49bd8c95fc818574fb9c84c4e666732b	13717
mods/heroes.stormmod/enus.stormassets/localizeddata/sounds/vo/raynorowc20_attack06.ogg	22f292d83f305973b8f3b592229f51ce	18575
mods/heroes.stormmod/enus.stormassets/localizeddata/sounds/vo/raynorowc20_celebrate00.ogg	541fb85a62ee6d1c1b3aac90e8806d7f	16332
mods/heroes.stormmod/enus.stormassets/localizeddata/sounds/vo/raynorowc20_celebrate01.ogg	bf788fe5db1652575eb1189b630e1318	23472
mods/heroes.stormmod/enus.stormassets/localizeddata/sounds/vo/raynorowc20_comeback_00.ogg	5b070f312be7e29637e849b00fa0a185	26430
mods/heroes.stormmod/enus.stormassets/localizeddata/sounds/vo/raynorowc20_death01.wav	37514be5695fb11d20067609296bb8e8	45628
mods/heroes.stormmod/enus.stormassets/localizeddata/sounds/vo/raynorowc20_death02.wav	53fff80b6ef10214ca87f768484830c6	41020
mods/heroes.stormmod/enus.stormassets/localizeddata/sounds/vo/raynorowc20_death03.wav	b8c77436763868f3db3069168c60aae1	47676
mods/heroes.stormmod/enus.stormassets/localizeddata/sounds/vo/raynorowc20_death04.wav	94e81a6d613d518ce43446b15b9a8d57	35388
mods/heroes.stormmod/enus.stormassets/localizeddata/sounds/vo/raynorowc20_death05.wav	8fed9958953878e44e63e93961ca3d64	63036
mods/heroes.stormmod/enus.stormassets/localizeddata/sounds/vo/raynorowc20_death06.wav	8bfcaf51b5837472e0f103486ecf7492	32316
mods/heroes.stormmod/enus.stormassets/localizeddata/sounds/vo/raynorowc20_death07.wav	3b85e44a78a5a79167d097df81a8bdbd	58684
mods/heroes.stormmod/enus.stormassets/localizeddata/sounds/vo/raynorowc20_death08.wav	1ad2a3e9c51cb9249e306b26bff9e859	30524
mods/heroes.stormmod/enus.stormassets/localizeddata/sounds/vo/raynorowc20_healed00.ogg	2574a47c72ae0ab4e471e97b2d82a725	20437
mods/heroes.stormmod/enus.stormassets/localizeddata/sounds/vo/raynorowc20_healed01.ogg	34abf5b82b8435deb67f85be8f328eaa	35374
mods/heroes.stormmod/enus.stormassets/localizeddata/sounds/vo/raynorowc20_healed02.ogg	de36c2e132093311894d3a4b2b041654	16391
mods/heroes.stormmod/enus.stormassets/localizeddata/sounds/vo/raynorowc20_introagree00.ogg	e1fd2ce09fbd0502c31a0dde02288eb8	19159
mods/heroes.stormmod/enus.stormassets/localizeddata/sounds/vo/raynorowc20_introagree01.ogg	5d8ea913642808a31392a33995bcff42	20722
mods/heroes.stormmod/enus.stormassets/localizeddata/sounds/vo/raynorowc20_introagree02.ogg	33dde124db5adbc764631c710c674519	17166
mods/heroes.stormmod/enus.stormassets/localizeddata/sounds/vo/raynorowc20_introboast00.ogg	88760aa321c7b76c8969a46fdfc13068	27901
mods/heroes.stormmod/enus.stormassets/localizeddata/sounds/vo/raynorowc20_introboast01.ogg	78108690eab3fb68fb46fdbe1dcac2f9	27842
mods/heroes.stormmod/enus.stormassets/localizeddata/sounds/vo/raynorowc20_introquestion00.ogg	96645df2352b1d6ac047b37df97b1dc8	22392
mods/heroes.stormmod/enus.stormassets/localizeddata/sounds/vo/raynorowc20_introquestion01.ogg	4be5f3c807c100adb140d1369d3ba916	20031
mods/heroes.stormmod/enus.stormassets/localizeddata/sounds/vo/raynorowc20_introquestion_artanis00.ogg	ee3e2261f81fe390339dd164e019af21	24035
mods/heroes.stormmod/enus.stormassets/localizeddata/sounds/vo/raynorowc20_introquestion_infestedtychus00.ogg	7c392a6f435a1b8de0bd3572dfe0d35c	33263
mods/heroes.stormmod/enus.stormassets/localizeddata/sounds/vo/raynorowc20_introquestion_kerrigan00.ogg	01744ca46acd0954275a0043dd20ab60	18357
mods/heroes.stormmod/enus.stormassets/localizeddata/sounds/vo/raynorowc20_introquestion_murky00.ogg	c37acbeb76cc4837cd8bb16dca7d9b0d	21976
mods/heroes.stormmod/enus.stormassets/localizeddata/sounds/vo/raynorowc20_introquestion_negative00.ogg	c84333fe50b1ed230d34994f8be018ef	22406
mods/heroes.stormmod/enus.stormassets/localizeddata/sounds/vo/raynorowc20_introquestion_nova00.ogg	63115fd6c66aa28d70d2a9cfbbeebd28	18810
mods/heroes.stormmod/enus.stormassets/localizeddata/sounds/vo/raynorowc20_introquestion_positive00.ogg	e7bff754d48c30fd9df51535e54151a8	26968
mods/heroes.stormmod/enus.stormassets/localizeddata/sounds/vo/raynorowc20_introquestion_tychus00.ogg	fb42ab9786038f55b8bb8455fb703648	29846
mods/heroes.stormmod/enus.stormassets/localizeddata/sounds/vo/raynorowc20_introquestion_zeratul00.ogg	ff898519c660e05ba228dd004491b4a8	22965
mods/heroes.stormmod/enus.stormassets/localizeddata/sounds/vo/raynorowc20_introrespond00.ogg	800ec6b1dff663968c6a2011c0403151	14058
mods/heroes.stormmod/enus.stormassets/localizeddata/sounds/vo/raynorowc20_introrespond01.ogg	53c672f85fe7cf06a0c59e8695dc62c5	26448
mods/heroes.stormmod/enus.stormassets/localizeddata/sounds/vo/raynorowc20_introrespond02.ogg	f55a0cd776df17599d1419cef8a3bb49	19101
mods/heroes.stormmod/enus.stormassets/localizeddata/sounds/vo/raynorowc20_introresponse_artanis00.ogg	8b0d3c069891b17f60b125de409544ed	16979
mods/heroes.stormmod/enus.stormassets/localizeddata/sounds/vo/raynorowc20_introresponse_infestedtychus00.ogg	186503f0e61ff9b9e5a4fdf55324fdfd	27805
mods/heroes.stormmod/enus.stormassets/localizeddata/sounds/vo/raynorowc20_introresponse_kerrigan00.ogg	8c2dced62e7496a3bec59420bd95a07e	15121
mods/heroes.stormmod/enus.stormassets/localizeddata/sounds/vo/raynorowc20_introresponse_murky00.ogg	317d7f05d78d7871d17c0ea7ac28a8ee	38732
mods/heroes.stormmod/enus.stormassets/localizeddata/sounds/vo/raynorowc20_introresponse_negative00.ogg	e0366f675e45088a460fe9b38715c8be	23637
mods/heroes.stormmod/enus.stormassets/localizeddata/sounds/vo/raynorowc20_introresponse_nova00.ogg	a58b030a3d35c92939f662af2ee639b0	27794
mods/heroes.stormmod/enus.stormassets/localizeddata/sounds/vo/raynorowc20_introresponse_positive00.ogg	0f368bb9d998357dec618251d6c5c79b	15588
mods/heroes.stormmod/enus.stormassets/localizeddata/sounds/vo/raynorowc20_introresponse_tychus00.ogg	1b4c1cccaa7ce9671ec56502dd9676c9	18776
mods/heroes.stormmod/enus.stormassets/localizeddata/sounds/vo/raynorowc20_introresponse_zeratul00.ogg	3c41eddbf29a94f04203d7fb5a69a695	26010
mods/heroes.stormmod/enus.stormassets/localizeddata/sounds/vo/raynorowc20_kill00.ogg	8a32cad291233281bd11303c2b9f3395	15240
mods/heroes.stormmod/enus.stormassets/localizeddata/sounds/vo/raynorowc20_kill01.ogg	78983fe28db7ca70df9d725b2813f22e	19246
mods/heroes.stormmod/enus.stormassets/localizeddata/sounds/vo/raynorowc20_kill02.ogg	6ec8358a27212b7d38fc43e0b71c6b67	21437
mods/heroes.stormmod/enus.stormassets/localizeddata/sounds/vo/raynorowc20_kill03.ogg	7eaf7da0eea39ab1e72fbb777563744e	19003
mods/heroes.stormmod/enus.stormassets/localizeddata/sounds/vo/raynorowc20_kill04.ogg	5a9c048e9b357725ddaaa9cd3ec93da5	33273
mods/heroes.stormmod/enus.stormassets/localizeddata/sounds/vo/raynorowc20_killdiablo00.ogg	bd7bd67c0d3a9e4e89d5eb6c516b11e6	22744
mods/heroes.stormmod/enus.stormassets/localizeddata/sounds/vo/raynorowc20_killkerrigan00.ogg	77e59529a997df841e15bebc4c2e80b3	28687
mods/heroes.stormmod/enus.stormassets/localizeddata/sounds/vo/raynorowc20_killnova00.ogg	273508ceb9673944aa13e7707f04b447	21537
mods/heroes.stormmod/enus.stormassets/localizeddata/sounds/vo/raynorowc20_killspreeend00.ogg	5e751fad23dcb2336f100961c9bb2678	16324
mods/heroes.stormmod/enus.stormassets/localizeddata/sounds/vo/raynorowc20_killtychus00.ogg	5eadc02aef49695eab1796364ba4f645	28490
mods/heroes.stormmod/enus.stormassets/localizeddata/sounds/vo/raynorowc20_laugh00.ogg	375e130fc5ad7c0cbaf9e6503f9803fe	26208
mods/heroes.stormmod/enus.stormassets/localizeddata/sounds/vo/raynorowc20_lowlifeheal00.ogg	d4bac49807632fae0f2460315e586e31	20836
mods/heroes.stormmod/enus.stormassets/localizeddata/sounds/vo/raynorowc20_lowlifeheal01.ogg	76bbee5a81c4226da168560c2b6b875e	24966
mods/heroes.stormmod/enus.stormassets/localizeddata/sounds/vo/raynorowc20_lowlifeheal02.ogg	25dc2dbce0db94f537e6b298ffc07879	17228
mods/heroes.stormmod/enus.stormassets/localizeddata/sounds/vo/raynorowc20_lowmana00.ogg	b44635b000d03ee9a44d67910d373175	17607
mods/heroes.stormmod/enus.stormassets/localizeddata/sounds/vo/raynorowc20_lowmana02.ogg	d6f160920927a9836cb5fe49142ebbe5	18757
mods/heroes.stormmod/enus.stormassets/localizeddata/sounds/vo/raynorowc20_lowmana02_alt.ogg	a7573d0e6654a724dc806978e5b54ba1	14097
mods/heroes.stormmod/enus.stormassets/localizeddata/sounds/vo/raynorowc20_matchend00.ogg	9923d426a4f771b63d55d2961eedb288	19111
mods/heroes.stormmod/enus.stormassets/localizeddata/sounds/vo/raynorowc20_matchend01.ogg	bbbbd699c3e4e2da8e6b35341c585501	16311
mods/heroes.stormmod/enus.stormassets/localizeddata/sounds/vo/raynorowc20_no00.ogg	0549f09ce4a43e868c39a77ac33641c8	17314
mods/heroes.stormmod/enus.stormassets/localizeddata/sounds/vo/raynorowc20_no01.ogg	417ae9b2c6d7f156b0594d61bee0d35b	22974
mods/heroes.stormmod/enus.stormassets/localizeddata/sounds/vo/raynorowc20_no02.ogg	e8b7968ff998b8f06495009eac5e069f	22160
mods/heroes.stormmod/enus.stormassets/localizeddata/sounds/vo/raynorowc20_ping_assisthero00.ogg	77e9d52d36a0d1b443e9b3a5e2d3abf1	24929
mods/heroes.stormmod/enus.stormassets/localizeddata/sounds/vo/raynorowc20_ping_assistme00.ogg	8928baee14f999b5c278a23cce382efb	18006
mods/heroes.stormmod/enus.stormassets/localizeddata/sounds/vo/raynorowc20_ping_assistme01.ogg	54062e5479b14af547d12a58a3a3c8c6	21534
mods/heroes.stormmod/enus.stormassets/localizeddata/sounds/vo/raynorowc20_ping_attackmerc00.ogg	a55bcbab45aa08c0245abe643961d2ee	23625
mods/heroes.stormmod/enus.stormassets/localizeddata/sounds/vo/raynorowc20_ping_attackoutpost00.ogg	1fd9b93807b7f678b0fcf74ae30201bd	24771
mods/heroes.stormmod/enus.stormassets/localizeddata/sounds/vo/raynorowc20_ping_attacktower00.ogg	fe91a59b5e0ca314c33eea826c15aa86	21867
mods/heroes.stormmod/enus.stormassets/localizeddata/sounds/vo/raynorowc20_ping_danger00.ogg	9fc0ba9fdc3bee322b3d5ed53ca88ef0	16475
mods/heroes.stormmod/enus.stormassets/localizeddata/sounds/vo/raynorowc20_ping_danger01.ogg	30b410bab741797422d586896db59f79	17319
mods/heroes.stormmod/enus.stormassets/localizeddata/sounds/vo/raynorowc20_ping_defend00.ogg	34be58168472b8dbaa52b435ba51fa98	25035
mods/heroes.stormmod/enus.stormassets/localizeddata/sounds/vo/raynorowc20_ping_defendoutpost00.ogg	d7de61ff34cdc9b9c54e9d58b01a244c	19014
mods/heroes.stormmod/enus.stormassets/localizeddata/sounds/vo/raynorowc20_ping_defendthing00.ogg	1e07a807381b81644ee79f5ff78294cb	16622
mods/heroes.stormmod/enus.stormassets/localizeddata/sounds/vo/raynorowc20_ping_defendthing01.ogg	fa1de0fd9a066891fcc6d60511d50ea8	19047
mods/heroes.stormmod/enus.stormassets/localizeddata/sounds/vo/raynorowc20_ping_defendtower00.ogg	74c8babcbe339997eb057b32ed0e4a7d	23281
mods/heroes.stormmod/enus.stormassets/localizeddata/sounds/vo/raynorowc20_ping_enemymissing00.ogg	9d379a320e9b945f430b7a4f06a5af7d	30743
mods/heroes.stormmod/enus.stormassets/localizeddata/sounds/vo/raynorowc20_ping_enemymissing01.ogg	bf966801e7438bc3b08c1a5e41fb1b37	28619
mods/heroes.stormmod/enus.stormassets/localizeddata/sounds/vo/raynorowc20_ping_killhero00.ogg	7002b38d5cecd3bb7529acfe4f47f261	24066
mods/heroes.stormmod/enus.stormassets/localizeddata/sounds/vo/raynorowc20_ping_onmyway00.ogg	8ba3c859fc69e1deca3482f69c3f9eba	16557
mods/heroes.stormmod/enus.stormassets/localizeddata/sounds/vo/raynorowc20_ping_onmyway01.ogg	ccece39f946006103b146ab6e0ffa6c3	17548
mods/heroes.stormmod/enus.stormassets/localizeddata/sounds/vo/raynorowc20_ping_retreat00.ogg	d5d506dbc735d61bd1d6fb2c70340fc9	13290
mods/heroes.stormmod/enus.stormassets/localizeddata/sounds/vo/raynorowc20_ping_retreat01.ogg	7ae1b51611ae33e87dc0f8f29d63ad5a	23675
mods/heroes.stormmod/enus.stormassets/localizeddata/sounds/vo/raynorowc20_pissed00.ogg	d513c5a2e00ddd9f3455f4849a371b73	13992
mods/heroes.stormmod/enus.stormassets/localizeddata/sounds/vo/raynorowc20_pissed01.ogg	e9477cd10b9c21fbd44f62878a7f70c9	19871
mods/heroes.stormmod/enus.stormassets/localizeddata/sounds/vo/raynorowc20_pissed02.ogg	32df61cc2aba964ba541e1321404211c	22244
mods/heroes.stormmod/enus.stormassets/localizeddata/sounds/vo/raynorowc20_pissed03.ogg	6195b96028c2f13f4f84ae3ffef1b6e1	18471
mods/heroes.stormmod/enus.stormassets/localizeddata/sounds/vo/raynorowc20_pissed04.ogg	1d281746b1d962ed480646d91cbb275d	40431
mods/heroes.stormmod/enus.stormassets/localizeddata/sounds/vo/raynorowc20_pissed05.ogg	486ebd9db9bf96ba811cdcc32c35700a	55736
mods/heroes.stormmod/enus.stormassets/localizeddata/sounds/vo/raynorowc20_pissed06.ogg	a6a00300db144319020af026f0e28df4	47930
mods/heroes.stormmod/enus.stormassets/localizeddata/sounds/vo/raynorowc20_pissed07.ogg	afab3cbeb04909d4265ce704686ed0ba	56871
mods/heroes.stormmod/enus.stormassets/localizeddata/sounds/vo/raynorowc20_pissed08.ogg	4c72d7c3b999baff959f528e076a8c6b	35874
mods/heroes.stormmod/enus.stormassets/localizeddata/sounds/vo/raynorowc20_pissed09.ogg	531e11ec4a56700f99b77ac805b6a1e3	57366
mods/heroes.stormmod/enus.stormassets/localizeddata/sounds/vo/raynorowc20_pissed10.ogg	79e42bd5a3f6571620abdd45b8f867c4	36478
mods/heroes.stormmod/enus.stormassets/localizeddata/sounds/vo/raynorowc20_pissed11.ogg	a81188a2ce96d07d872f70e312a8359b	95972
mods/heroes.stormmod/enus.stormassets/localizeddata/sounds/vo/raynorowc20_pissed12.ogg	2616abd584f63c05dcc7b9122c51f79b	23939
mods/heroes.stormmod/enus.stormassets/localizeddata/sounds/vo/raynorowc20_resurrected00.ogg	4c33d77daabc29a77ac6ec1e32cb637c	20652
mods/heroes.stormmod/enus.stormassets/localizeddata/sounds/vo/raynorowc20_resurrected01.ogg	0f90713b9e06b306cd932454c26b3137	19680
mods/heroes.stormmod/enus.stormassets/localizeddata/sounds/vo/raynorowc20_revive00.ogg	d6748671474817a4924c889145b33542	24554
mods/heroes.stormmod/enus.stormassets/localizeddata/sounds/vo/raynorowc20_revive01.ogg	2782ce13030c44dd61ff1a786ce83f16	18877
mods/heroes.stormmod/enus.stormassets/localizeddata/sounds/vo/raynorowc20_revive02.ogg	1bf6b37b1b3cd9c243395bf4957e15c6	32482
mods/heroes.stormmod/enus.stormassets/localizeddata/sounds/vo/raynorowc20_social_thanks00.ogg	52740c2599ba0d31e48dc1e574be9d45	15095
mods/heroes.stormmod/enus.stormassets/localizeddata/sounds/vo/raynorowc20_spec00.ogg	f60c0d411fa0ea9e2fa77f908e62e690	23458
mods/heroes.stormmod/enus.stormassets/localizeddata/sounds/vo/raynorowc20_spec01.ogg	548fa7bfa67edbea4964f880add39e8b	14456
mods/heroes.stormmod/enus.stormassets/localizeddata/sounds/vo/raynorowc20_spec02.ogg	6f278dee38d96da95d7264e6d46998ae	17021
mods/heroes.stormmod/enus.stormassets/localizeddata/sounds/vo/raynorowc20_spec03.ogg	0ac0b8d0fff24eed76f1daf7b604763e	21869
mods/heroes.stormmod/enus.stormassets/localizeddata/sounds/vo/raynorowc20_spec04.ogg	a83ac660a7ad58a8ca638e5f5d0d1460	27522
mods/heroes.stormmod/enus.stormassets/localizeddata/sounds/vo/raynorowc20_taunt00.ogg	9fa1280b0bd58ea5af7c770dc5e0b316	19494
mods/heroes.stormmod/enus.stormassets/localizeddata/sounds/vo/raynorowc20_taunt01.ogg	f6e09281cc625052624e4cf49d57e2ee	28138
mods/heroes.stormmod/enus.stormassets/localizeddata/sounds/vo/raynorowc20_taunt02.ogg	58a6327de99d48611719457c3bafb0a9	25339
mods/heroes.stormmod/enus.stormassets/localizeddata/sounds/vo/raynorowc20_teamkilled00.ogg	3c51889a6d10f210dc6d6020c8a97e6a	25697
mods/heroes.stormmod/enus.stormassets/localizeddata/sounds/vo/raynorowc20_ui_exlocked00.ogg	2f9c09dea66b23f8af0bb0b3d2028cc2	18693
mods/heroes.stormmod/enus.stormassets/localizeddata/sounds/vo/raynorowc20_ui_expurchased00.ogg	c6bad960c206746fc534bb6e6b9f0be5	15710
mods/heroes.stormmod/enus.stormassets/localizeddata/sounds/vo/raynorowc20_ui_gift00.ogg	450c74d16093162f954e321f454af9e7	19173
mods/heroes.stormmod/enus.stormassets/localizeddata/sounds/vo/raynorowc20_ui_lockin00.ogg	fab3c8594fc5e5281366168e6b96fa81	18400
mods/heroes.stormmod/enus.stormassets/localizeddata/sounds/vo/raynorowc20_ui_purchase00.ogg	59fecdc9a6286ca59ca2e2dc90ea5dc4	24703
mods/heroes.stormmod/enus.stormassets/localizeddata/sounds/vo/raynorowc20_ui_trial00.ogg	73c246de26dbf5d7f9bf02ee6efac806	24735
mods/heroes.stormmod/enus.stormassets/localizeddata/sounds/vo/raynorowc20_ui_trial01.ogg	b020c017f9b261478c0b9dc07c8e6dd0	28841
mods/heroes.stormmod/enus.stormassets/localizeddata/sounds/vo/raynorowc20_ui_waitlocked00.ogg	5f557c24deb4ed6bdd4a1b2cc7e4684f	17869
mods/heroes.stormmod/enus.stormassets/localizeddata/sounds/vo/raynorowc20_ui_waitlocked01.ogg	a0e6b0e63c8cbf5b04290651ca948f13	62572
mods/heroes.stormmod/enus.stormassets/localizeddata/sounds/vo/raynorowc20_ui_waitpurchased00.ogg	189ca3df174a57915f4b2fe59dab6a77	30889
mods/heroes.stormmod/enus.stormassets/localizeddata/sounds/vo/raynorowc20_ui_waitpurchased02.ogg	ac06ef9038a309f330ee4af22f2527c4	38733
mods/heroes.stormmod/enus.stormassets/localizeddata/sounds/vo/raynorowc20_ultimate1used00.ogg	d995bb60f83ed087f791d54372f4a7ea	23409
mods/heroes.stormmod/enus.stormassets/localizeddata/sounds/vo/raynorowc20_ultimate1used01.ogg	7d7d02ebee4f147563e1bc4e251bbdba	17623
mods/heroes.stormmod/enus.stormassets/localizeddata/sounds/vo/raynorowc20_ultimate2used00.ogg	69743ca7a3a2354e24cf1aa3c48bfbaa	15975
mods/heroes.stormmod/enus.stormassets/localizeddata/sounds/vo/raynorowc20_ultimate2used01.ogg	cbd7e60e80b6c90ec1f26b25ad6bbea2	24050
mods/heroes.stormmod/enus.stormassets/localizeddata/sounds/vo/raynorowc20_voicelinefive00.ogg	a5794de3ee99f472cb83abb58b5711d1	14190
mods/heroes.stormmod/enus.stormassets/localizeddata/sounds/vo/raynorowc20_voicelinefour00.ogg	cd5da5181afa60e642e26712058edbdc	17989
mods/heroes.stormmod/enus.stormassets/localizeddata/sounds/vo/raynorowc20_voicelineone00.ogg	b4a2af7cdc73678c2969b23af4da2d91	17208
mods/heroes.stormmod/enus.stormassets/localizeddata/sounds/vo/raynorowc20_voicelinethree00.ogg	7091233305cddaf48ead590ff2c23d06	22147
mods/heroes.stormmod/enus.stormassets/localizeddata/sounds/vo/raynorowc20_voicelinetwo00.ogg	dc125de54ae9397959850b07bcc39007	14020
mods/heroes.stormmod/enus.stormassets/localizeddata/sounds/vo/raynorowc20_vox_attack02.ogg	972fc41f05fb53c08b639872c9dada8e	8379
mods/heroes.stormmod/enus.stormassets/localizeddata/sounds/vo/raynorowc20_vox_attack03.ogg	fe5eb47b12996be19e449c8e03ecfedc	13178
mods/heroes.stormmod/enus.stormassets/localizeddata/sounds/vo/raynorowc20_vox_attack05.ogg	f3d6b8c987c291706e6a4d1759df85e2	11326
mods/heroes.stormmod/enus.stormassets/localizeddata/sounds/vo/raynorowc20_vox_attack06.ogg	e97b8590ca190b2bac26a677e1418cea	8633
mods/heroes.stormmod/enus.stormassets/localizeddata/sounds/vo/raynorowc20_vox_attack07.ogg	b6df3317ea5fc2129693576e05f3a69f	12636
mods/heroes.stormmod/enus.stormassets/localizeddata/sounds/vo/raynorowc20_vox_attack08.ogg	02dc0b943afd919da1a877bf897dd8fb	11672
mods/heroes.stormmod/enus.stormassets/localizeddata/sounds/vo/raynorowc20_vox_attack10.ogg	bb1d00c7a52ad17f9eec3cb7b0446906	10951
mods/heroes.stormmod/enus.stormassets/localizeddata/sounds/vo/raynorowc20_vox_attack11.ogg	fd168e67e8796124d1b2cdad2c3556fd	8788
mods/heroes.stormmod/enus.stormassets/localizeddata/sounds/vo/raynorowc20_vox_casting01.ogg	04370109acc115f3670f517e5db9b82e	9727
mods/heroes.stormmod/enus.stormassets/localizeddata/sounds/vo/raynorowc20_vox_casting02.ogg	e33b3b29ea7fa4b8b69107cb9d110ed9	12275
mods/heroes.stormmod/enus.stormassets/localizeddata/sounds/vo/raynorowc20_vox_casting03.ogg	5540a288e16648020ccd7c03cf65d628	10162
mods/heroes.stormmod/enus.stormassets/localizeddata/sounds/vo/raynorowc20_vox_casting04.ogg	00e843ff1b82645e377dadf635744a94	9414
mods/heroes.stormmod/enus.stormassets/localizeddata/sounds/vo/raynorowc20_vox_casting05.ogg	92999a4e171604fb4fccfdc024b8e34d	10115
mods/heroes.stormmod/enus.stormassets/localizeddata/sounds/vo/raynorowc20_vox_casting06.ogg	ff0e1d3a2173918261d408dbae674c39	9547
mods/heroes.stormmod/enus.stormassets/localizeddata/sounds/vo/raynorowc20_vox_casting07.ogg	79d9a76adb3b1127b6be55120371a116	9267
mods/heroes.stormmod/enus.stormassets/localizeddata/sounds/vo/raynorowc20_vox_casting08.ogg	22167bd420458fd5cf6880414e7991a6	12576
mods/heroes.stormmod/enus.stormassets/localizeddata/sounds/vo/raynorowc20_vox_casting09.ogg	6c8397532e64dbc612b9046f6ebddd76	17737
mods/heroes.stormmod/enus.stormassets/localizeddata/sounds/vo/raynorowc20_vox_casting10.ogg	e3664d1107f9581362dad77059c85c0e	14913
mods/heroes.stormmod/enus.stormassets/localizeddata/sounds/vo/raynorowc20_vox_casting11.ogg	650e1d666b844732c9e0684c2f562cc9	17376
mods/heroes.stormmod/enus.stormassets/localizeddata/sounds/vo/raynorowc20_vox_casting12.ogg	3bcdcb7f9c3cab16c70201bf06f69bba	12603
mods/heroes.stormmod/enus.stormassets/localizeddata/sounds/vo/raynorowc20_vox_casting13.ogg	8dbe3411d3327dd3bf2244df5f482d46	17635
mods/heroes.stormmod/enus.stormassets/localizeddata/sounds/vo/raynorowc20_vox_casting14.ogg	f7b3fb299b9362cf16340d544f90e0b0	19163
mods/heroes.stormmod/enus.stormassets/localizeddata/sounds/vo/raynorowc20_vox_casting15.ogg	f43c7211fc81dd92a0217f4b4dc64057	18033
mods/heroes.stormmod/enus.stormassets/localizeddata/sounds/vo/raynorowc20_vox_casting16.ogg	965c25ba954b6dcb7cfc61ea823a72b6	14598
mods/heroes.stormmod/enus.stormassets/localizeddata/sounds/vo/raynorowc20_vox_casting17.ogg	67018f931acfb7683f3662528e95651f	15608
mods/heroes.stormmod/enus.stormassets/localizeddata/sounds/vo/raynorowc20_vox_casting18.ogg	d3a34ffc41b4a02b010a4a49dc135b96	16263
mods/heroes.stormmod/enus.stormassets/localizeddata/sounds/vo/raynorowc20_vox_cheer00_05.ogg	45a314d54c50f74e3b3a9baf04e3c547	16715
mods/heroes.stormmod/enus.stormassets/localizeddata/sounds/vo/raynorowc20_vox_gethit01.ogg	6e2a7adf02257e9f60aeb16db3db2985	9486
mods/heroes.stormmod/enus.stormassets/localizeddata/sounds/vo/raynorowc20_vox_gethit02.ogg	76a3f7a85ef53ee872daa78e24efa374	8695
mods/heroes.stormmod/enus.stormassets/localizeddata/sounds/vo/raynorowc20_vox_gethit03.ogg	4cd528a2c3ac184f4ba1faae572618b8	9645
mods/heroes.stormmod/enus.stormassets/localizeddata/sounds/vo/raynorowc20_vox_gethit04.ogg	cf7a3649964c0270c774e40a7e43d961	8854
mods/heroes.stormmod/enus.stormassets/localizeddata/sounds/vo/raynorowc20_vox_gethit05.ogg	ca86b6d6677d64fadd5d174492b8c24e	9120
mods/heroes.stormmod/enus.stormassets/localizeddata/sounds/vo/raynorowc20_vox_gethit06.ogg	849ccc32106d4721da75b526fa244128	8632
mods/heroes.stormmod/enus.stormassets/localizeddata/sounds/vo/raynorowc20_vox_gethit07.ogg	3aa5b8ccda0127a138ef03875b571af2	9724
mods/heroes.stormmod/enus.stormassets/localizeddata/sounds/vo/raynorowc20_vox_gethit08.ogg	9edb06f9edb73c0d8ea2c3dca4929c34	7345
mods/heroes.stormmod/enus.stormassets/localizeddata/sounds/vo/raynorowc20_vox_gethit09.ogg	ddba50b438b4aa5bf168d7e6332971cd	8186
mods/heroes.stormmod/enus.stormassets/localizeddata/sounds/vo/raynorowc20_vox_gethit10.ogg	aa987776f504db4ab68ce243436cc379	8497
mods/heroes.stormmod/enus.stormassets/localizeddata/sounds/vo/raynorowc20_vox_gethit11.ogg	8f115a520d2e2388653fcb470ec79859	8210
mods/heroes.stormmod/enus.stormassets/localizeddata/sounds/vo/raynorowc20_vox_gethit12.ogg	fb3185c405b145085fde9185d89d8bd5	7938
mods/heroes.stormmod/enus.stormassets/localizeddata/sounds/vo/raynorowc20_vox_gethit13.ogg	5fb50ceb312c658314b305928d5e105c	8561
mods/heroes.stormmod/enus.stormassets/localizeddata/sounds/vo/raynorowc20_vox_pulled02.ogg	ad79a8bf7e6c6f897493580c73346e1c	11822
mods/heroes.stormmod/enus.stormassets/localizeddata/sounds/vo/raynorowc20_vox_pulled03.ogg	fdf6dca30839318c2e9d69a5bce9ce24	10329
mods/heroes.stormmod/enus.stormassets/localizeddata/sounds/vo/raynorowc20_vox_pulled04.ogg	a08d637296dbef346ca885ec4f35e5b0	9830
mods/heroes.stormmod/enus.stormassets/localizeddata/sounds/vo/raynorowc20_vox_pulled05.ogg	666e90552c0ebafcf98ff8fb88a8bed9	13382
mods/heroes.stormmod/enus.stormassets/localizeddata/sounds/vo/raynorowc20_vox_pulled06.ogg	0408cc377a61a4909e48ca2520d32559	8047
mods/heroes.stormmod/enus.stormassets/localizeddata/sounds/vo/raynorowc20_vox_pulled07.ogg	7f420a9b6db4cb89e4cc231949ea0c35	10871
mods/heroes.stormmod/enus.stormassets/localizeddata/sounds/vo/raynorowc20_vox_pulled08.ogg	656b0b45e1747fa38594775cd1154786	12291
mods/heroes.stormmod/enus.stormassets/localizeddata/sounds/vo/raynorowc20_worthit00.ogg	aacfa66df37b637ac6f6defad70d1185	32827
mods/heroes.stormmod/enus.stormassets/localizeddata/sounds/vo/raynorowc20_worthit01.ogg	cc86007ab25f8c7c2eb502d68cc53a21	23484
mods/heroes.stormmod/enus.stormassets/localizeddata/sounds/vo/raynorowc20_yes00.ogg	c56a714502d10f1b64eb41d98fa91ea5	32001
mods/heroes.stormmod/enus.stormassets/localizeddata/sounds/vo/raynorowc20_yes01.ogg	915b2901d9b082b0f8dff345f1f61ab1	20731
mods/heroes.stormmod/enus.stormassets/localizeddata/sounds/vo/raynorowc20_yes02.ogg	88e24e5c7c522b1e13f2f339717c85aa	19543
mods/heroes.stormmod/enus.stormassets/localizeddata/sounds/vo/raynorowc20_yes03.ogg	e35daf6ded3e33206c46577e3f07d04a	16301
mods/heroes.stormmod/enus.stormassets/localizeddata/sounds/vo/raynorowc20_yes04.ogg	234fe94b1c1d214e5e291c53673b6684	17196
mods/heroes.stormmod/enus.stormassets/localizeddata/sounds/vo/raynorowc20_yes05.ogg	953c5fb6052e4c10ea0c3e456b0a38b2	15532
mods/heroes.stormmod/enus.stormassets/localizeddata/sounds/vo/raynorowc20_yes06.ogg	d713fc7cbf8738fbe84ad09e035874f2	18085
mods/heroes.stormmod/enus.stormassets/localizeddata/sounds/vo/raynorowc20_yes07.ogg	3ce73dbe242f432e51886c3a947738d0	17754
mods/heroes.stormmod/enus.stormassets/localizeddata/sounds/vo/raynorowc20_yes08.ogg	d7e9e4ff62d77849b79023d37a84cf48	17382
