mods/heroes.stormmod/enus.stormassets/localizeddata/sounds/vo/rehgarannouncer_castleattack_blue00.fxe	deaa3bdabea999dac5bc77108685e963	2408
mods/heroes.stormmod/enus.stormassets/localizeddata/sounds/vo/rehgarannouncer_castleattack_blue00.ogg	6352848247ba4bf6b914de904a256c1d	39167
mods/heroes.stormmod/enus.stormassets/localizeddata/sounds/vo/rehgarannouncer_castleattack_red00.fxe	3fe266484de0d282892f5f331754777c	2215
mods/heroes.stormmod/enus.stormassets/localizeddata/sounds/vo/rehgarannouncer_castleattack_red00.ogg	5a1f756d8c5ce360df5cf0ad159c79d7	37896
mods/heroes.stormmod/enus.stormassets/localizeddata/sounds/vo/rehgarannouncer_castleattackally00.fxe	606e7875ab9ae893cbd0053274947411	2119
mods/heroes.stormmod/enus.stormassets/localizeddata/sounds/vo/rehgarannouncer_castleattackally00.ogg	b1c6d4acb2b81b50134da5f3f800e97c	43566
mods/heroes.stormmod/enus.stormassets/localizeddata/sounds/vo/rehgarannouncer_castleattackally01.fxe	15fd0b10583e23058e6909594d5a0dc2	1943
mods/heroes.stormmod/enus.stormassets/localizeddata/sounds/vo/rehgarannouncer_castleattackally01.ogg	ab29f0e4237fbc5d7b5bfede6a8362ff	32248
mods/heroes.stormmod/enus.stormassets/localizeddata/sounds/vo/rehgarannouncer_countdown10sec00.fxe	d389f22b9599dd79f2ffb34a5e6f128f	1333
mods/heroes.stormmod/enus.stormassets/localizeddata/sounds/vo/rehgarannouncer_countdown10sec00.ogg	5791b3d5edf5ff2860b348726c1fa178	25048
mods/heroes.stormmod/enus.stormassets/localizeddata/sounds/vo/rehgarannouncer_countdown1sec00.fxe	25f4caf8bc409c80f3bd263442b77d76	884
mods/heroes.stormmod/enus.stormassets/localizeddata/sounds/vo/rehgarannouncer_countdown1sec00.ogg	823738d2e023fc15d1dd3e24de67df11	14654
mods/heroes.stormmod/enus.stormassets/localizeddata/sounds/vo/rehgarannouncer_countdown2sec00.fxe	4829834afc04a56350bdd7621a9001cb	868
mods/heroes.stormmod/enus.stormassets/localizeddata/sounds/vo/rehgarannouncer_countdown2sec00.ogg	3e31533ce0ed1cf9e613f1f82c9856a5	14786
mods/heroes.stormmod/enus.stormassets/localizeddata/sounds/vo/rehgarannouncer_countdown30sec00.fxe	5fac461a2554a9bdf32ca096e6cdee0d	2613
mods/heroes.stormmod/enus.stormassets/localizeddata/sounds/vo/rehgarannouncer_countdown30sec00.ogg	eada86ddddc7587de1d5dd85ab371776	52090
mods/heroes.stormmod/enus.stormassets/localizeddata/sounds/vo/rehgarannouncer_countdown3sec00.fxe	916a6105d4ba748c1f62c7ea18aa6e4b	964
mods/heroes.stormmod/enus.stormassets/localizeddata/sounds/vo/rehgarannouncer_countdown3sec00.ogg	4b494a55af543fe06a3b986386b2a394	15222
mods/heroes.stormmod/enus.stormassets/localizeddata/sounds/vo/rehgarannouncer_countdown4sec00.fxe	48bd9d6f36d5ed299e9c022a7079539e	836
mods/heroes.stormmod/enus.stormassets/localizeddata/sounds/vo/rehgarannouncer_countdown4sec00.ogg	795ab2f92df1baf9a66f8984756e6f6c	15002
mods/heroes.stormmod/enus.stormassets/localizeddata/sounds/vo/rehgarannouncer_countdown5sec00.fxe	361c332142d44be5e220c80cde6854ff	852
mods/heroes.stormmod/enus.stormassets/localizeddata/sounds/vo/rehgarannouncer_countdown5sec00.ogg	8ab757ece159d9a8efb2b581646349ea	15141
mods/heroes.stormmod/enus.stormassets/localizeddata/sounds/vo/rehgarannouncer_countdownremain00.fxe	eb9b4cf2c18818b226d7800f6583833c	1830
mods/heroes.stormmod/enus.stormassets/localizeddata/sounds/vo/rehgarannouncer_countdownremain00.ogg	dc7e304039ac86a89271fdd183abb698	37955
mods/heroes.stormmod/enus.stormassets/localizeddata/sounds/vo/rehgarannouncer_doublekill00.fxe	ed69c756517b1aefc6ea59699a5e19f5	1329
mods/heroes.stormmod/enus.stormassets/localizeddata/sounds/vo/rehgarannouncer_doublekill00.ogg	4095c34e35012a15daa7457ad2edc73b	23672
mods/heroes.stormmod/enus.stormassets/localizeddata/sounds/vo/rehgarannouncer_doublekill01.fxe	38acbbb4f7359834ab4c68062b139d2d	1377
mods/heroes.stormmod/enus.stormassets/localizeddata/sounds/vo/rehgarannouncer_doublekill01.ogg	624afec05daa0de2284df39e6dcfc13c	21911
mods/heroes.stormmod/enus.stormassets/localizeddata/sounds/vo/rehgarannouncer_doublekill02.fxe	51c872c4fcd138df2f65da8a7791fa03	1489
mods/heroes.stormmod/enus.stormassets/localizeddata/sounds/vo/rehgarannouncer_doublekill02.ogg	2173cd2391b16687f9486df5e1356b1c	26512
mods/heroes.stormmod/enus.stormassets/localizeddata/sounds/vo/rehgarannouncer_ending_blue00.fxe	e7c2740ff9eb4ec4b6e84d140e31bb85	2130
mods/heroes.stormmod/enus.stormassets/localizeddata/sounds/vo/rehgarannouncer_ending_blue00.ogg	d5b879d9e68fd9e8249c01dde490e7b1	35536
mods/heroes.stormmod/enus.stormassets/localizeddata/sounds/vo/rehgarannouncer_ending_red00.fxe	f54d2debedd6f45c567fed9afb5d87eb	2161
mods/heroes.stormmod/enus.stormassets/localizeddata/sounds/vo/rehgarannouncer_ending_red00.ogg	49b6363b604846701dde84e51a639440	36516
mods/heroes.stormmod/enus.stormassets/localizeddata/sounds/vo/rehgarannouncer_endinglose00.fxe	bb64a515c8fd770ba782c1dbc9cc2005	1105
mods/heroes.stormmod/enus.stormassets/localizeddata/sounds/vo/rehgarannouncer_endinglose00.ogg	7f7c33f260e5cd5af5901709fea85d60	18790
mods/heroes.stormmod/enus.stormassets/localizeddata/sounds/vo/rehgarannouncer_endinglose01.fxe	ce747f0a92689075a183961afba73949	2177
mods/heroes.stormmod/enus.stormassets/localizeddata/sounds/vo/rehgarannouncer_endinglose01.ogg	4e69a59082218291986fb9424b1e0932	39318
mods/heroes.stormmod/enus.stormassets/localizeddata/sounds/vo/rehgarannouncer_endinglose02.fxe	3848f43ab4b8da583d9ea69561031d4d	2033
mods/heroes.stormmod/enus.stormassets/localizeddata/sounds/vo/rehgarannouncer_endinglose02.ogg	61a36fbb44c6ba00c405e8feb011d3ac	35816
mods/heroes.stormmod/enus.stormassets/localizeddata/sounds/vo/rehgarannouncer_endingwin00.fxe	de7c993984d31d3ba4a2f3325ca59760	1296
mods/heroes.stormmod/enus.stormassets/localizeddata/sounds/vo/rehgarannouncer_endingwin00.ogg	90e7d247ab0faf36a5d50036a1023283	25998
mods/heroes.stormmod/enus.stormassets/localizeddata/sounds/vo/rehgarannouncer_endingwin01.fxe	1f2dd2ee941e69e85241aafc324a04cc	1648
mods/heroes.stormmod/enus.stormassets/localizeddata/sounds/vo/rehgarannouncer_endingwin01.ogg	2f182eeb49b1729f7d0bab9e27b45c96	30098
mods/heroes.stormmod/enus.stormassets/localizeddata/sounds/vo/rehgarannouncer_endingwin02.fxe	60e88a21943807e28ddb7cb4ae60aa0d	1072
mods/heroes.stormmod/enus.stormassets/localizeddata/sounds/vo/rehgarannouncer_endingwin02.ogg	0d169d4dc2532201b452d481df354297	29672
mods/heroes.stormmod/enus.stormassets/localizeddata/sounds/vo/rehgarannouncer_firstblood_blue00.fxe	bb47b4f824a6c88873e97274bc3f71a1	2438
mods/heroes.stormmod/enus.stormassets/localizeddata/sounds/vo/rehgarannouncer_firstblood_blue00.ogg	71af27c3129d218411d2e9ff0d24c29c	39421
mods/heroes.stormmod/enus.stormassets/localizeddata/sounds/vo/rehgarannouncer_firstblood_red00.fxe	870eaa2c6f1859f9d07f62b778ad9804	2325
mods/heroes.stormmod/enus.stormassets/localizeddata/sounds/vo/rehgarannouncer_firstblood_red00.ogg	559722aec436c10470ade62ce5744f58	40084
mods/heroes.stormmod/enus.stormassets/localizeddata/sounds/vo/rehgarannouncer_firstbloodally00.fxe	b0bdc7075dabddb0b175ed21b27bc79b	1301
mods/heroes.stormmod/enus.stormassets/localizeddata/sounds/vo/rehgarannouncer_firstbloodally00.ogg	6a9a39e2382067c1e5b463f6ec14528d	23530
mods/heroes.stormmod/enus.stormassets/localizeddata/sounds/vo/rehgarannouncer_fourkill00.fxe	12be2034ee0afdda0149d4e7d5655103	1055
mods/heroes.stormmod/enus.stormassets/localizeddata/sounds/vo/rehgarannouncer_fourkill00.ogg	507153357c88248c61c0c2b46dff0e3c	25702
mods/heroes.stormmod/enus.stormassets/localizeddata/sounds/vo/rehgarannouncer_gamestart00.fxe	c7ce780f03874e81a80abb895af646b6	1904
mods/heroes.stormmod/enus.stormassets/localizeddata/sounds/vo/rehgarannouncer_gamestart00.ogg	eab198353b1cd60b7d0bb0052a7b0ca9	36929
mods/heroes.stormmod/enus.stormassets/localizeddata/sounds/vo/rehgarannouncer_gamestart01.fxe	232b05ee97ddd28f88c63617067893f0	1328
mods/heroes.stormmod/enus.stormassets/localizeddata/sounds/vo/rehgarannouncer_gamestart01.ogg	66818b5d211304d54d91b3cfa07dbcdc	31904
mods/heroes.stormmod/enus.stormassets/localizeddata/sounds/vo/rehgarannouncer_gamestart02.fxe	e257010c4c0e758f0d70691588f760e2	2256
mods/heroes.stormmod/enus.stormassets/localizeddata/sounds/vo/rehgarannouncer_gamestart02.ogg	2a9ab304c1f85cef20130e57b20096e5	47600
mods/heroes.stormmod/enus.stormassets/localizeddata/sounds/vo/rehgarannouncer_gravestomp00.fxe	82bf81e939f3039ef4f1c366e2cb81f7	1553
mods/heroes.stormmod/enus.stormassets/localizeddata/sounds/vo/rehgarannouncer_gravestomp00.ogg	2307ad3c9c9120aab3403f2e10d1e5c7	28109
mods/heroes.stormmod/enus.stormassets/localizeddata/sounds/vo/rehgarannouncer_gravestomp_observer00.fxe	ef9774700bf6b4e5ca20d058a4c2c796	1434
mods/heroes.stormmod/enus.stormassets/localizeddata/sounds/vo/rehgarannouncer_gravestomp_observer00.ogg	cf9195be61b76659cc11f97e9d038875	25209
mods/heroes.stormmod/enus.stormassets/localizeddata/sounds/vo/rehgarannouncer_health00.fxe	6f365c1b623de243edbc2fed6eb43367	1485
mods/heroes.stormmod/enus.stormassets/localizeddata/sounds/vo/rehgarannouncer_health00.ogg	38db67d75315e4c2cf7a3047108f95aa	27172
mods/heroes.stormmod/enus.stormassets/localizeddata/sounds/vo/rehgarannouncer_herokill00.fxe	7d04c51298d94f739d37ab06a645b3f1	1359
mods/heroes.stormmod/enus.stormassets/localizeddata/sounds/vo/rehgarannouncer_herokill00.ogg	18e5a920fdc104e439bab152559da397	25233
mods/heroes.stormmod/enus.stormassets/localizeddata/sounds/vo/rehgarannouncer_herokill01.fxe	52641b40286a5dddcf39805fa325b90a	2191
mods/heroes.stormmod/enus.stormassets/localizeddata/sounds/vo/rehgarannouncer_herokill01.ogg	09c8eed9470589b5b44ce3b099a0cf8d	38882
mods/heroes.stormmod/enus.stormassets/localizeddata/sounds/vo/rehgarannouncer_herokill02.fxe	be3271b30f3f10dbf1df9cf2d7bc4aa4	911
mods/heroes.stormmod/enus.stormassets/localizeddata/sounds/vo/rehgarannouncer_herokill02.ogg	c20df5a8d9c0078d6efa0935abe4ecd2	21806
mods/heroes.stormmod/enus.stormassets/localizeddata/sounds/vo/rehgarannouncer_herokill03.fxe	c94ada8fce01354756d3c84ebbf2abcf	1279
mods/heroes.stormmod/enus.stormassets/localizeddata/sounds/vo/rehgarannouncer_herokill03.ogg	40a46024141d730ce268f1976029b169	22963
mods/heroes.stormmod/enus.stormassets/localizeddata/sounds/vo/rehgarannouncer_herokill04.fxe	aece1253e8777c89d95c78d7bcb7a344	1167
mods/heroes.stormmod/enus.stormassets/localizeddata/sounds/vo/rehgarannouncer_herokill04.ogg	0dd26b5b60297797a5af28382f79c805	24452
mods/heroes.stormmod/enus.stormassets/localizeddata/sounds/vo/rehgarannouncer_herokill05.fxe	b08f965ccaf167e33e827cfa700a2881	1519
mods/heroes.stormmod/enus.stormassets/localizeddata/sounds/vo/rehgarannouncer_herokill05.ogg	1705dd5a02062418e2cb752b19799cb2	29740
mods/heroes.stormmod/enus.stormassets/localizeddata/sounds/vo/rehgarannouncer_heroselect00.fxe	e8534bb9ff0448e8fa2a9b9b777b2715	3729
mods/heroes.stormmod/enus.stormassets/localizeddata/sounds/vo/rehgarannouncer_heroselect00.ogg	9c95573ebc86e6944244d8ce9e3b88ca	75905
mods/heroes.stormmod/enus.stormassets/localizeddata/sounds/vo/rehgarannouncer_heroselect_observer00.fxe	ee7c24970daddfe39da31d5feb586ec1	3066
mods/heroes.stormmod/enus.stormassets/localizeddata/sounds/vo/rehgarannouncer_heroselect_observer00.ogg	6bca174d4b4015f92208ad2296c9e51c	58616
mods/heroes.stormmod/enus.stormassets/localizeddata/sounds/vo/rehgarannouncer_heroselectplayer00.fxe	fc03ae7b18262dd4aee1b65b64d8f6f9	4103
mods/heroes.stormmod/enus.stormassets/localizeddata/sounds/vo/rehgarannouncer_heroselectplayer00.ogg	414f77dbfb2e25e9b2604502988d1cb9	91655
mods/heroes.stormmod/enus.stormassets/localizeddata/sounds/vo/rehgarannouncer_heroselectplayer01.fxe	cec72c75236071250e0ebaf64884c148	3383
mods/heroes.stormmod/enus.stormassets/localizeddata/sounds/vo/rehgarannouncer_heroselectplayer01.ogg	cb108bcf1805c36cd37241ec188dd852	71364
mods/heroes.stormmod/enus.stormassets/localizeddata/sounds/vo/rehgarannouncer_heroselectplayer02.fxe	98776038a5b31bd3c9a8ef438e1598d5	3463
mods/heroes.stormmod/enus.stormassets/localizeddata/sounds/vo/rehgarannouncer_heroselectplayer02.ogg	0b2a4ed0890d048ba0d7ddc63c8c8b7f	56314
mods/heroes.stormmod/enus.stormassets/localizeddata/sounds/vo/rehgarannouncer_heroslain00.fxe	94c6adbf233660cff27999d3734ba794	1632
mods/heroes.stormmod/enus.stormassets/localizeddata/sounds/vo/rehgarannouncer_heroslain00.ogg	2eb57822378eae19cecf3ec128778d90	33670
mods/heroes.stormmod/enus.stormassets/localizeddata/sounds/vo/rehgarannouncer_heroslain01.fxe	1e321aff36e3fb72eb1d531b8f577e5b	3008
mods/heroes.stormmod/enus.stormassets/localizeddata/sounds/vo/rehgarannouncer_heroslain01.ogg	195370bac89d4fe40381b33f53fc4983	53762
mods/heroes.stormmod/enus.stormassets/localizeddata/sounds/vo/rehgarannouncer_heroslain02.fxe	6591097cddd6b6aab5009eb89fd132ef	2944
mods/heroes.stormmod/enus.stormassets/localizeddata/sounds/vo/rehgarannouncer_heroslain02.ogg	72620804bcd971588cff8d9f726367d6	59479
mods/heroes.stormmod/enus.stormassets/localizeddata/sounds/vo/rehgarannouncer_heroslain03.fxe	1afa2227243f9b9ca44c8579504ad924	1424
mods/heroes.stormmod/enus.stormassets/localizeddata/sounds/vo/rehgarannouncer_heroslain03.ogg	5050bb4a2e54b28e49faa7ab2b975ce7	27326
mods/heroes.stormmod/enus.stormassets/localizeddata/sounds/vo/rehgarannouncer_keepdestroy00.fxe	a72aa81a2e752b2a278e5b51756bf9ef	1570
mods/heroes.stormmod/enus.stormassets/localizeddata/sounds/vo/rehgarannouncer_keepdestroy00.ogg	316ab2da46c51b2baaf007d38ddd0183	26976
mods/heroes.stormmod/enus.stormassets/localizeddata/sounds/vo/rehgarannouncer_keepdestroy_blue00.fxe	b09a04381002d3137b251a562cabbd7e	2215
mods/heroes.stormmod/enus.stormassets/localizeddata/sounds/vo/rehgarannouncer_keepdestroy_blue00.ogg	839b265d93c9b8aa2b5b6aac022da4d9	37728
mods/heroes.stormmod/enus.stormassets/localizeddata/sounds/vo/rehgarannouncer_keepdestroy_red00.fxe	5ce5d2976ad62d30ab76d845404218fa	2214
mods/heroes.stormmod/enus.stormassets/localizeddata/sounds/vo/rehgarannouncer_keepdestroy_red00.ogg	b86fc898daf72691954ca559c3bed1cd	36331
mods/heroes.stormmod/enus.stormassets/localizeddata/sounds/vo/rehgarannouncer_keeplost00.fxe	9b75a6286aff85b372e2fad9fe616654	1375
mods/heroes.stormmod/enus.stormassets/localizeddata/sounds/vo/rehgarannouncer_keeplost00.ogg	d50471113222fd1b74c619f6dbad47e0	28311
mods/heroes.stormmod/enus.stormassets/localizeddata/sounds/vo/rehgarannouncer_kill_observer00.fxe	aa48f6d68d3bc833ae2247e24e898d48	1220
mods/heroes.stormmod/enus.stormassets/localizeddata/sounds/vo/rehgarannouncer_kill_observer00.ogg	5ff9a449d2f8a2c5a44a82098d75ddef	27130
mods/heroes.stormmod/enus.stormassets/localizeddata/sounds/vo/rehgarannouncer_levelannounce01.fxe	9b261173877915776dbd597d4ba0ce76	1092
mods/heroes.stormmod/enus.stormassets/localizeddata/sounds/vo/rehgarannouncer_levelannounce01.ogg	b2f62b829ca915f5399197b633befa06	17254
mods/heroes.stormmod/enus.stormassets/localizeddata/sounds/vo/rehgarannouncer_mana00.fxe	a95ca2c0fefc088295853a035d8125a6	1595
mods/heroes.stormmod/enus.stormassets/localizeddata/sounds/vo/rehgarannouncer_mana00.ogg	0bd2d3b3b91d5cf51e2581fcdcebb4f8	30494
mods/heroes.stormmod/enus.stormassets/localizeddata/sounds/vo/rehgarannouncer_megakill00.fxe	aa92c9cffe7f6b58b9900ef6399ae817	2495
mods/heroes.stormmod/enus.stormassets/localizeddata/sounds/vo/rehgarannouncer_megakill00.ogg	e9964741449beff0db00f60733f06c1c	63431
mods/heroes.stormmod/enus.stormassets/localizeddata/sounds/vo/rehgarannouncer_merccapture_blue00.fxe	6a7869cb83e5aad040fc926a5cf1c2c7	2679
mods/heroes.stormmod/enus.stormassets/localizeddata/sounds/vo/rehgarannouncer_merccapture_blue00.ogg	78ec94cfecf1fd6ea5a26bf9d9c98978	45041
mods/heroes.stormmod/enus.stormassets/localizeddata/sounds/vo/rehgarannouncer_merccapture_red00.fxe	17d35597ee3d2786ef5fa6d51320d976	2518
mods/heroes.stormmod/enus.stormassets/localizeddata/sounds/vo/rehgarannouncer_merccapture_red00.ogg	e17a2397c8da9702797fc63d5d1c5d75	43645
mods/heroes.stormmod/enus.stormassets/localizeddata/sounds/vo/rehgarannouncer_outpostdestroy00.fxe	f201f6114e7e20fb20b7a654934b4232	1669
mods/heroes.stormmod/enus.stormassets/localizeddata/sounds/vo/rehgarannouncer_outpostdestroy00.ogg	071b97ef60e8b38ba7905ea8dc711530	29196
mods/heroes.stormmod/enus.stormassets/localizeddata/sounds/vo/rehgarannouncer_outpostdestroy01.fxe	0b6a4d3c34089d478dc4deddc71747a1	1253
mods/heroes.stormmod/enus.stormassets/localizeddata/sounds/vo/rehgarannouncer_outpostdestroy01.ogg	ce08c5e6f3ee295f4415182e6952d943	29712
mods/heroes.stormmod/enus.stormassets/localizeddata/sounds/vo/rehgarannouncer_outpostdestroy02.fxe	d1efb13242ff0ab8650e3b20e1700275	2101
mods/heroes.stormmod/enus.stormassets/localizeddata/sounds/vo/rehgarannouncer_outpostdestroy02.ogg	11ca2349cecaa10f4632fece3e2e0464	48420
mods/heroes.stormmod/enus.stormassets/localizeddata/sounds/vo/rehgarannouncer_outpostdestroy03.fxe	f142051ac2e715d694d676e22e735061	1397
mods/heroes.stormmod/enus.stormassets/localizeddata/sounds/vo/rehgarannouncer_outpostdestroy03.ogg	4de0cee17edab939370642eabd407572	26313
mods/heroes.stormmod/enus.stormassets/localizeddata/sounds/vo/rehgarannouncer_outpostdestroy_blue00.fxe	1d84e916aba81bcb3d9cfb7aadd32207	2426
mods/heroes.stormmod/enus.stormassets/localizeddata/sounds/vo/rehgarannouncer_outpostdestroy_blue00.ogg	d134a354c38eeff9c1ec40a123c2f3a4	38619
mods/heroes.stormmod/enus.stormassets/localizeddata/sounds/vo/rehgarannouncer_outpostdestroy_red00.fxe	2e892d73170a3f66b3d630fed86f62ea	2457
mods/heroes.stormmod/enus.stormassets/localizeddata/sounds/vo/rehgarannouncer_outpostdestroy_red00.ogg	33ee428bb0d01bb4537bf5983b5daccd	39037
mods/heroes.stormmod/enus.stormassets/localizeddata/sounds/vo/rehgarannouncer_outpostlost00.fxe	f98109b714f254f0ba65f744fd2fc45c	2482
mods/heroes.stormmod/enus.stormassets/localizeddata/sounds/vo/rehgarannouncer_outpostlost00.ogg	5160b85403da93f5cc3566d75b421db5	37845
mods/heroes.stormmod/enus.stormassets/localizeddata/sounds/vo/rehgarannouncer_outpostlost01.fxe	8936cd5aafca34bfda85fd4b1639a2db	2258
mods/heroes.stormmod/enus.stormassets/localizeddata/sounds/vo/rehgarannouncer_outpostlost01.ogg	33ad0b8887071dcf21587e09279cb321	34357
mods/heroes.stormmod/enus.stormassets/localizeddata/sounds/vo/rehgarannouncer_outpostlost02.fxe	bd3f719b4b89fbbbd8f06c8e6a7e1896	2194
mods/heroes.stormmod/enus.stormassets/localizeddata/sounds/vo/rehgarannouncer_outpostlost02.ogg	c253cb223a7eb084b4cf4ea7fe080e50	34060
mods/heroes.stormmod/enus.stormassets/localizeddata/sounds/vo/rehgarannouncer_outpostlost03.fxe	8049e5c2d2cf45d7e5fa58079f7f496a	2354
mods/heroes.stormmod/enus.stormassets/localizeddata/sounds/vo/rehgarannouncer_outpostlost03.ogg	9d6c2e551741d061cd965d6b71d7b9ce	34642
mods/heroes.stormmod/enus.stormassets/localizeddata/sounds/vo/rehgarannouncer_playerabandon00.fxe	250dc09da57e172607db1007edbf42b1	3092
mods/heroes.stormmod/enus.stormassets/localizeddata/sounds/vo/rehgarannouncer_playerabandon00.ogg	91e8a789019c54183dd9dd39c146ba37	83791
mods/heroes.stormmod/enus.stormassets/localizeddata/sounds/vo/rehgarannouncer_playerrejoin00.fxe	69bf01c25af0fc485465183707f088c4	2339
mods/heroes.stormmod/enus.stormassets/localizeddata/sounds/vo/rehgarannouncer_playerrejoin00.ogg	7712f6ec124cb14a31bf77edb86d6ddb	51430
mods/heroes.stormmod/enus.stormassets/localizeddata/sounds/vo/rehgarannouncer_revive00.fxe	557e18444b1bf7a58164588ea9a0cae2	1437
mods/heroes.stormmod/enus.stormassets/localizeddata/sounds/vo/rehgarannouncer_revive00.ogg	23815519aadde2a1c738d9a7d9678070	30121
mods/heroes.stormmod/enus.stormassets/localizeddata/sounds/vo/rehgarannouncer_revive_observer00.fxe	7232733ef102e1647abdc4840ce41f4c	1414
mods/heroes.stormmod/enus.stormassets/localizeddata/sounds/vo/rehgarannouncer_revive_observer00.ogg	a241bbdd4d52932c3534475604228552	30590
mods/heroes.stormmod/enus.stormassets/localizeddata/sounds/vo/rehgarannouncer_spreeend00.fxe	b075c5e24828baa675574a7bcfb634e7	1663
mods/heroes.stormmod/enus.stormassets/localizeddata/sounds/vo/rehgarannouncer_spreeend00.ogg	90da631c76c16a279fa4e770083e6c9a	29367
mods/heroes.stormmod/enus.stormassets/localizeddata/sounds/vo/rehgarannouncer_spreeend_ally00.fxe	4fa739a1175957d6fa8f0eea6a40612d	2340
mods/heroes.stormmod/enus.stormassets/localizeddata/sounds/vo/rehgarannouncer_spreeend_ally00.ogg	aa9e80450051fa414b8d781b86d3a332	43261
mods/heroes.stormmod/enus.stormassets/localizeddata/sounds/vo/rehgarannouncer_spreefirstupgrade00.fxe	5dc8fc4def7801c0f0090c2dd9ff7662	840
mods/heroes.stormmod/enus.stormassets/localizeddata/sounds/vo/rehgarannouncer_spreefirstupgrade00.ogg	8a113f427f36c621ecb8e5a831b6735c	21998
mods/heroes.stormmod/enus.stormassets/localizeddata/sounds/vo/rehgarannouncer_spreemax00.fxe	88e20d369b7ca0b98331725453ceafff	1567
mods/heroes.stormmod/enus.stormassets/localizeddata/sounds/vo/rehgarannouncer_spreemax00.ogg	b41cf9ff6f85d554192794d03c465408	35549
mods/heroes.stormmod/enus.stormassets/localizeddata/sounds/vo/rehgarannouncer_spreesecondupgrade00.fxe	ce414095a99c4d2773fce32dc70a16fa	1273
mods/heroes.stormmod/enus.stormassets/localizeddata/sounds/vo/rehgarannouncer_spreesecondupgrade00.ogg	2b6e533589a5c52170dcd9cc9530653d	25354
mods/heroes.stormmod/enus.stormassets/localizeddata/sounds/vo/rehgarannouncer_spreestart00.fxe	0f34f41a1aefcf87bd274c6f5f15fcbd	1361
mods/heroes.stormmod/enus.stormassets/localizeddata/sounds/vo/rehgarannouncer_spreestart00.ogg	6eb6cd6263093a062f51d788e336ff0f	24969
mods/heroes.stormmod/enus.stormassets/localizeddata/sounds/vo/rehgarannouncer_spreethirdupgrade00.fxe	9069f901bc64308f2eb466d147c3203b	1528
mods/heroes.stormmod/enus.stormassets/localizeddata/sounds/vo/rehgarannouncer_spreethirdupgrade00.ogg	4ef457dfd9c54cb2a8c66eaf1912482c	25503
mods/heroes.stormmod/enus.stormassets/localizeddata/sounds/vo/rehgarannouncer_talentunlock00.fxe	55e3a25aa12c82e3056c61ee08da2a9e	1523
mods/heroes.stormmod/enus.stormassets/localizeddata/sounds/vo/rehgarannouncer_talentunlock00.ogg	826db9db59326f49467b203295530b19	25937
mods/heroes.stormmod/enus.stormassets/localizeddata/sounds/vo/rehgarannouncer_talentunlock01.fxe	919729e194026f2e592898382496e5eb	1523
mods/heroes.stormmod/enus.stormassets/localizeddata/sounds/vo/rehgarannouncer_talentunlock01.ogg	0835ad9e35af343fc72c1d46e7de2c42	26217
mods/heroes.stormmod/enus.stormassets/localizeddata/sounds/vo/rehgarannouncer_talentunlock02.fxe	0c8b253f0862f34801ebf6ac9dc5d153	1587
mods/heroes.stormmod/enus.stormassets/localizeddata/sounds/vo/rehgarannouncer_talentunlock02.ogg	f5c711ed92981c6bafca52317a8c45e3	24907
mods/heroes.stormmod/enus.stormassets/localizeddata/sounds/vo/rehgarannouncer_teamkill00.fxe	602dc6a8f49f856b6de2ae1355d7a3c9	1535
mods/heroes.stormmod/enus.stormassets/localizeddata/sounds/vo/rehgarannouncer_teamkill00.ogg	688d963d9f576499df765dd5cec7ac34	33111
mods/heroes.stormmod/enus.stormassets/localizeddata/sounds/vo/rehgarannouncer_teamkill_blue00.fxe	0d6c3b1f77880cba0b98e3c3199d42e4	2244
mods/heroes.stormmod/enus.stormassets/localizeddata/sounds/vo/rehgarannouncer_teamkill_blue00.ogg	51ee3ecfdf59af222ed5df20ceecf404	38249
mods/heroes.stormmod/enus.stormassets/localizeddata/sounds/vo/rehgarannouncer_teamkill_red00.fxe	4c41a2451a9936dde1f3d2467979804a	2355
mods/heroes.stormmod/enus.stormassets/localizeddata/sounds/vo/rehgarannouncer_teamkill_red00.ogg	8d55d62bdfdec63059fbff84ae8054b2	39266
mods/heroes.stormmod/enus.stormassets/localizeddata/sounds/vo/rehgarannouncer_triplekill00.fxe	c89d5eccfdb3cba0281ac55907739c16	1025
mods/heroes.stormmod/enus.stormassets/localizeddata/sounds/vo/rehgarannouncer_triplekill00.ogg	9c965a908911a7502b44283d545b42f7	18145
mods/heroes.stormmod/enus.stormassets/localizeddata/sounds/vo/rehgarannouncer_triplekill01.fxe	ce9ddb2d1aa0a48a6fac04b2409fa378	1025
mods/heroes.stormmod/enus.stormassets/localizeddata/sounds/vo/rehgarannouncer_triplekill01.ogg	80ac24d6b3ca6950156bd0254b700845	19756
mods/heroes.stormmod/enus.stormassets/localizeddata/sounds/vo/rehgarannouncer_triplekill02.fxe	3006933f198a40674a3052e0dfb51496	1009
mods/heroes.stormmod/enus.stormassets/localizeddata/sounds/vo/rehgarannouncer_triplekill02.ogg	e67d63deb0f244ae4b0e5f46a5896d20	18499
mods/heroes.stormmod/enus.stormassets/localizeddata/sounds/vo/rehgarbase_ai_attack00.fxe	5a57f1ee23f99209976b29dc5a733415	2459
mods/heroes.stormmod/enus.stormassets/localizeddata/sounds/vo/rehgarbase_ai_attack00.ogg	23bafed8165be96e064fcc235b0de8c6	42542
mods/heroes.stormmod/enus.stormassets/localizeddata/sounds/vo/rehgarbase_ai_attack01.fxe	6fcb2970af1a3a4aa78f6545f248e953	3403
mods/heroes.stormmod/enus.stormassets/localizeddata/sounds/vo/rehgarbase_ai_attack01.ogg	30639f4724e03ddeea4636b51501f423	52417
mods/heroes.stormmod/enus.stormassets/localizeddata/sounds/vo/rehgarbase_ai_attack02.fxe	b6aaf84b9372719ec656c8203ee723d9	1723
mods/heroes.stormmod/enus.stormassets/localizeddata/sounds/vo/rehgarbase_ai_attack02.ogg	dc8af39fbd5e3086bea9eb85782bc652	33472
mods/heroes.stormmod/enus.stormassets/localizeddata/sounds/vo/rehgarbase_ai_caution00.fxe	3b171ed5a17076503b62387c3b8685b3	2204
mods/heroes.stormmod/enus.stormassets/localizeddata/sounds/vo/rehgarbase_ai_caution00.ogg	cee345f16e5e1ec0488054d935e52d83	44715
mods/heroes.stormmod/enus.stormassets/localizeddata/sounds/vo/rehgarbase_ai_goodjob00.fxe	2b36ed591bbdddcdeb920ced80b6a3b3	1740
mods/heroes.stormmod/enus.stormassets/localizeddata/sounds/vo/rehgarbase_ai_goodjob00.ogg	05e8962a5b7eb24436fcee3446b3ed4b	25277
mods/heroes.stormmod/enus.stormassets/localizeddata/sounds/vo/rehgarbase_ai_goodjob01.fxe	c5963547f52ac1658fe6be975efc3208	828
mods/heroes.stormmod/enus.stormassets/localizeddata/sounds/vo/rehgarbase_ai_goodjob01.ogg	facb394edb4056ec995c5ba5ea5e71af	23143
mods/heroes.stormmod/enus.stormassets/localizeddata/sounds/vo/rehgarbase_ai_goodjob02.fxe	c2ee6d2a921be1ca6385f6e9778b7174	1228
mods/heroes.stormmod/enus.stormassets/localizeddata/sounds/vo/rehgarbase_ai_goodjob02.ogg	5bf475023befc47c4e0d301827633296	26012
mods/heroes.stormmod/enus.stormassets/localizeddata/sounds/vo/rehgarbase_ai_heal00.fxe	0f8c696c6b858b3cb140da989b1bde6d	2153
mods/heroes.stormmod/enus.stormassets/localizeddata/sounds/vo/rehgarbase_ai_heal00.ogg	66cf81c143edf368911e1c1f8b0e162f	43385
mods/heroes.stormmod/enus.stormassets/localizeddata/sounds/vo/rehgarbase_ai_heal01.fxe	910187057cba27217bca214164bda4d6	3049
mods/heroes.stormmod/enus.stormassets/localizeddata/sounds/vo/rehgarbase_ai_heal01.ogg	5af236076eb9b2ac5be227ca03f4793c	39512
mods/heroes.stormmod/enus.stormassets/localizeddata/sounds/vo/rehgarbase_ai_onmyway00.fxe	f42b6056a3338e48beba4783fd3395bb	2428
mods/heroes.stormmod/enus.stormassets/localizeddata/sounds/vo/rehgarbase_ai_onmyway00.ogg	00e36828639856756d99e192c98edc9b	38316
mods/heroes.stormmod/enus.stormassets/localizeddata/sounds/vo/rehgarbase_ai_onmyway01.fxe	05d70940e10067213983f9a0680a223a	2604
mods/heroes.stormmod/enus.stormassets/localizeddata/sounds/vo/rehgarbase_ai_onmyway01.ogg	d4ae4aeb61978bf07c31ee363021e1b6	38327
mods/heroes.stormmod/enus.stormassets/localizeddata/sounds/vo/rehgarbase_ai_retreat00.fxe	242e8ea34a12ddef58b97d2a8811f483	1196
mods/heroes.stormmod/enus.stormassets/localizeddata/sounds/vo/rehgarbase_ai_retreat00.ogg	0112034ff8a67c7079bb6ef7e830465f	24141
mods/heroes.stormmod/enus.stormassets/localizeddata/sounds/vo/rehgarbase_ai_retreat01.fxe	33491a7edd6ca1c9fa9c81baf915d0c0	2092
mods/heroes.stormmod/enus.stormassets/localizeddata/sounds/vo/rehgarbase_ai_retreat01.ogg	3bac9318e5a1a0017e044c3048b0b370	30379
mods/heroes.stormmod/enus.stormassets/localizeddata/sounds/vo/rehgarbase_ai_uhoh00.fxe	1d8f8e113b02347fd4589a08df43d918	649
mods/heroes.stormmod/enus.stormassets/localizeddata/sounds/vo/rehgarbase_ai_uhoh00.ogg	cb2ccc57d35270ad9004939bbd18e46c	16016
mods/heroes.stormmod/enus.stormassets/localizeddata/sounds/vo/rehgarbase_ai_uhoh01.fxe	6bfd0b4173becc3a562b1276250d934d	1657
mods/heroes.stormmod/enus.stormassets/localizeddata/sounds/vo/rehgarbase_ai_uhoh01.ogg	b6867408fad0e7bc99f470a06edf714e	29513
mods/heroes.stormmod/enus.stormassets/localizeddata/sounds/vo/rehgarbase_ai_uhoh02.fxe	642fd508dc98a98ce5856faa7c775eee	1657
mods/heroes.stormmod/enus.stormassets/localizeddata/sounds/vo/rehgarbase_ai_uhoh02.ogg	2b1f36f280508aa80b92fd17728626d4	31323
mods/heroes.stormmod/enus.stormassets/localizeddata/sounds/vo/rehgarbase_attack00.fxe	0936fb103edb4a2fab5ecee04c13ef62	2264
mods/heroes.stormmod/enus.stormassets/localizeddata/sounds/vo/rehgarbase_attack00.ogg	9fad0dee4e64c9b3d7d817657dadee5d	34414
mods/heroes.stormmod/enus.stormassets/localizeddata/sounds/vo/rehgarbase_attack01.fxe	f8626d5eeb3b6c8ad9c6c949a1611cb0	1368
mods/heroes.stormmod/enus.stormassets/localizeddata/sounds/vo/rehgarbase_attack01.ogg	47785d8ddab3404891ff189a18b8c97a	29833
mods/heroes.stormmod/enus.stormassets/localizeddata/sounds/vo/rehgarbase_attack02.fxe	ddc6b6aa127b89c391875010546140e5	2136
mods/heroes.stormmod/enus.stormassets/localizeddata/sounds/vo/rehgarbase_attack02.ogg	f05e308497c25bf333e853def6781b6f	37518
mods/heroes.stormmod/enus.stormassets/localizeddata/sounds/vo/rehgarbase_attack03.fxe	448fe3904a215cab9355f278fa18c2f4	1528
mods/heroes.stormmod/enus.stormassets/localizeddata/sounds/vo/rehgarbase_attack03.ogg	623c7e9d82a1beedb1b966e6f4a35736	30825
mods/heroes.stormmod/enus.stormassets/localizeddata/sounds/vo/rehgarbase_attack04.fxe	9682b2cc6248131c59eea2fc38ebb98d	1928
mods/heroes.stormmod/enus.stormassets/localizeddata/sounds/vo/rehgarbase_attack04.ogg	467a9dad0b2cbe387194be6dfa7f34c2	37374
mods/heroes.stormmod/enus.stormassets/localizeddata/sounds/vo/rehgarbase_attack05.fxe	1dc469cbbe79882020060a9cc325e104	1832
mods/heroes.stormmod/enus.stormassets/localizeddata/sounds/vo/rehgarbase_attack05.ogg	0c56d4be7863fd72ac8923c34ebf946f	31066
mods/heroes.stormmod/enus.stormassets/localizeddata/sounds/vo/rehgarbase_attack06.fxe	4cf66cd46619ba4b5bc0d04c38d4ce3c	1432
mods/heroes.stormmod/enus.stormassets/localizeddata/sounds/vo/rehgarbase_attack06.ogg	54c67de22e0a5b362f565a74bed57151	29254
mods/heroes.stormmod/enus.stormassets/localizeddata/sounds/vo/rehgarbase_celebrate00.fxe	a69c0566bf779c29f5f63877661854e7	1723
mods/heroes.stormmod/enus.stormassets/localizeddata/sounds/vo/rehgarbase_celebrate00.ogg	2cff9f4029fd034f73ccb58f06d0a9be	31578
mods/heroes.stormmod/enus.stormassets/localizeddata/sounds/vo/rehgarbase_celebrate01.fxe	eddef296be252d8528183fcba02d8ad3	2587
mods/heroes.stormmod/enus.stormassets/localizeddata/sounds/vo/rehgarbase_celebrate01.ogg	5d49e892067a62c21ff2f0b074b51382	42474
mods/heroes.stormmod/enus.stormassets/localizeddata/sounds/vo/rehgarbase_comeback00.fxe	99457f66fccf6709aaf40f622d11a141	3370
mods/heroes.stormmod/enus.stormassets/localizeddata/sounds/vo/rehgarbase_comeback00.ogg	e15f81c7d69364b1693fce36188c401b	58203
mods/heroes.stormmod/enus.stormassets/localizeddata/sounds/vo/rehgarbase_healed00.fxe	2edef498b5adc578ded40dab10f273f2	1160
mods/heroes.stormmod/enus.stormassets/localizeddata/sounds/vo/rehgarbase_healed00.ogg	24e64b82844519c6bc339ea1b535fb48	23835
mods/heroes.stormmod/enus.stormassets/localizeddata/sounds/vo/rehgarbase_healed01.fxe	a93b2991cb0304bc204fa98efa180b02	1528
mods/heroes.stormmod/enus.stormassets/localizeddata/sounds/vo/rehgarbase_healed01.ogg	352572481f6fe04224e8fa2d322112d5	24036
mods/heroes.stormmod/enus.stormassets/localizeddata/sounds/vo/rehgarbase_healed02.fxe	0b5d2af39b01e97f93932919ba9f4267	1768
mods/heroes.stormmod/enus.stormassets/localizeddata/sounds/vo/rehgarbase_healed02.ogg	0aee809648d9c621f149ee8612a5784c	30099
mods/heroes.stormmod/enus.stormassets/localizeddata/sounds/vo/rehgarbase_introagree00.fxe	1c9b4584256c2de02001d4a557b425c7	2700
mods/heroes.stormmod/enus.stormassets/localizeddata/sounds/vo/rehgarbase_introagree00.ogg	ecafc6ad8eef20ff06a45893de059a06	54331
mods/heroes.stormmod/enus.stormassets/localizeddata/sounds/vo/rehgarbase_introagree01.fxe	2c7eb2dccdf341cb37f585b6e1fe1d93	1628
mods/heroes.stormmod/enus.stormassets/localizeddata/sounds/vo/rehgarbase_introagree01.ogg	779b3482a7505052daa0160a3c9d469f	41863
mods/heroes.stormmod/enus.stormassets/localizeddata/sounds/vo/rehgarbase_introagree02.fxe	0cef3daf57a0aeb32b510a34279acb0f	3372
mods/heroes.stormmod/enus.stormassets/localizeddata/sounds/vo/rehgarbase_introagree02.ogg	f80ff98b0c1d6333f3e7be398b6d3dcc	54109
mods/heroes.stormmod/enus.stormassets/localizeddata/sounds/vo/rehgarbase_introboast00.fxe	6eccb32bd3968882d6cd6061e74c3235	2492
mods/heroes.stormmod/enus.stormassets/localizeddata/sounds/vo/rehgarbase_introboast00.ogg	43ebd69a2226f813e61b1d9df6eaa1b0	46553
mods/heroes.stormmod/enus.stormassets/localizeddata/sounds/vo/rehgarbase_introboast01.fxe	aa4d8d95ad6a8a98990bdb0967fbd6e9	2588
mods/heroes.stormmod/enus.stormassets/localizeddata/sounds/vo/rehgarbase_introboast01.ogg	cb6e75dca3e130584be946dc7fe7c231	45473
mods/heroes.stormmod/enus.stormassets/localizeddata/sounds/vo/rehgarbase_introquestion00.fxe	4066f2996da46ba5200506e2c2aad48c	2431
mods/heroes.stormmod/enus.stormassets/localizeddata/sounds/vo/rehgarbase_introquestion00.ogg	3aef964a48a1d8a1989929b8ca6b09e1	28988
mods/heroes.stormmod/enus.stormassets/localizeddata/sounds/vo/rehgarbase_introquestion01.fxe	3fb8ba183eea214d71193b398a614307	2239
mods/heroes.stormmod/enus.stormassets/localizeddata/sounds/vo/rehgarbase_introquestion01.ogg	097e85437ab8ae446a488369c521c4c3	34546
mods/heroes.stormmod/enus.stormassets/localizeddata/sounds/vo/rehgarbase_introquestion_murky00.fxe	abe3733a8e935eb0c3582b230b75b191	4293
mods/heroes.stormmod/enus.stormassets/localizeddata/sounds/vo/rehgarbase_introquestion_murky00.ogg	2ea34e05167ca17b00477362460122e0	76769
mods/heroes.stormmod/enus.stormassets/localizeddata/sounds/vo/rehgarbase_introquestion_negative00.fxe	d7345efa7882b5168746b1af868b19a0	1576
mods/heroes.stormmod/enus.stormassets/localizeddata/sounds/vo/rehgarbase_introquestion_negative00.ogg	79374961afec441bd1a893df7e084f77	39708
mods/heroes.stormmod/enus.stormassets/localizeddata/sounds/vo/rehgarbase_introquestion_positive00.fxe	c2c9bd28b56b336714615f103054bbc4	1592
mods/heroes.stormmod/enus.stormassets/localizeddata/sounds/vo/rehgarbase_introquestion_positive00.ogg	7be6d84862e77af8beec3dcff48979e1	27187
mods/heroes.stormmod/enus.stormassets/localizeddata/sounds/vo/rehgarbase_introquestion_thrall00.fxe	7fd95a4a938b9c0bce8d442b6a0b55d0	2934
mods/heroes.stormmod/enus.stormassets/localizeddata/sounds/vo/rehgarbase_introquestion_thrall00.ogg	87a069fe381662501c4e3f2e2cc98ef8	48950
mods/heroes.stormmod/enus.stormassets/localizeddata/sounds/vo/rehgarbase_introquestion_varian00.fxe	00590e901bee05ef1bb3bb5af9a89996	4646
mods/heroes.stormmod/enus.stormassets/localizeddata/sounds/vo/rehgarbase_introquestion_varian00.ogg	77f97353b1060397cb93ec31972b4e67	84869
mods/heroes.stormmod/enus.stormassets/localizeddata/sounds/vo/rehgarbase_introrespond00.fxe	2a444e6ffc73cf40fd05729a9c423438	2782
mods/heroes.stormmod/enus.stormassets/localizeddata/sounds/vo/rehgarbase_introrespond00.ogg	e91417e2b2d2e63b7144eeefcd46399b	40246
mods/heroes.stormmod/enus.stormassets/localizeddata/sounds/vo/rehgarbase_introrespond01.fxe	7c7a50994461b6d4a2c60e1b61346e3b	1918
mods/heroes.stormmod/enus.stormassets/localizeddata/sounds/vo/rehgarbase_introrespond01.ogg	b85fa633c20028841ec28a5ef3d2780d	30498
mods/heroes.stormmod/enus.stormassets/localizeddata/sounds/vo/rehgarbase_introrespond02.fxe	7875f6f2014ae5f32f490fc49bc608a5	2862
mods/heroes.stormmod/enus.stormassets/localizeddata/sounds/vo/rehgarbase_introrespond02.ogg	a73fb909ee81a2b0f983fa1f8bc4517a	44683
mods/heroes.stormmod/enus.stormassets/localizeddata/sounds/vo/rehgarbase_introresponse_murky00.fxe	070bfd9240232ca38cf8de8243aabb3c	2789
mods/heroes.stormmod/enus.stormassets/localizeddata/sounds/vo/rehgarbase_introresponse_murky00.ogg	b6e6dab28801e0201b84ffe23c178322	43560
mods/heroes.stormmod/enus.stormassets/localizeddata/sounds/vo/rehgarbase_introresponse_negative00.fxe	270a3de99ab788df27b9e1c2c27fb5d1	2872
mods/heroes.stormmod/enus.stormassets/localizeddata/sounds/vo/rehgarbase_introresponse_negative00.ogg	436e7b7b5f7d370335220836975655a4	60617
mods/heroes.stormmod/enus.stormassets/localizeddata/sounds/vo/rehgarbase_introresponse_positive00.fxe	f96bdda946ae708f1c3bc7a97d4dc7a3	2920
mods/heroes.stormmod/enus.stormassets/localizeddata/sounds/vo/rehgarbase_introresponse_positive00.ogg	00e60f2a5e456d094650584c84a1b78d	55128
mods/heroes.stormmod/enus.stormassets/localizeddata/sounds/vo/rehgarbase_introresponse_thrall00.fxe	9645dc76809ef72e17425eb7ae9139a7	2070
mods/heroes.stormmod/enus.stormassets/localizeddata/sounds/vo/rehgarbase_introresponse_thrall00.ogg	59c185d9fae4377168fda428b174bfcc	40680
mods/heroes.stormmod/enus.stormassets/localizeddata/sounds/vo/rehgarbase_introresponse_varian00.fxe	5a5add2b70e47056be1917a319a92d01	3910
mods/heroes.stormmod/enus.stormassets/localizeddata/sounds/vo/rehgarbase_introresponse_varian00.ogg	60f305bcb74e9387ffcd7d3a902cee8f	71863
mods/heroes.stormmod/enus.stormassets/localizeddata/sounds/vo/rehgarbase_kill00.fxe	d27a9967b3db6fd2b3df7ab85bcaa7c0	1414
mods/heroes.stormmod/enus.stormassets/localizeddata/sounds/vo/rehgarbase_kill00.ogg	f8b625ae78925e09bb1ee7308a939e2c	34946
mods/heroes.stormmod/enus.stormassets/localizeddata/sounds/vo/rehgarbase_kill01.fxe	68c62cf1e9b740ffd4434c663ec949cc	2150
mods/heroes.stormmod/enus.stormassets/localizeddata/sounds/vo/rehgarbase_kill01.ogg	91081469e4352910416663eb6cfc3120	45153
mods/heroes.stormmod/enus.stormassets/localizeddata/sounds/vo/rehgarbase_kill02.fxe	7ec73312c030a542167a6d985e2673e6	2502
mods/heroes.stormmod/enus.stormassets/localizeddata/sounds/vo/rehgarbase_kill02.ogg	673b70484ad556e912a32f7ec2dcd29a	42001
mods/heroes.stormmod/enus.stormassets/localizeddata/sounds/vo/rehgarbase_kill03.fxe	c3cbd712b852cca0a20dff255ecb9931	2022
mods/heroes.stormmod/enus.stormassets/localizeddata/sounds/vo/rehgarbase_kill03.ogg	f9e861829892e5d58bca28c14cd0ef55	31789
mods/heroes.stormmod/enus.stormassets/localizeddata/sounds/vo/rehgarbase_kill04.fxe	3c6beb2318dfd7b4492ca00ed22b054d	2310
mods/heroes.stormmod/enus.stormassets/localizeddata/sounds/vo/rehgarbase_kill04.ogg	396cb0249c83e9c91b42998c863ebec0	32093
mods/heroes.stormmod/enus.stormassets/localizeddata/sounds/vo/rehgarbase_killbarbarian00.fxe	56d04744a1f138cc608b48e927f264f0	1935
mods/heroes.stormmod/enus.stormassets/localizeddata/sounds/vo/rehgarbase_killbarbarian00.ogg	3ca2927577b5c15cbe7b2d7441012e87	34780
mods/heroes.stormmod/enus.stormassets/localizeddata/sounds/vo/rehgarbase_killhuman00.fxe	b2041c039c0a20f8b4684aa0fe9f77f7	2011
mods/heroes.stormmod/enus.stormassets/localizeddata/sounds/vo/rehgarbase_killhuman00.ogg	ebd1bebde32984ca0ecfb7d99ac66378	32913
mods/heroes.stormmod/enus.stormassets/localizeddata/sounds/vo/rehgarbase_killmalfurion00.fxe	d27cd74f1a91ceabac8c5e7c5ffb0826	2143
mods/heroes.stormmod/enus.stormassets/localizeddata/sounds/vo/rehgarbase_killmalfurion00.ogg	b3f0d131b9e24d8a435a8513fed12356	48226
mods/heroes.stormmod/enus.stormassets/localizeddata/sounds/vo/rehgarbase_killmarine00.fxe	2d61291240d457af91e0ecdafb53855a	1548
mods/heroes.stormmod/enus.stormassets/localizeddata/sounds/vo/rehgarbase_killmarine00.ogg	73a36e451f743ff4e36518faa3625409	32518
mods/heroes.stormmod/enus.stormassets/localizeddata/sounds/vo/rehgarbase_killspreeend00.fxe	cb18acba48fedd65fd32b915b0acd98d	2478
mods/heroes.stormmod/enus.stormassets/localizeddata/sounds/vo/rehgarbase_killspreeend00.ogg	3df7545f80c0ca1a407a2af69375ec99	37514
mods/heroes.stormmod/enus.stormassets/localizeddata/sounds/vo/rehgarbase_killthrall00.fxe	544620569de4dc2573c54e455aa314cf	1980
mods/heroes.stormmod/enus.stormassets/localizeddata/sounds/vo/rehgarbase_killthrall00.ogg	cf84d6784ce87e3a669a9097399604a3	36759
mods/heroes.stormmod/enus.stormassets/localizeddata/sounds/vo/rehgarbase_killvarian00.fxe	ddad4420550b677e7d4877a93833e919	1852
mods/heroes.stormmod/enus.stormassets/localizeddata/sounds/vo/rehgarbase_killvarian00.ogg	d02d6f45666134cfd086ea2ec905721a	32836
mods/heroes.stormmod/enus.stormassets/localizeddata/sounds/vo/rehgarbase_killzerg00.fxe	304347f1fae78ef9c4c587de50e314cb	2442
mods/heroes.stormmod/enus.stormassets/localizeddata/sounds/vo/rehgarbase_killzerg00.ogg	7e0aa14a9e618143e06dee36751119c3	53430
mods/heroes.stormmod/enus.stormassets/localizeddata/sounds/vo/rehgarbase_laugh00_02.fxe	92fa16280af266a28890d585a0df5725	1754
mods/heroes.stormmod/enus.stormassets/localizeddata/sounds/vo/rehgarbase_laugh00_02.ogg	a1b52b5f2b182d20feed0d38c49a0584	27827
mods/heroes.stormmod/enus.stormassets/localizeddata/sounds/vo/rehgarbase_lowlifeheal00.fxe	37ef2dfbc92533cafc063a699baa1006	2269
mods/heroes.stormmod/enus.stormassets/localizeddata/sounds/vo/rehgarbase_lowlifeheal00.ogg	78f62da0cb58b100957551342c7bac2c	43846
mods/heroes.stormmod/enus.stormassets/localizeddata/sounds/vo/rehgarbase_lowlifeheal01.fxe	939ca6211f39254def9c5df40c50ff6c	2285
mods/heroes.stormmod/enus.stormassets/localizeddata/sounds/vo/rehgarbase_lowlifeheal01.ogg	affd04f600886889b3d430d7dc8257dc	33707
mods/heroes.stormmod/enus.stormassets/localizeddata/sounds/vo/rehgarbase_lowlifeheal02.fxe	21151dd3e87b4f5fb1048f2043f4eeee	1517
mods/heroes.stormmod/enus.stormassets/localizeddata/sounds/vo/rehgarbase_lowlifeheal02.ogg	a56c765234b7c65e9502101c3790abe2	30663
mods/heroes.stormmod/enus.stormassets/localizeddata/sounds/vo/rehgarbase_lowmana00.fxe	6418d37674c0ed45d3ef1b9444245a17	1449
mods/heroes.stormmod/enus.stormassets/localizeddata/sounds/vo/rehgarbase_lowmana00.ogg	5e70726b20a2a1efeafd8568873139fb	26671
mods/heroes.stormmod/enus.stormassets/localizeddata/sounds/vo/rehgarbase_lowmana01.fxe	c630236cbf27d8f076aef87498120c57	1753
mods/heroes.stormmod/enus.stormassets/localizeddata/sounds/vo/rehgarbase_lowmana01.ogg	8350ea37dc1db6b729cc8240cf843355	32575
mods/heroes.stormmod/enus.stormassets/localizeddata/sounds/vo/rehgarbase_lowmana02.fxe	57848970e02e40572a81e49c34bbaa7a	1961
mods/heroes.stormmod/enus.stormassets/localizeddata/sounds/vo/rehgarbase_lowmana02.ogg	f21ce71c710c4754ca7c852e2eb5dc0a	33331
mods/heroes.stormmod/enus.stormassets/localizeddata/sounds/vo/rehgarbase_matchend00.ogg	18098af888764d5a53499cdf377938bf	28435
mods/heroes.stormmod/enus.stormassets/localizeddata/sounds/vo/rehgarbase_no00.fxe	88ed3124d430a457f001f8322d5df5fc	804
mods/heroes.stormmod/enus.stormassets/localizeddata/sounds/vo/rehgarbase_no00.ogg	7a093867fc5c4f00e36f820bcdff17ea	15668
mods/heroes.stormmod/enus.stormassets/localizeddata/sounds/vo/rehgarbase_no01.fxe	7d7f07e9cc2f79f55dd5ca902d80f420	1892
mods/heroes.stormmod/enus.stormassets/localizeddata/sounds/vo/rehgarbase_no01.ogg	218a91459c98692c071a89a04dd9b148	29471
mods/heroes.stormmod/enus.stormassets/localizeddata/sounds/vo/rehgarbase_no02.fxe	39e86ba9738297408abde320e17514a0	1556
mods/heroes.stormmod/enus.stormassets/localizeddata/sounds/vo/rehgarbase_no02.ogg	5224a120b711b180e441282c9fa7ee6f	29297
mods/heroes.stormmod/enus.stormassets/localizeddata/sounds/vo/rehgarbase_ping_assisthero00.fxe	180d665dcd65a86f268af34ba9bc8150	1809
mods/heroes.stormmod/enus.stormassets/localizeddata/sounds/vo/rehgarbase_ping_assisthero00.ogg	59fdd6c381401330bbbed5a9bde7771d	28114
mods/heroes.stormmod/enus.stormassets/localizeddata/sounds/vo/rehgarbase_ping_assistme00.fxe	4d7ea26a9e781efb2204905ccc545b34	2191
mods/heroes.stormmod/enus.stormassets/localizeddata/sounds/vo/rehgarbase_ping_assistme00.ogg	b9b2c98497d332b5a581977fd3b8bc4d	33252
mods/heroes.stormmod/enus.stormassets/localizeddata/sounds/vo/rehgarbase_ping_assistme01.fxe	00d4e6d429a4967b7f7020f803ed3fbc	1679
mods/heroes.stormmod/enus.stormassets/localizeddata/sounds/vo/rehgarbase_ping_assistme01.ogg	680be1463d46684665683951cb042647	29135
mods/heroes.stormmod/enus.stormassets/localizeddata/sounds/vo/rehgarbase_ping_attackcastle00.fxe	fdab21c5446d5ce6676c571546ccd214	2067
mods/heroes.stormmod/enus.stormassets/localizeddata/sounds/vo/rehgarbase_ping_attackcastle00.ogg	42093b83e684bb4596d2ac51e1fbe02c	32359
mods/heroes.stormmod/enus.stormassets/localizeddata/sounds/vo/rehgarbase_ping_attackmerc00.fxe	14f7104055da49e673b432ab43b5a8d0	2993
mods/heroes.stormmod/enus.stormassets/localizeddata/sounds/vo/rehgarbase_ping_attackmerc00.ogg	25b52d8ae424b11cd96e1d6d1ea27c6c	47404
mods/heroes.stormmod/enus.stormassets/localizeddata/sounds/vo/rehgarbase_ping_attackoutpost00.fxe	50f6c1acb87fb08af3be10412c6789e5	2484
mods/heroes.stormmod/enus.stormassets/localizeddata/sounds/vo/rehgarbase_ping_attackoutpost00.ogg	3276ae4d5a027383092a79e8dcbedd18	37228
mods/heroes.stormmod/enus.stormassets/localizeddata/sounds/vo/rehgarbase_ping_attacktower00.fxe	232cab5ccd98349465a8d948de81f9ba	1922
mods/heroes.stormmod/enus.stormassets/localizeddata/sounds/vo/rehgarbase_ping_attacktower00.ogg	0cf4c5a1563b5e57a147600d797f34ca	27529
mods/heroes.stormmod/enus.stormassets/localizeddata/sounds/vo/rehgarbase_ping_danger00.fxe	7d067793d81d30ab3bcc8f1bb8b05470	1373
mods/heroes.stormmod/enus.stormassets/localizeddata/sounds/vo/rehgarbase_ping_danger00.ogg	c9405d9daa3e3277532ffcdea9cb0b68	21898
mods/heroes.stormmod/enus.stormassets/localizeddata/sounds/vo/rehgarbase_ping_danger01.fxe	24cae069de882f3cc3aa5d554f0ddbe2	1133
mods/heroes.stormmod/enus.stormassets/localizeddata/sounds/vo/rehgarbase_ping_danger01.ogg	ea1496427a87c975d67dc8099411fece	17369
mods/heroes.stormmod/enus.stormassets/localizeddata/sounds/vo/rehgarbase_ping_defend00.fxe	d72272268ec0b3adb49c69927ee7ae89	2317
mods/heroes.stormmod/enus.stormassets/localizeddata/sounds/vo/rehgarbase_ping_defend00.ogg	7b311b92a6117f2adb676d1a9539d8a8	33134
mods/heroes.stormmod/enus.stormassets/localizeddata/sounds/vo/rehgarbase_ping_defendcastle00.fxe	d484d6b5e74a9d4c99845d8957af7058	2659
mods/heroes.stormmod/enus.stormassets/localizeddata/sounds/vo/rehgarbase_ping_defendcastle00.ogg	4c71271bf1637e519d73d234c971e1f7	42366
mods/heroes.stormmod/enus.stormassets/localizeddata/sounds/vo/rehgarbase_ping_defendoutpost00.fxe	cfcd9e6112e4b636f95f6df2049f1ca6	1988
mods/heroes.stormmod/enus.stormassets/localizeddata/sounds/vo/rehgarbase_ping_defendoutpost00.ogg	a25c6d35cfdd788f467395253b44d18b	31837
mods/heroes.stormmod/enus.stormassets/localizeddata/sounds/vo/rehgarbase_ping_defendthing00.fxe	429483553c5ac0add7a0ce0b12954ce2	1970
mods/heroes.stormmod/enus.stormassets/localizeddata/sounds/vo/rehgarbase_ping_defendthing00.ogg	b72c451c7cb1178637a81b23e25deae4	28422
mods/heroes.stormmod/enus.stormassets/localizeddata/sounds/vo/rehgarbase_ping_defendthing01.fxe	f3107b9b1ccf2547664d31aed32a562c	1394
mods/heroes.stormmod/enus.stormassets/localizeddata/sounds/vo/rehgarbase_ping_defendthing01.ogg	53a99b557575ebd1fd4d775b6c463fc8	21871
mods/heroes.stormmod/enus.stormassets/localizeddata/sounds/vo/rehgarbase_ping_defendtower00.fxe	bec814d5347b0be1754c1251f2cb8e64	2386
mods/heroes.stormmod/enus.stormassets/localizeddata/sounds/vo/rehgarbase_ping_defendtower00.ogg	554bc339abf1dca0eb6ddb3cb5cd8196	35823
mods/heroes.stormmod/enus.stormassets/localizeddata/sounds/vo/rehgarbase_ping_enemymissing00.fxe	6223f6e6ef7981df49113bc55f39843d	2115
mods/heroes.stormmod/enus.stormassets/localizeddata/sounds/vo/rehgarbase_ping_enemymissing00.ogg	9868441d06ecf4b14e478c66244a557d	45023
mods/heroes.stormmod/enus.stormassets/localizeddata/sounds/vo/rehgarbase_ping_enemymissing01.fxe	af9b4ce6485a082f0b4c09304d53178f	2435
mods/heroes.stormmod/enus.stormassets/localizeddata/sounds/vo/rehgarbase_ping_enemymissing01.ogg	a13da8bddc0f4059cdbfd2afbd1def1e	44408
mods/heroes.stormmod/enus.stormassets/localizeddata/sounds/vo/rehgarbase_ping_killhero00.fxe	bc9b29d79da01803e1e1d7457ca7da71	2431
mods/heroes.stormmod/enus.stormassets/localizeddata/sounds/vo/rehgarbase_ping_killhero00.ogg	b0c2d544678e2ac77e80037b050ad51d	33231
mods/heroes.stormmod/enus.stormassets/localizeddata/sounds/vo/rehgarbase_ping_onmyway00.fxe	1712f90809168b00c4816c026fbb4804	1470
mods/heroes.stormmod/enus.stormassets/localizeddata/sounds/vo/rehgarbase_ping_onmyway00.ogg	ae5ca632c6d97b0f6aa850f17acd959e	25916
mods/heroes.stormmod/enus.stormassets/localizeddata/sounds/vo/rehgarbase_ping_onmyway01.fxe	e0f0368ab70e1ca8cb10a252c4886a0e	2126
mods/heroes.stormmod/enus.stormassets/localizeddata/sounds/vo/rehgarbase_ping_onmyway01.ogg	1304a58a7ef3fdf78c25c4ed828f33bd	27887
mods/heroes.stormmod/enus.stormassets/localizeddata/sounds/vo/rehgarbase_ping_retreat00.fxe	92914976b96a009600719d9faa3a9b81	2494
mods/heroes.stormmod/enus.stormassets/localizeddata/sounds/vo/rehgarbase_ping_retreat00.ogg	a4b748eb31501759843e2b4c0020b978	33625
mods/heroes.stormmod/enus.stormassets/localizeddata/sounds/vo/rehgarbase_ping_retreat01.fxe	bc73be37fbd236bdc9a99f8dde46381a	1310
mods/heroes.stormmod/enus.stormassets/localizeddata/sounds/vo/rehgarbase_ping_retreat01.ogg	cbb58275131cde423c7520ae75782581	24721
mods/heroes.stormmod/enus.stormassets/localizeddata/sounds/vo/rehgarbase_pissed00.fxe	2811b5bd74a84c3fa3af632e007c78fd	883
mods/heroes.stormmod/enus.stormassets/localizeddata/sounds/vo/rehgarbase_pissed00.ogg	5671fbadff897c1e7f35cfc25e71af78	15918
mods/heroes.stormmod/enus.stormassets/localizeddata/sounds/vo/rehgarbase_pissed01.fxe	44ad87d26ab65f5065709bc4dd8b6a1d	1555
mods/heroes.stormmod/enus.stormassets/localizeddata/sounds/vo/rehgarbase_pissed01.ogg	97217774db585d693810f481f2248a51	29037
mods/heroes.stormmod/enus.stormassets/localizeddata/sounds/vo/rehgarbase_pissed02.fxe	adb040dfa684b2d1342ac2c946c13d95	4371
mods/heroes.stormmod/enus.stormassets/localizeddata/sounds/vo/rehgarbase_pissed02.ogg	4d192072db5aaf9982bb29c437f7f482	120833
mods/heroes.stormmod/enus.stormassets/localizeddata/sounds/vo/rehgarbase_pissed03.fxe	fd7da48185098f788a62b2afb86690cb	1475
mods/heroes.stormmod/enus.stormassets/localizeddata/sounds/vo/rehgarbase_pissed03.ogg	71185f082b71fc7c3f6a28fbff07c07d	26262
mods/heroes.stormmod/enus.stormassets/localizeddata/sounds/vo/rehgarbase_pissed04.fxe	7fd1579504939b0f7c71c4018d7f808e	2899
mods/heroes.stormmod/enus.stormassets/localizeddata/sounds/vo/rehgarbase_pissed04.ogg	68d406cf29b4040f1ee9ff32aa4d1cd5	65596
mods/heroes.stormmod/enus.stormassets/localizeddata/sounds/vo/rehgarbase_pissed05.fxe	fc2a6bf5d09ad5d061a2dbfd2898f60d	2707
mods/heroes.stormmod/enus.stormassets/localizeddata/sounds/vo/rehgarbase_pissed05.ogg	5b31739f479facc6d4dea9741370fcfb	61257
mods/heroes.stormmod/enus.stormassets/localizeddata/sounds/vo/rehgarbase_pissed06.fxe	399cc0460b99397127da8e105d2fe985	2179
mods/heroes.stormmod/enus.stormassets/localizeddata/sounds/vo/rehgarbase_pissed06.ogg	5732e95adfafcb0921f888c20d6ffd46	61238
mods/heroes.stormmod/enus.stormassets/localizeddata/sounds/vo/rehgarbase_pissed07.fxe	81a94a6829caeba02a69d55d6dc21513	4691
mods/heroes.stormmod/enus.stormassets/localizeddata/sounds/vo/rehgarbase_pissed07.ogg	da7797bc8c7945d33d797f2e556a5b45	107844
mods/heroes.stormmod/enus.stormassets/localizeddata/sounds/vo/rehgarbase_pissed08.fxe	8c79bfbced9afcfd1247d4688eab2923	3203
mods/heroes.stormmod/enus.stormassets/localizeddata/sounds/vo/rehgarbase_pissed08.ogg	745ff1814b1898fddc14dec4748ea56e	73735
mods/heroes.stormmod/enus.stormassets/localizeddata/sounds/vo/rehgarbase_pissed09.fxe	a64d2573cde1f333bbe7207c4e78c66d	3779
mods/heroes.stormmod/enus.stormassets/localizeddata/sounds/vo/rehgarbase_pissed09.ogg	2d92d6890654c6eaadfb7b0b6f2261f7	72625
mods/heroes.stormmod/enus.stormassets/localizeddata/sounds/vo/rehgarbase_pissed10.fxe	952f25afb09e8c6f736014a388a6faa0	4083
mods/heroes.stormmod/enus.stormassets/localizeddata/sounds/vo/rehgarbase_pissed10.ogg	c30ba08afce40e118f1dc400ef74d1b3	105999
mods/heroes.stormmod/enus.stormassets/localizeddata/sounds/vo/rehgarbase_pissed11.fxe	41d4ee1f58e8313ea79f9c3c414d346b	2147
mods/heroes.stormmod/enus.stormassets/localizeddata/sounds/vo/rehgarbase_pissed11.ogg	b8b6b8c7b0ee747285aeab6d78175223	66956
mods/heroes.stormmod/enus.stormassets/localizeddata/sounds/vo/rehgarbase_pissed12.fxe	3b3306d1ddc0cfaca9299f7d2ba8049f	6168
mods/heroes.stormmod/enus.stormassets/localizeddata/sounds/vo/rehgarbase_pissed12.ogg	90491ff5feeef9095af847c180d50986	105234
mods/heroes.stormmod/enus.stormassets/localizeddata/sounds/vo/rehgarbase_pissed13.fxe	1e515dfdf7b4ca913cab6621a30e55e5	3352
mods/heroes.stormmod/enus.stormassets/localizeddata/sounds/vo/rehgarbase_pissed13.ogg	cab8733fc912b7d9fd46ec0c9f6fef0a	72574
mods/heroes.stormmod/enus.stormassets/localizeddata/sounds/vo/rehgarbase_pissed14.fxe	e860bb9ee95f33cda323d5313f2d6f76	3395
mods/heroes.stormmod/enus.stormassets/localizeddata/sounds/vo/rehgarbase_pissed14.ogg	bc1f6ea282bf457a60df644b8a4308a9	77707
mods/heroes.stormmod/enus.stormassets/localizeddata/sounds/vo/rehgarbase_pissed15.fxe	29c4eafdd6f51a545ef898814a4b0550	4984
mods/heroes.stormmod/enus.stormassets/localizeddata/sounds/vo/rehgarbase_pissed15.ogg	5dce8b503026f2813c2c9463cecca730	68337
mods/heroes.stormmod/enus.stormassets/localizeddata/sounds/vo/rehgarbase_pissed16.fxe	9c315ba50581f1009a22d13ace554bf8	4600
mods/heroes.stormmod/enus.stormassets/localizeddata/sounds/vo/rehgarbase_pissed16.ogg	d0ebb4e7d2d93e7078289d24be587aa6	81844
mods/heroes.stormmod/enus.stormassets/localizeddata/sounds/vo/rehgarbase_pissed17.fxe	014164cd7b1e0e1e2b523fa1a4b9d7c2	3475
mods/heroes.stormmod/enus.stormassets/localizeddata/sounds/vo/rehgarbase_pissed17.ogg	0b504d876359bed985d9fa0d3bffd001	121513
mods/heroes.stormmod/enus.stormassets/localizeddata/sounds/vo/rehgarbase_resurrected00.fxe	3e36bf78ac5f65e0a352b4c1df68f01d	1581
mods/heroes.stormmod/enus.stormassets/localizeddata/sounds/vo/rehgarbase_resurrected00.ogg	fb6aac6d57df3c7ae125aa7daae4d755	22898
mods/heroes.stormmod/enus.stormassets/localizeddata/sounds/vo/rehgarbase_resurrected01.fxe	9ab81c0d8c6618f9caa5328fe8cb9769	2093
mods/heroes.stormmod/enus.stormassets/localizeddata/sounds/vo/rehgarbase_resurrected01.ogg	1f48db3aebdaddd43e4bf46ae5251f77	32676
mods/heroes.stormmod/enus.stormassets/localizeddata/sounds/vo/rehgarbase_revive00.fxe	73f6fd4a61bd336f4dd34681204b4f6b	2232
mods/heroes.stormmod/enus.stormassets/localizeddata/sounds/vo/rehgarbase_revive00.ogg	d15adc0992e2ad9425d5d2ebae098049	40313
mods/heroes.stormmod/enus.stormassets/localizeddata/sounds/vo/rehgarbase_revive01.fxe	8899000753de8be5349d2f9e505c775c	2152
mods/heroes.stormmod/enus.stormassets/localizeddata/sounds/vo/rehgarbase_revive01.ogg	29cf14439ee63cd428ea4acc23a96e67	31388
mods/heroes.stormmod/enus.stormassets/localizeddata/sounds/vo/rehgarbase_revive02.fxe	f664cee05dee41e89eec006954aa625c	2088
mods/heroes.stormmod/enus.stormassets/localizeddata/sounds/vo/rehgarbase_revive02.ogg	15510721ee3b3496aae4fcd281ed8562	43935
mods/heroes.stormmod/enus.stormassets/localizeddata/sounds/vo/rehgarbase_social_wellplayed01.fxe	b16bca7fe6b40629470709c060b04f3c	1699
mods/heroes.stormmod/enus.stormassets/localizeddata/sounds/vo/rehgarbase_social_wellplayed01.ogg	68fec861bb2d000f43fee0686a340636	29200
mods/heroes.stormmod/enus.stormassets/localizeddata/sounds/vo/rehgarbase_spec00.fxe	4a5c5aa7eb11d87ab3d23fe2528a840b	1446
mods/heroes.stormmod/enus.stormassets/localizeddata/sounds/vo/rehgarbase_spec00.ogg	0d2b1474eb0379ab63083094c75dbbc4	29185
mods/heroes.stormmod/enus.stormassets/localizeddata/sounds/vo/rehgarbase_spec01.fxe	d236374d7cfd477aa5fb057aadba83af	1958
mods/heroes.stormmod/enus.stormassets/localizeddata/sounds/vo/rehgarbase_spec01.ogg	7d859fa4fadfb1bb5352b1e3f5811c5e	30706
mods/heroes.stormmod/enus.stormassets/localizeddata/sounds/vo/rehgarbase_spec02.fxe	156029a9644bd21a7fe4d78ea9d2b285	1798
mods/heroes.stormmod/enus.stormassets/localizeddata/sounds/vo/rehgarbase_spec02.ogg	f79005184f4a3731f825980fd6d4ff89	36257
mods/heroes.stormmod/enus.stormassets/localizeddata/sounds/vo/rehgarbase_spec03.fxe	d61ef2e4011b629d4cff0b6a039713a0	1910
mods/heroes.stormmod/enus.stormassets/localizeddata/sounds/vo/rehgarbase_spec03.ogg	45ac81ef3dfb1d20464903f354d4f243	31194
mods/heroes.stormmod/enus.stormassets/localizeddata/sounds/vo/rehgarbase_spec04.fxe	ddfed68cebdae64579e4e3c775b65c50	1606
mods/heroes.stormmod/enus.stormassets/localizeddata/sounds/vo/rehgarbase_spec04.ogg	7e34b6e07d0363accaa39a9c810d73c1	32061
mods/heroes.stormmod/enus.stormassets/localizeddata/sounds/vo/rehgarbase_taunt00.fxe	24faec5f625131c5e9a7f5da21743664	2199
mods/heroes.stormmod/enus.stormassets/localizeddata/sounds/vo/rehgarbase_taunt00.ogg	cb0431a893419499842f46402f6e9d8f	38245
mods/heroes.stormmod/enus.stormassets/localizeddata/sounds/vo/rehgarbase_taunt01.fxe	687d682e0465d9fe09be3348577f45db	3191
mods/heroes.stormmod/enus.stormassets/localizeddata/sounds/vo/rehgarbase_taunt01.ogg	6c71ca73d183742453ff89ded7a163f9	60248
mods/heroes.stormmod/enus.stormassets/localizeddata/sounds/vo/rehgarbase_taunt02.fxe	6c0ae601d4f48a491038e4f0a4eea02a	3047
mods/heroes.stormmod/enus.stormassets/localizeddata/sounds/vo/rehgarbase_taunt02.ogg	8d2fa217e8aeb43bf03b25feaa2f9145	57850
mods/heroes.stormmod/enus.stormassets/localizeddata/sounds/vo/rehgarbase_teamkilled00.fxe	fb72d6b1af7bdb0b228a838b6c522b17	2204
mods/heroes.stormmod/enus.stormassets/localizeddata/sounds/vo/rehgarbase_teamkilled00.ogg	5db31cc7c020bc5f5959528c518bd23c	42704
mods/heroes.stormmod/enus.stormassets/localizeddata/sounds/vo/rehgarbase_ui_exlocked00.fxe	57ce362df1a30ae3712ff7c6c2309710	1064
mods/heroes.stormmod/enus.stormassets/localizeddata/sounds/vo/rehgarbase_ui_exlocked00.ogg	b7228fd6aa63d76f45e0256fa3307f93	20228
mods/heroes.stormmod/enus.stormassets/localizeddata/sounds/vo/rehgarbase_ui_expurchased00.fxe	80ad95e94849b0700b2ac9855e32ed14	1835
mods/heroes.stormmod/enus.stormassets/localizeddata/sounds/vo/rehgarbase_ui_expurchased00.ogg	b924e0d6e995b71bd77d0df510f29412	30769
mods/heroes.stormmod/enus.stormassets/localizeddata/sounds/vo/rehgarbase_ui_gift00.fxe	a41c97a27372ceb0cbde701436af5d40	2425
mods/heroes.stormmod/enus.stormassets/localizeddata/sounds/vo/rehgarbase_ui_gift00.ogg	60b190767e4fba513076e71db829c5c9	43784
mods/heroes.stormmod/enus.stormassets/localizeddata/sounds/vo/rehgarbase_ui_lockin00.fxe	1b7c563cbe2605ed24535d84cd358652	1878
mods/heroes.stormmod/enus.stormassets/localizeddata/sounds/vo/rehgarbase_ui_lockin00.ogg	b27abbb16511c4248d4960d4b1b71b23	35327
mods/heroes.stormmod/enus.stormassets/localizeddata/sounds/vo/rehgarbase_ui_purchase00.fxe	2e17351163e1ba60489bb053a9cea3ca	1480
mods/heroes.stormmod/enus.stormassets/localizeddata/sounds/vo/rehgarbase_ui_purchase00.ogg	d9e842815312955dd148ed8e4e25b64a	26121
mods/heroes.stormmod/enus.stormassets/localizeddata/sounds/vo/rehgarbase_ui_trial00.fxe	177d0ca2a573eb43ad00342dd21f34ef	3290
mods/heroes.stormmod/enus.stormassets/localizeddata/sounds/vo/rehgarbase_ui_trial00.ogg	5fa93e680df5db72e7622bf45d1c3e4a	58165
mods/heroes.stormmod/enus.stormassets/localizeddata/sounds/vo/rehgarbase_ui_trial01.fxe	29a3ae7f5740e900718fe41447ffdf50	3194
mods/heroes.stormmod/enus.stormassets/localizeddata/sounds/vo/rehgarbase_ui_trial01.ogg	186816815c3dd01e0e7eb167a775f61c	44855
mods/heroes.stormmod/enus.stormassets/localizeddata/sounds/vo/rehgarbase_ui_waitlocked00.fxe	e54fbb963c67c1ac6548d5768f9ab138	1914
mods/heroes.stormmod/enus.stormassets/localizeddata/sounds/vo/rehgarbase_ui_waitlocked00.ogg	4fbcdf65c3882ecd6dae4ae34b07bd9f	55880
mods/heroes.stormmod/enus.stormassets/localizeddata/sounds/vo/rehgarbase_ui_waitlocked01.fxe	95a60e23a17ed1a97060cac31690019f	1610
mods/heroes.stormmod/enus.stormassets/localizeddata/sounds/vo/rehgarbase_ui_waitlocked01.ogg	a62f9d96233bf917c20cf1c805f0f613	61248
mods/heroes.stormmod/enus.stormassets/localizeddata/sounds/vo/rehgarbase_ui_waitpurchased00.fxe	f37ecd4228fc20b8515e2a99fefb3119	2365
mods/heroes.stormmod/enus.stormassets/localizeddata/sounds/vo/rehgarbase_ui_waitpurchased00.ogg	032e783472c6dd1900579cb134e79366	52785
mods/heroes.stormmod/enus.stormassets/localizeddata/sounds/vo/rehgarbase_ui_waitpurchased01.fxe	6e947cd24a29c83671a64215affe223d	2237
mods/heroes.stormmod/enus.stormassets/localizeddata/sounds/vo/rehgarbase_ui_waitpurchased01.ogg	37f8939130d65682899b9038570e9a30	48236
mods/heroes.stormmod/enus.stormassets/localizeddata/sounds/vo/rehgarbase_ultimate1used00.fxe	1a952aa52ad1c2bd52f3a5b52b74d4c1	2271
mods/heroes.stormmod/enus.stormassets/localizeddata/sounds/vo/rehgarbase_ultimate1used00.ogg	6fc904a29e404c95b8da0c7f0939b8f6	41088
mods/heroes.stormmod/enus.stormassets/localizeddata/sounds/vo/rehgarbase_ultimate1used01.fxe	9398d355a167fd81019fccc0dc11c524	2175
mods/heroes.stormmod/enus.stormassets/localizeddata/sounds/vo/rehgarbase_ultimate1used01.ogg	8fdf587a975ba029c51f21c633b688a4	42599
mods/heroes.stormmod/enus.stormassets/localizeddata/sounds/vo/rehgarbase_ultimate2used00.fxe	4da2d6d968471e1a8b8b10264ea7bdc2	1967
mods/heroes.stormmod/enus.stormassets/localizeddata/sounds/vo/rehgarbase_ultimate2used00.ogg	a3da646a251f39077591545efeef393e	32919
mods/heroes.stormmod/enus.stormassets/localizeddata/sounds/vo/rehgarbase_ultimate2used01.fxe	d0199e9fa7b8acb85620c00899122742	1551
mods/heroes.stormmod/enus.stormassets/localizeddata/sounds/vo/rehgarbase_ultimate2used01.ogg	ed9ef973774b37531a724134f6b8cf00	31859
mods/heroes.stormmod/enus.stormassets/localizeddata/sounds/vo/rehgarbase_ultimate2used02.fxe	52c157e4f53764bb2a6f72deacfd67c5	1183
mods/heroes.stormmod/enus.stormassets/localizeddata/sounds/vo/rehgarbase_ultimate2used02.ogg	32a93ac5b348bbfef6c60aa03bba5df8	25772
mods/heroes.stormmod/enus.stormassets/localizeddata/sounds/vo/rehgarbase_ultimate2used03.fxe	6de0675879cf7b761004c3e6f3e42bf6	1935
mods/heroes.stormmod/enus.stormassets/localizeddata/sounds/vo/rehgarbase_ultimate2used03.ogg	8b9c0c8a1d10d0b95ed20cb0108e6524	30988
mods/heroes.stormmod/enus.stormassets/localizeddata/sounds/vo/rehgarbase_voicelinefive00.fxe	876b28ea0655ca86173df9a953c01d4f	1967
mods/heroes.stormmod/enus.stormassets/localizeddata/sounds/vo/rehgarbase_voicelinefive00.ogg	3966781b32a59fc285dcdd9a79f928cc	25377
mods/heroes.stormmod/enus.stormassets/localizeddata/sounds/vo/rehgarbase_voicelinefour00.fxe	c0e4c0d7ffbc1a0f346c5e7f1d812ec4	2191
mods/heroes.stormmod/enus.stormassets/localizeddata/sounds/vo/rehgarbase_voicelinefour00.ogg	847ae155f2317513949c8510bff9ec8a	29656
mods/heroes.stormmod/enus.stormassets/localizeddata/sounds/vo/rehgarbase_voicelineone00.fxe	c71d8e28d81987491dfb4b4e485d2763	1374
mods/heroes.stormmod/enus.stormassets/localizeddata/sounds/vo/rehgarbase_voicelineone00.ogg	d6ba4724379c5a88160aca936c026ab4	24472
mods/heroes.stormmod/enus.stormassets/localizeddata/sounds/vo/rehgarbase_voicelinethree00.fxe	1fd5f805f6098a7f2f099d1100807e38	3296
mods/heroes.stormmod/enus.stormassets/localizeddata/sounds/vo/rehgarbase_voicelinethree00.ogg	15d89b3a61a7d523399a332c67b03f63	43097
mods/heroes.stormmod/enus.stormassets/localizeddata/sounds/vo/rehgarbase_voicelinetwo00.fxe	b88f73c84eb8ca0a06fb691704e344f8	2366
mods/heroes.stormmod/enus.stormassets/localizeddata/sounds/vo/rehgarbase_voicelinetwo00.ogg	25f5b2bfb52309ff5f3b8a1d694b8a68	36061
mods/heroes.stormmod/enus.stormassets/localizeddata/sounds/vo/rehgarbase_vox_angrygrowl00.fxe	dedded87bab1505ddf0fc7b31a3c1e21	1184
mods/heroes.stormmod/enus.stormassets/localizeddata/sounds/vo/rehgarbase_vox_angrygrowl00.ogg	f03aef21025eac147c2de6cfad83036e	10698
mods/heroes.stormmod/enus.stormassets/localizeddata/sounds/vo/rehgarbase_vox_angrygrowl01.fxe	9195bd7d9fc938e642f599e3bbbc07a6	976
mods/heroes.stormmod/enus.stormassets/localizeddata/sounds/vo/rehgarbase_vox_angrygrowl01.ogg	1be61fa2ffb6aaf6fcfd67a79cd7fd07	11105
mods/heroes.stormmod/enus.stormassets/localizeddata/sounds/vo/rehgarbase_vox_angrygrowl02.fxe	dd5c48331168bdc09df9867aa269231e	1040
mods/heroes.stormmod/enus.stormassets/localizeddata/sounds/vo/rehgarbase_vox_angrygrowl02.ogg	90a63c2544ac98ee796f065d9673e19e	11209
mods/heroes.stormmod/enus.stormassets/localizeddata/sounds/vo/rehgarbase_vox_attack00.fxe	8d99ffc17dd3163cb6ffe5718cdc558f	652
mods/heroes.stormmod/enus.stormassets/localizeddata/sounds/vo/rehgarbase_vox_attack00.ogg	725348cd518ef5d9bf9ac680442ab7b3	8405
mods/heroes.stormmod/enus.stormassets/localizeddata/sounds/vo/rehgarbase_vox_attack01.fxe	a3bce7c531437df06d47c0965d70c9b1	652
mods/heroes.stormmod/enus.stormassets/localizeddata/sounds/vo/rehgarbase_vox_attack01.ogg	a32ab8fad8eca85f9042e1321ca026a5	7999
mods/heroes.stormmod/enus.stormassets/localizeddata/sounds/vo/rehgarbase_vox_attack02.fxe	6d89b7b769a1ca7693ba89cd3b6676e3	652
mods/heroes.stormmod/enus.stormassets/localizeddata/sounds/vo/rehgarbase_vox_attack02.ogg	8a5e450dc9cd10053cca084bb9b2d740	9298
mods/heroes.stormmod/enus.stormassets/localizeddata/sounds/vo/rehgarbase_vox_attack03.fxe	5e55e4619affd9fde00b6dc15d6e1346	652
mods/heroes.stormmod/enus.stormassets/localizeddata/sounds/vo/rehgarbase_vox_attack03.ogg	45aed3170ea667c062908b3b003df83a	8623
mods/heroes.stormmod/enus.stormassets/localizeddata/sounds/vo/rehgarbase_vox_attack04.fxe	3a0b963c973ce4ac8108194130925a47	652
mods/heroes.stormmod/enus.stormassets/localizeddata/sounds/vo/rehgarbase_vox_attack04.ogg	eddb9ed37dda158b8e66f1de1029ab03	7285
mods/heroes.stormmod/enus.stormassets/localizeddata/sounds/vo/rehgarbase_vox_casting00.fxe	7cc25b26756f07068fb670f0247af505	1389
mods/heroes.stormmod/enus.stormassets/localizeddata/sounds/vo/rehgarbase_vox_casting00.ogg	4455d6d90725b9c1e4c381e157df4a39	14904
mods/heroes.stormmod/enus.stormassets/localizeddata/sounds/vo/rehgarbase_vox_casting01.fxe	64233281ecf0ec92291e549833347cdf	1373
mods/heroes.stormmod/enus.stormassets/localizeddata/sounds/vo/rehgarbase_vox_casting01.ogg	28c75c7467b3a77e064e68bd714d887e	17030
mods/heroes.stormmod/enus.stormassets/localizeddata/sounds/vo/rehgarbase_vox_casting02.fxe	5a1229e925279f9ee3501ad39fdc104d	1661
mods/heroes.stormmod/enus.stormassets/localizeddata/sounds/vo/rehgarbase_vox_casting02.ogg	683ef0a14521d2e438a4557e71a33829	21514
mods/heroes.stormmod/enus.stormassets/localizeddata/sounds/vo/rehgarbase_vox_casting03.fxe	90885ef1099a31f339cc70970a573e05	1677
mods/heroes.stormmod/enus.stormassets/localizeddata/sounds/vo/rehgarbase_vox_casting03.ogg	03f4fb843e63fe08abe085d8846a871f	22783
mods/heroes.stormmod/enus.stormassets/localizeddata/sounds/vo/rehgarbase_vox_casting04.fxe	6ed1622e0f7c1b91598f9d0e6e19a8bf	1981
mods/heroes.stormmod/enus.stormassets/localizeddata/sounds/vo/rehgarbase_vox_casting04.ogg	c8a30e82e3a5b5141483aa3e2d95a170	23978
mods/heroes.stormmod/enus.stormassets/localizeddata/sounds/vo/rehgarbase_vox_casting05.ogg	62f93914685484862580b091517cc812	23030
mods/heroes.stormmod/enus.stormassets/localizeddata/sounds/vo/rehgarbase_vox_casting06.ogg	59f98af2d47443cbd8f553dd72cb6f2b	21754
mods/heroes.stormmod/enus.stormassets/localizeddata/sounds/vo/rehgarbase_vox_casting07.ogg	d4dc3333e842a15920080946795fb7e3	25134
mods/heroes.stormmod/enus.stormassets/localizeddata/sounds/vo/rehgarbase_vox_casting08.ogg	1346747c938b1602acb4b2295a28daee	25685
mods/heroes.stormmod/enus.stormassets/localizeddata/sounds/vo/rehgarbase_vox_cheer00.fxe	06045d66916e817b7edaf58dd31dedfa	1371
mods/heroes.stormmod/enus.stormassets/localizeddata/sounds/vo/rehgarbase_vox_cheer00.ogg	0f437be64df9dc893c6a70f8516ebc77	20487
mods/heroes.stormmod/enus.stormassets/localizeddata/sounds/vo/rehgarbase_vox_death00.fxe	e4ec3edf408aeb06ebea248e9c144178	1579
mods/heroes.stormmod/enus.stormassets/localizeddata/sounds/vo/rehgarbase_vox_death00.wav	9d8bde9ecbec60372e235d1bc006fef2	44092
mods/heroes.stormmod/enus.stormassets/localizeddata/sounds/vo/rehgarbase_vox_death01.fxe	8b8ffc83eaf3cd90e69bd180478a65c7	2043
mods/heroes.stormmod/enus.stormassets/localizeddata/sounds/vo/rehgarbase_vox_death01.wav	368df86f8b06603398da26ebfe2155ed	60476
mods/heroes.stormmod/enus.stormassets/localizeddata/sounds/vo/rehgarbase_vox_death02.fxe	61a82666381b07240c0a051bf12f4cb6	2395
mods/heroes.stormmod/enus.stormassets/localizeddata/sounds/vo/rehgarbase_vox_death02.wav	74025464c761043a2240fd5b26ec895e	69436
mods/heroes.stormmod/enus.stormassets/localizeddata/sounds/vo/rehgarbase_vox_death03.wav	3c70857421260025758277d3190d2a61	26428
mods/heroes.stormmod/enus.stormassets/localizeddata/sounds/vo/rehgarbase_vox_death04.wav	79dc126b957f0c06d6529f49b04e24b4	33852
mods/heroes.stormmod/enus.stormassets/localizeddata/sounds/vo/rehgarbase_vox_death05.wav	bdbacea0e072e0adb81d4c6bae92c177	46396
mods/heroes.stormmod/enus.stormassets/localizeddata/sounds/vo/rehgarbase_vox_death06.wav	2fbf5454378cf3f5a781fd8abc4623bc	58940
mods/heroes.stormmod/enus.stormassets/localizeddata/sounds/vo/rehgarbase_vox_death07.wav	c6406650b1bacf8b8b979ff6a8cc53a0	46396
mods/heroes.stormmod/enus.stormassets/localizeddata/sounds/vo/rehgarbase_vox_death08.wav	8b348cfc3307e9f7f0cc0dfaef4c31fb	76092
mods/heroes.stormmod/enus.stormassets/localizeddata/sounds/vo/rehgarbase_vox_death09.wav	0ca54287296de89d78d46947c565a2a4	68668
mods/heroes.stormmod/enus.stormassets/localizeddata/sounds/vo/rehgarbase_vox_gethit00.fxe	f8fba500d115affb32786300feabf3e1	652
mods/heroes.stormmod/enus.stormassets/localizeddata/sounds/vo/rehgarbase_vox_gethit00.ogg	df15dda95464820906b58c0f1f620680	8103
mods/heroes.stormmod/enus.stormassets/localizeddata/sounds/vo/rehgarbase_vox_gethit01.fxe	47d9376988dc84a811186d584bad162d	652
mods/heroes.stormmod/enus.stormassets/localizeddata/sounds/vo/rehgarbase_vox_gethit01.ogg	3b851cc259e7009c448dbb5e5e3d3886	8386
mods/heroes.stormmod/enus.stormassets/localizeddata/sounds/vo/rehgarbase_vox_gethit02.fxe	b02381059f0644d1eebc0787ef3e18d2	1292
mods/heroes.stormmod/enus.stormassets/localizeddata/sounds/vo/rehgarbase_vox_gethit02.ogg	51e27a6c8dceee18dcef6a74afa68c5d	10837
mods/heroes.stormmod/enus.stormassets/localizeddata/sounds/vo/rehgarbase_vox_gethit03.fxe	6373bf432957f96ddf35db6f84dd5bc5	1068
mods/heroes.stormmod/enus.stormassets/localizeddata/sounds/vo/rehgarbase_vox_gethit03.ogg	f616d7430f79edfbf586d63c97cc7ce8	11822
mods/heroes.stormmod/enus.stormassets/localizeddata/sounds/vo/rehgarbase_vox_gethit04.fxe	69dd6dc0c3c65e9f014981d5f24e8f05	988
mods/heroes.stormmod/enus.stormassets/localizeddata/sounds/vo/rehgarbase_vox_gethit04.ogg	b101d42135f85815c8b24f11db657315	12015
mods/heroes.stormmod/enus.stormassets/localizeddata/sounds/vo/rehgarbase_vox_gethit05.fxe	f5e17fc16302fc28b4fe5eb57cdb4196	1132
mods/heroes.stormmod/enus.stormassets/localizeddata/sounds/vo/rehgarbase_vox_gethit05.ogg	0afa4291bab7485be51e52d853d53c9b	10612
mods/heroes.stormmod/enus.stormassets/localizeddata/sounds/vo/rehgarbase_vox_gethit06.fxe	e3f14d3be37392d50e045a50e1dd152b	1164
mods/heroes.stormmod/enus.stormassets/localizeddata/sounds/vo/rehgarbase_vox_gethit06.ogg	af1f0a4692e1ff3780b3ab5363ad3f0c	12419
mods/heroes.stormmod/enus.stormassets/localizeddata/sounds/vo/rehgarbase_vox_gethit07.fxe	049bfadfd560f15fc58a9f1fb9806c8e	1052
mods/heroes.stormmod/enus.stormassets/localizeddata/sounds/vo/rehgarbase_vox_gethit07.ogg	7695bde98d183a5800511dc5ced15685	11798
mods/heroes.stormmod/enus.stormassets/localizeddata/sounds/vo/rehgarbase_vox_gethit08.fxe	91a217bf2b9614d91db849d942b49c7b	1068
mods/heroes.stormmod/enus.stormassets/localizeddata/sounds/vo/rehgarbase_vox_gethit08.ogg	6da28fa1bffd88f17e9168749ecffe7e	11371
mods/heroes.stormmod/enus.stormassets/localizeddata/sounds/vo/rehgarbase_vox_gethit09.fxe	f1d671f349f565bccba12c91817ce696	1020
mods/heroes.stormmod/enus.stormassets/localizeddata/sounds/vo/rehgarbase_vox_gethit09.ogg	583d171a916ada5663cd2ad6513efefc	10887
mods/heroes.stormmod/enus.stormassets/localizeddata/sounds/vo/rehgarbase_vox_mellowgrowl00.fxe	5139725783e407cfdef05aa34bb5779e	1473
mods/heroes.stormmod/enus.stormassets/localizeddata/sounds/vo/rehgarbase_vox_mellowgrowl00.ogg	1332a53a21d5b355d6d87e6615b77293	15937
mods/heroes.stormmod/enus.stormassets/localizeddata/sounds/vo/rehgarbase_vox_mellowgrowl01.fxe	02dc6d051dd964b32c2858cf3de5a82b	1377
mods/heroes.stormmod/enus.stormassets/localizeddata/sounds/vo/rehgarbase_vox_mellowgrowl01.ogg	4cc037d2115a327bb4cb95a71db32f32	22315
mods/heroes.stormmod/enus.stormassets/localizeddata/sounds/vo/rehgarbase_vox_mellowgrowl02.fxe	e7bf40dd6b6e54258d06dfc83a752ca4	1249
mods/heroes.stormmod/enus.stormassets/localizeddata/sounds/vo/rehgarbase_vox_mellowgrowl02.ogg	0045a943ee8d7e1aa9c8e890a251a8bc	17086
mods/heroes.stormmod/enus.stormassets/localizeddata/sounds/vo/rehgarbase_vox_pulled00.fxe	6253370078f935beab5dfb2870e57b3f	1132
mods/heroes.stormmod/enus.stormassets/localizeddata/sounds/vo/rehgarbase_vox_pulled00.ogg	b4f7cc735ba183781fd0e519a330fe60	14059
mods/heroes.stormmod/enus.stormassets/localizeddata/sounds/vo/rehgarbase_vox_pulled01.fxe	77aaf87ac752e186105026816cec2250	1164
mods/heroes.stormmod/enus.stormassets/localizeddata/sounds/vo/rehgarbase_vox_pulled01.ogg	47dee98b01d2f56e6168c6414d80e135	11340
mods/heroes.stormmod/enus.stormassets/localizeddata/sounds/vo/rehgarbase_vox_pulled02.fxe	262332549d1b7ef0878a6570bb7660e8	1292
mods/heroes.stormmod/enus.stormassets/localizeddata/sounds/vo/rehgarbase_vox_pulled02.ogg	dd70bdfff437abefb1f767a24b59734a	12020
mods/heroes.stormmod/enus.stormassets/localizeddata/sounds/vo/rehgarbase_worthit00.fxe	1cbaf1825cf74e0b6083b40e9e9d5f1b	2105
mods/heroes.stormmod/enus.stormassets/localizeddata/sounds/vo/rehgarbase_worthit00.ogg	418444a135c810a541fea2f24fe409a0	41958
mods/heroes.stormmod/enus.stormassets/localizeddata/sounds/vo/rehgarbase_worthit01.fxe	2e7e890ee35c69037eb93d924bed9a9d	2553
mods/heroes.stormmod/enus.stormassets/localizeddata/sounds/vo/rehgarbase_worthit01.ogg	451f75c48de4947aace517eca3824e9c	41651
mods/heroes.stormmod/enus.stormassets/localizeddata/sounds/vo/rehgarbase_yes00.fxe	aeef38747ba103545f066dcfadb2d8a2	1488
mods/heroes.stormmod/enus.stormassets/localizeddata/sounds/vo/rehgarbase_yes00.ogg	522f9c24db99711a59d797e779345a14	31663
mods/heroes.stormmod/enus.stormassets/localizeddata/sounds/vo/rehgarbase_yes01.fxe	e4251f6d45dd0541d70140333c497716	1072
mods/heroes.stormmod/enus.stormassets/localizeddata/sounds/vo/rehgarbase_yes01.ogg	df32e173d568579a9c86d6a5d78ec9dc	17212
mods/heroes.stormmod/enus.stormassets/localizeddata/sounds/vo/rehgarbase_yes02.fxe	0d011cb99ed413d6e60b357e5780c9dc	1696
mods/heroes.stormmod/enus.stormassets/localizeddata/sounds/vo/rehgarbase_yes02.ogg	6ce18c02fc3b91d6f5e31584e764390c	47357
mods/heroes.stormmod/enus.stormassets/localizeddata/sounds/vo/rehgarbase_yes03.fxe	e8db6b9980850445fc4f6dcb5040eea2	1104
mods/heroes.stormmod/enus.stormassets/localizeddata/sounds/vo/rehgarbase_yes03.ogg	5c7c94e2a6ec9d7d24825afadd55030a	24608
mods/heroes.stormmod/enus.stormassets/localizeddata/sounds/vo/rehgarbase_yes04.fxe	77b4127f74010b3bceee0bbb8fa7abd3	1376
mods/heroes.stormmod/enus.stormassets/localizeddata/sounds/vo/rehgarbase_yes04.ogg	412e06e8e633ba5e0c2ac33f0b6e53a9	31472
mods/heroes.stormmod/enus.stormassets/localizeddata/sounds/vo/rehgarbase_yes05.fxe	e3e3b1b004f2aec3bfb58a1ecf7cea0b	1216
mods/heroes.stormmod/enus.stormassets/localizeddata/sounds/vo/rehgarbase_yes05.ogg	5478b5c62389cba0b91df5571843af2f	19892
mods/heroes.stormmod/enus.stormassets/localizeddata/sounds/vo/rehgarbase_yes06.fxe	657241f111254fe866162fac483d52ad	1120
mods/heroes.stormmod/enus.stormassets/localizeddata/sounds/vo/rehgarbase_yes06.ogg	eb8a60486e0465994143d5ce84627ea4	22198
mods/heroes.stormmod/enus.stormassets/localizeddata/sounds/vo/rehgarbase_yes07.fxe	2fd662f201f0e7bb472322c296348381	1296
mods/heroes.stormmod/enus.stormassets/localizeddata/sounds/vo/rehgarbase_yes07.ogg	20309fdcf56da878a8c59a898f76918c	27479
mods/heroes.stormmod/enus.stormassets/localizeddata/sounds/vo/rehgarbase_yes08.fxe	28456f79f9380525a379daacfc3fb46f	1008
mods/heroes.stormmod/enus.stormassets/localizeddata/sounds/vo/rehgarbase_yes08.ogg	b0b3c558d0fff91d7ace9bfa73a67716	19706
mods/heroes.stormmod/enus.stormassets/localizeddata/sounds/vo/rehgarmecha_ai_attack00.ogg	4dea14e69f931bbe4f194ba7db012f0c	40975
mods/heroes.stormmod/enus.stormassets/localizeddata/sounds/vo/rehgarmecha_ai_attack01.ogg	2fb7851fbd309e76ddca04c0ffe82112	47701
mods/heroes.stormmod/enus.stormassets/localizeddata/sounds/vo/rehgarmecha_ai_attack02.ogg	f44377e8e36695570ac4cd54978efdb7	31695
mods/heroes.stormmod/enus.stormassets/localizeddata/sounds/vo/rehgarmecha_ai_caution00.ogg	959dc61d6cc5a8284055e5737e9c67e5	40558
mods/heroes.stormmod/enus.stormassets/localizeddata/sounds/vo/rehgarmecha_ai_goodjob00.ogg	e6663084d71f6874a05a6d64edffa33b	25509
mods/heroes.stormmod/enus.stormassets/localizeddata/sounds/vo/rehgarmecha_ai_goodjob01.ogg	c405586e7940fd5e58c751ddce2ae192	25327
mods/heroes.stormmod/enus.stormassets/localizeddata/sounds/vo/rehgarmecha_ai_goodjob02.ogg	04ea626c2081fcfbba82211e32d13407	27378
mods/heroes.stormmod/enus.stormassets/localizeddata/sounds/vo/rehgarmecha_ai_heal00.ogg	58c21cba7b790b18eb97ec2e0f73ebe3	38881
mods/heroes.stormmod/enus.stormassets/localizeddata/sounds/vo/rehgarmecha_ai_heal01.ogg	0446b5355f586de9218c2971283fc982	37784
mods/heroes.stormmod/enus.stormassets/localizeddata/sounds/vo/rehgarmecha_ai_onmyway00.ogg	921ebf818de31c1f0bfd74c1d6a5be1d	38000
mods/heroes.stormmod/enus.stormassets/localizeddata/sounds/vo/rehgarmecha_ai_onmyway01.ogg	978796e629d561fb7dec7e8f2158d9f0	34762
mods/heroes.stormmod/enus.stormassets/localizeddata/sounds/vo/rehgarmecha_ai_retreat00.ogg	d6105cebec593340afc1f5f311a31206	24573
mods/heroes.stormmod/enus.stormassets/localizeddata/sounds/vo/rehgarmecha_ai_retreat01.ogg	06fc6e038cd4b08ace868e0a0f1c04a9	30791
mods/heroes.stormmod/enus.stormassets/localizeddata/sounds/vo/rehgarmecha_ai_uhoh00.ogg	8ca6631a6a9f01416cc73c77521cad76	19134
mods/heroes.stormmod/enus.stormassets/localizeddata/sounds/vo/rehgarmecha_ai_uhoh01.ogg	6f351fed3e1cdcf0dcce68c87247a5e7	29347
mods/heroes.stormmod/enus.stormassets/localizeddata/sounds/vo/rehgarmecha_ai_uhoh02.ogg	c926027426395d998189c6c4025f363d	30372
mods/heroes.stormmod/enus.stormassets/localizeddata/sounds/vo/rehgarmecha_attack00.ogg	4460c0e1792f3ae8d95c66ee15376d55	33517
mods/heroes.stormmod/enus.stormassets/localizeddata/sounds/vo/rehgarmecha_attack01.ogg	4c4590abab01429a93162ed089719cec	29262
mods/heroes.stormmod/enus.stormassets/localizeddata/sounds/vo/rehgarmecha_attack02.ogg	6041081ee48d547cb0b46ab3985ac336	35104
mods/heroes.stormmod/enus.stormassets/localizeddata/sounds/vo/rehgarmecha_attack03.ogg	95055538323c73d624589bd53ee58295	29744
mods/heroes.stormmod/enus.stormassets/localizeddata/sounds/vo/rehgarmecha_attack04.ogg	2c0257fd8739616bd8a27f05ab60e11f	34832
mods/heroes.stormmod/enus.stormassets/localizeddata/sounds/vo/rehgarmecha_attack05.ogg	961e92653ef0097485a6ffd0756aaa9f	32187
mods/heroes.stormmod/enus.stormassets/localizeddata/sounds/vo/rehgarmecha_attack06.ogg	12d5e999b787784490e8675dd87af99a	28436
mods/heroes.stormmod/enus.stormassets/localizeddata/sounds/vo/rehgarmecha_celebrate00.ogg	0619ba051fb38df9563c71a7e2517456	30966
mods/heroes.stormmod/enus.stormassets/localizeddata/sounds/vo/rehgarmecha_celebrate01.ogg	d4c611d1b53aa3f4775a6efad4cea77b	38495
mods/heroes.stormmod/enus.stormassets/localizeddata/sounds/vo/rehgarmecha_comeback00.ogg	04d756bddc9beede6bdd343a6c3dd459	51438
mods/heroes.stormmod/enus.stormassets/localizeddata/sounds/vo/rehgarmecha_healed00.ogg	738ba26c9c63d491d16972bd162558b9	25576
mods/heroes.stormmod/enus.stormassets/localizeddata/sounds/vo/rehgarmecha_healed01.ogg	c352f544621593d49a712efee19375c0	24892
mods/heroes.stormmod/enus.stormassets/localizeddata/sounds/vo/rehgarmecha_healed02.ogg	db1fe97dac8da5975478ddbc394069df	30589
mods/heroes.stormmod/enus.stormassets/localizeddata/sounds/vo/rehgarmecha_introagree00.ogg	67b7f6d1752393a385b08a74217330cd	48329
mods/heroes.stormmod/enus.stormassets/localizeddata/sounds/vo/rehgarmecha_introagree01.ogg	990e4f9f057c1463d60dd3957de9fc76	38061
mods/heroes.stormmod/enus.stormassets/localizeddata/sounds/vo/rehgarmecha_introagree02.ogg	6ce9cf5804eb369e8fc3405925cabbdb	40955
mods/heroes.stormmod/enus.stormassets/localizeddata/sounds/vo/rehgarmecha_introboast00.ogg	76352fda8c18d4eda2c6daffb8740f32	41860
mods/heroes.stormmod/enus.stormassets/localizeddata/sounds/vo/rehgarmecha_introboast01.ogg	5f97c6f8b52f353d93388802b82cbd25	40591
mods/heroes.stormmod/enus.stormassets/localizeddata/sounds/vo/rehgarmecha_introquestion00.ogg	1b4ee82fd25338c0a57bbe6ae6d6791f	29155
mods/heroes.stormmod/enus.stormassets/localizeddata/sounds/vo/rehgarmecha_introquestion01.ogg	d0f3becbac05c54a67474bb27bc9ac00	32540
mods/heroes.stormmod/enus.stormassets/localizeddata/sounds/vo/rehgarmecha_introquestion_murky00.ogg	0cc1fd7edc9486390b1c44ee00a29957	66523
mods/heroes.stormmod/enus.stormassets/localizeddata/sounds/vo/rehgarmecha_introquestion_negative00.ogg	612b9271ad44ce9524e20807d590d814	38782
mods/heroes.stormmod/enus.stormassets/localizeddata/sounds/vo/rehgarmecha_introquestion_positive00.ogg	b8b10f7ba550bc280a047382ab35899a	26182
mods/heroes.stormmod/enus.stormassets/localizeddata/sounds/vo/rehgarmecha_introquestion_thrall00.ogg	e576648f6d4e4150a247a48983d7d84b	44791
mods/heroes.stormmod/enus.stormassets/localizeddata/sounds/vo/rehgarmecha_introquestion_varian00.ogg	8057264c35bc3ebfa6067f0d6a3e7df1	73692
mods/heroes.stormmod/enus.stormassets/localizeddata/sounds/vo/rehgarmecha_introrespond00.ogg	8c8073e7f72a622216cd37b8a98c928e	39538
mods/heroes.stormmod/enus.stormassets/localizeddata/sounds/vo/rehgarmecha_introrespond01.ogg	be93a91d539a987649cb6c78f45ee5a0	29420
mods/heroes.stormmod/enus.stormassets/localizeddata/sounds/vo/rehgarmecha_introrespond02.ogg	aa245f6de96e4b1b99629e83fc9f8044	40327
mods/heroes.stormmod/enus.stormassets/localizeddata/sounds/vo/rehgarmecha_introresponse_murky00.ogg	ec2c872339c58f8a93190ed5bcd45cfb	39849
mods/heroes.stormmod/enus.stormassets/localizeddata/sounds/vo/rehgarmecha_introresponse_negative00.ogg	2bf4942e51c02f416952de52aad1d514	53626
mods/heroes.stormmod/enus.stormassets/localizeddata/sounds/vo/rehgarmecha_introresponse_positive00.ogg	48a056c335dbcce0ffe7dfec71857845	48313
mods/heroes.stormmod/enus.stormassets/localizeddata/sounds/vo/rehgarmecha_introresponse_thrall00.ogg	490c813f26f89e300fb2e425ae1fbf58	37418
mods/heroes.stormmod/enus.stormassets/localizeddata/sounds/vo/rehgarmecha_introresponse_varian00.ogg	5a687aadbc75352eb4185b986b3392ae	61877
mods/heroes.stormmod/enus.stormassets/localizeddata/sounds/vo/rehgarmecha_kill00.ogg	d6e29ffa007665fb11924d4bf1a66422	33526
mods/heroes.stormmod/enus.stormassets/localizeddata/sounds/vo/rehgarmecha_kill01.ogg	e00164726f4019584d6856f03847c020	41987
mods/heroes.stormmod/enus.stormassets/localizeddata/sounds/vo/rehgarmecha_kill02.ogg	8b4498fda3a9230da0c8093b252a52b1	39809
mods/heroes.stormmod/enus.stormassets/localizeddata/sounds/vo/rehgarmecha_kill03.ogg	941ae5f4cddb540bdbe34236c8880dc7	30240
mods/heroes.stormmod/enus.stormassets/localizeddata/sounds/vo/rehgarmecha_kill04.ogg	9dfe7bd7c4613d998626256b1c55b0c9	30902
mods/heroes.stormmod/enus.stormassets/localizeddata/sounds/vo/rehgarmecha_killbarbarian00.ogg	b555eed5a2172c34e6517a0c37bd97fa	33480
mods/heroes.stormmod/enus.stormassets/localizeddata/sounds/vo/rehgarmecha_killhuman00.ogg	be1075a8b67d0b8c129d4627e439614b	32530
mods/heroes.stormmod/enus.stormassets/localizeddata/sounds/vo/rehgarmecha_killmalfurion00.ogg	fd8d987f99d49028de71f1e1f8be6060	42776
mods/heroes.stormmod/enus.stormassets/localizeddata/sounds/vo/rehgarmecha_killmarine00.ogg	4229baaf71ed7cbf673d00a5a5c1fb02	32517
mods/heroes.stormmod/enus.stormassets/localizeddata/sounds/vo/rehgarmecha_killspreeend00.ogg	d1ddb561ce0fcb913e0173175486d202	34889
mods/heroes.stormmod/enus.stormassets/localizeddata/sounds/vo/rehgarmecha_killthrall00.ogg	6304768dc028238306b74070096e1b42	34963
mods/heroes.stormmod/enus.stormassets/localizeddata/sounds/vo/rehgarmecha_killvarian00.ogg	cdba7076a03b19137050be64a06529ed	33692
mods/heroes.stormmod/enus.stormassets/localizeddata/sounds/vo/rehgarmecha_killzerg00.ogg	137a41b7094ca338b599d9140686a84a	51164
mods/heroes.stormmod/enus.stormassets/localizeddata/sounds/vo/rehgarmecha_laugh00.ogg	ac3c2550f1784bd563734aae49158682	31448
mods/heroes.stormmod/enus.stormassets/localizeddata/sounds/vo/rehgarmecha_lowlifeheal00.ogg	1da7e57c2dbd06320bff2f43cbcbfe23	39587
mods/heroes.stormmod/enus.stormassets/localizeddata/sounds/vo/rehgarmecha_lowlifeheal01.ogg	4144348110ebe18b1002b29d6338c53c	33763
mods/heroes.stormmod/enus.stormassets/localizeddata/sounds/vo/rehgarmecha_lowlifeheal02.ogg	84a6aeb07540fab1c149d9c7b83e3f1f	29292
mods/heroes.stormmod/enus.stormassets/localizeddata/sounds/vo/rehgarmecha_lowmana00.ogg	0e2e5146e27a714c791b4bc9a77e9b53	25606
mods/heroes.stormmod/enus.stormassets/localizeddata/sounds/vo/rehgarmecha_lowmana01.ogg	6eaf68fd89bba8a000fa7c8c4a1a5586	32743
mods/heroes.stormmod/enus.stormassets/localizeddata/sounds/vo/rehgarmecha_lowmana02.ogg	496483c72e840839631c55657188fbaf	30675
mods/heroes.stormmod/enus.stormassets/localizeddata/sounds/vo/rehgarmecha_matchend00.ogg	d6e29ffa007665fb11924d4bf1a66422	33526
mods/heroes.stormmod/enus.stormassets/localizeddata/sounds/vo/rehgarmecha_no00.ogg	2fd5283a10469657589baa78096939a1	18212
mods/heroes.stormmod/enus.stormassets/localizeddata/sounds/vo/rehgarmecha_no01.ogg	001fbb231a399a03e7796b724c5d99af	29362
mods/heroes.stormmod/enus.stormassets/localizeddata/sounds/vo/rehgarmecha_no02.ogg	dce530d1e410fc5ee5513e2b272f34f3	30071
mods/heroes.stormmod/enus.stormassets/localizeddata/sounds/vo/rehgarmecha_ping_assisthero00.ogg	bc28e0574f25b0c7b446d95bf2f7d758	27758
mods/heroes.stormmod/enus.stormassets/localizeddata/sounds/vo/rehgarmecha_ping_assistme00.ogg	112e5fedeee4736b43b63e8d8ec746ae	31911
mods/heroes.stormmod/enus.stormassets/localizeddata/sounds/vo/rehgarmecha_ping_assistme01.ogg	499cd3226cd028e77c2d5eb7a5b93ffb	28804
mods/heroes.stormmod/enus.stormassets/localizeddata/sounds/vo/rehgarmecha_ping_attackcastle00.ogg	27ae708797829277b5bdf9439b334ab7	30512
mods/heroes.stormmod/enus.stormassets/localizeddata/sounds/vo/rehgarmecha_ping_attackmerc00.ogg	89a8f67ee2aac5c9503f42866f2a95d5	42688
mods/heroes.stormmod/enus.stormassets/localizeddata/sounds/vo/rehgarmecha_ping_attackoutpost00.ogg	b4c659e19a04db936279b24fdc19145e	35380
mods/heroes.stormmod/enus.stormassets/localizeddata/sounds/vo/rehgarmecha_ping_attacktower00.ogg	37865dbc41c5ab720e83983b9a67f8d8	27736
mods/heroes.stormmod/enus.stormassets/localizeddata/sounds/vo/rehgarmecha_ping_danger00.ogg	c4e4a7a3e11221ff281f5781be3313dc	22412
mods/heroes.stormmod/enus.stormassets/localizeddata/sounds/vo/rehgarmecha_ping_danger01.ogg	c8b3e7597ffd3703920c2c9d38f5420f	20771
mods/heroes.stormmod/enus.stormassets/localizeddata/sounds/vo/rehgarmecha_ping_defend00.ogg	490b8f2bb1f1b52e0f4c22c71ca7f34f	31635
mods/heroes.stormmod/enus.stormassets/localizeddata/sounds/vo/rehgarmecha_ping_defendcastle00.ogg	02a584bb9d609242f312474470ba750d	40361
mods/heroes.stormmod/enus.stormassets/localizeddata/sounds/vo/rehgarmecha_ping_defendoutpost00.ogg	5d5aca4d856fab4b2cbc272408126464	31035
mods/heroes.stormmod/enus.stormassets/localizeddata/sounds/vo/rehgarmecha_ping_defendthing00.ogg	54bb08d914397f626268db0d05b1b60a	28305
mods/heroes.stormmod/enus.stormassets/localizeddata/sounds/vo/rehgarmecha_ping_defendthing01.ogg	4c8fe9341a2997bc8ed8950691c1bd18	23545
mods/heroes.stormmod/enus.stormassets/localizeddata/sounds/vo/rehgarmecha_ping_defendtower00.ogg	1d76c27e4e11570bd11c62da94449174	33669
mods/heroes.stormmod/enus.stormassets/localizeddata/sounds/vo/rehgarmecha_ping_enemymissing00.ogg	4ee6bbda3b985279982e538bffa71c61	41023
mods/heroes.stormmod/enus.stormassets/localizeddata/sounds/vo/rehgarmecha_ping_enemymissing01.ogg	5f6dda52c11c826bf8c01376a5e62ae5	40448
mods/heroes.stormmod/enus.stormassets/localizeddata/sounds/vo/rehgarmecha_ping_killhero00.ogg	ce621c76d692e4b5077a1a564f8f3f9f	32036
mods/heroes.stormmod/enus.stormassets/localizeddata/sounds/vo/rehgarmecha_ping_onmyway00.ogg	c1859f3bc35b4a133bfdc689253e0561	25561
mods/heroes.stormmod/enus.stormassets/localizeddata/sounds/vo/rehgarmecha_ping_onmyway01.ogg	dfac81a108251dba379b4936b03ceeea	27582
mods/heroes.stormmod/enus.stormassets/localizeddata/sounds/vo/rehgarmecha_ping_retreat00.ogg	2e44448c78e73b7ef8cf071154fc25e3	32996
mods/heroes.stormmod/enus.stormassets/localizeddata/sounds/vo/rehgarmecha_ping_retreat01.ogg	67d0fb039b34af12283010663d920566	25003
mods/heroes.stormmod/enus.stormassets/localizeddata/sounds/vo/rehgarmecha_pissed00.ogg	97657a11d2e13b3e6c4fece87cb986b0	18449
mods/heroes.stormmod/enus.stormassets/localizeddata/sounds/vo/rehgarmecha_pissed01.ogg	5012442bf8de017fe38171d7c457ece4	29596
mods/heroes.stormmod/enus.stormassets/localizeddata/sounds/vo/rehgarmecha_pissed02.ogg	d59f3d1fb4ef427e55da26220ea015ac	99055
mods/heroes.stormmod/enus.stormassets/localizeddata/sounds/vo/rehgarmecha_pissed03.ogg	6df95e24f915352ceef2d2d349388300	26224
mods/heroes.stormmod/enus.stormassets/localizeddata/sounds/vo/rehgarmecha_pissed04.ogg	122532c791de7e281e75f47334ec73eb	56809
mods/heroes.stormmod/enus.stormassets/localizeddata/sounds/vo/rehgarmecha_pissed05.ogg	b57dd53b312b6a2db465bcf196389be4	52471
mods/heroes.stormmod/enus.stormassets/localizeddata/sounds/vo/rehgarmecha_pissed06.ogg	b6fa8e0ded531b6c92f1bbd581a32ed9	54750
mods/heroes.stormmod/enus.stormassets/localizeddata/sounds/vo/rehgarmecha_pissed07.ogg	9ffee820b7f84eb2bfc7f773de4c5b69	92072
mods/heroes.stormmod/enus.stormassets/localizeddata/sounds/vo/rehgarmecha_pissed08.ogg	a47b5a0302412f1d709999d731d984c4	65310
mods/heroes.stormmod/enus.stormassets/localizeddata/sounds/vo/rehgarmecha_pissed09.ogg	0238c6d564a2511ca4637f5c188500ea	66550
mods/heroes.stormmod/enus.stormassets/localizeddata/sounds/vo/rehgarmecha_pissed10.ogg	1b7451c5a3387d825687642d6acfce6c	88068
mods/heroes.stormmod/enus.stormassets/localizeddata/sounds/vo/rehgarmecha_pissed11.ogg	2f7d600dbd7b53d7a40d0a70d36af7e5	57314
mods/heroes.stormmod/enus.stormassets/localizeddata/sounds/vo/rehgarmecha_pissed12.ogg	cd284405f0666bcc1213f32eca615fc2	87031
mods/heroes.stormmod/enus.stormassets/localizeddata/sounds/vo/rehgarmecha_pissed13.ogg	fa5895f56fb20423f4338808ab97ea30	58835
mods/heroes.stormmod/enus.stormassets/localizeddata/sounds/vo/rehgarmecha_pissed14.ogg	aa3d5dc478483370d7b5ce28f1036e8a	66220
mods/heroes.stormmod/enus.stormassets/localizeddata/sounds/vo/rehgarmecha_pissed15.ogg	8635c9d5cf5136a1269d4c4ba96c7ba7	58595
mods/heroes.stormmod/enus.stormassets/localizeddata/sounds/vo/rehgarmecha_pissed16.ogg	36151f996082d4dac24e234a199df1cf	70026
mods/heroes.stormmod/enus.stormassets/localizeddata/sounds/vo/rehgarmecha_pissed17.ogg	cd0fc81a9309fc203b35beb4e8588a9a	95014
mods/heroes.stormmod/enus.stormassets/localizeddata/sounds/vo/rehgarmecha_resurrected00.ogg	33e39396df88156a0e9f17e1cbe55a98	23675
mods/heroes.stormmod/enus.stormassets/localizeddata/sounds/vo/rehgarmecha_resurrected01.ogg	b7583d3191feec07813d9bdb57219812	32076
mods/heroes.stormmod/enus.stormassets/localizeddata/sounds/vo/rehgarmecha_revive00.ogg	7d092022e5107249c1db906f7d4ce468	36782
mods/heroes.stormmod/enus.stormassets/localizeddata/sounds/vo/rehgarmecha_revive01.ogg	1480ac972e38b9f67a9fe431f8cb037d	30043
mods/heroes.stormmod/enus.stormassets/localizeddata/sounds/vo/rehgarmecha_revive02.ogg	3144e9ea739aa545815cbc107acd5c9c	40075
mods/heroes.stormmod/enus.stormassets/localizeddata/sounds/vo/rehgarmecha_social_wellplayed01.ogg	ffe61aba13787599bd2df9a55bea2576	28572
mods/heroes.stormmod/enus.stormassets/localizeddata/sounds/vo/rehgarmecha_spec00.ogg	e2955163c73e3f6e789c7cbc7d5621e7	29670
mods/heroes.stormmod/enus.stormassets/localizeddata/sounds/vo/rehgarmecha_spec01.ogg	67a10e13e4b2747595bf577b02288988	29451
mods/heroes.stormmod/enus.stormassets/localizeddata/sounds/vo/rehgarmecha_spec02.ogg	b6702f346d344f1d2e663dbd4f14390f	34686
mods/heroes.stormmod/enus.stormassets/localizeddata/sounds/vo/rehgarmecha_spec03.ogg	deb2dd9eeee29c4067106467ec6be463	30922
mods/heroes.stormmod/enus.stormassets/localizeddata/sounds/vo/rehgarmecha_spec04.ogg	563107787c40b9791af89338967b2c8b	31523
mods/heroes.stormmod/enus.stormassets/localizeddata/sounds/vo/rehgarmecha_taunt00.ogg	4104ac8bcea10092535f1d78db4697b7	37977
mods/heroes.stormmod/enus.stormassets/localizeddata/sounds/vo/rehgarmecha_taunt01.ogg	acde497febf5ffd7a1b776ce3c27c688	51986
mods/heroes.stormmod/enus.stormassets/localizeddata/sounds/vo/rehgarmecha_taunt02.ogg	3e56ee8d11fad517844b1e47743d4e88	51678
mods/heroes.stormmod/enus.stormassets/localizeddata/sounds/vo/rehgarmecha_teamkilled00.ogg	01fa45b1aebd09d358cfa96af4b9f5f9	39720
mods/heroes.stormmod/enus.stormassets/localizeddata/sounds/vo/rehgarmecha_ui_exlocked00.ogg	673bed9c7e07d518b15831fbf2629992	23332
mods/heroes.stormmod/enus.stormassets/localizeddata/sounds/vo/rehgarmecha_ui_expurchased00.ogg	01b0379356333d16047fef966a5d58a0	29319
mods/heroes.stormmod/enus.stormassets/localizeddata/sounds/vo/rehgarmecha_ui_gift00.ogg	b14aabdd54d661a75c5826ba14264db6	40866
mods/heroes.stormmod/enus.stormassets/localizeddata/sounds/vo/rehgarmecha_ui_lockin00.ogg	3c9d574bdc02de25c640d726ce756153	33578
mods/heroes.stormmod/enus.stormassets/localizeddata/sounds/vo/rehgarmecha_ui_purchase00.ogg	278e559208751d98a6d31735a882180d	25548
mods/heroes.stormmod/enus.stormassets/localizeddata/sounds/vo/rehgarmecha_ui_trial00.ogg	339d2ba0ac332b819a17f4f97b6a4fc0	51913
mods/heroes.stormmod/enus.stormassets/localizeddata/sounds/vo/rehgarmecha_ui_trial01.ogg	bf47fd575e1384526ec0d405d0e9bf11	42076
mods/heroes.stormmod/enus.stormassets/localizeddata/sounds/vo/rehgarmecha_ui_waitlocked00.ogg	0328e88327c939a693213cc06e498c2a	49354
mods/heroes.stormmod/enus.stormassets/localizeddata/sounds/vo/rehgarmecha_ui_waitlocked01.ogg	90e0f10471a143587197a6167e95b8db	53422
mods/heroes.stormmod/enus.stormassets/localizeddata/sounds/vo/rehgarmecha_ui_waitpurchased00.ogg	ac57a89e28b7af6d8ceba2edace107ef	46150
mods/heroes.stormmod/enus.stormassets/localizeddata/sounds/vo/rehgarmecha_ui_waitpurchased01.ogg	f350b3d8046a549594964ed514845f38	44562
mods/heroes.stormmod/enus.stormassets/localizeddata/sounds/vo/rehgarmecha_ultimate1used00.ogg	ac7aee012c89f098c0c95cce8dcb94d1	38504
mods/heroes.stormmod/enus.stormassets/localizeddata/sounds/vo/rehgarmecha_ultimate1used01.ogg	a4b8d84bd0cdc2a11f224eebaf8ea1f4	38541
mods/heroes.stormmod/enus.stormassets/localizeddata/sounds/vo/rehgarmecha_ultimate2used00.ogg	8f8970471f475c31e7a81f9d883d95e6	31359
mods/heroes.stormmod/enus.stormassets/localizeddata/sounds/vo/rehgarmecha_ultimate2used01.ogg	17a5f3a199e3d8c8dd199c2af303e379	30737
mods/heroes.stormmod/enus.stormassets/localizeddata/sounds/vo/rehgarmecha_ultimate2used02.ogg	6cdb7b3e058839b08083c72d3f81ec57	25486
mods/heroes.stormmod/enus.stormassets/localizeddata/sounds/vo/rehgarmecha_ultimate2used03.ogg	6fc95d7e07df2b0409003fe1781e7af8	29793
mods/heroes.stormmod/enus.stormassets/localizeddata/sounds/vo/rehgarmecha_voicelinefive00.ogg	01b0379356333d16047fef966a5d58a0	29319
mods/heroes.stormmod/enus.stormassets/localizeddata/sounds/vo/rehgarmecha_voicelinefour00.ogg	26bed4b5e740ac522a56602329626c1d	33012
mods/heroes.stormmod/enus.stormassets/localizeddata/sounds/vo/rehgarmecha_voicelineone00.ogg	4c4590abab01429a93162ed089719cec	29262
mods/heroes.stormmod/enus.stormassets/localizeddata/sounds/vo/rehgarmecha_voicelinethree00.ogg	eb8e0fff6ed36a412b4f5ce81e877a19	45958
mods/heroes.stormmod/enus.stormassets/localizeddata/sounds/vo/rehgarmecha_voicelinetwo00.ogg	3d7e3912ef56eef07ca4f115ff7e61d6	39535
mods/heroes.stormmod/enus.stormassets/localizeddata/sounds/vo/rehgarmecha_vox_angrygrowl00.ogg	1a99e7d86b5a4b97e6219a4cd4fde286	14023
mods/heroes.stormmod/enus.stormassets/localizeddata/sounds/vo/rehgarmecha_vox_angrygrowl01.ogg	2d566218e5fe6a128fc29dbf57bb40a7	14714
mods/heroes.stormmod/enus.stormassets/localizeddata/sounds/vo/rehgarmecha_vox_angrygrowl02.ogg	884422922d800af8f6ec782174a7848a	14619
mods/heroes.stormmod/enus.stormassets/localizeddata/sounds/vo/rehgarmecha_vox_attack00.ogg	c3f9fb55999ef7e0237783a56cba460b	11626
mods/heroes.stormmod/enus.stormassets/localizeddata/sounds/vo/rehgarmecha_vox_attack01.ogg	0055de86b50c68e0ea1a427c00313dfa	11034
mods/heroes.stormmod/enus.stormassets/localizeddata/sounds/vo/rehgarmecha_vox_attack02.ogg	705f993f1d57da89eadba6d40c35228f	11872
mods/heroes.stormmod/enus.stormassets/localizeddata/sounds/vo/rehgarmecha_vox_attack03.ogg	2ccead0890b73c956e092c04c3c7efae	11598
mods/heroes.stormmod/enus.stormassets/localizeddata/sounds/vo/rehgarmecha_vox_attack04.ogg	d9163f245cea8d4ef4ff66d722880dc6	11366
mods/heroes.stormmod/enus.stormassets/localizeddata/sounds/vo/rehgarmecha_vox_casting00.ogg	7048337555c6cf63d9b6fecd56766993	16528
mods/heroes.stormmod/enus.stormassets/localizeddata/sounds/vo/rehgarmecha_vox_casting01.ogg	1d7de900ebe9b773a24cbfa931231607	18418
mods/heroes.stormmod/enus.stormassets/localizeddata/sounds/vo/rehgarmecha_vox_casting02.ogg	7d165df9c1b7e33224874188c4888764	22705
mods/heroes.stormmod/enus.stormassets/localizeddata/sounds/vo/rehgarmecha_vox_casting03.ogg	2c253719c991afeeef9a580f8fa125f5	23316
mods/heroes.stormmod/enus.stormassets/localizeddata/sounds/vo/rehgarmecha_vox_casting04.ogg	142200466599ae1f75fbdfdd3d3ad0d4	25071
mods/heroes.stormmod/enus.stormassets/localizeddata/sounds/vo/rehgarmecha_vox_cheer00.ogg	c1438d83bbfa041559da9d063161f741	21728
mods/heroes.stormmod/enus.stormassets/localizeddata/sounds/vo/rehgarmecha_vox_death00.wav	b7c5d3bd4969c7be85596017c8d1962f	48700
mods/heroes.stormmod/enus.stormassets/localizeddata/sounds/vo/rehgarmecha_vox_death01.wav	837e73641744518c2f1b8b8cb06d57f9	64316
mods/heroes.stormmod/enus.stormassets/localizeddata/sounds/vo/rehgarmecha_vox_death02.wav	73844ce620297c2f70dbbe660f2c7dc3	73020
mods/heroes.stormmod/enus.stormassets/localizeddata/sounds/vo/rehgarmecha_vox_death03.wav	07a6a1e96381a048255c5bf71e53ef8c	33852
mods/heroes.stormmod/enus.stormassets/localizeddata/sounds/vo/rehgarmecha_vox_death04.wav	24d5bccb8f86e6f5e0f477c2dbcb0378	43836
mods/heroes.stormmod/enus.stormassets/localizeddata/sounds/vo/rehgarmecha_vox_death05.wav	79f3f914ee5df752b40602c5b46fcab7	56892
mods/heroes.stormmod/enus.stormassets/localizeddata/sounds/vo/rehgarmecha_vox_death06.wav	1387fa7d2eb09638ffcc7b362892a075	68156
mods/heroes.stormmod/enus.stormassets/localizeddata/sounds/vo/rehgarmecha_vox_death07.wav	a0fa3d8b22f76160e9488e024a26ec1c	55868
mods/heroes.stormmod/enus.stormassets/localizeddata/sounds/vo/rehgarmecha_vox_death08.wav	1e6fd80e166d58eae794babedc37decf	85564
mods/heroes.stormmod/enus.stormassets/localizeddata/sounds/vo/rehgarmecha_vox_death09.wav	323c8598f1b3dea9a42005edec7e76c3	76604
mods/heroes.stormmod/enus.stormassets/localizeddata/sounds/vo/rehgarmecha_vox_gethit00.ogg	e3f095a57dbabaff80760ddfefeba1ff	11510
mods/heroes.stormmod/enus.stormassets/localizeddata/sounds/vo/rehgarmecha_vox_gethit01.ogg	b32cf87059dea0116ee1a21f3bd70dc4	11346
mods/heroes.stormmod/enus.stormassets/localizeddata/sounds/vo/rehgarmecha_vox_gethit02.ogg	fe27937b6943899d9fe2d92c4bb19447	12785
mods/heroes.stormmod/enus.stormassets/localizeddata/sounds/vo/rehgarmecha_vox_gethit03.ogg	d9f87c14f5e341b8a2aebb039f463d52	12849
mods/heroes.stormmod/enus.stormassets/localizeddata/sounds/vo/rehgarmecha_vox_gethit04.ogg	2c155e93f59ad827813588a33302c1b1	14570
mods/heroes.stormmod/enus.stormassets/localizeddata/sounds/vo/rehgarmecha_vox_gethit05.ogg	34b3a58545afbeb9ab4c2a035d50b8e2	12389
mods/heroes.stormmod/enus.stormassets/localizeddata/sounds/vo/rehgarmecha_vox_gethit06.ogg	c3fbea795c3c333a20791d28916dcd89	15417
mods/heroes.stormmod/enus.stormassets/localizeddata/sounds/vo/rehgarmecha_vox_gethit07.ogg	70c5500655bdf4914df111bfd6147f6c	14734
mods/heroes.stormmod/enus.stormassets/localizeddata/sounds/vo/rehgarmecha_vox_gethit08.ogg	02af2ce9775978e82475e56d0f65b84f	13962
mods/heroes.stormmod/enus.stormassets/localizeddata/sounds/vo/rehgarmecha_vox_gethit09.ogg	ff6566fa945009120751e6a039e1f5da	14313
mods/heroes.stormmod/enus.stormassets/localizeddata/sounds/vo/rehgarmecha_vox_mellowgrowl00.ogg	ef5f7c989233ecd584120b44ec4411d1	17970
mods/heroes.stormmod/enus.stormassets/localizeddata/sounds/vo/rehgarmecha_vox_mellowgrowl01.ogg	96fb55a87fc16df9f751cbbc2113cfb8	23002
mods/heroes.stormmod/enus.stormassets/localizeddata/sounds/vo/rehgarmecha_vox_mellowgrowl02.ogg	5cc3f6bcab2fac8a2773e8ebc15d26d2	19039
mods/heroes.stormmod/enus.stormassets/localizeddata/sounds/vo/rehgarmecha_vox_pulled00.ogg	baa5a096c84cf9d7eb2d4f37ba49a0f7	15695
mods/heroes.stormmod/enus.stormassets/localizeddata/sounds/vo/rehgarmecha_vox_pulled01.ogg	585e109f578222ac81f3733d99cee7bd	14237
mods/heroes.stormmod/enus.stormassets/localizeddata/sounds/vo/rehgarmecha_vox_pulled02.ogg	75c3d0beb7e9df6d7e4445752b84e78e	15444
mods/heroes.stormmod/enus.stormassets/localizeddata/sounds/vo/rehgarmecha_worthit00.ogg	59fb633f88f4f0614490b327f966c617	38709
mods/heroes.stormmod/enus.stormassets/localizeddata/sounds/vo/rehgarmecha_worthit01.ogg	cef096ff5d2b4b4bcb8528f04bb6832e	37542
mods/heroes.stormmod/enus.stormassets/localizeddata/sounds/vo/rehgarmecha_yes00.ogg	52c67412605bead688349425a244af05	31966
mods/heroes.stormmod/enus.stormassets/localizeddata/sounds/vo/rehgarmecha_yes01.ogg	8ffdcab2da2217449ff72599958439b9	19596
mods/heroes.stormmod/enus.stormassets/localizeddata/sounds/vo/rehgarmecha_yes02.ogg	02bcdba1a82daf0009b4fdca257ac04e	42139
mods/heroes.stormmod/enus.stormassets/localizeddata/sounds/vo/rehgarmecha_yes03.ogg	6e465b0b576fe80c900f7fd64a1ecb7e	25766
mods/heroes.stormmod/enus.stormassets/localizeddata/sounds/vo/rehgarmecha_yes04.ogg	c2863040ad052ddd77e4f942c1612561	30883
mods/heroes.stormmod/enus.stormassets/localizeddata/sounds/vo/rehgarmecha_yes05.ogg	81cc477ac61d79cb29618d5dfc187e4b	22280
mods/heroes.stormmod/enus.stormassets/localizeddata/sounds/vo/rehgarmecha_yes06.ogg	fadae1e10ee88aca161b09e588329c13	23190
mods/heroes.stormmod/enus.stormassets/localizeddata/sounds/vo/rehgarmecha_yes07.ogg	1898be1ffa900f11e269e6b9eec55ff8	27187
mods/heroes.stormmod/enus.stormassets/localizeddata/sounds/vo/rehgarmecha_yes08.ogg	73d6f35cc0ca0460c303979eb5690cae	20815
mods/heroes.stormmod/enus.stormassets/localizeddata/sounds/vo/rexxarbase_ai_attack00.fxe	9f32b0a6b13cc9a0a88fd161501fde1c	1931
mods/heroes.stormmod/enus.stormassets/localizeddata/sounds/vo/rexxarbase_ai_attack00.ogg	db6e275f5f23378a67b988e6a2f5643c	30561
mods/heroes.stormmod/enus.stormassets/localizeddata/sounds/vo/rexxarbase_ai_attack01.fxe	ec42abe507e28e8f2cf7b029d79aef2b	2123
mods/heroes.stormmod/enus.stormassets/localizeddata/sounds/vo/rexxarbase_ai_attack01.ogg	aea71f28147611ffd2f665aeef86eb06	32217
mods/heroes.stormmod/enus.stormassets/localizeddata/sounds/vo/rexxarbase_ai_attack02.fxe	caf0516020c5f437c25bb82c0be28493	955
mods/heroes.stormmod/enus.stormassets/localizeddata/sounds/vo/rexxarbase_ai_attack02.ogg	8f6c8afe8852a10b876a116dfa9e6ba6	14614
mods/heroes.stormmod/enus.stormassets/localizeddata/sounds/vo/rexxarbase_ai_caution00.fxe	6a705289c4edb752037f0645c15438a9	2476
mods/heroes.stormmod/enus.stormassets/localizeddata/sounds/vo/rexxarbase_ai_caution00.ogg	c964bc52eac328760d470ada2da1a8fb	37150
mods/heroes.stormmod/enus.stormassets/localizeddata/sounds/vo/rexxarbase_ai_goodjob00.fxe	7b77257ccc412c8a9aa7a62d075d4c2e	1132
mods/heroes.stormmod/enus.stormassets/localizeddata/sounds/vo/rexxarbase_ai_goodjob00.ogg	612390705ffbd7864221f7d59e99a674	19016
mods/heroes.stormmod/enus.stormassets/localizeddata/sounds/vo/rexxarbase_ai_goodjob01.fxe	af551fe6a5f4272bcd99dd277c65a54d	1100
mods/heroes.stormmod/enus.stormassets/localizeddata/sounds/vo/rexxarbase_ai_goodjob01.ogg	6534fdb2b90179470abe410f803f076f	20757
mods/heroes.stormmod/enus.stormassets/localizeddata/sounds/vo/rexxarbase_ai_goodjob02.fxe	e77e68b4fa9ecdc48b8e18937c57f2af	1772
mods/heroes.stormmod/enus.stormassets/localizeddata/sounds/vo/rexxarbase_ai_goodjob02.ogg	e98bea7504bccd56bfb072138562ec63	24872
mods/heroes.stormmod/enus.stormassets/localizeddata/sounds/vo/rexxarbase_ai_heal00.fxe	f03b2165d6c482b987a9e0a31dde748f	1993
mods/heroes.stormmod/enus.stormassets/localizeddata/sounds/vo/rexxarbase_ai_heal00.ogg	8d8459154448cffc5cf73e112fc4b6e6	32940
mods/heroes.stormmod/enus.stormassets/localizeddata/sounds/vo/rexxarbase_ai_heal01.fxe	fece550825d5417e4b74c9e8127918d8	1801
mods/heroes.stormmod/enus.stormassets/localizeddata/sounds/vo/rexxarbase_ai_heal01.ogg	4fa6d28372b158d329c7707fb466165e	27202
mods/heroes.stormmod/enus.stormassets/localizeddata/sounds/vo/rexxarbase_ai_onmyway00.fxe	32ab01018ef1dcbc7b696fc2821e98e5	1884
mods/heroes.stormmod/enus.stormassets/localizeddata/sounds/vo/rexxarbase_ai_onmyway00.ogg	573695c59bc42393f99e142b56675061	27028
mods/heroes.stormmod/enus.stormassets/localizeddata/sounds/vo/rexxarbase_ai_onmyway01.fxe	d54489f108fb753756c1b840ba3f5b6f	1852
mods/heroes.stormmod/enus.stormassets/localizeddata/sounds/vo/rexxarbase_ai_onmyway01.ogg	63a02bb881c7ed05d81b81c6c0bc11c2	26341
mods/heroes.stormmod/enus.stormassets/localizeddata/sounds/vo/rexxarbase_ai_retreat00.fxe	b582c4b24863cb51349fb591dc04de2e	1484
mods/heroes.stormmod/enus.stormassets/localizeddata/sounds/vo/rexxarbase_ai_retreat00.ogg	944bfd194ce94ba76ccd277822bcff6c	19497
mods/heroes.stormmod/enus.stormassets/localizeddata/sounds/vo/rexxarbase_ai_retreat01.fxe	c0626068a57111cad3b4122222bd6d3d	1260
mods/heroes.stormmod/enus.stormassets/localizeddata/sounds/vo/rexxarbase_ai_retreat01.ogg	604c92bcd23f1a720e075b4382ab847f	17758
mods/heroes.stormmod/enus.stormassets/localizeddata/sounds/vo/rexxarbase_ai_uhoh00.fxe	4f2fabe74c0f91cd2fef7affe436befd	1593
mods/heroes.stormmod/enus.stormassets/localizeddata/sounds/vo/rexxarbase_ai_uhoh00.ogg	809563ad0ca964e2b4ef24fc7986bd65	29501
mods/heroes.stormmod/enus.stormassets/localizeddata/sounds/vo/rexxarbase_ai_uhoh01.fxe	f868090ec83a376802a5cd6358b5cc75	1033
mods/heroes.stormmod/enus.stormassets/localizeddata/sounds/vo/rexxarbase_ai_uhoh01.ogg	459697e0d764c178c60a817127b7a7e1	20384
mods/heroes.stormmod/enus.stormassets/localizeddata/sounds/vo/rexxarbase_ai_uhoh02_alt.fxe	79a5936eddf6bf350339a698501f3d57	733
mods/heroes.stormmod/enus.stormassets/localizeddata/sounds/vo/rexxarbase_ai_uhoh02_alt.ogg	cc96ea0b1a1384868820ea86a3c928c4	21590
mods/heroes.stormmod/enus.stormassets/localizeddata/sounds/vo/rexxarbase_attack00.fxe	143a37665145478a09a42cec7f3d516d	1320
mods/heroes.stormmod/enus.stormassets/localizeddata/sounds/vo/rexxarbase_attack00.ogg	ebee85cc383239ce169898f8e5ed2b52	27092
mods/heroes.stormmod/enus.stormassets/localizeddata/sounds/vo/rexxarbase_attack01.fxe	a5d837251425f6e66c53aacde3576104	1384
mods/heroes.stormmod/enus.stormassets/localizeddata/sounds/vo/rexxarbase_attack01.ogg	a3588d8d2c2beb08b6de203abfa24a04	23720
mods/heroes.stormmod/enus.stormassets/localizeddata/sounds/vo/rexxarbase_attack02.fxe	4fc040b59ff8b01450478098a24001ce	1208
mods/heroes.stormmod/enus.stormassets/localizeddata/sounds/vo/rexxarbase_attack02.ogg	b25cf954f8353e677de68c0c9777daeb	23608
mods/heroes.stormmod/enus.stormassets/localizeddata/sounds/vo/rexxarbase_attack03.fxe	9744f1ab40e4c041d6342dddb7ce3047	1048
mods/heroes.stormmod/enus.stormassets/localizeddata/sounds/vo/rexxarbase_attack03.ogg	f1f90e0f5a7c1f27a5fbd8e6074e1977	19169
mods/heroes.stormmod/enus.stormassets/localizeddata/sounds/vo/rexxarbase_attack04.fxe	d010335bf8b5e1b974cec65f942e8cdd	1192
mods/heroes.stormmod/enus.stormassets/localizeddata/sounds/vo/rexxarbase_attack04.ogg	fdb488b2c7bd77e3fbcd744b2454b677	20409
mods/heroes.stormmod/enus.stormassets/localizeddata/sounds/vo/rexxarbase_attack05.fxe	1155512860a4166200dc4da20a12cbf6	1288
mods/heroes.stormmod/enus.stormassets/localizeddata/sounds/vo/rexxarbase_attack05.ogg	98e7815504861c16743ad8c747ed0415	17600
mods/heroes.stormmod/enus.stormassets/localizeddata/sounds/vo/rexxarbase_attack06.fxe	83abf465ca7ba1dacfd6988bbf6d4833	1464
mods/heroes.stormmod/enus.stormassets/localizeddata/sounds/vo/rexxarbase_attack06.ogg	e2db5d77fefbf87499d5414777182de2	24444
mods/heroes.stormmod/enus.stormassets/localizeddata/sounds/vo/rexxarbase_celebrate00.fxe	574b74c84458b85f1fd1e57bd3e2066d	603
mods/heroes.stormmod/enus.stormassets/localizeddata/sounds/vo/rexxarbase_celebrate00.ogg	f0ff91c99dc02b75430e258f7e810542	15038
mods/heroes.stormmod/enus.stormassets/localizeddata/sounds/vo/rexxarbase_celebrate01.fxe	2e9bd68e1f0735e6a097b30532fc66a1	1051
mods/heroes.stormmod/enus.stormassets/localizeddata/sounds/vo/rexxarbase_celebrate01.ogg	a562e684b406010a1d7efa74d78c140b	23049
mods/heroes.stormmod/enus.stormassets/localizeddata/sounds/vo/rexxarbase_comeback00.fxe	e8f8ee97b744fca0d5abbdeed36dac36	2170
mods/heroes.stormmod/enus.stormassets/localizeddata/sounds/vo/rexxarbase_comeback00.ogg	08d2798cacd857d5c49daef11470a447	27722
mods/heroes.stormmod/enus.stormassets/localizeddata/sounds/vo/rexxarbase_death00.fxe	bb107dadea14905a700c7f48880e9715	1927
mods/heroes.stormmod/enus.stormassets/localizeddata/sounds/vo/rexxarbase_death00.wav	819d39ed1a3905fa95fb2b12562299be	64572
mods/heroes.stormmod/enus.stormassets/localizeddata/sounds/vo/rexxarbase_death01.fxe	ff87d49ddde4fb3fa6b91f42e35fda8a	2071
mods/heroes.stormmod/enus.stormassets/localizeddata/sounds/vo/rexxarbase_death01.wav	02adf7bc8fc09dfecf3db115565e396a	67900
mods/heroes.stormmod/enus.stormassets/localizeddata/sounds/vo/rexxarbase_death02.fxe	ed3ed523c4d5bf36ecf97b983804bd88	2103
mods/heroes.stormmod/enus.stormassets/localizeddata/sounds/vo/rexxarbase_death02.wav	dc55170b1ae99bf7681aeb1783ce9e43	68156
mods/heroes.stormmod/enus.stormassets/localizeddata/sounds/vo/rexxarbase_death03.fxe	bc2d5a1725f20c9fef48458a49b3028b	1927
mods/heroes.stormmod/enus.stormassets/localizeddata/sounds/vo/rexxarbase_death03.wav	b8da5a0aa1d0a5d0cd78092746db1721	71996
mods/heroes.stormmod/enus.stormassets/localizeddata/sounds/vo/rexxarbase_death04.fxe	d258eb12e6b67e68fc5439030e25fadc	2007
mods/heroes.stormmod/enus.stormassets/localizeddata/sounds/vo/rexxarbase_death04.wav	7d4115716b6ef06059903fb8919fac83	69180
mods/heroes.stormmod/enus.stormassets/localizeddata/sounds/vo/rexxarbase_death05.fxe	0cf5a532593913db1a92b3b98e77e076	1655
mods/heroes.stormmod/enus.stormassets/localizeddata/sounds/vo/rexxarbase_death05.wav	136d168d0bde6c469cb1aa9f2f5de0fb	50236
mods/heroes.stormmod/enus.stormassets/localizeddata/sounds/vo/rexxarbase_death06.fxe	9ec378c5eb1a502e8a9d1cd245ba11ab	1959
mods/heroes.stormmod/enus.stormassets/localizeddata/sounds/vo/rexxarbase_death06.wav	e2269d2f03f9e16543596103c8838c6c	50236
mods/heroes.stormmod/enus.stormassets/localizeddata/sounds/vo/rexxarbase_death07.fxe	f90b32755b05048252836f514fe929c5	1495
mods/heroes.stormmod/enus.stormassets/localizeddata/sounds/vo/rexxarbase_death07.wav	ac7ad037be999df7b185f3a050c26164	55356
mods/heroes.stormmod/enus.stormassets/localizeddata/sounds/vo/rexxarbase_healed00.fxe	b314a60048547348711ba3ed23eee04f	1720
mods/heroes.stormmod/enus.stormassets/localizeddata/sounds/vo/rexxarbase_healed00.ogg	eac39291f9589b11c6aad44ba5603d14	27062
mods/heroes.stormmod/enus.stormassets/localizeddata/sounds/vo/rexxarbase_healed01.fxe	74899ce8cd2dd0861db6f5132ccc7f72	1256
mods/heroes.stormmod/enus.stormassets/localizeddata/sounds/vo/rexxarbase_healed01.ogg	4e9580bfe1a25b87b7c1e2231bc6d2db	20855
mods/heroes.stormmod/enus.stormassets/localizeddata/sounds/vo/rexxarbase_healed02.fxe	50c167f76776d410de872f62fbf78f63	1400
mods/heroes.stormmod/enus.stormassets/localizeddata/sounds/vo/rexxarbase_healed02.ogg	284a9aaa98546ecfe6a068f5877d7a23	17723
mods/heroes.stormmod/enus.stormassets/localizeddata/sounds/vo/rexxarbase_introagree00.fxe	b79cbeda7003aebafcde1a7736d7b824	1788
mods/heroes.stormmod/enus.stormassets/localizeddata/sounds/vo/rexxarbase_introagree00.ogg	9009ea4a87b73b2d702b5db157116d64	28724
mods/heroes.stormmod/enus.stormassets/localizeddata/sounds/vo/rexxarbase_introagree01.fxe	10e2d34c0f36b1a67ac5c1ce27d43e83	1132
mods/heroes.stormmod/enus.stormassets/localizeddata/sounds/vo/rexxarbase_introagree01.ogg	4a143c2900c33f2a6fe14be24c4f4d3d	25630
mods/heroes.stormmod/enus.stormassets/localizeddata/sounds/vo/rexxarbase_introagree02.fxe	80c1c83d5a699d0a855583880565afbd	1676
mods/heroes.stormmod/enus.stormassets/localizeddata/sounds/vo/rexxarbase_introagree02.ogg	405f2743a36bd1f92d6be37ccce6ac87	27326
mods/heroes.stormmod/enus.stormassets/localizeddata/sounds/vo/rexxarbase_introboast00.fxe	e19d19ae7d5e90c0b8daa79d1b1ab5ad	2012
mods/heroes.stormmod/enus.stormassets/localizeddata/sounds/vo/rexxarbase_introboast00.ogg	a333f0196e1f7639bded28a6a2c0b60f	37188
mods/heroes.stormmod/enus.stormassets/localizeddata/sounds/vo/rexxarbase_introboast01.fxe	d71d6c06695fc183974c7356d5fbb047	1452
mods/heroes.stormmod/enus.stormassets/localizeddata/sounds/vo/rexxarbase_introboast01.ogg	a54b5a357b1f901f8409ff938c3ee103	30944
mods/heroes.stormmod/enus.stormassets/localizeddata/sounds/vo/rexxarbase_introquestion00.fxe	74f9eb29d2172b925e5a742482f30b65	2175
mods/heroes.stormmod/enus.stormassets/localizeddata/sounds/vo/rexxarbase_introquestion00.ogg	2fec1974107eed3c35cf80bea90f2320	36602
mods/heroes.stormmod/enus.stormassets/localizeddata/sounds/vo/rexxarbase_introquestion01.fxe	9139a0522d554a8565482b0f4f343db9	2495
mods/heroes.stormmod/enus.stormassets/localizeddata/sounds/vo/rexxarbase_introquestion01.ogg	007c546e7a31fc731f2cfaeb664f4c81	39425
mods/heroes.stormmod/enus.stormassets/localizeddata/sounds/vo/rexxarbase_introquestion_butcher00.fxe	ccda6777e246c27458ace7bd901e0f90	2599
mods/heroes.stormmod/enus.stormassets/localizeddata/sounds/vo/rexxarbase_introquestion_butcher00.ogg	7b45df29802abe09b54948c726a984f9	42006
mods/heroes.stormmod/enus.stormassets/localizeddata/sounds/vo/rexxarbase_introquestion_chen00.fxe	12a3deaccf0dd78770a224a4967881e5	2340
mods/heroes.stormmod/enus.stormassets/localizeddata/sounds/vo/rexxarbase_introquestion_chen00.ogg	ac3eb3946e92b08a0a51e352b215452a	43555
mods/heroes.stormmod/enus.stormassets/localizeddata/sounds/vo/rexxarbase_introquestion_demonhunter00.fxe	014d4e63f848900582353e9c1f820ce3	1419
mods/heroes.stormmod/enus.stormassets/localizeddata/sounds/vo/rexxarbase_introquestion_demonhunter00.ogg	276f2256192b703845cf45e588675f35	23213
mods/heroes.stormmod/enus.stormassets/localizeddata/sounds/vo/rexxarbase_introquestion_gazlowe00.fxe	fce64027de406973f6fc047b1281689f	1591
mods/heroes.stormmod/enus.stormassets/localizeddata/sounds/vo/rexxarbase_introquestion_gazlowe00.ogg	afa3493e4d474b4272806de5d4c519e0	29496
mods/heroes.stormmod/enus.stormassets/localizeddata/sounds/vo/rexxarbase_introquestion_horde00.fxe	8d457c1543bbea162080b3a3cf625acd	1365
mods/heroes.stormmod/enus.stormassets/localizeddata/sounds/vo/rexxarbase_introquestion_horde00.ogg	c20659dce2da82ac0d3b587ca6038c0c	26498
mods/heroes.stormmod/enus.stormassets/localizeddata/sounds/vo/rexxarbase_introquestion_jaina00.fxe	8e3fe767120dba0bbaae37586ac559a6	2805
mods/heroes.stormmod/enus.stormassets/localizeddata/sounds/vo/rexxarbase_introquestion_jaina00.ogg	ac85c56efa27bda8e2bd2bab40362f49	40947
mods/heroes.stormmod/enus.stormassets/localizeddata/sounds/vo/rexxarbase_introquestion_murky00.fxe	5311cdb3ba16cbaaf8a77d5644275b2c	2453
mods/heroes.stormmod/enus.stormassets/localizeddata/sounds/vo/rexxarbase_introquestion_murky00.ogg	d26eb8ebcccd79e77d9a543022ada0a1	41969
mods/heroes.stormmod/enus.stormassets/localizeddata/sounds/vo/rexxarbase_introquestion_negative00.fxe	94a51d9bf7f83f9a69c647af1790e901	1000
mods/heroes.stormmod/enus.stormassets/localizeddata/sounds/vo/rexxarbase_introquestion_negative00.ogg	b1398a32a157c482f13fe282aaccbde2	27388
mods/heroes.stormmod/enus.stormassets/localizeddata/sounds/vo/rexxarbase_introquestion_positive00.fxe	634ba0975d915a12737b4ac09f52c3ba	1992
mods/heroes.stormmod/enus.stormassets/localizeddata/sounds/vo/rexxarbase_introquestion_positive00.ogg	280a1d38e9766b44c0fab6ebe525b81d	35448
mods/heroes.stormmod/enus.stormassets/localizeddata/sounds/vo/rexxarbase_introquestion_samuro00.fxe	8467570fc76f3a75eac61e74c6a08ad8	2822
mods/heroes.stormmod/enus.stormassets/localizeddata/sounds/vo/rexxarbase_introquestion_samuro00.ogg	f9bbf9115f05dba1aa5c7e36833119c8	54489
mods/heroes.stormmod/enus.stormassets/localizeddata/sounds/vo/rexxarbase_introquestion_thrall00.fxe	d34ebb36486f25b19cfcec66c825babe	1670
mods/heroes.stormmod/enus.stormassets/localizeddata/sounds/vo/rexxarbase_introquestion_thrall00.ogg	a98b84786bc1d642c9a2b2e359379526	37415
mods/heroes.stormmod/enus.stormassets/localizeddata/sounds/vo/rexxarbase_introrespond00.fxe	3c437f120be4276f4dcf87172de295f4	1038
mods/heroes.stormmod/enus.stormassets/localizeddata/sounds/vo/rexxarbase_introrespond00.ogg	267765e53dfecc13b8914df0d131def4	21214
mods/heroes.stormmod/enus.stormassets/localizeddata/sounds/vo/rexxarbase_introrespond01.fxe	cc13e0e6c41115914ff2372177f91fd0	1230
mods/heroes.stormmod/enus.stormassets/localizeddata/sounds/vo/rexxarbase_introrespond01.ogg	fe8d565b146d1510bd61724323aa2ff5	30076
mods/heroes.stormmod/enus.stormassets/localizeddata/sounds/vo/rexxarbase_introrespond02.fxe	df363191d368c9bac37153a6f3186209	1870
mods/heroes.stormmod/enus.stormassets/localizeddata/sounds/vo/rexxarbase_introrespond02.ogg	2a8e67b71a83a7292c12ee044c392eb8	38123
mods/heroes.stormmod/enus.stormassets/localizeddata/sounds/vo/rexxarbase_introresponse_angry00.fxe	b8ca85c0b54a8547b4dbb7677bbed4ab	2277
mods/heroes.stormmod/enus.stormassets/localizeddata/sounds/vo/rexxarbase_introresponse_angry00.ogg	abf4778d90dd0d192655c08483ce32f9	39456
mods/heroes.stormmod/enus.stormassets/localizeddata/sounds/vo/rexxarbase_introresponse_butcher00.fxe	6646f89d5b865d88da683ae24d8d39d2	3143
mods/heroes.stormmod/enus.stormassets/localizeddata/sounds/vo/rexxarbase_introresponse_butcher00.ogg	a967609008681d766129d26ace331c13	54641
mods/heroes.stormmod/enus.stormassets/localizeddata/sounds/vo/rexxarbase_introresponse_chen00.fxe	54fec9c3c9b34791174ebe8e3aa714c5	3300
mods/heroes.stormmod/enus.stormassets/localizeddata/sounds/vo/rexxarbase_introresponse_chen00.ogg	f9b464a86980678935546c463196cfce	62285
mods/heroes.stormmod/enus.stormassets/localizeddata/sounds/vo/rexxarbase_introresponse_demonhunter00.fxe	74f4f89aeeb26057f18b0a99aadbb523	2939
mods/heroes.stormmod/enus.stormassets/localizeddata/sounds/vo/rexxarbase_introresponse_demonhunter00.ogg	4560ca1b2caf3a4c252d1366853023cf	47063
mods/heroes.stormmod/enus.stormassets/localizeddata/sounds/vo/rexxarbase_introresponse_dismiss00.fxe	098d0a7a56cc200bcdd93dc3d8be3a68	1223
mods/heroes.stormmod/enus.stormassets/localizeddata/sounds/vo/rexxarbase_introresponse_dismiss00.ogg	9f6d191682cac69accd42a41aaa527f1	25534
mods/heroes.stormmod/enus.stormassets/localizeddata/sounds/vo/rexxarbase_introresponse_gazlowe00.fxe	2dd1b954975d4d89f8ccff75b79e7c09	3927
mods/heroes.stormmod/enus.stormassets/localizeddata/sounds/vo/rexxarbase_introresponse_gazlowe00.ogg	31c044ddfa743d019c33da6fa209a10a	68126
mods/heroes.stormmod/enus.stormassets/localizeddata/sounds/vo/rexxarbase_introresponse_horde00.fxe	b7e0b5f2684884f75f3065ae7f445c58	1093
mods/heroes.stormmod/enus.stormassets/localizeddata/sounds/vo/rexxarbase_introresponse_horde00.ogg	87698bdcba8a78f870c3f5abbfa3ff5d	17713
mods/heroes.stormmod/enus.stormassets/localizeddata/sounds/vo/rexxarbase_introresponse_jaina00.fxe	e54de6ac8a23abe1972c1b121f9da63d	2373
mods/heroes.stormmod/enus.stormassets/localizeddata/sounds/vo/rexxarbase_introresponse_jaina00.ogg	3d5f646c999253ec872320df0a355d8d	48585
mods/heroes.stormmod/enus.stormassets/localizeddata/sounds/vo/rexxarbase_introresponse_murky00.fxe	f3e10f3525ecb2be79834b5624d5509f	2869
mods/heroes.stormmod/enus.stormassets/localizeddata/sounds/vo/rexxarbase_introresponse_murky00.ogg	dc3d809e9f95c3e53c5c711043d63254	52150
mods/heroes.stormmod/enus.stormassets/localizeddata/sounds/vo/rexxarbase_introresponse_negative00.fxe	0caf1ddd7bed2354a4059d9555d93a0b	2872
mods/heroes.stormmod/enus.stormassets/localizeddata/sounds/vo/rexxarbase_introresponse_negative00.ogg	c23777886e714cdb6771cd48f6473b97	44472
mods/heroes.stormmod/enus.stormassets/localizeddata/sounds/vo/rexxarbase_introresponse_neutral00.fxe	111e650358993228aef189e851c24f2b	1159
mods/heroes.stormmod/enus.stormassets/localizeddata/sounds/vo/rexxarbase_introresponse_neutral00.ogg	afd63bf1243cf98742813ade8386e08c	37695
mods/heroes.stormmod/enus.stormassets/localizeddata/sounds/vo/rexxarbase_introresponse_positive00.fxe	0e532a319551e0352813fbeebe381723	4072
mods/heroes.stormmod/enus.stormassets/localizeddata/sounds/vo/rexxarbase_introresponse_positive00.ogg	0ee10383fa298e8d8d4089818a492b26	60787
mods/heroes.stormmod/enus.stormassets/localizeddata/sounds/vo/rexxarbase_introresponse_samuro00.fxe	c243d9bc809514268ccb13da6a861839	2310
mods/heroes.stormmod/enus.stormassets/localizeddata/sounds/vo/rexxarbase_introresponse_samuro00.ogg	e0a499e2bb58198bb3d812bf868d6ef2	32254
mods/heroes.stormmod/enus.stormassets/localizeddata/sounds/vo/rexxarbase_introresponse_thrall00.fxe	9ca84adc86a656b013a42ca48553c936	2902
mods/heroes.stormmod/enus.stormassets/localizeddata/sounds/vo/rexxarbase_introresponse_thrall00.ogg	d675bf3214303ba75d27a920b7b34aaa	51255
mods/heroes.stormmod/enus.stormassets/localizeddata/sounds/vo/rexxarbase_introresponse_tired00.fxe	00dedc773512c1264845a5bff36ee487	1829
mods/heroes.stormmod/enus.stormassets/localizeddata/sounds/vo/rexxarbase_introresponse_tired00.ogg	a3c56391b98c9f7e5c281f01659b9f17	37375
mods/heroes.stormmod/enus.stormassets/localizeddata/sounds/vo/rexxarbase_kill00.fxe	a8cf4b3cf895da8ce23e0a7a8dfbe730	2358
mods/heroes.stormmod/enus.stormassets/localizeddata/sounds/vo/rexxarbase_kill00.ogg	f33c73da182d63f3f23cc92c4d176c1b	36098
mods/heroes.stormmod/enus.stormassets/localizeddata/sounds/vo/rexxarbase_kill01.fxe	e2afb75ee44ccc303ae4c438ebcf18ac	1206
mods/heroes.stormmod/enus.stormassets/localizeddata/sounds/vo/rexxarbase_kill01.ogg	c8fd5813dfa3fc5bdc54ecb68a4c1eac	20422
mods/heroes.stormmod/enus.stormassets/localizeddata/sounds/vo/rexxarbase_kill02.fxe	4345cbb19c060dc5107ea74a165950ce	1590
mods/heroes.stormmod/enus.stormassets/localizeddata/sounds/vo/rexxarbase_kill02.ogg	9c11c3537a807eb32de4a83fed5aae4f	31317
mods/heroes.stormmod/enus.stormassets/localizeddata/sounds/vo/rexxarbase_kill03.fxe	fff81562880b2c31bb87296412a0dca5	2102
mods/heroes.stormmod/enus.stormassets/localizeddata/sounds/vo/rexxarbase_kill03.ogg	5ee7cb84464641b446b04d09a787afd1	36560
mods/heroes.stormmod/enus.stormassets/localizeddata/sounds/vo/rexxarbase_kill04.fxe	1a87072eaf709fb158948fa40d9ec9f2	2230
mods/heroes.stormmod/enus.stormassets/localizeddata/sounds/vo/rexxarbase_kill04.ogg	8200d52263f1e8610205b3f73d85a3e2	35664
mods/heroes.stormmod/enus.stormassets/localizeddata/sounds/vo/rexxarbase_killbutcher00.fxe	dd478ff3ccedad2741539d983d198948	3149
mods/heroes.stormmod/enus.stormassets/localizeddata/sounds/vo/rexxarbase_killbutcher00.ogg	8da5f3b98b1aee57ab812987906efb67	47026
mods/heroes.stormmod/enus.stormassets/localizeddata/sounds/vo/rexxarbase_killchen00.fxe	d01a42ab490780048cca12293814f421	2570
mods/heroes.stormmod/enus.stormassets/localizeddata/sounds/vo/rexxarbase_killchen00.ogg	549742dfa902cc72e3399e4b87bc53f3	41843
mods/heroes.stormmod/enus.stormassets/localizeddata/sounds/vo/rexxarbase_killchogall00.fxe	be97c0f133c74a8f47ed8f81edc6258f	2509
mods/heroes.stormmod/enus.stormassets/localizeddata/sounds/vo/rexxarbase_killchogall00.ogg	a8980de638c714867fcf070ad49308c6	39710
mods/heroes.stormmod/enus.stormassets/localizeddata/sounds/vo/rexxarbase_killdemonhunter00.fxe	6d1a625b2a8f317b9675d0e0756605a3	2785
mods/heroes.stormmod/enus.stormassets/localizeddata/sounds/vo/rexxarbase_killdemonhunter00.ogg	088eebaed5355b25bdb2abad3017fcee	38888
mods/heroes.stormmod/enus.stormassets/localizeddata/sounds/vo/rexxarbase_killhorde00.fxe	3eb16d87606c45f7068c4229ad1c55ca	1819
mods/heroes.stormmod/enus.stormassets/localizeddata/sounds/vo/rexxarbase_killhorde00.ogg	700737ed482ac426fc4d00ce39a3b966	36894
mods/heroes.stormmod/enus.stormassets/localizeddata/sounds/vo/rexxarbase_killjaina00.fxe	b1933d2b50f6d19991cba97542b5b4c8	2139
mods/heroes.stormmod/enus.stormassets/localizeddata/sounds/vo/rexxarbase_killjaina00.ogg	a77cfd11f724a56e35c3ff347980268b	40101
mods/heroes.stormmod/enus.stormassets/localizeddata/sounds/vo/rexxarbase_killspreeend00.fxe	2bb0eb98e7ee501218b59ce59809b210	1198
mods/heroes.stormmod/enus.stormassets/localizeddata/sounds/vo/rexxarbase_killspreeend00.ogg	bb774051181f78ea028ec2acf4adeba5	27718
mods/heroes.stormmod/enus.stormassets/localizeddata/sounds/vo/rexxarbase_killthrall00.fxe	728891e92a95b838ef1ab4ee7da3e5c1	1468
mods/heroes.stormmod/enus.stormassets/localizeddata/sounds/vo/rexxarbase_killthrall00.ogg	45393e05d1bf60f7da87993d63e7427a	27688
mods/heroes.stormmod/enus.stormassets/localizeddata/sounds/vo/rexxarbase_laugh00_01.fxe	88bb9ff69c3d1dc6efca7e898087b2cd	1930
mods/heroes.stormmod/enus.stormassets/localizeddata/sounds/vo/rexxarbase_laugh00_01.ogg	35328d1c17705a7f3e378f4b9dca8167	24327
mods/heroes.stormmod/enus.stormassets/localizeddata/sounds/vo/rexxarbase_laugh00_02.fxe	fa16883175af447193621942c7edc2b2	2378
mods/heroes.stormmod/enus.stormassets/localizeddata/sounds/vo/rexxarbase_laugh00_02.ogg	dd2b642bbc3f4d6271055514e6f68771	29243
mods/heroes.stormmod/enus.stormassets/localizeddata/sounds/vo/rexxarbase_laugh00_03.fxe	183cd442cff127339e031fafafcf4429	2410
mods/heroes.stormmod/enus.stormassets/localizeddata/sounds/vo/rexxarbase_laugh00_03.ogg	bfea30b775b71c1d059b3568f0aa3582	36803
mods/heroes.stormmod/enus.stormassets/localizeddata/sounds/vo/rexxarbase_laugh00_04.fxe	693fb92e8eb3362f615f94e79f69e8ac	1290
mods/heroes.stormmod/enus.stormassets/localizeddata/sounds/vo/rexxarbase_laugh00_04.ogg	015edb2e4ace2a597ae9ccc407a3c6b7	18034
mods/heroes.stormmod/enus.stormassets/localizeddata/sounds/vo/rexxarbase_laugh00_05.fxe	ca609245931772aae0453149794b853d	1242
mods/heroes.stormmod/enus.stormassets/localizeddata/sounds/vo/rexxarbase_laugh00_05.ogg	b13a33f28a9527571244167f96799d19	16595
mods/heroes.stormmod/enus.stormassets/localizeddata/sounds/vo/rexxarbase_laugh00_06.fxe	07f63ee6744b2da04c72531849613e70	1050
mods/heroes.stormmod/enus.stormassets/localizeddata/sounds/vo/rexxarbase_laugh00_06.ogg	611176ad9fa28970a7fa792bc237026a	18276
mods/heroes.stormmod/enus.stormassets/localizeddata/sounds/vo/rexxarbase_lowlifeheal00.fxe	dbe267b4a862219f68e0aa9c69830f5a	1757
mods/heroes.stormmod/enus.stormassets/localizeddata/sounds/vo/rexxarbase_lowlifeheal00.ogg	8d4c0e39fc6d4280cf4955422f101be2	28738
mods/heroes.stormmod/enus.stormassets/localizeddata/sounds/vo/rexxarbase_lowlifeheal01.fxe	7550cb54310ce120c224b67fab6306c7	1549
mods/heroes.stormmod/enus.stormassets/localizeddata/sounds/vo/rexxarbase_lowlifeheal01.ogg	83512339adaaa122f0fd5b147b577360	30564
mods/heroes.stormmod/enus.stormassets/localizeddata/sounds/vo/rexxarbase_lowlifeheal02.fxe	32a0e0ceee54a61c41a2aee45f271e7a	1421
mods/heroes.stormmod/enus.stormassets/localizeddata/sounds/vo/rexxarbase_lowlifeheal02.ogg	219e4f41c51870bb93bb62744ac629e9	17692
mods/heroes.stormmod/enus.stormassets/localizeddata/sounds/vo/rexxarbase_lowmana00.fxe	3fa35e9af1c93750296a68b6884378ba	1209
mods/heroes.stormmod/enus.stormassets/localizeddata/sounds/vo/rexxarbase_lowmana00.ogg	ca5e0fb1a1bfbba626616e8048b97545	24342
mods/heroes.stormmod/enus.stormassets/localizeddata/sounds/vo/rexxarbase_lowmana01.fxe	a148d0939bab927237659d11e7ad7adf	1577
mods/heroes.stormmod/enus.stormassets/localizeddata/sounds/vo/rexxarbase_lowmana01.ogg	6b69e04fdbac4fbf293d75afca0ebad8	25100
mods/heroes.stormmod/enus.stormassets/localizeddata/sounds/vo/rexxarbase_lowmana02.fxe	34b223638dfec5fde368ab50ac4216cb	1241
mods/heroes.stormmod/enus.stormassets/localizeddata/sounds/vo/rexxarbase_lowmana02.ogg	3bb5b09d6ea5b538983ac5fba2c6f4e7	23569
mods/heroes.stormmod/enus.stormassets/localizeddata/sounds/vo/rexxarbase_misha_charge00.fxe	e74e04f205c57e8d2c9e37f449add176	926
mods/heroes.stormmod/enus.stormassets/localizeddata/sounds/vo/rexxarbase_misha_charge00.ogg	c3dce30649b12a05c14a2ddb0d9667ec	14637
mods/heroes.stormmod/enus.stormassets/localizeddata/sounds/vo/rexxarbase_misha_charge01.fxe	695b32634abf86b697f811e8f1d0888c	1646
mods/heroes.stormmod/enus.stormassets/localizeddata/sounds/vo/rexxarbase_misha_charge01.ogg	358a9658698b8b1f128b365f68b4edd3	21782
mods/heroes.stormmod/enus.stormassets/localizeddata/sounds/vo/rexxarbase_misha_charge02.fxe	c1e64cc299657d8e97a6f1f81953f710	926
mods/heroes.stormmod/enus.stormassets/localizeddata/sounds/vo/rexxarbase_misha_charge02.ogg	6e7972e163b5448f47bec691c6352789	15153
mods/heroes.stormmod/enus.stormassets/localizeddata/sounds/vo/rexxarbase_misha_charge03.fxe	0dcf1edb71941c0f3fd53968af15451a	1150
mods/heroes.stormmod/enus.stormassets/localizeddata/sounds/vo/rexxarbase_misha_charge03.ogg	908abb890f7f9cae8bdb7c6928e33ab7	16410
mods/heroes.stormmod/enus.stormassets/localizeddata/sounds/vo/rexxarbase_misha_heel00.fxe	cdffb5c3a23cd0e63068fca46c95b320	1292
mods/heroes.stormmod/enus.stormassets/localizeddata/sounds/vo/rexxarbase_misha_heel00.ogg	09105b14cd2471770654ca9c764c828b	18420
mods/heroes.stormmod/enus.stormassets/localizeddata/sounds/vo/rexxarbase_misha_heel01.fxe	4b22f905944f05cae997f7e6bccf7193	1132
mods/heroes.stormmod/enus.stormassets/localizeddata/sounds/vo/rexxarbase_misha_heel01.ogg	aa58e62172bfe9fc7265f180ff936c09	13845
mods/heroes.stormmod/enus.stormassets/localizeddata/sounds/vo/rexxarbase_misha_heel02.fxe	95497f9013e6b628d67d9d8728d40f6d	1484
mods/heroes.stormmod/enus.stormassets/localizeddata/sounds/vo/rexxarbase_misha_heel02.ogg	91785b4d513ef21489c70f92ccd9af95	18735
mods/heroes.stormmod/enus.stormassets/localizeddata/sounds/vo/rexxarbase_misha_heel03.fxe	68f3915e5058ec18a0ed4e2ededc99dc	1244
mods/heroes.stormmod/enus.stormassets/localizeddata/sounds/vo/rexxarbase_misha_heel03.ogg	29e6fda5b744d6cc2d2dc5126f1aa159	17350
mods/heroes.stormmod/enus.stormassets/localizeddata/sounds/vo/rexxarbase_misha_heel04.fxe	397227724e3afcc4ca2657c77e3ad678	1084
mods/heroes.stormmod/enus.stormassets/localizeddata/sounds/vo/rexxarbase_misha_heel04.ogg	d859defea44c49abef43492fbbf4e4dd	19907
mods/heroes.stormmod/enus.stormassets/localizeddata/sounds/vo/rexxarbase_misha_heel05.fxe	e79b821a62b46472942adb93cedacbc4	1084
mods/heroes.stormmod/enus.stormassets/localizeddata/sounds/vo/rexxarbase_misha_heel05.ogg	48aee424f98064fee1bdcbb1ba179328	13403
mods/heroes.stormmod/enus.stormassets/localizeddata/sounds/vo/rexxarbase_misha_heel06.fxe	444fab2618c919eeaf84195800cfa4dc	1404
mods/heroes.stormmod/enus.stormassets/localizeddata/sounds/vo/rexxarbase_misha_heel06.ogg	c39fce9ffb0e34f2468e4468ff1c10aa	21270
mods/heroes.stormmod/enus.stormassets/localizeddata/sounds/vo/rexxarbase_no00.fxe	8ed00b3aad249b001f0bec5fd142f0e9	1924
mods/heroes.stormmod/enus.stormassets/localizeddata/sounds/vo/rexxarbase_no00.ogg	9e023fd95d2f2cc72cf4f3015f596706	32275
mods/heroes.stormmod/enus.stormassets/localizeddata/sounds/vo/rexxarbase_no01.fxe	8b74cecf0f0b54a4f541ee1890c4a476	1668
mods/heroes.stormmod/enus.stormassets/localizeddata/sounds/vo/rexxarbase_no01.ogg	00c3afe7ca7b21c742dcd685c11e4927	27035
mods/heroes.stormmod/enus.stormassets/localizeddata/sounds/vo/rexxarbase_no02.fxe	52b56752f964094b595930aa71ffdcb0	1396
mods/heroes.stormmod/enus.stormassets/localizeddata/sounds/vo/rexxarbase_no02.ogg	3996a11579f6c53436afc474cacaf158	22203
mods/heroes.stormmod/enus.stormassets/localizeddata/sounds/vo/rexxarbase_ping_assisthero00.fxe	c9dec148594bf0807b74f03c65e81b6e	1281
mods/heroes.stormmod/enus.stormassets/localizeddata/sounds/vo/rexxarbase_ping_assisthero00.ogg	2a73b919afe0f5c53daf2e5eb4c44b41	22282
mods/heroes.stormmod/enus.stormassets/localizeddata/sounds/vo/rexxarbase_ping_assistme00.fxe	8a723a193ce3ed9f110344800724403b	1519
mods/heroes.stormmod/enus.stormassets/localizeddata/sounds/vo/rexxarbase_ping_assistme00.ogg	991324951e70cdeae629cacf0f9f0c9d	22595
mods/heroes.stormmod/enus.stormassets/localizeddata/sounds/vo/rexxarbase_ping_assistme01.fxe	51b50dc8c8c2c33fe9361ddfe79ccab7	1727
mods/heroes.stormmod/enus.stormassets/localizeddata/sounds/vo/rexxarbase_ping_assistme01.ogg	1e6cc8c89d18370558293e0703d91f83	26239
mods/heroes.stormmod/enus.stormassets/localizeddata/sounds/vo/rexxarbase_ping_attackcastle00.fxe	3c19e9282275511f12e3f37334e3afb5	1411
mods/heroes.stormmod/enus.stormassets/localizeddata/sounds/vo/rexxarbase_ping_attackcastle00.ogg	026708457705d4abba93df2b9d6e42dc	18599
mods/heroes.stormmod/enus.stormassets/localizeddata/sounds/vo/rexxarbase_ping_attackmerc00.fxe	279dfcea437b0f9c9f1828e71599e471	2113
mods/heroes.stormmod/enus.stormassets/localizeddata/sounds/vo/rexxarbase_ping_attackmerc00.ogg	81a40a15488dcdccea851b413ea4dc33	37045
mods/heroes.stormmod/enus.stormassets/localizeddata/sounds/vo/rexxarbase_ping_attackoutpost00.fxe	447030884581bd862a5e6c81158025d8	1748
mods/heroes.stormmod/enus.stormassets/localizeddata/sounds/vo/rexxarbase_ping_attackoutpost00.ogg	9197e1e198f134b97192a3f1f89528c7	23981
mods/heroes.stormmod/enus.stormassets/localizeddata/sounds/vo/rexxarbase_ping_attacktower00.fxe	b1b2a0bf4e5433b53c832c77094f9919	2818
mods/heroes.stormmod/enus.stormassets/localizeddata/sounds/vo/rexxarbase_ping_attacktower00.ogg	87965ffb9c47fd50714e33e70866c9cf	34197
mods/heroes.stormmod/enus.stormassets/localizeddata/sounds/vo/rexxarbase_ping_danger00.fxe	1b1707342caae50a9013688ee050620a	1821
mods/heroes.stormmod/enus.stormassets/localizeddata/sounds/vo/rexxarbase_ping_danger00.ogg	0850f24a87ee84d8646c7228fcf84ffc	26624
mods/heroes.stormmod/enus.stormassets/localizeddata/sounds/vo/rexxarbase_ping_danger01.fxe	16b7cf696e0063ff2d3b14ac332cc17d	1085
mods/heroes.stormmod/enus.stormassets/localizeddata/sounds/vo/rexxarbase_ping_danger01.ogg	16154fafdad397b339abffff2e681a94	15850
mods/heroes.stormmod/enus.stormassets/localizeddata/sounds/vo/rexxarbase_ping_defend00.fxe	31f52d47b1e240d6df92d19cce0351ba	1853
mods/heroes.stormmod/enus.stormassets/localizeddata/sounds/vo/rexxarbase_ping_defend00.ogg	0ed7de3b90a192b318c60d6db7cf6d59	25957
mods/heroes.stormmod/enus.stormassets/localizeddata/sounds/vo/rexxarbase_ping_defendcastle00.fxe	d58e75e4f153b648bd1a1afbae5337fb	1491
mods/heroes.stormmod/enus.stormassets/localizeddata/sounds/vo/rexxarbase_ping_defendcastle00.ogg	157a08678565398b82d78859eab834a6	23684
mods/heroes.stormmod/enus.stormassets/localizeddata/sounds/vo/rexxarbase_ping_defendoutpost00.fxe	23c963750a351fec8e28e3233c016cf9	1876
mods/heroes.stormmod/enus.stormassets/localizeddata/sounds/vo/rexxarbase_ping_defendoutpost00.ogg	b71e66945960941f3521b4088142b41c	24524
mods/heroes.stormmod/enus.stormassets/localizeddata/sounds/vo/rexxarbase_ping_defendthing00.fxe	ad801ecde9b7b2aead459c2861bd5374	1314
mods/heroes.stormmod/enus.stormassets/localizeddata/sounds/vo/rexxarbase_ping_defendthing00.ogg	bdf945771e3316abf19ca3a376f739fd	17454
mods/heroes.stormmod/enus.stormassets/localizeddata/sounds/vo/rexxarbase_ping_defendthing01.fxe	f9a424ce4713d963df3b104136aa314d	1986
mods/heroes.stormmod/enus.stormassets/localizeddata/sounds/vo/rexxarbase_ping_defendthing01.ogg	16ef80b2958cfc89389736ce97f1a795	27478
mods/heroes.stormmod/enus.stormassets/localizeddata/sounds/vo/rexxarbase_ping_defendtower00.fxe	827f2a9132a24626cbaa6038bdc20e13	1746
mods/heroes.stormmod/enus.stormassets/localizeddata/sounds/vo/rexxarbase_ping_defendtower00.ogg	c200e9ab8ca2b70425f01cf48a16d160	22570
mods/heroes.stormmod/enus.stormassets/localizeddata/sounds/vo/rexxarbase_ping_enemymissing00.fxe	beeb6607c10db0cda84d4bb8b8e40442	2067
mods/heroes.stormmod/enus.stormassets/localizeddata/sounds/vo/rexxarbase_ping_enemymissing00.ogg	b146010ac6edc33936f8596bcb3c0cc1	33590
mods/heroes.stormmod/enus.stormassets/localizeddata/sounds/vo/rexxarbase_ping_enemymissing01.fxe	256465b255dd14b4d1d01c24be622565	2643
mods/heroes.stormmod/enus.stormassets/localizeddata/sounds/vo/rexxarbase_ping_enemymissing01.ogg	6597951ee411c4f58a99028196abb627	41065
mods/heroes.stormmod/enus.stormassets/localizeddata/sounds/vo/rexxarbase_ping_killhero00.fxe	e36420565f6fbab95020cc0324e4047c	1263
mods/heroes.stormmod/enus.stormassets/localizeddata/sounds/vo/rexxarbase_ping_killhero00.ogg	eb2a1fff9e3d26fc2f16419ee421f246	21012
mods/heroes.stormmod/enus.stormassets/localizeddata/sounds/vo/rexxarbase_ping_onmyway00.fxe	63edc78dfed847e480de95c0a05945cf	1566
mods/heroes.stormmod/enus.stormassets/localizeddata/sounds/vo/rexxarbase_ping_onmyway00.ogg	74e7683e8f956835e6647b017f70828e	23127
mods/heroes.stormmod/enus.stormassets/localizeddata/sounds/vo/rexxarbase_ping_onmyway01.fxe	53f2b147fa73acbbbd9dd8ebf7183c2d	1726
mods/heroes.stormmod/enus.stormassets/localizeddata/sounds/vo/rexxarbase_ping_onmyway01.ogg	1828922f9371baae337232896d33c7d1	27762
mods/heroes.stormmod/enus.stormassets/localizeddata/sounds/vo/rexxarbase_ping_retreat00.fxe	81650cff749e475ae7389dff12304b1f	1022
mods/heroes.stormmod/enus.stormassets/localizeddata/sounds/vo/rexxarbase_ping_retreat00.ogg	2d7449a91c5e61719ad567b22c574cd8	14110
mods/heroes.stormmod/enus.stormassets/localizeddata/sounds/vo/rexxarbase_ping_retreat01.fxe	27e11c24edf9c20b9132818bb3051edf	1534
mods/heroes.stormmod/enus.stormassets/localizeddata/sounds/vo/rexxarbase_ping_retreat01.ogg	531877c7cb016dcc24f3818c3bca1155	19488
mods/heroes.stormmod/enus.stormassets/localizeddata/sounds/vo/rexxarbase_pissed00.fxe	51b9a719f492e1ed8aa439e9acffb9c6	1512
mods/heroes.stormmod/enus.stormassets/localizeddata/sounds/vo/rexxarbase_pissed00.ogg	24f36a3fda92d2c93031c433f2ba1dc6	23235
mods/heroes.stormmod/enus.stormassets/localizeddata/sounds/vo/rexxarbase_pissed01.fxe	c8916627b6c74f687694f684b0a43f92	1448
mods/heroes.stormmod/enus.stormassets/localizeddata/sounds/vo/rexxarbase_pissed01.ogg	05621d6c86f641e0101edf9c0cad2c38	28852
mods/heroes.stormmod/enus.stormassets/localizeddata/sounds/vo/rexxarbase_pissed02.fxe	91ea0eedd69c825de6a4f57600eb8fd5	5192
mods/heroes.stormmod/enus.stormassets/localizeddata/sounds/vo/rexxarbase_pissed02.ogg	5a3edc2965d4eda5f6fecbb2c2f52b14	112044
mods/heroes.stormmod/enus.stormassets/localizeddata/sounds/vo/rexxarbase_pissed03.fxe	b6feaacca2c418353f760eb4a2954a61	5048
mods/heroes.stormmod/enus.stormassets/localizeddata/sounds/vo/rexxarbase_pissed03.ogg	a6fd9eb42fe86fe08e8ad1fc610097b1	80378
mods/heroes.stormmod/enus.stormassets/localizeddata/sounds/vo/rexxarbase_pissed04.fxe	79fed0c655b2eeea3470d169d3070f92	2008
mods/heroes.stormmod/enus.stormassets/localizeddata/sounds/vo/rexxarbase_pissed04.ogg	ce873566bf0014f04a0f7418daa59ff3	45519
mods/heroes.stormmod/enus.stormassets/localizeddata/sounds/vo/rexxarbase_pissed05.fxe	b2855a78ee7d085a3f066eba0fc51b2d	4760
mods/heroes.stormmod/enus.stormassets/localizeddata/sounds/vo/rexxarbase_pissed05.ogg	6b3354ef47847440614c09c5ccd5de1a	91714
mods/heroes.stormmod/enus.stormassets/localizeddata/sounds/vo/rexxarbase_pissed06.fxe	9e687a3d09226a14077c269c457aa47c	4088
mods/heroes.stormmod/enus.stormassets/localizeddata/sounds/vo/rexxarbase_pissed06.ogg	046c83e64662cf41cc82e33a595cee88	84941
mods/heroes.stormmod/enus.stormassets/localizeddata/sounds/vo/rexxarbase_pissed07.fxe	66ca485af3e9526f600a126ccfa4ee44	5528
mods/heroes.stormmod/enus.stormassets/localizeddata/sounds/vo/rexxarbase_pissed07.ogg	7fbee70b9f7da6a6693e869486230e80	154640
mods/heroes.stormmod/enus.stormassets/localizeddata/sounds/vo/rexxarbase_pissed08.fxe	80d6b5b3ba9d8d4b98a8d89a1a29cdc1	4680
mods/heroes.stormmod/enus.stormassets/localizeddata/sounds/vo/rexxarbase_pissed08.ogg	dd1397a572068f91987c749eae3b9b2f	83858
mods/heroes.stormmod/enus.stormassets/localizeddata/sounds/vo/rexxarbase_pissed09.fxe	033141e2915942b798c7776bba5d3c40	4584
mods/heroes.stormmod/enus.stormassets/localizeddata/sounds/vo/rexxarbase_pissed09.ogg	a4372ba6cb3069f191bec0a821f41419	110490
mods/heroes.stormmod/enus.stormassets/localizeddata/sounds/vo/rexxarbase_pissed10.fxe	de9937c2642becc6d0f87c065e3a65fa	10408
mods/heroes.stormmod/enus.stormassets/localizeddata/sounds/vo/rexxarbase_pissed10.ogg	cbb2c7abda761e79c45f50be8065fcbc	193011
mods/heroes.stormmod/enus.stormassets/localizeddata/sounds/vo/rexxarbase_pissed11.fxe	a5e56535aa2572f759e290df892e83fb	3032
mods/heroes.stormmod/enus.stormassets/localizeddata/sounds/vo/rexxarbase_pissed11.ogg	df01fdf6ae4ead8fb4dbd8b313990307	87468
mods/heroes.stormmod/enus.stormassets/localizeddata/sounds/vo/rexxarbase_pissed12.fxe	85b1d765356cc91a1eb4f652f5698127	2200
mods/heroes.stormmod/enus.stormassets/localizeddata/sounds/vo/rexxarbase_pissed12.ogg	eff5a2cc293fa1ba947cc84e7c148730	75961
mods/heroes.stormmod/enus.stormassets/localizeddata/sounds/vo/rexxarbase_pissed13.fxe	b302288e860bc0b366d7caa58692d97e	4552
mods/heroes.stormmod/enus.stormassets/localizeddata/sounds/vo/rexxarbase_pissed13.ogg	75e86753b9775cddccded2a5cf203174	105204
mods/heroes.stormmod/enus.stormassets/localizeddata/sounds/vo/rexxarbase_pissed14.fxe	f697ee573b4cfed3f9d47174f69181b2	3496
mods/heroes.stormmod/enus.stormassets/localizeddata/sounds/vo/rexxarbase_pissed14.ogg	98918d8c4eb00dbfe922c74eba14426e	78724
mods/heroes.stormmod/enus.stormassets/localizeddata/sounds/vo/rexxarbase_resurrected00.fxe	4d9de3ee3ec28f720bc5ed41d3bb998c	2205
mods/heroes.stormmod/enus.stormassets/localizeddata/sounds/vo/rexxarbase_resurrected00.ogg	7ff7da11464f2c86c3c1a6e0ba3fe1cd	34616
mods/heroes.stormmod/enus.stormassets/localizeddata/sounds/vo/rexxarbase_resurrected01.fxe	0b9f0d190ef40bcb0e65c26e95c5b082	1485
mods/heroes.stormmod/enus.stormassets/localizeddata/sounds/vo/rexxarbase_resurrected01.ogg	3ba01c5cf4f9a8bab640708b2c986a53	22235
mods/heroes.stormmod/enus.stormassets/localizeddata/sounds/vo/rexxarbase_revive00.fxe	734063f17e2cfb21f9c8abcdddca9a60	1784
mods/heroes.stormmod/enus.stormassets/localizeddata/sounds/vo/rexxarbase_revive00.ogg	c835dbdc7703022c91b9bd318d066b47	30237
mods/heroes.stormmod/enus.stormassets/localizeddata/sounds/vo/rexxarbase_revive01.fxe	b1a1f498f0765603ba2fee24afc4c6de	1800
mods/heroes.stormmod/enus.stormassets/localizeddata/sounds/vo/rexxarbase_revive01.ogg	9202b174a3d4ed22a1edf5a520174c91	33086
mods/heroes.stormmod/enus.stormassets/localizeddata/sounds/vo/rexxarbase_revive02.fxe	1fdb1ba2a6ef38dd8f6279ebafb394d9	1416
mods/heroes.stormmod/enus.stormassets/localizeddata/sounds/vo/rexxarbase_revive02.ogg	e0be8c5ca75d6d3a47d965cb5da3d757	30228
mods/heroes.stormmod/enus.stormassets/localizeddata/sounds/vo/rexxarbase_social_hello00.fxe	01b92bb2456465617bfc9581ebf9eb00	1134
mods/heroes.stormmod/enus.stormassets/localizeddata/sounds/vo/rexxarbase_social_hello00.ogg	308779a1e9ad09449210a90f3b0c8c85	19317
mods/heroes.stormmod/enus.stormassets/localizeddata/sounds/vo/rexxarbase_spec00.fxe	dcca66d3c7abdb1cb588720d1db1f596	1574
mods/heroes.stormmod/enus.stormassets/localizeddata/sounds/vo/rexxarbase_spec00.ogg	2be374f7a79dff17a39461edb7bbdaf3	22672
mods/heroes.stormmod/enus.stormassets/localizeddata/sounds/vo/rexxarbase_spec01.fxe	20b07d99d7b7b39cf32fac4c464dca8d	1030
mods/heroes.stormmod/enus.stormassets/localizeddata/sounds/vo/rexxarbase_spec01.ogg	cae58b1e7056cc3adbeedd3090972158	17345
mods/heroes.stormmod/enus.stormassets/localizeddata/sounds/vo/rexxarbase_spec02.fxe	3e174daa961347625b6717ee7681abe0	1446
mods/heroes.stormmod/enus.stormassets/localizeddata/sounds/vo/rexxarbase_spec02.ogg	0c65cdfd5c2ce3dbaf9200b539e366fa	23369
mods/heroes.stormmod/enus.stormassets/localizeddata/sounds/vo/rexxarbase_spec03.fxe	23d15ad9537ef916a0f8897b3bbe92db	1174
mods/heroes.stormmod/enus.stormassets/localizeddata/sounds/vo/rexxarbase_spec03.ogg	a7e3008bd59023c6829c075cbf644a3e	17900
mods/heroes.stormmod/enus.stormassets/localizeddata/sounds/vo/rexxarbase_spec04.fxe	81ee2c46e5e7842aab5747483d48ab72	1414
mods/heroes.stormmod/enus.stormassets/localizeddata/sounds/vo/rexxarbase_spec04.ogg	e453671a0498448150a666d2c82d7cd6	24726
mods/heroes.stormmod/enus.stormassets/localizeddata/sounds/vo/rexxarbase_taunt00.fxe	77fd16d2a0c266eedc13209786230229	1735
mods/heroes.stormmod/enus.stormassets/localizeddata/sounds/vo/rexxarbase_taunt00.ogg	c2c9eaeabb1cb79477627ae9cc3def2a	25086
mods/heroes.stormmod/enus.stormassets/localizeddata/sounds/vo/rexxarbase_taunt01.fxe	8db7f4eb40c0c1a09be6f87bd338141c	2631
mods/heroes.stormmod/enus.stormassets/localizeddata/sounds/vo/rexxarbase_taunt01.ogg	2d8a6d9975d256862ec1b4d47baafb8e	35119
mods/heroes.stormmod/enus.stormassets/localizeddata/sounds/vo/rexxarbase_taunt02.fxe	8a5ba8d288eb7ab9e5a9ce098616edaf	1479
mods/heroes.stormmod/enus.stormassets/localizeddata/sounds/vo/rexxarbase_taunt02.ogg	06c74d80e17bd373b70160f211fc2c8c	21160
mods/heroes.stormmod/enus.stormassets/localizeddata/sounds/vo/rexxarbase_teamkilled00.fxe	5abf219d2ca2b5459b5378312343ea68	3372
mods/heroes.stormmod/enus.stormassets/localizeddata/sounds/vo/rexxarbase_teamkilled00.ogg	b7d4c4b77e5934c468a5e0c4ae8d8d0d	49019
mods/heroes.stormmod/enus.stormassets/localizeddata/sounds/vo/rexxarbase_ui_exlocked00.fxe	9a97c9fcd6c174df8bd07dd782dfecce	1469
mods/heroes.stormmod/enus.stormassets/localizeddata/sounds/vo/rexxarbase_ui_exlocked00.ogg	ed948b3514584c6dbd654c6c8c132da5	25756
mods/heroes.stormmod/enus.stormassets/localizeddata/sounds/vo/rexxarbase_ui_expurchased00.fxe	9befc943153c7a0d4eed9ed7d4fde176	896
mods/heroes.stormmod/enus.stormassets/localizeddata/sounds/vo/rexxarbase_ui_expurchased00.ogg	141f98833be432fb925d4c3cb20cad31	20244
mods/heroes.stormmod/enus.stormassets/localizeddata/sounds/vo/rexxarbase_ui_gift00.fxe	6bc29d711bc0b04c9fc9afe51ef837e8	2329
mods/heroes.stormmod/enus.stormassets/localizeddata/sounds/vo/rexxarbase_ui_gift00.ogg	0c68bb1268fbee0b0c9f36df15aa6433	33619
mods/heroes.stormmod/enus.stormassets/localizeddata/sounds/vo/rexxarbase_ui_lockin00.fxe	26a0ca1d6d3e4291c77d719cf2e8e030	2155
mods/heroes.stormmod/enus.stormassets/localizeddata/sounds/vo/rexxarbase_ui_lockin00.ogg	3c9dba0ccb84ef4c9166e7f7493a5695	35984
mods/heroes.stormmod/enus.stormassets/localizeddata/sounds/vo/rexxarbase_ui_purchase00.fxe	48fb1b3bdad69cd7465421496a12029a	2141
mods/heroes.stormmod/enus.stormassets/localizeddata/sounds/vo/rexxarbase_ui_purchase00.ogg	1109f4f6417215cf83b6051c488e80ad	36817
mods/heroes.stormmod/enus.stormassets/localizeddata/sounds/vo/rexxarbase_ui_trial00.fxe	32b9224b55a29085988bdc07e14c298c	2042
mods/heroes.stormmod/enus.stormassets/localizeddata/sounds/vo/rexxarbase_ui_trial00.ogg	968acee8c1bfb90ca0032e887b03bbb4	37185
mods/heroes.stormmod/enus.stormassets/localizeddata/sounds/vo/rexxarbase_ui_trial01.fxe	cf4e9e849b036a2ca4fae4e23f8e9ee2	3194
mods/heroes.stormmod/enus.stormassets/localizeddata/sounds/vo/rexxarbase_ui_trial01.ogg	53449dd1a86e48a2927e3cf573197bc7	44916
mods/heroes.stormmod/enus.stormassets/localizeddata/sounds/vo/rexxarbase_ui_waitlocked00.fxe	9eccc84b199b037fff5973237aeac860	1839
mods/heroes.stormmod/enus.stormassets/localizeddata/sounds/vo/rexxarbase_ui_waitlocked00.ogg	ff826d12a8c173400bc8a468ec570f9c	24928
mods/heroes.stormmod/enus.stormassets/localizeddata/sounds/vo/rexxarbase_ui_waitlocked01.fxe	a00da0cc6e4c52a2e747b53a56b18606	2479
mods/heroes.stormmod/enus.stormassets/localizeddata/sounds/vo/rexxarbase_ui_waitlocked01.ogg	ab10cc3c3a8ed1f9962fa7e73b4a9c53	47835
mods/heroes.stormmod/enus.stormassets/localizeddata/sounds/vo/rexxarbase_ui_waitpurchased00.fxe	8962bba99aadb6d21547e831b82c67a0	3218
mods/heroes.stormmod/enus.stormassets/localizeddata/sounds/vo/rexxarbase_ui_waitpurchased00.ogg	e7fa3e11ef81e17a6a559bc660d45a2f	56759
mods/heroes.stormmod/enus.stormassets/localizeddata/sounds/vo/rexxarbase_ui_waitpurchased01.fxe	64f02f7b01332fa8d8dec0444e20bcf4	2226
mods/heroes.stormmod/enus.stormassets/localizeddata/sounds/vo/rexxarbase_ui_waitpurchased01.ogg	dd0f15e5ce1d1ab21b4feabe5abbe7c9	27015
mods/heroes.stormmod/enus.stormassets/localizeddata/sounds/vo/rexxarbase_ultimate1used00.fxe	d0387f583608a2c8b6bab3803d9f7073	1215
mods/heroes.stormmod/enus.stormassets/localizeddata/sounds/vo/rexxarbase_ultimate1used00.ogg	8a1619c0de874827b9359d44fa2a40b9	20939
mods/heroes.stormmod/enus.stormassets/localizeddata/sounds/vo/rexxarbase_ultimate1used01.fxe	d07911e955b186d85d54997a0fd43a5d	1087
mods/heroes.stormmod/enus.stormassets/localizeddata/sounds/vo/rexxarbase_ultimate1used01.ogg	193fb01e6dcbc95a535ce319ee61993d	19627
mods/heroes.stormmod/enus.stormassets/localizeddata/sounds/vo/rexxarbase_ultimate1used02.fxe	1ac39b1b448fd5b5607d1ea9d167db7f	1311
mods/heroes.stormmod/enus.stormassets/localizeddata/sounds/vo/rexxarbase_ultimate1used02.ogg	18847d803042b804f566f093026a7be1	17352
mods/heroes.stormmod/enus.stormassets/localizeddata/sounds/vo/rexxarbase_ultimate2used00.fxe	6a99fa94084e399bca45cd525e75ce77	1167
mods/heroes.stormmod/enus.stormassets/localizeddata/sounds/vo/rexxarbase_ultimate2used00.ogg	4c9b3fee2e81108fe8d2fc9d71127c43	16229
mods/heroes.stormmod/enus.stormassets/localizeddata/sounds/vo/rexxarbase_ultimate2used02.fxe	e3fcccab9c8be2d882658ece62b7e28b	1295
mods/heroes.stormmod/enus.stormassets/localizeddata/sounds/vo/rexxarbase_ultimate2used02.ogg	0b8cc047177eb6fdf5606727536e078d	18184
mods/heroes.stormmod/enus.stormassets/localizeddata/sounds/vo/rexxarbase_voicelinefive00.ogg	9202b174a3d4ed22a1edf5a520174c91	33086
mods/heroes.stormmod/enus.stormassets/localizeddata/sounds/vo/rexxarbase_voicelinefour00.ogg	d10039024c593eeeec3a2c20f2f53ff6	25640
mods/heroes.stormmod/enus.stormassets/localizeddata/sounds/vo/rexxarbase_voicelineone00.ogg	f1f90e0f5a7c1f27a5fbd8e6074e1977	19169
mods/heroes.stormmod/enus.stormassets/localizeddata/sounds/vo/rexxarbase_voicelinethree00.ogg	fe575724a3d194922175bc7f63f52052	25635
mods/heroes.stormmod/enus.stormassets/localizeddata/sounds/vo/rexxarbase_voicelinetwo00.ogg	9c11c3537a807eb32de4a83fed5aae4f	31317
mods/heroes.stormmod/enus.stormassets/localizeddata/sounds/vo/rexxarbase_vox_attack00.fxe	1ae57ab898d05d35938edbf993528ccd	700
mods/heroes.stormmod/enus.stormassets/localizeddata/sounds/vo/rexxarbase_vox_attack00.ogg	32e8ce8570c780f8344a89533dd425d1	6153
mods/heroes.stormmod/enus.stormassets/localizeddata/sounds/vo/rexxarbase_vox_attack01.fxe	22af79a879b7e15b4cee6f6b3a3eb059	700
mods/heroes.stormmod/enus.stormassets/localizeddata/sounds/vo/rexxarbase_vox_attack01.ogg	bed9c434154e02be9e841fe3ebc59181	6198
mods/heroes.stormmod/enus.stormassets/localizeddata/sounds/vo/rexxarbase_vox_attack02.fxe	09c1fafbe5ef7b7ee8e6273f879f0f76	700
mods/heroes.stormmod/enus.stormassets/localizeddata/sounds/vo/rexxarbase_vox_attack02.ogg	6082b51b0f28a54f1be55f5afd57d2e8	6456
mods/heroes.stormmod/enus.stormassets/localizeddata/sounds/vo/rexxarbase_vox_attack03.fxe	b151368404bb84294a5046b1ba0eb22c	700
mods/heroes.stormmod/enus.stormassets/localizeddata/sounds/vo/rexxarbase_vox_attack03.ogg	3930bf6964b831a70fe0ceeecf026d9d	6458
mods/heroes.stormmod/enus.stormassets/localizeddata/sounds/vo/rexxarbase_vox_attack04.fxe	14c832a222725a76f9f905ae6a131de7	700
mods/heroes.stormmod/enus.stormassets/localizeddata/sounds/vo/rexxarbase_vox_attack04.ogg	9a3ffaf3aaa2aff01413a57acb97fd28	6107
mods/heroes.stormmod/enus.stormassets/localizeddata/sounds/vo/rexxarbase_vox_attack05.fxe	bd34486b1050533cf2c4d8f6d2894e93	700
mods/heroes.stormmod/enus.stormassets/localizeddata/sounds/vo/rexxarbase_vox_attack05.ogg	4dfad095a2afd3b82aa0c98b684043df	7436
mods/heroes.stormmod/enus.stormassets/localizeddata/sounds/vo/rexxarbase_vox_attack06.fxe	c49ea6f84a1415c47af3d38fd92361af	700
mods/heroes.stormmod/enus.stormassets/localizeddata/sounds/vo/rexxarbase_vox_attack06.ogg	74d7228fe5c12453cb19ade97a012b94	6578
mods/heroes.stormmod/enus.stormassets/localizeddata/sounds/vo/rexxarbase_vox_attack07.fxe	6e6d7ea84d830efdccf1ae3103796d15	700
mods/heroes.stormmod/enus.stormassets/localizeddata/sounds/vo/rexxarbase_vox_attack07.ogg	9cb079d7275ebce91929f5c47fb9806f	6925
mods/heroes.stormmod/enus.stormassets/localizeddata/sounds/vo/rexxarbase_vox_castingq00.fxe	446be15ed4aa8cbb5bd1484eb498f689	702
mods/heroes.stormmod/enus.stormassets/localizeddata/sounds/vo/rexxarbase_vox_castingq00.ogg	dfc1546d775f43bee8bc1f479f306d40	7432
mods/heroes.stormmod/enus.stormassets/localizeddata/sounds/vo/rexxarbase_vox_castingq01.fxe	7040d471b981d7b44410aa10d922bdcd	1006
mods/heroes.stormmod/enus.stormassets/localizeddata/sounds/vo/rexxarbase_vox_castingq01.ogg	2ee3690bfd86767ce7dc3af87d2dc490	8627
mods/heroes.stormmod/enus.stormassets/localizeddata/sounds/vo/rexxarbase_vox_castingq02.fxe	6ce487eed814e04fa0f4c15da6112109	1182
mods/heroes.stormmod/enus.stormassets/localizeddata/sounds/vo/rexxarbase_vox_castingq02.ogg	5e75fa3cef87c62dd967adaa16e8bd68	9590
mods/heroes.stormmod/enus.stormassets/localizeddata/sounds/vo/rexxarbase_vox_castingq03.fxe	73b20a153bf0063c0b0b338998a282b9	1102
mods/heroes.stormmod/enus.stormassets/localizeddata/sounds/vo/rexxarbase_vox_castingq03.ogg	dcba9ceec4d25d93f2067a628f3f7118	8450
mods/heroes.stormmod/enus.stormassets/localizeddata/sounds/vo/rexxarbase_vox_castingq04.fxe	795f2676180d0411eafeb1b8334b3339	702
mods/heroes.stormmod/enus.stormassets/localizeddata/sounds/vo/rexxarbase_vox_castingq04.ogg	f883ff8ee318a86506c19fe8965bb7e8	7033
mods/heroes.stormmod/enus.stormassets/localizeddata/sounds/vo/rexxarbase_vox_castingq05.fxe	14dc2840b7ce30406940729167576a43	1454
mods/heroes.stormmod/enus.stormassets/localizeddata/sounds/vo/rexxarbase_vox_castingq05.ogg	2dac5c4ac998553a5900ef2323b07a14	10728
mods/heroes.stormmod/enus.stormassets/localizeddata/sounds/vo/rexxarbase_vox_castingq06.fxe	3dfe50ddb4a2d8e9dcd3db8258885652	702
mods/heroes.stormmod/enus.stormassets/localizeddata/sounds/vo/rexxarbase_vox_castingq06.ogg	94533d0eed270ae4d0177b983916da02	6487
mods/heroes.stormmod/enus.stormassets/localizeddata/sounds/vo/rexxarbase_vox_cheer00.fxe	0a3ea4691f79e432dd183d96fab885af	1627
mods/heroes.stormmod/enus.stormassets/localizeddata/sounds/vo/rexxarbase_vox_cheer00.ogg	6b52a518d44fd4b5dd369db614091ba6	15072
mods/heroes.stormmod/enus.stormassets/localizeddata/sounds/vo/rexxarbase_vox_cheer01.fxe	71863903ac0e3984c2aff89ffacced0b	1115
mods/heroes.stormmod/enus.stormassets/localizeddata/sounds/vo/rexxarbase_vox_cheer01.ogg	617ffd5b76220e745cd645c03c79d296	12380
mods/heroes.stormmod/enus.stormassets/localizeddata/sounds/vo/rexxarbase_vox_cheer02.fxe	5fa9cbd9c8b53b9d9c8ac3ae7c540510	1339
mods/heroes.stormmod/enus.stormassets/localizeddata/sounds/vo/rexxarbase_vox_cheer02.ogg	4ef0b501ce7139bc0d6f2ee9833c86b4	15858
mods/heroes.stormmod/enus.stormassets/localizeddata/sounds/vo/rexxarbase_vox_cheer03.fxe	2e806db3d9f9f2ef0372f9d87ba583db	1275
mods/heroes.stormmod/enus.stormassets/localizeddata/sounds/vo/rexxarbase_vox_cheer03.ogg	bd57b46104ff93d59d774efc6f29504b	12391
mods/heroes.stormmod/enus.stormassets/localizeddata/sounds/vo/rexxarbase_vox_cheer04.fxe	b8cdcc612faca579c3a0656cf45537e2	1035
mods/heroes.stormmod/enus.stormassets/localizeddata/sounds/vo/rexxarbase_vox_cheer04.ogg	5f84dcd1dc31a10b66eb7375e697e33d	12600
mods/heroes.stormmod/enus.stormassets/localizeddata/sounds/vo/rexxarbase_vox_cheer05.fxe	10754e35fbceede0267be00fde3f8497	1371
mods/heroes.stormmod/enus.stormassets/localizeddata/sounds/vo/rexxarbase_vox_cheer05.ogg	691e26a4313da26026bbebf2ebc026b1	12812
mods/heroes.stormmod/enus.stormassets/localizeddata/sounds/vo/rexxarbase_vox_feigndeath00.fxe	a69df10cd37f956cfd1803eaa6ecaf47	1952
mods/heroes.stormmod/enus.stormassets/localizeddata/sounds/vo/rexxarbase_vox_feigndeath00.wav	8c6c87956c26daf950a0e8ae8016f35b	69948
mods/heroes.stormmod/enus.stormassets/localizeddata/sounds/vo/rexxarbase_vox_feigndeath01.fxe	a7925b36401ef102a323be53cc358bcf	3104
mods/heroes.stormmod/enus.stormassets/localizeddata/sounds/vo/rexxarbase_vox_feigndeath01.wav	db6ab0b0dc6ececea99fe55833288553	111420
mods/heroes.stormmod/enus.stormassets/localizeddata/sounds/vo/rexxarbase_vox_feigndeath02.fxe	cbcf93324872fc06f3679356496310bc	2976
mods/heroes.stormmod/enus.stormassets/localizeddata/sounds/vo/rexxarbase_vox_feigndeath02.wav	c9cfdade6c4519bad64fc762aa8aabbe	90172
mods/heroes.stormmod/enus.stormassets/localizeddata/sounds/vo/rexxarbase_vox_feigndeath03.fxe	370f3fd828d4b3b0905cff62af23a84a	2288
mods/heroes.stormmod/enus.stormassets/localizeddata/sounds/vo/rexxarbase_vox_feigndeath03.wav	04a2f7ef356a2dc4eff7387d8922207c	68412
mods/heroes.stormmod/enus.stormassets/localizeddata/sounds/vo/rexxarbase_vox_feigndeath04.fxe	21747ca44cab65a0bc01d79bb8874d26	1888
mods/heroes.stormmod/enus.stormassets/localizeddata/sounds/vo/rexxarbase_vox_feigndeath04.wav	e8814bde5ac07a937533b48e45de89ea	73276
mods/heroes.stormmod/enus.stormassets/localizeddata/sounds/vo/rexxarbase_vox_feigndeath05.fxe	d55153eab84ca018e82bfc1d12ef776d	2240
mods/heroes.stormmod/enus.stormassets/localizeddata/sounds/vo/rexxarbase_vox_feigndeath05.wav	ca22aa0e0d8e56b3a436f4511538cd08	79932
mods/heroes.stormmod/enus.stormassets/localizeddata/sounds/vo/rexxarbase_vox_gethitlarge00.fxe	7300f6d81a69fa23ab6b783a7c067fbb	1201
mods/heroes.stormmod/enus.stormassets/localizeddata/sounds/vo/rexxarbase_vox_gethitlarge00.ogg	55f532e6dad49e913f53a5a1d63a73fa	9731
mods/heroes.stormmod/enus.stormassets/localizeddata/sounds/vo/rexxarbase_vox_gethitlarge01.fxe	d5f2e54e8190fba9ad980331e459eb78	705
mods/heroes.stormmod/enus.stormassets/localizeddata/sounds/vo/rexxarbase_vox_gethitlarge01.ogg	1c1f99ce5d18846bbb1d8806c281cb85	7510
mods/heroes.stormmod/enus.stormassets/localizeddata/sounds/vo/rexxarbase_vox_gethitlarge02.fxe	bcb1c82bdc4e7f048caf3347ef35c81b	1009
mods/heroes.stormmod/enus.stormassets/localizeddata/sounds/vo/rexxarbase_vox_gethitlarge02.ogg	0b90393d5aca81e84e372feb343c030f	8920
mods/heroes.stormmod/enus.stormassets/localizeddata/sounds/vo/rexxarbase_vox_gethitlarge03.fxe	93b8ffe2e7ecf2e104b5fa4867afd6e3	1105
mods/heroes.stormmod/enus.stormassets/localizeddata/sounds/vo/rexxarbase_vox_gethitlarge03.ogg	242892adadd9f4bbb4414177cbbd675f	8821
mods/heroes.stormmod/enus.stormassets/localizeddata/sounds/vo/rexxarbase_vox_gethitlarge04.fxe	aae2e0bdd64c260aa3bbe7a3d9346d3f	1105
mods/heroes.stormmod/enus.stormassets/localizeddata/sounds/vo/rexxarbase_vox_gethitlarge04.ogg	c2b8213d985b036539fbb9aab20aed5c	9347
mods/heroes.stormmod/enus.stormassets/localizeddata/sounds/vo/rexxarbase_vox_gethitlarge05.fxe	87e2adef8ae4a49ffb8ba80fe02bf6e9	1073
mods/heroes.stormmod/enus.stormassets/localizeddata/sounds/vo/rexxarbase_vox_gethitlarge05.ogg	7621a9da38dfc112525da03563f783d8	8945
mods/heroes.stormmod/enus.stormassets/localizeddata/sounds/vo/rexxarbase_vox_gethitlarge06.fxe	6ca8493fe3d7755a966f5256d7270ddd	1041
mods/heroes.stormmod/enus.stormassets/localizeddata/sounds/vo/rexxarbase_vox_gethitlarge06.ogg	f69a7bf30d244bc6cfab068983e9e344	9220
mods/heroes.stormmod/enus.stormassets/localizeddata/sounds/vo/rexxarbase_vox_gethitlarge07.fxe	f606d31d78554a10f39259cf5043998e	1105
mods/heroes.stormmod/enus.stormassets/localizeddata/sounds/vo/rexxarbase_vox_gethitlarge07.ogg	787e8a766e1a57629f8bd5a6d894d4fe	14630
mods/heroes.stormmod/enus.stormassets/localizeddata/sounds/vo/rexxarbase_vox_gethitlarge08.fxe	431c92f2c16787ac872fb2bcc53e74d2	1137
mods/heroes.stormmod/enus.stormassets/localizeddata/sounds/vo/rexxarbase_vox_gethitlarge08.ogg	a5871e9f8ebc52f2d6d90dae69363865	12354
mods/heroes.stormmod/enus.stormassets/localizeddata/sounds/vo/rexxarbase_vox_gethitsmall00.fxe	b2e2ee90e378533b0caa014ecbd0fc77	705
mods/heroes.stormmod/enus.stormassets/localizeddata/sounds/vo/rexxarbase_vox_gethitsmall00.ogg	c83d656f1f128408a6aaf70061d966c9	6458
mods/heroes.stormmod/enus.stormassets/localizeddata/sounds/vo/rexxarbase_vox_gethitsmall01.fxe	703a22c42efd51306f22d3a980b32341	705
mods/heroes.stormmod/enus.stormassets/localizeddata/sounds/vo/rexxarbase_vox_gethitsmall01.ogg	fbba4d386f38bcdc3d545b7872f99d11	7098
mods/heroes.stormmod/enus.stormassets/localizeddata/sounds/vo/rexxarbase_vox_gethitsmall02.fxe	4e8889e64376c0ad4b07a8425b196eb3	705
mods/heroes.stormmod/enus.stormassets/localizeddata/sounds/vo/rexxarbase_vox_gethitsmall02.ogg	a92d8687bbd76dfa90e20194ec250192	7264
mods/heroes.stormmod/enus.stormassets/localizeddata/sounds/vo/rexxarbase_vox_gethitsmall03.fxe	9b06f419de76e069fc1358421d852c15	1233
mods/heroes.stormmod/enus.stormassets/localizeddata/sounds/vo/rexxarbase_vox_gethitsmall03.ogg	9b6267e913cd881e76f1887367b380fb	13738
mods/heroes.stormmod/enus.stormassets/localizeddata/sounds/vo/rexxarbase_vox_gethitsmall04.fxe	aa3bc05258fb9eb047392a97652affbd	705
mods/heroes.stormmod/enus.stormassets/localizeddata/sounds/vo/rexxarbase_vox_gethitsmall04.ogg	5f7ed357fb728b7628742ac417b4410d	6812
mods/heroes.stormmod/enus.stormassets/localizeddata/sounds/vo/rexxarbase_vox_gethitsmall05.fxe	2c14e0af496773c5a7fb96ee64b30e80	705
mods/heroes.stormmod/enus.stormassets/localizeddata/sounds/vo/rexxarbase_vox_gethitsmall05.ogg	2ca5ee771a70aef8a16d8a43b6cdd90c	5951
mods/heroes.stormmod/enus.stormassets/localizeddata/sounds/vo/rexxarbase_vox_gethitsmall06.fxe	81d6da702ab808e5a9307c087e12f1a2	705
mods/heroes.stormmod/enus.stormassets/localizeddata/sounds/vo/rexxarbase_vox_gethitsmall06.ogg	5427f54265cc7bb0af62dbd155ede408	6710
mods/heroes.stormmod/enus.stormassets/localizeddata/sounds/vo/rexxarbase_vox_gethitsmall07.fxe	24c6f7eef46d4cd16b6d594adaaf9a61	897
mods/heroes.stormmod/enus.stormassets/localizeddata/sounds/vo/rexxarbase_vox_gethitsmall07.ogg	b8697b7923c82237ee0ecdf171bbcc19	8818
mods/heroes.stormmod/enus.stormassets/localizeddata/sounds/vo/rexxarbase_vox_gethitsmall08.fxe	6d80f08380002e052fab55184cf9f51d	1025
mods/heroes.stormmod/enus.stormassets/localizeddata/sounds/vo/rexxarbase_vox_gethitsmall08.ogg	8590cfc0e565eff2a4ba420e0539292b	8383
mods/heroes.stormmod/enus.stormassets/localizeddata/sounds/vo/rexxarbase_vox_gethitsmall09.fxe	7824fe2968b1793d3e0cb15808b777e3	1393
mods/heroes.stormmod/enus.stormassets/localizeddata/sounds/vo/rexxarbase_vox_gethitsmall09.ogg	7ad0bbf8a35a0d7c47a2c77523447743	10694
mods/heroes.stormmod/enus.stormassets/localizeddata/sounds/vo/rexxarbase_vox_houndsmiss00.fxe	2a7c3fe0856097dd5500373fc274c5f2	896
mods/heroes.stormmod/enus.stormassets/localizeddata/sounds/vo/rexxarbase_vox_houndsmiss00.ogg	6ea82926d855de120f539c5f4ab7aedc	8667
mods/heroes.stormmod/enus.stormassets/localizeddata/sounds/vo/rexxarbase_vox_houndsmiss01.fxe	e5a88680b9ce43ec87bdc5e8e7887b4d	1072
mods/heroes.stormmod/enus.stormassets/localizeddata/sounds/vo/rexxarbase_vox_houndsmiss01.ogg	096d073d0f48c6906725bf21ec818ff4	8472
mods/heroes.stormmod/enus.stormassets/localizeddata/sounds/vo/rexxarbase_vox_houndsmiss02.fxe	e2310cadf065c2b16592574493d2b87b	1120
mods/heroes.stormmod/enus.stormassets/localizeddata/sounds/vo/rexxarbase_vox_houndsmiss02.ogg	52db38f1045e0a5437902c91079fda5f	8885
mods/heroes.stormmod/enus.stormassets/localizeddata/sounds/vo/rexxarbase_vox_houndsmiss03.fxe	2efe15cd3db7689caa746d248e8930a3	928
mods/heroes.stormmod/enus.stormassets/localizeddata/sounds/vo/rexxarbase_vox_houndsmiss03.ogg	dcb5e04b8eac6647e53aab380904a1c8	8408
mods/heroes.stormmod/enus.stormassets/localizeddata/sounds/vo/rexxarbase_vox_houndsmiss04.fxe	68b3e5471ebef310528e4ab5819e11a4	768
mods/heroes.stormmod/enus.stormassets/localizeddata/sounds/vo/rexxarbase_vox_houndsmiss04.ogg	b25f75d191d0602d6e98ac472b9fb945	8752
mods/heroes.stormmod/enus.stormassets/localizeddata/sounds/vo/rexxarbase_vox_houndsmiss05.fxe	78e79e8267142e2ea3fb6e8f04a42c69	1200
mods/heroes.stormmod/enus.stormassets/localizeddata/sounds/vo/rexxarbase_vox_houndsmiss05.ogg	ef09183cdde360286a2ce7e8e99d0741	9591
mods/heroes.stormmod/enus.stormassets/localizeddata/sounds/vo/rexxarbase_vox_pulled00.fxe	83472b122627c645ac7a6a7e81d8670a	700
mods/heroes.stormmod/enus.stormassets/localizeddata/sounds/vo/rexxarbase_vox_pulled00.ogg	aacb3d778f218f8019f1b47fac87f871	7684
mods/heroes.stormmod/enus.stormassets/localizeddata/sounds/vo/rexxarbase_vox_pulled01.fxe	80cc6c1887c4c4477e38f44e42137fe4	700
mods/heroes.stormmod/enus.stormassets/localizeddata/sounds/vo/rexxarbase_vox_pulled01.ogg	1bbf541750d9dffb540c6e3291b4e215	7958
mods/heroes.stormmod/enus.stormassets/localizeddata/sounds/vo/rexxarbase_vox_pulled02.fxe	a9620c9bc02313f5638aba171c6027a8	1084
mods/heroes.stormmod/enus.stormassets/localizeddata/sounds/vo/rexxarbase_vox_pulled02.ogg	a389353bdd5ef961f45ae3bcaf3ad880	9373
mods/heroes.stormmod/enus.stormassets/localizeddata/sounds/vo/rexxarbase_vox_pulled03.fxe	0625c4a735f598275fb9dee531f86dae	1116
mods/heroes.stormmod/enus.stormassets/localizeddata/sounds/vo/rexxarbase_vox_pulled03.ogg	c64d1f6eeab54e91271d86e5afc04f68	10931
mods/heroes.stormmod/enus.stormassets/localizeddata/sounds/vo/rexxarbase_vox_pulled04.fxe	f100a74cb427aea1e34f409cb697fcd3	1116
mods/heroes.stormmod/enus.stormassets/localizeddata/sounds/vo/rexxarbase_vox_pulled04.ogg	436408933e5fe31da9261d0696417cde	9175
mods/heroes.stormmod/enus.stormassets/localizeddata/sounds/vo/rexxarbase_vox_pulled05.fxe	da703de47620f301da6311965b72e7c8	956
mods/heroes.stormmod/enus.stormassets/localizeddata/sounds/vo/rexxarbase_vox_pulled05.ogg	4449c8424c9bb6c6cb3990270915e042	9743
mods/heroes.stormmod/enus.stormassets/localizeddata/sounds/vo/rexxarbase_vox_toss00.fxe	5b74b7ba088297afa6311ee868a5a21e	698
mods/heroes.stormmod/enus.stormassets/localizeddata/sounds/vo/rexxarbase_vox_toss00.ogg	56265d51936e4f7ce8a700bcbe8da33e	6550
mods/heroes.stormmod/enus.stormassets/localizeddata/sounds/vo/rexxarbase_vox_toss01.fxe	6c10c6dbabeee0fda0da68b7a530f0af	698
mods/heroes.stormmod/enus.stormassets/localizeddata/sounds/vo/rexxarbase_vox_toss01.ogg	c15bdef2700dd7dc0a79421ed75ca708	5974
mods/heroes.stormmod/enus.stormassets/localizeddata/sounds/vo/rexxarbase_vox_toss02.fxe	da49d31adbb2316d616d378ef89df5f3	698
mods/heroes.stormmod/enus.stormassets/localizeddata/sounds/vo/rexxarbase_vox_toss02.ogg	9236bdf0f9ecc9c6b64c896af7a29447	5671
mods/heroes.stormmod/enus.stormassets/localizeddata/sounds/vo/rexxarbase_vox_toss03.fxe	c40655dbb12c26732e36594164a06b7d	698
mods/heroes.stormmod/enus.stormassets/localizeddata/sounds/vo/rexxarbase_vox_toss03.ogg	ead4fb515c18708f710d46c26849dcb7	6394
mods/heroes.stormmod/enus.stormassets/localizeddata/sounds/vo/rexxarbase_vox_toss04.fxe	1d4756b01179bd535484817113fcfd15	698
mods/heroes.stormmod/enus.stormassets/localizeddata/sounds/vo/rexxarbase_vox_toss04.ogg	79d3deeff36049e5571db58d721faf1e	5621
mods/heroes.stormmod/enus.stormassets/localizeddata/sounds/vo/rexxarbase_vox_toss05.fxe	a32e85e342aa676ba86bb187f4cb1091	698
mods/heroes.stormmod/enus.stormassets/localizeddata/sounds/vo/rexxarbase_vox_toss05.ogg	4db9ad0ec377ceacf1db18232fe8e5c0	6136
mods/heroes.stormmod/enus.stormassets/localizeddata/sounds/vo/rexxarbase_vox_toss06.fxe	91061b41271d84077374f8c588c8455b	698
mods/heroes.stormmod/enus.stormassets/localizeddata/sounds/vo/rexxarbase_vox_toss06.ogg	06ceb55e4215773d0c2ed0c3086cb368	6480
mods/heroes.stormmod/enus.stormassets/localizeddata/sounds/vo/rexxarbase_worthit00.fxe	091f359221609bbd46c5f2d5c0ec62ee	1529
mods/heroes.stormmod/enus.stormassets/localizeddata/sounds/vo/rexxarbase_worthit00.ogg	6f1c6c7187781e4a951fe59fc6f0147b	21469
mods/heroes.stormmod/enus.stormassets/localizeddata/sounds/vo/rexxarbase_worthit01.fxe	91be2dbb9c15841c440a1e8bcd0dc061	1577
mods/heroes.stormmod/enus.stormassets/localizeddata/sounds/vo/rexxarbase_worthit01.ogg	e5b398ed540eca5f02cf14a73a78ec8f	25636
mods/heroes.stormmod/enus.stormassets/localizeddata/sounds/vo/rexxarbase_yes00.fxe	66845e3ced38f07bac6ca558b1f68f70	1717
mods/heroes.stormmod/enus.stormassets/localizeddata/sounds/vo/rexxarbase_yes00.ogg	20ee15f89678b860d1f80a17b95ea7ec	28419
mods/heroes.stormmod/enus.stormassets/localizeddata/sounds/vo/rexxarbase_yes01.fxe	3c02e6ab3e9ec3b62561e9428310c45b	1461
mods/heroes.stormmod/enus.stormassets/localizeddata/sounds/vo/rexxarbase_yes01.ogg	b53865707ae8cc7c267d650ece0fae8b	26462
mods/heroes.stormmod/enus.stormassets/localizeddata/sounds/vo/rexxarbase_yes02.fxe	59e8a8a683f74f4e0376c798fbdbe15e	1429
mods/heroes.stormmod/enus.stormassets/localizeddata/sounds/vo/rexxarbase_yes02.ogg	9bf8e36f1243c02cac6dd536d2229553	18698
mods/heroes.stormmod/enus.stormassets/localizeddata/sounds/vo/rexxarbase_yes03.fxe	0a894a78c82224601bc78f0184eb649e	1061
mods/heroes.stormmod/enus.stormassets/localizeddata/sounds/vo/rexxarbase_yes03.ogg	6f7e31330e606fdce76fb50e23df2348	25629
mods/heroes.stormmod/enus.stormassets/localizeddata/sounds/vo/rexxarbase_yes04.fxe	fe498ff20ff6431903ce8dc193a1ed8b	1429
mods/heroes.stormmod/enus.stormassets/localizeddata/sounds/vo/rexxarbase_yes04.ogg	9c7cb6ff7e1ef47b7fee66fd311eb911	25611
mods/heroes.stormmod/enus.stormassets/localizeddata/sounds/vo/rexxarbase_yes05.fxe	a9ae3b8df41ffcfcfa4819a94567bc9c	1125
mods/heroes.stormmod/enus.stormassets/localizeddata/sounds/vo/rexxarbase_yes05.ogg	d464b3d246c51dfb785c4b1c214dade2	16239
mods/heroes.stormmod/enus.stormassets/localizeddata/sounds/vo/rexxarbase_yes06.fxe	ac0260ab9d9c8e64867aeee0265d0d33	1269
mods/heroes.stormmod/enus.stormassets/localizeddata/sounds/vo/rexxarbase_yes06.ogg	059547fd48f24ef97f24f70ea4207cff	25033
mods/heroes.stormmod/enus.stormassets/localizeddata/sounds/vo/rexxarbase_yes07.fxe	571786b93c920bb44c9cf12fa63eb237	1077
mods/heroes.stormmod/enus.stormassets/localizeddata/sounds/vo/rexxarbase_yes07.ogg	70bea90408515c04163305457018516a	18735
mods/heroes.stormmod/enus.stormassets/localizeddata/sounds/vo/rexxarbase_yes08.fxe	602beb367a3d13070826bd42415d464d	1253
mods/heroes.stormmod/enus.stormassets/localizeddata/sounds/vo/rexxarbase_yes08.ogg	43400729e214509a576a1985375a9072	20619
mods/heroes.stormmod/enus.stormassets/localizeddata/sounds/vo/rexxarstarcraft_ai_attack00.ogg	ae3708e4a5b8f672e25ddc91bba70466	27585
mods/heroes.stormmod/enus.stormassets/localizeddata/sounds/vo/rexxarstarcraft_ai_attack01.ogg	c4fd76f2998709797be4ec6d6c2a1e8a	31250
mods/heroes.stormmod/enus.stormassets/localizeddata/sounds/vo/rexxarstarcraft_ai_attack02.ogg	48a7ff15134082b18ab5b8f1498d5ae5	14178
mods/heroes.stormmod/enus.stormassets/localizeddata/sounds/vo/rexxarstarcraft_ai_caution00.ogg	db86d3136bead6e5836fc2329da61726	36054
mods/heroes.stormmod/enus.stormassets/localizeddata/sounds/vo/rexxarstarcraft_ai_goodjob00.ogg	1d14e9d755e9c462ce36042a61c8de5a	18670
mods/heroes.stormmod/enus.stormassets/localizeddata/sounds/vo/rexxarstarcraft_ai_goodjob01.ogg	96d36e15c7cc8e28a80aa90c4920542d	20055
mods/heroes.stormmod/enus.stormassets/localizeddata/sounds/vo/rexxarstarcraft_ai_goodjob02.ogg	e88d52c7e199875da92b38d5668d52e5	23926
mods/heroes.stormmod/enus.stormassets/localizeddata/sounds/vo/rexxarstarcraft_ai_heal00.ogg	0b1878dafa3839392aacf70fe3f858dd	32269
mods/heroes.stormmod/enus.stormassets/localizeddata/sounds/vo/rexxarstarcraft_ai_heal01.ogg	cb329919465a972c3638c94174c702f8	25790
mods/heroes.stormmod/enus.stormassets/localizeddata/sounds/vo/rexxarstarcraft_ai_onmyway00.ogg	7b6f3bafc32cd09f6a280572140f617c	25594
mods/heroes.stormmod/enus.stormassets/localizeddata/sounds/vo/rexxarstarcraft_ai_onmyway01.ogg	a944ed21c626677e49b42c51882ccc55	24149
mods/heroes.stormmod/enus.stormassets/localizeddata/sounds/vo/rexxarstarcraft_ai_retreat00.ogg	78fcbc661b520fb3b67bdda20434d695	18142
mods/heroes.stormmod/enus.stormassets/localizeddata/sounds/vo/rexxarstarcraft_ai_retreat01.ogg	6deecb0e7d33ed26dbf8d1fe4c5e9bfb	16493
mods/heroes.stormmod/enus.stormassets/localizeddata/sounds/vo/rexxarstarcraft_ai_uhoh00.ogg	0e884bb75174eb98c8b6f4add5ab87a9	28535
mods/heroes.stormmod/enus.stormassets/localizeddata/sounds/vo/rexxarstarcraft_ai_uhoh01.ogg	007781fd42cb7ddb13f3e7c6fd5518ce	19222
mods/heroes.stormmod/enus.stormassets/localizeddata/sounds/vo/rexxarstarcraft_ai_uhoh02_alt.ogg	6550c084d3b56c618c3925351f2fd94f	20037
mods/heroes.stormmod/enus.stormassets/localizeddata/sounds/vo/rexxarstarcraft_attack00.ogg	dc197886bb2febf7dcffb415fc703491	25453
mods/heroes.stormmod/enus.stormassets/localizeddata/sounds/vo/rexxarstarcraft_attack01.ogg	aaa06737aa4fce0c379c56ed8857c9b0	22536
mods/heroes.stormmod/enus.stormassets/localizeddata/sounds/vo/rexxarstarcraft_attack02.ogg	4f1004f0efeb7d7b8530bc68a5d7a118	22514
mods/heroes.stormmod/enus.stormassets/localizeddata/sounds/vo/rexxarstarcraft_attack03.ogg	aab6c0eeaa2834b92a5bb89c37b4b760	18158
mods/heroes.stormmod/enus.stormassets/localizeddata/sounds/vo/rexxarstarcraft_attack04.ogg	8033b8f34acb9c4399304dfb7dcffac6	19651
mods/heroes.stormmod/enus.stormassets/localizeddata/sounds/vo/rexxarstarcraft_attack05.ogg	3a532ca9d4178914358c094456c2cb1c	16851
mods/heroes.stormmod/enus.stormassets/localizeddata/sounds/vo/rexxarstarcraft_attack06.ogg	b0e14859d75522b0d6b3c32993467bb9	22641
mods/heroes.stormmod/enus.stormassets/localizeddata/sounds/vo/rexxarstarcraft_celebrate00.ogg	41bcb24377274d196cfe159bbf7b445d	14386
mods/heroes.stormmod/enus.stormassets/localizeddata/sounds/vo/rexxarstarcraft_celebrate01.ogg	f3142eb3708753efceb58a7c0d46acf1	21321
mods/heroes.stormmod/enus.stormassets/localizeddata/sounds/vo/rexxarstarcraft_comeback00.ogg	c214c49eb143e4e117b39367364133dd	27122
mods/heroes.stormmod/enus.stormassets/localizeddata/sounds/vo/rexxarstarcraft_death00.wav	de22fc4295d9981470c45ad7d995f9eb	64572
mods/heroes.stormmod/enus.stormassets/localizeddata/sounds/vo/rexxarstarcraft_death01.wav	2d4402747628d38fd71ee88ecae3633a	67900
mods/heroes.stormmod/enus.stormassets/localizeddata/sounds/vo/rexxarstarcraft_death02.wav	6dcbfce4cd84a2fa1247d8e39782fa9b	68156
mods/heroes.stormmod/enus.stormassets/localizeddata/sounds/vo/rexxarstarcraft_death03.wav	fee4c89d13d1be71f7c6c16905721a17	71996
mods/heroes.stormmod/enus.stormassets/localizeddata/sounds/vo/rexxarstarcraft_death04.wav	0e72ea0c5c5bd51c95d74d23bdcdaa5e	69180
mods/heroes.stormmod/enus.stormassets/localizeddata/sounds/vo/rexxarstarcraft_death05.wav	be248ed88e2223984c9e23f03cd4eb3e	50236
mods/heroes.stormmod/enus.stormassets/localizeddata/sounds/vo/rexxarstarcraft_death06.wav	d0e7b0e61cec1c9f1de4558130b10c22	50236
mods/heroes.stormmod/enus.stormassets/localizeddata/sounds/vo/rexxarstarcraft_death07.wav	c10e64c93b80e26fb7ab2184ada55ecc	55356
mods/heroes.stormmod/enus.stormassets/localizeddata/sounds/vo/rexxarstarcraft_healed00.ogg	ef0547e4d220d723ed4135c923d55ede	24454
mods/heroes.stormmod/enus.stormassets/localizeddata/sounds/vo/rexxarstarcraft_healed01.ogg	54418ff170eab6d7afe1cff2e37d28dd	18642
mods/heroes.stormmod/enus.stormassets/localizeddata/sounds/vo/rexxarstarcraft_healed02.ogg	6bbe7712594ad6b27e520084c9c7741f	16602
mods/heroes.stormmod/enus.stormassets/localizeddata/sounds/vo/rexxarstarcraft_introagree00.ogg	05a1a50722ad45f6643337fe9baa2016	27734
mods/heroes.stormmod/enus.stormassets/localizeddata/sounds/vo/rexxarstarcraft_introagree01.ogg	c8e7a4d85570b53eab1d5e2d0df995c8	25710
mods/heroes.stormmod/enus.stormassets/localizeddata/sounds/vo/rexxarstarcraft_introagree02.ogg	d2b6a58dbcc0c0b7df8b83b832246669	25351
mods/heroes.stormmod/enus.stormassets/localizeddata/sounds/vo/rexxarstarcraft_introboast00.ogg	a000f06df73b50a98c30a57211307028	34413
mods/heroes.stormmod/enus.stormassets/localizeddata/sounds/vo/rexxarstarcraft_introboast01.ogg	d3262a3e02793c4152f94f24cc4ea34d	29934
mods/heroes.stormmod/enus.stormassets/localizeddata/sounds/vo/rexxarstarcraft_introquestion00.ogg	4f0fff604e79b54076fe4367e8f5919b	32907
mods/heroes.stormmod/enus.stormassets/localizeddata/sounds/vo/rexxarstarcraft_introquestion01.ogg	b1fba979ca148179a94dea3c7a7a2e62	34360
mods/heroes.stormmod/enus.stormassets/localizeddata/sounds/vo/rexxarstarcraft_introquestion_butcher00.ogg	69afe54686a679a8996e41331c5c7fd7	37640
mods/heroes.stormmod/enus.stormassets/localizeddata/sounds/vo/rexxarstarcraft_introquestion_chen00.ogg	8602fc96741d1e7893eb260ed7243d16	39450
mods/heroes.stormmod/enus.stormassets/localizeddata/sounds/vo/rexxarstarcraft_introquestion_demonhunter00.ogg	e71352bf7ec0f5ba6c492f00b428ff4c	22427
mods/heroes.stormmod/enus.stormassets/localizeddata/sounds/vo/rexxarstarcraft_introquestion_gazlowe00.ogg	12d896921fa703093e6634c6b21d3de4	26069
mods/heroes.stormmod/enus.stormassets/localizeddata/sounds/vo/rexxarstarcraft_introquestion_horde00.ogg	fa5446adf0a3036e880cc5ff954b04f9	24154
mods/heroes.stormmod/enus.stormassets/localizeddata/sounds/vo/rexxarstarcraft_introquestion_jaina00.ogg	5622949b2ea62a6c6b3b1e32d208e178	37066
mods/heroes.stormmod/enus.stormassets/localizeddata/sounds/vo/rexxarstarcraft_introquestion_murky00.ogg	8979421d2cdc9e2001ad99a32d376f6a	37409
mods/heroes.stormmod/enus.stormassets/localizeddata/sounds/vo/rexxarstarcraft_introquestion_negative00.ogg	0982664b48e600ffd5ee7f4463cb82dd	25289
mods/heroes.stormmod/enus.stormassets/localizeddata/sounds/vo/rexxarstarcraft_introquestion_positive00.ogg	b3b361e060cbaa27cafd24f472957ca7	33122
mods/heroes.stormmod/enus.stormassets/localizeddata/sounds/vo/rexxarstarcraft_introquestion_thrall00.ogg	06d1d561e39637bcb0cee39d4b634561	35028
mods/heroes.stormmod/enus.stormassets/localizeddata/sounds/vo/rexxarstarcraft_introrespond00.ogg	f6b97c05f7133db2aab10c1b27abfa90	19851
mods/heroes.stormmod/enus.stormassets/localizeddata/sounds/vo/rexxarstarcraft_introrespond01.ogg	8555218f23183708d942d1b84b7e7bb8	27843
mods/heroes.stormmod/enus.stormassets/localizeddata/sounds/vo/rexxarstarcraft_introrespond02.ogg	ff54c0037624eb00e0302e44b6d6134d	33036
mods/heroes.stormmod/enus.stormassets/localizeddata/sounds/vo/rexxarstarcraft_introresponse_angry00.ogg	e09ffa0251908c01ac0b0cc4358bb0ec	36884
mods/heroes.stormmod/enus.stormassets/localizeddata/sounds/vo/rexxarstarcraft_introresponse_butcher00.ogg	ca6f94d06961c388ab7abab1ec8390dc	49536
mods/heroes.stormmod/enus.stormassets/localizeddata/sounds/vo/rexxarstarcraft_introresponse_chen00.ogg	35930dec756ea8faf74a2d7fe42b6970	56333
mods/heroes.stormmod/enus.stormassets/localizeddata/sounds/vo/rexxarstarcraft_introresponse_demonhunter00.ogg	b5508a5603ec9824cf447c96472faadd	40885
mods/heroes.stormmod/enus.stormassets/localizeddata/sounds/vo/rexxarstarcraft_introresponse_dismiss00.ogg	24a8971830215b2b99d3f38ea375d6a3	25058
mods/heroes.stormmod/enus.stormassets/localizeddata/sounds/vo/rexxarstarcraft_introresponse_gazlowe00.ogg	c439854e447fa5992d512467004fb355	61744
mods/heroes.stormmod/enus.stormassets/localizeddata/sounds/vo/rexxarstarcraft_introresponse_horde00.ogg	3a535963eb1ffcebf11877ea0f181c30	17131
mods/heroes.stormmod/enus.stormassets/localizeddata/sounds/vo/rexxarstarcraft_introresponse_jaina00.ogg	f4bdcbd418bf49a7700e848781bb1367	41284
mods/heroes.stormmod/enus.stormassets/localizeddata/sounds/vo/rexxarstarcraft_introresponse_murky00.ogg	c7007891ad111f720f6ef694b1f5e310	46809
mods/heroes.stormmod/enus.stormassets/localizeddata/sounds/vo/rexxarstarcraft_introresponse_negative00.ogg	0db9713a4f2fa8d5e6e947138a32d384	40714
mods/heroes.stormmod/enus.stormassets/localizeddata/sounds/vo/rexxarstarcraft_introresponse_neutral00.ogg	dbf160fa7df8b1b12e8b3c9722e61cfb	34276
mods/heroes.stormmod/enus.stormassets/localizeddata/sounds/vo/rexxarstarcraft_introresponse_positive00.ogg	b69fffc2ed57ffddb92e40986d293191	58393
mods/heroes.stormmod/enus.stormassets/localizeddata/sounds/vo/rexxarstarcraft_introresponse_thrall00.ogg	9ebf7bc26de7e52883cf235681228c35	48629
mods/heroes.stormmod/enus.stormassets/localizeddata/sounds/vo/rexxarstarcraft_introresponse_tired00.ogg	0e90175fb874fad24b96382f3658d3af	34014
mods/heroes.stormmod/enus.stormassets/localizeddata/sounds/vo/rexxarstarcraft_kill00.ogg	e2d9ff0709eb2d7c3cd0acd4a40325e1	31286
mods/heroes.stormmod/enus.stormassets/localizeddata/sounds/vo/rexxarstarcraft_kill01.ogg	c9300d70c32a1e953cb52da0991d01df	19609
mods/heroes.stormmod/enus.stormassets/localizeddata/sounds/vo/rexxarstarcraft_kill02.ogg	8d258222a4245e608857ffbc4602a487	29373
mods/heroes.stormmod/enus.stormassets/localizeddata/sounds/vo/rexxarstarcraft_kill03.ogg	efc460d61793236308bea667ad60ecc0	33645
mods/heroes.stormmod/enus.stormassets/localizeddata/sounds/vo/rexxarstarcraft_kill04.ogg	aabc4d5418d7a12e854b3607cee75e80	31708
mods/heroes.stormmod/enus.stormassets/localizeddata/sounds/vo/rexxarstarcraft_killbutcher00.ogg	9f9fc0be4ec11bfa227a8d914ae93063	40319
mods/heroes.stormmod/enus.stormassets/localizeddata/sounds/vo/rexxarstarcraft_killchen00.ogg	dcd2967fb8c3ba97f6804e40e69603e7	38995
mods/heroes.stormmod/enus.stormassets/localizeddata/sounds/vo/rexxarstarcraft_killchogall00.ogg	48a0cc583530e7e9444900b544bc66a9	38199
mods/heroes.stormmod/enus.stormassets/localizeddata/sounds/vo/rexxarstarcraft_killdemonhunter00.ogg	7e09c32731edce147b87d313f6ae2db5	35787
mods/heroes.stormmod/enus.stormassets/localizeddata/sounds/vo/rexxarstarcraft_killhorde00.ogg	f492ef77eeab7708e9260c6aba0c2e62	34878
mods/heroes.stormmod/enus.stormassets/localizeddata/sounds/vo/rexxarstarcraft_killjaina00.ogg	b08fb360d41dcef1a074a278a0fbd5d9	37552
mods/heroes.stormmod/enus.stormassets/localizeddata/sounds/vo/rexxarstarcraft_killspreeend00.ogg	b84bc0eca9781fdadcd718dc55565c47	26903
mods/heroes.stormmod/enus.stormassets/localizeddata/sounds/vo/rexxarstarcraft_killthrall00.ogg	0928faf6a48d3c59462e72fa5202f14b	26839
mods/heroes.stormmod/enus.stormassets/localizeddata/sounds/vo/rexxarstarcraft_laugh00_01.ogg	01e4e2a8095a44adcdee14072be40c42	23664
mods/heroes.stormmod/enus.stormassets/localizeddata/sounds/vo/rexxarstarcraft_laugh00_02.ogg	18b5445461360adb0ede867a2801f29c	27261
mods/heroes.stormmod/enus.stormassets/localizeddata/sounds/vo/rexxarstarcraft_laugh00_03.ogg	a5f0c1b4b8133622fb57fe20b7287dea	32263
mods/heroes.stormmod/enus.stormassets/localizeddata/sounds/vo/rexxarstarcraft_laugh00_04.ogg	2399ac8691d5506a33aae2117a760f02	17083
mods/heroes.stormmod/enus.stormassets/localizeddata/sounds/vo/rexxarstarcraft_laugh00_05.ogg	a282898c94d140079697fcc774973e89	15715
mods/heroes.stormmod/enus.stormassets/localizeddata/sounds/vo/rexxarstarcraft_laugh00_06.ogg	5926eef0a5f0898ce02982d0217e2b6c	16385
mods/heroes.stormmod/enus.stormassets/localizeddata/sounds/vo/rexxarstarcraft_lowlifeheal00.ogg	3720671b80293614ae21c8b9cec059bc	27611
mods/heroes.stormmod/enus.stormassets/localizeddata/sounds/vo/rexxarstarcraft_lowlifeheal01.ogg	197bf23c5a7916c13c79334043353f16	28161
mods/heroes.stormmod/enus.stormassets/localizeddata/sounds/vo/rexxarstarcraft_lowlifeheal02.ogg	74baa8c1baf6f9bf0b149a5d16de9a78	17824
mods/heroes.stormmod/enus.stormassets/localizeddata/sounds/vo/rexxarstarcraft_lowmana00.ogg	a690d6cfe185c97f0df58de0f6e15877	19293
mods/heroes.stormmod/enus.stormassets/localizeddata/sounds/vo/rexxarstarcraft_lowmana01.ogg	c5cb21295a5fdd67a41cd2f71078da75	21795
mods/heroes.stormmod/enus.stormassets/localizeddata/sounds/vo/rexxarstarcraft_lowmana02.ogg	1cc84f386269e80065c15f50e49d299f	19758
mods/heroes.stormmod/enus.stormassets/localizeddata/sounds/vo/rexxarstarcraft_misha_charge00.ogg	32078b6c42a9902ff530f6f6fbdb5841	14786
mods/heroes.stormmod/enus.stormassets/localizeddata/sounds/vo/rexxarstarcraft_misha_charge01.ogg	9acfd41d0475a1758260dbed0bfe34c9	21329
mods/heroes.stormmod/enus.stormassets/localizeddata/sounds/vo/rexxarstarcraft_misha_charge02.ogg	0e5a08ece189dc925d2cfe8d875c77eb	14369
mods/heroes.stormmod/enus.stormassets/localizeddata/sounds/vo/rexxarstarcraft_misha_charge03.ogg	0515308e111608f203942eb1fa00420c	15915
mods/heroes.stormmod/enus.stormassets/localizeddata/sounds/vo/rexxarstarcraft_misha_heel00.ogg	c806f08a571512009b313c28ea1af15a	18026
mods/heroes.stormmod/enus.stormassets/localizeddata/sounds/vo/rexxarstarcraft_misha_heel01.ogg	f889a58496339e61217c09d78899e8ca	13746
mods/heroes.stormmod/enus.stormassets/localizeddata/sounds/vo/rexxarstarcraft_misha_heel02.ogg	4ecb93e82ab56be8b3990e66a19fd2ee	18233
mods/heroes.stormmod/enus.stormassets/localizeddata/sounds/vo/rexxarstarcraft_misha_heel03.ogg	8cfe6ba7a6349d99215a75981ed405d7	16331
mods/heroes.stormmod/enus.stormassets/localizeddata/sounds/vo/rexxarstarcraft_misha_heel04.ogg	de2e9f04848811395c5409abafe95537	18925
mods/heroes.stormmod/enus.stormassets/localizeddata/sounds/vo/rexxarstarcraft_misha_heel05.ogg	f8d4bc87d19a82aca8aad5485d0d2e30	13151
mods/heroes.stormmod/enus.stormassets/localizeddata/sounds/vo/rexxarstarcraft_misha_heel06.ogg	8544fe9af82524cf58d0c06c5a181c68	21037
mods/heroes.stormmod/enus.stormassets/localizeddata/sounds/vo/rexxarstarcraft_no00.ogg	ce53bf9222a3b8ae601eab9a060a4a93	29426
mods/heroes.stormmod/enus.stormassets/localizeddata/sounds/vo/rexxarstarcraft_no01.ogg	06cf6e184b34586920ff72ed688124e7	24138
mods/heroes.stormmod/enus.stormassets/localizeddata/sounds/vo/rexxarstarcraft_no02.ogg	b999f3bd9c72548eef723a38ebd2097e	19668
mods/heroes.stormmod/enus.stormassets/localizeddata/sounds/vo/rexxarstarcraft_ping_assisthero00.ogg	6c48c36d33e53ccfe9b38ae04cd410c8	20254
mods/heroes.stormmod/enus.stormassets/localizeddata/sounds/vo/rexxarstarcraft_ping_assistme00.ogg	bea188f2a6c0cf5847a5332e540442a4	20630
mods/heroes.stormmod/enus.stormassets/localizeddata/sounds/vo/rexxarstarcraft_ping_assistme01.ogg	b4a7406e2c8a71e78c8097a55447b39f	25691
mods/heroes.stormmod/enus.stormassets/localizeddata/sounds/vo/rexxarstarcraft_ping_attackcastle00.ogg	0d88f85d738abf316971670fecbbb189	18019
mods/heroes.stormmod/enus.stormassets/localizeddata/sounds/vo/rexxarstarcraft_ping_attackmerc00.ogg	9ef54c91da53f117a2541edc826a6a22	33455
mods/heroes.stormmod/enus.stormassets/localizeddata/sounds/vo/rexxarstarcraft_ping_attackoutpost00.ogg	261a8f5603e636b2dec2b0f6830823e6	23045
mods/heroes.stormmod/enus.stormassets/localizeddata/sounds/vo/rexxarstarcraft_ping_attacktower00.ogg	5e5424c118f65f5c66f95b9347d5776d	31617
mods/heroes.stormmod/enus.stormassets/localizeddata/sounds/vo/rexxarstarcraft_ping_danger00.ogg	8532cd430085e8e65f4a256d8008a3a0	25663
mods/heroes.stormmod/enus.stormassets/localizeddata/sounds/vo/rexxarstarcraft_ping_danger01.ogg	fa6704e773c6bfca494bdca7a5be11cb	15562
mods/heroes.stormmod/enus.stormassets/localizeddata/sounds/vo/rexxarstarcraft_ping_defend00.ogg	da8e4943a63c225fef91e067c0e13a76	24777
mods/heroes.stormmod/enus.stormassets/localizeddata/sounds/vo/rexxarstarcraft_ping_defendcastle00.ogg	fa8511bdd383177374d1af29a662d11f	22208
mods/heroes.stormmod/enus.stormassets/localizeddata/sounds/vo/rexxarstarcraft_ping_defendoutpost00.ogg	6fa798c8a3b8f09345589621f5ecb9b9	23483
mods/heroes.stormmod/enus.stormassets/localizeddata/sounds/vo/rexxarstarcraft_ping_defendthing00.ogg	36e996d9c948b5d7de7f025ea50f126a	16737
mods/heroes.stormmod/enus.stormassets/localizeddata/sounds/vo/rexxarstarcraft_ping_defendthing01.ogg	7a95f7d8dcb3149de0990df947e45fe4	26097
mods/heroes.stormmod/enus.stormassets/localizeddata/sounds/vo/rexxarstarcraft_ping_defendtower00.ogg	d9bf13a007b70a02f0e9603e1661b324	21890
mods/heroes.stormmod/enus.stormassets/localizeddata/sounds/vo/rexxarstarcraft_ping_enemymissing00.ogg	c7f06dd0f1a7fdd35422dd4618c6610b	31795
mods/heroes.stormmod/enus.stormassets/localizeddata/sounds/vo/rexxarstarcraft_ping_enemymissing01.ogg	14b8f2a895497dc04ceed271c9947267	35572
mods/heroes.stormmod/enus.stormassets/localizeddata/sounds/vo/rexxarstarcraft_ping_killhero00.ogg	123cf3d35ad9a33b84ef23d60dbfde8d	19791
mods/heroes.stormmod/enus.stormassets/localizeddata/sounds/vo/rexxarstarcraft_ping_onmyway00.ogg	116fac95c7b7e9da932bfb410e3b55a3	21567
mods/heroes.stormmod/enus.stormassets/localizeddata/sounds/vo/rexxarstarcraft_ping_onmyway01.ogg	5bece574c6babe931eb5ed9a32deac1f	24616
mods/heroes.stormmod/enus.stormassets/localizeddata/sounds/vo/rexxarstarcraft_ping_retreat00.ogg	6afcd2cd57fb9c33d4e6cffde989ff12	14028
mods/heroes.stormmod/enus.stormassets/localizeddata/sounds/vo/rexxarstarcraft_ping_retreat01.ogg	14db8cb25e7636f435ebedce6d7cf016	18252
mods/heroes.stormmod/enus.stormassets/localizeddata/sounds/vo/rexxarstarcraft_pissed00.ogg	7a9afd84477036a44c5b5419e4499c60	21487
mods/heroes.stormmod/enus.stormassets/localizeddata/sounds/vo/rexxarstarcraft_pissed01.ogg	a92a6392481a8a078a94963a44293fdb	26714
mods/heroes.stormmod/enus.stormassets/localizeddata/sounds/vo/rexxarstarcraft_pissed02.ogg	219b64dd544968efab80c9566562571d	94744
mods/heroes.stormmod/enus.stormassets/localizeddata/sounds/vo/rexxarstarcraft_pissed03.ogg	4bb0df6a7ddf8bdae6ed10c556d7cadf	71462
mods/heroes.stormmod/enus.stormassets/localizeddata/sounds/vo/rexxarstarcraft_pissed04.ogg	3c59affbd5b819bbfcab724d40924fdd	39125
mods/heroes.stormmod/enus.stormassets/localizeddata/sounds/vo/rexxarstarcraft_pissed05.ogg	2c3ccc6912f64d696c0394356008a75f	83576
mods/heroes.stormmod/enus.stormassets/localizeddata/sounds/vo/rexxarstarcraft_pissed06.ogg	d7120aa174bf0a268f9dc6c1993b5732	73336
mods/heroes.stormmod/enus.stormassets/localizeddata/sounds/vo/rexxarstarcraft_pissed07.ogg	63391a7ce3ad65114a2d1f5efa7e3476	137893
mods/heroes.stormmod/enus.stormassets/localizeddata/sounds/vo/rexxarstarcraft_pissed08.ogg	aa3667d4ae4176a02d7e22d9ce14be71	79555
mods/heroes.stormmod/enus.stormassets/localizeddata/sounds/vo/rexxarstarcraft_pissed09.ogg	013f3c7415cd507ae19aeaa2b90801cc	103972
mods/heroes.stormmod/enus.stormassets/localizeddata/sounds/vo/rexxarstarcraft_pissed11.ogg	5c31eb12a48dd417c02755a25acc18ff	168509
mods/heroes.stormmod/enus.stormassets/localizeddata/sounds/vo/rexxarstarcraft_pissed12.ogg	897b733d66e0c17dcb8ea7d0a5887927	69833
mods/heroes.stormmod/enus.stormassets/localizeddata/sounds/vo/rexxarstarcraft_pissed13.ogg	319348e38499afaad7c3fddce08af295	93794
mods/heroes.stormmod/enus.stormassets/localizeddata/sounds/vo/rexxarstarcraft_pissed14.ogg	04bb95241da11a911da29db07ba037e6	74508
mods/heroes.stormmod/enus.stormassets/localizeddata/sounds/vo/rexxarstarcraft_resurrected00.ogg	a396b7270a6a53c18bc19bce240101ba	31661
mods/heroes.stormmod/enus.stormassets/localizeddata/sounds/vo/rexxarstarcraft_resurrected01.ogg	282a27caa1c2544d284e11d1f844ab71	20516
mods/heroes.stormmod/enus.stormassets/localizeddata/sounds/vo/rexxarstarcraft_revive00.ogg	7666aef5fa65bbddbf3f353156a1b1e0	30205
mods/heroes.stormmod/enus.stormassets/localizeddata/sounds/vo/rexxarstarcraft_revive01.ogg	6b1d9c6ef3000ec610973ab30ee5f3bd	30871
mods/heroes.stormmod/enus.stormassets/localizeddata/sounds/vo/rexxarstarcraft_revive02.ogg	9718d8274c563031a3928544a863ecb7	28236
mods/heroes.stormmod/enus.stormassets/localizeddata/sounds/vo/rexxarstarcraft_social_hello00.ogg	2c9fbb33a95da144552ca2ba4db62270	18883
mods/heroes.stormmod/enus.stormassets/localizeddata/sounds/vo/rexxarstarcraft_spec00.ogg	97e2b064d77d533c791b67b6657c5997	20084
mods/heroes.stormmod/enus.stormassets/localizeddata/sounds/vo/rexxarstarcraft_spec01.ogg	c852d14c107467fe84d50fb81839a0ee	15169
mods/heroes.stormmod/enus.stormassets/localizeddata/sounds/vo/rexxarstarcraft_spec02.ogg	3e1b60a5a1b777fca43c1c4bbe8ae305	22210
mods/heroes.stormmod/enus.stormassets/localizeddata/sounds/vo/rexxarstarcraft_spec03.ogg	c2925963ca93c35869a0b33c20f13872	16803
mods/heroes.stormmod/enus.stormassets/localizeddata/sounds/vo/rexxarstarcraft_spec04.ogg	ae86c3f0f02fdd8b463032994ed60315	23474
mods/heroes.stormmod/enus.stormassets/localizeddata/sounds/vo/rexxarstarcraft_taunt00.ogg	7addd8ea44685ba2ecd37711c4214e13	25101
mods/heroes.stormmod/enus.stormassets/localizeddata/sounds/vo/rexxarstarcraft_taunt01.ogg	f08b052000577637c1ceeb27b14ef890	33327
mods/heroes.stormmod/enus.stormassets/localizeddata/sounds/vo/rexxarstarcraft_taunt02.ogg	5923d2bace5a55eb97741028f8d5f78a	20559
mods/heroes.stormmod/enus.stormassets/localizeddata/sounds/vo/rexxarstarcraft_teamkilled00.ogg	8d8556b93de66dbdd78af2705e6a9d03	42041
mods/heroes.stormmod/enus.stormassets/localizeddata/sounds/vo/rexxarstarcraft_ui_exlocked00.ogg	a024b16c007fbba6252b169d93029e50	23846
mods/heroes.stormmod/enus.stormassets/localizeddata/sounds/vo/rexxarstarcraft_ui_expurchased00.ogg	b929f6a2d7c66b056e10dfee1298775d	19157
mods/heroes.stormmod/enus.stormassets/localizeddata/sounds/vo/rexxarstarcraft_ui_gift00.ogg	7cc124abf86a600da18a92d7553b88ee	30121
mods/heroes.stormmod/enus.stormassets/localizeddata/sounds/vo/rexxarstarcraft_ui_lockin00.ogg	baefe1a4faf019af5df2b6d02e33bb82	33520
mods/heroes.stormmod/enus.stormassets/localizeddata/sounds/vo/rexxarstarcraft_ui_purchase00.ogg	1ad28b2a8df4ec5f1c9e58f453c6ba35	33967
mods/heroes.stormmod/enus.stormassets/localizeddata/sounds/vo/rexxarstarcraft_ui_trial00.ogg	873ee2087c38d9d8fee8cc7042d1d5df	35952
mods/heroes.stormmod/enus.stormassets/localizeddata/sounds/vo/rexxarstarcraft_ui_trial01.ogg	e7e1e0d876c273083b8f85a9774a6ed3	41471
mods/heroes.stormmod/enus.stormassets/localizeddata/sounds/vo/rexxarstarcraft_ui_waitlocked00.ogg	f1061843d52fe6a752cb25375acee82f	23789
mods/heroes.stormmod/enus.stormassets/localizeddata/sounds/vo/rexxarstarcraft_ui_waitlocked01.ogg	cab03694ef572c12b885c484ff79681f	46278
mods/heroes.stormmod/enus.stormassets/localizeddata/sounds/vo/rexxarstarcraft_ui_waitpurchased00.ogg	06fa78438cba726eb0f9b845139a46f6	51728
mods/heroes.stormmod/enus.stormassets/localizeddata/sounds/vo/rexxarstarcraft_ui_waitpurchased01.ogg	fb18978b8c31842ad10b6b64741f45f4	26085
mods/heroes.stormmod/enus.stormassets/localizeddata/sounds/vo/rexxarstarcraft_ultimate1used00.ogg	5b21698380738028b164dbfe27e9232e	20473
mods/heroes.stormmod/enus.stormassets/localizeddata/sounds/vo/rexxarstarcraft_ultimate1used01.ogg	2e46905c36d4d5dd9310b293171f9e9f	18778
mods/heroes.stormmod/enus.stormassets/localizeddata/sounds/vo/rexxarstarcraft_ultimate1used02.ogg	2b01427584120568cc603021c9e83631	16411
mods/heroes.stormmod/enus.stormassets/localizeddata/sounds/vo/rexxarstarcraft_ultimate2used00.ogg	2bbb63bb3d61e117146fad412f1b7b82	15931
mods/heroes.stormmod/enus.stormassets/localizeddata/sounds/vo/rexxarstarcraft_ultimate2used01.ogg	9472377bad366d0c486d43a7aea8607c	20147
mods/heroes.stormmod/enus.stormassets/localizeddata/sounds/vo/rexxarstarcraft_ultimate2used02.ogg	ab0d407ebfc2d23db4a0ac58c6880fda	17192
mods/heroes.stormmod/enus.stormassets/localizeddata/sounds/vo/rexxarstarcraft_voicelinefive00.ogg	6b1d9c6ef3000ec610973ab30ee5f3bd	30871
mods/heroes.stormmod/enus.stormassets/localizeddata/sounds/vo/rexxarstarcraft_voicelinefour00.ogg	f04a8f5a678ebf3fb544d9c2dc7377d5	23928
mods/heroes.stormmod/enus.stormassets/localizeddata/sounds/vo/rexxarstarcraft_voicelineone00.ogg	aab6c0eeaa2834b92a5bb89c37b4b760	18158
mods/heroes.stormmod/enus.stormassets/localizeddata/sounds/vo/rexxarstarcraft_voicelinethree00.ogg	0f76bb492b9a0c780b495cc65d2c46ff	24437
mods/heroes.stormmod/enus.stormassets/localizeddata/sounds/vo/rexxarstarcraft_voicelinetwo00.ogg	8d258222a4245e608857ffbc4602a487	29373
mods/heroes.stormmod/enus.stormassets/localizeddata/sounds/vo/rexxarstarcraft_vox_attack00.ogg	45155822bffcebda879400bcb8f7d838	9366
mods/heroes.stormmod/enus.stormassets/localizeddata/sounds/vo/rexxarstarcraft_vox_attack01.ogg	6516c5787935ae3ab5323b6ed0f2936b	8772
mods/heroes.stormmod/enus.stormassets/localizeddata/sounds/vo/rexxarstarcraft_vox_attack02.ogg	a5d93ba410b1068f6623a8f98878d7eb	8604
mods/heroes.stormmod/enus.stormassets/localizeddata/sounds/vo/rexxarstarcraft_vox_attack03.ogg	3a37d8929aef4a86d18919da2ab9460a	8625
mods/heroes.stormmod/enus.stormassets/localizeddata/sounds/vo/rexxarstarcraft_vox_attack04.ogg	3e53971c02a96bdbba735828ba8d4239	9016
mods/heroes.stormmod/enus.stormassets/localizeddata/sounds/vo/rexxarstarcraft_vox_attack05.ogg	9805b6fccc3f8e08091d6cb561f9de44	8656
mods/heroes.stormmod/enus.stormassets/localizeddata/sounds/vo/rexxarstarcraft_vox_attack06.ogg	3fe037857d94f128ee3022186061406f	8835
mods/heroes.stormmod/enus.stormassets/localizeddata/sounds/vo/rexxarstarcraft_vox_attack07.ogg	a337040e86f63a1eab3a6e91c5d6dccd	9771
mods/heroes.stormmod/enus.stormassets/localizeddata/sounds/vo/rexxarstarcraft_vox_castingq00.ogg	431130bd222044f38601256aa2fc5fad	7849
mods/heroes.stormmod/enus.stormassets/localizeddata/sounds/vo/rexxarstarcraft_vox_castingq01.ogg	8b5848a9e9bd370cf3f8aea6349ec1e5	8715
mods/heroes.stormmod/enus.stormassets/localizeddata/sounds/vo/rexxarstarcraft_vox_castingq02.ogg	ab0a1c9cdd2999f13076d1eea6512f2a	9876
mods/heroes.stormmod/enus.stormassets/localizeddata/sounds/vo/rexxarstarcraft_vox_castingq03.ogg	0ce82be82a6c3d510609789833571dca	9493
mods/heroes.stormmod/enus.stormassets/localizeddata/sounds/vo/rexxarstarcraft_vox_castingq04.ogg	efce12876ccffc9331ff9cdf1ada1a25	7720
mods/heroes.stormmod/enus.stormassets/localizeddata/sounds/vo/rexxarstarcraft_vox_castingq05.ogg	d7d27be423f063ce6fee42e67650b5c4	10259
mods/heroes.stormmod/enus.stormassets/localizeddata/sounds/vo/rexxarstarcraft_vox_castingq06.ogg	0cc67385133fb1e53b9d86b331ad85c5	6428
mods/heroes.stormmod/enus.stormassets/localizeddata/sounds/vo/rexxarstarcraft_vox_cheer00.ogg	4dbbf259183f6038d8e13259cf980079	15265
mods/heroes.stormmod/enus.stormassets/localizeddata/sounds/vo/rexxarstarcraft_vox_cheer01.ogg	bd721d7953c9e34db9f0f2f0cb370b44	12676
mods/heroes.stormmod/enus.stormassets/localizeddata/sounds/vo/rexxarstarcraft_vox_cheer02.ogg	c54e662f65e3c434e0dc44593e76d193	16327
mods/heroes.stormmod/enus.stormassets/localizeddata/sounds/vo/rexxarstarcraft_vox_cheer03.ogg	1ff0d9862216a4869a732253d79d3d7e	12747
mods/heroes.stormmod/enus.stormassets/localizeddata/sounds/vo/rexxarstarcraft_vox_cheer04.ogg	5ccecd06c57116d0fe23801e0e82af1c	13244
mods/heroes.stormmod/enus.stormassets/localizeddata/sounds/vo/rexxarstarcraft_vox_cheer05.ogg	29975469ee3a073316cefea0c8b486a7	13435
mods/heroes.stormmod/enus.stormassets/localizeddata/sounds/vo/rexxarstarcraft_vox_feigndeath00.wav	9b784508001b56ec654059d436d335a2	70460
mods/heroes.stormmod/enus.stormassets/localizeddata/sounds/vo/rexxarstarcraft_vox_feigndeath01.wav	37f0cbc742b1180843f9ab86b6696703	111676
mods/heroes.stormmod/enus.stormassets/localizeddata/sounds/vo/rexxarstarcraft_vox_feigndeath02.wav	b21b59f02ded7ad58e383d2acad1d2a9	92476
mods/heroes.stormmod/enus.stormassets/localizeddata/sounds/vo/rexxarstarcraft_vox_feigndeath03.wav	0097d23606df922eb03cc3df69de98b3	69948
mods/heroes.stormmod/enus.stormassets/localizeddata/sounds/vo/rexxarstarcraft_vox_feigndeath04.wav	0a1357161892baa889e78205c7a2dd5b	72252
mods/heroes.stormmod/enus.stormassets/localizeddata/sounds/vo/rexxarstarcraft_vox_feigndeath05.wav	88dade8b86b5a4686378248a04cd66cd	79420
mods/heroes.stormmod/enus.stormassets/localizeddata/sounds/vo/rexxarstarcraft_vox_gethitlarge00.ogg	54a59a73badcbc56ec716e5c88ddfa1f	10560
mods/heroes.stormmod/enus.stormassets/localizeddata/sounds/vo/rexxarstarcraft_vox_gethitlarge01.ogg	c7aa6bf207fcc1f2b7f10a343df13bcc	8774
mods/heroes.stormmod/enus.stormassets/localizeddata/sounds/vo/rexxarstarcraft_vox_gethitlarge02.ogg	8b73bad11d68e3feab5f8f06a9e68148	9841
mods/heroes.stormmod/enus.stormassets/localizeddata/sounds/vo/rexxarstarcraft_vox_gethitlarge03.ogg	3c526a40a7ee68237085ec480c149e9a	10089
mods/heroes.stormmod/enus.stormassets/localizeddata/sounds/vo/rexxarstarcraft_vox_gethitlarge04.ogg	b64813ea10ba5fc0e41db32a7dad3d11	9704
mods/heroes.stormmod/enus.stormassets/localizeddata/sounds/vo/rexxarstarcraft_vox_gethitlarge05.ogg	31ead102a0dc769e46df29ca0f64a06c	10895
mods/heroes.stormmod/enus.stormassets/localizeddata/sounds/vo/rexxarstarcraft_vox_gethitlarge06.ogg	c5ccf07d6468d0ad83da0fdfb820430f	11047
mods/heroes.stormmod/enus.stormassets/localizeddata/sounds/vo/rexxarstarcraft_vox_gethitlarge07.ogg	719b6fa28cf223c83d6133333aa65d53	14305
mods/heroes.stormmod/enus.stormassets/localizeddata/sounds/vo/rexxarstarcraft_vox_gethitlarge08.ogg	16ae612808a91cd0f1d3e4f815ac3591	12876
mods/heroes.stormmod/enus.stormassets/localizeddata/sounds/vo/rexxarstarcraft_vox_gethitsmall00.ogg	3b2f0e4654f5e0b43d60533e643ee1ce	8482
mods/heroes.stormmod/enus.stormassets/localizeddata/sounds/vo/rexxarstarcraft_vox_gethitsmall01.ogg	3a6e1556055522287d12c6f2b2a62d9c	8303
mods/heroes.stormmod/enus.stormassets/localizeddata/sounds/vo/rexxarstarcraft_vox_gethitsmall02.ogg	456dc7ae76676103f3b384a748cb98b8	8419
mods/heroes.stormmod/enus.stormassets/localizeddata/sounds/vo/rexxarstarcraft_vox_gethitsmall03.ogg	fa1b882fb43d4c5a06781e34355f8a40	15011
mods/heroes.stormmod/enus.stormassets/localizeddata/sounds/vo/rexxarstarcraft_vox_gethitsmall04.ogg	aefd7eaa9263cc4b4331081fe7e6dec4	8023
mods/heroes.stormmod/enus.stormassets/localizeddata/sounds/vo/rexxarstarcraft_vox_gethitsmall05.ogg	c4b47f0d865f2c86d477e4411fd25357	7333
mods/heroes.stormmod/enus.stormassets/localizeddata/sounds/vo/rexxarstarcraft_vox_gethitsmall06.ogg	079ea468e06202fd1f1565e224094b0b	9548
mods/heroes.stormmod/enus.stormassets/localizeddata/sounds/vo/rexxarstarcraft_vox_gethitsmall07.ogg	d5aa9d893109a9ef9618c9c6f9a65819	9648
mods/heroes.stormmod/enus.stormassets/localizeddata/sounds/vo/rexxarstarcraft_vox_gethitsmall08.ogg	3d1fd910a3896e08dca291b90dab0ea2	9056
mods/heroes.stormmod/enus.stormassets/localizeddata/sounds/vo/rexxarstarcraft_vox_gethitsmall09.ogg	e8f61face5b721fd3f6a06ca6519b513	10502
mods/heroes.stormmod/enus.stormassets/localizeddata/sounds/vo/rexxarstarcraft_vox_houndsmiss00.ogg	80b17392b14c9db3d96b85bff06a0ce2	9625
mods/heroes.stormmod/enus.stormassets/localizeddata/sounds/vo/rexxarstarcraft_vox_houndsmiss01.ogg	63f2f66af344d4ad79a0d8ad4a8a501d	9452
mods/heroes.stormmod/enus.stormassets/localizeddata/sounds/vo/rexxarstarcraft_vox_houndsmiss02.ogg	98c47d6c64c6fa43e96a901da3e92dd9	9830
mods/heroes.stormmod/enus.stormassets/localizeddata/sounds/vo/rexxarstarcraft_vox_houndsmiss03.ogg	626228ff17536be878801e2bdb0c1dea	9237
mods/heroes.stormmod/enus.stormassets/localizeddata/sounds/vo/rexxarstarcraft_vox_houndsmiss04.ogg	6c0a4c4da417598f661f13f6bca89512	11165
mods/heroes.stormmod/enus.stormassets/localizeddata/sounds/vo/rexxarstarcraft_vox_houndsmiss05.ogg	3c388c7028ebe005d1bf5c300183d453	10557
mods/heroes.stormmod/enus.stormassets/localizeddata/sounds/vo/rexxarstarcraft_vox_pulled00.ogg	66f12d2e720038b6db3699ccb025a7d9	9435
mods/heroes.stormmod/enus.stormassets/localizeddata/sounds/vo/rexxarstarcraft_vox_pulled01.ogg	d0f9e05f092e3de41fb30fe55a918952	10036
mods/heroes.stormmod/enus.stormassets/localizeddata/sounds/vo/rexxarstarcraft_vox_pulled02.ogg	8fbb03866e183a6e8f666e059b9360e3	10602
mods/heroes.stormmod/enus.stormassets/localizeddata/sounds/vo/rexxarstarcraft_vox_pulled03.ogg	72df81c202cb93dce515c30f4a46ad30	11977
mods/heroes.stormmod/enus.stormassets/localizeddata/sounds/vo/rexxarstarcraft_vox_pulled04.ogg	9c15974741b9de0e5f9450a8e225f066	9938
mods/heroes.stormmod/enus.stormassets/localizeddata/sounds/vo/rexxarstarcraft_vox_pulled05.ogg	5f684af4c016099d6c397776851d8bbd	10653
mods/heroes.stormmod/enus.stormassets/localizeddata/sounds/vo/rexxarstarcraft_vox_toss00.ogg	f6c2c1736ca444b0963e554522a7aae9	9335
mods/heroes.stormmod/enus.stormassets/localizeddata/sounds/vo/rexxarstarcraft_vox_toss01.ogg	33fb08cb43c5900d3da67ee5408cfc90	7946
mods/heroes.stormmod/enus.stormassets/localizeddata/sounds/vo/rexxarstarcraft_vox_toss02.ogg	84048f0f9db77ce612299d5a0ecf5106	6990
mods/heroes.stormmod/enus.stormassets/localizeddata/sounds/vo/rexxarstarcraft_vox_toss03.ogg	6cd32821113463be209e39bcfc7516ed	8227
mods/heroes.stormmod/enus.stormassets/localizeddata/sounds/vo/rexxarstarcraft_vox_toss04.ogg	c12213c71a679761a9448aa51d313e80	6812
mods/heroes.stormmod/enus.stormassets/localizeddata/sounds/vo/rexxarstarcraft_vox_toss05.ogg	36a843839ad0c89115b19c974ca8b303	8373
mods/heroes.stormmod/enus.stormassets/localizeddata/sounds/vo/rexxarstarcraft_vox_toss06.ogg	625df7535c6244d1e6098ad221ce01fd	6066
mods/heroes.stormmod/enus.stormassets/localizeddata/sounds/vo/rexxarstarcraft_worthit00.ogg	638fa7272b5eb2b42d814a2ef1c1a40a	21433
mods/heroes.stormmod/enus.stormassets/localizeddata/sounds/vo/rexxarstarcraft_worthit01.ogg	78819808eb4b65f9ebf68753dd2379d1	24736
mods/heroes.stormmod/enus.stormassets/localizeddata/sounds/vo/rexxarstarcraft_yes00.ogg	e600ffaa36ce2926b22fac42f4ed4368	26803
mods/heroes.stormmod/enus.stormassets/localizeddata/sounds/vo/rexxarstarcraft_yes01.ogg	02227012e5039f8f3305209350a40620	23949
mods/heroes.stormmod/enus.stormassets/localizeddata/sounds/vo/rexxarstarcraft_yes02.ogg	729e48a835e327f2e188a16749df8a68	16872
mods/heroes.stormmod/enus.stormassets/localizeddata/sounds/vo/rexxarstarcraft_yes03.ogg	7f24294def355ceb25cc7f9fc8c47996	25560
mods/heroes.stormmod/enus.stormassets/localizeddata/sounds/vo/rexxarstarcraft_yes04.ogg	0d47469595085bc74b999b6a99d54dc6	22476
mods/heroes.stormmod/enus.stormassets/localizeddata/sounds/vo/rexxarstarcraft_yes05.ogg	10786c0b2382a7675da663eda9376b9f	15752
mods/heroes.stormmod/enus.stormassets/localizeddata/sounds/vo/rexxarstarcraft_yes06.ogg	86f1db2ae91ab0984b7fa009f3b203d1	21019
mods/heroes.stormmod/enus.stormassets/localizeddata/sounds/vo/rexxarstarcraft_yes07.ogg	d714277b2751acf23d22a4eded2a08b9	18397
mods/heroes.stormmod/enus.stormassets/localizeddata/sounds/vo/rexxarstarcraft_yes08.ogg	50ccf4c19d6fc6a0adcdf3bbb1e25545	19353
