mods/heroes.stormmod/enus.stormassets/localizeddata/sounds/vo/samurobase_ai_attack00.fxe	b1e989a93433b62f9fa4ce184480bce7	2459
mods/heroes.stormmod/enus.stormassets/localizeddata/sounds/vo/samurobase_ai_attack00.ogg	d754ea8282c4476f5364ed0b3fc29607	38754
mods/heroes.stormmod/enus.stormassets/localizeddata/sounds/vo/samurobase_ai_attack01.fxe	60a5360a5323e331db9397558fb39170	1707
mods/heroes.stormmod/enus.stormassets/localizeddata/sounds/vo/samurobase_ai_attack01.ogg	82fd981ab0365e6c61b6a01287825bcf	28876
mods/heroes.stormmod/enus.stormassets/localizeddata/sounds/vo/samurobase_ai_attack02.fxe	14afdd568b41e856b657b55c7571a2e3	2523
mods/heroes.stormmod/enus.stormassets/localizeddata/sounds/vo/samurobase_ai_attack02.ogg	29fa143ddaa5d2c2f5a0abc077fc3a98	36996
mods/heroes.stormmod/enus.stormassets/localizeddata/sounds/vo/samurobase_ai_caution00.fxe	30d02676b427efa806c7133e988a6f92	2380
mods/heroes.stormmod/enus.stormassets/localizeddata/sounds/vo/samurobase_ai_caution00.ogg	3912b39e4bb3f721f42f9adb9380e24e	38036
mods/heroes.stormmod/enus.stormassets/localizeddata/sounds/vo/samurobase_ai_goodjob00.fxe	7c153bbe9df43c56106ef5e18749748a	1260
mods/heroes.stormmod/enus.stormassets/localizeddata/sounds/vo/samurobase_ai_goodjob00.ogg	9f7ab0451be4c6ea6f99ddf7b8333f34	19989
mods/heroes.stormmod/enus.stormassets/localizeddata/sounds/vo/samurobase_ai_goodjob01.fxe	d8bbb472643777ad9fcefaedbc2b6963	1932
mods/heroes.stormmod/enus.stormassets/localizeddata/sounds/vo/samurobase_ai_goodjob01.ogg	2e4d8c2d6022890eb5df33cf1dbc070e	26740
mods/heroes.stormmod/enus.stormassets/localizeddata/sounds/vo/samurobase_ai_goodjob02.fxe	df3e531bdbe3e9b40c7c274293f9fb46	2268
mods/heroes.stormmod/enus.stormassets/localizeddata/sounds/vo/samurobase_ai_goodjob02.ogg	e036ff8113fffc2c3b337dfbe5bc3711	33368
mods/heroes.stormmod/enus.stormassets/localizeddata/sounds/vo/samurobase_ai_heal00.fxe	1c333316c1771994af63effd9856e0f8	2249
mods/heroes.stormmod/enus.stormassets/localizeddata/sounds/vo/samurobase_ai_heal00.ogg	fb483fb895df43c4937ca9d7508fd49f	31292
mods/heroes.stormmod/enus.stormassets/localizeddata/sounds/vo/samurobase_ai_heal01.fxe	c64923da0807976387e811dce3a7f851	2153
mods/heroes.stormmod/enus.stormassets/localizeddata/sounds/vo/samurobase_ai_heal01.ogg	202017cb481d19140a846bfd172ece4b	30089
mods/heroes.stormmod/enus.stormassets/localizeddata/sounds/vo/samurobase_ai_retreat00.fxe	2daa66444ee868b164b3f77e915560e0	3036
mods/heroes.stormmod/enus.stormassets/localizeddata/sounds/vo/samurobase_ai_retreat00.ogg	43f3ef14cbdad93fe1db9f26183d3008	39221
mods/heroes.stormmod/enus.stormassets/localizeddata/sounds/vo/samurobase_ai_retreat01.fxe	e2f3e8b4b65da843a1d8882ed7aa0fa1	2028
mods/heroes.stormmod/enus.stormassets/localizeddata/sounds/vo/samurobase_ai_retreat01.ogg	65f355389848fea1d37f209d9da723ef	26740
mods/heroes.stormmod/enus.stormassets/localizeddata/sounds/vo/samurobase_ai_uhoh00.fxe	bf66f83fbb67e8a00814f8021b1fb823	2313
mods/heroes.stormmod/enus.stormassets/localizeddata/sounds/vo/samurobase_ai_uhoh00.ogg	a366d8604fbae5ce872308ef584f74d5	35036
mods/heroes.stormmod/enus.stormassets/localizeddata/sounds/vo/samurobase_ai_uhoh01.fxe	b340817416e93c946b3df730da2e1e16	2041
mods/heroes.stormmod/enus.stormassets/localizeddata/sounds/vo/samurobase_ai_uhoh01.ogg	2a316049a2cf5da6ce27fde043c6ac06	25400
mods/heroes.stormmod/enus.stormassets/localizeddata/sounds/vo/samurobase_ai_uhoh02.fxe	6229dc665895251348d707ae2cfc2fd0	2633
mods/heroes.stormmod/enus.stormassets/localizeddata/sounds/vo/samurobase_ai_uhoh02.ogg	11b792d38b93cdf17a2ad085e40c2cbd	37275
mods/heroes.stormmod/enus.stormassets/localizeddata/sounds/vo/samurobase_attack00.fxe	6862b9f0f405028c1e6b1fc71d9f34ea	1640
mods/heroes.stormmod/enus.stormassets/localizeddata/sounds/vo/samurobase_attack00.ogg	270e282d8f3735dcd7fc46f7108caf70	26485
mods/heroes.stormmod/enus.stormassets/localizeddata/sounds/vo/samurobase_attack01.fxe	3dd7cd729d0546b0f948055b77e1add1	2008
mods/heroes.stormmod/enus.stormassets/localizeddata/sounds/vo/samurobase_attack01.ogg	c6fa046e7d768713ac604213a6312bfb	30283
mods/heroes.stormmod/enus.stormassets/localizeddata/sounds/vo/samurobase_attack02.fxe	afdce14ce9bd74a30f0b560a35a76a4b	648
mods/heroes.stormmod/enus.stormassets/localizeddata/sounds/vo/samurobase_attack02.ogg	553ac37b00dc63daa328fe35016cda2a	16073
mods/heroes.stormmod/enus.stormassets/localizeddata/sounds/vo/samurobase_attack03.fxe	351282a2d7edd1838669baa1952576be	1096
mods/heroes.stormmod/enus.stormassets/localizeddata/sounds/vo/samurobase_attack03.ogg	074a45ceb70836657086d25afff6935f	18514
mods/heroes.stormmod/enus.stormassets/localizeddata/sounds/vo/samurobase_attack04.fxe	0cbb3de50c7b6cc2244bc08984e17c92	2296
mods/heroes.stormmod/enus.stormassets/localizeddata/sounds/vo/samurobase_attack04.ogg	64d35012bb0a59d6e595e8a6953623c9	34310
mods/heroes.stormmod/enus.stormassets/localizeddata/sounds/vo/samurobase_attack05.fxe	67f5fdc8c20c42c9150d2e7d12ece671	1032
mods/heroes.stormmod/enus.stormassets/localizeddata/sounds/vo/samurobase_attack05.ogg	d15dd10a7344046449775e1aa547121f	17824
mods/heroes.stormmod/enus.stormassets/localizeddata/sounds/vo/samurobase_attack06.fxe	db39f46059206c7fea365f2f541b29e8	1336
mods/heroes.stormmod/enus.stormassets/localizeddata/sounds/vo/samurobase_attack06.ogg	73c6e320686c45a6fa4c8b590976b239	18635
mods/heroes.stormmod/enus.stormassets/localizeddata/sounds/vo/samurobase_celebrate00.fxe	352f5cf3c416edf604b83ab034cb5b53	1915
mods/heroes.stormmod/enus.stormassets/localizeddata/sounds/vo/samurobase_celebrate00.ogg	a6d39f92f95757c11d5e7c585d9d5d98	27504
mods/heroes.stormmod/enus.stormassets/localizeddata/sounds/vo/samurobase_celebrate01.fxe	d01efe94a42691e63bb498dbac512973	1067
mods/heroes.stormmod/enus.stormassets/localizeddata/sounds/vo/samurobase_celebrate01.ogg	289126ac6fab768ee116bd72b7a81427	19781
mods/heroes.stormmod/enus.stormassets/localizeddata/sounds/vo/samurobase_comeback00.fxe	a99a178786a52f3f6513dab883076f89	3210
mods/heroes.stormmod/enus.stormassets/localizeddata/sounds/vo/samurobase_comeback00.ogg	8b3ef071a86bec4b2663eab26dd6dd8a	52137
mods/heroes.stormmod/enus.stormassets/localizeddata/sounds/vo/samurobase_death00.fxe	44ad21ba12cc18387c0e5b1931fed7c0	1463
mods/heroes.stormmod/enus.stormassets/localizeddata/sounds/vo/samurobase_death00.wav	eb6f012a3079d3b224ff620344efe06c	58428
mods/heroes.stormmod/enus.stormassets/localizeddata/sounds/vo/samurobase_death01.fxe	5a0ce1e74b8a7b8836fca82ab129569c	1431
mods/heroes.stormmod/enus.stormassets/localizeddata/sounds/vo/samurobase_death01.wav	45534736c8bf3aa3e0349510546c69d0	48444
mods/heroes.stormmod/enus.stormassets/localizeddata/sounds/vo/samurobase_death02.fxe	b00ed2f54ed91f20ddf00d0d79b55866	1543
mods/heroes.stormmod/enus.stormassets/localizeddata/sounds/vo/samurobase_death02.wav	c386140ea32066f33713e06bd03f2d4f	68412
mods/heroes.stormmod/enus.stormassets/localizeddata/sounds/vo/samurobase_death03.fxe	2cd9f314c9dfc52fa94e1c1ca5f0ff93	1431
mods/heroes.stormmod/enus.stormassets/localizeddata/sounds/vo/samurobase_death03.wav	99a0e9b586cf336d9d07116f293eafeb	44604
mods/heroes.stormmod/enus.stormassets/localizeddata/sounds/vo/samurobase_death04.fxe	7cc38ad078b98d74657600b60855368f	1527
mods/heroes.stormmod/enus.stormassets/localizeddata/sounds/vo/samurobase_death04.wav	69c97186f209174fe900245f7bbf6d63	75836
mods/heroes.stormmod/enus.stormassets/localizeddata/sounds/vo/samurobase_death05.fxe	30b48c425ef08ef6e177ce141b4ea8b6	1655
mods/heroes.stormmod/enus.stormassets/localizeddata/sounds/vo/samurobase_death05.wav	bde9bfa841587645385752e33d171063	76092
mods/heroes.stormmod/enus.stormassets/localizeddata/sounds/vo/samurobase_death06.fxe	0f2412e3c2612db1b0e8f33e9b06d900	1447
mods/heroes.stormmod/enus.stormassets/localizeddata/sounds/vo/samurobase_death06.wav	9773fe2bcdf95a3325d7a059bc14c5cb	63036
mods/heroes.stormmod/enus.stormassets/localizeddata/sounds/vo/samurobase_death07.fxe	b918472d4e25aaa300d269498a48b2ca	1495
mods/heroes.stormmod/enus.stormassets/localizeddata/sounds/vo/samurobase_death07.wav	6068ffdb5c68e9ed797aae012445119d	51772
mods/heroes.stormmod/enus.stormassets/localizeddata/sounds/vo/samurobase_death08.fxe	94ab0ed70466680c2ea9e904e1920eb0	1415
mods/heroes.stormmod/enus.stormassets/localizeddata/sounds/vo/samurobase_death08.wav	bee4b16e7b2219af33c7d0c125eebe7b	50492
mods/heroes.stormmod/enus.stormassets/localizeddata/sounds/vo/samurobase_death09.fxe	89b37d07a9e2310abdbe2063970009b3	1943
mods/heroes.stormmod/enus.stormassets/localizeddata/sounds/vo/samurobase_death09.wav	295cc7a31281d2c3a5a5b2c1ae39c9f6	61756
mods/heroes.stormmod/enus.stormassets/localizeddata/sounds/vo/samurobase_healed00.fxe	94f73d51b13b0f6d5d538293e9d4fbde	1624
mods/heroes.stormmod/enus.stormassets/localizeddata/sounds/vo/samurobase_healed00.ogg	67f2bed91770056c74b2b02d69712d4a	25147
mods/heroes.stormmod/enus.stormassets/localizeddata/sounds/vo/samurobase_healed01.fxe	42b77b17ffcb712d469f1cad644d33f8	2008
mods/heroes.stormmod/enus.stormassets/localizeddata/sounds/vo/samurobase_healed01.ogg	c64ae8a093ef39947a0b4b8058862732	27586
mods/heroes.stormmod/enus.stormassets/localizeddata/sounds/vo/samurobase_healed02.fxe	80b46ae0f7a75e3714f3a4ae5a385bfe	2440
mods/heroes.stormmod/enus.stormassets/localizeddata/sounds/vo/samurobase_healed02.ogg	a5b000e9e410762aa56f0daf6cdf48c1	35714
mods/heroes.stormmod/enus.stormassets/localizeddata/sounds/vo/samurobase_introagree00.fxe	2532003f586892cfafd77aeb2200d2cb	2284
mods/heroes.stormmod/enus.stormassets/localizeddata/sounds/vo/samurobase_introagree00.ogg	4d1026b30f05f712e23c6ddcdd4a157e	27857
mods/heroes.stormmod/enus.stormassets/localizeddata/sounds/vo/samurobase_introagree01.fxe	ddd0a635cc54533c7f11444f24924647	2684
mods/heroes.stormmod/enus.stormassets/localizeddata/sounds/vo/samurobase_introagree01.ogg	b85692a5e674704509054dbdde46244c	45377
mods/heroes.stormmod/enus.stormassets/localizeddata/sounds/vo/samurobase_introagree02.fxe	e3a4c84f5f9bb862feb9a54c7ef894b5	2556
mods/heroes.stormmod/enus.stormassets/localizeddata/sounds/vo/samurobase_introagree02.ogg	730b4942cc1ffec564711c00025ae2ac	33700
mods/heroes.stormmod/enus.stormassets/localizeddata/sounds/vo/samurobase_introboast00.fxe	e406c355b41a2ecad5239f87e25b1655	3036
mods/heroes.stormmod/enus.stormassets/localizeddata/sounds/vo/samurobase_introboast00.ogg	35be31e4bab71303b3d6ee4cca704713	44215
mods/heroes.stormmod/enus.stormassets/localizeddata/sounds/vo/samurobase_introboast01.fxe	b59af3c8bdcefcebd4d81c99cc4023bc	3532
mods/heroes.stormmod/enus.stormassets/localizeddata/sounds/vo/samurobase_introboast01.ogg	d786974d7dc0976777dc9c9d77f62eee	50731
mods/heroes.stormmod/enus.stormassets/localizeddata/sounds/vo/samurobase_introquestion00.fxe	36e1b288f8aa9eaa04b700bcca181985	1775
mods/heroes.stormmod/enus.stormassets/localizeddata/sounds/vo/samurobase_introquestion00.ogg	583910124e03c7d86b0e7cd6e53c9e47	21206
mods/heroes.stormmod/enus.stormassets/localizeddata/sounds/vo/samurobase_introquestion01.fxe	a8e6725dca17c57f308db26cf390d4fc	3391
mods/heroes.stormmod/enus.stormassets/localizeddata/sounds/vo/samurobase_introquestion01.ogg	29cfd56d68b1db532216115b77abf675	51553
mods/heroes.stormmod/enus.stormassets/localizeddata/sounds/vo/samurobase_introquestion_chen00.fxe	542de0a7e7edaf2761bc6786e672d211	3636
mods/heroes.stormmod/enus.stormassets/localizeddata/sounds/vo/samurobase_introquestion_chen00.ogg	2f8d88b25cec15f2eb857eebb0f84536	66171
mods/heroes.stormmod/enus.stormassets/localizeddata/sounds/vo/samurobase_introquestion_demon00.fxe	c8a9d29378575eb94fe07bb82145714e	5429
mods/heroes.stormmod/enus.stormassets/localizeddata/sounds/vo/samurobase_introquestion_demon00.ogg	7e4d5bac35b59d9394793cbe68637786	76623
mods/heroes.stormmod/enus.stormassets/localizeddata/sounds/vo/samurobase_introquestion_guldan00.fxe	ea53f98356039654643f19bdf8c99fef	5798
mods/heroes.stormmod/enus.stormassets/localizeddata/sounds/vo/samurobase_introquestion_guldan00.ogg	d40932ac77264422e8e1dc5b50c64d64	89773
mods/heroes.stormmod/enus.stormassets/localizeddata/sounds/vo/samurobase_introquestion_horde00.fxe	f24654eca1765d9b9232628894c98623	3829
mods/heroes.stormmod/enus.stormassets/localizeddata/sounds/vo/samurobase_introquestion_horde00.ogg	5965e9c96e695deea7e22c07c9a87125	58780
mods/heroes.stormmod/enus.stormassets/localizeddata/sounds/vo/samurobase_introquestion_lostvikings00.fxe	dcf91ec5f822e0698a8981f78eea5fd4	2811
mods/heroes.stormmod/enus.stormassets/localizeddata/sounds/vo/samurobase_introquestion_lostvikings00.ogg	6bbfd30adb524f72efc141a6e3a8eda2	37404
mods/heroes.stormmod/enus.stormassets/localizeddata/sounds/vo/samurobase_introquestion_medivh00.fxe	b0302ee32c9153a66c71ad8e4c7c2756	3734
mods/heroes.stormmod/enus.stormassets/localizeddata/sounds/vo/samurobase_introquestion_medivh00.ogg	a2be1c8e9df728e31b8e19ce0031a35b	51372
mods/heroes.stormmod/enus.stormassets/localizeddata/sounds/vo/samurobase_introquestion_monk00.fxe	2699e849354c28248e8497bc63c5762b	3828
mods/heroes.stormmod/enus.stormassets/localizeddata/sounds/vo/samurobase_introquestion_monk00.ogg	138d76c684f4849b7ef7be81e363470f	63778
mods/heroes.stormmod/enus.stormassets/localizeddata/sounds/vo/samurobase_introquestion_murky00.fxe	a6ddd07606de49706da9b2f65b88be33	3509
mods/heroes.stormmod/enus.stormassets/localizeddata/sounds/vo/samurobase_introquestion_murky00.ogg	f38b59997c4921b140ade2c2d0839fc3	59681
mods/heroes.stormmod/enus.stormassets/localizeddata/sounds/vo/samurobase_introquestion_negative00.fxe	d2720c5338d1e6560be7b49caa5a3b13	824
mods/heroes.stormmod/enus.stormassets/localizeddata/sounds/vo/samurobase_introquestion_negative00.ogg	07ab9bb516a1c79add4b7cc8e39c9945	14936
mods/heroes.stormmod/enus.stormassets/localizeddata/sounds/vo/samurobase_introquestion_positive00.fxe	7bf9bd6ea03fc7649aaf6445f44d7fa2	4600
mods/heroes.stormmod/enus.stormassets/localizeddata/sounds/vo/samurobase_introquestion_positive00.ogg	9cf334ef77b497c9e6f947351bcf96eb	63708
mods/heroes.stormmod/enus.stormassets/localizeddata/sounds/vo/samurobase_introquestion_rexxar00.fxe	fbb48972adf98ca04fde7fefd02f040d	3782
mods/heroes.stormmod/enus.stormassets/localizeddata/sounds/vo/samurobase_introquestion_rexxar00.ogg	b01f4658d359482ef85b4b50c17acc96	57260
mods/heroes.stormmod/enus.stormassets/localizeddata/sounds/vo/samurobase_introquestion_roninzeratul00.fxe	7796e5956628682b144574e884b66e86	4028
mods/heroes.stormmod/enus.stormassets/localizeddata/sounds/vo/samurobase_introquestion_roninzeratul00.ogg	e0ee87b255c92adcd06fb90f1237e200	66801
mods/heroes.stormmod/enus.stormassets/localizeddata/sounds/vo/samurobase_introquestion_shogunartanis00.fxe	669fa04dcc7d060d55654a0d2502c190	4381
mods/heroes.stormmod/enus.stormassets/localizeddata/sounds/vo/samurobase_introquestion_shogunartanis00.ogg	f50e64640db64d9c2a69f976c2184f79	72471
mods/heroes.stormmod/enus.stormassets/localizeddata/sounds/vo/samurobase_introquestion_tassadar00.fxe	2d5675a549dea9be6c0b8c19db441114	5416
mods/heroes.stormmod/enus.stormassets/localizeddata/sounds/vo/samurobase_introquestion_tassadar00.ogg	458ed91ba2378fcd3e19474bd5c6abe5	70258
mods/heroes.stormmod/enus.stormassets/localizeddata/sounds/vo/samurobase_introquestion_thrall00.fxe	32f1e2456fe32550bac11315182bfae3	3958
mods/heroes.stormmod/enus.stormassets/localizeddata/sounds/vo/samurobase_introquestion_thrall00.ogg	499b2dc487b41ad74b58fecf5d2b02a5	61046
mods/heroes.stormmod/enus.stormassets/localizeddata/sounds/vo/samurobase_introrespond00.fxe	cf28959f6df9f8364b5cbfac3b831c72	2414
mods/heroes.stormmod/enus.stormassets/localizeddata/sounds/vo/samurobase_introrespond00.ogg	daf88c2c7ac23f06114261622cdc13e6	36849
mods/heroes.stormmod/enus.stormassets/localizeddata/sounds/vo/samurobase_introrespond01.fxe	2e32fc26103a185200c8356b15f45669	2222
mods/heroes.stormmod/enus.stormassets/localizeddata/sounds/vo/samurobase_introrespond01.ogg	fc58d3fbd9430d0e658582dccda4cfed	33202
mods/heroes.stormmod/enus.stormassets/localizeddata/sounds/vo/samurobase_introrespond02.fxe	227fbb42f8be416e2a398cf4d14cbd75	3230
mods/heroes.stormmod/enus.stormassets/localizeddata/sounds/vo/samurobase_introrespond02.ogg	e9f120063c8794b0a645af0e20fe81d8	38783
mods/heroes.stormmod/enus.stormassets/localizeddata/sounds/vo/samurobase_introresponse_angry00.fxe	7834dec9eb5ea6d92727157d06780ef6	3429
mods/heroes.stormmod/enus.stormassets/localizeddata/sounds/vo/samurobase_introresponse_angry00.ogg	d482b775e464fe68b95d11f9fd7cba31	48193
mods/heroes.stormmod/enus.stormassets/localizeddata/sounds/vo/samurobase_introresponse_chen00.fxe	ed79e0e0c88b349f0fca6a6e55bf2279	4564
mods/heroes.stormmod/enus.stormassets/localizeddata/sounds/vo/samurobase_introresponse_chen00.ogg	a5b2c8cb766aa18111388633c2b5d3da	68266
mods/heroes.stormmod/enus.stormassets/localizeddata/sounds/vo/samurobase_introresponse_demon00.fxe	89fc6a27c0e6dcc5cd67e7cdfdd1c096	5029
mods/heroes.stormmod/enus.stormassets/localizeddata/sounds/vo/samurobase_introresponse_demon00.ogg	ab39d9a0dac1ab103f2bafda46fb8964	64196
mods/heroes.stormmod/enus.stormassets/localizeddata/sounds/vo/samurobase_introresponse_dismissive00alt.fxe	384957802f2361341253fe6a4f2ad721	3933
mods/heroes.stormmod/enus.stormassets/localizeddata/sounds/vo/samurobase_introresponse_dismissive00alt.ogg	ccd5705e021561ce6154f8269ec1c767	56735
mods/heroes.stormmod/enus.stormassets/localizeddata/sounds/vo/samurobase_introresponse_guldan00.fxe	7aa89e4f0d2e435d852ede0ac5714dcd	4758
mods/heroes.stormmod/enus.stormassets/localizeddata/sounds/vo/samurobase_introresponse_guldan00.ogg	46d4f800e68bca7dd757f8324cd67c21	69098
mods/heroes.stormmod/enus.stormassets/localizeddata/sounds/vo/samurobase_introresponse_horde00.fxe	4ded6650527bb7ef767f81097f202926	2853
mods/heroes.stormmod/enus.stormassets/localizeddata/sounds/vo/samurobase_introresponse_horde00.ogg	e5ac68ee59c8fb97b05c5194afba0af2	55001
mods/heroes.stormmod/enus.stormassets/localizeddata/sounds/vo/samurobase_introresponse_lostvikings00.fxe	f4ad4180a778402d2c551abe0f13794a	2603
mods/heroes.stormmod/enus.stormassets/localizeddata/sounds/vo/samurobase_introresponse_lostvikings00.ogg	ab6e54878a4df1c2cf9877149638cba9	43757
mods/heroes.stormmod/enus.stormassets/localizeddata/sounds/vo/samurobase_introresponse_medivh00.fxe	27e423b671342fffd66b6f6aad9c9d17	3526
mods/heroes.stormmod/enus.stormassets/localizeddata/sounds/vo/samurobase_introresponse_medivh00.ogg	dfcea42e635311e63efa03d40156ff0d	46642
mods/heroes.stormmod/enus.stormassets/localizeddata/sounds/vo/samurobase_introresponse_monk00.fxe	0f441b31989a1e184cdba34f06ee3208	3076
mods/heroes.stormmod/enus.stormassets/localizeddata/sounds/vo/samurobase_introresponse_monk00.ogg	0cb7770abf7a5ec414699463a6a693ba	36990
mods/heroes.stormmod/enus.stormassets/localizeddata/sounds/vo/samurobase_introresponse_murky00.fxe	755d2e56f32463e211c6c0cdcfc820bf	4309
mods/heroes.stormmod/enus.stormassets/localizeddata/sounds/vo/samurobase_introresponse_murky00.ogg	5b8f19cf4b326ec528bf02404980c146	64969
mods/heroes.stormmod/enus.stormassets/localizeddata/sounds/vo/samurobase_introresponse_negative00.fxe	a3c2a2ebac439b3b5b2a015a4bc26b5d	3752
mods/heroes.stormmod/enus.stormassets/localizeddata/sounds/vo/samurobase_introresponse_negative00.ogg	c538652d016164673f9a24091d14fed7	68385
mods/heroes.stormmod/enus.stormassets/localizeddata/sounds/vo/samurobase_introresponse_positive00.fxe	777147889a0854ce1e00586423710978	1848
mods/heroes.stormmod/enus.stormassets/localizeddata/sounds/vo/samurobase_introresponse_positive00.ogg	9bcfd642ef0a9d4912b0382e7bf5faea	26703
mods/heroes.stormmod/enus.stormassets/localizeddata/sounds/vo/samurobase_introresponse_rexxar00.fxe	a1023523b5feca6a74aee0ef08d47a56	3334
mods/heroes.stormmod/enus.stormassets/localizeddata/sounds/vo/samurobase_introresponse_rexxar00.ogg	f044d53e2f37480600e09dc235c20140	47914
mods/heroes.stormmod/enus.stormassets/localizeddata/sounds/vo/samurobase_introresponse_roninzeratul00.fxe	8893c906e5ad27bbaa5041f73c10eec7	2092
mods/heroes.stormmod/enus.stormassets/localizeddata/sounds/vo/samurobase_introresponse_roninzeratul00.ogg	9790a16d362edcf000a1d4dd2e6dd2c1	33516
mods/heroes.stormmod/enus.stormassets/localizeddata/sounds/vo/samurobase_introresponse_sad00.fxe	104b2467053e3317be25ed8df18a2f98	4147
mods/heroes.stormmod/enus.stormassets/localizeddata/sounds/vo/samurobase_introresponse_sad00.ogg	c89e5214f7673c872e95af324b908982	67088
mods/heroes.stormmod/enus.stormassets/localizeddata/sounds/vo/samurobase_introresponse_shogunartanis00.fxe	be9a9c91c79325790b8d5890040fdeb8	3565
mods/heroes.stormmod/enus.stormassets/localizeddata/sounds/vo/samurobase_introresponse_shogunartanis00.ogg	a53c90c4d4584b7677cc273d65a93ed9	58745
mods/heroes.stormmod/enus.stormassets/localizeddata/sounds/vo/samurobase_introresponse_surprised00.fxe	197c9cbc9cfa230651bc109929e5e49a	3849
mods/heroes.stormmod/enus.stormassets/localizeddata/sounds/vo/samurobase_introresponse_surprised00.ogg	e80c7ca2d8efa0ad90fdf951177edd2c	63146
mods/heroes.stormmod/enus.stormassets/localizeddata/sounds/vo/samurobase_introresponse_tassadar00.fxe	08ced1b8831d93ae6e76ab2a7b1ffe60	3864
mods/heroes.stormmod/enus.stormassets/localizeddata/sounds/vo/samurobase_introresponse_tassadar00.ogg	bc403d5385c14fd8d49160eaf63a7082	54366
mods/heroes.stormmod/enus.stormassets/localizeddata/sounds/vo/samurobase_introresponse_thrall00.fxe	7e77c9fc7e83a064b2e2ec81b4499936	2742
mods/heroes.stormmod/enus.stormassets/localizeddata/sounds/vo/samurobase_introresponse_thrall00.ogg	b45ddcff00ab32558471c6b40317b9df	41123
mods/heroes.stormmod/enus.stormassets/localizeddata/sounds/vo/samurobase_kill00.fxe	504670bc19be5072014cd784e22fb3c7	1446
mods/heroes.stormmod/enus.stormassets/localizeddata/sounds/vo/samurobase_kill00.ogg	0a2b186af0ab1d26aec06109a38e6929	26142
mods/heroes.stormmod/enus.stormassets/localizeddata/sounds/vo/samurobase_kill01.fxe	f8c5a20cf136c3fbf975018e92cbcdbb	2054
mods/heroes.stormmod/enus.stormassets/localizeddata/sounds/vo/samurobase_kill01.ogg	ec758f1084dfb451252b9f12a431ae44	30853
mods/heroes.stormmod/enus.stormassets/localizeddata/sounds/vo/samurobase_kill02.fxe	3b8e83095854f443fa0b652c364f2517	1798
mods/heroes.stormmod/enus.stormassets/localizeddata/sounds/vo/samurobase_kill02.ogg	3fed6ce023ca6964ee9fdf9e9c7b6754	33753
mods/heroes.stormmod/enus.stormassets/localizeddata/sounds/vo/samurobase_kill03.fxe	b22ce903311f4bd0fafe09e1e20b8159	1750
mods/heroes.stormmod/enus.stormassets/localizeddata/sounds/vo/samurobase_kill03.ogg	c3dfef9c71de8f3317ce031061cee36c	36784
mods/heroes.stormmod/enus.stormassets/localizeddata/sounds/vo/samurobase_kill04.fxe	60f48d0e8a22abff6d57e5e5fffee9c3	1494
mods/heroes.stormmod/enus.stormassets/localizeddata/sounds/vo/samurobase_kill04.ogg	5ebea83250206348fe4fd414e185db1a	26231
mods/heroes.stormmod/enus.stormassets/localizeddata/sounds/vo/samurobase_killdemon00.fxe	d8f68f6be0896ca1599e8b37c68de26f	3051
mods/heroes.stormmod/enus.stormassets/localizeddata/sounds/vo/samurobase_killdemon00.ogg	c077c8474397546493b7c59e60901277	41694
mods/heroes.stormmod/enus.stormassets/localizeddata/sounds/vo/samurobase_killguldan00.fxe	ed0dbe364bb14869b022c5008458f8b7	3932
mods/heroes.stormmod/enus.stormassets/localizeddata/sounds/vo/samurobase_killguldan00.ogg	e10fd011b77f2faa402579584a031a8e	61067
mods/heroes.stormmod/enus.stormassets/localizeddata/sounds/vo/samurobase_killhorde00.fxe	00b0060c9634c15823d83ebcf1a288a2	3403
mods/heroes.stormmod/enus.stormassets/localizeddata/sounds/vo/samurobase_killhorde00.ogg	49bb3162a06c2733e546a8b42da01a68	50265
mods/heroes.stormmod/enus.stormassets/localizeddata/sounds/vo/samurobase_killhuman00.fxe	1c6ef816acca89ed2c337d2547945e9f	2187
mods/heroes.stormmod/enus.stormassets/localizeddata/sounds/vo/samurobase_killhuman00.ogg	b945891fa95c61d43a7221fb8fc70509	54247
mods/heroes.stormmod/enus.stormassets/localizeddata/sounds/vo/samurobase_killmedivh00.fxe	9371e0c1f273b42c0d02115317b86873	2956
mods/heroes.stormmod/enus.stormassets/localizeddata/sounds/vo/samurobase_killmedivh00.ogg	268292d7bd63f3b6c290b0abaacfad6d	41441
mods/heroes.stormmod/enus.stormassets/localizeddata/sounds/vo/samurobase_killrexxar00.fxe	b4c57ad7a58405a98fa3321e483bc976	2604
mods/heroes.stormmod/enus.stormassets/localizeddata/sounds/vo/samurobase_killrexxar00.ogg	511737c49a7cc8001bbdff74c0462cb6	34925
mods/heroes.stormmod/enus.stormassets/localizeddata/sounds/vo/samurobase_killsamuro00.fxe	8c3e9eb5ebf8111e537ca5c6e1d70a19	2428
mods/heroes.stormmod/enus.stormassets/localizeddata/sounds/vo/samurobase_killsamuro00.ogg	a7f56a5471042cf3d1e5bad300cd3e22	35540
mods/heroes.stormmod/enus.stormassets/localizeddata/sounds/vo/samurobase_killspreeend00.fxe	dd8a377b95d2e187fcaec1c055c6958d	2030
mods/heroes.stormmod/enus.stormassets/localizeddata/sounds/vo/samurobase_killspreeend00.ogg	8cb3fea1fd8c29904358a1d03d3a1c56	36627
mods/heroes.stormmod/enus.stormassets/localizeddata/sounds/vo/samurobase_killthrall00.fxe	96a1949d00f58eaa8c2611bace890701	3020
mods/heroes.stormmod/enus.stormassets/localizeddata/sounds/vo/samurobase_killthrall00.ogg	9659a0762bfc29967587c885f13fb414	49342
mods/heroes.stormmod/enus.stormassets/localizeddata/sounds/vo/samurobase_killwarrior00.fxe	a994e8463b19a431b72562d0fed9a115	2909
mods/heroes.stormmod/enus.stormassets/localizeddata/sounds/vo/samurobase_killwarrior00.ogg	903fb31b1fcdb96d4eccf1f36b5b8e85	39243
mods/heroes.stormmod/enus.stormassets/localizeddata/sounds/vo/samurobase_killwisp00.fxe	d99c922318ac89505d7f4fb5f1b4c1da	2074
mods/heroes.stormmod/enus.stormassets/localizeddata/sounds/vo/samurobase_killwisp00.ogg	bdb718c2415b8334fc3703f2497a14fc	33933
mods/heroes.stormmod/enus.stormassets/localizeddata/sounds/vo/samurobase_killzeratul00.fxe	97a72aafe5601f294760972afa1b4bbe	2029
mods/heroes.stormmod/enus.stormassets/localizeddata/sounds/vo/samurobase_killzeratul00.ogg	86dd0f6ba96ffe78134ec798ae7eff95	30114
mods/heroes.stormmod/enus.stormassets/localizeddata/sounds/vo/samurobase_laugh00.fxe	4ce575603421225bc6cc7ca920e706d1	1127
mods/heroes.stormmod/enus.stormassets/localizeddata/sounds/vo/samurobase_laugh00.ogg	91ea52d72abc3f92764735225e4ced0e	12954
mods/heroes.stormmod/enus.stormassets/localizeddata/sounds/vo/samurobase_laugh01.fxe	2f7738ff34f0f6e7ebee363c56bea711	1111
mods/heroes.stormmod/enus.stormassets/localizeddata/sounds/vo/samurobase_laugh01.ogg	39d5bb308159da1f3fa76e0fa6cbbe95	15646
mods/heroes.stormmod/enus.stormassets/localizeddata/sounds/vo/samurobase_laugh02.fxe	a2d9cd3b87be38d944fef64feca34a97	1127
mods/heroes.stormmod/enus.stormassets/localizeddata/sounds/vo/samurobase_laugh02.ogg	5b750d3b2857363797611e04c169b78d	28166
mods/heroes.stormmod/enus.stormassets/localizeddata/sounds/vo/samurobase_laugh03.fxe	66da32acae2e7655bd4a9fe7192cb1ff	1399
mods/heroes.stormmod/enus.stormassets/localizeddata/sounds/vo/samurobase_laugh03.ogg	461c61ae7b96ca308b829031bca3d5a2	28243
mods/heroes.stormmod/enus.stormassets/localizeddata/sounds/vo/samurobase_laugh04.fxe	4e61b55393f13ed41a4a713c86edb9c9	1175
mods/heroes.stormmod/enus.stormassets/localizeddata/sounds/vo/samurobase_laugh04.ogg	1480578176bc61c7eb29176e97d9c6e3	9985
mods/heroes.stormmod/enus.stormassets/localizeddata/sounds/vo/samurobase_laugh05.fxe	66fcf511ad2ad749b569b3521f41e1d6	1239
mods/heroes.stormmod/enus.stormassets/localizeddata/sounds/vo/samurobase_laugh05.ogg	04fa75228ba3e79305324b9ba512d32f	34056
mods/heroes.stormmod/enus.stormassets/localizeddata/sounds/vo/samurobase_laugh06.fxe	64405b932c1fc7f3bd0f5f74fac16683	1143
mods/heroes.stormmod/enus.stormassets/localizeddata/sounds/vo/samurobase_laugh06.ogg	6f2270dcd00966c25f80ac285274019e	32662
mods/heroes.stormmod/enus.stormassets/localizeddata/sounds/vo/samurobase_laugh07.fxe	47db1a67c540bddd36c4a8fab99abec1	1095
mods/heroes.stormmod/enus.stormassets/localizeddata/sounds/vo/samurobase_laugh07.ogg	a10752a4f9544553b2a72640eb65aac4	37607
mods/heroes.stormmod/enus.stormassets/localizeddata/sounds/vo/samurobase_laugh08.fxe	25d4415021355107e204dd2515204353	1319
mods/heroes.stormmod/enus.stormassets/localizeddata/sounds/vo/samurobase_laugh08.ogg	dbb4b09cdfc0490bf227979d690efd66	27854
mods/heroes.stormmod/enus.stormassets/localizeddata/sounds/vo/samurobase_laugh09.fxe	469d7710ac60b02287b415ffc2667637	1303
mods/heroes.stormmod/enus.stormassets/localizeddata/sounds/vo/samurobase_laugh09.ogg	f725dcdc777b3af0e64d420ff6f784ff	28047
mods/heroes.stormmod/enus.stormassets/localizeddata/sounds/vo/samurobase_laugh10.fxe	fd467d92f6402170919b97cfcdf2a971	1175
mods/heroes.stormmod/enus.stormassets/localizeddata/sounds/vo/samurobase_laugh10.ogg	8fe8eda1f06e14cdcbc0cdc33424bb40	26984
mods/heroes.stormmod/enus.stormassets/localizeddata/sounds/vo/samurobase_laugh11.fxe	800c90762ca87a2ce369a3408d06fbc2	1159
mods/heroes.stormmod/enus.stormassets/localizeddata/sounds/vo/samurobase_laugh11.ogg	1a26118400ae3b9ecc3aefeb8c0cc9a2	33964
mods/heroes.stormmod/enus.stormassets/localizeddata/sounds/vo/samurobase_laugh12.fxe	5995579c0948addda87c8137925e23f0	1271
mods/heroes.stormmod/enus.stormassets/localizeddata/sounds/vo/samurobase_laugh12.ogg	c0223e062be5756552719e0f242ba7a9	35885
mods/heroes.stormmod/enus.stormassets/localizeddata/sounds/vo/samurobase_laugh13.fxe	81ffbc191ea80ad7568c45c52006b411	1191
mods/heroes.stormmod/enus.stormassets/localizeddata/sounds/vo/samurobase_laugh13.ogg	1dc021ee1e44628c5d86e545e88e6061	23732
mods/heroes.stormmod/enus.stormassets/localizeddata/sounds/vo/samurobase_laugh14.fxe	e3d9627e03116bd485b485284c810e6d	1431
mods/heroes.stormmod/enus.stormassets/localizeddata/sounds/vo/samurobase_laugh14.ogg	380346cedf3000e79d49b131a1defa41	25454
mods/heroes.stormmod/enus.stormassets/localizeddata/sounds/vo/samurobase_laugh15.fxe	fdc538f8e7235ce94e6d167aefc89094	1447
mods/heroes.stormmod/enus.stormassets/localizeddata/sounds/vo/samurobase_laugh15.ogg	9f2bc8d892abf37c0067be1b468e3b8c	26363
mods/heroes.stormmod/enus.stormassets/localizeddata/sounds/vo/samurobase_laugh16.fxe	c00f82838cb5ced215d5adf222f6bdf9	1335
mods/heroes.stormmod/enus.stormassets/localizeddata/sounds/vo/samurobase_laugh16.ogg	5a8d018e4d1df4f5f54bd6efe3466032	31587
mods/heroes.stormmod/enus.stormassets/localizeddata/sounds/vo/samurobase_laugh17.fxe	f60e500c867597bb126bb937e6cd27b8	1495
mods/heroes.stormmod/enus.stormassets/localizeddata/sounds/vo/samurobase_laugh17.ogg	cc1e3ae221e313691d30384f93b7146f	26763
mods/heroes.stormmod/enus.stormassets/localizeddata/sounds/vo/samurobase_laugh18.fxe	b0bdb67a0abd6484fc3175258eb95e8d	1175
mods/heroes.stormmod/enus.stormassets/localizeddata/sounds/vo/samurobase_laugh18.ogg	4ecb8bef4120792888fa9610cc9895e3	33047
mods/heroes.stormmod/enus.stormassets/localizeddata/sounds/vo/samurobase_laugh19.fxe	b2c69fa13c3f189bfb7ebd58e4baf628	1383
mods/heroes.stormmod/enus.stormassets/localizeddata/sounds/vo/samurobase_laugh19.ogg	98378151e0f6e9fc19bfa621749cf1b1	25060
mods/heroes.stormmod/enus.stormassets/localizeddata/sounds/vo/samurobase_laugh20.fxe	3638c61a02e041265aea91bfa6e55a10	1191
mods/heroes.stormmod/enus.stormassets/localizeddata/sounds/vo/samurobase_laugh20.ogg	4fc11b6ea2f7b43bb2d7c4cef270864a	27710
mods/heroes.stormmod/enus.stormassets/localizeddata/sounds/vo/samurobase_laugh21.fxe	e1a7b7d9f1bb7e79f4633748cfdbafa8	1239
mods/heroes.stormmod/enus.stormassets/localizeddata/sounds/vo/samurobase_laugh21.ogg	eb3780ee2d0fe8bbcb04564de1ad5f78	10968
mods/heroes.stormmod/enus.stormassets/localizeddata/sounds/vo/samurobase_lowlifeheal00.fxe	29be5148f8b806ca371df673d96e3b07	1933
mods/heroes.stormmod/enus.stormassets/localizeddata/sounds/vo/samurobase_lowlifeheal00.ogg	dbe93b5aea1311fbeeef2d25a3b35c52	29846
mods/heroes.stormmod/enus.stormassets/localizeddata/sounds/vo/samurobase_lowlifeheal01.fxe	71d21aa733d2fdae92d2730aad8f02d2	2893
mods/heroes.stormmod/enus.stormassets/localizeddata/sounds/vo/samurobase_lowlifeheal01.ogg	68b8b49868134e4c1367ff7674d4111a	38882
mods/heroes.stormmod/enus.stormassets/localizeddata/sounds/vo/samurobase_lowlifeheal02.fxe	a04ac615427d63fa92a912a7da313fe2	1661
mods/heroes.stormmod/enus.stormassets/localizeddata/sounds/vo/samurobase_lowlifeheal02.ogg	4f549a9c634de930c5c661a812263d23	25192
mods/heroes.stormmod/enus.stormassets/localizeddata/sounds/vo/samurobase_lowmana00.fxe	cf604076ea377b7fbc1ce0e523c0abcd	1545
mods/heroes.stormmod/enus.stormassets/localizeddata/sounds/vo/samurobase_lowmana00.ogg	0b7705a85a88ea6d8d5b7cb6e6c6141e	22586
mods/heroes.stormmod/enus.stormassets/localizeddata/sounds/vo/samurobase_lowmana01.fxe	b2d56ab9cc04333626c208284f05d2ee	1449
mods/heroes.stormmod/enus.stormassets/localizeddata/sounds/vo/samurobase_lowmana01.ogg	7f554962aad8acfacee7ad65d8d6bf89	22856
mods/heroes.stormmod/enus.stormassets/localizeddata/sounds/vo/samurobase_lowmana02.fxe	3721bfb353f05c4864934f0c494ef619	1561
mods/heroes.stormmod/enus.stormassets/localizeddata/sounds/vo/samurobase_lowmana02.ogg	918a3049764ba9fe0db264769796734a	19936
mods/heroes.stormmod/enus.stormassets/localizeddata/sounds/vo/samurobase_matchend00.ogg	df0c8956d947533d7e9aa02a7771b08a	22084
mods/heroes.stormmod/enus.stormassets/localizeddata/sounds/vo/samurobase_matchend01.ogg	f0e914d5702a9ec3ae6caaeea2dc0238	29886
mods/heroes.stormmod/enus.stormassets/localizeddata/sounds/vo/samurobase_no00alt.fxe	9a44763ec8af81dc788d1da8a46e22a3	1799
mods/heroes.stormmod/enus.stormassets/localizeddata/sounds/vo/samurobase_no00alt.ogg	5d0387b9238e3ffc12cf9ea4904a3355	31045
mods/heroes.stormmod/enus.stormassets/localizeddata/sounds/vo/samurobase_no01.fxe	543ed79ca4c06b9c9d70d76fc263d863	1732
mods/heroes.stormmod/enus.stormassets/localizeddata/sounds/vo/samurobase_no01.ogg	134fd6b603146c30b94a13ff6f6d1360	24192
mods/heroes.stormmod/enus.stormassets/localizeddata/sounds/vo/samurobase_no02.fxe	eda14669c10fa5f2eb0e8521f6147f8c	1556
mods/heroes.stormmod/enus.stormassets/localizeddata/sounds/vo/samurobase_no02.ogg	bfea2ed8c8f0339182ec25b4ce5064ff	26357
mods/heroes.stormmod/enus.stormassets/localizeddata/sounds/vo/samurobase_ping_assisthero00.fxe	a2e152be0ffe45cd8d2eb72bf66e24c5	2257
mods/heroes.stormmod/enus.stormassets/localizeddata/sounds/vo/samurobase_ping_assisthero00.ogg	e3c71a0efecc68719b5c27caa9a8b60a	33244
mods/heroes.stormmod/enus.stormassets/localizeddata/sounds/vo/samurobase_ping_assistme00.fxe	a3367b144f632e7c323d49220b3dd4d7	2319
mods/heroes.stormmod/enus.stormassets/localizeddata/sounds/vo/samurobase_ping_assistme00.ogg	997c6edc17fd8ae7e130a75d14af7833	33232
mods/heroes.stormmod/enus.stormassets/localizeddata/sounds/vo/samurobase_ping_assistme01.fxe	2a2c3cd94b023a5a6ebf725c536ed197	2271
mods/heroes.stormmod/enus.stormassets/localizeddata/sounds/vo/samurobase_ping_assistme01.ogg	5f5da7ff06037732f8c2a74c949bf996	32376
mods/heroes.stormmod/enus.stormassets/localizeddata/sounds/vo/samurobase_ping_attackcastle00.fxe	3fe6a62d3e4f729673707e3af4de50cf	2643
mods/heroes.stormmod/enus.stormassets/localizeddata/sounds/vo/samurobase_ping_attackcastle00.ogg	1893fa891c6447dfa69e61bef520a7f8	37872
mods/heroes.stormmod/enus.stormassets/localizeddata/sounds/vo/samurobase_ping_attackmerc00.fxe	17f5fb97a856136d12ff8c7e8d1371fd	2545
mods/heroes.stormmod/enus.stormassets/localizeddata/sounds/vo/samurobase_ping_attackmerc00.ogg	fbd601a6af104f0ba7bb170cf70c6d6a	33742
mods/heroes.stormmod/enus.stormassets/localizeddata/sounds/vo/samurobase_ping_attackoutpost00.fxe	344edee321a86ead6981c8587de649a8	2148
mods/heroes.stormmod/enus.stormassets/localizeddata/sounds/vo/samurobase_ping_attackoutpost00.ogg	24c81e07b9b6849f3823eee2e08f38e6	29429
mods/heroes.stormmod/enus.stormassets/localizeddata/sounds/vo/samurobase_ping_attacktower00.fxe	4074e8e871be548352d2a79e01c47f93	2434
mods/heroes.stormmod/enus.stormassets/localizeddata/sounds/vo/samurobase_ping_attacktower00.ogg	e5f73ce60571e0a87bcc2bab0f5dc2fb	32119
mods/heroes.stormmod/enus.stormassets/localizeddata/sounds/vo/samurobase_ping_defendcastle00.fxe	c71aa3376ec39e1832942a9680099ebf	1731
mods/heroes.stormmod/enus.stormassets/localizeddata/sounds/vo/samurobase_ping_defendcastle00.ogg	96bdf8b0575cd94424f2accf29659f35	25135
mods/heroes.stormmod/enus.stormassets/localizeddata/sounds/vo/samurobase_ping_defendoutpost00.fxe	0d27e990b9086a8bf2d985c5c47bf732	2404
mods/heroes.stormmod/enus.stormassets/localizeddata/sounds/vo/samurobase_ping_defendoutpost00.ogg	067d1f4113b27c2160f59ddcebe974bc	30699
mods/heroes.stormmod/enus.stormassets/localizeddata/sounds/vo/samurobase_ping_defendtower00.fxe	b7640122fd35e40dfd1817d7a885b5c5	2818
mods/heroes.stormmod/enus.stormassets/localizeddata/sounds/vo/samurobase_ping_defendtower00.ogg	ed32fd1139757b5e62fd4b4da39d6493	35085
mods/heroes.stormmod/enus.stormassets/localizeddata/sounds/vo/samurobase_ping_killhero00.fxe	9c8d1a0719b8951e4e27ef0cb5dfc18f	2239
mods/heroes.stormmod/enus.stormassets/localizeddata/sounds/vo/samurobase_ping_killhero00.ogg	aab6f913aed57cf94be8ccc17641fdaa	37108
mods/heroes.stormmod/enus.stormassets/localizeddata/sounds/vo/samurobase_pissed00.fxe	6f557564de3bd84b2e0e88ad88e990c1	1064
mods/heroes.stormmod/enus.stormassets/localizeddata/sounds/vo/samurobase_pissed00.ogg	5cf5c0938d0bbb80d701de96ef4ae3c6	20609
mods/heroes.stormmod/enus.stormassets/localizeddata/sounds/vo/samurobase_pissed01.fxe	22b15da443c572b1cd094386a3abe7af	1160
mods/heroes.stormmod/enus.stormassets/localizeddata/sounds/vo/samurobase_pissed01.ogg	3b46b93ec90e0187e59c0b44ad33edcf	21594
mods/heroes.stormmod/enus.stormassets/localizeddata/sounds/vo/samurobase_pissed02.fxe	af995581f4efedc21d5e9422a66349c3	3304
mods/heroes.stormmod/enus.stormassets/localizeddata/sounds/vo/samurobase_pissed02.ogg	9796089e4fd542345776c554e509791c	78926
mods/heroes.stormmod/enus.stormassets/localizeddata/sounds/vo/samurobase_pissed03.fxe	86aab3475e3fc2a3a51d8f195b998c40	2696
mods/heroes.stormmod/enus.stormassets/localizeddata/sounds/vo/samurobase_pissed03.ogg	1dc1947155963e2edd5b536d4531b428	55870
mods/heroes.stormmod/enus.stormassets/localizeddata/sounds/vo/samurobase_pissed04.fxe	5e4fa5859e4c56f531474164caae44fc	5560
mods/heroes.stormmod/enus.stormassets/localizeddata/sounds/vo/samurobase_pissed04.ogg	a7b7e18328d5c9a37ac175940e6c713b	114985
mods/heroes.stormmod/enus.stormassets/localizeddata/sounds/vo/samurobase_pissed05.fxe	9c77b9e3100287fccdece43dff429689	4024
mods/heroes.stormmod/enus.stormassets/localizeddata/sounds/vo/samurobase_pissed05.ogg	d8ba8685441b7438ba0d290bdbaafeea	98042
mods/heroes.stormmod/enus.stormassets/localizeddata/sounds/vo/samurobase_pissed06.fxe	52b0f3292a0936a92d94d65d2b20f612	3272
mods/heroes.stormmod/enus.stormassets/localizeddata/sounds/vo/samurobase_pissed06.ogg	af839e47e4b949ad54e925a21d3a1211	83122
mods/heroes.stormmod/enus.stormassets/localizeddata/sounds/vo/samurobase_pissed07.fxe	53d39379800656c8bd9ad47541d3f9c4	7720
mods/heroes.stormmod/enus.stormassets/localizeddata/sounds/vo/samurobase_pissed07.ogg	c991f5814761c1018ef15b416023a197	210454
mods/heroes.stormmod/enus.stormassets/localizeddata/sounds/vo/samurobase_pissed08.fxe	51ed153ca4bd57f7fe0055f620e67986	3080
mods/heroes.stormmod/enus.stormassets/localizeddata/sounds/vo/samurobase_pissed08.ogg	ec8577cab980f48971fbe316e9cf6ed8	83345
mods/heroes.stormmod/enus.stormassets/localizeddata/sounds/vo/samurobase_pissed09.fxe	4bde42fbdfcb9a2656c58a74c5b3689c	6776
mods/heroes.stormmod/enus.stormassets/localizeddata/sounds/vo/samurobase_pissed09.ogg	f081a579d1cfaf86e3c44d8d6bca854f	147336
mods/heroes.stormmod/enus.stormassets/localizeddata/sounds/vo/samurobase_pissed10.fxe	9325073bc85aa586f43f3e91c2943239	3912
mods/heroes.stormmod/enus.stormassets/localizeddata/sounds/vo/samurobase_pissed10.ogg	27fe698c7d3be9950e5488db47d09b78	90681
mods/heroes.stormmod/enus.stormassets/localizeddata/sounds/vo/samurobase_pissed11.fxe	6e4fcccfdbfb3b833716418b4f38a2da	4728
mods/heroes.stormmod/enus.stormassets/localizeddata/sounds/vo/samurobase_pissed11.ogg	fde0c79919f4a2f4b5cea795aa435583	140719
mods/heroes.stormmod/enus.stormassets/localizeddata/sounds/vo/samurobase_pissed12.fxe	89ddca3a620900308117c015bf27c6a7	7704
mods/heroes.stormmod/enus.stormassets/localizeddata/sounds/vo/samurobase_pissed12.ogg	55df5a82509b527a70cfdd9008e5ca30	133205
mods/heroes.stormmod/enus.stormassets/localizeddata/sounds/vo/samurobase_pissed13.fxe	6909e619807c4c87b877355efce5811b	10280
mods/heroes.stormmod/enus.stormassets/localizeddata/sounds/vo/samurobase_pissed13.ogg	48f15b5ac7bac58520cbd707ed21bb2d	136157
mods/heroes.stormmod/enus.stormassets/localizeddata/sounds/vo/samurobase_pissed14.fxe	de79edbc80cd3e68b97e2bfbe17a6f14	5768
mods/heroes.stormmod/enus.stormassets/localizeddata/sounds/vo/samurobase_pissed14.ogg	4ead724784781de86a09bcf9f7b44912	96239
mods/heroes.stormmod/enus.stormassets/localizeddata/sounds/vo/samurobase_resurrected00.fxe	4ae7ef74b43979fc4dd972891a4ab2fa	1581
mods/heroes.stormmod/enus.stormassets/localizeddata/sounds/vo/samurobase_resurrected00.ogg	20ddae5b43f5ad71d03c397c31cb653a	22078
mods/heroes.stormmod/enus.stormassets/localizeddata/sounds/vo/samurobase_resurrected01.fxe	0789b0b5be3226ea2676521a12c8960b	1453
mods/heroes.stormmod/enus.stormassets/localizeddata/sounds/vo/samurobase_resurrected01.ogg	2b369c1c6eb046e9cc44cded4e16da50	26876
mods/heroes.stormmod/enus.stormassets/localizeddata/sounds/vo/samurobase_revive00.fxe	8102d3e3734ec4605ffaec110b090b02	2552
mods/heroes.stormmod/enus.stormassets/localizeddata/sounds/vo/samurobase_revive00.ogg	1a83ee9feaa5e9605b1582966a018f59	38600
mods/heroes.stormmod/enus.stormassets/localizeddata/sounds/vo/samurobase_revive01.fxe	7576c2fccbb45437f9095150af356b69	2136
mods/heroes.stormmod/enus.stormassets/localizeddata/sounds/vo/samurobase_revive01.ogg	3f8a5ba0c21e649f75a932786ac6d5c3	34820
mods/heroes.stormmod/enus.stormassets/localizeddata/sounds/vo/samurobase_revive02.fxe	bdbe2c97412fbc45db6f6d1ac1d2ddad	3304
mods/heroes.stormmod/enus.stormassets/localizeddata/sounds/vo/samurobase_revive02.ogg	dd6feb9fff7f59605a267850b6da4a16	49837
mods/heroes.stormmod/enus.stormassets/localizeddata/sounds/vo/samurobase_social_hello00.fxe	5072b23900667fce925df3f20fed553a	1358
mods/heroes.stormmod/enus.stormassets/localizeddata/sounds/vo/samurobase_social_hello00.ogg	8d64e740221e55d8a6721bdea27e31ad	23643
mods/heroes.stormmod/enus.stormassets/localizeddata/sounds/vo/samurobase_spec00.fxe	05aa3264e0cf5005378dedb438839c0b	1286
mods/heroes.stormmod/enus.stormassets/localizeddata/sounds/vo/samurobase_spec00.ogg	8c5b801154e122c2867c3fe10bf3b5af	25225
mods/heroes.stormmod/enus.stormassets/localizeddata/sounds/vo/samurobase_spec01.fxe	3ac36af8dfaf970beedf6ecf0271f2ec	918
mods/heroes.stormmod/enus.stormassets/localizeddata/sounds/vo/samurobase_spec01.ogg	337617eb1482215b043d912e0dddf27f	21528
mods/heroes.stormmod/enus.stormassets/localizeddata/sounds/vo/samurobase_spec02.fxe	1fd8156facbd095dfb0a1801f5acb0d6	1510
mods/heroes.stormmod/enus.stormassets/localizeddata/sounds/vo/samurobase_spec02.ogg	dea978fc2e96d0d39f930394ccfd3e98	22527
mods/heroes.stormmod/enus.stormassets/localizeddata/sounds/vo/samurobase_spec03.fxe	a8a9e569ada46c51c6ab5e756c982d09	1894
mods/heroes.stormmod/enus.stormassets/localizeddata/sounds/vo/samurobase_spec03.ogg	5f607023e21614d752386c3f242c7cae	31441
mods/heroes.stormmod/enus.stormassets/localizeddata/sounds/vo/samurobase_spec04.fxe	c03788d0e68ea4ce054f576de915c41b	1940
mods/heroes.stormmod/enus.stormassets/localizeddata/sounds/vo/samurobase_spec04.ogg	da89ffcd3cc9c20f8b96948074d79dd2	43423
mods/heroes.stormmod/enus.stormassets/localizeddata/sounds/vo/samurobase_taunt00.fxe	b75ac71ff0751f3cc2509c98d0b5086a	3783
mods/heroes.stormmod/enus.stormassets/localizeddata/sounds/vo/samurobase_taunt00.ogg	1b06c1755e9a99e0af3230877f5dfb1c	59874
mods/heroes.stormmod/enus.stormassets/localizeddata/sounds/vo/samurobase_taunt01.fxe	d8b59b8a6ccbc881bdfde3fb87a454f1	3383
mods/heroes.stormmod/enus.stormassets/localizeddata/sounds/vo/samurobase_taunt01.ogg	a8c73c4e0f1865e99d3158d1597c3a6c	49491
mods/heroes.stormmod/enus.stormassets/localizeddata/sounds/vo/samurobase_taunt02.fxe	29cbe00df931a17dbc46bac1dffa1314	2071
mods/heroes.stormmod/enus.stormassets/localizeddata/sounds/vo/samurobase_taunt02.ogg	6ec5b42cf8e68a7ba047ef5972bf2eea	35752
mods/heroes.stormmod/enus.stormassets/localizeddata/sounds/vo/samurobase_teamkilled00.fxe	cc8de15fc1492e5e18ffb23aa7237b03	2268
mods/heroes.stormmod/enus.stormassets/localizeddata/sounds/vo/samurobase_teamkilled00.ogg	9edf7a6d6b4cfbaca2950cfa76962f85	38536
mods/heroes.stormmod/enus.stormassets/localizeddata/sounds/vo/samurobase_ui_exlocked00.fxe	2fef90ed5267196c1695b61fa26b1f7b	1309
mods/heroes.stormmod/enus.stormassets/localizeddata/sounds/vo/samurobase_ui_exlocked00.ogg	64306ebefa0f8eda393edfd62c41db55	24257
mods/heroes.stormmod/enus.stormassets/localizeddata/sounds/vo/samurobase_ui_expurchased00.fxe	2dd17591ff15bccd8ff7921108f0c18d	1232
mods/heroes.stormmod/enus.stormassets/localizeddata/sounds/vo/samurobase_ui_expurchased00.ogg	dea2e093b37bb4bc52fbaa5dc0462b21	19330
mods/heroes.stormmod/enus.stormassets/localizeddata/sounds/vo/samurobase_ui_gift00.fxe	16f583fe5ed8a3f789c6b1bdf453d9e8	1753
mods/heroes.stormmod/enus.stormassets/localizeddata/sounds/vo/samurobase_ui_gift00.ogg	ffd4f16eeab3af9bf96697c4ddf8389b	25981
mods/heroes.stormmod/enus.stormassets/localizeddata/sounds/vo/samurobase_ui_lockin00.fxe	8bcf84a0ea9f36479511300abdb1d4d7	1115
mods/heroes.stormmod/enus.stormassets/localizeddata/sounds/vo/samurobase_ui_lockin00.ogg	aead305a0254178bd9458b1a21c5c72f	21839
mods/heroes.stormmod/enus.stormassets/localizeddata/sounds/vo/samurobase_ui_purchase00.fxe	b4425250344afeca59fb4e84d517dfaf	1421
mods/heroes.stormmod/enus.stormassets/localizeddata/sounds/vo/samurobase_ui_purchase00.ogg	9ae141f9838cc735f29777161399e6a1	26125
mods/heroes.stormmod/enus.stormassets/localizeddata/sounds/vo/samurobase_ui_trial00.fxe	70f05274d8665e38b5835205c226a011	2298
mods/heroes.stormmod/enus.stormassets/localizeddata/sounds/vo/samurobase_ui_trial00.ogg	6422d884f7b2f885c2bb0f6a18718be3	31065
mods/heroes.stormmod/enus.stormassets/localizeddata/sounds/vo/samurobase_ui_trial01.fxe	0f52ab7a7ef4b009d573c6e7d456751f	1802
mods/heroes.stormmod/enus.stormassets/localizeddata/sounds/vo/samurobase_ui_trial01.ogg	ecafe95e34acb96ec44eb207417d4564	25033
mods/heroes.stormmod/enus.stormassets/localizeddata/sounds/vo/samurobase_ui_vox_spun00.fxe	fb05fdae2aa6f987fba17c07fb8d6de0	1789
mods/heroes.stormmod/enus.stormassets/localizeddata/sounds/vo/samurobase_ui_vox_spun00.ogg	dc490cd3b8e10e437ce03ff8be920293	23484
mods/heroes.stormmod/enus.stormassets/localizeddata/sounds/vo/samurobase_ui_vox_spun01.fxe	0c8b4baf01a15e5cdcee48428b64c63a	1901
mods/heroes.stormmod/enus.stormassets/localizeddata/sounds/vo/samurobase_ui_vox_spun01.ogg	ded55e40f45bb8436feac010200922e0	25531
mods/heroes.stormmod/enus.stormassets/localizeddata/sounds/vo/samurobase_ui_vox_spun02.fxe	8733a3312334c1c0724fe0f2e7d03fe9	1933
mods/heroes.stormmod/enus.stormassets/localizeddata/sounds/vo/samurobase_ui_vox_spun02.ogg	a0a46f13a71fb4879fc9cb0ce0207a7c	27335
mods/heroes.stormmod/enus.stormassets/localizeddata/sounds/vo/samurobase_ui_vox_spun03.fxe	ae9293dfa31ef13c8b88a3b81efac75a	1677
mods/heroes.stormmod/enus.stormassets/localizeddata/sounds/vo/samurobase_ui_vox_spun03.ogg	e745bc70cc09cba56ebbb189c301f0fe	15552
mods/heroes.stormmod/enus.stormassets/localizeddata/sounds/vo/samurobase_ui_vox_spun04.fxe	2ad3fbd5d61641060e0a5e73bf87e67b	1773
mods/heroes.stormmod/enus.stormassets/localizeddata/sounds/vo/samurobase_ui_vox_spun04.ogg	2f91be35a616fbeca165058670f4d082	21130
mods/heroes.stormmod/enus.stormassets/localizeddata/sounds/vo/samurobase_ui_vox_spun05.fxe	367205575468b5f6a2f017421c26107d	1741
mods/heroes.stormmod/enus.stormassets/localizeddata/sounds/vo/samurobase_ui_vox_spun05.ogg	193416494826704fe8196b1fcbf62e81	22064
mods/heroes.stormmod/enus.stormassets/localizeddata/sounds/vo/samurobase_ui_vox_spun06.fxe	c0a3afec743950f8f3ace645e1831c89	1837
mods/heroes.stormmod/enus.stormassets/localizeddata/sounds/vo/samurobase_ui_vox_spun06.ogg	39b8f3e56dbe961c8449471dac386c9c	20007
mods/heroes.stormmod/enus.stormassets/localizeddata/sounds/vo/samurobase_ui_waitlocked00.fxe	d49fe0d9a82e763ad1c01ff168beba13	2383
mods/heroes.stormmod/enus.stormassets/localizeddata/sounds/vo/samurobase_ui_waitlocked00.ogg	2bfd98eb6eda7dbb8bc01557d006cee8	55284
mods/heroes.stormmod/enus.stormassets/localizeddata/sounds/vo/samurobase_ui_waitlocked01.fxe	3a366fdd4c94887a95bbd3eacbe9ae07	2047
mods/heroes.stormmod/enus.stormassets/localizeddata/sounds/vo/samurobase_ui_waitlocked01.ogg	33f2f9b2a45b3dbf84f1002808c6a5de	41274
mods/heroes.stormmod/enus.stormassets/localizeddata/sounds/vo/samurobase_ui_waitpurchased00.fxe	d652594305fbf72c1fb588f573a81edb	2258
mods/heroes.stormmod/enus.stormassets/localizeddata/sounds/vo/samurobase_ui_waitpurchased00.ogg	4006b124b60538f5034caf028e11c077	48481
mods/heroes.stormmod/enus.stormassets/localizeddata/sounds/vo/samurobase_ui_waitpurchased01.fxe	5b335b10f9f2738e6f078f0b7e46416e	2754
mods/heroes.stormmod/enus.stormassets/localizeddata/sounds/vo/samurobase_ui_waitpurchased01.ogg	baa89fd46da7eceffdc9cd9857e314e6	52047
mods/heroes.stormmod/enus.stormassets/localizeddata/sounds/vo/samurobase_ultimate1used00.fxe	50653e22aabd6a7d8d574cf823d5a1e6	1551
mods/heroes.stormmod/enus.stormassets/localizeddata/sounds/vo/samurobase_ultimate1used00.ogg	aada3fe5d2874f3060bb50c9ce56ec4e	42023
mods/heroes.stormmod/enus.stormassets/localizeddata/sounds/vo/samurobase_ultimate1used01.fxe	523cab0a3590ba7b9b2ef1a8c11663aa	1487
mods/heroes.stormmod/enus.stormassets/localizeddata/sounds/vo/samurobase_ultimate1used01.ogg	831bc680b097a0f0ad0cff9ee3b27345	23334
mods/heroes.stormmod/enus.stormassets/localizeddata/sounds/vo/samurobase_ultimate1used02.fxe	0e9b3e3a56eedc11f85345bc5ae43930	1775
mods/heroes.stormmod/enus.stormassets/localizeddata/sounds/vo/samurobase_ultimate1used02.ogg	086d4c42c9e87366591d318ddca20822	28365
mods/heroes.stormmod/enus.stormassets/localizeddata/sounds/vo/samurobase_voicelinefive00.ogg	ca6cd2becd552fcd7fd2e9e35a92a3e1	32353
mods/heroes.stormmod/enus.stormassets/localizeddata/sounds/vo/samurobase_voicelinefour00.ogg	d482b775e464fe68b95d11f9fd7cba31	48193
mods/heroes.stormmod/enus.stormassets/localizeddata/sounds/vo/samurobase_voicelineone00.ogg	270e282d8f3735dcd7fc46f7108caf70	26485
mods/heroes.stormmod/enus.stormassets/localizeddata/sounds/vo/samurobase_voicelinethree00.ogg	c3dfef9c71de8f3317ce031061cee36c	36784
mods/heroes.stormmod/enus.stormassets/localizeddata/sounds/vo/samurobase_voicelinetwo00.ogg	8cb3fea1fd8c29904358a1d03d3a1c56	36627
mods/heroes.stormmod/enus.stormassets/localizeddata/sounds/vo/samurobase_vox_attack00.fxe	fe25c246de06de25461c32417b77fcf6	652
mods/heroes.stormmod/enus.stormassets/localizeddata/sounds/vo/samurobase_vox_attack00.ogg	6fee20fb93579b89fd10816e4b0370f3	6887
mods/heroes.stormmod/enus.stormassets/localizeddata/sounds/vo/samurobase_vox_attack01.fxe	06ff90e28fea99318aa4fc5615949469	988
mods/heroes.stormmod/enus.stormassets/localizeddata/sounds/vo/samurobase_vox_attack01.ogg	fb5656bf136b6e23e4e6a75b01f77388	8183
mods/heroes.stormmod/enus.stormassets/localizeddata/sounds/vo/samurobase_vox_attack02.fxe	0bfe26fa20494a2ae064e457dfeaa50b	652
mods/heroes.stormmod/enus.stormassets/localizeddata/sounds/vo/samurobase_vox_attack02.ogg	c45f22e69f9dbe8c93f5a7588bc67173	7782
mods/heroes.stormmod/enus.stormassets/localizeddata/sounds/vo/samurobase_vox_attack03.fxe	54b0c2e56cbfcac4d3b27d7a14245c20	1868
mods/heroes.stormmod/enus.stormassets/localizeddata/sounds/vo/samurobase_vox_attack03.ogg	b6a225b6ce199acd166a2f013c58f32c	8847
mods/heroes.stormmod/enus.stormassets/localizeddata/sounds/vo/samurobase_vox_attack04.fxe	2cbed38c8459b50cbf07aba2678c4591	652
mods/heroes.stormmod/enus.stormassets/localizeddata/sounds/vo/samurobase_vox_attack04.ogg	fef2decabeff7d2944e61741db3a3c36	7193
mods/heroes.stormmod/enus.stormassets/localizeddata/sounds/vo/samurobase_vox_attack05.fxe	e3944d308a67e6c379e3f4cb917dc13f	652
mods/heroes.stormmod/enus.stormassets/localizeddata/sounds/vo/samurobase_vox_attack05.ogg	c032cdecf647312f0bca67b071972f6e	7527
mods/heroes.stormmod/enus.stormassets/localizeddata/sounds/vo/samurobase_vox_attack06.fxe	1032f7420909a59a32adb5e7ac5a4df8	652
mods/heroes.stormmod/enus.stormassets/localizeddata/sounds/vo/samurobase_vox_attack06.ogg	d86b0526c3996636d952ee8b1f00ec76	8027
mods/heroes.stormmod/enus.stormassets/localizeddata/sounds/vo/samurobase_vox_attack07.fxe	e9d4b852bdd8d4e5c42f17079259a70e	1932
mods/heroes.stormmod/enus.stormassets/localizeddata/sounds/vo/samurobase_vox_attack07.ogg	7b3626b404e7e4065163125b20314a55	10118
mods/heroes.stormmod/enus.stormassets/localizeddata/sounds/vo/samurobase_vox_attack08.fxe	2b7f2d43ebf8e8468209b17e70aa3591	652
mods/heroes.stormmod/enus.stormassets/localizeddata/sounds/vo/samurobase_vox_attack08.ogg	71c678599bb4ebfaaad3ea332c802d38	7908
mods/heroes.stormmod/enus.stormassets/localizeddata/sounds/vo/samurobase_vox_attack09.fxe	459dae662f6c21db3b650f321260df48	1836
mods/heroes.stormmod/enus.stormassets/localizeddata/sounds/vo/samurobase_vox_attack09.ogg	a595027015cfcbbe16605ad3b13c06f7	9381
mods/heroes.stormmod/enus.stormassets/localizeddata/sounds/vo/samurobase_vox_attack10.fxe	be21e8d63c84bebbd98bf69ec9079a8e	652
mods/heroes.stormmod/enus.stormassets/localizeddata/sounds/vo/samurobase_vox_attack10.ogg	55481fc2908f00d7986c9c67abc0df7e	7482
mods/heroes.stormmod/enus.stormassets/localizeddata/sounds/vo/samurobase_vox_attack11.fxe	b8de63fd5a379773402ad4d6afe842ff	1836
mods/heroes.stormmod/enus.stormassets/localizeddata/sounds/vo/samurobase_vox_attack11.ogg	de8a9c88278891d9b3b6e7e5597ff321	8143
mods/heroes.stormmod/enus.stormassets/localizeddata/sounds/vo/samurobase_vox_attack12.fxe	2c08dfc0582176566d14d58978adc347	1900
mods/heroes.stormmod/enus.stormassets/localizeddata/sounds/vo/samurobase_vox_attack12.ogg	c25ece7adb48ce087286cd6468d16edf	9080
mods/heroes.stormmod/enus.stormassets/localizeddata/sounds/vo/samurobase_vox_attack13.fxe	b68df6ec2e505b913587f44f6b516421	1868
mods/heroes.stormmod/enus.stormassets/localizeddata/sounds/vo/samurobase_vox_attack13.ogg	198aa554750aa32fb74ef7fc0d7d95ba	11337
mods/heroes.stormmod/enus.stormassets/localizeddata/sounds/vo/samurobase_vox_attack14.fxe	1896a0f64f34f3bd178946b7434e60bd	1836
mods/heroes.stormmod/enus.stormassets/localizeddata/sounds/vo/samurobase_vox_attack14.ogg	382c0d898f06f87e79ea18dd804cb051	8676
mods/heroes.stormmod/enus.stormassets/localizeddata/sounds/vo/samurobase_vox_attack15.fxe	17918b1c5e1ad5f4264cd105ce4097ab	652
mods/heroes.stormmod/enus.stormassets/localizeddata/sounds/vo/samurobase_vox_attack15.ogg	42c57306c0f6404e6709529456d0c0ec	7771
mods/heroes.stormmod/enus.stormassets/localizeddata/sounds/vo/samurobase_vox_attack16.fxe	face5d7f6291425e1e15b5b2ba6ea086	2076
mods/heroes.stormmod/enus.stormassets/localizeddata/sounds/vo/samurobase_vox_attack16.ogg	c1e11787795e0f278bbea105e8f2e026	11833
mods/heroes.stormmod/enus.stormassets/localizeddata/sounds/vo/samurobase_vox_attack17.fxe	5ad330931ee354eb802463687a40601f	1916
mods/heroes.stormmod/enus.stormassets/localizeddata/sounds/vo/samurobase_vox_attack17.ogg	7ac6bbc550deb11b8f964342ac386d84	9912
mods/heroes.stormmod/enus.stormassets/localizeddata/sounds/vo/samurobase_vox_attack18.fxe	b7dbe21363e97a241b2d1245ab7ea10c	2012
mods/heroes.stormmod/enus.stormassets/localizeddata/sounds/vo/samurobase_vox_attack18.ogg	1720a914e51e9e10e8c7f8c8985c90a7	10381
mods/heroes.stormmod/enus.stormassets/localizeddata/sounds/vo/samurobase_vox_castinge00.fxe	b79cadacb35465357df93f949037d96c	1582
mods/heroes.stormmod/enus.stormassets/localizeddata/sounds/vo/samurobase_vox_castinge00.ogg	ee4dc84797cfa6c216bed4caffae8431	24194
mods/heroes.stormmod/enus.stormassets/localizeddata/sounds/vo/samurobase_vox_castinge01.fxe	6bf2bfb9a7589c2c862ce32870002696	1550
mods/heroes.stormmod/enus.stormassets/localizeddata/sounds/vo/samurobase_vox_castinge01.ogg	6d0014a8754c6a9e095d53b0a5e16863	27513
mods/heroes.stormmod/enus.stormassets/localizeddata/sounds/vo/samurobase_vox_castinge02.fxe	5d3574281e9f7bc7d6809edbd6972ed0	1774
mods/heroes.stormmod/enus.stormassets/localizeddata/sounds/vo/samurobase_vox_castinge02.ogg	210f209cf9ed138796833560c99f18fe	27252
mods/heroes.stormmod/enus.stormassets/localizeddata/sounds/vo/samurobase_vox_castinge03.fxe	b15b2fb28d52f83998b1885eb3959ac3	1630
mods/heroes.stormmod/enus.stormassets/localizeddata/sounds/vo/samurobase_vox_castinge03.ogg	0ec40dc2d39b1cef073633934bd9fcb6	25118
mods/heroes.stormmod/enus.stormassets/localizeddata/sounds/vo/samurobase_vox_castinge04.fxe	5fbaf436dc9dabfcfb82584be3545067	1310
mods/heroes.stormmod/enus.stormassets/localizeddata/sounds/vo/samurobase_vox_castinge04.ogg	e5b2956f059a14ece90d43027f1c99da	22587
mods/heroes.stormmod/enus.stormassets/localizeddata/sounds/vo/samurobase_vox_castinge05.fxe	3723829a9ed9b74fd65292568582c5a4	1326
mods/heroes.stormmod/enus.stormassets/localizeddata/sounds/vo/samurobase_vox_castinge05.ogg	6d3455d2ca375fee02631255c0077253	26523
mods/heroes.stormmod/enus.stormassets/localizeddata/sounds/vo/samurobase_vox_castinge06.fxe	3a852dd9946da2e7c84e7dffe0fce9a6	1470
mods/heroes.stormmod/enus.stormassets/localizeddata/sounds/vo/samurobase_vox_castinge06.ogg	0229f1474e12a26f8a9e948dac0c9476	22816
mods/heroes.stormmod/enus.stormassets/localizeddata/sounds/vo/samurobase_vox_castinge07.fxe	d584808116ca958471d67f49d3706818	1358
mods/heroes.stormmod/enus.stormassets/localizeddata/sounds/vo/samurobase_vox_castinge07.ogg	7efa28a5a943f4a9cba3f50ca39f64d2	19936
mods/heroes.stormmod/enus.stormassets/localizeddata/sounds/vo/samurobase_vox_castingq00.fxe	00b9c44a9f53ba636e84d947a2c6e78e	1950
mods/heroes.stormmod/enus.stormassets/localizeddata/sounds/vo/samurobase_vox_castingq00.ogg	4e3ea379a2535fb6bd0d7013e9ff6107	27499
mods/heroes.stormmod/enus.stormassets/localizeddata/sounds/vo/samurobase_vox_castingq01.fxe	0c9c0103a00b67020acc05e3e9137463	1646
mods/heroes.stormmod/enus.stormassets/localizeddata/sounds/vo/samurobase_vox_castingq01.ogg	6f6739354c22127822c2fde39cfb9efa	24997
mods/heroes.stormmod/enus.stormassets/localizeddata/sounds/vo/samurobase_vox_castingq02.fxe	36822f618e46cc8eb43ce5144d3061aa	1662
mods/heroes.stormmod/enus.stormassets/localizeddata/sounds/vo/samurobase_vox_castingq02.ogg	5bf5d1f5db5f648c89770f1b00f5c873	27144
mods/heroes.stormmod/enus.stormassets/localizeddata/sounds/vo/samurobase_vox_castingq03.fxe	60d1459a482ce2b3f93d0622c17e9123	1422
mods/heroes.stormmod/enus.stormassets/localizeddata/sounds/vo/samurobase_vox_castingq03.ogg	e8e442f8bdb0b94e05d3ee9c11ed877c	23724
mods/heroes.stormmod/enus.stormassets/localizeddata/sounds/vo/samurobase_vox_castingw00.fxe	7662a5c06baf111b52ffef35a13836c8	1342
mods/heroes.stormmod/enus.stormassets/localizeddata/sounds/vo/samurobase_vox_castingw00.ogg	78c088d85fba70a0fcf50fa2c782d64c	15198
mods/heroes.stormmod/enus.stormassets/localizeddata/sounds/vo/samurobase_vox_castingw01.fxe	9c0bbad2d7e54096896d7fe82a7a59ba	1374
mods/heroes.stormmod/enus.stormassets/localizeddata/sounds/vo/samurobase_vox_castingw01.ogg	6c175aadab9559fbe45cee89a67f772b	16983
mods/heroes.stormmod/enus.stormassets/localizeddata/sounds/vo/samurobase_vox_castingw02.fxe	7a3eb5f544bf947516f2cdd74ece7c93	1310
mods/heroes.stormmod/enus.stormassets/localizeddata/sounds/vo/samurobase_vox_castingw02.ogg	aaf810854b940149555747669635ba00	15401
mods/heroes.stormmod/enus.stormassets/localizeddata/sounds/vo/samurobase_vox_castingw03.fxe	eded2780e7328fcc3da37f174524bd54	1326
mods/heroes.stormmod/enus.stormassets/localizeddata/sounds/vo/samurobase_vox_castingw03.ogg	8f3555c2ff4d115c14c2e7eae52947c8	15946
mods/heroes.stormmod/enus.stormassets/localizeddata/sounds/vo/samurobase_vox_castingw04.fxe	a16d907eba5390e6374b8c4c0aeefdba	1198
mods/heroes.stormmod/enus.stormassets/localizeddata/sounds/vo/samurobase_vox_castingw04.ogg	374a2fa3217d9138e771688cfd7c2268	10848
mods/heroes.stormmod/enus.stormassets/localizeddata/sounds/vo/samurobase_vox_cheer00.fxe	1b78bfc5b11fc2a66f49b21b3e7da0f4	1499
mods/heroes.stormmod/enus.stormassets/localizeddata/sounds/vo/samurobase_vox_cheer00.ogg	3c6dc032621b74d7472f49b6b7b744be	31778
mods/heroes.stormmod/enus.stormassets/localizeddata/sounds/vo/samurobase_vox_cheer01.fxe	d8416d9cbd9dfc7679898dd10edc151a	1275
mods/heroes.stormmod/enus.stormassets/localizeddata/sounds/vo/samurobase_vox_cheer01.ogg	4944f1b6363ffb88ce41f1c5a9c23124	27503
mods/heroes.stormmod/enus.stormassets/localizeddata/sounds/vo/samurobase_vox_cheer02.fxe	81b064426dce51a8301bd7f82c441d68	1147
mods/heroes.stormmod/enus.stormassets/localizeddata/sounds/vo/samurobase_vox_cheer02.ogg	0909c839d94c4cd738f50a91c1bf9e36	25144
mods/heroes.stormmod/enus.stormassets/localizeddata/sounds/vo/samurobase_vox_cheer03.fxe	0c7f51e10c4438087a4ad574076727ff	1243
mods/heroes.stormmod/enus.stormassets/localizeddata/sounds/vo/samurobase_vox_cheer03.ogg	76d0dc0d74b6fd6cc3ebf071412a6f54	22444
mods/heroes.stormmod/enus.stormassets/localizeddata/sounds/vo/samurobase_vox_cheer04.fxe	5fdf66748655883f946d176de4aa48bd	1275
mods/heroes.stormmod/enus.stormassets/localizeddata/sounds/vo/samurobase_vox_cheer04.ogg	627d15c8fbe85c70c33eb770e4a7948c	20741
mods/heroes.stormmod/enus.stormassets/localizeddata/sounds/vo/samurobase_vox_cheer05.fxe	82c55a25240f1e7656758501272d66e5	1275
mods/heroes.stormmod/enus.stormassets/localizeddata/sounds/vo/samurobase_vox_cheer05.ogg	5dccbe0a49a35f326f752ed49ef7f2b2	20939
mods/heroes.stormmod/enus.stormassets/localizeddata/sounds/vo/samurobase_vox_cheer06.fxe	9e76cc69e0e336cd69f3820f965756bf	1195
mods/heroes.stormmod/enus.stormassets/localizeddata/sounds/vo/samurobase_vox_cheer06.ogg	1f74657ae7d6f781c4bab5a918fab9e1	10842
mods/heroes.stormmod/enus.stormassets/localizeddata/sounds/vo/samurobase_vox_cheer07.fxe	194b0145da1160f25f10790f9754f710	1179
mods/heroes.stormmod/enus.stormassets/localizeddata/sounds/vo/samurobase_vox_cheer07.ogg	c62a9fdc016d152d27b3d251cd816330	9880
mods/heroes.stormmod/enus.stormassets/localizeddata/sounds/vo/samurobase_vox_cheer08.fxe	afc9a9f7931cf4902a5c216ee2c2b106	1211
mods/heroes.stormmod/enus.stormassets/localizeddata/sounds/vo/samurobase_vox_cheer08.ogg	7549af547a8b6bd430eedb1e8a66308f	13065
mods/heroes.stormmod/enus.stormassets/localizeddata/sounds/vo/samurobase_vox_gethitsmall00.fxe	3a37934c8c4fd520d39db8c1c1598128	1569
mods/heroes.stormmod/enus.stormassets/localizeddata/sounds/vo/samurobase_vox_gethitsmall00.ogg	514b72be8698e8f2205d359e3f82cdee	10976
mods/heroes.stormmod/enus.stormassets/localizeddata/sounds/vo/samurobase_vox_gethitsmall01.fxe	5a1071a825885854192005cc87599d09	1537
mods/heroes.stormmod/enus.stormassets/localizeddata/sounds/vo/samurobase_vox_gethitsmall01.ogg	3e0ba0e1f2bd9fcb499b4444f023035d	9836
mods/heroes.stormmod/enus.stormassets/localizeddata/sounds/vo/samurobase_vox_gethitsmall02.fxe	401c33519c49a35e664e211e1315c8af	1649
mods/heroes.stormmod/enus.stormassets/localizeddata/sounds/vo/samurobase_vox_gethitsmall02.ogg	98487f859de765d8124c85fe378f4269	10584
mods/heroes.stormmod/enus.stormassets/localizeddata/sounds/vo/samurobase_vox_gethitsmall03.fxe	ebe62918e95bf842617f6f871f8ebd30	1521
mods/heroes.stormmod/enus.stormassets/localizeddata/sounds/vo/samurobase_vox_gethitsmall03.ogg	40a2d6d80b157e34bb2bbcd1cb16ebd4	10864
mods/heroes.stormmod/enus.stormassets/localizeddata/sounds/vo/samurobase_vox_gethitsmall04.fxe	2ea8ae6a371a91d01b1eb95afd1d50f5	1441
mods/heroes.stormmod/enus.stormassets/localizeddata/sounds/vo/samurobase_vox_gethitsmall04.ogg	df22595f07c5f077d53e84fb08269e98	8804
mods/heroes.stormmod/enus.stormassets/localizeddata/sounds/vo/samurobase_vox_gethitsmall05.fxe	b31a545d50ecfc3e3fc9ff6b5d673f6a	1441
mods/heroes.stormmod/enus.stormassets/localizeddata/sounds/vo/samurobase_vox_gethitsmall05.ogg	11566227b08893918be83a46d171d800	10001
mods/heroes.stormmod/enus.stormassets/localizeddata/sounds/vo/samurobase_vox_gethitsmall06.fxe	c1a3071d47e0115323cf638024a171d7	1537
mods/heroes.stormmod/enus.stormassets/localizeddata/sounds/vo/samurobase_vox_gethitsmall06.ogg	53828eaf24eaa53949d86f878948ce37	11492
mods/heroes.stormmod/enus.stormassets/localizeddata/sounds/vo/samurobase_vox_gethitsmall07.fxe	a8f66082754efa975976e7dafd3639af	1489
mods/heroes.stormmod/enus.stormassets/localizeddata/sounds/vo/samurobase_vox_gethitsmall07.ogg	3a3cf57457589e12e1b3314a4fa98bd4	12701
mods/heroes.stormmod/enus.stormassets/localizeddata/sounds/vo/samurobase_vox_gethitsmall08.fxe	52e27c45fe8d901674ba3010c58f6b6b	1649
mods/heroes.stormmod/enus.stormassets/localizeddata/sounds/vo/samurobase_vox_gethitsmall08.ogg	2d68113441cb2cf58585824c9025a981	14577
mods/heroes.stormmod/enus.stormassets/localizeddata/sounds/vo/samurobase_vox_gethitsmall09.fxe	307b79eaec5f85802ef9d9d7c94acdc3	1681
mods/heroes.stormmod/enus.stormassets/localizeddata/sounds/vo/samurobase_vox_gethitsmall09.ogg	c373149138ce948ef763ff93991e6056	13754
mods/heroes.stormmod/enus.stormassets/localizeddata/sounds/vo/samurobase_vox_gethitsmall10.fxe	32427030341ef2068b67bc7f210d5a6f	1633
mods/heroes.stormmod/enus.stormassets/localizeddata/sounds/vo/samurobase_vox_gethitsmall10.ogg	c56af5125131642e03ebb90daf17cc47	13209
mods/heroes.stormmod/enus.stormassets/localizeddata/sounds/vo/samurobase_vox_gethitsmall11.fxe	d099ecf11b776b5e7e8d25614a928339	1713
mods/heroes.stormmod/enus.stormassets/localizeddata/sounds/vo/samurobase_vox_gethitsmall11.ogg	913d1ca18ba5a3f4906ae9a49dca04a9	12426
mods/heroes.stormmod/enus.stormassets/localizeddata/sounds/vo/samurobase_vox_gethitsmall12.fxe	0e950eccc3f47e61cb15d3e277da0c9c	1585
mods/heroes.stormmod/enus.stormassets/localizeddata/sounds/vo/samurobase_vox_gethitsmall12.ogg	36c602b5901780d9699735ef2f79227a	13367
mods/heroes.stormmod/enus.stormassets/localizeddata/sounds/vo/samurobase_vox_gethitsmall13.fxe	233e2346306b267991485e77ad92a23c	1537
mods/heroes.stormmod/enus.stormassets/localizeddata/sounds/vo/samurobase_vox_gethitsmall13.ogg	1a8c5f07847ed5c662b0599dd86fc47e	12356
mods/heroes.stormmod/enus.stormassets/localizeddata/sounds/vo/samurobase_vox_gethitsmall14.fxe	5ed7ddc9da0dbe576cd4b1a38e60c45b	1793
mods/heroes.stormmod/enus.stormassets/localizeddata/sounds/vo/samurobase_vox_gethitsmall14.ogg	418a389bd31dd29f54c7b57e11cbb0f5	17209
mods/heroes.stormmod/enus.stormassets/localizeddata/sounds/vo/samurobase_vox_gethitsmall15.fxe	d6855bfdc4fb55c7b3d4785488ed1edf	1569
mods/heroes.stormmod/enus.stormassets/localizeddata/sounds/vo/samurobase_vox_gethitsmall15.ogg	9c07109c983c8bd8d6c7ce6abe57889c	12163
mods/heroes.stormmod/enus.stormassets/localizeddata/sounds/vo/samurobase_vox_gethitsmall16.fxe	b6a511921646ebba8ce146cb0d8adb95	1537
mods/heroes.stormmod/enus.stormassets/localizeddata/sounds/vo/samurobase_vox_gethitsmall16.ogg	8f1d2747c2d209233e3c0ed43d4f3f43	10218
mods/heroes.stormmod/enus.stormassets/localizeddata/sounds/vo/samurobase_vox_pulled00.fxe	b312473aa4d94eaa9eb8c2623378a2a8	1676
mods/heroes.stormmod/enus.stormassets/localizeddata/sounds/vo/samurobase_vox_pulled00.ogg	42a10630cd313e9a38df46fe6f2086a1	11014
mods/heroes.stormmod/enus.stormassets/localizeddata/sounds/vo/samurobase_vox_pulled01.fxe	8fc85443d745813db4ecb2423e4b7c35	1724
mods/heroes.stormmod/enus.stormassets/localizeddata/sounds/vo/samurobase_vox_pulled01.ogg	0d16b51f6a70d7a226c4bafb3e1503e0	11411
mods/heroes.stormmod/enus.stormassets/localizeddata/sounds/vo/samurobase_vox_pulled02.fxe	fe23c33fdec9be4023ae5c9b025e28ff	1644
mods/heroes.stormmod/enus.stormassets/localizeddata/sounds/vo/samurobase_vox_pulled02.ogg	72fc32c9a5069c9776d440f99cec2cca	10097
mods/heroes.stormmod/enus.stormassets/localizeddata/sounds/vo/samurobase_vox_pulled03.fxe	2a0f5ac0cfc46f2aa6556c14f33f7b57	1644
mods/heroes.stormmod/enus.stormassets/localizeddata/sounds/vo/samurobase_vox_pulled03.ogg	dca93d728c90e3d4298b1d86a8e265c1	12103
mods/heroes.stormmod/enus.stormassets/localizeddata/sounds/vo/samurobase_vox_pulled04.fxe	240403a143794b9e200ff3fe67788fa6	1708
mods/heroes.stormmod/enus.stormassets/localizeddata/sounds/vo/samurobase_vox_pulled04.ogg	f81fbd91a52c947f6ce89c6f4dc0eaa0	10303
mods/heroes.stormmod/enus.stormassets/localizeddata/sounds/vo/samurobase_vox_pulled05.fxe	bf37700b4326c0f44ae6c616ad520aec	1724
mods/heroes.stormmod/enus.stormassets/localizeddata/sounds/vo/samurobase_vox_pulled05.ogg	396f4c0f340c955bb76a11adb94894e2	12372
mods/heroes.stormmod/enus.stormassets/localizeddata/sounds/vo/samurobase_vox_pulled06.fxe	0b28a3faf87f176dbd12bc2fb044e532	1724
mods/heroes.stormmod/enus.stormassets/localizeddata/sounds/vo/samurobase_vox_pulled06.ogg	8c8c8c7f6309f17a8ee059c805cb2269	11426
mods/heroes.stormmod/enus.stormassets/localizeddata/sounds/vo/samurobase_vox_pulled07.fxe	377e76da9584f7ca4b12604605de0780	1804
mods/heroes.stormmod/enus.stormassets/localizeddata/sounds/vo/samurobase_vox_pulled07.ogg	9e05640b74a03026081f23be96825363	11146
mods/heroes.stormmod/enus.stormassets/localizeddata/sounds/vo/samurobase_vox_pulled08.fxe	4d2d34e617255e26580f01df526e7063	1628
mods/heroes.stormmod/enus.stormassets/localizeddata/sounds/vo/samurobase_vox_pulled08.ogg	d403dfb4f7bc1057880350a08ef79460	9745
mods/heroes.stormmod/enus.stormassets/localizeddata/sounds/vo/samurobase_vox_pulled09.fxe	9d9527b79d1a9825e6476fdc7deb3d1e	1644
mods/heroes.stormmod/enus.stormassets/localizeddata/sounds/vo/samurobase_vox_pulled09.ogg	52a55261bb70df9c6b9bfa221417d125	11923
mods/heroes.stormmod/enus.stormassets/localizeddata/sounds/vo/samurobase_worthit00.fxe	a382a79c168a188729b634e30245a7fc	3049
mods/heroes.stormmod/enus.stormassets/localizeddata/sounds/vo/samurobase_worthit00.ogg	2f467bd07d1774290e2396018c797961	46209
mods/heroes.stormmod/enus.stormassets/localizeddata/sounds/vo/samurobase_worthit01.fxe	b8cb3e0054bb1c549f664502f50759e7	1801
mods/heroes.stormmod/enus.stormassets/localizeddata/sounds/vo/samurobase_worthit01.ogg	ca6cd2becd552fcd7fd2e9e35a92a3e1	32353
mods/heroes.stormmod/enus.stormassets/localizeddata/sounds/vo/samurobase_yes00.fxe	1a4dd9d4bebc6d0486fc5346ac26ac22	805
mods/heroes.stormmod/enus.stormassets/localizeddata/sounds/vo/samurobase_yes00.ogg	8e77ac0c0832cca50646c7c232b54571	11516
mods/heroes.stormmod/enus.stormassets/localizeddata/sounds/vo/samurobase_yes01.fxe	e96d3a1aedd35817ace79c1b776deed3	837
mods/heroes.stormmod/enus.stormassets/localizeddata/sounds/vo/samurobase_yes01.ogg	2b5e261aa30adc1007725af77e2f3cd9	13195
mods/heroes.stormmod/enus.stormassets/localizeddata/sounds/vo/samurobase_yes02.fxe	3a4cbe321b2df263e1e2a205823dae95	1077
mods/heroes.stormmod/enus.stormassets/localizeddata/sounds/vo/samurobase_yes02.ogg	0c98325b7d5541961ccfd7ca12ac5f63	19797
mods/heroes.stormmod/enus.stormassets/localizeddata/sounds/vo/samurobase_yes03.fxe	82b668ecaeff7994d3f1d635eec2adb1	1253
mods/heroes.stormmod/enus.stormassets/localizeddata/sounds/vo/samurobase_yes03.ogg	2df2971c35cdb00fdc56ba2f65f5753f	26414
mods/heroes.stormmod/enus.stormassets/localizeddata/sounds/vo/samurobase_yes04.fxe	c1b7428d683784aa3ccad8ce8aef0d89	1589
mods/heroes.stormmod/enus.stormassets/localizeddata/sounds/vo/samurobase_yes04.ogg	8e7263d5f5192b63f074a16fa7724260	26681
mods/heroes.stormmod/enus.stormassets/localizeddata/sounds/vo/samurobase_yes05.fxe	e04d2b96dc7013be209d80e47d48c3a5	965
mods/heroes.stormmod/enus.stormassets/localizeddata/sounds/vo/samurobase_yes05.ogg	6743d57874fb318f71b8358c22ffcac0	18217
mods/heroes.stormmod/enus.stormassets/localizeddata/sounds/vo/samurobase_yes06.fxe	30d69a9ee2036e68bb56e6e00db02e86	933
mods/heroes.stormmod/enus.stormassets/localizeddata/sounds/vo/samurobase_yes06.ogg	f337dfe87884bafbe6736ee8666f3d34	14262
mods/heroes.stormmod/enus.stormassets/localizeddata/sounds/vo/samurobase_yes07.fxe	00b0c44ccaa0c9652978001d3c91612b	1477
mods/heroes.stormmod/enus.stormassets/localizeddata/sounds/vo/samurobase_yes07.ogg	2d88e6ee298242744b1aa34e2e5dae4b	28902
mods/heroes.stormmod/enus.stormassets/localizeddata/sounds/vo/samurobase_yes08.fxe	35951e8aae56c6e228351d50ae5e405c	1141
mods/heroes.stormmod/enus.stormassets/localizeddata/sounds/vo/samurobase_yes08.ogg	559c959774f2a8957c2cfaf4ef6da5ae	24792
mods/heroes.stormmod/enus.stormassets/localizeddata/sounds/vo/samurofelorc_ai_attack00.ogg	1acf2b10a6ccb8c43a75931b4a58ae02	36963
mods/heroes.stormmod/enus.stormassets/localizeddata/sounds/vo/samurofelorc_ai_attack01.ogg	f7285e81f01df30a1880e688eb414ab2	28104
mods/heroes.stormmod/enus.stormassets/localizeddata/sounds/vo/samurofelorc_ai_attack02.ogg	bc93cf1f35b1e68d46fd554443a181fd	35862
mods/heroes.stormmod/enus.stormassets/localizeddata/sounds/vo/samurofelorc_ai_caution00.ogg	95c471271fbc144dc5e400bf4f71f3a5	37423
mods/heroes.stormmod/enus.stormassets/localizeddata/sounds/vo/samurofelorc_ai_goodjob00.ogg	1074f8cd461450be85d8a8fb96fe1d42	19961
mods/heroes.stormmod/enus.stormassets/localizeddata/sounds/vo/samurofelorc_ai_goodjob01.ogg	9c161b5e4a951efa4c2fda9e3be0efd1	25524
mods/heroes.stormmod/enus.stormassets/localizeddata/sounds/vo/samurofelorc_ai_goodjob02.ogg	a4404a0341f893dd0f59033be556395c	32298
mods/heroes.stormmod/enus.stormassets/localizeddata/sounds/vo/samurofelorc_ai_heal00.ogg	423239133104951900d1305e034540ec	29414
mods/heroes.stormmod/enus.stormassets/localizeddata/sounds/vo/samurofelorc_ai_heal01.ogg	bb3dcc86f79371bf2cc576dd99989bcb	30299
mods/heroes.stormmod/enus.stormassets/localizeddata/sounds/vo/samurofelorc_ai_retreat00.ogg	f9f09d29efe3812f1d8f04ebd260c731	37906
mods/heroes.stormmod/enus.stormassets/localizeddata/sounds/vo/samurofelorc_ai_retreat01.ogg	b3a2fb1ec2a133193f33a039595cdb77	26454
mods/heroes.stormmod/enus.stormassets/localizeddata/sounds/vo/samurofelorc_ai_uhoh00.ogg	1a89345eae94e5a32dd51244dfcab14a	32434
mods/heroes.stormmod/enus.stormassets/localizeddata/sounds/vo/samurofelorc_ai_uhoh01.ogg	b0f669e33cf8a3ad5b2adef3f2b0e3d6	25282
mods/heroes.stormmod/enus.stormassets/localizeddata/sounds/vo/samurofelorc_ai_uhoh02.ogg	92fe39e9a4aeea8b2e9a93dbc8b2427e	36530
mods/heroes.stormmod/enus.stormassets/localizeddata/sounds/vo/samurofelorc_attack00.ogg	035096508ff51e1f4a5c63ba966ffec7	24694
mods/heroes.stormmod/enus.stormassets/localizeddata/sounds/vo/samurofelorc_attack01.ogg	cfb8808828b59555b7d5fc36bfe830ea	28353
mods/heroes.stormmod/enus.stormassets/localizeddata/sounds/vo/samurofelorc_attack02.ogg	51fe0645531f3b5cae91e5a34985f038	16301
mods/heroes.stormmod/enus.stormassets/localizeddata/sounds/vo/samurofelorc_attack03.ogg	3bbcd17133324771264a1d52cc81ae7e	18164
mods/heroes.stormmod/enus.stormassets/localizeddata/sounds/vo/samurofelorc_attack04.ogg	1b5fb0a4f4092bec88d860a6edfe387f	34296
mods/heroes.stormmod/enus.stormassets/localizeddata/sounds/vo/samurofelorc_attack05.ogg	68fe14d4d7ac75ba1ea959b372b83ca6	17207
mods/heroes.stormmod/enus.stormassets/localizeddata/sounds/vo/samurofelorc_attack06.ogg	5ffdb451a9cac19231b3bff02148fb71	18494
mods/heroes.stormmod/enus.stormassets/localizeddata/sounds/vo/samurofelorc_celebrate00.ogg	882df9a47b9377a6b742423d1153c131	27615
mods/heroes.stormmod/enus.stormassets/localizeddata/sounds/vo/samurofelorc_celebrate01.ogg	88b4b1f2335410332620c3221822d21d	19936
mods/heroes.stormmod/enus.stormassets/localizeddata/sounds/vo/samurofelorc_comeback00.ogg	8ec7dc91d7c71929b77b82e661dbdf79	50314
mods/heroes.stormmod/enus.stormassets/localizeddata/sounds/vo/samurofelorc_death00.wav	ae1afd431e9b6b228f60f49de16af6ee	67644
mods/heroes.stormmod/enus.stormassets/localizeddata/sounds/vo/samurofelorc_death01.wav	32c2907f162fce06fa8a5dcb1a17c0a0	59452
mods/heroes.stormmod/enus.stormassets/localizeddata/sounds/vo/samurofelorc_death02.wav	79030b15b4a3210376c11f5a58e8dfc7	78652
mods/heroes.stormmod/enus.stormassets/localizeddata/sounds/vo/samurofelorc_death03.wav	2d1e1a99ea02568b389426a5b6c58ea4	53308
mods/heroes.stormmod/enus.stormassets/localizeddata/sounds/vo/samurofelorc_death04.wav	0381205ef88d6de4a3ed043adbda1a2c	85564
mods/heroes.stormmod/enus.stormassets/localizeddata/sounds/vo/samurofelorc_death05.wav	3bb70af34afde107af667b581c078cb8	85308
mods/heroes.stormmod/enus.stormassets/localizeddata/sounds/vo/samurofelorc_death06.wav	7cc35f5a7988f6962093977830e5a360	72764
mods/heroes.stormmod/enus.stormassets/localizeddata/sounds/vo/samurofelorc_death07.wav	5e691adb9bebe8d3d3215aa70a129e0c	62524
mods/heroes.stormmod/enus.stormassets/localizeddata/sounds/vo/samurofelorc_death08.wav	0bd217d3a60deef9f60bbe3b072396ee	61756
mods/heroes.stormmod/enus.stormassets/localizeddata/sounds/vo/samurofelorc_healed00.ogg	bff428890c5715e2a04d10176f083374	25097
mods/heroes.stormmod/enus.stormassets/localizeddata/sounds/vo/samurofelorc_healed01.ogg	650af878aac70fdf82530964ccab1e33	27154
mods/heroes.stormmod/enus.stormassets/localizeddata/sounds/vo/samurofelorc_healed02.ogg	a16b79d6dbcb2f97e887369ef7b85ecf	34892
mods/heroes.stormmod/enus.stormassets/localizeddata/sounds/vo/samurofelorc_introagree00.ogg	724276d2ec66462717c0e135ce1435b0	26910
mods/heroes.stormmod/enus.stormassets/localizeddata/sounds/vo/samurofelorc_introagree01.ogg	b1a5c4a7cc28d964752ed0ad8daea638	45130
mods/heroes.stormmod/enus.stormassets/localizeddata/sounds/vo/samurofelorc_introagree02.ogg	ecfad320e7ea2683e91583314dd6487a	32243
mods/heroes.stormmod/enus.stormassets/localizeddata/sounds/vo/samurofelorc_introboast00.ogg	13295ae4c5a96efd5aa6312f6669cae4	40688
mods/heroes.stormmod/enus.stormassets/localizeddata/sounds/vo/samurofelorc_introboast01.ogg	2458f3fca7a83c77bd65018b014c568c	47213
mods/heroes.stormmod/enus.stormassets/localizeddata/sounds/vo/samurofelorc_introquestion00.ogg	0b92b7b40935a2aa190e29a4c7cea1a0	20300
mods/heroes.stormmod/enus.stormassets/localizeddata/sounds/vo/samurofelorc_introquestion01.ogg	4536f79ca8eeee54c28e331660cc0e3a	50542
mods/heroes.stormmod/enus.stormassets/localizeddata/sounds/vo/samurofelorc_introquestion_chen00.ogg	72a1795f6e4551fbbdd0cd55e8a255fe	62279
mods/heroes.stormmod/enus.stormassets/localizeddata/sounds/vo/samurofelorc_introquestion_demon00.ogg	60e446b5af44cdc9b584a4b69db3bc91	73189
mods/heroes.stormmod/enus.stormassets/localizeddata/sounds/vo/samurofelorc_introquestion_guldan00.ogg	5eece58392946775b0ba1b969ba0560e	85421
mods/heroes.stormmod/enus.stormassets/localizeddata/sounds/vo/samurofelorc_introquestion_horde00.ogg	42967c8b457c99fd2ebe41b045c159ae	57068
mods/heroes.stormmod/enus.stormassets/localizeddata/sounds/vo/samurofelorc_introquestion_lostvikings00.ogg	f876d844c6887c9a6dedb8a8bcfdbac4	34960
mods/heroes.stormmod/enus.stormassets/localizeddata/sounds/vo/samurofelorc_introquestion_medivh00.ogg	53b4cef2e4b070a2f9de25ab92c9dddf	48936
mods/heroes.stormmod/enus.stormassets/localizeddata/sounds/vo/samurofelorc_introquestion_monk00.ogg	4fcb8a08517dd64b6537292d7e068747	58951
mods/heroes.stormmod/enus.stormassets/localizeddata/sounds/vo/samurofelorc_introquestion_murky00.ogg	b606280e38f7e7a069d8a1d51ac2f206	55695
mods/heroes.stormmod/enus.stormassets/localizeddata/sounds/vo/samurofelorc_introquestion_negative00.ogg	fc3a9015edd15795f8371cae119f9774	14946
mods/heroes.stormmod/enus.stormassets/localizeddata/sounds/vo/samurofelorc_introquestion_positive00.ogg	98990dab6471f8d418fcfec63c2052e7	60452
mods/heroes.stormmod/enus.stormassets/localizeddata/sounds/vo/samurofelorc_introquestion_rexxar00.ogg	7319b6d5b349091bba077945d3525550	54889
mods/heroes.stormmod/enus.stormassets/localizeddata/sounds/vo/samurofelorc_introquestion_roninzeratul00.ogg	18d2988851a80b21824bcde85eed516a	64426
mods/heroes.stormmod/enus.stormassets/localizeddata/sounds/vo/samurofelorc_introquestion_shogunartanis00.ogg	ba1d4fe5cb125e0522078985254f76c7	68495
mods/heroes.stormmod/enus.stormassets/localizeddata/sounds/vo/samurofelorc_introquestion_tassadar00.ogg	397692c1e320d2acb8f77ab50ac5a561	66432
mods/heroes.stormmod/enus.stormassets/localizeddata/sounds/vo/samurofelorc_introquestion_thrall00.ogg	e2c3b6e77b8db4f87d2f2c15376e49ee	57549
mods/heroes.stormmod/enus.stormassets/localizeddata/sounds/vo/samurofelorc_introrespond00.ogg	4c252dc80e14bbb05e5b1674eee25bac	34442
mods/heroes.stormmod/enus.stormassets/localizeddata/sounds/vo/samurofelorc_introrespond01.ogg	d3b86351c377025ce0aac920f96511b1	30367
mods/heroes.stormmod/enus.stormassets/localizeddata/sounds/vo/samurofelorc_introrespond02.ogg	ccfbb9d9b3f692280b916e5250e1293b	36109
mods/heroes.stormmod/enus.stormassets/localizeddata/sounds/vo/samurofelorc_introresponse_angry00.ogg	66ad6393a22bcdb01bfa02a222fb68dd	45507
mods/heroes.stormmod/enus.stormassets/localizeddata/sounds/vo/samurofelorc_introresponse_chen00.ogg	258b2f546c6cc3523efe14cc3a3cf544	63943
mods/heroes.stormmod/enus.stormassets/localizeddata/sounds/vo/samurofelorc_introresponse_demon00.ogg	39dd768e0399895b5f58edade362b9f0	61905
mods/heroes.stormmod/enus.stormassets/localizeddata/sounds/vo/samurofelorc_introresponse_dismissive00alt.ogg	4e5c251861fbf05062fa6117eb4225fe	53576
mods/heroes.stormmod/enus.stormassets/localizeddata/sounds/vo/samurofelorc_introresponse_guldan00.ogg	019869dd6e6d0f7c6bee8e95e8950256	66305
mods/heroes.stormmod/enus.stormassets/localizeddata/sounds/vo/samurofelorc_introresponse_horde00.ogg	4316073727ae467ca6f05325b701733a	53908
mods/heroes.stormmod/enus.stormassets/localizeddata/sounds/vo/samurofelorc_introresponse_lostvikings00.ogg	0079b59cb104b55a756ccad90918a9e1	42422
mods/heroes.stormmod/enus.stormassets/localizeddata/sounds/vo/samurofelorc_introresponse_medivh00.ogg	9d370ce80f362878c9e273deaded4ed9	44955
mods/heroes.stormmod/enus.stormassets/localizeddata/sounds/vo/samurofelorc_introresponse_monk00.ogg	f6f03ad192b23a47174d5e6b379eb293	37543
mods/heroes.stormmod/enus.stormassets/localizeddata/sounds/vo/samurofelorc_introresponse_murky00.ogg	6efec689113fb216e50c4b1351d7e316	59046
mods/heroes.stormmod/enus.stormassets/localizeddata/sounds/vo/samurofelorc_introresponse_negative00.ogg	29a077ae46936365a11f3f8317c00c52	63752
mods/heroes.stormmod/enus.stormassets/localizeddata/sounds/vo/samurofelorc_introresponse_positive00.ogg	fb257ac6760816b351857d0817375821	26042
mods/heroes.stormmod/enus.stormassets/localizeddata/sounds/vo/samurofelorc_introresponse_rexxar00.ogg	9b13c4bc7ffa6e52385b19cc466a5ec3	46475
mods/heroes.stormmod/enus.stormassets/localizeddata/sounds/vo/samurofelorc_introresponse_roninzeratul00.ogg	6d2f5a59915df46dace31e39afefcfba	31990
mods/heroes.stormmod/enus.stormassets/localizeddata/sounds/vo/samurofelorc_introresponse_sad00.ogg	122a8580b7a0d9295a133cfa356105ba	61425
mods/heroes.stormmod/enus.stormassets/localizeddata/sounds/vo/samurofelorc_introresponse_shogunartanis00.ogg	551c8382584adabdb4c3074a2ab2e1ae	52676
mods/heroes.stormmod/enus.stormassets/localizeddata/sounds/vo/samurofelorc_introresponse_surprised00.ogg	8c42113b119386823c755b37e93cd728	59459
mods/heroes.stormmod/enus.stormassets/localizeddata/sounds/vo/samurofelorc_introresponse_tassadar00.ogg	7a7d9ff2cd5ac89a8ce9e62b6f61d971	52194
mods/heroes.stormmod/enus.stormassets/localizeddata/sounds/vo/samurofelorc_introresponse_thrall00.ogg	7d8c11fb585160cbdbf545daa88c4174	39741
mods/heroes.stormmod/enus.stormassets/localizeddata/sounds/vo/samurofelorc_kill00.ogg	406415bd2460d1cc31d9c3e5f04ef9e6	26540
mods/heroes.stormmod/enus.stormassets/localizeddata/sounds/vo/samurofelorc_kill01.ogg	fd33488adb71431fdb9bff8f6a9c42ef	30100
mods/heroes.stormmod/enus.stormassets/localizeddata/sounds/vo/samurofelorc_kill02.ogg	e3304e80f14ba2aeec88ebe2ef0f31f1	29870
mods/heroes.stormmod/enus.stormassets/localizeddata/sounds/vo/samurofelorc_kill03.ogg	1a98fc9cdfb9a799384184c429012788	31286
mods/heroes.stormmod/enus.stormassets/localizeddata/sounds/vo/samurofelorc_kill04.ogg	4412c60dd197750f50bb2e138d29b319	24406
mods/heroes.stormmod/enus.stormassets/localizeddata/sounds/vo/samurofelorc_killdemon00.ogg	a99954014adb709dd709967b6c644940	39605
mods/heroes.stormmod/enus.stormassets/localizeddata/sounds/vo/samurofelorc_killguldan00.ogg	dd5d34fc77fcec0429220bae08522716	57301
mods/heroes.stormmod/enus.stormassets/localizeddata/sounds/vo/samurofelorc_killhorde00.ogg	668d917cc2c1153e99a777b8b87abcbb	49838
mods/heroes.stormmod/enus.stormassets/localizeddata/sounds/vo/samurofelorc_killhuman00.ogg	c83fac29609d3559c3ed78002a39b140	51227
mods/heroes.stormmod/enus.stormassets/localizeddata/sounds/vo/samurofelorc_killmedivh00.ogg	4298e81cae7ad8026d4097a126662bf9	38520
mods/heroes.stormmod/enus.stormassets/localizeddata/sounds/vo/samurofelorc_killrexxar00.ogg	4ff3e45fd311b6f5ab42e16c22b25a8b	31298
mods/heroes.stormmod/enus.stormassets/localizeddata/sounds/vo/samurofelorc_killsamuro00.ogg	50c3ad7c693966f3a07c92112d168f96	33457
mods/heroes.stormmod/enus.stormassets/localizeddata/sounds/vo/samurofelorc_killspreeend00.ogg	152876f4c44aa85c7bb274f4aad8c785	36039
mods/heroes.stormmod/enus.stormassets/localizeddata/sounds/vo/samurofelorc_killthrall00.ogg	03104785b7cf2c09d26d8d8ef8df5a27	42197
mods/heroes.stormmod/enus.stormassets/localizeddata/sounds/vo/samurofelorc_killwarrior00.ogg	3cac1f52c0abfd44cbe88688a331570d	36797
mods/heroes.stormmod/enus.stormassets/localizeddata/sounds/vo/samurofelorc_killwisp00.ogg	1535dd03d85811e87b72ce6676245117	30774
mods/heroes.stormmod/enus.stormassets/localizeddata/sounds/vo/samurofelorc_killzeratul00.ogg	e41c1349f632810858b6acf6cd261b27	28455
mods/heroes.stormmod/enus.stormassets/localizeddata/sounds/vo/samurofelorc_laugh00.ogg	726b574bb9dbd90f77817898182813a4	16927
mods/heroes.stormmod/enus.stormassets/localizeddata/sounds/vo/samurofelorc_laugh01.ogg	95b8e15668c8cabf30c25bfa2c6dbd96	19795
mods/heroes.stormmod/enus.stormassets/localizeddata/sounds/vo/samurofelorc_laugh02.ogg	b754917a2187c8f8dd7e70d5cee8a937	30716
mods/heroes.stormmod/enus.stormassets/localizeddata/sounds/vo/samurofelorc_laugh03.ogg	4b1674cfbc98aaa40b6dd03606efcae3	30304
mods/heroes.stormmod/enus.stormassets/localizeddata/sounds/vo/samurofelorc_laugh04.ogg	9bb365100e54f9685822f9824153b662	14504
mods/heroes.stormmod/enus.stormassets/localizeddata/sounds/vo/samurofelorc_laugh05.ogg	62c10e081daaf22dcdd35dd89fc340f7	35029
mods/heroes.stormmod/enus.stormassets/localizeddata/sounds/vo/samurofelorc_laugh06.ogg	60caab7c98165b5697c780059f6b962f	34719
mods/heroes.stormmod/enus.stormassets/localizeddata/sounds/vo/samurofelorc_laugh07.ogg	8e30b895e97de5aee0f6b821ab0c83cb	40985
mods/heroes.stormmod/enus.stormassets/localizeddata/sounds/vo/samurofelorc_laugh08.ogg	4ea9c334d1fc8eff5d6343bbf6ab675a	30952
mods/heroes.stormmod/enus.stormassets/localizeddata/sounds/vo/samurofelorc_laugh09.ogg	e1734aac2c277cdc7c0c338d23df3319	30586
mods/heroes.stormmod/enus.stormassets/localizeddata/sounds/vo/samurofelorc_laugh10.ogg	e593f635c8a5c86e8b5e1da99a79eed2	29936
mods/heroes.stormmod/enus.stormassets/localizeddata/sounds/vo/samurofelorc_laugh11.ogg	b2429cd26e0ade21a7d40d2b1550525a	33251
mods/heroes.stormmod/enus.stormassets/localizeddata/sounds/vo/samurofelorc_laugh12.ogg	db5f50e33d5eda879d5327fb17bf6190	38529
mods/heroes.stormmod/enus.stormassets/localizeddata/sounds/vo/samurofelorc_laugh13.ogg	c382c5da8aeff6de012bddf82f9888ab	27742
mods/heroes.stormmod/enus.stormassets/localizeddata/sounds/vo/samurofelorc_laugh14.ogg	047679a6736c748cd4fb7f25e66b3f07	28106
mods/heroes.stormmod/enus.stormassets/localizeddata/sounds/vo/samurofelorc_laugh15.ogg	00fe40f142a05bb9ea12930f39ab51ba	29516
mods/heroes.stormmod/enus.stormassets/localizeddata/sounds/vo/samurofelorc_laugh16.ogg	7f6cbe03e8a7e12790cfdddf04691b11	31847
mods/heroes.stormmod/enus.stormassets/localizeddata/sounds/vo/samurofelorc_laugh17.ogg	fb996cdfa0448da4acc1ed3a36f3de2c	28743
mods/heroes.stormmod/enus.stormassets/localizeddata/sounds/vo/samurofelorc_laugh18.ogg	ed14c77ddaf55a989ecd9f073bcd0609	33728
mods/heroes.stormmod/enus.stormassets/localizeddata/sounds/vo/samurofelorc_laugh19.ogg	38b1f692cda899688322387226a90820	26542
mods/heroes.stormmod/enus.stormassets/localizeddata/sounds/vo/samurofelorc_laugh20.ogg	f84902b64d3d30b5829d06f7b160fd5e	29274
mods/heroes.stormmod/enus.stormassets/localizeddata/sounds/vo/samurofelorc_laugh21.ogg	d1d96b47a7ec0ace61005b1e95517b93	15457
mods/heroes.stormmod/enus.stormassets/localizeddata/sounds/vo/samurofelorc_lowlifeheal00.ogg	c050208e90b58958b845a8ae978f4c1c	28116
mods/heroes.stormmod/enus.stormassets/localizeddata/sounds/vo/samurofelorc_lowlifeheal01.ogg	ce2bdde898900dfa8e6849e7fd48becb	37737
mods/heroes.stormmod/enus.stormassets/localizeddata/sounds/vo/samurofelorc_lowlifeheal02.ogg	85cf2471eab8f1aefb8fdbd0247ad420	24285
mods/heroes.stormmod/enus.stormassets/localizeddata/sounds/vo/samurofelorc_lowmana00.ogg	f8beb496c310cb7b54a3907c7b962784	21551
mods/heroes.stormmod/enus.stormassets/localizeddata/sounds/vo/samurofelorc_lowmana01.ogg	d56b889bdb32db31fb23a337ce5e7f51	21205
mods/heroes.stormmod/enus.stormassets/localizeddata/sounds/vo/samurofelorc_lowmana02.ogg	e72a1a4b3bdd6c83e9147113bf6b1e55	19759
mods/heroes.stormmod/enus.stormassets/localizeddata/sounds/vo/samurofelorc_matchend00.ogg	8612fe708bd94b6b5f5af815ab458739	22500
mods/heroes.stormmod/enus.stormassets/localizeddata/sounds/vo/samurofelorc_matchend02.ogg	acce4476776b3a593d2b227f5d2b07b9	28288
mods/heroes.stormmod/enus.stormassets/localizeddata/sounds/vo/samurofelorc_no00alt.ogg	2db3266b65367b4018cd524fa29b8407	29969
mods/heroes.stormmod/enus.stormassets/localizeddata/sounds/vo/samurofelorc_no01.ogg	8c8466b4ce71551254cb838e4765ad26	23023
mods/heroes.stormmod/enus.stormassets/localizeddata/sounds/vo/samurofelorc_no02.ogg	7341cff1811150669ea6a3b49e0eb646	24152
mods/heroes.stormmod/enus.stormassets/localizeddata/sounds/vo/samurofelorc_ping_assisthero00.ogg	3c3c97273268ee73f506b376bef51429	32959
mods/heroes.stormmod/enus.stormassets/localizeddata/sounds/vo/samurofelorc_ping_assistme00.ogg	641e0e2b2726c8324c3b7bf4bd3a0dd6	32965
mods/heroes.stormmod/enus.stormassets/localizeddata/sounds/vo/samurofelorc_ping_assistme01.ogg	4bc4900a68150d1366c64b90c72c1eed	31714
mods/heroes.stormmod/enus.stormassets/localizeddata/sounds/vo/samurofelorc_ping_attackcastle00.ogg	2d66b2f39a2a3fb15499ccf98a72e63a	38259
mods/heroes.stormmod/enus.stormassets/localizeddata/sounds/vo/samurofelorc_ping_attackmerc00.ogg	f907a545f850ce5981b79f33bfa915a6	33294
mods/heroes.stormmod/enus.stormassets/localizeddata/sounds/vo/samurofelorc_ping_attackoutpost00.ogg	886a270523d6aa55fd6b36bd8511ad2f	28225
mods/heroes.stormmod/enus.stormassets/localizeddata/sounds/vo/samurofelorc_ping_attacktower00.ogg	bb9bcdde32ea6f14fdfd2fcb4a162c38	30748
mods/heroes.stormmod/enus.stormassets/localizeddata/sounds/vo/samurofelorc_ping_defendcastle00.ogg	64cd729ae6899d3648bb0b9bb78e847c	25504
mods/heroes.stormmod/enus.stormassets/localizeddata/sounds/vo/samurofelorc_ping_defendoutpost00.ogg	748f5e2186127915ad1ebb8644f6b2d6	29837
mods/heroes.stormmod/enus.stormassets/localizeddata/sounds/vo/samurofelorc_ping_defendtower00.ogg	d0f63d53d1665496bf772a3f31cb4a47	32922
mods/heroes.stormmod/enus.stormassets/localizeddata/sounds/vo/samurofelorc_ping_killhero00.ogg	00120ce83f9838cc475a1ca3efac079f	35375
mods/heroes.stormmod/enus.stormassets/localizeddata/sounds/vo/samurofelorc_pissed00.ogg	b60f81813ad3d0294aba911a60b39b1c	20166
mods/heroes.stormmod/enus.stormassets/localizeddata/sounds/vo/samurofelorc_pissed01.ogg	928f4632fb1c3558e8b033afb93fce95	21743
mods/heroes.stormmod/enus.stormassets/localizeddata/sounds/vo/samurofelorc_pissed02.ogg	7fa3d02a04f8bd79c4f8d333f28cffef	73873
mods/heroes.stormmod/enus.stormassets/localizeddata/sounds/vo/samurofelorc_pissed03.ogg	6a984f55e681186a08e8c400ecc5be45	53270
mods/heroes.stormmod/enus.stormassets/localizeddata/sounds/vo/samurofelorc_pissed04.ogg	52ce148d4142815a4cee62bd152f9e2f	108539
mods/heroes.stormmod/enus.stormassets/localizeddata/sounds/vo/samurofelorc_pissed05.ogg	9bd4a54fcd077812951b86ab65f764bf	95529
mods/heroes.stormmod/enus.stormassets/localizeddata/sounds/vo/samurofelorc_pissed06.ogg	9e1c39fb7ac6a3a2ffe900d754a77189	80981
mods/heroes.stormmod/enus.stormassets/localizeddata/sounds/vo/samurofelorc_pissed07.ogg	3992abbb2928e7ec37fc87dfc3bfd76d	201031
mods/heroes.stormmod/enus.stormassets/localizeddata/sounds/vo/samurofelorc_pissed08.ogg	3d7500bc66b26ea78c5fe243614b731d	78979
mods/heroes.stormmod/enus.stormassets/localizeddata/sounds/vo/samurofelorc_pissed09.ogg	b69d27ee282b4fc22328e3494802b0bb	145316
mods/heroes.stormmod/enus.stormassets/localizeddata/sounds/vo/samurofelorc_pissed10.ogg	e5cdb718a062c090952eb3d12c7d12ed	86336
mods/heroes.stormmod/enus.stormassets/localizeddata/sounds/vo/samurofelorc_pissed11.ogg	36d3cc1cf2d3723f13c66419f2e11a15	132778
mods/heroes.stormmod/enus.stormassets/localizeddata/sounds/vo/samurofelorc_pissed12.ogg	045271b8bc308311555cd47272823015	128055
mods/heroes.stormmod/enus.stormassets/localizeddata/sounds/vo/samurofelorc_pissed13.ogg	f0d08d4f2f97a2014659861d1941d5b1	129777
mods/heroes.stormmod/enus.stormassets/localizeddata/sounds/vo/samurofelorc_pissed14.ogg	c19c46e50f3527138b062149eaa74e71	90295
mods/heroes.stormmod/enus.stormassets/localizeddata/sounds/vo/samurofelorc_resurrected00.ogg	0f52b2374edaa11e6e3eb8f7508897ee	23297
mods/heroes.stormmod/enus.stormassets/localizeddata/sounds/vo/samurofelorc_resurrected01.ogg	b7d2c5419932f2935d06340da59d793c	23534
mods/heroes.stormmod/enus.stormassets/localizeddata/sounds/vo/samurofelorc_revive00.ogg	5960d467fd0c8e9c8c1b22526fa15e50	38181
mods/heroes.stormmod/enus.stormassets/localizeddata/sounds/vo/samurofelorc_revive01.ogg	2ae277a9fcce868f8b0a480dc4303917	34275
mods/heroes.stormmod/enus.stormassets/localizeddata/sounds/vo/samurofelorc_revive02.ogg	89b6a239a1da11691f3787670bfa57a4	50428
mods/heroes.stormmod/enus.stormassets/localizeddata/sounds/vo/samurofelorc_social_hello00.ogg	e56c1d857053bd595e42cfb191148af1	21443
mods/heroes.stormmod/enus.stormassets/localizeddata/sounds/vo/samurofelorc_spec00.ogg	bff07984ab577b99a451e2499e5682b4	24470
mods/heroes.stormmod/enus.stormassets/localizeddata/sounds/vo/samurofelorc_spec01.ogg	45ea16d85d30cdda5db08a16d064d7a9	20855
mods/heroes.stormmod/enus.stormassets/localizeddata/sounds/vo/samurofelorc_spec02.ogg	a232b7a42599171e8126b9feb0598d6d	22572
mods/heroes.stormmod/enus.stormassets/localizeddata/sounds/vo/samurofelorc_spec03.ogg	be96ef75c3ab1d7cd7904da36c6564a7	30092
mods/heroes.stormmod/enus.stormassets/localizeddata/sounds/vo/samurofelorc_spec04.ogg	b86eecec2e5ec6cd4371eda92043f33d	40027
mods/heroes.stormmod/enus.stormassets/localizeddata/sounds/vo/samurofelorc_taunt00.ogg	7731c237dc6385de99a9ff84e0b30445	56973
mods/heroes.stormmod/enus.stormassets/localizeddata/sounds/vo/samurofelorc_taunt01.ogg	f50d360b29b74f9c417862b5acc7d31e	49857
mods/heroes.stormmod/enus.stormassets/localizeddata/sounds/vo/samurofelorc_taunt02.ogg	50f229ab11f6a94b1904ac9a4b27729d	36233
mods/heroes.stormmod/enus.stormassets/localizeddata/sounds/vo/samurofelorc_teamkilled00.ogg	b937ae219f3d85225cdd044bf69e8349	37906
mods/heroes.stormmod/enus.stormassets/localizeddata/sounds/vo/samurofelorc_ui_exlocked00.ogg	801c1389de35b05a960ad4f5a14c17e8	23083
mods/heroes.stormmod/enus.stormassets/localizeddata/sounds/vo/samurofelorc_ui_expurchased00.ogg	855ed6a9b8047a9a5b370a3b519488d7	18729
mods/heroes.stormmod/enus.stormassets/localizeddata/sounds/vo/samurofelorc_ui_gift00.ogg	2463d063d6dbee1d84185617dd371615	23595
mods/heroes.stormmod/enus.stormassets/localizeddata/sounds/vo/samurofelorc_ui_lockin00.ogg	5bfe5ec86074c41c597dbf8d93decb26	21476
mods/heroes.stormmod/enus.stormassets/localizeddata/sounds/vo/samurofelorc_ui_purchase00.ogg	331db42075669a21f1bcf1ed83bdf9d4	26551
mods/heroes.stormmod/enus.stormassets/localizeddata/sounds/vo/samurofelorc_ui_trial00.ogg	8942c73a1f4d7387c69f1d97a16f8cd3	30165
mods/heroes.stormmod/enus.stormassets/localizeddata/sounds/vo/samurofelorc_ui_trial01.ogg	fdce941ebbd4fd04986f055053a3a886	23933
mods/heroes.stormmod/enus.stormassets/localizeddata/sounds/vo/samurofelorc_ui_vox_spun00.ogg	78e818e2ebdac02a4ada9b60eb002743	25183
mods/heroes.stormmod/enus.stormassets/localizeddata/sounds/vo/samurofelorc_ui_vox_spun01.ogg	bc629b12ed2b39eaacf179dbdc26f194	27759
mods/heroes.stormmod/enus.stormassets/localizeddata/sounds/vo/samurofelorc_ui_vox_spun02.ogg	5dde330ff08e8329c6d80665ff526e8d	30183
mods/heroes.stormmod/enus.stormassets/localizeddata/sounds/vo/samurofelorc_ui_vox_spun03.ogg	d53501cd21be0b07a9a9a84ac21c7ba3	19990
mods/heroes.stormmod/enus.stormassets/localizeddata/sounds/vo/samurofelorc_ui_vox_spun04.ogg	79e69b674fff5fc7f45b06567fcd6f67	25041
mods/heroes.stormmod/enus.stormassets/localizeddata/sounds/vo/samurofelorc_ui_vox_spun05.ogg	9ca1b55ec0ab63f177303503c121071f	25463
mods/heroes.stormmod/enus.stormassets/localizeddata/sounds/vo/samurofelorc_ui_vox_spun06.ogg	6d6b964be7be99180d3022d32b7af8c5	23051
mods/heroes.stormmod/enus.stormassets/localizeddata/sounds/vo/samurofelorc_ui_waitlocked00.ogg	4583c660626f68c5fd5d7955cd1293d5	52662
mods/heroes.stormmod/enus.stormassets/localizeddata/sounds/vo/samurofelorc_ui_waitlocked01.ogg	038238f05099cb12ac3938fa8baef50a	39370
mods/heroes.stormmod/enus.stormassets/localizeddata/sounds/vo/samurofelorc_ui_waitpurchased00.ogg	19b3220b014f3269510c296f0442b7e6	46553
mods/heroes.stormmod/enus.stormassets/localizeddata/sounds/vo/samurofelorc_ui_waitpurchased01.ogg	ababc7fe16ec65f21a974f41d433244a	48826
mods/heroes.stormmod/enus.stormassets/localizeddata/sounds/vo/samurofelorc_ultimate1used00.ogg	e0b8a9857baf2311b4b2406224c3838f	41800
mods/heroes.stormmod/enus.stormassets/localizeddata/sounds/vo/samurofelorc_ultimate1used01.ogg	db7ccbddb26cdaf00a472c41bf667317	22914
mods/heroes.stormmod/enus.stormassets/localizeddata/sounds/vo/samurofelorc_ultimate1used02.ogg	f4be8145e1957cd292ebe7befb25e400	26925
mods/heroes.stormmod/enus.stormassets/localizeddata/sounds/vo/samurofelorc_voicelinefive00.ogg	23f478c8603cae867fcfbc7d1e2bf124	31502
mods/heroes.stormmod/enus.stormassets/localizeddata/sounds/vo/samurofelorc_voicelinefour00.ogg	66ad6393a22bcdb01bfa02a222fb68dd	45507
mods/heroes.stormmod/enus.stormassets/localizeddata/sounds/vo/samurofelorc_voicelineone00.ogg	035096508ff51e1f4a5c63ba966ffec7	24694
mods/heroes.stormmod/enus.stormassets/localizeddata/sounds/vo/samurofelorc_voicelinethree00.ogg	152876f4c44aa85c7bb274f4aad8c785	36039
mods/heroes.stormmod/enus.stormassets/localizeddata/sounds/vo/samurofelorc_voicelinetwo00.ogg	1a98fc9cdfb9a799384184c429012788	31286
mods/heroes.stormmod/enus.stormassets/localizeddata/sounds/vo/samurofelorc_vox_attack00.ogg	cee0af385da53d4ec05e23a19a8a94bd	9237
mods/heroes.stormmod/enus.stormassets/localizeddata/sounds/vo/samurofelorc_vox_attack01.ogg	d300a16cba606a5d2df45d37bdbe657b	10486
mods/heroes.stormmod/enus.stormassets/localizeddata/sounds/vo/samurofelorc_vox_attack02.ogg	a988b4d1e012b9f8d6cb49d7e3056c87	10231
mods/heroes.stormmod/enus.stormassets/localizeddata/sounds/vo/samurofelorc_vox_attack03.ogg	886dcfba8f110e2e482e066e00a25711	11359
mods/heroes.stormmod/enus.stormassets/localizeddata/sounds/vo/samurofelorc_vox_attack04.ogg	2b3895a358e65994ddf645c703a2973e	10367
mods/heroes.stormmod/enus.stormassets/localizeddata/sounds/vo/samurofelorc_vox_attack05.ogg	6d0350eae1194812d2adf7301995b98b	11100
mods/heroes.stormmod/enus.stormassets/localizeddata/sounds/vo/samurofelorc_vox_attack06.ogg	bd2a7d4811305606489e148da168059f	10463
mods/heroes.stormmod/enus.stormassets/localizeddata/sounds/vo/samurofelorc_vox_attack07.ogg	fa8a38e6b07c9db5d1cbcec440b1af15	12175
mods/heroes.stormmod/enus.stormassets/localizeddata/sounds/vo/samurofelorc_vox_attack08.ogg	7fcd9cfc4383b2fa212a4dcac65f4800	10944
mods/heroes.stormmod/enus.stormassets/localizeddata/sounds/vo/samurofelorc_vox_attack09.ogg	f968c39fdc01a99dbc288d515fa469c0	11839
mods/heroes.stormmod/enus.stormassets/localizeddata/sounds/vo/samurofelorc_vox_attack10.ogg	f973703bfb502e5badf6c1d90314dc43	10877
mods/heroes.stormmod/enus.stormassets/localizeddata/sounds/vo/samurofelorc_vox_attack11.ogg	0464719e128c194362d287e734609a8c	11535
mods/heroes.stormmod/enus.stormassets/localizeddata/sounds/vo/samurofelorc_vox_attack12.ogg	f4c5d87901257d8505a06973049732e3	11319
mods/heroes.stormmod/enus.stormassets/localizeddata/sounds/vo/samurofelorc_vox_attack13.ogg	b562b4aa07939a7abd428b4b13c4aeee	13381
mods/heroes.stormmod/enus.stormassets/localizeddata/sounds/vo/samurofelorc_vox_attack14.ogg	610dc66592b3c4281bd2f080c62dcc31	11644
mods/heroes.stormmod/enus.stormassets/localizeddata/sounds/vo/samurofelorc_vox_attack15.ogg	e96bdecaa564bb6a64c89357444b981d	10529
mods/heroes.stormmod/enus.stormassets/localizeddata/sounds/vo/samurofelorc_vox_attack16.ogg	c0801bb6ec8deb9d751bc1c4142aeee9	14921
mods/heroes.stormmod/enus.stormassets/localizeddata/sounds/vo/samurofelorc_vox_attack17.ogg	dbbeb2b43d691ca84b4e055ed20cf3b3	11952
mods/heroes.stormmod/enus.stormassets/localizeddata/sounds/vo/samurofelorc_vox_attack18.ogg	73b2804f5f0fc2ea1d01aaaff639acd6	11934
mods/heroes.stormmod/enus.stormassets/localizeddata/sounds/vo/samurofelorc_vox_castinge00.ogg	345a6ceaf4a17ac9e26a00a4762e96a4	24929
mods/heroes.stormmod/enus.stormassets/localizeddata/sounds/vo/samurofelorc_vox_castinge01.ogg	1ba31dd744a2904a1a8d584901b6aa76	27234
mods/heroes.stormmod/enus.stormassets/localizeddata/sounds/vo/samurofelorc_vox_castinge02.ogg	8177d9ad462b8fd6cd78159e8c2c3eca	27241
mods/heroes.stormmod/enus.stormassets/localizeddata/sounds/vo/samurofelorc_vox_castinge03.ogg	bf2f4b6b8cc72f51b8bc1fe19f04ae99	25153
mods/heroes.stormmod/enus.stormassets/localizeddata/sounds/vo/samurofelorc_vox_castinge04.ogg	36d971f8c6e8a85e7890e1c4489d136f	22972
mods/heroes.stormmod/enus.stormassets/localizeddata/sounds/vo/samurofelorc_vox_castinge05.ogg	a26e0fd8aecfc920ff39f3297ed764b1	25205
mods/heroes.stormmod/enus.stormassets/localizeddata/sounds/vo/samurofelorc_vox_castinge06.ogg	3878916cbc0a842e758ba659e4838432	21699
mods/heroes.stormmod/enus.stormassets/localizeddata/sounds/vo/samurofelorc_vox_castinge07.ogg	d0307a1d726c1d276111b62b326c47dd	20330
mods/heroes.stormmod/enus.stormassets/localizeddata/sounds/vo/samurofelorc_vox_castingq00.ogg	d42f956241309f8d02d0b2b7bee64988	27973
mods/heroes.stormmod/enus.stormassets/localizeddata/sounds/vo/samurofelorc_vox_castingq01.ogg	708aec8abb02faa458f895cecc9a962f	25594
mods/heroes.stormmod/enus.stormassets/localizeddata/sounds/vo/samurofelorc_vox_castingq02.ogg	182878d6521fad7edb5c229430721e88	26550
mods/heroes.stormmod/enus.stormassets/localizeddata/sounds/vo/samurofelorc_vox_castingq03.ogg	5dbfb6d022ccc18c19b36546fefdfa12	24028
mods/heroes.stormmod/enus.stormassets/localizeddata/sounds/vo/samurofelorc_vox_castingq04.ogg	9c523d01dfcbd4ed6b1eb749af9d047f	11307
mods/heroes.stormmod/enus.stormassets/localizeddata/sounds/vo/samurofelorc_vox_castingq05.ogg	f5e6e0b85042906e43b3b5e63bd7ea95	10519
mods/heroes.stormmod/enus.stormassets/localizeddata/sounds/vo/samurofelorc_vox_castingq06.ogg	b4ab9b522bb3c8baa8e530cc8e664cc8	10860
mods/heroes.stormmod/enus.stormassets/localizeddata/sounds/vo/samurofelorc_vox_castingq07.ogg	0c022a07333be47da2846d566f9600fd	10840
mods/heroes.stormmod/enus.stormassets/localizeddata/sounds/vo/samurofelorc_vox_castingq08.ogg	762ba398d2fc0a3dc6c3cdd238cbe369	15345
mods/heroes.stormmod/enus.stormassets/localizeddata/sounds/vo/samurofelorc_vox_castingq09.ogg	2a51458d75e1070bf250ce95f40ec9fc	14773
mods/heroes.stormmod/enus.stormassets/localizeddata/sounds/vo/samurofelorc_vox_castingq10.ogg	7e1ca85535e64117f0f74af0953aebbd	14146
mods/heroes.stormmod/enus.stormassets/localizeddata/sounds/vo/samurofelorc_vox_castingq11.ogg	be220e023cba199fb55826effca88afa	21506
mods/heroes.stormmod/enus.stormassets/localizeddata/sounds/vo/samurofelorc_vox_castingq12.ogg	a81c62887c35ebd0d36787000b420fa5	16674
mods/heroes.stormmod/enus.stormassets/localizeddata/sounds/vo/samurofelorc_vox_castingq13.ogg	2f614d8bc99afa8faa1b91f40117cb6f	18362
mods/heroes.stormmod/enus.stormassets/localizeddata/sounds/vo/samurofelorc_vox_castingq14.ogg	e81d5b84349399d1dbcc81b9c3979085	21382
mods/heroes.stormmod/enus.stormassets/localizeddata/sounds/vo/samurofelorc_vox_castingq15.ogg	5306f4e19e1fba356b069bf23614de17	21187
mods/heroes.stormmod/enus.stormassets/localizeddata/sounds/vo/samurofelorc_vox_castingq16.ogg	9d1f8a2236a6b97af356c8547bb485a2	20420
mods/heroes.stormmod/enus.stormassets/localizeddata/sounds/vo/samurofelorc_vox_castingq17.ogg	5f564abec488453c0348955034a26a86	18077
mods/heroes.stormmod/enus.stormassets/localizeddata/sounds/vo/samurofelorc_vox_castingq18.ogg	5201326c19d7b7a8ade76911c25936f9	23534
mods/heroes.stormmod/enus.stormassets/localizeddata/sounds/vo/samurofelorc_vox_castingq19.ogg	b2c81ba9af3fb487a44f8d2c1fb60233	26153
mods/heroes.stormmod/enus.stormassets/localizeddata/sounds/vo/samurofelorc_vox_castingq20.ogg	4c5a71e48e258248697ddd2a55546b83	24194
mods/heroes.stormmod/enus.stormassets/localizeddata/sounds/vo/samurofelorc_vox_castingw00.ogg	ef58c1b27fcc21f6045d73b8da6e9272	18064
mods/heroes.stormmod/enus.stormassets/localizeddata/sounds/vo/samurofelorc_vox_castingw01.ogg	797bf608907a507028ced9b7b918e06c	18418
mods/heroes.stormmod/enus.stormassets/localizeddata/sounds/vo/samurofelorc_vox_castingw02.ogg	3997cbce21a2864516b8ccb780ba8f80	17155
mods/heroes.stormmod/enus.stormassets/localizeddata/sounds/vo/samurofelorc_vox_castingw03.ogg	bcb38c38de611cd7fd8180759eab89f6	17420
mods/heroes.stormmod/enus.stormassets/localizeddata/sounds/vo/samurofelorc_vox_castingw04.ogg	2249dada935befab3d23786552d7f51e	13314
mods/heroes.stormmod/enus.stormassets/localizeddata/sounds/vo/samurofelorc_vox_cheer00.ogg	a012b9d997164272869bff24a1f1c412	33015
mods/heroes.stormmod/enus.stormassets/localizeddata/sounds/vo/samurofelorc_vox_cheer01.ogg	08676b31a6a0e1eaeb22c2c76c5aede8	29863
mods/heroes.stormmod/enus.stormassets/localizeddata/sounds/vo/samurofelorc_vox_cheer02.ogg	33331bf138983b6468731b62938a1bb3	26676
mods/heroes.stormmod/enus.stormassets/localizeddata/sounds/vo/samurofelorc_vox_cheer03.ogg	f6094d17403e3fece1d45b2523f2c730	26100
mods/heroes.stormmod/enus.stormassets/localizeddata/sounds/vo/samurofelorc_vox_cheer04.ogg	63dd292082a1ad059049ff885080ac97	23109
mods/heroes.stormmod/enus.stormassets/localizeddata/sounds/vo/samurofelorc_vox_cheer05.ogg	fd4ce5cf58c79e07436f143b281db1f9	22711
mods/heroes.stormmod/enus.stormassets/localizeddata/sounds/vo/samurofelorc_vox_cheer06.ogg	87545962e61c48218c0ee930ae742008	13363
mods/heroes.stormmod/enus.stormassets/localizeddata/sounds/vo/samurofelorc_vox_cheer07.ogg	689491583613e88a908d0f96688f787f	13133
mods/heroes.stormmod/enus.stormassets/localizeddata/sounds/vo/samurofelorc_vox_cheer08.ogg	832f080c3e2d316abaa6efc5ce57e408	15204
mods/heroes.stormmod/enus.stormassets/localizeddata/sounds/vo/samurofelorc_vox_gethitsmall00.ogg	55d74f196314f5504a65d8f46ca0f148	11894
mods/heroes.stormmod/enus.stormassets/localizeddata/sounds/vo/samurofelorc_vox_gethitsmall01.ogg	722bc485b461a00409fc1bd1b1fb09b0	11810
mods/heroes.stormmod/enus.stormassets/localizeddata/sounds/vo/samurofelorc_vox_gethitsmall02.ogg	ec39f06eefd9fdfd364966415881cf28	12885
mods/heroes.stormmod/enus.stormassets/localizeddata/sounds/vo/samurofelorc_vox_gethitsmall03.ogg	c0c762f9a46c3501f68bca4c6fd356df	12306
mods/heroes.stormmod/enus.stormassets/localizeddata/sounds/vo/samurofelorc_vox_gethitsmall04.ogg	de3522551c11ed6c59cea0db8d319005	12186
mods/heroes.stormmod/enus.stormassets/localizeddata/sounds/vo/samurofelorc_vox_gethitsmall05.ogg	1b4537c69c4a8d23daa2148c3e694709	12264
mods/heroes.stormmod/enus.stormassets/localizeddata/sounds/vo/samurofelorc_vox_gethitsmall06.ogg	7ac41eb903f2123c559b91d7d6ab6843	11707
mods/heroes.stormmod/enus.stormassets/localizeddata/sounds/vo/samurofelorc_vox_gethitsmall07.ogg	e9b61864a199038f3422a2cd26d1f04e	14996
mods/heroes.stormmod/enus.stormassets/localizeddata/sounds/vo/samurofelorc_vox_gethitsmall08.ogg	4426551f6ae4bba7737be90b77c31b6b	17129
mods/heroes.stormmod/enus.stormassets/localizeddata/sounds/vo/samurofelorc_vox_gethitsmall09.ogg	7ffdd3899e80e280146430660f20f6ca	15506
mods/heroes.stormmod/enus.stormassets/localizeddata/sounds/vo/samurofelorc_vox_gethitsmall10.ogg	c918659b5439d78fbe164414bfe09669	14955
mods/heroes.stormmod/enus.stormassets/localizeddata/sounds/vo/samurofelorc_vox_gethitsmall11.ogg	6bf958d733c85608a2a185db89454a4e	15467
mods/heroes.stormmod/enus.stormassets/localizeddata/sounds/vo/samurofelorc_vox_gethitsmall12.ogg	6a98414e24f85d9cd64f4329cec77261	15955
mods/heroes.stormmod/enus.stormassets/localizeddata/sounds/vo/samurofelorc_vox_gethitsmall13.ogg	11c652e55d9457c5d5b359abcaeb8cde	14947
mods/heroes.stormmod/enus.stormassets/localizeddata/sounds/vo/samurofelorc_vox_gethitsmall14.ogg	06908134d6530de09f289aa5c40c265c	20160
mods/heroes.stormmod/enus.stormassets/localizeddata/sounds/vo/samurofelorc_vox_gethitsmall15.ogg	b80d602f9e278f55970b6cde365312a6	13940
mods/heroes.stormmod/enus.stormassets/localizeddata/sounds/vo/samurofelorc_vox_gethitsmall16.ogg	91548f9ccfd5d9e0fc28ef6a38dc3b4f	12561
mods/heroes.stormmod/enus.stormassets/localizeddata/sounds/vo/samurofelorc_vox_pulled00.ogg	e6eeb8632b442eb2e7089614edd2b468	14290
mods/heroes.stormmod/enus.stormassets/localizeddata/sounds/vo/samurofelorc_vox_pulled01.ogg	4f6f85aaa9c3e7be07bd2345fb331624	13639
mods/heroes.stormmod/enus.stormassets/localizeddata/sounds/vo/samurofelorc_vox_pulled02.ogg	ed0dc62217e2029506fe1aa8775d0f0d	13004
mods/heroes.stormmod/enus.stormassets/localizeddata/sounds/vo/samurofelorc_vox_pulled03.ogg	3bfe94dfbf2359e13203ceb71a5f91ba	14550
mods/heroes.stormmod/enus.stormassets/localizeddata/sounds/vo/samurofelorc_vox_pulled04.ogg	e8e77cfaad84f3b623ad3029d40315ce	12396
mods/heroes.stormmod/enus.stormassets/localizeddata/sounds/vo/samurofelorc_vox_pulled05.ogg	692dc067023c9ad62a889d14e19ab419	14557
mods/heroes.stormmod/enus.stormassets/localizeddata/sounds/vo/samurofelorc_vox_pulled06.ogg	13baac488fe927a205d6fb2f475fb467	14792
mods/heroes.stormmod/enus.stormassets/localizeddata/sounds/vo/samurofelorc_vox_pulled07.ogg	f3d826c14b8d64ac07e6701276567ce7	14002
mods/heroes.stormmod/enus.stormassets/localizeddata/sounds/vo/samurofelorc_vox_pulled08.ogg	a8f342b91dcd30656ca0d5b9cfcd73f9	12806
mods/heroes.stormmod/enus.stormassets/localizeddata/sounds/vo/samurofelorc_vox_pulled09.ogg	2484aa62c937e2959df1efdb767e11c1	14025
mods/heroes.stormmod/enus.stormassets/localizeddata/sounds/vo/samurofelorc_worthit00.ogg	5688424357e5cdd0dc7e90b49567e122	43983
mods/heroes.stormmod/enus.stormassets/localizeddata/sounds/vo/samurofelorc_worthit01.ogg	23f478c8603cae867fcfbc7d1e2bf124	31502
mods/heroes.stormmod/enus.stormassets/localizeddata/sounds/vo/samurofelorc_yes00.ogg	4c64c6a3ab0cbc195325d1a179d16453	12205
mods/heroes.stormmod/enus.stormassets/localizeddata/sounds/vo/samurofelorc_yes01.ogg	142627e4c580f713a75ed1bc9fad7693	13046
mods/heroes.stormmod/enus.stormassets/localizeddata/sounds/vo/samurofelorc_yes02.ogg	7c14ecb2da7771e6eb1f98a35129d745	17400
mods/heroes.stormmod/enus.stormassets/localizeddata/sounds/vo/samurofelorc_yes03.ogg	7f3236d2d745446b4f70c60dfcf45bc4	25768
mods/heroes.stormmod/enus.stormassets/localizeddata/sounds/vo/samurofelorc_yes04.ogg	27fb957d4645f7c1fd8183589aff6112	26084
mods/heroes.stormmod/enus.stormassets/localizeddata/sounds/vo/samurofelorc_yes05.ogg	4946c4865e592c22d927b1f32d13fb42	15832
mods/heroes.stormmod/enus.stormassets/localizeddata/sounds/vo/samurofelorc_yes06.ogg	3518fd2e2c3092292c0b5c84567a71c9	14161
mods/heroes.stormmod/enus.stormassets/localizeddata/sounds/vo/samurofelorc_yes07.ogg	b3d9a2f9a873970b5c3f573a0daa7e57	28670
mods/heroes.stormmod/enus.stormassets/localizeddata/sounds/vo/samurofelorc_yes08.ogg	591b2081488fa490b6016f67213200fd	22761
mods/heroes.stormmod/enus.stormassets/localizeddata/sounds/vo/samuromonkeyking_ai_attack00.fxe	fec51226c6db47552a08b4e7929034d7	1651
mods/heroes.stormmod/enus.stormassets/localizeddata/sounds/vo/samuromonkeyking_ai_attack00.ogg	436b75643829d18541220c6531666bd9	25154
mods/heroes.stormmod/enus.stormassets/localizeddata/sounds/vo/samuromonkeyking_ai_attack01.fxe	05abd36d56f53268ce03f6e0f8b7acf4	2099
mods/heroes.stormmod/enus.stormassets/localizeddata/sounds/vo/samuromonkeyking_ai_attack01.ogg	7fa65a6861687eeb39867c692fc80697	34197
mods/heroes.stormmod/enus.stormassets/localizeddata/sounds/vo/samuromonkeyking_ai_attack02.fxe	4468eab4fc7676582c3f65edb8b8d30c	1875
mods/heroes.stormmod/enus.stormassets/localizeddata/sounds/vo/samuromonkeyking_ai_attack02.ogg	1017ad1b67e648d73106eebf2b33fec9	30130
mods/heroes.stormmod/enus.stormassets/localizeddata/sounds/vo/samuromonkeyking_ai_caution00.fxe	03a3f4e4c8c83beeafd9bdc4fa2c7730	1204
mods/heroes.stormmod/enus.stormassets/localizeddata/sounds/vo/samuromonkeyking_ai_caution00.ogg	4940b71a58a6414ab546205c462ebe08	14931
mods/heroes.stormmod/enus.stormassets/localizeddata/sounds/vo/samuromonkeyking_ai_goodjob00.fxe	887b3c8cfa415ffab0e600800278fe2b	1812
mods/heroes.stormmod/enus.stormassets/localizeddata/sounds/vo/samuromonkeyking_ai_goodjob00.ogg	a05f150d3238333fa253ca0db0d7d7c8	25655
mods/heroes.stormmod/enus.stormassets/localizeddata/sounds/vo/samuromonkeyking_ai_goodjob01.fxe	2cfc1671ba902846ce67aeb6a8901f15	1300
mods/heroes.stormmod/enus.stormassets/localizeddata/sounds/vo/samuromonkeyking_ai_goodjob01.ogg	0834d74cb8c9940b71ff12a8911c697c	24555
mods/heroes.stormmod/enus.stormassets/localizeddata/sounds/vo/samuromonkeyking_ai_goodjob02.fxe	dfe2f0ce83a815acd9fba6745fb556d6	1748
mods/heroes.stormmod/enus.stormassets/localizeddata/sounds/vo/samuromonkeyking_ai_goodjob02.ogg	7d6ecb93b2889572f71fa5fd2d71b01f	29741
mods/heroes.stormmod/enus.stormassets/localizeddata/sounds/vo/samuromonkeyking_ai_heal00.fxe	dcaa2673d664e32f8517c14ba0a55edf	2033
mods/heroes.stormmod/enus.stormassets/localizeddata/sounds/vo/samuromonkeyking_ai_heal00.ogg	19ce9dee2cff829e08192a8c589108e1	21716
mods/heroes.stormmod/enus.stormassets/localizeddata/sounds/vo/samuromonkeyking_ai_heal01.fxe	65f6900917b3dabbcb89e00146e8a090	2785
mods/heroes.stormmod/enus.stormassets/localizeddata/sounds/vo/samuromonkeyking_ai_heal01.ogg	a2f91eb0eacb0c9f75f6a38e224107e1	39068
mods/heroes.stormmod/enus.stormassets/localizeddata/sounds/vo/samuromonkeyking_ai_retreat00.fxe	e9d5d13d5096731ba81bff44d06bf77a	2676
mods/heroes.stormmod/enus.stormassets/localizeddata/sounds/vo/samuromonkeyking_ai_retreat00.ogg	04d51e587409b092b4460bf34d413baa	42823
mods/heroes.stormmod/enus.stormassets/localizeddata/sounds/vo/samuromonkeyking_ai_retreat01.fxe	0ec6639d342c5f848206ee055225cc6f	1412
mods/heroes.stormmod/enus.stormassets/localizeddata/sounds/vo/samuromonkeyking_ai_retreat01.ogg	d7ca025c8287d3549d8e5c10ce99019d	17620
mods/heroes.stormmod/enus.stormassets/localizeddata/sounds/vo/samuromonkeyking_ai_uhoh00.fxe	441491835c410aaad74831bce66b4419	1585
mods/heroes.stormmod/enus.stormassets/localizeddata/sounds/vo/samuromonkeyking_ai_uhoh00.ogg	bc7ead6dfeda727263a5a77df248a10e	29790
mods/heroes.stormmod/enus.stormassets/localizeddata/sounds/vo/samuromonkeyking_ai_uhoh01.fxe	b8e12f6e83612e8db52566a0c96c2a26	1745
mods/heroes.stormmod/enus.stormassets/localizeddata/sounds/vo/samuromonkeyking_ai_uhoh01.ogg	9b94c5a6c368d77534bd2ef7d0be0bfc	22546
mods/heroes.stormmod/enus.stormassets/localizeddata/sounds/vo/samuromonkeyking_ai_uhoh02.fxe	2351e7c7309fce82d5164ffe5f40210e	1777
mods/heroes.stormmod/enus.stormassets/localizeddata/sounds/vo/samuromonkeyking_ai_uhoh02.ogg	185e0666d3a57b36a934067046ea6c48	36641
mods/heroes.stormmod/enus.stormassets/localizeddata/sounds/vo/samuromonkeyking_attack00.fxe	b64159fba79715c6caff6ac617fa4828	2944
mods/heroes.stormmod/enus.stormassets/localizeddata/sounds/vo/samuromonkeyking_attack00.ogg	d86aeb79d8e1fe97701d89e96075c908	41283
mods/heroes.stormmod/enus.stormassets/localizeddata/sounds/vo/samuromonkeyking_attack01.fxe	267d72eff3e1f383a25e0cc1000bb5e5	2848
mods/heroes.stormmod/enus.stormassets/localizeddata/sounds/vo/samuromonkeyking_attack01.ogg	043198b7232a49f38a84736183e93bfd	34451
mods/heroes.stormmod/enus.stormassets/localizeddata/sounds/vo/samuromonkeyking_attack02.fxe	27855b061353f0a17fa8fef66003410b	2032
mods/heroes.stormmod/enus.stormassets/localizeddata/sounds/vo/samuromonkeyking_attack02.ogg	0576d1800e5745d25944e33d5b0e52c5	24428
mods/heroes.stormmod/enus.stormassets/localizeddata/sounds/vo/samuromonkeyking_attack03.fxe	fc90a67c2689e7feb8233b8dab3c7592	2272
mods/heroes.stormmod/enus.stormassets/localizeddata/sounds/vo/samuromonkeyking_attack03.ogg	dc7ed28cd513ff598de022a6cd295a96	31113
mods/heroes.stormmod/enus.stormassets/localizeddata/sounds/vo/samuromonkeyking_attack04.fxe	c5c242c6c67121e786ab58b056cdf2c1	2224
mods/heroes.stormmod/enus.stormassets/localizeddata/sounds/vo/samuromonkeyking_attack04.ogg	cd59fae3ac64e3d833441dd72d8a0369	33585
mods/heroes.stormmod/enus.stormassets/localizeddata/sounds/vo/samuromonkeyking_attack05.fxe	e88e19fc136df3fa228fd55f0a614537	1776
mods/heroes.stormmod/enus.stormassets/localizeddata/sounds/vo/samuromonkeyking_attack05.ogg	e26903a24aaf3327a8b42a08b74c66a0	23705
mods/heroes.stormmod/enus.stormassets/localizeddata/sounds/vo/samuromonkeyking_attack06.fxe	a5963b109919b2b38bbf0c8a6333b261	2432
mods/heroes.stormmod/enus.stormassets/localizeddata/sounds/vo/samuromonkeyking_attack06.ogg	35b1677abc8c3b826d1f4abcb088000c	36766
mods/heroes.stormmod/enus.stormassets/localizeddata/sounds/vo/samuromonkeyking_celebrate00.fxe	671b48b9637d97fe92e1624a656d6e0f	2067
mods/heroes.stormmod/enus.stormassets/localizeddata/sounds/vo/samuromonkeyking_celebrate00.ogg	8879258e7d7293f151f1ead63b5bb69e	34536
mods/heroes.stormmod/enus.stormassets/localizeddata/sounds/vo/samuromonkeyking_celebrate01.fxe	20ccbcb619db57ee6064efdd31986f64	2451
mods/heroes.stormmod/enus.stormassets/localizeddata/sounds/vo/samuromonkeyking_celebrate01.ogg	26645c12788946dc27c9cae06353f97f	34037
mods/heroes.stormmod/enus.stormassets/localizeddata/sounds/vo/samuromonkeyking_comeback00.fxe	4c9f3ab3d5ef84ca8301b5d9cf224cc6	2850
mods/heroes.stormmod/enus.stormassets/localizeddata/sounds/vo/samuromonkeyking_comeback00.ogg	dd685d94c72e404cae66eb11c4a2ea49	37096
mods/heroes.stormmod/enus.stormassets/localizeddata/sounds/vo/samuromonkeyking_death00.fxe	133bdcdc559a0e2dd1352073b1a34685	1407
mods/heroes.stormmod/enus.stormassets/localizeddata/sounds/vo/samuromonkeyking_death00.wav	a558f99a873ff7b49d1cc7cb8379315d	65852
mods/heroes.stormmod/enus.stormassets/localizeddata/sounds/vo/samuromonkeyking_death01.fxe	c22198787bacc79ba22732e9c9031d0b	1423
mods/heroes.stormmod/enus.stormassets/localizeddata/sounds/vo/samuromonkeyking_death01.wav	a04f47d279b71de4bf3059535e7776cd	70460
mods/heroes.stormmod/enus.stormassets/localizeddata/sounds/vo/samuromonkeyking_death02.fxe	6133ba730b8e37c5b5b5fd0134131902	1551
mods/heroes.stormmod/enus.stormassets/localizeddata/sounds/vo/samuromonkeyking_death02.wav	9e03414c80b85132ae78e7cda4c9b595	76092
mods/heroes.stormmod/enus.stormassets/localizeddata/sounds/vo/samuromonkeyking_death03.fxe	fbf8481e29745c9409eacc2608622704	1359
mods/heroes.stormmod/enus.stormassets/localizeddata/sounds/vo/samuromonkeyking_death03.wav	81171bf755812c53fb943d29699060b0	60988
mods/heroes.stormmod/enus.stormassets/localizeddata/sounds/vo/samuromonkeyking_death04.fxe	11a64a2160c56006abdf8a61adfda4e7	1487
mods/heroes.stormmod/enus.stormassets/localizeddata/sounds/vo/samuromonkeyking_death04.wav	126a2af23ac05f8e14b1dc55a523b6c7	66620
mods/heroes.stormmod/enus.stormassets/localizeddata/sounds/vo/samuromonkeyking_death05.fxe	911d6dc778b6ca45df8eec8c28c89dda	1503
mods/heroes.stormmod/enus.stormassets/localizeddata/sounds/vo/samuromonkeyking_death05.wav	61619d71937ef55be8687b6da648fffd	69948
mods/heroes.stormmod/enus.stormassets/localizeddata/sounds/vo/samuromonkeyking_death06.fxe	e2cc26b90acfe6802c45934a6a3a525d	1519
mods/heroes.stormmod/enus.stormassets/localizeddata/sounds/vo/samuromonkeyking_death06.wav	2a14444f07642cf201cdd406acc04733	76092
mods/heroes.stormmod/enus.stormassets/localizeddata/sounds/vo/samuromonkeyking_death07.fxe	050a8608a95b53285a78a80f51a16938	1551
mods/heroes.stormmod/enus.stormassets/localizeddata/sounds/vo/samuromonkeyking_death07.wav	bb45e1372596fee876845adf677ac157	68924
mods/heroes.stormmod/enus.stormassets/localizeddata/sounds/vo/samuromonkeyking_death08.fxe	21736259fa1b64f4491280e866d694ef	1439
mods/heroes.stormmod/enus.stormassets/localizeddata/sounds/vo/samuromonkeyking_death08.wav	fecd85fe42a2cfca4def2692f87dcc43	75068
mods/heroes.stormmod/enus.stormassets/localizeddata/sounds/vo/samuromonkeyking_death09.fxe	6c3e050775bb237f2ac7855ccad58047	1487
mods/heroes.stormmod/enus.stormassets/localizeddata/sounds/vo/samuromonkeyking_death09.wav	644c94ca6b36c7f26c46fd80ecac8809	46140
mods/heroes.stormmod/enus.stormassets/localizeddata/sounds/vo/samuromonkeyking_death10.fxe	de7eabdfbcdb9d076a58ef614413f546	1423
mods/heroes.stormmod/enus.stormassets/localizeddata/sounds/vo/samuromonkeyking_death10.wav	08286723a3fd106f37245b45031323d0	48444
mods/heroes.stormmod/enus.stormassets/localizeddata/sounds/vo/samuromonkeyking_death11.fxe	ebbfb981385137517032ba82de33397a	1439
mods/heroes.stormmod/enus.stormassets/localizeddata/sounds/vo/samuromonkeyking_death11.wav	3facb3d796f0d547d12ec34baa378c9d	58172
mods/heroes.stormmod/enus.stormassets/localizeddata/sounds/vo/samuromonkeyking_death12.fxe	45c064f37c26037e537a54779a91ac0a	1375
mods/heroes.stormmod/enus.stormassets/localizeddata/sounds/vo/samuromonkeyking_death12.wav	1b3e2ab4abe50b44a9ffff32bc5acd73	53820
mods/heroes.stormmod/enus.stormassets/localizeddata/sounds/vo/samuromonkeyking_death13.fxe	603f9099ef85a2d114a237dbd6d7b62a	1471
mods/heroes.stormmod/enus.stormassets/localizeddata/sounds/vo/samuromonkeyking_death13.wav	856532cd5418fa04cc7d1ee2c6b4e0e0	47932
mods/heroes.stormmod/enus.stormassets/localizeddata/sounds/vo/samuromonkeyking_death14.fxe	3571a3cbb913b14475887945c24bb2c8	1535
mods/heroes.stormmod/enus.stormassets/localizeddata/sounds/vo/samuromonkeyking_death14.wav	bc2679751b9e94fbf01e45a7a67597d3	55868
mods/heroes.stormmod/enus.stormassets/localizeddata/sounds/vo/samuromonkeyking_death15.fxe	841ac73ddfacb8b63df53443d2253f94	1327
mods/heroes.stormmod/enus.stormassets/localizeddata/sounds/vo/samuromonkeyking_death15.wav	fcd06f17455214d48363ef74d4b51c98	44348
mods/heroes.stormmod/enus.stormassets/localizeddata/sounds/vo/samuromonkeyking_death16.fxe	6d67cba6121abbac7efd508fe37e8fec	1423
mods/heroes.stormmod/enus.stormassets/localizeddata/sounds/vo/samuromonkeyking_death16.wav	fa5744918848c9834cb69ab5af647b1c	39996
mods/heroes.stormmod/enus.stormassets/localizeddata/sounds/vo/samuromonkeyking_death17.fxe	4d0176bf2dd4bd278dca7a7a943bc584	1343
mods/heroes.stormmod/enus.stormassets/localizeddata/sounds/vo/samuromonkeyking_death17.wav	c9149854e46865d22f1f68072cfdc388	57660
mods/heroes.stormmod/enus.stormassets/localizeddata/sounds/vo/samuromonkeyking_death18.fxe	a1b8b46ad378aaf89b468db8ac81634d	1391
mods/heroes.stormmod/enus.stormassets/localizeddata/sounds/vo/samuromonkeyking_death18.wav	792965c687a6d9e564b46470d98b6064	49212
mods/heroes.stormmod/enus.stormassets/localizeddata/sounds/vo/samuromonkeyking_death19.fxe	4fed6305eb3a8d1e101123c657f062bc	1391
mods/heroes.stormmod/enus.stormassets/localizeddata/sounds/vo/samuromonkeyking_death19.wav	f3e72450151d6e08c59af89cd46f1237	51260
mods/heroes.stormmod/enus.stormassets/localizeddata/sounds/vo/samuromonkeyking_death20.fxe	042eaa1682e968ee35c5eb94278254d3	1407
mods/heroes.stormmod/enus.stormassets/localizeddata/sounds/vo/samuromonkeyking_death20.wav	6f6954c173059309a01c974d2f947881	52284
mods/heroes.stormmod/enus.stormassets/localizeddata/sounds/vo/samuromonkeyking_death21.fxe	532a73addff72eafc98d378b2989237c	1327
mods/heroes.stormmod/enus.stormassets/localizeddata/sounds/vo/samuromonkeyking_death21.wav	fee80bb67ebc322bb441101e928abe24	47164
mods/heroes.stormmod/enus.stormassets/localizeddata/sounds/vo/samuromonkeyking_death22.fxe	21cea18a481065edde89c350694d04c2	1423
mods/heroes.stormmod/enus.stormassets/localizeddata/sounds/vo/samuromonkeyking_death22.wav	eb79bd4ad153fa8ebb065b20f7634da3	43324
mods/heroes.stormmod/enus.stormassets/localizeddata/sounds/vo/samuromonkeyking_death23.fxe	62a6e5a358ad217fb1fd56dc558f2e45	1343
mods/heroes.stormmod/enus.stormassets/localizeddata/sounds/vo/samuromonkeyking_death23.wav	f989ec683112031d32f7797aca421633	54588
mods/heroes.stormmod/enus.stormassets/localizeddata/sounds/vo/samuromonkeyking_healed00.fxe	7e6e5b7295492eb35c7089ab2d6f82e8	1360
mods/heroes.stormmod/enus.stormassets/localizeddata/sounds/vo/samuromonkeyking_healed00.ogg	af750bad9ccd645d7f5fe71e07dafa8f	25779
mods/heroes.stormmod/enus.stormassets/localizeddata/sounds/vo/samuromonkeyking_healed01.fxe	8243489e924cf7a85c618aa1f94a0409	2064
mods/heroes.stormmod/enus.stormassets/localizeddata/sounds/vo/samuromonkeyking_healed01.ogg	73e598682b20adf4562015366828f7c5	30830
mods/heroes.stormmod/enus.stormassets/localizeddata/sounds/vo/samuromonkeyking_healed02.fxe	b9d08169c141e021fade3b490d73ed7f	1984
mods/heroes.stormmod/enus.stormassets/localizeddata/sounds/vo/samuromonkeyking_healed02.ogg	4bcb8f0095f32a74c0235f9525571628	27375
mods/heroes.stormmod/enus.stormassets/localizeddata/sounds/vo/samuromonkeyking_homescreen01.fxe	79b62de5ac82580fdd77eb7bef56fd2f	660
mods/heroes.stormmod/enus.stormassets/localizeddata/sounds/vo/samuromonkeyking_homescreen01.ogg	96566cb43dc56978a10aae8cfd7779d2	12296
mods/heroes.stormmod/enus.stormassets/localizeddata/sounds/vo/samuromonkeyking_introagree00.fxe	7ba275c80a32a65b1b192769291072e4	1108
mods/heroes.stormmod/enus.stormassets/localizeddata/sounds/vo/samuromonkeyking_introagree00.ogg	ecb1710f92a47193b6eaffd127a9d20e	17586
mods/heroes.stormmod/enus.stormassets/localizeddata/sounds/vo/samuromonkeyking_introagree01.fxe	974faad4fa3fef49bb5c7081be4794cc	2148
mods/heroes.stormmod/enus.stormassets/localizeddata/sounds/vo/samuromonkeyking_introagree01.ogg	e5a1a16b0063d7a43b102ba5f84dbee9	38800
mods/heroes.stormmod/enus.stormassets/localizeddata/sounds/vo/samuromonkeyking_introagree02.fxe	036885f1cc369ea70c5ff161a6a22130	2036
mods/heroes.stormmod/enus.stormassets/localizeddata/sounds/vo/samuromonkeyking_introagree02.ogg	adc62b7ae0776a66a010671881c71fd9	39680
mods/heroes.stormmod/enus.stormassets/localizeddata/sounds/vo/samuromonkeyking_introboast00.fxe	c41a38f12ab3a3c1c552c1261536d21b	3956
mods/heroes.stormmod/enus.stormassets/localizeddata/sounds/vo/samuromonkeyking_introboast00.ogg	8a7334993d5d92ef8bf581c2f8e58767	49771
mods/heroes.stormmod/enus.stormassets/localizeddata/sounds/vo/samuromonkeyking_introboast01.fxe	9affd1b5a50c1e7bf25d8b1a412c2b19	3956
mods/heroes.stormmod/enus.stormassets/localizeddata/sounds/vo/samuromonkeyking_introboast01.ogg	2bd8611cf2adf50dc2286c1d5a23cbc7	62459
mods/heroes.stormmod/enus.stormassets/localizeddata/sounds/vo/samuromonkeyking_introquestion00.fxe	c796cc38ea94f5fb3e7b71c8b684c7a6	2951
mods/heroes.stormmod/enus.stormassets/localizeddata/sounds/vo/samuromonkeyking_introquestion00.ogg	59272f4c1c9e727ac84e79237d7e3753	38708
mods/heroes.stormmod/enus.stormassets/localizeddata/sounds/vo/samuromonkeyking_introquestion01.fxe	d2a2b682d978575130188e3a27806f6d	2455
mods/heroes.stormmod/enus.stormassets/localizeddata/sounds/vo/samuromonkeyking_introquestion01.ogg	385b81508e5d50e09a8721f99c446410	29006
mods/heroes.stormmod/enus.stormassets/localizeddata/sounds/vo/samuromonkeyking_introquestion_chen00.fxe	fe43754cdc3e27a6fc3d84ab3ee4a240	3948
mods/heroes.stormmod/enus.stormassets/localizeddata/sounds/vo/samuromonkeyking_introquestion_chen00.ogg	8ac164c52633310e11b9908c7d038d64	64668
mods/heroes.stormmod/enus.stormassets/localizeddata/sounds/vo/samuromonkeyking_introquestion_demon00.fxe	e0f6410aa6bb0e47d1f7b0c2b9fc0a96	3245
mods/heroes.stormmod/enus.stormassets/localizeddata/sounds/vo/samuromonkeyking_introquestion_demon00.ogg	1a92e7aa08dfbbf7994174e6549f5144	42083
mods/heroes.stormmod/enus.stormassets/localizeddata/sounds/vo/samuromonkeyking_introquestion_guldan00.fxe	a7e77f87bb3b1625d00b3143a4895d9d	3470
mods/heroes.stormmod/enus.stormassets/localizeddata/sounds/vo/samuromonkeyking_introquestion_guldan00.ogg	4de45aa6d6988fffedbf8022b1cc9315	64250
mods/heroes.stormmod/enus.stormassets/localizeddata/sounds/vo/samuromonkeyking_introquestion_horde00.fxe	a26f17e5019abbd7aa3cd51f841858cf	4637
mods/heroes.stormmod/enus.stormassets/localizeddata/sounds/vo/samuromonkeyking_introquestion_horde00.ogg	7df314ab17db9605691f730b2ed2f02c	56273
mods/heroes.stormmod/enus.stormassets/localizeddata/sounds/vo/samuromonkeyking_introquestion_lostvikings00.fxe	49a12f24a8995c70f6d3c33580c8b8cd	3059
mods/heroes.stormmod/enus.stormassets/localizeddata/sounds/vo/samuromonkeyking_introquestion_lostvikings00.ogg	78745e208387e5910fe091ac804da2f2	47273
mods/heroes.stormmod/enus.stormassets/localizeddata/sounds/vo/samuromonkeyking_introquestion_medivh00.fxe	bc7df42246467da31c834083dda27679	3198
mods/heroes.stormmod/enus.stormassets/localizeddata/sounds/vo/samuromonkeyking_introquestion_medivh00.ogg	5c1abbd700961c32f8252ba909c4915c	55089
mods/heroes.stormmod/enus.stormassets/localizeddata/sounds/vo/samuromonkeyking_introquestion_monk00.fxe	1f2473ca5b8c1683d519bb1804e2cd9e	4972
mods/heroes.stormmod/enus.stormassets/localizeddata/sounds/vo/samuromonkeyking_introquestion_monk00.ogg	ae665aa3f5a7b74b391287cc03da9ef5	76510
mods/heroes.stormmod/enus.stormassets/localizeddata/sounds/vo/samuromonkeyking_introquestion_murky00.fxe	e644987ea12c2f0da9497fe4affeb79c	2829
mods/heroes.stormmod/enus.stormassets/localizeddata/sounds/vo/samuromonkeyking_introquestion_murky00.ogg	001fc4de6ebff6e8f1fec29f3319c57a	56273
mods/heroes.stormmod/enus.stormassets/localizeddata/sounds/vo/samuromonkeyking_introquestion_negative00.fxe	8f702efcf868683870d99db7579b3a27	3168
mods/heroes.stormmod/enus.stormassets/localizeddata/sounds/vo/samuromonkeyking_introquestion_negative00.ogg	e754ffcd6c930afacd862512eda34e76	43482
mods/heroes.stormmod/enus.stormassets/localizeddata/sounds/vo/samuromonkeyking_introquestion_positive00.fxe	ce54322d5e14283bfce4cec326bae7c6	3008
mods/heroes.stormmod/enus.stormassets/localizeddata/sounds/vo/samuromonkeyking_introquestion_positive00.ogg	f71860231bc36d697d2a785373418f6b	47266
mods/heroes.stormmod/enus.stormassets/localizeddata/sounds/vo/samuromonkeyking_introquestion_rexxar00.fxe	69feaae35d72ea64c3816ace181b3de2	3438
mods/heroes.stormmod/enus.stormassets/localizeddata/sounds/vo/samuromonkeyking_introquestion_rexxar00.ogg	5b1640ffe584f92ce55e5b7e8962eab3	77137
mods/heroes.stormmod/enus.stormassets/localizeddata/sounds/vo/samuromonkeyking_introquestion_tassadar00.fxe	74ae629bf29adb836ed961ef4ac7cdd1	2016
mods/heroes.stormmod/enus.stormassets/localizeddata/sounds/vo/samuromonkeyking_introquestion_tassadar00.ogg	b13378a331e97427d4ce0dbd36fd0d39	30596
mods/heroes.stormmod/enus.stormassets/localizeddata/sounds/vo/samuromonkeyking_introquestion_thrall00.fxe	c54960691eddd2e01cd2c85d9f2e5a79	4430
mods/heroes.stormmod/enus.stormassets/localizeddata/sounds/vo/samuromonkeyking_introquestion_thrall00.ogg	c0cda41c6a33499174fdad2b5cfd0d9f	57443
mods/heroes.stormmod/enus.stormassets/localizeddata/sounds/vo/samuromonkeyking_introrespond00.fxe	035af623924f7973a5929146397958d0	2614
mods/heroes.stormmod/enus.stormassets/localizeddata/sounds/vo/samuromonkeyking_introrespond00.ogg	86cfcd64e58e35ae939f6f411d357f45	35438
mods/heroes.stormmod/enus.stormassets/localizeddata/sounds/vo/samuromonkeyking_introrespond01.fxe	b895a7f3717c60823696975ae2f19709	1254
mods/heroes.stormmod/enus.stormassets/localizeddata/sounds/vo/samuromonkeyking_introrespond01.ogg	6979417256b54cf38ecaf77884a482ec	27631
mods/heroes.stormmod/enus.stormassets/localizeddata/sounds/vo/samuromonkeyking_introrespond02.fxe	1038b10ea8b586f796e6dc0c549d4517	2230
mods/heroes.stormmod/enus.stormassets/localizeddata/sounds/vo/samuromonkeyking_introrespond02.ogg	a9dcbd7787689879ae9fd4df00fb3515	30885
mods/heroes.stormmod/enus.stormassets/localizeddata/sounds/vo/samuromonkeyking_introresponse_angry00.fxe	1113ddb35f812b6e4e80157fc02acb67	2797
mods/heroes.stormmod/enus.stormassets/localizeddata/sounds/vo/samuromonkeyking_introresponse_angry00.ogg	789156f5bfb551de95b5022920f6184c	37724
mods/heroes.stormmod/enus.stormassets/localizeddata/sounds/vo/samuromonkeyking_introresponse_chen00.fxe	0ae7f0de83dc6c0e21c413252acafd29	3244
mods/heroes.stormmod/enus.stormassets/localizeddata/sounds/vo/samuromonkeyking_introresponse_chen00.ogg	2742030ba77b5ec2c499d96adf9b0261	49358
mods/heroes.stormmod/enus.stormassets/localizeddata/sounds/vo/samuromonkeyking_introresponse_demon00.fxe	35893eb9a37f14752183bae117bcd23a	3261
mods/heroes.stormmod/enus.stormassets/localizeddata/sounds/vo/samuromonkeyking_introresponse_demon00.ogg	1f1e3fc81d5a2d66ea33b12fa16fea70	72586
mods/heroes.stormmod/enus.stormassets/localizeddata/sounds/vo/samuromonkeyking_introresponse_dismissive00.fxe	ecd08aeb5ed48a159a3ff99f6ee6518d	3026
mods/heroes.stormmod/enus.stormassets/localizeddata/sounds/vo/samuromonkeyking_introresponse_dismissive00.ogg	1375e2857405aae35d842675b68733b1	51029
mods/heroes.stormmod/enus.stormassets/localizeddata/sounds/vo/samuromonkeyking_introresponse_guldan00.fxe	a4b5f0b42fd13d62eab34631d2916f4d	3182
mods/heroes.stormmod/enus.stormassets/localizeddata/sounds/vo/samuromonkeyking_introresponse_guldan00.ogg	30b27c7f15647f9a59613534e90998b5	68320
mods/heroes.stormmod/enus.stormassets/localizeddata/sounds/vo/samuromonkeyking_introresponse_horde00.fxe	aab866646ef19708436639f3cd321496	3005
mods/heroes.stormmod/enus.stormassets/localizeddata/sounds/vo/samuromonkeyking_introresponse_horde00.ogg	0d1f8aa00db1efb3a2ff10bf309d3e7b	42989
mods/heroes.stormmod/enus.stormassets/localizeddata/sounds/vo/samuromonkeyking_introresponse_lostvikings00.fxe	de65cf504e0e1c11ddbc855e40810352	2099
mods/heroes.stormmod/enus.stormassets/localizeddata/sounds/vo/samuromonkeyking_introresponse_lostvikings00.ogg	6729f54fd8b824c2710ccbbc76a25f49	37000
mods/heroes.stormmod/enus.stormassets/localizeddata/sounds/vo/samuromonkeyking_introresponse_medivh00.fxe	8bd9afd2e8324c191b370a635d159099	1070
mods/heroes.stormmod/enus.stormassets/localizeddata/sounds/vo/samuromonkeyking_introresponse_medivh00.ogg	edb30cbac10ad21b4c373787c56490f7	23966
mods/heroes.stormmod/enus.stormassets/localizeddata/sounds/vo/samuromonkeyking_introresponse_monk00.fxe	c2844af04fa2ed7fd91a0e3fe47a4986	4668
mods/heroes.stormmod/enus.stormassets/localizeddata/sounds/vo/samuromonkeyking_introresponse_monk00.ogg	6e79bdb45b1f60addcb85f2ace1870a6	61793
mods/heroes.stormmod/enus.stormassets/localizeddata/sounds/vo/samuromonkeyking_introresponse_murky00.fxe	f4eb86797fba881af5bbd1b18ef465f7	3389
mods/heroes.stormmod/enus.stormassets/localizeddata/sounds/vo/samuromonkeyking_introresponse_murky00.ogg	c36e5d34e405722be3674d567ba87783	46337
mods/heroes.stormmod/enus.stormassets/localizeddata/sounds/vo/samuromonkeyking_introresponse_negative00.fxe	5c52cadce329bae514c2091fa6780a71	2160
mods/heroes.stormmod/enus.stormassets/localizeddata/sounds/vo/samuromonkeyking_introresponse_negative00.ogg	18a558834170747305962673a0cbcbec	28991
mods/heroes.stormmod/enus.stormassets/localizeddata/sounds/vo/samuromonkeyking_introresponse_positive00.fxe	d631159b8a787434a663c116cab8ac4a	2096
mods/heroes.stormmod/enus.stormassets/localizeddata/sounds/vo/samuromonkeyking_introresponse_positive00.ogg	5860344daa8d631b2893b2914f4b8fb7	36001
mods/heroes.stormmod/enus.stormassets/localizeddata/sounds/vo/samuromonkeyking_introresponse_rexxar00.fxe	40af9a4466e4a319dcfbe784088b9c6a	3694
mods/heroes.stormmod/enus.stormassets/localizeddata/sounds/vo/samuromonkeyking_introresponse_rexxar00.ogg	f3d60c18e734620e1b7554c94aa47ca6	56019
mods/heroes.stormmod/enus.stormassets/localizeddata/sounds/vo/samuromonkeyking_introresponse_sad00.fxe	336dd62bab571e7849d9afb19f70586d	2779
mods/heroes.stormmod/enus.stormassets/localizeddata/sounds/vo/samuromonkeyking_introresponse_sad00.ogg	2c2597b56bc4e1502119da60558ba0b5	45755
mods/heroes.stormmod/enus.stormassets/localizeddata/sounds/vo/samuromonkeyking_introresponse_surprised00.fxe	9a4af108dad98747c248f0fa7ac458a8	3761
mods/heroes.stormmod/enus.stormassets/localizeddata/sounds/vo/samuromonkeyking_introresponse_surprised00.ogg	5706d08102f8bcedf3f2429df2062864	46054
mods/heroes.stormmod/enus.stormassets/localizeddata/sounds/vo/samuromonkeyking_introresponse_tassadar00.fxe	f1e58ae39ee289ca5f16693827a101af	2944
mods/heroes.stormmod/enus.stormassets/localizeddata/sounds/vo/samuromonkeyking_introresponse_tassadar00.ogg	61b51620357edc3ef32770c88917f836	42313
mods/heroes.stormmod/enus.stormassets/localizeddata/sounds/vo/samuromonkeyking_introresponse_thrall00.fxe	49d427571a1c9522db62b5e1562d2874	3694
mods/heroes.stormmod/enus.stormassets/localizeddata/sounds/vo/samuromonkeyking_introresponse_thrall00.ogg	bded3bd102e2b058df93d4dee1fc40ec	65752
mods/heroes.stormmod/enus.stormassets/localizeddata/sounds/vo/samuromonkeyking_kill00.fxe	e18f49a4ce3f88c15beb936f0d7b8226	1614
mods/heroes.stormmod/enus.stormassets/localizeddata/sounds/vo/samuromonkeyking_kill00.ogg	a04fa376b0dc999c398da491a0a4ec45	28087
mods/heroes.stormmod/enus.stormassets/localizeddata/sounds/vo/samuromonkeyking_kill01.fxe	5f1245c0ab035403ccc826a02af0797f	1998
mods/heroes.stormmod/enus.stormassets/localizeddata/sounds/vo/samuromonkeyking_kill01.ogg	208cbc4d5bdaf2cd0091e9f84be7f3da	32413
mods/heroes.stormmod/enus.stormassets/localizeddata/sounds/vo/samuromonkeyking_kill02.fxe	6a4c0529e3dd6684d2f31acdfd7d459c	2318
mods/heroes.stormmod/enus.stormassets/localizeddata/sounds/vo/samuromonkeyking_kill02.ogg	259748b22241f03ce899a8051e97467b	45472
mods/heroes.stormmod/enus.stormassets/localizeddata/sounds/vo/samuromonkeyking_kill03.fxe	34853595204128c5a715d72639bbfd8f	2078
mods/heroes.stormmod/enus.stormassets/localizeddata/sounds/vo/samuromonkeyking_kill03.ogg	83fc1a620d4eb2a7e683f214e5f82705	25976
mods/heroes.stormmod/enus.stormassets/localizeddata/sounds/vo/samuromonkeyking_kill04.fxe	737285f4ca6fa798c7c2e35106c0faea	1646
mods/heroes.stormmod/enus.stormassets/localizeddata/sounds/vo/samuromonkeyking_kill04.ogg	da1cae69c93dc3605cd28b0771c3072c	28713
mods/heroes.stormmod/enus.stormassets/localizeddata/sounds/vo/samuromonkeyking_killdemon00.fxe	fed7d42a32f05d3eb026dfbf0d95d585	4355
mods/heroes.stormmod/enus.stormassets/localizeddata/sounds/vo/samuromonkeyking_killdemon00.ogg	1cd66bdfe29a4eb8a2c696b9888426d4	63834
mods/heroes.stormmod/enus.stormassets/localizeddata/sounds/vo/samuromonkeyking_killguldan00.fxe	5c409c5264ba2b74af574e68165b8d11	2900
mods/heroes.stormmod/enus.stormassets/localizeddata/sounds/vo/samuromonkeyking_killguldan00.ogg	53fea86139ebb9a7ae71ea16ad7b8339	41122
mods/heroes.stormmod/enus.stormassets/localizeddata/sounds/vo/samuromonkeyking_killhorde00.fxe	034d105570e4d7985f5a86c18b5cf548	3011
mods/heroes.stormmod/enus.stormassets/localizeddata/sounds/vo/samuromonkeyking_killhorde00.ogg	8d133aa61c3be22c3919760b2604b1ba	37488
mods/heroes.stormmod/enus.stormassets/localizeddata/sounds/vo/samuromonkeyking_killhuman00.fxe	29d0f3df5eaec8b2524940d34c138dab	2515
mods/heroes.stormmod/enus.stormassets/localizeddata/sounds/vo/samuromonkeyking_killhuman00.ogg	83b11808f8ea994ed15020896def4649	48255
mods/heroes.stormmod/enus.stormassets/localizeddata/sounds/vo/samuromonkeyking_killmedivh00.fxe	6be8c6ac0eecb6c10e42f41e5bb26e94	1684
mods/heroes.stormmod/enus.stormassets/localizeddata/sounds/vo/samuromonkeyking_killmedivh00.ogg	5c046444939141fb77d406bbbaf676ff	32502
mods/heroes.stormmod/enus.stormassets/localizeddata/sounds/vo/samuromonkeyking_killrexxar00.fxe	8e281c463f887ac06e90144f1eac4b36	3764
mods/heroes.stormmod/enus.stormassets/localizeddata/sounds/vo/samuromonkeyking_killrexxar00.ogg	f0b6e9b963e8fbd845af0e70fa42f2d1	64851
mods/heroes.stormmod/enus.stormassets/localizeddata/sounds/vo/samuromonkeyking_killsamuro00.fxe	541e0f438fe1186a837b14229658c6c6	2548
mods/heroes.stormmod/enus.stormassets/localizeddata/sounds/vo/samuromonkeyking_killsamuro00.ogg	c72f2ad34af084578716a7986e255d4f	35305
mods/heroes.stormmod/enus.stormassets/localizeddata/sounds/vo/samuromonkeyking_killspreeend00.fxe	6fafcd684cbb23cc71cabfb64e79b188	3142
mods/heroes.stormmod/enus.stormassets/localizeddata/sounds/vo/samuromonkeyking_killspreeend00.ogg	3e034e8ab0f73cd8a45beeaa2ab65340	37063
mods/heroes.stormmod/enus.stormassets/localizeddata/sounds/vo/samuromonkeyking_killthrall00.fxe	62d98c95300a396135189d6b155d1e34	2676
mods/heroes.stormmod/enus.stormassets/localizeddata/sounds/vo/samuromonkeyking_killthrall00.ogg	889eeba1d362860fbf7f2df31fd1ac3f	33180
mods/heroes.stormmod/enus.stormassets/localizeddata/sounds/vo/samuromonkeyking_killwarrior00.fxe	58f37382c23d7e5673548ebecc71484d	2853
mods/heroes.stormmod/enus.stormassets/localizeddata/sounds/vo/samuromonkeyking_killwarrior00.ogg	79266cf16909e12c7284a82ccead47c5	43535
mods/heroes.stormmod/enus.stormassets/localizeddata/sounds/vo/samuromonkeyking_killwisp00.fxe	dcc819c717f17b1dabf9b7ae92029a52	2386
mods/heroes.stormmod/enus.stormassets/localizeddata/sounds/vo/samuromonkeyking_killwisp00.ogg	1a93e0609b76a7d1eeb26e689fbba532	31396
mods/heroes.stormmod/enus.stormassets/localizeddata/sounds/vo/samuromonkeyking_killzeratul00.fxe	30e4cff1bc43dbe1fd82f7320226b829	2533
mods/heroes.stormmod/enus.stormassets/localizeddata/sounds/vo/samuromonkeyking_killzeratul00.ogg	8af2bbe67f46498ebf75adeb1ddebd03	39615
mods/heroes.stormmod/enus.stormassets/localizeddata/sounds/vo/samuromonkeyking_laugh00.fxe	debf507ec7b8fa672702a1d8591fa215	1359
mods/heroes.stormmod/enus.stormassets/localizeddata/sounds/vo/samuromonkeyking_laugh00.ogg	032829d73698e550fa8afea6cd6b9916	11786
mods/heroes.stormmod/enus.stormassets/localizeddata/sounds/vo/samuromonkeyking_laugh01.fxe	cdf57147ba691f7648f1ea3e2e1bf22d	1103
mods/heroes.stormmod/enus.stormassets/localizeddata/sounds/vo/samuromonkeyking_laugh01.ogg	3bec57b63eaf6b15444426b01fca3142	10413
mods/heroes.stormmod/enus.stormassets/localizeddata/sounds/vo/samuromonkeyking_laugh02.fxe	3ae3b9e57c255d4dc15937d5d2dc2f75	1055
mods/heroes.stormmod/enus.stormassets/localizeddata/sounds/vo/samuromonkeyking_laugh02.ogg	11c90e05a9768d8ad85da1fcb586bd8a	11273
mods/heroes.stormmod/enus.stormassets/localizeddata/sounds/vo/samuromonkeyking_laugh03.fxe	f20067f03d29178a7a996c71b918cc66	991
mods/heroes.stormmod/enus.stormassets/localizeddata/sounds/vo/samuromonkeyking_laugh03.ogg	f8c4f382dd3438cd9d171ef219a205c2	10558
mods/heroes.stormmod/enus.stormassets/localizeddata/sounds/vo/samuromonkeyking_laugh04.fxe	d5868ea43ae5abef160b1b800a086550	2079
mods/heroes.stormmod/enus.stormassets/localizeddata/sounds/vo/samuromonkeyking_laugh04.ogg	fc78797e489eb1272a6f9facea984c99	13695
mods/heroes.stormmod/enus.stormassets/localizeddata/sounds/vo/samuromonkeyking_laugh05.fxe	650c32b6a576c752fdf7a9701c82750d	2031
mods/heroes.stormmod/enus.stormassets/localizeddata/sounds/vo/samuromonkeyking_laugh05.ogg	0bfa5ea95d0f0c074b5eb98019569fe0	13406
mods/heroes.stormmod/enus.stormassets/localizeddata/sounds/vo/samuromonkeyking_laugh06.fxe	4b01eba488743c055470cea38f7df98d	2223
mods/heroes.stormmod/enus.stormassets/localizeddata/sounds/vo/samuromonkeyking_laugh06.ogg	fd952e46d4f9286b88b001f390a54bc4	17710
mods/heroes.stormmod/enus.stormassets/localizeddata/sounds/vo/samuromonkeyking_laugh07.fxe	a80c2d96b00cdf5903be52359fc2f7ef	2111
mods/heroes.stormmod/enus.stormassets/localizeddata/sounds/vo/samuromonkeyking_laugh07.ogg	167b306fa0c317727f74fb97f0d54779	16730
mods/heroes.stormmod/enus.stormassets/localizeddata/sounds/vo/samuromonkeyking_laugh08.fxe	fb4c2018d7213eddbb73377a41cc6f6f	2207
mods/heroes.stormmod/enus.stormassets/localizeddata/sounds/vo/samuromonkeyking_laugh08.ogg	20d3f38a5b45a380bb323503fed6ec50	22257
mods/heroes.stormmod/enus.stormassets/localizeddata/sounds/vo/samuromonkeyking_laugh09.fxe	5c5a5f51b70e25bc21cc9fe3013d893f	2207
mods/heroes.stormmod/enus.stormassets/localizeddata/sounds/vo/samuromonkeyking_laugh09.ogg	fec7a4b674f2e182c4377d5f802f9d39	20564
mods/heroes.stormmod/enus.stormassets/localizeddata/sounds/vo/samuromonkeyking_laugh10.fxe	9e44270671ef0322a26b5c17e2a4de70	2031
mods/heroes.stormmod/enus.stormassets/localizeddata/sounds/vo/samuromonkeyking_laugh10.ogg	9dd0284c5adb10d75df60f175669df97	17884
mods/heroes.stormmod/enus.stormassets/localizeddata/sounds/vo/samuromonkeyking_laugh11.fxe	bbce50af7665b1e6eed34e9df15653b4	2223
mods/heroes.stormmod/enus.stormassets/localizeddata/sounds/vo/samuromonkeyking_laugh11.ogg	85cc74b044fc00e9013579282e7102ec	22393
mods/heroes.stormmod/enus.stormassets/localizeddata/sounds/vo/samuromonkeyking_laugh12.fxe	17838fb6886f2ccfd865eba6a2588778	2543
mods/heroes.stormmod/enus.stormassets/localizeddata/sounds/vo/samuromonkeyking_laugh12.ogg	a1e39f0f5c018c51337b4b540abb497c	29355
mods/heroes.stormmod/enus.stormassets/localizeddata/sounds/vo/samuromonkeyking_laugh13.fxe	bfe60bc7b637bda12a5a41f3d0701f33	2431
mods/heroes.stormmod/enus.stormassets/localizeddata/sounds/vo/samuromonkeyking_laugh13.ogg	124fd58d4ac838672c9293ba309b7ba9	26205
mods/heroes.stormmod/enus.stormassets/localizeddata/sounds/vo/samuromonkeyking_laugh14.fxe	4ab7e1ab0019e5048aeff1ed71df1f5a	2239
mods/heroes.stormmod/enus.stormassets/localizeddata/sounds/vo/samuromonkeyking_laugh14.ogg	1faf72cb15387961d31a11914fca1f00	23830
mods/heroes.stormmod/enus.stormassets/localizeddata/sounds/vo/samuromonkeyking_laugh15.fxe	77de6e1092029f5f70f8686140b52c37	2463
mods/heroes.stormmod/enus.stormassets/localizeddata/sounds/vo/samuromonkeyking_laugh15.ogg	69c63ce4286bd508eaf22d6d67ad0559	26779
mods/heroes.stormmod/enus.stormassets/localizeddata/sounds/vo/samuromonkeyking_laugh16.fxe	d395994ba6df4c36d769fa831bcc6c36	2271
mods/heroes.stormmod/enus.stormassets/localizeddata/sounds/vo/samuromonkeyking_laugh16.ogg	a63a48ef8a0af8dbed3054c9b3085cb0	23610
mods/heroes.stormmod/enus.stormassets/localizeddata/sounds/vo/samuromonkeyking_laugh17.fxe	33e0abf3919ead89f60268ad6630ca92	2655
mods/heroes.stormmod/enus.stormassets/localizeddata/sounds/vo/samuromonkeyking_laugh17.ogg	a0805c94dacf670addcaf9775c034272	28767
mods/heroes.stormmod/enus.stormassets/localizeddata/sounds/vo/samuromonkeyking_laugh18.fxe	6e4a406649c36329d87deeff3d087994	2239
mods/heroes.stormmod/enus.stormassets/localizeddata/sounds/vo/samuromonkeyking_laugh18.ogg	ef00b652f470b801fc1c447ad548ed4f	29598
mods/heroes.stormmod/enus.stormassets/localizeddata/sounds/vo/samuromonkeyking_laugh19.fxe	2cc88794913f577098678b2d22682ab5	2575
mods/heroes.stormmod/enus.stormassets/localizeddata/sounds/vo/samuromonkeyking_laugh19.ogg	1100029aec7e06a0568af4e4d627fa9d	36980
mods/heroes.stormmod/enus.stormassets/localizeddata/sounds/vo/samuromonkeyking_laugh20.fxe	75fbc4f329de45331808d30195eea424	2559
mods/heroes.stormmod/enus.stormassets/localizeddata/sounds/vo/samuromonkeyking_laugh20.ogg	fcec41f2376ce9c725aa5aa69504a4a7	33898
mods/heroes.stormmod/enus.stormassets/localizeddata/sounds/vo/samuromonkeyking_laugh21.fxe	eb5c35ed6dc8d23d1227d1ee7ce74d55	2015
mods/heroes.stormmod/enus.stormassets/localizeddata/sounds/vo/samuromonkeyking_laugh21.ogg	5979f8047bb02e3be487e74f8aa4ff75	18261
mods/heroes.stormmod/enus.stormassets/localizeddata/sounds/vo/samuromonkeyking_laugh22.fxe	d237150b327c4ed410b7a52ad163427c	2111
mods/heroes.stormmod/enus.stormassets/localizeddata/sounds/vo/samuromonkeyking_laugh22.ogg	6658e6498d72fe6b59813db201420469	19003
mods/heroes.stormmod/enus.stormassets/localizeddata/sounds/vo/samuromonkeyking_laugh23.fxe	5f6655fa47c88a5078a7ca94cc9a30a6	2063
mods/heroes.stormmod/enus.stormassets/localizeddata/sounds/vo/samuromonkeyking_laugh23.ogg	bb0bee37ca7e7a106ed96cffd1263ff6	19477
mods/heroes.stormmod/enus.stormassets/localizeddata/sounds/vo/samuromonkeyking_laugh24.fxe	b0485737da6845c59b7e33c00e3ad6a6	2095
mods/heroes.stormmod/enus.stormassets/localizeddata/sounds/vo/samuromonkeyking_laugh24.ogg	089b0957c6856ce18ccb632de4bc5ce6	18663
mods/heroes.stormmod/enus.stormassets/localizeddata/sounds/vo/samuromonkeyking_laugh25.fxe	b392a9a1cc57631b972a1ddded232ab1	2111
mods/heroes.stormmod/enus.stormassets/localizeddata/sounds/vo/samuromonkeyking_laugh25.ogg	8de1b655757d50ae2bbfc57fc4740322	18935
mods/heroes.stormmod/enus.stormassets/localizeddata/sounds/vo/samuromonkeyking_laugh26.fxe	770b530b0f310362dc1e42d7459b60e1	2223
mods/heroes.stormmod/enus.stormassets/localizeddata/sounds/vo/samuromonkeyking_laugh26.ogg	41e5d36e2cab1610efd7b0ffb8ef0ead	24347
mods/heroes.stormmod/enus.stormassets/localizeddata/sounds/vo/samuromonkeyking_laugh27.fxe	316554d3bf242efc2db52549994cd36e	2383
mods/heroes.stormmod/enus.stormassets/localizeddata/sounds/vo/samuromonkeyking_laugh27.ogg	c7353e3bc5106d4412aafb0e42bfb7cf	22747
mods/heroes.stormmod/enus.stormassets/localizeddata/sounds/vo/samuromonkeyking_laugh28.fxe	5c5123c95f8e1bad7d51c6293e0c588d	2319
mods/heroes.stormmod/enus.stormassets/localizeddata/sounds/vo/samuromonkeyking_laugh28.ogg	116035dba9e3522c6abc019fc02044ef	19891
mods/heroes.stormmod/enus.stormassets/localizeddata/sounds/vo/samuromonkeyking_laugh29.fxe	8b833308a54362333322d585f2a29062	2207
mods/heroes.stormmod/enus.stormassets/localizeddata/sounds/vo/samuromonkeyking_laugh29.ogg	3862689885adff6ad3c824569cc0cf03	18851
mods/heroes.stormmod/enus.stormassets/localizeddata/sounds/vo/samuromonkeyking_lowlifeheal00.fxe	aeb37bea3d4c3626f67e61209198eb13	2389
mods/heroes.stormmod/enus.stormassets/localizeddata/sounds/vo/samuromonkeyking_lowlifeheal00.ogg	898dc03209d5df3e308932d95e902403	31823
mods/heroes.stormmod/enus.stormassets/localizeddata/sounds/vo/samuromonkeyking_lowlifeheal01.fxe	34cbd9108304f38713c62f56705707f1	1685
mods/heroes.stormmod/enus.stormassets/localizeddata/sounds/vo/samuromonkeyking_lowlifeheal01.ogg	d80ced1a4147251569c4e553e55f8ae8	25582
mods/heroes.stormmod/enus.stormassets/localizeddata/sounds/vo/samuromonkeyking_lowlifeheal02.fxe	c1ee8cbd88ab06c17459f82e77522064	1557
mods/heroes.stormmod/enus.stormassets/localizeddata/sounds/vo/samuromonkeyking_lowlifeheal02.ogg	438ef012608d0fd320236b04e4291700	21237
mods/heroes.stormmod/enus.stormassets/localizeddata/sounds/vo/samuromonkeyking_lowmana00.fxe	9c9c080f7694bc52341226afd94fe764	1521
mods/heroes.stormmod/enus.stormassets/localizeddata/sounds/vo/samuromonkeyking_lowmana00.ogg	adb81c4c6f1f0f5cf609e6989315b71a	21322
mods/heroes.stormmod/enus.stormassets/localizeddata/sounds/vo/samuromonkeyking_lowmana01.fxe	d5d6fb67b1b09738343c984f5ed5b4e9	1825
mods/heroes.stormmod/enus.stormassets/localizeddata/sounds/vo/samuromonkeyking_lowmana01.ogg	512a642ca90ec912a4e16aefca65358c	31045
mods/heroes.stormmod/enus.stormassets/localizeddata/sounds/vo/samuromonkeyking_lowmana02.fxe	4570b4afe711de223e62da728d7d2d76	1985
mods/heroes.stormmod/enus.stormassets/localizeddata/sounds/vo/samuromonkeyking_lowmana02.ogg	b3c6a72ba8146dd1bf4994b146ea552a	26566
mods/heroes.stormmod/enus.stormassets/localizeddata/sounds/vo/samuromonkeyking_matchend00.fxe	e949ab28a50fffd3cacfedda7bab25d4	1762
mods/heroes.stormmod/enus.stormassets/localizeddata/sounds/vo/samuromonkeyking_matchend00.ogg	e0c1d6b398dfd915ea8edc8f17e13471	30637
mods/heroes.stormmod/enus.stormassets/localizeddata/sounds/vo/samuromonkeyking_matchend01.fxe	fbe90b8044e714c3f7dd0c99755412e9	1442
mods/heroes.stormmod/enus.stormassets/localizeddata/sounds/vo/samuromonkeyking_matchend01.ogg	4ae625d804de6756dd2f02b6f37498c2	25244
mods/heroes.stormmod/enus.stormassets/localizeddata/sounds/vo/samuromonkeyking_matchend02.fxe	0c501f3d322e7561071a6cf17b47a74d	1890
mods/heroes.stormmod/enus.stormassets/localizeddata/sounds/vo/samuromonkeyking_matchend02.ogg	5327a41957489c5f470106613f177a0e	23097
mods/heroes.stormmod/enus.stormassets/localizeddata/sounds/vo/samuromonkeyking_no00.fxe	fac361998a5ad315fd7b8f52058b09ce	812
mods/heroes.stormmod/enus.stormassets/localizeddata/sounds/vo/samuromonkeyking_no00.ogg	810eb9fe28ee464c27a27377906c5901	11023
mods/heroes.stormmod/enus.stormassets/localizeddata/sounds/vo/samuromonkeyking_no01.fxe	649a380aed30e24c03e938e67a5bd521	1196
mods/heroes.stormmod/enus.stormassets/localizeddata/sounds/vo/samuromonkeyking_no01.ogg	c61cdd75afaa21837564c625571e5d07	13962
mods/heroes.stormmod/enus.stormassets/localizeddata/sounds/vo/samuromonkeyking_no02.fxe	ea514ed9e72e3cde7ee4416349253f93	1244
mods/heroes.stormmod/enus.stormassets/localizeddata/sounds/vo/samuromonkeyking_no02.ogg	3c18572a71658188af0c4d3befce0f58	16826
mods/heroes.stormmod/enus.stormassets/localizeddata/sounds/vo/samuromonkeyking_ping_assisthero00.fxe	a3abe39460b8646854550360a67e5b72	2009
mods/heroes.stormmod/enus.stormassets/localizeddata/sounds/vo/samuromonkeyking_ping_assisthero00.ogg	658019007c18752017e50e167e14ee1d	19975
mods/heroes.stormmod/enus.stormassets/localizeddata/sounds/vo/samuromonkeyking_ping_assistme00.fxe	1eef915a290b242b179258701efa698c	1047
mods/heroes.stormmod/enus.stormassets/localizeddata/sounds/vo/samuromonkeyking_ping_assistme00.ogg	14aaa5d84a2e840bf5b4626238f20869	19108
mods/heroes.stormmod/enus.stormassets/localizeddata/sounds/vo/samuromonkeyking_ping_assistme01.fxe	6195e2ce2a6a0ef33d6139a9dc202aa1	1431
mods/heroes.stormmod/enus.stormassets/localizeddata/sounds/vo/samuromonkeyking_ping_assistme01.ogg	0d5d57152f3887af37594a964dcc37cc	21048
mods/heroes.stormmod/enus.stormassets/localizeddata/sounds/vo/samuromonkeyking_ping_attackcastle00.fxe	a2e6b2e7a75abf89141b671e13eea622	1211
mods/heroes.stormmod/enus.stormassets/localizeddata/sounds/vo/samuromonkeyking_ping_attackcastle00.ogg	a4f3943009caf61e531a7d59e3824f24	20142
mods/heroes.stormmod/enus.stormassets/localizeddata/sounds/vo/samuromonkeyking_ping_attackmerc00.fxe	92a8009f83e52c61ff5f53e768e82535	2969
mods/heroes.stormmod/enus.stormassets/localizeddata/sounds/vo/samuromonkeyking_ping_attackmerc00.ogg	1cf6d22b4baadfdabd886f04fcd77be4	40556
mods/heroes.stormmod/enus.stormassets/localizeddata/sounds/vo/samuromonkeyking_ping_attackoutpost00.fxe	f69b0fc7e69a71f50b5c0c6b90644a71	1692
mods/heroes.stormmod/enus.stormassets/localizeddata/sounds/vo/samuromonkeyking_ping_attackoutpost00.ogg	9c0d997880363b516e3240ce3ac3a88d	22555
mods/heroes.stormmod/enus.stormassets/localizeddata/sounds/vo/samuromonkeyking_ping_attacktower00.fxe	34122b183444b1b6bd87f337554b869b	2250
mods/heroes.stormmod/enus.stormassets/localizeddata/sounds/vo/samuromonkeyking_ping_attacktower00.ogg	5c36e280d79452d57aa0d40b9de2ebf6	23038
mods/heroes.stormmod/enus.stormassets/localizeddata/sounds/vo/samuromonkeyking_ping_defendcastle00.fxe	878e4ede566671d48dec6dfdeaa080a0	1531
mods/heroes.stormmod/enus.stormassets/localizeddata/sounds/vo/samuromonkeyking_ping_defendcastle00.ogg	3da86cea68b2b23a1c619873ea611cf7	20400
mods/heroes.stormmod/enus.stormassets/localizeddata/sounds/vo/samuromonkeyking_ping_defendoutpost00.fxe	b62385c975ab87c162b2bbb5689227c9	2092
mods/heroes.stormmod/enus.stormassets/localizeddata/sounds/vo/samuromonkeyking_ping_defendoutpost00.ogg	2829596e926855cb1014692d7fdf3dcb	31102
mods/heroes.stormmod/enus.stormassets/localizeddata/sounds/vo/samuromonkeyking_ping_defendtower00.fxe	6f8f90d4630d5950778d360e9c997ac8	2602
mods/heroes.stormmod/enus.stormassets/localizeddata/sounds/vo/samuromonkeyking_ping_defendtower00.ogg	e0d9f771177e233a223ea817325a2164	31119
mods/heroes.stormmod/enus.stormassets/localizeddata/sounds/vo/samuromonkeyking_ping_killhero00.fxe	0915c4ee77558b415f5f118949b7dd74	2199
mods/heroes.stormmod/enus.stormassets/localizeddata/sounds/vo/samuromonkeyking_ping_killhero00.ogg	3924aed0bbe203465b1249d1b1552989	26237
mods/heroes.stormmod/enus.stormassets/localizeddata/sounds/vo/samuromonkeyking_pissed00.fxe	edd41376e3f9772ec71b84155ec33fa1	1147
mods/heroes.stormmod/enus.stormassets/localizeddata/sounds/vo/samuromonkeyking_pissed00.ogg	d0f93271fd74e7641750f1a403fce03c	16717
mods/heroes.stormmod/enus.stormassets/localizeddata/sounds/vo/samuromonkeyking_pissed01.fxe	7ac888fccef5a1d4be2b1413c8a0b5b7	1867
mods/heroes.stormmod/enus.stormassets/localizeddata/sounds/vo/samuromonkeyking_pissed01.ogg	c75a99533ed64381e51376eb4b77c3f5	28943
mods/heroes.stormmod/enus.stormassets/localizeddata/sounds/vo/samuromonkeyking_pissed02.fxe	d9832984047ee21e06fa50c9284eff0f	3499
mods/heroes.stormmod/enus.stormassets/localizeddata/sounds/vo/samuromonkeyking_pissed02.ogg	3741048ecb0bdb881a59a3949f80cfdf	74231
mods/heroes.stormmod/enus.stormassets/localizeddata/sounds/vo/samuromonkeyking_pissed03.fxe	46611fc89d0d062174d7073a9e8fdc67	4971
mods/heroes.stormmod/enus.stormassets/localizeddata/sounds/vo/samuromonkeyking_pissed03.ogg	6fd080461d69df26ecc1cfa835617eb7	89540
mods/heroes.stormmod/enus.stormassets/localizeddata/sounds/vo/samuromonkeyking_pissed04.fxe	7292805a389a59c2688d3bbbb00217a5	3819
mods/heroes.stormmod/enus.stormassets/localizeddata/sounds/vo/samuromonkeyking_pissed04.ogg	5ca7a21216c6ea64feaa32b857d2a7e3	79774
mods/heroes.stormmod/enus.stormassets/localizeddata/sounds/vo/samuromonkeyking_pissed05.fxe	8313b4340dc0ae1ffe55bdf7123fe5bf	5211
mods/heroes.stormmod/enus.stormassets/localizeddata/sounds/vo/samuromonkeyking_pissed05.ogg	3092b3cbf241e91dd745230786b4be00	122953
mods/heroes.stormmod/enus.stormassets/localizeddata/sounds/vo/samuromonkeyking_pissed06.fxe	9bb8806113cf687c6743b0b758fda096	3867
mods/heroes.stormmod/enus.stormassets/localizeddata/sounds/vo/samuromonkeyking_pissed06.ogg	ccd4f3ce35c0f9747814fa3496a2e0ba	73611
mods/heroes.stormmod/enus.stormassets/localizeddata/sounds/vo/samuromonkeyking_pissed07_alt.fxe	1540e817669635837ef3b79555496ba4	5455
mods/heroes.stormmod/enus.stormassets/localizeddata/sounds/vo/samuromonkeyking_pissed07_alt.ogg	a3f3b3828007a2fdca646363e5961dce	99418
mods/heroes.stormmod/enus.stormassets/localizeddata/sounds/vo/samuromonkeyking_pissed08.fxe	257f296a08bd0c6ae52e4e885eb879b8	5643
mods/heroes.stormmod/enus.stormassets/localizeddata/sounds/vo/samuromonkeyking_pissed08.ogg	a65ad6411768b69a74fb3f0056cd1d9a	108716
mods/heroes.stormmod/enus.stormassets/localizeddata/sounds/vo/samuromonkeyking_pissed09.fxe	5bce8602eab6af79a3ad092555c5a390	5947
mods/heroes.stormmod/enus.stormassets/localizeddata/sounds/vo/samuromonkeyking_pissed09.ogg	f69a4b0c8fe1faea0f41a0506dd5a6b5	122229
mods/heroes.stormmod/enus.stormassets/localizeddata/sounds/vo/samuromonkeyking_pissed10.fxe	d007178acba04549a2413721ad97c852	3611
mods/heroes.stormmod/enus.stormassets/localizeddata/sounds/vo/samuromonkeyking_pissed10.ogg	c996270d22307d95275f8ab0eda3ef91	97147
mods/heroes.stormmod/enus.stormassets/localizeddata/sounds/vo/samuromonkeyking_pissed11.fxe	939ec641c4e794c651a7d69729a397be	4859
mods/heroes.stormmod/enus.stormassets/localizeddata/sounds/vo/samuromonkeyking_pissed11.ogg	32e719ed7f22b7c1280796af55d505ab	89610
mods/heroes.stormmod/enus.stormassets/localizeddata/sounds/vo/samuromonkeyking_pissed12.fxe	73926abe239d079b44ae2e55b5dda2f4	2427
mods/heroes.stormmod/enus.stormassets/localizeddata/sounds/vo/samuromonkeyking_pissed12.ogg	8fa00e186a4aaeb9fa4197a3c95cf25b	42359
mods/heroes.stormmod/enus.stormassets/localizeddata/sounds/vo/samuromonkeyking_pissed13.fxe	e976d49c05b3efe73d9197720713b59f	4587
mods/heroes.stormmod/enus.stormassets/localizeddata/sounds/vo/samuromonkeyking_pissed13.ogg	1670da0929dbf2aa360eb398ad69da6f	78167
mods/heroes.stormmod/enus.stormassets/localizeddata/sounds/vo/samuromonkeyking_pissed14.fxe	b032472f9e32c632380133c5e29b6e9c	3355
mods/heroes.stormmod/enus.stormassets/localizeddata/sounds/vo/samuromonkeyking_pissed14.ogg	1e5762b85731576972f77f50b7378bbf	67751
mods/heroes.stormmod/enus.stormassets/localizeddata/sounds/vo/samuromonkeyking_resurrected00.fxe	3c75e6d4d45be095cf8be788a058bd7c	2405
mods/heroes.stormmod/enus.stormassets/localizeddata/sounds/vo/samuromonkeyking_resurrected00.ogg	3089493ebc82362777bd506689c337fe	35025
mods/heroes.stormmod/enus.stormassets/localizeddata/sounds/vo/samuromonkeyking_resurrected01.fxe	7898a256d2912969539b14facfdb3148	1797
mods/heroes.stormmod/enus.stormassets/localizeddata/sounds/vo/samuromonkeyking_resurrected01.ogg	b133041f90ac5638b3950f14eb267909	22747
mods/heroes.stormmod/enus.stormassets/localizeddata/sounds/vo/samuromonkeyking_revive00.fxe	da0bd5f749156b9d8ed47c0e608a2687	2304
mods/heroes.stormmod/enus.stormassets/localizeddata/sounds/vo/samuromonkeyking_revive00.ogg	2bd03816bbd69117cd963d698596ead6	33743
mods/heroes.stormmod/enus.stormassets/localizeddata/sounds/vo/samuromonkeyking_revive01.fxe	cbbf4b19282887814d835ff79555ca2d	2960
mods/heroes.stormmod/enus.stormassets/localizeddata/sounds/vo/samuromonkeyking_revive01.ogg	e999a85d90e3391fa768dce083cbbdbe	45925
mods/heroes.stormmod/enus.stormassets/localizeddata/sounds/vo/samuromonkeyking_revive02.fxe	f761f1905e46f961444794bbb935c9ec	3440
mods/heroes.stormmod/enus.stormassets/localizeddata/sounds/vo/samuromonkeyking_revive02.ogg	8927ccd162202847c412ce203b778170	42743
mods/heroes.stormmod/enus.stormassets/localizeddata/sounds/vo/samuromonkeyking_spec00.fxe	0d0ae38a097e8f89863ffbb12a607fd7	2686
mods/heroes.stormmod/enus.stormassets/localizeddata/sounds/vo/samuromonkeyking_spec00.ogg	fc86fd20333311c6a43b7814241d0132	39897
mods/heroes.stormmod/enus.stormassets/localizeddata/sounds/vo/samuromonkeyking_spec01.fxe	03b2b01e81c0c0ac8beea9b280385be3	2094
mods/heroes.stormmod/enus.stormassets/localizeddata/sounds/vo/samuromonkeyking_spec01.ogg	d1fc51e331644d7545b338442c7041c4	37091
mods/heroes.stormmod/enus.stormassets/localizeddata/sounds/vo/samuromonkeyking_spec02.fxe	8ede5bfbec5dd40d980a5e5fddadcc96	1198
mods/heroes.stormmod/enus.stormassets/localizeddata/sounds/vo/samuromonkeyking_spec02.ogg	414dce268cec0dbf328da735ef4500b9	28016
mods/heroes.stormmod/enus.stormassets/localizeddata/sounds/vo/samuromonkeyking_spec03.fxe	65a6a0bf1c7ed3afcb49ddb08a100d9d	1566
mods/heroes.stormmod/enus.stormassets/localizeddata/sounds/vo/samuromonkeyking_spec03.ogg	c0858631e644c953f3ae82525e3f284f	20191
mods/heroes.stormmod/enus.stormassets/localizeddata/sounds/vo/samuromonkeyking_spec04.fxe	9849adb1f8067b480ad093b0db621135	1982
mods/heroes.stormmod/enus.stormassets/localizeddata/sounds/vo/samuromonkeyking_spec04.ogg	22dbacf7231a91ac5efe53697159e645	28084
mods/heroes.stormmod/enus.stormassets/localizeddata/sounds/vo/samuromonkeyking_taunt00.fxe	2d847e8dc0d8b1be68b7c4acaf2b0e30	2079
mods/heroes.stormmod/enus.stormassets/localizeddata/sounds/vo/samuromonkeyking_taunt00.ogg	2f0e184aa3004cb7096bc6225905141b	38283
mods/heroes.stormmod/enus.stormassets/localizeddata/sounds/vo/samuromonkeyking_taunt01.fxe	0e292163c74be4627d6ed623a9f117ff	2463
mods/heroes.stormmod/enus.stormassets/localizeddata/sounds/vo/samuromonkeyking_taunt01.ogg	3eeffd011b76dbee72dadd63a450e615	35778
mods/heroes.stormmod/enus.stormassets/localizeddata/sounds/vo/samuromonkeyking_taunt02.fxe	82409a1419accd165c0aae2c395037a3	2463
mods/heroes.stormmod/enus.stormassets/localizeddata/sounds/vo/samuromonkeyking_taunt02.ogg	bdae783bb49b1560afeaff0b0866d87a	34037
mods/heroes.stormmod/enus.stormassets/localizeddata/sounds/vo/samuromonkeyking_teamkilled00.fxe	bbff2daf4a98fcac241da4d1e3c7bc74	3076
mods/heroes.stormmod/enus.stormassets/localizeddata/sounds/vo/samuromonkeyking_teamkilled00.ogg	c7448fd39fe0ccfae119b8e14a175514	39553
mods/heroes.stormmod/enus.stormassets/localizeddata/sounds/vo/samuromonkeyking_ui_exlocked00.fxe	f8625471c6c25ed3d3a5c5a8c0cebe55	1456
mods/heroes.stormmod/enus.stormassets/localizeddata/sounds/vo/samuromonkeyking_ui_exlocked00.ogg	4a23301f5614880f32f2ae55836f9cd4	25009
mods/heroes.stormmod/enus.stormassets/localizeddata/sounds/vo/samuromonkeyking_ui_expurchased00.fxe	337cede6225968cf81cda745cd5a3d91	1443
mods/heroes.stormmod/enus.stormassets/localizeddata/sounds/vo/samuromonkeyking_ui_expurchased00.ogg	f1dd82db6196182a126bff099d3b43a7	22926
mods/heroes.stormmod/enus.stormassets/localizeddata/sounds/vo/samuromonkeyking_ui_gift00.fxe	d64c802e275f4f732b6d419f4585c1a7	1505
mods/heroes.stormmod/enus.stormassets/localizeddata/sounds/vo/samuromonkeyking_ui_gift00.ogg	b4cad1584f0228feea85d2cb7145d311	26106
mods/heroes.stormmod/enus.stormassets/localizeddata/sounds/vo/samuromonkeyking_ui_lockin00.fxe	cb9b461e178c485e5354e58c3346ddb9	1310
mods/heroes.stormmod/enus.stormassets/localizeddata/sounds/vo/samuromonkeyking_ui_lockin00.ogg	436fb98cf6ec66908355367c45b24628	21268
mods/heroes.stormmod/enus.stormassets/localizeddata/sounds/vo/samuromonkeyking_ui_purchase00.fxe	5b6356607ec76db12f1ffea4119886e5	1744
mods/heroes.stormmod/enus.stormassets/localizeddata/sounds/vo/samuromonkeyking_ui_purchase00.ogg	89bc153fdddf298ff7c8f6c046252963	27868
mods/heroes.stormmod/enus.stormassets/localizeddata/sounds/vo/samuromonkeyking_ui_trial00.fxe	f4af9d64065979d3925bf8731959ab8e	3250
mods/heroes.stormmod/enus.stormassets/localizeddata/sounds/vo/samuromonkeyking_ui_trial00.ogg	0163c82dc13abd572cb74bf6cc8f1bb6	52842
mods/heroes.stormmod/enus.stormassets/localizeddata/sounds/vo/samuromonkeyking_ui_trial01.fxe	5ddfe1460c3a564d141b8c80ae28aece	2642
mods/heroes.stormmod/enus.stormassets/localizeddata/sounds/vo/samuromonkeyking_ui_trial01.ogg	e86e9651e61ababf24b27ba9917ccc3e	36323
mods/heroes.stormmod/enus.stormassets/localizeddata/sounds/vo/samuromonkeyking_ui_vox_spun00.fxe	c9a848afd4a2eb6aabf1ae03d32e1be1	2213
mods/heroes.stormmod/enus.stormassets/localizeddata/sounds/vo/samuromonkeyking_ui_vox_spun00.ogg	71db8dc65ebebcadbef4b542a20186a9	25988
mods/heroes.stormmod/enus.stormassets/localizeddata/sounds/vo/samuromonkeyking_ui_vox_spun01.fxe	6010a8460059e2b8222403f011967c11	2245
mods/heroes.stormmod/enus.stormassets/localizeddata/sounds/vo/samuromonkeyking_ui_vox_spun01.ogg	99b5f60a193ddd677128c813d7cb6063	27276
mods/heroes.stormmod/enus.stormassets/localizeddata/sounds/vo/samuromonkeyking_ui_vox_spun02.fxe	e962c7c4ac749fde8434be7a3ed751a8	2341
mods/heroes.stormmod/enus.stormassets/localizeddata/sounds/vo/samuromonkeyking_ui_vox_spun02.ogg	81631680997f7cdfae03c84cd38fd4d4	27861
mods/heroes.stormmod/enus.stormassets/localizeddata/sounds/vo/samuromonkeyking_ui_vox_spun03.fxe	7ac998fff5223961a4a4840fd4e16bc1	2341
mods/heroes.stormmod/enus.stormassets/localizeddata/sounds/vo/samuromonkeyking_ui_vox_spun03.ogg	8f419510680af2f65cca06f5c79eb1dc	28984
mods/heroes.stormmod/enus.stormassets/localizeddata/sounds/vo/samuromonkeyking_ui_vox_spun04.fxe	e751fb178d396fbfeebb7e543ab7c08f	2437
mods/heroes.stormmod/enus.stormassets/localizeddata/sounds/vo/samuromonkeyking_ui_vox_spun04.ogg	8860092eff9eb70747a4cf3123ddd170	35442
mods/heroes.stormmod/enus.stormassets/localizeddata/sounds/vo/samuromonkeyking_ui_vox_spun05.fxe	4c0afc001f58ab2bce7ef64b73ac4230	2277
mods/heroes.stormmod/enus.stormassets/localizeddata/sounds/vo/samuromonkeyking_ui_vox_spun05.ogg	7727c048e39f0b253b02bd379d231451	31293
mods/heroes.stormmod/enus.stormassets/localizeddata/sounds/vo/samuromonkeyking_ui_vox_spun06.fxe	dc6742e0d33c0681c594e0addc59d6bd	2533
mods/heroes.stormmod/enus.stormassets/localizeddata/sounds/vo/samuromonkeyking_ui_vox_spun06.ogg	85fa950ba14e19865d5f11b035748e74	41752
mods/heroes.stormmod/enus.stormassets/localizeddata/sounds/vo/samuromonkeyking_ui_vox_spun07.fxe	ab29f17987d5f0e4a80fb858f08c3b9a	2469
mods/heroes.stormmod/enus.stormassets/localizeddata/sounds/vo/samuromonkeyking_ui_vox_spun07.ogg	fb1a4b1349f2cac2313a4e2cabd9a6c1	37819
mods/heroes.stormmod/enus.stormassets/localizeddata/sounds/vo/samuromonkeyking_ui_vox_spun08.fxe	a112a41db90e92b6ffe8461aa20c2bc6	2597
mods/heroes.stormmod/enus.stormassets/localizeddata/sounds/vo/samuromonkeyking_ui_vox_spun08.ogg	c4fcdae59cd7bbb77c2a124d8a0337dd	44260
mods/heroes.stormmod/enus.stormassets/localizeddata/sounds/vo/samuromonkeyking_ui_vox_spun09.fxe	17133a3703333698c417c35e611f2386	2789
mods/heroes.stormmod/enus.stormassets/localizeddata/sounds/vo/samuromonkeyking_ui_vox_spun09.ogg	b11777ae9f24801af6061965fcd7e47b	49554
mods/heroes.stormmod/enus.stormassets/localizeddata/sounds/vo/samuromonkeyking_ui_waitlocked00.fxe	ac15cb4d8cfec51bbbf288417008ac2c	2386
mods/heroes.stormmod/enus.stormassets/localizeddata/sounds/vo/samuromonkeyking_ui_waitlocked00.ogg	4e879035af1437fe407bda555cae5b46	46655
mods/heroes.stormmod/enus.stormassets/localizeddata/sounds/vo/samuromonkeyking_ui_waitlocked01.fxe	8e7fd87a86bb061b686be2a8171ecdbc	2754
mods/heroes.stormmod/enus.stormassets/localizeddata/sounds/vo/samuromonkeyking_ui_waitlocked01.ogg	859edaac09ab2dfd8bba6cb34ba1eb0e	39826
mods/heroes.stormmod/enus.stormassets/localizeddata/sounds/vo/samuromonkeyking_ui_waitpurchased00.fxe	1741d4fe4438f8e94473095fd162a92f	2581
mods/heroes.stormmod/enus.stormassets/localizeddata/sounds/vo/samuromonkeyking_ui_waitpurchased00.ogg	6ac1da1133461392edeb5ab43c84b32c	63151
mods/heroes.stormmod/enus.stormassets/localizeddata/sounds/vo/samuromonkeyking_ui_waitpurchased01.fxe	6ba78bfa7df55d8b187192973e0b1bee	2613
mods/heroes.stormmod/enus.stormassets/localizeddata/sounds/vo/samuromonkeyking_ui_waitpurchased01.ogg	ab2a6ba328ea37d15ae09f60f1b3719d	40936
mods/heroes.stormmod/enus.stormassets/localizeddata/sounds/vo/samuromonkeyking_ultimate1used00.fxe	3f042b813e6d67872ac4a83b1f897578	1495
mods/heroes.stormmod/enus.stormassets/localizeddata/sounds/vo/samuromonkeyking_ultimate1used00.ogg	86ef5a07edd4711d28885ad0f0d1be98	39488
mods/heroes.stormmod/enus.stormassets/localizeddata/sounds/vo/samuromonkeyking_ultimate1used01.fxe	56579e8e7f81abcb40b5fd0737616e24	1479
mods/heroes.stormmod/enus.stormassets/localizeddata/sounds/vo/samuromonkeyking_ultimate1used01.ogg	9ad51c54dd1a4a89a359352ed5a6d3b1	30858
mods/heroes.stormmod/enus.stormassets/localizeddata/sounds/vo/samuromonkeyking_ultimate1used02.fxe	8661903e1153f1d6fa28f57741a2eb51	1623
mods/heroes.stormmod/enus.stormassets/localizeddata/sounds/vo/samuromonkeyking_ultimate1used02.ogg	2aeb77df6458386440a5d291060ac56d	33317
mods/heroes.stormmod/enus.stormassets/localizeddata/sounds/vo/samuromonkeyking_voicelinefive00.ogg	208cbc4d5bdaf2cd0091e9f84be7f3da	32413
mods/heroes.stormmod/enus.stormassets/localizeddata/sounds/vo/samuromonkeyking_voicelinefour00.ogg	dc7ed28cd513ff598de022a6cd295a96	31113
mods/heroes.stormmod/enus.stormassets/localizeddata/sounds/vo/samuromonkeyking_voicelineone00.ogg	13bdbc1b05b07158a5a290c72a003c35	31497
mods/heroes.stormmod/enus.stormassets/localizeddata/sounds/vo/samuromonkeyking_voicelinethree00.ogg	ea8a2cfabfd004c8aae5e7ce26b569c4	45649
mods/heroes.stormmod/enus.stormassets/localizeddata/sounds/vo/samuromonkeyking_voicelinetwo00.ogg	d86aeb79d8e1fe97701d89e96075c908	41283
mods/heroes.stormmod/enus.stormassets/localizeddata/sounds/vo/samuromonkeyking_vox_attack00.fxe	e98d38e2f94c1624a0f80d29b74bfbe6	660
mods/heroes.stormmod/enus.stormassets/localizeddata/sounds/vo/samuromonkeyking_vox_attack00.ogg	6c32a2e263a8e5be2af32f803e3c5cc6	7843
mods/heroes.stormmod/enus.stormassets/localizeddata/sounds/vo/samuromonkeyking_vox_attack01.fxe	950cb81c58b974dd25783cccdf53bd4a	660
mods/heroes.stormmod/enus.stormassets/localizeddata/sounds/vo/samuromonkeyking_vox_attack01.ogg	7708488b26092adf5b8f0601961e1b95	7359
mods/heroes.stormmod/enus.stormassets/localizeddata/sounds/vo/samuromonkeyking_vox_attack02.fxe	fe27d7ad256c794b3d01b8cfe544a288	1428
mods/heroes.stormmod/enus.stormassets/localizeddata/sounds/vo/samuromonkeyking_vox_attack02.ogg	4c9103af21513e2425f1dab0e7ad2ed5	8009
mods/heroes.stormmod/enus.stormassets/localizeddata/sounds/vo/samuromonkeyking_vox_attack03.fxe	020f91b46dd2dc927c3f3396784b3759	660
mods/heroes.stormmod/enus.stormassets/localizeddata/sounds/vo/samuromonkeyking_vox_attack03.ogg	4580b6845876feca32fc54047d5bc44d	7650
mods/heroes.stormmod/enus.stormassets/localizeddata/sounds/vo/samuromonkeyking_vox_attack04.fxe	a3d609faacb4da5aa575553547dc6dfc	1508
mods/heroes.stormmod/enus.stormassets/localizeddata/sounds/vo/samuromonkeyking_vox_attack04.ogg	0bf10f56dc0f67f514a6f99c07acfb8a	12352
mods/heroes.stormmod/enus.stormassets/localizeddata/sounds/vo/samuromonkeyking_vox_attack05.fxe	c76e4daafe1290d44641edfe41bee561	660
mods/heroes.stormmod/enus.stormassets/localizeddata/sounds/vo/samuromonkeyking_vox_attack05.ogg	dc85b0e493f3586e9a373d0ea340f4da	7768
mods/heroes.stormmod/enus.stormassets/localizeddata/sounds/vo/samuromonkeyking_vox_attack06.fxe	f68730ffa1ca08a76aba2079ec87dadc	660
mods/heroes.stormmod/enus.stormassets/localizeddata/sounds/vo/samuromonkeyking_vox_attack06.ogg	702b7e5e8e483151e8207153325f129f	7000
mods/heroes.stormmod/enus.stormassets/localizeddata/sounds/vo/samuromonkeyking_vox_attack07.fxe	7dbcadb497590c658d90b5c12a93bbff	660
mods/heroes.stormmod/enus.stormassets/localizeddata/sounds/vo/samuromonkeyking_vox_attack07.ogg	475543a0f29ba9eb028bfe499ba1d502	7872
mods/heroes.stormmod/enus.stormassets/localizeddata/sounds/vo/samuromonkeyking_vox_attack08.fxe	0202b52af2868fddc83cebfa67ad8df6	1412
mods/heroes.stormmod/enus.stormassets/localizeddata/sounds/vo/samuromonkeyking_vox_attack08.ogg	e3c039061543a66f1d01fc0a74096c86	9074
mods/heroes.stormmod/enus.stormassets/localizeddata/sounds/vo/samuromonkeyking_vox_attack09.fxe	f5b1b5b0fdac71d41c853c495c3e7c67	1412
mods/heroes.stormmod/enus.stormassets/localizeddata/sounds/vo/samuromonkeyking_vox_attack09.ogg	1d4b57d62aa51cd3e9e669e5162b14ef	8184
mods/heroes.stormmod/enus.stormassets/localizeddata/sounds/vo/samuromonkeyking_vox_attack10.fxe	ed2e681a96ce897469f456566675cd23	1524
mods/heroes.stormmod/enus.stormassets/localizeddata/sounds/vo/samuromonkeyking_vox_attack10.ogg	e01e015e187670c30d5f7877283541f1	8533
mods/heroes.stormmod/enus.stormassets/localizeddata/sounds/vo/samuromonkeyking_vox_attack11.fxe	be2195f27bc6a7f12cad8bc47fe8bfe4	1396
mods/heroes.stormmod/enus.stormassets/localizeddata/sounds/vo/samuromonkeyking_vox_attack11.ogg	2d3f09a42901ce58d68db597622d812c	8007
mods/heroes.stormmod/enus.stormassets/localizeddata/sounds/vo/samuromonkeyking_vox_attack12.fxe	620f6df78c09904df2014f8ea0217d17	1428
mods/heroes.stormmod/enus.stormassets/localizeddata/sounds/vo/samuromonkeyking_vox_attack12.ogg	970890ecde5a5e099203368a9db62274	8085
mods/heroes.stormmod/enus.stormassets/localizeddata/sounds/vo/samuromonkeyking_vox_attack13.fxe	4821935493b5e1696aafc3cc97775031	660
mods/heroes.stormmod/enus.stormassets/localizeddata/sounds/vo/samuromonkeyking_vox_attack13.ogg	c24585728cb52bd31b0169be78e0cde9	7787
mods/heroes.stormmod/enus.stormassets/localizeddata/sounds/vo/samuromonkeyking_vox_attack14.fxe	3236aff06ed9f93131a5072d98083e4a	660
mods/heroes.stormmod/enus.stormassets/localizeddata/sounds/vo/samuromonkeyking_vox_attack14.ogg	6ee4293eb72c87ab49830e81fe5ee34b	7744
mods/heroes.stormmod/enus.stormassets/localizeddata/sounds/vo/samuromonkeyking_vox_attack15.fxe	72e68bea2e2fcaf53577994b529c78ce	1652
mods/heroes.stormmod/enus.stormassets/localizeddata/sounds/vo/samuromonkeyking_vox_attack15.ogg	7a528368f1038c6a0afa61f0c6832ef1	11805
mods/heroes.stormmod/enus.stormassets/localizeddata/sounds/vo/samuromonkeyking_vox_attack16.fxe	464572eb3895a05c4b9030225893e135	660
mods/heroes.stormmod/enus.stormassets/localizeddata/sounds/vo/samuromonkeyking_vox_attack16.ogg	16f907a1ba41dbd5d89aab7198c62f5e	7257
mods/heroes.stormmod/enus.stormassets/localizeddata/sounds/vo/samuromonkeyking_vox_castinge00.fxe	273cd6ab1495abf172c4c4eb622f58ac	1382
mods/heroes.stormmod/enus.stormassets/localizeddata/sounds/vo/samuromonkeyking_vox_castinge00.ogg	1fa6da97a1714a2c11f2b2af8972fd8f	10230
mods/heroes.stormmod/enus.stormassets/localizeddata/sounds/vo/samuromonkeyking_vox_castinge01.fxe	cb03b73a480f55a5d84ea19363cd25d5	1366
mods/heroes.stormmod/enus.stormassets/localizeddata/sounds/vo/samuromonkeyking_vox_castinge01.ogg	eb36649c20a92ff4c9034acf5062aa1a	13467
mods/heroes.stormmod/enus.stormassets/localizeddata/sounds/vo/samuromonkeyking_vox_castinge02.fxe	474503145aaafa4bc278fcf60bd4aa30	1446
mods/heroes.stormmod/enus.stormassets/localizeddata/sounds/vo/samuromonkeyking_vox_castinge02.ogg	eadda5b44cf933473828cfe4a45f157d	9715
mods/heroes.stormmod/enus.stormassets/localizeddata/sounds/vo/samuromonkeyking_vox_castinge03.fxe	2016239e7e6249d30bdeda183d3cf018	1222
mods/heroes.stormmod/enus.stormassets/localizeddata/sounds/vo/samuromonkeyking_vox_castinge03.ogg	ce6c906e69392504b3f683972dbde9e8	16322
mods/heroes.stormmod/enus.stormassets/localizeddata/sounds/vo/samuromonkeyking_vox_castinge04.fxe	103f2e53193b5426447dc95c20de17b6	2054
mods/heroes.stormmod/enus.stormassets/localizeddata/sounds/vo/samuromonkeyking_vox_castinge04.ogg	a05d02b30cc2c5dca792d79f59c647de	17437
mods/heroes.stormmod/enus.stormassets/localizeddata/sounds/vo/samuromonkeyking_vox_castinge05.fxe	7da11db71de575a1f6d4651f000ef71a	1222
mods/heroes.stormmod/enus.stormassets/localizeddata/sounds/vo/samuromonkeyking_vox_castinge05.ogg	2f0b605da3351bfd18f2debb448588c7	13033
mods/heroes.stormmod/enus.stormassets/localizeddata/sounds/vo/samuromonkeyking_vox_castinge06.fxe	d9de95754b0107c0b18156166857426c	1718
mods/heroes.stormmod/enus.stormassets/localizeddata/sounds/vo/samuromonkeyking_vox_castinge06.ogg	00838ef2f95e32955cace44b671408cd	14238
mods/heroes.stormmod/enus.stormassets/localizeddata/sounds/vo/samuromonkeyking_vox_castinge07.fxe	2e4123677e557179852c96db2c94b28a	1078
mods/heroes.stormmod/enus.stormassets/localizeddata/sounds/vo/samuromonkeyking_vox_castinge07.ogg	675c3e6bc24411e0ff41306ddfb9758d	12605
mods/heroes.stormmod/enus.stormassets/localizeddata/sounds/vo/samuromonkeyking_vox_castinge08.fxe	f9e99f166e8b817714e970d045da3d8a	998
mods/heroes.stormmod/enus.stormassets/localizeddata/sounds/vo/samuromonkeyking_vox_castinge08.ogg	9872a983ce3b7e04f5a44cca0de41406	11564
mods/heroes.stormmod/enus.stormassets/localizeddata/sounds/vo/samuromonkeyking_vox_castinge09.fxe	67af3a80673d7957e6b44109a69d7bd1	1014
mods/heroes.stormmod/enus.stormassets/localizeddata/sounds/vo/samuromonkeyking_vox_castinge09.ogg	0c42c8ae2e40f9b9ca1984742f0c4674	10252
mods/heroes.stormmod/enus.stormassets/localizeddata/sounds/vo/samuromonkeyking_vox_castinge10.fxe	838418b44cf40772352248a59417de01	1222
mods/heroes.stormmod/enus.stormassets/localizeddata/sounds/vo/samuromonkeyking_vox_castinge10.ogg	2cbeb3562d937fb3c2898d441d48f992	12151
mods/heroes.stormmod/enus.stormassets/localizeddata/sounds/vo/samuromonkeyking_vox_castinge11.fxe	55bb984e1b31d668bddc3bd799950dda	1206
mods/heroes.stormmod/enus.stormassets/localizeddata/sounds/vo/samuromonkeyking_vox_castinge11.ogg	3a736521570798b3e2aad98a235a89d0	14137
mods/heroes.stormmod/enus.stormassets/localizeddata/sounds/vo/samuromonkeyking_vox_castinge12.fxe	d385fedc91d2550fb920f0d83fdbf1c7	1270
mods/heroes.stormmod/enus.stormassets/localizeddata/sounds/vo/samuromonkeyking_vox_castinge12.ogg	a43b04b634df71913d36972c0fa5da09	13513
mods/heroes.stormmod/enus.stormassets/localizeddata/sounds/vo/samuromonkeyking_vox_castinge13.fxe	e1fce75eb691004856104781eafe7223	1302
mods/heroes.stormmod/enus.stormassets/localizeddata/sounds/vo/samuromonkeyking_vox_castinge13.ogg	8eb2bf6d00919d3a896e767f2fb0b0a5	13266
mods/heroes.stormmod/enus.stormassets/localizeddata/sounds/vo/samuromonkeyking_vox_castinge14.fxe	7dfaee0969f57b13db860961732e398e	1302
mods/heroes.stormmod/enus.stormassets/localizeddata/sounds/vo/samuromonkeyking_vox_castinge14.ogg	63d574ac54a864e88344131fb10bc287	13057
mods/heroes.stormmod/enus.stormassets/localizeddata/sounds/vo/samuromonkeyking_vox_castingq00.fxe	3d434fe8de0cf3f61ff28b1016070692	1622
mods/heroes.stormmod/enus.stormassets/localizeddata/sounds/vo/samuromonkeyking_vox_castingq00.ogg	6ef7674eb1152928db0fc7fd030b63dc	15507
mods/heroes.stormmod/enus.stormassets/localizeddata/sounds/vo/samuromonkeyking_vox_castingq01.fxe	2e39ce5e42e16bb06a332029b62002b9	1686
mods/heroes.stormmod/enus.stormassets/localizeddata/sounds/vo/samuromonkeyking_vox_castingq01.ogg	ca0b9b3f914f04efae1e8f4d05a52d50	14854
mods/heroes.stormmod/enus.stormassets/localizeddata/sounds/vo/samuromonkeyking_vox_castingq02.fxe	f2c306eee80580a6329d38d97909035e	1622
mods/heroes.stormmod/enus.stormassets/localizeddata/sounds/vo/samuromonkeyking_vox_castingq02.ogg	dd6c16b4413a60fa50a17c9fbbbec38b	15562
mods/heroes.stormmod/enus.stormassets/localizeddata/sounds/vo/samuromonkeyking_vox_castingq03.fxe	b66ec1f47f188a78b1c6b4f670524779	1542
mods/heroes.stormmod/enus.stormassets/localizeddata/sounds/vo/samuromonkeyking_vox_castingq03.ogg	8f0c858b51967c202160dc15666cf359	17584
mods/heroes.stormmod/enus.stormassets/localizeddata/sounds/vo/samuromonkeyking_vox_castingq04.fxe	2907d1503aa44e121589523bd0c73b57	1638
mods/heroes.stormmod/enus.stormassets/localizeddata/sounds/vo/samuromonkeyking_vox_castingq04.ogg	5dd20ed307043427626e19bbc6895bba	14971
mods/heroes.stormmod/enus.stormassets/localizeddata/sounds/vo/samuromonkeyking_vox_castingq05.fxe	bcc6ad51ea547df961ac2b117879e7d4	1702
mods/heroes.stormmod/enus.stormassets/localizeddata/sounds/vo/samuromonkeyking_vox_castingq05.ogg	5bcd849d96331efe592ad73b50170d6e	17453
mods/heroes.stormmod/enus.stormassets/localizeddata/sounds/vo/samuromonkeyking_vox_castingq06.fxe	a7eba83de5ae25cddf4e23016cf58818	1542
mods/heroes.stormmod/enus.stormassets/localizeddata/sounds/vo/samuromonkeyking_vox_castingq06.ogg	63c4a6770b28a85e54d80345a9fac1ee	16827
mods/heroes.stormmod/enus.stormassets/localizeddata/sounds/vo/samuromonkeyking_vox_castingq07.fxe	abb750936aeaf8810245c86a17d00ca1	1558
mods/heroes.stormmod/enus.stormassets/localizeddata/sounds/vo/samuromonkeyking_vox_castingq07.ogg	5e1f2e51703543a04068aef7adc790bb	12091
mods/heroes.stormmod/enus.stormassets/localizeddata/sounds/vo/samuromonkeyking_vox_castingq08.fxe	2232a1a504afb097d78ee4ad93b0e361	1638
mods/heroes.stormmod/enus.stormassets/localizeddata/sounds/vo/samuromonkeyking_vox_castingq08.ogg	3c43a5feb71172ca842c06b78c7e307f	14913
mods/heroes.stormmod/enus.stormassets/localizeddata/sounds/vo/samuromonkeyking_vox_castingq09.fxe	d3c3ccacb811458e3066ba7c6de7f51e	1734
mods/heroes.stormmod/enus.stormassets/localizeddata/sounds/vo/samuromonkeyking_vox_castingq09.ogg	393594ff2880637a0cf53c223d704d6a	17094
mods/heroes.stormmod/enus.stormassets/localizeddata/sounds/vo/samuromonkeyking_vox_castingq10.fxe	579b2c10930ff8047b9577336a8ee7f6	1766
mods/heroes.stormmod/enus.stormassets/localizeddata/sounds/vo/samuromonkeyking_vox_castingq10.ogg	9c88df92fd1f8ab5abffda6e44b9ce2d	16125
mods/heroes.stormmod/enus.stormassets/localizeddata/sounds/vo/samuromonkeyking_vox_castingq11.fxe	2554372d342202f181c3bc3e9c1523b2	1686
mods/heroes.stormmod/enus.stormassets/localizeddata/sounds/vo/samuromonkeyking_vox_castingq11.ogg	c19a2c51b8867f21cefd26c91f8cd740	14604
mods/heroes.stormmod/enus.stormassets/localizeddata/sounds/vo/samuromonkeyking_vox_castingq12.fxe	d4998ccf79c63ebad42d15757338d984	1654
mods/heroes.stormmod/enus.stormassets/localizeddata/sounds/vo/samuromonkeyking_vox_castingq12.ogg	3323fd9328e7aa201ef35a4a2907989b	19861
mods/heroes.stormmod/enus.stormassets/localizeddata/sounds/vo/samuromonkeyking_vox_castingq13.fxe	26b84b9550b2891d55241fc4464390d9	1526
mods/heroes.stormmod/enus.stormassets/localizeddata/sounds/vo/samuromonkeyking_vox_castingq13.ogg	50ae44061b4319b1525fa9041ba98548	9953
mods/heroes.stormmod/enus.stormassets/localizeddata/sounds/vo/samuromonkeyking_vox_castingw00.fxe	d2d81097fca096e35721b38a7ce93da5	1670
mods/heroes.stormmod/enus.stormassets/localizeddata/sounds/vo/samuromonkeyking_vox_castingw00.ogg	c951a96624f43c2b3769ceaa620d1e1d	20080
mods/heroes.stormmod/enus.stormassets/localizeddata/sounds/vo/samuromonkeyking_vox_castingw01.fxe	2bc938237fe04f69c544d272fb5e6510	1414
mods/heroes.stormmod/enus.stormassets/localizeddata/sounds/vo/samuromonkeyking_vox_castingw01.ogg	998b3130c755186c3b0b4dc812e1555f	23588
mods/heroes.stormmod/enus.stormassets/localizeddata/sounds/vo/samuromonkeyking_vox_castingw02.fxe	15f2964268b3577ecfc215a7a0c13f04	1334
mods/heroes.stormmod/enus.stormassets/localizeddata/sounds/vo/samuromonkeyking_vox_castingw02.ogg	4d988ba15d79e65b0be4ae9bec3f67f8	17051
mods/heroes.stormmod/enus.stormassets/localizeddata/sounds/vo/samuromonkeyking_vox_castingw03.fxe	cfb4e7121600505b4fe1f890aa422e1d	1382
mods/heroes.stormmod/enus.stormassets/localizeddata/sounds/vo/samuromonkeyking_vox_castingw03.ogg	d19d3e677d7521ef556e83d057158143	14920
mods/heroes.stormmod/enus.stormassets/localizeddata/sounds/vo/samuromonkeyking_vox_castingw04.fxe	3b918b3067a468269bb2bda397bb1bbd	1398
mods/heroes.stormmod/enus.stormassets/localizeddata/sounds/vo/samuromonkeyking_vox_castingw04.ogg	88611c554ffc5d60351c3a332d1e94de	15844
mods/heroes.stormmod/enus.stormassets/localizeddata/sounds/vo/samuromonkeyking_vox_castingw05.fxe	1d6bed1b55c45ed3a56b7992044087dc	1398
mods/heroes.stormmod/enus.stormassets/localizeddata/sounds/vo/samuromonkeyking_vox_castingw05.ogg	2530cb9d16822125703c337ca9eaf0d4	16670
mods/heroes.stormmod/enus.stormassets/localizeddata/sounds/vo/samuromonkeyking_vox_castingw06.fxe	21ae0568e711b4f653555851ca45a43d	1142
mods/heroes.stormmod/enus.stormassets/localizeddata/sounds/vo/samuromonkeyking_vox_castingw06.ogg	8442ab8dd614c8fe0a7232083ce116b5	13608
mods/heroes.stormmod/enus.stormassets/localizeddata/sounds/vo/samuromonkeyking_vox_castingw07.fxe	ffe5d7562eeae188a2beb1f54aa5e162	1542
mods/heroes.stormmod/enus.stormassets/localizeddata/sounds/vo/samuromonkeyking_vox_castingw07.ogg	da850d0a26082e6b867a6ecf2e29a9d2	16926
mods/heroes.stormmod/enus.stormassets/localizeddata/sounds/vo/samuromonkeyking_vox_castingw08.fxe	217ef60128d194ed757abf022ca984a3	1574
mods/heroes.stormmod/enus.stormassets/localizeddata/sounds/vo/samuromonkeyking_vox_castingw08.ogg	5505c43c0db87864d279693d0e70e901	15809
mods/heroes.stormmod/enus.stormassets/localizeddata/sounds/vo/samuromonkeyking_vox_castingw09.fxe	bd459e9086372bd2a3d06edf08c558e1	1606
mods/heroes.stormmod/enus.stormassets/localizeddata/sounds/vo/samuromonkeyking_vox_castingw09.ogg	f9cfef618eed636ba47f14212a16fcce	14689
mods/heroes.stormmod/enus.stormassets/localizeddata/sounds/vo/samuromonkeyking_vox_castingw10.fxe	d53b72a52157fabe052d24262cd9ec6c	1606
mods/heroes.stormmod/enus.stormassets/localizeddata/sounds/vo/samuromonkeyking_vox_castingw10.ogg	d619a0748c0052c7d4e7bbb3477594eb	12282
mods/heroes.stormmod/enus.stormassets/localizeddata/sounds/vo/samuromonkeyking_vox_castingw11.fxe	0bc972c318187c61641a28c958ae1803	1702
mods/heroes.stormmod/enus.stormassets/localizeddata/sounds/vo/samuromonkeyking_vox_castingw11.ogg	8d3d7d60c68b8c0a80bd466b85413d9c	11503
mods/heroes.stormmod/enus.stormassets/localizeddata/sounds/vo/samuromonkeyking_vox_castingw12.fxe	ec0c6eb7924e7e1b3849708a15eaf9be	1366
mods/heroes.stormmod/enus.stormassets/localizeddata/sounds/vo/samuromonkeyking_vox_castingw12.ogg	2a58a2563e589bb022500b083c0575a9	10309
mods/heroes.stormmod/enus.stormassets/localizeddata/sounds/vo/samuromonkeyking_vox_castingw13.fxe	6f9b5b6c2d1f45abac57330b40b5769c	1254
mods/heroes.stormmod/enus.stormassets/localizeddata/sounds/vo/samuromonkeyking_vox_castingw13.ogg	5b0003ccac6c2a5360b36ecdea82fecb	11493
mods/heroes.stormmod/enus.stormassets/localizeddata/sounds/vo/samuromonkeyking_vox_castingw14.fxe	aa3fdd7f749f67b9255b61c1617673d1	1526
mods/heroes.stormmod/enus.stormassets/localizeddata/sounds/vo/samuromonkeyking_vox_castingw14.ogg	420030c5d33493d39f26b192117f8abf	15797
mods/heroes.stormmod/enus.stormassets/localizeddata/sounds/vo/samuromonkeyking_vox_castingw15.fxe	77a2eef778ac5e48b6619fb10661e25e	1382
mods/heroes.stormmod/enus.stormassets/localizeddata/sounds/vo/samuromonkeyking_vox_castingw15.ogg	f4c30f6e602083f1bd8772929405c0f4	15099
mods/heroes.stormmod/enus.stormassets/localizeddata/sounds/vo/samuromonkeyking_vox_castingw16.fxe	9f8ca1fd5f28fe7dedfa19003cc0c1f7	2166
mods/heroes.stormmod/enus.stormassets/localizeddata/sounds/vo/samuromonkeyking_vox_castingw16.ogg	f1293d13ca8a0f2679a4052fac4d862a	17103
mods/heroes.stormmod/enus.stormassets/localizeddata/sounds/vo/samuromonkeyking_vox_castingw17.fxe	cb074928bbb8c93e07d48b08ad3b9812	1366
mods/heroes.stormmod/enus.stormassets/localizeddata/sounds/vo/samuromonkeyking_vox_castingw17.ogg	aed3d978b2c7db4cf8548d8d56ac3703	16156
mods/heroes.stormmod/enus.stormassets/localizeddata/sounds/vo/samuromonkeyking_vox_castingw18.fxe	ac897c46889bac54c7fdb4250f14d514	1254
mods/heroes.stormmod/enus.stormassets/localizeddata/sounds/vo/samuromonkeyking_vox_castingw18.ogg	ebbf89c6b6c44564431b642262610b3a	16988
mods/heroes.stormmod/enus.stormassets/localizeddata/sounds/vo/samuromonkeyking_vox_castingw19.fxe	7d0cdb69f4a89dfc3fcc1c52e1d577ed	1238
mods/heroes.stormmod/enus.stormassets/localizeddata/sounds/vo/samuromonkeyking_vox_castingw19.ogg	44acf20e68bd57f5d3dfb3534cc94763	17964
mods/heroes.stormmod/enus.stormassets/localizeddata/sounds/vo/samuromonkeyking_vox_castingw20.fxe	b3445e634990572920bda540812352f8	1670
mods/heroes.stormmod/enus.stormassets/localizeddata/sounds/vo/samuromonkeyking_vox_castingw20.ogg	6fa641e3369a1f1115ad7c2f8630c508	19081
mods/heroes.stormmod/enus.stormassets/localizeddata/sounds/vo/samuromonkeyking_vox_cheer00.fxe	c08be84ce0b9f44a66ce7f2c5d9a0402	1299
mods/heroes.stormmod/enus.stormassets/localizeddata/sounds/vo/samuromonkeyking_vox_cheer00.ogg	5e8caeea388757fc3c03dd891ad78d4d	19666
mods/heroes.stormmod/enus.stormassets/localizeddata/sounds/vo/samuromonkeyking_vox_cheer01.fxe	980b9bae927b4ef5a10d6aaf80a3fb41	1379
mods/heroes.stormmod/enus.stormassets/localizeddata/sounds/vo/samuromonkeyking_vox_cheer01.ogg	0a515e77d48a2daa11c220a7cf7769a0	20309
mods/heroes.stormmod/enus.stormassets/localizeddata/sounds/vo/samuromonkeyking_vox_cheer02.fxe	26af5cc25104fbc7aef38496f257224d	1331
mods/heroes.stormmod/enus.stormassets/localizeddata/sounds/vo/samuromonkeyking_vox_cheer02.ogg	f54cbc7f257090f91572dbcc8619630c	22119
mods/heroes.stormmod/enus.stormassets/localizeddata/sounds/vo/samuromonkeyking_vox_cheer03.fxe	f6c636f56e7959365e670c932a5cc9d8	1411
mods/heroes.stormmod/enus.stormassets/localizeddata/sounds/vo/samuromonkeyking_vox_cheer03.ogg	d93df67ac153fc312f343bfbb02f3651	25554
mods/heroes.stormmod/enus.stormassets/localizeddata/sounds/vo/samuromonkeyking_vox_cheer04.fxe	60b84dc77e9395aaf25701dba43e0eb9	1331
mods/heroes.stormmod/enus.stormassets/localizeddata/sounds/vo/samuromonkeyking_vox_cheer04.ogg	5647036a36d979ec46984ffd55ccdc5b	22862
mods/heroes.stormmod/enus.stormassets/localizeddata/sounds/vo/samuromonkeyking_vox_cheer05.fxe	7a687d22b16d6fa80390ef48205d70ae	1443
mods/heroes.stormmod/enus.stormassets/localizeddata/sounds/vo/samuromonkeyking_vox_cheer05.ogg	ae09e159b12db54c3046141be96616e4	14012
mods/heroes.stormmod/enus.stormassets/localizeddata/sounds/vo/samuromonkeyking_vox_cheer06.fxe	656217910fe928c6db1def2f84d7c5d4	1491
mods/heroes.stormmod/enus.stormassets/localizeddata/sounds/vo/samuromonkeyking_vox_cheer06.ogg	59154db66df07b86f7b4a36e991fda07	14410
mods/heroes.stormmod/enus.stormassets/localizeddata/sounds/vo/samuromonkeyking_vox_cheer07.fxe	a4f0b54eba5c775755aacde88244c993	1411
mods/heroes.stormmod/enus.stormassets/localizeddata/sounds/vo/samuromonkeyking_vox_cheer07.ogg	759ddeba56c2a58098137108629128a1	11384
mods/heroes.stormmod/enus.stormassets/localizeddata/sounds/vo/samuromonkeyking_vox_cheer08.fxe	99ee234c95c0813d9457a842d262c611	1315
mods/heroes.stormmod/enus.stormassets/localizeddata/sounds/vo/samuromonkeyking_vox_cheer08.ogg	043836f6d31bf2a43f706c898a3db190	16862
mods/heroes.stormmod/enus.stormassets/localizeddata/sounds/vo/samuromonkeyking_vox_cheer09.fxe	6bcb99521a9a3c7eee5f059016f8f1c5	1379
mods/heroes.stormmod/enus.stormassets/localizeddata/sounds/vo/samuromonkeyking_vox_cheer09.ogg	1c685873affa656405adf36492512873	19862
mods/heroes.stormmod/enus.stormassets/localizeddata/sounds/vo/samuromonkeyking_vox_gethitlarge00.fxe	ca1cc27a5e3ab4b58f7dabe045f6196c	1545
mods/heroes.stormmod/enus.stormassets/localizeddata/sounds/vo/samuromonkeyking_vox_gethitlarge00.ogg	3a319fef8f4e2c046b236d864f25bf49	10956
mods/heroes.stormmod/enus.stormassets/localizeddata/sounds/vo/samuromonkeyking_vox_gethitlarge01.fxe	e557fe4f9acf3c19854be8c80ab3c0c7	1513
mods/heroes.stormmod/enus.stormassets/localizeddata/sounds/vo/samuromonkeyking_vox_gethitlarge01.ogg	5a8fc2eb544ecc5f7a40189f9e60bc83	11192
mods/heroes.stormmod/enus.stormassets/localizeddata/sounds/vo/samuromonkeyking_vox_gethitlarge02.fxe	13f3b0fd0b67e547cbb46ae93ab87c6e	1609
mods/heroes.stormmod/enus.stormassets/localizeddata/sounds/vo/samuromonkeyking_vox_gethitlarge02.ogg	cda91e454948ec4fe068cf962f465038	10799
mods/heroes.stormmod/enus.stormassets/localizeddata/sounds/vo/samuromonkeyking_vox_gethitlarge03.fxe	88ca6ac10d7587b45a2f9a25cf5e9f85	1545
mods/heroes.stormmod/enus.stormassets/localizeddata/sounds/vo/samuromonkeyking_vox_gethitlarge03.ogg	fd165f811dc59ee96d1e5e1870e70d18	10931
mods/heroes.stormmod/enus.stormassets/localizeddata/sounds/vo/samuromonkeyking_vox_gethitlarge04.fxe	6c23fb8dfc9bf119661c06929681c9e6	1561
mods/heroes.stormmod/enus.stormassets/localizeddata/sounds/vo/samuromonkeyking_vox_gethitlarge04.ogg	5b1cc59298345b28ff0742906fda5940	10046
mods/heroes.stormmod/enus.stormassets/localizeddata/sounds/vo/samuromonkeyking_vox_gethitlarge05.fxe	8811cb535b26a13eb00833d19144d374	1609
mods/heroes.stormmod/enus.stormassets/localizeddata/sounds/vo/samuromonkeyking_vox_gethitlarge05.ogg	6ee6c24d7181e66556e590b6b258dea1	12147
mods/heroes.stormmod/enus.stormassets/localizeddata/sounds/vo/samuromonkeyking_vox_gethitlarge06.fxe	9d710f713c804fd4af7196cbe59a2eb9	1545
mods/heroes.stormmod/enus.stormassets/localizeddata/sounds/vo/samuromonkeyking_vox_gethitlarge06.ogg	e84958953494c31f0330d16878affb92	10299
mods/heroes.stormmod/enus.stormassets/localizeddata/sounds/vo/samuromonkeyking_vox_gethitlarge07.fxe	2e8b263e2280e4e744cf40b144f48fd3	1577
mods/heroes.stormmod/enus.stormassets/localizeddata/sounds/vo/samuromonkeyking_vox_gethitlarge07.ogg	8d3fdce865d417bd01b45ee824604e45	9550
mods/heroes.stormmod/enus.stormassets/localizeddata/sounds/vo/samuromonkeyking_vox_gethitlarge08.fxe	cfebcb3f6bbe1757dcf68332a7a96dab	1545
mods/heroes.stormmod/enus.stormassets/localizeddata/sounds/vo/samuromonkeyking_vox_gethitlarge08.ogg	5ed02e142e87f9638bec153b31ea950b	11063
mods/heroes.stormmod/enus.stormassets/localizeddata/sounds/vo/samuromonkeyking_vox_gethitlarge09.fxe	83928467d96ffd1b6c43713918dccb78	1609
mods/heroes.stormmod/enus.stormassets/localizeddata/sounds/vo/samuromonkeyking_vox_gethitlarge09.ogg	65221d09dc234f16fee1a0512e2339ab	9846
mods/heroes.stormmod/enus.stormassets/localizeddata/sounds/vo/samuromonkeyking_vox_gethitlarge10.fxe	8e6a8a40ead868633d1c5ec2bf3e21d8	1529
mods/heroes.stormmod/enus.stormassets/localizeddata/sounds/vo/samuromonkeyking_vox_gethitlarge10.ogg	4cbbeb58a5cbbc3e8019b87be89262d8	10765
mods/heroes.stormmod/enus.stormassets/localizeddata/sounds/vo/samuromonkeyking_vox_gethitlarge11.fxe	3620bf63ba348a3b5cdf71976d76a1c2	1529
mods/heroes.stormmod/enus.stormassets/localizeddata/sounds/vo/samuromonkeyking_vox_gethitlarge11.ogg	6e386f57b06b168de291c288700acfca	9302
mods/heroes.stormmod/enus.stormassets/localizeddata/sounds/vo/samuromonkeyking_vox_gethitlarge12.fxe	283d7d873110b595acdd0a45841ac053	1545
mods/heroes.stormmod/enus.stormassets/localizeddata/sounds/vo/samuromonkeyking_vox_gethitlarge12.ogg	494a8cdf115ad03dd2184fea137b8461	9761
mods/heroes.stormmod/enus.stormassets/localizeddata/sounds/vo/samuromonkeyking_vox_gethitsmall00.fxe	6516dce4a209333103be79dad6ef6641	665
mods/heroes.stormmod/enus.stormassets/localizeddata/sounds/vo/samuromonkeyking_vox_gethitsmall00.ogg	1d056e276f41691b13926d1f1f8712f5	7275
mods/heroes.stormmod/enus.stormassets/localizeddata/sounds/vo/samuromonkeyking_vox_gethitsmall01.fxe	b3205694db4aa5dc75fd2293c7fb8977	665
mods/heroes.stormmod/enus.stormassets/localizeddata/sounds/vo/samuromonkeyking_vox_gethitsmall01.ogg	6c7cd0f26b06bb386db69b1c2ed6728e	6923
mods/heroes.stormmod/enus.stormassets/localizeddata/sounds/vo/samuromonkeyking_vox_gethitsmall02.fxe	3c9bff0aac0e26efbb22304c1abc345c	665
mods/heroes.stormmod/enus.stormassets/localizeddata/sounds/vo/samuromonkeyking_vox_gethitsmall02.ogg	302187d3027f397b848985c3222acf09	7642
mods/heroes.stormmod/enus.stormassets/localizeddata/sounds/vo/samuromonkeyking_vox_gethitsmall03.fxe	766858262442d72ca2d69ce52613e7ee	665
mods/heroes.stormmod/enus.stormassets/localizeddata/sounds/vo/samuromonkeyking_vox_gethitsmall03.ogg	8ea115ae14d2d7a6fecc89105af74870	7813
mods/heroes.stormmod/enus.stormassets/localizeddata/sounds/vo/samuromonkeyking_vox_gethitsmall04.fxe	c5a8a066f8c40ba8e6d8ac1f04bf5700	665
mods/heroes.stormmod/enus.stormassets/localizeddata/sounds/vo/samuromonkeyking_vox_gethitsmall04.ogg	7b37801c60c20f4e4301277c9ad0922f	7752
mods/heroes.stormmod/enus.stormassets/localizeddata/sounds/vo/samuromonkeyking_vox_gethitsmall05.fxe	ddd68205e3a4dee5ca43021511d7934f	665
mods/heroes.stormmod/enus.stormassets/localizeddata/sounds/vo/samuromonkeyking_vox_gethitsmall05.ogg	87e89ab5671d0b999bbf3e7407550e1e	7457
mods/heroes.stormmod/enus.stormassets/localizeddata/sounds/vo/samuromonkeyking_vox_gethitsmall06.fxe	45e4f9a03666bda38dc2c575a0ba4ea1	1529
mods/heroes.stormmod/enus.stormassets/localizeddata/sounds/vo/samuromonkeyking_vox_gethitsmall06.ogg	8a12dd29786bc719b276848b2121ca9c	8304
mods/heroes.stormmod/enus.stormassets/localizeddata/sounds/vo/samuromonkeyking_vox_gethitsmall07.fxe	42cd8b65adde3a6af334b50ed1683007	1529
mods/heroes.stormmod/enus.stormassets/localizeddata/sounds/vo/samuromonkeyking_vox_gethitsmall07.ogg	31afa1f147b3d96c6fb0862d27fad089	8184
mods/heroes.stormmod/enus.stormassets/localizeddata/sounds/vo/samuromonkeyking_vox_gethitsmall08.fxe	7fb0f49cea6f6e48649f56b503a00056	665
mods/heroes.stormmod/enus.stormassets/localizeddata/sounds/vo/samuromonkeyking_vox_gethitsmall08.ogg	00272ba68c69b4e20f952fb7dad0b5b0	7098
mods/heroes.stormmod/enus.stormassets/localizeddata/sounds/vo/samuromonkeyking_vox_gethitsmall09.fxe	1bb7b38d8dea8e52de5cbc8ef41fda93	665
mods/heroes.stormmod/enus.stormassets/localizeddata/sounds/vo/samuromonkeyking_vox_gethitsmall09.ogg	6a7abc4596a3ceed5778d7902a94a1b5	7152
mods/heroes.stormmod/enus.stormassets/localizeddata/sounds/vo/samuromonkeyking_vox_gethitsmall10.fxe	166ddfbea50cbacd712dd7affc040f37	665
mods/heroes.stormmod/enus.stormassets/localizeddata/sounds/vo/samuromonkeyking_vox_gethitsmall10.ogg	f7a6c83c358a430e80e0d04bc677a547	7062
mods/heroes.stormmod/enus.stormassets/localizeddata/sounds/vo/samuromonkeyking_vox_gethitsmall11.fxe	63e70ff5959d857141e50dce74e42f0f	665
mods/heroes.stormmod/enus.stormassets/localizeddata/sounds/vo/samuromonkeyking_vox_gethitsmall11.ogg	d4f29a538a0a66e02d44e015a14b7ab1	7629
mods/heroes.stormmod/enus.stormassets/localizeddata/sounds/vo/samuromonkeyking_vox_gethitsmall12.fxe	7d88c9f6160ac92aedd91772970416aa	665
mods/heroes.stormmod/enus.stormassets/localizeddata/sounds/vo/samuromonkeyking_vox_gethitsmall12.ogg	b9c557084e8224d6eaa60b0574e470b6	7536
mods/heroes.stormmod/enus.stormassets/localizeddata/sounds/vo/samuromonkeyking_vox_gethitsmall13.fxe	3e39da3f1525c45380027375a85f9314	665
mods/heroes.stormmod/enus.stormassets/localizeddata/sounds/vo/samuromonkeyking_vox_gethitsmall13.ogg	f5b42925c90170be2ca755491354dbe1	7781
mods/heroes.stormmod/enus.stormassets/localizeddata/sounds/vo/samuromonkeyking_vox_gethitsmall14.fxe	0f2b04b7e73fab0db7fd687df6083b74	665
mods/heroes.stormmod/enus.stormassets/localizeddata/sounds/vo/samuromonkeyking_vox_gethitsmall14.ogg	c8af8e34eb5620f417d2dbcb015fe1d6	7582
mods/heroes.stormmod/enus.stormassets/localizeddata/sounds/vo/samuromonkeyking_vox_gethitsmall15.fxe	afb7352f86e845050a2863724cb0f3bc	665
mods/heroes.stormmod/enus.stormassets/localizeddata/sounds/vo/samuromonkeyking_vox_gethitsmall15.ogg	e24d0fdf4f7e5cc21dc93a06ee071c73	7884
mods/heroes.stormmod/enus.stormassets/localizeddata/sounds/vo/samuromonkeyking_vox_gethitsmall16.fxe	5bf780263dc725b7ca83b72501ab4f67	665
mods/heroes.stormmod/enus.stormassets/localizeddata/sounds/vo/samuromonkeyking_vox_gethitsmall16.ogg	f73142f648f7e9df2475c1bb71e95cf3	7529
mods/heroes.stormmod/enus.stormassets/localizeddata/sounds/vo/samuromonkeyking_vox_gethitsmall17.fxe	d5329918787335e22873adc50c9be58f	1545
mods/heroes.stormmod/enus.stormassets/localizeddata/sounds/vo/samuromonkeyking_vox_gethitsmall17.ogg	2a16cc0b2c8a618253587d5969b9258e	8313
mods/heroes.stormmod/enus.stormassets/localizeddata/sounds/vo/samuromonkeyking_vox_gethitsmall18.fxe	ff0fcae3bf0a8193bf3c6a87a9911a18	665
mods/heroes.stormmod/enus.stormassets/localizeddata/sounds/vo/samuromonkeyking_vox_gethitsmall18.ogg	f0fa5db4e18b102884f8a685be692224	7731
mods/heroes.stormmod/enus.stormassets/localizeddata/sounds/vo/samuromonkeyking_vox_pulled00.fxe	534157da5ec4165b9630fb07c954287b	1348
mods/heroes.stormmod/enus.stormassets/localizeddata/sounds/vo/samuromonkeyking_vox_pulled00.ogg	1bbce21a63d818c836e943b9d2d20ad2	9951
mods/heroes.stormmod/enus.stormassets/localizeddata/sounds/vo/samuromonkeyking_vox_pulled01.fxe	6d8e6c3777f2fd47838ca1a7a60a9f21	1396
mods/heroes.stormmod/enus.stormassets/localizeddata/sounds/vo/samuromonkeyking_vox_pulled01.ogg	f90b072f6b681b38e803219eaa0455db	10482
mods/heroes.stormmod/enus.stormassets/localizeddata/sounds/vo/samuromonkeyking_vox_pulled02.fxe	3e4af43d6e16458b1ae15be9f21ab0f7	1428
mods/heroes.stormmod/enus.stormassets/localizeddata/sounds/vo/samuromonkeyking_vox_pulled02.ogg	d6df5787448bdd4c170c4f46fe3d586f	9500
mods/heroes.stormmod/enus.stormassets/localizeddata/sounds/vo/samuromonkeyking_vox_pulled03.fxe	071b3e626a03fd4ffb634b028b08780d	1348
mods/heroes.stormmod/enus.stormassets/localizeddata/sounds/vo/samuromonkeyking_vox_pulled03.ogg	8549d084e56f93671347db589be38169	9302
mods/heroes.stormmod/enus.stormassets/localizeddata/sounds/vo/samuromonkeyking_vox_pulled04.fxe	43b9dbb6f984e4199ad23a8026a75e08	1412
mods/heroes.stormmod/enus.stormassets/localizeddata/sounds/vo/samuromonkeyking_vox_pulled04.ogg	c6b71fa99f90fd851999883b7f8e8c73	8178
mods/heroes.stormmod/enus.stormassets/localizeddata/sounds/vo/samuromonkeyking_vox_pulled05.fxe	43354848e1dc334a56b39bd134832677	1444
mods/heroes.stormmod/enus.stormassets/localizeddata/sounds/vo/samuromonkeyking_vox_pulled05.ogg	1596a28e65c3fa753558ee92a637dc59	9603
mods/heroes.stormmod/enus.stormassets/localizeddata/sounds/vo/samuromonkeyking_vox_pulled06.fxe	2d4a88ea7c51032308b2df775e630e96	1508
mods/heroes.stormmod/enus.stormassets/localizeddata/sounds/vo/samuromonkeyking_vox_pulled06.ogg	21092cf242f5bc26a28f590520354a11	12688
mods/heroes.stormmod/enus.stormassets/localizeddata/sounds/vo/samuromonkeyking_vox_pulled07.fxe	69a6d6228d09661fe4d5f08a4b25f317	1492
mods/heroes.stormmod/enus.stormassets/localizeddata/sounds/vo/samuromonkeyking_vox_pulled07.ogg	e92b2ead9314ca677457d47a233393e6	13173
mods/heroes.stormmod/enus.stormassets/localizeddata/sounds/vo/samuromonkeyking_windwalker00.fxe	bb12736426e0c38b73425654b20657c9	1700
mods/heroes.stormmod/enus.stormassets/localizeddata/sounds/vo/samuromonkeyking_windwalker00.ogg	a6aeb80bb2fa45eb9982b97aadda8c99	25571
mods/heroes.stormmod/enus.stormassets/localizeddata/sounds/vo/samuromonkeyking_windwalker01.fxe	2d53517f6f46b0e432e877302b5a8c58	1716
mods/heroes.stormmod/enus.stormassets/localizeddata/sounds/vo/samuromonkeyking_windwalker01.ogg	9019f26ed1e611f3faee374a08c04c08	25817
mods/heroes.stormmod/enus.stormassets/localizeddata/sounds/vo/samuromonkeyking_windwalker02.fxe	0c61d2634f0d0e34b556627fd2c23a03	2212
mods/heroes.stormmod/enus.stormassets/localizeddata/sounds/vo/samuromonkeyking_windwalker02.ogg	a185efe378990d98fdede48cc7f1b827	27978
mods/heroes.stormmod/enus.stormassets/localizeddata/sounds/vo/samuromonkeyking_windwalker03.fxe	ea7c829a5397334547f47ac2fb3a9951	1348
mods/heroes.stormmod/enus.stormassets/localizeddata/sounds/vo/samuromonkeyking_windwalker03.ogg	90776e3384ab34ae64b852c50a34d642	22996
mods/heroes.stormmod/enus.stormassets/localizeddata/sounds/vo/samuromonkeyking_windwalker04.fxe	7060c6cfa5646448ab49e4221acbeb11	1316
mods/heroes.stormmod/enus.stormassets/localizeddata/sounds/vo/samuromonkeyking_windwalker04.ogg	967815d46cc6e0c70f5fc42f3cffe15b	20208
mods/heroes.stormmod/enus.stormassets/localizeddata/sounds/vo/samuromonkeyking_windwalker05.fxe	63514be4792b3ddb13eb69cb127807fa	1604
mods/heroes.stormmod/enus.stormassets/localizeddata/sounds/vo/samuromonkeyking_windwalker05.ogg	4b800ed52d4ed8ad5342710b86da405e	20979
mods/heroes.stormmod/enus.stormassets/localizeddata/sounds/vo/samuromonkeyking_windwalker06.fxe	42dfb752f581c52e583a8f6377c42533	1300
mods/heroes.stormmod/enus.stormassets/localizeddata/sounds/vo/samuromonkeyking_windwalker06.ogg	e263d69821c597842ead18080b27898f	21984
mods/heroes.stormmod/enus.stormassets/localizeddata/sounds/vo/samuromonkeyking_windwalker07.fxe	dd3b0fa573b5720d56e229c534415048	1172
mods/heroes.stormmod/enus.stormassets/localizeddata/sounds/vo/samuromonkeyking_windwalker07.ogg	07cc8fb49dc9c0d25047f85e24ab8235	17978
mods/heroes.stormmod/enus.stormassets/localizeddata/sounds/vo/samuromonkeyking_windwalker08.fxe	2449aeb2fc54e22d635fc8ecfe38d58c	1252
mods/heroes.stormmod/enus.stormassets/localizeddata/sounds/vo/samuromonkeyking_windwalker08.ogg	4fd70499cc86219cdd05aafc9ec05aaf	17479
mods/heroes.stormmod/enus.stormassets/localizeddata/sounds/vo/samuromonkeyking_windwalker09.fxe	14265f36f9ee2ae4985d64ace9ce579e	1140
mods/heroes.stormmod/enus.stormassets/localizeddata/sounds/vo/samuromonkeyking_windwalker09.ogg	78473cfe1aba6530afece648a9583217	15989
mods/heroes.stormmod/enus.stormassets/localizeddata/sounds/vo/samuromonkeyking_windwalker10.fxe	100ac823677f1cbc81ff2962ee356587	1396
mods/heroes.stormmod/enus.stormassets/localizeddata/sounds/vo/samuromonkeyking_windwalker10.ogg	b856aebf8961a69bf0a074d11113fa22	15160
mods/heroes.stormmod/enus.stormassets/localizeddata/sounds/vo/samuromonkeyking_windwalker11.fxe	ec67c91ae00e25a9270948ca845552ec	1204
mods/heroes.stormmod/enus.stormassets/localizeddata/sounds/vo/samuromonkeyking_windwalker11.ogg	28c576889bec3c10f3d18767e8766cb7	13410
mods/heroes.stormmod/enus.stormassets/localizeddata/sounds/vo/samuromonkeyking_worthit00.fxe	7b48cf559dfcc7b62a510dfae9733f73	1649
mods/heroes.stormmod/enus.stormassets/localizeddata/sounds/vo/samuromonkeyking_worthit00.ogg	bddbdf1ac36280e5d1d9c64d5d225c2b	23058
mods/heroes.stormmod/enus.stormassets/localizeddata/sounds/vo/samuromonkeyking_worthit01.fxe	dea01f38e1dd3ec43c0ecde64c9156e7	1905
mods/heroes.stormmod/enus.stormassets/localizeddata/sounds/vo/samuromonkeyking_worthit01.ogg	d62e8dcba0fe034a24f0d7e58d06fb48	22785
mods/heroes.stormmod/enus.stormassets/localizeddata/sounds/vo/samuromonkeyking_yes00.fxe	1d1d968a603286159fa3ba5047805fae	1368
mods/heroes.stormmod/enus.stormassets/localizeddata/sounds/vo/samuromonkeyking_yes00.ogg	29842a2fccc8414a30be3d8d3a10abdb	23036
mods/heroes.stormmod/enus.stormassets/localizeddata/sounds/vo/samuromonkeyking_yes01.fxe	a99ab0e8dc650dfb614292538f17802e	1064
mods/heroes.stormmod/enus.stormassets/localizeddata/sounds/vo/samuromonkeyking_yes01.ogg	d5da5f0e7f20fc2ed4db96c0167ef48c	14345
mods/heroes.stormmod/enus.stormassets/localizeddata/sounds/vo/samuromonkeyking_yes02.fxe	9792194038db1bd38f380c61e1d15638	1480
mods/heroes.stormmod/enus.stormassets/localizeddata/sounds/vo/samuromonkeyking_yes02.ogg	bc90a35ef0b3352b87db1d0c571217df	19731
mods/heroes.stormmod/enus.stormassets/localizeddata/sounds/vo/samuromonkeyking_yes03.fxe	8be652521645160d1e8afe52a6c43f27	1032
mods/heroes.stormmod/enus.stormassets/localizeddata/sounds/vo/samuromonkeyking_yes03.ogg	0e87723a5119ba097bca5b54cc645924	15549
mods/heroes.stormmod/enus.stormassets/localizeddata/sounds/vo/samuromonkeyking_yes04.fxe	8ccb66b4f7087cb45aeff6f2788e3a65	1032
mods/heroes.stormmod/enus.stormassets/localizeddata/sounds/vo/samuromonkeyking_yes04.ogg	9f999d49c43fc88a67a3205c39b77704	18017
mods/heroes.stormmod/enus.stormassets/localizeddata/sounds/vo/samuromonkeyking_yes05.fxe	ee6a407da58699dca383ecdb1cefa83b	1896
mods/heroes.stormmod/enus.stormassets/localizeddata/sounds/vo/samuromonkeyking_yes05.ogg	13bdbc1b05b07158a5a290c72a003c35	31497
mods/heroes.stormmod/enus.stormassets/localizeddata/sounds/vo/samuromonkeyking_yes06.fxe	15b641cc8cca002f32de3fa5c2a694f7	1000
mods/heroes.stormmod/enus.stormassets/localizeddata/sounds/vo/samuromonkeyking_yes06.ogg	6ed27f5d3f4f9cb41d507c5915cdbf9a	17351
mods/heroes.stormmod/enus.stormassets/localizeddata/sounds/vo/samuromonkeyking_yes07.fxe	7c0abb2802bdb6ffc993335e54279793	1304
mods/heroes.stormmod/enus.stormassets/localizeddata/sounds/vo/samuromonkeyking_yes07.ogg	8337fd5a6562d1803e7de3d28033ec48	16954
mods/heroes.stormmod/enus.stormassets/localizeddata/sounds/vo/samuromonkeyking_yes08.fxe	cd7a5476ed2cadfe08f5bcdb082dd570	1576
mods/heroes.stormmod/enus.stormassets/localizeddata/sounds/vo/samuromonkeyking_yes08.ogg	7b394525e603ce46d6f7967a06e03c61	23776
mods/heroes.stormmod/enus.stormassets/localizeddata/sounds/vo/samuromonkeyking_yes09.fxe	cedfd2043ba719b49af07def7164ae48	1688
mods/heroes.stormmod/enus.stormassets/localizeddata/sounds/vo/samuromonkeyking_yes09.ogg	d3a848adb4db60ab66770e5aa936f26b	23652
