mods/heroes.stormmod/enus.stormassets/localizeddata/sounds/vo/starcraftevent_starcrafteventadjutant_005.ogg	a77408c13100e3e6a1ed67238a0636f4	55286
mods/heroes.stormmod/enus.stormassets/localizeddata/sounds/vo/starcraftevent_starcrafteventadjutant_006.ogg	f97e4c076a3a6caacfb94d24ef4b0088	48243
mods/heroes.stormmod/enus.stormassets/localizeddata/sounds/vo/starcraftevent_starcrafteventadjutant_007.ogg	d9affeec99eeed9c0a02faa5b27c3c0a	50480
mods/heroes.stormmod/enus.stormassets/localizeddata/sounds/vo/starcraftevent_starcrafteventadjutant_008.ogg	348cf3da8ab6f5abf88660d8b42522c3	49739
mods/heroes.stormmod/enus.stormassets/localizeddata/sounds/vo/starcraftevent_starcrafteventadjutant_009.ogg	a8d0d3d6010aae8d1abbbe81b6ddd041	76076
mods/heroes.stormmod/enus.stormassets/localizeddata/sounds/vo/starcraftevent_starcrafteventadjutant_010.ogg	b3c0fdc780d78aa5675ec35146d71e1a	131639
mods/heroes.stormmod/enus.stormassets/localizeddata/sounds/vo/starcraftevent_starcrafteventadjutant_011.ogg	ab7884b4395fb813842a3b55b2f1ca15	122958
mods/heroes.stormmod/enus.stormassets/localizeddata/sounds/vo/starcraftevent_starcrafteventadjutant_012.ogg	91363d8ced4129871271751b94f9ab4c	145778
mods/heroes.stormmod/enus.stormassets/localizeddata/sounds/vo/starcraftevent_starcrafteventadjutant_013.ogg	eea75245585dae954fdfc28af59dae31	114956
mods/heroes.stormmod/enus.stormassets/localizeddata/sounds/vo/starcraftevent_starcrafteventadjutant_014.ogg	1448b7e2e52fac0db5d6ede39276cde9	100890
mods/heroes.stormmod/enus.stormassets/localizeddata/sounds/vo/starcraftevent_starcrafteventadjutant_015.ogg	78e19debc8f9ddb495ecff81f8537d9d	95587
mods/heroes.stormmod/enus.stormassets/localizeddata/sounds/vo/starcraftevent_starcrafteventadjutant_016.ogg	59095deac11bc5998a2458b5e997a9f5	85182
mods/heroes.stormmod/enus.stormassets/localizeddata/sounds/vo/starcraftevent_starcrafteventadjutant_017.ogg	1be902f28ebe4b13173b5240d5a0116c	74189
mods/heroes.stormmod/enus.stormassets/localizeddata/sounds/vo/starcraftevent_starcrafteventadjutant_018.ogg	c308aba835373542a0508729cc0f5cc1	113484
mods/heroes.stormmod/enus.stormassets/localizeddata/sounds/vo/starcraftevent_starcrafteventadjutant_019.ogg	f52f27853afad4cc861a59176f1150c2	70725
mods/heroes.stormmod/enus.stormassets/localizeddata/sounds/vo/starcraftevent_starcrafteventadjutant_020.ogg	3188bc65dba3c9ac14fdaac82721c81d	107655
mods/heroes.stormmod/enus.stormassets/localizeddata/sounds/vo/starcraftevent_starcrafteventadjutant_021.ogg	98253f6265db4fd1ad20aae85a7e6f62	105915
mods/heroes.stormmod/enus.stormassets/localizeddata/sounds/vo/starcraftevent_starcrafteventadjutant_022.ogg	7bf25914d210aaf0394d052ab0d67952	95256
mods/heroes.stormmod/enus.stormassets/localizeddata/sounds/vo/starcraftevent_starcrafteventadjutant_023.ogg	c1f1560fe511306b466e37fe9ae3a761	130113
mods/heroes.stormmod/enus.stormassets/localizeddata/sounds/vo/starcraftevent_starcrafteventadjutant_024.ogg	26cd824380d99ab265eedb106b4d7460	123394
mods/heroes.stormmod/enus.stormassets/localizeddata/sounds/vo/starcraftevent_starcrafteventadjutant_026.ogg	b085304f719f9e3ec9b26b7c3573aeee	72457
mods/heroes.stormmod/enus.stormassets/localizeddata/sounds/vo/starcraftevent_starcrafteventadjutant_027.ogg	b6f6dd610efe59f60b2919b4fab408a0	90777
mods/heroes.stormmod/enus.stormassets/localizeddata/sounds/vo/starcraftevent_starcrafteventadjutant_029.ogg	12503355db55d57897f9779e195fbc06	93805
mods/heroes.stormmod/enus.stormassets/localizeddata/sounds/vo/stitches_ai_attack00.fxe	7d3db7efce7910cedecb52e33bf42b23	1579
mods/heroes.stormmod/enus.stormassets/localizeddata/sounds/vo/stitches_ai_attack00.ogg	83cc1f975fb8712bcafcbc68f5c17945	43518
mods/heroes.stormmod/enus.stormassets/localizeddata/sounds/vo/stitches_ai_attack01.fxe	c76ed19a5343c157148819fae6eb7453	1739
mods/heroes.stormmod/enus.stormassets/localizeddata/sounds/vo/stitches_ai_attack01.ogg	aada08b1349884cb09dcbc1f8109eb17	51331
mods/heroes.stormmod/enus.stormassets/localizeddata/sounds/vo/stitches_ai_attack02.fxe	b84a130978d9df65b074b7cbe0bfd755	1211
mods/heroes.stormmod/enus.stormassets/localizeddata/sounds/vo/stitches_ai_attack02.ogg	d911e35f01d53b674f2b57065acb7ee3	36805
mods/heroes.stormmod/enus.stormassets/localizeddata/sounds/vo/stitches_ai_caution00.fxe	8951ea53cca5b6e9c2ded16166e82f4f	2732
mods/heroes.stormmod/enus.stormassets/localizeddata/sounds/vo/stitches_ai_caution00.ogg	fe3cb86b9c48e5fc22eac857e8503429	70324
mods/heroes.stormmod/enus.stormassets/localizeddata/sounds/vo/stitches_ai_goodjob00.fxe	10d83f5418e2f804c8619db38b49f701	1228
mods/heroes.stormmod/enus.stormassets/localizeddata/sounds/vo/stitches_ai_goodjob00.ogg	ef91ca900b6c8851506f57e6f3517bcb	39817
mods/heroes.stormmod/enus.stormassets/localizeddata/sounds/vo/stitches_ai_goodjob01.fxe	df173f402c22548623dca9a5d38f9af6	1276
mods/heroes.stormmod/enus.stormassets/localizeddata/sounds/vo/stitches_ai_goodjob01.ogg	1697a315f81fa23350478d14d384510f	38319
mods/heroes.stormmod/enus.stormassets/localizeddata/sounds/vo/stitches_ai_heal00.fxe	4924d22b167933d97aaf4a00fc018087	2377
mods/heroes.stormmod/enus.stormassets/localizeddata/sounds/vo/stitches_ai_heal00.ogg	9afe08a40f50426fa9323fb201a0a015	62172
mods/heroes.stormmod/enus.stormassets/localizeddata/sounds/vo/stitches_ai_heal01.fxe	4e6485e17a0dc4b4b40f664c416dc3d5	2169
mods/heroes.stormmod/enus.stormassets/localizeddata/sounds/vo/stitches_ai_heal01.ogg	e86a18042ebf03053e9d66e9457b29fb	52068
mods/heroes.stormmod/enus.stormassets/localizeddata/sounds/vo/stitches_ai_retreat00.fxe	8aa24393f5a322e476dc0968043e003c	1644
mods/heroes.stormmod/enus.stormassets/localizeddata/sounds/vo/stitches_ai_retreat00.ogg	c4b9d43b557324dce882897355975e55	28801
mods/heroes.stormmod/enus.stormassets/localizeddata/sounds/vo/stitches_ai_retreat01.fxe	5f5216cd2bd4ed10a904a5cfcedb4229	1276
mods/heroes.stormmod/enus.stormassets/localizeddata/sounds/vo/stitches_ai_retreat01.ogg	7ab215c1c1b86cc5e7cffa888c0c8b08	27300
mods/heroes.stormmod/enus.stormassets/localizeddata/sounds/vo/stitches_ai_uhoh00.fxe	1290130a382eb440c874f5e9dca8ab0a	793
mods/heroes.stormmod/enus.stormassets/localizeddata/sounds/vo/stitches_ai_uhoh00.ogg	4b78d6679edfb969c484506b1b981c02	25642
mods/heroes.stormmod/enus.stormassets/localizeddata/sounds/vo/stitches_ai_uhoh01.fxe	485a5a734197fa973d73b69df5ce9dd1	1273
mods/heroes.stormmod/enus.stormassets/localizeddata/sounds/vo/stitches_ai_uhoh01.ogg	aad192c25b5162398f6fac442ea143bf	29300
mods/heroes.stormmod/enus.stormassets/localizeddata/sounds/vo/stitches_ai_uhoh02.fxe	a2c275f312795c4742c7d5e171b40869	1433
mods/heroes.stormmod/enus.stormassets/localizeddata/sounds/vo/stitches_ai_uhoh02.ogg	9f9c8f380a4df45873f7606c4eb17fd8	34850
mods/heroes.stormmod/enus.stormassets/localizeddata/sounds/vo/stitches_attack00.fxe	233ee605fbeeaf602116b64b1c3d0831	1688
mods/heroes.stormmod/enus.stormassets/localizeddata/sounds/vo/stitches_attack00.ogg	c1f8d0b2c6384e8dc58df020fccb9b59	37925
mods/heroes.stormmod/enus.stormassets/localizeddata/sounds/vo/stitches_attack01.fxe	182889abd297b4f1e1e65af3aeb2baa7	1256
mods/heroes.stormmod/enus.stormassets/localizeddata/sounds/vo/stitches_attack01.ogg	845838aba66b6bfe589666a776cc1c87	38152
mods/heroes.stormmod/enus.stormassets/localizeddata/sounds/vo/stitches_attack02.fxe	edbb12ad784aac2d75606e1704709a1a	1528
mods/heroes.stormmod/enus.stormassets/localizeddata/sounds/vo/stitches_attack02.ogg	6f64b36a41d3d56376b0cf4e4d3bafb7	38625
mods/heroes.stormmod/enus.stormassets/localizeddata/sounds/vo/stitches_attack03.fxe	69f4654e59833fa4090746c79ae6bd9f	1512
mods/heroes.stormmod/enus.stormassets/localizeddata/sounds/vo/stitches_attack03.ogg	cece0ed1fca08cf093ca7e8fd9c8cd30	43060
mods/heroes.stormmod/enus.stormassets/localizeddata/sounds/vo/stitches_attack04.fxe	66e225106caa92fbca9eae4e0050fae5	1096
mods/heroes.stormmod/enus.stormassets/localizeddata/sounds/vo/stitches_attack04.ogg	e6df455114207e2824f95bde77694a62	35227
mods/heroes.stormmod/enus.stormassets/localizeddata/sounds/vo/stitches_attack05.fxe	02631f62aae9f3d3c5e034dd59311e15	1176
mods/heroes.stormmod/enus.stormassets/localizeddata/sounds/vo/stitches_attack05.ogg	a4a6a53f8da62084f2e4cb8c2b069f36	29372
mods/heroes.stormmod/enus.stormassets/localizeddata/sounds/vo/stitches_attack06_dir.fxe	78fb32f5c136e99fbf620aed4cf338ac	1340
mods/heroes.stormmod/enus.stormassets/localizeddata/sounds/vo/stitches_attack06_dir.ogg	cb3dfa273f0d71806348a4477c565fdd	27973
mods/heroes.stormmod/enus.stormassets/localizeddata/sounds/vo/stitches_comeback00.fxe	70526e6baac709630deda70d97c4b330	2538
mods/heroes.stormmod/enus.stormassets/localizeddata/sounds/vo/stitches_comeback00.ogg	b642df1934f3e040c7fa384c851b91ae	63092
mods/heroes.stormmod/enus.stormassets/localizeddata/sounds/vo/stitches_death00.fxe	f384d221ffee898fa8c1c2508348b422	1943
mods/heroes.stormmod/enus.stormassets/localizeddata/sounds/vo/stitches_death00.wav	dd0757c04432d5a4a0ee6eaad276dd07	87100
mods/heroes.stormmod/enus.stormassets/localizeddata/sounds/vo/stitches_death01.fxe	1717e35e78f52d95221e493b7216bd77	2487
mods/heroes.stormmod/enus.stormassets/localizeddata/sounds/vo/stitches_death01.wav	1b97335afe024d75c6274425536bbb2d	78140
mods/heroes.stormmod/enus.stormassets/localizeddata/sounds/vo/stitches_death02.fxe	636559ca8b7b339afff1fd8cef20a5e9	2119
mods/heroes.stormmod/enus.stormassets/localizeddata/sounds/vo/stitches_death02.wav	1e57fcc3efdda733e5266235526d7b5c	96316
mods/heroes.stormmod/enus.stormassets/localizeddata/sounds/vo/stitches_death03.wav	0e67419922a16170133cf91eefffadab	39996
mods/heroes.stormmod/enus.stormassets/localizeddata/sounds/vo/stitches_death04.wav	cd2af19d53fafd1d985e14e10daa94da	39484
mods/heroes.stormmod/enus.stormassets/localizeddata/sounds/vo/stitches_death05.wav	fdc2b5aa84d2afef5970721bf1fe7446	51004
mods/heroes.stormmod/enus.stormassets/localizeddata/sounds/vo/stitches_death06.wav	96f8330591840d80a47e4adeafeeebe9	46908
mods/heroes.stormmod/enus.stormassets/localizeddata/sounds/vo/stitches_death07.wav	d8d34fca40072d0adee28fb0e8a9d70c	41788
mods/heroes.stormmod/enus.stormassets/localizeddata/sounds/vo/stitches_healed00.fxe	597059b75bd6e37c1c7e56af6f5e791e	2072
mods/heroes.stormmod/enus.stormassets/localizeddata/sounds/vo/stitches_healed00.ogg	79f16d26ee6472398e625265861281d7	45332
mods/heroes.stormmod/enus.stormassets/localizeddata/sounds/vo/stitches_healed01.fxe	c5318315636a7ea1fda62c83443bc008	1480
mods/heroes.stormmod/enus.stormassets/localizeddata/sounds/vo/stitches_healed01.ogg	3ace173631e17e2a02e15cd78f8091c2	35111
mods/heroes.stormmod/enus.stormassets/localizeddata/sounds/vo/stitches_healed02.fxe	e62780e1551eed7eba72305bb46bbc48	1480
mods/heroes.stormmod/enus.stormassets/localizeddata/sounds/vo/stitches_healed02.ogg	6c50c995c218d10e3296d4feecb8b583	34339
mods/heroes.stormmod/enus.stormassets/localizeddata/sounds/vo/stitches_introagree00.fxe	e6156d963c48c495d07c8838a47966b9	1660
mods/heroes.stormmod/enus.stormassets/localizeddata/sounds/vo/stitches_introagree00.ogg	fd9e70a47099b77b6122f2a7956a60f3	45976
mods/heroes.stormmod/enus.stormassets/localizeddata/sounds/vo/stitches_introagree01.fxe	9cd7abe39a8a6f374529f6f319c17bbf	1084
mods/heroes.stormmod/enus.stormassets/localizeddata/sounds/vo/stitches_introagree01.ogg	27f9d4b175f18e246028441264614aea	32786
mods/heroes.stormmod/enus.stormassets/localizeddata/sounds/vo/stitches_introagree02.fxe	503fb312b9ab863987234330b574845a	3052
mods/heroes.stormmod/enus.stormassets/localizeddata/sounds/vo/stitches_introagree02.ogg	23b1aca92c31023f74fe826339d72351	78996
mods/heroes.stormmod/enus.stormassets/localizeddata/sounds/vo/stitches_introboast00.fxe	d3c385dd566e92f558926dd4d2511221	2460
mods/heroes.stormmod/enus.stormassets/localizeddata/sounds/vo/stitches_introboast00.ogg	096d86463dba951fb158295e8daa9102	49486
mods/heroes.stormmod/enus.stormassets/localizeddata/sounds/vo/stitches_introboast01.fxe	d8f070d78dc7240fef321ded1a28aecb	2396
mods/heroes.stormmod/enus.stormassets/localizeddata/sounds/vo/stitches_introboast01.ogg	5de3befa48c0b9785cb3666f4bf68507	60914
mods/heroes.stormmod/enus.stormassets/localizeddata/sounds/vo/stitches_introquestion00.fxe	edd07c423551ac68eb319dc46699eb04	1679
mods/heroes.stormmod/enus.stormassets/localizeddata/sounds/vo/stitches_introquestion00.ogg	c095a1f7daa5c0feb69880a194aa8e59	28854
mods/heroes.stormmod/enus.stormassets/localizeddata/sounds/vo/stitches_introquestion01.fxe	406d5b6205b16352003d4effb34b31e6	1407
mods/heroes.stormmod/enus.stormassets/localizeddata/sounds/vo/stitches_introquestion01.ogg	1ca58f5f9ae8d3ba41ba11860c99eca3	29652
mods/heroes.stormmod/enus.stormassets/localizeddata/sounds/vo/stitches_introquestion_murky00.fxe	ed3fd94dfc983773162321890c42e373	1173
mods/heroes.stormmod/enus.stormassets/localizeddata/sounds/vo/stitches_introquestion_murky00.ogg	2452d6940958b97346dce089ef0ec9fe	29008
mods/heroes.stormmod/enus.stormassets/localizeddata/sounds/vo/stitches_introquestion_negative00.fxe	4268bcbec4eb29415349fdd44d51a88a	1832
mods/heroes.stormmod/enus.stormassets/localizeddata/sounds/vo/stitches_introquestion_negative00.ogg	2517cf52a926fd8f1f9a36353357d52f	41237
mods/heroes.stormmod/enus.stormassets/localizeddata/sounds/vo/stitches_introquestion_positive00.fxe	a64b3fb7886958d27042b44573e84f85	1576
mods/heroes.stormmod/enus.stormassets/localizeddata/sounds/vo/stitches_introquestion_positive00.ogg	518d86c49340c2d56d53f1eaf9972c10	41089
mods/heroes.stormmod/enus.stormassets/localizeddata/sounds/vo/stitches_introquestion_siegetank00.fxe	7a3745ac82ed2fb9c060f55517b67e3a	1753
mods/heroes.stormmod/enus.stormassets/localizeddata/sounds/vo/stitches_introquestion_siegetank00.ogg	ce30cf6dc92c1b09a1917f282ccf58aa	43141
mods/heroes.stormmod/enus.stormassets/localizeddata/sounds/vo/stitches_introquestion_uther00.fxe	5a750c7a7fdce7d948c309a019fa95f2	2757
mods/heroes.stormmod/enus.stormassets/localizeddata/sounds/vo/stitches_introquestion_uther00.ogg	6d31112d78b0aabe97f49a4906ea5b39	44981
mods/heroes.stormmod/enus.stormassets/localizeddata/sounds/vo/stitches_introrespond00.fxe	6fc2b1b81f4c26f6a97a38113a829c79	1934
mods/heroes.stormmod/enus.stormassets/localizeddata/sounds/vo/stitches_introrespond00.ogg	bb24851905b09d9864b5640afb810fb7	43238
mods/heroes.stormmod/enus.stormassets/localizeddata/sounds/vo/stitches_introrespond01.fxe	5de9a45515478ade7b0acacdcc913ce0	1534
mods/heroes.stormmod/enus.stormassets/localizeddata/sounds/vo/stitches_introrespond01.ogg	20515b9adab3f6938821b5a8bb4c04b6	36556
mods/heroes.stormmod/enus.stormassets/localizeddata/sounds/vo/stitches_introrespond02.fxe	dd0c58dfde6c05f65877057af661ac65	1086
mods/heroes.stormmod/enus.stormassets/localizeddata/sounds/vo/stitches_introrespond02.ogg	6a1707c124bff19553a9543bc6d6af36	39173
mods/heroes.stormmod/enus.stormassets/localizeddata/sounds/vo/stitches_introresponse_murky00.fxe	11bcf49e0c3d099e466bdb7be365472e	2245
mods/heroes.stormmod/enus.stormassets/localizeddata/sounds/vo/stitches_introresponse_murky00.ogg	d8ef061c44228398af699868a33f0c22	49597
mods/heroes.stormmod/enus.stormassets/localizeddata/sounds/vo/stitches_introresponse_negative00.fxe	74ec2a49e55ee3cb03b1f518d6d966fd	2600
mods/heroes.stormmod/enus.stormassets/localizeddata/sounds/vo/stitches_introresponse_negative00.ogg	965e527a1037aa43de156fa919c0ecda	58173
mods/heroes.stormmod/enus.stormassets/localizeddata/sounds/vo/stitches_introresponse_positive00.fxe	8f797fc3ba6485be664a38be329cb539	2296
mods/heroes.stormmod/enus.stormassets/localizeddata/sounds/vo/stitches_introresponse_positive00.ogg	fa865c9ea851c2c9aa28fc884198d4e4	68110
mods/heroes.stormmod/enus.stormassets/localizeddata/sounds/vo/stitches_introresponse_siegetank00.fxe	33cf0acecaf4c408643de9cfd4c694f2	2233
mods/heroes.stormmod/enus.stormassets/localizeddata/sounds/vo/stitches_introresponse_siegetank00.ogg	0ec40d7feab473bb645434f3c4dd3a07	43020
mods/heroes.stormmod/enus.stormassets/localizeddata/sounds/vo/stitches_introresponse_uther00.fxe	8e392c46f3d3a6d866219ab965a05a72	1269
mods/heroes.stormmod/enus.stormassets/localizeddata/sounds/vo/stitches_introresponse_uther00.ogg	eb9055b6ee442834d996eb4e307b2dfa	34478
mods/heroes.stormmod/enus.stormassets/localizeddata/sounds/vo/stitches_kill00.fxe	f823a3073990d103c8d63f6cb08e39d6	1782
mods/heroes.stormmod/enus.stormassets/localizeddata/sounds/vo/stitches_kill00.ogg	cfb6f14fc881b2dbb9e3450f8e9a92e2	44004
mods/heroes.stormmod/enus.stormassets/localizeddata/sounds/vo/stitches_kill01.fxe	d94db156ff7c773bd1f1cdf9f32bbdb4	1990
mods/heroes.stormmod/enus.stormassets/localizeddata/sounds/vo/stitches_kill01.ogg	e917a2e9a28fa2cf04f4922754e33d93	50215
mods/heroes.stormmod/enus.stormassets/localizeddata/sounds/vo/stitches_kill02.fxe	8f81b5469b9b5730767de2be1f331619	2294
mods/heroes.stormmod/enus.stormassets/localizeddata/sounds/vo/stitches_kill02.ogg	7f2e5010e2d327f3f1154134002f3634	54660
mods/heroes.stormmod/enus.stormassets/localizeddata/sounds/vo/stitches_kill03.fxe	562c994a2e8234b79e2e50bd19aa8453	2422
mods/heroes.stormmod/enus.stormassets/localizeddata/sounds/vo/stitches_kill03.ogg	7f31fc0649f4dede5f196dd801f1cb08	59601
mods/heroes.stormmod/enus.stormassets/localizeddata/sounds/vo/stitches_kill04.fxe	bb44729c1de7f387697958eb9fcb8f12	1350
mods/heroes.stormmod/enus.stormassets/localizeddata/sounds/vo/stitches_kill04.ogg	a4b7b63c907450c304d31d7b8876769f	36483
mods/heroes.stormmod/enus.stormassets/localizeddata/sounds/vo/stitches_killmuradin00.fxe	dafaad425edf24fcdaa8e9d0d143ec9c	1965
mods/heroes.stormmod/enus.stormassets/localizeddata/sounds/vo/stitches_killmuradin00.ogg	4fb8660285214a23a7682bb5f66535e1	54754
mods/heroes.stormmod/enus.stormassets/localizeddata/sounds/vo/stitches_killnova00.fxe	bc97ee156728cc1bc067b66fd65c4bf5	2042
mods/heroes.stormmod/enus.stormassets/localizeddata/sounds/vo/stitches_killnova00.ogg	3740495491f37624d4762aa698f3bc9c	42526
mods/heroes.stormmod/enus.stormassets/localizeddata/sounds/vo/stitches_killspreeend00.fxe	f9d7960efeb63c893a2f1b69f758c3d8	1454
mods/heroes.stormmod/enus.stormassets/localizeddata/sounds/vo/stitches_killspreeend00.ogg	324b782ed4e485ba1d2d44da5ffc50c8	41527
mods/heroes.stormmod/enus.stormassets/localizeddata/sounds/vo/stitches_killstitches00.fxe	7955e90ea1d94359a85e684c7a6c54e8	2622
mods/heroes.stormmod/enus.stormassets/localizeddata/sounds/vo/stitches_killstitches00.ogg	553d0f81a74f633645a296665ee49798	45389
mods/heroes.stormmod/enus.stormassets/localizeddata/sounds/vo/stitches_killsylvanas00.fxe	d9dbfb70a7c8f796b791256279338c7b	1630
mods/heroes.stormmod/enus.stormassets/localizeddata/sounds/vo/stitches_killsylvanas00.ogg	a5b05b36f8f0f1c9e1997f2d6267faf1	40009
mods/heroes.stormmod/enus.stormassets/localizeddata/sounds/vo/stitches_killtinker00.fxe	b6e16dd245174b746b115ef822bcece4	1820
mods/heroes.stormmod/enus.stormassets/localizeddata/sounds/vo/stitches_killtinker00.ogg	8d9a1a8e36ae8378ba6d275036cbedcd	43833
mods/heroes.stormmod/enus.stormassets/localizeddata/sounds/vo/stitches_laugh00.fxe	62f0c6a7990c5feb08198f6c227ce212	2343
mods/heroes.stormmod/enus.stormassets/localizeddata/sounds/vo/stitches_laugh00.ogg	255d0eeda266f4ee4eeb7c4f793b67b6	33344
mods/heroes.stormmod/enus.stormassets/localizeddata/sounds/vo/stitches_lowlifeheal00.fxe	cbb8811187f09241b8e69461a0296a8a	1661
mods/heroes.stormmod/enus.stormassets/localizeddata/sounds/vo/stitches_lowlifeheal00.ogg	f185ced9d5f9b367587cd990a0e4d3d3	37903
mods/heroes.stormmod/enus.stormassets/localizeddata/sounds/vo/stitches_lowlifeheal01.fxe	ec8ed90dd5c4c46d7716810c20c472c6	2125
mods/heroes.stormmod/enus.stormassets/localizeddata/sounds/vo/stitches_lowlifeheal01.ogg	755a52a2dfb62967c75a5e72564b084d	48843
mods/heroes.stormmod/enus.stormassets/localizeddata/sounds/vo/stitches_lowlifeheal02.fxe	5fb7b6f666b239175c8f704687c1f2dc	2781
mods/heroes.stormmod/enus.stormassets/localizeddata/sounds/vo/stitches_lowlifeheal02.ogg	cd055f620006c6d7fc675274817702a2	53008
mods/heroes.stormmod/enus.stormassets/localizeddata/sounds/vo/stitches_lowmana00.fxe	a04e704f1c58b0f4c8df6fde819ddc9a	1161
mods/heroes.stormmod/enus.stormassets/localizeddata/sounds/vo/stitches_lowmana00.ogg	3b83ef32d23e91836cba76111c150fa6	33883
mods/heroes.stormmod/enus.stormassets/localizeddata/sounds/vo/stitches_lowmana01.fxe	403acfe1b2c035a6cf0eb83a16b92d66	1129
mods/heroes.stormmod/enus.stormassets/localizeddata/sounds/vo/stitches_lowmana01.ogg	39a4cd815e1b484a27c58432844cfae5	29505
mods/heroes.stormmod/enus.stormassets/localizeddata/sounds/vo/stitches_lowmana02.fxe	ed75e7f55bec7b17179c36c8620fd9fe	1513
mods/heroes.stormmod/enus.stormassets/localizeddata/sounds/vo/stitches_lowmana02.ogg	aee9fed9a2af85a8c71e80f0f62a8120	32914
mods/heroes.stormmod/enus.stormassets/localizeddata/sounds/vo/stitches_no00.fxe	dcf43c4f99e56264f24f564fcd31330e	1348
mods/heroes.stormmod/enus.stormassets/localizeddata/sounds/vo/stitches_no00.ogg	3a50da887cb8ba714579e61f54b264f7	32209
mods/heroes.stormmod/enus.stormassets/localizeddata/sounds/vo/stitches_no01.fxe	6b5a53652e787c205b15c1d54a29a047	1444
mods/heroes.stormmod/enus.stormassets/localizeddata/sounds/vo/stitches_no01.ogg	5d94b7294d5014baf3ea0614a05a8471	39361
mods/heroes.stormmod/enus.stormassets/localizeddata/sounds/vo/stitches_no02.fxe	71abcce28c35648123ded30c52e7fcda	1156
mods/heroes.stormmod/enus.stormassets/localizeddata/sounds/vo/stitches_no02.ogg	7f2fd4437381e0b30c8423b1c8921d71	36158
mods/heroes.stormmod/enus.stormassets/localizeddata/sounds/vo/stitches_ping_assisthero00.fxe	a66c96674511f2864a4c4c58685467b1	1281
mods/heroes.stormmod/enus.stormassets/localizeddata/sounds/vo/stitches_ping_assisthero00.ogg	04846908947b2d1301284d27acbc7c55	27034
mods/heroes.stormmod/enus.stormassets/localizeddata/sounds/vo/stitches_ping_assistme00.fxe	db600da1bfb2d2f8c3383c1813b254ec	863
mods/heroes.stormmod/enus.stormassets/localizeddata/sounds/vo/stitches_ping_assistme00.ogg	fd01c06bfe57a542a5154a09dc0922a5	39604
mods/heroes.stormmod/enus.stormassets/localizeddata/sounds/vo/stitches_ping_assistme01.fxe	9963ae55c8b330b6da3da11bc6a10c10	2239
mods/heroes.stormmod/enus.stormassets/localizeddata/sounds/vo/stitches_ping_assistme01.ogg	ac6f2fcce3745b26b63628739d04a0e1	45706
mods/heroes.stormmod/enus.stormassets/localizeddata/sounds/vo/stitches_ping_attackcastle00.fxe	fa5b5f9aa403cbd5adf61780b2023235	1875
mods/heroes.stormmod/enus.stormassets/localizeddata/sounds/vo/stitches_ping_attackcastle00.ogg	593b4c6d4add7961f3b3a3a9992013b3	51111
mods/heroes.stormmod/enus.stormassets/localizeddata/sounds/vo/stitches_ping_attackmerc00.fxe	7608a4a7daa4d67af6e2b29c90cdac26	1601
mods/heroes.stormmod/enus.stormassets/localizeddata/sounds/vo/stitches_ping_attackmerc00.ogg	3c062549a7dfe40930d85d57cbad7107	38062
mods/heroes.stormmod/enus.stormassets/localizeddata/sounds/vo/stitches_ping_attackoutpost00.fxe	28d030b53e96f4d3b70647f30f4189fb	1572
mods/heroes.stormmod/enus.stormassets/localizeddata/sounds/vo/stitches_ping_attackoutpost00.ogg	26209aa50ce6d8b642a09fb4f0fce7b6	35067
mods/heroes.stormmod/enus.stormassets/localizeddata/sounds/vo/stitches_ping_attacktower00.fxe	9d422b61cd750610d6a6151c275e7a69	2258
mods/heroes.stormmod/enus.stormassets/localizeddata/sounds/vo/stitches_ping_attacktower00.ogg	a8f9a4ce257cf915c4a2c305a0211e9e	38237
mods/heroes.stormmod/enus.stormassets/localizeddata/sounds/vo/stitches_ping_defendcastle00.fxe	065fcd3e1d9c439c087c79eb49431e03	1523
mods/heroes.stormmod/enus.stormassets/localizeddata/sounds/vo/stitches_ping_defendcastle00.ogg	2671bd9bf269dac109c82139081afd5f	32496
mods/heroes.stormmod/enus.stormassets/localizeddata/sounds/vo/stitches_ping_defendoutpost00.fxe	9dd03c33896bbe936c8bbe375eee9046	1540
mods/heroes.stormmod/enus.stormassets/localizeddata/sounds/vo/stitches_ping_defendoutpost00.ogg	23601101fcff03bb5985ba0efa212b1f	29462
mods/heroes.stormmod/enus.stormassets/localizeddata/sounds/vo/stitches_ping_defendtower00.fxe	299a1f8bcbf87cc7e9d66087b35c3267	1842
mods/heroes.stormmod/enus.stormassets/localizeddata/sounds/vo/stitches_ping_defendtower00.ogg	5bf6c39f83b37608fc5db18d60f7cc00	36753
mods/heroes.stormmod/enus.stormassets/localizeddata/sounds/vo/stitches_ping_killhero00.fxe	22fb5e68a0ff330c0c31679d901728b3	1311
mods/heroes.stormmod/enus.stormassets/localizeddata/sounds/vo/stitches_ping_killhero00.ogg	9df7587899753a6f13bc54582dba814a	27302
mods/heroes.stormmod/enus.stormassets/localizeddata/sounds/vo/stitches_pissed00.fxe	e4d374641df3ed48c6f91c9b172b841e	1240
mods/heroes.stormmod/enus.stormassets/localizeddata/sounds/vo/stitches_pissed00.ogg	14d3a23f8bc170922603ffe745cf02b4	31869
mods/heroes.stormmod/enus.stormassets/localizeddata/sounds/vo/stitches_pissed01.fxe	da59e0c585079556a0e11fdc6119d6d8	1928
mods/heroes.stormmod/enus.stormassets/localizeddata/sounds/vo/stitches_pissed01.ogg	a6695cd89a7d2a23b841ae089e3aac4d	33292
mods/heroes.stormmod/enus.stormassets/localizeddata/sounds/vo/stitches_pissed02.fxe	f51a13902e31223a73983e4b5cef9e45	3064
mods/heroes.stormmod/enus.stormassets/localizeddata/sounds/vo/stitches_pissed02.ogg	057c9d9786f810b76ac951c4e5245cee	65545
mods/heroes.stormmod/enus.stormassets/localizeddata/sounds/vo/stitches_pissed03.fxe	6b860d8132f35e719604162806d5ba87	3464
mods/heroes.stormmod/enus.stormassets/localizeddata/sounds/vo/stitches_pissed03.ogg	2484bf2b6f6e07e3ee20f0549b542b12	91652
mods/heroes.stormmod/enus.stormassets/localizeddata/sounds/vo/stitches_pissed04.fxe	d525edb37d880f808cf22deb07c39b0a	3240
mods/heroes.stormmod/enus.stormassets/localizeddata/sounds/vo/stitches_pissed04.ogg	54926f8df0a5cfe641e580273128c663	78535
mods/heroes.stormmod/enus.stormassets/localizeddata/sounds/vo/stitches_pissed05.fxe	af4127b9cf98ef0c29ffdfc44f24f732	1992
mods/heroes.stormmod/enus.stormassets/localizeddata/sounds/vo/stitches_pissed05.ogg	749f6843265b1d22f634206be708b640	60991
mods/heroes.stormmod/enus.stormassets/localizeddata/sounds/vo/stitches_pissed06.fxe	e919c06b75a4526e4a57c7511da8070d	1656
mods/heroes.stormmod/enus.stormassets/localizeddata/sounds/vo/stitches_pissed06.ogg	a9b7f1e8b795046353b92a5fb5ce5036	52363
mods/heroes.stormmod/enus.stormassets/localizeddata/sounds/vo/stitches_pissed07.fxe	38a24f554fa94909fd5f6706565b27a0	2360
mods/heroes.stormmod/enus.stormassets/localizeddata/sounds/vo/stitches_pissed07.ogg	36c25d211d792ede15a7bc72d47d4258	56572
mods/heroes.stormmod/enus.stormassets/localizeddata/sounds/vo/stitches_pissed08.fxe	c01abfa9586e50fb1e3d87ed8d3aaca5	4136
mods/heroes.stormmod/enus.stormassets/localizeddata/sounds/vo/stitches_pissed08.ogg	0fa3ade61e8b54ef4e0c62ed7f2cf273	91385
mods/heroes.stormmod/enus.stormassets/localizeddata/sounds/vo/stitches_pissed09.fxe	ed3dc551baac109aa1fe83e1a4133a19	1560
mods/heroes.stormmod/enus.stormassets/localizeddata/sounds/vo/stitches_pissed09.ogg	278907666cbad7ba611ac724a53facee	40762
mods/heroes.stormmod/enus.stormassets/localizeddata/sounds/vo/stitches_pissed10.fxe	7bac55cb6b1f2fd32e1a143d488e2eac	2120
mods/heroes.stormmod/enus.stormassets/localizeddata/sounds/vo/stitches_pissed10.ogg	d18499813b33c1986fe898cf2ac2fdd2	62869
mods/heroes.stormmod/enus.stormassets/localizeddata/sounds/vo/stitches_pissed11.fxe	1cc718277981561febbc6c4c8d5c3f2f	1576
mods/heroes.stormmod/enus.stormassets/localizeddata/sounds/vo/stitches_pissed11.ogg	5891b4b85f8b5d3728d3fbec3036ceb0	39667
mods/heroes.stormmod/enus.stormassets/localizeddata/sounds/vo/stitches_pissed12.fxe	77f7a9eb1a855bd46d801887a7a76444	2920
mods/heroes.stormmod/enus.stormassets/localizeddata/sounds/vo/stitches_pissed12.ogg	eae042d9681a84607a97623e2101f86a	68765
mods/heroes.stormmod/enus.stormassets/localizeddata/sounds/vo/stitches_pissed13.fxe	6d86b27bfaa0a327e129604b35ff4379	2232
mods/heroes.stormmod/enus.stormassets/localizeddata/sounds/vo/stitches_pissed13.ogg	eb1e4ce97cadff36df88da26d11a9285	67872
mods/heroes.stormmod/enus.stormassets/localizeddata/sounds/vo/stitches_pissed14.fxe	264a5508e0a3626b86e5c1e05148d3ca	2312
mods/heroes.stormmod/enus.stormassets/localizeddata/sounds/vo/stitches_pissed14.ogg	4baa28a868fb2da3991ab606611c5f4b	67404
mods/heroes.stormmod/enus.stormassets/localizeddata/sounds/vo/stitches_resurrected00.fxe	bf18696fab4d5920b4005dbacba40baf	2253
mods/heroes.stormmod/enus.stormassets/localizeddata/sounds/vo/stitches_resurrected00.ogg	16362d47443bdeab7467e9c66a7c8fef	57046
mods/heroes.stormmod/enus.stormassets/localizeddata/sounds/vo/stitches_resurrected01.fxe	5f932fd55ec81cd54682a3a693a9249c	1773
mods/heroes.stormmod/enus.stormassets/localizeddata/sounds/vo/stitches_resurrected01.ogg	06c188504459faa2be074c9d3603e8ac	41825
mods/heroes.stormmod/enus.stormassets/localizeddata/sounds/vo/stitches_revengeend01.fxe	3b5f3bbaf91ef44623db79f0533ca7b9	1676
mods/heroes.stormmod/enus.stormassets/localizeddata/sounds/vo/stitches_revengeend01.ogg	2904ccfc2a474f8d6b29bc9ae2800404	36068
mods/heroes.stormmod/enus.stormassets/localizeddata/sounds/vo/stitches_revive00.fxe	c776c2867d57cb5ba80e7856c2abc36d	1960
mods/heroes.stormmod/enus.stormassets/localizeddata/sounds/vo/stitches_revive00.ogg	8b649ef2a8b7da244fe4cfa10cf87fa0	52739
mods/heroes.stormmod/enus.stormassets/localizeddata/sounds/vo/stitches_revive01.fxe	f28893fabcc759ff0fe4dfd578db9b63	1240
mods/heroes.stormmod/enus.stormassets/localizeddata/sounds/vo/stitches_revive01.ogg	9d02aaa2ef18cc8d1de39cde1c301107	33482
mods/heroes.stormmod/enus.stormassets/localizeddata/sounds/vo/stitches_revive02.fxe	04a6d92f6fcfef320be58a802ab7c1fb	2024
mods/heroes.stormmod/enus.stormassets/localizeddata/sounds/vo/stitches_revive02.ogg	dfc1c7decbfb0a14617e92e024b172bc	35850
mods/heroes.stormmod/enus.stormassets/localizeddata/sounds/vo/stitches_social_thanks01.fxe	39e2b1451d6cf34e71b0562c0285ce70	1295
mods/heroes.stormmod/enus.stormassets/localizeddata/sounds/vo/stitches_social_thanks01.ogg	5cf0d25cf429c6010e7bbd8c5a3ae5d4	30821
mods/heroes.stormmod/enus.stormassets/localizeddata/sounds/vo/stitches_spec00.fxe	daf44c61583c68c84c0a64dae6cdceee	1062
mods/heroes.stormmod/enus.stormassets/localizeddata/sounds/vo/stitches_spec00.ogg	8815e5b36eb42c5771ab3aab7fbad2b0	34837
mods/heroes.stormmod/enus.stormassets/localizeddata/sounds/vo/stitches_spec01.fxe	7a3873f4e4cc1523865648227ea385e4	1318
mods/heroes.stormmod/enus.stormassets/localizeddata/sounds/vo/stitches_spec01.ogg	e6bf300b39ef9c26dad4a264757915d5	40399
mods/heroes.stormmod/enus.stormassets/localizeddata/sounds/vo/stitches_spec02.fxe	1cc5ae2026caf1fbb88642af0c07bb9e	1686
mods/heroes.stormmod/enus.stormassets/localizeddata/sounds/vo/stitches_spec02.ogg	9bf1541da009b2aa015ba5436d2973d4	42994
mods/heroes.stormmod/enus.stormassets/localizeddata/sounds/vo/stitches_spec03.fxe	eb49c369a7341546dbe63c1568db1223	2950
mods/heroes.stormmod/enus.stormassets/localizeddata/sounds/vo/stitches_spec03.ogg	c31cc0e3b544044b1075f10ed6e94499	47979
mods/heroes.stormmod/enus.stormassets/localizeddata/sounds/vo/stitches_spec04.fxe	ad40ec0e124962aebb4c47a2a5b4bd02	2006
mods/heroes.stormmod/enus.stormassets/localizeddata/sounds/vo/stitches_spec04.ogg	8974893d839ada00420dc1055b8eef48	41851
mods/heroes.stormmod/enus.stormassets/localizeddata/sounds/vo/stitches_taunt00.fxe	c4c5b9f6847bf76a5b4f01cd02496fcf	2135
mods/heroes.stormmod/enus.stormassets/localizeddata/sounds/vo/stitches_taunt00.ogg	875dad0ee65a6cfc5146f9309a7ba0f3	48410
mods/heroes.stormmod/enus.stormassets/localizeddata/sounds/vo/stitches_taunt01.fxe	010388a45ee8428a761cab4eff529ef9	1879
mods/heroes.stormmod/enus.stormassets/localizeddata/sounds/vo/stitches_taunt01.ogg	f8e99e4521dac0ca53a654af6ac7f74b	51298
mods/heroes.stormmod/enus.stormassets/localizeddata/sounds/vo/stitches_taunt02.fxe	0b9a91fcfcb7390bd813272c1a33c183	1239
mods/heroes.stormmod/enus.stormassets/localizeddata/sounds/vo/stitches_taunt02.ogg	8a1e2fac85f0aa03e4ac3c1a0ab7e3bf	46575
mods/heroes.stormmod/enus.stormassets/localizeddata/sounds/vo/stitches_teamkilled00.fxe	6092a03fd44712557b810ab7fddc3d8a	2380
mods/heroes.stormmod/enus.stormassets/localizeddata/sounds/vo/stitches_teamkilled00.ogg	44c0d55933df335ead017035ebb249de	59674
mods/heroes.stormmod/enus.stormassets/localizeddata/sounds/vo/stitches_ui_exlocked00.fxe	fae582a1afd19c0d4d03e64274842d1c	1373
mods/heroes.stormmod/enus.stormassets/localizeddata/sounds/vo/stitches_ui_exlocked00.ogg	77392d52e7916f5609972637062180d6	43010
mods/heroes.stormmod/enus.stormassets/localizeddata/sounds/vo/stitches_ui_expurchased00.fxe	c5237a385783b217b685fb24f0f6be15	1680
mods/heroes.stormmod/enus.stormassets/localizeddata/sounds/vo/stitches_ui_expurchased00.ogg	8a28d55080f93272ac528a078e9330e8	43722
mods/heroes.stormmod/enus.stormassets/localizeddata/sounds/vo/stitches_ui_gift00.fxe	954236576bad5b3373c380186f13928e	1337
mods/heroes.stormmod/enus.stormassets/localizeddata/sounds/vo/stitches_ui_gift00.ogg	c32432347d9b9621842aafce748c6c71	44638
mods/heroes.stormmod/enus.stormassets/localizeddata/sounds/vo/stitches_ui_lockin00.fxe	dca15638f2a012965428e02db81d95d0	1851
mods/heroes.stormmod/enus.stormassets/localizeddata/sounds/vo/stitches_ui_lockin00.ogg	7ea2aeace8a597ccb46ec82b4076658a	39596
mods/heroes.stormmod/enus.stormassets/localizeddata/sounds/vo/stitches_ui_purchase00.fxe	1ccf40554ab36ec93060ceb948f868a1	2397
mods/heroes.stormmod/enus.stormassets/localizeddata/sounds/vo/stitches_ui_purchase00.ogg	fcdfb6b9b077e088e2f2469389f88d92	58459
mods/heroes.stormmod/enus.stormassets/localizeddata/sounds/vo/stitches_ui_trial00.fxe	04fbff720861218ff2943607554a1bac	2154
mods/heroes.stormmod/enus.stormassets/localizeddata/sounds/vo/stitches_ui_trial00.ogg	265981112aa0836d853668ca6c950af3	42990
mods/heroes.stormmod/enus.stormassets/localizeddata/sounds/vo/stitches_ui_trial01.fxe	8301d59b6c3ab18da30c4d2124d9a0c2	1530
mods/heroes.stormmod/enus.stormassets/localizeddata/sounds/vo/stitches_ui_trial01.ogg	d87eef3b548c2b039deb3f135f442f46	39460
mods/heroes.stormmod/enus.stormassets/localizeddata/sounds/vo/stitches_ui_waitlocked00.fxe	ebfb799c53be5c4c5e9779e03a054c92	2815
mods/heroes.stormmod/enus.stormassets/localizeddata/sounds/vo/stitches_ui_waitlocked00.ogg	cc9ffe659bba08ac2c145673eb4a8573	49199
mods/heroes.stormmod/enus.stormassets/localizeddata/sounds/vo/stitches_ui_waitlocked01.fxe	b06973d7c08a4e07331bbddc0d64366c	1983
mods/heroes.stormmod/enus.stormassets/localizeddata/sounds/vo/stitches_ui_waitlocked01.ogg	d63199bd6cd9d1cfd1f9a2389fc2ce3b	56064
mods/heroes.stormmod/enus.stormassets/localizeddata/sounds/vo/stitches_ui_waitpurchased00.fxe	1325bf47277f02c260f8ea155c817b24	1266
mods/heroes.stormmod/enus.stormassets/localizeddata/sounds/vo/stitches_ui_waitpurchased00.ogg	aeb81516fbef579d901a38cd055ac2ca	41292
mods/heroes.stormmod/enus.stormassets/localizeddata/sounds/vo/stitches_ui_waitpurchased01.fxe	fff75a98cb3c08e0ddef045aacc5fb15	2754
mods/heroes.stormmod/enus.stormassets/localizeddata/sounds/vo/stitches_ui_waitpurchased01.ogg	5b96f797d06391466d9f74dd4d1588ec	47270
mods/heroes.stormmod/enus.stormassets/localizeddata/sounds/vo/stitches_ultimate1used00.fxe	02554de997479ea577ab8ceda459976a	1087
mods/heroes.stormmod/enus.stormassets/localizeddata/sounds/vo/stitches_ultimate1used00.ogg	817a8b0d08efad04b840ace761f8752a	55382
mods/heroes.stormmod/enus.stormassets/localizeddata/sounds/vo/stitches_ultimate2used00.fxe	19ab4b60885c77c939208e361ee7af64	1407
mods/heroes.stormmod/enus.stormassets/localizeddata/sounds/vo/stitches_ultimate2used00.ogg	302ca7e3f3aeab10216e2ab1ba39b4c1	32839
mods/heroes.stormmod/enus.stormassets/localizeddata/sounds/vo/stitches_ultimate2used01.fxe	1db8fe7e4b9e5b1db0b5e61137765e86	1343
mods/heroes.stormmod/enus.stormassets/localizeddata/sounds/vo/stitches_ultimate2used01.ogg	794b8c1a7c9cd535aa9e10759128c6ab	47431
mods/heroes.stormmod/enus.stormassets/localizeddata/sounds/vo/stitches_voicelinefive00.ogg	a9a30b46738c42e2c718b50e79cdc643	44948
mods/heroes.stormmod/enus.stormassets/localizeddata/sounds/vo/stitches_voicelinefour00.ogg	ccefa737fd155c9f076a8f86d56e95e1	30741
mods/heroes.stormmod/enus.stormassets/localizeddata/sounds/vo/stitches_voicelineone00.ogg	ca99e0f40142e3cb8550eac1089a175a	34959
mods/heroes.stormmod/enus.stormassets/localizeddata/sounds/vo/stitches_voicelinethree00.ogg	ee5507ee89ea93aeb34a1ca04fb38bcd	32182
mods/heroes.stormmod/enus.stormassets/localizeddata/sounds/vo/stitches_voicelinetwo00.ogg	95c0e3c27f0bc75ca9bc322f60cc3575	44813
mods/heroes.stormmod/enus.stormassets/localizeddata/sounds/vo/stitches_vox_angrygrowl00.fxe	6326572866a883ccf09a5d8e5b413e93	1744
mods/heroes.stormmod/enus.stormassets/localizeddata/sounds/vo/stitches_vox_angrygrowl00.ogg	32a64a5099c59b968113f2b92b61190c	27606
mods/heroes.stormmod/enus.stormassets/localizeddata/sounds/vo/stitches_vox_angrygrowl01.fxe	a41986fc996de3118148524e6d4bd29a	2752
mods/heroes.stormmod/enus.stormassets/localizeddata/sounds/vo/stitches_vox_angrygrowl01.ogg	c8d971028082c1d81223097b1536e1da	39442
mods/heroes.stormmod/enus.stormassets/localizeddata/sounds/vo/stitches_vox_angrygrowl02.fxe	c0388a8186036d448946a178b5356e46	1856
mods/heroes.stormmod/enus.stormassets/localizeddata/sounds/vo/stitches_vox_angrygrowl02.ogg	e998d4643820e5a00b8d28816178e01b	28334
mods/heroes.stormmod/enus.stormassets/localizeddata/sounds/vo/stitches_vox_angrygrowl03.ogg	bd18e3d29246e00cd45b43c51a0c262c	41408
mods/heroes.stormmod/enus.stormassets/localizeddata/sounds/vo/stitches_vox_angrygrowl04.ogg	6964d6eee3f488e24dfee7345118c085	19190
mods/heroes.stormmod/enus.stormassets/localizeddata/sounds/vo/stitches_vox_angrygrowl05.ogg	422fe9e976ea69b8d060e9bbea035aef	27572
mods/heroes.stormmod/enus.stormassets/localizeddata/sounds/vo/stitches_vox_angrygrowl06.ogg	b53084643ad11a98265678e9997f6f38	29549
mods/heroes.stormmod/enus.stormassets/localizeddata/sounds/vo/stitches_vox_angrygrowl07.ogg	713f182dd94bfafdc233574f0877f2aa	32762
mods/heroes.stormmod/enus.stormassets/localizeddata/sounds/vo/stitches_vox_attack00.fxe	9e7efbe06ae2c09a455fd802324ebf51	1916
mods/heroes.stormmod/enus.stormassets/localizeddata/sounds/vo/stitches_vox_attack00.ogg	44ccd8be057ecd026448275b1f5d0b27	24468
mods/heroes.stormmod/enus.stormassets/localizeddata/sounds/vo/stitches_vox_attack01.fxe	6639ae810e7bfef30897005ff24d7151	1612
mods/heroes.stormmod/enus.stormassets/localizeddata/sounds/vo/stitches_vox_attack01.ogg	8d784b337d1eab2d4d632682fa1ddb00	20818
mods/heroes.stormmod/enus.stormassets/localizeddata/sounds/vo/stitches_vox_attack02.fxe	3d4270271910ced4aed6cd300d8ec787	1436
mods/heroes.stormmod/enus.stormassets/localizeddata/sounds/vo/stitches_vox_attack02.ogg	d4946f994feb757b9c55e1bc04330744	22845
mods/heroes.stormmod/enus.stormassets/localizeddata/sounds/vo/stitches_vox_attack03.fxe	e185d78cf99595b4ada7ae832e05e1fc	1964
mods/heroes.stormmod/enus.stormassets/localizeddata/sounds/vo/stitches_vox_attack03.ogg	bd1e04f51473b91b82c7e3db7c139bbb	25925
mods/heroes.stormmod/enus.stormassets/localizeddata/sounds/vo/stitches_vox_attack04.fxe	d75fcd83b102911ad0a66bfde6c62c81	2188
mods/heroes.stormmod/enus.stormassets/localizeddata/sounds/vo/stitches_vox_attack04.ogg	25c15590b32857f197ecfac2629f27f9	31048
mods/heroes.stormmod/enus.stormassets/localizeddata/sounds/vo/stitches_vox_attack05.ogg	59f13b4926069037b46f182ea21a76ea	19858
mods/heroes.stormmod/enus.stormassets/localizeddata/sounds/vo/stitches_vox_attack06.ogg	a61e40dba71e985882bcc413a5d7a17b	14812
mods/heroes.stormmod/enus.stormassets/localizeddata/sounds/vo/stitches_vox_attack07.ogg	d3198ad9f0e9c05dc9c23b5408b32535	22164
mods/heroes.stormmod/enus.stormassets/localizeddata/sounds/vo/stitches_vox_attack10.ogg	0934f7fa9ca49eb1d8da264533a22326	17241
mods/heroes.stormmod/enus.stormassets/localizeddata/sounds/vo/stitches_vox_attack11.ogg	c06469eb0ee3910e8164a6eacbe0467d	16587
mods/heroes.stormmod/enus.stormassets/localizeddata/sounds/vo/stitches_vox_attack12.ogg	ad65617292ecda4c71f18f76f059b281	13448
mods/heroes.stormmod/enus.stormassets/localizeddata/sounds/vo/stitches_vox_attack13.ogg	c55b66548e34108a4add8388a516bf43	18174
mods/heroes.stormmod/enus.stormassets/localizeddata/sounds/vo/stitches_vox_casting00.fxe	89f6893506083452798b8735b38b5573	1293
mods/heroes.stormmod/enus.stormassets/localizeddata/sounds/vo/stitches_vox_casting00.ogg	4eb99dcfab5c08da0a4003895bb9c10d	22640
mods/heroes.stormmod/enus.stormassets/localizeddata/sounds/vo/stitches_vox_casting01.fxe	472bb4d16de3e38f49e4b2889ec7941c	1309
mods/heroes.stormmod/enus.stormassets/localizeddata/sounds/vo/stitches_vox_casting01.ogg	386fd4fd34cc84c7f437dd455debefc2	21605
mods/heroes.stormmod/enus.stormassets/localizeddata/sounds/vo/stitches_vox_casting02.fxe	a3f3dbaa50344f0c3117c9308dcaba4e	1133
mods/heroes.stormmod/enus.stormassets/localizeddata/sounds/vo/stitches_vox_casting02.ogg	e8d5030cd7ee26455844a201de99f803	14184
mods/heroes.stormmod/enus.stormassets/localizeddata/sounds/vo/stitches_vox_casting03.fxe	2740ea10f02fa6d4fbece8cd8b8f8afe	1885
mods/heroes.stormmod/enus.stormassets/localizeddata/sounds/vo/stitches_vox_casting03.ogg	6135be0aae5cad620ac70651cdf298d4	34170
mods/heroes.stormmod/enus.stormassets/localizeddata/sounds/vo/stitches_vox_casting04.fxe	79c1d09024c3bc8ea3886ed033a72f51	2621
mods/heroes.stormmod/enus.stormassets/localizeddata/sounds/vo/stitches_vox_casting04.ogg	7813a7ef68c7e5004914cdafc30e68af	53552
mods/heroes.stormmod/enus.stormassets/localizeddata/sounds/vo/stitches_vox_casting05.fxe	28b6205705697d0fe8435993eea8d87a	1533
mods/heroes.stormmod/enus.stormassets/localizeddata/sounds/vo/stitches_vox_casting05.ogg	ae4033df7053795219391a0192eef437	20729
mods/heroes.stormmod/enus.stormassets/localizeddata/sounds/vo/stitches_vox_casting06.ogg	e53bf76ea17d9acb14c338dd53041581	28943
mods/heroes.stormmod/enus.stormassets/localizeddata/sounds/vo/stitches_vox_casting07.ogg	761bb32f473f2193a505c1830ad4df7b	17933
mods/heroes.stormmod/enus.stormassets/localizeddata/sounds/vo/stitches_vox_castingc00.fxe	3ccc3699d23ee40eca8ad1052d0a7be7	654
mods/heroes.stormmod/enus.stormassets/localizeddata/sounds/vo/stitches_vox_castingc01.fxe	131f726a8192e52d3087ebb72d8457b0	654
mods/heroes.stormmod/enus.stormassets/localizeddata/sounds/vo/stitches_vox_castingc02.fxe	392724bc059854732f1ba3402571ff96	654
mods/heroes.stormmod/enus.stormassets/localizeddata/sounds/vo/stitches_vox_castingc03.fxe	ab0549527bb8676c29533072b0409c35	654
mods/heroes.stormmod/enus.stormassets/localizeddata/sounds/vo/stitches_vox_castingc04.fxe	892c6066171a5f99f0897a02fb62bc79	654
mods/heroes.stormmod/enus.stormassets/localizeddata/sounds/vo/stitches_vox_cheer00.fxe	f3bd536157121c5841785cea569fbaae	2603
mods/heroes.stormmod/enus.stormassets/localizeddata/sounds/vo/stitches_vox_cheer00.ogg	8eb66a388910f363912e6120808b1ace	27034
mods/heroes.stormmod/enus.stormassets/localizeddata/sounds/vo/stitches_vox_cheer00_alt.fxe	6a79f1d9b722eda8ed88929aef31ff5b	1743
mods/heroes.stormmod/enus.stormassets/localizeddata/sounds/vo/stitches_vox_cheer00_alt.ogg	05c0164565503a203ce930ab261c64a9	29833
mods/heroes.stormmod/enus.stormassets/localizeddata/sounds/vo/stitches_vox_eat00.fxe	1a144b4b9de07f85521bf67faf19c83d	649
mods/heroes.stormmod/enus.stormassets/localizeddata/sounds/vo/stitches_vox_eat01.fxe	c7b9a7a917f0db272691373ddc29a9d5	649
mods/heroes.stormmod/enus.stormassets/localizeddata/sounds/vo/stitches_vox_eat02.fxe	946459251e993f6b57cbf53878f10a24	649
mods/heroes.stormmod/enus.stormassets/localizeddata/sounds/vo/stitches_vox_gethit00.fxe	32a2b5651933fde9842b88e21029f085	1052
mods/heroes.stormmod/enus.stormassets/localizeddata/sounds/vo/stitches_vox_gethit00.ogg	bb061f672ab800f08f7af53678fa1164	10988
mods/heroes.stormmod/enus.stormassets/localizeddata/sounds/vo/stitches_vox_gethit01.fxe	e5cdfe1b325a899b2c770ad2fc875b11	1068
mods/heroes.stormmod/enus.stormassets/localizeddata/sounds/vo/stitches_vox_gethit01.ogg	29232476a2f16187de70a1488e2aeb2f	13978
mods/heroes.stormmod/enus.stormassets/localizeddata/sounds/vo/stitches_vox_gethit02.fxe	6be8bf674e85a2065ea512a15b4e2f65	1340
mods/heroes.stormmod/enus.stormassets/localizeddata/sounds/vo/stitches_vox_gethit02.ogg	6e99f949fe6b00e2ba97e6f9a863b272	14897
mods/heroes.stormmod/enus.stormassets/localizeddata/sounds/vo/stitches_vox_gethit03.fxe	de7d3fea5e3d8169fe88eab4adc4ba02	1340
mods/heroes.stormmod/enus.stormassets/localizeddata/sounds/vo/stitches_vox_gethit03.ogg	6110a0d2e290a5b89d80545442f247cc	15939
mods/heroes.stormmod/enus.stormassets/localizeddata/sounds/vo/stitches_vox_gethit04.fxe	d58ec44ee8a630e8c171ad70b77e6e19	1356
mods/heroes.stormmod/enus.stormassets/localizeddata/sounds/vo/stitches_vox_gethit04.ogg	03db0021021806823a09d20582144440	16833
mods/heroes.stormmod/enus.stormassets/localizeddata/sounds/vo/stitches_vox_gethit05.fxe	87dfff73ca167d18030f8f60dc7e1a01	1116
mods/heroes.stormmod/enus.stormassets/localizeddata/sounds/vo/stitches_vox_gethit05.ogg	90e6a4dabc8dbcfb98cf86bce484f418	12451
mods/heroes.stormmod/enus.stormassets/localizeddata/sounds/vo/stitches_vox_gethit06.fxe	d21d2aca7e78070ac7ff862c538f20f7	1436
mods/heroes.stormmod/enus.stormassets/localizeddata/sounds/vo/stitches_vox_gethit06.ogg	52e7c1ea466ba032014a4ef9498dbb38	19677
mods/heroes.stormmod/enus.stormassets/localizeddata/sounds/vo/stitches_vox_gethit07.fxe	940fbffb028f032e772d7b4bf4bcf60b	1244
mods/heroes.stormmod/enus.stormassets/localizeddata/sounds/vo/stitches_vox_gethit07.ogg	f39d120755825caee1fb5cfaae5f31d1	20581
mods/heroes.stormmod/enus.stormassets/localizeddata/sounds/vo/stitches_vox_gethit08.fxe	e2e8885403726fc26e77894c9956a17c	1324
mods/heroes.stormmod/enus.stormassets/localizeddata/sounds/vo/stitches_vox_gethit08.ogg	9d63c484d2fe416c9a709258c978ba08	14324
mods/heroes.stormmod/enus.stormassets/localizeddata/sounds/vo/stitches_vox_gethit09.fxe	ad003b889d5a82ef4f0648dc941b05b2	1276
mods/heroes.stormmod/enus.stormassets/localizeddata/sounds/vo/stitches_vox_gethit09.ogg	583a4c8056fa1368ef7a5423774ec652	11203
mods/heroes.stormmod/enus.stormassets/localizeddata/sounds/vo/stitches_vox_gethit10.ogg	a73e1698ba4634978e18c2f480d62b68	16731
mods/heroes.stormmod/enus.stormassets/localizeddata/sounds/vo/stitches_vox_laugh06.ogg	06c6e00362637492cf0d5be3ef65e00d	22034
mods/heroes.stormmod/enus.stormassets/localizeddata/sounds/vo/stitches_vox_laugh07.ogg	d245f76a0ac64e594f77f83d1d86bb40	28262
mods/heroes.stormmod/enus.stormassets/localizeddata/sounds/vo/stitches_vox_laugh08.fxe	7aa6e0b74e6a1a02c30de607042b1a5c	1595
mods/heroes.stormmod/enus.stormassets/localizeddata/sounds/vo/stitches_vox_laugh08.ogg	fbdba3b4b0ee746c5679f955d289ace5	34332
mods/heroes.stormmod/enus.stormassets/localizeddata/sounds/vo/stitches_vox_mellowgrowl00.fxe	7e936e2485c67c42cfe52efd7d89e543	3185
mods/heroes.stormmod/enus.stormassets/localizeddata/sounds/vo/stitches_vox_mellowgrowl00.ogg	dc9c8893bd5b4828c36e24da5ebc26b6	73917
mods/heroes.stormmod/enus.stormassets/localizeddata/sounds/vo/stitches_vox_mellowgrowl01.fxe	b0a7420bd8aa8d1114122046237690ed	4433
mods/heroes.stormmod/enus.stormassets/localizeddata/sounds/vo/stitches_vox_mellowgrowl01.ogg	7ce89f47765cae91d6700b0470bb10da	68231
mods/heroes.stormmod/enus.stormassets/localizeddata/sounds/vo/stitches_vox_mellowgrowl02.ogg	b336e96712388b33ce3aedfe53c1489c	50212
mods/heroes.stormmod/enus.stormassets/localizeddata/sounds/vo/stitches_vox_pulled00.fxe	cf33ff326a6fa463e9bce52296a221cf	876
mods/heroes.stormmod/enus.stormassets/localizeddata/sounds/vo/stitches_vox_pulled00.ogg	9125039c26666146bdabfa219a0820a5	15931
mods/heroes.stormmod/enus.stormassets/localizeddata/sounds/vo/stitches_vox_pulled01.fxe	35e2baa6dbc1b368062f2ac41ce4b656	1420
mods/heroes.stormmod/enus.stormassets/localizeddata/sounds/vo/stitches_vox_pulled01.ogg	af43d0a4f68cbf8222eaafdb291e4248	15233
mods/heroes.stormmod/enus.stormassets/localizeddata/sounds/vo/stitches_vox_pulled02.ogg	f1721f6a0ce4c56e1171c91d11682ae2	17657
mods/heroes.stormmod/enus.stormassets/localizeddata/sounds/vo/stitches_vox_pulled03.ogg	7d931f033b04d34b015d230416ba2428	11892
mods/heroes.stormmod/enus.stormassets/localizeddata/sounds/vo/stitches_vox_pulled04.ogg	4edee0ca8e5c5c89b0675b7e1c31040a	22493
mods/heroes.stormmod/enus.stormassets/localizeddata/sounds/vo/stitches_vox_pulled05.ogg	d4d5901d927b0e37842559ca5e199a49	18736
mods/heroes.stormmod/enus.stormassets/localizeddata/sounds/vo/stitches_vox_pulled06.ogg	3cddd8389ec33af40d1901327f1634c3	12905
mods/heroes.stormmod/enus.stormassets/localizeddata/sounds/vo/stitches_vox_putridbile00.ogg	0aa1a389a75643ccfc2f425f4665ed76	27344
mods/heroes.stormmod/enus.stormassets/localizeddata/sounds/vo/stitches_vox_putridbile01.ogg	cdb5f6535e423772afe35069c94a17bc	18519
mods/heroes.stormmod/enus.stormassets/localizeddata/sounds/vo/stitches_vox_putridbile02.ogg	7c2f2c4eb7bb4ff7f79ca4edf52fffd2	15698
mods/heroes.stormmod/enus.stormassets/localizeddata/sounds/vo/stitches_vox_putridbile03.ogg	ec5183cb70f9a7ced3a6916e5102fd19	27194
mods/heroes.stormmod/enus.stormassets/localizeddata/sounds/vo/stitches_vox_putridbile04.ogg	97d862b324c556394817f1614f35008b	28512
mods/heroes.stormmod/enus.stormassets/localizeddata/sounds/vo/stitches_vox_putridbile05.ogg	30a5bc9b6a8775268eb7071506e44875	23599
mods/heroes.stormmod/enus.stormassets/localizeddata/sounds/vo/stitches_vox_retchling00.fxe	39c6d8e6c101d32a185784c8bea39091	5519
mods/heroes.stormmod/enus.stormassets/localizeddata/sounds/vo/stitches_vox_retchling00.ogg	3c596527a0c6b10e814dfe46c30b5d4d	66030
mods/heroes.stormmod/enus.stormassets/localizeddata/sounds/vo/stitches_vox_retchling01.fxe	ca9394976f286235af83613ba749d75e	3391
mods/heroes.stormmod/enus.stormassets/localizeddata/sounds/vo/stitches_vox_retchling01.ogg	63bf26741a10e299c3ed176e5e531639	46557
mods/heroes.stormmod/enus.stormassets/localizeddata/sounds/vo/stitches_vox_retchling02.fxe	e5842efecf8337d3b302534ccd2a38d3	4495
mods/heroes.stormmod/enus.stormassets/localizeddata/sounds/vo/stitches_vox_retchling02.ogg	a5e050c1f2437d083cb51bccb2a70427	69150
mods/heroes.stormmod/enus.stormassets/localizeddata/sounds/vo/stitches_vox_retchling03.fxe	b72e3e13b0e48a9f28bbf07738710e07	2943
mods/heroes.stormmod/enus.stormassets/localizeddata/sounds/vo/stitches_vox_retchling03.ogg	608d2c98b703922fa90aa593dfb8af23	57787
mods/heroes.stormmod/enus.stormassets/localizeddata/sounds/vo/stitches_vox_retchling04.fxe	36806dd97dab57488aeeeb39f6dbcb0b	2191
mods/heroes.stormmod/enus.stormassets/localizeddata/sounds/vo/stitches_vox_retchling04.ogg	8f5efbd0ac31ebbe468acb487f55807f	26449
mods/heroes.stormmod/enus.stormassets/localizeddata/sounds/vo/stitches_worthit00.fxe	16ce65fa5435661618fae16f38e3714e	1433
mods/heroes.stormmod/enus.stormassets/localizeddata/sounds/vo/stitches_worthit00.ogg	e3bba42069d50c73cd2745d82bf3ecd6	42426
mods/heroes.stormmod/enus.stormassets/localizeddata/sounds/vo/stitches_worthit01.fxe	9fdb0ee0696fa95dfa051e2567cd2077	2169
mods/heroes.stormmod/enus.stormassets/localizeddata/sounds/vo/stitches_worthit01.ogg	fb8d794f3d7458b7d358356573a5e6bc	55703
mods/heroes.stormmod/enus.stormassets/localizeddata/sounds/vo/stitches_yes00.fxe	8c9cfbd4ee582f61ea82af4b0e91ce8d	1685
mods/heroes.stormmod/enus.stormassets/localizeddata/sounds/vo/stitches_yes00.ogg	eb3505ed9da48b453284469575a7aad7	46535
mods/heroes.stormmod/enus.stormassets/localizeddata/sounds/vo/stitches_yes01.fxe	64b51e386e4451cbcae1afb9e1215672	677
mods/heroes.stormmod/enus.stormassets/localizeddata/sounds/vo/stitches_yes01.ogg	a649a31de8499dc7c6e6b9bad8fa55c2	32923
mods/heroes.stormmod/enus.stormassets/localizeddata/sounds/vo/stitches_yes02.fxe	da009f6ad63b14a7145c9d296c3178d3	1461
mods/heroes.stormmod/enus.stormassets/localizeddata/sounds/vo/stitches_yes02.ogg	09c8d0a4b312b90bcb4c1ae0840dfc7b	38224
mods/heroes.stormmod/enus.stormassets/localizeddata/sounds/vo/stitches_yes03.fxe	ecc898bcabe40991b9400a8f36689188	1045
mods/heroes.stormmod/enus.stormassets/localizeddata/sounds/vo/stitches_yes03.ogg	f8c9f17563f0a321c89e716f373c91f1	20836
mods/heroes.stormmod/enus.stormassets/localizeddata/sounds/vo/stitches_yes04.fxe	abb4b14896ca58646975c69cb2760ec9	1701
mods/heroes.stormmod/enus.stormassets/localizeddata/sounds/vo/stitches_yes04.ogg	c05b9d13e946b3570f58e167e9053ad0	43147
mods/heroes.stormmod/enus.stormassets/localizeddata/sounds/vo/stitches_yes05.fxe	1964b9903ee154ac6468362e6ae89054	853
mods/heroes.stormmod/enus.stormassets/localizeddata/sounds/vo/stitches_yes05.ogg	1493fb57ae8ed840e4ee5592669a498c	23895
mods/heroes.stormmod/enus.stormassets/localizeddata/sounds/vo/stitches_yes06.fxe	98f20612f5e2f998a354fd104f9858c1	1285
mods/heroes.stormmod/enus.stormassets/localizeddata/sounds/vo/stitches_yes06.ogg	ea7c1d8c249020dbe59a4a9fed40df43	20425
mods/heroes.stormmod/enus.stormassets/localizeddata/sounds/vo/stitches_yes07.fxe	8786ec1b3cda4776db73d37ce3f3b14f	837
mods/heroes.stormmod/enus.stormassets/localizeddata/sounds/vo/stitches_yes07.ogg	ef218ee8e1031302e4d6e28e493e908e	22173
mods/heroes.stormmod/enus.stormassets/localizeddata/sounds/vo/stitches_yes08.fxe	8791650bb106eb730b40af24b3b5bc58	949
mods/heroes.stormmod/enus.stormassets/localizeddata/sounds/vo/stitches_yes08.ogg	b5aa83c215fc78388261a276d98e50be	27556
mods/heroes.stormmod/enus.stormassets/localizeddata/sounds/vo/stitchesa_castleattack_blue00.fxe	1c45a5f2b3b7a41b5bee0e227467fdf2	1972
mods/heroes.stormmod/enus.stormassets/localizeddata/sounds/vo/stitchesa_castleattack_blue00.ogg	d72b80f59dc8c859d6fcdc72543b0b9b	55342
mods/heroes.stormmod/enus.stormassets/localizeddata/sounds/vo/stitchesa_castleattack_red00.fxe	e851919abd0bc8fc09159fca3926f7ab	2099
mods/heroes.stormmod/enus.stormassets/localizeddata/sounds/vo/stitchesa_castleattack_red00.ogg	dab6981f8fd3dcdc4e48f05dc6920ad8	55150
mods/heroes.stormmod/enus.stormassets/localizeddata/sounds/vo/stitchesa_castleattackally00.fxe	8a6aa275b7d65816f452a28ea389a12a	1523
mods/heroes.stormmod/enus.stormassets/localizeddata/sounds/vo/stitchesa_castleattackally00.ogg	c6838014541ef0c9d25c2e6c1799826c	37547
mods/heroes.stormmod/enus.stormassets/localizeddata/sounds/vo/stitchesa_castleattackally01.fxe	fb57fec1c5e3f22b2b0d978255f9faa6	1539
mods/heroes.stormmod/enus.stormassets/localizeddata/sounds/vo/stitchesa_castleattackally01.ogg	b4bb0e65c56d315da55cfe4f44bd002a	41020
mods/heroes.stormmod/enus.stormassets/localizeddata/sounds/vo/stitchesa_countdown10sec00.fxe	04aa5bbee75650f9ec2e364845b90a5f	1345
mods/heroes.stormmod/enus.stormassets/localizeddata/sounds/vo/stitchesa_countdown10sec00.ogg	ff0616115e96df6ba1abcafe53860fc8	35151
mods/heroes.stormmod/enus.stormassets/localizeddata/sounds/vo/stitchesa_countdown1sec00.fxe	c1e45ade99c0b51e9b2cfa5954a0c862	864
mods/heroes.stormmod/enus.stormassets/localizeddata/sounds/vo/stitchesa_countdown1sec00.ogg	7d698dfcc2a8e850f20591ead1480d01	34657
mods/heroes.stormmod/enus.stormassets/localizeddata/sounds/vo/stitchesa_countdown2sec00.fxe	11d2ff7d9b06c2ed16cad204601d4abb	864
mods/heroes.stormmod/enus.stormassets/localizeddata/sounds/vo/stitchesa_countdown2sec00.ogg	c326f0354252b1eb0cd52350d2ac7052	17591
mods/heroes.stormmod/enus.stormassets/localizeddata/sounds/vo/stitchesa_countdown3sec00.fxe	3e9c8879bb9244c1e496a8c92d7c4b45	1056
mods/heroes.stormmod/enus.stormassets/localizeddata/sounds/vo/stitchesa_countdown3sec00.ogg	1cf1650a7a14836ecb1d0ac3bde340f8	17570
mods/heroes.stormmod/enus.stormassets/localizeddata/sounds/vo/stitchesa_countdown4sec00.fxe	2413c1115e69f1dd8a6aafe9978e0877	864
mods/heroes.stormmod/enus.stormassets/localizeddata/sounds/vo/stitchesa_countdown4sec00.ogg	101456ad902821cccbb49b78bbe44cab	17655
mods/heroes.stormmod/enus.stormassets/localizeddata/sounds/vo/stitchesa_countdown5sec00.fxe	4d4a9811f10bc436b87403f4e2bd9dc4	832
mods/heroes.stormmod/enus.stormassets/localizeddata/sounds/vo/stitchesa_countdown5sec00.ogg	741547b435ac04efc85aa5d356b06681	17861
mods/heroes.stormmod/enus.stormassets/localizeddata/sounds/vo/stitchesa_countdownremain00.fxe	c6d736de587d1f752201d55a08762142	2210
mods/heroes.stormmod/enus.stormassets/localizeddata/sounds/vo/stitchesa_countdownremain00.ogg	d76d75991ea49a657cb35009238e9482	46050
mods/heroes.stormmod/enus.stormassets/localizeddata/sounds/vo/stitchesa_doublekill00.fxe	871383dfe29062d6c9a0ecc763cf60d2	1069
mods/heroes.stormmod/enus.stormassets/localizeddata/sounds/vo/stitchesa_doublekill00.ogg	23b1e9caa9fe051d677345ef77b77fb1	29164
mods/heroes.stormmod/enus.stormassets/localizeddata/sounds/vo/stitchesa_doublekill01.fxe	e526a1bf5e621b3235642433b7967ee2	1085
mods/heroes.stormmod/enus.stormassets/localizeddata/sounds/vo/stitchesa_doublekill01.ogg	af170ea6f7bb2a8992d7d0bc0e2d9e7d	30160
mods/heroes.stormmod/enus.stormassets/localizeddata/sounds/vo/stitchesa_doublekill02.fxe	81c9953a4e2972113f739ac5d9e036e9	1149
mods/heroes.stormmod/enus.stormassets/localizeddata/sounds/vo/stitchesa_doublekill02.ogg	be1fa7633a831d0cccb7c413e0bd26b8	31411
mods/heroes.stormmod/enus.stormassets/localizeddata/sounds/vo/stitchesa_ending_blue00.fxe	eb8c54a2ee759142e7695551050c2594	1422
mods/heroes.stormmod/enus.stormassets/localizeddata/sounds/vo/stitchesa_ending_blue00.ogg	5c44c33c4e3d887830fbe94eb9c99a85	39360
mods/heroes.stormmod/enus.stormassets/localizeddata/sounds/vo/stitchesa_ending_red00.fxe	324a83be6674086a0b2fd179be481b2d	1469
mods/heroes.stormmod/enus.stormassets/localizeddata/sounds/vo/stitchesa_ending_red00.ogg	1005271e03f6c42b5adab309ae1521ac	37822
mods/heroes.stormmod/enus.stormassets/localizeddata/sounds/vo/stitchesa_endinglose00.fxe	b2a75636b6d90ecd6f46f88700c9d77a	1213
mods/heroes.stormmod/enus.stormassets/localizeddata/sounds/vo/stitchesa_endinglose00.ogg	8a0cf3248b7cdd08cd9d9e75cbaa65cd	40622
mods/heroes.stormmod/enus.stormassets/localizeddata/sounds/vo/stitchesa_endinglose01.fxe	98a57f37d4b3f2c79930f9c48cdf69aa	1373
mods/heroes.stormmod/enus.stormassets/localizeddata/sounds/vo/stitchesa_endinglose01.ogg	48e98ae2cf31ab568d62528caf38e03d	53454
mods/heroes.stormmod/enus.stormassets/localizeddata/sounds/vo/stitchesa_endinglose02.fxe	23c049fa19c6836678a5af1ef4357a1a	1805
mods/heroes.stormmod/enus.stormassets/localizeddata/sounds/vo/stitchesa_endinglose02.ogg	49a41a7a58027f0d787d0094d9ac6983	43990
mods/heroes.stormmod/enus.stormassets/localizeddata/sounds/vo/stitchesa_endingwin00.fxe	b0569e4cc2cae33a285f7abf75743649	1228
mods/heroes.stormmod/enus.stormassets/localizeddata/sounds/vo/stitchesa_endingwin00.ogg	856337a488dbe984f221a27530a41f96	34182
mods/heroes.stormmod/enus.stormassets/localizeddata/sounds/vo/stitchesa_endingwin01.fxe	bd0ad0c99a9ffd277b330bad047df86a	1436
mods/heroes.stormmod/enus.stormassets/localizeddata/sounds/vo/stitchesa_endingwin01.ogg	6eec249fb3896f6b3a09637fd966db64	45671
mods/heroes.stormmod/enus.stormassets/localizeddata/sounds/vo/stitchesa_endingwin02.fxe	1a33e61eb4c2a9ca238f543b98b1f09e	1692
mods/heroes.stormmod/enus.stormassets/localizeddata/sounds/vo/stitchesa_endingwin02.ogg	a4a7a632825f3239c9e964e27fdb916f	43537
mods/heroes.stormmod/enus.stormassets/localizeddata/sounds/vo/stitchesa_firstblood_blue00.fxe	9fea13034886f7d1d4af0516c658b620	2130
mods/heroes.stormmod/enus.stormassets/localizeddata/sounds/vo/stitchesa_firstblood_blue00.ogg	4d3022b0c1c21f6935e5b38333f929d9	46167
mods/heroes.stormmod/enus.stormassets/localizeddata/sounds/vo/stitchesa_firstblood_red00.fxe	e57eb695f6cb2876525b90fabc77da0a	2225
mods/heroes.stormmod/enus.stormassets/localizeddata/sounds/vo/stitchesa_firstblood_red00.ogg	0c844e7cd956ab5b839be079e33d91d4	52287
mods/heroes.stormmod/enus.stormassets/localizeddata/sounds/vo/stitchesa_firstbloodally00.fxe	907e7bd79abcd848871d206aea440c98	1473
mods/heroes.stormmod/enus.stormassets/localizeddata/sounds/vo/stitchesa_firstbloodally00.ogg	4f9911dfca35748dc7556500c5134cbc	42260
mods/heroes.stormmod/enus.stormassets/localizeddata/sounds/vo/stitchesa_fourkill00.fxe	3c0c1a0f65493ff392b353efda42741e	859
mods/heroes.stormmod/enus.stormassets/localizeddata/sounds/vo/stitchesa_fourkill00.ogg	8b0fb5f0a49e416196ce79c0c727701b	23872
mods/heroes.stormmod/enus.stormassets/localizeddata/sounds/vo/stitchesa_gamestart00.fxe	482fd63857ecccc00ebd3445763b1933	1740
mods/heroes.stormmod/enus.stormassets/localizeddata/sounds/vo/stitchesa_gamestart00.ogg	bab22e8fad051ad3f11cf7eff10ba241	59128
mods/heroes.stormmod/enus.stormassets/localizeddata/sounds/vo/stitchesa_gamestart01.fxe	3ff0a3b0a4e0b413891b746bfc002b66	1068
mods/heroes.stormmod/enus.stormassets/localizeddata/sounds/vo/stitchesa_gamestart01.ogg	22e1cbf77bb92176128c592c4b712b05	42491
mods/heroes.stormmod/enus.stormassets/localizeddata/sounds/vo/stitchesa_gamestart02.fxe	61daa55a1dfb16c507f2cc84443a9c5c	1436
mods/heroes.stormmod/enus.stormassets/localizeddata/sounds/vo/stitchesa_gamestart02.ogg	b935909f350e96c28baa7aa9df738e7c	57435
mods/heroes.stormmod/enus.stormassets/localizeddata/sounds/vo/stitchesa_gravestomp00.fxe	3afd9a3407e5020a78b0b605c32a23a7	1453
mods/heroes.stormmod/enus.stormassets/localizeddata/sounds/vo/stitchesa_gravestomp00.ogg	d5d2cdd4d7e93838a5a7c618f6ffa902	37359
mods/heroes.stormmod/enus.stormassets/localizeddata/sounds/vo/stitchesa_gravestomp_observer00.fxe	9556487eb679437a399ff2da5f8fc9c3	1446
mods/heroes.stormmod/enus.stormassets/localizeddata/sounds/vo/stitchesa_gravestomp_observer00.ogg	30673c46f85187de5672c83d34939d5c	35697
mods/heroes.stormmod/enus.stormassets/localizeddata/sounds/vo/stitchesa_herokill00.fxe	6f8dfb8261f98cc9323d13634c685caf	1323
mods/heroes.stormmod/enus.stormassets/localizeddata/sounds/vo/stitchesa_herokill00.ogg	4f7515551f262a1d9f8f228031d26d61	48942
mods/heroes.stormmod/enus.stormassets/localizeddata/sounds/vo/stitchesa_herokill01.fxe	ee61d8aa416edea7bbe67336cb295f29	1211
mods/heroes.stormmod/enus.stormassets/localizeddata/sounds/vo/stitchesa_herokill01.ogg	77dcc3e7435d5e3f8cd09a792967c1dd	37709
mods/heroes.stormmod/enus.stormassets/localizeddata/sounds/vo/stitchesa_herokill02.fxe	58f6d5586d8e32212f9c63693255dbbc	1499
mods/heroes.stormmod/enus.stormassets/localizeddata/sounds/vo/stitchesa_herokill02.ogg	56940f094b43668584568fdee7d38930	46692
mods/heroes.stormmod/enus.stormassets/localizeddata/sounds/vo/stitchesa_herokill03.fxe	ecf20cd5893fe5dd0ca8627672058656	1179
mods/heroes.stormmod/enus.stormassets/localizeddata/sounds/vo/stitchesa_herokill03.ogg	68aa3357093e59fe8c274cb908131c3f	63075
mods/heroes.stormmod/enus.stormassets/localizeddata/sounds/vo/stitchesa_heroselect00.fxe	b967594bef9fb1902a9d2b7f747d744a	2157
mods/heroes.stormmod/enus.stormassets/localizeddata/sounds/vo/stitchesa_heroselect00.ogg	9d0dc987fa10647b56302d74c2ba1853	56830
mods/heroes.stormmod/enus.stormassets/localizeddata/sounds/vo/stitchesa_heroselect_observer00.fxe	47d1b53478ec8f4f00ed19d05d63bb9b	2662
mods/heroes.stormmod/enus.stormassets/localizeddata/sounds/vo/stitchesa_heroselect_observer00.ogg	41ddf92afa4254b82b9d300462e8c8bf	74360
mods/heroes.stormmod/enus.stormassets/localizeddata/sounds/vo/stitchesa_heroselectplayer00.fxe	13343a7e0412ec42ef3963a6602d3204	2867
mods/heroes.stormmod/enus.stormassets/localizeddata/sounds/vo/stitchesa_heroselectplayer00.ogg	6e7b88a08d13be026094f86bf3f07ed1	83798
mods/heroes.stormmod/enus.stormassets/localizeddata/sounds/vo/stitchesa_heroselectplayer01.fxe	8be5b2726d3b92ee18e63d492ba558a9	2307
mods/heroes.stormmod/enus.stormassets/localizeddata/sounds/vo/stitchesa_heroselectplayer01.ogg	6f6f5c4a8372b677eae397b5e2b18815	65171
mods/heroes.stormmod/enus.stormassets/localizeddata/sounds/vo/stitchesa_heroselectplayer02.fxe	d8ae0e27246cb29155284e23c522741a	1891
mods/heroes.stormmod/enus.stormassets/localizeddata/sounds/vo/stitchesa_heroselectplayer02.ogg	a0261749fc064186d72d42b8ee34c60d	71408
mods/heroes.stormmod/enus.stormassets/localizeddata/sounds/vo/stitchesa_heroslain00.fxe	4f4c136c9386b44ed2c0dc2f92210794	1180
mods/heroes.stormmod/enus.stormassets/localizeddata/sounds/vo/stitchesa_heroslain00.ogg	c0ed908b0ae197f39e1c4f30d3689232	36296
mods/heroes.stormmod/enus.stormassets/localizeddata/sounds/vo/stitchesa_heroslain01.fxe	210151ec13c2d7345d17d298958245d4	1708
mods/heroes.stormmod/enus.stormassets/localizeddata/sounds/vo/stitchesa_heroslain01.ogg	23537565808d2c0509e54fcf3a957387	42429
mods/heroes.stormmod/enus.stormassets/localizeddata/sounds/vo/stitchesa_heroslain02.fxe	a1275a46b195f7433dabfb5f6620635f	1244
mods/heroes.stormmod/enus.stormassets/localizeddata/sounds/vo/stitchesa_heroslain02.ogg	daf7a6fb099aa0f940fcc89dd5416e07	42778
mods/heroes.stormmod/enus.stormassets/localizeddata/sounds/vo/stitchesa_kill_observer00.fxe	dd7bb10e96b2a19f3a085175ba6eaade	1456
mods/heroes.stormmod/enus.stormassets/localizeddata/sounds/vo/stitchesa_kill_observer00.ogg	b7b804a3a98c6000886b10afeb8ed45a	42963
mods/heroes.stormmod/enus.stormassets/localizeddata/sounds/vo/stitchesa_kill_observer01.fxe	e045eea645579d5fa66b792b546f4d2e	1200
mods/heroes.stormmod/enus.stormassets/localizeddata/sounds/vo/stitchesa_kill_observer01.ogg	6b771adf9762a3cebb922d25828f2356	37569
mods/heroes.stormmod/enus.stormassets/localizeddata/sounds/vo/stitchesa_megakill00.fxe	24c592ef49b27faf06617e46e3999955	844
mods/heroes.stormmod/enus.stormassets/localizeddata/sounds/vo/stitchesa_megakill00.ogg	bda2a3131fa8fdda545e5116428549bd	34284
mods/heroes.stormmod/enus.stormassets/localizeddata/sounds/vo/stitchesa_outpostdestroy00.fxe	3d13dfde6ed5aeeaf894fd071f91d345	1617
mods/heroes.stormmod/enus.stormassets/localizeddata/sounds/vo/stitchesa_outpostdestroy00.ogg	4bf35c90eb36510ae8f8ec876c4e920f	42072
mods/heroes.stormmod/enus.stormassets/localizeddata/sounds/vo/stitchesa_outpostdestroy01.fxe	1dcc07b714ab196f1729f9ebc014aebd	1505
mods/heroes.stormmod/enus.stormassets/localizeddata/sounds/vo/stitchesa_outpostdestroy01.ogg	f110cb5337247846d5c1c894f5e54642	47830
mods/heroes.stormmod/enus.stormassets/localizeddata/sounds/vo/stitchesa_outpostdestroy02.fxe	ff286625b1eadfd9edaa2a92a13e5401	2129
mods/heroes.stormmod/enus.stormassets/localizeddata/sounds/vo/stitchesa_outpostdestroy02.ogg	2c33fe864e92bb1420f5d6f73206e5b6	49176
mods/heroes.stormmod/enus.stormassets/localizeddata/sounds/vo/stitchesa_outpostdestroy03.fxe	16d4de4513064482ffebf05834db5573	2177
mods/heroes.stormmod/enus.stormassets/localizeddata/sounds/vo/stitchesa_outpostdestroy03.ogg	78d9db08024f2fb64982142b060fe251	72638
mods/heroes.stormmod/enus.stormassets/localizeddata/sounds/vo/stitchesa_outpostdestroy_blue00.fxe	771ad7240d323ee19f49a2b0c2628c63	2294
mods/heroes.stormmod/enus.stormassets/localizeddata/sounds/vo/stitchesa_outpostdestroy_blue00.ogg	b673e03a8ef360e99825b3a072ceb658	51626
mods/heroes.stormmod/enus.stormassets/localizeddata/sounds/vo/stitchesa_outpostdestroy_red00.fxe	04a0ef3ddbb8fd83c6926719c61e1446	2389
mods/heroes.stormmod/enus.stormassets/localizeddata/sounds/vo/stitchesa_outpostdestroy_red00.ogg	41cb87aad189fc6b826691135a10f6da	53733
mods/heroes.stormmod/enus.stormassets/localizeddata/sounds/vo/stitchesa_outpostlost00.fxe	1bc372208c34fe23fde28f707a420c81	1342
mods/heroes.stormmod/enus.stormassets/localizeddata/sounds/vo/stitchesa_outpostlost00.ogg	4495f2187eda1390b50bcb4166b7ed1b	56294
mods/heroes.stormmod/enus.stormassets/localizeddata/sounds/vo/stitchesa_outpostlost01.fxe	466a89a0b8db32689688e6d3605025ca	1982
mods/heroes.stormmod/enus.stormassets/localizeddata/sounds/vo/stitchesa_outpostlost01.ogg	8ad0ef1b4d36732da1975fbffa2e67c9	50161
mods/heroes.stormmod/enus.stormassets/localizeddata/sounds/vo/stitchesa_outpostlost02.fxe	a9565c75ca2c04e83eb33b5a6a5cd979	1710
mods/heroes.stormmod/enus.stormassets/localizeddata/sounds/vo/stitchesa_outpostlost02.ogg	c0f520968644e4488b178af05bda80ec	80079
mods/heroes.stormmod/enus.stormassets/localizeddata/sounds/vo/stitchesa_playerabandon00.fxe	3a3267a95ece6ed9ef64690743c14ba9	1840
mods/heroes.stormmod/enus.stormassets/localizeddata/sounds/vo/stitchesa_playerabandon00.ogg	d89af9f6dbe1a1eedba7627b0b0fa7c8	60707
mods/heroes.stormmod/enus.stormassets/localizeddata/sounds/vo/stitchesa_playerrejoin00.fxe	f57e0af97a40a93cd90a87ff39e3bae2	1599
mods/heroes.stormmod/enus.stormassets/localizeddata/sounds/vo/stitchesa_playerrejoin00.ogg	989f7b50ec60f8180c33096cee39a131	87030
mods/heroes.stormmod/enus.stormassets/localizeddata/sounds/vo/stitchesa_revive00.fxe	4387e3fd026b5bca915693671032e6a1	1273
mods/heroes.stormmod/enus.stormassets/localizeddata/sounds/vo/stitchesa_revive00.ogg	053452108559e74d5bfa8a479546a75d	42829
mods/heroes.stormmod/enus.stormassets/localizeddata/sounds/vo/stitchesa_revive_observer00.fxe	1ed187d8c3383900879d77564896e14d	1122
mods/heroes.stormmod/enus.stormassets/localizeddata/sounds/vo/stitchesa_revive_observer00.ogg	39f2cbf5d716ce4819705086d48cfbe2	32974
mods/heroes.stormmod/enus.stormassets/localizeddata/sounds/vo/stitchesa_spreeend00.fxe	a28d283476ccb716de9c2eff2ee0684f	1691
mods/heroes.stormmod/enus.stormassets/localizeddata/sounds/vo/stitchesa_spreeend00.ogg	635b204a9134231e05d8932ad79cbbd4	44013
mods/heroes.stormmod/enus.stormassets/localizeddata/sounds/vo/stitchesa_spreeend01.fxe	0afc311bee66063bb554af3df8ae3a7f	1643
mods/heroes.stormmod/enus.stormassets/localizeddata/sounds/vo/stitchesa_spreeend01.ogg	8e6ceb128192606bda133f102c2c7ecd	44467
mods/heroes.stormmod/enus.stormassets/localizeddata/sounds/vo/stitchesa_spreeend02.fxe	7faa93b93962a80eac47774dd20455e7	1659
mods/heroes.stormmod/enus.stormassets/localizeddata/sounds/vo/stitchesa_spreeend02.ogg	d9205aa750c4767e12c717f1c6f4be34	48704
mods/heroes.stormmod/enus.stormassets/localizeddata/sounds/vo/stitchesa_spreeend_ally00.fxe	f930394d13dc75282b045ab54a2e962d	1808
mods/heroes.stormmod/enus.stormassets/localizeddata/sounds/vo/stitchesa_spreeend_ally00.ogg	6060d3db6c62d51757102436db3b7028	53318
mods/heroes.stormmod/enus.stormassets/localizeddata/sounds/vo/stitchesa_spreefirstupgrade00.fxe	a4fc18dfd40148bceef087fb09557f13	916
mods/heroes.stormmod/enus.stormassets/localizeddata/sounds/vo/stitchesa_spreefirstupgrade00.ogg	8bbef55696a60c34b3b5b0cb76851dd1	29073
mods/heroes.stormmod/enus.stormassets/localizeddata/sounds/vo/stitchesa_spreemax00.fxe	87ee98979189564f6f931c3692cc3ab7	1611
mods/heroes.stormmod/enus.stormassets/localizeddata/sounds/vo/stitchesa_spreemax00.ogg	d96e25821f2888a5c752db91a07c7738	50024
mods/heroes.stormmod/enus.stormassets/localizeddata/sounds/vo/stitchesa_spreesecondupgrade00.fxe	921542ca481cf6cf96106866525c13b2	1317
mods/heroes.stormmod/enus.stormassets/localizeddata/sounds/vo/stitchesa_spreesecondupgrade00.ogg	30cde918274d202725cd2e5e326ea466	31271
mods/heroes.stormmod/enus.stormassets/localizeddata/sounds/vo/stitchesa_spreestart00.fxe	6afa0f7fd66ae18df2dc8ad0f26c524e	1357
mods/heroes.stormmod/enus.stormassets/localizeddata/sounds/vo/stitchesa_spreestart00.ogg	704f58ede5994958379e32b1f59e6868	33851
mods/heroes.stormmod/enus.stormassets/localizeddata/sounds/vo/stitchesa_spreethirdupgrade00.fxe	4ad511e2f0f44a9c5d2574470bafe374	1540
mods/heroes.stormmod/enus.stormassets/localizeddata/sounds/vo/stitchesa_spreethirdupgrade00.ogg	ef8204fea5405ccd6ffd887b34ab8512	34724
mods/heroes.stormmod/enus.stormassets/localizeddata/sounds/vo/stitchesa_talentunlock00.fxe	9aac1fac2188a255d103703074256e3c	1567
mods/heroes.stormmod/enus.stormassets/localizeddata/sounds/vo/stitchesa_talentunlock00.ogg	bb66d342f58da07b3d9817b7e9d22d1d	37288
mods/heroes.stormmod/enus.stormassets/localizeddata/sounds/vo/stitchesa_talentunlock01.fxe	1c188e2c50f392eccc1a9582b5048d8d	1583
mods/heroes.stormmod/enus.stormassets/localizeddata/sounds/vo/stitchesa_talentunlock01.ogg	ed9cb474d98cc067e2fd22d56e10a8ca	35002
mods/heroes.stormmod/enus.stormassets/localizeddata/sounds/vo/stitchesa_talentunlock02.fxe	66cdf17b38487f343d2c09d3c787b4cd	1615
mods/heroes.stormmod/enus.stormassets/localizeddata/sounds/vo/stitchesa_talentunlock02.ogg	7142149b58967f9c1390bb374f2c94b9	42224
mods/heroes.stormmod/enus.stormassets/localizeddata/sounds/vo/stitchesa_teamkill00.fxe	60b6fda7d686a4dea6e509a1586f893d	1771
mods/heroes.stormmod/enus.stormassets/localizeddata/sounds/vo/stitchesa_teamkill00.ogg	52eefb35da111bba4efb5e75605b6e25	46444
mods/heroes.stormmod/enus.stormassets/localizeddata/sounds/vo/stitchesa_teamkill_blue00.fxe	ef7d5047db2da970af0be69515955b05	1872
mods/heroes.stormmod/enus.stormassets/localizeddata/sounds/vo/stitchesa_teamkill_blue00.ogg	696b1e34b5368f5afd12c490f6316180	40595
mods/heroes.stormmod/enus.stormassets/localizeddata/sounds/vo/stitchesa_teamkill_red00.fxe	acf0e836d8739e323a4d2102667bd296	1983
mods/heroes.stormmod/enus.stormassets/localizeddata/sounds/vo/stitchesa_teamkill_red00.ogg	6662bef087b548fab699fccf6b2c9322	46714
mods/heroes.stormmod/enus.stormassets/localizeddata/sounds/vo/stitchesa_triplekill00.fxe	d99d159853852ff311d5c76a9328835c	1005
mods/heroes.stormmod/enus.stormassets/localizeddata/sounds/vo/stitchesa_triplekill00.ogg	29f8dd299da69162b551a1c53e698157	24000
mods/heroes.stormmod/enus.stormassets/localizeddata/sounds/vo/stitchesa_triplekill01.fxe	d102c77e287ef6fe8716dcefed4f91db	1005
mods/heroes.stormmod/enus.stormassets/localizeddata/sounds/vo/stitchesa_triplekill01.ogg	d497e737a1e1fd5fbb5ee4406d6fff15	24367
mods/heroes.stormmod/enus.stormassets/localizeddata/sounds/vo/stitchesa_triplekill02.fxe	c4e0429c727293636a426ecb6ff90894	1021
mods/heroes.stormmod/enus.stormassets/localizeddata/sounds/vo/stitchesa_triplekill02.ogg	4ed636e2b3b22b767bb27db78385c0f9	22208
mods/heroes.stormmod/enus.stormassets/localizeddata/sounds/vo/stitchesbear18_ai_attack00.ogg	ca0b1bb2c04c7804ebfc75b58d8cf7c5	32891
mods/heroes.stormmod/enus.stormassets/localizeddata/sounds/vo/stitchesbear18_ai_attack01.ogg	977624cf185bd38c483b059305cf79b2	39643
mods/heroes.stormmod/enus.stormassets/localizeddata/sounds/vo/stitchesbear18_ai_attack02.ogg	f71dcd7e5270d2d4db2c043f0f89a79a	28091
mods/heroes.stormmod/enus.stormassets/localizeddata/sounds/vo/stitchesbear18_ai_caution00.ogg	6a27e62130ec323bb803f4396771c343	52983
mods/heroes.stormmod/enus.stormassets/localizeddata/sounds/vo/stitchesbear18_ai_goodjob00.ogg	7bbacfbb37576629e63df54408e344e3	29937
mods/heroes.stormmod/enus.stormassets/localizeddata/sounds/vo/stitchesbear18_ai_goodjob01.ogg	0ad1ab64313f27634a875cea050bc27a	30916
mods/heroes.stormmod/enus.stormassets/localizeddata/sounds/vo/stitchesbear18_ai_heal00.ogg	2e6be9891a29b92c599e33660a7ddad7	46768
mods/heroes.stormmod/enus.stormassets/localizeddata/sounds/vo/stitchesbear18_ai_heal01.ogg	f3cb208d5b49bef5754477b2fa938094	39374
mods/heroes.stormmod/enus.stormassets/localizeddata/sounds/vo/stitchesbear18_ai_retreat00.ogg	d98ccfdecd7956f1d514ddf0e26776ce	24299
mods/heroes.stormmod/enus.stormassets/localizeddata/sounds/vo/stitchesbear18_ai_retreat01.ogg	fb559e4604e0f3d33292f1d882cdbe47	22173
mods/heroes.stormmod/enus.stormassets/localizeddata/sounds/vo/stitchesbear18_ai_uhoh00.ogg	3ede220b490bf99d0d659cc4cab49b4a	20071
mods/heroes.stormmod/enus.stormassets/localizeddata/sounds/vo/stitchesbear18_ai_uhoh01.ogg	73768da65730b6431b7fc78a96ed985f	22301
mods/heroes.stormmod/enus.stormassets/localizeddata/sounds/vo/stitchesbear18_ai_uhoh02.ogg	e6d95287b0d08a9080654a8a660d8f6e	26387
mods/heroes.stormmod/enus.stormassets/localizeddata/sounds/vo/stitchesbear18_attack00.ogg	3b6584fa576d4b347f9f02e7f199184e	29478
mods/heroes.stormmod/enus.stormassets/localizeddata/sounds/vo/stitchesbear18_attack01.ogg	38c48dd121420f275db33b71e1f53564	29043
mods/heroes.stormmod/enus.stormassets/localizeddata/sounds/vo/stitchesbear18_attack02.ogg	602017a8b4d0e7eb09d90d228fea5cc2	29402
mods/heroes.stormmod/enus.stormassets/localizeddata/sounds/vo/stitchesbear18_attack03.ogg	f4d12bc9040e6b4783589aa9aa61c093	34863
mods/heroes.stormmod/enus.stormassets/localizeddata/sounds/vo/stitchesbear18_attack04.ogg	ab9894c78b4b4451fc7af8b9aaab146e	26716
mods/heroes.stormmod/enus.stormassets/localizeddata/sounds/vo/stitchesbear18_attack05.ogg	58ea263fa768c8d232566313f9ccbbf7	22136
mods/heroes.stormmod/enus.stormassets/localizeddata/sounds/vo/stitchesbear18_attack06_dir.ogg	a8789666c54f536a86ceff74635c77a9	22179
mods/heroes.stormmod/enus.stormassets/localizeddata/sounds/vo/stitchesbear18_comeback00.ogg	7cc02c26f5eb9bfe5891a8ee0ce114ff	48754
mods/heroes.stormmod/enus.stormassets/localizeddata/sounds/vo/stitchesbear18_death00.wav	3b3b548ccc09d7579431d16a0fd591fc	87100
mods/heroes.stormmod/enus.stormassets/localizeddata/sounds/vo/stitchesbear18_death01.wav	54e43a3be1fe99e319546d9d600e9a47	78140
mods/heroes.stormmod/enus.stormassets/localizeddata/sounds/vo/stitchesbear18_death02.wav	f9e72da355a0e7869cfca05bf97d09d3	96316
mods/heroes.stormmod/enus.stormassets/localizeddata/sounds/vo/stitchesbear18_death03.wav	717fa30a0d34b2d86e8f7051dc54e6c2	39996
mods/heroes.stormmod/enus.stormassets/localizeddata/sounds/vo/stitchesbear18_death04.wav	68838798cab222150f3072c2bd5092c6	39484
mods/heroes.stormmod/enus.stormassets/localizeddata/sounds/vo/stitchesbear18_death05.wav	d8fbeab3b0fab913490869875bf8871a	51004
mods/heroes.stormmod/enus.stormassets/localizeddata/sounds/vo/stitchesbear18_death06.wav	3d06ab979724cf3a805cf8d70631d24e	46908
mods/heroes.stormmod/enus.stormassets/localizeddata/sounds/vo/stitchesbear18_death07.wav	65c42de86b64a4221e5497907aeca9a7	41788
mods/heroes.stormmod/enus.stormassets/localizeddata/sounds/vo/stitchesbear18_healed00.ogg	62a267110ba5b163347b5a0533a7ee17	35521
mods/heroes.stormmod/enus.stormassets/localizeddata/sounds/vo/stitchesbear18_healed01.ogg	d8b404bfd66934849e62c42c9c9c7fd7	26825
mods/heroes.stormmod/enus.stormassets/localizeddata/sounds/vo/stitchesbear18_healed02.ogg	e59145d3d52227f60cf7361eb6927e6c	26830
mods/heroes.stormmod/enus.stormassets/localizeddata/sounds/vo/stitchesbear18_introagree00.ogg	67a81fd31e2a1c4357bd036cb91d76eb	34622
mods/heroes.stormmod/enus.stormassets/localizeddata/sounds/vo/stitchesbear18_introagree01.ogg	f0c62b6f82ff2d6f06d2e690cd0d404d	25887
mods/heroes.stormmod/enus.stormassets/localizeddata/sounds/vo/stitchesbear18_introagree02.ogg	9ce3fbaa81f5f2f7522610ae4941ce19	61156
mods/heroes.stormmod/enus.stormassets/localizeddata/sounds/vo/stitchesbear18_introboast00.ogg	b3e318ba71319bc62d58e7791007f2d8	39162
mods/heroes.stormmod/enus.stormassets/localizeddata/sounds/vo/stitchesbear18_introboast01.ogg	09b70ed37e38970e325bbb8dd58bda14	45783
mods/heroes.stormmod/enus.stormassets/localizeddata/sounds/vo/stitchesbear18_introquestion00.ogg	61f85cb5d7d1c9e8a2ac537dd174b312	22873
mods/heroes.stormmod/enus.stormassets/localizeddata/sounds/vo/stitchesbear18_introquestion01.ogg	3113b5be447f8b252052feeb66e7b119	23384
mods/heroes.stormmod/enus.stormassets/localizeddata/sounds/vo/stitchesbear18_introquestion_murky00.ogg	1252fd411cf8a4b397b02f2b52226014	22122
mods/heroes.stormmod/enus.stormassets/localizeddata/sounds/vo/stitchesbear18_introquestion_negative00.ogg	d539e6dc44c5e3a8528fa5180424a256	30610
mods/heroes.stormmod/enus.stormassets/localizeddata/sounds/vo/stitchesbear18_introquestion_positive00.ogg	8acfe8ba24598550f4187a750cf9cd6b	30998
mods/heroes.stormmod/enus.stormassets/localizeddata/sounds/vo/stitchesbear18_introquestion_siegetank00.ogg	6da0f03697b857f29d2edd70952d2d47	33063
mods/heroes.stormmod/enus.stormassets/localizeddata/sounds/vo/stitchesbear18_introquestion_uther00.ogg	5db56a4676b16af9de1ca64331114cbf	34846
mods/heroes.stormmod/enus.stormassets/localizeddata/sounds/vo/stitchesbear18_introrespond00.ogg	6e874c74996e84efe3f05f14d3116efe	33489
mods/heroes.stormmod/enus.stormassets/localizeddata/sounds/vo/stitchesbear18_introrespond01.ogg	0974c7e10240e1b81b4e392e6e71fd5a	29392
mods/heroes.stormmod/enus.stormassets/localizeddata/sounds/vo/stitchesbear18_introrespond02.ogg	42333ba45925bf8f8620535f8a2f97b9	30419
mods/heroes.stormmod/enus.stormassets/localizeddata/sounds/vo/stitchesbear18_introresponse_murky00.ogg	5a94553084af42258207b0e6ea261b4a	36952
mods/heroes.stormmod/enus.stormassets/localizeddata/sounds/vo/stitchesbear18_introresponse_negative00.ogg	70ee6a7dd2aba72351175b6bfae393a3	44003
mods/heroes.stormmod/enus.stormassets/localizeddata/sounds/vo/stitchesbear18_introresponse_positive00.ogg	7274e45740941cd75996a0d93efac276	51214
mods/heroes.stormmod/enus.stormassets/localizeddata/sounds/vo/stitchesbear18_introresponse_siegetank00.ogg	497a3de0aedafb284ccc73539dd2255a	33050
mods/heroes.stormmod/enus.stormassets/localizeddata/sounds/vo/stitchesbear18_introresponse_uther00.ogg	ac2aeb182aeb8ef96548fa57baedcd3f	26241
mods/heroes.stormmod/enus.stormassets/localizeddata/sounds/vo/stitchesbear18_kill00.ogg	3e3c0fb28ad8aae90a00950d27dff719	33463
mods/heroes.stormmod/enus.stormassets/localizeddata/sounds/vo/stitchesbear18_kill01.ogg	2129d29442d75137c283ac98ead3ce8d	39165
mods/heroes.stormmod/enus.stormassets/localizeddata/sounds/vo/stitchesbear18_kill02.ogg	870868a96cadd3a1faf11c56d672703e	41284
mods/heroes.stormmod/enus.stormassets/localizeddata/sounds/vo/stitchesbear18_kill03.ogg	bf9b378708c956f30f5768dcc0f054b2	45186
mods/heroes.stormmod/enus.stormassets/localizeddata/sounds/vo/stitchesbear18_kill04.ogg	c55a067674ef022415e241380ee7fde0	28028
mods/heroes.stormmod/enus.stormassets/localizeddata/sounds/vo/stitchesbear18_killmuradin00.ogg	69e3ce12628fc38fdfe1c3f723f1effe	40943
mods/heroes.stormmod/enus.stormassets/localizeddata/sounds/vo/stitchesbear18_killnova00.ogg	f960164128659a6e51bdc096971e4ff2	32341
mods/heroes.stormmod/enus.stormassets/localizeddata/sounds/vo/stitchesbear18_killspreeend00.ogg	5afebeed54288f9878554d03bdfbee12	32171
mods/heroes.stormmod/enus.stormassets/localizeddata/sounds/vo/stitchesbear18_killstitchesbear1800.ogg	61f2eacbefc96bff3eb02c94783f9cd8	35503
mods/heroes.stormmod/enus.stormassets/localizeddata/sounds/vo/stitchesbear18_killsylvanas00.ogg	13db7e3799765176b7e367f0b3768d3a	30544
mods/heroes.stormmod/enus.stormassets/localizeddata/sounds/vo/stitchesbear18_killtinker00.ogg	63c1a1a744cc6a67292fd97e006ba45b	33490
mods/heroes.stormmod/enus.stormassets/localizeddata/sounds/vo/stitchesbear18_laugh00.ogg	f40029e351ce403f7d45250e79ce3bc0	28185
mods/heroes.stormmod/enus.stormassets/localizeddata/sounds/vo/stitchesbear18_lowlifeheal00.ogg	a4ae807ff6c8a8cf3daa577cf491ce01	29225
mods/heroes.stormmod/enus.stormassets/localizeddata/sounds/vo/stitchesbear18_lowlifeheal01.ogg	36652698376863b83fe4eee11d8c8a3e	37301
mods/heroes.stormmod/enus.stormassets/localizeddata/sounds/vo/stitchesbear18_lowlifeheal02.ogg	fd3157cbb3676471c1271ea8ad203734	41339
mods/heroes.stormmod/enus.stormassets/localizeddata/sounds/vo/stitchesbear18_lowmana00.ogg	16ec18f2a896e521748b7ce21b3a9e53	25685
mods/heroes.stormmod/enus.stormassets/localizeddata/sounds/vo/stitchesbear18_lowmana01.ogg	51892c726fda1b0ae8ce16e8ab75407d	23174
mods/heroes.stormmod/enus.stormassets/localizeddata/sounds/vo/stitchesbear18_lowmana02.ogg	b88e4db6aeeec360bdfa7a64c72907d9	25643
mods/heroes.stormmod/enus.stormassets/localizeddata/sounds/vo/stitchesbear18_no00.ogg	c0170444681675bd5c24e89327634a22	25441
mods/heroes.stormmod/enus.stormassets/localizeddata/sounds/vo/stitchesbear18_no01.ogg	e14a9ef17a81387611a3c3152a2e97d1	30522
mods/heroes.stormmod/enus.stormassets/localizeddata/sounds/vo/stitchesbear18_no02.ogg	22a8715b21a105268088c7c1f8713d9a	27021
mods/heroes.stormmod/enus.stormassets/localizeddata/sounds/vo/stitchesbear18_ping_assisthero00.ogg	af74a820e5c3ed681516910b0e84b472	21229
mods/heroes.stormmod/enus.stormassets/localizeddata/sounds/vo/stitchesbear18_ping_assistme00.ogg	563ab425ce21c57bd1eb5df206a85c9b	29566
mods/heroes.stormmod/enus.stormassets/localizeddata/sounds/vo/stitchesbear18_ping_assistme01.ogg	b98f492e8d3af400e910c7e2a228db57	34828
mods/heroes.stormmod/enus.stormassets/localizeddata/sounds/vo/stitchesbear18_ping_attackcastle00.ogg	0e436facbf954e9554675f121713c9bb	38342
mods/heroes.stormmod/enus.stormassets/localizeddata/sounds/vo/stitchesbear18_ping_attackmerc00.ogg	02bec17cb10bb11f37ebb7e8331ec8b3	30008
mods/heroes.stormmod/enus.stormassets/localizeddata/sounds/vo/stitchesbear18_ping_attackoutpost00.ogg	2518317e0d799d961ac49da3d5718f51	26797
mods/heroes.stormmod/enus.stormassets/localizeddata/sounds/vo/stitchesbear18_ping_attacktower00.ogg	0f9155d675f672d4993aa652eba74810	30033
mods/heroes.stormmod/enus.stormassets/localizeddata/sounds/vo/stitchesbear18_ping_defendcastle00.ogg	64da7a4e8e7e1d49725ebeb627704a83	25131
mods/heroes.stormmod/enus.stormassets/localizeddata/sounds/vo/stitchesbear18_ping_defendoutpost00.ogg	b8cf2aa58ebd4bb75b9fc05ba6817688	23342
mods/heroes.stormmod/enus.stormassets/localizeddata/sounds/vo/stitchesbear18_ping_defendtower00.ogg	d1c04aae138fb1bdf5a618347eef31e3	28763
mods/heroes.stormmod/enus.stormassets/localizeddata/sounds/vo/stitchesbear18_ping_killhero00.ogg	7fff49064a9570b4a9450921fbf03923	21129
mods/heroes.stormmod/enus.stormassets/localizeddata/sounds/vo/stitchesbear18_pissed00.ogg	30a1c49070ea8abb8b39b47bcf02b1fa	24231
mods/heroes.stormmod/enus.stormassets/localizeddata/sounds/vo/stitchesbear18_pissed01.ogg	e3e0fa6b0a721ba6a7cd454ac40ff60b	26206
mods/heroes.stormmod/enus.stormassets/localizeddata/sounds/vo/stitchesbear18_pissed02.ogg	226a78629813a153ce41aa9915ce6e12	50114
mods/heroes.stormmod/enus.stormassets/localizeddata/sounds/vo/stitchesbear18_pissed03.ogg	48d82ef4261288942e8475f05036e9fb	66175
mods/heroes.stormmod/enus.stormassets/localizeddata/sounds/vo/stitchesbear18_pissed04.ogg	6abe35acd69f497cd5a2979e779c1aa2	59220
mods/heroes.stormmod/enus.stormassets/localizeddata/sounds/vo/stitchesbear18_pissed05.ogg	35abe8bb92c6d3bc8db294ad7e0aeaaa	46453
mods/heroes.stormmod/enus.stormassets/localizeddata/sounds/vo/stitchesbear18_pissed06.ogg	aaf6694ce0da5f76f0d8acd01d9e758a	39040
mods/heroes.stormmod/enus.stormassets/localizeddata/sounds/vo/stitchesbear18_pissed07.ogg	8355f13bbb2016b36d70327e8acf5dc3	43992
mods/heroes.stormmod/enus.stormassets/localizeddata/sounds/vo/stitchesbear18_pissed08.ogg	ca9969fc6070cfdcfbf83bdddf3e639f	67582
mods/heroes.stormmod/enus.stormassets/localizeddata/sounds/vo/stitchesbear18_pissed09.ogg	43a31f65ff9cb6cca0c7a4d2af685b49	31175
mods/heroes.stormmod/enus.stormassets/localizeddata/sounds/vo/stitchesbear18_pissed10.ogg	90590bbe395f636d8932c87d0dad0dbc	48567
mods/heroes.stormmod/enus.stormassets/localizeddata/sounds/vo/stitchesbear18_pissed11.ogg	802ddc444bb165d8ed049f55d526d3f5	31805
mods/heroes.stormmod/enus.stormassets/localizeddata/sounds/vo/stitchesbear18_pissed12.ogg	3a25f947e5cbe679fd70f2086c6b9715	51473
mods/heroes.stormmod/enus.stormassets/localizeddata/sounds/vo/stitchesbear18_pissed13.ogg	0db9a2aa4fd3dd0cd13e57b90cbb0398	50932
mods/heroes.stormmod/enus.stormassets/localizeddata/sounds/vo/stitchesbear18_pissed14.ogg	cb4536a5d68545777db14748cf1e79d4	50395
mods/heroes.stormmod/enus.stormassets/localizeddata/sounds/vo/stitchesbear18_resurrected00.ogg	9427fc628499f8b12bc198ff058da7e5	42909
mods/heroes.stormmod/enus.stormassets/localizeddata/sounds/vo/stitchesbear18_resurrected01.ogg	ab42e5926c4949894b4256d1cf6baa23	32780
mods/heroes.stormmod/enus.stormassets/localizeddata/sounds/vo/stitchesbear18_revengeend01.ogg	3fed1f9b324df47be5415040ac998e69	28098
mods/heroes.stormmod/enus.stormassets/localizeddata/sounds/vo/stitchesbear18_revive00.ogg	86ebe02d07905dd356ca181057bd900d	39659
mods/heroes.stormmod/enus.stormassets/localizeddata/sounds/vo/stitchesbear18_revive01.ogg	0196538dd96986ff738d2896e4e5ed2c	26235
mods/heroes.stormmod/enus.stormassets/localizeddata/sounds/vo/stitchesbear18_revive02.ogg	7f654ec423146a67a4aa5fc930adbbb8	28140
mods/heroes.stormmod/enus.stormassets/localizeddata/sounds/vo/stitchesbear18_social_thanks01.ogg	5c06534334ca240d97458fa332e6e270	24994
mods/heroes.stormmod/enus.stormassets/localizeddata/sounds/vo/stitchesbear18_spec00.ogg	6c5ee6b02964e2c3c8a287c0129d8f66	27293
mods/heroes.stormmod/enus.stormassets/localizeddata/sounds/vo/stitchesbear18_spec01.ogg	57b2fe07a2466eb54bdc938697bbde80	31715
mods/heroes.stormmod/enus.stormassets/localizeddata/sounds/vo/stitchesbear18_spec02.ogg	af5bf85627429905dfb840aa533d26cb	33360
mods/heroes.stormmod/enus.stormassets/localizeddata/sounds/vo/stitchesbear18_spec03.ogg	70cc16e00fce01b86ae05d348734f0ba	38255
mods/heroes.stormmod/enus.stormassets/localizeddata/sounds/vo/stitchesbear18_spec04.ogg	568ab7747c51c6249d21de2b3f46bbc7	32476
mods/heroes.stormmod/enus.stormassets/localizeddata/sounds/vo/stitchesbear18_taunt00.ogg	3e2a195193ba5122ea917dc72fda96f1	37023
mods/heroes.stormmod/enus.stormassets/localizeddata/sounds/vo/stitchesbear18_taunt01.ogg	ae89351da509fab4da350d61606ecf1f	39497
mods/heroes.stormmod/enus.stormassets/localizeddata/sounds/vo/stitchesbear18_taunt02.ogg	cce2b61e6b76f9cd6b7a78b96cb3e724	35622
mods/heroes.stormmod/enus.stormassets/localizeddata/sounds/vo/stitchesbear18_teamkilled00.ogg	113661e24618ebe16a3080da485fadc2	45055
mods/heroes.stormmod/enus.stormassets/localizeddata/sounds/vo/stitchesbear18_ui_exlocked00.ogg	6cbf6a9d24f1d14bf4763b98b30d4a42	32597
mods/heroes.stormmod/enus.stormassets/localizeddata/sounds/vo/stitchesbear18_ui_expurchased00.ogg	cc6c4e77e6bc67882a2fa950341c58d3	33420
mods/heroes.stormmod/enus.stormassets/localizeddata/sounds/vo/stitchesbear18_ui_gift00.ogg	aa14b7b4cd8388637e726c09016a375b	34592
mods/heroes.stormmod/enus.stormassets/localizeddata/sounds/vo/stitchesbear18_ui_lockin00.ogg	cf9cd9dc5be99407fe33ce4b1b1d066f	30603
mods/heroes.stormmod/enus.stormassets/localizeddata/sounds/vo/stitchesbear18_ui_purchase00.ogg	41f8beec1a0c93fcce642d8a91a05c1c	44670
mods/heroes.stormmod/enus.stormassets/localizeddata/sounds/vo/stitchesbear18_ui_trial00.ogg	bd54d9eb2fa43a72058e7a1aae013167	33320
mods/heroes.stormmod/enus.stormassets/localizeddata/sounds/vo/stitchesbear18_ui_trial01.ogg	452ee436d0e0d3acd9c8637f53ff5cca	30159
mods/heroes.stormmod/enus.stormassets/localizeddata/sounds/vo/stitchesbear18_ui_waitlocked00.ogg	9f8e3efbe1cbd1d9cfa728696f3dab75	38130
mods/heroes.stormmod/enus.stormassets/localizeddata/sounds/vo/stitchesbear18_ui_waitlocked01.ogg	b449ef5dde2a4675176cfcfdb7a10fa1	42014
mods/heroes.stormmod/enus.stormassets/localizeddata/sounds/vo/stitchesbear18_ui_waitpurchased00.ogg	5093d2afca9bd9e816cde6a47dbd0a65	31930
mods/heroes.stormmod/enus.stormassets/localizeddata/sounds/vo/stitchesbear18_ui_waitpurchased01.ogg	fbf74f7e69820a0d718896b620232936	36589
mods/heroes.stormmod/enus.stormassets/localizeddata/sounds/vo/stitchesbear18_ultimate1used00.ogg	e182975b09b5f117cd22b4c7f9a66813	42269
mods/heroes.stormmod/enus.stormassets/localizeddata/sounds/vo/stitchesbear18_ultimate2used00.ogg	0fcd3dfbd280ad5d91f168ad1d9f6ed9	25662
mods/heroes.stormmod/enus.stormassets/localizeddata/sounds/vo/stitchesbear18_ultimate2used01.ogg	15eb94fc1ca26fb277b96ba703cffb57	35133
mods/heroes.stormmod/enus.stormassets/localizeddata/sounds/vo/stitchesbear18_voicelinefive00.ogg	848b9c4be2422cbfa0d232d900d73982	35138
mods/heroes.stormmod/enus.stormassets/localizeddata/sounds/vo/stitchesbear18_voicelinefour00.ogg	ab9894c78b4b4451fc7af8b9aaab146e	26716
mods/heroes.stormmod/enus.stormassets/localizeddata/sounds/vo/stitchesbear18_voicelineone00.ogg	5afebeed54288f9878554d03bdfbee12	32171
mods/heroes.stormmod/enus.stormassets/localizeddata/sounds/vo/stitchesbear18_voicelinethree00.ogg	602017a8b4d0e7eb09d90d228fea5cc2	29402
mods/heroes.stormmod/enus.stormassets/localizeddata/sounds/vo/stitchesbear18_voicelinetwo00.ogg	86ebe02d07905dd356ca181057bd900d	39659
mods/heroes.stormmod/enus.stormassets/localizeddata/sounds/vo/stitchesbear18_vox_angrygrowl00.ogg	f37a4976e50f08b77a6547120bacc74a	22243
mods/heroes.stormmod/enus.stormassets/localizeddata/sounds/vo/stitchesbear18_vox_angrygrowl01.ogg	6558519a2eb23df1790ac4c518c287a7	30788
mods/heroes.stormmod/enus.stormassets/localizeddata/sounds/vo/stitchesbear18_vox_angrygrowl02.ogg	e21ff13eef6c8906859fc7502052fe57	22744
mods/heroes.stormmod/enus.stormassets/localizeddata/sounds/vo/stitchesbear18_vox_angrygrowl03.ogg	f3e9d6803950f295f23d75c8fbf9d184	31922
mods/heroes.stormmod/enus.stormassets/localizeddata/sounds/vo/stitchesbear18_vox_angrygrowl04.ogg	c86634a81cd65535822c30ace1be8dcf	15348
mods/heroes.stormmod/enus.stormassets/localizeddata/sounds/vo/stitchesbear18_vox_angrygrowl05.ogg	145ffd54c1dc4fdb87f2fe91e7e4e49d	22374
mods/heroes.stormmod/enus.stormassets/localizeddata/sounds/vo/stitchesbear18_vox_angrygrowl06.ogg	a47a54fa7ad59db28e32d699d5f43f35	22484
mods/heroes.stormmod/enus.stormassets/localizeddata/sounds/vo/stitchesbear18_vox_angrygrowl07.ogg	e37537c4fe135fb88ff85ab2d8340574	26243
mods/heroes.stormmod/enus.stormassets/localizeddata/sounds/vo/stitchesbear18_vox_attack00.ogg	61fca3cfbbcc2ad4af6c136ffd9dc5dd	17999
mods/heroes.stormmod/enus.stormassets/localizeddata/sounds/vo/stitchesbear18_vox_attack01.ogg	f9173c7f2e10dfa8d176b28e77b9ae48	16407
mods/heroes.stormmod/enus.stormassets/localizeddata/sounds/vo/stitchesbear18_vox_attack02.ogg	42c760c8bbd15fde24adabb90e7d8f7c	17750
mods/heroes.stormmod/enus.stormassets/localizeddata/sounds/vo/stitchesbear18_vox_attack03.ogg	b14107e2a83c70139fa89188339527fb	20088
mods/heroes.stormmod/enus.stormassets/localizeddata/sounds/vo/stitchesbear18_vox_attack04.ogg	e5d56ace6e770d0572611de29f886816	23832
mods/heroes.stormmod/enus.stormassets/localizeddata/sounds/vo/stitchesbear18_vox_attack05.ogg	48dac7822abd737cc56f7b600e26d62b	15969
mods/heroes.stormmod/enus.stormassets/localizeddata/sounds/vo/stitchesbear18_vox_attack06.ogg	1cadf36353a10718f975cddf807ed1bb	12479
mods/heroes.stormmod/enus.stormassets/localizeddata/sounds/vo/stitchesbear18_vox_attack07.ogg	592c2f2aa9ea158937df94336d3ad3ef	17775
mods/heroes.stormmod/enus.stormassets/localizeddata/sounds/vo/stitchesbear18_vox_attack10.ogg	b604a057560894b3d91c90349139747f	13728
mods/heroes.stormmod/enus.stormassets/localizeddata/sounds/vo/stitchesbear18_vox_attack11.ogg	7a9e645cd682371c7758d51ef63e707f	13154
mods/heroes.stormmod/enus.stormassets/localizeddata/sounds/vo/stitchesbear18_vox_attack12.ogg	8edaa366a485d5e4865e6ea2956677bb	10840
mods/heroes.stormmod/enus.stormassets/localizeddata/sounds/vo/stitchesbear18_vox_attack13.ogg	4728c52b78640c0d4c6f4cd358c202e6	14002
mods/heroes.stormmod/enus.stormassets/localizeddata/sounds/vo/stitchesbear18_vox_casting00.ogg	06d93de53feec22e4e91509d2a3a43de	17996
mods/heroes.stormmod/enus.stormassets/localizeddata/sounds/vo/stitchesbear18_vox_casting01.ogg	2500ea5801a193b47c72f5a54d034bdf	16745
mods/heroes.stormmod/enus.stormassets/localizeddata/sounds/vo/stitchesbear18_vox_casting02.ogg	e1f562e5bfad13952d75854888e37f31	11306
mods/heroes.stormmod/enus.stormassets/localizeddata/sounds/vo/stitchesbear18_vox_casting03.ogg	6dcd1c27b914830767866dc16f3b70a1	26527
mods/heroes.stormmod/enus.stormassets/localizeddata/sounds/vo/stitchesbear18_vox_casting04.ogg	809bd85f9b9746cacaa0a53a577c82ae	39800
mods/heroes.stormmod/enus.stormassets/localizeddata/sounds/vo/stitchesbear18_vox_casting05.ogg	a6615b25db001ed0011103c07b178bc7	16442
mods/heroes.stormmod/enus.stormassets/localizeddata/sounds/vo/stitchesbear18_vox_cheer00.ogg	1512a3822a21b7d5e4f6a545d0748024	22454
mods/heroes.stormmod/enus.stormassets/localizeddata/sounds/vo/stitchesbear18_vox_cheer00_alt.ogg	ab9b9a30062be612d045e6a92157401e	24088
mods/heroes.stormmod/enus.stormassets/localizeddata/sounds/vo/stitchesbear18_vox_gethit00.ogg	983909b45351a2cbd5eedcd7ed66b225	8919
mods/heroes.stormmod/enus.stormassets/localizeddata/sounds/vo/stitchesbear18_vox_gethit01.ogg	091cc5d654eec16dc5246b4c89a8a9a0	11319
mods/heroes.stormmod/enus.stormassets/localizeddata/sounds/vo/stitchesbear18_vox_gethit02.ogg	6da62db996e33cf52aedf8505ffff25e	12451
mods/heroes.stormmod/enus.stormassets/localizeddata/sounds/vo/stitchesbear18_vox_gethit03.ogg	f0c2dd04b18b6a1a6965855018b066d3	13278
mods/heroes.stormmod/enus.stormassets/localizeddata/sounds/vo/stitchesbear18_vox_gethit04.ogg	2e071db0a80c150dd5483a78dfbaa94d	14060
mods/heroes.stormmod/enus.stormassets/localizeddata/sounds/vo/stitchesbear18_vox_gethit05.ogg	41c40d8e37c4d19c716e0ce7cd133245	10203
mods/heroes.stormmod/enus.stormassets/localizeddata/sounds/vo/stitchesbear18_vox_gethit06.ogg	5dc3c5da70f0bd5943deb5713db11da3	15768
mods/heroes.stormmod/enus.stormassets/localizeddata/sounds/vo/stitchesbear18_vox_gethit07.ogg	1ecaca0d5a4ae5b958291dfa007308bc	16218
mods/heroes.stormmod/enus.stormassets/localizeddata/sounds/vo/stitchesbear18_vox_gethit08.ogg	3b32c8ec091b0ea794c6e187869a86c6	11772
mods/heroes.stormmod/enus.stormassets/localizeddata/sounds/vo/stitchesbear18_vox_gethit09.ogg	40f15c7b2c85b720423e49c5a72473dc	9014
mods/heroes.stormmod/enus.stormassets/localizeddata/sounds/vo/stitchesbear18_vox_gethit10.ogg	670d4d49ae7396dfb89ed2080073cf09	13764
mods/heroes.stormmod/enus.stormassets/localizeddata/sounds/vo/stitchesbear18_vox_laugh08.ogg	a4eb48fa630c9f2f95ebdc31492b0c78	28043
mods/heroes.stormmod/enus.stormassets/localizeddata/sounds/vo/stitchesbear18_vox_mellowgrowl00.ogg	fc993b8d0de7bf4ef16a130a1c9e89cb	59429
mods/heroes.stormmod/enus.stormassets/localizeddata/sounds/vo/stitchesbear18_vox_mellowgrowl01.ogg	c5f20d56ab5b3af367dfa5ba7a9245f7	54863
mods/heroes.stormmod/enus.stormassets/localizeddata/sounds/vo/stitchesbear18_vox_mellowgrowl02.ogg	269862aa32a4612b1d8aae7988f494e8	39702
mods/heroes.stormmod/enus.stormassets/localizeddata/sounds/vo/stitchesbear18_vox_pulled00.ogg	b966cb084482eb732db6917434a43522	12814
mods/heroes.stormmod/enus.stormassets/localizeddata/sounds/vo/stitchesbear18_vox_pulled01.ogg	538c502b677cb424ce7c9d51cee32dc0	12251
mods/heroes.stormmod/enus.stormassets/localizeddata/sounds/vo/stitchesbear18_vox_retchling00.ogg	cdfdb4b56fb64a0d5f6f093d48e81732	54247
mods/heroes.stormmod/enus.stormassets/localizeddata/sounds/vo/stitchesbear18_vox_retchling01.ogg	3040e16bf3003789558b40472db4abd6	36933
mods/heroes.stormmod/enus.stormassets/localizeddata/sounds/vo/stitchesbear18_vox_retchling02.ogg	38a37acbf9040e8e1907053ee95d60c5	55524
mods/heroes.stormmod/enus.stormassets/localizeddata/sounds/vo/stitchesbear18_vox_retchling03.ogg	84c180610505fb91a253dc4efd450de0	46144
mods/heroes.stormmod/enus.stormassets/localizeddata/sounds/vo/stitchesbear18_vox_retchling04.ogg	f9adbfe4f0d68b4b9e80b6a42af23a17	21661
mods/heroes.stormmod/enus.stormassets/localizeddata/sounds/vo/stitchesbear18_worthit00.ogg	f8dc85daabed1307a3af432c43514f3e	32089
mods/heroes.stormmod/enus.stormassets/localizeddata/sounds/vo/stitchesbear18_worthit01.ogg	b5c99604204bd6c78b38db7193a370c7	43015
mods/heroes.stormmod/enus.stormassets/localizeddata/sounds/vo/stitchesbear18_yes00.ogg	c2d949ce382bfb9d89898e4f5de56393	35690
mods/heroes.stormmod/enus.stormassets/localizeddata/sounds/vo/stitchesbear18_yes01.ogg	3c83c3dee4169a888d58e32daa303057	25004
mods/heroes.stormmod/enus.stormassets/localizeddata/sounds/vo/stitchesbear18_yes02.ogg	8fb2976fe214bf9f7d540ea6101ff9a9	29984
mods/heroes.stormmod/enus.stormassets/localizeddata/sounds/vo/stitchesbear18_yes03.ogg	e4c0f58ccb177649ce2203a90ad3a597	16857
mods/heroes.stormmod/enus.stormassets/localizeddata/sounds/vo/stitchesbear18_yes04.ogg	4656e25bc43dc1f81fe41511907f60e4	33286
mods/heroes.stormmod/enus.stormassets/localizeddata/sounds/vo/stitchesbear18_yes05.ogg	8ff10bc59bb2c5397ed913455a8cdfe1	18897
mods/heroes.stormmod/enus.stormassets/localizeddata/sounds/vo/stitchesbear18_yes06.ogg	5aa0792a0c1bd4bc1016d06cd29830f1	16224
mods/heroes.stormmod/enus.stormassets/localizeddata/sounds/vo/stitchesbear18_yes07.ogg	6dea18aee3696b30b375478a846fabc7	17753
mods/heroes.stormmod/enus.stormassets/localizeddata/sounds/vo/stitchesbear18_yes08.ogg	ac368ba957cd5609681f07bb77c064c8	21744
mods/heroes.stormmod/enus.stormassets/localizeddata/sounds/vo/stukovarmy_ai_attack00.ogg	4370edc777325da26b5b556015977925	38695
mods/heroes.stormmod/enus.stormassets/localizeddata/sounds/vo/stukovarmy_ai_attack01.ogg	5d6a822727b1fc160d1a466ed4be1280	35857
mods/heroes.stormmod/enus.stormassets/localizeddata/sounds/vo/stukovarmy_ai_attack02.ogg	a68e108351bc0c95a8f5cb4dfaa6041b	32396
mods/heroes.stormmod/enus.stormassets/localizeddata/sounds/vo/stukovarmy_ai_caution00.ogg	b774d0df1d86ad78aad97aca93ee927e	17293
mods/heroes.stormmod/enus.stormassets/localizeddata/sounds/vo/stukovarmy_ai_goodjob00.ogg	007854123b8a268433d3de4c6ab6c431	27661
mods/heroes.stormmod/enus.stormassets/localizeddata/sounds/vo/stukovarmy_ai_goodjob01.ogg	b0b111b3f9fe4d187af783a9ddb51a95	29396
mods/heroes.stormmod/enus.stormassets/localizeddata/sounds/vo/stukovarmy_ai_goodjob02.ogg	9e5f755c7b3fb574d031a8ed3e8e0172	40259
mods/heroes.stormmod/enus.stormassets/localizeddata/sounds/vo/stukovarmy_ai_heal00.ogg	42930b77259d97cfb025a1f9f160aa3a	34511
mods/heroes.stormmod/enus.stormassets/localizeddata/sounds/vo/stukovarmy_ai_heal01.ogg	0e3b4594a4d16fa1f27f298ca742240b	46890
mods/heroes.stormmod/enus.stormassets/localizeddata/sounds/vo/stukovarmy_ai_retreat00.ogg	eb11289fe1639597fa341381bced5670	18448
mods/heroes.stormmod/enus.stormassets/localizeddata/sounds/vo/stukovarmy_ai_retreat01.ogg	5a635d5e70d48251b782ea6a670987a2	23953
mods/heroes.stormmod/enus.stormassets/localizeddata/sounds/vo/stukovarmy_ai_uhoh00.ogg	caf0c0d6f774c42538e4338a7803af95	32557
mods/heroes.stormmod/enus.stormassets/localizeddata/sounds/vo/stukovarmy_ai_uhoh01.ogg	ca73b758c7acb978739f64a77e6f65ec	26493
mods/heroes.stormmod/enus.stormassets/localizeddata/sounds/vo/stukovarmy_ai_uhoh02.ogg	7f63ffe0ea32f5a4994fe7eb60172519	24289
mods/heroes.stormmod/enus.stormassets/localizeddata/sounds/vo/stukovarmy_attack00.ogg	992e5a5499891acd505a17147e6fbc52	26666
mods/heroes.stormmod/enus.stormassets/localizeddata/sounds/vo/stukovarmy_attack01.ogg	ceca2997d6d31bb5c4ad4980e37f27e6	27950
mods/heroes.stormmod/enus.stormassets/localizeddata/sounds/vo/stukovarmy_attack02.ogg	757a45eb2754cce7446d0eba29a0fe7f	35535
mods/heroes.stormmod/enus.stormassets/localizeddata/sounds/vo/stukovarmy_attack03.ogg	2a529aa7c53ae178a724443a7ca27661	25731
mods/heroes.stormmod/enus.stormassets/localizeddata/sounds/vo/stukovarmy_attack04.ogg	7362f7a9da1ff97f50fe55844c6837b8	24463
mods/heroes.stormmod/enus.stormassets/localizeddata/sounds/vo/stukovarmy_attack05.ogg	ac073f062575d5ee165d997ec034b5f4	25032
mods/heroes.stormmod/enus.stormassets/localizeddata/sounds/vo/stukovarmy_attack06.ogg	a8c23b530cd1ee4901ad3aebc2bdaea0	29172
mods/heroes.stormmod/enus.stormassets/localizeddata/sounds/vo/stukovarmy_celebrate00.ogg	f92ac802928f1327b50fc5cbfdb4457a	25757
mods/heroes.stormmod/enus.stormassets/localizeddata/sounds/vo/stukovarmy_celebrate01.ogg	7f67d3b75ee06a6bd02bc3c8e3ef4856	25084
mods/heroes.stormmod/enus.stormassets/localizeddata/sounds/vo/stukovarmy_comeback00.ogg	6e05f4c45005ec71406cfff9b11e3e2b	45514
mods/heroes.stormmod/enus.stormassets/localizeddata/sounds/vo/stukovarmy_death00.wav	60a9ea1c44621218c6e8b4f3d9bb19bd	41020
mods/heroes.stormmod/enus.stormassets/localizeddata/sounds/vo/stukovarmy_death01.wav	883e6a6972c2bed79d33f3accef966db	53564
mods/heroes.stormmod/enus.stormassets/localizeddata/sounds/vo/stukovarmy_death02.wav	34a084448c48a0bc85de78d3543ba2da	56124
mods/heroes.stormmod/enus.stormassets/localizeddata/sounds/vo/stukovarmy_death03.wav	bb14b228298d9d837b2d278b6c10f24f	67132
mods/heroes.stormmod/enus.stormassets/localizeddata/sounds/vo/stukovarmy_death04.wav	a9362dcf4e9c562c7691419c3ac71d79	82492
mods/heroes.stormmod/enus.stormassets/localizeddata/sounds/vo/stukovarmy_death05.wav	b3ced574bc20f6609cf37baf1238a395	88892
mods/heroes.stormmod/enus.stormassets/localizeddata/sounds/vo/stukovarmy_death06.wav	304ad6d3798f4b0718b4f51a0373c09d	110652
mods/heroes.stormmod/enus.stormassets/localizeddata/sounds/vo/stukovarmy_death07.wav	315f13946684eae82434f35cd31bece1	61756
mods/heroes.stormmod/enus.stormassets/localizeddata/sounds/vo/stukovarmy_healed00.ogg	1f9c7581a2125419b2f46f7582616bf9	38280
mods/heroes.stormmod/enus.stormassets/localizeddata/sounds/vo/stukovarmy_healed01.ogg	e2ac69897f2a495bb08fb87f3406a6ed	22754
mods/heroes.stormmod/enus.stormassets/localizeddata/sounds/vo/stukovarmy_healed02.ogg	ff3cd2aec6bb92b90112e13901a2ae3a	37874
mods/heroes.stormmod/enus.stormassets/localizeddata/sounds/vo/stukovarmy_homescreen00.ogg	23875e629387d7126be35e1e0dd10a91	26842
mods/heroes.stormmod/enus.stormassets/localizeddata/sounds/vo/stukovarmy_introagree00.ogg	b705226df0b4bfbe7eded577bfe02a95	28545
mods/heroes.stormmod/enus.stormassets/localizeddata/sounds/vo/stukovarmy_introagree01.ogg	4014e0dc4db68abaf3f349879cbcbf2a	32257
mods/heroes.stormmod/enus.stormassets/localizeddata/sounds/vo/stukovarmy_introagree02.ogg	d53d7df5c57d139674e14db495f1a353	28941
mods/heroes.stormmod/enus.stormassets/localizeddata/sounds/vo/stukovarmy_introboast00.ogg	de00a72e3e9e71206a470506ff48c85f	68004
mods/heroes.stormmod/enus.stormassets/localizeddata/sounds/vo/stukovarmy_introboast01.ogg	2534a5f6682fbbf885bd9a94d366570c	64766
mods/heroes.stormmod/enus.stormassets/localizeddata/sounds/vo/stukovarmy_introquestion00.ogg	732ab063663326d7a339d79e741da1f7	48331
mods/heroes.stormmod/enus.stormassets/localizeddata/sounds/vo/stukovarmy_introquestion01.ogg	1644b5caa17c564b0dc89b0d608eff59	37726
mods/heroes.stormmod/enus.stormassets/localizeddata/sounds/vo/stukovarmy_introquestion_abathur00.ogg	81cce366d2061bbc93aa2449d65ff13d	59216
mods/heroes.stormmod/enus.stormassets/localizeddata/sounds/vo/stukovarmy_introquestion_degenerate00.ogg	0ea9e678472fadad8a9e855d00f4c1b5	74428
mods/heroes.stormmod/enus.stormassets/localizeddata/sounds/vo/stukovarmy_introquestion_kerrigan00.ogg	b975bcfb154fe793f7101825272038ea	53996
mods/heroes.stormmod/enus.stormassets/localizeddata/sounds/vo/stukovarmy_introquestion_malthael00.ogg	b3170140b9e49850a44a96c66c65df65	69414
mods/heroes.stormmod/enus.stormassets/localizeddata/sounds/vo/stukovarmy_introquestion_morales00.ogg	6ba7634899f75a8a1c1e1693137d71e0	60148
mods/heroes.stormmod/enus.stormassets/localizeddata/sounds/vo/stukovarmy_introquestion_murky00.ogg	15d5b95a2d77c781421d141fae543d4c	50550
mods/heroes.stormmod/enus.stormassets/localizeddata/sounds/vo/stukovarmy_introquestion_negative00.ogg	439e91998db41121a848b3cbe9fb4bd0	56720
mods/heroes.stormmod/enus.stormassets/localizeddata/sounds/vo/stukovarmy_introquestion_positive00.ogg	31d9bab70f68777e3b0537ecfa9cdc3a	33621
mods/heroes.stormmod/enus.stormassets/localizeddata/sounds/vo/stukovarmy_introquestion_protoss00.ogg	715c1b4842fb0883d70cad137e133e54	63375
mods/heroes.stormmod/enus.stormassets/localizeddata/sounds/vo/stukovarmy_introquestion_terran00.ogg	f95bb4bee06ae9a02872a727bd95d266	59210
mods/heroes.stormmod/enus.stormassets/localizeddata/sounds/vo/stukovarmy_introquestion_zagara00.ogg	65de825021b173027d32ed6f3cfc472f	46636
mods/heroes.stormmod/enus.stormassets/localizeddata/sounds/vo/stukovarmy_introquestion_zarya00.ogg	ff4e3e37e98fa2f69fdef859843d785f	25310
mods/heroes.stormmod/enus.stormassets/localizeddata/sounds/vo/stukovarmy_introquestion_zerg00.ogg	6d1e6bd6bbc45b17be1b164a617d8618	53605
mods/heroes.stormmod/enus.stormassets/localizeddata/sounds/vo/stukovarmy_introrespond00.ogg	bf3c13b9cae2307438fb3a0c549c7e92	31561
mods/heroes.stormmod/enus.stormassets/localizeddata/sounds/vo/stukovarmy_introrespond01.ogg	e1c0fb9793894b2cc7ee6583e271e25e	39777
mods/heroes.stormmod/enus.stormassets/localizeddata/sounds/vo/stukovarmy_introrespond02.ogg	ffd6f67464495f3876b06774e2284e7d	69659
mods/heroes.stormmod/enus.stormassets/localizeddata/sounds/vo/stukovarmy_introresponse_abathur00.ogg	63a418dd0113105bcdda38b0b798dd95	31141
mods/heroes.stormmod/enus.stormassets/localizeddata/sounds/vo/stukovarmy_introresponse_angry00.ogg	d2d835ac610c9aa1c00c15b2a54a171f	39098
mods/heroes.stormmod/enus.stormassets/localizeddata/sounds/vo/stukovarmy_introresponse_degenerate00.ogg	e209450ecd2347c03d516faeae20c0e0	60651
mods/heroes.stormmod/enus.stormassets/localizeddata/sounds/vo/stukovarmy_introresponse_dismissive00.ogg	c4934d32a64b07c353a76d0554496367	37827
mods/heroes.stormmod/enus.stormassets/localizeddata/sounds/vo/stukovarmy_introresponse_dismisstwo00.ogg	3f27bcde9af25b1df0e5483faa7d31e7	44091
mods/heroes.stormmod/enus.stormassets/localizeddata/sounds/vo/stukovarmy_introresponse_falstad00.ogg	aac125020695ea04904e190b0852341b	61572
mods/heroes.stormmod/enus.stormassets/localizeddata/sounds/vo/stukovarmy_introresponse_kerrigan00.ogg	26ec34de1d01001acfc43571283ea06c	18610
mods/heroes.stormmod/enus.stormassets/localizeddata/sounds/vo/stukovarmy_introresponse_malthael00.ogg	ceff25432e80bf8a0a62dcf1fcbcfa31	23442
mods/heroes.stormmod/enus.stormassets/localizeddata/sounds/vo/stukovarmy_introresponse_morales00.ogg	5f704d9bd794f2a37a3201997e83f59f	62709
mods/heroes.stormmod/enus.stormassets/localizeddata/sounds/vo/stukovarmy_introresponse_murky00.ogg	a9f4f6aaa3d081b8bb02c9f8d2e22bae	45604
mods/heroes.stormmod/enus.stormassets/localizeddata/sounds/vo/stukovarmy_introresponse_negative00.ogg	48c2fd7e7a75c3b7f539c3e67d4d392b	39946
mods/heroes.stormmod/enus.stormassets/localizeddata/sounds/vo/stukovarmy_introresponse_positive00.ogg	116dc7c82ead30bcd0d18666abb9e086	30964
mods/heroes.stormmod/enus.stormassets/localizeddata/sounds/vo/stukovarmy_introresponse_terran00.ogg	de2c245c1d22bdb8fe7fab17ea7f6df9	43875
mods/heroes.stormmod/enus.stormassets/localizeddata/sounds/vo/stukovarmy_introresponse_zagara00.ogg	bef7001b9c83cdba23531ac6d00e192a	28869
mods/heroes.stormmod/enus.stormassets/localizeddata/sounds/vo/stukovarmy_introresponse_zarya00.ogg	bde7c4412c59db8fc506220571f06c45	61134
mods/heroes.stormmod/enus.stormassets/localizeddata/sounds/vo/stukovarmy_introresponse_zerg00.ogg	0dee44be8579c6da244ded444fcfa771	66645
mods/heroes.stormmod/enus.stormassets/localizeddata/sounds/vo/stukovarmy_introresponse_zergneg00.ogg	91cf027631d3c211f79163f1032f1eb6	40028
mods/heroes.stormmod/enus.stormassets/localizeddata/sounds/vo/stukovarmy_kill00.ogg	055b76dc878c2e6a2be6867e986d9094	33779
mods/heroes.stormmod/enus.stormassets/localizeddata/sounds/vo/stukovarmy_kill01.ogg	ddcaecbd798d0ad57766b446b693b800	35571
mods/heroes.stormmod/enus.stormassets/localizeddata/sounds/vo/stukovarmy_kill02.ogg	ccfd3957510405366c72ef19b6c8d052	28794
mods/heroes.stormmod/enus.stormassets/localizeddata/sounds/vo/stukovarmy_kill03.ogg	e38da0a7153a3e4f1c175e047176fe2c	25528
mods/heroes.stormmod/enus.stormassets/localizeddata/sounds/vo/stukovarmy_kill04.ogg	76181845d02adbb1b4588158ace95b62	27914
mods/heroes.stormmod/enus.stormassets/localizeddata/sounds/vo/stukovarmy_killabathur00.ogg	e677a87b0db13ff6ec9b9a897aa2c8c1	32678
mods/heroes.stormmod/enus.stormassets/localizeddata/sounds/vo/stukovarmy_killdehaka00.ogg	cd09a9b405f8c1ead79fe6e88493a67b	48182
mods/heroes.stormmod/enus.stormassets/localizeddata/sounds/vo/stukovarmy_killfearless00.ogg	17a6d016c05eca33c697a036b54f1c36	40698
mods/heroes.stormmod/enus.stormassets/localizeddata/sounds/vo/stukovarmy_killkerrigan00.ogg	d3a7175cf967c0aad7f228c1869f2c9c	37025
mods/heroes.stormmod/enus.stormassets/localizeddata/sounds/vo/stukovarmy_killmorales00.ogg	29be160649ed91908919b10264878d17	27468
mods/heroes.stormmod/enus.stormassets/localizeddata/sounds/vo/stukovarmy_killprotoss00.ogg	4b46a298158ff495ba290ac3fd36ecd9	28703
mods/heroes.stormmod/enus.stormassets/localizeddata/sounds/vo/stukovarmy_killsgthammer00.ogg	b78cc4a3379acd413d979f652733ef32	36660
mods/heroes.stormmod/enus.stormassets/localizeddata/sounds/vo/stukovarmy_killspreeend00.ogg	4becc5974685b8b2bb70b83aed933db3	45109
mods/heroes.stormmod/enus.stormassets/localizeddata/sounds/vo/stukovarmy_killterran00.ogg	acedcf16e968f357e29bef523d0a3cd0	30977
mods/heroes.stormmod/enus.stormassets/localizeddata/sounds/vo/stukovarmy_killweird00.ogg	e4e2a71ff9f9a8cedd1d89bb224b4226	36809
mods/heroes.stormmod/enus.stormassets/localizeddata/sounds/vo/stukovarmy_killzagara00.ogg	51c7cae358fd898c8edc934d5891cf45	31540
mods/heroes.stormmod/enus.stormassets/localizeddata/sounds/vo/stukovarmy_killzarya00.ogg	eb24da7b897fe9cc477f509cc17bbecd	18504
mods/heroes.stormmod/enus.stormassets/localizeddata/sounds/vo/stukovarmy_killzerg00.ogg	af766b85209cccd18ad632641e58fb06	35126
mods/heroes.stormmod/enus.stormassets/localizeddata/sounds/vo/stukovarmy_laugh00.ogg	0675ed8549fea60a3bee721e9a214c37	25516
mods/heroes.stormmod/enus.stormassets/localizeddata/sounds/vo/stukovarmy_laugh01.ogg	91079a7e453bac8b78c0f0ba998b299f	24805
mods/heroes.stormmod/enus.stormassets/localizeddata/sounds/vo/stukovarmy_laugh02.ogg	e87e151969b09dcf5265616187975a57	31344
mods/heroes.stormmod/enus.stormassets/localizeddata/sounds/vo/stukovarmy_laugh03.ogg	6e459a4a200f9133376a761af832c6f0	39095
mods/heroes.stormmod/enus.stormassets/localizeddata/sounds/vo/stukovarmy_laugh04.ogg	1c887a057525a8d6067ad339969840c8	26006
mods/heroes.stormmod/enus.stormassets/localizeddata/sounds/vo/stukovarmy_laugh05.ogg	29aa7fe3c04eb703d1430271ec60802a	29830
mods/heroes.stormmod/enus.stormassets/localizeddata/sounds/vo/stukovarmy_laugh06.ogg	36c8a5639204987569cae5da335a937b	35864
mods/heroes.stormmod/enus.stormassets/localizeddata/sounds/vo/stukovarmy_laugh07.ogg	bb827de449ba32e46bb07cfdc7856c20	40353
mods/heroes.stormmod/enus.stormassets/localizeddata/sounds/vo/stukovarmy_laugh08.ogg	bf4e78d033f6f5069dd8232c15cff018	37404
mods/heroes.stormmod/enus.stormassets/localizeddata/sounds/vo/stukovarmy_laugh09.ogg	7dcc2d216d125ee9f9861e753fe03c12	32152
mods/heroes.stormmod/enus.stormassets/localizeddata/sounds/vo/stukovarmy_laugh10.ogg	5a89d66cf6cb2182c67de278b979d925	20488
mods/heroes.stormmod/enus.stormassets/localizeddata/sounds/vo/stukovarmy_laugh11.ogg	929e63e56994a54de7a24b5e961afe9d	19855
mods/heroes.stormmod/enus.stormassets/localizeddata/sounds/vo/stukovarmy_laugh12.ogg	50038458db5f20d29ca65610bf821e97	20395
mods/heroes.stormmod/enus.stormassets/localizeddata/sounds/vo/stukovarmy_laugh13.ogg	5ff1e94ab6819bc684ef8fa5edcfaf47	21901
mods/heroes.stormmod/enus.stormassets/localizeddata/sounds/vo/stukovarmy_lowlifeheal00.ogg	4ca827cde8588f20d006d8c893e62f5f	31738
mods/heroes.stormmod/enus.stormassets/localizeddata/sounds/vo/stukovarmy_lowlifeheal01.ogg	d32f064b35e1962a5ee6cea9e9aee982	24668
mods/heroes.stormmod/enus.stormassets/localizeddata/sounds/vo/stukovarmy_lowlifeheal02.ogg	841ae8582c46f387bad486a320839f44	34517
mods/heroes.stormmod/enus.stormassets/localizeddata/sounds/vo/stukovarmy_lowmana00.ogg	c6ea29b3cd0dbe9ab24f196ed6b6be3f	36882
mods/heroes.stormmod/enus.stormassets/localizeddata/sounds/vo/stukovarmy_lowmana01.ogg	1af068ae0a3809c978335983f46c4621	24900
mods/heroes.stormmod/enus.stormassets/localizeddata/sounds/vo/stukovarmy_lowmana02.ogg	bda3b87684ed422fe7daf956788a0a4f	34609
mods/heroes.stormmod/enus.stormassets/localizeddata/sounds/vo/stukovarmy_matchend00.ogg	5f76e80a5622fafa45a43b617b145b9e	36406
mods/heroes.stormmod/enus.stormassets/localizeddata/sounds/vo/stukovarmy_matchend01.ogg	209dd60c80a5ec1cb9f7c06f8020e452	19746
mods/heroes.stormmod/enus.stormassets/localizeddata/sounds/vo/stukovarmy_matchend02.ogg	b00b5bf580f1e47417cc56bb2a093b74	27381
mods/heroes.stormmod/enus.stormassets/localizeddata/sounds/vo/stukovarmy_no00.ogg	6a7cb49fa16a36686a470e690cd2d3a0	16706
mods/heroes.stormmod/enus.stormassets/localizeddata/sounds/vo/stukovarmy_no01.ogg	c8976005dc1813ea5cc1c8599d2ba595	29681
mods/heroes.stormmod/enus.stormassets/localizeddata/sounds/vo/stukovarmy_no02.ogg	30146d9a9b8c0e3466489bc493ce8278	27486
mods/heroes.stormmod/enus.stormassets/localizeddata/sounds/vo/stukovarmy_no03.ogg	7d646f17d9547cf629628ec053b6b5bb	19039
mods/heroes.stormmod/enus.stormassets/localizeddata/sounds/vo/stukovarmy_ping_assisthero00.ogg	44fc9fd6b583b60c4c943e1f783551b1	24009
mods/heroes.stormmod/enus.stormassets/localizeddata/sounds/vo/stukovarmy_ping_assistme00.ogg	c10e28593e7fb0e4be65a406a60764fe	21928
mods/heroes.stormmod/enus.stormassets/localizeddata/sounds/vo/stukovarmy_ping_assistme01.ogg	43b918bd1cfbe5b70d19db1f8a76a853	25549
mods/heroes.stormmod/enus.stormassets/localizeddata/sounds/vo/stukovarmy_ping_attackcastle00.ogg	4205879fcb027912e574e12bca20126d	21852
mods/heroes.stormmod/enus.stormassets/localizeddata/sounds/vo/stukovarmy_ping_attackmerc00.ogg	3f3c3e147f47eb9053b4e41ae5c6a7a3	40676
mods/heroes.stormmod/enus.stormassets/localizeddata/sounds/vo/stukovarmy_ping_attackoutpost00.ogg	a38c02d11915d6a6e22ae0872c23e261	26121
mods/heroes.stormmod/enus.stormassets/localizeddata/sounds/vo/stukovarmy_ping_attacktower00.ogg	dc4fb3ce11c7af51c9c3a6a29bd029b6	42972
mods/heroes.stormmod/enus.stormassets/localizeddata/sounds/vo/stukovarmy_ping_defendcastle00.ogg	8823df104e5e6ff464ed86ad16a03923	20630
mods/heroes.stormmod/enus.stormassets/localizeddata/sounds/vo/stukovarmy_ping_defendoutpost00.ogg	8b646be6057cdd235aa62adc73d613f4	30188
mods/heroes.stormmod/enus.stormassets/localizeddata/sounds/vo/stukovarmy_ping_defendtower00.ogg	f5dc9b6f0302bd54e4cce81a290fdd18	22934
mods/heroes.stormmod/enus.stormassets/localizeddata/sounds/vo/stukovarmy_ping_killhero00.ogg	5a840b3371c7dedd4479f324392f5424	39937
mods/heroes.stormmod/enus.stormassets/localizeddata/sounds/vo/stukovarmy_pissed00.ogg	c8446a42e04990634f1531b16cd51806	22565
mods/heroes.stormmod/enus.stormassets/localizeddata/sounds/vo/stukovarmy_pissed01.ogg	0b3af3bed7bc232f9149bf93bcf1458d	27598
mods/heroes.stormmod/enus.stormassets/localizeddata/sounds/vo/stukovarmy_pissed02.ogg	a148294623e151b94017de7fb808a0fb	43241
mods/heroes.stormmod/enus.stormassets/localizeddata/sounds/vo/stukovarmy_pissed03.ogg	c8830201ce81b6aeba595d419fab6f85	64642
mods/heroes.stormmod/enus.stormassets/localizeddata/sounds/vo/stukovarmy_pissed04.ogg	9147333f2b550e76fc1439a75333919d	53216
mods/heroes.stormmod/enus.stormassets/localizeddata/sounds/vo/stukovarmy_pissed05.ogg	caa9ef07b0a1d1342e21f3d77df63880	63195
mods/heroes.stormmod/enus.stormassets/localizeddata/sounds/vo/stukovarmy_pissed06.ogg	49f3b25c703c4239dac1b4b9fc3ed598	50135
mods/heroes.stormmod/enus.stormassets/localizeddata/sounds/vo/stukovarmy_pissed07.ogg	5011e413cd94477df042a1d29b7f6b85	67206
mods/heroes.stormmod/enus.stormassets/localizeddata/sounds/vo/stukovarmy_pissed08.ogg	5b5d06158a89d0db4ebbb9eea3df906d	78270
mods/heroes.stormmod/enus.stormassets/localizeddata/sounds/vo/stukovarmy_pissed09.ogg	6992b6d3ff9ef2cbea47bbe217981720	109039
mods/heroes.stormmod/enus.stormassets/localizeddata/sounds/vo/stukovarmy_pissed10.ogg	3c4bbb988518adc49329751f2d34b23a	50057
mods/heroes.stormmod/enus.stormassets/localizeddata/sounds/vo/stukovarmy_pissed11.ogg	d43ad82c4448601dbf1f64b19cc045f8	56242
mods/heroes.stormmod/enus.stormassets/localizeddata/sounds/vo/stukovarmy_pissed12.ogg	e97753a6d6af7f2cbf6f0247c87a2d82	70630
mods/heroes.stormmod/enus.stormassets/localizeddata/sounds/vo/stukovarmy_pissed13.ogg	7bf35908f869fb5a7b9a13f3f414cdbe	55652
mods/heroes.stormmod/enus.stormassets/localizeddata/sounds/vo/stukovarmy_pissed14.ogg	81103b3fddc35feb9fc6c46edec1b9b4	101934
mods/heroes.stormmod/enus.stormassets/localizeddata/sounds/vo/stukovarmy_resurrected00.ogg	02e516a5ddbe92ebb88c29bd8260b9c6	35591
mods/heroes.stormmod/enus.stormassets/localizeddata/sounds/vo/stukovarmy_resurrected01.ogg	593615b6901aeefa58431bbc3b6aceb8	18434
mods/heroes.stormmod/enus.stormassets/localizeddata/sounds/vo/stukovarmy_resurrected02.ogg	96b8e27a25609d4675e2732a05e351b4	40968
mods/heroes.stormmod/enus.stormassets/localizeddata/sounds/vo/stukovarmy_revive00.ogg	7b94cf165373367c28c3297d430622fc	32308
mods/heroes.stormmod/enus.stormassets/localizeddata/sounds/vo/stukovarmy_revive01.ogg	a8a55358f8e7cb7b2d7ea736a27a9d84	25137
mods/heroes.stormmod/enus.stormassets/localizeddata/sounds/vo/stukovarmy_revive02.ogg	5984b22faa7e3cf5a0052aa068e6ba40	37031
mods/heroes.stormmod/enus.stormassets/localizeddata/sounds/vo/stukovarmy_revive03.ogg	faa977f28d65ea158e7a0ed16dcfeeb1	47517
mods/heroes.stormmod/enus.stormassets/localizeddata/sounds/vo/stukovarmy_spec00.ogg	ae19fd8d9451c9a15543830c47270479	24874
mods/heroes.stormmod/enus.stormassets/localizeddata/sounds/vo/stukovarmy_spec01.ogg	964136527c23cd0e8b8ba0941e47e248	25919
mods/heroes.stormmod/enus.stormassets/localizeddata/sounds/vo/stukovarmy_spec02.ogg	498078f213c29849eb7530f1ba33eeba	40091
mods/heroes.stormmod/enus.stormassets/localizeddata/sounds/vo/stukovarmy_spec03.ogg	c0a0955d25e8c2d94dc0083285e0aa09	36618
mods/heroes.stormmod/enus.stormassets/localizeddata/sounds/vo/stukovarmy_spec04.ogg	4b4946f81fc9bfa9bcb0b3bcfb16e372	33484
mods/heroes.stormmod/enus.stormassets/localizeddata/sounds/vo/stukovarmy_taunt00.ogg	1a52d3530052ce5bc72175390030749a	37270
mods/heroes.stormmod/enus.stormassets/localizeddata/sounds/vo/stukovarmy_taunt01.ogg	49d11fd5b40d2bbdd5cdc8ed2b1b7bfe	36340
mods/heroes.stormmod/enus.stormassets/localizeddata/sounds/vo/stukovarmy_taunt02.ogg	e0ff80d954afb2d54b4f0772950c8cc2	46801
mods/heroes.stormmod/enus.stormassets/localizeddata/sounds/vo/stukovarmy_teamkilled00.ogg	ff286f1e90859a942d9a4ed7d80cf992	41559
mods/heroes.stormmod/enus.stormassets/localizeddata/sounds/vo/stukovarmy_ui_exlocked00.ogg	b07fce812d5ffb6088e73369a9b02289	24460
mods/heroes.stormmod/enus.stormassets/localizeddata/sounds/vo/stukovarmy_ui_expurchased00.ogg	0fe8a58baf3f081206a68034c86a1942	23494
mods/heroes.stormmod/enus.stormassets/localizeddata/sounds/vo/stukovarmy_ui_gift00.ogg	95a3e6cb428c9b20317384359fcf7192	29734
mods/heroes.stormmod/enus.stormassets/localizeddata/sounds/vo/stukovarmy_ui_lockin00.ogg	7bd571a175c1e97985c16241a15db22f	24338
mods/heroes.stormmod/enus.stormassets/localizeddata/sounds/vo/stukovarmy_ui_purchase00.ogg	6007a4c0f0b13f2a4a6da21b42578697	29309
mods/heroes.stormmod/enus.stormassets/localizeddata/sounds/vo/stukovarmy_ui_trial00.ogg	05b5cca1a215f04b1026b02d50914f37	31044
mods/heroes.stormmod/enus.stormassets/localizeddata/sounds/vo/stukovarmy_ui_trial01.ogg	88f6fbc5e0f85a94634ac256cee72cd9	22423
mods/heroes.stormmod/enus.stormassets/localizeddata/sounds/vo/stukovarmy_ui_vox_spun00.ogg	9d825e15b3b0000e3636022784130b4f	30742
mods/heroes.stormmod/enus.stormassets/localizeddata/sounds/vo/stukovarmy_ui_vox_spun01.ogg	87fbf101a72055abdaa336961d8d49e2	39272
mods/heroes.stormmod/enus.stormassets/localizeddata/sounds/vo/stukovarmy_ui_vox_spun02.ogg	110dd545b30789864c1980e5eb466ed9	34332
mods/heroes.stormmod/enus.stormassets/localizeddata/sounds/vo/stukovarmy_ui_vox_spun03.ogg	a7fdb3d25b417918563f243fbd0e547b	19439
mods/heroes.stormmod/enus.stormassets/localizeddata/sounds/vo/stukovarmy_ui_waitlocked00.ogg	d4262805668336a276475a6cb0b1e3d2	36745
mods/heroes.stormmod/enus.stormassets/localizeddata/sounds/vo/stukovarmy_ui_waitlocked01.ogg	d67faf35d90d299678beba797a0cef65	39599
mods/heroes.stormmod/enus.stormassets/localizeddata/sounds/vo/stukovarmy_ui_waitpurchased00.ogg	5c6a742d67cdc844a227a123fae44772	81072
mods/heroes.stormmod/enus.stormassets/localizeddata/sounds/vo/stukovarmy_ui_waitpurchased01.ogg	c5cbf06111c0f4ccb850425afec462fc	59430
mods/heroes.stormmod/enus.stormassets/localizeddata/sounds/vo/stukovarmy_ultimate1used00.ogg	880802a1f686fa70dda14a473b0259f6	23528
mods/heroes.stormmod/enus.stormassets/localizeddata/sounds/vo/stukovarmy_ultimate1used01.ogg	2e9892300dba10cab6e578a784fa4529	28330
mods/heroes.stormmod/enus.stormassets/localizeddata/sounds/vo/stukovarmy_ultimate1used02.ogg	c5c4658c146ae7ab9e15208efad05561	30969
mods/heroes.stormmod/enus.stormassets/localizeddata/sounds/vo/stukovarmy_ultimate1usedenemy00.ogg	ab9bf15767053304aba7dcdcad892fb6	17681
mods/heroes.stormmod/enus.stormassets/localizeddata/sounds/vo/stukovarmy_ultimate2used00.ogg	a97edb4de015ee0ad7aae760f992984c	26134
mods/heroes.stormmod/enus.stormassets/localizeddata/sounds/vo/stukovarmy_ultimate2used01.ogg	70e95545684e77eb2c1eb35fcecc97e6	20012
mods/heroes.stormmod/enus.stormassets/localizeddata/sounds/vo/stukovarmy_ultimate2used02.ogg	06e114db7e15a8f0cca459c3c4474843	26754
mods/heroes.stormmod/enus.stormassets/localizeddata/sounds/vo/stukovarmy_ultimate2usedenemy00.ogg	e398fdd7a42ee47634b596b5675f0813	22813
mods/heroes.stormmod/enus.stormassets/localizeddata/sounds/vo/stukovarmy_voicelinefive00.ogg	2ef374e66f9c82129dc5d4e741505dae	28795
mods/heroes.stormmod/enus.stormassets/localizeddata/sounds/vo/stukovarmy_voicelinefour00.ogg	6af8e0910dd31eb8165ea98ffe654495	26823
mods/heroes.stormmod/enus.stormassets/localizeddata/sounds/vo/stukovarmy_voicelineone00.ogg	860363a4a5cfce0db4e8f568b4665dac	32553
mods/heroes.stormmod/enus.stormassets/localizeddata/sounds/vo/stukovarmy_voicelinethree.ogg	2e16718f160724c33fe64946b8ecb856	36411
mods/heroes.stormmod/enus.stormassets/localizeddata/sounds/vo/stukovarmy_voicelinetwo00.ogg	596a3a88663f7bb23ea88158cf855137	28562
mods/heroes.stormmod/enus.stormassets/localizeddata/sounds/vo/stukovarmy_vox_attack00.ogg	3f60769da6608d2971493467fc7449c2	9919
mods/heroes.stormmod/enus.stormassets/localizeddata/sounds/vo/stukovarmy_vox_attack01.ogg	e10454c200df78a14d3fed6df53be485	9750
mods/heroes.stormmod/enus.stormassets/localizeddata/sounds/vo/stukovarmy_vox_attack02.ogg	e622cca48fdc6741012f8986cf12ecfe	7290
mods/heroes.stormmod/enus.stormassets/localizeddata/sounds/vo/stukovarmy_vox_attack03.ogg	9d05898647ccf7f5adb753e179c2e2a6	10125
mods/heroes.stormmod/enus.stormassets/localizeddata/sounds/vo/stukovarmy_vox_attack04.ogg	eb0290e58b132ddc240693ef8bd4e780	9826
mods/heroes.stormmod/enus.stormassets/localizeddata/sounds/vo/stukovarmy_vox_attack05.ogg	cae87a65d91b4e74adf7f3e160139cf5	12186
mods/heroes.stormmod/enus.stormassets/localizeddata/sounds/vo/stukovarmy_vox_attack06.ogg	5500930be0807dcd6fbfac51bbc47ae8	12474
mods/heroes.stormmod/enus.stormassets/localizeddata/sounds/vo/stukovarmy_vox_attack07.ogg	192f75f8aba3d79eaf59e04ba009fd1f	10750
mods/heroes.stormmod/enus.stormassets/localizeddata/sounds/vo/stukovarmy_vox_attackmelee00.ogg	ff292776edaa76b635327f3aefa3d7f4	15889
mods/heroes.stormmod/enus.stormassets/localizeddata/sounds/vo/stukovarmy_vox_attackmelee01.ogg	9aef234146280f0a55f266d51638206a	15471
mods/heroes.stormmod/enus.stormassets/localizeddata/sounds/vo/stukovarmy_vox_attackmelee02.ogg	9b0d9e8c6375e443f60ff433ea515ef1	13485
mods/heroes.stormmod/enus.stormassets/localizeddata/sounds/vo/stukovarmy_vox_attackmelee03.ogg	13099da8628b67e58fddebe17bd5fb72	10567
mods/heroes.stormmod/enus.stormassets/localizeddata/sounds/vo/stukovarmy_vox_attackmelee04.ogg	38b2dd1c3889fc5e738df3bfcb470ed6	8030
mods/heroes.stormmod/enus.stormassets/localizeddata/sounds/vo/stukovarmy_vox_attackmelee05.ogg	e9f386c73c8e00b4a2af1d279e3f225e	13775
mods/heroes.stormmod/enus.stormassets/localizeddata/sounds/vo/stukovarmy_vox_attackmelee06.ogg	2556760d8cfdc9c4e88a05e6bc92ab9b	14226
mods/heroes.stormmod/enus.stormassets/localizeddata/sounds/vo/stukovarmy_vox_attackmelee07.ogg	bed6b75ed4788a155a17ad6f355d89b9	14817
mods/heroes.stormmod/enus.stormassets/localizeddata/sounds/vo/stukovarmy_vox_attackmelee08.ogg	51d25065d68b665acf0d9d567ec08efd	9580
mods/heroes.stormmod/enus.stormassets/localizeddata/sounds/vo/stukovarmy_vox_attackmelee09.ogg	db4af3c6646ae5f5117da4c7a52c8d60	13158
mods/heroes.stormmod/enus.stormassets/localizeddata/sounds/vo/stukovarmy_vox_attackmelee10.ogg	c043d5eec7fbe6d6de8ab73f5f02eaa1	12712
mods/heroes.stormmod/enus.stormassets/localizeddata/sounds/vo/stukovarmy_vox_attackmelee11.ogg	e9238b484753ffe903195cd51128efc7	11693
mods/heroes.stormmod/enus.stormassets/localizeddata/sounds/vo/stukovarmy_vox_attackmelee12.ogg	1302105e823761026b74524fe035cbc4	9930
mods/heroes.stormmod/enus.stormassets/localizeddata/sounds/vo/stukovarmy_vox_attackmelee13.ogg	94b1e0cc1fbfb269fbb0488b3665f938	8546
mods/heroes.stormmod/enus.stormassets/localizeddata/sounds/vo/stukovarmy_vox_attackmelee14.ogg	ee548d6d410ac361a3b0905e301b682f	9340
mods/heroes.stormmod/enus.stormassets/localizeddata/sounds/vo/stukovarmy_vox_attackmelee15.ogg	1665a04cd9aeff8bde580dec3987440b	11142
mods/heroes.stormmod/enus.stormassets/localizeddata/sounds/vo/stukovarmy_vox_attackmelee16.ogg	b1c8eb19a4692696a2964561a695f8a1	10963
mods/heroes.stormmod/enus.stormassets/localizeddata/sounds/vo/stukovarmy_vox_attackmelee17.ogg	6170cbe08519e8e4d1152d74faa72143	9767
mods/heroes.stormmod/enus.stormassets/localizeddata/sounds/vo/stukovarmy_vox_castinge00.ogg	c61f8c3ad6a3132849f3431cbb95604a	19916
mods/heroes.stormmod/enus.stormassets/localizeddata/sounds/vo/stukovarmy_vox_castinge01.ogg	d1c805e9386204cf44af71754d4bbdff	20151
mods/heroes.stormmod/enus.stormassets/localizeddata/sounds/vo/stukovarmy_vox_castinge02.ogg	82e6f4a43185add8518645107dc97eea	18305
mods/heroes.stormmod/enus.stormassets/localizeddata/sounds/vo/stukovarmy_vox_castinge03.ogg	f43b7cd213df827c9666eb4439ee3ce3	20693
mods/heroes.stormmod/enus.stormassets/localizeddata/sounds/vo/stukovarmy_vox_castinge04.ogg	ffd36fe77c14c189fcafac409093e242	19748
mods/heroes.stormmod/enus.stormassets/localizeddata/sounds/vo/stukovarmy_vox_castinge05.ogg	4f56e88e7c656613ef2c585ae20ddf63	17687
mods/heroes.stormmod/enus.stormassets/localizeddata/sounds/vo/stukovarmy_vox_castinge06.ogg	0cf9d8207174fb6ab71d3bd918a7c934	23526
mods/heroes.stormmod/enus.stormassets/localizeddata/sounds/vo/stukovarmy_vox_castinge07.ogg	45c24a3bacf7ea56437ad1a113209a85	21890
mods/heroes.stormmod/enus.stormassets/localizeddata/sounds/vo/stukovarmy_vox_castinge08.ogg	cb8df314719785570a77bdce9e765a31	17099
mods/heroes.stormmod/enus.stormassets/localizeddata/sounds/vo/stukovarmy_vox_castinge09.ogg	c37baa0392bcf1314aef4170f29169f5	20638
mods/heroes.stormmod/enus.stormassets/localizeddata/sounds/vo/stukovarmy_vox_castingecancel00.ogg	cecd2f9174dd72addf8d1e3840fc4d2e	9835
mods/heroes.stormmod/enus.stormassets/localizeddata/sounds/vo/stukovarmy_vox_castingecancel01.ogg	09a676310bf7d9b568cc21ae0cf7a906	9209
mods/heroes.stormmod/enus.stormassets/localizeddata/sounds/vo/stukovarmy_vox_castingecancel02.ogg	0c6e742ae3b7d422791cc7b4c898a050	13299
mods/heroes.stormmod/enus.stormassets/localizeddata/sounds/vo/stukovarmy_vox_castingecancel03.ogg	4830f24e59d396ef38c061b56f29c7c8	11622
mods/heroes.stormmod/enus.stormassets/localizeddata/sounds/vo/stukovarmy_vox_castingecancel04.ogg	a22fdc28326d252bb41dc5880fae0cbb	13167
mods/heroes.stormmod/enus.stormassets/localizeddata/sounds/vo/stukovarmy_vox_castingecancel05.ogg	9f58211c0182fc7c6ff0e358555206ee	12691
mods/heroes.stormmod/enus.stormassets/localizeddata/sounds/vo/stukovarmy_vox_castingecancel06.ogg	751be3bce367f04aa2b1925671b18bd9	12545
mods/heroes.stormmod/enus.stormassets/localizeddata/sounds/vo/stukovarmy_vox_castingecancel07.ogg	afe2457ef650dc5435d56669865537d3	18898
mods/heroes.stormmod/enus.stormassets/localizeddata/sounds/vo/stukovarmy_vox_castingq00.ogg	2192e511b27a60edb1e6c813db055007	13057
mods/heroes.stormmod/enus.stormassets/localizeddata/sounds/vo/stukovarmy_vox_castingq01.ogg	9e2b308a6e0743a1825b954b38ea49c7	13009
mods/heroes.stormmod/enus.stormassets/localizeddata/sounds/vo/stukovarmy_vox_castingq02.ogg	90c58ac4366d0f53e3736558f6bd3008	14373
mods/heroes.stormmod/enus.stormassets/localizeddata/sounds/vo/stukovarmy_vox_castingq03.ogg	4b12e7644dc81cd64a3dfc303873e77c	14294
mods/heroes.stormmod/enus.stormassets/localizeddata/sounds/vo/stukovarmy_vox_castingq04.ogg	9ca90b39a02ec9ea649936f63332d9b6	12894
mods/heroes.stormmod/enus.stormassets/localizeddata/sounds/vo/stukovarmy_vox_castingw00.ogg	38713d24361f2d253f5a4f9b8e013dc9	10999
mods/heroes.stormmod/enus.stormassets/localizeddata/sounds/vo/stukovarmy_vox_castingw01.ogg	f2047e690d2c14247dcaeaf3adcd1d7f	10216
mods/heroes.stormmod/enus.stormassets/localizeddata/sounds/vo/stukovarmy_vox_castingw02.ogg	2beefe130796c612024ccae427366ba9	12124
mods/heroes.stormmod/enus.stormassets/localizeddata/sounds/vo/stukovarmy_vox_castingw03.ogg	a710690abb65c39d3ec6531348d602f6	18700
mods/heroes.stormmod/enus.stormassets/localizeddata/sounds/vo/stukovarmy_vox_castingw04.ogg	f1e29508dbf825b0f4c08af5e063fb56	12564
mods/heroes.stormmod/enus.stormassets/localizeddata/sounds/vo/stukovarmy_vox_castingw05.ogg	9ff2f8bef3e94d27f95dbc936f9824b9	15069
mods/heroes.stormmod/enus.stormassets/localizeddata/sounds/vo/stukovarmy_vox_castingw06.ogg	deeacd5239a571ebbe70460951644d85	12963
mods/heroes.stormmod/enus.stormassets/localizeddata/sounds/vo/stukovarmy_vox_castingw07.ogg	9af857d8a2bd776dfb50731d724d0465	14098
mods/heroes.stormmod/enus.stormassets/localizeddata/sounds/vo/stukovarmy_vox_castingw08.ogg	edc4a346d553ca8547ae4825c739ada8	13447
mods/heroes.stormmod/enus.stormassets/localizeddata/sounds/vo/stukovarmy_vox_castingw09.ogg	2c35a7a611f31226306cdf2de3776047	13140
mods/heroes.stormmod/enus.stormassets/localizeddata/sounds/vo/stukovarmy_vox_castingw10.ogg	78237a41a1949e48f0fc7933731cbb55	17555
mods/heroes.stormmod/enus.stormassets/localizeddata/sounds/vo/stukovarmy_vox_cheer00.ogg	0ac1dad9c981f3d76bc4d86da27cb15a	18789
mods/heroes.stormmod/enus.stormassets/localizeddata/sounds/vo/stukovarmy_vox_cheer01.ogg	d1d7509e33ace5a1539fe396e26d69bc	22545
mods/heroes.stormmod/enus.stormassets/localizeddata/sounds/vo/stukovarmy_vox_cheer02.ogg	ddd67dc1f7321e0f183d27319faaf22d	18185
mods/heroes.stormmod/enus.stormassets/localizeddata/sounds/vo/stukovarmy_vox_cheer03.ogg	82ccf7d6725f5c7f334e55a63aa09057	17560
mods/heroes.stormmod/enus.stormassets/localizeddata/sounds/vo/stukovarmy_vox_cheer04.ogg	819ebd0b7049003294f25916c04d90b5	19541
mods/heroes.stormmod/enus.stormassets/localizeddata/sounds/vo/stukovarmy_vox_flail00.ogg	c3bce2502d57fe55720ecb044ba2b65b	16442
mods/heroes.stormmod/enus.stormassets/localizeddata/sounds/vo/stukovarmy_vox_flail01.ogg	c921964e8449b6c685be763683c1ab0e	16332
mods/heroes.stormmod/enus.stormassets/localizeddata/sounds/vo/stukovarmy_vox_flail02.ogg	3474119bc035faf34bc7062872f6f79b	23459
mods/heroes.stormmod/enus.stormassets/localizeddata/sounds/vo/stukovarmy_vox_flail06.ogg	367b5df223852bd9694241b187e4622b	21423
mods/heroes.stormmod/enus.stormassets/localizeddata/sounds/vo/stukovarmy_vox_gethitlarge00.ogg	c7def1eec12050d0a2343bcc651231dc	12342
mods/heroes.stormmod/enus.stormassets/localizeddata/sounds/vo/stukovarmy_vox_gethitlarge01.ogg	c00ca237eaf3000ac017dc45399ce8c1	9257
mods/heroes.stormmod/enus.stormassets/localizeddata/sounds/vo/stukovarmy_vox_gethitlarge02.ogg	a8fac670d0f819697e9ae4923d03d57a	8715
mods/heroes.stormmod/enus.stormassets/localizeddata/sounds/vo/stukovarmy_vox_gethitlarge03.ogg	15eb0b341db1297798daa73f0818c05d	8419
mods/heroes.stormmod/enus.stormassets/localizeddata/sounds/vo/stukovarmy_vox_gethitlarge04.ogg	e56c6f759f20049bec3673372c5582e4	8749
mods/heroes.stormmod/enus.stormassets/localizeddata/sounds/vo/stukovarmy_vox_gethitlarge05.ogg	5cc859c8cf3fcdd391ace29339c08fa2	12910
mods/heroes.stormmod/enus.stormassets/localizeddata/sounds/vo/stukovarmy_vox_gethitlarge06.ogg	a51714bf38f198a515ffbffbcc4962c9	8504
mods/heroes.stormmod/enus.stormassets/localizeddata/sounds/vo/stukovarmy_vox_gethitlarge07.ogg	aa620a63d4d5cb7c773a7d9f81997ce9	9173
mods/heroes.stormmod/enus.stormassets/localizeddata/sounds/vo/stukovarmy_vox_gethitlarge08.ogg	c18abc98074a14f1d9dab8e9b066158c	8942
mods/heroes.stormmod/enus.stormassets/localizeddata/sounds/vo/stukovarmy_vox_gethitlarge09.ogg	30c89d781935f2c8516202d7e542be5e	10401
mods/heroes.stormmod/enus.stormassets/localizeddata/sounds/vo/stukovarmy_vox_gethitsmall00.ogg	32a9948e565996cab86672e7dabe7faa	7244
mods/heroes.stormmod/enus.stormassets/localizeddata/sounds/vo/stukovarmy_vox_gethitsmall01.ogg	a9dc364f94cb74fd67bd6202da991a0e	11724
mods/heroes.stormmod/enus.stormassets/localizeddata/sounds/vo/stukovarmy_vox_gethitsmall02.ogg	5838aa80decc0292f6616c14d17e2f56	8240
mods/heroes.stormmod/enus.stormassets/localizeddata/sounds/vo/stukovarmy_vox_gethitsmall03.ogg	a097cde5d218531ad320891d05cdc09b	6917
mods/heroes.stormmod/enus.stormassets/localizeddata/sounds/vo/stukovarmy_vox_gethitsmall04.ogg	dbb15bb77810a947fa15bba2c86b8c99	9977
mods/heroes.stormmod/enus.stormassets/localizeddata/sounds/vo/stukovarmy_vox_gethitsmall05.ogg	05f084f5eeaa851ca9b7c3658fb8f184	6919
mods/heroes.stormmod/enus.stormassets/localizeddata/sounds/vo/stukovarmy_vox_gethitsmall06.ogg	b0f9db06d678e3f039a75c2bc2285ead	10298
mods/heroes.stormmod/enus.stormassets/localizeddata/sounds/vo/stukovarmy_vox_gethitsmall07.ogg	5fb40a92b7af14e94ab77c09c9325bbc	6926
mods/heroes.stormmod/enus.stormassets/localizeddata/sounds/vo/stukovarmy_vox_gethitsmall08.ogg	889aab878f3efe558558416be7d51a84	11934
mods/heroes.stormmod/enus.stormassets/localizeddata/sounds/vo/stukovarmy_vox_gethitsmall09.ogg	395d45eafa51013ca6f30e0bd383985e	6678
mods/heroes.stormmod/enus.stormassets/localizeddata/sounds/vo/stukovarmy_vox_gethitsmall10.ogg	db3ebcf6e8a33f85e6a5a2c4fea67dd1	7709
mods/heroes.stormmod/enus.stormassets/localizeddata/sounds/vo/stukovarmy_vox_gethitsmall11.ogg	3ca0f6516741d3b182dd7f5b6647d4be	8450
mods/heroes.stormmod/enus.stormassets/localizeddata/sounds/vo/stukovarmy_vox_gethitsmall12.ogg	d839bf752dca1d1c81b6c40efb8ef13b	10380
mods/heroes.stormmod/enus.stormassets/localizeddata/sounds/vo/stukovarmy_vox_gethitsmall13.ogg	9b934545a52a28eaade2b8a4f0e94da4	6743
mods/heroes.stormmod/enus.stormassets/localizeddata/sounds/vo/stukovarmy_vox_gethitsmall14.ogg	a5d61dbcac1d6525cda497342d6a5c50	9452
mods/heroes.stormmod/enus.stormassets/localizeddata/sounds/vo/stukovarmy_vox_gethitsmall15.ogg	0524e0b52a9314b1324c7ced10a4f3da	9035
mods/heroes.stormmod/enus.stormassets/localizeddata/sounds/vo/stukovarmy_vox_pulled01.ogg	6533ed71ecb051ec91a9cda20fb730dd	13301
mods/heroes.stormmod/enus.stormassets/localizeddata/sounds/vo/stukovarmy_vox_pulled02.ogg	f09e5a77875f6989275eff0615cc1670	22282
mods/heroes.stormmod/enus.stormassets/localizeddata/sounds/vo/stukovarmy_vox_pulled03.ogg	06aa13094cbbcaa1af65095f3a20117a	8722
mods/heroes.stormmod/enus.stormassets/localizeddata/sounds/vo/stukovarmy_vox_reactione00.ogg	1059e3e05ac8315313f42d5fda5c76e0	32449
mods/heroes.stormmod/enus.stormassets/localizeddata/sounds/vo/stukovarmy_vox_reactione01.ogg	4e033b95c41ddb1cc5712d3b79785708	33040
mods/heroes.stormmod/enus.stormassets/localizeddata/sounds/vo/stukovarmy_vox_reactione02.ogg	20ba5e8abf44c1161516f5e7ba049f0f	26869
mods/heroes.stormmod/enus.stormassets/localizeddata/sounds/vo/stukovarmy_vox_reactione03.ogg	902f11019c75cbae3731f6045919e4dd	40153
mods/heroes.stormmod/enus.stormassets/localizeddata/sounds/vo/stukovarmy_vox_reactionpox00.ogg	efb685ba6a08130ab1da0b6214b26309	32421
mods/heroes.stormmod/enus.stormassets/localizeddata/sounds/vo/stukovarmy_vox_reactionpox01.ogg	730ad6182e0fa9151722492473aaacff	24407
mods/heroes.stormmod/enus.stormassets/localizeddata/sounds/vo/stukovarmy_vox_reactionpox02.ogg	0abd1a980b72d3fd14c947cefe19963e	33977
mods/heroes.stormmod/enus.stormassets/localizeddata/sounds/vo/stukovarmy_vox_reactionpox03.ogg	9d607461066df8b33b24478308f8d24d	34973
mods/heroes.stormmod/enus.stormassets/localizeddata/sounds/vo/stukovarmy_vox_reactionw00.ogg	6cb787ebd80db7c2b1a0e0e4004c7b2c	12582
mods/heroes.stormmod/enus.stormassets/localizeddata/sounds/vo/stukovarmy_vox_reactionw01.ogg	eda1d86d2f7ac74703b92c11ebbbe8c2	21894
mods/heroes.stormmod/enus.stormassets/localizeddata/sounds/vo/stukovarmy_vox_reactionw02.ogg	a27c55625e92bc6c20def0ca223f44bc	19094
mods/heroes.stormmod/enus.stormassets/localizeddata/sounds/vo/stukovarmy_vox_reactionw03.ogg	fc761d8b6d3c1197a6be5d8a5c0de518	23492
mods/heroes.stormmod/enus.stormassets/localizeddata/sounds/vo/stukovarmy_vox_shove00.ogg	6221beab62562f6c3036a8da467e56c4	16290
mods/heroes.stormmod/enus.stormassets/localizeddata/sounds/vo/stukovarmy_vox_shove01.ogg	ae90c248bf919f3062fc196a58be94d5	21778
mods/heroes.stormmod/enus.stormassets/localizeddata/sounds/vo/stukovarmy_vox_shove02.ogg	159ededb827c5e134f15c6d0d52aab3e	16852
mods/heroes.stormmod/enus.stormassets/localizeddata/sounds/vo/stukovarmy_vox_shove03.ogg	08cee0cb392856ca39f74293fd355dde	21807
mods/heroes.stormmod/enus.stormassets/localizeddata/sounds/vo/stukovarmy_vox_shove04.ogg	dd9ffba08a36324f92f4d21df47bee20	14436
mods/heroes.stormmod/enus.stormassets/localizeddata/sounds/vo/stukovarmy_vox_shove05.ogg	374be81ba6d13459415c55a346b25398	15290
mods/heroes.stormmod/enus.stormassets/localizeddata/sounds/vo/stukovarmy_vox_shove06.ogg	1905992230caa66dda05e9b361d72657	15388
mods/heroes.stormmod/enus.stormassets/localizeddata/sounds/vo/stukovarmy_vox_shove07.ogg	aa868a190516d28be8fcc10cbf792983	19102
mods/heroes.stormmod/enus.stormassets/localizeddata/sounds/vo/stukovarmy_vox_shove08.ogg	0832578d4ea9f5966c127b023e98d9d1	20189
mods/heroes.stormmod/enus.stormassets/localizeddata/sounds/vo/stukovarmy_vox_shove09.ogg	b6a577e87589962d8ef49fb0f02ee551	17244
mods/heroes.stormmod/enus.stormassets/localizeddata/sounds/vo/stukovarmy_vox_shove10.ogg	34474f8294c722d8688ffd87e51d260b	15245
mods/heroes.stormmod/enus.stormassets/localizeddata/sounds/vo/stukovarmy_vox_shoveidle01.ogg	72894d63478b864bbe4d3d37c8e9a41e	20402
mods/heroes.stormmod/enus.stormassets/localizeddata/sounds/vo/stukovarmy_vox_shoveidle02.ogg	780f304f25505769b1b2ccd8162fe5fc	18393
mods/heroes.stormmod/enus.stormassets/localizeddata/sounds/vo/stukovarmy_vox_shoveidle03.ogg	ec8882190259ec1593a4986e0a6bcbdb	22479
mods/heroes.stormmod/enus.stormassets/localizeddata/sounds/vo/stukovarmy_vox_shoveidle04.ogg	3ba12eb34704af8cbbb64c0f68fafb56	14370
mods/heroes.stormmod/enus.stormassets/localizeddata/sounds/vo/stukovarmy_vox_shoveidle07.ogg	bda5bb68171bacf22b0efc34afc62d49	36548
mods/heroes.stormmod/enus.stormassets/localizeddata/sounds/vo/stukovarmy_worthit00.ogg	5c9d8f42058c029e51179d15d8102286	46755
mods/heroes.stormmod/enus.stormassets/localizeddata/sounds/vo/stukovarmy_worthit01.ogg	21140055da26595db9ff818340104d68	22620
mods/heroes.stormmod/enus.stormassets/localizeddata/sounds/vo/stukovarmy_yes00.ogg	ead7cd14e19af760aeb1ea0aae0953e1	17372
mods/heroes.stormmod/enus.stormassets/localizeddata/sounds/vo/stukovarmy_yes01.ogg	b2ee729da900bd23faec0823f5a17c90	25428
mods/heroes.stormmod/enus.stormassets/localizeddata/sounds/vo/stukovarmy_yes02.ogg	2bc7e913907df27bd24ebba3f809cbc0	31621
mods/heroes.stormmod/enus.stormassets/localizeddata/sounds/vo/stukovarmy_yes03.ogg	1ea53391d31e6709035ce54cc67acfa2	31370
mods/heroes.stormmod/enus.stormassets/localizeddata/sounds/vo/stukovarmy_yes04.ogg	71168d03f1f3b272cb201fa8997177a8	23082
mods/heroes.stormmod/enus.stormassets/localizeddata/sounds/vo/stukovarmy_yes05.ogg	d5459920561389b827d124caca16b375	18803
mods/heroes.stormmod/enus.stormassets/localizeddata/sounds/vo/stukovarmy_yes06.ogg	7079225ce6b1c71eac24e6db7a0f7fb1	19738
mods/heroes.stormmod/enus.stormassets/localizeddata/sounds/vo/stukovarmy_yes07.ogg	c874388e701fa8f3122c564759f719ce	19898
mods/heroes.stormmod/enus.stormassets/localizeddata/sounds/vo/stukovarmy_yes08.ogg	0391b787120f55ac812dbac509ea1188	29724
mods/heroes.stormmod/enus.stormassets/localizeddata/sounds/vo/stukovarmy_yes09.ogg	6255145eaffdff7ef81cb4818715b03c	21187
mods/heroes.stormmod/enus.stormassets/localizeddata/sounds/vo/stukovbase_ai_attack00.fxe	5c8f98698aa49b6d28685d21f425710e	2667
mods/heroes.stormmod/enus.stormassets/localizeddata/sounds/vo/stukovbase_ai_attack00.ogg	26d752876f7e67040afd6d7f0cab966a	39512
mods/heroes.stormmod/enus.stormassets/localizeddata/sounds/vo/stukovbase_ai_attack01.fxe	4e4f102eed6132072138e2fcc7efe173	2683
mods/heroes.stormmod/enus.stormassets/localizeddata/sounds/vo/stukovbase_ai_attack01.ogg	d594d59726611e762a745bac3ee1ed89	37918
mods/heroes.stormmod/enus.stormassets/localizeddata/sounds/vo/stukovbase_ai_attack02.fxe	4702a9af678874a8640c50f014418346	1851
mods/heroes.stormmod/enus.stormassets/localizeddata/sounds/vo/stukovbase_ai_attack02.ogg	283729fb282011125164ddd333f4aebe	32522
mods/heroes.stormmod/enus.stormassets/localizeddata/sounds/vo/stukovbase_ai_caution00.fxe	bb8bffdf65c0749e65ff42be103bab2c	1196
mods/heroes.stormmod/enus.stormassets/localizeddata/sounds/vo/stukovbase_ai_caution00.ogg	1ff3903905343facb73ca9472d56a138	17600
mods/heroes.stormmod/enus.stormassets/localizeddata/sounds/vo/stukovbase_ai_goodjob00.fxe	3bb381d1d6612ff3f9214ed0633737e7	1740
mods/heroes.stormmod/enus.stormassets/localizeddata/sounds/vo/stukovbase_ai_goodjob00.ogg	e18e115c18c85a9592d77513921ffad5	27902
mods/heroes.stormmod/enus.stormassets/localizeddata/sounds/vo/stukovbase_ai_goodjob01.fxe	0bd25ddc852b3f4151351cc287f58b91	1804
mods/heroes.stormmod/enus.stormassets/localizeddata/sounds/vo/stukovbase_ai_goodjob01.ogg	67f7531ed643766540e523a4bba55dbf	30819
mods/heroes.stormmod/enus.stormassets/localizeddata/sounds/vo/stukovbase_ai_goodjob02.fxe	e83d21bfa35e8957d6305a89dd839205	1884
mods/heroes.stormmod/enus.stormassets/localizeddata/sounds/vo/stukovbase_ai_goodjob02.ogg	5be6a0dad30d65a3803c9b259241ca18	39656
mods/heroes.stormmod/enus.stormassets/localizeddata/sounds/vo/stukovbase_ai_heal00.fxe	00984990b647cab63e18bf3e0d3ca275	2745
mods/heroes.stormmod/enus.stormassets/localizeddata/sounds/vo/stukovbase_ai_heal00.ogg	7806ffdc99a43805213894cb8fee9dcf	35691
mods/heroes.stormmod/enus.stormassets/localizeddata/sounds/vo/stukovbase_ai_heal01.fxe	1dcf9e91f80ed4bc8446bdc579d0de5b	2697
mods/heroes.stormmod/enus.stormassets/localizeddata/sounds/vo/stukovbase_ai_heal01.ogg	aeeb5dcecbffacb2281532959a67f3e2	46860
mods/heroes.stormmod/enus.stormassets/localizeddata/sounds/vo/stukovbase_ai_retreat00.fxe	cbff8d68f77ac1d54b989687280dd889	1708
mods/heroes.stormmod/enus.stormassets/localizeddata/sounds/vo/stukovbase_ai_retreat00.ogg	6957fba5217f5b67b0551f4975926b2a	19541
mods/heroes.stormmod/enus.stormassets/localizeddata/sounds/vo/stukovbase_ai_retreat01.fxe	817e4e3bff67a59ac0c5cb2a4e606b61	1852
mods/heroes.stormmod/enus.stormassets/localizeddata/sounds/vo/stukovbase_ai_retreat01.ogg	4995f3e1273effc8cea9d5cf97dc0efd	23997
mods/heroes.stormmod/enus.stormassets/localizeddata/sounds/vo/stukovbase_ai_uhoh00.fxe	4b9d9a0f4ccd71517981b37f4a3b88d0	1337
mods/heroes.stormmod/enus.stormassets/localizeddata/sounds/vo/stukovbase_ai_uhoh00.ogg	684e310dbabc980703d6bd8160625036	32465
mods/heroes.stormmod/enus.stormassets/localizeddata/sounds/vo/stukovbase_ai_uhoh01.fxe	1c7f90ea63d0a8af1a75d2666e911628	1625
mods/heroes.stormmod/enus.stormassets/localizeddata/sounds/vo/stukovbase_ai_uhoh01.ogg	c258b2f7b1f632e0408b4c8981073d93	26662
mods/heroes.stormmod/enus.stormassets/localizeddata/sounds/vo/stukovbase_ai_uhoh02.fxe	5d68a7af40a4f33aaa833557220c57bf	1161
mods/heroes.stormmod/enus.stormassets/localizeddata/sounds/vo/stukovbase_ai_uhoh02.ogg	f05c5584bda61876cb0cef6ef989f84b	23678
mods/heroes.stormmod/enus.stormassets/localizeddata/sounds/vo/stukovbase_attack00.fxe	179ac525a6e3470457715a03ccc0627b	1768
mods/heroes.stormmod/enus.stormassets/localizeddata/sounds/vo/stukovbase_attack00.ogg	7345b56eadcacbf0465beb3ab42094fe	27159
mods/heroes.stormmod/enus.stormassets/localizeddata/sounds/vo/stukovbase_attack01.fxe	57e4c7598a49e1f6ff92920db2083c8d	1688
mods/heroes.stormmod/enus.stormassets/localizeddata/sounds/vo/stukovbase_attack01.ogg	ff911ef47a1636c0bde791ddbf63e495	29166
mods/heroes.stormmod/enus.stormassets/localizeddata/sounds/vo/stukovbase_attack02.fxe	89d6f4ea98c5d4a6bd52c5141c678ba9	2856
mods/heroes.stormmod/enus.stormassets/localizeddata/sounds/vo/stukovbase_attack02.ogg	89dea26110b71f135b502039bfe68b44	35724
mods/heroes.stormmod/enus.stormassets/localizeddata/sounds/vo/stukovbase_attack03.fxe	89ff516cf41ec36ca659e2d7453b47c9	1480
mods/heroes.stormmod/enus.stormassets/localizeddata/sounds/vo/stukovbase_attack03.ogg	35abcd6f4e4299e231312223ff35a99f	26426
mods/heroes.stormmod/enus.stormassets/localizeddata/sounds/vo/stukovbase_attack04.fxe	46c11fba06585c7abb95a8ae767d39f0	1432
mods/heroes.stormmod/enus.stormassets/localizeddata/sounds/vo/stukovbase_attack04.ogg	4ee47bbc6d3eebdfa630e8e9131da210	25513
mods/heroes.stormmod/enus.stormassets/localizeddata/sounds/vo/stukovbase_attack05.fxe	8fdaeb44a29a1aa39a0229b9a1a9d749	1448
mods/heroes.stormmod/enus.stormassets/localizeddata/sounds/vo/stukovbase_attack05.ogg	02a3a79b545845d7e2111ce569797a08	24294
mods/heroes.stormmod/enus.stormassets/localizeddata/sounds/vo/stukovbase_attack06.fxe	e3a53943ac4a1f0c9341edce41edfe06	1832
mods/heroes.stormmod/enus.stormassets/localizeddata/sounds/vo/stukovbase_attack06.ogg	1204aeeab71912d4b9eca86de68bef69	28725
mods/heroes.stormmod/enus.stormassets/localizeddata/sounds/vo/stukovbase_celebrate00.fxe	49105c68baf9c0b2a2902bc8485ed0e8	1611
mods/heroes.stormmod/enus.stormassets/localizeddata/sounds/vo/stukovbase_celebrate00.ogg	b23a9b9ec2d6ae19494cfbc14cb8cc6b	26650
mods/heroes.stormmod/enus.stormassets/localizeddata/sounds/vo/stukovbase_celebrate01.fxe	dc44d450b68ed99d6a3e7d6e8d1fc1e4	1467
mods/heroes.stormmod/enus.stormassets/localizeddata/sounds/vo/stukovbase_celebrate01.ogg	8258e9702c302c24c2d8fd009d82742c	26281
mods/heroes.stormmod/enus.stormassets/localizeddata/sounds/vo/stukovbase_comeback00.fxe	e16b5f2051d16ed3948989b0e7fd2ba7	4170
mods/heroes.stormmod/enus.stormassets/localizeddata/sounds/vo/stukovbase_comeback00.ogg	28cf70287e44fa602e5e31275c1aa4fa	44697
mods/heroes.stormmod/enus.stormassets/localizeddata/sounds/vo/stukovbase_death01.fxe	32d18ffaa76a28fa84b18eef46b874e7	1767
mods/heroes.stormmod/enus.stormassets/localizeddata/sounds/vo/stukovbase_death01.wav	eb066e8210e0c7f019ad31d59067dcd2	53564
mods/heroes.stormmod/enus.stormassets/localizeddata/sounds/vo/stukovbase_death02.fxe	e04b2a0146bd214ca72d95181e260bdb	1575
mods/heroes.stormmod/enus.stormassets/localizeddata/sounds/vo/stukovbase_death02.wav	917beb0aebc2593c858e8214cef21890	55100
mods/heroes.stormmod/enus.stormassets/localizeddata/sounds/vo/stukovbase_death03.fxe	ccce9130aca06e7014d90f12c4f6e2b7	1447
mods/heroes.stormmod/enus.stormassets/localizeddata/sounds/vo/stukovbase_death03.wav	1bb7fe34f448e7179b361263c6ac5a42	67132
mods/heroes.stormmod/enus.stormassets/localizeddata/sounds/vo/stukovbase_death04.fxe	128282049715ee902a12f24e44fedfd4	2263
mods/heroes.stormmod/enus.stormassets/localizeddata/sounds/vo/stukovbase_death04.wav	848bf66c60552c653dfbdd3d166067b8	82492
mods/heroes.stormmod/enus.stormassets/localizeddata/sounds/vo/stukovbase_death05.fxe	bb36c9e13df317911ab8b285be85a767	2727
mods/heroes.stormmod/enus.stormassets/localizeddata/sounds/vo/stukovbase_death05.wav	edbe6abf44d0656127b106fa582a98c5	88892
mods/heroes.stormmod/enus.stormassets/localizeddata/sounds/vo/stukovbase_death06.fxe	c5a237cc773f74c26278250987cbc6b8	3047
mods/heroes.stormmod/enus.stormassets/localizeddata/sounds/vo/stukovbase_death06.wav	26f746befded7e67a3b007e67adb2d69	110652
mods/heroes.stormmod/enus.stormassets/localizeddata/sounds/vo/stukovbase_death07.fxe	b2c286b349523a3d49e816850c8a9a3a	1495
mods/heroes.stormmod/enus.stormassets/localizeddata/sounds/vo/stukovbase_death07.wav	eec624d118d5f47659d1c2e5bcad0593	61756
mods/heroes.stormmod/enus.stormassets/localizeddata/sounds/vo/stukovbase_healed00.fxe	bef7ee535b49600302eb0a8bfcd3ffa0	1832
mods/heroes.stormmod/enus.stormassets/localizeddata/sounds/vo/stukovbase_healed00.ogg	cc76e9accad04138fa039746b682905c	39401
mods/heroes.stormmod/enus.stormassets/localizeddata/sounds/vo/stukovbase_healed01.fxe	f9d216ad8c185eec3c71df1e8b23c27f	1592
mods/heroes.stormmod/enus.stormassets/localizeddata/sounds/vo/stukovbase_healed01.ogg	6cee08172df11e67acaac328e9f77993	23425
mods/heroes.stormmod/enus.stormassets/localizeddata/sounds/vo/stukovbase_healed02.fxe	d79d8ed253f9d9977178d3e72efdd8ad	2104
mods/heroes.stormmod/enus.stormassets/localizeddata/sounds/vo/stukovbase_healed02.ogg	8e22b89c111ce3868f21dc25849f7956	39221
mods/heroes.stormmod/enus.stormassets/localizeddata/sounds/vo/stukovbase_homescreen01.fxe	85a4ae28152c23f96dda9356c541f888	2956
mods/heroes.stormmod/enus.stormassets/localizeddata/sounds/vo/stukovbase_homescreen01.ogg	2a3fa5ea54f9808c8a039f931f377a1d	44560
mods/heroes.stormmod/enus.stormassets/localizeddata/sounds/vo/stukovbase_introagree00.fxe	25d650a31a2800c394bc2bdb7e7d6a73	1964
mods/heroes.stormmod/enus.stormassets/localizeddata/sounds/vo/stukovbase_introagree00.ogg	26f0f2c1845f42b0dff433fe1bc11b29	29615
mods/heroes.stormmod/enus.stormassets/localizeddata/sounds/vo/stukovbase_introagree01.fxe	37c362e12aeda1dd316e5ae943f72e9b	1804
mods/heroes.stormmod/enus.stormassets/localizeddata/sounds/vo/stukovbase_introagree01.ogg	1d4661a0801ee667d0217b6419b8e26b	32532
mods/heroes.stormmod/enus.stormassets/localizeddata/sounds/vo/stukovbase_introagree02.fxe	ba0250eee14e9607cea045d9112e384f	1340
mods/heroes.stormmod/enus.stormassets/localizeddata/sounds/vo/stukovbase_introagree02.ogg	a64db536018bae4eee635527241d8a18	30108
mods/heroes.stormmod/enus.stormassets/localizeddata/sounds/vo/stukovbase_introboast00.fxe	dbcd5fb879249c087bdb5f736a904495	4140
mods/heroes.stormmod/enus.stormassets/localizeddata/sounds/vo/stukovbase_introboast00.ogg	34069b0a5a57eeb66582578875814bca	68778
mods/heroes.stormmod/enus.stormassets/localizeddata/sounds/vo/stukovbase_introboast01.fxe	6ea059b1e2ab7f52a28deb4b7b0efacc	4108
mods/heroes.stormmod/enus.stormassets/localizeddata/sounds/vo/stukovbase_introboast01.ogg	fe0daaf14fa9cbbbb8dfad6927273768	66540
mods/heroes.stormmod/enus.stormassets/localizeddata/sounds/vo/stukovbase_introquestion00.fxe	d92e04c76c5db7b006e83e13d57d46ad	2911
mods/heroes.stormmod/enus.stormassets/localizeddata/sounds/vo/stukovbase_introquestion00.ogg	f50a843c62ad4c7cf8d7ce40272a6583	47231
mods/heroes.stormmod/enus.stormassets/localizeddata/sounds/vo/stukovbase_introquestion01.fxe	547f8c2c32c1c79565991a4b60ea9d59	2527
mods/heroes.stormmod/enus.stormassets/localizeddata/sounds/vo/stukovbase_introquestion01.ogg	59e59bde8a569db3a65eb4c0f161a5e3	39604
mods/heroes.stormmod/enus.stormassets/localizeddata/sounds/vo/stukovbase_introquestion_abathur00.fxe	f982ac2e21134d6b9e0ef284076e4ea4	4743
mods/heroes.stormmod/enus.stormassets/localizeddata/sounds/vo/stukovbase_introquestion_abathur00.ogg	4aa8e83d3eab1e55b737540262932508	61161
mods/heroes.stormmod/enus.stormassets/localizeddata/sounds/vo/stukovbase_introquestion_degenerate00.fxe	183e2b0e5df8dce5ba072a3d0239b4d7	6058
mods/heroes.stormmod/enus.stormassets/localizeddata/sounds/vo/stukovbase_introquestion_degenerate00.ogg	0a48efe0eac0164faba4470a2b150515	76657
mods/heroes.stormmod/enus.stormassets/localizeddata/sounds/vo/stukovbase_introquestion_kerrigan00.fxe	3d8517f24b393008ffd62dfeda8c7888	4136
mods/heroes.stormmod/enus.stormassets/localizeddata/sounds/vo/stukovbase_introquestion_kerrigan00.ogg	43d7b51deb9b4b63f61bdbe36f3adf35	53113
mods/heroes.stormmod/enus.stormassets/localizeddata/sounds/vo/stukovbase_introquestion_malthael00.fxe	4fb7189efa5aabc70ef53e93169f4fd4	4664
mods/heroes.stormmod/enus.stormassets/localizeddata/sounds/vo/stukovbase_introquestion_malthael00.ogg	e8b13007879a6587aaa881168d7880d3	71542
mods/heroes.stormmod/enus.stormassets/localizeddata/sounds/vo/stukovbase_introquestion_morales00.fxe	73acf9febbf46a8f686662339d44ccf9	4263
mods/heroes.stormmod/enus.stormassets/localizeddata/sounds/vo/stukovbase_introquestion_morales00.ogg	f38329d77d235ac95a7593680a2792d9	61281
mods/heroes.stormmod/enus.stormassets/localizeddata/sounds/vo/stukovbase_introquestion_murky00.fxe	43c823bb37e9d60f68838152a3e35598	4325
mods/heroes.stormmod/enus.stormassets/localizeddata/sounds/vo/stukovbase_introquestion_murky00.ogg	557afc95b2c796f26e53f74d41cd011d	52442
mods/heroes.stormmod/enus.stormassets/localizeddata/sounds/vo/stukovbase_introquestion_negative00.fxe	e2d492b5a69d00daf3ee9368f76dde8d	3928
mods/heroes.stormmod/enus.stormassets/localizeddata/sounds/vo/stukovbase_introquestion_negative00.ogg	3028ebdcaad796dc66565c924620901c	58705
mods/heroes.stormmod/enus.stormassets/localizeddata/sounds/vo/stukovbase_introquestion_positive00.fxe	5e6eaa1eac44f2885304d55acbd0adc3	2392
mods/heroes.stormmod/enus.stormassets/localizeddata/sounds/vo/stukovbase_introquestion_positive00.ogg	baf057bbeb7a79e7d64849c4229e5f20	35338
mods/heroes.stormmod/enus.stormassets/localizeddata/sounds/vo/stukovbase_introquestion_protoss00.fxe	b9506ffebd7406f487417b86626045b7	4215
mods/heroes.stormmod/enus.stormassets/localizeddata/sounds/vo/stukovbase_introquestion_protoss00.ogg	9773b4f0b9f3c61e5f5438df69b3183c	62199
mods/heroes.stormmod/enus.stormassets/localizeddata/sounds/vo/stukovbase_introquestion_terran00.fxe	5dea71859dbbf2127218e57a218ee2d0	4038
mods/heroes.stormmod/enus.stormassets/localizeddata/sounds/vo/stukovbase_introquestion_terran00.ogg	1d5d3759c9572f6d1b658bfd657bf15a	60309
mods/heroes.stormmod/enus.stormassets/localizeddata/sounds/vo/stukovbase_introquestion_zagara00.fxe	33f4d282a34d6ea9d91e68e95f6e584e	3238
mods/heroes.stormmod/enus.stormassets/localizeddata/sounds/vo/stukovbase_introquestion_zagara00.ogg	4ca27d41fa22ebac728323a0cbd8a0ce	47720
mods/heroes.stormmod/enus.stormassets/localizeddata/sounds/vo/stukovbase_introquestion_zarya00.fxe	95df612f0b9dcd34a3d019c414f7bca9	1685
mods/heroes.stormmod/enus.stormassets/localizeddata/sounds/vo/stukovbase_introquestion_zarya00.ogg	558aeb5b0e4e5f2d07e812639dc5dc56	25798
mods/heroes.stormmod/enus.stormassets/localizeddata/sounds/vo/stukovbase_introquestion_zerg00.fxe	c41b7ff9c15880ea78031a753bc8f52b	3348
mods/heroes.stormmod/enus.stormassets/localizeddata/sounds/vo/stukovbase_introquestion_zerg00.ogg	c57984152d477c27b7f4ed42b1d3b957	54864
mods/heroes.stormmod/enus.stormassets/localizeddata/sounds/vo/stukovbase_introrespond00.fxe	87574680b368ec8a04f8e1f8b9a99e14	2590
mods/heroes.stormmod/enus.stormassets/localizeddata/sounds/vo/stukovbase_introrespond00.ogg	c6aad585ea6d7f8b398669faef5cec7a	32534
mods/heroes.stormmod/enus.stormassets/localizeddata/sounds/vo/stukovbase_introrespond01.fxe	8e54161f84c4eed0c3eb4de801ae79bc	2270
mods/heroes.stormmod/enus.stormassets/localizeddata/sounds/vo/stukovbase_introrespond01.ogg	2c051bd59d884fe54c042f19f70995b8	39660
mods/heroes.stormmod/enus.stormassets/localizeddata/sounds/vo/stukovbase_introrespond02.fxe	c9f95b9b26c2fc694f9b5fe2a5598082	4158
mods/heroes.stormmod/enus.stormassets/localizeddata/sounds/vo/stukovbase_introrespond02.ogg	dc2b5feb8f09ea1811b0db570de47d86	72600
mods/heroes.stormmod/enus.stormassets/localizeddata/sounds/vo/stukovbase_introresponse_abathur00.fxe	fee39f8b6bf4daa9afaa975461f4fa78	2183
mods/heroes.stormmod/enus.stormassets/localizeddata/sounds/vo/stukovbase_introresponse_abathur00.ogg	b232e2e990e63ee1cbc1225eef680eeb	32263
mods/heroes.stormmod/enus.stormassets/localizeddata/sounds/vo/stukovbase_introresponse_angry00.fxe	5eac05b0028b698b3f3f5d1c63725999	2949
mods/heroes.stormmod/enus.stormassets/localizeddata/sounds/vo/stukovbase_introresponse_angry00.ogg	8dac001cffedba79231bfe40c86d4006	40918
mods/heroes.stormmod/enus.stormassets/localizeddata/sounds/vo/stukovbase_introresponse_degenerate00.fxe	f427fb6fc012c65323374deaec4e4ff0	5066
mods/heroes.stormmod/enus.stormassets/localizeddata/sounds/vo/stukovbase_introresponse_degenerate00.ogg	fe2a282a4a5579814576d11f7af79095	62302
mods/heroes.stormmod/enus.stormassets/localizeddata/sounds/vo/stukovbase_introresponse_dismissive00.fxe	7c33eee9be654087a49184d81f383a12	2858
mods/heroes.stormmod/enus.stormassets/localizeddata/sounds/vo/stukovbase_introresponse_dismissive00.ogg	037d0d62bfea36f330bc9b67017a2528	39268
mods/heroes.stormmod/enus.stormassets/localizeddata/sounds/vo/stukovbase_introresponse_dismisstwo00.fxe	9c04b1a731b4c04fcca8cc1ee0983412	2954
mods/heroes.stormmod/enus.stormassets/localizeddata/sounds/vo/stukovbase_introresponse_dismisstwo00.ogg	60d3e587a04d9e5d281eeaa5a73658d2	44544
mods/heroes.stormmod/enus.stormassets/localizeddata/sounds/vo/stukovbase_introresponse_falstad00.fxe	7217f2aa4ccc60f4be088e965a5e2a2f	4615
mods/heroes.stormmod/enus.stormassets/localizeddata/sounds/vo/stukovbase_introresponse_falstad00.ogg	4543a5b948abdad673752baf13311e25	62899
mods/heroes.stormmod/enus.stormassets/localizeddata/sounds/vo/stukovbase_introresponse_kerrigan00.fxe	4a362e19276758ae031f0f0384e543b5	1288
mods/heroes.stormmod/enus.stormassets/localizeddata/sounds/vo/stukovbase_introresponse_kerrigan00.ogg	86f452d1f57a8cbdd7c7ccc7ddba8062	18586
mods/heroes.stormmod/enus.stormassets/localizeddata/sounds/vo/stukovbase_introresponse_malthael00.fxe	0f0cd0a60b750ce97538c8ad560f1eb1	1432
mods/heroes.stormmod/enus.stormassets/localizeddata/sounds/vo/stukovbase_introresponse_malthael00.ogg	cc0e12a4588bdf7552afba47b7e025b2	24298
mods/heroes.stormmod/enus.stormassets/localizeddata/sounds/vo/stukovbase_introresponse_morales00.fxe	4d3e31aa6949252278aee9ea0ba755c4	4871
mods/heroes.stormmod/enus.stormassets/localizeddata/sounds/vo/stukovbase_introresponse_morales00.ogg	cc6bd0bd867c134fe40d497691d74ba8	64374
mods/heroes.stormmod/enus.stormassets/localizeddata/sounds/vo/stukovbase_introresponse_murky00.fxe	778b0bc9afee2e3947c6efd80b7c6f22	3461
mods/heroes.stormmod/enus.stormassets/localizeddata/sounds/vo/stukovbase_introresponse_murky00.ogg	fc13e19337ba7e10491f7c608dcb5c0d	45182
mods/heroes.stormmod/enus.stormassets/localizeddata/sounds/vo/stukovbase_introresponse_negative00.fxe	f817371c4829dacce095f928d22b2c59	2936
mods/heroes.stormmod/enus.stormassets/localizeddata/sounds/vo/stukovbase_introresponse_negative00.ogg	d209d6d2be20f50a137d3ae7724d3b9e	40425
mods/heroes.stormmod/enus.stormassets/localizeddata/sounds/vo/stukovbase_introresponse_positive00.fxe	bbd8723b0496e7f7d0bafe0d871dd38f	2408
mods/heroes.stormmod/enus.stormassets/localizeddata/sounds/vo/stukovbase_introresponse_positive00.ogg	4509048aa5844e0318d26e8803c8c116	30821
mods/heroes.stormmod/enus.stormassets/localizeddata/sounds/vo/stukovbase_introresponse_terran00.fxe	29e5107e7e389b857c41b1ec04445430	2854
mods/heroes.stormmod/enus.stormassets/localizeddata/sounds/vo/stukovbase_introresponse_terran00.ogg	7676d5c5df578f1408755f395b8fd406	45218
mods/heroes.stormmod/enus.stormassets/localizeddata/sounds/vo/stukovbase_introresponse_zagara00.fxe	57773a2a61157fc36797f4adb01dd9ee	2054
mods/heroes.stormmod/enus.stormassets/localizeddata/sounds/vo/stukovbase_introresponse_zagara00.ogg	22458432e0405a5af2c576f9ea09a5fa	29486
mods/heroes.stormmod/enus.stormassets/localizeddata/sounds/vo/stukovbase_introresponse_zarya00.fxe	167c4548b15afe4d07bd653e32e927e0	4021
mods/heroes.stormmod/enus.stormassets/localizeddata/sounds/vo/stukovbase_introresponse_zarya00.ogg	3df74e7b6ddb2542836ef2331c19da19	62905
mods/heroes.stormmod/enus.stormassets/localizeddata/sounds/vo/stukovbase_introresponse_zerg00.fxe	3362cbda5130e3f7d08a2ec68cc6bf29	4388
mods/heroes.stormmod/enus.stormassets/localizeddata/sounds/vo/stukovbase_introresponse_zerg00.ogg	b68fb436b004d7f6d615f33c1dbdbbd5	68889
mods/heroes.stormmod/enus.stormassets/localizeddata/sounds/vo/stukovbase_introresponse_zergneg00.fxe	23ef3c5fa49405f24b1bd3219bd73969	2935
mods/heroes.stormmod/enus.stormassets/localizeddata/sounds/vo/stukovbase_introresponse_zergneg00.ogg	1b7f00c6c783c45552aeacb5cc3d88e8	40018
mods/heroes.stormmod/enus.stormassets/localizeddata/sounds/vo/stukovbase_kill00.fxe	2aaaf3f2ea2e4f4534869cf102aeff50	2118
mods/heroes.stormmod/enus.stormassets/localizeddata/sounds/vo/stukovbase_kill00.ogg	cba9008fd02c6304cf79548e44d27de3	34530
mods/heroes.stormmod/enus.stormassets/localizeddata/sounds/vo/stukovbase_kill01.fxe	39bd7b2fa87cbb2ecdbf4d25c0950695	2726
mods/heroes.stormmod/enus.stormassets/localizeddata/sounds/vo/stukovbase_kill01.ogg	a054e3b3ffeb2c0b41ba2dd87a496e6d	35673
mods/heroes.stormmod/enus.stormassets/localizeddata/sounds/vo/stukovbase_kill02.fxe	1e66a02c59c4d745ab49c4e3780a9d2f	1750
mods/heroes.stormmod/enus.stormassets/localizeddata/sounds/vo/stukovbase_kill02.ogg	2f17421ea0bb37a267ee0f19e7acda19	29943
mods/heroes.stormmod/enus.stormassets/localizeddata/sounds/vo/stukovbase_kill03.fxe	b6ac59c7b61a3ac6331ccef4fa6b2bbb	1510
mods/heroes.stormmod/enus.stormassets/localizeddata/sounds/vo/stukovbase_kill03.ogg	d0ccafef9a7ce6ff0892307fb7f6ee5b	25900
mods/heroes.stormmod/enus.stormassets/localizeddata/sounds/vo/stukovbase_kill04.fxe	52316254e1d32724040d52d979616adf	1446
mods/heroes.stormmod/enus.stormassets/localizeddata/sounds/vo/stukovbase_kill04.ogg	e350d993a9e28d04206df8d4977034ea	28159
mods/heroes.stormmod/enus.stormassets/localizeddata/sounds/vo/stukovbase_killabathur00.fxe	d21686a46a95480543faff759ac2faa3	1869
mods/heroes.stormmod/enus.stormassets/localizeddata/sounds/vo/stukovbase_killabathur00.ogg	3ab09c694438f8693b480b60e6d1efed	32634
mods/heroes.stormmod/enus.stormassets/localizeddata/sounds/vo/stukovbase_killdehaka00_alt.fxe	2f53217b360200bb8bd32049d0ef8b1b	2912
mods/heroes.stormmod/enus.stormassets/localizeddata/sounds/vo/stukovbase_killdehaka00_alt.ogg	56b1e8ac91f20b97a1088dfffe960423	44827
mods/heroes.stormmod/enus.stormassets/localizeddata/sounds/vo/stukovbase_killfearless00.fxe	36e00014436ea5f51821732e7a987371	2590
mods/heroes.stormmod/enus.stormassets/localizeddata/sounds/vo/stukovbase_killfearless00.ogg	5e3fb13e87fa05f54c4eb638d6f3ef19	39306
mods/heroes.stormmod/enus.stormassets/localizeddata/sounds/vo/stukovbase_killkerrigan00.fxe	e2a9658130060ae6e7d1dc61f3583e57	2494
mods/heroes.stormmod/enus.stormassets/localizeddata/sounds/vo/stukovbase_killkerrigan00.ogg	fd42d47fc0ba11af0e2f938112ce72af	35902
mods/heroes.stormmod/enus.stormassets/localizeddata/sounds/vo/stukovbase_killmorales00.fxe	101242ab69a6b1a19b5faf1acb0abf89	2205
mods/heroes.stormmod/enus.stormassets/localizeddata/sounds/vo/stukovbase_killmorales00.ogg	f872726d9f7fbd1305f25a6da4281a09	26867
mods/heroes.stormmod/enus.stormassets/localizeddata/sounds/vo/stukovbase_killprotoss00.fxe	07eb294213dabce3b59c996f0099af95	2125
mods/heroes.stormmod/enus.stormassets/localizeddata/sounds/vo/stukovbase_killprotoss00.ogg	6fe30615d43d376a7eaf723c91b14f1f	30356
mods/heroes.stormmod/enus.stormassets/localizeddata/sounds/vo/stukovbase_killsgthammer00.fxe	83df489c4bcdc4b8c9d2710193cfb08d	2575
mods/heroes.stormmod/enus.stormassets/localizeddata/sounds/vo/stukovbase_killsgthammer00.ogg	16759b92dc317e96ea344a420dd804ff	38394
mods/heroes.stormmod/enus.stormassets/localizeddata/sounds/vo/stukovbase_killspreeend00.fxe	fcecd99b74643a96f39d37ebf10c1de1	2526
mods/heroes.stormmod/enus.stormassets/localizeddata/sounds/vo/stukovbase_killspreeend00.ogg	f97edd2ea1c756447be851f15c91a3b1	46019
mods/heroes.stormmod/enus.stormassets/localizeddata/sounds/vo/stukovbase_killterran00.fxe	ac6702c3a1f3c6ce5e99307f418a7967	2204
mods/heroes.stormmod/enus.stormassets/localizeddata/sounds/vo/stukovbase_killterran00.ogg	873748fedfd590b7fac07e3d98dd711b	30651
mods/heroes.stormmod/enus.stormassets/localizeddata/sounds/vo/stukovbase_killweird00_alt.fxe	69388297980529b41a059526fb1b6fdb	1711
mods/heroes.stormmod/enus.stormassets/localizeddata/sounds/vo/stukovbase_killweird00_alt.ogg	923796713488d910ba0f760e53aba267	26533
mods/heroes.stormmod/enus.stormassets/localizeddata/sounds/vo/stukovbase_killzagara00.fxe	9a1ec1a3cef5c3c2204efc4b0b3ecfc3	2236
mods/heroes.stormmod/enus.stormassets/localizeddata/sounds/vo/stukovbase_killzagara00.ogg	767677ac8d96d8a06a6ad62dec66cc8d	32562
mods/heroes.stormmod/enus.stormassets/localizeddata/sounds/vo/stukovbase_killzarya00.fxe	822c8caf503d5b16046a7a81423909c8	1371
mods/heroes.stormmod/enus.stormassets/localizeddata/sounds/vo/stukovbase_killzarya00.ogg	eea2f3bb2473b754236103c7245f89ab	18446
mods/heroes.stormmod/enus.stormassets/localizeddata/sounds/vo/stukovbase_killzerg00.fxe	c8070b0e33b1f4aa4f97485b55f00704	2442
mods/heroes.stormmod/enus.stormassets/localizeddata/sounds/vo/stukovbase_killzerg00.ogg	bb8280fb10ab6f63d5dc2abc30feea80	35354
mods/heroes.stormmod/enus.stormassets/localizeddata/sounds/vo/stukovbase_laugh00.fxe	f3ecdf1bf7ae64ca24817beb2f82acc4	2311
mods/heroes.stormmod/enus.stormassets/localizeddata/sounds/vo/stukovbase_laugh00.ogg	eb911969b215584a16c06d6538ff9eee	26217
mods/heroes.stormmod/enus.stormassets/localizeddata/sounds/vo/stukovbase_laugh01.fxe	54e96e4cfd9fb6b43128ea9a07f73ac4	2535
mods/heroes.stormmod/enus.stormassets/localizeddata/sounds/vo/stukovbase_laugh01.ogg	af6b27f210395dfaf576fe322f280ee5	25542
mods/heroes.stormmod/enus.stormassets/localizeddata/sounds/vo/stukovbase_laugh02.fxe	fab3f3e1315c8b86beb4e7c032275b46	1831
mods/heroes.stormmod/enus.stormassets/localizeddata/sounds/vo/stukovbase_laugh02.ogg	20d28dc70df0d1e7441fbe52e9f31d8f	31591
mods/heroes.stormmod/enus.stormassets/localizeddata/sounds/vo/stukovbase_laugh03.fxe	712ea802ffd5b8e3c7e5d10a0c7068fb	2743
mods/heroes.stormmod/enus.stormassets/localizeddata/sounds/vo/stukovbase_laugh03.ogg	ac097fe76c78e2ace73df1037cd099ac	38727
mods/heroes.stormmod/enus.stormassets/localizeddata/sounds/vo/stukovbase_laugh04.fxe	74eb79822fc3ea64563a2f33f4ad856c	1479
mods/heroes.stormmod/enus.stormassets/localizeddata/sounds/vo/stukovbase_laugh04.ogg	eb8b748e1116c5bd7ff068e65f522102	24900
mods/heroes.stormmod/enus.stormassets/localizeddata/sounds/vo/stukovbase_laugh05.fxe	07fbf3fa1b02e27b2401613ec8d95c0a	2103
mods/heroes.stormmod/enus.stormassets/localizeddata/sounds/vo/stukovbase_laugh05.ogg	8599cab50f6b42dd4d774248f929f3f8	29571
mods/heroes.stormmod/enus.stormassets/localizeddata/sounds/vo/stukovbase_laugh06.fxe	eb4328630e4e49ec3e4434d0aac5de91	2567
mods/heroes.stormmod/enus.stormassets/localizeddata/sounds/vo/stukovbase_laugh06.ogg	ec2729db0019edc7acd1298c1dfe22ce	35695
mods/heroes.stormmod/enus.stormassets/localizeddata/sounds/vo/stukovbase_laugh07.fxe	d89c523c6a148b21847e3ba3bf5f8550	3895
mods/heroes.stormmod/enus.stormassets/localizeddata/sounds/vo/stukovbase_laugh07.ogg	d00476f40139513d715c359b0d16fa19	42737
mods/heroes.stormmod/enus.stormassets/localizeddata/sounds/vo/stukovbase_laugh08.fxe	4e64d64730f8068c9eea81fb491de9e0	2647
mods/heroes.stormmod/enus.stormassets/localizeddata/sounds/vo/stukovbase_laugh08.ogg	8442d8c6359f1961284754e162c2cf4e	38225
mods/heroes.stormmod/enus.stormassets/localizeddata/sounds/vo/stukovbase_laugh09.fxe	c9f242906f47c3f48e53557c858d669b	2023
mods/heroes.stormmod/enus.stormassets/localizeddata/sounds/vo/stukovbase_laugh09.ogg	e606fac53eb48fd0b7c104d296913292	28757
mods/heroes.stormmod/enus.stormassets/localizeddata/sounds/vo/stukovbase_laugh10.fxe	595e3a4c0bd95712b85ebac90b0a2071	1223
mods/heroes.stormmod/enus.stormassets/localizeddata/sounds/vo/stukovbase_laugh10.ogg	f5137c48c275447128f5bc680dc05090	20728
mods/heroes.stormmod/enus.stormassets/localizeddata/sounds/vo/stukovbase_laugh11.fxe	32e20a11d23f744feab37961a27e913b	1063
mods/heroes.stormmod/enus.stormassets/localizeddata/sounds/vo/stukovbase_laugh11.ogg	8559eef6f33288e4230249d26c6b28bc	20047
mods/heroes.stormmod/enus.stormassets/localizeddata/sounds/vo/stukovbase_laugh12.fxe	f0714d44034f7c3f55048e25615f4971	1271
mods/heroes.stormmod/enus.stormassets/localizeddata/sounds/vo/stukovbase_laugh12.ogg	0c5d318093e38808867dde437f98a3cd	20753
mods/heroes.stormmod/enus.stormassets/localizeddata/sounds/vo/stukovbase_laugh13.fxe	855a58a4aeff7cc66fcb1fc429849cdb	1271
mods/heroes.stormmod/enus.stormassets/localizeddata/sounds/vo/stukovbase_laugh13.ogg	e6e2ee22ab0b048284f1185b7027cc14	17548
mods/heroes.stormmod/enus.stormassets/localizeddata/sounds/vo/stukovbase_lowlifeheal00.fxe	e1b0f6f19c3e222314350995b7571222	1933
mods/heroes.stormmod/enus.stormassets/localizeddata/sounds/vo/stukovbase_lowlifeheal00.ogg	04cb5d97b0c62dca34b94d9e1bf23638	33473
mods/heroes.stormmod/enus.stormassets/localizeddata/sounds/vo/stukovbase_lowlifeheal01.fxe	20f12d248cdf987f02fcd19fa9f63b6e	1725
mods/heroes.stormmod/enus.stormassets/localizeddata/sounds/vo/stukovbase_lowlifeheal01.ogg	2a2d920ac7a806ce589a5e0177b3d26b	25858
mods/heroes.stormmod/enus.stormassets/localizeddata/sounds/vo/stukovbase_lowlifeheal02.fxe	01cf0438897264234480471620f778c7	2525
mods/heroes.stormmod/enus.stormassets/localizeddata/sounds/vo/stukovbase_lowlifeheal02.ogg	77cba89b2e5f1e6de152bf53683bdd7f	35270
mods/heroes.stormmod/enus.stormassets/localizeddata/sounds/vo/stukovbase_lowmana00.fxe	097aae576cccf88645faf9eebc03333f	1769
mods/heroes.stormmod/enus.stormassets/localizeddata/sounds/vo/stukovbase_lowmana00.ogg	954ee335ae5b0d9ee0a1fafc3523ce5b	37679
mods/heroes.stormmod/enus.stormassets/localizeddata/sounds/vo/stukovbase_lowmana01.fxe	ef3913cbeb533c9a2b59d92575fd225e	1577
mods/heroes.stormmod/enus.stormassets/localizeddata/sounds/vo/stukovbase_lowmana01.ogg	845e4764e00d3c14e4d927b489eee0e4	24961
mods/heroes.stormmod/enus.stormassets/localizeddata/sounds/vo/stukovbase_lowmana02.fxe	f3201641a0c863ff85c9cd918894c929	2393
mods/heroes.stormmod/enus.stormassets/localizeddata/sounds/vo/stukovbase_lowmana02.ogg	baebf729363668c2d73764ef5bd03cc0	34937
mods/heroes.stormmod/enus.stormassets/localizeddata/sounds/vo/stukovbase_matchend00.fxe	9b0b08e82eab0d7b983da32b32c57252	2202
mods/heroes.stormmod/enus.stormassets/localizeddata/sounds/vo/stukovbase_matchend00.ogg	b65c9a09d7f9a9ccc69eb7376a6c57a3	37069
mods/heroes.stormmod/enus.stormassets/localizeddata/sounds/vo/stukovbase_matchend01.fxe	c4a2e242c992d7effc2a910e4cfab07d	1306
mods/heroes.stormmod/enus.stormassets/localizeddata/sounds/vo/stukovbase_matchend01.ogg	d45259963b97c5bb3ee1d7a5a4df57bf	20302
mods/heroes.stormmod/enus.stormassets/localizeddata/sounds/vo/stukovbase_matchend02.fxe	f96160b60b426e59d47fd3780e8e71a0	1706
mods/heroes.stormmod/enus.stormassets/localizeddata/sounds/vo/stukovbase_matchend02.ogg	4ff2ce6464e0bcb576dd778dee87ad54	27830
mods/heroes.stormmod/enus.stormassets/localizeddata/sounds/vo/stukovbase_no00.fxe	aa3b6bde07dd57b342d14451d722df4a	836
mods/heroes.stormmod/enus.stormassets/localizeddata/sounds/vo/stukovbase_no00.ogg	9b95d1aea498853a489fc33cf3820953	16657
mods/heroes.stormmod/enus.stormassets/localizeddata/sounds/vo/stukovbase_no01_alt.fxe	7f91a45c7400a0c7cbb6537fc0fc8a47	888
mods/heroes.stormmod/enus.stormassets/localizeddata/sounds/vo/stukovbase_no01_alt.ogg	6468e0004b59e1eab60230d40d6e19d1	31162
mods/heroes.stormmod/enus.stormassets/localizeddata/sounds/vo/stukovbase_no02.fxe	01a4a9d87466e1c902b0c3a33df8f21e	1764
mods/heroes.stormmod/enus.stormassets/localizeddata/sounds/vo/stukovbase_no02.ogg	81fe84a2786cc8cbf90e84254f127391	27295
mods/heroes.stormmod/enus.stormassets/localizeddata/sounds/vo/stukovbase_no03.fxe	2158b979fdd90e23f13e89cf8c426d9a	1268
mods/heroes.stormmod/enus.stormassets/localizeddata/sounds/vo/stukovbase_no03.ogg	979e5ffb53d63c54fdd9933ee839a7a9	19367
mods/heroes.stormmod/enus.stormassets/localizeddata/sounds/vo/stukovbase_ping_assisthero00.fxe	353103f3035cbba0d74d0f81ba90a31f	1841
mods/heroes.stormmod/enus.stormassets/localizeddata/sounds/vo/stukovbase_ping_assisthero00.ogg	ef8edfe8eabcd09d70a85e5acaa5f974	24212
mods/heroes.stormmod/enus.stormassets/localizeddata/sounds/vo/stukovbase_ping_assistme00.fxe	9a5135b8bfa6b9f2be883a131faa6bf1	1663
mods/heroes.stormmod/enus.stormassets/localizeddata/sounds/vo/stukovbase_ping_assistme00.ogg	81cdadcb3ace48d8c74208b1e63a6eb7	21839
mods/heroes.stormmod/enus.stormassets/localizeddata/sounds/vo/stukovbase_ping_assistme01.fxe	bb50cb97bc7e15ea151362dde155bc66	1999
mods/heroes.stormmod/enus.stormassets/localizeddata/sounds/vo/stukovbase_ping_assistme01.ogg	9c29dc0b162060ddcba7c30554f37a6f	26510
mods/heroes.stormmod/enus.stormassets/localizeddata/sounds/vo/stukovbase_ping_attackcastle00.fxe	3e1257cee062a73e8bac4846da6d3168	1875
mods/heroes.stormmod/enus.stormassets/localizeddata/sounds/vo/stukovbase_ping_attackcastle00.ogg	e08c5947089ff7d31949cc781cbe4a15	21866
mods/heroes.stormmod/enus.stormassets/localizeddata/sounds/vo/stukovbase_ping_attackmerc00.fxe	7074a122a506f555302ea210ed4970bc	2849
mods/heroes.stormmod/enus.stormassets/localizeddata/sounds/vo/stukovbase_ping_attackmerc00.ogg	5e2c7e69b54d6682d511d827150ecd67	43272
mods/heroes.stormmod/enus.stormassets/localizeddata/sounds/vo/stukovbase_ping_attackoutpost00.fxe	1c6aa21ff2c1007f416ec967f3a12214	2164
mods/heroes.stormmod/enus.stormassets/localizeddata/sounds/vo/stukovbase_ping_attackoutpost00.ogg	4fd2ee166f664d2fd554106ac2996c1f	26523
mods/heroes.stormmod/enus.stormassets/localizeddata/sounds/vo/stukovbase_ping_attacktower00.fxe	f0b98b81ddbfa2aba5cb1dc272c6bb3e	3730
mods/heroes.stormmod/enus.stormassets/localizeddata/sounds/vo/stukovbase_ping_attacktower00.ogg	858493581d177d447de1a657123c1b8b	42975
mods/heroes.stormmod/enus.stormassets/localizeddata/sounds/vo/stukovbase_ping_defendcastle00.fxe	820637f1225b856d50a2f7ffa9a1e183	1523
mods/heroes.stormmod/enus.stormassets/localizeddata/sounds/vo/stukovbase_ping_defendcastle00.ogg	067756a4d57e1906b0cde99c1330c2b6	20909
mods/heroes.stormmod/enus.stormassets/localizeddata/sounds/vo/stukovbase_ping_defendoutpost00.fxe	53b714265f7925065cf6588d45c20028	2420
mods/heroes.stormmod/enus.stormassets/localizeddata/sounds/vo/stukovbase_ping_defendoutpost00.ogg	6e69ab5e59da522faba67b92c6ec22c5	30747
mods/heroes.stormmod/enus.stormassets/localizeddata/sounds/vo/stukovbase_ping_defendtower00.fxe	a992f855bddd66311ee6f322494eaeac	1666
mods/heroes.stormmod/enus.stormassets/localizeddata/sounds/vo/stukovbase_ping_defendtower00.ogg	045ef5047392bcdb8647db2021c219fd	23562
mods/heroes.stormmod/enus.stormassets/localizeddata/sounds/vo/stukovbase_ping_killhero00.fxe	f724bd1e76a73db99b0c826dc81bfc5e	3071
mods/heroes.stormmod/enus.stormassets/localizeddata/sounds/vo/stukovbase_ping_killhero00.ogg	2f0b7e908c18ed8c5547b9a46994f52c	40971
mods/heroes.stormmod/enus.stormassets/localizeddata/sounds/vo/stukovbase_pissed00.fxe	716ba9a54248fead7be4b56a95c1713d	1155
mods/heroes.stormmod/enus.stormassets/localizeddata/sounds/vo/stukovbase_pissed00.ogg	2849d2332b969fa5684fa540c5b67f09	23048
mods/heroes.stormmod/enus.stormassets/localizeddata/sounds/vo/stukovbase_pissed01.fxe	1560f2ee97def538118b482960254f81	1955
mods/heroes.stormmod/enus.stormassets/localizeddata/sounds/vo/stukovbase_pissed01.ogg	e4c882d780363e8f5e65b97973050642	28880
mods/heroes.stormmod/enus.stormassets/localizeddata/sounds/vo/stukovbase_pissed02.fxe	91487c99840bee577f431c7847824dd0	2595
mods/heroes.stormmod/enus.stormassets/localizeddata/sounds/vo/stukovbase_pissed02.ogg	1ec7a84bf903264df5079e6a195cfe00	42410
mods/heroes.stormmod/enus.stormassets/localizeddata/sounds/vo/stukovbase_pissed03.fxe	4b98a0a18a444b7de33828fbf7f5692b	4243
mods/heroes.stormmod/enus.stormassets/localizeddata/sounds/vo/stukovbase_pissed03.ogg	0b9479d520faab6d04193c428f9cc2ae	65967
mods/heroes.stormmod/enus.stormassets/localizeddata/sounds/vo/stukovbase_pissed04.fxe	8b003dabfb2811da8deeb446f933882b	2563
mods/heroes.stormmod/enus.stormassets/localizeddata/sounds/vo/stukovbase_pissed04.ogg	40240af7ab907732aa03123bcdf687b5	54532
mods/heroes.stormmod/enus.stormassets/localizeddata/sounds/vo/stukovbase_pissed05.fxe	7b8d94e1d7943a26159373ac70cdcfa0	3347
mods/heroes.stormmod/enus.stormassets/localizeddata/sounds/vo/stukovbase_pissed05.ogg	8cf43342d8c21ee82963716b169a76bd	65052
mods/heroes.stormmod/enus.stormassets/localizeddata/sounds/vo/stukovbase_pissed06.fxe	87409f87e849cfbd514809f83fca0bac	2883
mods/heroes.stormmod/enus.stormassets/localizeddata/sounds/vo/stukovbase_pissed06.ogg	238742c77a7f1f7351d28cf6623c82d2	50575
mods/heroes.stormmod/enus.stormassets/localizeddata/sounds/vo/stukovbase_pissed07.fxe	015590a06da941d749e64908f2303a39	2835
mods/heroes.stormmod/enus.stormassets/localizeddata/sounds/vo/stukovbase_pissed07.ogg	3f0a14c41df818de3359fed921b07be0	69499
mods/heroes.stormmod/enus.stormassets/localizeddata/sounds/vo/stukovbase_pissed08.fxe	6d8e8935d774f5a3d7b69380297569d6	4371
mods/heroes.stormmod/enus.stormassets/localizeddata/sounds/vo/stukovbase_pissed08.ogg	9378649fabe51943ac499858ee8f9840	81218
mods/heroes.stormmod/enus.stormassets/localizeddata/sounds/vo/stukovbase_pissed09.fxe	d009d4a5de64fee8fe1b1cedee58e9ee	4787
mods/heroes.stormmod/enus.stormassets/localizeddata/sounds/vo/stukovbase_pissed09.ogg	c121004e372c4ea4ebffd50983de78c4	112168
mods/heroes.stormmod/enus.stormassets/localizeddata/sounds/vo/stukovbase_pissed10.fxe	341f4cafeb5d99d7b9dea35659c00c20	3587
mods/heroes.stormmod/enus.stormassets/localizeddata/sounds/vo/stukovbase_pissed10.ogg	a86292403e1c89f0f178d1200bc8ebfa	68830
mods/heroes.stormmod/enus.stormassets/localizeddata/sounds/vo/stukovbase_pissed11.fxe	ca0df1ae47f3b7b9aa5508d8e358f226	3027
mods/heroes.stormmod/enus.stormassets/localizeddata/sounds/vo/stukovbase_pissed11.ogg	9cdb6fa0be2fb55d108b974ef463a46c	53778
mods/heroes.stormmod/enus.stormassets/localizeddata/sounds/vo/stukovbase_pissed12.fxe	e70218f16d62478a60dca9698546c029	3699
mods/heroes.stormmod/enus.stormassets/localizeddata/sounds/vo/stukovbase_pissed12.ogg	1243ec1884b97619ec4bfb47849c6101	72563
mods/heroes.stormmod/enus.stormassets/localizeddata/sounds/vo/stukovbase_pissed13.fxe	18651b519a6ec76c1d7d520c2c90a7dc	3240
mods/heroes.stormmod/enus.stormassets/localizeddata/sounds/vo/stukovbase_pissed13.ogg	f97eae9dda078fe9c9177bae08bcf270	54455
mods/heroes.stormmod/enus.stormassets/localizeddata/sounds/vo/stukovbase_pissed14.fxe	bec9d73461cf6576f6c36eb8bac7f723	7576
mods/heroes.stormmod/enus.stormassets/localizeddata/sounds/vo/stukovbase_pissed14.ogg	885317eadcf21c95fac0bd5b4060ee4a	105384
mods/heroes.stormmod/enus.stormassets/localizeddata/sounds/vo/stukovbase_resurrected00.fxe	b730fea09f18e55c8863f96fd1b22917	2093
mods/heroes.stormmod/enus.stormassets/localizeddata/sounds/vo/stukovbase_resurrected00.ogg	53de2d05548ae23d35f6bc89b1881272	32232
mods/heroes.stormmod/enus.stormassets/localizeddata/sounds/vo/stukovbase_resurrected01.fxe	9b3d39f6af6f86c8a7346acd111afb43	1293
mods/heroes.stormmod/enus.stormassets/localizeddata/sounds/vo/stukovbase_resurrected01.ogg	8567064c2ee60632a4b8ba4d80a796d4	18964
mods/heroes.stormmod/enus.stormassets/localizeddata/sounds/vo/stukovbase_resurrected02.fxe	6efd8c4410f8e11b1136127739f4ec29	2061
mods/heroes.stormmod/enus.stormassets/localizeddata/sounds/vo/stukovbase_resurrected02.ogg	c4662157641295c2e87f38eea48282f8	42155
mods/heroes.stormmod/enus.stormassets/localizeddata/sounds/vo/stukovbase_revive00.fxe	f07edf77d813a1f31a62622ce05361a6	1672
mods/heroes.stormmod/enus.stormassets/localizeddata/sounds/vo/stukovbase_revive00.ogg	9bf0eb9b3aa8f07d5d44984ceee91abb	31112
mods/heroes.stormmod/enus.stormassets/localizeddata/sounds/vo/stukovbase_revive01.fxe	be07effdcb46c571a8bb259067142313	1448
mods/heroes.stormmod/enus.stormassets/localizeddata/sounds/vo/stukovbase_revive01.ogg	abbb3b250b42500ac0e6df3a230ac9d3	26021
mods/heroes.stormmod/enus.stormassets/localizeddata/sounds/vo/stukovbase_revive02.fxe	9effef7df81b8eb757c394e9d97a83e7	1192
mods/heroes.stormmod/enus.stormassets/localizeddata/sounds/vo/stukovbase_revive02.ogg	e4b75d6fc5b8086f7c574ab8a4e2dd4d	37405
mods/heroes.stormmod/enus.stormassets/localizeddata/sounds/vo/stukovbase_revive03.fxe	cfa87cb8f219ac129c7170e5455a6b19	2648
mods/heroes.stormmod/enus.stormassets/localizeddata/sounds/vo/stukovbase_revive03.ogg	5487877bf1641518e565a20733b65203	46315
mods/heroes.stormmod/enus.stormassets/localizeddata/sounds/vo/stukovbase_spec00.fxe	57e76a56f1f10b858a03dac11efeb534	1366
mods/heroes.stormmod/enus.stormassets/localizeddata/sounds/vo/stukovbase_spec00.ogg	094a81b819b2ef6d01a952aa707698ed	24737
mods/heroes.stormmod/enus.stormassets/localizeddata/sounds/vo/stukovbase_spec01.fxe	c85754045642463b038483764e1b65ed	1638
mods/heroes.stormmod/enus.stormassets/localizeddata/sounds/vo/stukovbase_spec01.ogg	5086811c2717c9add2608c39e5fb9d3e	26603
mods/heroes.stormmod/enus.stormassets/localizeddata/sounds/vo/stukovbase_spec02.fxe	47b6457e6ca30b933ab057f747832752	2598
mods/heroes.stormmod/enus.stormassets/localizeddata/sounds/vo/stukovbase_spec02.ogg	9fd6d1fd07e1399884ffd70c9d9a774f	41036
mods/heroes.stormmod/enus.stormassets/localizeddata/sounds/vo/stukovbase_spec03.fxe	9726ffb13d59bd2e28ff1c86bc7f89b9	2550
mods/heroes.stormmod/enus.stormassets/localizeddata/sounds/vo/stukovbase_spec03.ogg	336a5500744917d577c930350770deac	38086
mods/heroes.stormmod/enus.stormassets/localizeddata/sounds/vo/stukovbase_spec04.fxe	861edd39df595547edf7db3445d5f9a1	2438
mods/heroes.stormmod/enus.stormassets/localizeddata/sounds/vo/stukovbase_spec04.ogg	03ab6732fc328398a03d934b687dce16	33108
mods/heroes.stormmod/enus.stormassets/localizeddata/sounds/vo/stukovbase_taunt00.fxe	7b718da1d068ff86cd5391f64155a488	2743
mods/heroes.stormmod/enus.stormassets/localizeddata/sounds/vo/stukovbase_taunt00.ogg	46d477ff97e5544b5e903e4bb8390540	37286
mods/heroes.stormmod/enus.stormassets/localizeddata/sounds/vo/stukovbase_taunt01.fxe	44ffe3b0ab4537a025ea2f2e1ae70e1c	2871
mods/heroes.stormmod/enus.stormassets/localizeddata/sounds/vo/stukovbase_taunt01.ogg	3518fff946263e2f59e4ad95e08bd703	35898
mods/heroes.stormmod/enus.stormassets/localizeddata/sounds/vo/stukovbase_taunt02.fxe	51b384d367b9b693b4c42d0e81b4837a	2647
mods/heroes.stormmod/enus.stormassets/localizeddata/sounds/vo/stukovbase_taunt02.ogg	785664d3498822f998a72ebe522bf994	47112
mods/heroes.stormmod/enus.stormassets/localizeddata/sounds/vo/stukovbase_teamkilled00.fxe	c092e635efce04aceba1ee94c139aaa0	3324
mods/heroes.stormmod/enus.stormassets/localizeddata/sounds/vo/stukovbase_teamkilled00.ogg	12db57d2792e20c80497062d41291b63	42904
mods/heroes.stormmod/enus.stormassets/localizeddata/sounds/vo/stukovbase_ui_exlocked00.fxe	f7cfa8b8212b94988ca423b130597403	1400
mods/heroes.stormmod/enus.stormassets/localizeddata/sounds/vo/stukovbase_ui_exlocked00.ogg	909ef6e8da730088a0b13cfad859f67f	24855
mods/heroes.stormmod/enus.stormassets/localizeddata/sounds/vo/stukovbase_ui_expurchased00.fxe	e298346de9f2a619fc2a0ef939d31ebf	1499
mods/heroes.stormmod/enus.stormassets/localizeddata/sounds/vo/stukovbase_ui_expurchased00.ogg	e95d87bb32c2ff12b3eede527ab37a72	24619
mods/heroes.stormmod/enus.stormassets/localizeddata/sounds/vo/stukovbase_ui_gift00.fxe	24025613ec2abd06a4e60aed02ee7d72	1849
mods/heroes.stormmod/enus.stormassets/localizeddata/sounds/vo/stukovbase_ui_gift00.ogg	28a29707d13b4c8b2cb85e7d96b2e7aa	31355
mods/heroes.stormmod/enus.stormassets/localizeddata/sounds/vo/stukovbase_ui_lockin00.fxe	c37a1fa44f18b9983a97bcf2d08f0b22	1686
mods/heroes.stormmod/enus.stormassets/localizeddata/sounds/vo/stukovbase_ui_lockin00.ogg	85c41c0ced3217a871e0bc656084a75f	24628
mods/heroes.stormmod/enus.stormassets/localizeddata/sounds/vo/stukovbase_ui_purchase00.fxe	cda3ed74e823fab5f9d861326db7d805	1464
mods/heroes.stormmod/enus.stormassets/localizeddata/sounds/vo/stukovbase_ui_purchase00.ogg	37ce731bcae8e587c8034eb3a09d439e	30092
mods/heroes.stormmod/enus.stormassets/localizeddata/sounds/vo/stukovbase_ui_trial00.fxe	9da5ea19fe9425b68cac4d00212c7a7f	2010
mods/heroes.stormmod/enus.stormassets/localizeddata/sounds/vo/stukovbase_ui_trial00.ogg	7eaf897a09554d3c769fa21ccb5c2c30	30684
mods/heroes.stormmod/enus.stormassets/localizeddata/sounds/vo/stukovbase_ui_trial01.fxe	810410884589ab695675e7a946fb92e8	1226
mods/heroes.stormmod/enus.stormassets/localizeddata/sounds/vo/stukovbase_ui_trial01.ogg	00e962db0b5f97a050f6b5af5bceaa04	22607
mods/heroes.stormmod/enus.stormassets/localizeddata/sounds/vo/stukovbase_ui_vox_spun03.fxe	cc2d6b23fdc0f1856be0b1bddc7c8643	1341
mods/heroes.stormmod/enus.stormassets/localizeddata/sounds/vo/stukovbase_ui_vox_spun03.ogg	30d1675429f61715a6ff5f31f4ee2aa1	19502
mods/heroes.stormmod/enus.stormassets/localizeddata/sounds/vo/stukovbase_ui_vox_spun04.fxe	a229fccdbde8aeb2f12d28d735c2fa2e	1437
mods/heroes.stormmod/enus.stormassets/localizeddata/sounds/vo/stukovbase_ui_vox_spun04.ogg	e4df4d037fff28d28c8327b6f41104f2	21700
mods/heroes.stormmod/enus.stormassets/localizeddata/sounds/vo/stukovbase_ui_vox_spun05.fxe	ab18a0fb02623cfac6880b44072a3f5d	1485
mods/heroes.stormmod/enus.stormassets/localizeddata/sounds/vo/stukovbase_ui_vox_spun05.ogg	099178fcffe5875860d6becdaf95cac9	20262
mods/heroes.stormmod/enus.stormassets/localizeddata/sounds/vo/stukovbase_ui_vox_spun06.fxe	0b8a3f9bc77ddddd230544b1a39aeb5e	1581
mods/heroes.stormmod/enus.stormassets/localizeddata/sounds/vo/stukovbase_ui_vox_spun06.ogg	e6c73604837d9fdff0746ab4d6470660	23035
mods/heroes.stormmod/enus.stormassets/localizeddata/sounds/vo/stukovbase_ui_waitlocked00.fxe	83f7b78e4b9d6a057a2305eb75b4c09e	2138
mods/heroes.stormmod/enus.stormassets/localizeddata/sounds/vo/stukovbase_ui_waitlocked00.ogg	13260fa89a0450ddda645b16c706c0bd	38558
mods/heroes.stormmod/enus.stormassets/localizeddata/sounds/vo/stukovbase_ui_waitlocked01.fxe	3b5618bfe315c099da7954fd5e989df7	2826
mods/heroes.stormmod/enus.stormassets/localizeddata/sounds/vo/stukovbase_ui_waitlocked01.ogg	5959a4200f0496e34c9f43b27510d493	39358
mods/heroes.stormmod/enus.stormassets/localizeddata/sounds/vo/stukovbase_ui_waitpurchased00.fxe	5d57439755b7304b899697400db49f84	4029
mods/heroes.stormmod/enus.stormassets/localizeddata/sounds/vo/stukovbase_ui_waitpurchased00.ogg	a0b55e3520af8c3e6a621b07d01c7a58	84386
mods/heroes.stormmod/enus.stormassets/localizeddata/sounds/vo/stukovbase_ui_waitpurchased01.fxe	c259f4c475ceff469ff4745ed1e03a3f	2909
mods/heroes.stormmod/enus.stormassets/localizeddata/sounds/vo/stukovbase_ui_waitpurchased01.ogg	36019355eca1b05e32764b36314da69f	61565
mods/heroes.stormmod/enus.stormassets/localizeddata/sounds/vo/stukovbase_ultimate1used00.fxe	b9ce2dd9dc3484adb2c7f011bf00bbea	1359
mods/heroes.stormmod/enus.stormassets/localizeddata/sounds/vo/stukovbase_ultimate1used00.ogg	86de1c5f7c11e3ace4a37a36cac3e115	24308
mods/heroes.stormmod/enus.stormassets/localizeddata/sounds/vo/stukovbase_ultimate1used01.fxe	09ab499e61177cd8f8e1b3c09013f37a	1631
mods/heroes.stormmod/enus.stormassets/localizeddata/sounds/vo/stukovbase_ultimate1used01.ogg	46e317b27cd86ea5c0753aff3be573f6	28933
mods/heroes.stormmod/enus.stormassets/localizeddata/sounds/vo/stukovbase_ultimate1used02.fxe	13194e5bb792ee34c1fb210525843af6	1551
mods/heroes.stormmod/enus.stormassets/localizeddata/sounds/vo/stukovbase_ultimate1used02.ogg	ac932d5ad26ebf3c49b67214cb527134	31638
mods/heroes.stormmod/enus.stormassets/localizeddata/sounds/vo/stukovbase_ultimate1usedenemy00.fxe	8ce7099f957d4680da172e9dbb84d867	1060
mods/heroes.stormmod/enus.stormassets/localizeddata/sounds/vo/stukovbase_ultimate1usedenemy00.ogg	891df034ff0fac38029e0932e2c63087	16332
mods/heroes.stormmod/enus.stormassets/localizeddata/sounds/vo/stukovbase_ultimate2used00.fxe	29d582be3dcb6035c8d8f6f74f6bdaea	1551
mods/heroes.stormmod/enus.stormassets/localizeddata/sounds/vo/stukovbase_ultimate2used00.ogg	bfb40f408e361fa7ef357e7d05dde52e	28118
mods/heroes.stormmod/enus.stormassets/localizeddata/sounds/vo/stukovbase_ultimate2used01.fxe	86ff46e9eedf9044caff68ff03ce3172	1311
mods/heroes.stormmod/enus.stormassets/localizeddata/sounds/vo/stukovbase_ultimate2used01.ogg	a985ace00b1b9e1ed98cddc9a98b175e	21415
mods/heroes.stormmod/enus.stormassets/localizeddata/sounds/vo/stukovbase_ultimate2used02.fxe	3e446ba4f5b71ca0e43d02e83e10b6a9	2015
mods/heroes.stormmod/enus.stormassets/localizeddata/sounds/vo/stukovbase_ultimate2used02.ogg	1c4afd7f301d8accfe39b7c69d447717	28484
mods/heroes.stormmod/enus.stormassets/localizeddata/sounds/vo/stukovbase_ultimate2usedenemy00.fxe	e4933e97e5d9a2dcbb8bfa5bd634ce88	1684
mods/heroes.stormmod/enus.stormassets/localizeddata/sounds/vo/stukovbase_ultimate2usedenemy00.ogg	517a4d4145c3fb6455565c6edfc0d8b0	22885
mods/heroes.stormmod/enus.stormassets/localizeddata/sounds/vo/stukovbase_voicelinefive00.fxe	e8136ddac93eac1546c9007594103ce3	2047
mods/heroes.stormmod/enus.stormassets/localizeddata/sounds/vo/stukovbase_voicelinefive00.ogg	db4bfbea3173948a5c0874aaf19acf78	35974
mods/heroes.stormmod/enus.stormassets/localizeddata/sounds/vo/stukovbase_voicelinefour00.fxe	1da498c8151dcda7ae065e56f03b21ff	1887
mods/heroes.stormmod/enus.stormassets/localizeddata/sounds/vo/stukovbase_voicelinefour00.ogg	67f676f1d6863ff68556441d430251b6	29587
mods/heroes.stormmod/enus.stormassets/localizeddata/sounds/vo/stukovbase_voicelineone00.fxe	3d7e041bb57dbf64deffbd0bc3b0fa87	2078
mods/heroes.stormmod/enus.stormassets/localizeddata/sounds/vo/stukovbase_voicelineone00.ogg	3983fd78823aea9ffd05172ec1e57b94	37493
mods/heroes.stormmod/enus.stormassets/localizeddata/sounds/vo/stukovbase_voicelinethree.fxe	afb2a9b6fd10242827c9ed67aff8a21f	1998
mods/heroes.stormmod/enus.stormassets/localizeddata/sounds/vo/stukovbase_voicelinethree.ogg	0b5d9b7cdc8f735d40fca6619f512d3b	41043
mods/heroes.stormmod/enus.stormassets/localizeddata/sounds/vo/stukovbase_voicelinetwo00.fxe	d75dae05687f7bf9eb8d2c18911f7408	2286
mods/heroes.stormmod/enus.stormassets/localizeddata/sounds/vo/stukovbase_voicelinetwo00.ogg	db212273be89cf584dcb7ad5cc94e3c4	35410
mods/heroes.stormmod/enus.stormassets/localizeddata/sounds/vo/stukovbase_vox_attack02.fxe	94ed41786e7117efc0cb4c68090f65ce	1020
mods/heroes.stormmod/enus.stormassets/localizeddata/sounds/vo/stukovbase_vox_attack02.ogg	67d405d74794a37f202c6c937140cec9	12024
mods/heroes.stormmod/enus.stormassets/localizeddata/sounds/vo/stukovbase_vox_attack03.fxe	65098ea1a0e423b8a3aab9ea3fbc77e5	1324
mods/heroes.stormmod/enus.stormassets/localizeddata/sounds/vo/stukovbase_vox_attack03.ogg	753503442643b1280e5831939b456312	13552
mods/heroes.stormmod/enus.stormassets/localizeddata/sounds/vo/stukovbase_vox_attack04.fxe	67947698f4264de4f5326173d53dc581	1068
mods/heroes.stormmod/enus.stormassets/localizeddata/sounds/vo/stukovbase_vox_attack04.ogg	0f2a24961c24b451b9c61dec1c57e00e	13424
mods/heroes.stormmod/enus.stormassets/localizeddata/sounds/vo/stukovbase_vox_attack05.fxe	e90e76a5ab855f0e0618f87586eacc3c	1308
mods/heroes.stormmod/enus.stormassets/localizeddata/sounds/vo/stukovbase_vox_attack05.ogg	63fcdc897b468a4a23b9fed198f27cfc	13088
mods/heroes.stormmod/enus.stormassets/localizeddata/sounds/vo/stukovbase_vox_attack06.fxe	565e1bb43f2aa3fc053d711f02e243db	956
mods/heroes.stormmod/enus.stormassets/localizeddata/sounds/vo/stukovbase_vox_attack06.ogg	ce717db90118cfa483d20ad5a69274b7	13249
mods/heroes.stormmod/enus.stormassets/localizeddata/sounds/vo/stukovbase_vox_attack07.fxe	bf8aaa2b7896e30ac2bbcd670e0bc9f7	1020
mods/heroes.stormmod/enus.stormassets/localizeddata/sounds/vo/stukovbase_vox_attack07.ogg	f7b9a5f335120bf50dad94a7fc4b8d2c	12473
mods/heroes.stormmod/enus.stormassets/localizeddata/sounds/vo/stukovbase_vox_attack08.fxe	d09d3370ff6773a82269f48e8f2e2617	1132
mods/heroes.stormmod/enus.stormassets/localizeddata/sounds/vo/stukovbase_vox_attack08.ogg	80fee88950ec0e657b6896c4efc5a7eb	13855
mods/heroes.stormmod/enus.stormassets/localizeddata/sounds/vo/stukovbase_vox_attack09.fxe	304f81fb3cfc73f109791d62921b17c6	1084
mods/heroes.stormmod/enus.stormassets/localizeddata/sounds/vo/stukovbase_vox_attack09.ogg	dd5149a5f06c9898127a8d69df25cc9f	12642
mods/heroes.stormmod/enus.stormassets/localizeddata/sounds/vo/stukovbase_vox_attackmelee00.fxe	23d7d7fd3b19c77ce418cf8dedfda37d	1457
mods/heroes.stormmod/enus.stormassets/localizeddata/sounds/vo/stukovbase_vox_attackmelee00.ogg	aa9a6a4f3fbbcce0e37b03a7dc1d67d0	19220
mods/heroes.stormmod/enus.stormassets/localizeddata/sounds/vo/stukovbase_vox_attackmelee01.fxe	157f72ce050544a6a130d76259ee0a09	1233
mods/heroes.stormmod/enus.stormassets/localizeddata/sounds/vo/stukovbase_vox_attackmelee01.ogg	b38b0bb576450bcea0f8d3805ec1c362	18922
mods/heroes.stormmod/enus.stormassets/localizeddata/sounds/vo/stukovbase_vox_attackmelee02.fxe	35f901066c018a30b3b52f7b2d1a2198	1905
mods/heroes.stormmod/enus.stormassets/localizeddata/sounds/vo/stukovbase_vox_attackmelee02.ogg	4300823804f303303dace3125607e025	17000
mods/heroes.stormmod/enus.stormassets/localizeddata/sounds/vo/stukovbase_vox_attackmelee03.fxe	076e67baa63c247affe90dedf02048a7	1041
mods/heroes.stormmod/enus.stormassets/localizeddata/sounds/vo/stukovbase_vox_attackmelee03.ogg	4b761f34b83f9cea72b1c626a1e75c5d	12505
mods/heroes.stormmod/enus.stormassets/localizeddata/sounds/vo/stukovbase_vox_attackmelee04.fxe	8e529a012ce50e44c7a4bdbfa8e6d36b	1313
mods/heroes.stormmod/enus.stormassets/localizeddata/sounds/vo/stukovbase_vox_attackmelee04.ogg	c5d4746e3417a7dbc53a3aa073df4d5a	12794
mods/heroes.stormmod/enus.stormassets/localizeddata/sounds/vo/stukovbase_vox_attackmelee05.fxe	db62b2be70412d185b6e7586d04d270f	1361
mods/heroes.stormmod/enus.stormassets/localizeddata/sounds/vo/stukovbase_vox_attackmelee05.ogg	409c458cf177eacfa6f13dc308ec204a	16195
mods/heroes.stormmod/enus.stormassets/localizeddata/sounds/vo/stukovbase_vox_attackmelee06.fxe	30fadce9ce9f45b18af8eaad5a897a2b	1313
mods/heroes.stormmod/enus.stormassets/localizeddata/sounds/vo/stukovbase_vox_attackmelee06.ogg	3c66425e0622921364336a2eec278bba	15704
mods/heroes.stormmod/enus.stormassets/localizeddata/sounds/vo/stukovbase_vox_attackmelee07.fxe	a4e4fae76f850e968bfa637ad7224e63	1585
mods/heroes.stormmod/enus.stormassets/localizeddata/sounds/vo/stukovbase_vox_attackmelee07.ogg	4d96cfc1efffc0f0b3097f9c4f553f4e	16879
mods/heroes.stormmod/enus.stormassets/localizeddata/sounds/vo/stukovbase_vox_attackmelee08.fxe	d32fd9dc4e558f453dc630e83cac9541	1105
mods/heroes.stormmod/enus.stormassets/localizeddata/sounds/vo/stukovbase_vox_attackmelee08.ogg	3a9a12073962386ae9931f69eb1580d0	13765
mods/heroes.stormmod/enus.stormassets/localizeddata/sounds/vo/stukovbase_vox_attackmelee09.fxe	bd65d83a8b4c6ce2a7c1990ddd528a52	1073
mods/heroes.stormmod/enus.stormassets/localizeddata/sounds/vo/stukovbase_vox_attackmelee09.ogg	c75fc48e3508005c60ae203b7e51333c	15475
mods/heroes.stormmod/enus.stormassets/localizeddata/sounds/vo/stukovbase_vox_attackmelee10.fxe	50b57e65c56283e0d02f350d2ddb9f29	1185
mods/heroes.stormmod/enus.stormassets/localizeddata/sounds/vo/stukovbase_vox_attackmelee10.ogg	62dfc5c50fa8f60b5bdd6698d7511627	14840
mods/heroes.stormmod/enus.stormassets/localizeddata/sounds/vo/stukovbase_vox_attackmelee11.fxe	322699b4c84c11e3af3193799bf611f7	1057
mods/heroes.stormmod/enus.stormassets/localizeddata/sounds/vo/stukovbase_vox_attackmelee11.ogg	43b771ea4ed0c35c83efd5ff7812c8d3	12954
mods/heroes.stormmod/enus.stormassets/localizeddata/sounds/vo/stukovbase_vox_attackmelee12.fxe	c6be3db613c653375ee3745e6963bee9	1217
mods/heroes.stormmod/enus.stormassets/localizeddata/sounds/vo/stukovbase_vox_attackmelee12.ogg	1fa738dd1c5b4bfc84e55e2e3cb4d5d6	13365
mods/heroes.stormmod/enus.stormassets/localizeddata/sounds/vo/stukovbase_vox_attackmelee13.fxe	bcbfc7e915c494b91d014c59f57fe513	1105
mods/heroes.stormmod/enus.stormassets/localizeddata/sounds/vo/stukovbase_vox_attackmelee13.ogg	e95ac013600de495c1a745ca97a38ed1	11851
mods/heroes.stormmod/enus.stormassets/localizeddata/sounds/vo/stukovbase_vox_attackmelee14.fxe	c4cd9f72f3ab0181eb6c2e05b8518043	1169
mods/heroes.stormmod/enus.stormassets/localizeddata/sounds/vo/stukovbase_vox_attackmelee14.ogg	df701fc6b91a5f91043cca8fa8ed8aef	13734
mods/heroes.stormmod/enus.stormassets/localizeddata/sounds/vo/stukovbase_vox_attackmelee15.fxe	46ee4bc057225e5d7fc2eff6e3bab13d	1121
mods/heroes.stormmod/enus.stormassets/localizeddata/sounds/vo/stukovbase_vox_attackmelee15.ogg	bc7459ddad94dc7c76bc220a48f9c5ae	13000
mods/heroes.stormmod/enus.stormassets/localizeddata/sounds/vo/stukovbase_vox_attackmelee16.fxe	44db35a551baa6ad378d1b837ec0f8c5	1057
mods/heroes.stormmod/enus.stormassets/localizeddata/sounds/vo/stukovbase_vox_attackmelee16.ogg	35ca179cf9d5e081b41dc40b3948beb6	13797
mods/heroes.stormmod/enus.stormassets/localizeddata/sounds/vo/stukovbase_vox_attackmelee17.fxe	1432b55ed962a31da5a926395ffe02be	1025
mods/heroes.stormmod/enus.stormassets/localizeddata/sounds/vo/stukovbase_vox_attackmelee17.ogg	528a2bda606b2209ea72c815c50e4a3e	13026
mods/heroes.stormmod/enus.stormassets/localizeddata/sounds/vo/stukovbase_vox_castinge00.fxe	e9c82beb0ebd37fa7c20c66ef5e7f704	1646
mods/heroes.stormmod/enus.stormassets/localizeddata/sounds/vo/stukovbase_vox_castinge00.ogg	29ed73d7252d73d1332bd86ae9d8a889	21994
mods/heroes.stormmod/enus.stormassets/localizeddata/sounds/vo/stukovbase_vox_castinge01.fxe	18fffab4217ab58c42012378d7c17806	1582
mods/heroes.stormmod/enus.stormassets/localizeddata/sounds/vo/stukovbase_vox_castinge01.ogg	5cb7ab95ccb6d1bfc6fec1c1502de4b7	21192
mods/heroes.stormmod/enus.stormassets/localizeddata/sounds/vo/stukovbase_vox_castinge02.fxe	e49be8cc53ef2839aacac3dcf662490f	1454
mods/heroes.stormmod/enus.stormassets/localizeddata/sounds/vo/stukovbase_vox_castinge02.ogg	9842f8bfa7d19230f4930d162de86b1e	19492
mods/heroes.stormmod/enus.stormassets/localizeddata/sounds/vo/stukovbase_vox_castinge03.fxe	698d24e7e4b06b5dd3edc83338c7ace6	1646
mods/heroes.stormmod/enus.stormassets/localizeddata/sounds/vo/stukovbase_vox_castinge03.ogg	5c3ea2e29061b643b772ea7225e5506a	23168
mods/heroes.stormmod/enus.stormassets/localizeddata/sounds/vo/stukovbase_vox_castinge04.fxe	99b27326167a0d8eb24dbea9b9befaf7	1758
mods/heroes.stormmod/enus.stormassets/localizeddata/sounds/vo/stukovbase_vox_castinge04.ogg	d88e4ad5f974b83adde383d976bfc58f	20622
mods/heroes.stormmod/enus.stormassets/localizeddata/sounds/vo/stukovbase_vox_castinge05.fxe	4aef02d9b547df3e4f25f2ecf2ed0c4d	1854
mods/heroes.stormmod/enus.stormassets/localizeddata/sounds/vo/stukovbase_vox_castinge05.ogg	5bea24c7cc286a39166c81b8b64b0306	21891
mods/heroes.stormmod/enus.stormassets/localizeddata/sounds/vo/stukovbase_vox_castinge06.fxe	fe6c203cf7ff0578576cfb676c6b8636	1870
mods/heroes.stormmod/enus.stormassets/localizeddata/sounds/vo/stukovbase_vox_castinge06.ogg	11c6d8d790eed201cc0f994ec429a64d	24313
mods/heroes.stormmod/enus.stormassets/localizeddata/sounds/vo/stukovbase_vox_castinge07.fxe	0198eba8a193a4d4c159a8c158aa885d	1790
mods/heroes.stormmod/enus.stormassets/localizeddata/sounds/vo/stukovbase_vox_castinge07.ogg	7669a1249efe39dcfec8b6c5f89ad8bb	24553
mods/heroes.stormmod/enus.stormassets/localizeddata/sounds/vo/stukovbase_vox_castinge08.fxe	7536d5b0838d37a1abebc9dda1207f14	1454
mods/heroes.stormmod/enus.stormassets/localizeddata/sounds/vo/stukovbase_vox_castinge08.ogg	e0df5162033a2fb7aa6d13ee22999494	18677
mods/heroes.stormmod/enus.stormassets/localizeddata/sounds/vo/stukovbase_vox_castinge09.fxe	65d1df533d38f46f7f1be30d093fc3d0	1678
mods/heroes.stormmod/enus.stormassets/localizeddata/sounds/vo/stukovbase_vox_castinge09.ogg	227ed5f27d346756c708948a9dba2b47	22963
mods/heroes.stormmod/enus.stormassets/localizeddata/sounds/vo/stukovbase_vox_castingecancel00.fxe	0c629dac6d0c77711abdfa539b084f63	1188
mods/heroes.stormmod/enus.stormassets/localizeddata/sounds/vo/stukovbase_vox_castingecancel00.ogg	29bdadcf8f048edf799796fa264442ae	12943
mods/heroes.stormmod/enus.stormassets/localizeddata/sounds/vo/stukovbase_vox_castingecancel01.fxe	45da2f083ca1d93e5aaf47a3b29a8276	1012
mods/heroes.stormmod/enus.stormassets/localizeddata/sounds/vo/stukovbase_vox_castingecancel01.ogg	bbefa013071ee7f1a998d46a16f239fe	12594
mods/heroes.stormmod/enus.stormassets/localizeddata/sounds/vo/stukovbase_vox_castingecancel02.fxe	bd4905a106f82ba7a165c567871e404f	1140
mods/heroes.stormmod/enus.stormassets/localizeddata/sounds/vo/stukovbase_vox_castingecancel02.ogg	8340e04215887f91b20779334d13248f	14906
mods/heroes.stormmod/enus.stormassets/localizeddata/sounds/vo/stukovbase_vox_castingecancel03.fxe	3ba008ae9842fe34204ac8f0e969e77f	1156
mods/heroes.stormmod/enus.stormassets/localizeddata/sounds/vo/stukovbase_vox_castingecancel03.ogg	6271dd56fc2117138d25dfe80d299702	14671
mods/heroes.stormmod/enus.stormassets/localizeddata/sounds/vo/stukovbase_vox_castingecancel04.fxe	9c335902c6664a2cac11a387c44e5d0f	1396
mods/heroes.stormmod/enus.stormassets/localizeddata/sounds/vo/stukovbase_vox_castingecancel04.ogg	0cb02dfb022824de9ce0fc46b36f912d	17169
mods/heroes.stormmod/enus.stormassets/localizeddata/sounds/vo/stukovbase_vox_castingecancel05.fxe	b80bbba0a9762c99f6e44cf080b3fbe2	1172
mods/heroes.stormmod/enus.stormassets/localizeddata/sounds/vo/stukovbase_vox_castingecancel05.ogg	e2e0762be1cd90dabe3e7d1ec39e8e5b	13871
mods/heroes.stormmod/enus.stormassets/localizeddata/sounds/vo/stukovbase_vox_castingecancel06.fxe	3d9682c7884045b05312f8b889e8c55f	1236
mods/heroes.stormmod/enus.stormassets/localizeddata/sounds/vo/stukovbase_vox_castingecancel06.ogg	cf14f2cfd3f1f2bed6f45ab331408bbe	14554
mods/heroes.stormmod/enus.stormassets/localizeddata/sounds/vo/stukovbase_vox_castingecancel07.fxe	1560dbe59261896eb473dcb60c90fdb6	1588
mods/heroes.stormmod/enus.stormassets/localizeddata/sounds/vo/stukovbase_vox_castingecancel07.ogg	093c0ec08ccc33f6ab875769844ed68e	20381
mods/heroes.stormmod/enus.stormassets/localizeddata/sounds/vo/stukovbase_vox_castingq10.fxe	d8d8c9108c5f8b4819a1c5fc30ff7b21	1150
mods/heroes.stormmod/enus.stormassets/localizeddata/sounds/vo/stukovbase_vox_castingq10.ogg	5f6e6c4adca3678e88328eeb3762e03c	12547
mods/heroes.stormmod/enus.stormassets/localizeddata/sounds/vo/stukovbase_vox_castingq11.fxe	b18b2516011da953ec2bb65553e3f9c3	1006
mods/heroes.stormmod/enus.stormassets/localizeddata/sounds/vo/stukovbase_vox_castingq11.ogg	3da294ee7cdf345d35af8feb99dc203d	13157
mods/heroes.stormmod/enus.stormassets/localizeddata/sounds/vo/stukovbase_vox_castingq12.fxe	f249ac3c44982c8bcdcb1864769b91ed	1166
mods/heroes.stormmod/enus.stormassets/localizeddata/sounds/vo/stukovbase_vox_castingq12.ogg	130125de26c800da21dc4ec0325b4c94	13391
mods/heroes.stormmod/enus.stormassets/localizeddata/sounds/vo/stukovbase_vox_castingq13.fxe	53bd20d14947d74dea8a6f05eac4eff7	1278
mods/heroes.stormmod/enus.stormassets/localizeddata/sounds/vo/stukovbase_vox_castingq13.ogg	9edae0b725999b7eeb72cd7052a25ea0	16105
mods/heroes.stormmod/enus.stormassets/localizeddata/sounds/vo/stukovbase_vox_castingq14.fxe	1011acaac95c3aa57f83e4bdd13c4890	1070
mods/heroes.stormmod/enus.stormassets/localizeddata/sounds/vo/stukovbase_vox_castingq14.ogg	7748791a1b00c626b2758c302f58a476	16059
mods/heroes.stormmod/enus.stormassets/localizeddata/sounds/vo/stukovbase_vox_castingw00.fxe	efdeae75cf5547597cae1a0c1bfd89c9	1102
mods/heroes.stormmod/enus.stormassets/localizeddata/sounds/vo/stukovbase_vox_castingw00.ogg	20b662b58fd1fc84e44d97a1775588d0	15132
mods/heroes.stormmod/enus.stormassets/localizeddata/sounds/vo/stukovbase_vox_castingw01.fxe	2e88ec72f01895b6e0305afae9065df5	1150
mods/heroes.stormmod/enus.stormassets/localizeddata/sounds/vo/stukovbase_vox_castingw01.ogg	be3adae47d153da882637a2390558fba	12443
mods/heroes.stormmod/enus.stormassets/localizeddata/sounds/vo/stukovbase_vox_castingw02.fxe	8714bbc6a56d731807a68155f77fa50c	1086
mods/heroes.stormmod/enus.stormassets/localizeddata/sounds/vo/stukovbase_vox_castingw02.ogg	9240cbfc7a121e009a62c09eac85a918	13093
mods/heroes.stormmod/enus.stormassets/localizeddata/sounds/vo/stukovbase_vox_castingw03.fxe	e58251902858a648f658beb9660ff9e4	1422
mods/heroes.stormmod/enus.stormassets/localizeddata/sounds/vo/stukovbase_vox_castingw03.ogg	3bd595445f19c28bdda4b74c647454e3	19901
mods/heroes.stormmod/enus.stormassets/localizeddata/sounds/vo/stukovbase_vox_castingw04.fxe	e25322603c2edbe3210f68223c60b816	1374
mods/heroes.stormmod/enus.stormassets/localizeddata/sounds/vo/stukovbase_vox_castingw04.ogg	bed551b41d24980adbfff7075e75eef7	15318
mods/heroes.stormmod/enus.stormassets/localizeddata/sounds/vo/stukovbase_vox_castingw05.fxe	6611c1a7fa785b575a4ae36e23675826	1438
mods/heroes.stormmod/enus.stormassets/localizeddata/sounds/vo/stukovbase_vox_castingw05.ogg	9279c0b504ac99da3cc07e923ccae523	18456
mods/heroes.stormmod/enus.stormassets/localizeddata/sounds/vo/stukovbase_vox_castingw06.fxe	fd81491f56424fc96991ffa378d98e48	1678
mods/heroes.stormmod/enus.stormassets/localizeddata/sounds/vo/stukovbase_vox_castingw06.ogg	f849ba4c417457004f2e363c6821e303	16173
mods/heroes.stormmod/enus.stormassets/localizeddata/sounds/vo/stukovbase_vox_castingw07.fxe	1fd21d3ef2a0dc48ed9dbdf3d6cc2f15	1406
mods/heroes.stormmod/enus.stormassets/localizeddata/sounds/vo/stukovbase_vox_castingw07.ogg	eeeb5b91ade5e33ac6b49835432c20f3	15430
mods/heroes.stormmod/enus.stormassets/localizeddata/sounds/vo/stukovbase_vox_castingw08.fxe	acd37ca3b59c8209fe4b83bd3a2e6cca	1134
mods/heroes.stormmod/enus.stormassets/localizeddata/sounds/vo/stukovbase_vox_castingw08.ogg	4a65f8de8a47f02054a25adfca3cfb83	15668
mods/heroes.stormmod/enus.stormassets/localizeddata/sounds/vo/stukovbase_vox_castingw09.fxe	5173f359f1c6096d3d43d43e89e157a6	1102
mods/heroes.stormmod/enus.stormassets/localizeddata/sounds/vo/stukovbase_vox_castingw09.ogg	a55eaa20a4b2c9306fba10eeb77deb3e	14753
mods/heroes.stormmod/enus.stormassets/localizeddata/sounds/vo/stukovbase_vox_castingw10.fxe	1f97f1a7774f24a3b31111d8406207a2	1374
mods/heroes.stormmod/enus.stormassets/localizeddata/sounds/vo/stukovbase_vox_castingw10.ogg	34a6b616e30b44c9cd26c398b79592ba	18718
mods/heroes.stormmod/enus.stormassets/localizeddata/sounds/vo/stukovbase_vox_cheer02.fxe	2364f530fe17dd94e83b7061454e4de2	1083
mods/heroes.stormmod/enus.stormassets/localizeddata/sounds/vo/stukovbase_vox_cheer02.ogg	dc30a95f73d73247893509e1a4fcf3e7	17920
mods/heroes.stormmod/enus.stormassets/localizeddata/sounds/vo/stukovbase_vox_cheer03.fxe	02c6fae04d93eeb1c4a59a39c171ec1c	1147
mods/heroes.stormmod/enus.stormassets/localizeddata/sounds/vo/stukovbase_vox_cheer03.ogg	bf1a49e41e40a98293dfe6bcc5d374f1	18237
mods/heroes.stormmod/enus.stormassets/localizeddata/sounds/vo/stukovbase_vox_cheer07.fxe	2ad315989fcf11465563fd6c4a1abb8b	1563
mods/heroes.stormmod/enus.stormassets/localizeddata/sounds/vo/stukovbase_vox_cheer07.ogg	4ab520660406e4e720ea54d5722c4a75	19939
mods/heroes.stormmod/enus.stormassets/localizeddata/sounds/vo/stukovbase_vox_cheer08.fxe	1dd8d263d0b137ff1b25def8dbdfb1a8	1163
mods/heroes.stormmod/enus.stormassets/localizeddata/sounds/vo/stukovbase_vox_cheer08.ogg	f6f5b7610af0e7c74f208da8cf5690c1	14704
mods/heroes.stormmod/enus.stormassets/localizeddata/sounds/vo/stukovbase_vox_cheer09.fxe	36e950babaa9eb599099ba2f229bba77	1259
mods/heroes.stormmod/enus.stormassets/localizeddata/sounds/vo/stukovbase_vox_cheer09.ogg	4a99656021216a9de9c2fe910e2e60de	18243
mods/heroes.stormmod/enus.stormassets/localizeddata/sounds/vo/stukovbase_vox_flail00.fxe	0ec6345ec8163c24c5676b7f274b018f	1035
mods/heroes.stormmod/enus.stormassets/localizeddata/sounds/vo/stukovbase_vox_flail00.ogg	7d8497281adf5a26d857fd321323567b	16746
mods/heroes.stormmod/enus.stormassets/localizeddata/sounds/vo/stukovbase_vox_flail01.fxe	7899d257b8958e306773b4d1fed6bc54	1403
mods/heroes.stormmod/enus.stormassets/localizeddata/sounds/vo/stukovbase_vox_flail01.ogg	6d7c64b85c97df924e45087b48ac6e1c	20046
mods/heroes.stormmod/enus.stormassets/localizeddata/sounds/vo/stukovbase_vox_flail02.fxe	8f3b198e107b4d2b55742a50da035c63	1531
mods/heroes.stormmod/enus.stormassets/localizeddata/sounds/vo/stukovbase_vox_flail02.ogg	d8f654a92cd009ed9393ed0869b8931f	22559
mods/heroes.stormmod/enus.stormassets/localizeddata/sounds/vo/stukovbase_vox_flail03.fxe	0db2616d01ba948b6a12fe3ef1562020	1483
mods/heroes.stormmod/enus.stormassets/localizeddata/sounds/vo/stukovbase_vox_flail03.ogg	47ff09d6474243669bdfd8d9b7cdd0fc	22500
mods/heroes.stormmod/enus.stormassets/localizeddata/sounds/vo/stukovbase_vox_flail04.fxe	14bef1fcdb3a5ef193360fc03493d87f	1707
mods/heroes.stormmod/enus.stormassets/localizeddata/sounds/vo/stukovbase_vox_flail04.ogg	a2198555dd46b3f3c9b15fada116eeba	20387
mods/heroes.stormmod/enus.stormassets/localizeddata/sounds/vo/stukovbase_vox_flail05.fxe	da934a12dc96f57a0d8e5d0fb13b73d4	1803
mods/heroes.stormmod/enus.stormassets/localizeddata/sounds/vo/stukovbase_vox_flail05.ogg	56693cbed1c9ccac98c85362e0469be4	22148
mods/heroes.stormmod/enus.stormassets/localizeddata/sounds/vo/stukovbase_vox_flail06.fxe	870718780f4241d4771bc0f68f26f4c5	1483
mods/heroes.stormmod/enus.stormassets/localizeddata/sounds/vo/stukovbase_vox_flail06.ogg	d6ae44ce727e17d2ce386df11d308936	22709
mods/heroes.stormmod/enus.stormassets/localizeddata/sounds/vo/stukovbase_vox_gethitlarge00.fxe	363c188f22ee0f677d369367f126cdfc	1153
mods/heroes.stormmod/enus.stormassets/localizeddata/sounds/vo/stukovbase_vox_gethitlarge00.ogg	49b44d9c69967acd0f1f3b374521435b	13933
mods/heroes.stormmod/enus.stormassets/localizeddata/sounds/vo/stukovbase_vox_gethitlarge01.fxe	75e27510bc95e75552500e8681617127	1025
mods/heroes.stormmod/enus.stormassets/localizeddata/sounds/vo/stukovbase_vox_gethitlarge01.ogg	86767b9700f41dd421012eebbadc1654	12834
mods/heroes.stormmod/enus.stormassets/localizeddata/sounds/vo/stukovbase_vox_gethitlarge02.fxe	d83fe81bf0efba4ff5bda6f9dcbce9ab	977
mods/heroes.stormmod/enus.stormassets/localizeddata/sounds/vo/stukovbase_vox_gethitlarge02.ogg	5cbe28c61ee5bbc0a83b3670daa442d2	11954
mods/heroes.stormmod/enus.stormassets/localizeddata/sounds/vo/stukovbase_vox_gethitlarge03.fxe	6376f30680e1ac6cdb9b1a936dbe0652	1377
mods/heroes.stormmod/enus.stormassets/localizeddata/sounds/vo/stukovbase_vox_gethitlarge03.ogg	dc917352674ed904e5c1a854ce4b45b4	13045
mods/heroes.stormmod/enus.stormassets/localizeddata/sounds/vo/stukovbase_vox_gethitlarge04.fxe	d381d0928679f365ab2a9664980a52b6	1233
mods/heroes.stormmod/enus.stormassets/localizeddata/sounds/vo/stukovbase_vox_gethitlarge04.ogg	a9907564c0cf5fa5ca389cc05eb30967	12370
mods/heroes.stormmod/enus.stormassets/localizeddata/sounds/vo/stukovbase_vox_gethitlarge05.fxe	5b668668610740fb3e920383fd0334be	1057
mods/heroes.stormmod/enus.stormassets/localizeddata/sounds/vo/stukovbase_vox_gethitlarge05.ogg	e3058c6de0d638959a21edb7b00a8e99	16614
mods/heroes.stormmod/enus.stormassets/localizeddata/sounds/vo/stukovbase_vox_gethitlarge06.fxe	f86b683bff557b5bcf569b500f5cfd14	913
mods/heroes.stormmod/enus.stormassets/localizeddata/sounds/vo/stukovbase_vox_gethitlarge06.ogg	21c54af4719fb2951cc35ad0eb1af88c	11623
mods/heroes.stormmod/enus.stormassets/localizeddata/sounds/vo/stukovbase_vox_gethitlarge07.fxe	4391914788088f55d3d87c2150060a95	1009
mods/heroes.stormmod/enus.stormassets/localizeddata/sounds/vo/stukovbase_vox_gethitlarge07.ogg	7271322c423abf35bfba3f1e7a3336a9	14093
mods/heroes.stormmod/enus.stormassets/localizeddata/sounds/vo/stukovbase_vox_gethitlarge08.fxe	444364ca35e2edd146bff7cca510bf0f	1121
mods/heroes.stormmod/enus.stormassets/localizeddata/sounds/vo/stukovbase_vox_gethitlarge08.ogg	e7ce8c75fc9217d90a5bf0acf6f6f2e6	14010
mods/heroes.stormmod/enus.stormassets/localizeddata/sounds/vo/stukovbase_vox_gethitlarge09.fxe	bd8381bf8d85de6f7d24f985817e17a8	1073
mods/heroes.stormmod/enus.stormassets/localizeddata/sounds/vo/stukovbase_vox_gethitlarge09.ogg	1ce09ee87a42f4e578f1fc34b57bba5e	14375
mods/heroes.stormmod/enus.stormassets/localizeddata/sounds/vo/stukovbase_vox_gethitsmall00.fxe	20168d55558664363c5a2fea354ad063	993
mods/heroes.stormmod/enus.stormassets/localizeddata/sounds/vo/stukovbase_vox_gethitsmall00.ogg	be922cab02812e353207895744d66902	11620
mods/heroes.stormmod/enus.stormassets/localizeddata/sounds/vo/stukovbase_vox_gethitsmall01.fxe	f2cbd685d7184b4d73c74505cd9f34c4	1201
mods/heroes.stormmod/enus.stormassets/localizeddata/sounds/vo/stukovbase_vox_gethitsmall01.ogg	f8cf30004c77d1fbf2c212b2c545edc9	13136
mods/heroes.stormmod/enus.stormassets/localizeddata/sounds/vo/stukovbase_vox_gethitsmall02.fxe	439d7d7f9078e55329922bec558df31a	1041
mods/heroes.stormmod/enus.stormassets/localizeddata/sounds/vo/stukovbase_vox_gethitsmall02.ogg	fc8e0aa29c5da9a9664c206eac31d8cf	12897
mods/heroes.stormmod/enus.stormassets/localizeddata/sounds/vo/stukovbase_vox_gethitsmall03.fxe	c8bf73233a20ca99416b9bd6031bc918	1233
mods/heroes.stormmod/enus.stormassets/localizeddata/sounds/vo/stukovbase_vox_gethitsmall03.ogg	25572cf964dc6ff9f5633431603c8c33	11707
mods/heroes.stormmod/enus.stormassets/localizeddata/sounds/vo/stukovbase_vox_gethitsmall04.fxe	8fc3bfa63997a882f56d1c1aedc0b47e	1025
mods/heroes.stormmod/enus.stormassets/localizeddata/sounds/vo/stukovbase_vox_gethitsmall04.ogg	3cf6d149cb5d86041635731030dac858	12852
mods/heroes.stormmod/enus.stormassets/localizeddata/sounds/vo/stukovbase_vox_gethitsmall05.fxe	f8b4908a26e97c59b9fe8c62b36c56a1	1137
mods/heroes.stormmod/enus.stormassets/localizeddata/sounds/vo/stukovbase_vox_gethitsmall05.ogg	cf79830d72e48f6db8f5007277af67b9	12027
mods/heroes.stormmod/enus.stormassets/localizeddata/sounds/vo/stukovbase_vox_gethitsmall06.fxe	45ba52272a2e13bc4e1e338a5a07e691	1025
mods/heroes.stormmod/enus.stormassets/localizeddata/sounds/vo/stukovbase_vox_gethitsmall06.ogg	3d7c4ffc4edc398887f08cbf53fe9560	12257
mods/heroes.stormmod/enus.stormassets/localizeddata/sounds/vo/stukovbase_vox_gethitsmall07.fxe	0b7c5d7b39bb3c9ae75cd72cdf15982f	977
mods/heroes.stormmod/enus.stormassets/localizeddata/sounds/vo/stukovbase_vox_gethitsmall07.ogg	f4cdffb270d76702fc625df628546d5c	11339
mods/heroes.stormmod/enus.stormassets/localizeddata/sounds/vo/stukovbase_vox_gethitsmall08.fxe	87f58a6e6c202990d1b0678b83097464	1105
mods/heroes.stormmod/enus.stormassets/localizeddata/sounds/vo/stukovbase_vox_gethitsmall08.ogg	4da32b05e5820557af58d20944f2ee7f	13791
mods/heroes.stormmod/enus.stormassets/localizeddata/sounds/vo/stukovbase_vox_gethitsmall09.fxe	90d50ec1a4ebc52a9219b0b10a2237c1	1281
mods/heroes.stormmod/enus.stormassets/localizeddata/sounds/vo/stukovbase_vox_gethitsmall09.ogg	58823778c2e97bd9be2888fd8902640c	11919
mods/heroes.stormmod/enus.stormassets/localizeddata/sounds/vo/stukovbase_vox_gethitsmall10.fxe	a8d2043f441c324550f330aa2d0fcbd6	1153
mods/heroes.stormmod/enus.stormassets/localizeddata/sounds/vo/stukovbase_vox_gethitsmall10.ogg	a56f01ed5c76416feb9c96f94a648275	11932
mods/heroes.stormmod/enus.stormassets/localizeddata/sounds/vo/stukovbase_vox_gethitsmall11.fxe	6486338e22d6fbaf13e83b5e98869600	1057
mods/heroes.stormmod/enus.stormassets/localizeddata/sounds/vo/stukovbase_vox_gethitsmall11.ogg	f20d5dc6d065c144c7680d5121167794	12339
mods/heroes.stormmod/enus.stormassets/localizeddata/sounds/vo/stukovbase_vox_gethitsmall12.fxe	7a54ee7bc9c2106a4564e5cdb6a94b00	1137
mods/heroes.stormmod/enus.stormassets/localizeddata/sounds/vo/stukovbase_vox_gethitsmall12.ogg	3e47f4d0f3670d8e000727f472654747	15466
mods/heroes.stormmod/enus.stormassets/localizeddata/sounds/vo/stukovbase_vox_gethitsmall13.fxe	a7ff51eaafddfde8e0575d4c41f8321d	977
mods/heroes.stormmod/enus.stormassets/localizeddata/sounds/vo/stukovbase_vox_gethitsmall13.ogg	643edb3f4269a1a91040a89d99ea7c1c	12060
mods/heroes.stormmod/enus.stormassets/localizeddata/sounds/vo/stukovbase_vox_gethitsmall14.fxe	0cef4e919438fc8afcc3303f834f3cfa	1313
mods/heroes.stormmod/enus.stormassets/localizeddata/sounds/vo/stukovbase_vox_gethitsmall14.ogg	b538b86e65f0a7d2de8a67ca87a4b464	12462
mods/heroes.stormmod/enus.stormassets/localizeddata/sounds/vo/stukovbase_vox_gethitsmall15.fxe	c809ac374ea551f0787c47bc55d66448	1265
mods/heroes.stormmod/enus.stormassets/localizeddata/sounds/vo/stukovbase_vox_gethitsmall15.ogg	d5102524e44b148412de3c994a3c2603	13971
mods/heroes.stormmod/enus.stormassets/localizeddata/sounds/vo/stukovbase_vox_pulled00_02.fxe	d44cc530658b1c83f1ced88bafedf120	1391
mods/heroes.stormmod/enus.stormassets/localizeddata/sounds/vo/stukovbase_vox_pulled00_02.ogg	5389e3522e2b65fa835f589fe9d93805	17450
mods/heroes.stormmod/enus.stormassets/localizeddata/sounds/vo/stukovbase_vox_pulled00_04.fxe	e6061abca3dbb9da0c62571013db2b1a	1167
mods/heroes.stormmod/enus.stormassets/localizeddata/sounds/vo/stukovbase_vox_pulled00_04.ogg	ecb409c59cf562a9f571aca6e1e2c22e	13711
mods/heroes.stormmod/enus.stormassets/localizeddata/sounds/vo/stukovbase_vox_pulled00_05.fxe	774ad86b51fa863186a981a5987f3e77	1679
mods/heroes.stormmod/enus.stormassets/localizeddata/sounds/vo/stukovbase_vox_pulled00_05.ogg	7a177ac681c798fb9f2871b4839acf4d	19704
mods/heroes.stormmod/enus.stormassets/localizeddata/sounds/vo/stukovbase_vox_pulled00_06.fxe	cb144bffb6f2fee2f7001664f09b9c9b	1087
mods/heroes.stormmod/enus.stormassets/localizeddata/sounds/vo/stukovbase_vox_pulled00_06.ogg	6d1bf99cc9a49a9518420b8d380f3bc2	12989
mods/heroes.stormmod/enus.stormassets/localizeddata/sounds/vo/stukovbase_vox_reactione00.fxe	ad50c8b58f09f34859c771e0d4b7891c	2127
mods/heroes.stormmod/enus.stormassets/localizeddata/sounds/vo/stukovbase_vox_reactione00.ogg	837cd8b9d6fff76a9f797d27a2da5f23	32040
mods/heroes.stormmod/enus.stormassets/localizeddata/sounds/vo/stukovbase_vox_reactione01.fxe	9aa1627c5b868dcdfb6866548ae19cbb	2495
mods/heroes.stormmod/enus.stormassets/localizeddata/sounds/vo/stukovbase_vox_reactione01.ogg	ab624a84651deb673f327b978c027fbc	32396
mods/heroes.stormmod/enus.stormassets/localizeddata/sounds/vo/stukovbase_vox_reactione02.fxe	7ad5264624a8dfa08051e7bc95de7076	1631
mods/heroes.stormmod/enus.stormassets/localizeddata/sounds/vo/stukovbase_vox_reactione02.ogg	cca93bfd79b3a354a254d5c9bad68fa5	27728
mods/heroes.stormmod/enus.stormassets/localizeddata/sounds/vo/stukovbase_vox_reactione03.fxe	f215d12e86e791014ca46c888ef6bfaf	2255
mods/heroes.stormmod/enus.stormassets/localizeddata/sounds/vo/stukovbase_vox_reactione03.ogg	55ec63fd80316d0092aeb1a62761d021	39881
mods/heroes.stormmod/enus.stormassets/localizeddata/sounds/vo/stukovbase_vox_reactionpox00.fxe	61f940909df3932435d91b665c518aee	2209
mods/heroes.stormmod/enus.stormassets/localizeddata/sounds/vo/stukovbase_vox_reactionpox00.ogg	faa09ed1b42f0601617136bf24f29aa9	37454
mods/heroes.stormmod/enus.stormassets/localizeddata/sounds/vo/stukovbase_vox_reactionpox01.fxe	87178ad454923ab020eaf949c7b726b1	2033
mods/heroes.stormmod/enus.stormassets/localizeddata/sounds/vo/stukovbase_vox_reactionpox01.ogg	101920098bd671ab1eebd01d7fbefe3f	28810
mods/heroes.stormmod/enus.stormassets/localizeddata/sounds/vo/stukovbase_vox_reactionpox02.fxe	c68bcfc62341114ef9d74dd2fc758f26	3041
mods/heroes.stormmod/enus.stormassets/localizeddata/sounds/vo/stukovbase_vox_reactionpox02.ogg	fb30bdd1c444b99a3e29b03085a456c7	37446
mods/heroes.stormmod/enus.stormassets/localizeddata/sounds/vo/stukovbase_vox_reactionpox03.fxe	9a42a72b53fc337cf1ab3f2c2bb24688	3361
mods/heroes.stormmod/enus.stormassets/localizeddata/sounds/vo/stukovbase_vox_reactionpox03.ogg	b4b17750c5c5330867176f12a3a2447c	39254
mods/heroes.stormmod/enus.stormassets/localizeddata/sounds/vo/stukovbase_vox_reactionw00.fxe	ce1e62192f80b3d52cff8ae66a5d9dbb	1183
mods/heroes.stormmod/enus.stormassets/localizeddata/sounds/vo/stukovbase_vox_reactionw00.ogg	ea4d15f2aaeabd211fe4ca3a1eb32ed8	14881
mods/heroes.stormmod/enus.stormassets/localizeddata/sounds/vo/stukovbase_vox_reactionw01.fxe	b2d6f1f9e81d76e76be8c4d2e86c7e36	2063
mods/heroes.stormmod/enus.stormassets/localizeddata/sounds/vo/stukovbase_vox_reactionw01.ogg	d7ebe5c07b9c5a884216c4a70bec0010	24503
mods/heroes.stormmod/enus.stormassets/localizeddata/sounds/vo/stukovbase_vox_reactionw02.fxe	70cd54a6ad809c250b6f7f27563ca355	1551
mods/heroes.stormmod/enus.stormassets/localizeddata/sounds/vo/stukovbase_vox_reactionw02.ogg	c47d19290d123be304554cfd78aa4711	20849
mods/heroes.stormmod/enus.stormassets/localizeddata/sounds/vo/stukovbase_vox_reactionw03.fxe	77aa6b86c6648b5da6c3f960c55a073e	2159
mods/heroes.stormmod/enus.stormassets/localizeddata/sounds/vo/stukovbase_vox_reactionw03.ogg	fdfd14149e910c1974dd9f8bffd4d58e	26273
mods/heroes.stormmod/enus.stormassets/localizeddata/sounds/vo/stukovbase_vox_shove00.fxe	f65e13ec636df78490ed6a5155935a92	1115
mods/heroes.stormmod/enus.stormassets/localizeddata/sounds/vo/stukovbase_vox_shove00.ogg	a5e1cbfe5149a342d0e960b0fed4d031	17907
mods/heroes.stormmod/enus.stormassets/localizeddata/sounds/vo/stukovbase_vox_shove01.fxe	11a755c5f0d63d2a7a1dcfeb37b22dcf	1467
mods/heroes.stormmod/enus.stormassets/localizeddata/sounds/vo/stukovbase_vox_shove01.ogg	711380764e9a710a4361255d0300d903	22386
mods/heroes.stormmod/enus.stormassets/localizeddata/sounds/vo/stukovbase_vox_shove02.fxe	18f71db1b73bf52657440063205018c0	1067
mods/heroes.stormmod/enus.stormassets/localizeddata/sounds/vo/stukovbase_vox_shove02.ogg	9fdd7c2dd4c2f792413df44e0e9e7060	17189
mods/heroes.stormmod/enus.stormassets/localizeddata/sounds/vo/stukovbase_vox_shove03.fxe	8524bd4e1bf33dcb0bb5499a6bb9643a	1643
mods/heroes.stormmod/enus.stormassets/localizeddata/sounds/vo/stukovbase_vox_shove03.ogg	e64721404f40761ece3eb90fac9c01ba	22081
mods/heroes.stormmod/enus.stormassets/localizeddata/sounds/vo/stukovbase_vox_shove04.fxe	a54cb16e164b0a9ae0ba8e3a00406328	1227
mods/heroes.stormmod/enus.stormassets/localizeddata/sounds/vo/stukovbase_vox_shove04.ogg	12d10d102f254219c6a1143f84b3226b	15221
mods/heroes.stormmod/enus.stormassets/localizeddata/sounds/vo/stukovbase_vox_shove05.fxe	9ee2398b8bf1a15c3334148886d2bbe1	1243
mods/heroes.stormmod/enus.stormassets/localizeddata/sounds/vo/stukovbase_vox_shove05.ogg	781342eff827c300e0268f160724beef	16200
mods/heroes.stormmod/enus.stormassets/localizeddata/sounds/vo/stukovbase_vox_shove06.fxe	9a99a6112baa178a74c271962649e476	1163
mods/heroes.stormmod/enus.stormassets/localizeddata/sounds/vo/stukovbase_vox_shove06.ogg	16c7d4bb6b7f9825719551d4e4fcf5c6	16791
mods/heroes.stormmod/enus.stormassets/localizeddata/sounds/vo/stukovbase_vox_shove07.fxe	85206018aeca80f0ad4035da1a451152	1259
mods/heroes.stormmod/enus.stormassets/localizeddata/sounds/vo/stukovbase_vox_shove07.ogg	cc3683839c918db7cb1f411869fadaf6	18169
mods/heroes.stormmod/enus.stormassets/localizeddata/sounds/vo/stukovbase_vox_shove08.fxe	c2dac4c91b2308bc91b4b515459a050a	1883
mods/heroes.stormmod/enus.stormassets/localizeddata/sounds/vo/stukovbase_vox_shove08.ogg	147c2527ddcf7497e79933f1e34ef0a1	20890
mods/heroes.stormmod/enus.stormassets/localizeddata/sounds/vo/stukovbase_vox_shove09.fxe	d0da2b9febab7e6bc6dab6737df1c303	1403
mods/heroes.stormmod/enus.stormassets/localizeddata/sounds/vo/stukovbase_vox_shove09.ogg	f3c8c261d6facfb60c80f9837192a799	19474
mods/heroes.stormmod/enus.stormassets/localizeddata/sounds/vo/stukovbase_vox_shove10.fxe	aff3108a53f97b67dd119fb1b0a00b43	1195
mods/heroes.stormmod/enus.stormassets/localizeddata/sounds/vo/stukovbase_vox_shove10.ogg	961c97cbe0eb1f9a95ce5eb81e269052	17423
mods/heroes.stormmod/enus.stormassets/localizeddata/sounds/vo/stukovbase_vox_shoveidle00.fxe	161b0ef4a33dc4cdf877993811b1ea6a	2207
mods/heroes.stormmod/enus.stormassets/localizeddata/sounds/vo/stukovbase_vox_shoveidle00.ogg	16f15557bc8d5c3594964c7111d74019	23509
mods/heroes.stormmod/enus.stormassets/localizeddata/sounds/vo/stukovbase_vox_shoveidle01.fxe	837226e70615a48464196feca3f14d1e	1791
mods/heroes.stormmod/enus.stormassets/localizeddata/sounds/vo/stukovbase_vox_shoveidle01.ogg	d7151cf4c93d8ee2b121f522967c0f73	22696
mods/heroes.stormmod/enus.stormassets/localizeddata/sounds/vo/stukovbase_vox_shoveidle02.fxe	ed4dad44fa5dad4533772cb0f7a93353	1727
mods/heroes.stormmod/enus.stormassets/localizeddata/sounds/vo/stukovbase_vox_shoveidle02.ogg	4d9efd8378f6fbdeb594aa538d8de8b9	23944
mods/heroes.stormmod/enus.stormassets/localizeddata/sounds/vo/stukovbase_vox_shoveidle03.fxe	6d8a31066b5f13b7eec4ace6ab26d6dc	1759
mods/heroes.stormmod/enus.stormassets/localizeddata/sounds/vo/stukovbase_vox_shoveidle03.ogg	6e4f61d47441e56283a2fc7c4443479f	25030
mods/heroes.stormmod/enus.stormassets/localizeddata/sounds/vo/stukovbase_vox_shoveidle04.fxe	4ed054b14f650c9ff0b0f1fb582d11a7	1071
mods/heroes.stormmod/enus.stormassets/localizeddata/sounds/vo/stukovbase_vox_shoveidle04.ogg	40bc43699d0dd92c2893a27f99074ed7	18257
mods/heroes.stormmod/enus.stormassets/localizeddata/sounds/vo/stukovbase_vox_shoveidle05.fxe	0355a562ac854bf98db190666d3e52c0	3615
mods/heroes.stormmod/enus.stormassets/localizeddata/sounds/vo/stukovbase_vox_shoveidle05.ogg	dfdf8782421e60bfb46e13ce4248912e	45494
mods/heroes.stormmod/enus.stormassets/localizeddata/sounds/vo/stukovbase_vox_shoveidle06.fxe	8fb548d0823bf0a440cac253a1eacc86	4143
mods/heroes.stormmod/enus.stormassets/localizeddata/sounds/vo/stukovbase_vox_shoveidle06.ogg	5d67615d231638f3a98a55c57bffa810	51205
mods/heroes.stormmod/enus.stormassets/localizeddata/sounds/vo/stukovbase_vox_shoveidle07.fxe	32ea8439096f2cb51f8c16571e3d8aa1	3231
mods/heroes.stormmod/enus.stormassets/localizeddata/sounds/vo/stukovbase_vox_shoveidle07.ogg	5b7b737dc88d251f089f2d09d1e311ec	41502
mods/heroes.stormmod/enus.stormassets/localizeddata/sounds/vo/stukovbase_worthit00.fxe	34e05011392e8cf68ff26b3064b5a1b7	3193
mods/heroes.stormmod/enus.stormassets/localizeddata/sounds/vo/stukovbase_worthit00.ogg	f57666b131aa39b768c82e3ea69ffaf7	47330
mods/heroes.stormmod/enus.stormassets/localizeddata/sounds/vo/stukovbase_worthit01.fxe	c2e65bbcc002edf10ba0b787beebce4c	1385
mods/heroes.stormmod/enus.stormassets/localizeddata/sounds/vo/stukovbase_worthit01.ogg	1fd0cff597d626c18d8ccca64f80c898	22803
mods/heroes.stormmod/enus.stormassets/localizeddata/sounds/vo/stukovbase_yes00.fxe	f8f1b522dfcdb3c851ea595fe698c177	1040
mods/heroes.stormmod/enus.stormassets/localizeddata/sounds/vo/stukovbase_yes00.ogg	0d218a29b644706d743bf3171d57f27b	17392
mods/heroes.stormmod/enus.stormassets/localizeddata/sounds/vo/stukovbase_yes01.fxe	daea1f3e9fde83df84ee458bdbaef757	1104
mods/heroes.stormmod/enus.stormassets/localizeddata/sounds/vo/stukovbase_yes01.ogg	238aa0847a239c81f513f8a2e11232dd	25742
mods/heroes.stormmod/enus.stormassets/localizeddata/sounds/vo/stukovbase_yes02.fxe	d26eb2ed48090911e62c81a23386d51f	1808
mods/heroes.stormmod/enus.stormassets/localizeddata/sounds/vo/stukovbase_yes02.ogg	fe8c7185008a0a3db62ac4df15122dcd	31107
mods/heroes.stormmod/enus.stormassets/localizeddata/sounds/vo/stukovbase_yes03.fxe	16b61fda1829716cea61360c5b5fc98f	1696
mods/heroes.stormmod/enus.stormassets/localizeddata/sounds/vo/stukovbase_yes03.ogg	b9e621c8bbb6a9e50c0344aa6da00e35	31957
mods/heroes.stormmod/enus.stormassets/localizeddata/sounds/vo/stukovbase_yes04.fxe	cf536c381e4ff659277210a08d996cd9	1232
mods/heroes.stormmod/enus.stormassets/localizeddata/sounds/vo/stukovbase_yes04.ogg	3a7c84d6977721f267c585ce72fd5e4f	21894
mods/heroes.stormmod/enus.stormassets/localizeddata/sounds/vo/stukovbase_yes05.fxe	525623b86c53121535af4e9022abf52f	1312
mods/heroes.stormmod/enus.stormassets/localizeddata/sounds/vo/stukovbase_yes05.ogg	71f55931f72360620ad6da8e121aecf8	19347
mods/heroes.stormmod/enus.stormassets/localizeddata/sounds/vo/stukovbase_yes06.fxe	361cd17111faa9154187efc8484274ba	976
mods/heroes.stormmod/enus.stormassets/localizeddata/sounds/vo/stukovbase_yes06.ogg	f4ed1746299403b52b115da3a58dd536	20918
mods/heroes.stormmod/enus.stormassets/localizeddata/sounds/vo/stukovbase_yes07.fxe	04db4c098efdf8e3cb8e2c5d19ee04f3	1168
mods/heroes.stormmod/enus.stormassets/localizeddata/sounds/vo/stukovbase_yes07.ogg	936d08bcc36f71a618e744b91ef24b26	20046
mods/heroes.stormmod/enus.stormassets/localizeddata/sounds/vo/stukovbase_yes08.fxe	2a19a3a67e15dc400455f09810e2be8d	1632
mods/heroes.stormmod/enus.stormassets/localizeddata/sounds/vo/stukovbase_yes08.ogg	f5f8227749136a600726e095f2ae21bd	30579
mods/heroes.stormmod/enus.stormassets/localizeddata/sounds/vo/stukovbase_yes09.fxe	b172d755547fea7041502e7a60e2bc1d	1120
mods/heroes.stormmod/enus.stormassets/localizeddata/sounds/vo/stukovbase_yes09.ogg	dd96032aeb91a0e3ef2be535dd4b55b1	20344
mods/heroes.stormmod/enus.stormassets/localizeddata/sounds/vo/stukovkraken_ai_attack00.ogg	2d05541de439bf9a5ffa7bc2164780d6	75236
mods/heroes.stormmod/enus.stormassets/localizeddata/sounds/vo/stukovkraken_ai_attack01.ogg	64f38c75fcd88f73b2140367582b071f	69858
mods/heroes.stormmod/enus.stormassets/localizeddata/sounds/vo/stukovkraken_ai_attack02.ogg	d7aa8ad4457f041521b2231bcab7c490	65081
mods/heroes.stormmod/enus.stormassets/localizeddata/sounds/vo/stukovkraken_ai_caution00.ogg	a40a20888fb76436d2ce25e86b721662	28304
mods/heroes.stormmod/enus.stormassets/localizeddata/sounds/vo/stukovkraken_ai_goodjob00.ogg	4634f6026123ba6717836458528bf628	48480
mods/heroes.stormmod/enus.stormassets/localizeddata/sounds/vo/stukovkraken_ai_goodjob01.ogg	5d5a3d914bc7286a0e9e436f7bc0fc5a	50305
mods/heroes.stormmod/enus.stormassets/localizeddata/sounds/vo/stukovkraken_ai_goodjob02.ogg	9e7f09efd013a784884d3ee59983e46f	74287
mods/heroes.stormmod/enus.stormassets/localizeddata/sounds/vo/stukovkraken_ai_heal00.ogg	2de1f955cf3e7d8886242aa306cc15a9	63500
mods/heroes.stormmod/enus.stormassets/localizeddata/sounds/vo/stukovkraken_ai_heal01.ogg	60a3dd0f9ad8657cca1111eaf294a44f	92755
mods/heroes.stormmod/enus.stormassets/localizeddata/sounds/vo/stukovkraken_ai_retreat00.ogg	b0da79c9012b5cc90afcf8d293895b68	30115
mods/heroes.stormmod/enus.stormassets/localizeddata/sounds/vo/stukovkraken_ai_retreat01.ogg	5f836b62a1924a300ae0955af7cd1ec5	39936
mods/heroes.stormmod/enus.stormassets/localizeddata/sounds/vo/stukovkraken_ai_uhoh00.ogg	af1c1422b6744fba3386574df9092142	60887
mods/heroes.stormmod/enus.stormassets/localizeddata/sounds/vo/stukovkraken_ai_uhoh01.ogg	2b427408ff296e975e38a3f63a81e56b	50549
mods/heroes.stormmod/enus.stormassets/localizeddata/sounds/vo/stukovkraken_ai_uhoh02.ogg	abc899cd2bdd8b6612e8cd9b5b9fc58a	42845
mods/heroes.stormmod/enus.stormassets/localizeddata/sounds/vo/stukovkraken_attack00.ogg	41da18e007854a73d35e51ee839dfaf4	46483
mods/heroes.stormmod/enus.stormassets/localizeddata/sounds/vo/stukovkraken_attack01.ogg	11462893f20755ea032837f49d2c28e4	52561
mods/heroes.stormmod/enus.stormassets/localizeddata/sounds/vo/stukovkraken_attack02.ogg	7a1b2a49c8143a9c94a81a8064fe5a0a	66531
mods/heroes.stormmod/enus.stormassets/localizeddata/sounds/vo/stukovkraken_attack03.ogg	dd379f5926edd784e71bcce92b5d99dc	45733
mods/heroes.stormmod/enus.stormassets/localizeddata/sounds/vo/stukovkraken_attack04.ogg	7031cd9c11357273bbe0b2a0a455757c	37847
mods/heroes.stormmod/enus.stormassets/localizeddata/sounds/vo/stukovkraken_attack05.ogg	eb62252d4508a996a47f04d44b4989d1	43258
mods/heroes.stormmod/enus.stormassets/localizeddata/sounds/vo/stukovkraken_attack06.ogg	0747de9608b9a334ff98320a20bf2b72	49154
mods/heroes.stormmod/enus.stormassets/localizeddata/sounds/vo/stukovkraken_celebrate00.ogg	25667b0eeef172b68a53d9cb96e5a7c2	44103
mods/heroes.stormmod/enus.stormassets/localizeddata/sounds/vo/stukovkraken_celebrate01.ogg	37b5835bed60f67262464d7f9475942b	45155
mods/heroes.stormmod/enus.stormassets/localizeddata/sounds/vo/stukovkraken_comeback00.ogg	612b726695b9a2a0a319b86c01c1fff6	84930
mods/heroes.stormmod/enus.stormassets/localizeddata/sounds/vo/stukovkraken_death00.wav	309bd3c9652cc020e71fc41f97c45aa5	71228
mods/heroes.stormmod/enus.stormassets/localizeddata/sounds/vo/stukovkraken_death01.wav	b9d0f65afe7659e8e8f2764b5a3783ca	93756
mods/heroes.stormmod/enus.stormassets/localizeddata/sounds/vo/stukovkraken_death02.wav	c8249aa494292ff53a5c82106e9e2deb	100924
mods/heroes.stormmod/enus.stormassets/localizeddata/sounds/vo/stukovkraken_death03.wav	da0166d24e40af0b52303d7c6b477cd6	122940
mods/heroes.stormmod/enus.stormassets/localizeddata/sounds/vo/stukovkraken_death04.wav	343a6aaf2bbb1a718f2b25366f5ed3b8	153660
mods/heroes.stormmod/enus.stormassets/localizeddata/sounds/vo/stukovkraken_death05.wav	8b3349b74c9ac8bdc833b4e4911ef84c	166460
mods/heroes.stormmod/enus.stormassets/localizeddata/sounds/vo/stukovkraken_death06.wav	1feab42bcbc9313e18d828407012a2c6	209980
mods/heroes.stormmod/enus.stormassets/localizeddata/sounds/vo/stukovkraken_death07.wav	ca5a53b069fb0a6588775ed29b5839d2	112188
mods/heroes.stormmod/enus.stormassets/localizeddata/sounds/vo/stukovkraken_healed00.ogg	3b2cfa57ce427a402bd5787b6ee45832	66031
mods/heroes.stormmod/enus.stormassets/localizeddata/sounds/vo/stukovkraken_healed01.ogg	8316143318ecb3417b072eb8870e1a92	42120
mods/heroes.stormmod/enus.stormassets/localizeddata/sounds/vo/stukovkraken_healed02.ogg	14644fac09846441367d74c1fdc688f0	78965
mods/heroes.stormmod/enus.stormassets/localizeddata/sounds/vo/stukovkraken_introagree00.ogg	62c4a4766c59a88301c03b92849f5bcf	47914
mods/heroes.stormmod/enus.stormassets/localizeddata/sounds/vo/stukovkraken_introagree01.ogg	57904e08f993ea4a1097c899299de337	59150
mods/heroes.stormmod/enus.stormassets/localizeddata/sounds/vo/stukovkraken_introagree02.ogg	d826f735ae1a9d3caab0275f688e5600	57574
mods/heroes.stormmod/enus.stormassets/localizeddata/sounds/vo/stukovkraken_introboast00.ogg	87633114693ca18cce9a6ce6554a2ec4	139322
mods/heroes.stormmod/enus.stormassets/localizeddata/sounds/vo/stukovkraken_introboast01.ogg	c8eb291c23376cacfb74720f77f213f9	135731
mods/heroes.stormmod/enus.stormassets/localizeddata/sounds/vo/stukovkraken_introquestion00.ogg	49341c705a83bf676cc1fba0578feb7e	94241
mods/heroes.stormmod/enus.stormassets/localizeddata/sounds/vo/stukovkraken_introquestion01.ogg	afeb3df551d79c156ee44f940f443a29	74340
mods/heroes.stormmod/enus.stormassets/localizeddata/sounds/vo/stukovkraken_introquestion_abathur00.ogg	06927a8fe671b2a0f2923f040ba969d9	131031
mods/heroes.stormmod/enus.stormassets/localizeddata/sounds/vo/stukovkraken_introquestion_degenerate00.ogg	75e2f239367dcd6d6ef411f6ff65a489	154628
mods/heroes.stormmod/enus.stormassets/localizeddata/sounds/vo/stukovkraken_introquestion_kerrigan00.ogg	90a3f2c28b7ec6d19fa27c177f3c1b08	102511
mods/heroes.stormmod/enus.stormassets/localizeddata/sounds/vo/stukovkraken_introquestion_malthael00.ogg	83a1f282c06f3cef639d6efe1bca4cfa	135195
mods/heroes.stormmod/enus.stormassets/localizeddata/sounds/vo/stukovkraken_introquestion_morales00.ogg	11014349b40bf7a69c9315c066d31277	128651
mods/heroes.stormmod/enus.stormassets/localizeddata/sounds/vo/stukovkraken_introquestion_murky00.ogg	3d41530910ba31652c0b68c8b9ba1fe9	98928
mods/heroes.stormmod/enus.stormassets/localizeddata/sounds/vo/stukovkraken_introquestion_negative00.ogg	672d2505c1f7e008eb7520162676945e	121013
mods/heroes.stormmod/enus.stormassets/localizeddata/sounds/vo/stukovkraken_introquestion_positive00.ogg	0ab71018ef9f0d50c535de6aae192aaf	67161
mods/heroes.stormmod/enus.stormassets/localizeddata/sounds/vo/stukovkraken_introquestion_protoss00.ogg	b778cc3d4050bd91c208d00615540ae0	127206
mods/heroes.stormmod/enus.stormassets/localizeddata/sounds/vo/stukovkraken_introquestion_terran00.ogg	07bb52e24d5a449ce5de7f5bbd2c5932	108468
mods/heroes.stormmod/enus.stormassets/localizeddata/sounds/vo/stukovkraken_introquestion_zagara00.ogg	e8b1d4116db06f03c0e8b1d486e5a8f1	98435
mods/heroes.stormmod/enus.stormassets/localizeddata/sounds/vo/stukovkraken_introquestion_zarya00.ogg	157a14d8fb327da774501819dba1e206	50355
mods/heroes.stormmod/enus.stormassets/localizeddata/sounds/vo/stukovkraken_introquestion_zerg00.ogg	e122901b4c3b5b1d1c184e835c3b974f	106664
mods/heroes.stormmod/enus.stormassets/localizeddata/sounds/vo/stukovkraken_introrespond00.ogg	d2946545cf79f94bec13e72302730d61	63182
mods/heroes.stormmod/enus.stormassets/localizeddata/sounds/vo/stukovkraken_introrespond01.ogg	b6a1835e4955282b8419743662d94480	73899
mods/heroes.stormmod/enus.stormassets/localizeddata/sounds/vo/stukovkraken_introrespond02.ogg	a708df311e4c1dcb2e6dbfe265f7a4cb	150624
mods/heroes.stormmod/enus.stormassets/localizeddata/sounds/vo/stukovkraken_introresponse_abathur00.ogg	d0f180fb689086626e080100ac24e186	64182
mods/heroes.stormmod/enus.stormassets/localizeddata/sounds/vo/stukovkraken_introresponse_angry00.ogg	473ae3ad440966354643ae5cddc15a64	78232
mods/heroes.stormmod/enus.stormassets/localizeddata/sounds/vo/stukovkraken_introresponse_degenerate00.ogg	ecc60899e30a373503cd5252db93ffc4	125322
mods/heroes.stormmod/enus.stormassets/localizeddata/sounds/vo/stukovkraken_introresponse_dismissive00.ogg	8d6a5168af1c7b0fa719e52bed66ec70	73030
mods/heroes.stormmod/enus.stormassets/localizeddata/sounds/vo/stukovkraken_introresponse_dismisstwo00.ogg	f7cb4a67518d702a1da634ecdac207b3	86805
mods/heroes.stormmod/enus.stormassets/localizeddata/sounds/vo/stukovkraken_introresponse_falstad00.ogg	ee5115537c95c2966ba0152eea535639	122868
mods/heroes.stormmod/enus.stormassets/localizeddata/sounds/vo/stukovkraken_introresponse_kerrigan00.ogg	d6dbfd3d6ef9e897527a81c2e2f2f0a0	29099
mods/heroes.stormmod/enus.stormassets/localizeddata/sounds/vo/stukovkraken_introresponse_malthael00.ogg	5e30c3df84b4b0268519d082eebad137	46101
mods/heroes.stormmod/enus.stormassets/localizeddata/sounds/vo/stukovkraken_introresponse_morales00.ogg	dd583980defd61962538f4d42ad3814c	122752
mods/heroes.stormmod/enus.stormassets/localizeddata/sounds/vo/stukovkraken_introresponse_murky00.ogg	cc59d377a7e84a15d78f6c072d07aa6f	86872
mods/heroes.stormmod/enus.stormassets/localizeddata/sounds/vo/stukovkraken_introresponse_negative00.ogg	ac9fd59521c59311e51fc9678436e7ad	73661
mods/heroes.stormmod/enus.stormassets/localizeddata/sounds/vo/stukovkraken_introresponse_positive00.ogg	7283dd67c70d7acf14b9967dc7dfd95b	57707
mods/heroes.stormmod/enus.stormassets/localizeddata/sounds/vo/stukovkraken_introresponse_terran00.ogg	e18170061c8079e09d2bd5ec0bdad2a1	88224
mods/heroes.stormmod/enus.stormassets/localizeddata/sounds/vo/stukovkraken_introresponse_zagara00.ogg	9d1a2370d5a4e363f683d61fe697cc98	55786
mods/heroes.stormmod/enus.stormassets/localizeddata/sounds/vo/stukovkraken_introresponse_zarya00.ogg	f6dfe4aa57f5610293fd0baa70c13230	121022
mods/heroes.stormmod/enus.stormassets/localizeddata/sounds/vo/stukovkraken_introresponse_zerg00.ogg	189b9603cd31b3117928eb09b6e3bfe9	130492
mods/heroes.stormmod/enus.stormassets/localizeddata/sounds/vo/stukovkraken_introresponse_zergneg00.ogg	49337f1aef159b23d4bfc6ce99bb0503	81701
mods/heroes.stormmod/enus.stormassets/localizeddata/sounds/vo/stukovkraken_kill00.ogg	d26a637c92c2e545a4fc4d300213afd6	60328
mods/heroes.stormmod/enus.stormassets/localizeddata/sounds/vo/stukovkraken_kill01.ogg	9afe7ea9be6037c802efe5c806ecd6b0	62029
mods/heroes.stormmod/enus.stormassets/localizeddata/sounds/vo/stukovkraken_kill02.ogg	b175bac0ffd58b49a6dfcccbdfaaf2e5	52642
mods/heroes.stormmod/enus.stormassets/localizeddata/sounds/vo/stukovkraken_kill03.ogg	14cee1575ac8aeaf7bd845c0b0ffefa9	45115
mods/heroes.stormmod/enus.stormassets/localizeddata/sounds/vo/stukovkraken_kill04.ogg	dc869ecc0e7252f7e2e84e039f51226d	50746
mods/heroes.stormmod/enus.stormassets/localizeddata/sounds/vo/stukovkraken_killabathur00.ogg	ca35f0267e55a945b9279886df2002ab	59745
mods/heroes.stormmod/enus.stormassets/localizeddata/sounds/vo/stukovkraken_killdehaka00_alt.ogg	9b3ff413bbd2f9b8153a620a54a180ed	77478
mods/heroes.stormmod/enus.stormassets/localizeddata/sounds/vo/stukovkraken_killfearless00.ogg	278c9889fc1803fd191e8588466c407e	73907
mods/heroes.stormmod/enus.stormassets/localizeddata/sounds/vo/stukovkraken_killkerrigan00.ogg	3572e6b3fc63ad7031eaa74e5ea30dd5	65333
mods/heroes.stormmod/enus.stormassets/localizeddata/sounds/vo/stukovkraken_killmorales00.ogg	bc743c6a2f5a594ff5db2e62ceb689dd	48181
mods/heroes.stormmod/enus.stormassets/localizeddata/sounds/vo/stukovkraken_killprotoss00.ogg	afaee8e61e2bafb83099ba5bbac92541	50646
mods/heroes.stormmod/enus.stormassets/localizeddata/sounds/vo/stukovkraken_killsgthammer00.ogg	e544d29f8e53e1125f617f7a25a1007d	68820
mods/heroes.stormmod/enus.stormassets/localizeddata/sounds/vo/stukovkraken_killspreeend00.ogg	5375dd558cbc9e19480a2cb617f5d29b	84678
mods/heroes.stormmod/enus.stormassets/localizeddata/sounds/vo/stukovkraken_killterran00.ogg	2c79c7eb9e5280d5570835747670f28b	58916
mods/heroes.stormmod/enus.stormassets/localizeddata/sounds/vo/stukovkraken_killweird00_alt.ogg	4aaee26069580dabc80b7d19bba73b3d	44830
mods/heroes.stormmod/enus.stormassets/localizeddata/sounds/vo/stukovkraken_killzagara00.ogg	6f03406197d87cad9e268ca87942257b	58415
mods/heroes.stormmod/enus.stormassets/localizeddata/sounds/vo/stukovkraken_killzarya00.ogg	45b8d3e1f5702fac02d1b5b70475543d	33320
mods/heroes.stormmod/enus.stormassets/localizeddata/sounds/vo/stukovkraken_killzerg00.ogg	435401ed4144bbf82f3e9d0a16f97404	65970
mods/heroes.stormmod/enus.stormassets/localizeddata/sounds/vo/stukovkraken_laugh00.ogg	f8fc74d66bec6a10c3857bf096f3adc3	49060
mods/heroes.stormmod/enus.stormassets/localizeddata/sounds/vo/stukovkraken_laugh01.ogg	f51a8d66da9635fcfc9db316de6d9047	47505
mods/heroes.stormmod/enus.stormassets/localizeddata/sounds/vo/stukovkraken_laugh02.ogg	50f6d4b0e9cbec88fa774b9cbaa966d5	59353
mods/heroes.stormmod/enus.stormassets/localizeddata/sounds/vo/stukovkraken_laugh03.ogg	5ba1f086a3f0437bab03349ed003d8ec	76612
mods/heroes.stormmod/enus.stormassets/localizeddata/sounds/vo/stukovkraken_laugh04.ogg	5275f655cbae91f14794e950d2fda178	45251
mods/heroes.stormmod/enus.stormassets/localizeddata/sounds/vo/stukovkraken_laugh05.ogg	36ddf7a9c6f6a53017c2a224f191c345	56888
mods/heroes.stormmod/enus.stormassets/localizeddata/sounds/vo/stukovkraken_laugh06.ogg	09fc1585798fbda91aff4b1370f9f0e2	80430
mods/heroes.stormmod/enus.stormassets/localizeddata/sounds/vo/stukovkraken_laugh07.ogg	e1ad66b904de34035cd4bfa18e5faea6	83558
mods/heroes.stormmod/enus.stormassets/localizeddata/sounds/vo/stukovkraken_laugh08.ogg	ddbc216105466c390f8fba917b2f349d	86011
mods/heroes.stormmod/enus.stormassets/localizeddata/sounds/vo/stukovkraken_laugh09.ogg	0bf81d6720a2bb638c9026c93411bd99	54488
mods/heroes.stormmod/enus.stormassets/localizeddata/sounds/vo/stukovkraken_laugh10.ogg	aa9f9160929d58702fea0ffc3759614c	39373
mods/heroes.stormmod/enus.stormassets/localizeddata/sounds/vo/stukovkraken_laugh11.ogg	b19497e7f2c25a93f914f0ba7d769a55	39699
mods/heroes.stormmod/enus.stormassets/localizeddata/sounds/vo/stukovkraken_laugh12.ogg	b841bf911ca62e3e652112d3e74cd410	35363
mods/heroes.stormmod/enus.stormassets/localizeddata/sounds/vo/stukovkraken_laugh13.ogg	38b42c5bd7290fb5fff78de7e7d0c7fb	31451
mods/heroes.stormmod/enus.stormassets/localizeddata/sounds/vo/stukovkraken_lowlifeheal00.ogg	2713cb6c8802726cc75e5dd2680a473b	65057
mods/heroes.stormmod/enus.stormassets/localizeddata/sounds/vo/stukovkraken_lowlifeheal01.ogg	fdbf800b723fe22eaae4d4008455d34c	44215
mods/heroes.stormmod/enus.stormassets/localizeddata/sounds/vo/stukovkraken_lowlifeheal02.ogg	4b34c8d88d427fcad288d89ed4c452dc	69164
mods/heroes.stormmod/enus.stormassets/localizeddata/sounds/vo/stukovkraken_lowmana00.ogg	53fa7472e54b654e5cb1436e986c63e6	70439
mods/heroes.stormmod/enus.stormassets/localizeddata/sounds/vo/stukovkraken_lowmana01.ogg	f750a2f8dcdd3ee31ce2c2573a2a2e1d	39592
mods/heroes.stormmod/enus.stormassets/localizeddata/sounds/vo/stukovkraken_lowmana02.ogg	92cc86794d5e9fc4a8bb36f4a2d4ff42	62183
mods/heroes.stormmod/enus.stormassets/localizeddata/sounds/vo/stukovkraken_matchend00.ogg	97d85dd65c1c9e42b8a8e12f66c508cb	75240
mods/heroes.stormmod/enus.stormassets/localizeddata/sounds/vo/stukovkraken_matchend01.ogg	640101e51f889b230135372ec864eed4	37895
mods/heroes.stormmod/enus.stormassets/localizeddata/sounds/vo/stukovkraken_matchend02.ogg	4f7d3d498b0caf76d96feb50055e0ede	48598
mods/heroes.stormmod/enus.stormassets/localizeddata/sounds/vo/stukovkraken_no00.ogg	7cabb8f25c5625aaa8ac6114a89bfd69	29172
mods/heroes.stormmod/enus.stormassets/localizeddata/sounds/vo/stukovkraken_no01_alt.ogg	ca4bc3e6a5710a15ba2bc5eb67760268	54078
mods/heroes.stormmod/enus.stormassets/localizeddata/sounds/vo/stukovkraken_no02.ogg	e10abe070d2c8143ec948e63717a2eb7	53511
mods/heroes.stormmod/enus.stormassets/localizeddata/sounds/vo/stukovkraken_no03.ogg	a04290de5c9c28ea9d459fa228608f34	34637
mods/heroes.stormmod/enus.stormassets/localizeddata/sounds/vo/stukovkraken_ping_assisthero00.ogg	e74e6661d6b1f0a50ae4a88058d809a8	41683
mods/heroes.stormmod/enus.stormassets/localizeddata/sounds/vo/stukovkraken_ping_assistme00.ogg	dd0d7d26b2c2df85e5daf77cfb0ff2e6	35556
mods/heroes.stormmod/enus.stormassets/localizeddata/sounds/vo/stukovkraken_ping_assistme01.ogg	0b79c1437a54827fb4cb14dc53a805b7	46571
mods/heroes.stormmod/enus.stormassets/localizeddata/sounds/vo/stukovkraken_ping_attackcastle00.ogg	ba2077cb15166c44ea3fa8f7ee1f01cf	38228
mods/heroes.stormmod/enus.stormassets/localizeddata/sounds/vo/stukovkraken_ping_attackmerc00.ogg	02bc7ef5a699ff497bad4d7628eee00d	74096
mods/heroes.stormmod/enus.stormassets/localizeddata/sounds/vo/stukovkraken_ping_attackoutpost00.ogg	b2de830d4f1aaeb5106b6c60236e7d57	41127
mods/heroes.stormmod/enus.stormassets/localizeddata/sounds/vo/stukovkraken_ping_attacktower00.ogg	5062d093a289838bf1d2a38520bc8fb9	82174
mods/heroes.stormmod/enus.stormassets/localizeddata/sounds/vo/stukovkraken_ping_defendcastle00.ogg	41b2836ccf44bf09e1f3abdce47501eb	34347
mods/heroes.stormmod/enus.stormassets/localizeddata/sounds/vo/stukovkraken_ping_defendoutpost00.ogg	816cecba6dee67ebc11ea83e4ad4f8a3	51603
mods/heroes.stormmod/enus.stormassets/localizeddata/sounds/vo/stukovkraken_ping_defendtower00.ogg	047865f5fb52bf61d162e74681a3f9b8	39266
mods/heroes.stormmod/enus.stormassets/localizeddata/sounds/vo/stukovkraken_ping_killhero00.ogg	79eb47a53ce52459201af4efcf25bc89	74228
mods/heroes.stormmod/enus.stormassets/localizeddata/sounds/vo/stukovkraken_pissed00.ogg	5f4b20d72b808286acc10276272860e3	44748
mods/heroes.stormmod/enus.stormassets/localizeddata/sounds/vo/stukovkraken_pissed01.ogg	f66e688e37bd2c8973f01ebae0fe8dc7	49983
mods/heroes.stormmod/enus.stormassets/localizeddata/sounds/vo/stukovkraken_pissed02.ogg	04d514fe36f1b074124019b7c4effd9b	85870
mods/heroes.stormmod/enus.stormassets/localizeddata/sounds/vo/stukovkraken_pissed03.ogg	f827561bd2431e094528b067b19cbb37	125233
mods/heroes.stormmod/enus.stormassets/localizeddata/sounds/vo/stukovkraken_pissed04.ogg	7da35b56da94e1a3f76acd8018f46444	106802
mods/heroes.stormmod/enus.stormassets/localizeddata/sounds/vo/stukovkraken_pissed05.ogg	720f5e49d0172d2ac3d8d05dcf12b956	135578
mods/heroes.stormmod/enus.stormassets/localizeddata/sounds/vo/stukovkraken_pissed06.ogg	a1857e5ab86ddad8a6e3bec0ed84ac70	95406
mods/heroes.stormmod/enus.stormassets/localizeddata/sounds/vo/stukovkraken_pissed07.ogg	37d97179c67a47863f2377f901f5667c	130938
mods/heroes.stormmod/enus.stormassets/localizeddata/sounds/vo/stukovkraken_pissed08.ogg	bc0646315e3129bf021b6d556667e7be	166118
mods/heroes.stormmod/enus.stormassets/localizeddata/sounds/vo/stukovkraken_pissed09.ogg	8238c859e4cbe96376db4bf1bfec6f3e	227362
mods/heroes.stormmod/enus.stormassets/localizeddata/sounds/vo/stukovkraken_pissed10.ogg	4762aa51ab1d0c9be8e1cf28934d62b3	136169
mods/heroes.stormmod/enus.stormassets/localizeddata/sounds/vo/stukovkraken_pissed11.ogg	71e4324c33efe7bb12a51fd164f40c69	105553
mods/heroes.stormmod/enus.stormassets/localizeddata/sounds/vo/stukovkraken_pissed12.ogg	99b29e2c5f1ec31efdcd138ffc79a32b	139583
mods/heroes.stormmod/enus.stormassets/localizeddata/sounds/vo/stukovkraken_pissed13.ogg	598db62739594fbf6a22bf2a8b599e3e	113536
mods/heroes.stormmod/enus.stormassets/localizeddata/sounds/vo/stukovkraken_pissed14.ogg	fc26bbee42d39caf50b60ebfba4b7986	205920
mods/heroes.stormmod/enus.stormassets/localizeddata/sounds/vo/stukovkraken_resurrected00.ogg	7c47a62d627b7c7984dea869a78a8ed9	55981
mods/heroes.stormmod/enus.stormassets/localizeddata/sounds/vo/stukovkraken_resurrected01.ogg	a33cabfd0016b4a8bf9d188a0ac9159d	30221
mods/heroes.stormmod/enus.stormassets/localizeddata/sounds/vo/stukovkraken_resurrected02.ogg	9c208a5eeb385b5d4d213fd5126c1a36	85212
mods/heroes.stormmod/enus.stormassets/localizeddata/sounds/vo/stukovkraken_revive00.ogg	43d51046894b447b7686d38d6e1fef65	52146
mods/heroes.stormmod/enus.stormassets/localizeddata/sounds/vo/stukovkraken_revive01.ogg	3b16d2724b45b109cf0f2f305298803c	48234
mods/heroes.stormmod/enus.stormassets/localizeddata/sounds/vo/stukovkraken_revive02.ogg	26851380676317683cdaa4f19e5601fe	72372
mods/heroes.stormmod/enus.stormassets/localizeddata/sounds/vo/stukovkraken_revive03.ogg	ec47aa813f0f0b486bdce4cfe5be9f64	93265
mods/heroes.stormmod/enus.stormassets/localizeddata/sounds/vo/stukovkraken_spec00.ogg	c9a17e74bfe0b218dab96f66b9df2146	47520
mods/heroes.stormmod/enus.stormassets/localizeddata/sounds/vo/stukovkraken_spec01.ogg	a8250cbfef3e4caac64b013fd92ec155	49637
mods/heroes.stormmod/enus.stormassets/localizeddata/sounds/vo/stukovkraken_spec02.ogg	b3298920169ede6f277c77624c3bcbbb	76539
mods/heroes.stormmod/enus.stormassets/localizeddata/sounds/vo/stukovkraken_spec03.ogg	69113e439f27f67ae8fa857e1955b9f0	67057
mods/heroes.stormmod/enus.stormassets/localizeddata/sounds/vo/stukovkraken_spec04.ogg	df408380b493deaa928280e3f4e741b3	60185
mods/heroes.stormmod/enus.stormassets/localizeddata/sounds/vo/stukovkraken_taunt00.ogg	274669d31ecc8213747b5548ae8e1b89	73107
mods/heroes.stormmod/enus.stormassets/localizeddata/sounds/vo/stukovkraken_taunt01.ogg	96d0492693acd1076352e91e35403156	63772
mods/heroes.stormmod/enus.stormassets/localizeddata/sounds/vo/stukovkraken_taunt02.ogg	eb973183df6050caf9e4a7f4f6c3dec3	81415
mods/heroes.stormmod/enus.stormassets/localizeddata/sounds/vo/stukovkraken_teamkilled00.ogg	00975e3ecd7af55a835cdc89c103f061	80202
mods/heroes.stormmod/enus.stormassets/localizeddata/sounds/vo/stukovkraken_ui_exlocked00.ogg	5b5268b20ddd383e7210851475be9f07	45906
mods/heroes.stormmod/enus.stormassets/localizeddata/sounds/vo/stukovkraken_ui_expurchased00.ogg	a06312f054b8f8ad92d6f91d9ee04009	43691
mods/heroes.stormmod/enus.stormassets/localizeddata/sounds/vo/stukovkraken_ui_gift00.ogg	67d2d80ca1a23965c521b77138df7009	55759
mods/heroes.stormmod/enus.stormassets/localizeddata/sounds/vo/stukovkraken_ui_lockin00.ogg	15f34eb19f5670728ede6f75e241b0a0	42388
mods/heroes.stormmod/enus.stormassets/localizeddata/sounds/vo/stukovkraken_ui_purchase00.ogg	5b693eb57b197af46ca1dbe2bf4ea629	55982
mods/heroes.stormmod/enus.stormassets/localizeddata/sounds/vo/stukovkraken_ui_trial00.ogg	720611b835e13de4f02f7e62c3c86395	53434
mods/heroes.stormmod/enus.stormassets/localizeddata/sounds/vo/stukovkraken_ui_trial01.ogg	d5fb93c128fe9d45a6040abab99cd5bc	40963
mods/heroes.stormmod/enus.stormassets/localizeddata/sounds/vo/stukovkraken_ui_vox_spun03.ogg	f5e4f1f1f417717a0765c52afc987087	33034
mods/heroes.stormmod/enus.stormassets/localizeddata/sounds/vo/stukovkraken_ui_vox_spun04.ogg	b812934dc603f0cd722dcca8d7b155a5	38545
mods/heroes.stormmod/enus.stormassets/localizeddata/sounds/vo/stukovkraken_ui_vox_spun05.ogg	5a32a5ef222cff13f2b1b8ffec4304c5	40673
mods/heroes.stormmod/enus.stormassets/localizeddata/sounds/vo/stukovkraken_ui_vox_spun06.ogg	5fd5782b821964e7c3398fc2972a0a12	40847
mods/heroes.stormmod/enus.stormassets/localizeddata/sounds/vo/stukovkraken_ui_waitlocked00.ogg	ff6aeb44e58d43c16aee5fb65c5abfed	67894
mods/heroes.stormmod/enus.stormassets/localizeddata/sounds/vo/stukovkraken_ui_waitlocked01.ogg	c681c241b73beb28b933a960736e697b	69534
mods/heroes.stormmod/enus.stormassets/localizeddata/sounds/vo/stukovkraken_ui_waitpurchased00.ogg	a371cfe71bec0849a02d6890c4fc3a09	163898
mods/heroes.stormmod/enus.stormassets/localizeddata/sounds/vo/stukovkraken_ui_waitpurchased01.ogg	5ffbda54f0dcf9752611d018ec27229d	124886
mods/heroes.stormmod/enus.stormassets/localizeddata/sounds/vo/stukovkraken_ultimate1used00.ogg	16a8901df484e80d2a9c6198b638eb5c	42813
mods/heroes.stormmod/enus.stormassets/localizeddata/sounds/vo/stukovkraken_ultimate1used01.ogg	317c4a3c5189112609a17f4a1c8bc770	47896
mods/heroes.stormmod/enus.stormassets/localizeddata/sounds/vo/stukovkraken_ultimate1used02.ogg	70b623fa4f0b22576d57fa90bd8c0b39	59823
mods/heroes.stormmod/enus.stormassets/localizeddata/sounds/vo/stukovkraken_ultimate1usedenemy00.ogg	5003f0a672a58adadfebe8b012adb939	31405
mods/heroes.stormmod/enus.stormassets/localizeddata/sounds/vo/stukovkraken_ultimate2used00.ogg	206dc824c132aa05356c57044d9826d9	43678
mods/heroes.stormmod/enus.stormassets/localizeddata/sounds/vo/stukovkraken_ultimate2used01.ogg	e3a89aacdd685c3d53cd780dafd549ab	34069
mods/heroes.stormmod/enus.stormassets/localizeddata/sounds/vo/stukovkraken_ultimate2used02.ogg	dfc3dac7af12b123fb1e459795bf8c09	46156
mods/heroes.stormmod/enus.stormassets/localizeddata/sounds/vo/stukovkraken_ultimate2usedenemy00.ogg	dce837bcc738f4412acf0dc5e8e98f96	40905
mods/heroes.stormmod/enus.stormassets/localizeddata/sounds/vo/stukovkraken_voicelinefive00.ogg	f6d74913ec6538b1aad8d1d4455c18c0	52486
mods/heroes.stormmod/enus.stormassets/localizeddata/sounds/vo/stukovkraken_voicelinefour00.ogg	2821f8a98a4c9502cc8b67d6eadb7698	44966
mods/heroes.stormmod/enus.stormassets/localizeddata/sounds/vo/stukovkraken_voicelineone00.ogg	a19d4a6a8221e815b9c54b9b379fdda0	62893
mods/heroes.stormmod/enus.stormassets/localizeddata/sounds/vo/stukovkraken_voicelinethree.ogg	ce4581115e27bc0a5e08ee12d61e02fc	63578
mods/heroes.stormmod/enus.stormassets/localizeddata/sounds/vo/stukovkraken_voicelinetwo00.ogg	cef1e0d3f87fa59eaf62420399179f67	54385
mods/heroes.stormmod/enus.stormassets/localizeddata/sounds/vo/stukovkraken_vox_attack02.ogg	069dc2edcf004c0d9aa02bbdb9c6d37f	26920
mods/heroes.stormmod/enus.stormassets/localizeddata/sounds/vo/stukovkraken_vox_attack03.ogg	a63d375d06c61d5cf2108cfc95b653a4	32860
mods/heroes.stormmod/enus.stormassets/localizeddata/sounds/vo/stukovkraken_vox_attack04.ogg	9d098d0e6578468d16ea0fab79889921	30982
mods/heroes.stormmod/enus.stormassets/localizeddata/sounds/vo/stukovkraken_vox_attack05.ogg	b1cf2670c833ad1d4f154024d87282a3	35680
mods/heroes.stormmod/enus.stormassets/localizeddata/sounds/vo/stukovkraken_vox_attack06.ogg	70ea5a395d4cba8c6110f87146338271	38454
mods/heroes.stormmod/enus.stormassets/localizeddata/sounds/vo/stukovkraken_vox_attack07.ogg	77a269f7a19428bddd9a1dc9959704d2	34310
mods/heroes.stormmod/enus.stormassets/localizeddata/sounds/vo/stukovkraken_vox_attack08.ogg	cd5248689b335680972db68a68066afa	32293
mods/heroes.stormmod/enus.stormassets/localizeddata/sounds/vo/stukovkraken_vox_attack09.ogg	5d9f3991888d0558d38cc2385f56c4f5	29152
mods/heroes.stormmod/enus.stormassets/localizeddata/sounds/vo/stukovkraken_vox_attackmelee00.ogg	65746e704b480d2ea4e024f39148ad23	43331
mods/heroes.stormmod/enus.stormassets/localizeddata/sounds/vo/stukovkraken_vox_attackmelee01.ogg	0ab444eeaf9c32a898ebc392ac304d1d	44501
mods/heroes.stormmod/enus.stormassets/localizeddata/sounds/vo/stukovkraken_vox_attackmelee02.ogg	511f948806fae12126ca99008f7071fc	40277
mods/heroes.stormmod/enus.stormassets/localizeddata/sounds/vo/stukovkraken_vox_attackmelee03.ogg	e61fa41a04a9bda7d64cf16134120d7b	33035
mods/heroes.stormmod/enus.stormassets/localizeddata/sounds/vo/stukovkraken_vox_attackmelee04.ogg	dd23b8b99fd778dcd0402f6a89d3e72a	28673
mods/heroes.stormmod/enus.stormassets/localizeddata/sounds/vo/stukovkraken_vox_attackmelee05.ogg	da19d7ea5b64e17a68442d4315583f6b	40590
mods/heroes.stormmod/enus.stormassets/localizeddata/sounds/vo/stukovkraken_vox_attackmelee06.ogg	f599bcff1d080623bc9adb1cf45e8c64	44479
mods/heroes.stormmod/enus.stormassets/localizeddata/sounds/vo/stukovkraken_vox_attackmelee07.ogg	2ae9f48a832a7538bc2304dcbb6cb79e	41070
mods/heroes.stormmod/enus.stormassets/localizeddata/sounds/vo/stukovkraken_vox_attackmelee08.ogg	604a631266d396ac9b9769f30c42eac1	32273
mods/heroes.stormmod/enus.stormassets/localizeddata/sounds/vo/stukovkraken_vox_attackmelee09.ogg	698434191fb1e98aa7ec3f67329915cb	34131
mods/heroes.stormmod/enus.stormassets/localizeddata/sounds/vo/stukovkraken_vox_attackmelee10.ogg	d265474e3ff8e809a924930876b8192d	34152
mods/heroes.stormmod/enus.stormassets/localizeddata/sounds/vo/stukovkraken_vox_attackmelee11.ogg	9c74bd1042366a8f247a08db02843fdf	34734
mods/heroes.stormmod/enus.stormassets/localizeddata/sounds/vo/stukovkraken_vox_attackmelee12.ogg	4f77ee2b744b7b63951625b5c5210cad	30461
mods/heroes.stormmod/enus.stormassets/localizeddata/sounds/vo/stukovkraken_vox_attackmelee13.ogg	56d8a22824df44ee5bbf92f5c531238f	29151
mods/heroes.stormmod/enus.stormassets/localizeddata/sounds/vo/stukovkraken_vox_attackmelee14.ogg	5853500bef8f2a5e8afc50586b669108	29720
mods/heroes.stormmod/enus.stormassets/localizeddata/sounds/vo/stukovkraken_vox_attackmelee15.ogg	a324c45e5cdc1461a96a9580ad236306	32941
mods/heroes.stormmod/enus.stormassets/localizeddata/sounds/vo/stukovkraken_vox_attackmelee16.ogg	6b238af637ed79c9700c4f6919aa7b43	33303
mods/heroes.stormmod/enus.stormassets/localizeddata/sounds/vo/stukovkraken_vox_attackmelee17.ogg	2a373839b26ccbeff78d5e7911e5806a	30573
mods/heroes.stormmod/enus.stormassets/localizeddata/sounds/vo/stukovkraken_vox_castinge00.ogg	c3cc3a4c35fd49b057d197da6b2a7d1a	53170
mods/heroes.stormmod/enus.stormassets/localizeddata/sounds/vo/stukovkraken_vox_castinge01.ogg	3a167a8c19d5c0423f21916263031148	51940
mods/heroes.stormmod/enus.stormassets/localizeddata/sounds/vo/stukovkraken_vox_castinge02.ogg	dbe1174c0a7deae9e8e34e7307c7b86c	48746
mods/heroes.stormmod/enus.stormassets/localizeddata/sounds/vo/stukovkraken_vox_castinge03.ogg	a320df7704abb6b9084f8b72c117b191	56455
mods/heroes.stormmod/enus.stormassets/localizeddata/sounds/vo/stukovkraken_vox_castinge04.ogg	cd6da7e27060403ec6a9844cee2d3346	51091
mods/heroes.stormmod/enus.stormassets/localizeddata/sounds/vo/stukovkraken_vox_castinge05.ogg	a5970b3df2427e1ffc2a2781abc3d2f0	43826
mods/heroes.stormmod/enus.stormassets/localizeddata/sounds/vo/stukovkraken_vox_castinge06.ogg	2c8511a63af84dc78b03f42ed1c6fcbd	61624
mods/heroes.stormmod/enus.stormassets/localizeddata/sounds/vo/stukovkraken_vox_castinge07.ogg	01108662df59f909f4c282f5679b1089	57069
mods/heroes.stormmod/enus.stormassets/localizeddata/sounds/vo/stukovkraken_vox_castinge08.ogg	9c354915532dc182d211eeaf83249760	46814
mods/heroes.stormmod/enus.stormassets/localizeddata/sounds/vo/stukovkraken_vox_castinge09.ogg	71654d7b937676bb58fe26775d55b033	55025
mods/heroes.stormmod/enus.stormassets/localizeddata/sounds/vo/stukovkraken_vox_castingecancel00.ogg	ab494066fc159766d023f529de47b3df	30976
mods/heroes.stormmod/enus.stormassets/localizeddata/sounds/vo/stukovkraken_vox_castingecancel01.ogg	dfbd8e32f8669574672730cbb602207b	29478
mods/heroes.stormmod/enus.stormassets/localizeddata/sounds/vo/stukovkraken_vox_castingecancel02.ogg	51805f7a5cb4b9f725faee7f287fc0ff	38787
mods/heroes.stormmod/enus.stormassets/localizeddata/sounds/vo/stukovkraken_vox_castingecancel03.ogg	37cc64545309969223f5bc2c6de21ae0	34978
mods/heroes.stormmod/enus.stormassets/localizeddata/sounds/vo/stukovkraken_vox_castingecancel04.ogg	54a07d7968b9ee15e300f429dccb2514	38505
mods/heroes.stormmod/enus.stormassets/localizeddata/sounds/vo/stukovkraken_vox_castingecancel05.ogg	6f555ffe632b24534b4b5a2fc6b24b67	36455
mods/heroes.stormmod/enus.stormassets/localizeddata/sounds/vo/stukovkraken_vox_castingecancel06.ogg	a9c39fa9c2a953511cd85a1b9a16340e	37950
mods/heroes.stormmod/enus.stormassets/localizeddata/sounds/vo/stukovkraken_vox_castingecancel07.ogg	d675445f5a4a23bb4ab15adf1cff3984	56480
mods/heroes.stormmod/enus.stormassets/localizeddata/sounds/vo/stukovkraken_vox_castingq10.ogg	ba679fa09b4b985c2638ccc2e313e1a5	29568
mods/heroes.stormmod/enus.stormassets/localizeddata/sounds/vo/stukovkraken_vox_castingq11.ogg	739c240ab9336c9fc475f61a5a09aa4b	30606
mods/heroes.stormmod/enus.stormassets/localizeddata/sounds/vo/stukovkraken_vox_castingq12.ogg	21f4904ec5f29ee7747d63c3afabc2a1	30189
mods/heroes.stormmod/enus.stormassets/localizeddata/sounds/vo/stukovkraken_vox_castingq13.ogg	fd0bbcd9d152be503f08186606d9b81b	38693
mods/heroes.stormmod/enus.stormassets/localizeddata/sounds/vo/stukovkraken_vox_castingq14.ogg	aac4a5487baf5122376ff0c3c57d7f26	42913
mods/heroes.stormmod/enus.stormassets/localizeddata/sounds/vo/stukovkraken_vox_castingw00.ogg	855e61077ea99786c4c11e89ab458813	31114
mods/heroes.stormmod/enus.stormassets/localizeddata/sounds/vo/stukovkraken_vox_castingw01.ogg	d6801d6b20bcd82e0ab8a8e30be480f9	34340
mods/heroes.stormmod/enus.stormassets/localizeddata/sounds/vo/stukovkraken_vox_castingw02.ogg	0c6d5324ea60440d0acc477cd4e58a29	34662
mods/heroes.stormmod/enus.stormassets/localizeddata/sounds/vo/stukovkraken_vox_castingw03.ogg	6a8c229696e1080a4dd3601c5ae38bc6	47154
mods/heroes.stormmod/enus.stormassets/localizeddata/sounds/vo/stukovkraken_vox_castingw04.ogg	331100267c20e78aa2ec46eec404fa89	36713
mods/heroes.stormmod/enus.stormassets/localizeddata/sounds/vo/stukovkraken_vox_castingw05.ogg	37123de034f8a4ba926c1ad9d1337136	37322
mods/heroes.stormmod/enus.stormassets/localizeddata/sounds/vo/stukovkraken_vox_castingw06.ogg	46e08604aa4f41ced0f4d031a6a7f284	41686
mods/heroes.stormmod/enus.stormassets/localizeddata/sounds/vo/stukovkraken_vox_castingw07.ogg	0e9dad90b9d46ee33c0fd28dca5be165	36122
mods/heroes.stormmod/enus.stormassets/localizeddata/sounds/vo/stukovkraken_vox_castingw08.ogg	7acfd5e73c222f1497d0bc9399e81faa	36328
mods/heroes.stormmod/enus.stormassets/localizeddata/sounds/vo/stukovkraken_vox_castingw09.ogg	56e67834bcfc687586bc92897c14183e	35300
mods/heroes.stormmod/enus.stormassets/localizeddata/sounds/vo/stukovkraken_vox_castingw10.ogg	d0fb5f3ffb64a8cbc667a416ed33b2a5	46081
mods/heroes.stormmod/enus.stormassets/localizeddata/sounds/vo/stukovkraken_vox_cheer02.ogg	915211a37e7cec6678f00c8913ec0630	44862
mods/heroes.stormmod/enus.stormassets/localizeddata/sounds/vo/stukovkraken_vox_cheer03.ogg	26502a59b13c8bd3aee588334428c082	45729
mods/heroes.stormmod/enus.stormassets/localizeddata/sounds/vo/stukovkraken_vox_cheer07.ogg	4c4e487e1049db4e6b2a6af1ade18953	49309
mods/heroes.stormmod/enus.stormassets/localizeddata/sounds/vo/stukovkraken_vox_cheer08.ogg	22d217e9757f55f436bc48f8dd5e1647	37208
mods/heroes.stormmod/enus.stormassets/localizeddata/sounds/vo/stukovkraken_vox_cheer09.ogg	00292228b1d93c1dd94ea2137b88d430	47830
mods/heroes.stormmod/enus.stormassets/localizeddata/sounds/vo/stukovkraken_vox_flail00.ogg	5b59c6cb8812667f48e888ccd73348c2	45610
mods/heroes.stormmod/enus.stormassets/localizeddata/sounds/vo/stukovkraken_vox_flail01.ogg	753f16a58adc214a5b6be8bd4532ee62	43537
mods/heroes.stormmod/enus.stormassets/localizeddata/sounds/vo/stukovkraken_vox_flail02.ogg	cc25db87f3182d9a3224cac1529b5b5d	55258
mods/heroes.stormmod/enus.stormassets/localizeddata/sounds/vo/stukovkraken_vox_flail03.ogg	dd80bd384df64ee5f9e9adffd61c30f0	47026
mods/heroes.stormmod/enus.stormassets/localizeddata/sounds/vo/stukovkraken_vox_flail04.ogg	41f953d3c33ce46532ce88e5a06bd2c1	53138
mods/heroes.stormmod/enus.stormassets/localizeddata/sounds/vo/stukovkraken_vox_flail05.ogg	9b1acc03d3b476ad53490fb8de742ce8	62260
mods/heroes.stormmod/enus.stormassets/localizeddata/sounds/vo/stukovkraken_vox_flail06.ogg	6648452145f697f00eb32036462e72d1	53962
mods/heroes.stormmod/enus.stormassets/localizeddata/sounds/vo/stukovkraken_vox_gethitlarge00.ogg	97296632fca1db9587f00247bcea3f2e	37376
mods/heroes.stormmod/enus.stormassets/localizeddata/sounds/vo/stukovkraken_vox_gethitlarge01.ogg	5a5ebf233db0be0cc318d6e7c444a3ff	28092
mods/heroes.stormmod/enus.stormassets/localizeddata/sounds/vo/stukovkraken_vox_gethitlarge02.ogg	469cae5098728cb6a10ea75656969122	28430
mods/heroes.stormmod/enus.stormassets/localizeddata/sounds/vo/stukovkraken_vox_gethitlarge03.ogg	2f494b1231385e84eceee23548e3082b	27540
mods/heroes.stormmod/enus.stormassets/localizeddata/sounds/vo/stukovkraken_vox_gethitlarge04.ogg	81404db0965404dd61c4e6e219d90792	29817
mods/heroes.stormmod/enus.stormassets/localizeddata/sounds/vo/stukovkraken_vox_gethitlarge05.ogg	8374e9466ef1d1aaed045474a2543914	35731
mods/heroes.stormmod/enus.stormassets/localizeddata/sounds/vo/stukovkraken_vox_gethitlarge06.ogg	702d5419aa3ba0ef3c24edd46ecf8db6	30589
mods/heroes.stormmod/enus.stormassets/localizeddata/sounds/vo/stukovkraken_vox_gethitlarge07.ogg	359aaeb1f3f1c8b7288797080e878af4	31006
mods/heroes.stormmod/enus.stormassets/localizeddata/sounds/vo/stukovkraken_vox_gethitlarge08.ogg	d35c90fcb7195179d46e33ee69b8ca69	29712
mods/heroes.stormmod/enus.stormassets/localizeddata/sounds/vo/stukovkraken_vox_gethitlarge09.ogg	045532bf2b0403f51ae7dede82b257ac	30702
mods/heroes.stormmod/enus.stormassets/localizeddata/sounds/vo/stukovkraken_vox_gethitsmall00.ogg	f0d65081f184e60dea6791af28e9dad9	28245
mods/heroes.stormmod/enus.stormassets/localizeddata/sounds/vo/stukovkraken_vox_gethitsmall01.ogg	db7b6e0cb20a68b04b527aea43f8f781	34400
mods/heroes.stormmod/enus.stormassets/localizeddata/sounds/vo/stukovkraken_vox_gethitsmall02.ogg	0ed5a89608f589d185bcf04468c11f32	29947
mods/heroes.stormmod/enus.stormassets/localizeddata/sounds/vo/stukovkraken_vox_gethitsmall03.ogg	c649da9e5c11b61d496a75b1b1ce0640	27092
mods/heroes.stormmod/enus.stormassets/localizeddata/sounds/vo/stukovkraken_vox_gethitsmall04.ogg	1d5d5e1ac10ec3ab1cc030a6945c491a	33373
mods/heroes.stormmod/enus.stormassets/localizeddata/sounds/vo/stukovkraken_vox_gethitsmall05.ogg	6057169eeec18c04a779aea57fa4adb1	25439
mods/heroes.stormmod/enus.stormassets/localizeddata/sounds/vo/stukovkraken_vox_gethitsmall06.ogg	a154cf9c74e3cc0d06efe1ebc7a4cf89	31796
mods/heroes.stormmod/enus.stormassets/localizeddata/sounds/vo/stukovkraken_vox_gethitsmall07.ogg	8c17017500072cfe5cf7595a0d315085	26896
mods/heroes.stormmod/enus.stormassets/localizeddata/sounds/vo/stukovkraken_vox_gethitsmall08.ogg	0ed6a659ed8bce28b1a475123e1a52ee	40323
mods/heroes.stormmod/enus.stormassets/localizeddata/sounds/vo/stukovkraken_vox_gethitsmall09.ogg	fbaeb279c6f6722a3082257fa3d5f167	26241
mods/heroes.stormmod/enus.stormassets/localizeddata/sounds/vo/stukovkraken_vox_gethitsmall10.ogg	b2744e68e8b2571a5165099a869c98eb	29221
mods/heroes.stormmod/enus.stormassets/localizeddata/sounds/vo/stukovkraken_vox_gethitsmall11.ogg	83a7241977832e73712c7e3bdf74f564	29822
mods/heroes.stormmod/enus.stormassets/localizeddata/sounds/vo/stukovkraken_vox_gethitsmall12.ogg	c05ca2972685d6e63b8eca1d19039ed3	33866
mods/heroes.stormmod/enus.stormassets/localizeddata/sounds/vo/stukovkraken_vox_gethitsmall13.ogg	cd6add12d0dc57411e5fde0771c813ca	26098
mods/heroes.stormmod/enus.stormassets/localizeddata/sounds/vo/stukovkraken_vox_gethitsmall14.ogg	fc60c770a3e4cc6b40bec3f12603d398	30964
mods/heroes.stormmod/enus.stormassets/localizeddata/sounds/vo/stukovkraken_vox_gethitsmall15.ogg	9b037bd4029411e7a7b61a043811c0d6	27705
mods/heroes.stormmod/enus.stormassets/localizeddata/sounds/vo/stukovkraken_vox_reactione00.ogg	d05507c4b268e588d2fe1f1e4f7d320b	67064
mods/heroes.stormmod/enus.stormassets/localizeddata/sounds/vo/stukovkraken_vox_reactione01.ogg	b37135896271534ca4f9803edc396aa1	62572
mods/heroes.stormmod/enus.stormassets/localizeddata/sounds/vo/stukovkraken_vox_reactione02.ogg	d85e6b328a36fbf988078e906142df99	59162
mods/heroes.stormmod/enus.stormassets/localizeddata/sounds/vo/stukovkraken_vox_reactione03.ogg	35cd17748a8302b4547fd5e098dce89e	78650
mods/heroes.stormmod/enus.stormassets/localizeddata/sounds/vo/stukovkraken_vox_reactionpox00.ogg	932e23e9aff93d8a169489c17e9f0c1f	72653
mods/heroes.stormmod/enus.stormassets/localizeddata/sounds/vo/stukovkraken_vox_reactionpox01.ogg	094fccdb331f1b24f1e9e5f471dfec83	50525
mods/heroes.stormmod/enus.stormassets/localizeddata/sounds/vo/stukovkraken_vox_reactionpox02.ogg	83d5f774f4c12e0dbeac5d8181138810	73538
mods/heroes.stormmod/enus.stormassets/localizeddata/sounds/vo/stukovkraken_vox_reactionpox03.ogg	3736e657927aac0e5549145c0f1e472d	70738
mods/heroes.stormmod/enus.stormassets/localizeddata/sounds/vo/stukovkraken_vox_reactionw00.ogg	89dcf07234a93f6bcdf2f0fba09ac8ac	38318
mods/heroes.stormmod/enus.stormassets/localizeddata/sounds/vo/stukovkraken_vox_reactionw01.ogg	471513a11f5a24584cffb24b4d0b647e	51786
mods/heroes.stormmod/enus.stormassets/localizeddata/sounds/vo/stukovkraken_vox_reactionw02.ogg	75aed1a5d7a6804c26db85307e7fec74	44409
mods/heroes.stormmod/enus.stormassets/localizeddata/sounds/vo/stukovkraken_vox_reactionw03.ogg	90d73ddeb85df4eba07626022ba00bac	54211
mods/heroes.stormmod/enus.stormassets/localizeddata/sounds/vo/stukovkraken_vox_shove00.ogg	8bd41085a480679b202cc040320caf73	40227
mods/heroes.stormmod/enus.stormassets/localizeddata/sounds/vo/stukovkraken_vox_shove01.ogg	16b39dfe0fa3b287f4b0567c96aba376	52248
mods/heroes.stormmod/enus.stormassets/localizeddata/sounds/vo/stukovkraken_vox_shove02.ogg	08a8434b5c19aaa8cd6e9ab861c3ff2b	44817
mods/heroes.stormmod/enus.stormassets/localizeddata/sounds/vo/stukovkraken_vox_shove03.ogg	c584c7d903a2d900224d6f9b7747a4ac	56764
mods/heroes.stormmod/enus.stormassets/localizeddata/sounds/vo/stukovkraken_vox_shove04.ogg	5c5429e6314ed2b83a2068aede8255ea	40868
mods/heroes.stormmod/enus.stormassets/localizeddata/sounds/vo/stukovkraken_vox_shove05.ogg	1b49536864a7be0fcd217e5000237c67	40754
mods/heroes.stormmod/enus.stormassets/localizeddata/sounds/vo/stukovkraken_vox_shove06.ogg	da4fed387020a97880010aceb236877b	42526
mods/heroes.stormmod/enus.stormassets/localizeddata/sounds/vo/stukovkraken_vox_shove07.ogg	62ef0a1a0d4abbcb4cf899792cae6a5a	52526
mods/heroes.stormmod/enus.stormassets/localizeddata/sounds/vo/stukovkraken_vox_shove08.ogg	b0409d39298c822fa39da809f0f7e781	53604
mods/heroes.stormmod/enus.stormassets/localizeddata/sounds/vo/stukovkraken_vox_shove09.ogg	070c3088fb3a1e67956e9c238aee2359	46461
mods/heroes.stormmod/enus.stormassets/localizeddata/sounds/vo/stukovkraken_vox_shove10.ogg	c176a193eb71f319e36d45c7926d658d	42202
mods/heroes.stormmod/enus.stormassets/localizeddata/sounds/vo/stukovkraken_vox_shoveidle00.ogg	367806da77bbdbda2f1601d2d3a8896b	51653
mods/heroes.stormmod/enus.stormassets/localizeddata/sounds/vo/stukovkraken_vox_shoveidle01.ogg	1d162a09ad67752540d54c30436a410d	51447
mods/heroes.stormmod/enus.stormassets/localizeddata/sounds/vo/stukovkraken_vox_shoveidle02.ogg	2b3442850abca059d3af6f52b83f4455	44096
mods/heroes.stormmod/enus.stormassets/localizeddata/sounds/vo/stukovkraken_vox_shoveidle03.ogg	6c0f5c10f89d080cc06639b0defe8898	52715
mods/heroes.stormmod/enus.stormassets/localizeddata/sounds/vo/stukovkraken_vox_shoveidle04.ogg	15f76f079de3b409b966d6284bd99266	37729
mods/heroes.stormmod/enus.stormassets/localizeddata/sounds/vo/stukovkraken_vox_shoveidle05.ogg	ff931ae4bd2c39d2ae648923acff4bb6	82544
mods/heroes.stormmod/enus.stormassets/localizeddata/sounds/vo/stukovkraken_vox_shoveidle06.ogg	ad6b8576c0472439e95fb0d0a5dc94f9	89172
mods/heroes.stormmod/enus.stormassets/localizeddata/sounds/vo/stukovkraken_vox_shoveidle07.ogg	f1ea4d083dd15e6f41cdc8ae3468fba0	73111
mods/heroes.stormmod/enus.stormassets/localizeddata/sounds/vo/stukovkraken_worthit00.ogg	5b12c06841f01d46350e13273d568038	90075
mods/heroes.stormmod/enus.stormassets/localizeddata/sounds/vo/stukovkraken_worthit01.ogg	cc38eff1f46b1a57b66a0c7f532e7515	39653
mods/heroes.stormmod/enus.stormassets/localizeddata/sounds/vo/stukovkraken_yes00.ogg	ccef5805a48033be2d386ccaa3fb3565	28108
mods/heroes.stormmod/enus.stormassets/localizeddata/sounds/vo/stukovkraken_yes01.ogg	61630ffec5eef810cabba43ce3a8a6ad	43285
mods/heroes.stormmod/enus.stormassets/localizeddata/sounds/vo/stukovkraken_yes02.ogg	323ba4cfc7fb8fbedfc413832ce8747b	57573
mods/heroes.stormmod/enus.stormassets/localizeddata/sounds/vo/stukovkraken_yes03.ogg	8d7a9185a1a7308605f48e723fffd4bf	54369
mods/heroes.stormmod/enus.stormassets/localizeddata/sounds/vo/stukovkraken_yes04.ogg	2e9609bfede5cd8569e8275103234ec0	38855
mods/heroes.stormmod/enus.stormassets/localizeddata/sounds/vo/stukovkraken_yes05.ogg	f2184dda68959d4681b60e8cd358dc9f	31836
mods/heroes.stormmod/enus.stormassets/localizeddata/sounds/vo/stukovkraken_yes06.ogg	1c00ae753a938b1e6749c8266242a6f7	34849
mods/heroes.stormmod/enus.stormassets/localizeddata/sounds/vo/stukovkraken_yes07.ogg	20d00801e6210b5b43410f5dccd4fe67	35567
mods/heroes.stormmod/enus.stormassets/localizeddata/sounds/vo/stukovkraken_yes08.ogg	628de0fa7d9fe45b31be4376fbc3ba82	50364
mods/heroes.stormmod/enus.stormassets/localizeddata/sounds/vo/stukovkraken_yes09.ogg	181d9a3740687bb0a77f0c041d5769dc	51457
