mods/heroes.stormmod/enus.stormassets/localizeddata/sounds/vo/tassadar_ai_attack00.fxe	134dc447ff63057c838545db15ed978f	2635
mods/heroes.stormmod/enus.stormassets/localizeddata/sounds/vo/tassadar_ai_attack00.ogg	f5d8c8b3c1e002f279871388e466bf25	49386
mods/heroes.stormmod/enus.stormassets/localizeddata/sounds/vo/tassadar_ai_caution00.fxe	28b04d8802dc9248edabc9424da57e14	2460
mods/heroes.stormmod/enus.stormassets/localizeddata/sounds/vo/tassadar_ai_caution00.ogg	44ec6a62c0b667a73ded4409dc277fbc	55019
mods/heroes.stormmod/enus.stormassets/localizeddata/sounds/vo/tassadar_ai_goodjob00.fxe	a3c8920d904d0cd0f5f3b1ca3e7aba43	1804
mods/heroes.stormmod/enus.stormassets/localizeddata/sounds/vo/tassadar_ai_goodjob00.ogg	5ad3aa70750d45eec398edada6328fb7	37997
mods/heroes.stormmod/enus.stormassets/localizeddata/sounds/vo/tassadar_ai_goodjob01.fxe	006b477fe0707be4298ae0e935a1b955	1084
mods/heroes.stormmod/enus.stormassets/localizeddata/sounds/vo/tassadar_ai_goodjob01.ogg	2b18ede3e9b013e133654d1508711990	32736
mods/heroes.stormmod/enus.stormassets/localizeddata/sounds/vo/tassadar_ai_goodjob02.fxe	83e2d707eb408257589ca8baf68903ac	1180
mods/heroes.stormmod/enus.stormassets/localizeddata/sounds/vo/tassadar_ai_goodjob02.ogg	4cf921b60de5a1ebec198676dd32584b	30119
mods/heroes.stormmod/enus.stormassets/localizeddata/sounds/vo/tassadar_ai_heal00.fxe	cb38d7e069be2d1cbd387b0883fadc02	3129
mods/heroes.stormmod/enus.stormassets/localizeddata/sounds/vo/tassadar_ai_heal00.ogg	164cbb1387c7b4f1ef472c178c4f9c03	57425
mods/heroes.stormmod/enus.stormassets/localizeddata/sounds/vo/tassadar_ai_heal01.fxe	420ac42cd8cffc3a5d8e6da7c0ed8811	2969
mods/heroes.stormmod/enus.stormassets/localizeddata/sounds/vo/tassadar_ai_heal01.ogg	a7e1ac957438b7a982e08c10c167be8a	56058
mods/heroes.stormmod/enus.stormassets/localizeddata/sounds/vo/tassadar_ai_retreat00.fxe	3283c5bc6b6d736b49dc98ac6184926e	1708
mods/heroes.stormmod/enus.stormassets/localizeddata/sounds/vo/tassadar_ai_retreat00.ogg	d94d0cea0f94a9123d6f3a8fe7e32e9d	34273
mods/heroes.stormmod/enus.stormassets/localizeddata/sounds/vo/tassadar_ai_retreat01.fxe	10e7577a81fc620b94b133f9a66381c8	1596
mods/heroes.stormmod/enus.stormassets/localizeddata/sounds/vo/tassadar_ai_retreat01.ogg	3874206f3277d8ec093407a23b0d4a8d	34414
mods/heroes.stormmod/enus.stormassets/localizeddata/sounds/vo/tassadar_ai_uhoh00.fxe	1a42abc3a553df4b3b0faf52f5aa03a5	1849
mods/heroes.stormmod/enus.stormassets/localizeddata/sounds/vo/tassadar_ai_uhoh00.ogg	a909bb1a04cce679ed73760bbbb6e537	40974
mods/heroes.stormmod/enus.stormassets/localizeddata/sounds/vo/tassadar_ai_uhoh01.fxe	ec6df25bc4fb45e5d028ca8701345e79	1737
mods/heroes.stormmod/enus.stormassets/localizeddata/sounds/vo/tassadar_ai_uhoh01.ogg	54dd2b8c5e37ef864daa96b5033e8e6a	32400
mods/heroes.stormmod/enus.stormassets/localizeddata/sounds/vo/tassadar_ai_uhoh02.fxe	12db6bdb89b30d581bc1957183dc52cd	1897
mods/heroes.stormmod/enus.stormassets/localizeddata/sounds/vo/tassadar_ai_uhoh02.ogg	58b536a60220d15a8d505690915c1f25	46528
mods/heroes.stormmod/enus.stormassets/localizeddata/sounds/vo/tassadar_attack00.fxe	6f5f43eed98fbf8b42a5511375273868	1016
mods/heroes.stormmod/enus.stormassets/localizeddata/sounds/vo/tassadar_attack00.ogg	4ab97d573cec148f0991b9cd978a4c12	36056
mods/heroes.stormmod/enus.stormassets/localizeddata/sounds/vo/tassadar_attack01.fxe	1204cc5f4c553a7922e4e0ce10d19e8e	2216
mods/heroes.stormmod/enus.stormassets/localizeddata/sounds/vo/tassadar_attack01.ogg	413566bb64bb4ffd4fe4309e02dfa9cd	43492
mods/heroes.stormmod/enus.stormassets/localizeddata/sounds/vo/tassadar_attack02.fxe	58e15d93ec707ef8ee13f1c31c5d8c70	2040
mods/heroes.stormmod/enus.stormassets/localizeddata/sounds/vo/tassadar_attack02.ogg	e758b3590c8d85e2127b931550ae9562	44909
mods/heroes.stormmod/enus.stormassets/localizeddata/sounds/vo/tassadar_attack03.fxe	fe35eb43796c322c4a6f046876ec386a	1080
mods/heroes.stormmod/enus.stormassets/localizeddata/sounds/vo/tassadar_attack03.ogg	c2fecb8a065b17bcac82003fd2528186	29546
mods/heroes.stormmod/enus.stormassets/localizeddata/sounds/vo/tassadar_attack04.fxe	761e1dc115e93997af0aa64a5269e754	1144
mods/heroes.stormmod/enus.stormassets/localizeddata/sounds/vo/tassadar_attack04.ogg	7a6a3b5836b8adf8e35a58ced0147686	37470
mods/heroes.stormmod/enus.stormassets/localizeddata/sounds/vo/tassadar_attack05.fxe	38eb7990da3a870ee2b77d8722c06bea	1448
mods/heroes.stormmod/enus.stormassets/localizeddata/sounds/vo/tassadar_attack05.ogg	8a6a1d77f35f0ae7663afb6b9ececdca	39958
mods/heroes.stormmod/enus.stormassets/localizeddata/sounds/vo/tassadar_attack06.fxe	808aadf55c6bceebba9ebca0bd3acd01	1352
mods/heroes.stormmod/enus.stormassets/localizeddata/sounds/vo/tassadar_attack06.ogg	fc9972bd8aa7e9e73b439eea4c4fa538	39077
mods/heroes.stormmod/enus.stormassets/localizeddata/sounds/vo/tassadar_celebrate00.fxe	b9ac8a3360a834d497f10e8ab9da8d3d	1579
mods/heroes.stormmod/enus.stormassets/localizeddata/sounds/vo/tassadar_celebrate00.ogg	d4bdcd46d5248561e723c841757fe985	42617
mods/heroes.stormmod/enus.stormassets/localizeddata/sounds/vo/tassadar_celebrate01.fxe	6eb848343c4a514cc9beb4acb6471412	2059
mods/heroes.stormmod/enus.stormassets/localizeddata/sounds/vo/tassadar_celebrate01.ogg	84d713936623f32127c5d9c9487d31ee	40919
mods/heroes.stormmod/enus.stormassets/localizeddata/sounds/vo/tassadar_comeback00.fxe	44b4689027cdaa1845df08eaa2bf68b9	3050
mods/heroes.stormmod/enus.stormassets/localizeddata/sounds/vo/tassadar_comeback00.ogg	7d20b4e8ff184d91eaa2eec2bebc3341	59345
mods/heroes.stormmod/enus.stormassets/localizeddata/sounds/vo/tassadar_death00.fxe	361c61f79d3ec24b697fec99bfcfc772	1351
mods/heroes.stormmod/enus.stormassets/localizeddata/sounds/vo/tassadar_death00.wav	f05e48a175eb6bbb6146762a9b519f80	65852
mods/heroes.stormmod/enus.stormassets/localizeddata/sounds/vo/tassadar_death01.fxe	016dd0b2730da06e47bcefcfbff177cb	2311
mods/heroes.stormmod/enus.stormassets/localizeddata/sounds/vo/tassadar_death01.wav	59d3df39c276caca91f9b1d4f55c5363	85564
mods/heroes.stormmod/enus.stormassets/localizeddata/sounds/vo/tassadar_death02.fxe	36a9839b8bfcf494284b225f667f6646	2167
mods/heroes.stormmod/enus.stormassets/localizeddata/sounds/vo/tassadar_death02.wav	dbb97c19a5d5178aefd2a8b0224ef897	94268
mods/heroes.stormmod/enus.stormassets/localizeddata/sounds/vo/tassadar_death05.fxe	7528a4bf4a65f1107bc3021b8220c150	1671
mods/heroes.stormmod/enus.stormassets/localizeddata/sounds/vo/tassadar_death05.wav	eb687ce2ec533b54ce63873052507521	76860
mods/heroes.stormmod/enus.stormassets/localizeddata/sounds/vo/tassadar_death07.fxe	bc24aa997a68b1f550a411b1067d9f91	2519
mods/heroes.stormmod/enus.stormassets/localizeddata/sounds/vo/tassadar_death07.wav	876bfe01fe74b640b435f5ae813370f4	98876
mods/heroes.stormmod/enus.stormassets/localizeddata/sounds/vo/tassadar_healed00.fxe	ce4160969b400db02e7fbbbb963397b3	2488
mods/heroes.stormmod/enus.stormassets/localizeddata/sounds/vo/tassadar_healed00.ogg	eab9b45f5b69bbca0131547e810f9970	47730
mods/heroes.stormmod/enus.stormassets/localizeddata/sounds/vo/tassadar_healed01.fxe	3aa2165737fb3cba73c298884e80e2d5	1416
mods/heroes.stormmod/enus.stormassets/localizeddata/sounds/vo/tassadar_healed01.ogg	73aeddde24f40c0b35eb8e47cb395a46	36943
mods/heroes.stormmod/enus.stormassets/localizeddata/sounds/vo/tassadar_healed02.fxe	d24cbef8219b3c43e5f5c9db806c54d2	1624
mods/heroes.stormmod/enus.stormassets/localizeddata/sounds/vo/tassadar_healed02.ogg	e94645c80b65611b28f89a8f926c19df	45110
mods/heroes.stormmod/enus.stormassets/localizeddata/sounds/vo/tassadar_introagree00.fxe	666652daf0daa446bfa675646829f6c3	1836
mods/heroes.stormmod/enus.stormassets/localizeddata/sounds/vo/tassadar_introagree00.ogg	03b5d12b777909caa33c130549b50036	38340
mods/heroes.stormmod/enus.stormassets/localizeddata/sounds/vo/tassadar_introagree01.fxe	7ed63bc004ae9b40b1795baeb0175de9	1308
mods/heroes.stormmod/enus.stormassets/localizeddata/sounds/vo/tassadar_introagree01.ogg	0575f0e7c8c5e3f1d920e50239c1e297	36560
mods/heroes.stormmod/enus.stormassets/localizeddata/sounds/vo/tassadar_introagree02.fxe	78b7823240c7fb124f8b611c029de3ef	2188
mods/heroes.stormmod/enus.stormassets/localizeddata/sounds/vo/tassadar_introagree02.ogg	97ab543d44d8d34e44f745e3cd8dcd1b	44977
mods/heroes.stormmod/enus.stormassets/localizeddata/sounds/vo/tassadar_introboast00.fxe	7c637b051adf9255bd300dbaca1d95e7	2460
mods/heroes.stormmod/enus.stormassets/localizeddata/sounds/vo/tassadar_introboast00.ogg	59ae569beacc9edad6b439586c917062	48032
mods/heroes.stormmod/enus.stormassets/localizeddata/sounds/vo/tassadar_introboast01.fxe	cfa9ce21a386003d35f59010de6dc857	2652
mods/heroes.stormmod/enus.stormassets/localizeddata/sounds/vo/tassadar_introboast01.ogg	cc39eea8e5bce7e07eadb8d422e0bda4	47567
mods/heroes.stormmod/enus.stormassets/localizeddata/sounds/vo/tassadar_introquestion00.fxe	b5983233bfd07fe97f4fe8c3f1cdca97	2463
mods/heroes.stormmod/enus.stormassets/localizeddata/sounds/vo/tassadar_introquestion00.ogg	a36a18e6ef10b122deafe9720c69d481	46658
mods/heroes.stormmod/enus.stormassets/localizeddata/sounds/vo/tassadar_introquestion01.fxe	450c198d58da4d3669608ae38d1a8882	2319
mods/heroes.stormmod/enus.stormassets/localizeddata/sounds/vo/tassadar_introquestion01.ogg	e25d5597e6f48d8ba6b8d7a238384733	47632
mods/heroes.stormmod/enus.stormassets/localizeddata/sounds/vo/tassadar_introquestion_artanis00.fxe	9734e2b6fb57634b7fd34383cff1d8e6	2631
mods/heroes.stormmod/enus.stormassets/localizeddata/sounds/vo/tassadar_introquestion_artanis00.ogg	b0e2f67eb9ccbf7a155980b70af1f83b	53400
mods/heroes.stormmod/enus.stormassets/localizeddata/sounds/vo/tassadar_introquestion_fenix00.fxe	da4783c4d43ed6b034b4095fb3a4d4b9	3893
mods/heroes.stormmod/enus.stormassets/localizeddata/sounds/vo/tassadar_introquestion_fenix00.ogg	1b67cd8d54647dacf885b0e61a2df3a5	74040
mods/heroes.stormmod/enus.stormassets/localizeddata/sounds/vo/tassadar_introquestion_kerrigan00.fxe	08b1a131498d661b55b15f93c1f96f74	2968
mods/heroes.stormmod/enus.stormassets/localizeddata/sounds/vo/tassadar_introquestion_kerrigan00.ogg	19da55f98bf94a93b9c83a7054e34e7f	73690
mods/heroes.stormmod/enus.stormassets/localizeddata/sounds/vo/tassadar_introquestion_murky00.fxe	1ef424c679ff73b8c2edddbe320bebf9	2005
mods/heroes.stormmod/enus.stormassets/localizeddata/sounds/vo/tassadar_introquestion_murky00.ogg	18e14d5bf3c6a7fe44b83195d4d0fc25	52260
mods/heroes.stormmod/enus.stormassets/localizeddata/sounds/vo/tassadar_introquestion_negative00.fxe	27c637f70c96ff2e6e87a42d9509f693	3128
mods/heroes.stormmod/enus.stormassets/localizeddata/sounds/vo/tassadar_introquestion_negative00.ogg	721e5222ad50768410b4d989cace8919	73907
mods/heroes.stormmod/enus.stormassets/localizeddata/sounds/vo/tassadar_introquestion_positive00.fxe	bc692ac2052d2c0c99a64609087a0bd1	2600
mods/heroes.stormmod/enus.stormassets/localizeddata/sounds/vo/tassadar_introquestion_positive00.ogg	ea7f5a143838e088351135e9c3617563	46769
mods/heroes.stormmod/enus.stormassets/localizeddata/sounds/vo/tassadar_introquestion_tyrael00.ogg	4a5a51082045186c398b44313ed12447	37723
mods/heroes.stormmod/enus.stormassets/localizeddata/sounds/vo/tassadar_introquestion_zeratul00.fxe	23bff01db35000a25de503f37d38b816	2935
mods/heroes.stormmod/enus.stormassets/localizeddata/sounds/vo/tassadar_introquestion_zeratul00.ogg	b9fbc1b2725683383b005336a644a4e7	60087
mods/heroes.stormmod/enus.stormassets/localizeddata/sounds/vo/tassadar_introrespond00.fxe	197f6d5a6beb8dae8915e369ba9f4fa0	1118
mods/heroes.stormmod/enus.stormassets/localizeddata/sounds/vo/tassadar_introrespond00.ogg	e9d47c6e7ff4820126223fd08b6be12b	31814
mods/heroes.stormmod/enus.stormassets/localizeddata/sounds/vo/tassadar_introrespond01.fxe	48c0f1bf984876ea26a316aa2a5bb9b3	1070
mods/heroes.stormmod/enus.stormassets/localizeddata/sounds/vo/tassadar_introrespond01.ogg	00f69926ae08c0b0ce1a51675a64c2b1	35503
mods/heroes.stormmod/enus.stormassets/localizeddata/sounds/vo/tassadar_introrespond02.fxe	dac6aa1afae0dd5eb6047ef2fb931abc	2126
mods/heroes.stormmod/enus.stormassets/localizeddata/sounds/vo/tassadar_introrespond02.ogg	88f1a4dbaa77b2416cda35e7d3ef0ad9	45269
mods/heroes.stormmod/enus.stormassets/localizeddata/sounds/vo/tassadar_introresponse_artanis00.fxe	1a713f53704c84b910f33eff2ea85b03	2087
mods/heroes.stormmod/enus.stormassets/localizeddata/sounds/vo/tassadar_introresponse_artanis00.ogg	f99575f67105070718cd1134190def30	50154
mods/heroes.stormmod/enus.stormassets/localizeddata/sounds/vo/tassadar_introresponse_fenix00.fxe	cec2efd95cba13d84ff52e89083976ad	1845
mods/heroes.stormmod/enus.stormassets/localizeddata/sounds/vo/tassadar_introresponse_fenix00.ogg	350f464c6594dc0f0af80bf34d857bf4	47008
mods/heroes.stormmod/enus.stormassets/localizeddata/sounds/vo/tassadar_introresponse_kerrigan00.fxe	e9494d44952473650d6588da13399078	3560
mods/heroes.stormmod/enus.stormassets/localizeddata/sounds/vo/tassadar_introresponse_kerrigan00.ogg	4b37368bd32f314833a375da8078f21e	89218
mods/heroes.stormmod/enus.stormassets/localizeddata/sounds/vo/tassadar_introresponse_murky00.fxe	d22add2e3df1206ebb823ce3af6104d5	4389
mods/heroes.stormmod/enus.stormassets/localizeddata/sounds/vo/tassadar_introresponse_murky00.ogg	2c9225c2e17fad3c42704f3fe3f7b9f2	79159
mods/heroes.stormmod/enus.stormassets/localizeddata/sounds/vo/tassadar_introresponse_negative00.fxe	42d1556576d8cd03d28bf7e487559037	4024
mods/heroes.stormmod/enus.stormassets/localizeddata/sounds/vo/tassadar_introresponse_negative00.ogg	20c0fc402af681ff5ffca04b3e9a681f	79608
mods/heroes.stormmod/enus.stormassets/localizeddata/sounds/vo/tassadar_introresponse_positive00.fxe	9c00d3c37e2a6254b106514c2e27abc9	2680
mods/heroes.stormmod/enus.stormassets/localizeddata/sounds/vo/tassadar_introresponse_positive00.ogg	e8af42aa236781ef7fd3ced20aa75990	51300
mods/heroes.stormmod/enus.stormassets/localizeddata/sounds/vo/tassadar_introresponse_zeratul00.fxe	e4b0859cd352b548e5fc4fd45105303c	1911
mods/heroes.stormmod/enus.stormassets/localizeddata/sounds/vo/tassadar_introresponse_zeratul00.ogg	8a4323b5b381113c4f0e3566dd3d8ae9	51895
mods/heroes.stormmod/enus.stormassets/localizeddata/sounds/vo/tassadar_kill00.fxe	cb73a99b4dc41d1512af8d0494661955	1526
mods/heroes.stormmod/enus.stormassets/localizeddata/sounds/vo/tassadar_kill00.ogg	d6810d714a23f943f0cbb19113fefbf2	43456
mods/heroes.stormmod/enus.stormassets/localizeddata/sounds/vo/tassadar_kill01.fxe	af53cd91f7c9394658e0bc1da23a2675	1062
mods/heroes.stormmod/enus.stormassets/localizeddata/sounds/vo/tassadar_kill01.ogg	870b4f08f040c523760c3d4f12760bc2	31252
mods/heroes.stormmod/enus.stormassets/localizeddata/sounds/vo/tassadar_kill02.fxe	c60914150ef3b52329a8bbe41e1d5e27	1670
mods/heroes.stormmod/enus.stormassets/localizeddata/sounds/vo/tassadar_kill02.ogg	26a1d7d7e08b6b7814db53b39fe7e9dc	34735
mods/heroes.stormmod/enus.stormassets/localizeddata/sounds/vo/tassadar_kill03.fxe	77bcb275576d1962caad0e9db8405802	1126
mods/heroes.stormmod/enus.stormassets/localizeddata/sounds/vo/tassadar_kill03.ogg	2bbe3f8daf6365adb324c8800d315526	31507
mods/heroes.stormmod/enus.stormassets/localizeddata/sounds/vo/tassadar_kill04.fxe	7fa972dc32d92bc997aae86c70b47a7e	1926
mods/heroes.stormmod/enus.stormassets/localizeddata/sounds/vo/tassadar_kill04.ogg	f223bf3d3be5b6157ce199f998c0d8a1	52201
mods/heroes.stormmod/enus.stormassets/localizeddata/sounds/vo/tassadar_killartanis00.fxe	456c59854d5883be8d29731da8d21a29	1885
mods/heroes.stormmod/enus.stormassets/localizeddata/sounds/vo/tassadar_killartanis00.ogg	c306c428628db24b99c126263dbf3b7a	46494
mods/heroes.stormmod/enus.stormassets/localizeddata/sounds/vo/tassadar_killbrightwing00.fxe	8632ea8f1a33886a15ecfaede50fa2e6	2640
mods/heroes.stormmod/enus.stormassets/localizeddata/sounds/vo/tassadar_killbrightwing00.ogg	b8b53071641649e203ea75b95c21b08f	63325
mods/heroes.stormmod/enus.stormassets/localizeddata/sounds/vo/tassadar_killkerrigan00.fxe	2c2c053511f1cfa713bbfd8c4d030173	2606
mods/heroes.stormmod/enus.stormassets/localizeddata/sounds/vo/tassadar_killkerrigan00.ogg	8a99a7dcb0f1bb7255f7fd24b7b4bf18	59213
mods/heroes.stormmod/enus.stormassets/localizeddata/sounds/vo/tassadar_killraynor00.fxe	c75a4f9402a7ef81e098bb419d0f8cfa	2028
mods/heroes.stormmod/enus.stormassets/localizeddata/sounds/vo/tassadar_killraynor00.ogg	3e15d3117d8a5fc19f5faf7746b97042	51915
mods/heroes.stormmod/enus.stormassets/localizeddata/sounds/vo/tassadar_killspreeend00.fxe	290488adbdc2a0c0a944571e232f2ba2	1630
mods/heroes.stormmod/enus.stormassets/localizeddata/sounds/vo/tassadar_killspreeend00.ogg	762cc54b1b326de1b1e3b88ef257498d	43001
mods/heroes.stormmod/enus.stormassets/localizeddata/sounds/vo/tassadar_killtassadar00.fxe	a88201761c79b592ab6939e2c4c7f811	1646
mods/heroes.stormmod/enus.stormassets/localizeddata/sounds/vo/tassadar_killtassadar00.ogg	eb9f75ca55cc8d64f190b81a6414ec90	50516
mods/heroes.stormmod/enus.stormassets/localizeddata/sounds/vo/tassadar_killzeratul00.fxe	3b24599df3cd76ceb0a357a18f80adc3	2061
mods/heroes.stormmod/enus.stormassets/localizeddata/sounds/vo/tassadar_killzeratul00.ogg	5ad607117995c8f781323484d737eddb	49643
mods/heroes.stormmod/enus.stormassets/localizeddata/sounds/vo/tassadar_killzerg00.fxe	e34abca6c1f65c0e751092ab1f0fa3df	2842
mods/heroes.stormmod/enus.stormassets/localizeddata/sounds/vo/tassadar_killzerg00.ogg	c211866ca142ebdc565c790f5b7ae849	65788
mods/heroes.stormmod/enus.stormassets/localizeddata/sounds/vo/tassadar_laugh00.fxe	807063a47db452bd7f1d1eec28d97dcc	3095
mods/heroes.stormmod/enus.stormassets/localizeddata/sounds/vo/tassadar_laugh00.ogg	cba434f22a1df802c0b18a9507071ac6	51771
mods/heroes.stormmod/enus.stormassets/localizeddata/sounds/vo/tassadar_lowlifeheal00.fxe	183209755427f45152d1a39c9b0da4f6	2621
mods/heroes.stormmod/enus.stormassets/localizeddata/sounds/vo/tassadar_lowlifeheal00.ogg	cdcb9b8d63124d19fa21ac4f06ecdb72	64175
mods/heroes.stormmod/enus.stormassets/localizeddata/sounds/vo/tassadar_lowlifeheal01.fxe	101885e66fce5e87b003c56f3b900391	2733
mods/heroes.stormmod/enus.stormassets/localizeddata/sounds/vo/tassadar_lowlifeheal01.ogg	f12dc66c0022475b4093dc3830b87d91	62250
mods/heroes.stormmod/enus.stormassets/localizeddata/sounds/vo/tassadar_lowlifeheal02.fxe	eb97ac5324a62ec563e9392a5c531a18	2509
mods/heroes.stormmod/enus.stormassets/localizeddata/sounds/vo/tassadar_lowlifeheal02.ogg	b1708f69f16ee5dea442c01bfad71b7d	63619
mods/heroes.stormmod/enus.stormassets/localizeddata/sounds/vo/tassadar_lowmana00.fxe	9aa6696087c836d7d6828c2f802f3c63	1497
mods/heroes.stormmod/enus.stormassets/localizeddata/sounds/vo/tassadar_lowmana00.ogg	5cba7fa217f54e3663db6a7ebc4c4166	40459
mods/heroes.stormmod/enus.stormassets/localizeddata/sounds/vo/tassadar_lowmana01.fxe	f610494dd48b48d3240663673accfcd7	1433
mods/heroes.stormmod/enus.stormassets/localizeddata/sounds/vo/tassadar_lowmana01.ogg	22cc9bff5d5572dc93b5489ce9867359	49019
mods/heroes.stormmod/enus.stormassets/localizeddata/sounds/vo/tassadar_lowmana02.fxe	d325667f72bc906a605c664e5a42122e	2073
mods/heroes.stormmod/enus.stormassets/localizeddata/sounds/vo/tassadar_lowmana02.ogg	363c25a87221a701c53332d2ecb8e555	57057
mods/heroes.stormmod/enus.stormassets/localizeddata/sounds/vo/tassadar_matchend00.ogg	0f6bacb9afe95b630a0a0c251ed5917f	21080
mods/heroes.stormmod/enus.stormassets/localizeddata/sounds/vo/tassadar_no00.fxe	c290c4c3776a07c7c98652b3092e4b77	1796
mods/heroes.stormmod/enus.stormassets/localizeddata/sounds/vo/tassadar_no00.ogg	8ed69914b6e853c3fa0b55ab08c37e7b	40487
mods/heroes.stormmod/enus.stormassets/localizeddata/sounds/vo/tassadar_no01.fxe	df7b92115aad968d08b499c2a3779bc7	1620
mods/heroes.stormmod/enus.stormassets/localizeddata/sounds/vo/tassadar_no01.ogg	2b1bb78990fb480460abed717ce01f92	36453
mods/heroes.stormmod/enus.stormassets/localizeddata/sounds/vo/tassadar_no02.fxe	5b63c02b53dae417b1480f38f3600916	836
mods/heroes.stormmod/enus.stormassets/localizeddata/sounds/vo/tassadar_no02.ogg	19ccfd0162fa7f863de44ba2e38021ac	28696
mods/heroes.stormmod/enus.stormassets/localizeddata/sounds/vo/tassadar_ping_assisthero00.fxe	d3e848780f06c796309d212af438403f	2529
mods/heroes.stormmod/enus.stormassets/localizeddata/sounds/vo/tassadar_ping_assisthero00.ogg	7043254dd7a1ca730a5d8c6fb1452106	48951
mods/heroes.stormmod/enus.stormassets/localizeddata/sounds/vo/tassadar_ping_assistme00.fxe	b5b69a8c7f7e175c61c611e2bdb51f20	1487
mods/heroes.stormmod/enus.stormassets/localizeddata/sounds/vo/tassadar_ping_assistme00.ogg	2418894965c02a414747f6cde2e1f63d	37930
mods/heroes.stormmod/enus.stormassets/localizeddata/sounds/vo/tassadar_ping_assistme01.fxe	86c2e96757f36bf762eb1c9f4097b535	1423
mods/heroes.stormmod/enus.stormassets/localizeddata/sounds/vo/tassadar_ping_assistme01.ogg	3e8a46696ccdbeb04ed2fb4fcee1a67b	41030
mods/heroes.stormmod/enus.stormassets/localizeddata/sounds/vo/tassadar_ping_attackcastle00.fxe	7a4dea51deceb1aebcbb5de7676bb55a	2483
mods/heroes.stormmod/enus.stormassets/localizeddata/sounds/vo/tassadar_ping_attackcastle00.ogg	312ed3e3da3f8f5b569c6197a3509ac6	53371
mods/heroes.stormmod/enus.stormassets/localizeddata/sounds/vo/tassadar_ping_attackmerc00.fxe	f24014c0e0186eabf0a613b5d6333ecc	2689
mods/heroes.stormmod/enus.stormassets/localizeddata/sounds/vo/tassadar_ping_attackmerc00.ogg	b30df8a0c48d56a6905f769727ea59e1	49330
mods/heroes.stormmod/enus.stormassets/localizeddata/sounds/vo/tassadar_ping_attackoutpost00.fxe	81f027190baea5560125f65fc3f4348b	2100
mods/heroes.stormmod/enus.stormassets/localizeddata/sounds/vo/tassadar_ping_attackoutpost00.ogg	3dd117474d840b5f99f58d00bcf21ea1	46390
mods/heroes.stormmod/enus.stormassets/localizeddata/sounds/vo/tassadar_ping_attacktower00.fxe	e78596d2e4849a67855883fd6135cd77	2226
mods/heroes.stormmod/enus.stormassets/localizeddata/sounds/vo/tassadar_ping_attacktower00.ogg	a80deb36888865a1e61a7ae9708efb6a	48486
mods/heroes.stormmod/enus.stormassets/localizeddata/sounds/vo/tassadar_ping_defendcastle00.fxe	bf198ea025ce5bfa3f4f6ced9f7855cb	1747
mods/heroes.stormmod/enus.stormassets/localizeddata/sounds/vo/tassadar_ping_defendcastle00.ogg	4a816c2b38c7b54f7812055bb98d6505	37653
mods/heroes.stormmod/enus.stormassets/localizeddata/sounds/vo/tassadar_ping_defendoutpost00.fxe	8756ed38212587a156381bb13ca49902	1732
mods/heroes.stormmod/enus.stormassets/localizeddata/sounds/vo/tassadar_ping_defendoutpost00.ogg	35b228218cbee5a236cb21203e28c121	38907
mods/heroes.stormmod/enus.stormassets/localizeddata/sounds/vo/tassadar_ping_defendtower00.fxe	e589205bc1ebbc4c14c5a06f3f96b220	2258
mods/heroes.stormmod/enus.stormassets/localizeddata/sounds/vo/tassadar_ping_defendtower00.ogg	237b4978f875e8db734fe44998a1cb9b	47386
mods/heroes.stormmod/enus.stormassets/localizeddata/sounds/vo/tassadar_ping_killhero00.fxe	5f1e99e45fb70782ed62c8ac109f5e41	1871
mods/heroes.stormmod/enus.stormassets/localizeddata/sounds/vo/tassadar_ping_killhero00.ogg	b8209c96f02d2ed3cfe673defcc122ea	43572
mods/heroes.stormmod/enus.stormassets/localizeddata/sounds/vo/tassadar_pissed00.fxe	2cdbb6e811d5279dd331a330541493f9	1368
mods/heroes.stormmod/enus.stormassets/localizeddata/sounds/vo/tassadar_pissed00.ogg	851d17e5ead661a0b4df0a0509997721	37956
mods/heroes.stormmod/enus.stormassets/localizeddata/sounds/vo/tassadar_pissed01.fxe	d8c7b651e73242b5a2bc7e9e87f63996	1144
mods/heroes.stormmod/enus.stormassets/localizeddata/sounds/vo/tassadar_pissed01.ogg	47d696a4997ab293b811b6fe08fac209	32533
mods/heroes.stormmod/enus.stormassets/localizeddata/sounds/vo/tassadar_pissed02.fxe	5715b7150bddf623ae93b4117679ee14	4184
mods/heroes.stormmod/enus.stormassets/localizeddata/sounds/vo/tassadar_pissed02.ogg	a89140086e471c8ec8de22d577254ffd	101882
mods/heroes.stormmod/enus.stormassets/localizeddata/sounds/vo/tassadar_pissed03.fxe	6a35cb03c7c59dde30b34e7ecc695a8f	2856
mods/heroes.stormmod/enus.stormassets/localizeddata/sounds/vo/tassadar_pissed03.ogg	fcd7c1f2e740e5cb7f65de0305cb6172	61698
mods/heroes.stormmod/enus.stormassets/localizeddata/sounds/vo/tassadar_pissed04.fxe	06e3e01ddc5d99ca6455f338639d4b30	4168
mods/heroes.stormmod/enus.stormassets/localizeddata/sounds/vo/tassadar_pissed04.ogg	8ccfbadcab3805df30ff4caf5e72470f	107134
mods/heroes.stormmod/enus.stormassets/localizeddata/sounds/vo/tassadar_pissed05.fxe	060233a45349a585496994c0c34ae031	3576
mods/heroes.stormmod/enus.stormassets/localizeddata/sounds/vo/tassadar_pissed05.ogg	cb9ebc7b734e30952d97b24942423621	80114
mods/heroes.stormmod/enus.stormassets/localizeddata/sounds/vo/tassadar_pissed06.fxe	c56a5d6b1fda948f046ae84473501314	4600
mods/heroes.stormmod/enus.stormassets/localizeddata/sounds/vo/tassadar_pissed06.ogg	51af9edb4ec72503d01390998c5beaed	91132
mods/heroes.stormmod/enus.stormassets/localizeddata/sounds/vo/tassadar_pissed07.fxe	eab44c0d9ad515b89c030b9e06948e98	3064
mods/heroes.stormmod/enus.stormassets/localizeddata/sounds/vo/tassadar_pissed07.ogg	4bb85bce564fff77fcdbb99a6349e7e8	87175
mods/heroes.stormmod/enus.stormassets/localizeddata/sounds/vo/tassadar_pissed08.fxe	803ea1588cae865cb16b7e14311443fd	6488
mods/heroes.stormmod/enus.stormassets/localizeddata/sounds/vo/tassadar_pissed08.ogg	00552951f841b2f1445393d8c9603d02	116361
mods/heroes.stormmod/enus.stormassets/localizeddata/sounds/vo/tassadar_pissed09_alt.fxe	3172857d457a893dfbfa16bb06dab8fa	3100
mods/heroes.stormmod/enus.stormassets/localizeddata/sounds/vo/tassadar_pissed09_alt.ogg	65d3e23d12e8d272b5ebe21c33b5c6da	68731
mods/heroes.stormmod/enus.stormassets/localizeddata/sounds/vo/tassadar_pissed10.fxe	83181b5c4b6639722367f401056b144d	3656
mods/heroes.stormmod/enus.stormassets/localizeddata/sounds/vo/tassadar_pissed10.ogg	700b998fc9b7a31da6fe050ab00d5693	75626
mods/heroes.stormmod/enus.stormassets/localizeddata/sounds/vo/tassadar_pissed11.fxe	cd470f0fcc00ee63d2aa52d218520b8e	1384
mods/heroes.stormmod/enus.stormassets/localizeddata/sounds/vo/tassadar_pissed11.ogg	3015032fe876b991b770f30f8a992f30	49878
mods/heroes.stormmod/enus.stormassets/localizeddata/sounds/vo/tassadar_pissed12.fxe	8ec3caa84031603398655d49768d9a27	2552
mods/heroes.stormmod/enus.stormassets/localizeddata/sounds/vo/tassadar_pissed12.ogg	cde1a6db774238e6f5c8555f91eb6668	60438
mods/heroes.stormmod/enus.stormassets/localizeddata/sounds/vo/tassadar_pissed13.fxe	c719fd40e9ab16aa127368f72bd1b8e1	4712
mods/heroes.stormmod/enus.stormassets/localizeddata/sounds/vo/tassadar_pissed13.ogg	b838bd6003e2a2f86f894475a5c5034f	92814
mods/heroes.stormmod/enus.stormassets/localizeddata/sounds/vo/tassadar_pissed14.fxe	1b6c277dff5de54e4a3933b5406833a6	5480
mods/heroes.stormmod/enus.stormassets/localizeddata/sounds/vo/tassadar_pissed14.ogg	abe4fa3d83ad10604a14dd2c79b9fc76	95604
mods/heroes.stormmod/enus.stormassets/localizeddata/sounds/vo/tassadar_resurrected00.fxe	c571d09e93473b91db74870c8588ed3b	1245
mods/heroes.stormmod/enus.stormassets/localizeddata/sounds/vo/tassadar_resurrected00.ogg	0145915e7f947562c66873066b208454	34196
mods/heroes.stormmod/enus.stormassets/localizeddata/sounds/vo/tassadar_resurrected01.fxe	97a61d8bdabde19a545b667ca4097a03	2573
mods/heroes.stormmod/enus.stormassets/localizeddata/sounds/vo/tassadar_resurrected01.ogg	9d4b390d6632cd2fd2b6be8453a3dbc7	50207
mods/heroes.stormmod/enus.stormassets/localizeddata/sounds/vo/tassadar_revive00.fxe	f6d81b84eb16d9096a9e48258e3d6d76	1752
mods/heroes.stormmod/enus.stormassets/localizeddata/sounds/vo/tassadar_revive00.ogg	76d0206f29d755e8451d0182573e5df1	47220
mods/heroes.stormmod/enus.stormassets/localizeddata/sounds/vo/tassadar_revive01.fxe	d0d0a410dc688eef2c9f747eb0c2f54e	1064
mods/heroes.stormmod/enus.stormassets/localizeddata/sounds/vo/tassadar_revive01.ogg	5d399c93e6d11ae5637d8d72053cf247	36106
mods/heroes.stormmod/enus.stormassets/localizeddata/sounds/vo/tassadar_revive02.fxe	63cd345a9651ee88d2284af5c17240b7	2792
mods/heroes.stormmod/enus.stormassets/localizeddata/sounds/vo/tassadar_revive02.ogg	9a9e26ae7c28984c1155d78f26a2a22e	60114
mods/heroes.stormmod/enus.stormassets/localizeddata/sounds/vo/tassadar_spec00.fxe	18290f54c265c40ff58a0acb05cbb9f2	1942
mods/heroes.stormmod/enus.stormassets/localizeddata/sounds/vo/tassadar_spec00.ogg	a68bf09c35e4cbdbd193b60b4bcb9c7f	44411
mods/heroes.stormmod/enus.stormassets/localizeddata/sounds/vo/tassadar_spec01.fxe	170325bdbc93fc786f7818841db85283	1286
mods/heroes.stormmod/enus.stormassets/localizeddata/sounds/vo/tassadar_spec01.ogg	6c5b565e81fd37a852d4c084e37e3a64	38765
mods/heroes.stormmod/enus.stormassets/localizeddata/sounds/vo/tassadar_spec02.fxe	cc7eb3f650e70b6c0e176c1fc31fef10	1542
mods/heroes.stormmod/enus.stormassets/localizeddata/sounds/vo/tassadar_spec02.ogg	7a928c22df928e602117596d22eccc75	44941
mods/heroes.stormmod/enus.stormassets/localizeddata/sounds/vo/tassadar_spec03.fxe	4cb06716e4754b144bdcf0c337356a15	1206
mods/heroes.stormmod/enus.stormassets/localizeddata/sounds/vo/tassadar_spec03.ogg	b440f2b5a92aefaca0a64e612f7c5b0a	36601
mods/heroes.stormmod/enus.stormassets/localizeddata/sounds/vo/tassadar_spec04.fxe	3269c9b24d5b1e48f7d3c9173e35dd20	1638
mods/heroes.stormmod/enus.stormassets/localizeddata/sounds/vo/tassadar_spec04.ogg	924ef9770c79e2a0eb248a832315a860	37794
mods/heroes.stormmod/enus.stormassets/localizeddata/sounds/vo/tassadar_taunt00.fxe	5483a8cb2624a5b1dce95a53afba372e	2615
mods/heroes.stormmod/enus.stormassets/localizeddata/sounds/vo/tassadar_taunt00.ogg	506d98b8c7bd09171d31e581fd1cc97e	54613
mods/heroes.stormmod/enus.stormassets/localizeddata/sounds/vo/tassadar_taunt01.fxe	32a712357f1802f9281c4930988998cb	2087
mods/heroes.stormmod/enus.stormassets/localizeddata/sounds/vo/tassadar_taunt01.ogg	c22151ba71ce7e565207f39b623b5bf6	51738
mods/heroes.stormmod/enus.stormassets/localizeddata/sounds/vo/tassadar_taunt02.fxe	1021f99898f7b801457a5a6faf3f5c48	2647
mods/heroes.stormmod/enus.stormassets/localizeddata/sounds/vo/tassadar_taunt02.ogg	777714c93dae360a44358dd964279486	53405
mods/heroes.stormmod/enus.stormassets/localizeddata/sounds/vo/tassadar_teamkilled00.fxe	a68c530a2aedeeadbde9a7fdcc5062d8	2700
mods/heroes.stormmod/enus.stormassets/localizeddata/sounds/vo/tassadar_teamkilled00.ogg	060274d3c6f324f1ef625c39efe42115	56242
mods/heroes.stormmod/enus.stormassets/localizeddata/sounds/vo/tassadar_ui_exlocked00.fxe	c9601ee7b80614202555481c5992ff1d	2077
mods/heroes.stormmod/enus.stormassets/localizeddata/sounds/vo/tassadar_ui_exlocked00.ogg	4ae1a20f05eb2a9ce4f29805ea801eb0	49919
mods/heroes.stormmod/enus.stormassets/localizeddata/sounds/vo/tassadar_ui_expurchased00.fxe	2d48a0c4e9c4242620ce9058982e2742	1408
mods/heroes.stormmod/enus.stormassets/localizeddata/sounds/vo/tassadar_ui_expurchased00.ogg	934231ef08e25937054d5c040bbbc448	37014
mods/heroes.stormmod/enus.stormassets/localizeddata/sounds/vo/tassadar_ui_gift00.fxe	991100ca83c1c647bbfa47688da15cbe	2233
mods/heroes.stormmod/enus.stormassets/localizeddata/sounds/vo/tassadar_ui_gift00.ogg	0816e363d7e6befc59874c72721d5d03	44837
mods/heroes.stormmod/enus.stormassets/localizeddata/sounds/vo/tassadar_ui_lockin00.fxe	a878327aee3458f48bee582bb5452d99	2379
mods/heroes.stormmod/enus.stormassets/localizeddata/sounds/vo/tassadar_ui_lockin00.ogg	e0eb5c8855499e68df4b9149b0c30200	55289
mods/heroes.stormmod/enus.stormassets/localizeddata/sounds/vo/tassadar_ui_purchase00.fxe	f18c1fa6ca2b32d2fde2e0687a100f36	1741
mods/heroes.stormmod/enus.stormassets/localizeddata/sounds/vo/tassadar_ui_purchase00.ogg	c46e75c4c2ffc34c46875380e18c1c2c	40940
mods/heroes.stormmod/enus.stormassets/localizeddata/sounds/vo/tassadar_ui_trial00.fxe	0f148d6f53eaaaa912346290f30f2c21	2570
mods/heroes.stormmod/enus.stormassets/localizeddata/sounds/vo/tassadar_ui_trial00.ogg	07d29d58072a940b4289ed3b4dbee0a3	60301
mods/heroes.stormmod/enus.stormassets/localizeddata/sounds/vo/tassadar_ui_trial01.fxe	a8bc14796a9dc7a03ca9dd1af7671a9e	2730
mods/heroes.stormmod/enus.stormassets/localizeddata/sounds/vo/tassadar_ui_trial01.ogg	05d4ac0b3e4b01aa65c6d810c28b9b4b	59099
mods/heroes.stormmod/enus.stormassets/localizeddata/sounds/vo/tassadar_ui_waitlocked00.fxe	99382d100614965dffef3c633314bfb2	1423
mods/heroes.stormmod/enus.stormassets/localizeddata/sounds/vo/tassadar_ui_waitlocked00.ogg	0baa8081e531422cc7c0b2039b189231	34691
mods/heroes.stormmod/enus.stormassets/localizeddata/sounds/vo/tassadar_ui_waitlocked01.fxe	b88231ae3a30ccb17493eefbe865976e	1871
mods/heroes.stormmod/enus.stormassets/localizeddata/sounds/vo/tassadar_ui_waitlocked01.ogg	7f0e91661c27339231d81d09aedc20d0	44562
mods/heroes.stormmod/enus.stormassets/localizeddata/sounds/vo/tassadar_ui_waitpurchased00.fxe	fae3beb7341870c5923e340037e1e10d	2978
mods/heroes.stormmod/enus.stormassets/localizeddata/sounds/vo/tassadar_ui_waitpurchased00.ogg	3c7674a556e9b1d9c10dcc740426fe1d	73103
mods/heroes.stormmod/enus.stormassets/localizeddata/sounds/vo/tassadar_ui_waitpurchased01.fxe	702ce028b0ddba41f41a1d9736024c9d	3810
mods/heroes.stormmod/enus.stormassets/localizeddata/sounds/vo/tassadar_ui_waitpurchased01.ogg	1701d26ae5b3e9551785efd6c880766b	71740
mods/heroes.stormmod/enus.stormassets/localizeddata/sounds/vo/tassadar_ultimate1used00.fxe	091ecc438defffe5bf7793d8205402fd	1599
mods/heroes.stormmod/enus.stormassets/localizeddata/sounds/vo/tassadar_ultimate1used00.ogg	41eb7cbe81281d8a2914cedd9191b266	36132
mods/heroes.stormmod/enus.stormassets/localizeddata/sounds/vo/tassadar_ultimate1used01.fxe	edd1186239d0c565c88e98957315bb34	1199
mods/heroes.stormmod/enus.stormassets/localizeddata/sounds/vo/tassadar_ultimate1used01.ogg	33536021a27d1b25951bd255cb626453	33611
mods/heroes.stormmod/enus.stormassets/localizeddata/sounds/vo/tassadar_ultimate1used02.fxe	e74d9caff3bc441dde96a0f3b1295114	1055
mods/heroes.stormmod/enus.stormassets/localizeddata/sounds/vo/tassadar_ultimate1used02.ogg	9d4047fe988feeaae0811f199ad2226f	30351
mods/heroes.stormmod/enus.stormassets/localizeddata/sounds/vo/tassadar_ultimate1used03.fxe	1f680539a6cb3f8efb0f9088761c8157	911
mods/heroes.stormmod/enus.stormassets/localizeddata/sounds/vo/tassadar_ultimate1used03.ogg	648b39c67e2970eead945baa3d168075	28843
mods/heroes.stormmod/enus.stormassets/localizeddata/sounds/vo/tassadar_ultimate2used00.fxe	3ab906e8f02a73083b889893b1f5bd79	1791
mods/heroes.stormmod/enus.stormassets/localizeddata/sounds/vo/tassadar_ultimate2used00.ogg	70b15a1c8cf52fd132d447230470985a	48505
mods/heroes.stormmod/enus.stormassets/localizeddata/sounds/vo/tassadar_ultimate2used01.fxe	9689f22a1f6deded3fed7acb4dc85468	2095
mods/heroes.stormmod/enus.stormassets/localizeddata/sounds/vo/tassadar_ultimate2used01.ogg	64c65a496d890ab1077465d12dde9b83	54074
mods/heroes.stormmod/enus.stormassets/localizeddata/sounds/vo/tassadar_voicelinefive00.ogg	689dd534e6cc47ffa7d551fe8e4974af	32278
mods/heroes.stormmod/enus.stormassets/localizeddata/sounds/vo/tassadar_voicelinefour00.ogg	ca4cc11858aa33fa9da31e2f4fd2d742	29131
mods/heroes.stormmod/enus.stormassets/localizeddata/sounds/vo/tassadar_voicelineone00.ogg	1eb93299d69809e801fa801685426d29	25749
mods/heroes.stormmod/enus.stormassets/localizeddata/sounds/vo/tassadar_voicelinethree00.ogg	85e46480491d5b57cd5c7c1c10a36904	26225
mods/heroes.stormmod/enus.stormassets/localizeddata/sounds/vo/tassadar_voicelinetwo00.ogg	4a5a51082045186c398b44313ed12447	37723
mods/heroes.stormmod/enus.stormassets/localizeddata/sounds/vo/tassadar_vox_attack00.fxe	3f59d1690c032dc5158d7ff0c3527129	1228
mods/heroes.stormmod/enus.stormassets/localizeddata/sounds/vo/tassadar_vox_attack00.ogg	f9c39b2b0904d88a489bbadae831dd54	18644
mods/heroes.stormmod/enus.stormassets/localizeddata/sounds/vo/tassadar_vox_attack01.fxe	8d475282a41b01b260c6412cd37fa28d	1308
mods/heroes.stormmod/enus.stormassets/localizeddata/sounds/vo/tassadar_vox_attack01.ogg	4a85f6e290c95f538079b8a7347bc1d5	17242
mods/heroes.stormmod/enus.stormassets/localizeddata/sounds/vo/tassadar_vox_attack02.fxe	be2affeba0a279544b54c476c16f76a8	1340
mods/heroes.stormmod/enus.stormassets/localizeddata/sounds/vo/tassadar_vox_attack02.ogg	cd79ee95868ce4a9f13898b44c4b248d	19308
mods/heroes.stormmod/enus.stormassets/localizeddata/sounds/vo/tassadar_vox_attack03.fxe	d3c95c2ba36a7c4e81777066b6915f9b	1388
mods/heroes.stormmod/enus.stormassets/localizeddata/sounds/vo/tassadar_vox_attack03.ogg	ddc68610a79511aa65e859164ec7c96b	16896
mods/heroes.stormmod/enus.stormassets/localizeddata/sounds/vo/tassadar_vox_attack04.fxe	11536a582b46e7e25e6e460251e342a2	1084
mods/heroes.stormmod/enus.stormassets/localizeddata/sounds/vo/tassadar_vox_attack04.ogg	e595188b9b00403d9535936f46201c59	19057
mods/heroes.stormmod/enus.stormassets/localizeddata/sounds/vo/tassadar_vox_attack05.fxe	40ac2604f382ff45c287c8136e99808a	1132
mods/heroes.stormmod/enus.stormassets/localizeddata/sounds/vo/tassadar_vox_attack05.ogg	77ca4efe2e8004fc372ed8156f9fb394	17100
mods/heroes.stormmod/enus.stormassets/localizeddata/sounds/vo/tassadar_vox_attack07.fxe	5594c34daab79602a48f0cff70832324	1292
mods/heroes.stormmod/enus.stormassets/localizeddata/sounds/vo/tassadar_vox_attack07.ogg	5e10146213cc2f5c6072ab46ab9943f6	17210
mods/heroes.stormmod/enus.stormassets/localizeddata/sounds/vo/tassadar_vox_attack08.fxe	7d86fa03b2fd2006f6101aa58620f1f0	1484
mods/heroes.stormmod/enus.stormassets/localizeddata/sounds/vo/tassadar_vox_attack08.ogg	0209bc2d0e2067fe6dd84d9d660a0c7f	22461
mods/heroes.stormmod/enus.stormassets/localizeddata/sounds/vo/tassadar_vox_attack09.fxe	ab53a89aa784f81921944c284c7427b8	1276
mods/heroes.stormmod/enus.stormassets/localizeddata/sounds/vo/tassadar_vox_attack09.ogg	27683fd6e47a3c9728577d3c6a5545ab	25202
mods/heroes.stormmod/enus.stormassets/localizeddata/sounds/vo/tassadar_vox_attack10.fxe	c2c89c9492600cd2d4186453baaaf868	1708
mods/heroes.stormmod/enus.stormassets/localizeddata/sounds/vo/tassadar_vox_attack10.ogg	2e4988709a8f9a9ba8c7ac24dfae5ae8	27441
mods/heroes.stormmod/enus.stormassets/localizeddata/sounds/vo/tassadar_vox_attack12.fxe	0614f5a4a121bff54afcffd4f77b5588	1324
mods/heroes.stormmod/enus.stormassets/localizeddata/sounds/vo/tassadar_vox_attack12.ogg	094427c3cafdcaf6d39a0e6cfd9c9551	20744
mods/heroes.stormmod/enus.stormassets/localizeddata/sounds/vo/tassadar_vox_attack13.fxe	0146e1d2363aa93d33d9229d1eae6e1e	1372
mods/heroes.stormmod/enus.stormassets/localizeddata/sounds/vo/tassadar_vox_attack13.ogg	be111a0afd242bb07095e1e52194fe37	13805
mods/heroes.stormmod/enus.stormassets/localizeddata/sounds/vo/tassadar_vox_attack14.fxe	7e7b5696aaaa88dd818d26630a7aaae4	1100
mods/heroes.stormmod/enus.stormassets/localizeddata/sounds/vo/tassadar_vox_attack14.ogg	1681586f74cc7e874184cb169f8e24a8	13134
mods/heroes.stormmod/enus.stormassets/localizeddata/sounds/vo/tassadar_vox_casting00.fxe	96daebad13959b0bb9bed5eb482a7bb6	1389
mods/heroes.stormmod/enus.stormassets/localizeddata/sounds/vo/tassadar_vox_casting00.ogg	d3fe139f3da6ac3f1c3d4f032a321696	23326
mods/heroes.stormmod/enus.stormassets/localizeddata/sounds/vo/tassadar_vox_casting01.fxe	9d5e1cf570797406d4f0abd93e05e36e	1389
mods/heroes.stormmod/enus.stormassets/localizeddata/sounds/vo/tassadar_vox_casting01.ogg	01899e987a0496e5c1be83d5579efead	22040
mods/heroes.stormmod/enus.stormassets/localizeddata/sounds/vo/tassadar_vox_casting02.fxe	182428c492f214d6ca58f4e1359dd3b4	1469
mods/heroes.stormmod/enus.stormassets/localizeddata/sounds/vo/tassadar_vox_casting02.ogg	5c7e194c54a0412f2b8f900baa684c86	22480
mods/heroes.stormmod/enus.stormassets/localizeddata/sounds/vo/tassadar_vox_casting03.fxe	385118346f1b9748d6801329af0d253c	1373
mods/heroes.stormmod/enus.stormassets/localizeddata/sounds/vo/tassadar_vox_casting03.ogg	496e30a80aca50c052e3b7e9f13d5e75	20994
mods/heroes.stormmod/enus.stormassets/localizeddata/sounds/vo/tassadar_vox_casting04.fxe	5f42dfbd8986fd5b4ff8ce6042b27c07	1421
mods/heroes.stormmod/enus.stormassets/localizeddata/sounds/vo/tassadar_vox_casting04.ogg	e82c8a2503dcd24b6cff770bee8ddf45	22744
mods/heroes.stormmod/enus.stormassets/localizeddata/sounds/vo/tassadar_vox_casting05.fxe	c06595f8bd0213778bba7ef24711267c	1629
mods/heroes.stormmod/enus.stormassets/localizeddata/sounds/vo/tassadar_vox_casting05.ogg	36accb0c4b1c188c921346bf519ece78	21067
mods/heroes.stormmod/enus.stormassets/localizeddata/sounds/vo/tassadar_vox_casting06.fxe	93081ceb87aa5ad07f4718769f55adea	1757
mods/heroes.stormmod/enus.stormassets/localizeddata/sounds/vo/tassadar_vox_casting06.ogg	64b8adfb1caa1136ed1cd6abcba812e3	23222
mods/heroes.stormmod/enus.stormassets/localizeddata/sounds/vo/tassadar_vox_casting07.fxe	ad719f00a8ea36b02c0f7ebe73f2e63a	1629
mods/heroes.stormmod/enus.stormassets/localizeddata/sounds/vo/tassadar_vox_casting07.ogg	33c64c64a65bd91856a56c2ec901e32f	23310
mods/heroes.stormmod/enus.stormassets/localizeddata/sounds/vo/tassadar_vox_casting08.fxe	bc3659b416a006f973d9f11c9d06aad1	1469
mods/heroes.stormmod/enus.stormassets/localizeddata/sounds/vo/tassadar_vox_casting08.ogg	31e05192eec02a03a6b49b27b5453d5a	20540
mods/heroes.stormmod/enus.stormassets/localizeddata/sounds/vo/tassadar_vox_casting09.fxe	de35e6a21a0487c9ee0633dfa6562789	1213
mods/heroes.stormmod/enus.stormassets/localizeddata/sounds/vo/tassadar_vox_casting09.ogg	1a399b5986a4c8c01822ea8d03846fe0	18994
mods/heroes.stormmod/enus.stormassets/localizeddata/sounds/vo/tassadar_vox_casting10.fxe	cbe277c3d64539b9e8e99514e6a781d4	1533
mods/heroes.stormmod/enus.stormassets/localizeddata/sounds/vo/tassadar_vox_casting10.ogg	44cc534a45b5c09e1cb171057c7cc472	24146
mods/heroes.stormmod/enus.stormassets/localizeddata/sounds/vo/tassadar_vox_casting11.fxe	17a899a64bfd31c859b51e746cacf4c3	1789
mods/heroes.stormmod/enus.stormassets/localizeddata/sounds/vo/tassadar_vox_casting11.ogg	ad4c8eec919220525bc7d82840106ae6	30945
mods/heroes.stormmod/enus.stormassets/localizeddata/sounds/vo/tassadar_vox_casting12.fxe	2418657cec29703a7b6202ce4a8e52c1	1709
mods/heroes.stormmod/enus.stormassets/localizeddata/sounds/vo/tassadar_vox_casting12.ogg	859ebee7ef078e14f225d28736b22031	32109
mods/heroes.stormmod/enus.stormassets/localizeddata/sounds/vo/tassadar_vox_casting13.fxe	ab853a5a63df71bc6bee0a1406ed9d6d	1453
mods/heroes.stormmod/enus.stormassets/localizeddata/sounds/vo/tassadar_vox_casting13.ogg	a200bb9b0457abcdb1d7831b3be5d8c2	31335
mods/heroes.stormmod/enus.stormassets/localizeddata/sounds/vo/tassadar_vox_casting14.fxe	631e0a180f12f50ea0ac73cdf4c86bbb	2157
mods/heroes.stormmod/enus.stormassets/localizeddata/sounds/vo/tassadar_vox_casting14.ogg	6d9abe3786535ea6c57d0bb7a7e8a4d2	35371
mods/heroes.stormmod/enus.stormassets/localizeddata/sounds/vo/tassadar_vox_casting15.fxe	b2a74f12d8fdeae81762bbca3eada20c	1853
mods/heroes.stormmod/enus.stormassets/localizeddata/sounds/vo/tassadar_vox_casting15.ogg	49cc75063d5446f6059964d5545eb38f	29242
mods/heroes.stormmod/enus.stormassets/localizeddata/sounds/vo/tassadar_vox_casting16.fxe	e09a4a0970e70c7fed9b79ae7ce96d2a	1901
mods/heroes.stormmod/enus.stormassets/localizeddata/sounds/vo/tassadar_vox_casting16.ogg	1aead9646a412c04c100b2b6396cae3c	31438
mods/heroes.stormmod/enus.stormassets/localizeddata/sounds/vo/tassadar_vox_casting17.fxe	0c9261d346c7d3c6b60ddab4c672a315	2061
mods/heroes.stormmod/enus.stormassets/localizeddata/sounds/vo/tassadar_vox_casting17.ogg	0507eca29d85ee8de3f8efd0e7e1ffef	31023
mods/heroes.stormmod/enus.stormassets/localizeddata/sounds/vo/tassadar_vox_casting18.fxe	5a20f00793b394e679609755b87c035c	1613
mods/heroes.stormmod/enus.stormassets/localizeddata/sounds/vo/tassadar_vox_casting18.ogg	2a7d9864d4651d2b06f35bdf8dec8565	30439
mods/heroes.stormmod/enus.stormassets/localizeddata/sounds/vo/tassadar_vox_cheer00.fxe	441828e918d059a718d0463419baf084	1835
mods/heroes.stormmod/enus.stormassets/localizeddata/sounds/vo/tassadar_vox_cheer00.ogg	17d9e260f50ed3c5e98be8bd68e4e4a6	24156
mods/heroes.stormmod/enus.stormassets/localizeddata/sounds/vo/tassadar_vox_gethit00.fxe	7c35378f31228f4a73d285e16cf706c5	1084
mods/heroes.stormmod/enus.stormassets/localizeddata/sounds/vo/tassadar_vox_gethit00.ogg	64a1aecc5a8779f94d69a9be91fdeaaf	14858
mods/heroes.stormmod/enus.stormassets/localizeddata/sounds/vo/tassadar_vox_gethit01.fxe	400e7e2a067efcc94ef36db9094b38e9	1292
mods/heroes.stormmod/enus.stormassets/localizeddata/sounds/vo/tassadar_vox_gethit01.ogg	4cb8749ea98b7b9b7f297fbe79cd54e6	16126
mods/heroes.stormmod/enus.stormassets/localizeddata/sounds/vo/tassadar_vox_gethit02.fxe	42ee9d3a4d95d26b0b997530727fb95d	972
mods/heroes.stormmod/enus.stormassets/localizeddata/sounds/vo/tassadar_vox_gethit02.ogg	e2cd06295899a56a1128bbdbbe82302d	17413
mods/heroes.stormmod/enus.stormassets/localizeddata/sounds/vo/tassadar_vox_gethit03.fxe	b3f5bbade43e48e3987b05df302c185a	1260
mods/heroes.stormmod/enus.stormassets/localizeddata/sounds/vo/tassadar_vox_gethit03.ogg	550efc229e2bc66c7037092fe4902ff0	15838
mods/heroes.stormmod/enus.stormassets/localizeddata/sounds/vo/tassadar_vox_gethit04.fxe	4b56dfc6306526b8a2a97f9b619bc027	1308
mods/heroes.stormmod/enus.stormassets/localizeddata/sounds/vo/tassadar_vox_gethit04.ogg	9bbe86d8b9dbcf2c5776c3d8932dfde0	15597
mods/heroes.stormmod/enus.stormassets/localizeddata/sounds/vo/tassadar_vox_gethit05.fxe	4a5709285ea1da4ddac86be76ab65808	1148
mods/heroes.stormmod/enus.stormassets/localizeddata/sounds/vo/tassadar_vox_gethit05.ogg	feab36529b777875803a7490626bed40	17411
mods/heroes.stormmod/enus.stormassets/localizeddata/sounds/vo/tassadar_vox_gethit06.fxe	38e04b15597dc8e19e222b4c6bc30bc3	1084
mods/heroes.stormmod/enus.stormassets/localizeddata/sounds/vo/tassadar_vox_gethit06.ogg	2072d01874fa559e3eda9212dca3809e	15914
mods/heroes.stormmod/enus.stormassets/localizeddata/sounds/vo/tassadar_vox_gethit07.fxe	70a0a6447e19408d0b93a872ed460cf8	1132
mods/heroes.stormmod/enus.stormassets/localizeddata/sounds/vo/tassadar_vox_gethit07.ogg	e4a9985196f58b6636fd4d2d120be0c9	15918
mods/heroes.stormmod/enus.stormassets/localizeddata/sounds/vo/tassadar_vox_gethit08.fxe	59b76ccc2654c12c3d266c79896e52e7	1276
mods/heroes.stormmod/enus.stormassets/localizeddata/sounds/vo/tassadar_vox_gethit08.ogg	eefc42d5b5bd31b7a87bf3beda1443ba	16189
mods/heroes.stormmod/enus.stormassets/localizeddata/sounds/vo/tassadar_vox_gethit09.fxe	cd32ef9d7360cdfc2212321ed5e7cb23	1020
mods/heroes.stormmod/enus.stormassets/localizeddata/sounds/vo/tassadar_vox_gethit09.ogg	cf2cea1ef374f42e4197205a8fa228ee	16298
mods/heroes.stormmod/enus.stormassets/localizeddata/sounds/vo/tassadar_vox_gethit10.fxe	dfe7e06a8a71fbd0e5319f1a54cc83cf	1356
mods/heroes.stormmod/enus.stormassets/localizeddata/sounds/vo/tassadar_vox_gethit10.ogg	27bc95e908224aa5476be898da7afcf6	25478
mods/heroes.stormmod/enus.stormassets/localizeddata/sounds/vo/tassadar_vox_gethit13.fxe	b5271fbe76b9bbc7703c77ca171139cd	1484
mods/heroes.stormmod/enus.stormassets/localizeddata/sounds/vo/tassadar_vox_gethit13.ogg	2a16180d94e1817beb20ca9f8e444e4a	19698
mods/heroes.stormmod/enus.stormassets/localizeddata/sounds/vo/tassadar_vox_gethit14.fxe	ed2634211ec20b14f8d89165a0b3a482	1388
mods/heroes.stormmod/enus.stormassets/localizeddata/sounds/vo/tassadar_vox_gethit14.ogg	fbebec15046e4c8be4344d159a1940fe	24077
mods/heroes.stormmod/enus.stormassets/localizeddata/sounds/vo/tassadar_vox_gethit15.fxe	9901cdd53c3e803eceabf47810561819	1292
mods/heroes.stormmod/enus.stormassets/localizeddata/sounds/vo/tassadar_vox_gethit15.ogg	c8e4b3beda420adfb92ab04cb8bcf56f	19596
mods/heroes.stormmod/enus.stormassets/localizeddata/sounds/vo/tassadar_vox_gethit16.fxe	05487e4a56cae238ef996596bafabe94	1644
mods/heroes.stormmod/enus.stormassets/localizeddata/sounds/vo/tassadar_vox_gethit16.ogg	368638b0fdcccec2e882f0f62f801ba3	25898
mods/heroes.stormmod/enus.stormassets/localizeddata/sounds/vo/tassadar_vox_gethit17.fxe	6b2b6dfc3c505bc405785f62e8733b98	1068
mods/heroes.stormmod/enus.stormassets/localizeddata/sounds/vo/tassadar_vox_gethit17.ogg	e7d7d9b75e56a1e45a0488238303bbc4	12597
mods/heroes.stormmod/enus.stormassets/localizeddata/sounds/vo/tassadar_vox_pulled00.fxe	022baf6097f33ad2810594919ae196d4	1644
mods/heroes.stormmod/enus.stormassets/localizeddata/sounds/vo/tassadar_vox_pulled00.ogg	58829591e88333139b294733d32a3227	22806
mods/heroes.stormmod/enus.stormassets/localizeddata/sounds/vo/tassadar_vox_pulled01.fxe	f08b68bddb30cf54c1a5ae7ae296a54d	1612
mods/heroes.stormmod/enus.stormassets/localizeddata/sounds/vo/tassadar_vox_pulled01.ogg	766ed2525157a849940789a647ae0aed	23304
mods/heroes.stormmod/enus.stormassets/localizeddata/sounds/vo/tassadar_vox_pulled02.fxe	c95fbfd6635aaa6dc9f2f0ddca61a42e	1500
mods/heroes.stormmod/enus.stormassets/localizeddata/sounds/vo/tassadar_vox_pulled02.ogg	8fb76d0d17994379c6f8f035a66f78a3	22462
mods/heroes.stormmod/enus.stormassets/localizeddata/sounds/vo/tassadar_vox_pulled03.fxe	02413674c1fd67872d3d19e913bf955c	1852
mods/heroes.stormmod/enus.stormassets/localizeddata/sounds/vo/tassadar_vox_pulled03.ogg	ba7271c689cc4456a91ec2b95c3d19e0	24675
mods/heroes.stormmod/enus.stormassets/localizeddata/sounds/vo/tassadar_vox_pulled04.fxe	63b5bfdc9b483eedab94ef2110a70082	1804
mods/heroes.stormmod/enus.stormassets/localizeddata/sounds/vo/tassadar_vox_pulled04.ogg	f4aa0ad7445c2060ae0f0340a16ee691	24817
mods/heroes.stormmod/enus.stormassets/localizeddata/sounds/vo/tassadar_vox_pulled05.fxe	578ade4aa0d4edc7f713b7c43e0e0dce	1692
mods/heroes.stormmod/enus.stormassets/localizeddata/sounds/vo/tassadar_vox_pulled05.ogg	9b2720a3f792b96975e12b406d20faa8	25268
mods/heroes.stormmod/enus.stormassets/localizeddata/sounds/vo/tassadar_vox_pulled06.fxe	4fbacd9e583e6d781c9deca3a31a04c4	1900
mods/heroes.stormmod/enus.stormassets/localizeddata/sounds/vo/tassadar_vox_pulled06.ogg	78463fa8d62237e55719c7fda633ec76	24897
mods/heroes.stormmod/enus.stormassets/localizeddata/sounds/vo/tassadar_vox_pulled07.fxe	14aa965c7e321f1baf1394f1d9b48f44	1436
mods/heroes.stormmod/enus.stormassets/localizeddata/sounds/vo/tassadar_vox_pulled07.ogg	ba53c1f7eaa77f0c0b4a12b4b6b72588	19633
mods/heroes.stormmod/enus.stormassets/localizeddata/sounds/vo/tassadar_worthit00.fxe	4cb6b2009b5b2d5e0f721d3f48c02ed9	1945
mods/heroes.stormmod/enus.stormassets/localizeddata/sounds/vo/tassadar_worthit00.ogg	49eff7158e8422a62f5c40b94f7b7be9	44807
mods/heroes.stormmod/enus.stormassets/localizeddata/sounds/vo/tassadar_worthit01.fxe	ced4b50c888ed8d8fd282fbbe5c9ae6c	1081
mods/heroes.stormmod/enus.stormassets/localizeddata/sounds/vo/tassadar_worthit01.ogg	5d3b183e234ecaae149b123640553d60	31546
mods/heroes.stormmod/enus.stormassets/localizeddata/sounds/vo/tassadar_yes00.fxe	5c5fa2cc5442e49a1c7450eff54e4cf9	1525
mods/heroes.stormmod/enus.stormassets/localizeddata/sounds/vo/tassadar_yes00.ogg	d1230122f0f5d62db5c046e1ec2486f8	37262
mods/heroes.stormmod/enus.stormassets/localizeddata/sounds/vo/tassadar_yes01.fxe	1688c87e801a5bf89bce35c70ccd3173	1381
mods/heroes.stormmod/enus.stormassets/localizeddata/sounds/vo/tassadar_yes01.ogg	837c3c291695cc73ce6302b98be3a436	34526
mods/heroes.stormmod/enus.stormassets/localizeddata/sounds/vo/tassadar_yes02.fxe	656c41b66a9af8dafe32ca9bbd9fe864	2389
mods/heroes.stormmod/enus.stormassets/localizeddata/sounds/vo/tassadar_yes02.ogg	08c5be30769c686233c70d1fa8484d79	48255
mods/heroes.stormmod/enus.stormassets/localizeddata/sounds/vo/tassadar_yes03.fxe	c56e91937ab7f7ca11cbabb110db9d84	1925
mods/heroes.stormmod/enus.stormassets/localizeddata/sounds/vo/tassadar_yes03.ogg	a69a70b67d086ecbf74e9794cc97264f	37965
mods/heroes.stormmod/enus.stormassets/localizeddata/sounds/vo/tassadar_yes04.fxe	829e91be595d1d8567e3d633718eec8f	1461
mods/heroes.stormmod/enus.stormassets/localizeddata/sounds/vo/tassadar_yes04.ogg	70590f3c834249f9025bac470defc1d6	40165
mods/heroes.stormmod/enus.stormassets/localizeddata/sounds/vo/tassadar_yes05.fxe	849c6eaa3a1ce7de720339821b69de33	1093
mods/heroes.stormmod/enus.stormassets/localizeddata/sounds/vo/tassadar_yes05.ogg	17aa58c946ebc57032f2e42defc50e61	30421
mods/heroes.stormmod/enus.stormassets/localizeddata/sounds/vo/tassadar_yes06.fxe	f0077e7ddb9fe2473b781584fb5a4aa9	1349
mods/heroes.stormmod/enus.stormassets/localizeddata/sounds/vo/tassadar_yes06.ogg	6a5854989b8dcfe55b62e1af35c84510	33209
mods/heroes.stormmod/enus.stormassets/localizeddata/sounds/vo/tassadar_yes07.fxe	8b7951eaafba1fc1c0623abcf57e34fd	1525
mods/heroes.stormmod/enus.stormassets/localizeddata/sounds/vo/tassadar_yes07.ogg	c915d4a8586a515b7d00db9208af7f32	35218
mods/heroes.stormmod/enus.stormassets/localizeddata/sounds/vo/tassadar_yes08.fxe	a6be469050fa8ddf6c9b80dca5b9ab92	1061
mods/heroes.stormmod/enus.stormassets/localizeddata/sounds/vo/tassadar_yes08.ogg	67def7700d804e3d02b28e2d20bf4842	30762
mods/heroes.stormmod/enus.stormassets/localizeddata/sounds/vo/tassadara_castleattack_blue00.fxe	3acd30dda46fecb71b8767211bcfe299	2260
mods/heroes.stormmod/enus.stormassets/localizeddata/sounds/vo/tassadara_castleattack_blue00.ogg	0d64e44e1cd7687cb9dafdfd0f554978	54981
mods/heroes.stormmod/enus.stormassets/localizeddata/sounds/vo/tassadara_castleattack_red00.fxe	a2dd776b6ebeaa8388f5a5f61c0200aa	2323
mods/heroes.stormmod/enus.stormassets/localizeddata/sounds/vo/tassadara_castleattack_red00.ogg	32cbbda2479d7dd47e83c36e8c89bf4e	54452
mods/heroes.stormmod/enus.stormassets/localizeddata/sounds/vo/tassadara_castleattackally00.fxe	9a3192c68ecdd2d8a13c900740ec10c5	2115
mods/heroes.stormmod/enus.stormassets/localizeddata/sounds/vo/tassadara_castleattackally00.ogg	0d38dfe0111e29dda5159187d53df5a0	52065
mods/heroes.stormmod/enus.stormassets/localizeddata/sounds/vo/tassadara_castleattackally01.fxe	5d3a5aa3defe6fd52827bc80f0023bf5	1955
mods/heroes.stormmod/enus.stormassets/localizeddata/sounds/vo/tassadara_castleattackally01.ogg	ffb3f72d89cd5ed963ecaaa817136550	49650
mods/heroes.stormmod/enus.stormassets/localizeddata/sounds/vo/tassadara_countdown10sec00.fxe	928b82714175c695548cf435583bdc7d	1361
mods/heroes.stormmod/enus.stormassets/localizeddata/sounds/vo/tassadara_countdown10sec00.ogg	43a8c23a452a49a627918116ad154812	33747
mods/heroes.stormmod/enus.stormassets/localizeddata/sounds/vo/tassadara_countdown1sec00.fxe	62f415a3255e6ad520ebf5420980c653	880
mods/heroes.stormmod/enus.stormassets/localizeddata/sounds/vo/tassadara_countdown1sec00.ogg	9eaf02f3c93ead3850927685bd3e9b1a	18687
mods/heroes.stormmod/enus.stormassets/localizeddata/sounds/vo/tassadara_countdown2sec00.fxe	b81d9dcd62dc97300378c80e9ce25826	912
mods/heroes.stormmod/enus.stormassets/localizeddata/sounds/vo/tassadara_countdown2sec00.ogg	566cf00d449a682dcbe18e84eeee5f2d	17651
mods/heroes.stormmod/enus.stormassets/localizeddata/sounds/vo/tassadara_countdown3sec00.fxe	6f4d7a8d6492d2238c1ef8f9fe1a6e98	1008
mods/heroes.stormmod/enus.stormassets/localizeddata/sounds/vo/tassadara_countdown3sec00.ogg	73fcf0b37a664eed24a80cb334469db2	18027
mods/heroes.stormmod/enus.stormassets/localizeddata/sounds/vo/tassadara_countdown4sec00.fxe	b8a504fe73ddbbeb66215d41472faa70	864
mods/heroes.stormmod/enus.stormassets/localizeddata/sounds/vo/tassadara_countdown4sec00.ogg	a99c185a4b41397632ddecae07a5d838	17480
mods/heroes.stormmod/enus.stormassets/localizeddata/sounds/vo/tassadara_countdown5sec00.fxe	d9ecef18a6f2f0c49d8e04043e3fcabc	864
mods/heroes.stormmod/enus.stormassets/localizeddata/sounds/vo/tassadara_countdown5sec00.ogg	bc0ca6d28c9d6931c08cfdba702266a7	17924
mods/heroes.stormmod/enus.stormassets/localizeddata/sounds/vo/tassadara_countdownremain00.fxe	4c721da18038dee5764fb5ef6da4bc84	1682
mods/heroes.stormmod/enus.stormassets/localizeddata/sounds/vo/tassadara_countdownremain00.ogg	f4444dc4065bfcf0ec41bd86b31011e0	40693
mods/heroes.stormmod/enus.stormassets/localizeddata/sounds/vo/tassadara_doublekill00.fxe	f04bfdeaeb290871b24c30674e4ca043	1229
mods/heroes.stormmod/enus.stormassets/localizeddata/sounds/vo/tassadara_doublekill00.ogg	46581eb68b2b294f84ad31f3ab155178	34925
mods/heroes.stormmod/enus.stormassets/localizeddata/sounds/vo/tassadara_doublekill01.fxe	be5ba7289a81c3363bd7ba737be18210	1245
mods/heroes.stormmod/enus.stormassets/localizeddata/sounds/vo/tassadara_doublekill01.ogg	f448955f6f9e004308fa723025892e81	35131
mods/heroes.stormmod/enus.stormassets/localizeddata/sounds/vo/tassadara_doublekill02.fxe	9e5ae61dd02e8e7c26fc64fc3ebece35	1213
mods/heroes.stormmod/enus.stormassets/localizeddata/sounds/vo/tassadara_doublekill02.ogg	26dde3ae790592acdc5313ef1b4cc0d7	36065
mods/heroes.stormmod/enus.stormassets/localizeddata/sounds/vo/tassadara_ending_blue00.fxe	b58538d9f6f8e6522e835ee78b3c9e19	1966
mods/heroes.stormmod/enus.stormassets/localizeddata/sounds/vo/tassadara_ending_blue00.ogg	fdfc72510f8aeea4b2fa910a5ff996b5	48354
mods/heroes.stormmod/enus.stormassets/localizeddata/sounds/vo/tassadara_ending_red00.fxe	d4232a2922d196b39a63986d56eedd94	2093
mods/heroes.stormmod/enus.stormassets/localizeddata/sounds/vo/tassadara_ending_red00.ogg	155585c27361e08daa8694e5783cf9a5	49748
mods/heroes.stormmod/enus.stormassets/localizeddata/sounds/vo/tassadara_endinglose00.fxe	4aca08a9b573a6ad6c22f1b65596080d	1101
mods/heroes.stormmod/enus.stormassets/localizeddata/sounds/vo/tassadara_endinglose00.ogg	50e7244db141854198f07613f959d239	30909
mods/heroes.stormmod/enus.stormassets/localizeddata/sounds/vo/tassadara_endinglose01.fxe	68d29ad4c873872db0f595e12ac89db0	1389
mods/heroes.stormmod/enus.stormassets/localizeddata/sounds/vo/tassadara_endinglose01.ogg	a3f107d6608df1fa5dc93a3ebfe862f9	41219
mods/heroes.stormmod/enus.stormassets/localizeddata/sounds/vo/tassadara_endinglose02.fxe	0ac950252b94cd1838c0132ea7d60f3d	1853
mods/heroes.stormmod/enus.stormassets/localizeddata/sounds/vo/tassadara_endinglose02.ogg	9feac9d6d41ec2041b796647a2760c7c	53227
mods/heroes.stormmod/enus.stormassets/localizeddata/sounds/vo/tassadara_endingwin00.fxe	be03b47725c2848b78ee4dc93c7eda6a	1260
mods/heroes.stormmod/enus.stormassets/localizeddata/sounds/vo/tassadara_endingwin00.ogg	98045b8b80a43ac639180e4ffff2b6fe	30014
mods/heroes.stormmod/enus.stormassets/localizeddata/sounds/vo/tassadara_endingwin01.fxe	4046c9d84a8fc3046a9b2cabf14e3347	1372
mods/heroes.stormmod/enus.stormassets/localizeddata/sounds/vo/tassadara_endingwin01.ogg	8ec5a20ac0d54a713f4f205920d05ac1	37436
mods/heroes.stormmod/enus.stormassets/localizeddata/sounds/vo/tassadara_endingwin02.fxe	57c6534d467b9facb1547f6ae30848e3	1404
mods/heroes.stormmod/enus.stormassets/localizeddata/sounds/vo/tassadara_endingwin02.ogg	5522f28465a26320f5be5aaae24d029c	36513
mods/heroes.stormmod/enus.stormassets/localizeddata/sounds/vo/tassadara_firstblood_blue00.fxe	aba14a9f2ab6b5ecef841802e3f1a132	2418
mods/heroes.stormmod/enus.stormassets/localizeddata/sounds/vo/tassadara_firstblood_blue00.ogg	653554a4a81ad1f1c0536dfb12df88ee	62327
mods/heroes.stormmod/enus.stormassets/localizeddata/sounds/vo/tassadara_firstblood_red00.fxe	9c5d7f9c1734c9e2e5f259b79ccacaf4	2497
mods/heroes.stormmod/enus.stormassets/localizeddata/sounds/vo/tassadara_firstblood_red00.ogg	69f5d78aad64120d2ac742f927b3d381	61251
mods/heroes.stormmod/enus.stormassets/localizeddata/sounds/vo/tassadara_firstbloodally00.fxe	40e90fa0eb60c49dc5641fa8752dc008	1329
mods/heroes.stormmod/enus.stormassets/localizeddata/sounds/vo/tassadara_firstbloodally00.ogg	e1f374d4dc8a1872374e08b4f55cf79b	36807
mods/heroes.stormmod/enus.stormassets/localizeddata/sounds/vo/tassadara_fourkill00.fxe	cb6e6ddd439b47960593846753f03e0f	1627
mods/heroes.stormmod/enus.stormassets/localizeddata/sounds/vo/tassadara_fourkill00.ogg	aa9cf0f1a33254731edaf3909174583d	39552
mods/heroes.stormmod/enus.stormassets/localizeddata/sounds/vo/tassadara_gamestart00.fxe	587c6bb8ad89f8cf4446f8a22cb25451	1900
mods/heroes.stormmod/enus.stormassets/localizeddata/sounds/vo/tassadara_gamestart00.ogg	a211d9baafb1118ccc0e10e5a94f96b8	44385
mods/heroes.stormmod/enus.stormassets/localizeddata/sounds/vo/tassadara_gamestart01.fxe	9a3f79c5ea32e3f746e84ae3f1c158c7	1020
mods/heroes.stormmod/enus.stormassets/localizeddata/sounds/vo/tassadara_gamestart01.ogg	996e34e428028f140f471de0f9217574	35649
mods/heroes.stormmod/enus.stormassets/localizeddata/sounds/vo/tassadara_gamestart02.fxe	e73322dd60b5ed19420bfa68d998015e	1516
mods/heroes.stormmod/enus.stormassets/localizeddata/sounds/vo/tassadara_gamestart02.ogg	1d4ad6c5331e6fe49bce53c69bef2557	33918
mods/heroes.stormmod/enus.stormassets/localizeddata/sounds/vo/tassadara_gravestomp00.fxe	bdca22be6dec7ff877a6c43fe21f7c40	1533
mods/heroes.stormmod/enus.stormassets/localizeddata/sounds/vo/tassadara_gravestomp00.ogg	c974991dff80fa396a475b9190570aed	35756
mods/heroes.stormmod/enus.stormassets/localizeddata/sounds/vo/tassadara_gravestomp_observer00.fxe	36e93431bbb236b97d57a3f7350e75de	1510
mods/heroes.stormmod/enus.stormassets/localizeddata/sounds/vo/tassadara_gravestomp_observer00.ogg	fec1c49f7196fb7a6b3d640937a8b146	37602
mods/heroes.stormmod/enus.stormassets/localizeddata/sounds/vo/tassadara_herokill00.fxe	db973b8f184acdc067226395a0b8843d	1355
mods/heroes.stormmod/enus.stormassets/localizeddata/sounds/vo/tassadara_herokill00.ogg	baf18c8a24f6b04b0cd52bbf37bed7e9	37810
mods/heroes.stormmod/enus.stormassets/localizeddata/sounds/vo/tassadara_herokill01.fxe	a9798ebe62389a6aaac4fe21ed3675c8	1147
mods/heroes.stormmod/enus.stormassets/localizeddata/sounds/vo/tassadara_herokill01.ogg	4965535bea8187752c5d0736904e4336	34372
mods/heroes.stormmod/enus.stormassets/localizeddata/sounds/vo/tassadara_herokill02.fxe	2eebbc75e0dcb4536d410fc22d5665eb	1499
mods/heroes.stormmod/enus.stormassets/localizeddata/sounds/vo/tassadara_herokill02.ogg	d4040257ee0fd7dd9bda5dc5c005eeaf	44104
mods/heroes.stormmod/enus.stormassets/localizeddata/sounds/vo/tassadara_herokill03.fxe	b43a49cbef98481586e68b575522632a	1195
mods/heroes.stormmod/enus.stormassets/localizeddata/sounds/vo/tassadara_herokill03.ogg	1df69d61c390250c8cf7482d598fa901	37703
mods/heroes.stormmod/enus.stormassets/localizeddata/sounds/vo/tassadara_heroselect00.fxe	79c4cc31d61e11c3282fbb6b8d887e42	2365
mods/heroes.stormmod/enus.stormassets/localizeddata/sounds/vo/tassadara_heroselect00.ogg	ca1ecce78647b974a860eea34db3b3a2	56075
mods/heroes.stormmod/enus.stormassets/localizeddata/sounds/vo/tassadara_heroselect_observer00.fxe	142c4d530d1d03534e03ecf175bb5676	2966
mods/heroes.stormmod/enus.stormassets/localizeddata/sounds/vo/tassadara_heroselect_observer00.ogg	cfec7ec7e0db665c86aeccc293b5048d	63740
mods/heroes.stormmod/enus.stormassets/localizeddata/sounds/vo/tassadara_heroselectplayer00.fxe	f4c1e20f723ce2f2fb5ec0e5a931e79a	3715
mods/heroes.stormmod/enus.stormassets/localizeddata/sounds/vo/tassadara_heroselectplayer00.ogg	1946eb7a768d736e8630f335ed5d59ab	92489
mods/heroes.stormmod/enus.stormassets/localizeddata/sounds/vo/tassadara_heroselectplayer01.fxe	8baa3882de0c5c41953c7209a119017c	2531
mods/heroes.stormmod/enus.stormassets/localizeddata/sounds/vo/tassadara_heroselectplayer01.ogg	8994e63246c90baece8849b19b87b378	70024
mods/heroes.stormmod/enus.stormassets/localizeddata/sounds/vo/tassadara_heroselectplayer02.fxe	e67b5dfe4a7e91d56928e36c7497039b	5059
mods/heroes.stormmod/enus.stormassets/localizeddata/sounds/vo/tassadara_heroselectplayer02.ogg	d2db5c84724f7bb878c563062548aea9	121940
mods/heroes.stormmod/enus.stormassets/localizeddata/sounds/vo/tassadara_heroslain00.fxe	d9eb60a95d86c91b9652cf8f20dc19df	1724
mods/heroes.stormmod/enus.stormassets/localizeddata/sounds/vo/tassadara_heroslain00.ogg	2bf503dccbdd9cc16f0a497584a8855d	42404
mods/heroes.stormmod/enus.stormassets/localizeddata/sounds/vo/tassadara_heroslain01.fxe	819fa91d1c720064dd950cbb80ba70b6	2972
mods/heroes.stormmod/enus.stormassets/localizeddata/sounds/vo/tassadara_heroslain01.ogg	2eeb9548a26c543238c2840fb7b7816e	86099
mods/heroes.stormmod/enus.stormassets/localizeddata/sounds/vo/tassadara_heroslain02.fxe	b5c6fbef264e1b933bf7a42e6204b119	2124
mods/heroes.stormmod/enus.stormassets/localizeddata/sounds/vo/tassadara_heroslain02.ogg	8a04908a82c2620db553a2e201c987cd	52244
mods/heroes.stormmod/enus.stormassets/localizeddata/sounds/vo/tassadara_heroslain03.fxe	d1c3b46088103bc063931420620f5d3f	2076
mods/heroes.stormmod/enus.stormassets/localizeddata/sounds/vo/tassadara_heroslain03.ogg	e03f83b31436f7bd72a6c439720a00f8	57220
mods/heroes.stormmod/enus.stormassets/localizeddata/sounds/vo/tassadara_keepdestroy00.fxe	8a66cbd0e6dbee6e76ea791dcb1d0221	1630
mods/heroes.stormmod/enus.stormassets/localizeddata/sounds/vo/tassadara_keepdestroy00.ogg	8470623af436e8a16240a9a05bca25df	36882
mods/heroes.stormmod/enus.stormassets/localizeddata/sounds/vo/tassadara_keepdestroy_blue00.fxe	04e57ab8d12e611cae03c7c2a4ba016e	2227
mods/heroes.stormmod/enus.stormassets/localizeddata/sounds/vo/tassadara_keepdestroy_blue00.ogg	9ec9f36e280473dd4ec16c40d02278b2	54066
mods/heroes.stormmod/enus.stormassets/localizeddata/sounds/vo/tassadara_keepdestroy_red00.fxe	5dc57bab3c82378f075e4a464c5518a3	2258
mods/heroes.stormmod/enus.stormassets/localizeddata/sounds/vo/tassadara_keepdestroy_red00.ogg	4e73da11792b25d5a7bb0df587fbe597	55859
mods/heroes.stormmod/enus.stormassets/localizeddata/sounds/vo/tassadara_keeplost00.fxe	2c470ab6ece5c238b232b7d3ff53948b	1547
mods/heroes.stormmod/enus.stormassets/localizeddata/sounds/vo/tassadara_keeplost00.ogg	3969c18c16b8d5137b9fc61b5d2b9f57	43375
mods/heroes.stormmod/enus.stormassets/localizeddata/sounds/vo/tassadara_kill_observer00.fxe	aed40bbe69dcbb115e377569e40f24ea	1280
mods/heroes.stormmod/enus.stormassets/localizeddata/sounds/vo/tassadara_kill_observer00.ogg	1088e1a123b968482c098037e91ab11d	36108
mods/heroes.stormmod/enus.stormassets/localizeddata/sounds/vo/tassadara_megakill00.fxe	817dee696f7836a3455c79b514b6d268	1628
mods/heroes.stormmod/enus.stormassets/localizeddata/sounds/vo/tassadara_megakill00.ogg	ea9dd071b18d04ffe5e2c18fd16226d7	39090
mods/heroes.stormmod/enus.stormassets/localizeddata/sounds/vo/tassadara_outpostdestroy00.fxe	ed3a51c973453f193824cd4fad3c214c	1617
mods/heroes.stormmod/enus.stormassets/localizeddata/sounds/vo/tassadara_outpostdestroy00.ogg	6b63e0fc4dd062ca9b4cef428d8924c8	38844
mods/heroes.stormmod/enus.stormassets/localizeddata/sounds/vo/tassadara_outpostdestroy01.fxe	6d1f4f38b714e1ffbdf88dfab6ba0b58	2081
mods/heroes.stormmod/enus.stormassets/localizeddata/sounds/vo/tassadara_outpostdestroy01.ogg	940499e5df8440298ef658a43055de4e	46692
mods/heroes.stormmod/enus.stormassets/localizeddata/sounds/vo/tassadara_outpostdestroy02.fxe	69bc4f5062a0ad306da17b6a54bc6f39	1713
mods/heroes.stormmod/enus.stormassets/localizeddata/sounds/vo/tassadara_outpostdestroy02.ogg	5d6123c8a17ec944aba9fea6aa848d25	41749
mods/heroes.stormmod/enus.stormassets/localizeddata/sounds/vo/tassadara_outpostdestroy03.fxe	ea74884b4aed0a25403911f9cc799262	1265
mods/heroes.stormmod/enus.stormassets/localizeddata/sounds/vo/tassadara_outpostdestroy03.ogg	f77d8559eeea31a0ea775fc75a43a8c2	39963
mods/heroes.stormmod/enus.stormassets/localizeddata/sounds/vo/tassadara_outpostdestroy_blue00.fxe	1743a5d220cc73d9dfe901a7d9c49dda	2422
mods/heroes.stormmod/enus.stormassets/localizeddata/sounds/vo/tassadara_outpostdestroy_blue00.ogg	07c301609a5ff817554450703ac600e3	59436
mods/heroes.stormmod/enus.stormassets/localizeddata/sounds/vo/tassadara_outpostdestroy_red00.fxe	f19373de0f12fa64277a93f486ed84ff	2389
mods/heroes.stormmod/enus.stormassets/localizeddata/sounds/vo/tassadara_outpostdestroy_red00.ogg	89b9d8e875b2b0384f97317025456190	58795
mods/heroes.stormmod/enus.stormassets/localizeddata/sounds/vo/tassadara_outpostlost00.fxe	105a358e40fc44de53f24929e8bbe92a	2510
mods/heroes.stormmod/enus.stormassets/localizeddata/sounds/vo/tassadara_outpostlost00.ogg	0fc7f4117dcc61110033c7cfd618fa00	60056
mods/heroes.stormmod/enus.stormassets/localizeddata/sounds/vo/tassadara_outpostlost01.fxe	03be4a7de18d988e4d13105e215a40e4	1790
mods/heroes.stormmod/enus.stormassets/localizeddata/sounds/vo/tassadara_outpostlost01.ogg	9ada52419506892f29043ff4e5414ac4	46259
mods/heroes.stormmod/enus.stormassets/localizeddata/sounds/vo/tassadara_outpostlost02.fxe	1da2d8ae82d3394f1a3fa955d33e6d96	2078
mods/heroes.stormmod/enus.stormassets/localizeddata/sounds/vo/tassadara_outpostlost02.ogg	6098411bc2b039ec7334ee35ca0e04e2	61522
mods/heroes.stormmod/enus.stormassets/localizeddata/sounds/vo/tassadara_playerabandon00.fxe	ced7c3131801271fdaf3fbaa365ca795	2704
mods/heroes.stormmod/enus.stormassets/localizeddata/sounds/vo/tassadara_playerabandon00.ogg	221577c297233571bd740d2f0e2b9209	70146
mods/heroes.stormmod/enus.stormassets/localizeddata/sounds/vo/tassadara_playerrejoin00.fxe	d40e4fd32e33ae2543c92ecf2cfbd726	2079
mods/heroes.stormmod/enus.stormassets/localizeddata/sounds/vo/tassadara_playerrejoin00.ogg	d444f4b97969325b1fdeb993d5886645	55836
mods/heroes.stormmod/enus.stormassets/localizeddata/sounds/vo/tassadara_revive00.fxe	0c2a61cf81e77fe429baf3662408fb4d	1529
mods/heroes.stormmod/enus.stormassets/localizeddata/sounds/vo/tassadara_revive00.ogg	5d3abcdfd61355fe64cfbfbd678f321a	40547
mods/heroes.stormmod/enus.stormassets/localizeddata/sounds/vo/tassadara_revive_observer00.fxe	5aedff3fa8cba0b07e475ff7a84020c4	1490
mods/heroes.stormmod/enus.stormassets/localizeddata/sounds/vo/tassadara_revive_observer00.ogg	737c931c311bf76d7b41eafd3bd6bf1d	38368
mods/heroes.stormmod/enus.stormassets/localizeddata/sounds/vo/tassadara_spreeend00.fxe	3b3a84fbb05e67a21947ebb2e75cc3a7	2187
mods/heroes.stormmod/enus.stormassets/localizeddata/sounds/vo/tassadara_spreeend00.ogg	aa5af0c3590a22a0bb9aacc60201a446	48482
mods/heroes.stormmod/enus.stormassets/localizeddata/sounds/vo/tassadara_spreeend_ally00.fxe	af3c841ae30d92e2e125ecdc446ec822	2512
mods/heroes.stormmod/enus.stormassets/localizeddata/sounds/vo/tassadara_spreeend_ally00.ogg	538a482df79f68758ada068302fabfcd	58547
mods/heroes.stormmod/enus.stormassets/localizeddata/sounds/vo/tassadara_spreefirstupgrade00.fxe	0780d40ace98c76975a11bfa17400bb9	852
mods/heroes.stormmod/enus.stormassets/localizeddata/sounds/vo/tassadara_spreefirstupgrade00.ogg	bf801c81bdd0fefe84e5f18588d2c180	29855
mods/heroes.stormmod/enus.stormassets/localizeddata/sounds/vo/tassadara_spreemax00.fxe	c6c9ac2772a8a5a5c1f7327a168dedbd	1707
mods/heroes.stormmod/enus.stormassets/localizeddata/sounds/vo/tassadara_spreemax00.ogg	d60e5263659122acbd905d476436a345	46930
mods/heroes.stormmod/enus.stormassets/localizeddata/sounds/vo/tassadara_spreesecondupgrade00.fxe	2f7a629a01c10c5940e152d14ba896b4	1317
mods/heroes.stormmod/enus.stormassets/localizeddata/sounds/vo/tassadara_spreesecondupgrade00.ogg	756d724ab2e9e6121e657013317ab557	35786
mods/heroes.stormmod/enus.stormassets/localizeddata/sounds/vo/tassadara_spreestart00.fxe	a1b1ff9bbf84b0fb7da47e1389c01bb7	1325
mods/heroes.stormmod/enus.stormassets/localizeddata/sounds/vo/tassadara_spreestart00.ogg	f8c29208091eaf884eb3832dc19d370c	33408
mods/heroes.stormmod/enus.stormassets/localizeddata/sounds/vo/tassadara_spreethirdupgrade00.fxe	77d2ac13d8ec2e90e426695c06e0621b	1604
mods/heroes.stormmod/enus.stormassets/localizeddata/sounds/vo/tassadara_spreethirdupgrade00.ogg	d871634cd5584cf12648398190cb4f14	35810
mods/heroes.stormmod/enus.stormassets/localizeddata/sounds/vo/tassadara_talentunlock00.fxe	8a561ff09c59ae7f5306b24aa20723f5	1599
mods/heroes.stormmod/enus.stormassets/localizeddata/sounds/vo/tassadara_talentunlock00.ogg	b64b4674a522d054578181c97cba31ba	37901
mods/heroes.stormmod/enus.stormassets/localizeddata/sounds/vo/tassadara_talentunlock01.fxe	1fe5530fde09f09074d065d069e57f39	1711
mods/heroes.stormmod/enus.stormassets/localizeddata/sounds/vo/tassadara_talentunlock01.ogg	641253f95c36e8cd6717873b95cf78c2	38942
mods/heroes.stormmod/enus.stormassets/localizeddata/sounds/vo/tassadara_talentunlock02.fxe	5647c82748e6bfea90cc23ebb51da4ad	1663
mods/heroes.stormmod/enus.stormassets/localizeddata/sounds/vo/tassadara_talentunlock02.ogg	a40059f63b4d926f285c6df1d0aec525	43063
mods/heroes.stormmod/enus.stormassets/localizeddata/sounds/vo/tassadara_teamkill00.fxe	ab6a0cb3aa2e5bc3beaa6dcfd8e981db	1851
mods/heroes.stormmod/enus.stormassets/localizeddata/sounds/vo/tassadara_teamkill00.ogg	b2a5f6706efde3e444b698ba9ed5632e	37927
mods/heroes.stormmod/enus.stormassets/localizeddata/sounds/vo/tassadara_teamkill_blue00.fxe	49c5abc49edf4d79ac0847fcbe267234	1952
mods/heroes.stormmod/enus.stormassets/localizeddata/sounds/vo/tassadara_teamkill_blue00.ogg	0d4b74a3e4181ffdcb392180119a271d	43693
mods/heroes.stormmod/enus.stormassets/localizeddata/sounds/vo/tassadara_teamkill_red00.fxe	2e0228183ba208db7eae90f9d2cf5972	1935
mods/heroes.stormmod/enus.stormassets/localizeddata/sounds/vo/tassadara_teamkill_red00.ogg	7c9cd81181a341e1f41b8587d3749245	42735
mods/heroes.stormmod/enus.stormassets/localizeddata/sounds/vo/tassadara_triplekill00.fxe	220e7a03c98722ac34c5d31a3faef958	1309
mods/heroes.stormmod/enus.stormassets/localizeddata/sounds/vo/tassadara_triplekill00.ogg	e7cfcb4eaae4e9c50cf87e44e869bd9c	34453
mods/heroes.stormmod/enus.stormassets/localizeddata/sounds/vo/tassadara_triplekill01.fxe	f2d6b12cde3c42d4583634c03c85ab64	1309
mods/heroes.stormmod/enus.stormassets/localizeddata/sounds/vo/tassadara_triplekill01.ogg	e376f6a6bce8a4097504d4a67b5acaf6	33677
mods/heroes.stormmod/enus.stormassets/localizeddata/sounds/vo/tassadara_triplekill02.fxe	cd4f35851721f1100284d357fcef117f	1357
mods/heroes.stormmod/enus.stormassets/localizeddata/sounds/vo/tassadara_triplekill02.ogg	93f010f000236918ec14c53eeca8303d	34358
mods/heroes.stormmod/enus.stormassets/localizeddata/sounds/vo/tassadarcryptlord_ai_attack00.fxe	14015e4c4fca011cba9a87ebffcae2f8	2644
mods/heroes.stormmod/enus.stormassets/localizeddata/sounds/vo/tassadarcryptlord_ai_attack00.ogg	b38aa245fd95b32f0af47b5fb7de084a	29800
mods/heroes.stormmod/enus.stormassets/localizeddata/sounds/vo/tassadarcryptlord_ai_attack01.fxe	76e6f0f6dc322e1b3a7dc794fb37ca6a	1748
mods/heroes.stormmod/enus.stormassets/localizeddata/sounds/vo/tassadarcryptlord_ai_attack01.ogg	49ce4ce31eaf6280234332301a728f25	35685
mods/heroes.stormmod/enus.stormassets/localizeddata/sounds/vo/tassadarcryptlord_ai_attack02.fxe	0eb10e3ce54f793df24d1740c5004a2e	1620
mods/heroes.stormmod/enus.stormassets/localizeddata/sounds/vo/tassadarcryptlord_ai_attack02.ogg	f4d202825b5f2972ee9f00af6cea7578	32571
mods/heroes.stormmod/enus.stormassets/localizeddata/sounds/vo/tassadarcryptlord_ai_caution00.fxe	5689040da041c60903153d8cacc967c2	2437
mods/heroes.stormmod/enus.stormassets/localizeddata/sounds/vo/tassadarcryptlord_ai_caution00.ogg	9227356a0cf19433d67c4dc0b7fac217	35569
mods/heroes.stormmod/enus.stormassets/localizeddata/sounds/vo/tassadarcryptlord_ai_goodjob00.fxe	7d90e9714b398d65e44dc31322ed1119	1813
mods/heroes.stormmod/enus.stormassets/localizeddata/sounds/vo/tassadarcryptlord_ai_goodjob00.ogg	40d3d3968a5cc0313b308c18fd5d6611	21622
mods/heroes.stormmod/enus.stormassets/localizeddata/sounds/vo/tassadarcryptlord_ai_goodjob01.fxe	10f0f1e51e78eb1c0f8656c6e171aef4	1093
mods/heroes.stormmod/enus.stormassets/localizeddata/sounds/vo/tassadarcryptlord_ai_goodjob01.ogg	17527636b9c74bf2e2ec55ee4fa9f6c6	19016
mods/heroes.stormmod/enus.stormassets/localizeddata/sounds/vo/tassadarcryptlord_ai_heal00.fxe	da3c9a889057c1fb5f17a2629d7e79a8	3138
mods/heroes.stormmod/enus.stormassets/localizeddata/sounds/vo/tassadarcryptlord_ai_heal00.ogg	9678cd5da0f339a8a0e19d9bf7ed07b1	37128
mods/heroes.stormmod/enus.stormassets/localizeddata/sounds/vo/tassadarcryptlord_ai_heal01.fxe	3f008b02d4fdcac382a8aea62cd7516f	2978
mods/heroes.stormmod/enus.stormassets/localizeddata/sounds/vo/tassadarcryptlord_ai_heal01.ogg	bbec2ec555ee8ef5d40b56790e435418	35928
mods/heroes.stormmod/enus.stormassets/localizeddata/sounds/vo/tassadarcryptlord_ai_retreat00.fxe	d8857964d1b044a1dec4e474d395a258	1717
mods/heroes.stormmod/enus.stormassets/localizeddata/sounds/vo/tassadarcryptlord_ai_retreat00.ogg	fb4c9287c1fd9c68d160ce05b80013ad	19132
mods/heroes.stormmod/enus.stormassets/localizeddata/sounds/vo/tassadarcryptlord_ai_retreat01.fxe	20e06119c8331a086d87e2a88f3f0b31	1605
mods/heroes.stormmod/enus.stormassets/localizeddata/sounds/vo/tassadarcryptlord_ai_retreat01.ogg	cea8239eeba6a14a07e8d2c367cd4f4b	18840
mods/heroes.stormmod/enus.stormassets/localizeddata/sounds/vo/tassadarcryptlord_ai_uhoh00.fxe	c8987287f5a339b4cc741b460ef64a2c	1858
mods/heroes.stormmod/enus.stormassets/localizeddata/sounds/vo/tassadarcryptlord_ai_uhoh00.ogg	5abaead5d9bddd17fbe5656a1a95ed0a	24932
mods/heroes.stormmod/enus.stormassets/localizeddata/sounds/vo/tassadarcryptlord_ai_uhoh01.fxe	113ac56e6ee76ce11528fb92ba845044	1746
mods/heroes.stormmod/enus.stormassets/localizeddata/sounds/vo/tassadarcryptlord_ai_uhoh01.ogg	227f47f0ce3a975c8a5434ba358e5ba3	18253
mods/heroes.stormmod/enus.stormassets/localizeddata/sounds/vo/tassadarcryptlord_ai_uhoh02.fxe	6f1aea60b3fffe2144cda2063a624326	1906
mods/heroes.stormmod/enus.stormassets/localizeddata/sounds/vo/tassadarcryptlord_ai_uhoh02.ogg	ed655f05509c6c781b95ccada3a16aa9	29381
mods/heroes.stormmod/enus.stormassets/localizeddata/sounds/vo/tassadarcryptlord_attack00.fxe	ee72c4935132d61c3828071742d81ffe	1025
mods/heroes.stormmod/enus.stormassets/localizeddata/sounds/vo/tassadarcryptlord_attack00.ogg	b89352c29f6fb59ee39cf2aedc9c791a	19257
mods/heroes.stormmod/enus.stormassets/localizeddata/sounds/vo/tassadarcryptlord_attack01.fxe	87591782b5eb658b6da0466efc7c8816	2225
mods/heroes.stormmod/enus.stormassets/localizeddata/sounds/vo/tassadarcryptlord_attack01.ogg	913a64b4f0299140cfbdb504c3dc7b7c	24071
mods/heroes.stormmod/enus.stormassets/localizeddata/sounds/vo/tassadarcryptlord_attack02.fxe	1e41cb09859c6b0e61f7142ddb67eaf3	2049
mods/heroes.stormmod/enus.stormassets/localizeddata/sounds/vo/tassadarcryptlord_attack02.ogg	c7248d44a012df1c7cd44aa500966f0a	25686
mods/heroes.stormmod/enus.stormassets/localizeddata/sounds/vo/tassadarcryptlord_attack03.fxe	91d8a65fa54c958a6352ae828b127675	1089
mods/heroes.stormmod/enus.stormassets/localizeddata/sounds/vo/tassadarcryptlord_attack03.ogg	679e5b69184b7254b2fc57376d0f12e2	15157
mods/heroes.stormmod/enus.stormassets/localizeddata/sounds/vo/tassadarcryptlord_attack04.fxe	265224b7f4ac19fefdf29a5ae061b7f6	1153
mods/heroes.stormmod/enus.stormassets/localizeddata/sounds/vo/tassadarcryptlord_attack04.ogg	3e56526c549f7c9af26d8aa3f2caf0bb	20297
mods/heroes.stormmod/enus.stormassets/localizeddata/sounds/vo/tassadarcryptlord_attack05.fxe	3080abc199f6e17348ef2f1c90af35d0	1457
mods/heroes.stormmod/enus.stormassets/localizeddata/sounds/vo/tassadarcryptlord_attack05.ogg	b16659bf6d165335df06d054a99665e0	24116
mods/heroes.stormmod/enus.stormassets/localizeddata/sounds/vo/tassadarcryptlord_attack06.fxe	d44a58e6d99c2869f1bfa1de99f219de	1361
mods/heroes.stormmod/enus.stormassets/localizeddata/sounds/vo/tassadarcryptlord_attack06.ogg	feedba9b99066eeec167c890f895326e	23679
mods/heroes.stormmod/enus.stormassets/localizeddata/sounds/vo/tassadarcryptlord_celebrate00.fxe	4a168c5782e3906961e9200023fa0bca	1588
mods/heroes.stormmod/enus.stormassets/localizeddata/sounds/vo/tassadarcryptlord_celebrate00.ogg	0eeab3a6e485d97b8f4b9d2fd9ab9fd3	26036
mods/heroes.stormmod/enus.stormassets/localizeddata/sounds/vo/tassadarcryptlord_celebrate01.fxe	a9a0739e36e8da0e91b2809810126d11	2084
mods/heroes.stormmod/enus.stormassets/localizeddata/sounds/vo/tassadarcryptlord_celebrate01.ogg	04a90188f981c79e6611d3438b948764	25594
mods/heroes.stormmod/enus.stormassets/localizeddata/sounds/vo/tassadarcryptlord_comeback00.fxe	4da5c09cf1a6f900c53b9d3a2ecc2fa8	3011
mods/heroes.stormmod/enus.stormassets/localizeddata/sounds/vo/tassadarcryptlord_comeback00.ogg	33337eb7a45f2f8286d48e4388b5bc93	39283
mods/heroes.stormmod/enus.stormassets/localizeddata/sounds/vo/tassadarcryptlord_death00.fxe	bfa6a4184f76e57df4cf024686f6e5da	1360
mods/heroes.stormmod/enus.stormassets/localizeddata/sounds/vo/tassadarcryptlord_death00.wav	6a473f197b9e490415a23dc34f3df2d2	56380
mods/heroes.stormmod/enus.stormassets/localizeddata/sounds/vo/tassadarcryptlord_death01.fxe	da90e78b08815044c0457ac20bc44ae2	2320
mods/heroes.stormmod/enus.stormassets/localizeddata/sounds/vo/tassadarcryptlord_death01.wav	2928f1c9cd54e739fc8c97699589886c	78140
mods/heroes.stormmod/enus.stormassets/localizeddata/sounds/vo/tassadarcryptlord_death02.fxe	d56fb2a0d25aeaa2aae2d3f3030e9627	2144
mods/heroes.stormmod/enus.stormassets/localizeddata/sounds/vo/tassadarcryptlord_death02.wav	18a0b7f825d1312fea12ee2a8ebb1072	85052
mods/heroes.stormmod/enus.stormassets/localizeddata/sounds/vo/tassadarcryptlord_death03.fxe	9f7c0e811bd2a8838c34cc465953bd62	2448
mods/heroes.stormmod/enus.stormassets/localizeddata/sounds/vo/tassadarcryptlord_death03.wav	1de87a1fff9bc74c28f8c4468b8aff9c	100668
mods/heroes.stormmod/enus.stormassets/localizeddata/sounds/vo/tassadarcryptlord_death04.fxe	63e09fc2c49dc025a960a8974b657daa	3216
mods/heroes.stormmod/enus.stormassets/localizeddata/sounds/vo/tassadarcryptlord_death04.wav	769d9ee5c619cf552abafd13d3326e72	101948
mods/heroes.stormmod/enus.stormassets/localizeddata/sounds/vo/tassadarcryptlord_death05.fxe	8e582a02749f196516327a6ee4dac065	1456
mods/heroes.stormmod/enus.stormassets/localizeddata/sounds/vo/tassadarcryptlord_death05.wav	980ded21fdb490eb42755d86f5c8b97f	61244
mods/heroes.stormmod/enus.stormassets/localizeddata/sounds/vo/tassadarcryptlord_death06.fxe	7ddee33d4e263a0cf1c4f00a9d9a7ced	2464
mods/heroes.stormmod/enus.stormassets/localizeddata/sounds/vo/tassadarcryptlord_death06.wav	fefa34e78793922c0020abf2194407e7	76860
mods/heroes.stormmod/enus.stormassets/localizeddata/sounds/vo/tassadarcryptlord_death07.fxe	9d1638324bd17d61dfe82391cf2b64b7	2560
mods/heroes.stormmod/enus.stormassets/localizeddata/sounds/vo/tassadarcryptlord_death07.wav	87781b47b57e08d15b95dd82968086c1	85052
mods/heroes.stormmod/enus.stormassets/localizeddata/sounds/vo/tassadarcryptlord_healed00.fxe	b071d73b297cd96fb10a0e68b9855202	2529
mods/heroes.stormmod/enus.stormassets/localizeddata/sounds/vo/tassadarcryptlord_healed00.ogg	d57619f81818f11e76013cdfc45af798	27938
mods/heroes.stormmod/enus.stormassets/localizeddata/sounds/vo/tassadarcryptlord_healed01.fxe	59ad4701f88888c9230966303cc7c9e4	1473
mods/heroes.stormmod/enus.stormassets/localizeddata/sounds/vo/tassadarcryptlord_healed01.ogg	f0d363d62dfdc49ec9203c00f6281f3e	20156
mods/heroes.stormmod/enus.stormassets/localizeddata/sounds/vo/tassadarcryptlord_healed02.fxe	c838eeac5916c46feed1383cd673c34f	1665
mods/heroes.stormmod/enus.stormassets/localizeddata/sounds/vo/tassadarcryptlord_healed02.ogg	f14849ced65364111e8e7db3d53bf154	27960
mods/heroes.stormmod/enus.stormassets/localizeddata/sounds/vo/tassadarcryptlord_introagree00.fxe	c8d174bc3ff875bf794611fd6ba3efd3	1893
mods/heroes.stormmod/enus.stormassets/localizeddata/sounds/vo/tassadarcryptlord_introagree00.ogg	4dcc46331f3d45ae6ef423d606e58dc2	20907
mods/heroes.stormmod/enus.stormassets/localizeddata/sounds/vo/tassadarcryptlord_introagree01.fxe	2adef031054dd764b12c5c7e4aa730ef	1365
mods/heroes.stormmod/enus.stormassets/localizeddata/sounds/vo/tassadarcryptlord_introagree01.ogg	6e410d98017c3b70c3a3f43e604d546d	20313
mods/heroes.stormmod/enus.stormassets/localizeddata/sounds/vo/tassadarcryptlord_introagree02.fxe	18a829d594c24c5f6701ac188492560a	2245
mods/heroes.stormmod/enus.stormassets/localizeddata/sounds/vo/tassadarcryptlord_introagree02.ogg	db8a7f149323dbf0c871d8b1ca45b1fe	26706
mods/heroes.stormmod/enus.stormassets/localizeddata/sounds/vo/tassadarcryptlord_introboast00.fxe	474407a183301bcf574676d0a53d7f63	2469
mods/heroes.stormmod/enus.stormassets/localizeddata/sounds/vo/tassadarcryptlord_introboast00.ogg	6a6bee5cfe758586441d7ddf402b3e44	29014
mods/heroes.stormmod/enus.stormassets/localizeddata/sounds/vo/tassadarcryptlord_introboast01.fxe	6197db0135f2ebff1e434ffc345e81df	2661
mods/heroes.stormmod/enus.stormassets/localizeddata/sounds/vo/tassadarcryptlord_introboast01.ogg	a5374f3c1b7d31aa928abefb93421b5d	30242
mods/heroes.stormmod/enus.stormassets/localizeddata/sounds/vo/tassadarcryptlord_introquestion00.fxe	e58a37b8f069f1af9799e180d2fde9d9	2472
mods/heroes.stormmod/enus.stormassets/localizeddata/sounds/vo/tassadarcryptlord_introquestion00.ogg	dd75d542079e7ed541e692a380281279	27013
mods/heroes.stormmod/enus.stormassets/localizeddata/sounds/vo/tassadarcryptlord_introquestion01.fxe	0f160709567a4bababa48fdbe9480322	2296
mods/heroes.stormmod/enus.stormassets/localizeddata/sounds/vo/tassadarcryptlord_introquestion01.ogg	3ea179711aef719f4a4006d45bf0cd2e	29886
mods/heroes.stormmod/enus.stormassets/localizeddata/sounds/vo/tassadarcryptlord_introquestion_artanis00.fxe	92ea53da2b49940162e871c0c88f3b20	2608
mods/heroes.stormmod/enus.stormassets/localizeddata/sounds/vo/tassadarcryptlord_introquestion_artanis00.ogg	2b2d7681b3bf4885db65790ff6ee0ee8	33325
mods/heroes.stormmod/enus.stormassets/localizeddata/sounds/vo/tassadarcryptlord_introquestion_kerrigan00.fxe	7c1732b4775d34f3b0599839b63e5733	2977
mods/heroes.stormmod/enus.stormassets/localizeddata/sounds/vo/tassadarcryptlord_introquestion_kerrigan00.ogg	5a3cfd1d5f62f3e8b983b178f0299283	47828
mods/heroes.stormmod/enus.stormassets/localizeddata/sounds/vo/tassadarcryptlord_introquestion_murky00.fxe	0be0c24c8899fe27a0b0559826500868	1998
mods/heroes.stormmod/enus.stormassets/localizeddata/sounds/vo/tassadarcryptlord_introquestion_murky00.ogg	238314c7a20eb16b3f775e9a1592f8da	32672
mods/heroes.stormmod/enus.stormassets/localizeddata/sounds/vo/tassadarcryptlord_introquestion_negative00.fxe	b11b18903117090024c6852608ce3047	3137
mods/heroes.stormmod/enus.stormassets/localizeddata/sounds/vo/tassadarcryptlord_introquestion_negative00.ogg	c1d8dcceeb72ebf0361b474b17963ae9	49249
mods/heroes.stormmod/enus.stormassets/localizeddata/sounds/vo/tassadarcryptlord_introquestion_positive00.fxe	39ba9370635ddb766aa1f287643df31b	2641
mods/heroes.stormmod/enus.stormassets/localizeddata/sounds/vo/tassadarcryptlord_introquestion_positive00.ogg	8bfd46ba0c1f947cac4a94ea745c59e8	30199
mods/heroes.stormmod/enus.stormassets/localizeddata/sounds/vo/tassadarcryptlord_introquestion_zeratul00.fxe	8df4e3644fe55a6942607861d46862c3	2944
mods/heroes.stormmod/enus.stormassets/localizeddata/sounds/vo/tassadarcryptlord_introquestion_zeratul00.ogg	6c2ed94d6dd52218aeb704c3afddbc09	37394
mods/heroes.stormmod/enus.stormassets/localizeddata/sounds/vo/tassadarcryptlord_introrespond00.fxe	b690d961337612543bfa8194f4acfaaf	1127
mods/heroes.stormmod/enus.stormassets/localizeddata/sounds/vo/tassadarcryptlord_introrespond00.ogg	ec90ed1af5fa62d9d27a65c5a7a8f1d5	15490
mods/heroes.stormmod/enus.stormassets/localizeddata/sounds/vo/tassadarcryptlord_introrespond01.fxe	ee92e1c195cd50ea7487ac2ba22dbf1b	1079
mods/heroes.stormmod/enus.stormassets/localizeddata/sounds/vo/tassadarcryptlord_introrespond01.ogg	4e35d1e2c8d88337e84d445561fd59c3	17969
mods/heroes.stormmod/enus.stormassets/localizeddata/sounds/vo/tassadarcryptlord_introrespond02.fxe	9ad2043f1b868ade8205eca0e105aaa2	2135
mods/heroes.stormmod/enus.stormassets/localizeddata/sounds/vo/tassadarcryptlord_introrespond02.ogg	ff1c3722e9e511242b1aee4a4e0ea362	26758
mods/heroes.stormmod/enus.stormassets/localizeddata/sounds/vo/tassadarcryptlord_introresponse_artanis00.fxe	1ed4ea5b8e09fcd0f3a07f9b3ee4128a	2096
mods/heroes.stormmod/enus.stormassets/localizeddata/sounds/vo/tassadarcryptlord_introresponse_artanis00.ogg	446074da58b571b2e72cc46e1d615dcb	30834
mods/heroes.stormmod/enus.stormassets/localizeddata/sounds/vo/tassadarcryptlord_introresponse_kerrigan00.fxe	c9b0e9675da41ca0a232de8c6f07bab8	993
mods/heroes.stormmod/enus.stormassets/localizeddata/sounds/vo/tassadarcryptlord_introresponse_kerrigan00.ogg	573c8ed8f51dc88bca0cce8e90592c59	57181
mods/heroes.stormmod/enus.stormassets/localizeddata/sounds/vo/tassadarcryptlord_introresponse_murky00.fxe	38b7da93626e05033e74e52677f98a5a	4398
mods/heroes.stormmod/enus.stormassets/localizeddata/sounds/vo/tassadarcryptlord_introresponse_murky00.ogg	4d93fbf4fefb7286b43fe99ba6771d7d	52752
mods/heroes.stormmod/enus.stormassets/localizeddata/sounds/vo/tassadarcryptlord_introresponse_negative00.fxe	c2f4e036ddd7153bb9102f7a0ae8408a	4033
mods/heroes.stormmod/enus.stormassets/localizeddata/sounds/vo/tassadarcryptlord_introresponse_negative00.ogg	b73887786d4a95024eed6d3c184c3b79	53463
mods/heroes.stormmod/enus.stormassets/localizeddata/sounds/vo/tassadarcryptlord_introresponse_positive00.fxe	d33dd3af5f8e3546e8e79af8fc70017f	2673
mods/heroes.stormmod/enus.stormassets/localizeddata/sounds/vo/tassadarcryptlord_introresponse_positive00.ogg	d032b0062619c48e4ee652c46ec9662f	32833
mods/heroes.stormmod/enus.stormassets/localizeddata/sounds/vo/tassadarcryptlord_introresponse_zeratul00.fxe	94cc52e90f61f751ecb4da73f2a2d614	1872
mods/heroes.stormmod/enus.stormassets/localizeddata/sounds/vo/tassadarcryptlord_introresponse_zeratul00.ogg	9166a98eef86c14478642c03e0c6f3df	32201
mods/heroes.stormmod/enus.stormassets/localizeddata/sounds/vo/tassadarcryptlord_kill00.fxe	da67485be9ecd73cb9223caea119be15	1535
mods/heroes.stormmod/enus.stormassets/localizeddata/sounds/vo/tassadarcryptlord_kill00.ogg	97e9ba50c6a33898840b570bb301a876	24679
mods/heroes.stormmod/enus.stormassets/localizeddata/sounds/vo/tassadarcryptlord_kill01.fxe	5fd8dabf7d30eb6659e9813b933248c0	1071
mods/heroes.stormmod/enus.stormassets/localizeddata/sounds/vo/tassadarcryptlord_kill01.ogg	652da5eed0701c81c9c7d66bdc2516d0	17510
mods/heroes.stormmod/enus.stormassets/localizeddata/sounds/vo/tassadarcryptlord_kill02.fxe	f1b49aff777bddc8804fd32ddb89ea20	1679
mods/heroes.stormmod/enus.stormassets/localizeddata/sounds/vo/tassadarcryptlord_kill02.ogg	c05abf36b13b2314cf5ea70bdd34ad4b	19175
mods/heroes.stormmod/enus.stormassets/localizeddata/sounds/vo/tassadarcryptlord_kill03.fxe	1050630a44b7920d84729e82f640f115	1135
mods/heroes.stormmod/enus.stormassets/localizeddata/sounds/vo/tassadarcryptlord_kill03.ogg	a090242e44cae33e1fadf46b9f5ab672	16740
mods/heroes.stormmod/enus.stormassets/localizeddata/sounds/vo/tassadarcryptlord_kill04.fxe	a7115d38615983452d3efb8b5cfeda0b	1935
mods/heroes.stormmod/enus.stormassets/localizeddata/sounds/vo/tassadarcryptlord_kill04.ogg	9b9030bcca95b6438af5938ccb7c3548	34101
mods/heroes.stormmod/enus.stormassets/localizeddata/sounds/vo/tassadarcryptlord_killartanis00.fxe	5eee5654467426edb7873c8c7fce64b6	1974
mods/heroes.stormmod/enus.stormassets/localizeddata/sounds/vo/tassadarcryptlord_killartanis00.ogg	6edae4e8ce364f054b5e6d6bf8ec27f1	29755
mods/heroes.stormmod/enus.stormassets/localizeddata/sounds/vo/tassadarcryptlord_killbrightwing00.fxe	d864d99c02cb003bc3e8b18337b88ebc	2697
mods/heroes.stormmod/enus.stormassets/localizeddata/sounds/vo/tassadarcryptlord_killbrightwing00.ogg	4076f905eb057cae5c2cb65ef7e43b93	41868
mods/heroes.stormmod/enus.stormassets/localizeddata/sounds/vo/tassadarcryptlord_killkerrigan00.fxe	10d2719746e3c1df8c86b00f62864f05	2615
mods/heroes.stormmod/enus.stormassets/localizeddata/sounds/vo/tassadarcryptlord_killkerrigan00.ogg	74a2d5b3adb4ba5847027c08e457480a	37249
mods/heroes.stormmod/enus.stormassets/localizeddata/sounds/vo/tassadarcryptlord_killraynor00.fxe	633b294ab065fa343194b55844d939c0	2117
mods/heroes.stormmod/enus.stormassets/localizeddata/sounds/vo/tassadarcryptlord_killraynor00.ogg	a5c0a68ab782748f04fc1e0d2af45ffd	32766
mods/heroes.stormmod/enus.stormassets/localizeddata/sounds/vo/tassadarcryptlord_killspreeend00.fxe	30635e83c3202b8240a6246df9b3a5ef	1639
mods/heroes.stormmod/enus.stormassets/localizeddata/sounds/vo/tassadarcryptlord_killspreeend00.ogg	b0ebc23a068baf00f751ef2630f14059	24585
mods/heroes.stormmod/enus.stormassets/localizeddata/sounds/vo/tassadarcryptlord_killtassadarcryptlord00.ogg	e3c1837843285e67cabfdbebd40fa7bf	31730
mods/heroes.stormmod/enus.stormassets/localizeddata/sounds/vo/tassadarcryptlord_killzeratul00.fxe	147f002efd16000171937accf6da10ef	2070
mods/heroes.stormmod/enus.stormassets/localizeddata/sounds/vo/tassadarcryptlord_killzeratul00.ogg	e6fba4f7cab925a3d1c6a283c966ce7d	31143
mods/heroes.stormmod/enus.stormassets/localizeddata/sounds/vo/tassadarcryptlord_killzerg00.fxe	d532064c070f8516a2a9d3f62ad12397	2851
mods/heroes.stormmod/enus.stormassets/localizeddata/sounds/vo/tassadarcryptlord_killzerg00.ogg	fd6447c9009fa339665d10edf9d36d89	44268
mods/heroes.stormmod/enus.stormassets/localizeddata/sounds/vo/tassadarcryptlord_laugh00.fxe	e8499d18da6d34a01005f256d96a4434	3040
mods/heroes.stormmod/enus.stormassets/localizeddata/sounds/vo/tassadarcryptlord_laugh00.ogg	4a4ece9de3614d22f392cfedd08c7ac6	32538
mods/heroes.stormmod/enus.stormassets/localizeddata/sounds/vo/tassadarcryptlord_lowlifeheal00.fxe	f194ef1e43312ab43d7c44fd6d28b0e3	2630
mods/heroes.stormmod/enus.stormassets/localizeddata/sounds/vo/tassadarcryptlord_lowlifeheal00.ogg	d8dceb78239c91ac1de64e2d8a8c4091	40934
mods/heroes.stormmod/enus.stormassets/localizeddata/sounds/vo/tassadarcryptlord_lowlifeheal01.fxe	733f6b6ef379d1dac3ec4b304ce64657	2742
mods/heroes.stormmod/enus.stormassets/localizeddata/sounds/vo/tassadarcryptlord_lowlifeheal01.ogg	bf3a51f8ab6e4c58602570afccd17154	41419
mods/heroes.stormmod/enus.stormassets/localizeddata/sounds/vo/tassadarcryptlord_lowlifeheal02.fxe	25d435db4d7cdba03c80aace994ac709	2518
mods/heroes.stormmod/enus.stormassets/localizeddata/sounds/vo/tassadarcryptlord_lowlifeheal02.ogg	70d563d6a9ddc7adee9c61e635784733	40303
mods/heroes.stormmod/enus.stormassets/localizeddata/sounds/vo/tassadarcryptlord_lowmana00.fxe	d9d055caaf0afcc4fa150f6e95557b89	1506
mods/heroes.stormmod/enus.stormassets/localizeddata/sounds/vo/tassadarcryptlord_lowmana00.ogg	b9ccca8d8f48898d57c4abdbcfbea5a5	22103
mods/heroes.stormmod/enus.stormassets/localizeddata/sounds/vo/tassadarcryptlord_lowmana01.fxe	9b76f075c6e390cc858ae2e53234b67a	1442
mods/heroes.stormmod/enus.stormassets/localizeddata/sounds/vo/tassadarcryptlord_lowmana01.ogg	e5c5f01538c64c93a0c1ba8b2cd04e24	31188
mods/heroes.stormmod/enus.stormassets/localizeddata/sounds/vo/tassadarcryptlord_lowmana02.fxe	1a56831eb85e358e24f03aa44811aafa	2034
mods/heroes.stormmod/enus.stormassets/localizeddata/sounds/vo/tassadarcryptlord_lowmana02.ogg	86210e563952659ed3ee7e1921161c92	36789
mods/heroes.stormmod/enus.stormassets/localizeddata/sounds/vo/tassadarcryptlord_matchend00.ogg	908064132f20ec6a5eb23ee8585e878d	19278
mods/heroes.stormmod/enus.stormassets/localizeddata/sounds/vo/tassadarcryptlord_no00.fxe	38f1124ee67710789a9674481c6e9c62	1805
mods/heroes.stormmod/enus.stormassets/localizeddata/sounds/vo/tassadarcryptlord_no00.ogg	6e918323e27366b3fff7b1d783ff0e17	22693
mods/heroes.stormmod/enus.stormassets/localizeddata/sounds/vo/tassadarcryptlord_no01.fxe	25db4b3f594a32a055bc2c76c636d02e	1629
mods/heroes.stormmod/enus.stormassets/localizeddata/sounds/vo/tassadarcryptlord_no01.ogg	ef29f8aa63788e4842a63d9b22378cb4	20534
mods/heroes.stormmod/enus.stormassets/localizeddata/sounds/vo/tassadarcryptlord_no02.fxe	490762bc6747ec3757acc00ad160eeea	845
mods/heroes.stormmod/enus.stormassets/localizeddata/sounds/vo/tassadarcryptlord_no02.ogg	530ab23d8cbbdeebfe81beae67630c39	14340
mods/heroes.stormmod/enus.stormassets/localizeddata/sounds/vo/tassadarcryptlord_ping_assisthero00.fxe	92944a6c9bb90123f3d7d1d5ad15738c	2506
mods/heroes.stormmod/enus.stormassets/localizeddata/sounds/vo/tassadarcryptlord_ping_assisthero00.ogg	ad37b8f21cf545305bb2b9c40806f24d	29794
mods/heroes.stormmod/enus.stormassets/localizeddata/sounds/vo/tassadarcryptlord_ping_assistme00.fxe	e46cc05b94c30e1f39f657ef03ec0f61	1528
mods/heroes.stormmod/enus.stormassets/localizeddata/sounds/vo/tassadarcryptlord_ping_assistme00.ogg	481388078945ed5145ef02503f2bed60	21184
mods/heroes.stormmod/enus.stormassets/localizeddata/sounds/vo/tassadarcryptlord_ping_assistme01.fxe	8f54133e28ed5ecfc351e95bb0bda873	1432
mods/heroes.stormmod/enus.stormassets/localizeddata/sounds/vo/tassadarcryptlord_ping_assistme01.ogg	2e42b55f6bed2b2121ffb293273959ed	22460
mods/heroes.stormmod/enus.stormassets/localizeddata/sounds/vo/tassadarcryptlord_ping_attackcastle00.fxe	b7024b84e7a4f615d39c23cd1620721d	2492
mods/heroes.stormmod/enus.stormassets/localizeddata/sounds/vo/tassadarcryptlord_ping_attackcastle00.ogg	5af11bcd28a823c3f9e3b6486ad990a0	33907
mods/heroes.stormmod/enus.stormassets/localizeddata/sounds/vo/tassadarcryptlord_ping_attackmerc00.fxe	4baf131e97ba15d4c52f578bb3436128	2698
mods/heroes.stormmod/enus.stormassets/localizeddata/sounds/vo/tassadarcryptlord_ping_attackmerc00.ogg	5e9f6abc819969dd0ceab92dec86cca9	29562
mods/heroes.stormmod/enus.stormassets/localizeddata/sounds/vo/tassadarcryptlord_ping_attackoutpost00.fxe	92b2e98123935c0d655820aa6c0bb83e	2109
mods/heroes.stormmod/enus.stormassets/localizeddata/sounds/vo/tassadarcryptlord_ping_attackoutpost00.ogg	5b93a4390ce4f403df89fd2948b0b9d3	27502
mods/heroes.stormmod/enus.stormassets/localizeddata/sounds/vo/tassadarcryptlord_ping_attacktower00.fxe	028064a60647cc6218ce88ffbd9fd728	2235
mods/heroes.stormmod/enus.stormassets/localizeddata/sounds/vo/tassadarcryptlord_ping_attacktower00.ogg	fca35894f439b864a74a7acfa9d9afac	28702
mods/heroes.stormmod/enus.stormassets/localizeddata/sounds/vo/tassadarcryptlord_ping_defendcastle00.fxe	8bb019d23d9f7133c3cf685fe6e88283	1756
mods/heroes.stormmod/enus.stormassets/localizeddata/sounds/vo/tassadarcryptlord_ping_defendcastle00.ogg	8dc431de3f21afd59d335b0878a107b6	22124
mods/heroes.stormmod/enus.stormassets/localizeddata/sounds/vo/tassadarcryptlord_ping_defendoutpost00.fxe	028e0ba5a548563c52e63c99dc9f3dc3	1741
mods/heroes.stormmod/enus.stormassets/localizeddata/sounds/vo/tassadarcryptlord_ping_defendoutpost00.ogg	e0be82cb774dd0419ebd791305cbf5d5	22519
mods/heroes.stormmod/enus.stormassets/localizeddata/sounds/vo/tassadarcryptlord_ping_defendtower00.fxe	ff869020e00495a069bcecf28e01ddc9	2267
mods/heroes.stormmod/enus.stormassets/localizeddata/sounds/vo/tassadarcryptlord_ping_defendtower00.ogg	dde51c6bc07e41e51edf4d2d3da54558	28816
mods/heroes.stormmod/enus.stormassets/localizeddata/sounds/vo/tassadarcryptlord_ping_killhero00.fxe	38552ec3bff8e7ae36125453430e1e4f	1912
mods/heroes.stormmod/enus.stormassets/localizeddata/sounds/vo/tassadarcryptlord_ping_killhero00.ogg	5e2871faefeab7e64ebd59c9cf83fbfa	25537
mods/heroes.stormmod/enus.stormassets/localizeddata/sounds/vo/tassadarcryptlord_pissed00.fxe	cfd8ac8e1ec67116617d9484b9113ae6	1329
mods/heroes.stormmod/enus.stormassets/localizeddata/sounds/vo/tassadarcryptlord_pissed00.ogg	d62cf9a8d1be340fbc0d14336c9ef8a4	21639
mods/heroes.stormmod/enus.stormassets/localizeddata/sounds/vo/tassadarcryptlord_pissed01.fxe	964f69bd19fdbc4c6ab1217ad0bbb08f	1153
mods/heroes.stormmod/enus.stormassets/localizeddata/sounds/vo/tassadarcryptlord_pissed01.ogg	d03af48df53b7176adcf7ea7dc800ea0	15647
mods/heroes.stormmod/enus.stormassets/localizeddata/sounds/vo/tassadarcryptlord_pissed02.fxe	b9d90c3b190df441b4bb1012872ddacf	1569
mods/heroes.stormmod/enus.stormassets/localizeddata/sounds/vo/tassadarcryptlord_pissed02.ogg	1e64a69be30f52ee9a263fab03a305b5	67697
mods/heroes.stormmod/enus.stormassets/localizeddata/sounds/vo/tassadarcryptlord_pissed03.fxe	e9c96d801fdd9123c2fde37915b2eaf1	2897
mods/heroes.stormmod/enus.stormassets/localizeddata/sounds/vo/tassadarcryptlord_pissed03.ogg	a3abcc1c21164933d4db08ef0aa77061	37650
mods/heroes.stormmod/enus.stormassets/localizeddata/sounds/vo/tassadarcryptlord_pissed04.fxe	3751be2c0f7c3852b5c40bc316ded755	2273
mods/heroes.stormmod/enus.stormassets/localizeddata/sounds/vo/tassadarcryptlord_pissed04.ogg	4bae3ec6386b2533ae0b043e89aa7617	71141
mods/heroes.stormmod/enus.stormassets/localizeddata/sounds/vo/tassadarcryptlord_pissed05.fxe	17acd3ebbeed2820a3092a3c14ade09c	3585
mods/heroes.stormmod/enus.stormassets/localizeddata/sounds/vo/tassadarcryptlord_pissed05.ogg	c132085a5f9b8dcd2f8e686720cc4c00	51779
mods/heroes.stormmod/enus.stormassets/localizeddata/sounds/vo/tassadarcryptlord_pissed06.fxe	1482c2f06fe967c3b34778589e447bf0	993
mods/heroes.stormmod/enus.stormassets/localizeddata/sounds/vo/tassadarcryptlord_pissed06.ogg	06d2d42c53001a1f3eb44368ca04ba83	59973
mods/heroes.stormmod/enus.stormassets/localizeddata/sounds/vo/tassadarcryptlord_pissed07.fxe	76cf4dac64855a42b3f4b8a77e97fb8c	517
mods/heroes.stormmod/enus.stormassets/localizeddata/sounds/vo/tassadarcryptlord_pissed07.ogg	ca791c4dd273c69a94543023627ac69b	55327
mods/heroes.stormmod/enus.stormassets/localizeddata/sounds/vo/tassadarcryptlord_pissed08.fxe	7d61fc5e4d453652efc2a17ff1d1cfcf	2577
mods/heroes.stormmod/enus.stormassets/localizeddata/sounds/vo/tassadarcryptlord_pissed08.ogg	b6220adb5cf835a478ec6da5567046be	78422
mods/heroes.stormmod/enus.stormassets/localizeddata/sounds/vo/tassadarcryptlord_pissed09.fxe	b70be76f957815a2176c6049b032d723	3073
mods/heroes.stormmod/enus.stormassets/localizeddata/sounds/vo/tassadarcryptlord_pissed09.ogg	a6afb0e7b9d0fa13257599395dbf32a9	44021
mods/heroes.stormmod/enus.stormassets/localizeddata/sounds/vo/tassadarcryptlord_pissed10.fxe	810fde01bb582037374866cd8d18b31f	3665
mods/heroes.stormmod/enus.stormassets/localizeddata/sounds/vo/tassadarcryptlord_pissed10.ogg	3a4168e14bf3337e92b60e5b6e2c61cb	48112
mods/heroes.stormmod/enus.stormassets/localizeddata/sounds/vo/tassadarcryptlord_pissed11.fxe	e70b636493d817802d944b68a3c3c94d	1393
mods/heroes.stormmod/enus.stormassets/localizeddata/sounds/vo/tassadarcryptlord_pissed11.ogg	2490ccf5005ff0bbff49441d8faf1236	29405
mods/heroes.stormmod/enus.stormassets/localizeddata/sounds/vo/tassadarcryptlord_pissed12.fxe	6867f30773f5bbdc36a6ed925e552ce8	2561
mods/heroes.stormmod/enus.stormassets/localizeddata/sounds/vo/tassadarcryptlord_pissed12.ogg	a7a5fa8db9b5cb821ed9fa47a0f0ee5a	37476
mods/heroes.stormmod/enus.stormassets/localizeddata/sounds/vo/tassadarcryptlord_pissed13.fxe	4e650eb23474808b46297d65e644cdbf	961
mods/heroes.stormmod/enus.stormassets/localizeddata/sounds/vo/tassadarcryptlord_pissed13.ogg	0b9ac35878d3539b9c29d64b892fd0f7	62552
mods/heroes.stormmod/enus.stormassets/localizeddata/sounds/vo/tassadarcryptlord_pissed14.fxe	a23b89b7ba39e608249110011f8322d4	1425
mods/heroes.stormmod/enus.stormassets/localizeddata/sounds/vo/tassadarcryptlord_pissed14.ogg	15fc4abf13ce40bc23f44c253d93df1c	65595
mods/heroes.stormmod/enus.stormassets/localizeddata/sounds/vo/tassadarcryptlord_resurrected00.fxe	231599840c689e3b2dce7682b0d7425a	1254
mods/heroes.stormmod/enus.stormassets/localizeddata/sounds/vo/tassadarcryptlord_resurrected00.ogg	9f41e9abfc9838ca2e9fd9ae7fac40ef	18057
mods/heroes.stormmod/enus.stormassets/localizeddata/sounds/vo/tassadarcryptlord_resurrected01.fxe	0fb46aebfc52dc435dd89ec43044cbcd	2614
mods/heroes.stormmod/enus.stormassets/localizeddata/sounds/vo/tassadarcryptlord_resurrected01.ogg	9a368c6a4cfa049b6cb43f87a5c54d51	31562
mods/heroes.stormmod/enus.stormassets/localizeddata/sounds/vo/tassadarcryptlord_revive00.fxe	c912f9c00a65995eb8a81cd36302b3fb	1761
mods/heroes.stormmod/enus.stormassets/localizeddata/sounds/vo/tassadarcryptlord_revive00.ogg	4b02145230db6d1a0042d594af30d078	27376
mods/heroes.stormmod/enus.stormassets/localizeddata/sounds/vo/tassadarcryptlord_revive01.fxe	4bb725788434b5334dd0141b61ffb7b4	1121
mods/heroes.stormmod/enus.stormassets/localizeddata/sounds/vo/tassadarcryptlord_revive01.ogg	8e406cd0f029916664dcd76c8868d88c	19614
mods/heroes.stormmod/enus.stormassets/localizeddata/sounds/vo/tassadarcryptlord_revive02.fxe	b040bc707dff03c9c84d9d81c2d708aa	2801
mods/heroes.stormmod/enus.stormassets/localizeddata/sounds/vo/tassadarcryptlord_revive02.ogg	c0427f4998ba0b19092748e16e05a525	38620
mods/heroes.stormmod/enus.stormassets/localizeddata/sounds/vo/tassadarcryptlord_spec00.fxe	47746ac02f5b84595e65997ade33ff6c	1951
mods/heroes.stormmod/enus.stormassets/localizeddata/sounds/vo/tassadarcryptlord_spec00.ogg	8f472119e9e7f9ec68a20198b47e07de	25531
mods/heroes.stormmod/enus.stormassets/localizeddata/sounds/vo/tassadarcryptlord_spec01.fxe	b6a1212537cd7a63342a07ab042bb299	1295
mods/heroes.stormmod/enus.stormassets/localizeddata/sounds/vo/tassadarcryptlord_spec01.ogg	14ad5c463ccf502c1a1e31569ed7d3ed	21524
mods/heroes.stormmod/enus.stormassets/localizeddata/sounds/vo/tassadarcryptlord_spec02.fxe	0b708a5b0f6af7cc5bc13176fc6cfcfa	1551
mods/heroes.stormmod/enus.stormassets/localizeddata/sounds/vo/tassadarcryptlord_spec02.ogg	6d2bcc0e61d04aa7c477177a3d8426a4	26047
mods/heroes.stormmod/enus.stormassets/localizeddata/sounds/vo/tassadarcryptlord_spec03.fxe	0531ac092a3e857b4b8074f27feb7a54	1263
mods/heroes.stormmod/enus.stormassets/localizeddata/sounds/vo/tassadarcryptlord_spec03.ogg	2c5430dd64b76576cfdebba38968cd7d	20065
mods/heroes.stormmod/enus.stormassets/localizeddata/sounds/vo/tassadarcryptlord_spec04.fxe	76b0c91580fb582ef218546e19078304	1647
mods/heroes.stormmod/enus.stormassets/localizeddata/sounds/vo/tassadarcryptlord_spec04.ogg	b288ee5c4135265d77e9311515e33c61	19706
mods/heroes.stormmod/enus.stormassets/localizeddata/sounds/vo/tassadarcryptlord_taunt00.fxe	117e653da2f96c56ae8541436b0d95a1	2624
mods/heroes.stormmod/enus.stormassets/localizeddata/sounds/vo/tassadarcryptlord_taunt00.ogg	98ec60cc80ac88b41d2884a67786e667	33141
mods/heroes.stormmod/enus.stormassets/localizeddata/sounds/vo/tassadarcryptlord_taunt01.fxe	791f277291fbd58de7b16b2f7cfad50f	2096
mods/heroes.stormmod/enus.stormassets/localizeddata/sounds/vo/tassadarcryptlord_taunt01.ogg	28d0b9a224ff6f4d785a4af017be7e31	31276
mods/heroes.stormmod/enus.stormassets/localizeddata/sounds/vo/tassadarcryptlord_taunt02.fxe	f4b391fc0df249bb7343db7482d811bb	2640
mods/heroes.stormmod/enus.stormassets/localizeddata/sounds/vo/tassadarcryptlord_taunt02.ogg	632b2cb19e42a3a26fc2d0d5e708dffc	32932
mods/heroes.stormmod/enus.stormassets/localizeddata/sounds/vo/tassadarcryptlord_teamkilled00.fxe	1a3c19c49362251224a541870c0239f3	2709
mods/heroes.stormmod/enus.stormassets/localizeddata/sounds/vo/tassadarcryptlord_teamkilled00.ogg	24fff004749eaa2cdbdc7ea1e5194b30	34881
mods/heroes.stormmod/enus.stormassets/localizeddata/sounds/vo/tassadarcryptlord_ui_exlocked00.fxe	ffcf8950d6122235cf349880f72265ae	2086
mods/heroes.stormmod/enus.stormassets/localizeddata/sounds/vo/tassadarcryptlord_ui_exlocked00.ogg	20c0332c19cd919582be2bde09582bd0	29761
mods/heroes.stormmod/enus.stormassets/localizeddata/sounds/vo/tassadarcryptlord_ui_expurchased00.fxe	e44a3567aa15a5dde79560787a64f809	1417
mods/heroes.stormmod/enus.stormassets/localizeddata/sounds/vo/tassadarcryptlord_ui_expurchased00.ogg	decb9299e116d10e28b69fac40f31f2d	20828
mods/heroes.stormmod/enus.stormassets/localizeddata/sounds/vo/tassadarcryptlord_ui_gift00.fxe	39e7260a9d388fc296a21a272948df46	2242
mods/heroes.stormmod/enus.stormassets/localizeddata/sounds/vo/tassadarcryptlord_ui_gift00.ogg	ab7b1873dc27c7190db554c6fabc887b	26422
mods/heroes.stormmod/enus.stormassets/localizeddata/sounds/vo/tassadarcryptlord_ui_lockin00.fxe	cec1e9c6b567d6dc5287f680f768dbc9	2420
mods/heroes.stormmod/enus.stormassets/localizeddata/sounds/vo/tassadarcryptlord_ui_lockin00.ogg	83af7c169a199995330474ba1426b46f	32226
mods/heroes.stormmod/enus.stormassets/localizeddata/sounds/vo/tassadarcryptlord_ui_purchase00.fxe	6571c76c724cfc432935fa272c71ad99	1750
mods/heroes.stormmod/enus.stormassets/localizeddata/sounds/vo/tassadarcryptlord_ui_purchase00.ogg	b5d9431121efc9e9d1634759f3276294	23263
mods/heroes.stormmod/enus.stormassets/localizeddata/sounds/vo/tassadarcryptlord_ui_trial00.fxe	ccfaeb8f1654cca835bde269911e5336	2579
mods/heroes.stormmod/enus.stormassets/localizeddata/sounds/vo/tassadarcryptlord_ui_trial00.ogg	ff99bf1b174a1ae31f29fd03f0d41386	38431
mods/heroes.stormmod/enus.stormassets/localizeddata/sounds/vo/tassadarcryptlord_ui_trial01.fxe	71e736ea2f9edbc63a13db8fe1877006	2691
mods/heroes.stormmod/enus.stormassets/localizeddata/sounds/vo/tassadarcryptlord_ui_trial01.ogg	7925642487e208db2daee9dd67ac6f24	38824
mods/heroes.stormmod/enus.stormassets/localizeddata/sounds/vo/tassadarcryptlord_ui_waitlocked00.fxe	d586a09ad42e6bb136df21e0ccad0228	1432
mods/heroes.stormmod/enus.stormassets/localizeddata/sounds/vo/tassadarcryptlord_ui_waitlocked00.ogg	1034423732f0a3cfdce7e83c6205d65d	19522
mods/heroes.stormmod/enus.stormassets/localizeddata/sounds/vo/tassadarcryptlord_ui_waitlocked01.fxe	66afc67e99dcc50600a8cbd7d0609b77	1912
mods/heroes.stormmod/enus.stormassets/localizeddata/sounds/vo/tassadarcryptlord_ui_waitlocked01.ogg	321e6ea1c772637af8293ed3b7d0399d	26486
mods/heroes.stormmod/enus.stormassets/localizeddata/sounds/vo/tassadarcryptlord_ui_waitpurchased00.fxe	d7f8ecb02e7d41ce7405d04dfd6e7d67	2987
mods/heroes.stormmod/enus.stormassets/localizeddata/sounds/vo/tassadarcryptlord_ui_waitpurchased00.ogg	0fc91bf581519b90f5271e13e8177e9b	47646
mods/heroes.stormmod/enus.stormassets/localizeddata/sounds/vo/tassadarcryptlord_ui_waitpurchased01.fxe	fdb9396b732be1576de9bdb15acc2622	3819
mods/heroes.stormmod/enus.stormassets/localizeddata/sounds/vo/tassadarcryptlord_ui_waitpurchased01.ogg	98dece2b1e6b38077b46ce9bacac1266	44825
mods/heroes.stormmod/enus.stormassets/localizeddata/sounds/vo/tassadarcryptlord_ultimate1used00.fxe	1cd573b76043c7d4fd4da4c59075130a	1608
mods/heroes.stormmod/enus.stormassets/localizeddata/sounds/vo/tassadarcryptlord_ultimate1used00.ogg	463d4e448c2e20c80cc5d456257e4145	20169
mods/heroes.stormmod/enus.stormassets/localizeddata/sounds/vo/tassadarcryptlord_ultimate1used01.fxe	ae151aabd769a7bdc1861416ee9bfa9c	1208
mods/heroes.stormmod/enus.stormassets/localizeddata/sounds/vo/tassadarcryptlord_ultimate1used01.ogg	ef6feebb3c9f298931b9a3708e80a96c	18980
mods/heroes.stormmod/enus.stormassets/localizeddata/sounds/vo/tassadarcryptlord_ultimate1used02.fxe	7be0c3b5ba0b9d3ef7ac863fc9bc33aa	1064
mods/heroes.stormmod/enus.stormassets/localizeddata/sounds/vo/tassadarcryptlord_ultimate1used02.ogg	689965d437e5b049e19e43ccd6140768	15875
mods/heroes.stormmod/enus.stormassets/localizeddata/sounds/vo/tassadarcryptlord_ultimate1used03.fxe	f233e821b1fe675d560d8cc4920e7cc4	920
mods/heroes.stormmod/enus.stormassets/localizeddata/sounds/vo/tassadarcryptlord_ultimate1used03.ogg	449620e0130f34307460915ddb9387ba	13477
mods/heroes.stormmod/enus.stormassets/localizeddata/sounds/vo/tassadarcryptlord_ultimate2used00.fxe	d4ffb12a4ca00f1f4b1f4d7c8e86c410	1800
mods/heroes.stormmod/enus.stormassets/localizeddata/sounds/vo/tassadarcryptlord_ultimate2used00.ogg	4748f55bdd789b7d189ec583852d915e	29788
mods/heroes.stormmod/enus.stormassets/localizeddata/sounds/vo/tassadarcryptlord_ultimate2used01.fxe	1ed8758f6a1a675b946db129cbb43f3e	2072
mods/heroes.stormmod/enus.stormassets/localizeddata/sounds/vo/tassadarcryptlord_ultimate2used01.ogg	b4ead8c11642904b56d728c5531e7b97	34461
mods/heroes.stormmod/enus.stormassets/localizeddata/sounds/vo/tassadarcryptlord_voicelinefive00.ogg	ce1f6ce60e748d5adfbc4fa6afd9202d	30460
mods/heroes.stormmod/enus.stormassets/localizeddata/sounds/vo/tassadarcryptlord_voicelinefour00.ogg	e9ec02dd979178880166467512bf262b	26506
mods/heroes.stormmod/enus.stormassets/localizeddata/sounds/vo/tassadarcryptlord_voicelineone00.ogg	c5bacad812e47d1d9ebf9001e6f9face	22153
mods/heroes.stormmod/enus.stormassets/localizeddata/sounds/vo/tassadarcryptlord_voicelinethree00.ogg	02b2624179b175511a01d13766f9d062	23209
mods/heroes.stormmod/enus.stormassets/localizeddata/sounds/vo/tassadarcryptlord_voicelinetwo00.ogg	a0aa1c5db6b00a42f36500d0f4524d9f	32955
mods/heroes.stormmod/enus.stormassets/localizeddata/sounds/vo/tassadarcryptlord_vox_attack00.fxe	d6ef7383e669e3133903b2b8f8f7c972	1333
mods/heroes.stormmod/enus.stormassets/localizeddata/sounds/vo/tassadarcryptlord_vox_attack00.ogg	fbb150173b0ef89347d99fd537a862fd	10810
mods/heroes.stormmod/enus.stormassets/localizeddata/sounds/vo/tassadarcryptlord_vox_attack01.fxe	bb2905b1261560b1503b7ea675d5289d	1013
mods/heroes.stormmod/enus.stormassets/localizeddata/sounds/vo/tassadarcryptlord_vox_attack01.ogg	570b129fdc65b406d60ba93715b04154	8454
mods/heroes.stormmod/enus.stormassets/localizeddata/sounds/vo/tassadarcryptlord_vox_attack02.fxe	3764b799a73e990caafe6a198935a978	1333
mods/heroes.stormmod/enus.stormassets/localizeddata/sounds/vo/tassadarcryptlord_vox_attack02.ogg	bae2edae7b02034bd914a9f9107734a8	10362
mods/heroes.stormmod/enus.stormassets/localizeddata/sounds/vo/tassadarcryptlord_vox_attack03.fxe	b7828c56400feaaad0b072ac5293c238	1125
mods/heroes.stormmod/enus.stormassets/localizeddata/sounds/vo/tassadarcryptlord_vox_attack03.ogg	1d2571e53cdcf5cc8eacc5bd6460a940	9170
mods/heroes.stormmod/enus.stormassets/localizeddata/sounds/vo/tassadarcryptlord_vox_attack04.fxe	104718f8a238c554d5589d49d1218f6e	1125
mods/heroes.stormmod/enus.stormassets/localizeddata/sounds/vo/tassadarcryptlord_vox_attack04.ogg	9357b99a6902cc78a31f2183a9ce44b9	10433
mods/heroes.stormmod/enus.stormassets/localizeddata/sounds/vo/tassadarcryptlord_vox_attack05.fxe	18edf9ed8ddad0ffe683adc457c3a198	1029
mods/heroes.stormmod/enus.stormassets/localizeddata/sounds/vo/tassadarcryptlord_vox_attack05.ogg	aae512f633c25ad603f4af4720d5e859	8186
mods/heroes.stormmod/enus.stormassets/localizeddata/sounds/vo/tassadarcryptlord_vox_attack06.fxe	e3516b018b494b1ab9d451e28056d3a5	1045
mods/heroes.stormmod/enus.stormassets/localizeddata/sounds/vo/tassadarcryptlord_vox_attack06.ogg	87e1a3fad4ec4d1a7c5922d714eeb528	10060
mods/heroes.stormmod/enus.stormassets/localizeddata/sounds/vo/tassadarcryptlord_vox_attack07.fxe	6431f49e1a461454a058887d60b97f5a	1285
mods/heroes.stormmod/enus.stormassets/localizeddata/sounds/vo/tassadarcryptlord_vox_attack07.ogg	f6cce446ce0402e8456c77b8b5d038ef	9094
mods/heroes.stormmod/enus.stormassets/localizeddata/sounds/vo/tassadarcryptlord_vox_attack08.fxe	c1f44529fbd2cc34b1f55ad0c4aa88b5	1397
mods/heroes.stormmod/enus.stormassets/localizeddata/sounds/vo/tassadarcryptlord_vox_attack08.ogg	adb2054e5095764e1433341692afc28c	14199
mods/heroes.stormmod/enus.stormassets/localizeddata/sounds/vo/tassadarcryptlord_vox_attack09.fxe	5687fe378a6124addd5b85d80641a982	1493
mods/heroes.stormmod/enus.stormassets/localizeddata/sounds/vo/tassadarcryptlord_vox_attack09.ogg	7fb576897fb0b803aebe3caf1cbc7371	14220
mods/heroes.stormmod/enus.stormassets/localizeddata/sounds/vo/tassadarcryptlord_vox_attack10.fxe	72a45832a5515ac85a554616a14be831	1461
mods/heroes.stormmod/enus.stormassets/localizeddata/sounds/vo/tassadarcryptlord_vox_attack10.ogg	dc1640fd01f86c86195e90419c02ec7a	15737
mods/heroes.stormmod/enus.stormassets/localizeddata/sounds/vo/tassadarcryptlord_vox_attack11.fxe	8bd7575595b9f5c7307dde194c919487	1765
mods/heroes.stormmod/enus.stormassets/localizeddata/sounds/vo/tassadarcryptlord_vox_attack11.ogg	af024ff99c3950c966c30e03e3055ea1	18355
mods/heroes.stormmod/enus.stormassets/localizeddata/sounds/vo/tassadarcryptlord_vox_attack12.fxe	9de5ccf2680d58486a5b7f2594446fab	1237
mods/heroes.stormmod/enus.stormassets/localizeddata/sounds/vo/tassadarcryptlord_vox_attack12.ogg	e05da4ad93233289d550ac878f200a3e	13911
mods/heroes.stormmod/enus.stormassets/localizeddata/sounds/vo/tassadarcryptlord_vox_casting00.fxe	af2e6e6170b1ec1039b0d78c1cef42e6	1526
mods/heroes.stormmod/enus.stormassets/localizeddata/sounds/vo/tassadarcryptlord_vox_casting00.ogg	79efe18172b74520659684abd82135ec	13164
mods/heroes.stormmod/enus.stormassets/localizeddata/sounds/vo/tassadarcryptlord_vox_casting01.fxe	97ac1bab700038b50769bbbf4b18e25a	1526
mods/heroes.stormmod/enus.stormassets/localizeddata/sounds/vo/tassadarcryptlord_vox_casting01.ogg	56261379bdebafaa61e9d0c2748d67dd	12095
mods/heroes.stormmod/enus.stormassets/localizeddata/sounds/vo/tassadarcryptlord_vox_casting02.fxe	955093a82bee176fc0d9c6dd4271ee34	1206
mods/heroes.stormmod/enus.stormassets/localizeddata/sounds/vo/tassadarcryptlord_vox_casting02.ogg	8940a604502e561f1226e22f444d3048	12143
mods/heroes.stormmod/enus.stormassets/localizeddata/sounds/vo/tassadarcryptlord_vox_casting03.fxe	e8196cba5029e1319f8afe372a61122e	1302
mods/heroes.stormmod/enus.stormassets/localizeddata/sounds/vo/tassadarcryptlord_vox_casting03.ogg	09fb5831c6bfc47bd07d4da5544e6d18	10329
mods/heroes.stormmod/enus.stormassets/localizeddata/sounds/vo/tassadarcryptlord_vox_casting04.fxe	45507355846c06ea4326385d9cf1eb62	1558
mods/heroes.stormmod/enus.stormassets/localizeddata/sounds/vo/tassadarcryptlord_vox_casting04.ogg	6ab8726d1d59e920258fe0a7cee43bc1	12189
mods/heroes.stormmod/enus.stormassets/localizeddata/sounds/vo/tassadarcryptlord_vox_casting05.fxe	af9b8d61bf7ffb76faab1d61c42b1f9b	1606
mods/heroes.stormmod/enus.stormassets/localizeddata/sounds/vo/tassadarcryptlord_vox_casting05.ogg	dba64d1c440fab8ddf6ed7aa7e055f91	11077
mods/heroes.stormmod/enus.stormassets/localizeddata/sounds/vo/tassadarcryptlord_vox_casting06.fxe	cb838d63afce4cf27f99d17acae336a0	1366
mods/heroes.stormmod/enus.stormassets/localizeddata/sounds/vo/tassadarcryptlord_vox_casting06.ogg	d1d8b140b76e5a2a1c324b31b798e21f	13047
mods/heroes.stormmod/enus.stormassets/localizeddata/sounds/vo/tassadarcryptlord_vox_casting07.fxe	1843986cb143dbdd6003858e9ff60844	1430
mods/heroes.stormmod/enus.stormassets/localizeddata/sounds/vo/tassadarcryptlord_vox_casting07.ogg	9709b6c017d680e68dc9b34383f7ccd0	13497
mods/heroes.stormmod/enus.stormassets/localizeddata/sounds/vo/tassadarcryptlord_vox_casting08.fxe	177c01bf2abd2ead8116f65b86342269	1142
mods/heroes.stormmod/enus.stormassets/localizeddata/sounds/vo/tassadarcryptlord_vox_casting08.ogg	e3a802b55381598c02471bdd9b92104e	10833
mods/heroes.stormmod/enus.stormassets/localizeddata/sounds/vo/tassadarcryptlord_vox_casting09.fxe	3ddd4ee7840115c0931eb2fb6b0176d7	1414
mods/heroes.stormmod/enus.stormassets/localizeddata/sounds/vo/tassadarcryptlord_vox_casting09.ogg	2dbe1d7d4f7d5936b55e3161fb518cbb	9357
mods/heroes.stormmod/enus.stormassets/localizeddata/sounds/vo/tassadarcryptlord_vox_casting10.fxe	3c02904d4edb61634396ee64fbfc0c02	1366
mods/heroes.stormmod/enus.stormassets/localizeddata/sounds/vo/tassadarcryptlord_vox_casting10.ogg	debe1e2bfe4c5f7dce00c350b48966aa	13925
mods/heroes.stormmod/enus.stormassets/localizeddata/sounds/vo/tassadarcryptlord_vox_casting11.fxe	c93c8d169f642357dbfac2b1ab51f7c9	1798
mods/heroes.stormmod/enus.stormassets/localizeddata/sounds/vo/tassadarcryptlord_vox_casting11.ogg	68a53732ebf3fe49c315f038a685d9e3	18912
mods/heroes.stormmod/enus.stormassets/localizeddata/sounds/vo/tassadarcryptlord_vox_casting12.fxe	2df3b58b2fcf72768c556d7fc02d1aa2	1654
mods/heroes.stormmod/enus.stormassets/localizeddata/sounds/vo/tassadarcryptlord_vox_casting12.ogg	e987b41a9db5cf8c0e495acaeedc998f	19296
mods/heroes.stormmod/enus.stormassets/localizeddata/sounds/vo/tassadarcryptlord_vox_casting13.fxe	d501a8d1148733ae3d359033be44650c	2102
mods/heroes.stormmod/enus.stormassets/localizeddata/sounds/vo/tassadarcryptlord_vox_casting13.ogg	fc272532ecdd2cbf9f621e972e721284	18612
mods/heroes.stormmod/enus.stormassets/localizeddata/sounds/vo/tassadarcryptlord_vox_casting14.fxe	22e45222a0420564c652620e3fef446d	2038
mods/heroes.stormmod/enus.stormassets/localizeddata/sounds/vo/tassadarcryptlord_vox_casting14.ogg	d3367f31a9b9af376393b471c360a516	23072
mods/heroes.stormmod/enus.stormassets/localizeddata/sounds/vo/tassadarcryptlord_vox_casting15.fxe	e0407ac7f7b37bb50bde7d7a3b098b2b	1398
mods/heroes.stormmod/enus.stormassets/localizeddata/sounds/vo/tassadarcryptlord_vox_casting15.ogg	85e18156afaa7fef44441ca327625893	17370
mods/heroes.stormmod/enus.stormassets/localizeddata/sounds/vo/tassadarcryptlord_vox_casting16.fxe	0636373c102073c70baf676e12e15945	1990
mods/heroes.stormmod/enus.stormassets/localizeddata/sounds/vo/tassadarcryptlord_vox_casting16.ogg	ef835c7250f38b61e501ec1975422038	18919
mods/heroes.stormmod/enus.stormassets/localizeddata/sounds/vo/tassadarcryptlord_vox_casting17.fxe	1f48ea5caab7c9d1ddc40bc037464a27	2166
mods/heroes.stormmod/enus.stormassets/localizeddata/sounds/vo/tassadarcryptlord_vox_casting17.ogg	1301f9ca7079ad6e7d44822bb27df6de	18249
mods/heroes.stormmod/enus.stormassets/localizeddata/sounds/vo/tassadarcryptlord_vox_casting18.fxe	b67cd73cc71a289276cf83ba4307fef3	1494
mods/heroes.stormmod/enus.stormassets/localizeddata/sounds/vo/tassadarcryptlord_vox_casting18.ogg	fa28c67a84e7ef5121fc20ac95c5e564	19204
mods/heroes.stormmod/enus.stormassets/localizeddata/sounds/vo/tassadarcryptlord_vox_cheer00.fxe	e3fa485f1a2553de40058b1b2b59292f	1412
mods/heroes.stormmod/enus.stormassets/localizeddata/sounds/vo/tassadarcryptlord_vox_cheer00.ogg	90b21dcf188aee75a6035be21bb531ee	15500
mods/heroes.stormmod/enus.stormassets/localizeddata/sounds/vo/tassadarcryptlord_vox_gethit00.fxe	a5aff71c258bd067550073948fbb786b	2165
mods/heroes.stormmod/enus.stormassets/localizeddata/sounds/vo/tassadarcryptlord_vox_gethit00.ogg	07851f1140c682fff2bde85c54378d4f	20843
mods/heroes.stormmod/enus.stormassets/localizeddata/sounds/vo/tassadarcryptlord_vox_gethit01.fxe	1e04972dc23df547cf03e5612c7f8cb3	1429
mods/heroes.stormmod/enus.stormassets/localizeddata/sounds/vo/tassadarcryptlord_vox_gethit01.ogg	de7ab52218fd478983976301aaceb6ed	14629
mods/heroes.stormmod/enus.stormassets/localizeddata/sounds/vo/tassadarcryptlord_vox_gethit02.fxe	7367a88ba5f36c33faf07810730cdbb9	1461
mods/heroes.stormmod/enus.stormassets/localizeddata/sounds/vo/tassadarcryptlord_vox_gethit02.ogg	1eb1729584e7e59cae211eef6cd01ba9	14237
mods/heroes.stormmod/enus.stormassets/localizeddata/sounds/vo/tassadarcryptlord_vox_gethit03.fxe	5a819592ecd4a86bbaef6665df94b855	2325
mods/heroes.stormmod/enus.stormassets/localizeddata/sounds/vo/tassadarcryptlord_vox_gethit03.ogg	936b8e2f1c1f1b1959f02a8f405048ad	27610
mods/heroes.stormmod/enus.stormassets/localizeddata/sounds/vo/tassadarcryptlord_vox_gethit04.fxe	81ab84172ea6d8fd319e54cf57767334	1413
mods/heroes.stormmod/enus.stormassets/localizeddata/sounds/vo/tassadarcryptlord_vox_gethit04.ogg	c71f2a87679e0b6e214e998934cbd7af	14729
mods/heroes.stormmod/enus.stormassets/localizeddata/sounds/vo/tassadarcryptlord_vox_gethit05.fxe	3ec25d45dffd4c1bcb10872f6d7b37ca	1573
mods/heroes.stormmod/enus.stormassets/localizeddata/sounds/vo/tassadarcryptlord_vox_gethit05.ogg	337644af0c0996f95c1a3d659527b682	16450
mods/heroes.stormmod/enus.stormassets/localizeddata/sounds/vo/tassadarcryptlord_vox_gethit06.fxe	c0a7b0cf0f5d1362b5ebcf276cd86537	1589
mods/heroes.stormmod/enus.stormassets/localizeddata/sounds/vo/tassadarcryptlord_vox_gethit06.ogg	995e2bff5c568cbaa2787572a9758bc0	13092
mods/heroes.stormmod/enus.stormassets/localizeddata/sounds/vo/tassadarcryptlord_vox_gethit07.fxe	dac0bf906a72e038de3f332b6d1f0795	1589
mods/heroes.stormmod/enus.stormassets/localizeddata/sounds/vo/tassadarcryptlord_vox_gethit07.ogg	54ae570326e39ea5873b5ce8e95c091e	12182
mods/heroes.stormmod/enus.stormassets/localizeddata/sounds/vo/tassadarcryptlord_vox_gethit08.fxe	0d0d20df43025d18d2e016ab324833f5	1397
mods/heroes.stormmod/enus.stormassets/localizeddata/sounds/vo/tassadarcryptlord_vox_gethit08.ogg	bcf180f0713d1bf81091e0c015af6976	14808
mods/heroes.stormmod/enus.stormassets/localizeddata/sounds/vo/tassadarcryptlord_vox_gethit09.fxe	b5df8d51a0c5212008b249698c83049d	1397
mods/heroes.stormmod/enus.stormassets/localizeddata/sounds/vo/tassadarcryptlord_vox_gethit09.ogg	7a7c45f67bf2ed24410223c18de0d83b	14059
mods/heroes.stormmod/enus.stormassets/localizeddata/sounds/vo/tassadarcryptlord_vox_gethit10.fxe	ef396584fbce37128974da3545882714	1621
mods/heroes.stormmod/enus.stormassets/localizeddata/sounds/vo/tassadarcryptlord_vox_gethit10.ogg	4bb6f4c58273b1d4adc07f4b162ad7d1	15664
mods/heroes.stormmod/enus.stormassets/localizeddata/sounds/vo/tassadarcryptlord_vox_gethit11.fxe	9e5975802bbe3521d8a1797d91905f0c	2133
mods/heroes.stormmod/enus.stormassets/localizeddata/sounds/vo/tassadarcryptlord_vox_gethit11.ogg	981966a8de776ef17ff8caf3684b9e94	17191
mods/heroes.stormmod/enus.stormassets/localizeddata/sounds/vo/tassadarcryptlord_vox_gethit12.fxe	74c01f795e4e82e478157c6e8b2ba1c6	1877
mods/heroes.stormmod/enus.stormassets/localizeddata/sounds/vo/tassadarcryptlord_vox_gethit12.ogg	949310b474ead75bf124f32645d3b437	18951
mods/heroes.stormmod/enus.stormassets/localizeddata/sounds/vo/tassadarcryptlord_vox_gethit13.fxe	818d34ae2c59a9d54f9790b0e0342c94	1589
mods/heroes.stormmod/enus.stormassets/localizeddata/sounds/vo/tassadarcryptlord_vox_gethit13.ogg	e6d3db1560ad2815054fa913360b4cd3	10611
mods/heroes.stormmod/enus.stormassets/localizeddata/sounds/vo/tassadarcryptlord_vox_gethit14.fxe	7642bc9ba753a5589c355ebbcd1069fe	1525
mods/heroes.stormmod/enus.stormassets/localizeddata/sounds/vo/tassadarcryptlord_vox_gethit14.ogg	76507e82416d4ee7e56eb5a2c055b0eb	13141
mods/heroes.stormmod/enus.stormassets/localizeddata/sounds/vo/tassadarcryptlord_vox_gethit15.fxe	9e7b655911e5165e81a958320c2e72d1	1285
mods/heroes.stormmod/enus.stormassets/localizeddata/sounds/vo/tassadarcryptlord_vox_gethit15.ogg	f5f0ba559e6a45425eb387d9dc35e280	11763
mods/heroes.stormmod/enus.stormassets/localizeddata/sounds/vo/tassadarcryptlord_vox_gethit16.fxe	137043b1555446ff65d60c5703510199	1589
mods/heroes.stormmod/enus.stormassets/localizeddata/sounds/vo/tassadarcryptlord_vox_gethit16.ogg	4870d709f06a8eb6370949152df99b7f	14474
mods/heroes.stormmod/enus.stormassets/localizeddata/sounds/vo/tassadarcryptlord_vox_pulled00.fxe	e15b875966313d011781a14971400052	1285
mods/heroes.stormmod/enus.stormassets/localizeddata/sounds/vo/tassadarcryptlord_vox_pulled00.ogg	afd9c35bf5d707739628e71f64d14aa0	12562
mods/heroes.stormmod/enus.stormassets/localizeddata/sounds/vo/tassadarcryptlord_vox_pulled01.fxe	ae1635ed4bf169fd31892e10292f0185	1653
mods/heroes.stormmod/enus.stormassets/localizeddata/sounds/vo/tassadarcryptlord_vox_pulled01.ogg	0dcd4967995f9a4dd8e392c00c397615	12813
mods/heroes.stormmod/enus.stormassets/localizeddata/sounds/vo/tassadarcryptlord_vox_pulled02.fxe	ca782bf6b4c77d3a6d8351fc2af0542d	1397
mods/heroes.stormmod/enus.stormassets/localizeddata/sounds/vo/tassadarcryptlord_vox_pulled02.ogg	587a6a5d07ec0437f59f568957909761	12309
mods/heroes.stormmod/enus.stormassets/localizeddata/sounds/vo/tassadarcryptlord_vox_pulled03.fxe	cc82379461243ce76cb85195b50a63c5	1621
mods/heroes.stormmod/enus.stormassets/localizeddata/sounds/vo/tassadarcryptlord_vox_pulled03.ogg	efcbb52b6b7dedaf0f94ad045f9ebc54	14029
mods/heroes.stormmod/enus.stormassets/localizeddata/sounds/vo/tassadarcryptlord_vox_pulled04.fxe	6aa0cedd80039bab1a2b6ff8cb8868e0	1733
mods/heroes.stormmod/enus.stormassets/localizeddata/sounds/vo/tassadarcryptlord_vox_pulled04.ogg	3ad12da4e787b45c16c39be6496a780b	14251
mods/heroes.stormmod/enus.stormassets/localizeddata/sounds/vo/tassadarcryptlord_vox_pulled05.fxe	51f2b0d2f0a11b297c29c5ebde954830	1637
mods/heroes.stormmod/enus.stormassets/localizeddata/sounds/vo/tassadarcryptlord_vox_pulled05.ogg	acc0d3c5c72c0d816891876c956eb75c	14475
mods/heroes.stormmod/enus.stormassets/localizeddata/sounds/vo/tassadarcryptlord_vox_pulled06.fxe	34fed1ceea087ba180477b5b3bbb04e9	1669
mods/heroes.stormmod/enus.stormassets/localizeddata/sounds/vo/tassadarcryptlord_vox_pulled06.ogg	446ca5ceb002a271e9f4a40e2dcffe16	14139
mods/heroes.stormmod/enus.stormassets/localizeddata/sounds/vo/tassadarcryptlord_vox_pulled07.fxe	edf69136022a29fa7560f43f70a89529	1493
mods/heroes.stormmod/enus.stormassets/localizeddata/sounds/vo/tassadarcryptlord_vox_pulled07.ogg	bccd4733667e8320f7dff186811e1b4e	10118
mods/heroes.stormmod/enus.stormassets/localizeddata/sounds/vo/tassadarcryptlord_worthit00.fxe	b18840a9d6664103f68c287ccd125b35	1922
mods/heroes.stormmod/enus.stormassets/localizeddata/sounds/vo/tassadarcryptlord_worthit00.ogg	535faccbd158c07a0c3cca5bb09c0a6e	27116
mods/heroes.stormmod/enus.stormassets/localizeddata/sounds/vo/tassadarcryptlord_worthit01.fxe	02179d89ec9455154d91640d28f84ba4	1090
mods/heroes.stormmod/enus.stormassets/localizeddata/sounds/vo/tassadarcryptlord_worthit01.ogg	21e52b809f93cfbd9c80906301fe83a9	17279
mods/heroes.stormmod/enus.stormassets/localizeddata/sounds/vo/tassadarcryptlord_yes00.fxe	72b7d4cf123a201317fabe40292898ad	1486
mods/heroes.stormmod/enus.stormassets/localizeddata/sounds/vo/tassadarcryptlord_yes00.ogg	82541774af0862d5cdf74668378b73d4	21759
mods/heroes.stormmod/enus.stormassets/localizeddata/sounds/vo/tassadarcryptlord_yes01.fxe	f77426e03d20133c5adf225b96591465	1390
mods/heroes.stormmod/enus.stormassets/localizeddata/sounds/vo/tassadarcryptlord_yes01.ogg	cddcee75da9d3efede496e73143b6bb6	18813
mods/heroes.stormmod/enus.stormassets/localizeddata/sounds/vo/tassadarcryptlord_yes02.fxe	9e037e0bfbf606739beca32739ffada3	2414
mods/heroes.stormmod/enus.stormassets/localizeddata/sounds/vo/tassadarcryptlord_yes02.ogg	26573999b5d4b1bc853f31fb2c3a5708	28570
mods/heroes.stormmod/enus.stormassets/localizeddata/sounds/vo/tassadarcryptlord_yes03.fxe	7879a0a4f9f3e97708818cfeb9ed6f25	1934
mods/heroes.stormmod/enus.stormassets/localizeddata/sounds/vo/tassadarcryptlord_yes03.ogg	4c6cd8f2b441118cdb3f2d27331a586f	19977
mods/heroes.stormmod/enus.stormassets/localizeddata/sounds/vo/tassadarcryptlord_yes04.fxe	4afadb79891932f4b958f035d2365097	1470
mods/heroes.stormmod/enus.stormassets/localizeddata/sounds/vo/tassadarcryptlord_yes04.ogg	2550e1a1fcb9fa1991eb0548086d555b	22253
mods/heroes.stormmod/enus.stormassets/localizeddata/sounds/vo/tassadarcryptlord_yes05.fxe	79a8815e7c4b7b1c7a019e68b454fdd6	1102
mods/heroes.stormmod/enus.stormassets/localizeddata/sounds/vo/tassadarcryptlord_yes05.ogg	50ad9e034d40fe757e444ffb45478960	16399
mods/heroes.stormmod/enus.stormassets/localizeddata/sounds/vo/tassadarcryptlord_yes06.fxe	2c2a63dff03a47c9e92159d8120b8f88	1358
mods/heroes.stormmod/enus.stormassets/localizeddata/sounds/vo/tassadarcryptlord_yes06.ogg	13fae6047631ccea96d055d373ccbd8e	18896
mods/heroes.stormmod/enus.stormassets/localizeddata/sounds/vo/tassadarcryptlord_yes07.fxe	52ef152e59fb248a331c445b4d73c2f2	1534
mods/heroes.stormmod/enus.stormassets/localizeddata/sounds/vo/tassadarcryptlord_yes07.ogg	59b86e673227e5a434e3851bf64efd55	20734
mods/heroes.stormmod/enus.stormassets/localizeddata/sounds/vo/tassadarcryptlord_yes08.fxe	901cca6a7d86c5430624bdd8a0d1b2bf	1070
mods/heroes.stormmod/enus.stormassets/localizeddata/sounds/vo/tassadarcryptlord_yes08.ogg	b468987d2c702af60f6bb0d2f2956da9	18320
mods/heroes.stormmod/enus.stormassets/localizeddata/sounds/vo/tassadardark20_ai_attack00.ogg	53c90029da06363e28b45c06d448201b	54723
mods/heroes.stormmod/enus.stormassets/localizeddata/sounds/vo/tassadardark20_ai_caution00.ogg	81533e56ff0bea66ed3f746d74a927cf	59636
mods/heroes.stormmod/enus.stormassets/localizeddata/sounds/vo/tassadardark20_ai_goodjob00.ogg	dc2d8699e08d5ebd31bb835d023f860a	35177
mods/heroes.stormmod/enus.stormassets/localizeddata/sounds/vo/tassadardark20_ai_goodjob01.ogg	14bbd238fcb7edda78b058098c225dde	30503
mods/heroes.stormmod/enus.stormassets/localizeddata/sounds/vo/tassadardark20_ai_goodjob02.ogg	b317b2c317735aa53aefa9f6cb3cc760	31046
mods/heroes.stormmod/enus.stormassets/localizeddata/sounds/vo/tassadardark20_ai_heal00.ogg	020c755a03259a1c8674da17c65dd5b1	63891
mods/heroes.stormmod/enus.stormassets/localizeddata/sounds/vo/tassadardark20_ai_heal01.ogg	2e7e3a481e7bd0b5c631275f80a4d9da	65559
mods/heroes.stormmod/enus.stormassets/localizeddata/sounds/vo/tassadardark20_ai_retreat00.ogg	e95c04959272ae2269e143b408ca74e0	31214
mods/heroes.stormmod/enus.stormassets/localizeddata/sounds/vo/tassadardark20_ai_retreat01.ogg	58cb6242969e790895d3a13a484168b6	33323
mods/heroes.stormmod/enus.stormassets/localizeddata/sounds/vo/tassadardark20_ai_uhoh00.ogg	49372169c663f0ccff8f2b47f2696295	46440
mods/heroes.stormmod/enus.stormassets/localizeddata/sounds/vo/tassadardark20_ai_uhoh01.ogg	0613b24ecda86dbcb47b4fef8856a51d	30692
mods/heroes.stormmod/enus.stormassets/localizeddata/sounds/vo/tassadardark20_ai_uhoh02.ogg	a56b43e5a2c3fa8c12a6d04f2c55bffb	52429
mods/heroes.stormmod/enus.stormassets/localizeddata/sounds/vo/tassadardark20_attack00.ogg	91228d31a2458e256e4dc016d7e90a2c	29759
mods/heroes.stormmod/enus.stormassets/localizeddata/sounds/vo/tassadardark20_attack01.ogg	d7508839c38b297def07e236081a85b8	39473
mods/heroes.stormmod/enus.stormassets/localizeddata/sounds/vo/tassadardark20_attack02.ogg	859291b97d4869b423dba87102fdfa2f	41916
mods/heroes.stormmod/enus.stormassets/localizeddata/sounds/vo/tassadardark20_attack03.ogg	c1b56e3806f25c216c17c0357f8c7f77	24382
mods/heroes.stormmod/enus.stormassets/localizeddata/sounds/vo/tassadardark20_attack04.ogg	49b00174d899203fee1cbf589ad8ffe6	31716
mods/heroes.stormmod/enus.stormassets/localizeddata/sounds/vo/tassadardark20_attack05.ogg	9cf95cf0a6ba96f4d47fdcf0e9780498	40216
mods/heroes.stormmod/enus.stormassets/localizeddata/sounds/vo/tassadardark20_attack06.ogg	49eae4dca93fab62e5b2cc34161eb547	40558
mods/heroes.stormmod/enus.stormassets/localizeddata/sounds/vo/tassadardark20_celebrate00.ogg	4998bd822878bbbdeeb2902e9b2580e5	44480
mods/heroes.stormmod/enus.stormassets/localizeddata/sounds/vo/tassadardark20_celebrate01.ogg	b234b74340a4d1b3029259587821367f	42129
mods/heroes.stormmod/enus.stormassets/localizeddata/sounds/vo/tassadardark20_comeback00.ogg	1182b77070600d5d3b12daf5b63f2fdd	68450
mods/heroes.stormmod/enus.stormassets/localizeddata/sounds/vo/tassadardark20_death00.wav	aa6021376ed49ac1955fec6837beaef4	112700
mods/heroes.stormmod/enus.stormassets/localizeddata/sounds/vo/tassadardark20_death01.wav	d589c60324aa030ba45c7f1f8d46588a	156220
mods/heroes.stormmod/enus.stormassets/localizeddata/sounds/vo/tassadardark20_death02.wav	c7d0d2221a7a9b973278f0920e78ebba	170044
mods/heroes.stormmod/enus.stormassets/localizeddata/sounds/vo/tassadardark20_death05.wav	fa50f3add75654246687f7d280575868	122428
mods/heroes.stormmod/enus.stormassets/localizeddata/sounds/vo/tassadardark20_death07.wav	79c1efc7344d87e99746f3a4c0a744c9	170044
mods/heroes.stormmod/enus.stormassets/localizeddata/sounds/vo/tassadardark20_healed00.ogg	31a6b6fb66544fbe3d5f2778ba6425ee	50306
mods/heroes.stormmod/enus.stormassets/localizeddata/sounds/vo/tassadardark20_healed01.ogg	1bcc3a2b5f52b54fd7e1a50a2d953275	33334
mods/heroes.stormmod/enus.stormassets/localizeddata/sounds/vo/tassadardark20_healed02.ogg	8c71bb219bc534d5c5a2d1dc274345ff	50504
mods/heroes.stormmod/enus.stormassets/localizeddata/sounds/vo/tassadardark20_introagree00.ogg	8a2994e26e26a9635b6553c4647ce87d	34195
mods/heroes.stormmod/enus.stormassets/localizeddata/sounds/vo/tassadardark20_introagree01.ogg	cc5c101d9a12eea514f63d9972dcbef6	35639
mods/heroes.stormmod/enus.stormassets/localizeddata/sounds/vo/tassadardark20_introagree02.ogg	8c4b9dccc595a9f1336aa5b196478c47	45898
mods/heroes.stormmod/enus.stormassets/localizeddata/sounds/vo/tassadardark20_introboast00.ogg	73bbf328a78346b4bd5c218ff2bc18cd	47774
mods/heroes.stormmod/enus.stormassets/localizeddata/sounds/vo/tassadardark20_introboast01.ogg	547f3a428254bf2f3b7719a78e5be7a5	50748
mods/heroes.stormmod/enus.stormassets/localizeddata/sounds/vo/tassadardark20_introquestion00.ogg	cafe4b3881c4d903e8d13c62ff4d792d	48853
mods/heroes.stormmod/enus.stormassets/localizeddata/sounds/vo/tassadardark20_introquestion01.ogg	5e094ae76639e8a1b9155dc412af058e	60148
mods/heroes.stormmod/enus.stormassets/localizeddata/sounds/vo/tassadardark20_introquestion_artanis00.ogg	0389650c8cb794bc48d1241f321ace67	56367
mods/heroes.stormmod/enus.stormassets/localizeddata/sounds/vo/tassadardark20_introquestion_fenix00.ogg	5577924408f5b59309650892cf0b0a79	87362
mods/heroes.stormmod/enus.stormassets/localizeddata/sounds/vo/tassadardark20_introquestion_kerrigan00.ogg	3d5cc031dfc54a01f8e3d982885b22d7	80939
mods/heroes.stormmod/enus.stormassets/localizeddata/sounds/vo/tassadardark20_introquestion_murky00.ogg	ea7244d1619524562b7d390a18726a64	54639
mods/heroes.stormmod/enus.stormassets/localizeddata/sounds/vo/tassadardark20_introquestion_negative00.ogg	4b3dbfeb6bdbed381ac70028d91e5f21	95009
mods/heroes.stormmod/enus.stormassets/localizeddata/sounds/vo/tassadardark20_introquestion_positive00.ogg	faa6d4b868658ff2e200d272e241a8ac	54962
mods/heroes.stormmod/enus.stormassets/localizeddata/sounds/vo/tassadardark20_introquestion_zeratul00.ogg	5673a968ab7d6fcbc5972dfd0724b9b6	66708
mods/heroes.stormmod/enus.stormassets/localizeddata/sounds/vo/tassadardark20_introrespond00.ogg	4409bc8f510799a6296c0338dfbc99a2	25975
mods/heroes.stormmod/enus.stormassets/localizeddata/sounds/vo/tassadardark20_introrespond01.ogg	26ed1751039ffc990010610fae5365b2	33216
mods/heroes.stormmod/enus.stormassets/localizeddata/sounds/vo/tassadardark20_introrespond02.ogg	d44088e7570ad74e045370c6eeaf900f	44094
mods/heroes.stormmod/enus.stormassets/localizeddata/sounds/vo/tassadardark20_introresponse_artanis00.ogg	da880da7e51e5f4370de18c36da46222	50630
mods/heroes.stormmod/enus.stormassets/localizeddata/sounds/vo/tassadardark20_introresponse_fenix00.ogg	c5d2539492e2cdecbc595e880c74f93a	47850
mods/heroes.stormmod/enus.stormassets/localizeddata/sounds/vo/tassadardark20_introresponse_kerrigan00.ogg	b5e69dec4cb2cd342042afc31a8ee360	98602
mods/heroes.stormmod/enus.stormassets/localizeddata/sounds/vo/tassadardark20_introresponse_murky00.ogg	b5b91f9bbcd2b336d41b6730f606c3cf	97306
mods/heroes.stormmod/enus.stormassets/localizeddata/sounds/vo/tassadardark20_introresponse_negative00.ogg	03ed7eccffdea677d357061009e87a31	102402
mods/heroes.stormmod/enus.stormassets/localizeddata/sounds/vo/tassadardark20_introresponse_positive00.ogg	a66b4b0bcaaa1cc85d8f1749f339e079	64055
mods/heroes.stormmod/enus.stormassets/localizeddata/sounds/vo/tassadardark20_introresponse_zeratul00.ogg	ccdfee6476473985fa6fe7a9fc09a7b4	56510
mods/heroes.stormmod/enus.stormassets/localizeddata/sounds/vo/tassadardark20_kill00.ogg	7cb850c242e8643a0f9a96fda7fca16f	42976
mods/heroes.stormmod/enus.stormassets/localizeddata/sounds/vo/tassadardark20_kill01.ogg	4c38aa5b7436dad93fead10f955c1e2c	27165
mods/heroes.stormmod/enus.stormassets/localizeddata/sounds/vo/tassadardark20_kill02.ogg	947de8fa675d57a3fe04302f0182484f	35711
mods/heroes.stormmod/enus.stormassets/localizeddata/sounds/vo/tassadardark20_kill03.ogg	3cc6ba85233048e6b99ac97632ba42ea	26486
mods/heroes.stormmod/enus.stormassets/localizeddata/sounds/vo/tassadardark20_kill04.ogg	577678fcc9844d23b681d0a29216a4c1	59719
mods/heroes.stormmod/enus.stormassets/localizeddata/sounds/vo/tassadardark20_killartanis00.ogg	f9a6a3694e7debd318ea1220345850df	52270
mods/heroes.stormmod/enus.stormassets/localizeddata/sounds/vo/tassadardark20_killbrightwing00.ogg	c32b66778ef5b3fbff13c794a7cd9df0	83540
mods/heroes.stormmod/enus.stormassets/localizeddata/sounds/vo/tassadardark20_killkerrigan00.ogg	f1f469db0b72989e3c520c4f23415068	59984
mods/heroes.stormmod/enus.stormassets/localizeddata/sounds/vo/tassadardark20_killraynor00.ogg	3721b402f9909073f6ecdf2cd8cf57b9	60918
mods/heroes.stormmod/enus.stormassets/localizeddata/sounds/vo/tassadardark20_killspreeend00.ogg	e0f3491452aaba69f5a7f0d3b3a478f0	40289
mods/heroes.stormmod/enus.stormassets/localizeddata/sounds/vo/tassadardark20_killtassadar00.ogg	390055741cdb44d2136519030999051b	51400
mods/heroes.stormmod/enus.stormassets/localizeddata/sounds/vo/tassadardark20_killzeratul00.ogg	7ed6b26ea449aef2ef5dbf2c3aadf520	49498
mods/heroes.stormmod/enus.stormassets/localizeddata/sounds/vo/tassadardark20_killzerg00.ogg	c1b8c0e18b7d3f68f1cf777910a3ffaa	74940
mods/heroes.stormmod/enus.stormassets/localizeddata/sounds/vo/tassadardark20_laugh00.ogg	92f9e0043361ce8b9ad8d3524dfb993b	58822
mods/heroes.stormmod/enus.stormassets/localizeddata/sounds/vo/tassadardark20_lowlifeheal00.ogg	fd7a3e916cec3eb1c7bf8122f2bba20b	69365
mods/heroes.stormmod/enus.stormassets/localizeddata/sounds/vo/tassadardark20_lowlifeheal01.ogg	8614dcc6bb7f4df4494ba01a8e863bb3	76175
mods/heroes.stormmod/enus.stormassets/localizeddata/sounds/vo/tassadardark20_lowlifeheal02.ogg	0538a76b94ad542896f4d5eaebd12c4c	69870
mods/heroes.stormmod/enus.stormassets/localizeddata/sounds/vo/tassadardark20_lowmana00.ogg	7fc6a15ebd8e8a09565a634f7cb274ec	40683
mods/heroes.stormmod/enus.stormassets/localizeddata/sounds/vo/tassadardark20_lowmana01.ogg	71fd292c3775f9c61bdc3bfb24e329e8	57174
mods/heroes.stormmod/enus.stormassets/localizeddata/sounds/vo/tassadardark20_lowmana02.ogg	33d3578962caed9766ce4cb0a6793b84	63612
mods/heroes.stormmod/enus.stormassets/localizeddata/sounds/vo/tassadardark20_no00.ogg	24bf0871ec3cbaa91be28ddb2d1cb685	39852
mods/heroes.stormmod/enus.stormassets/localizeddata/sounds/vo/tassadardark20_no01.ogg	027e2fdaa13dfe8413c027072cf5a35f	35194
mods/heroes.stormmod/enus.stormassets/localizeddata/sounds/vo/tassadardark20_no02.ogg	50c094171098251a901dabb00a80f65f	26498
mods/heroes.stormmod/enus.stormassets/localizeddata/sounds/vo/tassadardark20_ping_assisthero00.ogg	73aeae60375e2369da4b44a9d3376dce	54320
mods/heroes.stormmod/enus.stormassets/localizeddata/sounds/vo/tassadardark20_ping_assistme00.ogg	316fbbaf8df71862445f37acff6cb3f4	42225
mods/heroes.stormmod/enus.stormassets/localizeddata/sounds/vo/tassadardark20_ping_assistme01.ogg	db4042ea002b9c2489df4b35118c5e7b	41275
mods/heroes.stormmod/enus.stormassets/localizeddata/sounds/vo/tassadardark20_ping_attackcastle00.ogg	fe7ea8ff9ac40810ccc29d5d49b3f752	47267
mods/heroes.stormmod/enus.stormassets/localizeddata/sounds/vo/tassadardark20_ping_attackmerc00.ogg	54b1ddd177c88a4586af2962791e0029	50619
mods/heroes.stormmod/enus.stormassets/localizeddata/sounds/vo/tassadardark20_ping_attackoutpost00.ogg	b7b6fce2f1346c699dbaa48316a40344	45615
mods/heroes.stormmod/enus.stormassets/localizeddata/sounds/vo/tassadardark20_ping_attacktower00.ogg	8c754f1c86c1b668940996d6c557ce34	50158
mods/heroes.stormmod/enus.stormassets/localizeddata/sounds/vo/tassadardark20_ping_defendcastle00.ogg	69e66913a8aad1ce112fc7a413464db2	42152
mods/heroes.stormmod/enus.stormassets/localizeddata/sounds/vo/tassadardark20_ping_defendoutpost00.ogg	da345d51796f0a416a5cb7fa36cfe979	36941
mods/heroes.stormmod/enus.stormassets/localizeddata/sounds/vo/tassadardark20_ping_defendtower00.ogg	944bf3b09080da372ed52e33b05bbb2c	53466
mods/heroes.stormmod/enus.stormassets/localizeddata/sounds/vo/tassadardark20_ping_killhero00.ogg	79d2c5c415f13920601accc7cfcb5a2b	43053
mods/heroes.stormmod/enus.stormassets/localizeddata/sounds/vo/tassadardark20_pissed00.ogg	8502dd25db0c8f99000b63af039ff8ad	36920
mods/heroes.stormmod/enus.stormassets/localizeddata/sounds/vo/tassadardark20_pissed01.ogg	d54572efb37b27af7c7cc4aabd1d52bb	24714
mods/heroes.stormmod/enus.stormassets/localizeddata/sounds/vo/tassadardark20_pissed02.ogg	058318cbab75c45135dabccb842cdbb4	119264
mods/heroes.stormmod/enus.stormassets/localizeddata/sounds/vo/tassadardark20_pissed03.ogg	97f7397d89b9e07bb80415ca062c4c4e	61050
mods/heroes.stormmod/enus.stormassets/localizeddata/sounds/vo/tassadardark20_pissed04.ogg	c20f232538341c18f498ca0b3f1efe39	123485
mods/heroes.stormmod/enus.stormassets/localizeddata/sounds/vo/tassadardark20_pissed05.ogg	ee847fdf1aeb84790db6a8735c1db25d	88403
mods/heroes.stormmod/enus.stormassets/localizeddata/sounds/vo/tassadardark20_pissed06.ogg	871a11895b94f4382b9993ec6b18150a	103958
mods/heroes.stormmod/enus.stormassets/localizeddata/sounds/vo/tassadardark20_pissed07.ogg	392006ccfd1960db9254a500d24567f8	90436
mods/heroes.stormmod/enus.stormassets/localizeddata/sounds/vo/tassadardark20_pissed08.ogg	752b6237bcf9507f68004a570274e726	135609
mods/heroes.stormmod/enus.stormassets/localizeddata/sounds/vo/tassadardark20_pissed09.ogg	3d0e661e404a31f73da25d71d2e9c221	82056
mods/heroes.stormmod/enus.stormassets/localizeddata/sounds/vo/tassadardark20_pissed10.ogg	2a8708bdcd0e0788e7db2b3fc471dbd0	81420
mods/heroes.stormmod/enus.stormassets/localizeddata/sounds/vo/tassadardark20_pissed11.ogg	3a3d6410428c010daf9a30c8906c2392	49474
mods/heroes.stormmod/enus.stormassets/localizeddata/sounds/vo/tassadardark20_pissed12.ogg	6d7586742956fc48d81e6f3d34c7b070	61691
mods/heroes.stormmod/enus.stormassets/localizeddata/sounds/vo/tassadardark20_pissed13.ogg	31f2a7afa704b6bbb5c5c78c0ecb40e1	114411
mods/heroes.stormmod/enus.stormassets/localizeddata/sounds/vo/tassadardark20_pissed14.ogg	264d1d7d59c96579ddd9d19ff443bad9	121347
mods/heroes.stormmod/enus.stormassets/localizeddata/sounds/vo/tassadardark20_resurrected00.ogg	e8fef7afb692cdb1f227cbd2f8c3ba68	28956
mods/heroes.stormmod/enus.stormassets/localizeddata/sounds/vo/tassadardark20_resurrected01.ogg	8825db0dd7468e92185864dbff35815c	54328
mods/heroes.stormmod/enus.stormassets/localizeddata/sounds/vo/tassadardark20_revive00.ogg	dc233d369b36e3c9482c91ef08e24448	44900
mods/heroes.stormmod/enus.stormassets/localizeddata/sounds/vo/tassadardark20_revive01.ogg	a6f49e5a928bf2fb918cc33eef2bd6ee	31082
mods/heroes.stormmod/enus.stormassets/localizeddata/sounds/vo/tassadardark20_revive02.ogg	117a1ed00947d56b6cb27cf3dccb5f26	69728
mods/heroes.stormmod/enus.stormassets/localizeddata/sounds/vo/tassadardark20_spec00.ogg	ac93958d3cf4596d537664e5334c7b63	41985
mods/heroes.stormmod/enus.stormassets/localizeddata/sounds/vo/tassadardark20_spec01.ogg	705eb1c5452427e1ef077300f838f5aa	34850
mods/heroes.stormmod/enus.stormassets/localizeddata/sounds/vo/tassadardark20_spec02.ogg	53d59e37b8de3048d01570cf801aa29e	49576
mods/heroes.stormmod/enus.stormassets/localizeddata/sounds/vo/tassadardark20_spec03.ogg	9d1d3f30b7a202374100e1b6aa9abba0	38019
mods/heroes.stormmod/enus.stormassets/localizeddata/sounds/vo/tassadardark20_spec04.ogg	2052477c2e7cf9eeff3d5f72f6754346	41072
mods/heroes.stormmod/enus.stormassets/localizeddata/sounds/vo/tassadardark20_taunt00.ogg	7ad290baf4bf3f6a0d092f1fff5b6312	55673
mods/heroes.stormmod/enus.stormassets/localizeddata/sounds/vo/tassadardark20_taunt01.ogg	c701ba6345a69503be5deeb42d20b755	50664
mods/heroes.stormmod/enus.stormassets/localizeddata/sounds/vo/tassadardark20_taunt02.ogg	3ea6ed3d4fd28ee4278424180ac22ee3	57180
mods/heroes.stormmod/enus.stormassets/localizeddata/sounds/vo/tassadardark20_teamkilled00.ogg	89793ef045cf33d16b326cb2e50e9fca	59492
mods/heroes.stormmod/enus.stormassets/localizeddata/sounds/vo/tassadardark20_ui_exlocked00.ogg	0300b7689b9ab498bbff5e2af495cfb2	47097
mods/heroes.stormmod/enus.stormassets/localizeddata/sounds/vo/tassadardark20_ui_expurchased00.ogg	ed3a9606a4c269907869fd139c608346	34837
mods/heroes.stormmod/enus.stormassets/localizeddata/sounds/vo/tassadardark20_ui_gift00.ogg	904702f783c9c9ebece9e6a2af9800ae	44386
mods/heroes.stormmod/enus.stormassets/localizeddata/sounds/vo/tassadardark20_ui_lockin00.ogg	e0f1d0bdad065f2150c40b211919b2a9	55521
mods/heroes.stormmod/enus.stormassets/localizeddata/sounds/vo/tassadardark20_ui_purchase00.ogg	52c5ea19ae7ca8133a346207f9e1e507	38122
mods/heroes.stormmod/enus.stormassets/localizeddata/sounds/vo/tassadardark20_ui_trial00.ogg	74051e2b7cfdd4815f8f776a02d7ecaa	68568
mods/heroes.stormmod/enus.stormassets/localizeddata/sounds/vo/tassadardark20_ui_trial01.ogg	f850fe05923fc54bea38bac043d2fea6	61073
mods/heroes.stormmod/enus.stormassets/localizeddata/sounds/vo/tassadardark20_ui_waitlocked00.ogg	3b92c06d4f7e291eb6cfb7f36d1b5507	31907
mods/heroes.stormmod/enus.stormassets/localizeddata/sounds/vo/tassadardark20_ui_waitlocked01.ogg	091bb919789836d0fcb3efcc88d3695a	45716
mods/heroes.stormmod/enus.stormassets/localizeddata/sounds/vo/tassadardark20_ui_waitpurchased00.ogg	416d69ee041add3a7c8a1fae64c48632	83206
mods/heroes.stormmod/enus.stormassets/localizeddata/sounds/vo/tassadardark20_ui_waitpurchased01.ogg	3bfaf3e096d2455fc531550d8cceb09e	77185
mods/heroes.stormmod/enus.stormassets/localizeddata/sounds/vo/tassadardark20_ultimate1used00.ogg	5cd910a7161e44b5e1e38dba465b993e	31648
mods/heroes.stormmod/enus.stormassets/localizeddata/sounds/vo/tassadardark20_ultimate1used01.ogg	1d0d25ca83e7e87de7c9636650dac196	29037
mods/heroes.stormmod/enus.stormassets/localizeddata/sounds/vo/tassadardark20_ultimate1used02.ogg	81b84665717feb0791d7fdd2c5bbb543	26031
mods/heroes.stormmod/enus.stormassets/localizeddata/sounds/vo/tassadardark20_ultimate1used03.ogg	1a89cf21b943e6f6df50fdc9d2d6c61e	21434
mods/heroes.stormmod/enus.stormassets/localizeddata/sounds/vo/tassadardark20_ultimate2used00.ogg	c0114f3985ed4f28a11fae30c4a3f944	42051
mods/heroes.stormmod/enus.stormassets/localizeddata/sounds/vo/tassadardark20_ultimate2used01.ogg	ecc5ba8dce67b8f8c8881ea9751722de	63348
mods/heroes.stormmod/enus.stormassets/localizeddata/sounds/vo/tassadardark20_vox_attack00.ogg	81b8022a8f7999ae75c116743f80c5e7	27771
mods/heroes.stormmod/enus.stormassets/localizeddata/sounds/vo/tassadardark20_vox_attack01.ogg	50a8fdf8b105d133fed72441aa1656fd	26075
mods/heroes.stormmod/enus.stormassets/localizeddata/sounds/vo/tassadardark20_vox_attack03.ogg	568ad154b9466edc3d9e77579de49618	26367
mods/heroes.stormmod/enus.stormassets/localizeddata/sounds/vo/tassadardark20_vox_attack04.ogg	fecc0ce92c382ae74acd812ea3bf8e90	27305
mods/heroes.stormmod/enus.stormassets/localizeddata/sounds/vo/tassadardark20_vox_attack05.ogg	97930ff443c35458d7e51435819e1e87	26601
mods/heroes.stormmod/enus.stormassets/localizeddata/sounds/vo/tassadardark20_vox_attack06.ogg	f3814e51f9e8d3cdffd1cfceed91b85f	27785
mods/heroes.stormmod/enus.stormassets/localizeddata/sounds/vo/tassadardark20_vox_attack07.ogg	898281c9d3451b9db2d23eda5337434e	27159
mods/heroes.stormmod/enus.stormassets/localizeddata/sounds/vo/tassadardark20_vox_attack08.ogg	14d860c4eb0ee7a93aaba21200a74e84	29659
mods/heroes.stormmod/enus.stormassets/localizeddata/sounds/vo/tassadardark20_vox_attack09.ogg	29522ef2911c8806d418b2581dd85e7e	32942
mods/heroes.stormmod/enus.stormassets/localizeddata/sounds/vo/tassadardark20_vox_attack10.ogg	fe07fc891ad0528f3916c28e8911ae6e	37659
mods/heroes.stormmod/enus.stormassets/localizeddata/sounds/vo/tassadardark20_vox_attack11.ogg	8a31377c2cbe2a6ac5e91dfce1f31af8	36860
mods/heroes.stormmod/enus.stormassets/localizeddata/sounds/vo/tassadardark20_vox_attack12.ogg	1bc95ad54c4a73d8d3da7334bb16d7bf	28971
mods/heroes.stormmod/enus.stormassets/localizeddata/sounds/vo/tassadardark20_vox_casting00.ogg	fb70eed83e2bad3b8665d83b01baef7d	34208
mods/heroes.stormmod/enus.stormassets/localizeddata/sounds/vo/tassadardark20_vox_casting01.ogg	cb0fd9d7a5062244391d3a6b5920b0a3	33680
mods/heroes.stormmod/enus.stormassets/localizeddata/sounds/vo/tassadardark20_vox_casting02.ogg	2f7ef4f0480300b0ba587ac5dc9bd419	31846
mods/heroes.stormmod/enus.stormassets/localizeddata/sounds/vo/tassadardark20_vox_casting03.ogg	df00194607455812c68856e83b5815a1	31914
mods/heroes.stormmod/enus.stormassets/localizeddata/sounds/vo/tassadardark20_vox_casting04.ogg	4f6a71aec6ee0bf635940e9233859128	31597
mods/heroes.stormmod/enus.stormassets/localizeddata/sounds/vo/tassadardark20_vox_casting05.ogg	9e3dbb2f078e3e7d0ee6ebfe08d9125f	32149
mods/heroes.stormmod/enus.stormassets/localizeddata/sounds/vo/tassadardark20_vox_casting06.ogg	2b32ddd625b54fe36e9c73fa26a290c0	34944
mods/heroes.stormmod/enus.stormassets/localizeddata/sounds/vo/tassadardark20_vox_casting07.ogg	73735333daf5d5983701769be61b57b6	32808
mods/heroes.stormmod/enus.stormassets/localizeddata/sounds/vo/tassadardark20_vox_casting08.ogg	f6ce54c1d3ec58247ad1910d8e378a6a	30977
mods/heroes.stormmod/enus.stormassets/localizeddata/sounds/vo/tassadardark20_vox_casting09.ogg	33ca204c9932ca17c3b66324daa7b3f7	30197
mods/heroes.stormmod/enus.stormassets/localizeddata/sounds/vo/tassadardark20_vox_casting10.ogg	cbe5706eda41e115bf96a4f7503195bd	33498
mods/heroes.stormmod/enus.stormassets/localizeddata/sounds/vo/tassadardark20_vox_casting11.ogg	807a1b76f1703e4c08422fb03a700379	40862
mods/heroes.stormmod/enus.stormassets/localizeddata/sounds/vo/tassadardark20_vox_casting12.ogg	2a7064f4a000e54ab0af0fbb9a4187b6	43345
mods/heroes.stormmod/enus.stormassets/localizeddata/sounds/vo/tassadardark20_vox_casting13.ogg	4798d4393d9fe739e4c62df9138df933	44051
mods/heroes.stormmod/enus.stormassets/localizeddata/sounds/vo/tassadardark20_vox_casting14.ogg	179284c307071f2a3c9bb0e4acef64e5	47230
mods/heroes.stormmod/enus.stormassets/localizeddata/sounds/vo/tassadardark20_vox_casting15.ogg	c18d61490ae782df79bb6b04509413ba	41007
mods/heroes.stormmod/enus.stormassets/localizeddata/sounds/vo/tassadardark20_vox_casting16.ogg	efa49a79f9a014592dcfd099ef4b2cd9	42508
mods/heroes.stormmod/enus.stormassets/localizeddata/sounds/vo/tassadardark20_vox_casting17.ogg	2c198583f9711022dd7d00eceea55301	41011
mods/heroes.stormmod/enus.stormassets/localizeddata/sounds/vo/tassadardark20_vox_casting18.ogg	dcfe4e06ea5a83d1e568f4ad2d96f762	39924
mods/heroes.stormmod/enus.stormassets/localizeddata/sounds/vo/tassadardark20_vox_gethit00.ogg	c10506ba2a913a2c8d74448e8bc52618	44239
mods/heroes.stormmod/enus.stormassets/localizeddata/sounds/vo/tassadardark20_vox_gethit01.ogg	0f2865777aae57e93c0938e609062d4b	33090
mods/heroes.stormmod/enus.stormassets/localizeddata/sounds/vo/tassadardark20_vox_gethit02.ogg	b118384f2e6c0bf104f413eb6413381a	40078
mods/heroes.stormmod/enus.stormassets/localizeddata/sounds/vo/tassadardark20_vox_gethit03.ogg	39b269712a93ced03af799efec7fb79e	54693
mods/heroes.stormmod/enus.stormassets/localizeddata/sounds/vo/tassadardark20_vox_gethit04.ogg	edc3727301944a46060da85e6f058fe2	35580
mods/heroes.stormmod/enus.stormassets/localizeddata/sounds/vo/tassadardark20_vox_gethit05.ogg	941a234769868a338a01c7e68b3206eb	36919
mods/heroes.stormmod/enus.stormassets/localizeddata/sounds/vo/tassadardark20_vox_gethit06.ogg	2527c0e9a3cb18910ac97efc40c3abb7	34993
mods/heroes.stormmod/enus.stormassets/localizeddata/sounds/vo/tassadardark20_vox_gethit07.ogg	a449d3026884d7c18ae57a9cf5e9f1ca	31619
mods/heroes.stormmod/enus.stormassets/localizeddata/sounds/vo/tassadardark20_vox_gethit08.ogg	8b625b932dc01108616d893ca91c9baf	36297
mods/heroes.stormmod/enus.stormassets/localizeddata/sounds/vo/tassadardark20_vox_gethit09.ogg	0f988158ba5e4469557d2f663f448be9	33743
mods/heroes.stormmod/enus.stormassets/localizeddata/sounds/vo/tassadardark20_vox_gethit10.ogg	254c6e5fcead9c7ccf025afd763a67bd	36929
mods/heroes.stormmod/enus.stormassets/localizeddata/sounds/vo/tassadardark20_vox_gethit15.ogg	3e301affd34a069c28e0d6b702459e6b	31451
mods/heroes.stormmod/enus.stormassets/localizeddata/sounds/vo/tassadardark20_yes00.ogg	5f9e182ad65ec3c68f3c58ee0ea5dcc0	36535
mods/heroes.stormmod/enus.stormassets/localizeddata/sounds/vo/tassadardark20_yes01.ogg	3db0a678a9b9f763fb6fe091946ecddc	29035
mods/heroes.stormmod/enus.stormassets/localizeddata/sounds/vo/tassadardark20_yes02.ogg	de2066432992562494df15163972425f	53320
mods/heroes.stormmod/enus.stormassets/localizeddata/sounds/vo/tassadardark20_yes03.ogg	070f858af6f5bff9201d823dc0a04a20	38579
mods/heroes.stormmod/enus.stormassets/localizeddata/sounds/vo/tassadardark20_yes04.ogg	327a1842a2211643ac2c8872be46b11b	38328
mods/heroes.stormmod/enus.stormassets/localizeddata/sounds/vo/tassadardark20_yes05.ogg	8ceeafb095b0990955fb3d1efe7ec470	27324
mods/heroes.stormmod/enus.stormassets/localizeddata/sounds/vo/tassadardark20_yes06.ogg	b650ba7576b33cc8797cce97d018ddff	34412
mods/heroes.stormmod/enus.stormassets/localizeddata/sounds/vo/tassadardark20_yes07.ogg	bee8c58d02047975c1ad769a53411483	38841
mods/heroes.stormmod/enus.stormassets/localizeddata/sounds/vo/tassadardark20_yes08.ogg	85450e62ffc6c6abdd42c3c53e3820a9	30076
