mods/heroes.stormmod/enus.stormassets/localizeddata/sounds/vo/whitemanea_castleattack_blue00.fxe	d6978ee476bb63dfb897e52615c9754f	2342
mods/heroes.stormmod/enus.stormassets/localizeddata/sounds/vo/whitemanea_castleattack_blue00.ogg	f1dee0cb981e047648f24fdd26b38666	37697
mods/heroes.stormmod/enus.stormassets/localizeddata/sounds/vo/whitemanea_castleattack_red00.fxe	b62772fe1ab6943abf443e16b2ee2222	2181
mods/heroes.stormmod/enus.stormassets/localizeddata/sounds/vo/whitemanea_castleattack_red00.ogg	43b768cfcb66a8f3ed2c1b20e559d4e6	37797
mods/heroes.stormmod/enus.stormassets/localizeddata/sounds/vo/whitemanea_castleattackally00.fxe	881f88ee2b16eb055ab3be91a83a3a73	2965
mods/heroes.stormmod/enus.stormassets/localizeddata/sounds/vo/whitemanea_castleattackally00.ogg	c032209efc35a816644530cf67fb49d9	54378
mods/heroes.stormmod/enus.stormassets/localizeddata/sounds/vo/whitemanea_castleattackally01.fxe	c1839f6ca4e3094ce10685b788594716	1973
mods/heroes.stormmod/enus.stormassets/localizeddata/sounds/vo/whitemanea_castleattackally01.ogg	79c9bd41907a5cf7e0d51f244f93a7ef	37956
mods/heroes.stormmod/enus.stormassets/localizeddata/sounds/vo/whitemanea_castleattackally02.fxe	9b47455196cbe66d5ad046b77efa1469	2853
mods/heroes.stormmod/enus.stormassets/localizeddata/sounds/vo/whitemanea_castleattackally02.ogg	d50eb5c283d3bddf861f9baec3ae8f04	47075
mods/heroes.stormmod/enus.stormassets/localizeddata/sounds/vo/whitemanea_countdown10sec00.fxe	bc321b001de858c9c851847bf5aaf769	1331
mods/heroes.stormmod/enus.stormassets/localizeddata/sounds/vo/whitemanea_countdown10sec00.ogg	fae10c5615178913283a1d8777a99d8b	25013
mods/heroes.stormmod/enus.stormassets/localizeddata/sounds/vo/whitemanea_countdown1sec00.fxe	f71f15eb725b6733512a409d5d0e7c3a	882
mods/heroes.stormmod/enus.stormassets/localizeddata/sounds/vo/whitemanea_countdown1sec00.ogg	b3adb8c598ff2877b74ce75ee955fbc6	17338
mods/heroes.stormmod/enus.stormassets/localizeddata/sounds/vo/whitemanea_countdown2sec00.fxe	90d77a31291a75a72c588a4bb70a7042	914
mods/heroes.stormmod/enus.stormassets/localizeddata/sounds/vo/whitemanea_countdown2sec00.ogg	d3695c29386459ebcf801a15d836a34c	17222
mods/heroes.stormmod/enus.stormassets/localizeddata/sounds/vo/whitemanea_countdown3sec00.fxe	5276f8f9f682458f697ffcf8b255a497	1026
mods/heroes.stormmod/enus.stormassets/localizeddata/sounds/vo/whitemanea_countdown3sec00.ogg	7bc45b83a3f9e9024877d51683b21844	17360
mods/heroes.stormmod/enus.stormassets/localizeddata/sounds/vo/whitemanea_countdown4sec00.fxe	16e3b3d3d23f52a19860717322db694b	834
mods/heroes.stormmod/enus.stormassets/localizeddata/sounds/vo/whitemanea_countdown4sec00.ogg	58369d1e44ec21be0fd79c7635ed75d1	17018
mods/heroes.stormmod/enus.stormassets/localizeddata/sounds/vo/whitemanea_countdown5sec00.fxe	20334b1a2f18d3772bcaa7bad76dab08	898
mods/heroes.stormmod/enus.stormassets/localizeddata/sounds/vo/whitemanea_countdown5sec00.ogg	74f75a3b2ff859d9cb8a1572cfd05f30	16280
mods/heroes.stormmod/enus.stormassets/localizeddata/sounds/vo/whitemanea_countdownremain00.fxe	f3c07b2c2639d483fb31c7f4292f20ef	2372
mods/heroes.stormmod/enus.stormassets/localizeddata/sounds/vo/whitemanea_countdownremain00.ogg	4e559029904f18252cdf8c1f3d608cb9	35294
mods/heroes.stormmod/enus.stormassets/localizeddata/sounds/vo/whitemanea_doublekill00.fxe	1a9d0f3934e35d28d18c5480f6ffb8a4	1327
mods/heroes.stormmod/enus.stormassets/localizeddata/sounds/vo/whitemanea_doublekill00.ogg	f4f4466ec644d7ca3c856f44e23a7c4c	23199
mods/heroes.stormmod/enus.stormassets/localizeddata/sounds/vo/whitemanea_doublekill01.fxe	b8e03948aa75b0d14623cec34d693be8	1215
mods/heroes.stormmod/enus.stormassets/localizeddata/sounds/vo/whitemanea_doublekill01.ogg	0c147606d27143efe7af2a9ef31e4dfb	23030
mods/heroes.stormmod/enus.stormassets/localizeddata/sounds/vo/whitemanea_doublekill02.fxe	e93d6a28101f33843b9f175767b7de8f	1519
mods/heroes.stormmod/enus.stormassets/localizeddata/sounds/vo/whitemanea_doublekill02.ogg	e534f3cdebb7cc911278545a3ae8fcf4	29563
mods/heroes.stormmod/enus.stormassets/localizeddata/sounds/vo/whitemanea_ending_blue00.fxe	ed31605f615b1050497512549245ce8f	1984
mods/heroes.stormmod/enus.stormassets/localizeddata/sounds/vo/whitemanea_ending_blue00.ogg	aab63036e7e049ec300cc889e68e75ee	36138
mods/heroes.stormmod/enus.stormassets/localizeddata/sounds/vo/whitemanea_ending_red00.fxe	50343cf1b34e97832612366f29390742	2095
mods/heroes.stormmod/enus.stormassets/localizeddata/sounds/vo/whitemanea_ending_red00.ogg	743166de7d723051c3ed934f1eaa4451	37258
mods/heroes.stormmod/enus.stormassets/localizeddata/sounds/vo/whitemanea_endinglose00.fxe	c2e65cdadebca2c643139ae2ce450185	1519
mods/heroes.stormmod/enus.stormassets/localizeddata/sounds/vo/whitemanea_endinglose00.ogg	fca037a37b86bd3ba992aa758f7a4ab7	39355
mods/heroes.stormmod/enus.stormassets/localizeddata/sounds/vo/whitemanea_endinglose01.fxe	62914b32e76b162efd32d38909ab39ec	3103
mods/heroes.stormmod/enus.stormassets/localizeddata/sounds/vo/whitemanea_endinglose01.ogg	25e9df0d8a1af796321942b426e8f57e	52047
mods/heroes.stormmod/enus.stormassets/localizeddata/sounds/vo/whitemanea_endinglose02.fxe	ae4f7f8e3267ab9e7effa658cdd4129b	3071
mods/heroes.stormmod/enus.stormassets/localizeddata/sounds/vo/whitemanea_endinglose02.ogg	a6ac1bb3807680810dae7c7762b566a7	54606
mods/heroes.stormmod/enus.stormassets/localizeddata/sounds/vo/whitemanea_endingwin00.fxe	7644bc5ddb8a783dcade83ae309864cc	1214
mods/heroes.stormmod/enus.stormassets/localizeddata/sounds/vo/whitemanea_endingwin00.ogg	419ef42d4463215b77f0b07aaa78b234	23016
mods/heroes.stormmod/enus.stormassets/localizeddata/sounds/vo/whitemanea_endingwin01.fxe	9507b2e626c00ee1c04c4d04f7a670e1	1678
mods/heroes.stormmod/enus.stormassets/localizeddata/sounds/vo/whitemanea_endingwin01.ogg	bd96fbca01776a9a373475f537cd2e9a	30767
mods/heroes.stormmod/enus.stormassets/localizeddata/sounds/vo/whitemanea_endingwin02.fxe	eb50111a83eb06bb9fa451c4789e8881	2446
mods/heroes.stormmod/enus.stormassets/localizeddata/sounds/vo/whitemanea_endingwin02.ogg	84d47e580663b05a4d8cb9b6ab439ed2	53530
mods/heroes.stormmod/enus.stormassets/localizeddata/sounds/vo/whitemanea_firstblood_blue00.fxe	f47204314f9f22ef584247b2bb5a0cc0	2196
mods/heroes.stormmod/enus.stormassets/localizeddata/sounds/vo/whitemanea_firstblood_blue00.ogg	61e1925f540124b168754021e2c90a0f	40653
mods/heroes.stormmod/enus.stormassets/localizeddata/sounds/vo/whitemanea_firstblood_red00.fxe	809acfc364b416e639cf5945401f79c1	2147
mods/heroes.stormmod/enus.stormassets/localizeddata/sounds/vo/whitemanea_firstblood_red00.ogg	1633cc60a1319ce3a7f0ca90eb70c49b	41259
mods/heroes.stormmod/enus.stormassets/localizeddata/sounds/vo/whitemanea_firstbloodally00.fxe	9308d0d9f4d1721314c2b4d62d7cd8aa	1315
mods/heroes.stormmod/enus.stormassets/localizeddata/sounds/vo/whitemanea_firstbloodally00.ogg	a59098f67ae83869570cfbb90cedaa1c	29407
mods/heroes.stormmod/enus.stormassets/localizeddata/sounds/vo/whitemanea_firstbloodally01.fxe	3faaf36057cb5991ac9246c323e0d5a6	1619
mods/heroes.stormmod/enus.stormassets/localizeddata/sounds/vo/whitemanea_firstbloodally01.ogg	621e96ffad21d98ba02916a3541118de	56301
mods/heroes.stormmod/enus.stormassets/localizeddata/sounds/vo/whitemanea_fourkill00.fxe	634347d133df42cb457f810a5ffc4775	1261
mods/heroes.stormmod/enus.stormassets/localizeddata/sounds/vo/whitemanea_fourkill00.ogg	e682b42f17811adf4af6302dcd2ba107	26542
mods/heroes.stormmod/enus.stormassets/localizeddata/sounds/vo/whitemanea_gamestart00.fxe	21b0ca5b318186a5036972a27bec1f4a	1822
mods/heroes.stormmod/enus.stormassets/localizeddata/sounds/vo/whitemanea_gamestart00.ogg	6ee12e459e4c3a9d43f1901e9809ab66	36092
mods/heroes.stormmod/enus.stormassets/localizeddata/sounds/vo/whitemanea_gamestart01.fxe	4914dc3465c8d36e170494d41460e3b2	2862
mods/heroes.stormmod/enus.stormassets/localizeddata/sounds/vo/whitemanea_gamestart01.ogg	1d37e26e4295c39f50af23b325f5d6b1	41430
mods/heroes.stormmod/enus.stormassets/localizeddata/sounds/vo/whitemanea_gamestart02.fxe	55dea5f074a290ff2b6d8e89875c900e	2078
mods/heroes.stormmod/enus.stormassets/localizeddata/sounds/vo/whitemanea_gamestart02.ogg	fe54f5c5553eb515a0888869d1ff5002	38800
mods/heroes.stormmod/enus.stormassets/localizeddata/sounds/vo/whitemanea_gravestomp00.fxe	8c7ce0c8a37e7d4d49f7c556b52d988e	1583
mods/heroes.stormmod/enus.stormassets/localizeddata/sounds/vo/whitemanea_gravestomp00.ogg	ca602a8c4d01e2ab7c620f6ec9d06bea	31108
mods/heroes.stormmod/enus.stormassets/localizeddata/sounds/vo/whitemanea_gravestomp_observer00.fxe	5cf92b992854aab737f1b9fea01a9b36	1544
mods/heroes.stormmod/enus.stormassets/localizeddata/sounds/vo/whitemanea_gravestomp_observer00.ogg	29d17860c6df160446aede4ef467a05c	27001
mods/heroes.stormmod/enus.stormassets/localizeddata/sounds/vo/whitemanea_herokill00.fxe	7aa0be2f051bc5f946138f8e1c3ac64e	2349
mods/heroes.stormmod/enus.stormassets/localizeddata/sounds/vo/whitemanea_herokill00.ogg	8a16cde3b93156c5c0de58718101f9d6	40946
mods/heroes.stormmod/enus.stormassets/localizeddata/sounds/vo/whitemanea_herokill01.fxe	ce703005e74eabc39a9489c6e2d09bfb	1805
mods/heroes.stormmod/enus.stormassets/localizeddata/sounds/vo/whitemanea_herokill01.ogg	e2680aa4ff2e7c29e9f8b5f15a69ec56	41310
mods/heroes.stormmod/enus.stormassets/localizeddata/sounds/vo/whitemanea_herokill02.fxe	988fd792e2f5053df5ccb6a8ef75ff78	1965
mods/heroes.stormmod/enus.stormassets/localizeddata/sounds/vo/whitemanea_herokill02.ogg	e8fce3bf4df7487abb0161f07e96e8fa	37078
mods/heroes.stormmod/enus.stormassets/localizeddata/sounds/vo/whitemanea_herokill03.fxe	fadbd8a1ab39dc882a66d37d9c94d177	1661
mods/heroes.stormmod/enus.stormassets/localizeddata/sounds/vo/whitemanea_herokill03.ogg	630247b619a29aa7fbf9dd148b9549ff	36703
mods/heroes.stormmod/enus.stormassets/localizeddata/sounds/vo/whitemanea_herokill04.fxe	4f73d8f40bdc3065cf28369994ac8a89	1117
mods/heroes.stormmod/enus.stormassets/localizeddata/sounds/vo/whitemanea_herokill04.ogg	22faa3c14bc1e9600c37c9cef4385e7c	19484
mods/heroes.stormmod/enus.stormassets/localizeddata/sounds/vo/whitemanea_herokill05.fxe	75bf14f87c9530e4b593b21cdcae5fce	1501
mods/heroes.stormmod/enus.stormassets/localizeddata/sounds/vo/whitemanea_herokill05.ogg	c24c0d849ae54361b27e99405f4fc63d	32883
mods/heroes.stormmod/enus.stormassets/localizeddata/sounds/vo/whitemanea_herokill06.fxe	ad234e575cf36c2377fd1021a4d2156e	1789
mods/heroes.stormmod/enus.stormassets/localizeddata/sounds/vo/whitemanea_herokill06.ogg	cf938b8924b24eca48c7c3f6b2c9a6bc	34629
mods/heroes.stormmod/enus.stormassets/localizeddata/sounds/vo/whitemanea_herokill07.fxe	29344a6a3cf0e4ff9b5287597852da88	1389
mods/heroes.stormmod/enus.stormassets/localizeddata/sounds/vo/whitemanea_herokill07.ogg	b69971c0373821171bf4a9ee98c18a31	30477
mods/heroes.stormmod/enus.stormassets/localizeddata/sounds/vo/whitemanea_herokill08.fxe	52fc065b8cca7651dbf9c4508e65a346	1293
mods/heroes.stormmod/enus.stormassets/localizeddata/sounds/vo/whitemanea_herokill08.ogg	6e91edeab2947ab3609299345c27dc24	26864
mods/heroes.stormmod/enus.stormassets/localizeddata/sounds/vo/whitemanea_herokill09.fxe	438b4c7cc79799ba9ac2428f162560b5	2861
mods/heroes.stormmod/enus.stormassets/localizeddata/sounds/vo/whitemanea_herokill09.ogg	f271f801a90ac50665802da77ad20c16	37649
mods/heroes.stormmod/enus.stormassets/localizeddata/sounds/vo/whitemanea_heroselect00.fxe	c39655775153f081aa441fc18afd43cb	3663
mods/heroes.stormmod/enus.stormassets/localizeddata/sounds/vo/whitemanea_heroselect00.ogg	40da34428ab84e91fd0dd5a4cf345c67	71446
mods/heroes.stormmod/enus.stormassets/localizeddata/sounds/vo/whitemanea_heroselect_observer00.fxe	e31d6f5597553259fc646a55c5e00fff	3928
mods/heroes.stormmod/enus.stormassets/localizeddata/sounds/vo/whitemanea_heroselect_observer00.ogg	e7e37d1198bd2dbf4ab107a1ed95c423	65188
mods/heroes.stormmod/enus.stormassets/localizeddata/sounds/vo/whitemanea_heroselectplayer00.fxe	4bad7666db269a324894a1a390005477	4965
mods/heroes.stormmod/enus.stormassets/localizeddata/sounds/vo/whitemanea_heroselectplayer00.ogg	277e18d83a66471952bfc04ab27a67f7	86712
mods/heroes.stormmod/enus.stormassets/localizeddata/sounds/vo/whitemanea_heroselectplayer01.fxe	e12694d125a32be165fa49b36fadb3c0	4053
mods/heroes.stormmod/enus.stormassets/localizeddata/sounds/vo/whitemanea_heroselectplayer01.ogg	3174e4433379cc4830bf15787706bf68	72440
mods/heroes.stormmod/enus.stormassets/localizeddata/sounds/vo/whitemanea_heroselectplayer02.fxe	117ce2c9d93534a169dabb9a088db0ac	3829
mods/heroes.stormmod/enus.stormassets/localizeddata/sounds/vo/whitemanea_heroselectplayer02.ogg	034c34a2984868001c2b6689f8183db4	79650
mods/heroes.stormmod/enus.stormassets/localizeddata/sounds/vo/whitemanea_heroslain00.fxe	937d60d45ca00c80ad684266572df640	3646
mods/heroes.stormmod/enus.stormassets/localizeddata/sounds/vo/whitemanea_heroslain00.ogg	d9fdb2514a568052917c981dc477bbeb	63969
mods/heroes.stormmod/enus.stormassets/localizeddata/sounds/vo/whitemanea_heroslain01.fxe	459f97dce9e179954306d255b9f8fdde	2798
mods/heroes.stormmod/enus.stormassets/localizeddata/sounds/vo/whitemanea_heroslain01.ogg	52c76f1988f23b1d32cf6e4c76805450	50854
mods/heroes.stormmod/enus.stormassets/localizeddata/sounds/vo/whitemanea_heroslain02.fxe	d3dca0770f5611065c5b6ea1b02915f7	2686
mods/heroes.stormmod/enus.stormassets/localizeddata/sounds/vo/whitemanea_heroslain02.ogg	975d3f3c0feec89f4b0961ff0c8ba97c	44392
mods/heroes.stormmod/enus.stormassets/localizeddata/sounds/vo/whitemanea_heroslain03.fxe	ade592825ad896b153486ae2defc09dc	2670
mods/heroes.stormmod/enus.stormassets/localizeddata/sounds/vo/whitemanea_heroslain03.ogg	377662359874eba0c7ad3ed38c49af1c	48187
mods/heroes.stormmod/enus.stormassets/localizeddata/sounds/vo/whitemanea_heroslain04.fxe	06b7161af598b241c3ad44d41fd6b0fe	3310
mods/heroes.stormmod/enus.stormassets/localizeddata/sounds/vo/whitemanea_heroslain04.ogg	8d085603e152307606ace0ffc896c4b6	46680
mods/heroes.stormmod/enus.stormassets/localizeddata/sounds/vo/whitemanea_heroslain05.fxe	124a341f978df50d7b1ba4bc9026077f	3918
mods/heroes.stormmod/enus.stormassets/localizeddata/sounds/vo/whitemanea_heroslain05.ogg	392d5c754f6cafbef4a7c84d0f2498bc	61469
mods/heroes.stormmod/enus.stormassets/localizeddata/sounds/vo/whitemanea_keepdestroy00.fxe	41efa9332c180a7f9a02268216a3101b	2128
mods/heroes.stormmod/enus.stormassets/localizeddata/sounds/vo/whitemanea_keepdestroy00.ogg	6cca67252ef67c9653fda27deaa5b145	40504
mods/heroes.stormmod/enus.stormassets/localizeddata/sounds/vo/whitemanea_keepdestroy01.fxe	7f3e5ea3b2b2b20b2365d700c61fbbf6	2080
mods/heroes.stormmod/enus.stormassets/localizeddata/sounds/vo/whitemanea_keepdestroy01.ogg	3e545216b4ae6602ae8ae1e7e6ac3bc9	34636
mods/heroes.stormmod/enus.stormassets/localizeddata/sounds/vo/whitemanea_keepdestroy02.fxe	34735ba8c7714b236a4767824e837422	2768
mods/heroes.stormmod/enus.stormassets/localizeddata/sounds/vo/whitemanea_keepdestroy02.ogg	dae1bb046a29bfad79a6be64df787ac0	50866
mods/heroes.stormmod/enus.stormassets/localizeddata/sounds/vo/whitemanea_keepdestroy_blue00.fxe	653e6b3f4dbc63a743143d975f65396b	1861
mods/heroes.stormmod/enus.stormassets/localizeddata/sounds/vo/whitemanea_keepdestroy_blue00.ogg	45c3e3404914043048faf013929a707a	34985
mods/heroes.stormmod/enus.stormassets/localizeddata/sounds/vo/whitemanea_keepdestroy_red00.fxe	0f8002ecd4baa275e8f20d9e9d06550e	1988
mods/heroes.stormmod/enus.stormassets/localizeddata/sounds/vo/whitemanea_keepdestroy_red00.ogg	1011a327874a6c9ab4ba59abe9261f3c	35575
mods/heroes.stormmod/enus.stormassets/localizeddata/sounds/vo/whitemanea_keeplost00.fxe	a8394debdbcf70ce8f4b94a1913dc6dc	2381
mods/heroes.stormmod/enus.stormassets/localizeddata/sounds/vo/whitemanea_keeplost00.ogg	715704c47b1f0e6671a5bc0846a53d3a	41608
mods/heroes.stormmod/enus.stormassets/localizeddata/sounds/vo/whitemanea_keeplost01.fxe	2d11845278aa8a328ad360107630c390	1373
mods/heroes.stormmod/enus.stormassets/localizeddata/sounds/vo/whitemanea_keeplost01.ogg	502a6db282d0e6715386959018428d83	28858
mods/heroes.stormmod/enus.stormassets/localizeddata/sounds/vo/whitemanea_keeplost02.fxe	203cbce6b23cd23a4e771e48518288f9	2269
mods/heroes.stormmod/enus.stormassets/localizeddata/sounds/vo/whitemanea_keeplost02.ogg	2ea2ffd710deda5b6e6ec0830009b192	39029
mods/heroes.stormmod/enus.stormassets/localizeddata/sounds/vo/whitemanea_kill_observer00.fxe	24a09f588a1b4210ddd1243c63df7b5c	1234
mods/heroes.stormmod/enus.stormassets/localizeddata/sounds/vo/whitemanea_kill_observer00.ogg	b75787ea5ea2a016e3501a4dd0604165	27830
mods/heroes.stormmod/enus.stormassets/localizeddata/sounds/vo/whitemanea_kill_observer01.fxe	35729afba8afd4ec8d5e46bcb985d04e	1234
mods/heroes.stormmod/enus.stormassets/localizeddata/sounds/vo/whitemanea_kill_observer01.ogg	d0340d478e7e81ade405db1598b39cb8	29723
mods/heroes.stormmod/enus.stormassets/localizeddata/sounds/vo/whitemanea_kill_observer02.fxe	8ac886717eef3c1560e220d125e906e1	1250
mods/heroes.stormmod/enus.stormassets/localizeddata/sounds/vo/whitemanea_kill_observer02.ogg	6c3ffa1f893a3b7dc51905df6206e984	28670
mods/heroes.stormmod/enus.stormassets/localizeddata/sounds/vo/whitemanea_megakill00.fxe	ecdcbaf4258bb7f3cf955dbcf127afc7	1069
mods/heroes.stormmod/enus.stormassets/localizeddata/sounds/vo/whitemanea_megakill00.ogg	bfbb0dcd3323e568519ccb99a8f43cbd	33250
mods/heroes.stormmod/enus.stormassets/localizeddata/sounds/vo/whitemanea_outpostdestroy00.fxe	ceeade056b7873b9196b3fe0ba525fa9	1651
mods/heroes.stormmod/enus.stormassets/localizeddata/sounds/vo/whitemanea_outpostdestroy00.ogg	e21818102e0a0cdf6eb9313bf10d39fc	28056
mods/heroes.stormmod/enus.stormassets/localizeddata/sounds/vo/whitemanea_outpostdestroy01.fxe	34e0a30410e6b1d377e15461758fe72b	3011
mods/heroes.stormmod/enus.stormassets/localizeddata/sounds/vo/whitemanea_outpostdestroy01.ogg	c21c8f88f4464dc3474c0661282f4c56	55165
mods/heroes.stormmod/enus.stormassets/localizeddata/sounds/vo/whitemanea_outpostdestroy02.fxe	76324f2ae4fd3d5eb5a66c085b3801c1	2387
mods/heroes.stormmod/enus.stormassets/localizeddata/sounds/vo/whitemanea_outpostdestroy02.ogg	311f917bd0ec3e093570b6341836eff4	49816
mods/heroes.stormmod/enus.stormassets/localizeddata/sounds/vo/whitemanea_outpostdestroy03.fxe	f328f24dcb81a8cea49f7224342c369a	1203
mods/heroes.stormmod/enus.stormassets/localizeddata/sounds/vo/whitemanea_outpostdestroy03.ogg	136182011b965eda7753034774746e86	24310
mods/heroes.stormmod/enus.stormassets/localizeddata/sounds/vo/whitemanea_outpostdestroy04.fxe	c5af39496ead4d35aeb93e7bebf3dc35	2547
mods/heroes.stormmod/enus.stormassets/localizeddata/sounds/vo/whitemanea_outpostdestroy04.ogg	fa40ff944f1c73d2dcffc9a7b3beaf09	43196
mods/heroes.stormmod/enus.stormassets/localizeddata/sounds/vo/whitemanea_outpostdestroy05.fxe	a11ef8f15a04acfee142a44815dd0550	2259
mods/heroes.stormmod/enus.stormassets/localizeddata/sounds/vo/whitemanea_outpostdestroy05.ogg	d2565b127a5860b926d81511c410e993	39881
mods/heroes.stormmod/enus.stormassets/localizeddata/sounds/vo/whitemanea_outpostdestroy_blue00.fxe	2b2c9f3ecceef57c7376c3fa256de3b5	2280
mods/heroes.stormmod/enus.stormassets/localizeddata/sounds/vo/whitemanea_outpostdestroy_blue00.ogg	e5403c0d450f89bffe4f3abb38b20e92	38085
mods/heroes.stormmod/enus.stormassets/localizeddata/sounds/vo/whitemanea_outpostdestroy_red00.fxe	c03076d317ac4c968327fe93680ff724	2423
mods/heroes.stormmod/enus.stormassets/localizeddata/sounds/vo/whitemanea_outpostdestroy_red00.ogg	7046438a312b476becdac3062c36f5f2	38189
mods/heroes.stormmod/enus.stormassets/localizeddata/sounds/vo/whitemanea_outpostlost00.fxe	c4091ea65c2a36d2c21906fa97e33dcf	3200
mods/heroes.stormmod/enus.stormassets/localizeddata/sounds/vo/whitemanea_outpostlost00.ogg	7f54ace77cde0128801482dadbbed042	57531
mods/heroes.stormmod/enus.stormassets/localizeddata/sounds/vo/whitemanea_outpostlost01.fxe	d1241daf8c4c42e0ba82eaceb5fb3d6e	2000
mods/heroes.stormmod/enus.stormassets/localizeddata/sounds/vo/whitemanea_outpostlost01.ogg	3c4254fa95d02558ee597379e0f74584	37449
mods/heroes.stormmod/enus.stormassets/localizeddata/sounds/vo/whitemanea_outpostlost02.fxe	f68f0a6a95ca38ce9c21a0f0f4579ad4	3264
mods/heroes.stormmod/enus.stormassets/localizeddata/sounds/vo/whitemanea_outpostlost02.ogg	0b8483230e87abd683087ae581b06948	49358
mods/heroes.stormmod/enus.stormassets/localizeddata/sounds/vo/whitemanea_outpostlost03.fxe	51da89d99b8434e1d84822304342f61a	3024
mods/heroes.stormmod/enus.stormassets/localizeddata/sounds/vo/whitemanea_outpostlost03.ogg	5c911fac75b5c673e9512167e0d526e7	78686
mods/heroes.stormmod/enus.stormassets/localizeddata/sounds/vo/whitemanea_outpostlost04.fxe	dc53809ab2f6301d46c4bfe98b3f7648	2688
mods/heroes.stormmod/enus.stormassets/localizeddata/sounds/vo/whitemanea_outpostlost04.ogg	c92593ed47bd76a8d52e5704d4f298d8	53914
mods/heroes.stormmod/enus.stormassets/localizeddata/sounds/vo/whitemanea_outpostlost05.fxe	b0b02be6b158d3c08c71dcbe62c1f3b7	3536
mods/heroes.stormmod/enus.stormassets/localizeddata/sounds/vo/whitemanea_outpostlost05.ogg	8edc85d7d300cea6e9372c76e13da666	65014
mods/heroes.stormmod/enus.stormassets/localizeddata/sounds/vo/whitemanea_playerabandon00.fxe	bd3d47f7bc781a984fbf56d96fe9c3e3	2386
mods/heroes.stormmod/enus.stormassets/localizeddata/sounds/vo/whitemanea_playerabandon00.ogg	9acf6345911c77fba4631fd80073d82e	39610
mods/heroes.stormmod/enus.stormassets/localizeddata/sounds/vo/whitemanea_playerrejoin00.fxe	4ca19b5a14e00d5924736ecc303b946c	2689
mods/heroes.stormmod/enus.stormassets/localizeddata/sounds/vo/whitemanea_playerrejoin00.ogg	29be3f76d638ebe8800b04a278e45e9f	43511
mods/heroes.stormmod/enus.stormassets/localizeddata/sounds/vo/whitemanea_revive00.fxe	2ff47ce1cdd1755aa403dfee0c207b3f	1707
mods/heroes.stormmod/enus.stormassets/localizeddata/sounds/vo/whitemanea_revive00.ogg	6392cbd7ea728776f5326d98d5bc3fe8	29594
mods/heroes.stormmod/enus.stormassets/localizeddata/sounds/vo/whitemanea_revive_observer00.fxe	e52f38bb55c4fce4e1e81ade0aac9293	1540
mods/heroes.stormmod/enus.stormassets/localizeddata/sounds/vo/whitemanea_revive_observer00.ogg	55d57099efc4f75bc37d91032ca909db	25988
mods/heroes.stormmod/enus.stormassets/localizeddata/sounds/vo/whitemanea_spreeend00.fxe	c1bb062b66901eac870ec59619249a24	2253
mods/heroes.stormmod/enus.stormassets/localizeddata/sounds/vo/whitemanea_spreeend00.ogg	4be6126fe95f637371368141facc0415	36797
mods/heroes.stormmod/enus.stormassets/localizeddata/sounds/vo/whitemanea_spreeend01.fxe	e066ea8fcc55b4e2bd86009cf140b590	2525
mods/heroes.stormmod/enus.stormassets/localizeddata/sounds/vo/whitemanea_spreeend01.ogg	8610a47bcb757e314267ba26ea0a0e40	41265
mods/heroes.stormmod/enus.stormassets/localizeddata/sounds/vo/whitemanea_spreeend02.fxe	1328611e5fd7bc651d9d6e9879d4a7fa	2989
mods/heroes.stormmod/enus.stormassets/localizeddata/sounds/vo/whitemanea_spreeend02.ogg	285cf0f7076a1412dbd8b1bc2be25dcc	54419
mods/heroes.stormmod/enus.stormassets/localizeddata/sounds/vo/whitemanea_spreeend_ally00.fxe	04c53f40ee94bf40fb6af9a28afddbad	2578
mods/heroes.stormmod/enus.stormassets/localizeddata/sounds/vo/whitemanea_spreeend_ally00.ogg	2192f3094129ddae87dbe255729db451	41822
mods/heroes.stormmod/enus.stormassets/localizeddata/sounds/vo/whitemanea_spreefirstupgrade00.fxe	56025e32ec5a6cd5255588cba181f36b	886
mods/heroes.stormmod/enus.stormassets/localizeddata/sounds/vo/whitemanea_spreefirstupgrade00.ogg	e11fd9070ab076ef20a42bcd352b0ad3	21772
mods/heroes.stormmod/enus.stormassets/localizeddata/sounds/vo/whitemanea_spreemax00.fxe	cb0f60ba9d154ff18509bcd2a1b18669	1533
mods/heroes.stormmod/enus.stormassets/localizeddata/sounds/vo/whitemanea_spreemax00.ogg	2e7dd3d61d0dbada347cc77f430eb575	34064
mods/heroes.stormmod/enus.stormassets/localizeddata/sounds/vo/whitemanea_spreesecondupgrade00.fxe	fa656edd43951a187a7e76708a7b4823	1239
mods/heroes.stormmod/enus.stormassets/localizeddata/sounds/vo/whitemanea_spreesecondupgrade00.ogg	aa3a5c8106c03687e2b5898e27628c86	23749
mods/heroes.stormmod/enus.stormassets/localizeddata/sounds/vo/whitemanea_spreestart00.fxe	5c9dd5d506ae8da7f5aefe9baf845fa1	1327
mods/heroes.stormmod/enus.stormassets/localizeddata/sounds/vo/whitemanea_spreestart00.ogg	6f736f619320348168c7ebfc9dd4e4db	24169
mods/heroes.stormmod/enus.stormassets/localizeddata/sounds/vo/whitemanea_spreethirdupgrade00.fxe	d099390bc565c7c3ec2811f2fea63abe	1622
mods/heroes.stormmod/enus.stormassets/localizeddata/sounds/vo/whitemanea_spreethirdupgrade00.ogg	07dd684ccde3a58792c0e6486a07a167	26744
mods/heroes.stormmod/enus.stormassets/localizeddata/sounds/vo/whitemanea_talentunlock00.fxe	3dde54511b484acc8c0bc2b91a9b764e	1953
mods/heroes.stormmod/enus.stormassets/localizeddata/sounds/vo/whitemanea_talentunlock00.ogg	55d5972a6738fb9ec71eeee10baab6d1	29056
mods/heroes.stormmod/enus.stormassets/localizeddata/sounds/vo/whitemanea_talentunlock01.fxe	574d4dfdbd23bd0dd4f7419b571ecbf3	1857
mods/heroes.stormmod/enus.stormassets/localizeddata/sounds/vo/whitemanea_talentunlock01.ogg	edf07af27d715098b94b2575e8c5957f	32519
mods/heroes.stormmod/enus.stormassets/localizeddata/sounds/vo/whitemanea_talentunlock02.fxe	c81ecd0f1088d5a86f937c9dd921bdc6	2529
mods/heroes.stormmod/enus.stormassets/localizeddata/sounds/vo/whitemanea_talentunlock02.ogg	d8d6edf5990a79e11e86b5eda457b8f1	39701
mods/heroes.stormmod/enus.stormassets/localizeddata/sounds/vo/whitemanea_talentunlock03.fxe	b6b27ffe619613f8bf93b0f72bdf7126	1873
mods/heroes.stormmod/enus.stormassets/localizeddata/sounds/vo/whitemanea_talentunlock03.ogg	2bd5cba1f68b0657200ad168258a3442	31176
mods/heroes.stormmod/enus.stormassets/localizeddata/sounds/vo/whitemanea_teamkill00.fxe	32880ac42a5322e1567370c35b0a5745	1949
mods/heroes.stormmod/enus.stormassets/localizeddata/sounds/vo/whitemanea_teamkill00.ogg	78c2bb795eb4b8e5a4cb319d8262771f	34838
mods/heroes.stormmod/enus.stormassets/localizeddata/sounds/vo/whitemanea_teamkill_blue00.fxe	027159658389af93e80a2b1624f93dac	1842
mods/heroes.stormmod/enus.stormassets/localizeddata/sounds/vo/whitemanea_teamkill_blue00.ogg	95efe5d081acd4bfae826e15ac8528b7	34363
mods/heroes.stormmod/enus.stormassets/localizeddata/sounds/vo/whitemanea_teamkill_red00.fxe	5ae3eb0fc26a13a89da9a12e6c0736f7	1921
mods/heroes.stormmod/enus.stormassets/localizeddata/sounds/vo/whitemanea_teamkill_red00.ogg	2352468876ec9b7113087bea0d48a0a1	33986
mods/heroes.stormmod/enus.stormassets/localizeddata/sounds/vo/whitemanea_triplekill00.fxe	c572b26154994d8b06c56477d8cba3c4	1391
mods/heroes.stormmod/enus.stormassets/localizeddata/sounds/vo/whitemanea_triplekill00.ogg	2f7752f11e52023e93eef408fd5364f0	25483
mods/heroes.stormmod/enus.stormassets/localizeddata/sounds/vo/whitemanea_triplekill01.fxe	5db5a12496779c350813467d3ca3b27a	1359
mods/heroes.stormmod/enus.stormassets/localizeddata/sounds/vo/whitemanea_triplekill01.ogg	ef379bed976bbce2a431f2f36f869642	26992
mods/heroes.stormmod/enus.stormassets/localizeddata/sounds/vo/whitemanea_triplekill02.fxe	f8502f790f98efc2f180fd10fd4f4ff5	2159
mods/heroes.stormmod/enus.stormassets/localizeddata/sounds/vo/whitemanea_triplekill02.ogg	cf85015a9cacd9d56e399eea9209a5d7	45530
mods/heroes.stormmod/enus.stormassets/localizeddata/sounds/vo/whitemanebase_ai_attack00.fxe	d21220afbcc68f47f4abdf539598e385	3009
mods/heroes.stormmod/enus.stormassets/localizeddata/sounds/vo/whitemanebase_ai_attack00.ogg	40ab888e22fd9a65f53b71f071b36bf5	38657
mods/heroes.stormmod/enus.stormassets/localizeddata/sounds/vo/whitemanebase_ai_attack01.fxe	8caf6f0e4e47b2bb45726b7f10e7c8cf	3153
mods/heroes.stormmod/enus.stormassets/localizeddata/sounds/vo/whitemanebase_ai_attack01.ogg	0055b24b4c57cd6afe5021d7e2dc7f23	39357
mods/heroes.stormmod/enus.stormassets/localizeddata/sounds/vo/whitemanebase_ai_attack02.fxe	cad0df9c4ad50e3fe0a46312fd1bbd59	2161
mods/heroes.stormmod/enus.stormassets/localizeddata/sounds/vo/whitemanebase_ai_attack02.ogg	62069c7bb0aacce726715ca298809645	32593
mods/heroes.stormmod/enus.stormassets/localizeddata/sounds/vo/whitemanebase_ai_caution00.fxe	3c217076be74f79759983e696aca1e47	1170
mods/heroes.stormmod/enus.stormassets/localizeddata/sounds/vo/whitemanebase_ai_caution00.ogg	2bbbdda6ec934d9c17a9cbe99cb6bda6	14725
mods/heroes.stormmod/enus.stormassets/localizeddata/sounds/vo/whitemanebase_ai_goodjob.fxe	c725819af2cc1f53b93046bdf9ccfc5d	2080
mods/heroes.stormmod/enus.stormassets/localizeddata/sounds/vo/whitemanebase_ai_goodjob.ogg	0b81801b481a153747086922832bbf8a	25530
mods/heroes.stormmod/enus.stormassets/localizeddata/sounds/vo/whitemanebase_ai_goodjob00.fxe	0a0cb383fe782e3d2488b36c386e2f02	1042
mods/heroes.stormmod/enus.stormassets/localizeddata/sounds/vo/whitemanebase_ai_goodjob00.ogg	49cdec8c77f229467e57bd21b5821aa8	19031
mods/heroes.stormmod/enus.stormassets/localizeddata/sounds/vo/whitemanebase_ai_goodjob01.fxe	8dac757693ed4b9e91e00e218c62d0d2	2258
mods/heroes.stormmod/enus.stormassets/localizeddata/sounds/vo/whitemanebase_ai_goodjob01.ogg	137f209ab94df0e99ea1773e5dc91d40	32524
mods/heroes.stormmod/enus.stormassets/localizeddata/sounds/vo/whitemanebase_ai_heal00.fxe	9d788f89804d69c93be6a3b45214f33c	2015
mods/heroes.stormmod/enus.stormassets/localizeddata/sounds/vo/whitemanebase_ai_heal00.ogg	e493fb7bd8821370936c21dac40681e1	20874
mods/heroes.stormmod/enus.stormassets/localizeddata/sounds/vo/whitemanebase_ai_heal01.fxe	7e98353978a9ae05bf97cb6a39941e64	2543
mods/heroes.stormmod/enus.stormassets/localizeddata/sounds/vo/whitemanebase_ai_heal01.ogg	e20e2c91795d4c5c83f41440389b408e	28660
mods/heroes.stormmod/enus.stormassets/localizeddata/sounds/vo/whitemanebase_ai_retreat00.fxe	ec95529cdc7876242ebae6e6bb6b95cb	1346
mods/heroes.stormmod/enus.stormassets/localizeddata/sounds/vo/whitemanebase_ai_retreat00.ogg	e50c27845b7f7501556963c0e9bf9a9f	17303
mods/heroes.stormmod/enus.stormassets/localizeddata/sounds/vo/whitemanebase_ai_retreat01.fxe	1be6293e4ed4066e18416f926ebc765b	2690
mods/heroes.stormmod/enus.stormassets/localizeddata/sounds/vo/whitemanebase_ai_retreat01.ogg	2957a03df233a21f1dbad631b81800cb	32808
mods/heroes.stormmod/enus.stormassets/localizeddata/sounds/vo/whitemanebase_ai_uhoh00.fxe	c3bf8d411fcc365c79dd8217b2d6def6	1423
mods/heroes.stormmod/enus.stormassets/localizeddata/sounds/vo/whitemanebase_ai_uhoh00.ogg	d663ef04c914062602e23cf1ada29441	18063
mods/heroes.stormmod/enus.stormassets/localizeddata/sounds/vo/whitemanebase_ai_uhoh01.fxe	6ba6a75b6638dc4730661b9b84abbbf1	847
mods/heroes.stormmod/enus.stormassets/localizeddata/sounds/vo/whitemanebase_ai_uhoh01.ogg	e1d43fb1ac061e90316bbb3c019b8d01	13050
mods/heroes.stormmod/enus.stormassets/localizeddata/sounds/vo/whitemanebase_ai_uhoh02.fxe	96756185f50ca7a612ee1a29652b60db	1023
mods/heroes.stormmod/enus.stormassets/localizeddata/sounds/vo/whitemanebase_ai_uhoh02.ogg	3cc9262b88a96d102bf549758e08a09f	12745
mods/heroes.stormmod/enus.stormassets/localizeddata/sounds/vo/whitemanebase_arise00.fxe	4641808aa0e201f8fa239860aaebacea	1949
mods/heroes.stormmod/enus.stormassets/localizeddata/sounds/vo/whitemanebase_arise00.ogg	19ecb8171b3b6f4f39ff254ad45b2f72	28549
mods/heroes.stormmod/enus.stormassets/localizeddata/sounds/vo/whitemanebase_attack00.fxe	a5652f646ee9d8e8997f952bf2651d04	2206
mods/heroes.stormmod/enus.stormassets/localizeddata/sounds/vo/whitemanebase_attack00.ogg	cfd5964c250218ff032b4d5135361c32	27995
mods/heroes.stormmod/enus.stormassets/localizeddata/sounds/vo/whitemanebase_attack01.fxe	8b0a888e4069fe73cdab8cc95290349b	1102
mods/heroes.stormmod/enus.stormassets/localizeddata/sounds/vo/whitemanebase_attack01.ogg	c58662970876913cdd635c566501894b	15825
mods/heroes.stormmod/enus.stormassets/localizeddata/sounds/vo/whitemanebase_attack02.fxe	13408820bdbeed288bcea23d07435559	1902
mods/heroes.stormmod/enus.stormassets/localizeddata/sounds/vo/whitemanebase_attack02.ogg	b92f73f509493ffe58669e87b0dd50a7	33259
mods/heroes.stormmod/enus.stormassets/localizeddata/sounds/vo/whitemanebase_attack03.fxe	519558d38b394bfa52e178df549575dd	2110
mods/heroes.stormmod/enus.stormassets/localizeddata/sounds/vo/whitemanebase_attack03.ogg	20c745963b1f21c22cfa80341f55307f	26677
mods/heroes.stormmod/enus.stormassets/localizeddata/sounds/vo/whitemanebase_attack04.fxe	95ee67919c502d3f0c43a6abff9f98ce	1838
mods/heroes.stormmod/enus.stormassets/localizeddata/sounds/vo/whitemanebase_attack04.ogg	89762276c02a4b603311f68e7a3ffd2a	25413
mods/heroes.stormmod/enus.stormassets/localizeddata/sounds/vo/whitemanebase_attack05.fxe	0399da9a1e7d517e06c20227ceb4d8c7	1374
mods/heroes.stormmod/enus.stormassets/localizeddata/sounds/vo/whitemanebase_attack05.ogg	0ed04dfe356e467df611ca8ded300f25	23995
mods/heroes.stormmod/enus.stormassets/localizeddata/sounds/vo/whitemanebase_attack06.fxe	d4711daa8d3bd69edc1ea0d37030cecc	1566
mods/heroes.stormmod/enus.stormassets/localizeddata/sounds/vo/whitemanebase_attack06.ogg	dd57b15cbb05adc40f1f57917340118b	23513
mods/heroes.stormmod/enus.stormassets/localizeddata/sounds/vo/whitemanebase_celebrate00.fxe	5c45922b1b01871459fdb003f17c8272	1857
mods/heroes.stormmod/enus.stormassets/localizeddata/sounds/vo/whitemanebase_celebrate00.ogg	ffb93114813437e51ab5fdba5619226e	21497
mods/heroes.stormmod/enus.stormassets/localizeddata/sounds/vo/whitemanebase_celebrate01.fxe	4546bdc711efe04c971a723a6168c634	1681
mods/heroes.stormmod/enus.stormassets/localizeddata/sounds/vo/whitemanebase_celebrate01.ogg	b593a87e263bc8032b6642641ade4a47	21898
mods/heroes.stormmod/enus.stormassets/localizeddata/sounds/vo/whitemanebase_comeback00.fxe	7689cdc28e9e2f88bba7534845c3cf7e	2752
mods/heroes.stormmod/enus.stormassets/localizeddata/sounds/vo/whitemanebase_comeback00.ogg	ce472956722aceca09666879ab3c92d0	39018
mods/heroes.stormmod/enus.stormassets/localizeddata/sounds/vo/whitemanebase_death00.fxe	dd2170eb8ec2dba1bf525e9bbb0f2d87	1149
mods/heroes.stormmod/enus.stormassets/localizeddata/sounds/vo/whitemanebase_death00.wav	b8225daed28872941ad37394f2cb9baf	44604
mods/heroes.stormmod/enus.stormassets/localizeddata/sounds/vo/whitemanebase_death01.fxe	c0b41efc43e6a6eeacb63aa3d4d009d1	1885
mods/heroes.stormmod/enus.stormassets/localizeddata/sounds/vo/whitemanebase_death01.wav	c00841b16b84dbeb812289951fe768e9	57148
mods/heroes.stormmod/enus.stormassets/localizeddata/sounds/vo/whitemanebase_death02.fxe	add5fce938c736677d3c58b12ecd7669	1949
mods/heroes.stormmod/enus.stormassets/localizeddata/sounds/vo/whitemanebase_death02.wav	7d299612557d25839805caa8ed28fe17	61244
mods/heroes.stormmod/enus.stormassets/localizeddata/sounds/vo/whitemanebase_healed00.fxe	acf5c4244a49b8b051fb1732ef573993	2238
mods/heroes.stormmod/enus.stormassets/localizeddata/sounds/vo/whitemanebase_healed00.ogg	35151a73663cf1b328ae9fc4639cf7a1	26470
mods/heroes.stormmod/enus.stormassets/localizeddata/sounds/vo/whitemanebase_healed01.fxe	17de6104b9ced1b4e95732a2417ed9fe	2414
mods/heroes.stormmod/enus.stormassets/localizeddata/sounds/vo/whitemanebase_healed01.ogg	d53a2b6a46f96bf00816fce667c263cd	26214
mods/heroes.stormmod/enus.stormassets/localizeddata/sounds/vo/whitemanebase_healed02.fxe	e22e2680963f2cb1f0678202ae72e29b	2542
mods/heroes.stormmod/enus.stormassets/localizeddata/sounds/vo/whitemanebase_healed02.ogg	5473446a21e8d52f77e88dfc06c237a6	27048
mods/heroes.stormmod/enus.stormassets/localizeddata/sounds/vo/whitemanebase_homescreen00.fxe	83cc4a1e716aedad8d40f393b6598c04	1778
mods/heroes.stormmod/enus.stormassets/localizeddata/sounds/vo/whitemanebase_introagree00.fxe	332b58b78e81ec335b4b11b875eb13ad	3410
mods/heroes.stormmod/enus.stormassets/localizeddata/sounds/vo/whitemanebase_introagree00.ogg	1efa016de28c420236300fe689213134	43236
mods/heroes.stormmod/enus.stormassets/localizeddata/sounds/vo/whitemanebase_introagree01.fxe	e6e5c28c189accade1d415546ec86121	3458
mods/heroes.stormmod/enus.stormassets/localizeddata/sounds/vo/whitemanebase_introagree01.ogg	06768e62abcb455e7ee0b209b842ecfa	40888
mods/heroes.stormmod/enus.stormassets/localizeddata/sounds/vo/whitemanebase_introagree02.fxe	418a875f9cc8bd15099b0a3b33875ab9	4466
mods/heroes.stormmod/enus.stormassets/localizeddata/sounds/vo/whitemanebase_introagree02.ogg	9aad115edf36ea9a4e1f12e364d9332d	51428
mods/heroes.stormmod/enus.stormassets/localizeddata/sounds/vo/whitemanebase_introboast00.fxe	384660d5247c9e31ac9a4eabc64e1a12	3362
mods/heroes.stormmod/enus.stormassets/localizeddata/sounds/vo/whitemanebase_introboast00.ogg	593043370468f4e806f6ae96e32bfd9d	50951
mods/heroes.stormmod/enus.stormassets/localizeddata/sounds/vo/whitemanebase_introboast01.fxe	ebb953f4022e75fc0a3aec001647b0fc	3618
mods/heroes.stormmod/enus.stormassets/localizeddata/sounds/vo/whitemanebase_introboast01.ogg	ef14c6de68f59a3248a356300e4ab901	50460
mods/heroes.stormmod/enus.stormassets/localizeddata/sounds/vo/whitemanebase_introquestion00.fxe	646a32f70c34cfcfe9065ba1b74088bf	3989
mods/heroes.stormmod/enus.stormassets/localizeddata/sounds/vo/whitemanebase_introquestion00.ogg	dfd624bae0d694c0bd4db440c316857e	49107
mods/heroes.stormmod/enus.stormassets/localizeddata/sounds/vo/whitemanebase_introquestion01.fxe	56aee604790f0b83ee83de13edc6a318	3013
mods/heroes.stormmod/enus.stormassets/localizeddata/sounds/vo/whitemanebase_introquestion01.ogg	265af56e0375775664b781944ecf6913	38006
mods/heroes.stormmod/enus.stormassets/localizeddata/sounds/vo/whitemanebase_introquestion_aggressive00.fxe	df897b4e3dab64a158a6509027364d59	3408
mods/heroes.stormmod/enus.stormassets/localizeddata/sounds/vo/whitemanebase_introquestion_aggressive00.ogg	3cb1218264a67861834ce8ea3cf073ff	46035
mods/heroes.stormmod/enus.stormassets/localizeddata/sounds/vo/whitemanebase_introquestion_anubarak00.fxe	b760c0756545b3ee6c935c1698bd0daf	3438
mods/heroes.stormmod/enus.stormassets/localizeddata/sounds/vo/whitemanebase_introquestion_anubarak00.ogg	b7c3d37958f7cd8393a78ab7d1c5335c	40791
mods/heroes.stormmod/enus.stormassets/localizeddata/sounds/vo/whitemanebase_introquestion_arthas00.fxe	99f6a9f90288e5c269628f5ed94fa22f	4284
mods/heroes.stormmod/enus.stormassets/localizeddata/sounds/vo/whitemanebase_introquestion_arthas00.ogg	ad4b07a05406abcaa44503c3299919d6	57168
mods/heroes.stormmod/enus.stormassets/localizeddata/sounds/vo/whitemanebase_introquestion_crusader00.fxe	fe56888caad8a7d28dcc1badc7164c6d	2574
mods/heroes.stormmod/enus.stormassets/localizeddata/sounds/vo/whitemanebase_introquestion_crusader00.ogg	edec75766b7330c027629fb857e3aace	36373
mods/heroes.stormmod/enus.stormassets/localizeddata/sounds/vo/whitemanebase_introquestion_evil00.fxe	2012184a39b4617eaad88e6cd375604d	4074
mods/heroes.stormmod/enus.stormassets/localizeddata/sounds/vo/whitemanebase_introquestion_evil00.ogg	91f1026bd4dd01a033d4c7acb5d67cd7	45272
mods/heroes.stormmod/enus.stormassets/localizeddata/sounds/vo/whitemanebase_introquestion_evil01.fxe	af7d8cd9e1b1ccc5ec46e136b0996786	1482
mods/heroes.stormmod/enus.stormassets/localizeddata/sounds/vo/whitemanebase_introquestion_evil01.ogg	9ceec6e2dd9fa49b78fb8da23223d43c	28717
mods/heroes.stormmod/enus.stormassets/localizeddata/sounds/vo/whitemanebase_introquestion_evil02.fxe	ff91c1a674d71431ecb23f9a6516c816	4138
mods/heroes.stormmod/enus.stormassets/localizeddata/sounds/vo/whitemanebase_introquestion_evil02.ogg	9a1da8dc85dce0b7b3e4a03852807003	48552
mods/heroes.stormmod/enus.stormassets/localizeddata/sounds/vo/whitemanebase_introquestion_good00.fxe	4f6da9cc27fbefae4ffd6c9a1b8f986d	4778
mods/heroes.stormmod/enus.stormassets/localizeddata/sounds/vo/whitemanebase_introquestion_good00.ogg	f7ae2ff2b3d8815674f2406b085b5a87	48639
mods/heroes.stormmod/enus.stormassets/localizeddata/sounds/vo/whitemanebase_introquestion_good01.fxe	db7eb887a1adc28b6c4d4d6304311e07	2602
mods/heroes.stormmod/enus.stormassets/localizeddata/sounds/vo/whitemanebase_introquestion_good01.ogg	a9bce1dbeb86143bade18dc95e4094d3	33835
mods/heroes.stormmod/enus.stormassets/localizeddata/sounds/vo/whitemanebase_introquestion_good02.fxe	900dab9f403bfc9bd3cca1d8a856451d	3002
mods/heroes.stormmod/enus.stormassets/localizeddata/sounds/vo/whitemanebase_introquestion_good02.ogg	3fe8e7edcded6bb87f37d1b39e793ed2	46068
mods/heroes.stormmod/enus.stormassets/localizeddata/sounds/vo/whitemanebase_introquestion_kelthuzad00.fxe	e338d1b4f00fd594977750d3f42819a2	3375
mods/heroes.stormmod/enus.stormassets/localizeddata/sounds/vo/whitemanebase_introquestion_kelthuzad00.ogg	760d98b8c80e5f3508648cfdbf9892e0	45337
mods/heroes.stormmod/enus.stormassets/localizeddata/sounds/vo/whitemanebase_introquestion_malganis00.fxe	5679691bc775eba083e0756303c15fe5	3406
mods/heroes.stormmod/enus.stormassets/localizeddata/sounds/vo/whitemanebase_introquestion_malganis00.ogg	bccbc2ed12e140a30240261411ef0dbf	41754
mods/heroes.stormmod/enus.stormassets/localizeddata/sounds/vo/whitemanebase_introquestion_mephisto00.fxe	05683c27719d8288b384e77652448a0c	4238
mods/heroes.stormmod/enus.stormassets/localizeddata/sounds/vo/whitemanebase_introquestion_mephisto00.ogg	5abda5aaa7db6cab1c344654743d4bf8	55150
mods/heroes.stormmod/enus.stormassets/localizeddata/sounds/vo/whitemanebase_introquestion_murky00.fxe	70de84f56aa4911bc2ed58a917f68932	3483
mods/heroes.stormmod/enus.stormassets/localizeddata/sounds/vo/whitemanebase_introquestion_murky00.ogg	d8012d5cb2136eb4cc7a43ce143175a9	50729
mods/heroes.stormmod/enus.stormassets/localizeddata/sounds/vo/whitemanebase_introquestion_negative00.fxe	376c73ba3c525956cde959cbcbe8e2f0	2414
mods/heroes.stormmod/enus.stormassets/localizeddata/sounds/vo/whitemanebase_introquestion_negative00.ogg	7f38a7621e4d60c9964451e87b704e99	32171
mods/heroes.stormmod/enus.stormassets/localizeddata/sounds/vo/whitemanebase_introquestion_paladin00.fxe	69307eb7bed6ec75326c0e6e5072d1ba	4317
mods/heroes.stormmod/enus.stormassets/localizeddata/sounds/vo/whitemanebase_introquestion_paladin00.ogg	51076727c1ae065f7fed532b373b51a8	62844
mods/heroes.stormmod/enus.stormassets/localizeddata/sounds/vo/whitemanebase_introquestion_positive00.fxe	bf0cf00372d5612898eba0333bd516ea	3710
mods/heroes.stormmod/enus.stormassets/localizeddata/sounds/vo/whitemanebase_introquestion_positive00.ogg	5879a42ab37e4ac41c7f9753b4009117	51886
mods/heroes.stormmod/enus.stormassets/localizeddata/sounds/vo/whitemanebase_introquestion_stitches00.fxe	d382d4cd8d08227342f0180f2a5a154a	4382
mods/heroes.stormmod/enus.stormassets/localizeddata/sounds/vo/whitemanebase_introquestion_stitches00.ogg	a083ce638b9db219c7d5c98a26471068	54765
mods/heroes.stormmod/enus.stormassets/localizeddata/sounds/vo/whitemanebase_introquestion_sylvanas00.fxe	d952935d0bcf879ee216eebf7095c27a	2286
mods/heroes.stormmod/enus.stormassets/localizeddata/sounds/vo/whitemanebase_introquestion_sylvanas00.ogg	68bd7f0ee191627054fb6980549daf39	33881
mods/heroes.stormmod/enus.stormassets/localizeddata/sounds/vo/whitemanebase_introquestion_tyrande00.fxe	7aaee099af42d80f2e85ca9f8efd7068	2909
mods/heroes.stormmod/enus.stormassets/localizeddata/sounds/vo/whitemanebase_introquestion_tyrande00.ogg	d150ee1e19a6a41350223e97d9f8d020	43801
mods/heroes.stormmod/enus.stormassets/localizeddata/sounds/vo/whitemanebase_introquestion_undead00.fxe	996e5bf28a7721083212aa67ecd7d3a8	3516
mods/heroes.stormmod/enus.stormassets/localizeddata/sounds/vo/whitemanebase_introquestion_undead00.ogg	efae7c0e2578b0db6ba2b056ef3b6337	42925
mods/heroes.stormmod/enus.stormassets/localizeddata/sounds/vo/whitemanebase_introquestion_yrel00.fxe	4ded10ada2d0bf2a9e92cdf33625a09d	4362
mods/heroes.stormmod/enus.stormassets/localizeddata/sounds/vo/whitemanebase_introquestion_yrel00.ogg	158c57d9202c792621196d09aff46e51	57473
mods/heroes.stormmod/enus.stormassets/localizeddata/sounds/vo/whitemanebase_introrespond00.fxe	88357846a702494d7374f6ba904567f6	3396
mods/heroes.stormmod/enus.stormassets/localizeddata/sounds/vo/whitemanebase_introrespond00.ogg	329e71a86285c7a5518aea6ec4926759	48487
mods/heroes.stormmod/enus.stormassets/localizeddata/sounds/vo/whitemanebase_introrespond01.fxe	9f1a21a7668525bdc6868a726bba91d2	2148
mods/heroes.stormmod/enus.stormassets/localizeddata/sounds/vo/whitemanebase_introrespond01.ogg	43efca2914c0fb30af731ebd5b5d427f	29663
mods/heroes.stormmod/enus.stormassets/localizeddata/sounds/vo/whitemanebase_introrespond02.fxe	0f9e1c6fcd2b9314278549c156d86b15	3572
mods/heroes.stormmod/enus.stormassets/localizeddata/sounds/vo/whitemanebase_introrespond02.ogg	8cf36c4fe83cda8af11fa412cd93ede8	35841
mods/heroes.stormmod/enus.stormassets/localizeddata/sounds/vo/whitemanebase_introresponse_angry00.fxe	70875a683775a130f4315af26639b87c	3419
mods/heroes.stormmod/enus.stormassets/localizeddata/sounds/vo/whitemanebase_introresponse_angry00.ogg	388b932b473517390603d8901d0180c3	38917
mods/heroes.stormmod/enus.stormassets/localizeddata/sounds/vo/whitemanebase_introresponse_anubarak00.fxe	0a5b286d71ad8cb7d6927a3a27ac0a49	4814
mods/heroes.stormmod/enus.stormassets/localizeddata/sounds/vo/whitemanebase_introresponse_anubarak00.ogg	cd205f7f61a43f67c21c4693b7618879	56475
mods/heroes.stormmod/enus.stormassets/localizeddata/sounds/vo/whitemanebase_introresponse_arrogant00.fxe	eb1cba88195a261981fbb3f65c776afc	4094
mods/heroes.stormmod/enus.stormassets/localizeddata/sounds/vo/whitemanebase_introresponse_arrogant00.ogg	d70537345a5e3e9a1ffba00c51d1e3d8	52543
mods/heroes.stormmod/enus.stormassets/localizeddata/sounds/vo/whitemanebase_introresponse_arthas00.fxe	1c0dfd867262d39c9665c0368b1d8bc5	1756
mods/heroes.stormmod/enus.stormassets/localizeddata/sounds/vo/whitemanebase_introresponse_arthas00.ogg	534d2f5960f2691962e6a01f3d081a2e	25773
mods/heroes.stormmod/enus.stormassets/localizeddata/sounds/vo/whitemanebase_introresponse_confused00.fxe	70824dd7fca57a26a38cbee82babdf3a	3614
mods/heroes.stormmod/enus.stormassets/localizeddata/sounds/vo/whitemanebase_introresponse_confused00.ogg	78c5fbacf6500f57a165159713d4c5cd	57431
mods/heroes.stormmod/enus.stormassets/localizeddata/sounds/vo/whitemanebase_introresponse_crusader00.fxe	fc2f28d12794a38ace01ee6ff795fe96	3614
mods/heroes.stormmod/enus.stormassets/localizeddata/sounds/vo/whitemanebase_introresponse_crusader00.ogg	872cff08079d5dc620df121a180b4fc6	65128
mods/heroes.stormmod/enus.stormassets/localizeddata/sounds/vo/whitemanebase_introresponse_dismiss00.fxe	e892b459426d870ccaa02c87a202ce84	1293
mods/heroes.stormmod/enus.stormassets/localizeddata/sounds/vo/whitemanebase_introresponse_dismiss00.ogg	bb1b9cc1add5223064d413eeb406ab00	17231
mods/heroes.stormmod/enus.stormassets/localizeddata/sounds/vo/whitemanebase_introresponse_evil00.fxe	4214f0050bc2c541dd1ed776ab10a4cc	1946
mods/heroes.stormmod/enus.stormassets/localizeddata/sounds/vo/whitemanebase_introresponse_evil00.ogg	17a4a43d61b3ab07fd5ff13aaa0b6a09	28308
mods/heroes.stormmod/enus.stormassets/localizeddata/sounds/vo/whitemanebase_introresponse_evil01.fxe	7658351ccdf5ac9d8f5910bbbdce9bcc	3178
mods/heroes.stormmod/enus.stormassets/localizeddata/sounds/vo/whitemanebase_introresponse_evil01.ogg	fa1a29d59279c1d80b15d004181b8940	44989
mods/heroes.stormmod/enus.stormassets/localizeddata/sounds/vo/whitemanebase_introresponse_evil02.fxe	5b4effa4936f1290dc290d42cba8c87d	2602
mods/heroes.stormmod/enus.stormassets/localizeddata/sounds/vo/whitemanebase_introresponse_evil02.ogg	5944d36af26ea4a1b86836aafa61a78d	30299
mods/heroes.stormmod/enus.stormassets/localizeddata/sounds/vo/whitemanebase_introresponse_excited00.fxe	001cb117c9c3996ff30b8eb281da1b18	1933
mods/heroes.stormmod/enus.stormassets/localizeddata/sounds/vo/whitemanebase_introresponse_excited00.ogg	659a132ee920361623fc6d580ec5b483	21855
mods/heroes.stormmod/enus.stormassets/localizeddata/sounds/vo/whitemanebase_introresponse_good00.fxe	4461372eca6db90d5fdd4760e47aad32	3162
mods/heroes.stormmod/enus.stormassets/localizeddata/sounds/vo/whitemanebase_introresponse_good00.ogg	714b5c125fda113c485d71b48d67595b	41378
mods/heroes.stormmod/enus.stormassets/localizeddata/sounds/vo/whitemanebase_introresponse_good01.fxe	d61ee438bbc88fd293f61f6032ea3679	3946
mods/heroes.stormmod/enus.stormassets/localizeddata/sounds/vo/whitemanebase_introresponse_good01.ogg	d439a337c8dc0746e97e5217882f7aa0	61518
mods/heroes.stormmod/enus.stormassets/localizeddata/sounds/vo/whitemanebase_introresponse_good02.fxe	09bb79275f8275c5382fd1e2e4d0cbf0	3114
mods/heroes.stormmod/enus.stormassets/localizeddata/sounds/vo/whitemanebase_introresponse_good02.ogg	9010ba124458dcc07d7f609824bf3995	37907
mods/heroes.stormmod/enus.stormassets/localizeddata/sounds/vo/whitemanebase_introresponse_join00.fxe	4a2872515dad6fa9f599245da7c391e7	3370
mods/heroes.stormmod/enus.stormassets/localizeddata/sounds/vo/whitemanebase_introresponse_join00.ogg	5328829b5efb388294a785e5eeb56436	41883
mods/heroes.stormmod/enus.stormassets/localizeddata/sounds/vo/whitemanebase_introresponse_kelthuzad00.fxe	6df144666be3c812d553a4a74361668d	3647
mods/heroes.stormmod/enus.stormassets/localizeddata/sounds/vo/whitemanebase_introresponse_kelthuzad00.ogg	0027a57a46a0d458a02aa14dd692f8e9	44478
mods/heroes.stormmod/enus.stormassets/localizeddata/sounds/vo/whitemanebase_introresponse_malganis00.fxe	baba5b2c12d04b4fe567f0e0dd0dc96a	2382
mods/heroes.stormmod/enus.stormassets/localizeddata/sounds/vo/whitemanebase_introresponse_malganis00.ogg	269eccea770dd31a4e02e3a586a20d92	32254
mods/heroes.stormmod/enus.stormassets/localizeddata/sounds/vo/whitemanebase_introresponse_mephisto00.fxe	fa5be94585a751eb343e01ddc8377abd	4494
mods/heroes.stormmod/enus.stormassets/localizeddata/sounds/vo/whitemanebase_introresponse_mephisto00.ogg	29ebe26e29d7d1cb4f57ad23fc3d3df4	54076
mods/heroes.stormmod/enus.stormassets/localizeddata/sounds/vo/whitemanebase_introresponse_murky00.fxe	bdf83768d052c75cb48045beabe76eea	3067
mods/heroes.stormmod/enus.stormassets/localizeddata/sounds/vo/whitemanebase_introresponse_murky00.ogg	c5c333ee4897be9b2f37d3091856291d	45494
mods/heroes.stormmod/enus.stormassets/localizeddata/sounds/vo/whitemanebase_introresponse_negative00.fxe	72f4397e58781dc34bb8af1070a7e0bf	3678
mods/heroes.stormmod/enus.stormassets/localizeddata/sounds/vo/whitemanebase_introresponse_negative00.ogg	d293fdff9f76fed32658f2fec779ddac	48460
mods/heroes.stormmod/enus.stormassets/localizeddata/sounds/vo/whitemanebase_introresponse_no00.fxe	e1a42253e284489e164a115511a80c49	1864
mods/heroes.stormmod/enus.stormassets/localizeddata/sounds/vo/whitemanebase_introresponse_no00.ogg	78e079fdee025145170d2ae6c9f72b48	26614
mods/heroes.stormmod/enus.stormassets/localizeddata/sounds/vo/whitemanebase_introresponse_paladin00.fxe	c8f0b721990e521ac5144b8800bc25dc	2493
mods/heroes.stormmod/enus.stormassets/localizeddata/sounds/vo/whitemanebase_introresponse_paladin00.ogg	f3dbf0edc7c3810e235b22a14c18bd69	37381
mods/heroes.stormmod/enus.stormassets/localizeddata/sounds/vo/whitemanebase_introresponse_positive00.fxe	48560bde17a46051fef9a45546f7fbb7	3150
mods/heroes.stormmod/enus.stormassets/localizeddata/sounds/vo/whitemanebase_introresponse_positive00.ogg	5c0976acfc0f1c09cc7e0bce409ef43c	37898
mods/heroes.stormmod/enus.stormassets/localizeddata/sounds/vo/whitemanebase_introresponse_stitches00.fxe	add702a6eda37a4d20b12205c9bed807	2030
mods/heroes.stormmod/enus.stormassets/localizeddata/sounds/vo/whitemanebase_introresponse_stitches00.ogg	53c29f4614d7f2179102c8d682d86fa2	20762
mods/heroes.stormmod/enus.stormassets/localizeddata/sounds/vo/whitemanebase_introresponse_sylvanas00.fxe	4a913e5760290a131d2b760f6d4a680f	2238
mods/heroes.stormmod/enus.stormassets/localizeddata/sounds/vo/whitemanebase_introresponse_sylvanas00.ogg	8904901c991b8b381ada805cfe9426e0	31434
mods/heroes.stormmod/enus.stormassets/localizeddata/sounds/vo/whitemanebase_introresponse_tired00.fxe	7eab69dd7d48a9b22e5aba5f161b7a11	2379
mods/heroes.stormmod/enus.stormassets/localizeddata/sounds/vo/whitemanebase_introresponse_tired00.ogg	1847712b38bac48933c386fa2e5d59ec	35383
mods/heroes.stormmod/enus.stormassets/localizeddata/sounds/vo/whitemanebase_introresponse_tyrande00.fxe	148a053d9d61d2b3de48c6343f54c2b7	3565
mods/heroes.stormmod/enus.stormassets/localizeddata/sounds/vo/whitemanebase_introresponse_tyrande00.ogg	f9c30420c209cb687ecfe951b736352d	41136
mods/heroes.stormmod/enus.stormassets/localizeddata/sounds/vo/whitemanebase_introresponse_undead00.fxe	f0ef65c4850fc2288b12ecebf691339f	4428
mods/heroes.stormmod/enus.stormassets/localizeddata/sounds/vo/whitemanebase_introresponse_undead00.ogg	3fe97533b5e42f77b6529819fef97c87	56803
mods/heroes.stormmod/enus.stormassets/localizeddata/sounds/vo/whitemanebase_introresponse_yrel00.fxe	b5d2495a48ca4734bded07653520b092	3802
mods/heroes.stormmod/enus.stormassets/localizeddata/sounds/vo/whitemanebase_introresponse_yrel00.ogg	b1d9d834c67a6a998c336b47bab2b330	53598
mods/heroes.stormmod/enus.stormassets/localizeddata/sounds/vo/whitemanebase_kill00.fxe	1a7973d433fd8a814401da89d6b49063	1756
mods/heroes.stormmod/enus.stormassets/localizeddata/sounds/vo/whitemanebase_kill00.ogg	7f3600ee61531074bc85fa1ed27f8761	26354
mods/heroes.stormmod/enus.stormassets/localizeddata/sounds/vo/whitemanebase_kill01.fxe	0714677a447109ca59e063a173bb46cc	2508
mods/heroes.stormmod/enus.stormassets/localizeddata/sounds/vo/whitemanebase_kill01.ogg	c62fdcfce4f6c55c49e0aea85f3eb439	33896
mods/heroes.stormmod/enus.stormassets/localizeddata/sounds/vo/whitemanebase_kill02.fxe	24c88609d3e061840ffa0aa3a78a312b	2444
mods/heroes.stormmod/enus.stormassets/localizeddata/sounds/vo/whitemanebase_kill02.ogg	6872f1c77749bb7d87ce2f483c74e3b5	33557
mods/heroes.stormmod/enus.stormassets/localizeddata/sounds/vo/whitemanebase_kill03.fxe	8d5c6f6817bf8eb29728f1054eb9519b	2172
mods/heroes.stormmod/enus.stormassets/localizeddata/sounds/vo/whitemanebase_kill03.ogg	ffde1c614726630d83a3ccb47b2897a6	24781
mods/heroes.stormmod/enus.stormassets/localizeddata/sounds/vo/whitemanebase_kill04.fxe	1cb0b03b59f5287fd960981d8a694b20	2364
mods/heroes.stormmod/enus.stormassets/localizeddata/sounds/vo/whitemanebase_kill04.ogg	f644f85ed4c96ea79a2abd3d72e68f8c	33554
mods/heroes.stormmod/enus.stormassets/localizeddata/sounds/vo/whitemanebase_kill05.fxe	aeb8e866074fd73fcab832ffbe4f4bad	2156
mods/heroes.stormmod/enus.stormassets/localizeddata/sounds/vo/whitemanebase_kill05.ogg	834d0966f8694975cc5ddba0852123bd	29447
mods/heroes.stormmod/enus.stormassets/localizeddata/sounds/vo/whitemanebase_killarthas00.fxe	d6ac264ad56939a964cc9ce446e6cb74	2050
mods/heroes.stormmod/enus.stormassets/localizeddata/sounds/vo/whitemanebase_killarthas00.ogg	b2a4dd77f5ddf71ea601cd2ce7e1d3ea	28203
mods/heroes.stormmod/enus.stormassets/localizeddata/sounds/vo/whitemanebase_killblaze00.fxe	5a047b8d1f3ac076215ab099c5c66251	2049
mods/heroes.stormmod/enus.stormassets/localizeddata/sounds/vo/whitemanebase_killblaze00.ogg	690902faaf162ffd5711f17802f42762	25865
mods/heroes.stormmod/enus.stormassets/localizeddata/sounds/vo/whitemanebase_killcrusader00.fxe	94f4c1b60f42de480f0ba948a78ff06a	2388
mods/heroes.stormmod/enus.stormassets/localizeddata/sounds/vo/whitemanebase_killcrusader00.ogg	6c4cbee97ed51430c4d98e7760c4f829	33453
mods/heroes.stormmod/enus.stormassets/localizeddata/sounds/vo/whitemanebase_killjaina00.fxe	5ef0d3413216bb29956de198b9e52894	3441
mods/heroes.stormmod/enus.stormassets/localizeddata/sounds/vo/whitemanebase_killjaina00.ogg	ae7e0bc163b85bd4c27600fafa18290e	46193
mods/heroes.stormmod/enus.stormassets/localizeddata/sounds/vo/whitemanebase_killkelthuzad00.fxe	7355784c6530d583e40c06dcf23ffac7	2181
mods/heroes.stormmod/enus.stormassets/localizeddata/sounds/vo/whitemanebase_killkelthuzad00.ogg	3a4f511f4eaf69cb4d13f7894be37c69	26239
mods/heroes.stormmod/enus.stormassets/localizeddata/sounds/vo/whitemanebase_killmalganis00.fxe	c493ac2aec9102887de7d7e762380803	3524
mods/heroes.stormmod/enus.stormassets/localizeddata/sounds/vo/whitemanebase_killmalganis00.ogg	0a427043b1e73690fd5b613a93ac25e8	44415
mods/heroes.stormmod/enus.stormassets/localizeddata/sounds/vo/whitemanebase_killnecromancer00.fxe	98779f3647b22452d3d85d1af3800544	2183
mods/heroes.stormmod/enus.stormassets/localizeddata/sounds/vo/whitemanebase_killnecromancer00.ogg	b5c774a8e0713d107ffdb32781a5abee	28803
mods/heroes.stormmod/enus.stormassets/localizeddata/sounds/vo/whitemanebase_killpaladin00.fxe	c61880ff849d5a12082147737f59821d	3139
mods/heroes.stormmod/enus.stormassets/localizeddata/sounds/vo/whitemanebase_killpaladin00.ogg	fc026f2f77665aa8320f467eeb2ab487	38517
mods/heroes.stormmod/enus.stormassets/localizeddata/sounds/vo/whitemanebase_killspreeend00.fxe	5da19ecad27dbe82150e43413a3d65a7	2452
mods/heroes.stormmod/enus.stormassets/localizeddata/sounds/vo/whitemanebase_killspreeend00.ogg	164b1991b1d74b6f1bd8d148649b2bee	31008
mods/heroes.stormmod/enus.stormassets/localizeddata/sounds/vo/whitemanebase_killstitches00.fxe	b9629abdf77239d055c49d2b3eb5ce52	1636
mods/heroes.stormmod/enus.stormassets/localizeddata/sounds/vo/whitemanebase_killstitches00.ogg	5fbe80a1822760f755dcd192856cd268	25142
mods/heroes.stormmod/enus.stormassets/localizeddata/sounds/vo/whitemanebase_killsylvanas00.fxe	379c3223c91142d4642bb718f74e46a9	2980
mods/heroes.stormmod/enus.stormassets/localizeddata/sounds/vo/whitemanebase_killsylvanas00.ogg	fdc17d46775bf963d14036333c1c994f	38366
mods/heroes.stormmod/enus.stormassets/localizeddata/sounds/vo/whitemanebase_killundead00.fxe	193e295875c15033190884231f9bcebd	4706
mods/heroes.stormmod/enus.stormassets/localizeddata/sounds/vo/whitemanebase_killundead00.ogg	277c76b2ebb1f80d248dc4aa8af9bccc	62852
mods/heroes.stormmod/enus.stormassets/localizeddata/sounds/vo/whitemanebase_killyrel00.fxe	1bc703306547d672db6e0d79e6a0e814	2416
mods/heroes.stormmod/enus.stormassets/localizeddata/sounds/vo/whitemanebase_killyrel00.ogg	2c71320445f4131831def0bce841bd4d	34516
mods/heroes.stormmod/enus.stormassets/localizeddata/sounds/vo/whitemanebase_killzealot00.fxe	5cca01ae71e038c8580faadf3664ae54	2066
mods/heroes.stormmod/enus.stormassets/localizeddata/sounds/vo/whitemanebase_killzealot00.ogg	5676d6fd222d653063da8d36114ccd4b	42249
mods/heroes.stormmod/enus.stormassets/localizeddata/sounds/vo/whitemanebase_laugh00.fxe	342e94a793dbfb38526eb43b88649747	1437
mods/heroes.stormmod/enus.stormassets/localizeddata/sounds/vo/whitemanebase_laugh00.ogg	9e985bdb7cd425e1b3e9dcef4003e850	17367
mods/heroes.stormmod/enus.stormassets/localizeddata/sounds/vo/whitemanebase_laugh01.fxe	6d7116f90455a5b267d984d9413f10c1	1789
mods/heroes.stormmod/enus.stormassets/localizeddata/sounds/vo/whitemanebase_laugh01.ogg	5bbcac2cf11173adb155f694e75140b9	19989
mods/heroes.stormmod/enus.stormassets/localizeddata/sounds/vo/whitemanebase_laugh02.fxe	64821b6cf74fd1638b4ca31c4fbb91a9	2093
mods/heroes.stormmod/enus.stormassets/localizeddata/sounds/vo/whitemanebase_laugh02.ogg	ada412461018b5110de33b8216bc6ef6	26195
mods/heroes.stormmod/enus.stormassets/localizeddata/sounds/vo/whitemanebase_laugh03.fxe	05905cf73f45ad385f8c41e59017cc22	2157
mods/heroes.stormmod/enus.stormassets/localizeddata/sounds/vo/whitemanebase_laugh03.ogg	9d54f7cec3b59f3e421f54948c921b51	37679
mods/heroes.stormmod/enus.stormassets/localizeddata/sounds/vo/whitemanebase_laugh04.fxe	b3e66e1bed7ab983687ba719b887da5b	3517
mods/heroes.stormmod/enus.stormassets/localizeddata/sounds/vo/whitemanebase_laugh04.ogg	9c763bb88a5f25b2d3dbce6ab8ab05d7	38869
mods/heroes.stormmod/enus.stormassets/localizeddata/sounds/vo/whitemanebase_laugh05.fxe	5b24fc92900f227273877c240385c331	3565
mods/heroes.stormmod/enus.stormassets/localizeddata/sounds/vo/whitemanebase_laugh05.ogg	e7847fcda8a631089cffd3a8cefa09f9	41468
mods/heroes.stormmod/enus.stormassets/localizeddata/sounds/vo/whitemanebase_laugh06.fxe	5e7e16b2c84a1b44bacc2267f6b06cda	3325
mods/heroes.stormmod/enus.stormassets/localizeddata/sounds/vo/whitemanebase_laugh06.ogg	35b67c9b99a2e37f7000644c4b9977d8	31945
mods/heroes.stormmod/enus.stormassets/localizeddata/sounds/vo/whitemanebase_laugh07.fxe	97304e0874dfcc73e24a95bc25901e6c	2493
mods/heroes.stormmod/enus.stormassets/localizeddata/sounds/vo/whitemanebase_laugh07.ogg	02a61027de7e01c767468a2d07770e3f	28426
mods/heroes.stormmod/enus.stormassets/localizeddata/sounds/vo/whitemanebase_laugh08.fxe	3ed1560785b4d16449c7888fd79c7736	1309
mods/heroes.stormmod/enus.stormassets/localizeddata/sounds/vo/whitemanebase_laugh08.ogg	a44b39b56a627495b391a14ddb335c73	15591
mods/heroes.stormmod/enus.stormassets/localizeddata/sounds/vo/whitemanebase_laugh09.fxe	61fa9c5ea232db8e6f63fc53bbcd9c00	1181
mods/heroes.stormmod/enus.stormassets/localizeddata/sounds/vo/whitemanebase_laugh09.ogg	53528f79fcbc796d7c81cd517b81c5bd	20602
mods/heroes.stormmod/enus.stormassets/localizeddata/sounds/vo/whitemanebase_lowlifeheal00.fxe	e3474cb315bdfa7383b970b0ca5d4e65	2787
mods/heroes.stormmod/enus.stormassets/localizeddata/sounds/vo/whitemanebase_lowlifeheal00.ogg	59b98960f7881c1828c4ebb129e65223	31560
mods/heroes.stormmod/enus.stormassets/localizeddata/sounds/vo/whitemanebase_lowlifeheal01.fxe	0a8e20275f0a915e23900b7fcbe5d275	1731
mods/heroes.stormmod/enus.stormassets/localizeddata/sounds/vo/whitemanebase_lowlifeheal01.ogg	446a3b403286eaf27541e6a087fbf0dc	22131
mods/heroes.stormmod/enus.stormassets/localizeddata/sounds/vo/whitemanebase_lowlifeheal02.fxe	5b9223b408b2a6f62efd692788e060ff	2435
mods/heroes.stormmod/enus.stormassets/localizeddata/sounds/vo/whitemanebase_lowlifeheal02.ogg	6d1cd582cd33eff7e240b9ad23a95c5a	26680
mods/heroes.stormmod/enus.stormassets/localizeddata/sounds/vo/whitemanebase_lowmana00.fxe	dd2e4d70eba0bcb88b5c59f576923f76	1599
mods/heroes.stormmod/enus.stormassets/localizeddata/sounds/vo/whitemanebase_lowmana00.ogg	53147fbd415588e1690d3abe8c927304	17466
mods/heroes.stormmod/enus.stormassets/localizeddata/sounds/vo/whitemanebase_lowmana01.fxe	b8512d41a6b7bb2685bb6080972fbb62	1471
mods/heroes.stormmod/enus.stormassets/localizeddata/sounds/vo/whitemanebase_lowmana01.ogg	51fea2e9bdcc29ecfd0ea26aaa02e2c3	19265
mods/heroes.stormmod/enus.stormassets/localizeddata/sounds/vo/whitemanebase_lowmana02.fxe	15e892eebd129f6bd0e2f1bdc167c209	1519
mods/heroes.stormmod/enus.stormassets/localizeddata/sounds/vo/whitemanebase_lowmana02.ogg	188bf105377dc8342dcc1a5272f47eda	19092
mods/heroes.stormmod/enus.stormassets/localizeddata/sounds/vo/whitemanebase_matchend00.fxe	96c27a86b34bcba514f4de926a010325	848
mods/heroes.stormmod/enus.stormassets/localizeddata/sounds/vo/whitemanebase_matchend00.ogg	b0f6dc4d7b40f227d4eda65cb0f87029	19216
mods/heroes.stormmod/enus.stormassets/localizeddata/sounds/vo/whitemanebase_matchend01.fxe	cd700880800d01d70ff696693fd6aecf	1776
mods/heroes.stormmod/enus.stormassets/localizeddata/sounds/vo/whitemanebase_matchend01.ogg	16b3b295f1de7fd35aaa9071bc3e6889	24650
mods/heroes.stormmod/enus.stormassets/localizeddata/sounds/vo/whitemanebase_matchend02.fxe	94c288fc9458801f6ce8abfa76de3789	1536
mods/heroes.stormmod/enus.stormassets/localizeddata/sounds/vo/whitemanebase_matchend02.ogg	adc91b8ff15ae8262801b3ec74194844	27235
mods/heroes.stormmod/enus.stormassets/localizeddata/sounds/vo/whitemanebase_no00.fxe	c93bca30e4b5593590546caeb614b15b	1178
mods/heroes.stormmod/enus.stormassets/localizeddata/sounds/vo/whitemanebase_no00.ogg	7562738b9926dd92c8c125e11c2abd61	16051
mods/heroes.stormmod/enus.stormassets/localizeddata/sounds/vo/whitemanebase_no01.fxe	3011c410cee5c07d98f820a9695a1174	842
mods/heroes.stormmod/enus.stormassets/localizeddata/sounds/vo/whitemanebase_no01.ogg	8c566680c638d143401ae71baeb29195	27803
mods/heroes.stormmod/enus.stormassets/localizeddata/sounds/vo/whitemanebase_no02.fxe	f63d51b7464cf208d5c6e7d98d51c9f0	1674
mods/heroes.stormmod/enus.stormassets/localizeddata/sounds/vo/whitemanebase_no02.ogg	1296efe3bac78be8a4a318b30e598688	21850
mods/heroes.stormmod/enus.stormassets/localizeddata/sounds/vo/whitemanebase_ping_assisthero00.fxe	3d530772a767b1abda96634d56507945	1815
mods/heroes.stormmod/enus.stormassets/localizeddata/sounds/vo/whitemanebase_ping_assisthero00.ogg	e971fed06ecae3d06152cda00820090b	20757
mods/heroes.stormmod/enus.stormassets/localizeddata/sounds/vo/whitemanebase_ping_assisthero01.fxe	76ad5337c884aca160f2efd8f55df704	1991
mods/heroes.stormmod/enus.stormassets/localizeddata/sounds/vo/whitemanebase_ping_assisthero01.ogg	1b8ce7d9d755c400ffb96d0823f02645	26262
mods/heroes.stormmod/enus.stormassets/localizeddata/sounds/vo/whitemanebase_ping_assistme00.fxe	3d45da7bac73d47933646d87b9c62486	2133
mods/heroes.stormmod/enus.stormassets/localizeddata/sounds/vo/whitemanebase_ping_assistme00.ogg	34ed21173d862d454b3364ac52ecff97	24681
mods/heroes.stormmod/enus.stormassets/localizeddata/sounds/vo/whitemanebase_ping_assistme01.fxe	a8051a99f97a179acec2fa12e2c52542	2261
mods/heroes.stormmod/enus.stormassets/localizeddata/sounds/vo/whitemanebase_ping_assistme01.ogg	91e7b2a438099f9d232fd3cfdf9f6a66	25754
mods/heroes.stormmod/enus.stormassets/localizeddata/sounds/vo/whitemanebase_ping_attackcastle00.fxe	6277689a3ade1dd778437599797882d9	1801
mods/heroes.stormmod/enus.stormassets/localizeddata/sounds/vo/whitemanebase_ping_attackcastle00.ogg	87adfa5ff8fc4f51ffaf030e4a86ace1	22938
mods/heroes.stormmod/enus.stormassets/localizeddata/sounds/vo/whitemanebase_ping_attackmerc00.fxe	ead60b2e0c18e49a8bbbfd57b1103965	3287
mods/heroes.stormmod/enus.stormassets/localizeddata/sounds/vo/whitemanebase_ping_attackmerc00.ogg	012780194069bb657615602cc8c02ffc	33565
mods/heroes.stormmod/enus.stormassets/localizeddata/sounds/vo/whitemanebase_ping_attackoutpost00.fxe	4aa2dd2dce60d54d0030b0ed7dd5c693	1482
mods/heroes.stormmod/enus.stormassets/localizeddata/sounds/vo/whitemanebase_ping_attackoutpost00.ogg	342bb7c7b842dd654eb88f7371b58603	19106
mods/heroes.stormmod/enus.stormassets/localizeddata/sounds/vo/whitemanebase_ping_attacktower00.fxe	dffd1df0f0563a24e4eb9c42083eaa11	2840
mods/heroes.stormmod/enus.stormassets/localizeddata/sounds/vo/whitemanebase_ping_attacktower00.ogg	cdc9edfa11a093a0d0fe25c2f060aeaa	39127
mods/heroes.stormmod/enus.stormassets/localizeddata/sounds/vo/whitemanebase_ping_defendcastle00.fxe	5090601f54a45c214ea57192d24dc40f	2185
mods/heroes.stormmod/enus.stormassets/localizeddata/sounds/vo/whitemanebase_ping_defendcastle00.ogg	e56042d29f6c58f604eab6b560925b81	27366
mods/heroes.stormmod/enus.stormassets/localizeddata/sounds/vo/whitemanebase_ping_defendoutpost00.fxe	694befd5324c1914f9e80b16b3f2bc98	1866
mods/heroes.stormmod/enus.stormassets/localizeddata/sounds/vo/whitemanebase_ping_defendoutpost00.ogg	2f8855c7cdadc4b7452f7c14cb5b17c7	21543
mods/heroes.stormmod/enus.stormassets/localizeddata/sounds/vo/whitemanebase_ping_defendtower00.fxe	a3d94bdd7cfcc0332e36b92b35124e08	3080
mods/heroes.stormmod/enus.stormassets/localizeddata/sounds/vo/whitemanebase_ping_defendtower00.ogg	3d41a490d3a6a8042efc6de9549e3d9b	34877
mods/heroes.stormmod/enus.stormassets/localizeddata/sounds/vo/whitemanebase_ping_killhero00.fxe	f4f5a834e4f1826be9b8d4c78cb84e79	2645
mods/heroes.stormmod/enus.stormassets/localizeddata/sounds/vo/whitemanebase_ping_killhero00.ogg	3c727ede9c04a3f13f91e17169c1c12d	34992
mods/heroes.stormmod/enus.stormassets/localizeddata/sounds/vo/whitemanebase_pissed00.fxe	94b47287671fed82d9024675d76eb346	1262
mods/heroes.stormmod/enus.stormassets/localizeddata/sounds/vo/whitemanebase_pissed00.ogg	ef035393d8b16ca969ec88eebe3a64d3	13732
mods/heroes.stormmod/enus.stormassets/localizeddata/sounds/vo/whitemanebase_pissed01.fxe	81a8f7f1e0103dbfafbab2354c95423e	1342
mods/heroes.stormmod/enus.stormassets/localizeddata/sounds/vo/whitemanebase_pissed01.ogg	ba1fc88c559666686fd06e68e6b568b4	22495
mods/heroes.stormmod/enus.stormassets/localizeddata/sounds/vo/whitemanebase_pissed02.fxe	2be237c0774a8e538c702925df9208c0	4766
mods/heroes.stormmod/enus.stormassets/localizeddata/sounds/vo/whitemanebase_pissed02.ogg	dd4b933cc623756f7aa9060fedefeb85	64756
mods/heroes.stormmod/enus.stormassets/localizeddata/sounds/vo/whitemanebase_pissed03.fxe	2db62d380983ead0ea542f95d36e2646	6222
mods/heroes.stormmod/enus.stormassets/localizeddata/sounds/vo/whitemanebase_pissed03.ogg	9141322bb415dffb2972c7688d4aa72a	69902
mods/heroes.stormmod/enus.stormassets/localizeddata/sounds/vo/whitemanebase_pissed04.fxe	9079531c054d74e162c9b65b78bb23cc	5022
mods/heroes.stormmod/enus.stormassets/localizeddata/sounds/vo/whitemanebase_pissed04.ogg	5ee8509b68eef074a2116ee888210007	58903
mods/heroes.stormmod/enus.stormassets/localizeddata/sounds/vo/whitemanebase_pissed05.fxe	266a80cd9fe305678dcd444ac4be8bdb	3198
mods/heroes.stormmod/enus.stormassets/localizeddata/sounds/vo/whitemanebase_pissed05.ogg	177e753abba44be783401d1408825be5	33525
mods/heroes.stormmod/enus.stormassets/localizeddata/sounds/vo/whitemanebase_pissed06.fxe	bf7c56a3aef60752b5ca4c991c9d3122	5646
mods/heroes.stormmod/enus.stormassets/localizeddata/sounds/vo/whitemanebase_pissed06.ogg	958179bc6fc73bd8b27ebc616da52948	67197
mods/heroes.stormmod/enus.stormassets/localizeddata/sounds/vo/whitemanebase_pissed07.fxe	7d1d0d6cf9da5c322b98cdb6f886c6c7	6062
mods/heroes.stormmod/enus.stormassets/localizeddata/sounds/vo/whitemanebase_pissed07.ogg	8b8eba9d886e9eb406a75a0558ef5b43	68275
mods/heroes.stormmod/enus.stormassets/localizeddata/sounds/vo/whitemanebase_pissed08.fxe	3777d15f7de8a154ebcea761261a0b03	6990
mods/heroes.stormmod/enus.stormassets/localizeddata/sounds/vo/whitemanebase_pissed08.ogg	06936347dc441edbfac629302545ff33	86594
mods/heroes.stormmod/enus.stormassets/localizeddata/sounds/vo/whitemanebase_pissed09.fxe	09f27e3da92a25d99c67f9df6f2ebf64	9358
mods/heroes.stormmod/enus.stormassets/localizeddata/sounds/vo/whitemanebase_pissed09.ogg	0bf56311496e4685f993370ada734b71	117007
mods/heroes.stormmod/enus.stormassets/localizeddata/sounds/vo/whitemanebase_pissed10.fxe	f2d89703adfa0038284bdd16d3d3da23	3950
mods/heroes.stormmod/enus.stormassets/localizeddata/sounds/vo/whitemanebase_pissed10.ogg	905bc797e9ee6722a5f9d18d51bca764	47059
mods/heroes.stormmod/enus.stormassets/localizeddata/sounds/vo/whitemanebase_pissed11.fxe	020c6827b62ee755d01d343395c775c2	3549
mods/heroes.stormmod/enus.stormassets/localizeddata/sounds/vo/whitemanebase_pissed11.ogg	1e7658d8e02c7aee85f3a10e3e8eca86	53528
mods/heroes.stormmod/enus.stormassets/localizeddata/sounds/vo/whitemanebase_pissed12.fxe	530f60110b585c150a1bce55569fcdbb	12014
mods/heroes.stormmod/enus.stormassets/localizeddata/sounds/vo/whitemanebase_pissed12.ogg	07989038e2b0ea8c351e186f81d58c4d	139588
mods/heroes.stormmod/enus.stormassets/localizeddata/sounds/vo/whitemanebase_pissed13.fxe	67c1746c502114cfd1e96e10618b4947	7086
mods/heroes.stormmod/enus.stormassets/localizeddata/sounds/vo/whitemanebase_pissed13.ogg	dfce047e73fe7ad62ede75e199d260aa	94198
mods/heroes.stormmod/enus.stormassets/localizeddata/sounds/vo/whitemanebase_pissed14.fxe	1018b2a7a3ca909f96868bcaacb94028	3102
mods/heroes.stormmod/enus.stormassets/localizeddata/sounds/vo/whitemanebase_pissed14.ogg	21c62e0055d55ef36e01438f5e355121	33255
mods/heroes.stormmod/enus.stormassets/localizeddata/sounds/vo/whitemanebase_resurrected00.fxe	02d9cc1a823c56a5edb6eb9e753dce81	2995
mods/heroes.stormmod/enus.stormassets/localizeddata/sounds/vo/whitemanebase_resurrected00.ogg	d93426555195c0646d53bd82e26ce059	37083
mods/heroes.stormmod/enus.stormassets/localizeddata/sounds/vo/whitemanebase_resurrected01.fxe	cee8cbba739dfa0d5b177b22a84655f2	2723
mods/heroes.stormmod/enus.stormassets/localizeddata/sounds/vo/whitemanebase_resurrected01.ogg	5937d6c3514f9c39ea316e236315c538	33728
mods/heroes.stormmod/enus.stormassets/localizeddata/sounds/vo/whitemanebase_revive00.fxe	16f9f076b5d084be671ed1c87f4cc037	2446
mods/heroes.stormmod/enus.stormassets/localizeddata/sounds/vo/whitemanebase_revive00.ogg	3f0efdda6211976ee3e8cf3653813e9e	30090
mods/heroes.stormmod/enus.stormassets/localizeddata/sounds/vo/whitemanebase_revive01.fxe	299ecfcfa4b5d5c3f963d04100e443a0	2382
mods/heroes.stormmod/enus.stormassets/localizeddata/sounds/vo/whitemanebase_revive01.ogg	e110cf2ba4a8df2d7097ea0aca4122c2	33100
mods/heroes.stormmod/enus.stormassets/localizeddata/sounds/vo/whitemanebase_revive02.fxe	a0bd87e88cd08188cc3d7bde9c44bd7d	2446
mods/heroes.stormmod/enus.stormassets/localizeddata/sounds/vo/whitemanebase_revive02.ogg	d7e6e94ce3e7fe76eab1d99a1f754c32	31890
mods/heroes.stormmod/enus.stormassets/localizeddata/sounds/vo/whitemanebase_revive03.fxe	70f7de67f3c93801656c65ffc04628f3	2270
mods/heroes.stormmod/enus.stormassets/localizeddata/sounds/vo/whitemanebase_revive03.ogg	437dec564866545ef642ce1e1515d7b3	28544
mods/heroes.stormmod/enus.stormassets/localizeddata/sounds/vo/whitemanebase_spec00.fxe	c3509552382504371311ccf38dc6e117	1660
mods/heroes.stormmod/enus.stormassets/localizeddata/sounds/vo/whitemanebase_spec00.ogg	0da13655e3e56bb1536b910a710916d9	23693
mods/heroes.stormmod/enus.stormassets/localizeddata/sounds/vo/whitemanebase_spec01.fxe	d2b5568ce47f224895099a5ee05e761e	1340
mods/heroes.stormmod/enus.stormassets/localizeddata/sounds/vo/whitemanebase_spec01.ogg	8def460ea53d52f62bd4b5ace14c83cb	21447
mods/heroes.stormmod/enus.stormassets/localizeddata/sounds/vo/whitemanebase_spec02.fxe	6339d8e1102aa0db615da4488cb6ea4f	2332
mods/heroes.stormmod/enus.stormassets/localizeddata/sounds/vo/whitemanebase_spec02.ogg	4283bd90001ac915a4a8358feae2e65d	29581
mods/heroes.stormmod/enus.stormassets/localizeddata/sounds/vo/whitemanebase_spec03.fxe	03b27bee217e7e6d9cb6889206a47ae7	2188
mods/heroes.stormmod/enus.stormassets/localizeddata/sounds/vo/whitemanebase_spec03.ogg	8c12c2face5ec915014d5576d04abcb5	32147
mods/heroes.stormmod/enus.stormassets/localizeddata/sounds/vo/whitemanebase_spec04.fxe	d3c75159df4eee45a30bdf6208b2a862	2636
mods/heroes.stormmod/enus.stormassets/localizeddata/sounds/vo/whitemanebase_spec04.ogg	d6049f0531306137ac3999d372e39326	32838
mods/heroes.stormmod/enus.stormassets/localizeddata/sounds/vo/whitemanebase_taunt00.fxe	798e5254bf5dcddc1cf2ec82d6f0135c	2333
mods/heroes.stormmod/enus.stormassets/localizeddata/sounds/vo/whitemanebase_taunt00.ogg	d9fc6fee6d4a124cfd3bc959e89d7d43	25137
mods/heroes.stormmod/enus.stormassets/localizeddata/sounds/vo/whitemanebase_taunt01.fxe	ed277836ff9bb69c07d150329bcb7851	1661
mods/heroes.stormmod/enus.stormassets/localizeddata/sounds/vo/whitemanebase_taunt01.ogg	4cfb168a701284ca338e273357fba4a5	21573
mods/heroes.stormmod/enus.stormassets/localizeddata/sounds/vo/whitemanebase_taunt02.fxe	9e83c621d11854f09e43719571cf7e40	2061
mods/heroes.stormmod/enus.stormassets/localizeddata/sounds/vo/whitemanebase_taunt02.ogg	7d9c1723b2f4cf5b3fbe00944becb75e	29284
mods/heroes.stormmod/enus.stormassets/localizeddata/sounds/vo/whitemanebase_teamkilled00.fxe	65a06541d9415216d23ead9877e912f2	3906
mods/heroes.stormmod/enus.stormassets/localizeddata/sounds/vo/whitemanebase_teamkilled00.ogg	deb0597e9edcaaf061bceff794387086	55173
mods/heroes.stormmod/enus.stormassets/localizeddata/sounds/vo/whitemanebase_ui_exlocked00.fxe	d5aff1f478609cc239d7fc0b49ee9f49	1972
mods/heroes.stormmod/enus.stormassets/localizeddata/sounds/vo/whitemanebase_ui_exlocked00.ogg	5b4616a1b8efc86bbc432b285d7efdd2	26755
mods/heroes.stormmod/enus.stormassets/localizeddata/sounds/vo/whitemanebase_ui_expurchased00.fxe	1850bb0376f3695f2d925e6d5edc7253	2133
mods/heroes.stormmod/enus.stormassets/localizeddata/sounds/vo/whitemanebase_ui_expurchased00.ogg	43fc07d999e6de13cac26898dd660720	31157
mods/heroes.stormmod/enus.stormassets/localizeddata/sounds/vo/whitemanebase_ui_gift00.fxe	0fc09168c83694e4f459f8ab7eedfe43	1390
mods/heroes.stormmod/enus.stormassets/localizeddata/sounds/vo/whitemanebase_ui_gift00.ogg	192d410daef69fd6b94bb366f20c33de	17660
mods/heroes.stormmod/enus.stormassets/localizeddata/sounds/vo/whitemanebase_ui_lockin00.fxe	16c9573ab2dfacc10c3a0bc95f15e610	2178
mods/heroes.stormmod/enus.stormassets/localizeddata/sounds/vo/whitemanebase_ui_lockin00.ogg	5d1d3dda8080d6d9dd60ac7794f00ce8	29606
mods/heroes.stormmod/enus.stormassets/localizeddata/sounds/vo/whitemanebase_ui_purchase00.fxe	6df8114966a6d291410dba7657c80f83	2834
mods/heroes.stormmod/enus.stormassets/localizeddata/sounds/vo/whitemanebase_ui_purchase00.ogg	760db571559f2a4005227980b58e2332	41112
mods/heroes.stormmod/enus.stormassets/localizeddata/sounds/vo/whitemanebase_ui_trial00.fxe	c43db9623d9db579e11c46941e9bde32	2513
mods/heroes.stormmod/enus.stormassets/localizeddata/sounds/vo/whitemanebase_ui_trial00.ogg	55258b93efe86433a05e64c45419150a	33064
mods/heroes.stormmod/enus.stormassets/localizeddata/sounds/vo/whitemanebase_ui_trial01.fxe	699d6d1499699adb74078e3367e49b1b	2928
mods/heroes.stormmod/enus.stormassets/localizeddata/sounds/vo/whitemanebase_ui_trial01.ogg	05b1c0cfafb4ab6471e3450f5d95e39b	40393
mods/heroes.stormmod/enus.stormassets/localizeddata/sounds/vo/whitemanebase_ui_vox_spun01.fxe	1e0a81f73e54bcff079f8fbf9bf2ef5d	1748
mods/heroes.stormmod/enus.stormassets/localizeddata/sounds/vo/whitemanebase_ui_vox_spun01.ogg	7a7774e8d8df91a24992fcd0d34acae5	26443
mods/heroes.stormmod/enus.stormassets/localizeddata/sounds/vo/whitemanebase_ui_vox_spun02.fxe	eacd3f232acdeb6180c2a8a9d1feb5ef	1652
mods/heroes.stormmod/enus.stormassets/localizeddata/sounds/vo/whitemanebase_ui_vox_spun02.ogg	7c7b42e667cca96d767571628991b959	21848
mods/heroes.stormmod/enus.stormassets/localizeddata/sounds/vo/whitemanebase_ui_waitlocked00.fxe	bb799009095abd40a92de3ea9db0b037	3925
mods/heroes.stormmod/enus.stormassets/localizeddata/sounds/vo/whitemanebase_ui_waitlocked00.ogg	87e68adbbca4f0b5426fa4e536f0e79e	53931
mods/heroes.stormmod/enus.stormassets/localizeddata/sounds/vo/whitemanebase_ui_waitlocked01.fxe	787c7eafd1555f5ce97f2f4d8b986312	4661
mods/heroes.stormmod/enus.stormassets/localizeddata/sounds/vo/whitemanebase_ui_waitlocked01.ogg	fc285a7d2a52769bee035d236055734a	61454
mods/heroes.stormmod/enus.stormassets/localizeddata/sounds/vo/whitemanebase_ui_waitpurchased00.fxe	0ed397c50c0a351950a9dfab26c30355	4456
mods/heroes.stormmod/enus.stormassets/localizeddata/sounds/vo/whitemanebase_ui_waitpurchased00.ogg	f931d6fb1e964b8410b9fb8f036e910e	54642
mods/heroes.stormmod/enus.stormassets/localizeddata/sounds/vo/whitemanebase_ui_waitpurchased01.fxe	43d149198d3cc9e080cdf2d6be0cd0c8	3464
mods/heroes.stormmod/enus.stormassets/localizeddata/sounds/vo/whitemanebase_ui_waitpurchased01.ogg	56fdfa01fac68ee38f25cabe60d08dcb	49651
mods/heroes.stormmod/enus.stormassets/localizeddata/sounds/vo/whitemanebase_ultimate1used00.fxe	cc788afc46304b9fbfc29f8c5675e682	1877
mods/heroes.stormmod/enus.stormassets/localizeddata/sounds/vo/whitemanebase_ultimate1used00.ogg	7ddf049bdbd9343480afd340aa89cda2	24962
mods/heroes.stormmod/enus.stormassets/localizeddata/sounds/vo/whitemanebase_ultimate1used01.fxe	e610b82df68efa551b73f2a20bcf252c	2661
mods/heroes.stormmod/enus.stormassets/localizeddata/sounds/vo/whitemanebase_ultimate1used01.ogg	e6e9cce9de9b7f60818c28347b3dbaa3	32067
mods/heroes.stormmod/enus.stormassets/localizeddata/sounds/vo/whitemanebase_ultimate1used02.fxe	06e180542afbab8b40a847ed7d14e071	2261
mods/heroes.stormmod/enus.stormassets/localizeddata/sounds/vo/whitemanebase_ultimate1used02.ogg	199da80d8fa87765dddabb35c5ac7c8a	34658
mods/heroes.stormmod/enus.stormassets/localizeddata/sounds/vo/whitemanebase_ultimate1usedally00.fxe	d7836ada7534bb0a629c29b61f55ebd9	1785
mods/heroes.stormmod/enus.stormassets/localizeddata/sounds/vo/whitemanebase_ultimate1usedenemy00.fxe	8fc80c660a08b987cd26bc263c34d9ee	1786
mods/heroes.stormmod/enus.stormassets/localizeddata/sounds/vo/whitemanebase_ultimate2used00.fxe	4d02b46f98802a5abadb275630724792	1525
mods/heroes.stormmod/enus.stormassets/localizeddata/sounds/vo/whitemanebase_ultimate2used00.ogg	b52f98d87a75cdfc09c5832054262c14	22726
mods/heroes.stormmod/enus.stormassets/localizeddata/sounds/vo/whitemanebase_ultimate2used01.fxe	9858b4a6898e3bc5b8aedef6d4e080ae	2085
mods/heroes.stormmod/enus.stormassets/localizeddata/sounds/vo/whitemanebase_ultimate2used01.ogg	91636279989e34c49e21ab4928b8433f	28810
mods/heroes.stormmod/enus.stormassets/localizeddata/sounds/vo/whitemanebase_ultimate2used02.fxe	9adde401bd3cad3cc776285f1219e241	2181
mods/heroes.stormmod/enus.stormassets/localizeddata/sounds/vo/whitemanebase_ultimate2used02.ogg	5fc9a5f45f47bb2583442279895c2525	30926
mods/heroes.stormmod/enus.stormassets/localizeddata/sounds/vo/whitemanebase_ultimate2usedally00.fxe	a34208d78218a311f187ca1f754721e9	1785
mods/heroes.stormmod/enus.stormassets/localizeddata/sounds/vo/whitemanebase_ultimate2usedenemy00.fxe	579bb59f3a81625547fd83f59bbad95d	1786
mods/heroes.stormmod/enus.stormassets/localizeddata/sounds/vo/whitemanebase_ultimate3used00.fxe	52238bfb52ec57629cb323b722986ab4	1781
mods/heroes.stormmod/enus.stormassets/localizeddata/sounds/vo/whitemanebase_ultimate3usedally00.fxe	8bd6d4725dc4c91e67c24c930d6c48c0	1785
mods/heroes.stormmod/enus.stormassets/localizeddata/sounds/vo/whitemanebase_ultimate3usedenemy00.fxe	5de8c487c9f53ec5be97c2d50ef8f35a	1786
mods/heroes.stormmod/enus.stormassets/localizeddata/sounds/vo/whitemanebase_voicelinefive00.fxe	f32dcff220c972fb2ed4752c645b0b72	1701
mods/heroes.stormmod/enus.stormassets/localizeddata/sounds/vo/whitemanebase_voicelinefive00.ogg	9ac43dda574b0e00d22de8345aede3da	25087
mods/heroes.stormmod/enus.stormassets/localizeddata/sounds/vo/whitemanebase_voicelinefour00.fxe	d9d7a3b61d8dd8ad9c106cd0b5962c10	2277
mods/heroes.stormmod/enus.stormassets/localizeddata/sounds/vo/whitemanebase_voicelinefour00.ogg	0b7cf19b8f5adf8d93e86b7695b824e1	28094
mods/heroes.stormmod/enus.stormassets/localizeddata/sounds/vo/whitemanebase_voicelineone00.fxe	439e9a77da5f3c20cdc7d25d4682ca3b	1604
mods/heroes.stormmod/enus.stormassets/localizeddata/sounds/vo/whitemanebase_voicelineone00.ogg	58b698b7677e45cc47acba90fd65acbb	21558
mods/heroes.stormmod/enus.stormassets/localizeddata/sounds/vo/whitemanebase_vox_attack03.fxe	b8da48546a6b3921a6ae146b635e5fc1	658
mods/heroes.stormmod/enus.stormassets/localizeddata/sounds/vo/whitemanebase_vox_attack03.ogg	f7376ddf4dc8a5bab009ecb1f9cfcc39	7516
mods/heroes.stormmod/enus.stormassets/localizeddata/sounds/vo/whitemanebase_vox_attack04.fxe	8f5c8cf0c12ffda06716dd3e35740efb	946
mods/heroes.stormmod/enus.stormassets/localizeddata/sounds/vo/whitemanebase_vox_attack04.ogg	aaa0c7bba9df1129bc9eac4579462480	8372
mods/heroes.stormmod/enus.stormassets/localizeddata/sounds/vo/whitemanebase_vox_attack06.fxe	aced9d5427f9c90065f89d4294de40df	1010
mods/heroes.stormmod/enus.stormassets/localizeddata/sounds/vo/whitemanebase_vox_attack06.ogg	2d5893f2eb58545c2ec76868b8d5a8fe	8487
mods/heroes.stormmod/enus.stormassets/localizeddata/sounds/vo/whitemanebase_vox_attack09.fxe	609f101fe10513c28c74a11f33016c04	994
mods/heroes.stormmod/enus.stormassets/localizeddata/sounds/vo/whitemanebase_vox_attack09.ogg	9f0e7bb5cae7f0706c90914163e19b27	8307
mods/heroes.stormmod/enus.stormassets/localizeddata/sounds/vo/whitemanebase_vox_attack10.fxe	887c4dbb9b3ff0dadd59ef68c3bbf0bc	1106
mods/heroes.stormmod/enus.stormassets/localizeddata/sounds/vo/whitemanebase_vox_attack10.ogg	20ef200d5f32fd8b925aad270e394d7f	8557
mods/heroes.stormmod/enus.stormassets/localizeddata/sounds/vo/whitemanebase_vox_attack11.fxe	e68c71a954acf78c95aa27c886a499e7	658
mods/heroes.stormmod/enus.stormassets/localizeddata/sounds/vo/whitemanebase_vox_attack11.ogg	5b54425d3ab147c9c269d0fb091db1f0	7851
mods/heroes.stormmod/enus.stormassets/localizeddata/sounds/vo/whitemanebase_vox_attack12.fxe	0d463573434bcbb12acd50ed8e5a84bf	994
mods/heroes.stormmod/enus.stormassets/localizeddata/sounds/vo/whitemanebase_vox_attack12.ogg	6f0d596e108b51a5c063ae82f50e4085	9468
mods/heroes.stormmod/enus.stormassets/localizeddata/sounds/vo/whitemanebase_vox_attack13.fxe	076f6f4a9de4829b37000b5797329b1c	658
mods/heroes.stormmod/enus.stormassets/localizeddata/sounds/vo/whitemanebase_vox_attack13.ogg	005abac498439775d2c9dfb1177d0a1a	7925
mods/heroes.stormmod/enus.stormassets/localizeddata/sounds/vo/whitemanebase_vox_attack14.fxe	95f5618ad3ac75cd245aeb0de43c62bb	1218
mods/heroes.stormmod/enus.stormassets/localizeddata/sounds/vo/whitemanebase_vox_attack14.ogg	ece0f5664a1b35e9e190248766389255	9634
mods/heroes.stormmod/enus.stormassets/localizeddata/sounds/vo/whitemanebase_vox_attack15.fxe	f498209bb48ab5f0d34e9636f015e012	1090
mods/heroes.stormmod/enus.stormassets/localizeddata/sounds/vo/whitemanebase_vox_attack15.ogg	9c35913bc2d8fe55a36cbaebd68dc453	9226
mods/heroes.stormmod/enus.stormassets/localizeddata/sounds/vo/whitemanebase_vox_attack16.fxe	483ca6ce5d042189dd17e6c1e1cb9f81	978
mods/heroes.stormmod/enus.stormassets/localizeddata/sounds/vo/whitemanebase_vox_attack16.ogg	5c03ce297e2a4a53a804edd5b5936e30	9370
mods/heroes.stormmod/enus.stormassets/localizeddata/sounds/vo/whitemanebase_vox_attack18.fxe	1da9743e239da76af927a1c5d43007c5	994
mods/heroes.stormmod/enus.stormassets/localizeddata/sounds/vo/whitemanebase_vox_attack18.ogg	310248f1531b9c9f2682bb866871bdfa	8534
mods/heroes.stormmod/enus.stormassets/localizeddata/sounds/vo/whitemanebase_vox_castinge03.fxe	5c2d39dd0ebd2a846c34cd668088efaa	1396
mods/heroes.stormmod/enus.stormassets/localizeddata/sounds/vo/whitemanebase_vox_castinge03.ogg	a2f4b3df5e6cbbaa9838349ace4894a8	12831
mods/heroes.stormmod/enus.stormassets/localizeddata/sounds/vo/whitemanebase_vox_castinge04.fxe	de2d88e744a540330a7d7f1cb0835e14	1620
mods/heroes.stormmod/enus.stormassets/localizeddata/sounds/vo/whitemanebase_vox_castinge04.ogg	0050714653bb9129eec7f92f9c52f79a	12603
mods/heroes.stormmod/enus.stormassets/localizeddata/sounds/vo/whitemanebase_vox_castinge05.fxe	90f6d2317b5516859804cb8cee190e06	1028
mods/heroes.stormmod/enus.stormassets/localizeddata/sounds/vo/whitemanebase_vox_castinge05.ogg	d28127362cf4f32998c1c486a678639d	11552
mods/heroes.stormmod/enus.stormassets/localizeddata/sounds/vo/whitemanebase_vox_castinge06.fxe	92b98b66fbea8fdd57815e2209de4083	1028
mods/heroes.stormmod/enus.stormassets/localizeddata/sounds/vo/whitemanebase_vox_castinge06.ogg	d4730e5e7c2196261ef2068b1323d8f4	11987
mods/heroes.stormmod/enus.stormassets/localizeddata/sounds/vo/whitemanebase_vox_castinge08.fxe	572077007e97341acba9e878b760d584	1220
mods/heroes.stormmod/enus.stormassets/localizeddata/sounds/vo/whitemanebase_vox_castinge08.ogg	f746ed5f4ee1361e22ebc1f4030be857	12595
mods/heroes.stormmod/enus.stormassets/localizeddata/sounds/vo/whitemanebase_vox_castingq01.fxe	9b9ae204b66f03bc02bc616159292cff	660
mods/heroes.stormmod/enus.stormassets/localizeddata/sounds/vo/whitemanebase_vox_castingq01.ogg	b3c468a262f78c288e9c5c3b307ce851	7787
mods/heroes.stormmod/enus.stormassets/localizeddata/sounds/vo/whitemanebase_vox_castingq03.fxe	1c1fea596ed9d06f79785033fd1813db	660
mods/heroes.stormmod/enus.stormassets/localizeddata/sounds/vo/whitemanebase_vox_castingq03.ogg	04b746c655253f3476488aad6d571356	7958
mods/heroes.stormmod/enus.stormassets/localizeddata/sounds/vo/whitemanebase_vox_castingq06.fxe	8d8a083b1279b920b65f1155913eb159	1252
mods/heroes.stormmod/enus.stormassets/localizeddata/sounds/vo/whitemanebase_vox_castingq06.ogg	1896537882df6fc6e7e4d1e70cddc250	12779
mods/heroes.stormmod/enus.stormassets/localizeddata/sounds/vo/whitemanebase_vox_castingq07.fxe	ec17f98b2f7c0087d7be548ace48df95	1172
mods/heroes.stormmod/enus.stormassets/localizeddata/sounds/vo/whitemanebase_vox_castingq07.ogg	65ba55d74e22014156154371cef99fe4	12463
mods/heroes.stormmod/enus.stormassets/localizeddata/sounds/vo/whitemanebase_vox_castingq08.fxe	c85e40639aed544ad912ffe359ca47c8	1092
mods/heroes.stormmod/enus.stormassets/localizeddata/sounds/vo/whitemanebase_vox_castingq08.ogg	cf8109fa5d44fde3b317f7c2adb107bd	13055
mods/heroes.stormmod/enus.stormassets/localizeddata/sounds/vo/whitemanebase_vox_castingq10.fxe	4e71d2b6ac6235f2b3d1c6a105e732fd	1428
mods/heroes.stormmod/enus.stormassets/localizeddata/sounds/vo/whitemanebase_vox_castingq10.ogg	9ca9a57dc634fdea1e81bd2d3db31bd7	11508
mods/heroes.stormmod/enus.stormassets/localizeddata/sounds/vo/whitemanebase_vox_castingq11.fxe	48992a7422e4bb66c7aa6afd1bc2dee2	1172
mods/heroes.stormmod/enus.stormassets/localizeddata/sounds/vo/whitemanebase_vox_castingq11.ogg	57907940adf7caf6df9b1f791bd94bd3	9816
mods/heroes.stormmod/enus.stormassets/localizeddata/sounds/vo/whitemanebase_vox_cheer00.fxe	13c971c49a49fcd1fd2c55a7e06e54fc	2065
mods/heroes.stormmod/enus.stormassets/localizeddata/sounds/vo/whitemanebase_vox_cheer00.ogg	cb46d9cf14c652c39c24048fdf625847	23148
mods/heroes.stormmod/enus.stormassets/localizeddata/sounds/vo/whitemanebase_vox_cheer01.fxe	e2c7e5527937d1203f579b3002d22cef	1441
mods/heroes.stormmod/enus.stormassets/localizeddata/sounds/vo/whitemanebase_vox_cheer01.ogg	120080c48cfe12400a8d425a4ea9e8f4	12516
mods/heroes.stormmod/enus.stormassets/localizeddata/sounds/vo/whitemanebase_vox_cheer02.fxe	34fb34c5aab1609bf54d165ecaa758b5	1409
mods/heroes.stormmod/enus.stormassets/localizeddata/sounds/vo/whitemanebase_vox_cheer02.ogg	1948e7371c5857bfbacec02b57a86ab6	12501
mods/heroes.stormmod/enus.stormassets/localizeddata/sounds/vo/whitemanebase_vox_cheer06.fxe	c9bdef1adf7b8d4659b085b56f7bff82	1361
mods/heroes.stormmod/enus.stormassets/localizeddata/sounds/vo/whitemanebase_vox_cheer06.ogg	e9de7fe4638ff76bd240484d38addbba	13826
mods/heroes.stormmod/enus.stormassets/localizeddata/sounds/vo/whitemanebase_vox_death00.fxe	45157736cd7cd390f05157b9f9fc7455	1681
mods/heroes.stormmod/enus.stormassets/localizeddata/sounds/vo/whitemanebase_vox_death00.wav	1b28bc8056c24e6db0b7474e6228748f	52284
mods/heroes.stormmod/enus.stormassets/localizeddata/sounds/vo/whitemanebase_vox_death02.fxe	6b2b01575b5550c09da5dcc7db968abe	2017
mods/heroes.stormmod/enus.stormassets/localizeddata/sounds/vo/whitemanebase_vox_death02.wav	084517623a9af68400b18af781c2e51f	39484
mods/heroes.stormmod/enus.stormassets/localizeddata/sounds/vo/whitemanebase_vox_death03.fxe	00cae33b32c7e8eb6e9387972fb5592b	1409
mods/heroes.stormmod/enus.stormassets/localizeddata/sounds/vo/whitemanebase_vox_death03.wav	fe3c25ed00e42556f21b0488a29a07b5	41532
mods/heroes.stormmod/enus.stormassets/localizeddata/sounds/vo/whitemanebase_vox_death04.fxe	f712b9856c26f4c1f0ef8de53debbbf5	1457
mods/heroes.stormmod/enus.stormassets/localizeddata/sounds/vo/whitemanebase_vox_death04.wav	8a55c97e40094eb303402d9c82d4503d	38204
mods/heroes.stormmod/enus.stormassets/localizeddata/sounds/vo/whitemanebase_vox_death05.fxe	b188b4e87bb9be695ad4a9a1ba18b34f	1329
mods/heroes.stormmod/enus.stormassets/localizeddata/sounds/vo/whitemanebase_vox_death05.wav	d3e8e74c24b5f6a8fcc590a5efc8e276	39740
mods/heroes.stormmod/enus.stormassets/localizeddata/sounds/vo/whitemanebase_vox_death06.fxe	c697195fd212015d1c70ac5791e16a23	1777
mods/heroes.stormmod/enus.stormassets/localizeddata/sounds/vo/whitemanebase_vox_death06.wav	5d41c7ba9c67ac0aabd4c223aeb64113	53820
mods/heroes.stormmod/enus.stormassets/localizeddata/sounds/vo/whitemanebase_vox_death07.fxe	1d7a0160959d51e3089b35f12914e2d8	1857
mods/heroes.stormmod/enus.stormassets/localizeddata/sounds/vo/whitemanebase_vox_death07.wav	a40512d62c9ddb2d2d1bd93b8f147ad5	38716
mods/heroes.stormmod/enus.stormassets/localizeddata/sounds/vo/whitemanebase_vox_death08.fxe	7a427001d62e8d17db87bc9d1d39a884	2161
mods/heroes.stormmod/enus.stormassets/localizeddata/sounds/vo/whitemanebase_vox_death08.wav	ccb3e85bd8e0465834526712532451a3	54076
mods/heroes.stormmod/enus.stormassets/localizeddata/sounds/vo/whitemanebase_vox_death09.fxe	7baf571ff0cd1a80429a3b29afac4032	1921
mods/heroes.stormmod/enus.stormassets/localizeddata/sounds/vo/whitemanebase_vox_death09.wav	63f679996c782a3a4b40349068b97060	49212
mods/heroes.stormmod/enus.stormassets/localizeddata/sounds/vo/whitemanebase_vox_death10.fxe	88a84ec083f77ac036461a3104e5a294	2609
mods/heroes.stormmod/enus.stormassets/localizeddata/sounds/vo/whitemanebase_vox_death10.wav	e27086a6725b481c93e6a9dd71612649	54844
mods/heroes.stormmod/enus.stormassets/localizeddata/sounds/vo/whitemanebase_vox_fanatacism07.fxe	51fd63746e6833630a203e76de3f094f	1126
mods/heroes.stormmod/enus.stormassets/localizeddata/sounds/vo/whitemanebase_vox_fanatacism07.ogg	2c6f28173253125db0e1be1717b32221	11553
mods/heroes.stormmod/enus.stormassets/localizeddata/sounds/vo/whitemanebase_vox_fanatacism08.fxe	88267d22f66c760eb39b2a1f89ddbc33	1158
mods/heroes.stormmod/enus.stormassets/localizeddata/sounds/vo/whitemanebase_vox_fanatacism08.ogg	3323b8712bed37b5b9dd893cd53e543e	13256
mods/heroes.stormmod/enus.stormassets/localizeddata/sounds/vo/whitemanebase_vox_fanatacism10.fxe	1b29c6c8dcdb89a0d500b74df72945f3	1734
mods/heroes.stormmod/enus.stormassets/localizeddata/sounds/vo/whitemanebase_vox_fanatacism10.ogg	f54aad100365eac877473b1fb8eca2a6	13362
mods/heroes.stormmod/enus.stormassets/localizeddata/sounds/vo/whitemanebase_vox_gethitlarge01.fxe	7203ad7ce7c292798f4f1c7f107d7c31	1031
mods/heroes.stormmod/enus.stormassets/localizeddata/sounds/vo/whitemanebase_vox_gethitlarge01.ogg	945b3e0161c3cbc17681d2fc4b557057	10686
mods/heroes.stormmod/enus.stormassets/localizeddata/sounds/vo/whitemanebase_vox_gethitlarge02.fxe	b57947dede8d240b141618bedfde11e6	1143
mods/heroes.stormmod/enus.stormassets/localizeddata/sounds/vo/whitemanebase_vox_gethitlarge02.ogg	9fc6e0a747c1ab3047a24cb1aca71815	10086
mods/heroes.stormmod/enus.stormassets/localizeddata/sounds/vo/whitemanebase_vox_gethitlarge03.fxe	fe80ffa1f3e074105b8c89b5e93de9c7	1431
mods/heroes.stormmod/enus.stormassets/localizeddata/sounds/vo/whitemanebase_vox_gethitlarge03.ogg	a7463f9f1f78ec10ba298eed072fe412	12938
mods/heroes.stormmod/enus.stormassets/localizeddata/sounds/vo/whitemanebase_vox_gethitlarge04.fxe	c5e2e22c6e73363cd706e561514765bd	1287
mods/heroes.stormmod/enus.stormassets/localizeddata/sounds/vo/whitemanebase_vox_gethitlarge04.ogg	63481378c8c467c4d6ee9593fd4af9e8	9504
mods/heroes.stormmod/enus.stormassets/localizeddata/sounds/vo/whitemanebase_vox_gethitlarge05.fxe	908d77263646151716322f6bf70a9378	1527
mods/heroes.stormmod/enus.stormassets/localizeddata/sounds/vo/whitemanebase_vox_gethitlarge05.ogg	79c8e77f7db2b3c4af97fa05e813332b	11277
mods/heroes.stormmod/enus.stormassets/localizeddata/sounds/vo/whitemanebase_vox_gethitlarge06.fxe	73a8bb4e81a714fd18ea7a59575ba7b0	1095
mods/heroes.stormmod/enus.stormassets/localizeddata/sounds/vo/whitemanebase_vox_gethitlarge06.ogg	82deec62c327482cfdf284b25fc1b8c7	9727
mods/heroes.stormmod/enus.stormassets/localizeddata/sounds/vo/whitemanebase_vox_gethitlarge07.fxe	d3b3b14d3cb6f7e9939d26944d0cf0ad	1415
mods/heroes.stormmod/enus.stormassets/localizeddata/sounds/vo/whitemanebase_vox_gethitlarge07.ogg	865005a08cd6ed062648c1884bb92a1b	13873
mods/heroes.stormmod/enus.stormassets/localizeddata/sounds/vo/whitemanebase_vox_gethitlarge08.fxe	64a48fe07b06664f8fe9a664b7548273	951
mods/heroes.stormmod/enus.stormassets/localizeddata/sounds/vo/whitemanebase_vox_gethitlarge08.ogg	92679dd91d22667e7ff6b18a46d7ebad	9684
mods/heroes.stormmod/enus.stormassets/localizeddata/sounds/vo/whitemanebase_vox_gethitlarge09.fxe	e4e4a2da3d9e7aa6246264e0120d1575	1175
mods/heroes.stormmod/enus.stormassets/localizeddata/sounds/vo/whitemanebase_vox_gethitlarge09.ogg	fe4a0736f4faa241dcb1603e685a0e86	11772
mods/heroes.stormmod/enus.stormassets/localizeddata/sounds/vo/whitemanebase_vox_gethitlarge10.fxe	e6869d8c3b5023ba39d80008ac092753	1239
mods/heroes.stormmod/enus.stormassets/localizeddata/sounds/vo/whitemanebase_vox_gethitlarge10.ogg	5bce60be91afcb09d4e7e64aae59710e	10495
mods/heroes.stormmod/enus.stormassets/localizeddata/sounds/vo/whitemanebase_vox_gethitlarge11.fxe	1d12f7af55b3c604d8169daa7fe6d401	1463
mods/heroes.stormmod/enus.stormassets/localizeddata/sounds/vo/whitemanebase_vox_gethitlarge11.ogg	5fdfb823987923a0fca015317633bbbf	12522
mods/heroes.stormmod/enus.stormassets/localizeddata/sounds/vo/whitemanebase_vox_gethitsmall01.fxe	5f4b88061bf7f3ad22b96a9bf3d8e0e6	1159
mods/heroes.stormmod/enus.stormassets/localizeddata/sounds/vo/whitemanebase_vox_gethitsmall01.ogg	21ec981bc1e3c85fa54a9981b56ae6c7	8520
mods/heroes.stormmod/enus.stormassets/localizeddata/sounds/vo/whitemanebase_vox_gethitsmall02.fxe	140de5fe798373a2cf56dd5287bc20da	1063
mods/heroes.stormmod/enus.stormassets/localizeddata/sounds/vo/whitemanebase_vox_gethitsmall02.ogg	2dec700e9351ce8823297f188afdce9f	8259
mods/heroes.stormmod/enus.stormassets/localizeddata/sounds/vo/whitemanebase_vox_gethitsmall03.fxe	89e802049d0848c0740e9c37a4956c69	903
mods/heroes.stormmod/enus.stormassets/localizeddata/sounds/vo/whitemanebase_vox_gethitsmall03.ogg	d9b037be661bd7de00a01a94c7548a0a	9313
mods/heroes.stormmod/enus.stormassets/localizeddata/sounds/vo/whitemanebase_vox_gethitsmall04.fxe	b5199f78a34caaef311ac20a18fbcd26	1175
mods/heroes.stormmod/enus.stormassets/localizeddata/sounds/vo/whitemanebase_vox_gethitsmall04.ogg	a3f6d1ee90a7a5315bc8f35efb824b7a	8313
mods/heroes.stormmod/enus.stormassets/localizeddata/sounds/vo/whitemanebase_vox_gethitsmall05.fxe	b0aadcd4d187712c40e1f3877217be62	1239
mods/heroes.stormmod/enus.stormassets/localizeddata/sounds/vo/whitemanebase_vox_gethitsmall05.ogg	1d667f6e6d144b3be0738e58bf9d4369	10060
mods/heroes.stormmod/enus.stormassets/localizeddata/sounds/vo/whitemanebase_vox_gethitsmall06.fxe	018a398af525ae20706769d07c6f92ee	1143
mods/heroes.stormmod/enus.stormassets/localizeddata/sounds/vo/whitemanebase_vox_gethitsmall06.ogg	47553958636635f5699fed01308ff745	8478
mods/heroes.stormmod/enus.stormassets/localizeddata/sounds/vo/whitemanebase_vox_gethitsmall07.fxe	b9e71c526e5ff1b638d4b0cf28d28fa6	935
mods/heroes.stormmod/enus.stormassets/localizeddata/sounds/vo/whitemanebase_vox_gethitsmall07.ogg	26ceab6f2c516cf653e455f2a07ea79b	9484
mods/heroes.stormmod/enus.stormassets/localizeddata/sounds/vo/whitemanebase_vox_gethitsmall08.fxe	bc56071fe4025eed4ba28a86991434cd	1303
mods/heroes.stormmod/enus.stormassets/localizeddata/sounds/vo/whitemanebase_vox_gethitsmall08.ogg	825e414a7d3bcfd288d886c93307ab4a	10453
mods/heroes.stormmod/enus.stormassets/localizeddata/sounds/vo/whitemanebase_vox_gethitsmall09.fxe	fa2ea037f3f103667dfe1cbbce27a679	1271
mods/heroes.stormmod/enus.stormassets/localizeddata/sounds/vo/whitemanebase_vox_gethitsmall09.ogg	f0ae262f5b9ad284eb5373823f1357aa	10075
mods/heroes.stormmod/enus.stormassets/localizeddata/sounds/vo/whitemanebase_vox_gethitsmall10.fxe	bd8ea75a3c27572030e72c28b920483d	1111
mods/heroes.stormmod/enus.stormassets/localizeddata/sounds/vo/whitemanebase_vox_gethitsmall10.ogg	f00f14e3b509061fc938a9c0fd56d96d	11137
mods/heroes.stormmod/enus.stormassets/localizeddata/sounds/vo/whitemanebase_vox_pulled02.fxe	d02bdd66356de556f2de55a6a86500b1	1090
mods/heroes.stormmod/enus.stormassets/localizeddata/sounds/vo/whitemanebase_vox_pulled02.ogg	258db6dd44887ace5e8327a17a0ab5f0	8625
mods/heroes.stormmod/enus.stormassets/localizeddata/sounds/vo/whitemanebase_vox_pulled05.fxe	5b87991dcfd824b5db27344bbb5bf2e0	1186
mods/heroes.stormmod/enus.stormassets/localizeddata/sounds/vo/whitemanebase_vox_pulled05.ogg	b27a3524ea5993a144f33e27f4f46fa4	10193
mods/heroes.stormmod/enus.stormassets/localizeddata/sounds/vo/whitemanebase_vox_pulled07.fxe	ce4fdd62080c080394ab0ea1fad16e14	1602
mods/heroes.stormmod/enus.stormassets/localizeddata/sounds/vo/whitemanebase_vox_pulled07.ogg	801a0a4cc990e780074742bd93a9e24e	11554
mods/heroes.stormmod/enus.stormassets/localizeddata/sounds/vo/whitemanebase_vox_pulled08.fxe	bc06ea9fd4b705e4920a013e8b952c63	1810
mods/heroes.stormmod/enus.stormassets/localizeddata/sounds/vo/whitemanebase_vox_pulled08.ogg	931c0ba5dfe24696d9cd64f0cf34f25d	13325
mods/heroes.stormmod/enus.stormassets/localizeddata/sounds/vo/whitemanebase_vox_pulled09.fxe	7678f868a09f6f262da3fc91524ad748	1394
mods/heroes.stormmod/enus.stormassets/localizeddata/sounds/vo/whitemanebase_vox_pulled09.ogg	0fb2c2d1c46ef396e77650bc2755b66f	14203
mods/heroes.stormmod/enus.stormassets/localizeddata/sounds/vo/whitemanebase_vox_pulled10.fxe	3b78af725521a4d82305dd80420711ff	1234
mods/heroes.stormmod/enus.stormassets/localizeddata/sounds/vo/whitemanebase_vox_pulled10.ogg	e27a0e7e7ab2236ea510a14bb029957b	8381
mods/heroes.stormmod/enus.stormassets/localizeddata/sounds/vo/whitemanebase_vox_pulled12.fxe	807f1be448609367a29b7e78c34ec734	1058
mods/heroes.stormmod/enus.stormassets/localizeddata/sounds/vo/whitemanebase_vox_pulled12.ogg	e041a70519217c48c5afa5270c51e577	9485
mods/heroes.stormmod/enus.stormassets/localizeddata/sounds/vo/whitemanebase_vox_pulled13.fxe	1b03bf000a6396ab59cbdac0c2c948f7	1010
mods/heroes.stormmod/enus.stormassets/localizeddata/sounds/vo/whitemanebase_vox_pulled13.ogg	e69fa7f448a5a609ab416b3e5a5a7719	8579
mods/heroes.stormmod/enus.stormassets/localizeddata/sounds/vo/whitemanebase_worthit00.fxe	2462557886c01edc90a9cac9e27eda6c	2431
mods/heroes.stormmod/enus.stormassets/localizeddata/sounds/vo/whitemanebase_worthit00.ogg	8064527a1d4fd7715fbcc64617bd8a28	32976
mods/heroes.stormmod/enus.stormassets/localizeddata/sounds/vo/whitemanebase_yes00.fxe	5c3f0ab6dcd2ed87c0dde947f759d2db	714
mods/heroes.stormmod/enus.stormassets/localizeddata/sounds/vo/whitemanebase_yes00.ogg	33a275f1b17d8abc66d8c1839ab350c9	12338
mods/heroes.stormmod/enus.stormassets/localizeddata/sounds/vo/whitemanebase_yes01.fxe	207312e7a2c5af03e7074d0f9f31bad4	1867
mods/heroes.stormmod/enus.stormassets/localizeddata/sounds/vo/whitemanebase_yes01.ogg	7c078720c4b03e62f7c8ac4a40c903a5	26222
mods/heroes.stormmod/enus.stormassets/localizeddata/sounds/vo/whitemanebase_yes02.fxe	0b65175876e9b58e671ed5fad3b394d1	2091
mods/heroes.stormmod/enus.stormassets/localizeddata/sounds/vo/whitemanebase_yes02.ogg	d492e159e219c960cf103f9d650bbaf2	31441
mods/heroes.stormmod/enus.stormassets/localizeddata/sounds/vo/whitemanebase_yes03.fxe	62d463fb08d63ea881d26894049071b9	1226
mods/heroes.stormmod/enus.stormassets/localizeddata/sounds/vo/whitemanebase_yes03.ogg	bb11c37157c0b31d0e42c361ec5a6116	17558
mods/heroes.stormmod/enus.stormassets/localizeddata/sounds/vo/whitemanebase_yes04.fxe	1725fd07ee7c4ef24fa9952ca472ddcf	2490
mods/heroes.stormmod/enus.stormassets/localizeddata/sounds/vo/whitemanebase_yes04.ogg	bd6be1db79bd9209adeda6ff39eacacc	27216
mods/heroes.stormmod/enus.stormassets/localizeddata/sounds/vo/whitemanebase_yes05.fxe	d4f229d56aed5251fb51560d463d4fce	1354
mods/heroes.stormmod/enus.stormassets/localizeddata/sounds/vo/whitemanebase_yes05.ogg	05ad10be4e10d466d46db55cf806d332	18241
mods/heroes.stormmod/enus.stormassets/localizeddata/sounds/vo/whitemanebase_yes06.fxe	5d0b1f1472dd9117e64e7f12fc531910	2314
mods/heroes.stormmod/enus.stormassets/localizeddata/sounds/vo/whitemanebase_yes06.ogg	737801cc0c29ecec0bb3327aa33b4bf4	26895
mods/heroes.stormmod/enus.stormassets/localizeddata/sounds/vo/whitemanebase_yes07.fxe	0822a1b2491b74e5beb90f729f48f99c	2474
mods/heroes.stormmod/enus.stormassets/localizeddata/sounds/vo/whitemanebase_yes07.ogg	a9376b624aa8d32b61daab1aaf03229e	33321
mods/heroes.stormmod/enus.stormassets/localizeddata/sounds/vo/whitemanebase_yes08.fxe	9dd007f7957278b3d2764b1b498c83f7	1866
mods/heroes.stormmod/enus.stormassets/localizeddata/sounds/vo/whitemanebase_yes08.ogg	8bc24aa072cf076add6be66dc5e6abf0	23443
mods/heroes.stormmod/enus.stormassets/localizeddata/sounds/vo/whitemanebase_yes09.fxe	3fdcee1c0298afa359a73677c11a5530	1386
mods/heroes.stormmod/enus.stormassets/localizeddata/sounds/vo/whitemanebase_yes09.ogg	b93eaef66218ea15b7e41314738f77f9	21030
