mods/heroes.stormmod/enus.stormassets/localizeddata/sounds/vo/witchdoctor_ai_attack00.ogg	436fc35186c7ff404f9fe690643eba90	38475
mods/heroes.stormmod/enus.stormassets/localizeddata/sounds/vo/witchdoctor_ai_attack01.ogg	c7219638136f9ece6b8bc63fb035a720	42709
mods/heroes.stormmod/enus.stormassets/localizeddata/sounds/vo/witchdoctor_ai_attack02.ogg	acd4042eadce300a5bd7c527b743a289	56060
mods/heroes.stormmod/enus.stormassets/localizeddata/sounds/vo/witchdoctor_ai_caution00.ogg	79800ab1aeb60530d27be35f6ad576ab	28402
mods/heroes.stormmod/enus.stormassets/localizeddata/sounds/vo/witchdoctor_ai_goodjob00.ogg	7c2430a57aa75eaa10334d4a5e53121f	21278
mods/heroes.stormmod/enus.stormassets/localizeddata/sounds/vo/witchdoctor_ai_goodjob01.ogg	57ef5819a2458cf718a9e755dd1f77ed	30776
mods/heroes.stormmod/enus.stormassets/localizeddata/sounds/vo/witchdoctor_ai_goodjob02.ogg	4cb44a64485fe7f7014eb9cc3c2a1e78	24059
mods/heroes.stormmod/enus.stormassets/localizeddata/sounds/vo/witchdoctor_ai_heal00.ogg	8af301d52a43f324d3747bc94a5673bc	53417
mods/heroes.stormmod/enus.stormassets/localizeddata/sounds/vo/witchdoctor_ai_heal01.ogg	99f027698f5382ed2d17b704fd3cea8e	34852
mods/heroes.stormmod/enus.stormassets/localizeddata/sounds/vo/witchdoctor_ai_onmyway00.ogg	2042bd5fed719d2990fcda11ac27a5fa	26965
mods/heroes.stormmod/enus.stormassets/localizeddata/sounds/vo/witchdoctor_ai_onmyway01.ogg	2df047a4666d51a5295353c277e02852	29364
mods/heroes.stormmod/enus.stormassets/localizeddata/sounds/vo/witchdoctor_ai_retreat00.ogg	eba23e74331b6b6849367dcde264251b	49768
mods/heroes.stormmod/enus.stormassets/localizeddata/sounds/vo/witchdoctor_ai_retreat01.ogg	49009969cd6dfa7b76450a9642c2d4d0	40677
mods/heroes.stormmod/enus.stormassets/localizeddata/sounds/vo/witchdoctor_ai_uhoh00.ogg	791836495e994fb09164d5dc16097391	21162
mods/heroes.stormmod/enus.stormassets/localizeddata/sounds/vo/witchdoctor_ai_uhoh01.ogg	0ec1851e5da5527fadbd7dc67af0a523	25039
mods/heroes.stormmod/enus.stormassets/localizeddata/sounds/vo/witchdoctor_ai_uhoh02.ogg	ab4457a40a3a15a68fc4292a6801dd9e	21623
mods/heroes.stormmod/enus.stormassets/localizeddata/sounds/vo/witchdoctor_attack00.ogg	3b778f35062ca81345c4f9f4f7434b4d	29674
mods/heroes.stormmod/enus.stormassets/localizeddata/sounds/vo/witchdoctor_attack01.ogg	a4428131f9bbfdba669422c3f20f850b	31136
mods/heroes.stormmod/enus.stormassets/localizeddata/sounds/vo/witchdoctor_attack02.ogg	8fa4a141ecedd1a9fb95e759261cec6a	30751
mods/heroes.stormmod/enus.stormassets/localizeddata/sounds/vo/witchdoctor_attack03.ogg	9ff0594bae9d693b2a59eefb095914c8	29710
mods/heroes.stormmod/enus.stormassets/localizeddata/sounds/vo/witchdoctor_attack04.ogg	8d457703c91ce037abf9b6fa5f79ad82	26006
mods/heroes.stormmod/enus.stormassets/localizeddata/sounds/vo/witchdoctor_attack05.ogg	0da2b89d344c913c3075893af55decae	31025
mods/heroes.stormmod/enus.stormassets/localizeddata/sounds/vo/witchdoctor_attack06.ogg	b6ed81106cc764a12ff2c0d9dec4fe1f	30651
mods/heroes.stormmod/enus.stormassets/localizeddata/sounds/vo/witchdoctor_celebrate00.ogg	7212c60f4dfe3c9bf8bf91cd9e50549f	25118
mods/heroes.stormmod/enus.stormassets/localizeddata/sounds/vo/witchdoctor_celebrate01.ogg	603ae6ec237f43a357083934eb8a3501	26947
mods/heroes.stormmod/enus.stormassets/localizeddata/sounds/vo/witchdoctor_comeback00.ogg	cdc42b069dff74917bdb47836efa41a7	48090
mods/heroes.stormmod/enus.stormassets/localizeddata/sounds/vo/witchdoctor_death01.wav	49d9343155d306c79581e695835e8cdb	84796
mods/heroes.stormmod/enus.stormassets/localizeddata/sounds/vo/witchdoctor_death02.wav	635e86081f324a51deaac394e1977c1a	59708
mods/heroes.stormmod/enus.stormassets/localizeddata/sounds/vo/witchdoctor_death03.wav	9c41fccc18dd9875ebdd68d7698736dc	54588
mods/heroes.stormmod/enus.stormassets/localizeddata/sounds/vo/witchdoctor_death05.wav	b59260ca2c1a01381e07af4bf5868ca5	42812
mods/heroes.stormmod/enus.stormassets/localizeddata/sounds/vo/witchdoctor_death06.wav	c71199c00aef79847eac08bd393931a2	42044
mods/heroes.stormmod/enus.stormassets/localizeddata/sounds/vo/witchdoctor_death08.wav	34efde3ee1b2c294e8c2612da0cd4679	69948
mods/heroes.stormmod/enus.stormassets/localizeddata/sounds/vo/witchdoctor_healed00.ogg	90010a3a9750e2d473e51e69e674805f	31166
mods/heroes.stormmod/enus.stormassets/localizeddata/sounds/vo/witchdoctor_healed01.ogg	5304edf0a5515a6e854e750899380fbb	31301
mods/heroes.stormmod/enus.stormassets/localizeddata/sounds/vo/witchdoctor_healed02.ogg	12c54c4d238b438f02f4689ba40de7ae	21580
mods/heroes.stormmod/enus.stormassets/localizeddata/sounds/vo/witchdoctor_introagree00.ogg	3b45b6749af668bccaf08e9663f630df	38473
mods/heroes.stormmod/enus.stormassets/localizeddata/sounds/vo/witchdoctor_introagree01.ogg	4e7ade3a8a03bb04b3a063781ce52d10	23211
mods/heroes.stormmod/enus.stormassets/localizeddata/sounds/vo/witchdoctor_introagree02.ogg	bf2d9a450da3b52c69cecf2d7bceb9cc	22263
mods/heroes.stormmod/enus.stormassets/localizeddata/sounds/vo/witchdoctor_introboast00.ogg	2292a8dfbd83e55106877717903007a2	58614
mods/heroes.stormmod/enus.stormassets/localizeddata/sounds/vo/witchdoctor_introquestion00.ogg	57087bcf4f1adeab2d408d59f30f7599	34835
mods/heroes.stormmod/enus.stormassets/localizeddata/sounds/vo/witchdoctor_introquestion01.ogg	abaa3fb335ce7454f2a381466e32098a	34016
mods/heroes.stormmod/enus.stormassets/localizeddata/sounds/vo/witchdoctor_introquestion_d3hero00.ogg	13c9d5b79b20d39e47fa6abe1e534cec	74236
mods/heroes.stormmod/enus.stormassets/localizeddata/sounds/vo/witchdoctor_introquestion_demon00.ogg	59528a77b2ccb49b7e8464423f671b98	51892
mods/heroes.stormmod/enus.stormassets/localizeddata/sounds/vo/witchdoctor_introquestion_murky00.ogg	bac89c5a21bf0a81b54221da9823de6a	50352
mods/heroes.stormmod/enus.stormassets/localizeddata/sounds/vo/witchdoctor_introquestion_negative00.ogg	7c40402e5716a16a691931dddb1e72c0	45380
mods/heroes.stormmod/enus.stormassets/localizeddata/sounds/vo/witchdoctor_introquestion_positive00.ogg	7f69b34f73589bc4581d09df18453b5e	28600
mods/heroes.stormmod/enus.stormassets/localizeddata/sounds/vo/witchdoctor_introquestion_tyrael00.ogg	34ddbf122007fbdf1e34770fbbb3cdc4	54458
mods/heroes.stormmod/enus.stormassets/localizeddata/sounds/vo/witchdoctor_introrespond00.ogg	4cfeb995952131425397848882a649a4	32303
mods/heroes.stormmod/enus.stormassets/localizeddata/sounds/vo/witchdoctor_introrespond01.ogg	7f4eaf1d70da3488df92bc9ca30789e6	25466
mods/heroes.stormmod/enus.stormassets/localizeddata/sounds/vo/witchdoctor_introrespond02.ogg	c61ee33d5dd599b0fa9f6a898091d254	33449
mods/heroes.stormmod/enus.stormassets/localizeddata/sounds/vo/witchdoctor_introresponse_d3hero00.ogg	8e5878e9712cf7068d43291b5f56e35f	30990
mods/heroes.stormmod/enus.stormassets/localizeddata/sounds/vo/witchdoctor_introresponse_demon00.ogg	9529669fd71a31cca6244a3561e314cf	37563
mods/heroes.stormmod/enus.stormassets/localizeddata/sounds/vo/witchdoctor_introresponse_murky00.ogg	ea1bb6e3e84970b19c313eb47bac02c8	16238
mods/heroes.stormmod/enus.stormassets/localizeddata/sounds/vo/witchdoctor_introresponse_negative00.ogg	6ea82456f7dc8a5b3935630959dcbaf0	46883
mods/heroes.stormmod/enus.stormassets/localizeddata/sounds/vo/witchdoctor_introresponse_positive00.ogg	16f8a4e8584282b71223b7fdfe44487d	38738
mods/heroes.stormmod/enus.stormassets/localizeddata/sounds/vo/witchdoctor_introresponse_tyrael00.ogg	57b98894c3dc2ca7cff15ad79028fc05	28344
mods/heroes.stormmod/enus.stormassets/localizeddata/sounds/vo/witchdoctor_kill00.ogg	0033bfbe8645d050d420bec944050944	20994
mods/heroes.stormmod/enus.stormassets/localizeddata/sounds/vo/witchdoctor_kill01.ogg	fc56160407389a58004e04cc154d78f3	45369
mods/heroes.stormmod/enus.stormassets/localizeddata/sounds/vo/witchdoctor_kill02.ogg	a7f1ca6a72624efa09295dd7409b8299	36898
mods/heroes.stormmod/enus.stormassets/localizeddata/sounds/vo/witchdoctor_kill03.ogg	274f57902dc5be6d4ad3dc5b582b54a0	27002
mods/heroes.stormmod/enus.stormassets/localizeddata/sounds/vo/witchdoctor_kill04.ogg	0c7ea05e5e0e93059eccfe53dc97d97b	27907
mods/heroes.stormmod/enus.stormassets/localizeddata/sounds/vo/witchdoctor_killarthas00.ogg	9e6c1ed16e74128a8c510ea6700fb818	33871
mods/heroes.stormmod/enus.stormassets/localizeddata/sounds/vo/witchdoctor_killdiablo00.ogg	217b0e28c0b875c7f6d342126e72c3ee	35567
mods/heroes.stormmod/enus.stormassets/localizeddata/sounds/vo/witchdoctor_killspreeend00.ogg	694315f0a74a47b067f2f24562758dd2	33062
mods/heroes.stormmod/enus.stormassets/localizeddata/sounds/vo/witchdoctor_killstitches00.ogg	a10819fc695216dae39a4037075124f6	25281
mods/heroes.stormmod/enus.stormassets/localizeddata/sounds/vo/witchdoctor_laugh00.ogg	8c22aa347104372b1688da41d6e08a7b	34043
mods/heroes.stormmod/enus.stormassets/localizeddata/sounds/vo/witchdoctor_lowlifeheal00.ogg	185eaaadcf3f17ae6a9e1d68c41b9c5e	36620
mods/heroes.stormmod/enus.stormassets/localizeddata/sounds/vo/witchdoctor_lowlifeheal01.ogg	7190f68025100aeb9002d9445964f066	38728
mods/heroes.stormmod/enus.stormassets/localizeddata/sounds/vo/witchdoctor_lowlifeheal02.ogg	b04f78fbb48a0dfcafb3730effe59d20	66696
mods/heroes.stormmod/enus.stormassets/localizeddata/sounds/vo/witchdoctor_lowmana00.ogg	2aed50b53ef1f866c10f0fc5ca526e0a	25760
mods/heroes.stormmod/enus.stormassets/localizeddata/sounds/vo/witchdoctor_lowmana01.ogg	e4b0641db1b6f4a082b84b8b56af2454	22001
mods/heroes.stormmod/enus.stormassets/localizeddata/sounds/vo/witchdoctor_lowmana02.ogg	44893da1d1124c996c077866c91f2b51	24230
mods/heroes.stormmod/enus.stormassets/localizeddata/sounds/vo/witchdoctor_matchend00.ogg	67773cbdaa3eb15c43c5940217844af5	18490
mods/heroes.stormmod/enus.stormassets/localizeddata/sounds/vo/witchdoctor_matchend01.ogg	033b6d88098fa670315cad4382a35121	19191
mods/heroes.stormmod/enus.stormassets/localizeddata/sounds/vo/witchdoctor_no00.ogg	6c43a76cc737e170704679fa1b1fccc9	25468
mods/heroes.stormmod/enus.stormassets/localizeddata/sounds/vo/witchdoctor_no01.ogg	b0381876afaa142f767e0ffc05770a9e	23493
mods/heroes.stormmod/enus.stormassets/localizeddata/sounds/vo/witchdoctor_no02.ogg	6d3eadf4f5771f319d48cecf8f570cbd	18855
mods/heroes.stormmod/enus.stormassets/localizeddata/sounds/vo/witchdoctor_ping_assisthero00.ogg	e5066aa395f836e6c4314dee0ca4c826	31738
mods/heroes.stormmod/enus.stormassets/localizeddata/sounds/vo/witchdoctor_ping_assistme00.ogg	2ca06d280cdbe7b1e9cf07a0ee54b8d3	24324
mods/heroes.stormmod/enus.stormassets/localizeddata/sounds/vo/witchdoctor_ping_assistme01.ogg	f9975a19a2c4d842922f8fd15cff7fb2	21597
mods/heroes.stormmod/enus.stormassets/localizeddata/sounds/vo/witchdoctor_ping_attackcastle00.ogg	609e201cb29b8c2cb698750da9fb6414	33350
mods/heroes.stormmod/enus.stormassets/localizeddata/sounds/vo/witchdoctor_ping_attackmerc00.ogg	f495864f2063d9131809687ee34c099a	39816
mods/heroes.stormmod/enus.stormassets/localizeddata/sounds/vo/witchdoctor_ping_attackoutpost00.ogg	bc6d6b94f288d424f2bb0407d025d6df	27537
mods/heroes.stormmod/enus.stormassets/localizeddata/sounds/vo/witchdoctor_ping_attacktower00.ogg	eadb0624720857a4249fde208a81ea9a	28943
mods/heroes.stormmod/enus.stormassets/localizeddata/sounds/vo/witchdoctor_ping_danger00.ogg	24df9bdb2ac15b58324b3761eac0dcbf	19260
mods/heroes.stormmod/enus.stormassets/localizeddata/sounds/vo/witchdoctor_ping_danger01.ogg	f10bb711162fefbb441a8968dd85ff54	24185
mods/heroes.stormmod/enus.stormassets/localizeddata/sounds/vo/witchdoctor_ping_defend00.ogg	e52746da721df25c7cbe2b2060507f10	34941
mods/heroes.stormmod/enus.stormassets/localizeddata/sounds/vo/witchdoctor_ping_defendcastle00.ogg	c8e5f07ff010324eff5b0c27e077020e	28875
mods/heroes.stormmod/enus.stormassets/localizeddata/sounds/vo/witchdoctor_ping_defendoutpost00.ogg	a5eca3a6d0ee146fc2d62ff1d132ad99	30873
mods/heroes.stormmod/enus.stormassets/localizeddata/sounds/vo/witchdoctor_ping_defendthing00.ogg	2f0acd67b08328071b798a04d6925084	39885
mods/heroes.stormmod/enus.stormassets/localizeddata/sounds/vo/witchdoctor_ping_defendthing01.ogg	52b711b7719bfb087992fe7542d550c9	28518
mods/heroes.stormmod/enus.stormassets/localizeddata/sounds/vo/witchdoctor_ping_defendtower00.ogg	ed6d1b5f44860fddb0951def3db485f6	25011
mods/heroes.stormmod/enus.stormassets/localizeddata/sounds/vo/witchdoctor_ping_enemymissing00.ogg	7405563a7a3f380b2e895ca8239e7718	35362
mods/heroes.stormmod/enus.stormassets/localizeddata/sounds/vo/witchdoctor_ping_enemymissing01.ogg	b88d37fcd219af21867c357b2e1cff75	39426
mods/heroes.stormmod/enus.stormassets/localizeddata/sounds/vo/witchdoctor_ping_killhero00.ogg	3a2860e32bed93d736d6ca9a740e6cbe	29148
mods/heroes.stormmod/enus.stormassets/localizeddata/sounds/vo/witchdoctor_ping_onmyway00.ogg	028f373f42c89a6f1a188bb638ff30e7	24407
mods/heroes.stormmod/enus.stormassets/localizeddata/sounds/vo/witchdoctor_ping_onmyway01.ogg	f70ba1a1e791f28d0b22db5336c3a104	23400
mods/heroes.stormmod/enus.stormassets/localizeddata/sounds/vo/witchdoctor_ping_retreat00.ogg	21b0986205265b1c406378eaba5e5db1	17936
mods/heroes.stormmod/enus.stormassets/localizeddata/sounds/vo/witchdoctor_ping_retreat01.ogg	ab7b6d50a55e8557abae60e3bd98bd8e	21773
mods/heroes.stormmod/enus.stormassets/localizeddata/sounds/vo/witchdoctor_pissed00.ogg	beb53258ae32d7e3f1a7089a8bf9d388	21245
mods/heroes.stormmod/enus.stormassets/localizeddata/sounds/vo/witchdoctor_pissed01.ogg	8678302a4f27b6fe8c26a486fc064cbc	25753
mods/heroes.stormmod/enus.stormassets/localizeddata/sounds/vo/witchdoctor_pissed02.ogg	ae6e08529ba9401761937a26c504d59f	38479
mods/heroes.stormmod/enus.stormassets/localizeddata/sounds/vo/witchdoctor_pissed03.ogg	068293e9059b916210aea3a37cd1e211	43290
mods/heroes.stormmod/enus.stormassets/localizeddata/sounds/vo/witchdoctor_pissed04.ogg	925d03dcec812450cd114b9e1e3abac6	47059
mods/heroes.stormmod/enus.stormassets/localizeddata/sounds/vo/witchdoctor_pissed06sfx.ogg	7fd29c8fc6d440603d068777c3025d0a	92424
mods/heroes.stormmod/enus.stormassets/localizeddata/sounds/vo/witchdoctor_pissed07sfx.ogg	d98bf0fc35620bcceab685baa2d30e4e	123881
mods/heroes.stormmod/enus.stormassets/localizeddata/sounds/vo/witchdoctor_pissed08.ogg	ded3260e4c42bd31c8eead9c45ce9b2b	122523
mods/heroes.stormmod/enus.stormassets/localizeddata/sounds/vo/witchdoctor_pissed09sfx.ogg	cd970faa58ef68b2b65c6347bdceac57	63407
mods/heroes.stormmod/enus.stormassets/localizeddata/sounds/vo/witchdoctor_pissed10.ogg	3aa543ad4110adfcbced8ef230734e70	74601
mods/heroes.stormmod/enus.stormassets/localizeddata/sounds/vo/witchdoctor_pissed11.ogg	e3c1642d9a38114dc643b9ead46ae92c	36202
mods/heroes.stormmod/enus.stormassets/localizeddata/sounds/vo/witchdoctor_pissed12.ogg	e9663e02627d7c8c0ff9b8a1ad13185c	47699
mods/heroes.stormmod/enus.stormassets/localizeddata/sounds/vo/witchdoctor_pissed13.ogg	e885129cc589f8a0bc5f6800a19bacc0	109971
mods/heroes.stormmod/enus.stormassets/localizeddata/sounds/vo/witchdoctor_pissed14.ogg	3bcc76bff3ea318afe7f68a9cfcaeeb3	112533
mods/heroes.stormmod/enus.stormassets/localizeddata/sounds/vo/witchdoctor_resurrected00.ogg	dad21c955de87e47b2ccb0ad8749bf93	37816
mods/heroes.stormmod/enus.stormassets/localizeddata/sounds/vo/witchdoctor_resurrected01.ogg	c19a44965af13a55ee33f4f7726150dc	37421
mods/heroes.stormmod/enus.stormassets/localizeddata/sounds/vo/witchdoctor_revive00.ogg	eaefad3041c5339dd4fbc2edf91e5033	40553
mods/heroes.stormmod/enus.stormassets/localizeddata/sounds/vo/witchdoctor_revive01.ogg	ac391c27b5194d5cf0323d844e8da474	43357
mods/heroes.stormmod/enus.stormassets/localizeddata/sounds/vo/witchdoctor_revive02.ogg	8659fa32db0c93547497e0fa6cf33d1d	38328
mods/heroes.stormmod/enus.stormassets/localizeddata/sounds/vo/witchdoctor_social_dance01.ogg	c65787dba3222fd596bdde5c6dbcdb62	26755
mods/heroes.stormmod/enus.stormassets/localizeddata/sounds/vo/witchdoctor_spec00.ogg	dbe26a8e132655fdaaa089dfbd14eec1	39061
mods/heroes.stormmod/enus.stormassets/localizeddata/sounds/vo/witchdoctor_spec01.ogg	817caefba9f74a136a2be9006424577f	29692
mods/heroes.stormmod/enus.stormassets/localizeddata/sounds/vo/witchdoctor_spec02.ogg	2b8e1d33412ef2d1df703b219f77a53c	38306
mods/heroes.stormmod/enus.stormassets/localizeddata/sounds/vo/witchdoctor_spec03.ogg	961677d29129fa7640810ae74cbe5169	37018
mods/heroes.stormmod/enus.stormassets/localizeddata/sounds/vo/witchdoctor_spec04.ogg	8eda57e630edd7f124b3203e504fc5db	27508
mods/heroes.stormmod/enus.stormassets/localizeddata/sounds/vo/witchdoctor_taunt00.ogg	0d4faa95a854d19edbcdb0fcbf39462f	41404
mods/heroes.stormmod/enus.stormassets/localizeddata/sounds/vo/witchdoctor_taunt01.ogg	a58f129741d700d35a315ccc2f1a1285	34641
mods/heroes.stormmod/enus.stormassets/localizeddata/sounds/vo/witchdoctor_taunt02.ogg	a62a2b7899837f781dc9bb043578bb0b	39344
mods/heroes.stormmod/enus.stormassets/localizeddata/sounds/vo/witchdoctor_teamkilled00.ogg	2520b683d1fe5934af25a0c9d54d9df8	48058
mods/heroes.stormmod/enus.stormassets/localizeddata/sounds/vo/witchdoctor_ui_exlocked00.ogg	5c6cdd30372221113cddd8cae8632a6f	25652
mods/heroes.stormmod/enus.stormassets/localizeddata/sounds/vo/witchdoctor_ui_expurchased00.ogg	11c65409c295af976b4870b55a2f81fb	41297
mods/heroes.stormmod/enus.stormassets/localizeddata/sounds/vo/witchdoctor_ui_gift00.ogg	35641df944d17c6149b20ffa9ef1a86c	28609
mods/heroes.stormmod/enus.stormassets/localizeddata/sounds/vo/witchdoctor_ui_lockin00.ogg	a91d2bf41a9caa04b7bdedc69017799b	28063
mods/heroes.stormmod/enus.stormassets/localizeddata/sounds/vo/witchdoctor_ui_purchase00.ogg	8237fc74fdfd7634b9e5679462d11a38	40197
mods/heroes.stormmod/enus.stormassets/localizeddata/sounds/vo/witchdoctor_ui_trial00.ogg	1eda836d73cd9badc8dbe57aa17ecde3	35809
mods/heroes.stormmod/enus.stormassets/localizeddata/sounds/vo/witchdoctor_ui_trial01.ogg	44c093b4475ecf5db5e8ddadddcd801c	58106
mods/heroes.stormmod/enus.stormassets/localizeddata/sounds/vo/witchdoctor_ui_waitlocked00.ogg	e954a5cd269f4263f970b7c863668fa4	58342
mods/heroes.stormmod/enus.stormassets/localizeddata/sounds/vo/witchdoctor_ui_waitlocked01.ogg	d7d4ae99cb4ca618bec1d3d1d44d8490	56938
mods/heroes.stormmod/enus.stormassets/localizeddata/sounds/vo/witchdoctor_ui_waitpurchased00.ogg	917c4e6a0db582a75423cc3839e86a83	41681
mods/heroes.stormmod/enus.stormassets/localizeddata/sounds/vo/witchdoctor_ui_waitpurchased01.ogg	9544b832876e1b2f711b9ae83ac74a02	66779
mods/heroes.stormmod/enus.stormassets/localizeddata/sounds/vo/witchdoctor_ultimate1used00.ogg	548a8d1ee241b3d1b7a3254c3cbcd75b	34271
mods/heroes.stormmod/enus.stormassets/localizeddata/sounds/vo/witchdoctor_ultimate1used01.ogg	ab0ca750c3be1d47c90d390abab487a6	52085
mods/heroes.stormmod/enus.stormassets/localizeddata/sounds/vo/witchdoctor_ultimate2used00.ogg	e7c3c9e7f71e569dff0d5bbf4c65af89	33495
mods/heroes.stormmod/enus.stormassets/localizeddata/sounds/vo/witchdoctor_ultimate2used01.ogg	931747ddad83a406d01a2be99c3e7768	24715
mods/heroes.stormmod/enus.stormassets/localizeddata/sounds/vo/witchdoctor_ultimate2used02.ogg	ec75d01cbb5539e4348dcd531500ca72	38859
mods/heroes.stormmod/enus.stormassets/localizeddata/sounds/vo/witchdoctor_voicelinefive00.ogg	98ce25f6f24644c264cc46cb94ccac69	18653
mods/heroes.stormmod/enus.stormassets/localizeddata/sounds/vo/witchdoctor_voicelinefour00.ogg	0cdec51929516c559060e4823c3a6b0c	20412
mods/heroes.stormmod/enus.stormassets/localizeddata/sounds/vo/witchdoctor_voicelineone00.ogg	86324a6d1081d1f2a5a9091260f75cf3	21469
mods/heroes.stormmod/enus.stormassets/localizeddata/sounds/vo/witchdoctor_voicelinethree00.ogg	6fe939a13df7836ed6779a85a6780486	22055
mods/heroes.stormmod/enus.stormassets/localizeddata/sounds/vo/witchdoctor_voicelinetwo00.ogg	d5409d9b2da290761f0d302799fa8fdf	33157
mods/heroes.stormmod/enus.stormassets/localizeddata/sounds/vo/witchdoctor_vox_attack01.ogg	9bf84cb38b34babcd57b4c11d6470220	13512
mods/heroes.stormmod/enus.stormassets/localizeddata/sounds/vo/witchdoctor_vox_attack02.ogg	e430b32acbf690c5fa95563cc3026742	14729
mods/heroes.stormmod/enus.stormassets/localizeddata/sounds/vo/witchdoctor_vox_attack03.ogg	a6ec0c71e6ac061c75c39afc08fb8cab	13206
mods/heroes.stormmod/enus.stormassets/localizeddata/sounds/vo/witchdoctor_vox_attack04.ogg	9c03822978d3e548a071f786e3590b66	12592
mods/heroes.stormmod/enus.stormassets/localizeddata/sounds/vo/witchdoctor_vox_attack05.ogg	cef7826d4b618db01950a1406931707e	13896
mods/heroes.stormmod/enus.stormassets/localizeddata/sounds/vo/witchdoctor_vox_attack06.ogg	e38906195741cf8cd5eceaa4990b35a9	14531
mods/heroes.stormmod/enus.stormassets/localizeddata/sounds/vo/witchdoctor_vox_attack08.ogg	63ee37e2a1e5827808659cf600448758	13096
mods/heroes.stormmod/enus.stormassets/localizeddata/sounds/vo/witchdoctor_vox_attack09.ogg	e8703b4439c4926e54668a67dee4a1ba	12362
mods/heroes.stormmod/enus.stormassets/localizeddata/sounds/vo/witchdoctor_vox_attack10.ogg	2d3ddd7e3f71caff2a1b015b1b041269	12023
mods/heroes.stormmod/enus.stormassets/localizeddata/sounds/vo/witchdoctor_vox_attack11.ogg	0285291bb8025ecdd518f4b8cc84502d	16297
mods/heroes.stormmod/enus.stormassets/localizeddata/sounds/vo/witchdoctor_vox_attack12.ogg	5b769afc9a5d8a98cfc6e1ae853dc5b5	13680
mods/heroes.stormmod/enus.stormassets/localizeddata/sounds/vo/witchdoctor_vox_attack13.ogg	85e2cf938101d6a94be8eb80701c19cb	12098
mods/heroes.stormmod/enus.stormassets/localizeddata/sounds/vo/witchdoctor_vox_attack14.ogg	67e36151334ac74e3b54144ef5f3ca7e	14145
mods/heroes.stormmod/enus.stormassets/localizeddata/sounds/vo/witchdoctor_vox_casting00.ogg	4d02d4fe481a2a9e6fb453af85e346cc	11758
mods/heroes.stormmod/enus.stormassets/localizeddata/sounds/vo/witchdoctor_vox_casting01.ogg	7e714bb340d20de4afa025a2c20e215f	10167
mods/heroes.stormmod/enus.stormassets/localizeddata/sounds/vo/witchdoctor_vox_casting03.ogg	bc8ee2c276644c3547da0ab2174a07a2	12907
mods/heroes.stormmod/enus.stormassets/localizeddata/sounds/vo/witchdoctor_vox_casting04.ogg	c255e0236e76e635fa57abf9768721c4	9931
mods/heroes.stormmod/enus.stormassets/localizeddata/sounds/vo/witchdoctor_vox_casting05.ogg	a23197a918cf6cc17e4fa6b06d19d591	14048
mods/heroes.stormmod/enus.stormassets/localizeddata/sounds/vo/witchdoctor_vox_casting06.ogg	d3ab0d515cabd1ebfbb03a37a64e6768	8688
mods/heroes.stormmod/enus.stormassets/localizeddata/sounds/vo/witchdoctor_vox_casting07.ogg	864183618e6d2eea9a553bd0fbe4e64a	9037
mods/heroes.stormmod/enus.stormassets/localizeddata/sounds/vo/witchdoctor_vox_casting08.ogg	e1e51df5c9c5400bf50d63fe0954fab3	13102
mods/heroes.stormmod/enus.stormassets/localizeddata/sounds/vo/witchdoctor_vox_casting09.ogg	e95f4f6047e6b82e1d65e113968f986c	16063
mods/heroes.stormmod/enus.stormassets/localizeddata/sounds/vo/witchdoctor_vox_casting10.ogg	6122b95178b0760d988453f7ec139a15	14012
mods/heroes.stormmod/enus.stormassets/localizeddata/sounds/vo/witchdoctor_vox_casting11.ogg	9992d4e66e7dd633879ef88a5619452d	23213
mods/heroes.stormmod/enus.stormassets/localizeddata/sounds/vo/witchdoctor_vox_casting12.ogg	5aa185e087b080aa6ce68756a38a5804	17923
mods/heroes.stormmod/enus.stormassets/localizeddata/sounds/vo/witchdoctor_vox_casting13.ogg	ef351eddcb06d14097a877ec3ec27b3b	25566
mods/heroes.stormmod/enus.stormassets/localizeddata/sounds/vo/witchdoctor_vox_casting14.ogg	8a820f9e65fff4a444c892405110f940	22777
mods/heroes.stormmod/enus.stormassets/localizeddata/sounds/vo/witchdoctor_vox_casting15.ogg	ef7a2307c901c2d3e9d3f05d066ef654	29023
mods/heroes.stormmod/enus.stormassets/localizeddata/sounds/vo/witchdoctor_vox_casting16.ogg	6f61bd6df2c414f99f6fa2ea35ad1a02	27588
mods/heroes.stormmod/enus.stormassets/localizeddata/sounds/vo/witchdoctor_vox_casting17.ogg	22c17ef7c3eda377f2727937914c7136	27562
mods/heroes.stormmod/enus.stormassets/localizeddata/sounds/vo/witchdoctor_vox_cheer00.ogg	1c6834a717b3038225d6a425f5991473	18623
mods/heroes.stormmod/enus.stormassets/localizeddata/sounds/vo/witchdoctor_vox_gethit00.ogg	3cef85a19fba9cc8819829e826af84a7	8549
mods/heroes.stormmod/enus.stormassets/localizeddata/sounds/vo/witchdoctor_vox_gethit01.ogg	c9362df310908db8c23058514cb8caac	11357
mods/heroes.stormmod/enus.stormassets/localizeddata/sounds/vo/witchdoctor_vox_gethit02.ogg	8a8d6e89fe44326882c1a09123bad3f4	8034
mods/heroes.stormmod/enus.stormassets/localizeddata/sounds/vo/witchdoctor_vox_gethit03.ogg	ba9289cbdd81d48956eca0f998af6877	7974
mods/heroes.stormmod/enus.stormassets/localizeddata/sounds/vo/witchdoctor_vox_gethit04.ogg	09b5a3526f340c23d8d662b87b570c5e	10457
mods/heroes.stormmod/enus.stormassets/localizeddata/sounds/vo/witchdoctor_vox_gethit05.ogg	304f520d8ea22161a1ebeef904bc365b	7599
mods/heroes.stormmod/enus.stormassets/localizeddata/sounds/vo/witchdoctor_vox_gethit06.ogg	827668a5574c43b90d0f071315aa09c9	8404
mods/heroes.stormmod/enus.stormassets/localizeddata/sounds/vo/witchdoctor_vox_gethit07.ogg	9768552ae0aecd25c07fe823f8192ff1	8085
mods/heroes.stormmod/enus.stormassets/localizeddata/sounds/vo/witchdoctor_vox_gethit08.ogg	4d69b3c6b3f2d6a04409574f04f4da3e	10214
mods/heroes.stormmod/enus.stormassets/localizeddata/sounds/vo/witchdoctor_vox_gethit09.ogg	78ccbfe58219935822c49753942e54ab	8114
mods/heroes.stormmod/enus.stormassets/localizeddata/sounds/vo/witchdoctor_vox_gethit10.ogg	67f3e374a25d46ca000a248cccd6b8bf	10944
mods/heroes.stormmod/enus.stormassets/localizeddata/sounds/vo/witchdoctor_vox_gethit11.ogg	eca7fd7e200bac3ff452211efc65cf27	7982
mods/heroes.stormmod/enus.stormassets/localizeddata/sounds/vo/witchdoctor_vox_pulled00.ogg	6ea45890b9de710ddaeb486f4cb0afb7	12206
mods/heroes.stormmod/enus.stormassets/localizeddata/sounds/vo/witchdoctor_vox_pulled01.ogg	15b04ddb36120b762dfec6e4756c6029	12885
mods/heroes.stormmod/enus.stormassets/localizeddata/sounds/vo/witchdoctor_vox_pulled02.ogg	f7f73fa3348c2c45756b713ba4cbb11d	10602
mods/heroes.stormmod/enus.stormassets/localizeddata/sounds/vo/witchdoctor_vox_pulled03.ogg	a905c4b9a34e00002abe81e8814113ce	11334
mods/heroes.stormmod/enus.stormassets/localizeddata/sounds/vo/witchdoctor_vox_pulled04.ogg	2ab6d70745fa9bcc144b217f2d321f0f	8955
mods/heroes.stormmod/enus.stormassets/localizeddata/sounds/vo/witchdoctor_worthit00.ogg	5e68d11e8ddc09ba2728925eb5b277d5	42495
mods/heroes.stormmod/enus.stormassets/localizeddata/sounds/vo/witchdoctor_worthit01.ogg	bd74a69fbafee9cbe6ace33ddf934724	41968
mods/heroes.stormmod/enus.stormassets/localizeddata/sounds/vo/witchdoctor_yes00.ogg	82573752271cfe8fe75c9d5e4264421f	16302
mods/heroes.stormmod/enus.stormassets/localizeddata/sounds/vo/witchdoctor_yes01.ogg	9e36fb447ab88e0b529ee3f8e20e8a1e	34703
mods/heroes.stormmod/enus.stormassets/localizeddata/sounds/vo/witchdoctor_yes02.ogg	dbb8879e36c9ff98ff3485ebf7cc0a6b	27308
mods/heroes.stormmod/enus.stormassets/localizeddata/sounds/vo/witchdoctor_yes03.ogg	2566472176e970eb0110956cc3c0258e	29245
mods/heroes.stormmod/enus.stormassets/localizeddata/sounds/vo/witchdoctor_yes04.ogg	1b07378f2e592208ddaca553e4f53859	16010
mods/heroes.stormmod/enus.stormassets/localizeddata/sounds/vo/witchdoctor_yes05.ogg	a4676324576c2fefae57f27086dfc7ae	22408
mods/heroes.stormmod/enus.stormassets/localizeddata/sounds/vo/witchdoctor_yes06.ogg	596112ece7015a5c490e2eb3c39b22de	26186
mods/heroes.stormmod/enus.stormassets/localizeddata/sounds/vo/witchdoctor_yes07.ogg	65b2da846c1867e5aaa1d17f4a7c505e	25726
mods/heroes.stormmod/enus.stormassets/localizeddata/sounds/vo/witchdoctor_yes08.ogg	52438088c18ff750c6b2899f48e07215	29787
mods/heroes.stormmod/enus.stormassets/localizeddata/sounds/vo/witchdoctora_castleattack_blue00.ogg	356fa4c4014ee09f9f24944842b10fd6	41344
mods/heroes.stormmod/enus.stormassets/localizeddata/sounds/vo/witchdoctora_castleattack_red00.ogg	0ea1c1867a0977e5687a09fec90cf40e	42960
mods/heroes.stormmod/enus.stormassets/localizeddata/sounds/vo/witchdoctora_castleattackally00.ogg	f98068471c45103f769f4b502dc8b1e8	29083
mods/heroes.stormmod/enus.stormassets/localizeddata/sounds/vo/witchdoctora_castleattackally01.ogg	f544dba9f405a4520fd2dbc44fbd8aa3	40355
mods/heroes.stormmod/enus.stormassets/localizeddata/sounds/vo/witchdoctora_countdown10sec00.ogg	c2b3a35737148565f4d9ca4dbfaf2810	27184
mods/heroes.stormmod/enus.stormassets/localizeddata/sounds/vo/witchdoctora_countdown1sec00.ogg	2e4f0ad68f08e3f20511885f8185ca28	22641
mods/heroes.stormmod/enus.stormassets/localizeddata/sounds/vo/witchdoctora_countdown2sec00.ogg	5a3fa595cb419c747a9f5a7081ab304a	16708
mods/heroes.stormmod/enus.stormassets/localizeddata/sounds/vo/witchdoctora_countdown3sec00.ogg	b3bb2ce657c6a7cf17c5b0c386683ace	16564
mods/heroes.stormmod/enus.stormassets/localizeddata/sounds/vo/witchdoctora_countdown4sec00.ogg	06a753cc71f91e3e4767c3fbdf8666c3	17313
mods/heroes.stormmod/enus.stormassets/localizeddata/sounds/vo/witchdoctora_countdown5sec00.ogg	66a51ad41eb6a42a1d73f443fe77a595	17714
mods/heroes.stormmod/enus.stormassets/localizeddata/sounds/vo/witchdoctora_countdownremain00.ogg	30e93533a72acf45a71ff566c912d1bf	32481
mods/heroes.stormmod/enus.stormassets/localizeddata/sounds/vo/witchdoctora_doublekill00.ogg	b930e0b4bf74a3a21db30957c5343e93	19767
mods/heroes.stormmod/enus.stormassets/localizeddata/sounds/vo/witchdoctora_doublekill01.ogg	cfe718f5c9c4b73f93290b26f257fbdc	20100
mods/heroes.stormmod/enus.stormassets/localizeddata/sounds/vo/witchdoctora_doublekill02.ogg	35adda581fe6bae14273a04f7747430d	19711
mods/heroes.stormmod/enus.stormassets/localizeddata/sounds/vo/witchdoctora_ending_blue00.ogg	5a1e31843ac668bbeb30c1baa9f508f5	39603
mods/heroes.stormmod/enus.stormassets/localizeddata/sounds/vo/witchdoctora_ending_red00.ogg	6b95af91e84a3492af36835166579cdd	34789
mods/heroes.stormmod/enus.stormassets/localizeddata/sounds/vo/witchdoctora_endinglose00.ogg	84817c7e77966eac0952786750cf0eab	18236
mods/heroes.stormmod/enus.stormassets/localizeddata/sounds/vo/witchdoctora_endinglose01.ogg	c1566eba19606a093a0e92725536bfdb	38171
mods/heroes.stormmod/enus.stormassets/localizeddata/sounds/vo/witchdoctora_endinglose02.ogg	a3efb91a48107e40226d04347e04fd03	38563
mods/heroes.stormmod/enus.stormassets/localizeddata/sounds/vo/witchdoctora_endingwin00.ogg	93b6bba4cf1623200775eff27fbbe018	20549
mods/heroes.stormmod/enus.stormassets/localizeddata/sounds/vo/witchdoctora_endingwin01.ogg	1b51f8f9a8a169f4aec096c48fd19e14	39253
mods/heroes.stormmod/enus.stormassets/localizeddata/sounds/vo/witchdoctora_endingwin02.ogg	a19d8dd993a029ff7424b9b71e96af02	38620
mods/heroes.stormmod/enus.stormassets/localizeddata/sounds/vo/witchdoctora_firstblood_blue00.ogg	aa9b753d7d57846bfa4ce333398cb02a	44580
mods/heroes.stormmod/enus.stormassets/localizeddata/sounds/vo/witchdoctora_firstblood_red00.ogg	fcc0ebee7a8ed8691390a016b6296acf	40740
mods/heroes.stormmod/enus.stormassets/localizeddata/sounds/vo/witchdoctora_firstbloodally00.ogg	4219ffd7c9f275177b7e2c5aa98b2821	21036
mods/heroes.stormmod/enus.stormassets/localizeddata/sounds/vo/witchdoctora_fourkill00.ogg	d52eec3346fe451eee1f7732667983ed	15568
mods/heroes.stormmod/enus.stormassets/localizeddata/sounds/vo/witchdoctora_gamestart00.ogg	d54d2225d45482f998c223f3bc244a0a	44358
mods/heroes.stormmod/enus.stormassets/localizeddata/sounds/vo/witchdoctora_gamestart01.ogg	59f9b7e2f87079377372e1686fa43bc8	28115
mods/heroes.stormmod/enus.stormassets/localizeddata/sounds/vo/witchdoctora_gamestart02.ogg	9b412daa30cb140dfd54fa3e5282f3df	47409
mods/heroes.stormmod/enus.stormassets/localizeddata/sounds/vo/witchdoctora_gravestomp00.ogg	b5fdcb357890a39508f5716aa5bcb016	31173
mods/heroes.stormmod/enus.stormassets/localizeddata/sounds/vo/witchdoctora_gravestomp_observer00.ogg	4eb78d0ca2db8ef67b68699a45ec9795	30534
mods/heroes.stormmod/enus.stormassets/localizeddata/sounds/vo/witchdoctora_herokill00.ogg	b3b843a86d46090752acfe30a6193cff	25512
mods/heroes.stormmod/enus.stormassets/localizeddata/sounds/vo/witchdoctora_herokill01.ogg	d4259813d5f37ba803cf79341eb8ed5d	32257
mods/heroes.stormmod/enus.stormassets/localizeddata/sounds/vo/witchdoctora_herokill02_03.ogg	030e1c3b00d439f6733666d8ed5379f8	42391
mods/heroes.stormmod/enus.stormassets/localizeddata/sounds/vo/witchdoctora_herokill03.ogg	b5b3dbaf6791568cbcdb1076e969d1d2	25907
mods/heroes.stormmod/enus.stormassets/localizeddata/sounds/vo/witchdoctora_herokill04.ogg	5e900a4eabd62d7c18daed7601b020f4	32636
mods/heroes.stormmod/enus.stormassets/localizeddata/sounds/vo/witchdoctora_heroselect00.ogg	7fb9c7b88b637c0c00e7baecbe2735f6	30296
mods/heroes.stormmod/enus.stormassets/localizeddata/sounds/vo/witchdoctora_heroselect_observer00.ogg	b417cf92dd27a4c61a551bebaf111730	50516
mods/heroes.stormmod/enus.stormassets/localizeddata/sounds/vo/witchdoctora_heroselectplayer00.ogg	492882ada2b090ca9cc3d9162ddebaf7	37710
mods/heroes.stormmod/enus.stormassets/localizeddata/sounds/vo/witchdoctora_heroselectplayer01.ogg	7204347a54277c92a4bc66e3731dce6a	58411
mods/heroes.stormmod/enus.stormassets/localizeddata/sounds/vo/witchdoctora_heroselectplayer02.ogg	bf904a52123aba909593a7e99e5bc5a7	55141
mods/heroes.stormmod/enus.stormassets/localizeddata/sounds/vo/witchdoctora_heroslain00.ogg	b5bcef64bc6461e2ff7f5a2a88de3806	25342
mods/heroes.stormmod/enus.stormassets/localizeddata/sounds/vo/witchdoctora_heroslain01.ogg	a6d234931fd80013052206fdd5d77367	45228
mods/heroes.stormmod/enus.stormassets/localizeddata/sounds/vo/witchdoctora_heroslain02.ogg	1851cec1a9c622453299ed8357750632	67380
mods/heroes.stormmod/enus.stormassets/localizeddata/sounds/vo/witchdoctora_heroslain03.ogg	89c463baca3aa1d68dae884aabae2447	46856
mods/heroes.stormmod/enus.stormassets/localizeddata/sounds/vo/witchdoctora_keepdestroy00.ogg	8d8a5d5c935c73bddfc42a935dd5d6ce	28478
mods/heroes.stormmod/enus.stormassets/localizeddata/sounds/vo/witchdoctora_keepdestroy_blue00.ogg	a4c8529a66ef1604d2e0d6a58e0bbf3a	43234
mods/heroes.stormmod/enus.stormassets/localizeddata/sounds/vo/witchdoctora_keepdestroy_red00.ogg	89c0439d17742326ad022c9b936f62c1	39737
mods/heroes.stormmod/enus.stormassets/localizeddata/sounds/vo/witchdoctora_keeplost00.ogg	171748c2dcda2e511e78c6f2a2aea139	26267
mods/heroes.stormmod/enus.stormassets/localizeddata/sounds/vo/witchdoctora_kill_observer00.ogg	a9fa548512b67eb20f8957c7c64f0ffd	26744
mods/heroes.stormmod/enus.stormassets/localizeddata/sounds/vo/witchdoctora_megakill00.ogg	ce676b53f4f48342448f5b1b81916bc4	33936
mods/heroes.stormmod/enus.stormassets/localizeddata/sounds/vo/witchdoctora_outpostdestroy00.ogg	cc1749733f9509f9401eec819c27284f	29428
mods/heroes.stormmod/enus.stormassets/localizeddata/sounds/vo/witchdoctora_outpostdestroy01.ogg	841d4c2519148523c49d554808032017	26855
mods/heroes.stormmod/enus.stormassets/localizeddata/sounds/vo/witchdoctora_outpostdestroy02.ogg	59fe40f79285f8679c7079e20f2a6185	25101
mods/heroes.stormmod/enus.stormassets/localizeddata/sounds/vo/witchdoctora_outpostdestroy03.ogg	af89627df83eea2871c1953c46299dba	23460
mods/heroes.stormmod/enus.stormassets/localizeddata/sounds/vo/witchdoctora_outpostdestroy_blue00.ogg	fc368a78333f284a136ef9bf19cb98e7	42559
mods/heroes.stormmod/enus.stormassets/localizeddata/sounds/vo/witchdoctora_outpostdestroy_red00.ogg	3121b021ff5c225d766ed90abc9c1265	38322
mods/heroes.stormmod/enus.stormassets/localizeddata/sounds/vo/witchdoctora_outpostlost00.ogg	883375dad9d7472030926a35f440cce6	45163
mods/heroes.stormmod/enus.stormassets/localizeddata/sounds/vo/witchdoctora_outpostlost01.ogg	81217b9ef0833d1ead4d11978d18c2dc	33143
mods/heroes.stormmod/enus.stormassets/localizeddata/sounds/vo/witchdoctora_outpostlost02.ogg	f193f07bbda28a21d91a251ac3736e4a	30002
mods/heroes.stormmod/enus.stormassets/localizeddata/sounds/vo/witchdoctora_outpostlost03.ogg	20c46c1c747e151a8cfe6f13d171ccf0	42113
mods/heroes.stormmod/enus.stormassets/localizeddata/sounds/vo/witchdoctora_playerabandon00.ogg	80318af5c9affae0898f3a22785d4374	55164
mods/heroes.stormmod/enus.stormassets/localizeddata/sounds/vo/witchdoctora_playerrejoin00.ogg	92601a3b4c3ba2e25c0e6f35bc67f276	53522
mods/heroes.stormmod/enus.stormassets/localizeddata/sounds/vo/witchdoctora_revive00.ogg	b46dcd376d7a9a7bba8e5a9dbbbb5940	30921
mods/heroes.stormmod/enus.stormassets/localizeddata/sounds/vo/witchdoctora_revive_observer00.ogg	51c8da9a8f0c09e8242060ccfc4251fa	26904
mods/heroes.stormmod/enus.stormassets/localizeddata/sounds/vo/witchdoctora_spreeend00.ogg	42dd3ea5d2f4ed0a08164927b3d73c78	44513
mods/heroes.stormmod/enus.stormassets/localizeddata/sounds/vo/witchdoctora_spreeend_ally00.ogg	1d62d1e1ec66254a710c9e01746c17b7	46595
mods/heroes.stormmod/enus.stormassets/localizeddata/sounds/vo/witchdoctora_spreefirstupgrade00.ogg	4c3e0cd3821582ec883cc16a5e98a183	23765
mods/heroes.stormmod/enus.stormassets/localizeddata/sounds/vo/witchdoctora_spreemax00.ogg	0443c4c69bd438ef63c8929949d006f3	44737
mods/heroes.stormmod/enus.stormassets/localizeddata/sounds/vo/witchdoctora_spreesecondupgrade00.ogg	bad6fb551276cadfeb5f535a83b57102	27925
mods/heroes.stormmod/enus.stormassets/localizeddata/sounds/vo/witchdoctora_spreestart00.ogg	92fece4d612213a8cb7186340e408e60	21752
mods/heroes.stormmod/enus.stormassets/localizeddata/sounds/vo/witchdoctora_spreethirdupgrade00.ogg	a1ef776e14b89e818c78084e11ed7bbe	27742
mods/heroes.stormmod/enus.stormassets/localizeddata/sounds/vo/witchdoctora_talentunlock00.ogg	ea4b2da71c19d860e9ab77ff5f228932	22116
mods/heroes.stormmod/enus.stormassets/localizeddata/sounds/vo/witchdoctora_talentunlock01.ogg	0fbdda8c99bca212481fba85e9653c80	24314
mods/heroes.stormmod/enus.stormassets/localizeddata/sounds/vo/witchdoctora_talentunlock02.ogg	95156f7d2dac92f28055e035f2a17236	16764
mods/heroes.stormmod/enus.stormassets/localizeddata/sounds/vo/witchdoctora_teamkill00.ogg	34e0686aa9c63d9f552c590c5afca721	42374
mods/heroes.stormmod/enus.stormassets/localizeddata/sounds/vo/witchdoctora_teamkill_blue00.ogg	ec83843de728780bb7bcfa3ed1057ee5	28602
mods/heroes.stormmod/enus.stormassets/localizeddata/sounds/vo/witchdoctora_teamkill_red00.ogg	d27db72347d007d3caa7c668da2d73ca	32565
mods/heroes.stormmod/enus.stormassets/localizeddata/sounds/vo/witchdoctora_triplekill00.ogg	8347fbdd2695846fa3925ebf52e5d703	23210
mods/heroes.stormmod/enus.stormassets/localizeddata/sounds/vo/witchdoctora_triplekill01.ogg	42814af3348ceafe00a5c72fe879bed9	22830
mods/heroes.stormmod/enus.stormassets/localizeddata/sounds/vo/witchdoctora_triplekill02.ogg	04a6caca4c0822660c1d711d78199e84	23226
mods/heroes.stormmod/enus.stormassets/localizeddata/sounds/vo/witchdoctormadaxe_ai_attack00.ogg	e59646418c19f8444609f89b0aeb6d5b	32060
mods/heroes.stormmod/enus.stormassets/localizeddata/sounds/vo/witchdoctormadaxe_ai_attack01.ogg	694dbd2e53d0b4ef62bd56ac68ed8c39	33732
mods/heroes.stormmod/enus.stormassets/localizeddata/sounds/vo/witchdoctormadaxe_ai_attack02.ogg	54e79ec4822d6bf6835a2b8e8d6227ea	45892
mods/heroes.stormmod/enus.stormassets/localizeddata/sounds/vo/witchdoctormadaxe_ai_caution00.ogg	eaea3e0af6d98311ba275609ad5ccdb4	23947
mods/heroes.stormmod/enus.stormassets/localizeddata/sounds/vo/witchdoctormadaxe_ai_goodjob00.ogg	4642ba21ff2377ab29e7193279cb1aa7	18550
mods/heroes.stormmod/enus.stormassets/localizeddata/sounds/vo/witchdoctormadaxe_ai_goodjob01.ogg	bc6543c4c27ebcdfb8a43c4a84a4c3b1	25759
mods/heroes.stormmod/enus.stormassets/localizeddata/sounds/vo/witchdoctormadaxe_ai_goodjob02.ogg	7b7ca5e02ef666142bb3a446d3a0b05d	20194
mods/heroes.stormmod/enus.stormassets/localizeddata/sounds/vo/witchdoctormadaxe_ai_heal00.ogg	14838992d821d1b3d5104a142b76af25	43096
mods/heroes.stormmod/enus.stormassets/localizeddata/sounds/vo/witchdoctormadaxe_ai_heal01.ogg	56c881c9ac38dab4d69184972ac8aee9	28417
mods/heroes.stormmod/enus.stormassets/localizeddata/sounds/vo/witchdoctormadaxe_ai_onmyway00.ogg	23c5566ea4b3462e85c69b333db34a65	22550
mods/heroes.stormmod/enus.stormassets/localizeddata/sounds/vo/witchdoctormadaxe_ai_onmyway01.ogg	3f2131ba1927af690978e5e657f51b7d	24390
mods/heroes.stormmod/enus.stormassets/localizeddata/sounds/vo/witchdoctormadaxe_ai_retreat00.ogg	68054a10f32f778cc31b7fbfa8fdac41	40391
mods/heroes.stormmod/enus.stormassets/localizeddata/sounds/vo/witchdoctormadaxe_ai_retreat01.ogg	77db13982e1fab142cbc5080e316fd5b	33533
mods/heroes.stormmod/enus.stormassets/localizeddata/sounds/vo/witchdoctormadaxe_ai_uhoh00.ogg	b928cd9fd299d9f856907b99e04e477b	18117
mods/heroes.stormmod/enus.stormassets/localizeddata/sounds/vo/witchdoctormadaxe_ai_uhoh01.ogg	998866d31efc3a55441923eb486c5926	20832
mods/heroes.stormmod/enus.stormassets/localizeddata/sounds/vo/witchdoctormadaxe_ai_uhoh02.ogg	e82bdd4a5248660f1c7a871863d2a521	18689
mods/heroes.stormmod/enus.stormassets/localizeddata/sounds/vo/witchdoctormadaxe_attack00.ogg	60b30b06575564140ff7baa0c23b796b	24354
mods/heroes.stormmod/enus.stormassets/localizeddata/sounds/vo/witchdoctormadaxe_attack01.ogg	3f510fd130a1a553427b7878886af257	26431
mods/heroes.stormmod/enus.stormassets/localizeddata/sounds/vo/witchdoctormadaxe_attack02.ogg	f1f185666806c19866f8877d41b7f620	25134
mods/heroes.stormmod/enus.stormassets/localizeddata/sounds/vo/witchdoctormadaxe_attack03.ogg	667029bb124e46d8e1c6c639ff2585d3	24404
mods/heroes.stormmod/enus.stormassets/localizeddata/sounds/vo/witchdoctormadaxe_attack04.ogg	62aa943928df9f6b62c898ffd324e52e	21435
mods/heroes.stormmod/enus.stormassets/localizeddata/sounds/vo/witchdoctormadaxe_attack05.ogg	6c0ef2c8c5102d9711e9c7161c4a9e48	25480
mods/heroes.stormmod/enus.stormassets/localizeddata/sounds/vo/witchdoctormadaxe_attack06.ogg	f479cb2dd5e75637e2c6c08eff1db932	26186
mods/heroes.stormmod/enus.stormassets/localizeddata/sounds/vo/witchdoctormadaxe_celebrate00.ogg	ee38d70f9e968a97ad7dac9032861dc2	20650
mods/heroes.stormmod/enus.stormassets/localizeddata/sounds/vo/witchdoctormadaxe_celebrate01.ogg	f88dab657014b5cecd4f199a7ea8a4fb	22223
mods/heroes.stormmod/enus.stormassets/localizeddata/sounds/vo/witchdoctormadaxe_comeback00.ogg	a470ded8b214ace86b74e56143b06a24	39177
mods/heroes.stormmod/enus.stormassets/localizeddata/sounds/vo/witchdoctormadaxe_death00.wav	821147ad11edc73a90bbe500ae0f01e0	86844
mods/heroes.stormmod/enus.stormassets/localizeddata/sounds/vo/witchdoctormadaxe_death01.wav	954769e8db04aa57daba77d0c7bd5542	90940
mods/heroes.stormmod/enus.stormassets/localizeddata/sounds/vo/witchdoctormadaxe_death02.wav	6d379f3d77c2c4301d0feb82642acc63	63292
mods/heroes.stormmod/enus.stormassets/localizeddata/sounds/vo/witchdoctormadaxe_death03.wav	f27b0aac280a2d07cce26597a8abccd0	56636
mods/heroes.stormmod/enus.stormassets/localizeddata/sounds/vo/witchdoctormadaxe_death04.wav	cb4a01ea50fec0e77f7fefd7a26e43c9	62268
mods/heroes.stormmod/enus.stormassets/localizeddata/sounds/vo/witchdoctormadaxe_death05.wav	cee949d9ad39ffee745fdda4d71bf706	46652
mods/heroes.stormmod/enus.stormassets/localizeddata/sounds/vo/witchdoctormadaxe_death06.wav	c549cf875987a98c1241a3a1b51390fc	43068
mods/heroes.stormmod/enus.stormassets/localizeddata/sounds/vo/witchdoctormadaxe_death07.wav	abb6be3a9c7c9223f4867f32e8c0dea7	51004
mods/heroes.stormmod/enus.stormassets/localizeddata/sounds/vo/witchdoctormadaxe_death08.wav	001d1442d6ac46671ec5d0ec8bf1fdfb	75836
mods/heroes.stormmod/enus.stormassets/localizeddata/sounds/vo/witchdoctormadaxe_healed00.ogg	0fcbc388d4ac09ea47e0a33828a9275c	25221
mods/heroes.stormmod/enus.stormassets/localizeddata/sounds/vo/witchdoctormadaxe_healed01.ogg	cfdcb0a92551f55326d2afc9775401af	25610
mods/heroes.stormmod/enus.stormassets/localizeddata/sounds/vo/witchdoctormadaxe_healed02.ogg	a96154c5d7e9be01ba909cf16e915dfb	18215
mods/heroes.stormmod/enus.stormassets/localizeddata/sounds/vo/witchdoctormadaxe_introagree00.ogg	05e9403dffc0ecbe6a1cec6ff749cf1c	31269
mods/heroes.stormmod/enus.stormassets/localizeddata/sounds/vo/witchdoctormadaxe_introagree01.ogg	830862d5bb19ce01faca06b3daa1b9ae	19076
mods/heroes.stormmod/enus.stormassets/localizeddata/sounds/vo/witchdoctormadaxe_introagree02.ogg	e21ee5eb98fb3a9236d5ef06fe01cd34	18054
mods/heroes.stormmod/enus.stormassets/localizeddata/sounds/vo/witchdoctormadaxe_introboast00.ogg	0265b96121d7ba785e594987081150ea	47402
mods/heroes.stormmod/enus.stormassets/localizeddata/sounds/vo/witchdoctormadaxe_introquestion00.ogg	7bdc9ec42fa55942568a06801ab71397	28995
mods/heroes.stormmod/enus.stormassets/localizeddata/sounds/vo/witchdoctormadaxe_introquestion01.ogg	1b6b206ff7c933b22b1c04609cb2bb20	28918
mods/heroes.stormmod/enus.stormassets/localizeddata/sounds/vo/witchdoctormadaxe_introquestion_d3hero00.ogg	dc2158ea55524b986b647c7efdb69e0a	59579
mods/heroes.stormmod/enus.stormassets/localizeddata/sounds/vo/witchdoctormadaxe_introquestion_demon00.ogg	8eabe611f5dc814a481f5ba6cd55cbe9	41208
mods/heroes.stormmod/enus.stormassets/localizeddata/sounds/vo/witchdoctormadaxe_introquestion_murky00.ogg	cdec50bcd464516b6da778999ffce65e	40871
mods/heroes.stormmod/enus.stormassets/localizeddata/sounds/vo/witchdoctormadaxe_introquestion_negative00.ogg	580f13b2888038af5a3d785fa2d337a8	36370
mods/heroes.stormmod/enus.stormassets/localizeddata/sounds/vo/witchdoctormadaxe_introquestion_positive00.ogg	0f669d7283d4b929b1da4aff936afe0b	23778
mods/heroes.stormmod/enus.stormassets/localizeddata/sounds/vo/witchdoctormadaxe_introquestion_tyrael00.ogg	4ac986af4cdc44fdd0da2405bdaf3910	44419
mods/heroes.stormmod/enus.stormassets/localizeddata/sounds/vo/witchdoctormadaxe_introrespond00.ogg	6f76e3eef1871816185ac17275f3049d	27249
mods/heroes.stormmod/enus.stormassets/localizeddata/sounds/vo/witchdoctormadaxe_introrespond01.ogg	1067029ea38dd926b2738d78f5f63183	20765
mods/heroes.stormmod/enus.stormassets/localizeddata/sounds/vo/witchdoctormadaxe_introrespond02.ogg	22d985ae0a1f41bda63718b4f1e1d460	27091
mods/heroes.stormmod/enus.stormassets/localizeddata/sounds/vo/witchdoctormadaxe_introresponse_d3hero00.ogg	5ffe5258d3ea1f365408f5c9787ffb9c	25353
mods/heroes.stormmod/enus.stormassets/localizeddata/sounds/vo/witchdoctormadaxe_introresponse_demon00.ogg	05aa62e3ef0eaf9e3fcac91b6ecfdbf4	30619
mods/heroes.stormmod/enus.stormassets/localizeddata/sounds/vo/witchdoctormadaxe_introresponse_murky00.ogg	8320aaf48e2ff1e62e005a5442582941	13694
mods/heroes.stormmod/enus.stormassets/localizeddata/sounds/vo/witchdoctormadaxe_introresponse_negative00.ogg	2fea4afa12450d0b440e64c877d7fe70	37477
mods/heroes.stormmod/enus.stormassets/localizeddata/sounds/vo/witchdoctormadaxe_introresponse_positive00.ogg	86a6f317d3e561365f2747f1229a7202	32351
mods/heroes.stormmod/enus.stormassets/localizeddata/sounds/vo/witchdoctormadaxe_introresponse_tyrael00.ogg	467b18dfcf66f69239d271634d813b59	23071
mods/heroes.stormmod/enus.stormassets/localizeddata/sounds/vo/witchdoctormadaxe_kill00.ogg	40719143b7e832e0a0911d0bd6f6093b	17222
mods/heroes.stormmod/enus.stormassets/localizeddata/sounds/vo/witchdoctormadaxe_kill01.ogg	df16b801f5d1e1a7a1eafeacd7a3ce94	36752
mods/heroes.stormmod/enus.stormassets/localizeddata/sounds/vo/witchdoctormadaxe_kill02.ogg	94c3307cdb49ee6649598971b24abec6	30854
mods/heroes.stormmod/enus.stormassets/localizeddata/sounds/vo/witchdoctormadaxe_kill03.ogg	ee1071f89ca83221316c99854671a6c1	22224
mods/heroes.stormmod/enus.stormassets/localizeddata/sounds/vo/witchdoctormadaxe_kill04.ogg	e309c35c0187a25f778273fefc7a2432	23457
mods/heroes.stormmod/enus.stormassets/localizeddata/sounds/vo/witchdoctormadaxe_killarthas00.ogg	b729335b9288571902c669f78a237c4c	27118
mods/heroes.stormmod/enus.stormassets/localizeddata/sounds/vo/witchdoctormadaxe_killdiablo00.ogg	cf0e246ff2e16fb72bb8903c7e0234ec	29560
mods/heroes.stormmod/enus.stormassets/localizeddata/sounds/vo/witchdoctormadaxe_killspreeend00.ogg	14e8a380c4f61f9618022d2028171e19	26205
mods/heroes.stormmod/enus.stormassets/localizeddata/sounds/vo/witchdoctormadaxe_killstitches00.ogg	ea5b6d63d3b56fad4cace3d47e732b2e	21006
mods/heroes.stormmod/enus.stormassets/localizeddata/sounds/vo/witchdoctormadaxe_laugh00.ogg	bdba7d6a7ec37faf8f2c1e0f6513fb5b	27872
mods/heroes.stormmod/enus.stormassets/localizeddata/sounds/vo/witchdoctormadaxe_lowlifeheal00.ogg	f221858dc38bb05de071f2cf63264fbf	30240
mods/heroes.stormmod/enus.stormassets/localizeddata/sounds/vo/witchdoctormadaxe_lowlifeheal01.ogg	6432a5aebf421388f60807eaa450a7f3	31333
mods/heroes.stormmod/enus.stormassets/localizeddata/sounds/vo/witchdoctormadaxe_lowlifeheal02.ogg	00d395003dd2a6242196a6803506c528	52874
mods/heroes.stormmod/enus.stormassets/localizeddata/sounds/vo/witchdoctormadaxe_lowmana00.ogg	77cdd6342baa4fc7d7c708ba2bba4524	21106
mods/heroes.stormmod/enus.stormassets/localizeddata/sounds/vo/witchdoctormadaxe_lowmana01.ogg	baa3aab811f92f6afa4829834de433f4	18452
mods/heroes.stormmod/enus.stormassets/localizeddata/sounds/vo/witchdoctormadaxe_lowmana02.ogg	1894b9bbb9e07929421cbc38fd60b272	20143
mods/heroes.stormmod/enus.stormassets/localizeddata/sounds/vo/witchdoctormadaxe_matchend00.ogg	f1f0d2e9753384ef87dbf31af4bea63e	21068
mods/heroes.stormmod/enus.stormassets/localizeddata/sounds/vo/witchdoctormadaxe_matchend01.ogg	9ab7b681fe75023a17471ffaf99b519c	23132
mods/heroes.stormmod/enus.stormassets/localizeddata/sounds/vo/witchdoctormadaxe_no00.ogg	953ab534bff6d90d2bb46f80f8fe049f	20897
mods/heroes.stormmod/enus.stormassets/localizeddata/sounds/vo/witchdoctormadaxe_no01.ogg	2c6f711bbc6749ce1485252deaf142ad	19263
mods/heroes.stormmod/enus.stormassets/localizeddata/sounds/vo/witchdoctormadaxe_no02.ogg	8eedeeeba3edb744876b95ad54d3864e	15458
mods/heroes.stormmod/enus.stormassets/localizeddata/sounds/vo/witchdoctormadaxe_ping_assisthero00.ogg	3c306567b5e269b7e9b05d1bfbe5887e	26338
mods/heroes.stormmod/enus.stormassets/localizeddata/sounds/vo/witchdoctormadaxe_ping_assistme00.ogg	de24e91b2943c1cd5123a8ed1fc91cbe	19929
mods/heroes.stormmod/enus.stormassets/localizeddata/sounds/vo/witchdoctormadaxe_ping_assistme01.ogg	5cb9dd0f9fe7e2739c0dc6883c7d8922	18300
mods/heroes.stormmod/enus.stormassets/localizeddata/sounds/vo/witchdoctormadaxe_ping_attackcastle00.ogg	2d653cca19d21a80a516ca0ee7094129	26824
mods/heroes.stormmod/enus.stormassets/localizeddata/sounds/vo/witchdoctormadaxe_ping_attackmerc00.ogg	7d8da14f11f13e74725e5922f57c7684	34395
mods/heroes.stormmod/enus.stormassets/localizeddata/sounds/vo/witchdoctormadaxe_ping_attackoutpost00.ogg	74f348d3bd2df96c98d5c8e99496290b	23452
mods/heroes.stormmod/enus.stormassets/localizeddata/sounds/vo/witchdoctormadaxe_ping_attacktower00.ogg	068f61bb75169baf938af34587537629	23625
mods/heroes.stormmod/enus.stormassets/localizeddata/sounds/vo/witchdoctormadaxe_ping_danger00.ogg	00896ba1cb2ac6165713d3da028fabe2	16207
mods/heroes.stormmod/enus.stormassets/localizeddata/sounds/vo/witchdoctormadaxe_ping_danger01.ogg	f8b39ff5c0ad7b11faac18e0a1b1bf6b	19902
mods/heroes.stormmod/enus.stormassets/localizeddata/sounds/vo/witchdoctormadaxe_ping_defend00.ogg	8b5059a7fb165554b31940bf2155df70	28888
mods/heroes.stormmod/enus.stormassets/localizeddata/sounds/vo/witchdoctormadaxe_ping_defendcastle00.ogg	845a39cf6aaa5dc6ef0481c61f0f0b0b	23068
mods/heroes.stormmod/enus.stormassets/localizeddata/sounds/vo/witchdoctormadaxe_ping_defendoutpost00.ogg	1eb6f7263d169a6d9fa3ef141e9abc6f	25164
mods/heroes.stormmod/enus.stormassets/localizeddata/sounds/vo/witchdoctormadaxe_ping_defendthing00.ogg	d504ceed7c2518da528d75c41ead1a00	31631
mods/heroes.stormmod/enus.stormassets/localizeddata/sounds/vo/witchdoctormadaxe_ping_defendthing01.ogg	579d1c6c469282c4936e1a86612bb649	23352
mods/heroes.stormmod/enus.stormassets/localizeddata/sounds/vo/witchdoctormadaxe_ping_defendtower00.ogg	900f2e123075b2a8db343b45e4a3a416	20948
mods/heroes.stormmod/enus.stormassets/localizeddata/sounds/vo/witchdoctormadaxe_ping_enemymissing00.ogg	b2ca9422f8704f179fa2fb540fbbd823	28765
mods/heroes.stormmod/enus.stormassets/localizeddata/sounds/vo/witchdoctormadaxe_ping_enemymissing01.ogg	b4a62c34aadab2364aa33035d71592ab	32528
mods/heroes.stormmod/enus.stormassets/localizeddata/sounds/vo/witchdoctormadaxe_ping_killhero00.ogg	9e115cece6d9f4b58c10e25813680160	24778
mods/heroes.stormmod/enus.stormassets/localizeddata/sounds/vo/witchdoctormadaxe_ping_onmyway00.ogg	5a40898149a492f184d72d8b632b39e4	20220
mods/heroes.stormmod/enus.stormassets/localizeddata/sounds/vo/witchdoctormadaxe_ping_onmyway01.ogg	e6b379a8ad8325a6bd7fa8e3925781c8	19278
mods/heroes.stormmod/enus.stormassets/localizeddata/sounds/vo/witchdoctormadaxe_ping_retreat00.ogg	a978a46e67e6778cadde07e8fbebdaa9	15357
mods/heroes.stormmod/enus.stormassets/localizeddata/sounds/vo/witchdoctormadaxe_ping_retreat01.ogg	16102e4a05e68659035639fd515742ca	18282
mods/heroes.stormmod/enus.stormassets/localizeddata/sounds/vo/witchdoctormadaxe_pissed00.ogg	dedf43eff56b4a3f4f405ec5a75c9150	17240
mods/heroes.stormmod/enus.stormassets/localizeddata/sounds/vo/witchdoctormadaxe_pissed01.ogg	1383a0301db72317b1f605d726ad0830	21897
mods/heroes.stormmod/enus.stormassets/localizeddata/sounds/vo/witchdoctormadaxe_pissed02.ogg	b738aa34114f3ad9433c8a4b1fc41c1e	30885
mods/heroes.stormmod/enus.stormassets/localizeddata/sounds/vo/witchdoctormadaxe_pissed03.ogg	580e33cc9425f60d4773b47c6a4b1050	35652
mods/heroes.stormmod/enus.stormassets/localizeddata/sounds/vo/witchdoctormadaxe_pissed04.ogg	e0f99134b6c2ebab8689674cf02618fa	38418
mods/heroes.stormmod/enus.stormassets/localizeddata/sounds/vo/witchdoctormadaxe_pissed06.ogg	2826f19a61d1c82b414c7119f6c20e14	80223
mods/heroes.stormmod/enus.stormassets/localizeddata/sounds/vo/witchdoctormadaxe_pissed07.ogg	e856bb880120ae738678005ee5bce373	103034
mods/heroes.stormmod/enus.stormassets/localizeddata/sounds/vo/witchdoctormadaxe_pissed08.ogg	062476231463475149574c3a461988da	104789
mods/heroes.stormmod/enus.stormassets/localizeddata/sounds/vo/witchdoctormadaxe_pissed09.ogg	73218ab2cc3ec8775e7973f55c86901e	53737
mods/heroes.stormmod/enus.stormassets/localizeddata/sounds/vo/witchdoctormadaxe_pissed10.ogg	3be232a3de44e0f16ef64692793d46e3	59540
mods/heroes.stormmod/enus.stormassets/localizeddata/sounds/vo/witchdoctormadaxe_pissed11.ogg	18620cc11425ad5e08200e1fceacc684	29983
mods/heroes.stormmod/enus.stormassets/localizeddata/sounds/vo/witchdoctormadaxe_pissed12.ogg	b1eb0bb4fe7db7ea215dfb508976b653	38735
mods/heroes.stormmod/enus.stormassets/localizeddata/sounds/vo/witchdoctormadaxe_pissed13.ogg	f3993bcfd606c75913f941bae5d6ba64	87110
mods/heroes.stormmod/enus.stormassets/localizeddata/sounds/vo/witchdoctormadaxe_pissed14.ogg	99e35f0849f2b6c660cd3d1f3abd8d63	93842
mods/heroes.stormmod/enus.stormassets/localizeddata/sounds/vo/witchdoctormadaxe_resurrected00.ogg	af0158fe2dc43ec9d349507db5d4634a	31136
mods/heroes.stormmod/enus.stormassets/localizeddata/sounds/vo/witchdoctormadaxe_resurrected01.ogg	9742c6beb64c237796416dc78f06751b	31694
mods/heroes.stormmod/enus.stormassets/localizeddata/sounds/vo/witchdoctormadaxe_revive00.ogg	5168adb4ea7204f794cc6598703105d3	33361
mods/heroes.stormmod/enus.stormassets/localizeddata/sounds/vo/witchdoctormadaxe_revive01.ogg	bb42e8128f126300dfaa85194fbf1f94	36126
mods/heroes.stormmod/enus.stormassets/localizeddata/sounds/vo/witchdoctormadaxe_revive02.ogg	451edf94c3708b098373b9bdf76b4265	31922
mods/heroes.stormmod/enus.stormassets/localizeddata/sounds/vo/witchdoctormadaxe_social_dance01.ogg	e52677dd7f06fa6e503ff1718a512532	23007
mods/heroes.stormmod/enus.stormassets/localizeddata/sounds/vo/witchdoctormadaxe_spec00.ogg	1e642db3716557c75f32fb520d9ff312	31742
mods/heroes.stormmod/enus.stormassets/localizeddata/sounds/vo/witchdoctormadaxe_spec01.ogg	b174fe6054b5b8d77551957301809e53	24772
mods/heroes.stormmod/enus.stormassets/localizeddata/sounds/vo/witchdoctormadaxe_spec02.ogg	d97913ec2a90e3bb1a23587f03333097	31871
mods/heroes.stormmod/enus.stormassets/localizeddata/sounds/vo/witchdoctormadaxe_spec03.ogg	6bbfe4cbf461420328de4f24277f8e0e	30168
mods/heroes.stormmod/enus.stormassets/localizeddata/sounds/vo/witchdoctormadaxe_spec04.ogg	5a35fda5e29942520fc0a0bc1dbeebf9	22095
mods/heroes.stormmod/enus.stormassets/localizeddata/sounds/vo/witchdoctormadaxe_taunt00.ogg	128919c1156881b8bfec8bee666869f3	34164
mods/heroes.stormmod/enus.stormassets/localizeddata/sounds/vo/witchdoctormadaxe_taunt01.ogg	c7dd0eea66361184893e56deada276a2	28370
mods/heroes.stormmod/enus.stormassets/localizeddata/sounds/vo/witchdoctormadaxe_taunt02.ogg	91ca5da52727ae18a846ddd89b25b3f0	31704
mods/heroes.stormmod/enus.stormassets/localizeddata/sounds/vo/witchdoctormadaxe_teamkilled00.ogg	3f514f0258480ce66c756944d916beea	38760
mods/heroes.stormmod/enus.stormassets/localizeddata/sounds/vo/witchdoctormadaxe_ui_exlocked00.ogg	bab7ff5204ccd5f5dc2ee70766edc9c2	21211
mods/heroes.stormmod/enus.stormassets/localizeddata/sounds/vo/witchdoctormadaxe_ui_expurchased00.ogg	edb7e32571a6a9640c57843f55a7aa65	33911
mods/heroes.stormmod/enus.stormassets/localizeddata/sounds/vo/witchdoctormadaxe_ui_gift00.ogg	2b2556ab04d1cdda8ecbf8b8e510d578	23639
mods/heroes.stormmod/enus.stormassets/localizeddata/sounds/vo/witchdoctormadaxe_ui_lockin00.ogg	96431c209b8632cd7177f99a7538f16e	23679
mods/heroes.stormmod/enus.stormassets/localizeddata/sounds/vo/witchdoctormadaxe_ui_purchase00.ogg	b85dcda3300fa6823ab8a962ff122f07	32310
mods/heroes.stormmod/enus.stormassets/localizeddata/sounds/vo/witchdoctormadaxe_ui_trial00.ogg	214c3bea6e7c6383999675d01baad4ef	28600
mods/heroes.stormmod/enus.stormassets/localizeddata/sounds/vo/witchdoctormadaxe_ui_trial01.ogg	74cc7b8ceeecfca95ef22059c54aaf3c	46578
mods/heroes.stormmod/enus.stormassets/localizeddata/sounds/vo/witchdoctormadaxe_ui_waitlocked00.ogg	4deb6642dc81f24b8071d16afd31253a	46690
mods/heroes.stormmod/enus.stormassets/localizeddata/sounds/vo/witchdoctormadaxe_ui_waitlocked01.ogg	194ddaf51a9a08bc3cd4b5e8608f7391	45055
mods/heroes.stormmod/enus.stormassets/localizeddata/sounds/vo/witchdoctormadaxe_ui_waitpurchased00.ogg	7cd75dda6571663fb99c40b5d753f2b3	33754
mods/heroes.stormmod/enus.stormassets/localizeddata/sounds/vo/witchdoctormadaxe_ui_waitpurchased01.ogg	6326c98d1b4343c27ae0150088925789	52414
mods/heroes.stormmod/enus.stormassets/localizeddata/sounds/vo/witchdoctormadaxe_ultimate1used00.ogg	a8704a091baaa7b2fa9ebfcfbcef25de	27644
mods/heroes.stormmod/enus.stormassets/localizeddata/sounds/vo/witchdoctormadaxe_ultimate1used01.ogg	9c8ae3e7b17c4a59ed7551403747f918	42589
mods/heroes.stormmod/enus.stormassets/localizeddata/sounds/vo/witchdoctormadaxe_ultimate2used00.ogg	c5a33cc4c47469a5359f06cd36bb87f7	26847
mods/heroes.stormmod/enus.stormassets/localizeddata/sounds/vo/witchdoctormadaxe_ultimate2used01.ogg	0c79bbf726d387d3e724f3b14ccec7d6	20113
mods/heroes.stormmod/enus.stormassets/localizeddata/sounds/vo/witchdoctormadaxe_ultimate2used02.ogg	e03428a3cd9a6b597023ea374d95adc7	31422
mods/heroes.stormmod/enus.stormassets/localizeddata/sounds/vo/witchdoctormadaxe_voicelinefive00.ogg	e52677dd7f06fa6e503ff1718a512532	23007
mods/heroes.stormmod/enus.stormassets/localizeddata/sounds/vo/witchdoctormadaxe_voicelinefour00.ogg	e34fc1737bebae124ea3fead8fa246cf	24522
mods/heroes.stormmod/enus.stormassets/localizeddata/sounds/vo/witchdoctormadaxe_voicelineone00.ogg	96431c209b8632cd7177f99a7538f16e	23679
mods/heroes.stormmod/enus.stormassets/localizeddata/sounds/vo/witchdoctormadaxe_voicelinethree00.ogg	667029bb124e46d8e1c6c639ff2585d3	24404
mods/heroes.stormmod/enus.stormassets/localizeddata/sounds/vo/witchdoctormadaxe_voicelinetwo00.ogg	bb42e8128f126300dfaa85194fbf1f94	36126
mods/heroes.stormmod/enus.stormassets/localizeddata/sounds/vo/witchdoctormadaxe_vox_attack01.ogg	dffceeb8dee513cd87eeda3e2eaad088	12363
mods/heroes.stormmod/enus.stormassets/localizeddata/sounds/vo/witchdoctormadaxe_vox_attack02.ogg	ad01bfa2b80a9ac2b1f82f8712f3c6c4	14249
mods/heroes.stormmod/enus.stormassets/localizeddata/sounds/vo/witchdoctormadaxe_vox_attack03.ogg	bcf31db92fa89400777cdaa8b96355f2	12372
mods/heroes.stormmod/enus.stormassets/localizeddata/sounds/vo/witchdoctormadaxe_vox_attack04.ogg	60a184e44146e3534129c2f8c49aadf9	11585
mods/heroes.stormmod/enus.stormassets/localizeddata/sounds/vo/witchdoctormadaxe_vox_attack05.ogg	ba3a0fd97f757ae98aaec187e7aaf58b	13244
mods/heroes.stormmod/enus.stormassets/localizeddata/sounds/vo/witchdoctormadaxe_vox_casting00.ogg	cb4d145f8743398591abf86f69b049ea	11880
mods/heroes.stormmod/enus.stormassets/localizeddata/sounds/vo/witchdoctormadaxe_vox_casting01.ogg	602fd9a9abb23479217ff5d71bc329b4	10152
mods/heroes.stormmod/enus.stormassets/localizeddata/sounds/vo/witchdoctormadaxe_vox_casting03.ogg	0f6a3622426ef02389978b88fe094506	12359
mods/heroes.stormmod/enus.stormassets/localizeddata/sounds/vo/witchdoctormadaxe_vox_casting04.ogg	8574b7517c0d063c2272a05e911310a4	9398
mods/heroes.stormmod/enus.stormassets/localizeddata/sounds/vo/witchdoctormadaxe_vox_casting05.ogg	96ec3dce71f10fc02da0a1c2dff881dd	12756
mods/heroes.stormmod/enus.stormassets/localizeddata/sounds/vo/witchdoctormadaxe_vox_cheer00.ogg	deacc42115ee32cde132b914b510ab7b	16891
mods/heroes.stormmod/enus.stormassets/localizeddata/sounds/vo/witchdoctormadaxe_vox_gethit00.ogg	82e5a2a410185de0d86957dc82eb0bdc	8250
mods/heroes.stormmod/enus.stormassets/localizeddata/sounds/vo/witchdoctormadaxe_vox_gethit01.ogg	9492430521374273364e5ec0f7612850	10268
mods/heroes.stormmod/enus.stormassets/localizeddata/sounds/vo/witchdoctormadaxe_vox_gethit02.ogg	087cd404e2323e1a0fc97b1d1d30f477	7867
mods/heroes.stormmod/enus.stormassets/localizeddata/sounds/vo/witchdoctormadaxe_vox_gethit03.ogg	72a9340501aa5d2e8a293b538dffb1dc	7561
mods/heroes.stormmod/enus.stormassets/localizeddata/sounds/vo/witchdoctormadaxe_vox_gethit04.ogg	8270289c4e3d518632db1c1a6ce0ad10	10221
mods/heroes.stormmod/enus.stormassets/localizeddata/sounds/vo/witchdoctormadaxe_vox_gethit05.ogg	3c3ff0be1d28fe627a2291221100161c	7417
mods/heroes.stormmod/enus.stormassets/localizeddata/sounds/vo/witchdoctormadaxe_vox_gethit06.ogg	0be238c050dcf1bd6bacfc2ce8ded0d1	8326
mods/heroes.stormmod/enus.stormassets/localizeddata/sounds/vo/witchdoctormadaxe_vox_gethit07.ogg	534ca786ffc75cc693b858d2a7d6b5cb	7663
mods/heroes.stormmod/enus.stormassets/localizeddata/sounds/vo/witchdoctormadaxe_vox_gethit08.ogg	8ea6c4be1aeff04b9bcc9b381275a257	9720
mods/heroes.stormmod/enus.stormassets/localizeddata/sounds/vo/witchdoctormadaxe_vox_gethit09.ogg	80c1869a68efdac7cc5c161bb50a54c2	7796
mods/heroes.stormmod/enus.stormassets/localizeddata/sounds/vo/witchdoctormadaxe_vox_gethit10.ogg	3c39143597d16292af09f32d0a881a30	10756
mods/heroes.stormmod/enus.stormassets/localizeddata/sounds/vo/witchdoctormadaxe_vox_gethit11.ogg	6f83a43bdbed22c9cfff3a799bcc763d	7626
mods/heroes.stormmod/enus.stormassets/localizeddata/sounds/vo/witchdoctormadaxe_vox_pulled00.ogg	d8447dffa7fca7b30096677d5ded715f	11481
mods/heroes.stormmod/enus.stormassets/localizeddata/sounds/vo/witchdoctormadaxe_vox_pulled01.ogg	482bdb45c18e58029c0f6b87cff4d29b	12324
mods/heroes.stormmod/enus.stormassets/localizeddata/sounds/vo/witchdoctormadaxe_vox_pulled02.ogg	bcf4a292e45235bc1c650f2dff6d02c2	9904
mods/heroes.stormmod/enus.stormassets/localizeddata/sounds/vo/witchdoctormadaxe_vox_pulled03.ogg	c7d554d99876e19d44cfdabbf23dba04	10996
mods/heroes.stormmod/enus.stormassets/localizeddata/sounds/vo/witchdoctormadaxe_vox_pulled04.ogg	6b2649e8d5a22fdfc99ba1102cf78ad4	8891
mods/heroes.stormmod/enus.stormassets/localizeddata/sounds/vo/witchdoctormadaxe_worthit00.ogg	60beada4c440532ccff65bcca1d755be	34795
mods/heroes.stormmod/enus.stormassets/localizeddata/sounds/vo/witchdoctormadaxe_worthit01.ogg	ea4a7c5685ddcb723be5b765f524445d	34296
mods/heroes.stormmod/enus.stormassets/localizeddata/sounds/vo/witchdoctormadaxe_yes00.ogg	27d7cbdae5f63781790ef6e41d1dbca8	13979
mods/heroes.stormmod/enus.stormassets/localizeddata/sounds/vo/witchdoctormadaxe_yes01.ogg	7694c6732cc660999953297f69364b30	29071
mods/heroes.stormmod/enus.stormassets/localizeddata/sounds/vo/witchdoctormadaxe_yes02.ogg	0fb550112cbf2e492b95ea53781f6ab2	22812
mods/heroes.stormmod/enus.stormassets/localizeddata/sounds/vo/witchdoctormadaxe_yes03.ogg	adf3edcfbb3b85ae4e842b931f15b638	25185
mods/heroes.stormmod/enus.stormassets/localizeddata/sounds/vo/witchdoctormadaxe_yes04.ogg	109955c295f2fba8ab6886da0a5efe88	13550
mods/heroes.stormmod/enus.stormassets/localizeddata/sounds/vo/witchdoctormadaxe_yes05.ogg	23d07d6b6e35a1c1e9aa611ebd67aa1c	18783
mods/heroes.stormmod/enus.stormassets/localizeddata/sounds/vo/witchdoctormadaxe_yes06.ogg	58d117ac12cf79a5109f1e627ec46beb	21810
mods/heroes.stormmod/enus.stormassets/localizeddata/sounds/vo/witchdoctormadaxe_yes07.ogg	bbade1f65f006bbd0d10e238b8cadcc8	22070
mods/heroes.stormmod/enus.stormassets/localizeddata/sounds/vo/witchdoctormadaxe_yes08.ogg	82b5fb191e529de977498032690d5051	24535
mods/heroes.stormmod/enus.stormassets/localizeddata/sounds/vo/wizarda_doublekill00.fxe	b891987b45db5fa1710dc1c5fe3b8558	1372
mods/heroes.stormmod/enus.stormassets/localizeddata/sounds/vo/wizarda_doublekill00.ogg	8710178c894df39e8fbc871ff38f8e2d	31071
mods/heroes.stormmod/enus.stormassets/localizeddata/sounds/vo/wizarda_doublekill01.fxe	04a1bea6b4d5a29a2ddb350f0d99b66f	1356
mods/heroes.stormmod/enus.stormassets/localizeddata/sounds/vo/wizarda_doublekill01.ogg	c177867fc9be0acaee71a5d11bae8614	17529
mods/heroes.stormmod/enus.stormassets/localizeddata/sounds/vo/wizarda_doublekill02.fxe	e37b1d3895c906465746bf4cd790647d	1308
mods/heroes.stormmod/enus.stormassets/localizeddata/sounds/vo/wizarda_doublekill02.ogg	b7b531cc73211b2113c82f609d307142	19659
mods/heroes.stormmod/enus.stormassets/localizeddata/sounds/vo/wizarda_eightkill00.fxe	5d9668df35784d4da6450180ba86b9f3	1211
mods/heroes.stormmod/enus.stormassets/localizeddata/sounds/vo/wizarda_eightkill00.ogg	4b2134be82b19a2f25f7ece5a34e681b	24736
mods/heroes.stormmod/enus.stormassets/localizeddata/sounds/vo/wizarda_eightkill01.fxe	97dcf39bdd5cde9a9095cc08b8689505	1419
mods/heroes.stormmod/enus.stormassets/localizeddata/sounds/vo/wizarda_eightkill01.ogg	ca025d243ad0d3f41246be9a90aa065c	38331
mods/heroes.stormmod/enus.stormassets/localizeddata/sounds/vo/wizarda_fourkill00.fxe	750ce66e591a0b117bf7ad870686867f	1370
mods/heroes.stormmod/enus.stormassets/localizeddata/sounds/vo/wizarda_fourkill00.ogg	cc774847efb4c2f07889159817d21af1	26495
mods/heroes.stormmod/enus.stormassets/localizeddata/sounds/vo/wizarda_fourkill01.fxe	8cc4fc6a0f152dcdf7ce06ac15b69a76	1242
mods/heroes.stormmod/enus.stormassets/localizeddata/sounds/vo/wizarda_fourkill01.ogg	9931ed470a8485569af29c20da0c65eb	19497
mods/heroes.stormmod/enus.stormassets/localizeddata/sounds/vo/wizarda_fourkill02.fxe	bb17d9aec2af65f6275584b921c41e56	1226
mods/heroes.stormmod/enus.stormassets/localizeddata/sounds/vo/wizarda_fourkill02.ogg	cb1710c96458ebb0a180460955d57faf	20427
mods/heroes.stormmod/enus.stormassets/localizeddata/sounds/vo/wizarda_megakill00.fxe	d680b37dc0156a26e5db796df47f5ebc	1083
mods/heroes.stormmod/enus.stormassets/localizeddata/sounds/vo/wizarda_megakill00.ogg	31a5986d484f3b1d306e1bc94d4b9aae	28471
mods/heroes.stormmod/enus.stormassets/localizeddata/sounds/vo/wizarda_megakill01.fxe	cc19e1fcb824d3ec8e146254ad786bd6	1019
mods/heroes.stormmod/enus.stormassets/localizeddata/sounds/vo/wizarda_megakill01.ogg	4d1212fa299940780616a47aeb616f7b	21132
mods/heroes.stormmod/enus.stormassets/localizeddata/sounds/vo/wizarda_megakill02.fxe	2964e267db81df05c6adb1454675d1f5	1099
mods/heroes.stormmod/enus.stormassets/localizeddata/sounds/vo/wizarda_megakill02.ogg	975ff749e46be5933eeb34c74605cf3d	19628
mods/heroes.stormmod/enus.stormassets/localizeddata/sounds/vo/wizarda_ninekill00.fxe	19c3ceff5e89c4a8ea0fe390e454cf1a	1610
mods/heroes.stormmod/enus.stormassets/localizeddata/sounds/vo/wizarda_ninekill00.ogg	9c9e164b0d54100c9b750c0a8abf6e33	29547
mods/heroes.stormmod/enus.stormassets/localizeddata/sounds/vo/wizarda_ninekill01.fxe	bd8f353ffd716b17fe74886b6b767ce7	1754
mods/heroes.stormmod/enus.stormassets/localizeddata/sounds/vo/wizarda_ninekill01.ogg	8f54616c9a9c1102eadc7c93f3dd88e8	42060
mods/heroes.stormmod/enus.stormassets/localizeddata/sounds/vo/wizarda_sevenkill00.fxe	81025dc6f2e2a6b0df7c19a3e493219f	1355
mods/heroes.stormmod/enus.stormassets/localizeddata/sounds/vo/wizarda_sevenkill00.ogg	6ffbaef12fa16a98eb2ba388e4035c90	24950
mods/heroes.stormmod/enus.stormassets/localizeddata/sounds/vo/wizarda_sevenkill01.fxe	5b8ec9d098017fe1c826e6af7380b180	1931
mods/heroes.stormmod/enus.stormassets/localizeddata/sounds/vo/wizarda_sevenkill01.ogg	9bd2626f20fb13f251fa560a4fd2de83	35159
mods/heroes.stormmod/enus.stormassets/localizeddata/sounds/vo/wizarda_sixkill00.fxe	a2750db15cceee366bc338aa0442946a	1657
mods/heroes.stormmod/enus.stormassets/localizeddata/sounds/vo/wizarda_sixkill00.ogg	37e0894caadb62aaedcee5b6c354e679	33735
mods/heroes.stormmod/enus.stormassets/localizeddata/sounds/vo/wizarda_sixkill01.fxe	5d979b4328e02d03934f5e091b66b991	1289
mods/heroes.stormmod/enus.stormassets/localizeddata/sounds/vo/wizarda_sixkill01.ogg	3a4e4f76656b3c850a85b4c036971395	21469
mods/heroes.stormmod/enus.stormassets/localizeddata/sounds/vo/wizarda_teamkill00.fxe	2c1e80441c8bbb45476c4f221467e0d9	2474
mods/heroes.stormmod/enus.stormassets/localizeddata/sounds/vo/wizarda_teamkill00.ogg	b21af5fc8096537bdecc268f42a3d011	44812
mods/heroes.stormmod/enus.stormassets/localizeddata/sounds/vo/wizarda_tenkill00.fxe	ae0dd8efa450d07d0caf8e512c90ed2d	1737
mods/heroes.stormmod/enus.stormassets/localizeddata/sounds/vo/wizarda_tenkill00.ogg	214d18928d9f244baee271e55475d17c	40037
mods/heroes.stormmod/enus.stormassets/localizeddata/sounds/vo/wizarda_triplekill00.fxe	4a36281b655e371ad97a9f7b0a72a131	1596
mods/heroes.stormmod/enus.stormassets/localizeddata/sounds/vo/wizarda_triplekill00.ogg	5ce7104d651063071e3d2e72d1ff4df2	28112
mods/heroes.stormmod/enus.stormassets/localizeddata/sounds/vo/wizarda_triplekill01.fxe	2dd0a8707e828c6947c5df340eeca9ce	1276
mods/heroes.stormmod/enus.stormassets/localizeddata/sounds/vo/wizarda_triplekill01.ogg	becea53cc166cd6b6da1fd550a13f9cd	19552
mods/heroes.stormmod/enus.stormassets/localizeddata/sounds/vo/wizarda_triplekill02.fxe	d1a489791667ced38c6c53e6c3704bdb	1436
mods/heroes.stormmod/enus.stormassets/localizeddata/sounds/vo/wizarda_triplekill02.ogg	d96c5a1df882e4c7b8f705948b107059	20095
mods/heroes.stormmod/enus.stormassets/localizeddata/sounds/vo/wizardbase_ai_attack00.fxe	758f3d7d32f7f2b8816fff63d3fd7269	1086
mods/heroes.stormmod/enus.stormassets/localizeddata/sounds/vo/wizardbase_ai_attack00.ogg	c3b7e304291e84a3a3a36b835b04ae4b	16883
mods/heroes.stormmod/enus.stormassets/localizeddata/sounds/vo/wizardbase_ai_attack01.fxe	b074b4b4783f78dfd315d468a2880029	2110
mods/heroes.stormmod/enus.stormassets/localizeddata/sounds/vo/wizardbase_ai_attack01.ogg	4e3c5266c63eccdaff70ce993a4144cb	29482
mods/heroes.stormmod/enus.stormassets/localizeddata/sounds/vo/wizardbase_ai_attack02.fxe	00ad89c427fd4b99532b1277b2d45823	1598
mods/heroes.stormmod/enus.stormassets/localizeddata/sounds/vo/wizardbase_ai_attack02.ogg	748de77d72f3ef13a6f77076c75cdc0a	20107
mods/heroes.stormmod/enus.stormassets/localizeddata/sounds/vo/wizardbase_ai_caution00.fxe	1e0292f091fd5d39d0e474b8a008a424	2959
mods/heroes.stormmod/enus.stormassets/localizeddata/sounds/vo/wizardbase_ai_caution00.ogg	e8bcd7139267c2f018a026d9dc3d20c4	41422
mods/heroes.stormmod/enus.stormassets/localizeddata/sounds/vo/wizardbase_ai_goodjob00.fxe	9148f6decac6f289aff0a068a2b0fb08	1295
mods/heroes.stormmod/enus.stormassets/localizeddata/sounds/vo/wizardbase_ai_goodjob00.ogg	1f2fb788605728e543161c723a4b1aa6	20090
mods/heroes.stormmod/enus.stormassets/localizeddata/sounds/vo/wizardbase_ai_goodjob01.fxe	16409ec3f431046cb5ac8c2a6a53c8e4	3231
mods/heroes.stormmod/enus.stormassets/localizeddata/sounds/vo/wizardbase_ai_goodjob01.ogg	946811ae0709ee492f513b20349b90a2	34669
mods/heroes.stormmod/enus.stormassets/localizeddata/sounds/vo/wizardbase_ai_goodjob02.fxe	9ddf8e99b6ea052cc52963128b587042	2095
mods/heroes.stormmod/enus.stormassets/localizeddata/sounds/vo/wizardbase_ai_goodjob02.ogg	ae4844067ae7549efb8f1003c146a746	24631
mods/heroes.stormmod/enus.stormassets/localizeddata/sounds/vo/wizardbase_ai_heal00.fxe	d05529241a92b852e66088ac0abc7a9c	3260
mods/heroes.stormmod/enus.stormassets/localizeddata/sounds/vo/wizardbase_ai_heal00.ogg	f971f3f9df20690bd9ec03f87f1e43d0	36722
mods/heroes.stormmod/enus.stormassets/localizeddata/sounds/vo/wizardbase_ai_heal01.fxe	02a57a86e12edc7fa57be0c4a11961c7	2668
mods/heroes.stormmod/enus.stormassets/localizeddata/sounds/vo/wizardbase_ai_heal01.ogg	51697970f455875252e6224dd379656a	35966
mods/heroes.stormmod/enus.stormassets/localizeddata/sounds/vo/wizardbase_ai_onmyway00.fxe	f10e8f6cd4865934736add7e6b401b67	1391
mods/heroes.stormmod/enus.stormassets/localizeddata/sounds/vo/wizardbase_ai_onmyway00.ogg	e05a8962a53781d2af1d7a5e8607cb5e	16955
mods/heroes.stormmod/enus.stormassets/localizeddata/sounds/vo/wizardbase_ai_onmyway01.fxe	e8347828c6fc37055c0289a613f30605	1471
mods/heroes.stormmod/enus.stormassets/localizeddata/sounds/vo/wizardbase_ai_onmyway01.ogg	fa7af58a1a5feb9c4e4831dab70ff34e	18431
mods/heroes.stormmod/enus.stormassets/localizeddata/sounds/vo/wizardbase_ai_retreat00.fxe	97abc432dd382ff173da979bfd443da3	1231
mods/heroes.stormmod/enus.stormassets/localizeddata/sounds/vo/wizardbase_ai_retreat00.ogg	b3c38e4c12a788ac4ae964504deb2f9c	13840
mods/heroes.stormmod/enus.stormassets/localizeddata/sounds/vo/wizardbase_ai_retreat01.fxe	ba05711abaef6eb531b9d767922de79e	1039
mods/heroes.stormmod/enus.stormassets/localizeddata/sounds/vo/wizardbase_ai_retreat01.ogg	4e349e9fa16763c80c85c44606ef4407	14876
mods/heroes.stormmod/enus.stormassets/localizeddata/sounds/vo/wizardbase_ai_uhoh00.fxe	7f9b5d57b09e57a4e6ab3a1c140530c4	860
mods/heroes.stormmod/enus.stormassets/localizeddata/sounds/vo/wizardbase_ai_uhoh00.ogg	800accbbe60f3948978e68b0e9da24b4	16895
mods/heroes.stormmod/enus.stormassets/localizeddata/sounds/vo/wizardbase_ai_uhoh01.fxe	113913502a57db074d527906466ef4e7	2268
mods/heroes.stormmod/enus.stormassets/localizeddata/sounds/vo/wizardbase_ai_uhoh01.ogg	553465fdae91e8f43ce2bcedbb83951d	24457
mods/heroes.stormmod/enus.stormassets/localizeddata/sounds/vo/wizardbase_ai_uhoh02.fxe	b5287f6b2592619ba8e6873603426aae	1196
mods/heroes.stormmod/enus.stormassets/localizeddata/sounds/vo/wizardbase_ai_uhoh02.ogg	ad0d19fc616c1f25a38052f6e15ab385	21400
mods/heroes.stormmod/enus.stormassets/localizeddata/sounds/vo/wizardbase_attack00.fxe	c708dfa5f58c4156702ebd8e37ec0839	1435
mods/heroes.stormmod/enus.stormassets/localizeddata/sounds/vo/wizardbase_attack00.ogg	e0188bb348d9c5cefcabeb517b9cc03f	21204
mods/heroes.stormmod/enus.stormassets/localizeddata/sounds/vo/wizardbase_attack01.fxe	37abcc697ee8b3abdd09443805956bc4	1723
mods/heroes.stormmod/enus.stormassets/localizeddata/sounds/vo/wizardbase_attack01.ogg	beba1fb1d8f94086fcd08cdda7418aad	24472
mods/heroes.stormmod/enus.stormassets/localizeddata/sounds/vo/wizardbase_attack02.fxe	3cde1734114ed5a4da4beda9c6aba634	1051
mods/heroes.stormmod/enus.stormassets/localizeddata/sounds/vo/wizardbase_attack02.ogg	d3591a080e92b189a0eec0907016fa36	18476
mods/heroes.stormmod/enus.stormassets/localizeddata/sounds/vo/wizardbase_attack03.fxe	c87d119f5d4647bf59160179dd3cc553	2235
mods/heroes.stormmod/enus.stormassets/localizeddata/sounds/vo/wizardbase_attack03.ogg	f2ab58dcc4835dce21abbee41585ad4b	27831
mods/heroes.stormmod/enus.stormassets/localizeddata/sounds/vo/wizardbase_attack04.fxe	b83b9f48226c1697fe61635678659fb8	1979
mods/heroes.stormmod/enus.stormassets/localizeddata/sounds/vo/wizardbase_attack04.ogg	c5bc9751856e7659cf05383d96ac49fa	23590
mods/heroes.stormmod/enus.stormassets/localizeddata/sounds/vo/wizardbase_attack05.fxe	702504a62db371535e8073b5afad150c	2139
mods/heroes.stormmod/enus.stormassets/localizeddata/sounds/vo/wizardbase_attack05.ogg	60530cb6c1f96a291d26aeaf374818d5	23007
mods/heroes.stormmod/enus.stormassets/localizeddata/sounds/vo/wizardbase_attack06.fxe	56f0006119f8e5c40bd01091562143b5	2251
mods/heroes.stormmod/enus.stormassets/localizeddata/sounds/vo/wizardbase_attack06.ogg	1fbde863990d7ba7e0f853eec6b0852d	26596
mods/heroes.stormmod/enus.stormassets/localizeddata/sounds/vo/wizardbase_celebrate00.fxe	bb43f00d357d943fb1c26c2a687af306	1662
mods/heroes.stormmod/enus.stormassets/localizeddata/sounds/vo/wizardbase_celebrate00.ogg	7c71609f699e9cd84afd159cb60793d7	22847
mods/heroes.stormmod/enus.stormassets/localizeddata/sounds/vo/wizardbase_celebrate01.fxe	bdc5ff3682f14c9217c2fa03aa88f5ca	1886
mods/heroes.stormmod/enus.stormassets/localizeddata/sounds/vo/wizardbase_celebrate01.ogg	4415965ace1d4eec4549d7818e4ad044	26744
mods/heroes.stormmod/enus.stormassets/localizeddata/sounds/vo/wizardbase_comeback00.fxe	69297ab270078730a45b2d096d911083	2893
mods/heroes.stormmod/enus.stormassets/localizeddata/sounds/vo/wizardbase_comeback00.ogg	d0a18592cb0c8e68cec823fad917e269	35702
mods/heroes.stormmod/enus.stormassets/localizeddata/sounds/vo/wizardbase_healed00.fxe	55cda6890a4556fc08e20c60719f5339	1163
mods/heroes.stormmod/enus.stormassets/localizeddata/sounds/vo/wizardbase_healed00.ogg	72abafca17cdf6edb6a6861f5507c940	17362
mods/heroes.stormmod/enus.stormassets/localizeddata/sounds/vo/wizardbase_healed01.fxe	5145257b8b6ec6cd9899aa771310c40b	1419
mods/heroes.stormmod/enus.stormassets/localizeddata/sounds/vo/wizardbase_healed01.ogg	b5c1cb9bd2dcdffd90fa5723566a4aa3	23331
mods/heroes.stormmod/enus.stormassets/localizeddata/sounds/vo/wizardbase_healed02.fxe	97287d1b359a3b88a22a09c0e0293b67	891
mods/heroes.stormmod/enus.stormassets/localizeddata/sounds/vo/wizardbase_healed02.ogg	03191259d5cd98bb163bce076670d1c2	20843
mods/heroes.stormmod/enus.stormassets/localizeddata/sounds/vo/wizardbase_introagree00.fxe	79a50c572f3f55ae526e264f8cd1c566	1855
mods/heroes.stormmod/enus.stormassets/localizeddata/sounds/vo/wizardbase_introagree00.ogg	14fea83046d5d15f12e452e2d1538208	21019
mods/heroes.stormmod/enus.stormassets/localizeddata/sounds/vo/wizardbase_introagree01.fxe	b884bfcd2746f6375413e763274ba310	2399
mods/heroes.stormmod/enus.stormassets/localizeddata/sounds/vo/wizardbase_introagree01.ogg	3f6e4512b8dff4ea94c7581263b68a70	28939
mods/heroes.stormmod/enus.stormassets/localizeddata/sounds/vo/wizardbase_introagree02.fxe	1c26f66f279958e784661ab6963c6ae2	2415
mods/heroes.stormmod/enus.stormassets/localizeddata/sounds/vo/wizardbase_introagree02.ogg	778a948e9acecd1f29b2a0f96ec6a9dc	30074
mods/heroes.stormmod/enus.stormassets/localizeddata/sounds/vo/wizardbase_introboast00.fxe	cb4e0b72de5c0a6630d55fdc472ffc58	3375
mods/heroes.stormmod/enus.stormassets/localizeddata/sounds/vo/wizardbase_introboast00.ogg	d315c51faa04400b5626ab677d201a29	38854
mods/heroes.stormmod/enus.stormassets/localizeddata/sounds/vo/wizardbase_introboast01.fxe	2ad73df8b66e4a902d9c1b053be68f4e	3951
mods/heroes.stormmod/enus.stormassets/localizeddata/sounds/vo/wizardbase_introboast01.ogg	c8c8a041cb2fc8713dd8b99357841eff	49077
mods/heroes.stormmod/enus.stormassets/localizeddata/sounds/vo/wizardbase_introquestion00.fxe	3fb17d801b086a908c1f7fe857961cb9	1986
mods/heroes.stormmod/enus.stormassets/localizeddata/sounds/vo/wizardbase_introquestion00.ogg	c49139ddfb9db6eec3d0dd9847999336	23799
mods/heroes.stormmod/enus.stormassets/localizeddata/sounds/vo/wizardbase_introquestion01.fxe	92d1f7ac00d2d6d30db59c346dc70add	2578
mods/heroes.stormmod/enus.stormassets/localizeddata/sounds/vo/wizardbase_introquestion01.ogg	e5a47ba685702c67f80f0b9cdd8991e4	26566
mods/heroes.stormmod/enus.stormassets/localizeddata/sounds/vo/wizardbase_introquestion_azmodan00.fxe	e0c81503d14fc7071558e87f7e30b511	3258
mods/heroes.stormmod/enus.stormassets/localizeddata/sounds/vo/wizardbase_introquestion_azmodan00.ogg	f111926f72eec01988d835d3a6ee6566	39033
mods/heroes.stormmod/enus.stormassets/localizeddata/sounds/vo/wizardbase_introquestion_butcher00.fxe	568a52c1b111176301dec2e78c133b91	2890
mods/heroes.stormmod/enus.stormassets/localizeddata/sounds/vo/wizardbase_introquestion_butcher00.ogg	f5d60b90095a44e443237a7db9d23725	36380
mods/heroes.stormmod/enus.stormassets/localizeddata/sounds/vo/wizardbase_introquestion_d3hero00.fxe	4796ea81d30637e4e82ccda0f3012a25	3353
mods/heroes.stormmod/enus.stormassets/localizeddata/sounds/vo/wizardbase_introquestion_d3hero00.ogg	bd28760fefdd547f49394a1ab02c2181	41852
mods/heroes.stormmod/enus.stormassets/localizeddata/sounds/vo/wizardbase_introquestion_deckard00.fxe	a7be0ddf951349c19358d8dd0725e917	1946
mods/heroes.stormmod/enus.stormassets/localizeddata/sounds/vo/wizardbase_introquestion_deckard00.ogg	acdbfc84cb5d3681a3fc65ab3e28f84b	26196
mods/heroes.stormmod/enus.stormassets/localizeddata/sounds/vo/wizardbase_introquestion_leoric00.fxe	ba05fd88f30e2227bfb7cdc717725bdc	2857
mods/heroes.stormmod/enus.stormassets/localizeddata/sounds/vo/wizardbase_introquestion_leoric00.ogg	6aad50e6c007ce2f37041e71e4b53eb5	37805
mods/heroes.stormmod/enus.stormassets/localizeddata/sounds/vo/wizardbase_introquestion_lordofhell00.fxe	da69c489a627e6ce95e1ac3cabbe35d0	3789
mods/heroes.stormmod/enus.stormassets/localizeddata/sounds/vo/wizardbase_introquestion_lordofhell00.ogg	b498de47ab22d58b7a8ad0c05800b833	41726
mods/heroes.stormmod/enus.stormassets/localizeddata/sounds/vo/wizardbase_introquestion_magicuser00.fxe	c8d752a9e4ba5e84b13977ac08d1bc59	3660
mods/heroes.stormmod/enus.stormassets/localizeddata/sounds/vo/wizardbase_introquestion_magicuser00.ogg	b7ff723f821b68644897da6c0b43d216	39874
mods/heroes.stormmod/enus.stormassets/localizeddata/sounds/vo/wizardbase_introquestion_malthael00.fxe	fae34a78dfb708d4cb6b045e309bcdb1	2043
mods/heroes.stormmod/enus.stormassets/localizeddata/sounds/vo/wizardbase_introquestion_malthael00.ogg	22fac5c1d7d5bf00f8058f944a3f6d93	30376
mods/heroes.stormmod/enus.stormassets/localizeddata/sounds/vo/wizardbase_introquestion_murky00.fxe	dc5c3e275a8dada7f32e9951c1b746db	3128
mods/heroes.stormmod/enus.stormassets/localizeddata/sounds/vo/wizardbase_introquestion_murky00.ogg	05da9bad04a48e4b1787cc90c1c2776c	43289
mods/heroes.stormmod/enus.stormassets/localizeddata/sounds/vo/wizardbase_introquestion_necromancer00.fxe	f4aedf0b1213474c4485993b144bf4ce	2526
mods/heroes.stormmod/enus.stormassets/localizeddata/sounds/vo/wizardbase_introquestion_necromancer00.ogg	3c7cb2c951000569620a74ebd3ced0a5	34636
mods/heroes.stormmod/enus.stormassets/localizeddata/sounds/vo/wizardbase_introquestion_negative00.fxe	a491ca8e6387da5fed1767fdea260512	2795
mods/heroes.stormmod/enus.stormassets/localizeddata/sounds/vo/wizardbase_introquestion_negative00.ogg	153945304e046422a12b2c9920186cc0	37800
mods/heroes.stormmod/enus.stormassets/localizeddata/sounds/vo/wizardbase_introquestion_positive00.fxe	a57582245d6db43f2d61678f78cb9ac2	2395
mods/heroes.stormmod/enus.stormassets/localizeddata/sounds/vo/wizardbase_introquestion_positive00.ogg	3df606a8ba2f5f648b0758912a67f40f	28815
mods/heroes.stormmod/enus.stormassets/localizeddata/sounds/vo/wizardbase_introquestion_spacelordleoric00.fxe	4dc111662af1ceb507ba4220378ff37a	3218
mods/heroes.stormmod/enus.stormassets/localizeddata/sounds/vo/wizardbase_introquestion_spacelordleoric00.ogg	3089a7158c26e05c311e424c2b8dc848	36212
mods/heroes.stormmod/enus.stormassets/localizeddata/sounds/vo/wizardbase_introquestion_tyrael00.fxe	9a88b8e57176a92d94acb3e5ea90107d	2809
mods/heroes.stormmod/enus.stormassets/localizeddata/sounds/vo/wizardbase_introquestion_tyrael00.ogg	13eaa630b226ba17b8d2e6b9136fe3b1	31413
mods/heroes.stormmod/enus.stormassets/localizeddata/sounds/vo/wizardbase_introrespond00.fxe	bb03d4fba9f7d12b298a2d0ce4b63e48	1313
mods/heroes.stormmod/enus.stormassets/localizeddata/sounds/vo/wizardbase_introrespond00.ogg	5bc26c9b5885cf1bfc219d8657ee32cb	14665
mods/heroes.stormmod/enus.stormassets/localizeddata/sounds/vo/wizardbase_introrespond01.fxe	5825ba2640ad089e5146bfa25f0f9ad4	1969
mods/heroes.stormmod/enus.stormassets/localizeddata/sounds/vo/wizardbase_introrespond01.ogg	f1cfd685af9fd397f6641c9a8d65b5f3	19893
mods/heroes.stormmod/enus.stormassets/localizeddata/sounds/vo/wizardbase_introrespond02.fxe	37927d9ebddf1d367b0e5787d7efd67e	1633
mods/heroes.stormmod/enus.stormassets/localizeddata/sounds/vo/wizardbase_introrespond02.ogg	feb79d2be090718525c2031f32ea8082	20305
mods/heroes.stormmod/enus.stormassets/localizeddata/sounds/vo/wizardbase_introresponse_angry00.fxe	86cc2f276270ea269cddb956d5c83706	2984
mods/heroes.stormmod/enus.stormassets/localizeddata/sounds/vo/wizardbase_introresponse_angry00.ogg	b9bbd76cfbf89f2e432b6c4cd3548039	36960
mods/heroes.stormmod/enus.stormassets/localizeddata/sounds/vo/wizardbase_introresponse_azmodan00.fxe	20e2d031bcd3f5498739aa6de211f511	2954
mods/heroes.stormmod/enus.stormassets/localizeddata/sounds/vo/wizardbase_introresponse_azmodan00.ogg	4756f7e39a1b8e7ad77ebc3e7b2db2ac	33231
mods/heroes.stormmod/enus.stormassets/localizeddata/sounds/vo/wizardbase_introresponse_begrudging00.fxe	abcf9fea704d0d5eb6d2c5332134c4dd	1469
mods/heroes.stormmod/enus.stormassets/localizeddata/sounds/vo/wizardbase_introresponse_begrudging00.ogg	615ea22b7991ee2d8059ac14d635c239	21459
mods/heroes.stormmod/enus.stormassets/localizeddata/sounds/vo/wizardbase_introresponse_butcher00.fxe	f811e2d6347cb9a34e207f6799268d54	2506
mods/heroes.stormmod/enus.stormassets/localizeddata/sounds/vo/wizardbase_introresponse_butcher00.ogg	c7a9ceda638c2bb686db69f1f263ffe1	33676
mods/heroes.stormmod/enus.stormassets/localizeddata/sounds/vo/wizardbase_introresponse_d3hero00.fxe	08f3e6c6c237a96c35e1fc2bb2e4900d	2601
mods/heroes.stormmod/enus.stormassets/localizeddata/sounds/vo/wizardbase_introresponse_d3hero00.ogg	f8d56389dd96dc8cf4a5f8f5bb24169d	28939
mods/heroes.stormmod/enus.stormassets/localizeddata/sounds/vo/wizardbase_introresponse_deckard00.fxe	924361f025d99c575666fa6defff12ee	2266
mods/heroes.stormmod/enus.stormassets/localizeddata/sounds/vo/wizardbase_introresponse_deckard00.ogg	fd55e97dcef70afce07db1f30251df02	25826
mods/heroes.stormmod/enus.stormassets/localizeddata/sounds/vo/wizardbase_introresponse_dismissive00.fxe	04a3aa1bdf1bceddf70f17a1f63a4b38	2029
mods/heroes.stormmod/enus.stormassets/localizeddata/sounds/vo/wizardbase_introresponse_dismissive00.ogg	427990b6f5c69a373937f3ad4a56b6c8	28834
mods/heroes.stormmod/enus.stormassets/localizeddata/sounds/vo/wizardbase_introresponse_insult00.fxe	580c97140d6f57f64277f9377fe2638e	3481
mods/heroes.stormmod/enus.stormassets/localizeddata/sounds/vo/wizardbase_introresponse_insult00.ogg	6b8c6766b4bdcf4160d9d386d0623b95	42845
mods/heroes.stormmod/enus.stormassets/localizeddata/sounds/vo/wizardbase_introresponse_leoric00.fxe	bf80c97de464d9a65d2567241eeabc2e	2185
mods/heroes.stormmod/enus.stormassets/localizeddata/sounds/vo/wizardbase_introresponse_leoric00.ogg	4ae08c5cba5fec9c70ad28d769975d3b	22459
mods/heroes.stormmod/enus.stormassets/localizeddata/sounds/vo/wizardbase_introresponse_lordofhell00.fxe	9c88bd32448bca506de9a9e459a41d09	2365
mods/heroes.stormmod/enus.stormassets/localizeddata/sounds/vo/wizardbase_introresponse_lordofhell00.ogg	0e42c1d8abaaea8ffd2c3416f1251914	28892
mods/heroes.stormmod/enus.stormassets/localizeddata/sounds/vo/wizardbase_introresponse_magicuser00.fxe	a52e5207d84fb71eb0e6e5cb75209d83	3196
mods/heroes.stormmod/enus.stormassets/localizeddata/sounds/vo/wizardbase_introresponse_magicuser00.ogg	1e72ee029a6fea27d71c8eaccccaa348	39646
mods/heroes.stormmod/enus.stormassets/localizeddata/sounds/vo/wizardbase_introresponse_malthael00.fxe	062e19d7cbd5308fd0f88e785806dfd9	2491
mods/heroes.stormmod/enus.stormassets/localizeddata/sounds/vo/wizardbase_introresponse_malthael00.ogg	c49700517439cee08539e139d33766bc	34565
mods/heroes.stormmod/enus.stormassets/localizeddata/sounds/vo/wizardbase_introresponse_murky00.fxe	984292776aea5dfb22eb58240e250bd2	3880
mods/heroes.stormmod/enus.stormassets/localizeddata/sounds/vo/wizardbase_introresponse_murky00.ogg	cc30c1b37ddf34089b2b20037c71b7cb	47004
mods/heroes.stormmod/enus.stormassets/localizeddata/sounds/vo/wizardbase_introresponse_necromancer00.fxe	39e4eceb0c75ba05418d378c71f422d3	3998
mods/heroes.stormmod/enus.stormassets/localizeddata/sounds/vo/wizardbase_introresponse_necromancer00.ogg	028bfa596d7dc4a77bdc1a4757f908f5	49685
mods/heroes.stormmod/enus.stormassets/localizeddata/sounds/vo/wizardbase_introresponse_negative00.fxe	602b5b61e1ae94e11a66843ff6b513dd	2763
mods/heroes.stormmod/enus.stormassets/localizeddata/sounds/vo/wizardbase_introresponse_negative00.ogg	71e393e397144d7892e3f6ba48c449d7	31412
mods/heroes.stormmod/enus.stormassets/localizeddata/sounds/vo/wizardbase_introresponse_positive00.fxe	ca236f83ed6320cd56b855b9544bbdd5	3659
mods/heroes.stormmod/enus.stormassets/localizeddata/sounds/vo/wizardbase_introresponse_positive00.ogg	4a1553ef2b400b16dc97e9a28a144ec7	38904
mods/heroes.stormmod/enus.stormassets/localizeddata/sounds/vo/wizardbase_introresponse_sarcastic00.fxe	111f3fa01880a28bbb5a0027e3729b92	2780
mods/heroes.stormmod/enus.stormassets/localizeddata/sounds/vo/wizardbase_introresponse_sarcastic00.ogg	69f3f55d2daf72fffdf876859a337546	32563
mods/heroes.stormmod/enus.stormassets/localizeddata/sounds/vo/wizardbase_introresponse_spacelordleoric00.fxe	92c1324af40d322958bad168d882e65a	2722
mods/heroes.stormmod/enus.stormassets/localizeddata/sounds/vo/wizardbase_introresponse_spacelordleoric00.ogg	ef368a87f512b97775e09ad8e5cbccfc	35412
mods/heroes.stormmod/enus.stormassets/localizeddata/sounds/vo/wizardbase_introresponse_tyrael00.fxe	1c4e19aa39a8e59b337c1726b70da8d3	2201
mods/heroes.stormmod/enus.stormassets/localizeddata/sounds/vo/wizardbase_introresponse_tyrael00.ogg	9c5cd6d6ced5c1ee69a0520ca3f4bcc1	24086
mods/heroes.stormmod/enus.stormassets/localizeddata/sounds/vo/wizardbase_introresponse_weird00.fxe	18dfac61caa01c65f3c7d1341722d307	2840
mods/heroes.stormmod/enus.stormassets/localizeddata/sounds/vo/wizardbase_introresponse_weird00.ogg	ae83b9c7021984bde766575c58b1a06a	36128
mods/heroes.stormmod/enus.stormassets/localizeddata/sounds/vo/wizardbase_kill00.fxe	08923214233237fba35896cfcfa54f04	1721
mods/heroes.stormmod/enus.stormassets/localizeddata/sounds/vo/wizardbase_kill00.ogg	8814bb5e2fd5266b80584efb239f052a	23550
mods/heroes.stormmod/enus.stormassets/localizeddata/sounds/vo/wizardbase_kill01.fxe	258cc36e9cd7244cc76a83263bd14dff	2489
mods/heroes.stormmod/enus.stormassets/localizeddata/sounds/vo/wizardbase_kill01.ogg	68e352ccffa3c35187a5b27d09df6634	39125
mods/heroes.stormmod/enus.stormassets/localizeddata/sounds/vo/wizardbase_kill02.fxe	2e3ba20a33f28c8b13a9fc02d1211c05	2025
mods/heroes.stormmod/enus.stormassets/localizeddata/sounds/vo/wizardbase_kill02.ogg	03bac3bc3dfafbf67ecc9749cbe02cda	30638
mods/heroes.stormmod/enus.stormassets/localizeddata/sounds/vo/wizardbase_kill03.fxe	4011f770f308513c8f197e6550951d2f	2217
mods/heroes.stormmod/enus.stormassets/localizeddata/sounds/vo/wizardbase_kill03.ogg	5cfbdda9cacedbd81bce5db328631e95	27986
mods/heroes.stormmod/enus.stormassets/localizeddata/sounds/vo/wizardbase_kill04.fxe	0ef817d6a8084b6a25ec7350221e507a	1769
mods/heroes.stormmod/enus.stormassets/localizeddata/sounds/vo/wizardbase_kill04.ogg	b38107c5cb3f69043888387a475696d3	22122
mods/heroes.stormmod/enus.stormassets/localizeddata/sounds/vo/wizardbase_killangel00.fxe	c1e9ec0428bc2b0c145d3974b79f71d2	2382
mods/heroes.stormmod/enus.stormassets/localizeddata/sounds/vo/wizardbase_killangel00.ogg	3010553ffa0e48a1ee83e6a124b76e59	29649
mods/heroes.stormmod/enus.stormassets/localizeddata/sounds/vo/wizardbase_killbutcher00.fxe	40dacd9a442c1a5a9fdb9ac97ec84160	1936
mods/heroes.stormmod/enus.stormassets/localizeddata/sounds/vo/wizardbase_killbutcher00.ogg	9d8da646e0fa030de2eb7e559153230f	24687
mods/heroes.stormmod/enus.stormassets/localizeddata/sounds/vo/wizardbase_killdeckard00.fxe	21f54bd2c25d1a147be0ba9b6709e5d0	3120
mods/heroes.stormmod/enus.stormassets/localizeddata/sounds/vo/wizardbase_killdeckard00.ogg	fee9496c4b1b2f4e3b9368412292f7d7	35248
mods/heroes.stormmod/enus.stormassets/localizeddata/sounds/vo/wizardbase_killdemon00.fxe	c35b5016795cc7c333e9fb9513800715	2558
mods/heroes.stormmod/enus.stormassets/localizeddata/sounds/vo/wizardbase_killdemon00.ogg	c2a0af73beffbeb67239dad70d109064	35377
mods/heroes.stormmod/enus.stormassets/localizeddata/sounds/vo/wizardbase_killdiablo00.fxe	3f440ece7301b7478444e10adf41dace	1567
mods/heroes.stormmod/enus.stormassets/localizeddata/sounds/vo/wizardbase_killdiablo00.ogg	f3c5c7818a5960134cdf28883444212d	19616
mods/heroes.stormmod/enus.stormassets/localizeddata/sounds/vo/wizardbase_killdiablohero00.fxe	ebcd05ba046683bd72cde65b04d8558e	2211
mods/heroes.stormmod/enus.stormassets/localizeddata/sounds/vo/wizardbase_killdiablohero00.ogg	4b43a93254bcb44777eac78ce3ae6a99	29379
mods/heroes.stormmod/enus.stormassets/localizeddata/sounds/vo/wizardbase_killjaina00.fxe	80faba942f2a32d5decb116e3b7dcfe5	2286
mods/heroes.stormmod/enus.stormassets/localizeddata/sounds/vo/wizardbase_killjaina00.ogg	b65be21691c7f6d813f2cb1542b4b336	27060
mods/heroes.stormmod/enus.stormassets/localizeddata/sounds/vo/wizardbase_killkaelthas00.fxe	1b4ffd42678537c35725cf5e4562d95c	2961
mods/heroes.stormmod/enus.stormassets/localizeddata/sounds/vo/wizardbase_killkaelthas00.ogg	2ee965dd5ef2fb6a9137e7c75baf9bf6	37537
mods/heroes.stormmod/enus.stormassets/localizeddata/sounds/vo/wizardbase_killleoric00.fxe	f67638531349df69a0fdef569d27fa69	2463
mods/heroes.stormmod/enus.stormassets/localizeddata/sounds/vo/wizardbase_killleoric00.ogg	2caa1e3865a719a8bba27fbbe051c5e6	41790
mods/heroes.stormmod/enus.stormassets/localizeddata/sounds/vo/wizardbase_killmalthael00.fxe	26b9f6b68f952ba11632dffad39ccead	3009
mods/heroes.stormmod/enus.stormassets/localizeddata/sounds/vo/wizardbase_killmalthael00.ogg	91d967e91481f197d45ef304d08bdb00	37732
mods/heroes.stormmod/enus.stormassets/localizeddata/sounds/vo/wizardbase_killmedivh00.fxe	eb55620467988c655b92548c8034ae0d	2463
mods/heroes.stormmod/enus.stormassets/localizeddata/sounds/vo/wizardbase_killmedivh00.ogg	2b63762ab9544f90c22a93d6b8113e42	36537
mods/heroes.stormmod/enus.stormassets/localizeddata/sounds/vo/wizardbase_killnephalem00.fxe	1585dfd97155a4ab91cb3db8c660fb8d	2465
mods/heroes.stormmod/enus.stormassets/localizeddata/sounds/vo/wizardbase_killnephalem00.ogg	7f7509aa3d909c59e6e8822917c019bd	28547
mods/heroes.stormmod/enus.stormassets/localizeddata/sounds/vo/wizardbase_killspreeend00.fxe	1a2b6967e374571295ca66265fbc96bc	1745
mods/heroes.stormmod/enus.stormassets/localizeddata/sounds/vo/wizardbase_killspreeend00.ogg	eb2ec4e30ff2782535537c8ada21d163	30741
mods/heroes.stormmod/enus.stormassets/localizeddata/sounds/vo/wizardbase_killtyrael00.fxe	d7b4a8c0e3635772a430941acc5bdcca	2271
mods/heroes.stormmod/enus.stormassets/localizeddata/sounds/vo/wizardbase_killtyrael00.ogg	c1e08f6ebef97e9b7952361fd99e81fc	25220
mods/heroes.stormmod/enus.stormassets/localizeddata/sounds/vo/wizardbase_killweird00.fxe	4ff9cef9e2d96d3a166898cbbe888f0c	3006
mods/heroes.stormmod/enus.stormassets/localizeddata/sounds/vo/wizardbase_killweird00.ogg	defce19292195e8c3a0ae792d5b61a64	44222
mods/heroes.stormmod/enus.stormassets/localizeddata/sounds/vo/wizardbase_laugh00.fxe	3b26e36fd92ee5b6502c29c66db0e78f	1034
mods/heroes.stormmod/enus.stormassets/localizeddata/sounds/vo/wizardbase_laugh00.ogg	cf1d1873a4ad96bd4c0ec9f9e30b080e	18410
mods/heroes.stormmod/enus.stormassets/localizeddata/sounds/vo/wizardbase_laugh01.fxe	8c2d32234b7b3c5c7b6068774fc676ce	1658
mods/heroes.stormmod/enus.stormassets/localizeddata/sounds/vo/wizardbase_laugh01.ogg	9442881d92413e1e045176b7d23ff9f8	32197
mods/heroes.stormmod/enus.stormassets/localizeddata/sounds/vo/wizardbase_laugh02.fxe	bdfdef3183838304321bf33d0aa88026	1162
mods/heroes.stormmod/enus.stormassets/localizeddata/sounds/vo/wizardbase_laugh02.ogg	5d236492e5564d0cfa455324dcc42395	15669
mods/heroes.stormmod/enus.stormassets/localizeddata/sounds/vo/wizardbase_laugh03.fxe	6bcdea7566546c7ae3c042c04f4a7786	1082
mods/heroes.stormmod/enus.stormassets/localizeddata/sounds/vo/wizardbase_laugh03.ogg	85de0ec926cd65dedd14c17923ac2995	19478
mods/heroes.stormmod/enus.stormassets/localizeddata/sounds/vo/wizardbase_laugh04.fxe	06731d8b3cd7ad0712db424bd52efe29	1898
mods/heroes.stormmod/enus.stormassets/localizeddata/sounds/vo/wizardbase_laugh04.ogg	5266ca579d2e126f081f91de975be3b7	21022
mods/heroes.stormmod/enus.stormassets/localizeddata/sounds/vo/wizardbase_lowlifeheal00.fxe	3e1988a4169f08363e774fe481c429b0	2384
mods/heroes.stormmod/enus.stormassets/localizeddata/sounds/vo/wizardbase_lowlifeheal00.ogg	c15943fc2eec088330a7e3e9b11d7f5e	25170
mods/heroes.stormmod/enus.stormassets/localizeddata/sounds/vo/wizardbase_lowlifeheal01.fxe	31e104ab341d784243bf867e5baedd82	2576
mods/heroes.stormmod/enus.stormassets/localizeddata/sounds/vo/wizardbase_lowlifeheal01.ogg	456eb3398e29a46456f5048e8900a8d7	26298
mods/heroes.stormmod/enus.stormassets/localizeddata/sounds/vo/wizardbase_lowlifeheal02.fxe	b20092f46ae38a55f6b1f44f05af4343	2240
mods/heroes.stormmod/enus.stormassets/localizeddata/sounds/vo/wizardbase_lowlifeheal02.ogg	735028eed02c3bf40e627b22d36e5002	30621
mods/heroes.stormmod/enus.stormassets/localizeddata/sounds/vo/wizardbase_lowmana00.fxe	0d4d29eb7cae15b255e1b07b143003fc	1372
mods/heroes.stormmod/enus.stormassets/localizeddata/sounds/vo/wizardbase_lowmana00.ogg	d70958d991a5d3d76135cfff67349827	17330
mods/heroes.stormmod/enus.stormassets/localizeddata/sounds/vo/wizardbase_lowmana01.fxe	2b561af03e5f0945ab9726d97efddeef	1852
mods/heroes.stormmod/enus.stormassets/localizeddata/sounds/vo/wizardbase_lowmana01.ogg	8daf1da7a732d164b7330dcdebde29f2	21594
mods/heroes.stormmod/enus.stormassets/localizeddata/sounds/vo/wizardbase_lowmana02.fxe	7e3f9383c3ba91454bbc57ada4a1ad30	1420
mods/heroes.stormmod/enus.stormassets/localizeddata/sounds/vo/wizardbase_lowmana02.ogg	0a82321556a792dd7c098a72c2c0fdca	18559
mods/heroes.stormmod/enus.stormassets/localizeddata/sounds/vo/wizardbase_matchend00.ogg	18de870038aafc072142f26f3a50f659	38993
mods/heroes.stormmod/enus.stormassets/localizeddata/sounds/vo/wizardbase_matchend01.ogg	6c1db4ef89d50caa7b314a9c571d8819	19945
mods/heroes.stormmod/enus.stormassets/localizeddata/sounds/vo/wizardbase_no00.fxe	022ae4137ccd91448475bd39112ded7d	1431
mods/heroes.stormmod/enus.stormassets/localizeddata/sounds/vo/wizardbase_no00.ogg	18b71db3404bd170cc41b5a3785e9b79	20852
mods/heroes.stormmod/enus.stormassets/localizeddata/sounds/vo/wizardbase_no01.fxe	abf9c846f34816b9e7ff5cf04fd52e25	999
mods/heroes.stormmod/enus.stormassets/localizeddata/sounds/vo/wizardbase_no01.ogg	6d7704340ac93e7f68ee1c2d6846fe59	18938
mods/heroes.stormmod/enus.stormassets/localizeddata/sounds/vo/wizardbase_no02_alt.fxe	d7ffabf9f2bc2de8b7b8c7a876edc556	1883
mods/heroes.stormmod/enus.stormassets/localizeddata/sounds/vo/wizardbase_no02_alt.ogg	ad23846b3893837f2390811a31e9893d	24207
mods/heroes.stormmod/enus.stormassets/localizeddata/sounds/vo/wizardbase_ping_assisthero00.fxe	0925a5ab5d19c4c2ca3fbeb02df5543d	2116
mods/heroes.stormmod/enus.stormassets/localizeddata/sounds/vo/wizardbase_ping_assisthero00.ogg	ac7bea7e0a95f6ff3427ded03e3850d7	23454
mods/heroes.stormmod/enus.stormassets/localizeddata/sounds/vo/wizardbase_ping_assistme00.fxe	5d4b4dfc31bff33e87c1bcf3f0c54abd	1410
mods/heroes.stormmod/enus.stormassets/localizeddata/sounds/vo/wizardbase_ping_assistme00.ogg	a566d721be55192d91e4d0cb242a55be	19861
mods/heroes.stormmod/enus.stormassets/localizeddata/sounds/vo/wizardbase_ping_assistme01.fxe	46844bee1e7c697e20be9b687bde1f78	1570
mods/heroes.stormmod/enus.stormassets/localizeddata/sounds/vo/wizardbase_ping_assistme01.ogg	e7bc2e7165d373260bc01826c27138e0	31145
mods/heroes.stormmod/enus.stormassets/localizeddata/sounds/vo/wizardbase_ping_attackcastle00.fxe	63035b0a34536859c893812d69a45f94	2502
mods/heroes.stormmod/enus.stormassets/localizeddata/sounds/vo/wizardbase_ping_attackcastle00.ogg	318f4929fef1249356e3c77eba747e23	25160
mods/heroes.stormmod/enus.stormassets/localizeddata/sounds/vo/wizardbase_ping_attackmerc00.fxe	42c1eff2054b9571aa7eec333eb8d8da	2212
mods/heroes.stormmod/enus.stormassets/localizeddata/sounds/vo/wizardbase_ping_attackmerc00.ogg	aea5e7004c1003972e1c27547057e9a5	26558
mods/heroes.stormmod/enus.stormassets/localizeddata/sounds/vo/wizardbase_ping_attackoutpost00.fxe	30172795481b298de87f16e80d88a8ef	1735
mods/heroes.stormmod/enus.stormassets/localizeddata/sounds/vo/wizardbase_ping_attackoutpost00.ogg	fbe163b81c498263ffc85f1333dda70f	23048
mods/heroes.stormmod/enus.stormassets/localizeddata/sounds/vo/wizardbase_ping_attacktower00.fxe	4f23974e0fc48a3ddedfff9c2994f639	2053
mods/heroes.stormmod/enus.stormassets/localizeddata/sounds/vo/wizardbase_ping_attacktower00.ogg	85910870f77c5b4c8e6d784c79f9f95d	23374
mods/heroes.stormmod/enus.stormassets/localizeddata/sounds/vo/wizardbase_ping_danger00.fxe	e8e9a8daba739a51d4de2afaea9e697d	3056
mods/heroes.stormmod/enus.stormassets/localizeddata/sounds/vo/wizardbase_ping_danger00.ogg	1ad54a51b0ac048900e69abdcf3dd64c	30389
mods/heroes.stormmod/enus.stormassets/localizeddata/sounds/vo/wizardbase_ping_danger01.fxe	522de952a548d17386d4fcda3438b5d1	2112
mods/heroes.stormmod/enus.stormassets/localizeddata/sounds/vo/wizardbase_ping_danger01.ogg	3354e3b5b551942480033684d69ab872	25159
mods/heroes.stormmod/enus.stormassets/localizeddata/sounds/vo/wizardbase_ping_defend00.fxe	0ede1ceb419042417df8da9efd76b5ad	1792
mods/heroes.stormmod/enus.stormassets/localizeddata/sounds/vo/wizardbase_ping_defend00.ogg	e1c7a48bd83522da0a95b2d9ab3daf00	21159
mods/heroes.stormmod/enus.stormassets/localizeddata/sounds/vo/wizardbase_ping_defendcastle00.fxe	50e5f4793ef952d9bb356f69f19f8b74	2294
mods/heroes.stormmod/enus.stormassets/localizeddata/sounds/vo/wizardbase_ping_defendcastle00.ogg	8a2a194cac6a536789c9b33c7f97ff3b	33346
mods/heroes.stormmod/enus.stormassets/localizeddata/sounds/vo/wizardbase_ping_defendoutpost00.fxe	47ffa9805e437a8007b33147696fb5e3	1959
mods/heroes.stormmod/enus.stormassets/localizeddata/sounds/vo/wizardbase_ping_defendoutpost00.ogg	9836366f634d0da0bf158e2b004b4e1c	27533
mods/heroes.stormmod/enus.stormassets/localizeddata/sounds/vo/wizardbase_ping_defendthing00.fxe	097ad4915c6ce11b05f79ea54ff109aa	2581
mods/heroes.stormmod/enus.stormassets/localizeddata/sounds/vo/wizardbase_ping_defendthing00.ogg	70299a07caeceaf992e662723fe36646	33180
mods/heroes.stormmod/enus.stormassets/localizeddata/sounds/vo/wizardbase_ping_defendthing01.fxe	23c508a863e2d2b50c9f83efa1b4cec5	1493
mods/heroes.stormmod/enus.stormassets/localizeddata/sounds/vo/wizardbase_ping_defendthing01.ogg	de028b4b9057df7e7756b02ba1baffbe	22452
mods/heroes.stormmod/enus.stormassets/localizeddata/sounds/vo/wizardbase_ping_defendtower00.fxe	01e05dc08f9ebbf93b319fddf998ca12	2421
mods/heroes.stormmod/enus.stormassets/localizeddata/sounds/vo/wizardbase_ping_defendtower00.ogg	92babd5e149999b8d4672ca21de91d78	24919
mods/heroes.stormmod/enus.stormassets/localizeddata/sounds/vo/wizardbase_ping_enemymissing00.fxe	2a08fa8850e6553d7e70055b50237324	1750
mods/heroes.stormmod/enus.stormassets/localizeddata/sounds/vo/wizardbase_ping_enemymissing00.ogg	1f3a1200070f5864e4c140927b3026fe	22752
mods/heroes.stormmod/enus.stormassets/localizeddata/sounds/vo/wizardbase_ping_enemymissing01.fxe	e27882365045ba4f742b74620ccbcafb	1830
mods/heroes.stormmod/enus.stormassets/localizeddata/sounds/vo/wizardbase_ping_enemymissing01.ogg	d4c60f9c70bb78d93d46248ae5c84504	28482
mods/heroes.stormmod/enus.stormassets/localizeddata/sounds/vo/wizardbase_ping_killhero00.fxe	053d7a857e51744d28ade9c73b89e17d	1922
mods/heroes.stormmod/enus.stormassets/localizeddata/sounds/vo/wizardbase_ping_killhero00.ogg	ceeaa9a1777eadb41df0008f241a9aeb	25307
mods/heroes.stormmod/enus.stormassets/localizeddata/sounds/vo/wizardbase_ping_onmyway00.fxe	064dae2cc2dfc925b8aa1f155e655708	2513
mods/heroes.stormmod/enus.stormassets/localizeddata/sounds/vo/wizardbase_ping_onmyway00.ogg	61addc0cbea38c1a580ff75e67444c27	32004
mods/heroes.stormmod/enus.stormassets/localizeddata/sounds/vo/wizardbase_ping_onmyway01.fxe	b39d35ecacfaf5421ff0bade46f0f9f5	2017
mods/heroes.stormmod/enus.stormassets/localizeddata/sounds/vo/wizardbase_ping_onmyway01.ogg	f426d4fc5892b0fc5f3c1cbfb4ef1032	27191
mods/heroes.stormmod/enus.stormassets/localizeddata/sounds/vo/wizardbase_ping_retreat00.fxe	8872a4f143e9292ce28cb19b3df5fd74	1249
mods/heroes.stormmod/enus.stormassets/localizeddata/sounds/vo/wizardbase_ping_retreat00.ogg	6568ac75d224e6acd2a0fdba98316a79	14597
mods/heroes.stormmod/enus.stormassets/localizeddata/sounds/vo/wizardbase_ping_retreat01.fxe	19d221aa59c8e3987f224d5eb0ca8fa7	2049
mods/heroes.stormmod/enus.stormassets/localizeddata/sounds/vo/wizardbase_ping_retreat01.ogg	1f55262b623de5f2db4b0101cc28bb63	26756
mods/heroes.stormmod/enus.stormassets/localizeddata/sounds/vo/wizardbase_pissed00.fxe	21a09078bda08c96d77fafe205e3d3eb	2155
mods/heroes.stormmod/enus.stormassets/localizeddata/sounds/vo/wizardbase_pissed00.ogg	9b8b82f669f91608fb9e24105d80e204	25678
mods/heroes.stormmod/enus.stormassets/localizeddata/sounds/vo/wizardbase_pissed01.fxe	363d687713a2542707ef64f187700c97	2427
mods/heroes.stormmod/enus.stormassets/localizeddata/sounds/vo/wizardbase_pissed01.ogg	6fc20192b66525d23482df56a2f13aea	38335
mods/heroes.stormmod/enus.stormassets/localizeddata/sounds/vo/wizardbase_pissed02.fxe	da72fd8d1a519764383d800b20c9392f	4795
mods/heroes.stormmod/enus.stormassets/localizeddata/sounds/vo/wizardbase_pissed02.ogg	59f78ff66d4a5ef82abc17c7e46fd8a4	58512
mods/heroes.stormmod/enus.stormassets/localizeddata/sounds/vo/wizardbase_pissed05.fxe	703bf6ed8ac0f678dd2d768650587848	3835
mods/heroes.stormmod/enus.stormassets/localizeddata/sounds/vo/wizardbase_pissed05.ogg	824f0f92bbca523aba52dc49b52c9190	49422
mods/heroes.stormmod/enus.stormassets/localizeddata/sounds/vo/wizardbase_pissed07.fxe	d655532728c22f6d81ca9e887072dbf6	5147
mods/heroes.stormmod/enus.stormassets/localizeddata/sounds/vo/wizardbase_pissed07.ogg	c21dfbd7d04e72f73f3c31a19b3c3bc8	59454
mods/heroes.stormmod/enus.stormassets/localizeddata/sounds/vo/wizardbase_pissed08.fxe	57f985f0adf214620e2826ef2a5d83ab	3483
mods/heroes.stormmod/enus.stormassets/localizeddata/sounds/vo/wizardbase_pissed08.ogg	55986444f24d61263fcda297201cef87	43020
mods/heroes.stormmod/enus.stormassets/localizeddata/sounds/vo/wizardbase_pissed09.fxe	a57289b7a84b5c0be3eb5533dad6dc12	2107
mods/heroes.stormmod/enus.stormassets/localizeddata/sounds/vo/wizardbase_pissed09.ogg	c5fc491d42cea64e511c9a17a6327425	47013
mods/heroes.stormmod/enus.stormassets/localizeddata/sounds/vo/wizardbase_pissed10.fxe	3684c3d0a16675249d25bff7251e3250	1483
mods/heroes.stormmod/enus.stormassets/localizeddata/sounds/vo/wizardbase_pissed10.ogg	473a4a0b13fa113a2b44d84f231b3b6d	27844
mods/heroes.stormmod/enus.stormassets/localizeddata/sounds/vo/wizardbase_pissed11.fxe	cf1f9d1e05d7fb821f809980b9ae65cf	2971
mods/heroes.stormmod/enus.stormassets/localizeddata/sounds/vo/wizardbase_pissed11.ogg	a83b0942d985b4d3a30b2827b1bf11a9	74091
mods/heroes.stormmod/enus.stormassets/localizeddata/sounds/vo/wizardbase_pissed12.fxe	0beda3c3a71badf3753a974a9f0db228	5355
mods/heroes.stormmod/enus.stormassets/localizeddata/sounds/vo/wizardbase_pissed12.ogg	f43ea9f2350aaf1696e2a6052ed5724f	56482
mods/heroes.stormmod/enus.stormassets/localizeddata/sounds/vo/wizardbase_pissed13.fxe	6c0bfecfc50607291daa3d147472ed14	6315
mods/heroes.stormmod/enus.stormassets/localizeddata/sounds/vo/wizardbase_pissed13.ogg	a47907cdb5c077269d74b2a3908796ea	80632
mods/heroes.stormmod/enus.stormassets/localizeddata/sounds/vo/wizardbase_pissed14.fxe	2080d2b9815ca7837cc011cf34329e61	7291
mods/heroes.stormmod/enus.stormassets/localizeddata/sounds/vo/wizardbase_pissed14.ogg	390d5ea2c86aa61807b86abd940578d2	114254
mods/heroes.stormmod/enus.stormassets/localizeddata/sounds/vo/wizardbase_pissed15.fxe	30588ac519b3924705558db5aa344eb9	4411
mods/heroes.stormmod/enus.stormassets/localizeddata/sounds/vo/wizardbase_pissed15.ogg	eb4c69997aad9293f83aa3b6400cb4da	55439
mods/heroes.stormmod/enus.stormassets/localizeddata/sounds/vo/wizardbase_pissed16.fxe	51d53223ba9a5ff35a783c906d546fdc	3771
mods/heroes.stormmod/enus.stormassets/localizeddata/sounds/vo/wizardbase_pissed16.ogg	188e5c5a1f53c99ef74cd060aef8be31	65137
mods/heroes.stormmod/enus.stormassets/localizeddata/sounds/vo/wizardbase_pissed17.fxe	152e2f2a4488245bcc517c812423534c	9003
mods/heroes.stormmod/enus.stormassets/localizeddata/sounds/vo/wizardbase_pissed17.ogg	c94fd762575f75048048d5ed92cf5b3d	110966
mods/heroes.stormmod/enus.stormassets/localizeddata/sounds/vo/wizardbase_pissed18.fxe	3884183e64d3d7ca73226e1d112c407e	2731
mods/heroes.stormmod/enus.stormassets/localizeddata/sounds/vo/wizardbase_pissed18.ogg	84a26d904dc8dddc703ebf5a90211aad	48170
mods/heroes.stormmod/enus.stormassets/localizeddata/sounds/vo/wizardbase_resurrected00.fxe	cbfc078d6781a8acc819a92fa2326364	2272
mods/heroes.stormmod/enus.stormassets/localizeddata/sounds/vo/wizardbase_resurrected00.ogg	f420182c3d801529d1b6eef9b93663a4	28947
mods/heroes.stormmod/enus.stormassets/localizeddata/sounds/vo/wizardbase_resurrected01.fxe	a713fdb1e18313553fb70b7a8a3f4cda	2608
mods/heroes.stormmod/enus.stormassets/localizeddata/sounds/vo/wizardbase_resurrected01.ogg	57cf1d0781bad92e4feb1c74b7182c06	28626
mods/heroes.stormmod/enus.stormassets/localizeddata/sounds/vo/wizardbase_revive00.fxe	49eef15aad441d23fb4482fc01098a8a	2267
mods/heroes.stormmod/enus.stormassets/localizeddata/sounds/vo/wizardbase_revive00.ogg	3e47992acc9a4681ab9517fb04cec60b	27558
mods/heroes.stormmod/enus.stormassets/localizeddata/sounds/vo/wizardbase_revive01.fxe	1e93250da8d0682a3f8342980eb41a82	2507
mods/heroes.stormmod/enus.stormassets/localizeddata/sounds/vo/wizardbase_revive01.ogg	cc006218337a8a6dccd4b3a1eff89f1a	28976
mods/heroes.stormmod/enus.stormassets/localizeddata/sounds/vo/wizardbase_revive02.fxe	bb7b94b42f182ae259fde31f982cd215	2507
mods/heroes.stormmod/enus.stormassets/localizeddata/sounds/vo/wizardbase_revive02.ogg	bd820c98ca35541868e5f2675bb94189	35888
mods/heroes.stormmod/enus.stormassets/localizeddata/sounds/vo/wizardbase_spec00.fxe	19cc164ac4547ffa22d9bffb1cb062fa	1385
mods/heroes.stormmod/enus.stormassets/localizeddata/sounds/vo/wizardbase_spec00.ogg	386d8e4da38b46b0bb58ee63e2ef0dc0	31194
mods/heroes.stormmod/enus.stormassets/localizeddata/sounds/vo/wizardbase_spec01.fxe	28250cdb14e8883ae64ff9782ab00cd8	1289
mods/heroes.stormmod/enus.stormassets/localizeddata/sounds/vo/wizardbase_spec01.ogg	403f632eac557fd7aba06df31d1aa5d2	16748
mods/heroes.stormmod/enus.stormassets/localizeddata/sounds/vo/wizardbase_spec02.fxe	637db0077ffeaf1c0da7bb9e77ad7140	2425
mods/heroes.stormmod/enus.stormassets/localizeddata/sounds/vo/wizardbase_spec02.ogg	18de870038aafc072142f26f3a50f659	38993
mods/heroes.stormmod/enus.stormassets/localizeddata/sounds/vo/wizardbase_spec03.fxe	b60428ae176ad307671e8821c2956e90	1977
mods/heroes.stormmod/enus.stormassets/localizeddata/sounds/vo/wizardbase_spec03.ogg	e3e7d0b07b2ff4160efdfa5ea5466f83	39668
mods/heroes.stormmod/enus.stormassets/localizeddata/sounds/vo/wizardbase_spec04.fxe	e07c60bf2c42e26c5c78e02740ec30c5	1849
mods/heroes.stormmod/enus.stormassets/localizeddata/sounds/vo/wizardbase_spec04.ogg	7bc5241025fab5840fffc04d4f36416c	25798
mods/heroes.stormmod/enus.stormassets/localizeddata/sounds/vo/wizardbase_taunt00.fxe	0729f0ebf7f67896f5bb397beee0b112	1770
mods/heroes.stormmod/enus.stormassets/localizeddata/sounds/vo/wizardbase_taunt00.ogg	bb091343b0b9a05812a820b360443168	24769
mods/heroes.stormmod/enus.stormassets/localizeddata/sounds/vo/wizardbase_taunt01.fxe	a6c66fa092c7a034e31e7e562bab0eaf	1498
mods/heroes.stormmod/enus.stormassets/localizeddata/sounds/vo/wizardbase_taunt01.ogg	5de2831d97c4d019b00d0d2df60f2cac	25157
mods/heroes.stormmod/enus.stormassets/localizeddata/sounds/vo/wizardbase_taunt02.fxe	4fa30eb6a6e321dc21ee2a2492373261	1498
mods/heroes.stormmod/enus.stormassets/localizeddata/sounds/vo/wizardbase_taunt02.ogg	26ef485287b7c587c9f3f83adb5f8e80	24042
mods/heroes.stormmod/enus.stormassets/localizeddata/sounds/vo/wizardbase_teamkilled00.fxe	71bf4f4b9edeb332448756a8507287ee	2943
mods/heroes.stormmod/enus.stormassets/localizeddata/sounds/vo/wizardbase_teamkilled00.ogg	cfd6ede50beeb3050b1f268e515c325d	35361
mods/heroes.stormmod/enus.stormassets/localizeddata/sounds/vo/wizardbase_ui_exlocked00.fxe	0f7d06d8634f3a80fd1ae5a234875f1f	2640
mods/heroes.stormmod/enus.stormassets/localizeddata/sounds/vo/wizardbase_ui_exlocked00.ogg	a0c4a834b2b2738d1f75941be53e135b	29277
mods/heroes.stormmod/enus.stormassets/localizeddata/sounds/vo/wizardbase_ui_expurchased00.fxe	c27b7e652a6f77f3d9f87c5ef76bb313	1651
mods/heroes.stormmod/enus.stormassets/localizeddata/sounds/vo/wizardbase_ui_expurchased00.ogg	4317813791de03667124bd7a31c2cef2	20463
mods/heroes.stormmod/enus.stormassets/localizeddata/sounds/vo/wizardbase_ui_gift00.fxe	71ab2bb598921e1de8b9b9acc01eb8d2	2444
mods/heroes.stormmod/enus.stormassets/localizeddata/sounds/vo/wizardbase_ui_gift00.ogg	743b5fd0fae28f4e4c9eff9e5ea8f173	29930
mods/heroes.stormmod/enus.stormassets/localizeddata/sounds/vo/wizardbase_ui_lockin00.fxe	dc780a4e734766c478afebc5af08f907	1886
mods/heroes.stormmod/enus.stormassets/localizeddata/sounds/vo/wizardbase_ui_lockin00.ogg	37321ad068ea93f028573118bcca7494	23222
mods/heroes.stormmod/enus.stormassets/localizeddata/sounds/vo/wizardbase_ui_purchase00.fxe	9271c0c129282e3cbf675dbdeddb5793	1680
mods/heroes.stormmod/enus.stormassets/localizeddata/sounds/vo/wizardbase_ui_purchase00.ogg	6c1db4ef89d50caa7b314a9c571d8819	19945
mods/heroes.stormmod/enus.stormassets/localizeddata/sounds/vo/wizardbase_ui_trial00.fxe	6983c7a540a0468d644a237f32fbd2d7	1853
mods/heroes.stormmod/enus.stormassets/localizeddata/sounds/vo/wizardbase_ui_trial00.ogg	bb339f059c56e5e60dd475b97e947975	31158
mods/heroes.stormmod/enus.stormassets/localizeddata/sounds/vo/wizardbase_ui_trial01.fxe	9ee375fd6825853bbd205d29b23e55b5	3965
mods/heroes.stormmod/enus.stormassets/localizeddata/sounds/vo/wizardbase_ui_trial01.ogg	ed8fd9455c2334cd21b2e8baab4c1fef	52316
mods/heroes.stormmod/enus.stormassets/localizeddata/sounds/vo/wizardbase_ui_waitlocked00.fxe	4289e4a286c21a9ef742eff702e17eb1	2082
mods/heroes.stormmod/enus.stormassets/localizeddata/sounds/vo/wizardbase_ui_waitlocked00.ogg	06c73a0e8ec97a60c8e5f82f74a5b715	25162
mods/heroes.stormmod/enus.stormassets/localizeddata/sounds/vo/wizardbase_ui_waitlocked01.fxe	6bdda5a92afc04651767258306bd0dd6	3362
mods/heroes.stormmod/enus.stormassets/localizeddata/sounds/vo/wizardbase_ui_waitlocked01.ogg	9614da60a8cf39a0acea85a5533532bc	43210
mods/heroes.stormmod/enus.stormassets/localizeddata/sounds/vo/wizardbase_ui_waitpurchased00.fxe	8586097f894e34e576c67fa52cd346ce	1365
mods/heroes.stormmod/enus.stormassets/localizeddata/sounds/vo/wizardbase_ui_waitpurchased00.ogg	239e092dc428cad7326652aadb408348	17911
mods/heroes.stormmod/enus.stormassets/localizeddata/sounds/vo/wizardbase_ui_waitpurchased01.fxe	aeee32f9af4fbdebfe613031fe58eae3	1925
mods/heroes.stormmod/enus.stormassets/localizeddata/sounds/vo/wizardbase_ui_waitpurchased01.ogg	558c1f78630bed9a822d5e34aa80cb13	23427
mods/heroes.stormmod/enus.stormassets/localizeddata/sounds/vo/wizardbase_ultimate1used00.fxe	98981c6f13f729652b87b22f5968627a	1906
mods/heroes.stormmod/enus.stormassets/localizeddata/sounds/vo/wizardbase_ultimate1used00.ogg	1f02ca3929c0e612a30f1a554e4de228	23532
mods/heroes.stormmod/enus.stormassets/localizeddata/sounds/vo/wizardbase_ultimate1used01.fxe	e1b88dcba03f2d9b0dad7efde56e0945	1538
mods/heroes.stormmod/enus.stormassets/localizeddata/sounds/vo/wizardbase_ultimate1used01.ogg	bfde99185d91bf3d26f712a6e0bdac21	24158
mods/heroes.stormmod/enus.stormassets/localizeddata/sounds/vo/wizardbase_ultimate1used02.fxe	410c98744075db941196995a0b58651e	1842
mods/heroes.stormmod/enus.stormassets/localizeddata/sounds/vo/wizardbase_ultimate1used02.ogg	aca606b2609062ea082967f5e0364ba7	24692
mods/heroes.stormmod/enus.stormassets/localizeddata/sounds/vo/wizardbase_ultimate1used03_03.fxe	1b2cc23ad4e9efc2509ddaa234317548	3749
mods/heroes.stormmod/enus.stormassets/localizeddata/sounds/vo/wizardbase_ultimate1used03_03.ogg	51b41ff31987c4f7445b1c98d7144ad2	41687
mods/heroes.stormmod/enus.stormassets/localizeddata/sounds/vo/wizardbase_ultimate2used00.fxe	23178e12d01f153f506d39e5e3171cc3	1122
mods/heroes.stormmod/enus.stormassets/localizeddata/sounds/vo/wizardbase_ultimate2used00.ogg	033f593459f9dd3fc03e48a11b514a2e	21385
mods/heroes.stormmod/enus.stormassets/localizeddata/sounds/vo/wizardbase_ultimate2used01.fxe	19b654d350aab74def167e1863db7bc2	1394
mods/heroes.stormmod/enus.stormassets/localizeddata/sounds/vo/wizardbase_ultimate2used01.ogg	57fce4c7a023225912a319c7f8db4a36	23844
mods/heroes.stormmod/enus.stormassets/localizeddata/sounds/vo/wizardbase_voicelinefive00.ogg	eb2ec4e30ff2782535537c8ada21d163	30741
mods/heroes.stormmod/enus.stormassets/localizeddata/sounds/vo/wizardbase_voicelinefour00.ogg	7cf3ecb02edd2d936b074e5d5ac3599b	28006
mods/heroes.stormmod/enus.stormassets/localizeddata/sounds/vo/wizardbase_voicelineone00.ogg	beba1fb1d8f94086fcd08cdda7418aad	24472
mods/heroes.stormmod/enus.stormassets/localizeddata/sounds/vo/wizardbase_voicelinethree00.ogg	0c7afc09208ff793dbb56c11b693cc51	26889
mods/heroes.stormmod/enus.stormassets/localizeddata/sounds/vo/wizardbase_voicelinetwo00.ogg	d3591a080e92b189a0eec0907016fa36	18476
mods/heroes.stormmod/enus.stormassets/localizeddata/sounds/vo/wizardbase_vox_attack00.ogg	d10b066d6f49ba46ac68158273f68c6f	6930
mods/heroes.stormmod/enus.stormassets/localizeddata/sounds/vo/wizardbase_vox_attack01.ogg	f19372daa6c12ff259f9c6d3179c465c	8975
mods/heroes.stormmod/enus.stormassets/localizeddata/sounds/vo/wizardbase_vox_attack02.ogg	40477df98313419216204a1ca9e407d3	8104
mods/heroes.stormmod/enus.stormassets/localizeddata/sounds/vo/wizardbase_vox_attack03.ogg	1b0dd25adf6d7300be2db32b41b7be82	7439
mods/heroes.stormmod/enus.stormassets/localizeddata/sounds/vo/wizardbase_vox_attack04.ogg	b0ad0db1d46863057a23de3cf8a9488c	7462
mods/heroes.stormmod/enus.stormassets/localizeddata/sounds/vo/wizardbase_vox_attack05.ogg	8b1a15b69e581379b9bbb3d40e441db4	8143
mods/heroes.stormmod/enus.stormassets/localizeddata/sounds/vo/wizardbase_vox_attack06.ogg	f89d40b5adab7cf9fd72c610804dedb9	7255
mods/heroes.stormmod/enus.stormassets/localizeddata/sounds/vo/wizardbase_vox_attack07.ogg	4d84d6cf947b6aa283bf31c35141189b	7209
mods/heroes.stormmod/enus.stormassets/localizeddata/sounds/vo/wizardbase_vox_attack08.ogg	0387bee18107f04192bd108a9978192d	7470
mods/heroes.stormmod/enus.stormassets/localizeddata/sounds/vo/wizardbase_vox_cheer03.fxe	c263342a776c4431524b09dd983e456a	1614
mods/heroes.stormmod/enus.stormassets/localizeddata/sounds/vo/wizardbase_vox_cheer03.ogg	225235c797270dc66b549a0a563e7dc7	14546
mods/heroes.stormmod/enus.stormassets/localizeddata/sounds/vo/wizardbase_vox_cheer07.fxe	b006750463d106a5db6aaf4e65a25341	1390
mods/heroes.stormmod/enus.stormassets/localizeddata/sounds/vo/wizardbase_vox_cheer07.ogg	a25ca5cba0c11d547b64b09ba62e7677	14028
mods/heroes.stormmod/enus.stormassets/localizeddata/sounds/vo/wizardbase_vox_gethit01.ogg	af922be1e113dd0bff231a3f49f3f200	9704
mods/heroes.stormmod/enus.stormassets/localizeddata/sounds/vo/wizardbase_vox_gethit02.ogg	d905644f09de761ba3b74ef80a2c144b	8158
mods/heroes.stormmod/enus.stormassets/localizeddata/sounds/vo/wizardbase_vox_gethit03.ogg	533fc94a8d7743aa5d5b23fc99beab75	7930
mods/heroes.stormmod/enus.stormassets/localizeddata/sounds/vo/wizardbase_vox_gethit04.ogg	1988d208c861c4a166b226ff5419139d	8436
mods/heroes.stormmod/enus.stormassets/localizeddata/sounds/vo/wizardbase_vox_gethit05.ogg	a193df8579a8f9a8b6daa569fec654ca	9739
mods/heroes.stormmod/enus.stormassets/localizeddata/sounds/vo/wizardbase_vox_gethit06.ogg	2f003df8822893fd07853bc3f8862f01	7863
mods/heroes.stormmod/enus.stormassets/localizeddata/sounds/vo/wizardbase_vox_gethit07.ogg	f8c35ff4b8167f05f75aa6eef9f772f8	8620
mods/heroes.stormmod/enus.stormassets/localizeddata/sounds/vo/wizardbase_vox_gethit08.ogg	cea4a11d713aaca1c07fb051a6158b2b	9315
mods/heroes.stormmod/enus.stormassets/localizeddata/sounds/vo/wizardbase_vox_pulled00.fxe	604a18d27cd78aff2ccb6afb73121f1d	1407
mods/heroes.stormmod/enus.stormassets/localizeddata/sounds/vo/wizardbase_vox_pulled00.ogg	efed222c320dad0702b994fe0de87cea	8629
mods/heroes.stormmod/enus.stormassets/localizeddata/sounds/vo/wizardbase_vox_pulled01.fxe	0126ed79f44703fb1bcac7ff26f9abd0	863
mods/heroes.stormmod/enus.stormassets/localizeddata/sounds/vo/wizardbase_vox_pulled01.ogg	fc9a159df7faba33db7a5f36eeaa9a4d	8373
mods/heroes.stormmod/enus.stormassets/localizeddata/sounds/vo/wizardbase_vox_pulled02.fxe	d859d4d24eb769cc0d9b1fd4d3b8db6d	1103
mods/heroes.stormmod/enus.stormassets/localizeddata/sounds/vo/wizardbase_vox_pulled02.ogg	b44307339ba2ffc72b658df0d2345f4f	8922
mods/heroes.stormmod/enus.stormassets/localizeddata/sounds/vo/wizardbase_vox_pulled03.fxe	fa28298d7df2ab9d2654b0c55810c37f	655
mods/heroes.stormmod/enus.stormassets/localizeddata/sounds/vo/wizardbase_vox_pulled03.ogg	b3f456c24b7f5fd264baa855997bc3ee	6702
mods/heroes.stormmod/enus.stormassets/localizeddata/sounds/vo/wizardbase_vox_pulled04.fxe	d0737dc7edc46f96ef54834e7a8b1e5e	655
mods/heroes.stormmod/enus.stormassets/localizeddata/sounds/vo/wizardbase_vox_pulled04.ogg	0793e27981fb9848980d48cf73e4f5c7	7506
mods/heroes.stormmod/enus.stormassets/localizeddata/sounds/vo/wizardbase_worthit00.fxe	c5c9e7cbd229f7ed40bcf5ee30456a08	2364
mods/heroes.stormmod/enus.stormassets/localizeddata/sounds/vo/wizardbase_worthit00.ogg	4e479a8ba22dbdf03833ba1bad060489	40087
mods/heroes.stormmod/enus.stormassets/localizeddata/sounds/vo/wizardbase_worthit01.fxe	85c74e6f7fff3d24d11cb9526006e2be	1788
mods/heroes.stormmod/enus.stormassets/localizeddata/sounds/vo/wizardbase_worthit01.ogg	116103679ae1daf5eef84ad8adedc994	32762
mods/heroes.stormmod/enus.stormassets/localizeddata/sounds/vo/wizardbase_yes00.fxe	ff236583f07032cb1aa5d0e48a0bedb5	1032
mods/heroes.stormmod/enus.stormassets/localizeddata/sounds/vo/wizardbase_yes00.ogg	ac45291c188b794927668835f45ef4bd	18228
mods/heroes.stormmod/enus.stormassets/localizeddata/sounds/vo/wizardbase_yes01.fxe	aab5beac2de0283f9d1664578c36aa01	1464
mods/heroes.stormmod/enus.stormassets/localizeddata/sounds/vo/wizardbase_yes01.ogg	58e3ac384b4a85aa099799819757e147	15432
mods/heroes.stormmod/enus.stormassets/localizeddata/sounds/vo/wizardbase_yes02.fxe	96cbc8bdb052b93db982d5986a21c234	1160
mods/heroes.stormmod/enus.stormassets/localizeddata/sounds/vo/wizardbase_yes02.ogg	1da4ec753106524beebe69829444d5d0	18169
mods/heroes.stormmod/enus.stormassets/localizeddata/sounds/vo/wizardbase_yes03.fxe	d662162cc8a83f5e67aad8dbb7821ffa	1000
mods/heroes.stormmod/enus.stormassets/localizeddata/sounds/vo/wizardbase_yes03.ogg	56d1a7354fd38a6fca0c1a011e03dae3	14029
mods/heroes.stormmod/enus.stormassets/localizeddata/sounds/vo/wizardbase_yes04.fxe	360e3f511e69cc0f44034a5c53d317d6	2696
mods/heroes.stormmod/enus.stormassets/localizeddata/sounds/vo/wizardbase_yes04.ogg	12e1d785a94cc7590767e41738a38bfc	30409
mods/heroes.stormmod/enus.stormassets/localizeddata/sounds/vo/wizardbase_yes05_alt.fxe	4ad5b7b6b923309f9ef4dc0e89eaeb9f	1644
mods/heroes.stormmod/enus.stormassets/localizeddata/sounds/vo/wizardbase_yes05_alt.ogg	426b081c5be532876105223d57e23d5e	21229
mods/heroes.stormmod/enus.stormassets/localizeddata/sounds/vo/wizardbase_yes06.fxe	4a8c321db8e6bf6549d184e26891468e	2280
mods/heroes.stormmod/enus.stormassets/localizeddata/sounds/vo/wizardbase_yes06.ogg	14c52a0aedc3643032311b0f4c369421	31814
mods/heroes.stormmod/enus.stormassets/localizeddata/sounds/vo/wizardbase_yes07.fxe	6e359be25874f0cc53a985a50b5f36a1	2344
mods/heroes.stormmod/enus.stormassets/localizeddata/sounds/vo/wizardbase_yes07.ogg	e466857bcf8d6316bd43fb02b843c8f2	27927
mods/heroes.stormmod/enus.stormassets/localizeddata/sounds/vo/wizardbase_yes08.fxe	0476b30be0a2568cfac1bbf538f1c1be	1640
mods/heroes.stormmod/enus.stormassets/localizeddata/sounds/vo/wizardbase_yes08.ogg	7244be3473d478347fb371f0e4ce6496	23334
mods/heroes.stormmod/enus.stormassets/localizeddata/sounds/vo/wizardbase_yes09.fxe	88988953a1c44b80f95fdd51c5a49dd6	1128
mods/heroes.stormmod/enus.stormassets/localizeddata/sounds/vo/wizardbase_yes09.ogg	8d63e90651558a20cdaf180d893eee3d	17083
mods/heroes.stormmod/enus.stormassets/localizeddata/sounds/vo/wizardtemplar_ai_attack00.ogg	f7caa6dc60a7175e48c1d656dd6c4fc1	16682
mods/heroes.stormmod/enus.stormassets/localizeddata/sounds/vo/wizardtemplar_ai_attack01.ogg	ee333e2425cc54ed7049cffa552c43d6	27934
mods/heroes.stormmod/enus.stormassets/localizeddata/sounds/vo/wizardtemplar_ai_attack02.ogg	a2ca4b22ae660f8a2e06ec3a7081b17c	19538
mods/heroes.stormmod/enus.stormassets/localizeddata/sounds/vo/wizardtemplar_ai_caution00.ogg	8dd5c62fe85e6eb8c5f3980867177246	38091
mods/heroes.stormmod/enus.stormassets/localizeddata/sounds/vo/wizardtemplar_ai_goodjob00.ogg	0dcff783307f84b9b74375456c578593	18319
mods/heroes.stormmod/enus.stormassets/localizeddata/sounds/vo/wizardtemplar_ai_goodjob01.ogg	14d9b22b45b7cfa0e526b90806f5728a	31586
mods/heroes.stormmod/enus.stormassets/localizeddata/sounds/vo/wizardtemplar_ai_goodjob02.ogg	018898ed5564d8472a770202b4e592f7	22890
mods/heroes.stormmod/enus.stormassets/localizeddata/sounds/vo/wizardtemplar_ai_heal00.ogg	ce9ed16affb4caa7dd8ec3d1b165b930	34257
mods/heroes.stormmod/enus.stormassets/localizeddata/sounds/vo/wizardtemplar_ai_heal01.ogg	4a8bb959131b4f943ee46f89e69aa890	34608
mods/heroes.stormmod/enus.stormassets/localizeddata/sounds/vo/wizardtemplar_ai_onmyway00.ogg	b21865f0f53613fa8271c042008e2edd	16484
mods/heroes.stormmod/enus.stormassets/localizeddata/sounds/vo/wizardtemplar_ai_onmyway01.ogg	704d5f0c753549d6312cc3b2515f59e8	18329
mods/heroes.stormmod/enus.stormassets/localizeddata/sounds/vo/wizardtemplar_ai_retreat00.ogg	be8cf2453c057a314c98287be4f943ee	13549
mods/heroes.stormmod/enus.stormassets/localizeddata/sounds/vo/wizardtemplar_ai_retreat01.ogg	d4ca30db614dd5602d23aae74924c0b8	15233
mods/heroes.stormmod/enus.stormassets/localizeddata/sounds/vo/wizardtemplar_ai_uhoh00.ogg	150aba4ed23bf3e6736ad108d2d0a61e	16758
mods/heroes.stormmod/enus.stormassets/localizeddata/sounds/vo/wizardtemplar_ai_uhoh01.ogg	7867001dd61f8713a814a66fce9397aa	22520
mods/heroes.stormmod/enus.stormassets/localizeddata/sounds/vo/wizardtemplar_ai_uhoh02.ogg	de2a01182b2b9f955bc34af9073b57f5	20852
mods/heroes.stormmod/enus.stormassets/localizeddata/sounds/vo/wizardtemplar_attack00.ogg	cbdc15bace8ca834389c3806ed77aa07	20112
mods/heroes.stormmod/enus.stormassets/localizeddata/sounds/vo/wizardtemplar_attack01.ogg	0f1c46dd25570024c4aa9262f20ca74d	22842
mods/heroes.stormmod/enus.stormassets/localizeddata/sounds/vo/wizardtemplar_attack02.ogg	e8401c18e31a466b28594812a8f9c280	18088
mods/heroes.stormmod/enus.stormassets/localizeddata/sounds/vo/wizardtemplar_attack03.ogg	38648873c9fe808b8cf19701b4002cb4	26432
mods/heroes.stormmod/enus.stormassets/localizeddata/sounds/vo/wizardtemplar_attack04.ogg	c50384b564207782735d604ab21d1fd8	22196
mods/heroes.stormmod/enus.stormassets/localizeddata/sounds/vo/wizardtemplar_attack05.ogg	28e70b734cdc30736e671be85dc46c35	22377
mods/heroes.stormmod/enus.stormassets/localizeddata/sounds/vo/wizardtemplar_attack06.ogg	dc783e2098fc48c721c9c0fc2231f00e	25366
mods/heroes.stormmod/enus.stormassets/localizeddata/sounds/vo/wizardtemplar_celebrate00.ogg	10e7bf1f782800a41ad6279ab29b8cfd	21397
mods/heroes.stormmod/enus.stormassets/localizeddata/sounds/vo/wizardtemplar_celebrate01.ogg	6d516637d748c3486f6d74a23d98134c	26125
mods/heroes.stormmod/enus.stormassets/localizeddata/sounds/vo/wizardtemplar_comeback00.ogg	5e525c360d15a690fe057682536ae9b6	33251
mods/heroes.stormmod/enus.stormassets/localizeddata/sounds/vo/wizardtemplar_healed00.ogg	541a2efc5e7a786752dee85cc6ef5608	16948
mods/heroes.stormmod/enus.stormassets/localizeddata/sounds/vo/wizardtemplar_healed01.ogg	b62b30a1fe77c7b951ee08b6c3e395bf	23035
mods/heroes.stormmod/enus.stormassets/localizeddata/sounds/vo/wizardtemplar_healed02.ogg	7d36ec8ab5735c80bc988fa0a2b92690	20269
mods/heroes.stormmod/enus.stormassets/localizeddata/sounds/vo/wizardtemplar_introagree00.ogg	6e24c7aa363dcc08ba980ad9e3b63c06	18793
mods/heroes.stormmod/enus.stormassets/localizeddata/sounds/vo/wizardtemplar_introagree01.ogg	c3c792d427fa3555ecd4260b9e8da37b	26295
mods/heroes.stormmod/enus.stormassets/localizeddata/sounds/vo/wizardtemplar_introagree02.ogg	750cd7ab5e9568dfb2a5b61a55803ee3	28249
mods/heroes.stormmod/enus.stormassets/localizeddata/sounds/vo/wizardtemplar_introboast00.ogg	40644b9e7ba885b8bfd6d1da76423b4b	36419
mods/heroes.stormmod/enus.stormassets/localizeddata/sounds/vo/wizardtemplar_introboast01.ogg	4aabb56d0cea2792d1f4918f77eadd8e	42183
mods/heroes.stormmod/enus.stormassets/localizeddata/sounds/vo/wizardtemplar_introquestion00.ogg	1dad5cb41adc342ddf32b1c293f5f22e	22535
mods/heroes.stormmod/enus.stormassets/localizeddata/sounds/vo/wizardtemplar_introquestion01.ogg	b4777b7d6670cc48564228fbc1806eca	25306
mods/heroes.stormmod/enus.stormassets/localizeddata/sounds/vo/wizardtemplar_introquestion_azmodan00.ogg	2e54aa13cba2ede30224007a4660cac3	35918
mods/heroes.stormmod/enus.stormassets/localizeddata/sounds/vo/wizardtemplar_introquestion_butcher00.ogg	85430b6fd9e9bf8fa62c4565a0ebb68e	32397
mods/heroes.stormmod/enus.stormassets/localizeddata/sounds/vo/wizardtemplar_introquestion_d3hero00.ogg	6366a7c213e155165c4b51cf9ab59ee4	36564
mods/heroes.stormmod/enus.stormassets/localizeddata/sounds/vo/wizardtemplar_introquestion_deckard00.ogg	5c1ffac683f5abd8ea3e029b2805dc86	24402
mods/heroes.stormmod/enus.stormassets/localizeddata/sounds/vo/wizardtemplar_introquestion_leoric00.ogg	d4dcbb39e2dcfce4540190b080d65938	36213
mods/heroes.stormmod/enus.stormassets/localizeddata/sounds/vo/wizardtemplar_introquestion_lordofhell00.ogg	f9c2d4a97abd8273c020a1814bb89aef	36509
mods/heroes.stormmod/enus.stormassets/localizeddata/sounds/vo/wizardtemplar_introquestion_magicuser00.ogg	5185c60bac9593ac2e71e13cdcd2d68c	35550
mods/heroes.stormmod/enus.stormassets/localizeddata/sounds/vo/wizardtemplar_introquestion_malthael00.ogg	5cbd39ba0a0b559bc7d3be35fbcb4ca7	29518
mods/heroes.stormmod/enus.stormassets/localizeddata/sounds/vo/wizardtemplar_introquestion_murky00.ogg	d0412d8565a6fa707c086056ea7e6f76	41797
mods/heroes.stormmod/enus.stormassets/localizeddata/sounds/vo/wizardtemplar_introquestion_necromancer00.ogg	0f64006daa70be8c9284c65621891f63	32582
mods/heroes.stormmod/enus.stormassets/localizeddata/sounds/vo/wizardtemplar_introquestion_negative00.ogg	0be97223b79c012cba4e7b5f0f3077b5	35147
mods/heroes.stormmod/enus.stormassets/localizeddata/sounds/vo/wizardtemplar_introquestion_positive00.ogg	bc4a55844f8f7591a36eeb84508be6b2	27537
mods/heroes.stormmod/enus.stormassets/localizeddata/sounds/vo/wizardtemplar_introquestion_spacelordleoric00.ogg	8971bd95285d261c77d9ad946890abf0	32859
mods/heroes.stormmod/enus.stormassets/localizeddata/sounds/vo/wizardtemplar_introquestion_tyrael00.ogg	6c29ea8a97511b789a06469201cb31d9	29083
mods/heroes.stormmod/enus.stormassets/localizeddata/sounds/vo/wizardtemplar_introrespond00.ogg	a38be9890de1d4d0b49a877d14926b75	14149
mods/heroes.stormmod/enus.stormassets/localizeddata/sounds/vo/wizardtemplar_introrespond01.ogg	f87ad84dd7785e08ed10f5efd93a3102	19290
mods/heroes.stormmod/enus.stormassets/localizeddata/sounds/vo/wizardtemplar_introrespond02.ogg	043e6cc49292df3f8f48fceab69350fd	19741
mods/heroes.stormmod/enus.stormassets/localizeddata/sounds/vo/wizardtemplar_introresponse_angry00.ogg	156f7f9c3f335ccf03e5a0239f5f062e	32566
mods/heroes.stormmod/enus.stormassets/localizeddata/sounds/vo/wizardtemplar_introresponse_azmodan00.ogg	0e0d3016723a6548b41b176934687fee	28997
mods/heroes.stormmod/enus.stormassets/localizeddata/sounds/vo/wizardtemplar_introresponse_begrudging00.ogg	d4898db2e07c1ac35b18d6f48768d7c1	21154
mods/heroes.stormmod/enus.stormassets/localizeddata/sounds/vo/wizardtemplar_introresponse_butcher00.ogg	5ebec59665625e1f51f647e9d0897796	32618
mods/heroes.stormmod/enus.stormassets/localizeddata/sounds/vo/wizardtemplar_introresponse_d3hero00.ogg	d2f192c265571fe1ab6c4d8690faea3e	27030
mods/heroes.stormmod/enus.stormassets/localizeddata/sounds/vo/wizardtemplar_introresponse_deckard00.ogg	c37d2db373cfb65a193ecc7d51334b46	22453
mods/heroes.stormmod/enus.stormassets/localizeddata/sounds/vo/wizardtemplar_introresponse_dismissive00.ogg	f85d4331a7d6850658ba0b66ac712e41	27985
mods/heroes.stormmod/enus.stormassets/localizeddata/sounds/vo/wizardtemplar_introresponse_insult00.ogg	b90fd5be425ca657e2f00d44c3ac00bc	39901
mods/heroes.stormmod/enus.stormassets/localizeddata/sounds/vo/wizardtemplar_introresponse_leoric00.ogg	73055f7550aa3ac758789aa54535e01f	21353
mods/heroes.stormmod/enus.stormassets/localizeddata/sounds/vo/wizardtemplar_introresponse_lordofhell00.ogg	3156784734d45a08aa7bef92a2f0fbaf	25487
mods/heroes.stormmod/enus.stormassets/localizeddata/sounds/vo/wizardtemplar_introresponse_magicuser00.ogg	1b3a9e8f8228ccddee99c3bf9e14b459	35508
mods/heroes.stormmod/enus.stormassets/localizeddata/sounds/vo/wizardtemplar_introresponse_malthael00.ogg	93ae6f73250d751e32627945abb09360	33145
mods/heroes.stormmod/enus.stormassets/localizeddata/sounds/vo/wizardtemplar_introresponse_murky00.ogg	f5bb74a5504e7a2a2b7e474bc89bb9b9	40158
mods/heroes.stormmod/enus.stormassets/localizeddata/sounds/vo/wizardtemplar_introresponse_necromancer00.ogg	3f632e1ff3ead72096479b94a28ee504	45996
mods/heroes.stormmod/enus.stormassets/localizeddata/sounds/vo/wizardtemplar_introresponse_negative00.ogg	14acd024b1e42b0d8d0bcf7b6146049b	27931
mods/heroes.stormmod/enus.stormassets/localizeddata/sounds/vo/wizardtemplar_introresponse_positive00.ogg	0a5e320b683a7a589e39edae05914187	36738
mods/heroes.stormmod/enus.stormassets/localizeddata/sounds/vo/wizardtemplar_introresponse_sarcastic00.ogg	a36385be0d26d5af696f17e9ae763f21	27846
mods/heroes.stormmod/enus.stormassets/localizeddata/sounds/vo/wizardtemplar_introresponse_spacelordleoric00.ogg	9f883eaae7d1cfa339d93cbb5996d279	33441
mods/heroes.stormmod/enus.stormassets/localizeddata/sounds/vo/wizardtemplar_introresponse_tyrael00.ogg	721e7025b774278d2b8a67fce43051d2	22434
mods/heroes.stormmod/enus.stormassets/localizeddata/sounds/vo/wizardtemplar_introresponse_weird00.ogg	951e90a42587edfa09177a06275d3fff	32095
mods/heroes.stormmod/enus.stormassets/localizeddata/sounds/vo/wizardtemplar_kill00.ogg	708e6a26fa6815fc6eb28f13b643110a	22103
mods/heroes.stormmod/enus.stormassets/localizeddata/sounds/vo/wizardtemplar_kill01.ogg	582f2d74e05467846ec7c618c04d0719	35875
mods/heroes.stormmod/enus.stormassets/localizeddata/sounds/vo/wizardtemplar_kill02.ogg	4b99d0981bd76a7bdae08379f140ef78	28397
mods/heroes.stormmod/enus.stormassets/localizeddata/sounds/vo/wizardtemplar_kill03.ogg	02f26bfe19b847871f4fcfa50913f23b	25446
mods/heroes.stormmod/enus.stormassets/localizeddata/sounds/vo/wizardtemplar_kill04.ogg	d750c478ddb07bb80e9b356de4c15323	20692
mods/heroes.stormmod/enus.stormassets/localizeddata/sounds/vo/wizardtemplar_killangel00.ogg	c3e7fe70be01886d7709a5956cf16bb3	26594
mods/heroes.stormmod/enus.stormassets/localizeddata/sounds/vo/wizardtemplar_killbutcher00.ogg	204bfd37cb24e96f9349ed437069523c	23644
mods/heroes.stormmod/enus.stormassets/localizeddata/sounds/vo/wizardtemplar_killdeckard00.ogg	5ab66ae32ccda4088ea814c15a163bd2	33575
mods/heroes.stormmod/enus.stormassets/localizeddata/sounds/vo/wizardtemplar_killdemon00.ogg	8becd825bc22f7985e282bc4d557df88	31209
mods/heroes.stormmod/enus.stormassets/localizeddata/sounds/vo/wizardtemplar_killdiablo00.ogg	4c389bd77e418d07ad91733a0ef6ef00	19044
mods/heroes.stormmod/enus.stormassets/localizeddata/sounds/vo/wizardtemplar_killdiablohero00.ogg	24de94a1278f22769b94f4862b00eaa8	28722
mods/heroes.stormmod/enus.stormassets/localizeddata/sounds/vo/wizardtemplar_killjaina00.ogg	31dc65f74b5c893afc07f7672d23a572	26158
mods/heroes.stormmod/enus.stormassets/localizeddata/sounds/vo/wizardtemplar_killkaelthas00.ogg	a7149007914dac968f7344f56c6be477	34606
mods/heroes.stormmod/enus.stormassets/localizeddata/sounds/vo/wizardtemplar_killleoric00.ogg	9e0a9369149cf40b0b3e01d9c450e63b	38167
mods/heroes.stormmod/enus.stormassets/localizeddata/sounds/vo/wizardtemplar_killmalthael00.ogg	1a12afd8b1307cd88ea49479f2e5bda0	34197
mods/heroes.stormmod/enus.stormassets/localizeddata/sounds/vo/wizardtemplar_killmedivh00.ogg	90a9b411391df331f8b23c8e8b4d3d57	33492
mods/heroes.stormmod/enus.stormassets/localizeddata/sounds/vo/wizardtemplar_killnephalem00.ogg	5868ea7495245cd3e9c72c5b67ac7c07	27644
mods/heroes.stormmod/enus.stormassets/localizeddata/sounds/vo/wizardtemplar_killspreeend00.ogg	83a0ad0e0b9ab32314f390e68be2a03f	28832
mods/heroes.stormmod/enus.stormassets/localizeddata/sounds/vo/wizardtemplar_killtyrael00.ogg	36940450993d79bdc7a60713df409b46	23854
mods/heroes.stormmod/enus.stormassets/localizeddata/sounds/vo/wizardtemplar_killweird00.ogg	bd78a2ffd48ad513e2d7d9a2faf980d4	41261
mods/heroes.stormmod/enus.stormassets/localizeddata/sounds/vo/wizardtemplar_laugh00.ogg	ad40545b562b18d6ec93080621ecde32	18330
mods/heroes.stormmod/enus.stormassets/localizeddata/sounds/vo/wizardtemplar_laugh01.ogg	d1a361eeb21506b771e984be26dde266	30699
mods/heroes.stormmod/enus.stormassets/localizeddata/sounds/vo/wizardtemplar_laugh02.ogg	299a6c8eae952158eb84b34df7e87dde	15266
mods/heroes.stormmod/enus.stormassets/localizeddata/sounds/vo/wizardtemplar_laugh03.ogg	a8ca919e8d8f00d4f35472b38c9ea6be	18461
mods/heroes.stormmod/enus.stormassets/localizeddata/sounds/vo/wizardtemplar_laugh04.ogg	7bdfb728bfd77473f8dcc1c2a6e245aa	20931
mods/heroes.stormmod/enus.stormassets/localizeddata/sounds/vo/wizardtemplar_lowlifeheal00.ogg	e0f0756dbacdb97cb79273612629beeb	23305
mods/heroes.stormmod/enus.stormassets/localizeddata/sounds/vo/wizardtemplar_lowlifeheal01.ogg	6a1a3359411cb7eac4c620870c5a134d	24890
mods/heroes.stormmod/enus.stormassets/localizeddata/sounds/vo/wizardtemplar_lowlifeheal02.ogg	e20dd3a2bd5d1c9318bfe7142ff8d283	27195
mods/heroes.stormmod/enus.stormassets/localizeddata/sounds/vo/wizardtemplar_lowmana00.ogg	d5f61619c4f30eb54c0202317f4078f4	16354
mods/heroes.stormmod/enus.stormassets/localizeddata/sounds/vo/wizardtemplar_lowmana01.ogg	887b7fc97636bb8fa5f9f214205b5f4e	20435
mods/heroes.stormmod/enus.stormassets/localizeddata/sounds/vo/wizardtemplar_lowmana02.ogg	6767c0ebdd3fa4445cdcd10d323b06e5	17925
mods/heroes.stormmod/enus.stormassets/localizeddata/sounds/vo/wizardtemplar_matchend00.ogg	6d13642c6208a3f5f334f6d68c77958f	34621
mods/heroes.stormmod/enus.stormassets/localizeddata/sounds/vo/wizardtemplar_matchend01.ogg	fba0cc899d00bdffa046ece23c76b7b2	19003
mods/heroes.stormmod/enus.stormassets/localizeddata/sounds/vo/wizardtemplar_no00.ogg	94b29010ebbbb423da483fbca2c24c6c	19683
mods/heroes.stormmod/enus.stormassets/localizeddata/sounds/vo/wizardtemplar_no01.ogg	8f02a0d09fcf9cf7c7dcea43eee2a723	18169
mods/heroes.stormmod/enus.stormassets/localizeddata/sounds/vo/wizardtemplar_no02_alt.ogg	b14b008ba3b8ea8e7b5522a0b472d42f	20980
mods/heroes.stormmod/enus.stormassets/localizeddata/sounds/vo/wizardtemplar_ping_assisthero00.ogg	76d6a7194bb70999ab9b7d9bdd74bc9f	23242
mods/heroes.stormmod/enus.stormassets/localizeddata/sounds/vo/wizardtemplar_ping_assistme00.ogg	88a990c53b1964f188c782ad787a7f29	19282
mods/heroes.stormmod/enus.stormassets/localizeddata/sounds/vo/wizardtemplar_ping_assistme01.ogg	a02caf1c7529f85980e34649546cd868	29733
mods/heroes.stormmod/enus.stormassets/localizeddata/sounds/vo/wizardtemplar_ping_attackcastle00.ogg	8e8ec9abd43aa88a8face2a348658520	24672
mods/heroes.stormmod/enus.stormassets/localizeddata/sounds/vo/wizardtemplar_ping_attackmerc00.ogg	b6e6a30a0ba0942660a3d194b4466502	24610
mods/heroes.stormmod/enus.stormassets/localizeddata/sounds/vo/wizardtemplar_ping_attackoutpost00.ogg	3e22e8c4537fe2780ff4ca5c2f35dd2d	21710
mods/heroes.stormmod/enus.stormassets/localizeddata/sounds/vo/wizardtemplar_ping_attacktower00.ogg	bc3f44668a9717cb58336d13c4452ec6	22854
mods/heroes.stormmod/enus.stormassets/localizeddata/sounds/vo/wizardtemplar_ping_danger00.ogg	508e1173eaf0116f9dda82fe2176ff80	27776
mods/heroes.stormmod/enus.stormassets/localizeddata/sounds/vo/wizardtemplar_ping_danger01.ogg	f26375fe7ebf876fb5daaf1f28273ea8	23474
mods/heroes.stormmod/enus.stormassets/localizeddata/sounds/vo/wizardtemplar_ping_defend00.ogg	6e9995899da9740905f940efa3819e5f	20244
mods/heroes.stormmod/enus.stormassets/localizeddata/sounds/vo/wizardtemplar_ping_defendcastle00.ogg	b86a27961968ed77463854441f767a50	32031
mods/heroes.stormmod/enus.stormassets/localizeddata/sounds/vo/wizardtemplar_ping_defendoutpost00.ogg	f12c060d2467e82da30a9c7f1815e762	26415
mods/heroes.stormmod/enus.stormassets/localizeddata/sounds/vo/wizardtemplar_ping_defendthing00.ogg	f19f6f23e7a2dd6c87415613528073cd	30922
mods/heroes.stormmod/enus.stormassets/localizeddata/sounds/vo/wizardtemplar_ping_defendthing01.ogg	cb3778bae2696c00370b8819de556744	21738
mods/heroes.stormmod/enus.stormassets/localizeddata/sounds/vo/wizardtemplar_ping_defendtower00.ogg	1d7c8f66480857549510fc04058cb2c3	23421
mods/heroes.stormmod/enus.stormassets/localizeddata/sounds/vo/wizardtemplar_ping_enemymissing00.ogg	30ddcf7ca0b7962320cf57ba696ace78	21563
mods/heroes.stormmod/enus.stormassets/localizeddata/sounds/vo/wizardtemplar_ping_enemymissing01.ogg	4eacd647930e7480ba76c02d8e769ce3	27318
mods/heroes.stormmod/enus.stormassets/localizeddata/sounds/vo/wizardtemplar_ping_killhero00.ogg	7542e13d9e05ad2dd95a0231d3b9abe8	23651
mods/heroes.stormmod/enus.stormassets/localizeddata/sounds/vo/wizardtemplar_ping_onmyway00.ogg	98b8ce386af87a59cd20201c05699ef5	29995
mods/heroes.stormmod/enus.stormassets/localizeddata/sounds/vo/wizardtemplar_ping_onmyway01.ogg	580749af0f212b34aab1e07c8115ba8c	26704
mods/heroes.stormmod/enus.stormassets/localizeddata/sounds/vo/wizardtemplar_ping_retreat00.ogg	8dae69aec3f961782673c09e52b410d6	13929
mods/heroes.stormmod/enus.stormassets/localizeddata/sounds/vo/wizardtemplar_ping_retreat01.ogg	8aa6c61fdbcce14f01611de837dc9b70	25005
mods/heroes.stormmod/enus.stormassets/localizeddata/sounds/vo/wizardtemplar_pissed00.ogg	2bc1db1edbc2861fa7fc36c3664fe9ae	25102
mods/heroes.stormmod/enus.stormassets/localizeddata/sounds/vo/wizardtemplar_pissed01.ogg	8ffe9c944958e9b0466faf34a7adc3cd	36198
mods/heroes.stormmod/enus.stormassets/localizeddata/sounds/vo/wizardtemplar_pissed02.ogg	a2b6ea58f9826e7c1b17e100ba59d6e8	52319
mods/heroes.stormmod/enus.stormassets/localizeddata/sounds/vo/wizardtemplar_pissed05.ogg	efde70b81c6f52c3612f3c8aa386fe3a	42695
mods/heroes.stormmod/enus.stormassets/localizeddata/sounds/vo/wizardtemplar_pissed07.ogg	a788df0865088ebe8ed8ba19c405b8a0	52097
mods/heroes.stormmod/enus.stormassets/localizeddata/sounds/vo/wizardtemplar_pissed08.ogg	e8f33422e3debc321802dde0b321338a	39310
mods/heroes.stormmod/enus.stormassets/localizeddata/sounds/vo/wizardtemplar_pissed09.ogg	a529bb57678865cb68d7ef449d248f20	46690
mods/heroes.stormmod/enus.stormassets/localizeddata/sounds/vo/wizardtemplar_pissed10.ogg	724752258fe4c68392c27ab99a3a692b	27028
mods/heroes.stormmod/enus.stormassets/localizeddata/sounds/vo/wizardtemplar_pissed11.ogg	59a53d2a03af3ceaff6bf6af2b148360	68323
mods/heroes.stormmod/enus.stormassets/localizeddata/sounds/vo/wizardtemplar_pissed12.ogg	e7c6ad2a6e84e223e23870c3dcefe678	51121
mods/heroes.stormmod/enus.stormassets/localizeddata/sounds/vo/wizardtemplar_pissed13.ogg	02d3613f95dc8bb66c8cf039c4dd882f	69452
mods/heroes.stormmod/enus.stormassets/localizeddata/sounds/vo/wizardtemplar_pissed14.ogg	71a3bc32474f62bbb30ae1ed7bec9968	101892
mods/heroes.stormmod/enus.stormassets/localizeddata/sounds/vo/wizardtemplar_pissed15.ogg	0fb2488b5ad8b387c124ee68938d9350	48851
mods/heroes.stormmod/enus.stormassets/localizeddata/sounds/vo/wizardtemplar_pissed16.ogg	6a2080021b1458227b2b33ab335b82c7	56566
mods/heroes.stormmod/enus.stormassets/localizeddata/sounds/vo/wizardtemplar_pissed17.ogg	35e2b8fb588c4daccc883303471a9cd0	100545
mods/heroes.stormmod/enus.stormassets/localizeddata/sounds/vo/wizardtemplar_pissed18.ogg	7a0aea5c6b30452a3b60cb930022a284	44875
mods/heroes.stormmod/enus.stormassets/localizeddata/sounds/vo/wizardtemplar_resurrected00.ogg	2d09e641ccb055bacae3ec5b6aa955d4	25692
mods/heroes.stormmod/enus.stormassets/localizeddata/sounds/vo/wizardtemplar_resurrected01.ogg	2258d80e169cd84a04ff74c5fdf7ba6a	26167
mods/heroes.stormmod/enus.stormassets/localizeddata/sounds/vo/wizardtemplar_revive00.ogg	525af450c4a64d36aaa0681ea867fcf6	25684
mods/heroes.stormmod/enus.stormassets/localizeddata/sounds/vo/wizardtemplar_revive01.ogg	45e1bb52b8a000e99cd49c9c4d3207a6	27067
mods/heroes.stormmod/enus.stormassets/localizeddata/sounds/vo/wizardtemplar_revive02.ogg	820a4f4b3f14468b5ed7e71c5bb32286	33247
mods/heroes.stormmod/enus.stormassets/localizeddata/sounds/vo/wizardtemplar_spec00.ogg	922bdda2964b95a98eae896f28a25fac	29041
mods/heroes.stormmod/enus.stormassets/localizeddata/sounds/vo/wizardtemplar_spec01.ogg	55a2e5ddf66b7f3cc17ea662467cac39	15886
mods/heroes.stormmod/enus.stormassets/localizeddata/sounds/vo/wizardtemplar_spec02.ogg	6d13642c6208a3f5f334f6d68c77958f	34621
mods/heroes.stormmod/enus.stormassets/localizeddata/sounds/vo/wizardtemplar_spec03.ogg	2deb52be3285f8fc726d2d4fc0c1d41b	35217
mods/heroes.stormmod/enus.stormassets/localizeddata/sounds/vo/wizardtemplar_spec04.ogg	b56f192d04d035f1e0a1eb9c4f1a52c1	24302
mods/heroes.stormmod/enus.stormassets/localizeddata/sounds/vo/wizardtemplar_taunt00.ogg	09be46bded9ba07032f56b088399ba9b	22523
mods/heroes.stormmod/enus.stormassets/localizeddata/sounds/vo/wizardtemplar_taunt01.ogg	68b2bc20d4c99abe8ef7d7c97dda1842	22937
mods/heroes.stormmod/enus.stormassets/localizeddata/sounds/vo/wizardtemplar_taunt02.ogg	d3883fb966f54edf69e48358df6a5d1a	23045
mods/heroes.stormmod/enus.stormassets/localizeddata/sounds/vo/wizardtemplar_teamkilled00.ogg	26376cdba202c8835010a5f687df76f3	32213
mods/heroes.stormmod/enus.stormassets/localizeddata/sounds/vo/wizardtemplar_ui_exlocked00.ogg	5912258e7f0832248b28ce44eba95716	27986
mods/heroes.stormmod/enus.stormassets/localizeddata/sounds/vo/wizardtemplar_ui_expurchased00.ogg	3f31782877f56a4e81c185fd33f437e2	19878
mods/heroes.stormmod/enus.stormassets/localizeddata/sounds/vo/wizardtemplar_ui_gift00.ogg	a0980aa89f26cf30b0fc1501f7e2e04e	28388
mods/heroes.stormmod/enus.stormassets/localizeddata/sounds/vo/wizardtemplar_ui_lockin00.ogg	757436fea0256c4f6a57f504d5e889a6	21972
mods/heroes.stormmod/enus.stormassets/localizeddata/sounds/vo/wizardtemplar_ui_purchase00.ogg	fba0cc899d00bdffa046ece23c76b7b2	19003
mods/heroes.stormmod/enus.stormassets/localizeddata/sounds/vo/wizardtemplar_ui_trial00.ogg	c46068eb7d83a20bf62dd2a40c68ec58	29983
mods/heroes.stormmod/enus.stormassets/localizeddata/sounds/vo/wizardtemplar_ui_trial01.ogg	652c37a4c2120e3bd1c68941ec8ed8f4	48267
mods/heroes.stormmod/enus.stormassets/localizeddata/sounds/vo/wizardtemplar_ui_waitlocked00.ogg	54f0ec1a8947c24a2be27d9092cbfbbf	22447
mods/heroes.stormmod/enus.stormassets/localizeddata/sounds/vo/wizardtemplar_ui_waitlocked01.ogg	d5dc5297e540db0a2647aa8159bfd4a9	39219
mods/heroes.stormmod/enus.stormassets/localizeddata/sounds/vo/wizardtemplar_ui_waitpurchased00.ogg	42fb6001262c11072af0747611956f35	17033
mods/heroes.stormmod/enus.stormassets/localizeddata/sounds/vo/wizardtemplar_ui_waitpurchased01.ogg	5736c736dc4e69940a0ab9b3a40b6917	22663
mods/heroes.stormmod/enus.stormassets/localizeddata/sounds/vo/wizardtemplar_ultimate1used00.ogg	8bf8e6767553cb4e6efe4c8508be261d	22716
mods/heroes.stormmod/enus.stormassets/localizeddata/sounds/vo/wizardtemplar_ultimate1used01.ogg	5ed60625fba990de939e1c7f962b832b	23436
mods/heroes.stormmod/enus.stormassets/localizeddata/sounds/vo/wizardtemplar_ultimate1used02.ogg	75097734efab88b3173c0361f8106780	23157
mods/heroes.stormmod/enus.stormassets/localizeddata/sounds/vo/wizardtemplar_ultimate1used03_03.ogg	2df0bd39dcca71d0f8c59c1a6a03b5b1	36593
mods/heroes.stormmod/enus.stormassets/localizeddata/sounds/vo/wizardtemplar_ultimate2used00.ogg	466092020f0cb142e20ac8f7b3ba9ba0	21209
mods/heroes.stormmod/enus.stormassets/localizeddata/sounds/vo/wizardtemplar_ultimate2used01.ogg	908bdd8f0fd6591c8171135cc15f2aa9	23555
mods/heroes.stormmod/enus.stormassets/localizeddata/sounds/vo/wizardtemplar_voicelinefive00.ogg	83a0ad0e0b9ab32314f390e68be2a03f	28832
mods/heroes.stormmod/enus.stormassets/localizeddata/sounds/vo/wizardtemplar_voicelinefour00.ogg	43213ac0dcc4d24bf91dbc9a9d8d84f9	25611
mods/heroes.stormmod/enus.stormassets/localizeddata/sounds/vo/wizardtemplar_voicelineone00.ogg	0f1c46dd25570024c4aa9262f20ca74d	22842
mods/heroes.stormmod/enus.stormassets/localizeddata/sounds/vo/wizardtemplar_voicelinethree00.ogg	3b1f1b5ce1b6f401dcfaca82b32e9c63	25559
mods/heroes.stormmod/enus.stormassets/localizeddata/sounds/vo/wizardtemplar_voicelinetwo00.ogg	e8401c18e31a466b28594812a8f9c280	18088
mods/heroes.stormmod/enus.stormassets/localizeddata/sounds/vo/wizardtemplar_vox_cheer03.ogg	e9e3abc9c7e44671c36c9009ea6b6e17	16447
mods/heroes.stormmod/enus.stormassets/localizeddata/sounds/vo/wizardtemplar_vox_cheer07.ogg	4d3badf67341d39cbad8641563e4cd1c	16570
mods/heroes.stormmod/enus.stormassets/localizeddata/sounds/vo/wizardtemplar_vox_death00.wav	d0067af25b9a9ec5df0b1f5a8ee946d5	53820
mods/heroes.stormmod/enus.stormassets/localizeddata/sounds/vo/wizardtemplar_vox_death01.wav	de2f7302adf4ccdc3c3b5561dff5260e	49468
mods/heroes.stormmod/enus.stormassets/localizeddata/sounds/vo/wizardtemplar_vox_death02.wav	d5c0996134cdde101387b294107c0fd9	54588
mods/heroes.stormmod/enus.stormassets/localizeddata/sounds/vo/wizardtemplar_vox_death03.wav	d14a44d44ef0f9ed394632ef08b10a86	43580
mods/heroes.stormmod/enus.stormassets/localizeddata/sounds/vo/wizardtemplar_vox_death04.wav	a9c685d8878092432145d88ea26474ec	64316
mods/heroes.stormmod/enus.stormassets/localizeddata/sounds/vo/wizardtemplar_vox_death05.wav	a522ed9917ca30ed90492d88b808c9c9	46140
mods/heroes.stormmod/enus.stormassets/localizeddata/sounds/vo/wizardtemplar_vox_pulled00.ogg	362403b4aa284c89061c5e6b23bef0db	12434
mods/heroes.stormmod/enus.stormassets/localizeddata/sounds/vo/wizardtemplar_vox_pulled01.ogg	71c071339b7065a2dfe7113f8518b21f	12636
mods/heroes.stormmod/enus.stormassets/localizeddata/sounds/vo/wizardtemplar_vox_pulled02.ogg	71ec7bea14625b84db45d21cf47ebfac	13096
mods/heroes.stormmod/enus.stormassets/localizeddata/sounds/vo/wizardtemplar_vox_pulled03.ogg	185fc9addb8dc2c7241d33d42406385a	11263
mods/heroes.stormmod/enus.stormassets/localizeddata/sounds/vo/wizardtemplar_vox_pulled04.ogg	ec7ef0834b24f0928d968397a52b1755	11386
mods/heroes.stormmod/enus.stormassets/localizeddata/sounds/vo/wizardtemplar_worthit00.ogg	8dd1236ae3836618c8cbd309446c033b	37716
mods/heroes.stormmod/enus.stormassets/localizeddata/sounds/vo/wizardtemplar_worthit01.ogg	6e3b1dd658e14950a563555e2deb83fe	31143
mods/heroes.stormmod/enus.stormassets/localizeddata/sounds/vo/wizardtemplar_yes00.ogg	f25b9f735f761494629ea3b0bb8acaf4	17459
mods/heroes.stormmod/enus.stormassets/localizeddata/sounds/vo/wizardtemplar_yes01.ogg	484e1a64a6ba1471b05ffa556e57946c	15312
mods/heroes.stormmod/enus.stormassets/localizeddata/sounds/vo/wizardtemplar_yes02.ogg	2ca1e7c1f0437e9fb31d31810bb9622e	17351
mods/heroes.stormmod/enus.stormassets/localizeddata/sounds/vo/wizardtemplar_yes03.ogg	00d74ca40e66de78be4709eb634c5de7	13667
mods/heroes.stormmod/enus.stormassets/localizeddata/sounds/vo/wizardtemplar_yes04.ogg	92c453cc391ae31316140d9cea646bf8	28669
mods/heroes.stormmod/enus.stormassets/localizeddata/sounds/vo/wizardtemplar_yes05_alt.ogg	915effa8938f4c7ea862b5ccd2ed0667	19677
mods/heroes.stormmod/enus.stormassets/localizeddata/sounds/vo/wizardtemplar_yes06.ogg	53c6722dfa786e3c8969ac64980e37b7	30425
mods/heroes.stormmod/enus.stormassets/localizeddata/sounds/vo/wizardtemplar_yes07.ogg	7136cc229f040493e0bc5bff19845f65	26405
mods/heroes.stormmod/enus.stormassets/localizeddata/sounds/vo/wizardtemplar_yes08.ogg	7e7bfeff9984551eea8ad43f6ca0fb52	21576
mods/heroes.stormmod/enus.stormassets/localizeddata/sounds/vo/wizardtemplar_yes09.ogg	44a83bc537ed4054939fa26021101e19	16714
