mods/heroes.stormmod/base.stormassets/assets/textures/grad.dds	ab87c7d7afff6561ffe07215abb9da6b	22000
mods/heroes.stormmod/base.stormassets/assets/textures/grad.lvl0	130abd1dbe6e85a26f95c0f3d72a2366	1520
mods/heroes.stormmod/base.stormassets/assets/textures/grad1a.dds	5fef56d48060b78c75d7352f5e0815d3	2872
mods/heroes.stormmod/base.stormassets/assets/textures/grad1a_green.dds	6f7ea4d879363602024690916ced76bf	2872
mods/heroes.stormmod/base.stormassets/assets/textures/grad1a_orange.dds	779e8cf45205554e06d016215187a5bc	1520
mods/heroes.stormmod/base.stormassets/assets/textures/grad1a_orange.lvl0	5891786757cd1fbf43e655e2ed923f4f	240
mods/heroes.stormmod/base.stormassets/assets/textures/grad1x.dds	218c95c3c6dfccca276060f722e61eb4	1520
mods/heroes.stormmod/base.stormassets/assets/textures/grad1x2.dds	cf6a96c8a727349eb63a2f4fb73f70b8	1520
mods/heroes.stormmod/base.stormassets/assets/textures/grad2a.dds	4cef3b7eb9f314e2e36caca6e693c0d8	5616
mods/heroes.stormmod/base.stormassets/assets/textures/grad2a.lvl0	c1343ab7a1b1f437d7b3b4ed08048879	1520
mods/heroes.stormmod/base.stormassets/assets/textures/grad2a_black.dds	c411b183f787202ee9783934fff43a04	5616
mods/heroes.stormmod/base.stormassets/assets/textures/grad2a_black.lvl0	6ae7aae000386efd8fd5803f7102b248	176
mods/heroes.stormmod/base.stormassets/assets/textures/grad2b.dds	301a3580de5ad218b4d941f0bfd4b1c3	5616
mods/heroes.stormmod/base.stormassets/assets/textures/grad2b.lvl0	83f8707341fc451f5f0f20dd7942dd22	496
mods/heroes.stormmod/base.stormassets/assets/textures/grad2b_blue.dds	27ff1a1e909f47fbe5a5decd89aa02c7	11088
mods/heroes.stormmod/base.stormassets/assets/textures/grad2b_blue.lvl0	a7c7e9012f46c35a7f8c0b706e3c6676	2896
mods/heroes.stormmod/base.stormassets/assets/textures/grad2b_blue2.dds	2cc5a929171f88833c952b17b79ba5a9	5616
mods/heroes.stormmod/base.stormassets/assets/textures/grad2b_blue2.lvl0	8045c67caefde8126ef8b6933ad39ed1	496
mods/heroes.stormmod/base.stormassets/assets/textures/grad2b_blue3b_dot.dds	71baf53e9890cc92fbad4adba9053808	11064
mods/heroes.stormmod/base.stormassets/assets/textures/grad2b_blue3b_dot.lvl0	15aac4fcf18ee5f75cb73be3b60375fa	824
mods/heroes.stormmod/base.stormassets/assets/textures/grad2b_blueslash6.dds	a2e5f1d762321fbc04235c0acf73d06d	43856
mods/heroes.stormmod/base.stormassets/assets/textures/grad2b_blueslash6.lvl0	b2bdc6248faefd999f40013ec453dcc0	2896
mods/heroes.stormmod/base.stormassets/assets/textures/grad2b_cyanslash.dds	da0e147e7942f7d1c337d126382542cc	43856
mods/heroes.stormmod/base.stormassets/assets/textures/grad2b_cyanslash.lvl0	32fd7d0f249d5dd1362cf94e38244360	2896
mods/heroes.stormmod/base.stormassets/assets/textures/grad2b_cyanslash3.dds	dfc422a7392d4e9185477ac71895ddc3	43832
mods/heroes.stormmod/base.stormassets/assets/textures/grad2b_cyanslash3.lvl0	a2eee75d8dc28e484733cdefc3535503	2872
mods/heroes.stormmod/base.stormassets/assets/textures/grad2b_cyanslash3_dot.dds	9fb9d7fd38447a2198a9a192841eb94f	43832
mods/heroes.stormmod/base.stormassets/assets/textures/grad2b_cyanslash3_dot.lvl0	74e22d769bccf2548eb2db639a265b8a	2872
mods/heroes.stormmod/base.stormassets/assets/textures/grad2b_cyanslash3_horizontal.dds	5a336d9cfbbfccfd9bc3c51ed09a3801	43832
mods/heroes.stormmod/base.stormassets/assets/textures/grad2b_cyanslash3_horizontal.lvl0	b6876f8b91f82feb4453f85b9f400cf4	2872
mods/heroes.stormmod/base.stormassets/assets/textures/grad2b_cyanslash3_horizontal_pink.dds	fff09e5a44a1ea28a7f8f100e19a8d75	43832
mods/heroes.stormmod/base.stormassets/assets/textures/grad2b_cyanslash3_horizontal_pink.lvl0	565888ac89b11dd8ce2aaa09d3a4e780	2872
mods/heroes.stormmod/base.stormassets/assets/textures/grad2b_cyanslash4.dds	e772ae6304f17fc4fd260d2c26f8074b	87536
mods/heroes.stormmod/base.stormassets/assets/textures/grad2b_cyanslash4.lvl0	c79878f6a6942f8804545ff0bd787956	5616
mods/heroes.stormmod/base.stormassets/assets/textures/grad2b_felfiregreen3.dds	4aaee34b52b1ca893881b72ae41155f2	5616
mods/heroes.stormmod/base.stormassets/assets/textures/grad2b_green.dds	72e2d8442a73818cb9035d33b01876fd	11088
mods/heroes.stormmod/base.stormassets/assets/textures/grad2b_green.lvl0	3f16f32672c356cb66c8e9c6df272e80	848
mods/heroes.stormmod/base.stormassets/assets/textures/grad2b_green2.dds	b43c2982d5c554f26d3ce332796d03b5	5616
mods/heroes.stormmod/base.stormassets/assets/textures/grad2b_green2.lvl0	e8796ec536c90bc63faec04183b14b57	496
mods/heroes.stormmod/base.stormassets/assets/textures/grad2b_green3.dds	99a74da8030ffcc678df11878af9773f	5616
mods/heroes.stormmod/base.stormassets/assets/textures/grad2b_green3.lvl0	186857a3f7dd42bc821608f9763e2f36	1520
mods/heroes.stormmod/base.stormassets/assets/textures/grad2b_green3b.dds	6eb2b53d1cf26fa91c12d331ec3d3d35	11064
mods/heroes.stormmod/base.stormassets/assets/textures/grad2b_green3b.lvl0	c2284a87ae4ae1d1a6e8cf5bd6aafa21	824
mods/heroes.stormmod/base.stormassets/assets/textures/grad2b_green3b2.dds	544e3ceda4d86597ea3d2a117bd37005	11064
mods/heroes.stormmod/base.stormassets/assets/textures/grad2b_green3b2.lvl0	bda1e28b8ce0e0cf384ec0ef02db6200	184
mods/heroes.stormmod/base.stormassets/assets/textures/grad2b_green3b3.dds	53ae712b4f72bfa31bba623db55d1e48	11064
mods/heroes.stormmod/base.stormassets/assets/textures/grad2b_greenslash.dds	88dd43837eaf6211becf6c14a6486156	43856
mods/heroes.stormmod/base.stormassets/assets/textures/grad2b_greenslash.lvl0	cfd08b3d0eabcb43aa987850baf775b2	2896
mods/heroes.stormmod/base.stormassets/assets/textures/grad2b_greenslash6.dds	eb55cac29d0cab3c521cb1c71264ec90	43856
mods/heroes.stormmod/base.stormassets/assets/textures/grad2b_greenslash6.lvl0	8ddd1e15ae83cd411cba4768a65184f1	2896
mods/heroes.stormmod/base.stormassets/assets/textures/grad2b_greenyellow3.dds	46349aa96927da4df258e7c02a134464	11064
mods/heroes.stormmod/base.stormassets/assets/textures/grad2b_greenyellow3.lvl0	88c2f6ebf7688870c85d04e34c3a61b3	312
mods/heroes.stormmod/base.stormassets/assets/textures/grad2b_orange.dds	52521b3e1ad5fb77f3f81f3959b4fdce	5616
mods/heroes.stormmod/base.stormassets/assets/textures/grad2b_orange2.dds	f3ccd2962a5f72696b03aa7c406c03c8	11088
mods/heroes.stormmod/base.stormassets/assets/textures/grad2b_orange2.lvl0	e75c9953f6eb4068fefa9cf50b8cb935	2896
mods/heroes.stormmod/base.stormassets/assets/textures/grad2b_orange2_b.dds	6af5a6e57c14a8ebd62ba7230d13314d	5608
mods/heroes.stormmod/base.stormassets/assets/textures/grad2b_orange2_b.lvl0	aac4809be36822e3df83f25c1bd763b0	488
mods/heroes.stormmod/base.stormassets/assets/textures/grad2b_orange3.dds	46064c37487f192ce729780f21ef1009	5648
mods/heroes.stormmod/base.stormassets/assets/textures/grad2b_orange3.lvl0	947c2f035c79a51ed5981dd244cb485d	272
mods/heroes.stormmod/base.stormassets/assets/textures/grad2b_orange3b.dds	facd61333d57811237ca54919d37e944	11064
mods/heroes.stormmod/base.stormassets/assets/textures/grad2b_orange3b.lvl0	80f1d0fc9726914239457f302474b773	2872
mods/heroes.stormmod/base.stormassets/assets/textures/grad2b_orange3c.dds	7cdf818dddf664a22f18a5be101d18d0	11064
mods/heroes.stormmod/base.stormassets/assets/textures/grad2b_orange3c.lvl0	edc5f284d5954130026fe8b6d1cbf3e4	184
mods/heroes.stormmod/base.stormassets/assets/textures/grad2b_orangered.dds	da8abd383378e9636decd664908619ce	5616
mods/heroes.stormmod/base.stormassets/assets/textures/grad2b_orangerred.dds	b06321ef8b596ff098b510768003dab6	5616
mods/heroes.stormmod/base.stormassets/assets/textures/grad2b_orangeslash.dds	5f0a2266aa3f5aee510912e0f6e398f4	43856
mods/heroes.stormmod/base.stormassets/assets/textures/grad2b_orangeslash.lvl0	c097ade6fe3eb96e7e8c2b156ff3f636	2896
mods/heroes.stormmod/base.stormassets/assets/textures/grad2b_orangeslash6.dds	8d1d8b911e91c3b0e6b8331b00900b63	21992
mods/heroes.stormmod/base.stormassets/assets/textures/grad2b_orangeslash6.lvl0	9b0a86ac0401512ac2060ec80fd9c376	488
mods/heroes.stormmod/base.stormassets/assets/textures/grad2b_orangeslash6b.dds	b9218d0f1f9730762d37911d7d8108ee	43832
mods/heroes.stormmod/base.stormassets/assets/textures/grad2b_orangeslash6b.lvl0	e3ad79812c39f7430cb44257e7096d83	2872
mods/heroes.stormmod/base.stormassets/assets/textures/grad2b_purple.dds	3fcb132120ccd16d7892d2446ebe5886	5616
mods/heroes.stormmod/base.stormassets/assets/textures/grad2b_purple.lvl0	aeb6c95ceaa82c34e8e4b2880f747a2c	496
mods/heroes.stormmod/base.stormassets/assets/textures/grad2b_purple2.dds	18e6ade74af97e57a3669286099baa40	5616
mods/heroes.stormmod/base.stormassets/assets/textures/grad2b_purple2.lvl0	13eb7e4e2ce38de510ab68c1731101f6	1520
mods/heroes.stormmod/base.stormassets/assets/textures/grad2b_purpleslash6.dds	13e6467d489e69f5e27c1ceba4b01659	21992
mods/heroes.stormmod/base.stormassets/assets/textures/grad2b_purpleslash6.lvl0	af61e15585a75a9b5a684b3917229e04	488
mods/heroes.stormmod/base.stormassets/assets/textures/grad2b_red.dds	3755416da2edf1f322d8e30a96505fcf	5616
mods/heroes.stormmod/base.stormassets/assets/textures/grad2b_red.lvl0	d1c3ebdaaceead67baf1ace85d9e8879	496
mods/heroes.stormmod/base.stormassets/assets/textures/grad2b_red2.dds	08d7e868687dac58d2224ac629a61496	5616
mods/heroes.stormmod/base.stormassets/assets/textures/grad2b_red2.lvl0	0d0643731c43101af5e7df0aa5b4b9f3	1520
mods/heroes.stormmod/base.stormassets/assets/textures/grad2b_redslash3.dds	78f93a17c03a49df0850a865348f5a11	43832
mods/heroes.stormmod/base.stormassets/assets/textures/grad2b_redslash3.lvl0	f8072175655c2a3541d1cf6b573403c4	312
mods/heroes.stormmod/base.stormassets/assets/textures/grad2b_slash6a.dds	fea77337b67dc1309f8ffda2286c4585	43856
mods/heroes.stormmod/base.stormassets/assets/textures/grad2b_slash6a.lvl0	7bdde1b9181ef4adb00b76d4d1ae96a4	848
mods/heroes.stormmod/base.stormassets/assets/textures/grad2b_slash7a.dds	f51ab9f5fa7da90375aba7399915caf6	43856
mods/heroes.stormmod/base.stormassets/assets/textures/grad2b_slash7a.lvl0	839a21f6736e5c633b247878c26819ce	2896
mods/heroes.stormmod/base.stormassets/assets/textures/grad2b_tc.dds	88d6aefd4f0b275751281ca9134eff1a	5616
mods/heroes.stormmod/base.stormassets/assets/textures/grad2b_teal.dds	ecd78e0f4a263e6836927926d08ebeb7	5616
mods/heroes.stormmod/base.stormassets/assets/textures/grad2b_teal.lvl0	052268e7ea7c06c9e20baf1fadc5e7a9	1520
mods/heroes.stormmod/base.stormassets/assets/textures/grad2b_teal2.dds	d2e739431e3b705661b1f0f8feddb29f	5616
mods/heroes.stormmod/base.stormassets/assets/textures/grad2b_teal2.lvl0	0281936fda0a9d6e7200754b34dd3069	1520
mods/heroes.stormmod/base.stormassets/assets/textures/grad2b_violetslash3_horizontal.dds	af1b613f78cfa51ee9ad1fbd31eb2f0e	43832
mods/heroes.stormmod/base.stormassets/assets/textures/grad2b_violetslash3_horizontal.lvl0	da0b17cbe28e8a0376db3701911ef6d4	312
mods/heroes.stormmod/base.stormassets/assets/textures/grad2b_white.dds	71a5281f2a85b40ca9994f6336690fc5	22000
mods/heroes.stormmod/base.stormassets/assets/textures/grad2b_white.lvl0	1d69d0610d6800786c008af694ae98ed	5616
mods/heroes.stormmod/base.stormassets/assets/textures/grad2b_white2.dds	f822a2ca2518e7b2de3d9d4c04b88669	22000
mods/heroes.stormmod/base.stormassets/assets/textures/grad2b_white2.lvl0	08477253ebf6f06dad62c023edf545a5	1520
mods/heroes.stormmod/base.stormassets/assets/textures/grad2b_windowlight.dds	42c3147a3fd658cf46eb8a2f702baa81	43832
mods/heroes.stormmod/base.stormassets/assets/textures/grad2b_windowlight.lvl0	93406b6d4979f8de5f245de94952b0f5	2872
mods/heroes.stormmod/base.stormassets/assets/textures/grad2b_yellow2.dds	e402c8af3ca51e057c99c14b35ca3d15	5616
mods/heroes.stormmod/base.stormassets/assets/textures/grad2b_yellow2.lvl0	74c25993594bc890421f132c08304989	496
mods/heroes.stormmod/base.stormassets/assets/textures/grad2b_yellowgreen.dds	a74c780d4668f9fa70151047a6a9465f	5616
mods/heroes.stormmod/base.stormassets/assets/textures/grad2b_yelloworange.dds	87924930d4803037131eb4b01d94df9c	5616
mods/heroes.stormmod/base.stormassets/assets/textures/grad2b_yellowslash6.dds	8dede04f497cd8a35bb84b65f872701c	43856
mods/heroes.stormmod/base.stormassets/assets/textures/grad2b_yellowslash6.lvl0	9067334589e68bc087b7d243b4913212	2896
mods/heroes.stormmod/base.stormassets/assets/textures/grad2c1.dds	c5017693adc38c91f2653fb533d78fc8	5616
mods/heroes.stormmod/base.stormassets/assets/textures/grad2c1.lvl0	7c2f663d9e5896c72d5e4f4eb98e66e3	1520
mods/heroes.stormmod/base.stormassets/assets/textures/grad2c1b.dds	fc6392069c44bab41a5e67d05184477f	5616
mods/heroes.stormmod/base.stormassets/assets/textures/grad2c1b.lvl0	94038c9e59f5ceff9b6e5450a0edcc94	1520
mods/heroes.stormmod/base.stormassets/assets/textures/grad2c1b_sharp.dds	8b559f08c2f5b440e4418c1e9b9fe124	174904
mods/heroes.stormmod/base.stormassets/assets/textures/grad2c1b_sharp.lvl0	f81e5c77a57c0de348f523bd61743d2d	2872
mods/heroes.stormmod/base.stormassets/assets/textures/grad2c2.dds	291ec6746b33da7932c58cc67c235644	11088
mods/heroes.stormmod/base.stormassets/assets/textures/grad2c2.lvl0	84a08dc82f3cac27707e40c7305706fe	2896
mods/heroes.stormmod/base.stormassets/assets/textures/grad2c3.dds	54a96f5de21f599c0efb921a34956421	43856
mods/heroes.stormmod/base.stormassets/assets/textures/grad2c3.lvl0	b5701be317989c6be5e4beeed62bc21f	2896
mods/heroes.stormmod/base.stormassets/assets/textures/grad2c4.dds	fddc30a6f359341ba08db411ee1e59d6	43856
mods/heroes.stormmod/base.stormassets/assets/textures/grad2c4.lvl0	95822f3fc85c0d83e79913532228d5f3	2896
mods/heroes.stormmod/base.stormassets/assets/textures/grad2c5.dds	3c106d2ef12c3caa42fc2ff215bcd4c5	5608
mods/heroes.stormmod/base.stormassets/assets/textures/grad2c_side.dds	f2c8a0553c05501623d3e26d5f8a14d5	2872
mods/heroes.stormmod/base.stormassets/assets/textures/grad2c_side.lvl0	b9305dfe0b76a47cbc925cfdf92ac467	824
mods/heroes.stormmod/base.stormassets/assets/textures/grad2c_side2.dds	e6c28966abedfdbdb1b2abed0d952a06	2872
mods/heroes.stormmod/base.stormassets/assets/textures/grad2c_side2b.dds	4b77ad275d59202e0276d95a9283968a	22000
mods/heroes.stormmod/base.stormassets/assets/textures/grad2c_side2b.lvl0	5a417579f930c5afb4142951f72ba249	1520
mods/heroes.stormmod/base.stormassets/assets/textures/grad2c_side3.dds	c37b8533e353459bf5b856f0f98b0e52	43832
mods/heroes.stormmod/base.stormassets/assets/textures/grad2c_side3.lvl0	1edca3f13fb0869c808fe75846af3075	2872
mods/heroes.stormmod/base.stormassets/assets/textures/grad2c_side4.dds	37b1f9bf0a741183daed5a096a700c0a	43832
mods/heroes.stormmod/base.stormassets/assets/textures/grad2c_side4.lvl0	330ae83f649de24ccd24779f09b6c5c8	2872
mods/heroes.stormmod/base.stormassets/assets/textures/grad2c_windowlight.dds	bf44c1ee5e80a6bdeb358fd4d85cd18c	43832
mods/heroes.stormmod/base.stormassets/assets/textures/grad2c_windowlight.lvl0	fb1c357bdafbbb2c67eeaf79a246c72a	312
mods/heroes.stormmod/base.stormassets/assets/textures/grad2cmod2x.dds	3169e7e14a29ae8faaeb91e22564f5f0	2872
mods/heroes.stormmod/base.stormassets/assets/textures/grad2cmod2x.lvl0	2690724b27a19bb2f85f4bf3281ce701	824
mods/heroes.stormmod/base.stormassets/assets/textures/grad2d.dds	d7dcfaaaebe62ff5bd535aa6c813ca19	11088
mods/heroes.stormmod/base.stormassets/assets/textures/grad2d.lvl0	316c405600b0931134c0a09dc3623d6f	2896
mods/heroes.stormmod/base.stormassets/assets/textures/grad2d256.dds	dc4facb3ecb75665820a6641edfbc501	43856
mods/heroes.stormmod/base.stormassets/assets/textures/grad2d256.lvl0	754715c68f3064b28b7a018cd8f93010	336
mods/heroes.stormmod/base.stormassets/assets/textures/grad2db.dds	122c05baa2cff4b24a845b5b0d886cae	5608
mods/heroes.stormmod/base.stormassets/assets/textures/grad2db.lvl0	3c028dcf2bd56ba79ebcef8969d1229f	1512
mods/heroes.stormmod/base.stormassets/assets/textures/grad2dc.dds	0da5cf82a85509cdf2b10d26aab8fbed	2872
mods/heroes.stormmod/base.stormassets/assets/textures/grad2dc.lvl0	95c57070895100d083cbdc5ce87b2a9e	184
mods/heroes.stormmod/base.stormassets/assets/textures/grad3.dds	27e5a0acf8e92f05764ea27b79aa3a9d	5616
mods/heroes.stormmod/base.stormassets/assets/textures/grad3.lvl0	2a0fb0cd179f0f8bbce179aaa5ad9653	240
mods/heroes.stormmod/base.stormassets/assets/textures/grad6.dds	c9531dd658e7d9752f7af5f465e318f6	5616
mods/heroes.stormmod/base.stormassets/assets/textures/grad99.dds	67fe37958af04b2975e97640320da205	11088
mods/heroes.stormmod/base.stormassets/assets/textures/grad99.lvl0	ed1ad654b0187930632d2dcafb753ea9	336
mods/heroes.stormmod/base.stormassets/assets/textures/grad99b.dds	bdb517116fdfe936715ecfed1467dacc	11088
mods/heroes.stormmod/base.stormassets/assets/textures/grad99b.lvl0	8b2f399a8417116551a31989ad7fe53f	208
mods/heroes.stormmod/base.stormassets/assets/textures/grad99borange.dds	decb6e7d0fd169acc9ad60676255aa9a	11088
mods/heroes.stormmod/base.stormassets/assets/textures/grad99borange.lvl0	797a1853cdf659d8e17b9fbb03f41a66	2896
mods/heroes.stormmod/base.stormassets/assets/textures/grad_001a.dds	5d65724e96bb9c34a30bc285334e4005	43832
mods/heroes.stormmod/base.stormassets/assets/textures/grad_001a.lvl0	f0ecd2cbf295a5db3015d80ec6f69f25	2872
mods/heroes.stormmod/base.stormassets/assets/textures/grad_001a_red.dds	6ffcd405eeae83507ccf89bb413b8156	43832
mods/heroes.stormmod/base.stormassets/assets/textures/grad_001a_red.lvl0	3164c54bdb379518acd227950fbcf6f0	2872
mods/heroes.stormmod/base.stormassets/assets/textures/grad_001b.dds	90e53b2a5127facf8d1c45179ec6f60a	43832
mods/heroes.stormmod/base.stormassets/assets/textures/grad_001b.lvl0	9e8f3d568663f0fd3d65624edf2aa95e	2872
mods/heroes.stormmod/base.stormassets/assets/textures/grad_b.dds	6f886e4e56ee47c13eb36aa4f50b5091	824
mods/heroes.stormmod/base.stormassets/assets/textures/grad_brown_01.dds	35cf352bae517f6ed0c90a4881290220	11064
mods/heroes.stormmod/base.stormassets/assets/textures/grad_brown_01.lvl0	0c98433bafcf94f9378a407013f33017	2872
mods/heroes.stormmod/base.stormassets/assets/textures/grad_glowline1.dds	cb78961e870e21617c1beb95b1e92d8e	11080
mods/heroes.stormmod/base.stormassets/assets/textures/grad_glowline1.lvl0	a724500d710615f016061ac9bcb45e8e	840
mods/heroes.stormmod/base.stormassets/assets/textures/grad_glowline1_orange_fine.dds	0fe51b9a6bf919f29cb34be9f2af5a62	11080
mods/heroes.stormmod/base.stormassets/assets/textures/grad_glowline2.dds	84887959d3aceb1d227063d2299d7c3f	11080
mods/heroes.stormmod/base.stormassets/assets/textures/grad_glowline2.lvl0	698cb7432c754a97e57ac7b8b8c7249b	840
mods/heroes.stormmod/base.stormassets/assets/textures/grad_glowline2green.dds	3fd65b70fa2222a9f53d631113836c28	11080
mods/heroes.stormmod/base.stormassets/assets/textures/grad_glowline2green.lvl0	0e7595709b316dd842e28be2c452b82b	840
mods/heroes.stormmod/base.stormassets/assets/textures/grad_glowline2greenxelnaga.dds	7f01991af8c3d9733edba3452637623e	22024
mods/heroes.stormmod/base.stormassets/assets/textures/grad_glowline2greenxelnaga.lvl0	92337c0bba800ef50e581dd7033ce0ba	520
mods/heroes.stormmod/base.stormassets/assets/textures/grad_glowline2orange.dds	f4858cf65b40d6beff8d4c737543d15b	11080
mods/heroes.stormmod/base.stormassets/assets/textures/grad_glowline2orange.lvl0	f01e6f2173f511c5bf20b1fe440e5bbe	840
mods/heroes.stormmod/base.stormassets/assets/textures/grad_glowline2redorange.dds	7895c32a7163432e0d5a9817c5e137b3	11080
mods/heroes.stormmod/base.stormassets/assets/textures/grad_glowline2redorange.lvl0	eb310d6edc0c73ecdb0bd6715c3af081	840
mods/heroes.stormmod/base.stormassets/assets/textures/grad_glowline3green.dds	a37088820e2f458974e84be30ee34774	22032
mods/heroes.stormmod/base.stormassets/assets/textures/grad_glowline3green.lvl0	369795736e9ca1f2ff0c18eb9d435770	528
mods/heroes.stormmod/base.stormassets/assets/textures/grad_glowline4.dds	a4b00d37206a18a5807dc8886dd634e0	43832
mods/heroes.stormmod/base.stormassets/assets/textures/grad_glowline4.lvl0	eb1fe80aad48560f8c7224feece3626b	2872
mods/heroes.stormmod/base.stormassets/assets/textures/grad_glowline_quad_purple_half.dds	5b8d4623a3ef006b6072b7b3617d6770	43832
mods/heroes.stormmod/base.stormassets/assets/textures/grad_glowline_quad_purple_half.lvl0	125c8768325b1dd58110e1ac86c5a135	2872
mods/heroes.stormmod/base.stormassets/assets/textures/grad_glowline_quad_red_half.dds	2a3bc58b0fc123a34d36f730a95b11be	43832
mods/heroes.stormmod/base.stormassets/assets/textures/grad_glowline_quad_red_half.lvl0	3aa6e482fe1520db7bac1cedb22f3e68	2872
mods/heroes.stormmod/base.stormassets/assets/textures/grad_green.dds	20db9c76aa06fd2df257fa42beb6b39b	5608
mods/heroes.stormmod/base.stormassets/assets/textures/grad_green.lvl0	ffcff5bbecdec95a22eaef7728a1f322	1512
mods/heroes.stormmod/base.stormassets/assets/textures/grad_green_2.dds	bf406d06c28b2fa4a39efdc8416c295f	87528
mods/heroes.stormmod/base.stormassets/assets/textures/grad_green_2.lvl0	93bac55de09c2e44f4829a98c20b912d	1512
mods/heroes.stormmod/base.stormassets/assets/textures/grad_hotcenter_blue_01.dds	56ea53c3e7291d848f1e48c2b8dfac97	11064
mods/heroes.stormmod/base.stormassets/assets/textures/grad_hotcenter_blue_01.lvl0	9125c5af29bb48a4ad96125267f276f1	2872
mods/heroes.stormmod/base.stormassets/assets/textures/grad_hotcenter_green_01.dds	ebdc1796ead9ca7f3e2fdd8f4fb67579	11064
mods/heroes.stormmod/base.stormassets/assets/textures/grad_hotcenter_green_01.lvl0	886815f27f7f1235a44c9588a5fc7de3	2872
mods/heroes.stormmod/base.stormassets/assets/textures/grad_hotcenter_orange_01.dds	634cc3240ebaacd3bf4b67cfb1097794	11064
mods/heroes.stormmod/base.stormassets/assets/textures/grad_hotcenter_orange_01.lvl0	051112e8b4a31136a4d774c9e1f6c85a	184
mods/heroes.stormmod/base.stormassets/assets/textures/grad_hotcenter_purple_01.dds	52b5aa4ec4ea340ca6bfb3f5fc39b7ee	11064
mods/heroes.stormmod/base.stormassets/assets/textures/grad_hotcenter_purple_01.lvl0	1629f5ca72830a07fd8b7c545012deb4	184
mods/heroes.stormmod/base.stormassets/assets/textures/grad_lines.dds	0d1c7d8d637e52c703ba81365e55f073	2872
mods/heroes.stormmod/base.stormassets/assets/textures/grad_orange3.dds	fbc3b177f4ad52673d009c1ea78912f4	5608
mods/heroes.stormmod/base.stormassets/assets/textures/grad_orange3.lvl0	52a384062fccc65c3cd1d4ff0c08dafc	1512
mods/heroes.stormmod/base.stormassets/assets/textures/grad_rays_blue1.dds	870e230bc5c11ff510d1ed42dda2bb53	2872
mods/heroes.stormmod/base.stormassets/assets/textures/grad_rays_blue1.lvl0	acff90d0310006f411ccca73d23a0dbe	824
mods/heroes.stormmod/base.stormassets/assets/textures/grad_rays_blue1b.dds	c971b42db434ab2527502bb22d14c484	2872
mods/heroes.stormmod/base.stormassets/assets/textures/grad_rays_blue1b_up.dds	6998422918880c261413621560042056	2872
mods/heroes.stormmod/base.stormassets/assets/textures/grad_rays_blue1b_up2.dds	4df7ed414ab593750122afd402368d92	2872
mods/heroes.stormmod/base.stormassets/assets/textures/grad_rays_blue2.dds	b18a3388c126ce30d1833bc7e35ce854	5608
mods/heroes.stormmod/base.stormassets/assets/textures/grad_rays_blue2.lvl0	fa890932590647dbcb5e3897a9429240	1512
mods/heroes.stormmod/base.stormassets/assets/textures/grad_rays_green1.dds	780bd307401a025fc01d791d0ec324ec	2872
mods/heroes.stormmod/base.stormassets/assets/textures/grad_rays_green1.lvl0	1a9c2f00beaf368f410e5897579e7182	312
mods/heroes.stormmod/base.stormassets/assets/textures/grad_rays_green1b.dds	5afdc55bb94b22bf9915e560b2244132	2872
mods/heroes.stormmod/base.stormassets/assets/textures/grad_rays_grey1.dds	27e9b8e2d66ef8f5ecf964ed47f7fd9f	2872
mods/heroes.stormmod/base.stormassets/assets/textures/grad_rays_grey1_median.dds	ef142897c6dd220c30baa2903ccc37f4	43832
mods/heroes.stormmod/base.stormassets/assets/textures/grad_rays_grey1_median_blue.dds	e0d3a61498c1918d977affec14c5c9de	43832
mods/heroes.stormmod/base.stormassets/assets/textures/grad_rays_grey1_median_blue.lvl0	a65e5ab8a2e4d143bd951be81f2cece9	312
mods/heroes.stormmod/base.stormassets/assets/textures/grad_rays_grey1_median_yelloworangepurple.dds	6a0ae0c428650f5a57867a93a846833e	43832
mods/heroes.stormmod/base.stormassets/assets/textures/grad_rays_grey1_new.dds	aaf9e43e3004d6f7979027f7fb4665f1	2872
mods/heroes.stormmod/base.stormassets/assets/textures/grad_rays_grey1_sharp.dds	d55ab3ecf6f8390cbd29a583112269bf	43832
mods/heroes.stormmod/base.stormassets/assets/textures/grad_rays_grey1_sharp.lvl0	907281fc8927d5bfdd7962dfdbfea58a	2872
mods/heroes.stormmod/base.stormassets/assets/textures/grad_rays_grey1_sharp_b.dds	303722b420c704bba8593c610703ea60	87536
mods/heroes.stormmod/base.stormassets/assets/textures/grad_rays_grey1_sharp_b.lvl0	3057a1e040050429806aa369a265d04e	496
mods/heroes.stormmod/base.stormassets/assets/textures/grad_rays_orange.dds	19564e9f9ed6618a11c448681c787fa8	2872
mods/heroes.stormmod/base.stormassets/assets/textures/grad_rays_red1b.dds	6ab11984e7feeb10c5c3c4c622ec624b	2872
mods/heroes.stormmod/base.stormassets/assets/textures/grad_rays_red1b.lvl0	a4c77d759ea0a73fb908030ffd1e83e3	312
mods/heroes.stormmod/base.stormassets/assets/textures/grad_rays_red_black2.dds	4828a280436e5a4f08a0f30b109ffb99	5616
mods/heroes.stormmod/base.stormassets/assets/textures/grad_rays_teamcolor.dds	15543b0cd4d7913bd8a77a712a8ef596	5616
mods/heroes.stormmod/base.stormassets/assets/textures/grad_rays_teamcolor.lvl0	87b2453a7b44bd13c59d89506b0e9010	1520
mods/heroes.stormmod/base.stormassets/assets/textures/grad_rays_yellow1b.dds	afb29d0693bce7ccc7d3fca34db155ab	2872
mods/heroes.stormmod/base.stormassets/assets/textures/grad_rays_yellow1b.lvl0	79fa53cf40df5b2f7c394b8b51a64c54	184
mods/heroes.stormmod/base.stormassets/assets/textures/grad_ripfield1.dds	bfc2d10b5c2dd0c3e377e369d6feebd2	87536
mods/heroes.stormmod/base.stormassets/assets/textures/grad_ripfield1.lvl0	7fd99699ce3df650a0f9ae19dd288d7b	22000
mods/heroes.stormmod/base.stormassets/assets/textures/grad_ripfield1_swarm.dds	bfc2d10b5c2dd0c3e377e369d6feebd2	87536
mods/heroes.stormmod/base.stormassets/assets/textures/grad_ripfield1_swarm.lvl0	a783c9044a6b2a928953efbe68b7fff7	5616
mods/heroes.stormmod/base.stormassets/assets/textures/grad_ripfield2.dds	93f94f2b2a6d357018d9be976e5a7776	87536
mods/heroes.stormmod/base.stormassets/assets/textures/grad_ripfield2.lvl0	02daed12dc94555cc46afba65b6c580c	5616
mods/heroes.stormmod/base.stormassets/assets/textures/grad_roundend_01.dds	166b84f6e3a83b344aa102319d9f6162	43848
mods/heroes.stormmod/base.stormassets/assets/textures/grad_roundend_01.lvl0	d39dc78af0982caf34a22cd61dbda1bb	840
mods/heroes.stormmod/base.stormassets/assets/textures/grad_slash_alpha1.dds	7c73dbc83c7673eb93611db0f92acefe	43856
mods/heroes.stormmod/base.stormassets/assets/textures/grad_slash_alpha1.lvl0	101504a64f2252c7c0c99c1428e0602b	2896
mods/heroes.stormmod/base.stormassets/assets/textures/grad_slash_alpha2.dds	4c0f1433d51f7b6e9174f712bd03477d	21992
mods/heroes.stormmod/base.stormassets/assets/textures/grad_slash_alpha2.lvl0	11702ddbf487766e330d17193db747d8	232
mods/heroes.stormmod/base.stormassets/assets/textures/grad_spike_01.dds	3a2d2cf3b9d32a74cdca3bf4c8523b6e	43856
mods/heroes.stormmod/base.stormassets/assets/textures/grad_spike_01.lvl0	c52852c5bc50c470c16ec1a38bce9b3a	848
mods/heroes.stormmod/base.stormassets/assets/textures/grad_spikes_01.dds	cd3569f4f8bcac3131ee9159f17a9995	174920
mods/heroes.stormmod/base.stormassets/assets/textures/grad_spikes_01.lvl0	2ca0338e7e6dd3a992f14744d01e41f4	840
mods/heroes.stormmod/base.stormassets/assets/textures/grad_spikes_blur.dds	87e384ebf19800f7390169b97c6396aa	174920
mods/heroes.stormmod/base.stormassets/assets/textures/grad_spikes_blur.lvl0	9d4c3c86e5bbc4c7c7317e3a56db881c	840
mods/heroes.stormmod/base.stormassets/assets/textures/grad_sym1.dds	101a1613a8bfc49caf214978a9b8bdaa	87536
mods/heroes.stormmod/base.stormassets/assets/textures/grad_sym1.lvl0	06c4b2e93239aa3de1b8b3b41308d956	5616
mods/heroes.stormmod/base.stormassets/assets/textures/grad_sym2.dds	869cdc3327a256cb5986dda0559a217c	87536
mods/heroes.stormmod/base.stormassets/assets/textures/grad_sym2.lvl0	523281c6a0175a2a71068a30546145a5	5616
mods/heroes.stormmod/base.stormassets/assets/textures/grad_sym3.dds	ebddf81cce30aba55e37027223530142	22000
mods/heroes.stormmod/base.stormassets/assets/textures/grad_sym3.lvl0	a09d58df7ae6c1ccd53fe5a31337eebb	496
mods/heroes.stormmod/base.stormassets/assets/textures/grad_sym4.dds	c4a82f832d7baf1bccfed7d4f5c2754d	87536
mods/heroes.stormmod/base.stormassets/assets/textures/grad_sym4.lvl0	38604e875d32f7cf024b39f7b057f101	5616
mods/heroes.stormmod/base.stormassets/assets/textures/grad_symsplit.dds	3ad1ae747f2f1f2c13b7fa3261dd597b	87536
mods/heroes.stormmod/base.stormassets/assets/textures/grad_symsplit.lvl0	f2a9df374e314c36b688a9cb867bf815	496
mods/heroes.stormmod/base.stormassets/assets/textures/grad_wavegoo_01.dds	6c3681dca54cf31be11fbc3ebbd48477	43832
mods/heroes.stormmod/base.stormassets/assets/textures/grad_wavegoo_01.lvl0	25f36d55578d05da45189f6697a18c47	2872
mods/heroes.stormmod/base.stormassets/assets/textures/grad_wavegoo_02.dds	7b4c53b59fe5c49c3c54f57dcf10662b	87536
mods/heroes.stormmod/base.stormassets/assets/textures/grad_wavegoo_02.lvl0	c69dfefb68661b2cfa35adb38725175c	496
mods/heroes.stormmod/base.stormassets/assets/textures/grad_wavegoo_03.dds	dcd62a35fc8e1115a2510e9a5d21931e	43832
mods/heroes.stormmod/base.stormassets/assets/textures/grad_wavegoo_03.lvl0	ec1dab70b768e3ccc1d8185ec822436b	312
mods/heroes.stormmod/base.stormassets/assets/textures/grad_wavy_01.dds	e8238ee3dedb81e47372fa6ccb1c3085	43848
mods/heroes.stormmod/base.stormassets/assets/textures/grad_wavy_01_emissgreen.dds	86eaf57ee76948b51ba7322df3171126	43848
mods/heroes.stormmod/base.stormassets/assets/textures/grad_wavy_01_emissgreen.lvl0	fba9cd801bbf6e915499cc4d89b89f5a	328
mods/heroes.stormmod/base.stormassets/assets/textures/grad_white.dds	18a93a7bbb66befaff139afa49142c39	21992
mods/heroes.stormmod/base.stormassets/assets/textures/grad_white.lvl0	1ae02e9097f55e5e66324eb6204a5ac7	1512
mods/heroes.stormmod/base.stormassets/assets/textures/grad_yellow.dds	b06ee8473d2f776d48ce6d58598f1ce6	21992
mods/heroes.stormmod/base.stormassets/assets/textures/grad_yellow.lvl0	fe7663076f4c06fc32fad26929cd5473	1512
mods/heroes.stormmod/base.stormassets/assets/textures/grad_yellow01.dds	a093ee7af2685f19bed25d64df51c2df	21992
mods/heroes.stormmod/base.stormassets/assets/textures/grad_yellow01.lvl0	06530921e6599309e95d07ccbc89dd48	1512
mods/heroes.stormmod/base.stormassets/assets/textures/gradblue.dds	228b44bb842904cd0fc98ce060615f99	824
mods/heroes.stormmod/base.stormassets/assets/textures/gradient.dds	7408c94b2314af3b4bb80e687e9b3b67	1520
mods/heroes.stormmod/base.stormassets/assets/textures/gradient128.dds	23d80a0d32b100fd4df8f691c1610710	22000
mods/heroes.stormmod/base.stormassets/assets/textures/gradient64ba.dds	887904c4c11470cc335ea8b34aef3627	5616
mods/heroes.stormmod/base.stormassets/assets/textures/gradient64ba.lvl0	28318c0007bb4c64d87b48b6b2a8bc1f	1520
mods/heroes.stormmod/base.stormassets/assets/textures/gradient64flipb.dds	c96f05d919bf28bc1b25052fa70f7648	5616
mods/heroes.stormmod/base.stormassets/assets/textures/gradient64flipc.dds	8cbba216a6dbb39083973e484b2fd3ff	5616
mods/heroes.stormmod/base.stormassets/assets/textures/gradient_doublesided.dds	03abcb3666018658bd1f758ec88c59fa	43856
mods/heroes.stormmod/base.stormassets/assets/textures/gradient_doublesided.lvl0	fb74a4297d5efa4d976171c6e9ee4ae3	2896
mods/heroes.stormmod/base.stormassets/assets/textures/gradient_orange.dds	c215d7a0dec1f5732f343df9303b6ff4	1520
mods/heroes.stormmod/base.stormassets/assets/textures/gradient_orange.lvl0	dd2eaf46f14f4161956442c3d2b7d757	176
mods/heroes.stormmod/base.stormassets/assets/textures/gradient_orangeblue.dds	ec1085425e8f869a554c7823c287c8c7	43832
mods/heroes.stormmod/base.stormassets/assets/textures/gradient_orangeblue.lvl0	904f3b9dfe77bef75713e0f2d3c696c6	2872
mods/heroes.stormmod/base.stormassets/assets/textures/gradient_pinkblue.dds	98f661349bc5851ba525a81afa43f40c	43832
mods/heroes.stormmod/base.stormassets/assets/textures/gradient_pinkblue.lvl0	6b7ed9b8a9edbc06ef87afa55b60374a	2872
mods/heroes.stormmod/base.stormassets/assets/textures/gradient_radial_bluelightblue_01.dds	3b7f487e51c5b6a9cbc19c808b8778f6	11064
mods/heroes.stormmod/base.stormassets/assets/textures/gradient_radial_bluelightblue_01.lvl0	eab9fe5b00cbbf114ca769b999db46b2	184
mods/heroes.stormmod/base.stormassets/assets/textures/gradient_radial_bluelightblue_02.dds	c56e5f4edfbab688c21d5369ad15af8e	11064
mods/heroes.stormmod/base.stormassets/assets/textures/gradient_radial_bluelightblue_02.lvl0	e96ec00af04771877af43b3ef00930a3	184
mods/heroes.stormmod/base.stormassets/assets/textures/gradient_radial_bluepink_b.dds	efc6d189db4cd3454fefa10b161e202a	43832
mods/heroes.stormmod/base.stormassets/assets/textures/gradient_radial_bluepink_b.lvl0	4ad8037d1abef856e174cb25f4272dc7	2872
mods/heroes.stormmod/base.stormassets/assets/textures/gradient_radial_pinkblue.dds	7d811803ba13276540e198534fb1016b	43832
mods/heroes.stormmod/base.stormassets/assets/textures/gradient_radial_pinkblue.lvl0	c5ad8dda4e63a6c854dc109b36f7ed8e	2872
mods/heroes.stormmod/base.stormassets/assets/textures/gradient_radial_pinkblue_satured.dds	1426bf9f2d9e923b69d04d612b637391	43832
mods/heroes.stormmod/base.stormassets/assets/textures/gradient_radial_pinkblue_satured.lvl0	44e1245a52f6f39b4bb2b6487360e578	2872
mods/heroes.stormmod/base.stormassets/assets/textures/gradient_radial_yellowpink.dds	02fa827d8478c9674d81d98b5bb1eba5	11064
mods/heroes.stormmod/base.stormassets/assets/textures/gradient_radial_yellowpink.lvl0	8db5241bb7f1628149c7cc1a596ab3c8	184
mods/heroes.stormmod/base.stormassets/assets/textures/gradient_radial_yellowpink_invert.dds	ab4fb180023546d69bfb368924662273	11064
mods/heroes.stormmod/base.stormassets/assets/textures/gradient_radial_yellowpink_invert.lvl0	af11a1044c40861fcffd3f3968eb0383	184
mods/heroes.stormmod/base.stormassets/assets/textures/gradient_teampurple.dds	e2b8106447fc57ca5f5441decd60e46c	174904
mods/heroes.stormmod/base.stormassets/assets/textures/gradient_teampurple.lvl0	f727a4a3a6d57089a91bc3a6dfd45d2f	824
mods/heroes.stormmod/base.stormassets/assets/textures/gradient_tech_bw.dds	56b4cef729e3fa07446780fb362529df	21992
mods/heroes.stormmod/base.stormassets/assets/textures/gradient_tech_bw.lvl0	d502bf65680a7213265dcc1071d4f0cb	488
mods/heroes.stormmod/base.stormassets/assets/textures/gradient_tech_bw_updown.dds	3291ea225a2b93f7089ad0ed2d68d0c7	87528
mods/heroes.stormmod/base.stormassets/assets/textures/gradient_tech_bw_updown.lvl0	55eb27785ae4e3fbf9b3c057f4bb7ae8	1512
mods/heroes.stormmod/base.stormassets/assets/textures/gradientblueorangered.dds	a3ffbf41adb1f986b19e8e10cee9b8c1	2872
mods/heroes.stormmod/base.stormassets/assets/textures/gradientblueorangered.lvl0	626359321252654d41f218f130121c9d	312
mods/heroes.stormmod/base.stormassets/assets/textures/gradientbluepurple.dds	8e1381a2e49aef0c74cb9d45f5173419	2872
mods/heroes.stormmod/base.stormassets/assets/textures/gradientbrightedgewipe.dds	11e2dbdca4ca739a45b57d10305c758b	11064
mods/heroes.stormmod/base.stormassets/assets/textures/gradientbrightedgewipe.lvl0	1b4222faba67aedefa04eeafda2b7522	2872
mods/heroes.stormmod/base.stormassets/assets/textures/gradientbrightedgewiperadial.dds	3bf28039d59e57715ec78d54e20ed1da	65664
mods/heroes.stormmod/base.stormassets/assets/textures/gradientcenterblack.dds	2a6c62220485c1d90587264a751dd7dd	43832
mods/heroes.stormmod/base.stormassets/assets/textures/gradientcenterblack.lvl0	1f943d3e0cec0eb7880bb5942c85c2eb	2872
mods/heroes.stormmod/base.stormassets/assets/textures/gradientcircle.dds	eaab345f405224e761cce86edcddde14	11064
mods/heroes.stormmod/base.stormassets/assets/textures/gradientcircle.lvl0	cd737583eec21d649cec89847c96008b	824
mods/heroes.stormmod/base.stormassets/assets/textures/gradientcirclemult.dds	7f06005fcfa51664968039c2be17899b	11064
mods/heroes.stormmod/base.stormassets/assets/textures/gradientcirclemult.lvl0	40cadab423785a0e349cc273b14918a2	2872
mods/heroes.stormmod/base.stormassets/assets/textures/gradientcirclenoise.dds	7541d67577fbf415f2fc51a3c03be4c6	11064
mods/heroes.stormmod/base.stormassets/assets/textures/gradientcirclenoise.lvl0	9d4cff8a01c85bd0b8eca8e7f6d4df27	824
mods/heroes.stormmod/base.stormassets/assets/textures/gradientcircleoverlay.dds	f9932596631fa8159f35136cdac69151	11064
mods/heroes.stormmod/base.stormassets/assets/textures/gradientcircleoverlay.lvl0	d1827c10070922ba51e87c82c6ffdc4f	2872
mods/heroes.stormmod/base.stormassets/assets/textures/gradientcirclescreen.dds	c9e417c15ae8a2db3ba9716c713a672e	11064
mods/heroes.stormmod/base.stormassets/assets/textures/gradientcirclescreen.lvl0	b043f6e78ead66af7d43e267383eccdc	2872
mods/heroes.stormmod/base.stormassets/assets/textures/gradientconcealedges.dds	71679ad2d5eba4d6d22c774d154ec59f	43832
mods/heroes.stormmod/base.stormassets/assets/textures/gradientconcealedges.lvl0	0164fa7728f37d5b75a5fa2500803fee	2872
mods/heroes.stormmod/base.stormassets/assets/textures/gradientconcealedges2.dds	ddd48af3f9981ec9cda1d0379840eb9a	43832
mods/heroes.stormmod/base.stormassets/assets/textures/gradientconcealedges2.lvl0	cb98edd68ae25007cbde04392b8f1278	312
mods/heroes.stormmod/base.stormassets/assets/textures/gradientconcealedges_b.dds	371f111d54907d86a635980655174e96	43832
mods/heroes.stormmod/base.stormassets/assets/textures/gradientconcealedges_b.lvl0	cf335fed0881ed7ee719e3a22fa75f7b	2872
mods/heroes.stormmod/base.stormassets/assets/textures/gradientconcealedges_b_purple.dds	34e28b827050460789a679752354765e	43832
mods/heroes.stormmod/base.stormassets/assets/textures/gradientconcealedges_b_purple.lvl0	99c10f242c8a83aee781547997c68926	2872
mods/heroes.stormmod/base.stormassets/assets/textures/gradientconcealedges_edgepadding.dds	49e20729a5abc06ca77b8c05b880a312	43832
mods/heroes.stormmod/base.stormassets/assets/textures/gradientconcealedges_edgepadding.lvl0	21ca471c458f82cec73e0f345762139f	2872
mods/heroes.stormmod/base.stormassets/assets/textures/gradientconcealedges_edgepadding_perfectfix.dds	91474e2ab41c6e79da13892da667a07a	87536
mods/heroes.stormmod/base.stormassets/assets/textures/gradientconcealedges_edgepadding_perfectfix.lvl0	942407b4b8d61a245dfaeab61d748dfb	5616
mods/heroes.stormmod/base.stormassets/assets/textures/gradientconcealedges_edgepadding_perfectfix_b.dds	12c26f208a559101df3e1a800eed346d	87536
mods/heroes.stormmod/base.stormassets/assets/textures/gradientconcealedges_edgepadding_perfectfix_b.lvl0	b95b5bdf75dcdfe8f1dec4765ea1af78	5616
mods/heroes.stormmod/base.stormassets/assets/textures/gradientcrescent.dds	15fa524109e64d5456b82da20861302b	11064
mods/heroes.stormmod/base.stormassets/assets/textures/gradientcrescent.lvl0	b91bd93b52a38010037b69f8b683b24f	2872
mods/heroes.stormmod/base.stormassets/assets/textures/gradientcrescent2.dds	5f8a362963658319d7e7c55203089262	11064
mods/heroes.stormmod/base.stormassets/assets/textures/gradientcrescent2.lvl0	7c321017a5904b7d0231e8d32a0480bf	824
mods/heroes.stormmod/base.stormassets/assets/textures/gradientcrescent3.dds	963156fe456a0a589d11c29e3682d695	349680
mods/heroes.stormmod/base.stormassets/assets/textures/gradientcrescent3.lvl0	2dc396157be9023ccbe595180dd199f3	5616
mods/heroes.stormmod/base.stormassets/assets/textures/gradientedgefade.dds	caac6bf4c5960e342f5b8cae11c546fe	5616
mods/heroes.stormmod/base.stormassets/assets/textures/gradientgreenblue_01.dds	e257d8fa88730df19fdbb9d39df2cfd5	43832
mods/heroes.stormmod/base.stormassets/assets/textures/gradientgreenblue_01.lvl0	7c5c00d570b41f56fe9851c7c54f2033	312
mods/heroes.stormmod/base.stormassets/assets/textures/gradientgrey64.dds	1ba866cce6f08aa62051b0e50534b4fe	2872
mods/heroes.stormmod/base.stormassets/assets/textures/gradientgrey64.lvl0	55f67d870b79d3e9f3fd8d03b0a447a6	152
mods/heroes.stormmod/base.stormassets/assets/textures/gradientorangered.dds	e91f91eff3b43e28afe48237d995e053	2872
mods/heroes.stormmod/base.stormassets/assets/textures/gradientorangered.lvl0	433cafc0c608d8caadd5122d003c6437	824
mods/heroes.stormmod/base.stormassets/assets/textures/gradientorangered_01.dds	2e16599ff753de142d1580dcc7e743d2	2872
mods/heroes.stormmod/base.stormassets/assets/textures/gradientorangeredblack.dds	0bd99dcd357a060110c66a62b7f59cdf	2872
mods/heroes.stormmod/base.stormassets/assets/textures/gradientorangeredblack2.dds	18ce08d13a956b82d6019429ebeecf17	2872
mods/heroes.stormmod/base.stormassets/assets/textures/gradientorangeredblack2.lvl0	9ba6e2adadf5d06bcdee4481f18a617e	152
mods/heroes.stormmod/base.stormassets/assets/textures/gradientorangereddarkred.dds	840e69a564c7ea398838f981476cd5f5	2872
mods/heroes.stormmod/base.stormassets/assets/textures/gradientorangereddarkred.lvl0	810723122ccc63404832c2220c8c98b5	152
mods/heroes.stormmod/base.stormassets/assets/textures/gradientpartialstreak_a.dds	ad1a6e789405bfec04414cba9bef30ee	11064
mods/heroes.stormmod/base.stormassets/assets/textures/gradientpartialstreak_a.lvl0	fa880a624348a5849739f8b19139acb9	2872
mods/heroes.stormmod/base.stormassets/assets/textures/gradientpilothawk.dds	a38772109e4828e0a1b1aaac0feb3efe	2872
mods/heroes.stormmod/base.stormassets/assets/textures/gradientpilothawk.lvl0	28c37e1954383f08d77d48479cbdd6a4	152
mods/heroes.stormmod/base.stormassets/assets/textures/gradientportalheightmap.dds	1ac494c1126ff47528f02a8cedb82b8a	174904
mods/heroes.stormmod/base.stormassets/assets/textures/gradientportalheightmap.lvl0	9b50d78657c4be505155462eb6d7d86f	2872
mods/heroes.stormmod/base.stormassets/assets/textures/gradientpurpleblue.dds	46fc8e09ff3ee69570a1bd811d297b80	2872
mods/heroes.stormmod/base.stormassets/assets/textures/gradientpurpleblue1.dds	b6689c0d88cb8a7197bd76a7936293b6	2872
mods/heroes.stormmod/base.stormassets/assets/textures/gradientpurpleblue1.lvl0	a24a343b6391c17f3207f86912cec815	824
mods/heroes.stormmod/base.stormassets/assets/textures/gradientpurplegreen.dds	4f611379587b666423e77023c421c365	43832
mods/heroes.stormmod/base.stormassets/assets/textures/gradientpurplegreen.lvl0	0d87b680b8e3e470b46d9729b7c8ff53	2872
mods/heroes.stormmod/base.stormassets/assets/textures/gradientspooky.dds	555654c4933d721643a4ff01c717e1e7	2872
mods/heroes.stormmod/base.stormassets/assets/textures/gradientspooky.lvl0	518f217be7c7938bb3fa1d4c83a35e17	152
mods/heroes.stormmod/base.stormassets/assets/textures/gradientyellowblue.dds	4a614ea02d1b7250fef009457b52942e	2872
mods/heroes.stormmod/base.stormassets/assets/textures/gradientyelloworangepurple.dds	47f77134a5eabcd33ed7656c875d302c	2872
mods/heroes.stormmod/base.stormassets/assets/textures/gradientyelloworangepurple.lvl0	e1d0c9def234162f68c2b8cc7afe93da	152
mods/heroes.stormmod/base.stormassets/assets/textures/gradmod.dds	f57ff99725d22c9aa496c8908e25f738	2872
mods/heroes.stormmod/base.stormassets/assets/textures/gradmod.lvl0	95dc364708b2cc673794e3bdc5653ce7	152
mods/heroes.stormmod/base.stormassets/assets/textures/gradorange.dds	158d3c4d692b9c08d5e40946bddeabdb	824
mods/heroes.stormmod/base.stormassets/assets/textures/gradred.dds	8ea625ed0670cf1da8e262cafc1a1e97	824
mods/heroes.stormmod/base.stormassets/assets/textures/gradred.lvl0	fe5d8466b1c1eb22a6fd56fc87047fd3	312
mods/heroes.stormmod/base.stormassets/assets/textures/gradsawtrail_blue.dds	f42ccf5d2231056ebb7ed6d12c8653d4	5608
mods/heroes.stormmod/base.stormassets/assets/textures/gradsawtrail_blue.lvl0	b7af84b64adc611a9e9315be0d6bdbb9	232
mods/heroes.stormmod/base.stormassets/assets/textures/gradsmooth1_blue.dds	063545cfe9595513f5f0bcb7c58b4318	5640
mods/heroes.stormmod/base.stormassets/assets/textures/gradsmooth1_blue.lvl0	ba8441673a80c3ed01513d8fffcf26ab	520
mods/heroes.stormmod/base.stormassets/assets/textures/gradsmooth1_blue2.dds	84d34885ec0bb3029c6ac7c2e62800a1	43832
mods/heroes.stormmod/base.stormassets/assets/textures/gradsmooth1_blue2.lvl0	3e59e6f9ce55f2bb2998a41957f0419c	312
mods/heroes.stormmod/base.stormassets/assets/textures/gradsmooth1_blue3.dds	3b7216bebbd89c83631e57a0104c5de0	43832
mods/heroes.stormmod/base.stormassets/assets/textures/gradsmooth1_blue3.lvl0	c3e92fb7dd83334a75ef8fdb28df1298	312
mods/heroes.stormmod/base.stormassets/assets/textures/gradsmooth1_green.dds	c71eecf096dd5a7f8e5a2404cd756abc	5640
mods/heroes.stormmod/base.stormassets/assets/textures/gradsmooth1_green.lvl0	8bf0b4dde4ca2b393472e4447e1c9a08	520
mods/heroes.stormmod/base.stormassets/assets/textures/gradsmooth1_orange.dds	d64a80db13c73b6f11d22c98b5a1dfcb	43832
mods/heroes.stormmod/base.stormassets/assets/textures/gradsmooth1_orange.lvl0	0b9979d6b4ae47213beb1e97267199e5	2872
mods/heroes.stormmod/base.stormassets/assets/textures/gradsmooth1_purple.dds	93b098269b3c02fad09dce34b6f27c73	43832
mods/heroes.stormmod/base.stormassets/assets/textures/gradsmooth1_purple.lvl0	3f8a9d9d535f6633a9750f069504b362	2872
mods/heroes.stormmod/base.stormassets/assets/textures/gradsmooth1_purple_2.dds	7b111f882035f1dfb43c86e7f7440316	43832
mods/heroes.stormmod/base.stormassets/assets/textures/gradsmooth1_purple_2.lvl0	af847f4d61997a961f3aa1f6e9734d78	2872
mods/heroes.stormmod/base.stormassets/assets/textures/gradsmooth1_purple_3.dds	7abd718136fec363939bcd654990d10f	43832
mods/heroes.stormmod/base.stormassets/assets/textures/gradsmooth1_purple_3.lvl0	dd507228179c115e8de0ea2d85991ef0	2872
mods/heroes.stormmod/base.stormassets/assets/textures/gradsmooth1_purple_4.dds	19418eac5c051f70855f6d3d769e2249	43832
mods/heroes.stormmod/base.stormassets/assets/textures/gradsmooth1_purple_4.lvl0	07f25146b2853804caad881ed4807384	312
mods/heroes.stormmod/base.stormassets/assets/textures/gradsmooth1_purple_5.dds	fb66a9f6fc772f2c1f24d00cbfa2d87a	43832
mods/heroes.stormmod/base.stormassets/assets/textures/gradsmooth1_purple_5.lvl0	792a789f910d7d51446697adb9ca750a	312
mods/heroes.stormmod/base.stormassets/assets/textures/gradsmooth1_yellow.dds	0c51af403874777596c4317a65e75ee8	43832
mods/heroes.stormmod/base.stormassets/assets/textures/gradsmooth1_yellow.lvl0	7cc6ea207464263b4ee92f3a9c6e1511	2872
mods/heroes.stormmod/base.stormassets/assets/textures/grassplanealphatiled_diffuse.dds	750863465df6fcf10c730c5ec97d8d83	1398256
mods/heroes.stormmod/base.stormassets/assets/textures/grassplanealphatiled_diffuse.lvl0	7680c22c1940c1e953fe7212bbf78ff3	5616
mods/heroes.stormmod/base.stormassets/assets/textures/grassplanealphatiled_normals.dds	20a3a33772e6ac333683718b02124856	1398260
mods/heroes.stormmod/base.stormassets/assets/textures/grassplanealphatiled_normals.lvl0	143c3f7775214857a6007c649aa2b347	5616
mods/heroes.stormmod/base.stormassets/assets/textures/grassplanealphatiled_specular.dds	fbda34db8e4c0fcc5011d33296de0a61	1398256
mods/heroes.stormmod/base.stormassets/assets/textures/grassplanealphatiled_specular.lvl0	3db23b05f38b0a8ad180af3fbd9ccc7f	5616
mods/heroes.stormmod/base.stormassets/assets/textures/grassplanealphatiledsplat_diffuse.dds	90bb9b29e9dc0e86b654e68bde4c28d0	349680
mods/heroes.stormmod/base.stormassets/assets/textures/grassplanealphatiledsplat_diffuse.lvl0	b8356eb3e8cac49453fe458b9665a947	5616
mods/heroes.stormmod/base.stormassets/assets/textures/grassplanealphatiledsplat_diffuse_b.dds	18d2346b70f6dce83733dc51d86652b8	1398256
mods/heroes.stormmod/base.stormassets/assets/textures/grassplanealphatiledsplat_diffuse_b.lvl0	9e877f6d5ada43730956c01739bda2ce	5616
mods/heroes.stormmod/base.stormassets/assets/textures/grassplanealphatiledsplat_normals.dds	430766165c6e5082645117cfdaf2659a	349684
mods/heroes.stormmod/base.stormassets/assets/textures/grassplanealphatiledsplat_normals.lvl0	42eb67c9920f8098b4a93b8b08c5e704	5616
mods/heroes.stormmod/base.stormassets/assets/textures/grassplanealphatiledsplat_normals_b.dds	0da7be81838a6bc63fefb62817979f0b	1398260
mods/heroes.stormmod/base.stormassets/assets/textures/grassplanealphatiledsplat_normals_b.lvl0	d717c192f2a6c2da2e536ba3263c9d86	5616
mods/heroes.stormmod/base.stormassets/assets/textures/grassplanealphatiledsplat_specular.dds	17527006105058d3364524f6318a09dc	349680
mods/heroes.stormmod/base.stormassets/assets/textures/grassplanealphatiledsplat_specular.lvl0	adf1b141e585d0fa0f3f9b6bd1c24b1f	5616
mods/heroes.stormmod/base.stormassets/assets/textures/green_splat.dds	eeb5d5138dd5bca97ea83b5c32998002	87536
mods/heroes.stormmod/base.stormassets/assets/textures/green_splat.lvl0	5cbe165436607e06d6b4c566216ff705	5616
mods/heroes.stormmod/base.stormassets/assets/textures/green_splat_orange.dds	9f64b5dbf8954605b1a7f3e0d167dc60	87536
mods/heroes.stormmod/base.stormassets/assets/textures/green_splat_orange.lvl0	55524e31b71217298155ef2289696962	5616
mods/heroes.stormmod/base.stormassets/assets/textures/greenbluedoubleside_grad.dds	a588b2c95cc82fe275862407b3d7b16b	11064
mods/heroes.stormmod/base.stormassets/assets/textures/greenbluedoubleside_grad.lvl0	a2e2a075700842cdb0bb1182db5fb9c0	2872
mods/heroes.stormmod/base.stormassets/assets/textures/greenbuildingguts.dds	b3198493f2ce92a430a5d80738b937be	87536
mods/heroes.stormmod/base.stormassets/assets/textures/greenbuildingguts.lvl0	aadce2804bda2ce31a304e9538bc6bf3	5616
mods/heroes.stormmod/base.stormassets/assets/textures/greenstarflash.dds	1da1fafd7ea3c5b0697d114073347131	11064
mods/heroes.stormmod/base.stormassets/assets/textures/greenstarflash.lvl0	8bb769adf0ec5b1ebfb23c7f377c88e5	2872
mods/heroes.stormmod/base.stormassets/assets/textures/grey2.dds	7bc5be58a5b7171aeed56c83da83b5e4	2872
mods/heroes.stormmod/base.stormassets/assets/textures/grey2.lvl0	6e136d7d068205224a132c7c1fe008e4	824
mods/heroes.stormmod/base.stormassets/assets/textures/greymane_rune.dds	f10b0b7376c89438ee87bc94b42912b1	349680
mods/heroes.stormmod/base.stormassets/assets/textures/greymane_rune.lvl0	ef7c01d5a9420fa946ab0896546ca034	1520
mods/heroes.stormmod/base.stormassets/assets/textures/grittygradient.dds	4c0b0db9518e460ce730ce4a9b43ec6b	174904
mods/heroes.stormmod/base.stormassets/assets/textures/grittygradient.lvl0	81d1b200f3f84ebdc7e2be3001ef437d	2872
mods/heroes.stormmod/base.stormassets/assets/textures/groundcrackskerriganultimatetentacles_diffuse.dds	699efcea97538b33d199c78d51424dc6	349680
mods/heroes.stormmod/base.stormassets/assets/textures/groundcrackskerriganultimatetentacles_diffuse.lvl0	0221218bfca925411627289595192a0a	5616
mods/heroes.stormmod/base.stormassets/assets/textures/groundcrackskerriganultimatetentacles_emissive.dds	ff5285fbddb2ded6174a168931f41244	174904
mods/heroes.stormmod/base.stormassets/assets/textures/groundcrackskerriganultimatetentacles_emissive.lvl0	f9478488b381295605e198780e407080	2872
mods/heroes.stormmod/base.stormassets/assets/textures/groundcrackstiledcliffwall_diffuse.dds	a30ee851b6dededb868774195cdc1737	87536
mods/heroes.stormmod/base.stormassets/assets/textures/groundcrackstiledcliffwall_diffuse.lvl0	475d817d8f92e6fe89303ebf86ca0ed2	5616
mods/heroes.stormmod/base.stormassets/assets/textures/groundcrackstiledcliffwall_normals.dds	ca2fc1c847d458a81aa167d33075e0ad	87536
mods/heroes.stormmod/base.stormassets/assets/textures/groundcrackstiledcliffwall_normals.lvl0	bb49f277d2c0882266f6734051624ce8	5616
mods/heroes.stormmod/base.stormassets/assets/textures/group001_aosplat.dds	0226f687a420e3cb533eaad58e21bbe6	43856
mods/heroes.stormmod/base.stormassets/assets/textures/group001_aosplat.lvl0	e8d23c5c61d993818a7c916652f37f92	336
mods/heroes.stormmod/base.stormassets/assets/textures/group002_aosplat.dds	836da241fb3b3c8241c15315b0b804c9	22000
mods/heroes.stormmod/base.stormassets/assets/textures/group002_aosplat.lvl0	2570c14b60e8ccd5093d8e3689d940b0	240
mods/heroes.stormmod/base.stormassets/assets/textures/groupai1_aosplat.dds	af3ab8d125166e8e560cd00dcfb30151	43856
mods/heroes.stormmod/base.stormassets/assets/textures/groupai1_aosplat.lvl0	2c42a8ef16f0f7a4558a7e2b520082c5	336
mods/heroes.stormmod/base.stormassets/assets/textures/groupai2_aosplat.dds	ffb5aa2107a3d1f6799844d8fa9e8737	43856
mods/heroes.stormmod/base.stormassets/assets/textures/groupai2_aosplat.lvl0	b5f7dabecae5aa8eead9e5a80f61659d	336
mods/heroes.stormmod/base.stormassets/assets/textures/groupao1_aosplat.dds	db69712787c25fba8d85c2d94cd0a366	43856
mods/heroes.stormmod/base.stormassets/assets/textures/groupao1_aosplat.lvl0	b75b76b5c998db1cae779b6d215a7217	336
mods/heroes.stormmod/base.stormassets/assets/textures/groupao2_aosplat.dds	1ecb7962ca7541e14d108eef1ab9eb8a	43856
mods/heroes.stormmod/base.stormassets/assets/textures/groupao2_aosplat.lvl0	5975e57982f34d2298a85c36921fd27c	336
mods/heroes.stormmod/base.stormassets/assets/textures/storm_grad01.dds	db7d92263285bb0b4f3ff089b77ac44d	11064
mods/heroes.stormmod/base.stormassets/assets/textures/storm_grad01.lvl0	08fe1b93ccf659c9f0d16ff5292e9d54	824
mods/heroes.stormmod/base.stormassets/assets/textures/storm_grad02.dds	ec883d653410bb55a7484a134db2b7ae	43832
mods/heroes.stormmod/base.stormassets/assets/textures/storm_grad02.lvl0	740093d7a4a555c71dd4929ebce26c55	2872
mods/heroes.stormmod/base.stormassets/assets/textures/storm_grad02b.dds	3926c1c1295613a9f681053de3a2f9d4	43856
mods/heroes.stormmod/base.stormassets/assets/textures/storm_grad02b.lvl0	ac1c1d50a2352a35cd67cf220d114ef6	848
mods/heroes.stormmod/base.stormassets/assets/textures/storm_grad03.dds	ec883d653410bb55a7484a134db2b7ae	43832
mods/heroes.stormmod/base.stormassets/assets/textures/storm_grad03.lvl0	d998d3c4148d9455312e6697c68b25d3	824
mods/heroes.stormmod/base.stormassets/assets/textures/storm_grad04.dds	10d3b6d2bc2461284c015ea902ece2fe	2872
mods/heroes.stormmod/base.stormassets/assets/textures/storm_grad04.lvl0	2796412f9d79a4fcb73b5c6bf4a4eeec	312
mods/heroes.stormmod/base.stormassets/assets/textures/storm_grad06.dds	c7f3ae365e7f04c1025b79c834c79d19	1398256
mods/heroes.stormmod/base.stormassets/assets/textures/storm_grad06.lvl0	3f962f2f5c337e576720d8c6b0fa0af0	5616
mods/heroes.stormmod/base.stormassets/assets/textures/storm_grad06_small.dds	88347c6803dcb84e9b0211fef986d4aa	87536
mods/heroes.stormmod/base.stormassets/assets/textures/storm_grad06_small.lvl0	1b5bfe899e013fd4c666b20330a079eb	5616
mods/heroes.stormmod/base.stormassets/assets/textures/storm_grad07.dds	d327aeab9324061aeedca0d40c349250	5616
mods/heroes.stormmod/base.stormassets/assets/textures/storm_grad07_b.dds	e82a89c004c16b3ed3f1de9db010f921	2872
mods/heroes.stormmod/base.stormassets/assets/textures/storm_grad07_c.dds	ae80881356a2ef5d377ea7af3a23a7ff	2872
mods/heroes.stormmod/base.stormassets/assets/textures/storm_grad07_c.lvl0	b91b2e3318cc1ccbc53303f85d5fadc0	312
mods/heroes.stormmod/base.stormassets/assets/textures/storm_grad07_c_edge.dds	9bc6da9b42b60dc5ff48dcb69bee3cc7	11064
mods/heroes.stormmod/base.stormassets/assets/textures/storm_grad07_c_edge.lvl0	b0de2dccdde6cdea6c476aec5b05fcbb	2872
mods/heroes.stormmod/base.stormassets/assets/textures/storm_grad07_d.dds	77c34522fb822523b6166342505ef11a	11064
mods/heroes.stormmod/base.stormassets/assets/textures/storm_grad07_d.lvl0	41f2c19e5a936a0feed726d0ea1922b1	312
mods/heroes.stormmod/base.stormassets/assets/textures/storm_grad08.dds	98860af2d172bd328407b421dafd9c9d	2872
mods/heroes.stormmod/base.stormassets/assets/textures/storm_grad08.lvl0	bd3be16f4555b4acdf43c735c100108e	824
mods/heroes.stormmod/base.stormassets/assets/textures/storm_grad09.dds	0f37cea533e1a4c218acf0adeee88aa6	174904
mods/heroes.stormmod/base.stormassets/assets/textures/storm_grad09.lvl0	631ef2209b79764ecbe43bc564428943	2872
mods/heroes.stormmod/base.stormassets/assets/textures/storm_grad10.dds	106696a996b28e5c5fb71583008ebfaa	174904
mods/heroes.stormmod/base.stormassets/assets/textures/storm_grad10.lvl0	4aa1fed959ae057c215e558d5b760b24	824
mods/heroes.stormmod/base.stormassets/assets/textures/storm_grad11.dds	e93839403f45bf375c232979275d967e	174904
mods/heroes.stormmod/base.stormassets/assets/textures/storm_grad11.lvl0	d1c3880e6bf3d8fb323bcbfb78b86b22	2872
mods/heroes.stormmod/base.stormassets/assets/textures/storm_grad12.dds	d329ec5512033656fdfeed557433732d	1398256
mods/heroes.stormmod/base.stormassets/assets/textures/storm_grad12.lvl0	4d75d3a7da8f6281425707f4d2db4c19	5616
mods/heroes.stormmod/base.stormassets/assets/textures/storm_grad12_b.dds	3bc52ef56f1b06134be3a39a4bbb2014	174904
mods/heroes.stormmod/base.stormassets/assets/textures/storm_grad12_b.lvl0	78d178583c43dd2f7b20d3b88f493875	824
mods/heroes.stormmod/base.stormassets/assets/textures/storm_grad13.dds	492bb32d6c2e040ba6ed79390cba7bc5	174904
mods/heroes.stormmod/base.stormassets/assets/textures/storm_grad13.lvl0	cf1b0f814a66ed09ad7a5c7e0602fece	2872
mods/heroes.stormmod/base.stormassets/assets/textures/storm_grad14.dds	457f43b8007725fc49d8d0b1c862f930	174904
mods/heroes.stormmod/base.stormassets/assets/textures/storm_grad14.lvl0	41b1c38724ccd4f969b9f4b0e7024757	2872
mods/heroes.stormmod/base.stormassets/assets/textures/storm_grad14_b.dds	0031a3971991fe0eee04a06caec7e99a	174904
mods/heroes.stormmod/base.stormassets/assets/textures/storm_grad14_b.lvl0	d607f5e88e143f693de9fb35246e23a9	2872
mods/heroes.stormmod/base.stormassets/assets/textures/storm_grad14_purple.dds	fec000b49303dc5c7843c5c64e9dfef8	174904
mods/heroes.stormmod/base.stormassets/assets/textures/storm_grad14_purple.lvl0	0ae96ff34d4c4700cb3fe48cfe3d8837	2872
mods/heroes.stormmod/base.stormassets/assets/textures/storm_grad15.dds	55ebe286b66165e51b9e9a4ca9b918d7	699192
mods/heroes.stormmod/base.stormassets/assets/textures/storm_grad15.lvl0	f24dad69b5b5b69fab6ce0fe27d78f81	2872
mods/heroes.stormmod/base.stormassets/assets/textures/storm_grad2b.dds	301a3580de5ad218b4d941f0bfd4b1c3	5616
mods/heroes.stormmod/base.stormassets/assets/textures/storm_grad2b_blueslash.dds	e8aeb2d1bd9914d765518f8403899a69	43856
mods/heroes.stormmod/base.stormassets/assets/textures/storm_grad2b_blueslash.lvl0	47984cfc4173dbf6ec3a539acb030cc6	2896
mods/heroes.stormmod/base.stormassets/assets/textures/storm_grad2b_greenslash.dds	5d99806ae9bc1d6371bd481e40460e1f	43856
mods/heroes.stormmod/base.stormassets/assets/textures/storm_grad2b_greenslash.lvl0	c2bffee898391513b6b6b364cf9f9da9	2896
mods/heroes.stormmod/base.stormassets/assets/textures/storm_grad2b_slash2.dds	c48e663cf924f059f36fd7928cebd934	43856
mods/heroes.stormmod/base.stormassets/assets/textures/storm_grad2b_slash2.lvl0	e7bf06b6a5f7ed7f6ebfcec266e2b910	2896
mods/heroes.stormmod/base.stormassets/assets/textures/storm_grad2b_yelloworange2.dds	7c44592d9ad61e357060eba6f363ef43	21992
mods/heroes.stormmod/base.stormassets/assets/textures/storm_grad2b_yelloworange2.lvl0	db75e9f89041b86ca644e34d794e6f16	232
mods/heroes.stormmod/base.stormassets/assets/textures/storm_grad2b_yellowslash.dds	2f125c63a76dd9bc848875f3a65db6e3	43856
mods/heroes.stormmod/base.stormassets/assets/textures/storm_grad2b_yellowslash.lvl0	775f0316b56edbed36bc7498353f1833	2896
mods/heroes.stormmod/base.stormassets/assets/textures/storm_grad2c.dds	036c91ca1943c1ddc60e602f82642f7e	5616
mods/heroes.stormmod/base.stormassets/assets/textures/storm_grad2c1.dds	c5017693adc38c91f2653fb533d78fc8	5616
mods/heroes.stormmod/base.stormassets/assets/textures/storm_grad2c1.lvl0	89d9773afbdee19b58b1f78f1330d6b5	240
mods/heroes.stormmod/base.stormassets/assets/textures/storm_grad2c2.dds	e213b3e3deb72d78177baddd91e3d985	11088
mods/heroes.stormmod/base.stormassets/assets/textures/storm_grad2c2.lvl0	cdc08d14d447d8e05b4e1f782ce8fa85	2896
mods/heroes.stormmod/base.stormassets/assets/textures/storm_grad2c_blue.dds	3c63e64ea699ffc8606ef11675cc5f60	87536
mods/heroes.stormmod/base.stormassets/assets/textures/storm_grad2c_blue.lvl0	5af1eed4e94d6e976750a8c43c9273b7	5616
mods/heroes.stormmod/base.stormassets/assets/textures/storm_grad2c_orange.dds	dbc901decd39f32bfa5b47d35632f6bf	87536
mods/heroes.stormmod/base.stormassets/assets/textures/storm_grad2c_orange.lvl0	02339a01d45e78caa2cdc8dc5ec6f50f	5616
mods/heroes.stormmod/base.stormassets/assets/textures/storm_grad2d_swarm.dds	d7dcfaaaebe62ff5bd535aa6c813ca19	11088
mods/heroes.stormmod/base.stormassets/assets/textures/storm_grad2d_swarm.lvl0	a467e7818a0eb4a8a79092acc49f39f8	848
mods/heroes.stormmod/base.stormassets/assets/textures/storm_grad3b.dds	651c82844840c0616fbc1cabf6fcc7bd	21992
mods/heroes.stormmod/base.stormassets/assets/textures/storm_grad3b.lvl0	d640d85aa84f6660cae8dd397b5c2f66	1512
mods/heroes.stormmod/base.stormassets/assets/textures/storm_grad4.dds	93905ea182484cfba25f5b763655e0a9	174904
mods/heroes.stormmod/base.stormassets/assets/textures/storm_grad4.lvl0	f38fb613070f439e26019673364fb6a0	2872
mods/heroes.stormmod/base.stormassets/assets/textures/storm_grad_curve_spike.dds	fa8c0185099416049f3f162a3cbbc7e0	22000
mods/heroes.stormmod/base.stormassets/assets/textures/storm_grad_curve_spike.lvl0	67c7ffee8ee9e4b68d354e17c7164407	5616
mods/heroes.stormmod/base.stormassets/assets/textures/storm_grad_farstrider_teamcolor.dds	5ddd9b1f98466b5726fba8ff1d66595f	43832
mods/heroes.stormmod/base.stormassets/assets/textures/storm_grad_farstrider_teamcolor.lvl0	4a708b4af4a65976d7946fb0c78b4ff7	312
mods/heroes.stormmod/base.stormassets/assets/textures/storm_grad_gray.dds	e0bf1fbd225fac37f4ea6c58b9c9cea9	11064
mods/heroes.stormmod/base.stormassets/assets/textures/storm_grad_gray.lvl0	5789e80319598555ad64e42328e400f5	2872
mods/heroes.stormmod/base.stormassets/assets/textures/storm_grad_greenyellowradial.dds	2e4c0871a6c7ce9644b853229bc129c5	43832
mods/heroes.stormmod/base.stormassets/assets/textures/storm_grad_greenyellowradial.lvl0	b66c1480d65a77070c83e4700afc933c	2872
mods/heroes.stormmod/base.stormassets/assets/textures/storm_grad_greenyellowradial_fel.dds	5acca7fc4d21109930554d5e6125331e	43832
mods/heroes.stormmod/base.stormassets/assets/textures/storm_grad_greenyellowradial_fel.lvl0	87f64fd1fa9391c231c38b0d2d526e08	2872
mods/heroes.stormmod/base.stormassets/assets/textures/storm_grad_heart.dds	d2dbdfceb1a72eebd955afaaaf755921	43832
mods/heroes.stormmod/base.stormassets/assets/textures/storm_grad_heart.lvl0	c712addb4792515839c330febf6b70b2	2872
mods/heroes.stormmod/base.stormassets/assets/textures/storm_grad_heart_black.dds	f2020341e71ddbecb40bde68d689b223	43832
mods/heroes.stormmod/base.stormassets/assets/textures/storm_grad_heart_black.lvl0	f49d16aa7b8aa1e6fa2721b49fc1cdf6	2872
mods/heroes.stormmod/base.stormassets/assets/textures/storm_grad_long1.dds	7be4f6e7e57c7c39df77925e3d9f913d	11080
mods/heroes.stormmod/base.stormassets/assets/textures/storm_grad_long1.lvl0	f1a6df02e59ed44f28d8334f44922804	328
mods/heroes.stormmod/base.stormassets/assets/textures/storm_grad_orangeyellow01.dds	0227d2ec8460dc6a28393a6af89da1f5	11064
mods/heroes.stormmod/base.stormassets/assets/textures/storm_grad_orangeyellow01.lvl0	6ea2b29d06ab2965c68b8cea315328f4	2872
mods/heroes.stormmod/base.stormassets/assets/textures/storm_grad_pinkblue.dds	9f2493d231c1d4c1adafd93430865422	11064
mods/heroes.stormmod/base.stormassets/assets/textures/storm_grad_pinkblue.lvl0	610def360784b74e26559bdd51abd79e	2872
mods/heroes.stormmod/base.stormassets/assets/textures/storm_grad_radial01.dds	c598b6d8c1bafca61bd9b41d701fa065	43832
mods/heroes.stormmod/base.stormassets/assets/textures/storm_grad_radial01.lvl0	7671b9a57c14a480fb26d7deea7ae540	2872
mods/heroes.stormmod/base.stormassets/assets/textures/storm_grad_radial_bluepurple_01.dds	da9c7d016ea367042217bc1da4c8ccb1	43832
mods/heroes.stormmod/base.stormassets/assets/textures/storm_grad_radial_bluepurple_01.lvl0	92cc74f822c1dccce36d5386a0cec409	312
mods/heroes.stormmod/base.stormassets/assets/textures/storm_grad_radial_bluepurple_02.dds	78fc9906b6172e51bf6dbe7235c2fad8	43832
mods/heroes.stormmod/base.stormassets/assets/textures/storm_grad_radial_bluepurple_02.lvl0	c3fdb9f07403a276bfd8276e76f76762	312
mods/heroes.stormmod/base.stormassets/assets/textures/storm_grad_radial_burntblue.dds	c9b66cc4f389fbd8461b6c2d33787d19	11064
mods/heroes.stormmod/base.stormassets/assets/textures/storm_grad_radial_burntblue.lvl0	7cb58edbd0a6792cf02ab2c3f31e707b	312
mods/heroes.stormmod/base.stormassets/assets/textures/storm_grad_radial_burntorange.dds	146580fc1de2c89c934ab825a7c2af53	43832
mods/heroes.stormmod/base.stormassets/assets/textures/storm_grad_radial_burntorange.lvl0	fb8d490aa4101aea2ec5338ed42042fd	2872
mods/heroes.stormmod/base.stormassets/assets/textures/storm_grad_radial_redyellow.dds	143e332ad0c50889a38ea065b2c00ea0	11064
mods/heroes.stormmod/base.stormassets/assets/textures/storm_grad_radial_redyellow.lvl0	5be104ad8160e570bf476dfcabcd01c0	2872
mods/heroes.stormmod/base.stormassets/assets/textures/storm_grad_rays_blue1.dds	66a5a3bceabec221d2aec59e58412253	2872
mods/heroes.stormmod/base.stormassets/assets/textures/storm_grad_rays_blue1.lvl0	8ecbd09b831cdaf15e317d6c43568849	312
mods/heroes.stormmod/base.stormassets/assets/textures/storm_grad_rays_blue1_up.dds	7f8aa249ac7b40b1b53e8f76a08c85fb	5616
mods/heroes.stormmod/base.stormassets/assets/textures/storm_grad_rays_blue1_up.lvl0	85262f2bd80ac7a500fe518826a04bcf	1520
mods/heroes.stormmod/base.stormassets/assets/textures/storm_grad_rays_blue1_up_b.dds	40f0b7e995234a62b864374579d62ec7	22000
mods/heroes.stormmod/base.stormassets/assets/textures/storm_grad_rays_blue1_up_b.lvl0	94ddbe76135491ee93c6ffdeb90a55f8	5616
mods/heroes.stormmod/base.stormassets/assets/textures/storm_grad_rays_green1b.dds	5afdc55bb94b22bf9915e560b2244132	2872
mods/heroes.stormmod/base.stormassets/assets/textures/storm_grad_rays_green1b.lvl0	d23c062410286dea2f03040aea5a6787	312
mods/heroes.stormmod/base.stormassets/assets/textures/storm_grad_rays_purple1.dds	e1341e625a72b6e2a304e387a4e403af	2872
mods/heroes.stormmod/base.stormassets/assets/textures/storm_grad_redorange.dds	2991ae0e1755f00123b6443dbca57952	11064
mods/heroes.stormmod/base.stormassets/assets/textures/storm_grad_redorange.lvl0	0c1b15ce2a4ee73ec5ff19d5768e1868	2872
mods/heroes.stormmod/base.stormassets/assets/textures/storm_grad_redorange01.dds	4ffc68c0e9b24e42b329d52042402d04	11064
mods/heroes.stormmod/base.stormassets/assets/textures/storm_grad_redorange01.lvl0	9f2d2da602f32dfcaaf883f93841843e	2872
mods/heroes.stormmod/base.stormassets/assets/textures/storm_grad_redorange_a.dds	bf25c2543048c6806075fa9431877888	11064
mods/heroes.stormmod/base.stormassets/assets/textures/storm_grad_redorange_a.lvl0	5f8b2dc53cf2c715fb773bb01589a133	2872
mods/heroes.stormmod/base.stormassets/assets/textures/storm_grad_redorangeradial.dds	df5d2c9871e05127cd568914fbcaabd1	43832
mods/heroes.stormmod/base.stormassets/assets/textures/storm_grad_redorangeradial.lvl0	fe60512b9d1f2f47b340e045b4c87c3a	2872
mods/heroes.stormmod/base.stormassets/assets/textures/storm_grad_ripfield1.dds	bfc2d10b5c2dd0c3e377e369d6feebd2	87536
mods/heroes.stormmod/base.stormassets/assets/textures/storm_grad_ripfield1.lvl0	a783c9044a6b2a928953efbe68b7fff7	5616
mods/heroes.stormmod/base.stormassets/assets/textures/storm_grad_ripfield1a.dds	bfc2d10b5c2dd0c3e377e369d6feebd2	87536
mods/heroes.stormmod/base.stormassets/assets/textures/storm_grad_ripfield1a.lvl0	a783c9044a6b2a928953efbe68b7fff7	5616
mods/heroes.stormmod/base.stormassets/assets/textures/storm_grad_ripfield1b.dds	7568917a7a86a9615c59f042067759a1	43832
mods/heroes.stormmod/base.stormassets/assets/textures/storm_grad_ripfield1b.lvl0	3673241e0cf5569c23c269ee1f9142b0	2872
mods/heroes.stormmod/base.stormassets/assets/textures/storm_grad_ripfield1c.dds	3fe88cde637fc6ff98403ccee8bc2773	43832
mods/heroes.stormmod/base.stormassets/assets/textures/storm_grad_ripfield1c.lvl0	0a9370ccf74ef534ad377d83586456ea	2872
mods/heroes.stormmod/base.stormassets/assets/textures/storm_grad_ripfield1d.dds	e6bd34f809959a9a3b2c349fc22c60c4	43832
mods/heroes.stormmod/base.stormassets/assets/textures/storm_grad_ripfield1d.lvl0	8d7a74362e82e5b0f15af06b0e08011e	2872
mods/heroes.stormmod/base.stormassets/assets/textures/storm_grad_slash_a.dds	de39dcef71d2cb9b441f9ed7b936d8ec	87536
mods/heroes.stormmod/base.stormassets/assets/textures/storm_grad_slash_a.lvl0	ad7231c3c4c2384665180d56bab889fa	5616
mods/heroes.stormmod/base.stormassets/assets/textures/storm_grad_slash_b.dds	6908e9a587ee0ec43290d29a760f002a	43832
mods/heroes.stormmod/base.stormassets/assets/textures/storm_grad_slash_b.lvl0	2f315dea702a018c9a3c4a5c6d1ee278	2872
mods/heroes.stormmod/base.stormassets/assets/textures/storm_grad_sym1.dds	370d153a33128791316c8426d124ef19	87536
mods/heroes.stormmod/base.stormassets/assets/textures/storm_grad_sym1.lvl0	4c880e4761a78a5b57c1b9d5287a6a0e	5616
mods/heroes.stormmod/base.stormassets/assets/textures/storm_grad_triglow.dds	21470b2176eae73e59dab5afcdab638a	87536
mods/heroes.stormmod/base.stormassets/assets/textures/storm_grad_triglow.lvl0	94c9691481552692dedbcbced6fc6966	5616
mods/heroes.stormmod/base.stormassets/assets/textures/storm_grad_wave01.dds	b19beac8d2a69fc31a4dadb5ede41e49	21992
mods/heroes.stormmod/base.stormassets/assets/textures/storm_grad_wave01.lvl0	1ee4f147a96b7593af4b7002c7f8d465	1512
mods/heroes.stormmod/base.stormassets/assets/textures/storm_grad_wave01b.dds	f0c37d7631fb14f808c1839356f48345	21992
mods/heroes.stormmod/base.stormassets/assets/textures/storm_grad_wave01b.lvl0	0de25b950c2e123ee4a22c1fbe10475d	1512
mods/heroes.stormmod/base.stormassets/assets/textures/storm_grad_wave01c.dds	63763bf766e620707e6996fd9acadec5	21992
mods/heroes.stormmod/base.stormassets/assets/textures/storm_grad_wave01c.lvl0	119c5c744b6190c5545c79a473fb0fa2	1512
mods/heroes.stormmod/base.stormassets/assets/textures/storm_grad_wave02.dds	1e11570b6d761286ca4e007d2f77e4b7	11064
mods/heroes.stormmod/base.stormassets/assets/textures/storm_grad_wave02.lvl0	cbc6b024709d4f0a1734e220a412c0ae	312
mods/heroes.stormmod/base.stormassets/assets/textures/storm_grad_wave03.dds	5dc3319b810770927d947ced0568530b	11064
mods/heroes.stormmod/base.stormassets/assets/textures/storm_grad_wave03.lvl0	d7c656b9ebafc6916e1fc3725c3d920a	2872
mods/heroes.stormmod/base.stormassets/assets/textures/storm_grad_wave04.dds	cbe6fe76358dee287405c8ceaaebae97	11064
mods/heroes.stormmod/base.stormassets/assets/textures/storm_grad_wave04.lvl0	78ecc6262f5f2734c4235aebeed7e38d	2872
mods/heroes.stormmod/base.stormassets/assets/textures/storm_grad_wave04_n.dds	7b3b2d950f671a3fce87019c46f5a3b6	22004
mods/heroes.stormmod/base.stormassets/assets/textures/storm_grad_wave04_n.lvl0	c7f2d11a7efe8be0a2c1aef7938faeba	5616
mods/heroes.stormmod/base.stormassets/assets/textures/storm_grad_wavey_01.dds	8786c6ad092be30995e1cd5552e108c1	43856
mods/heroes.stormmod/base.stormassets/assets/textures/storm_grad_wavey_01.lvl0	4d0d3f9a70e48961924adc3ac228fa11	2896
mods/heroes.stormmod/base.stormassets/assets/textures/storm_grad_wavy_01.dds	06096d41d409d7c9b6c182324c2bfd3d	43832
mods/heroes.stormmod/base.stormassets/assets/textures/storm_grad_wavy_01.lvl0	ee0514b1eebfb5927485e83c6174e17f	2872
mods/heroes.stormmod/base.stormassets/assets/textures/storm_grad_wavy_02.dds	745badd9a9a32e95fb84b3e10e33b2b3	43832
mods/heroes.stormmod/base.stormassets/assets/textures/storm_grad_wavy_02.lvl0	bf43c106ae9fd4dd6411f8b2a3b61893	2872
mods/heroes.stormmod/base.stormassets/assets/textures/storm_grad_yellow01.dds	b5e64aa81e53ef869d64e216d2c2ca8c	824
mods/heroes.stormmod/base.stormassets/assets/textures/storm_grad_yellow01.lvl0	8f379ea36e5cd1620300485f30f0e824	312
mods/heroes.stormmod/base.stormassets/assets/textures/storm_grad_yellowblue_a.dds	7deb408e5d49fb20ec593345a61b025a	11064
mods/heroes.stormmod/base.stormassets/assets/textures/storm_grad_yellowblue_a.lvl0	a2c9b5bdd5f6279e0551ac0dd66fb4c8	2872
mods/heroes.stormmod/base.stormassets/assets/textures/storm_grad_yellowgreen_a.dds	999e3bfe8f724342923ecace85249f81	11064
mods/heroes.stormmod/base.stormassets/assets/textures/storm_grad_yellowgreen_a.lvl0	8ff51e934273ba172b35badbc58af500	2872
mods/heroes.stormmod/base.stormassets/assets/textures/storm_gradblue.dds	228b44bb842904cd0fc98ce060615f99	824
mods/heroes.stormmod/base.stormassets/assets/textures/storm_gradblue.lvl0	c0082ae26dcb4e5e6c10fbcbcce7471f	312
mods/heroes.stormmod/base.stormassets/assets/textures/storm_gradbrightedgeradialcenter.dds	bfb853070bfd9dd63cc57750f1253a9a	43832
mods/heroes.stormmod/base.stormassets/assets/textures/storm_gradbrightedgeradialcenter.lvl0	53966104829bf391118d9b6f11963140	2872
mods/heroes.stormmod/base.stormassets/assets/textures/storm_gradbullettrailb.dds	f60b3ff7e0983a18e43b6ab9e9904853	21992
mods/heroes.stormmod/base.stormassets/assets/textures/storm_gradbullettrailb.lvl0	15075813068aa1339d725c26f87f9933	488
mods/heroes.stormmod/base.stormassets/assets/textures/storm_gradbullettrailc.dds	174fd04628918530254f4ebb4ffaecd1	21992
mods/heroes.stormmod/base.stormassets/assets/textures/storm_gradcaustic_01.dds	663c83739e1c5b1271643d2001264cb8	699192
mods/heroes.stormmod/base.stormassets/assets/textures/storm_gradcaustic_01.lvl0	40963cb2070e50df2b15c107f976d869	2872
mods/heroes.stormmod/base.stormassets/assets/textures/storm_gradianta.dds	e040ac3ba558b4d50426a84c0be95322	11064
mods/heroes.stormmod/base.stormassets/assets/textures/storm_gradianta.lvl0	eb74b14118d9fea2eac5c52c59e38c68	2872
mods/heroes.stormmod/base.stormassets/assets/textures/storm_gradianta_orange.dds	b2e42e441c7053901a575eacb74952f0	11064
mods/heroes.stormmod/base.stormassets/assets/textures/storm_gradianta_orange.lvl0	8e85b97c269e31e67e013dea4e488a33	824
mods/heroes.stormmod/base.stormassets/assets/textures/storm_gradiantb.dds	e6cd82172a0dbbfafead8d8b0ad0a13e	5616
mods/heroes.stormmod/base.stormassets/assets/textures/storm_gradiantb.lvl0	6d0316bb7f3794eb04eb97b2b9fdb956	1520
mods/heroes.stormmod/base.stormassets/assets/textures/storm_gradiantfalloff1.dds	daaa96a1dd14ee1ba68b16d3bf6cfc95	349680
mods/heroes.stormmod/base.stormassets/assets/textures/storm_gradiantfalloff1.lvl0	c07136136533decfa2fecdc515214082	5616
mods/heroes.stormmod/base.stormassets/assets/textures/storm_gradiantfalloff1_b.dds	b234f3bd9a166a8ed5d16551951536b6	174904
mods/heroes.stormmod/base.stormassets/assets/textures/storm_gradiantfalloff1_b.lvl0	1e4f40640178d221ec776fea510e2863	2872
mods/heroes.stormmod/base.stormassets/assets/textures/storm_gradiantfalloff1_b_01.dds	eef2d1a88209b14e037c8ba2a280bfab	174904
mods/heroes.stormmod/base.stormassets/assets/textures/storm_gradiantfalloff1_b_01.lvl0	aa624d3cade6664a24f9b9caa894ce12	824
mods/heroes.stormmod/base.stormassets/assets/textures/storm_gradient.dds	7408c94b2314af3b4bb80e687e9b3b67	1520
mods/heroes.stormmod/base.stormassets/assets/textures/storm_gradient.lvl0	fa299c48fa126453e72c4923041ae946	496
mods/heroes.stormmod/base.stormassets/assets/textures/storm_gradient_azmodunkmount_base.dds	08bce95198be32e982035c9ab1a64723	174904
mods/heroes.stormmod/base.stormassets/assets/textures/storm_gradient_azmodunkmount_base.lvl0	6180ee7a5c41a081df64513971fb25c6	2872
mods/heroes.stormmod/base.stormassets/assets/textures/storm_gradient_azmodunkmount_var1.dds	9a8f8051b6c6f54a3c4e67c5d363f78a	349680
mods/heroes.stormmod/base.stormassets/assets/textures/storm_gradient_azmodunkmount_var1.lvl0	868264472611d62abceed6b545d38f5f	5616
mods/heroes.stormmod/base.stormassets/assets/textures/storm_gradient_azmodunkmount_var2.dds	a17d9b7df75566f46462430e27c6506e	87536
mods/heroes.stormmod/base.stormassets/assets/textures/storm_gradient_azmodunkmount_var2.lvl0	a94616bf32a907ad6458c05dc5d073ce	5616
mods/heroes.stormmod/base.stormassets/assets/textures/storm_gradient_blackblue.dds	e316a4ba53171f00f14f94e60a140c1c	43832
mods/heroes.stormmod/base.stormassets/assets/textures/storm_gradient_blackblue.lvl0	7f27d8f8b9ef2fc7faa79cb61010f291	2872
mods/heroes.stormmod/base.stormassets/assets/textures/storm_gradient_blackblue_01.dds	2178ac172f2c26e1a3b8d560a11a8221	43832
mods/heroes.stormmod/base.stormassets/assets/textures/storm_gradient_blackblue_01.lvl0	0295e32173e2d2da6edfb2a043c313b0	312
mods/heroes.stormmod/base.stormassets/assets/textures/storm_gradient_blacktealblue.dds	98299f39d0fbee3134773fc88d31c00c	11064
mods/heroes.stormmod/base.stormassets/assets/textures/storm_gradient_blacktealblue.lvl0	27cbbf55c6fed374ea554318d319b6c6	2872
mods/heroes.stormmod/base.stormassets/assets/textures/storm_gradient_blueblack.dds	e41c9a6f4a4ec2a91960e16fa2e5e450	11064
mods/heroes.stormmod/base.stormassets/assets/textures/storm_gradient_blueblack.lvl0	1c4a2939067c2c39679b6ca411054489	2872
mods/heroes.stormmod/base.stormassets/assets/textures/storm_gradient_bluedarkblue.dds	29652b1bdafd2557298d10e7eec67424	43832
mods/heroes.stormmod/base.stormassets/assets/textures/storm_gradient_bluedarkblue.lvl0	3b8eded6b76ed415afc49c264db5f564	312
mods/heroes.stormmod/base.stormassets/assets/textures/storm_gradient_bluegray.dds	ba6dba0a5e1fc3a22c671f0c1e1f473a	43832
mods/heroes.stormmod/base.stormassets/assets/textures/storm_gradient_bluegray.lvl0	c5cd30d2aba9300bc4655e738bf590db	312
mods/heroes.stormmod/base.stormassets/assets/textures/storm_gradient_bluegreen.dds	5981ce7fbd964a83d534fe00cbb851d7	11064
mods/heroes.stormmod/base.stormassets/assets/textures/storm_gradient_bluegreen.lvl0	811b993b6997e9be589c779409807ebe	2872
mods/heroes.stormmod/base.stormassets/assets/textures/storm_gradient_blueorange.dds	5d5235e366ce26341de29a1071838a58	11064
mods/heroes.stormmod/base.stormassets/assets/textures/storm_gradient_blueorange.lvl0	22765f9407db11fd7fe559c69af44830	312
mods/heroes.stormmod/base.stormassets/assets/textures/storm_gradient_bluewhite.dds	6ad4c68bcf1bb33dff748b6052219050	43832
mods/heroes.stormmod/base.stormassets/assets/textures/storm_gradient_bluewhite.lvl0	5ddba1d593bd2df5237c3d8b381ff683	2872
mods/heroes.stormmod/base.stormassets/assets/textures/storm_gradient_concealedges.dds	76f97ce62594cdb49bef6d903977ef68	43832
mods/heroes.stormmod/base.stormassets/assets/textures/storm_gradient_concealedges.lvl0	d3390b98169faab2df196804992de2b1	2872
mods/heroes.stormmod/base.stormassets/assets/textures/storm_gradient_fade01.dds	7f14f658b7194ad75bef3c7d5d1be00d	11144
mods/heroes.stormmod/base.stormassets/assets/textures/storm_gradient_fade01.lvl0	b0aa1cd36bf0b1bec9438159ad8b7283	392
mods/heroes.stormmod/base.stormassets/assets/textures/storm_gradient_fourdots.dds	490282614067302f5f877481f3c3d9b9	43832
mods/heroes.stormmod/base.stormassets/assets/textures/storm_gradient_fourdots.lvl0	ebd92c3e2e197e24d6e05f18baf07e38	2872
mods/heroes.stormmod/base.stormassets/assets/textures/storm_gradient_gem.dds	91c049aaccabeed7e893f24676f848ef	2872
mods/heroes.stormmod/base.stormassets/assets/textures/storm_gradient_green.dds	de48efe4573fcea0a411409187079e7d	11064
mods/heroes.stormmod/base.stormassets/assets/textures/storm_gradient_green.lvl0	4191fe04d38320562b17e5057060ea5f	184
mods/heroes.stormmod/base.stormassets/assets/textures/storm_gradient_greenpurple.dds	72cc304dbc950f77580a7bb230d5bd5b	11064
mods/heroes.stormmod/base.stormassets/assets/textures/storm_gradient_greenpurple.lvl0	a064f162fa20ac53405bfd854caec7b0	312
mods/heroes.stormmod/base.stormassets/assets/textures/storm_gradient_jade.dds	c9e35cd350c63b37910fc07245bf03e8	22000
mods/heroes.stormmod/base.stormassets/assets/textures/storm_gradient_jade.lvl0	5b7eb6de82519d1ad0b0140ecf76994b	5616
mods/heroes.stormmod/base.stormassets/assets/textures/storm_gradient_linear_bluepurple_01.dds	049d2d406feba97f834ba462fefb7019	11064
mods/heroes.stormmod/base.stormassets/assets/textures/storm_gradient_linear_bluepurple_01.lvl0	7f29439bb6c1cd4e5cfb632d871e5cd5	184
mods/heroes.stormmod/base.stormassets/assets/textures/storm_gradient_orangeblack.dds	b0b0a0d4df4975a152073957f2871c3e	11064
mods/heroes.stormmod/base.stormassets/assets/textures/storm_gradient_orangeblack.lvl0	cbd7354801b226f4c6e10007f286edbf	2872
mods/heroes.stormmod/base.stormassets/assets/textures/storm_gradient_orangeredblack.dds	cc2b8de956d9c3ff3efbe7fc33cb1dd5	11064
mods/heroes.stormmod/base.stormassets/assets/textures/storm_gradient_orangeredblack.lvl0	b647f4b5e58c4a40ae13440a93058641	2872
mods/heroes.stormmod/base.stormassets/assets/textures/storm_gradient_pinkblue_stripe.dds	ed99feb37e8cfce41ea347b01d698f03	11064
mods/heroes.stormmod/base.stormassets/assets/textures/storm_gradient_pinkblue_stripe.lvl0	705e4d7eee3fbe615f616e34359f4802	824
mods/heroes.stormmod/base.stormassets/assets/textures/storm_gradient_pinkblue_stripe01.dds	0b69c217c3c8b05b7f24027095b08d7a	22000
mods/heroes.stormmod/base.stormassets/assets/textures/storm_gradient_pinkblue_stripe01.lvl0	66151748574388289da3e307b5a850ce	5616
mods/heroes.stormmod/base.stormassets/assets/textures/storm_gradient_radialblue_01.dds	0821091bffb4a3c5669fe69d5425967f	11064
mods/heroes.stormmod/base.stormassets/assets/textures/storm_gradient_radialblue_01.lvl0	b8f6653b7bc3cebbdcc0211df11f5977	184
mods/heroes.stormmod/base.stormassets/assets/textures/storm_gradient_radialteal.dds	7705255176a818e5ced7fd1c9c897c3b	11064
mods/heroes.stormmod/base.stormassets/assets/textures/storm_gradient_radialteal.lvl0	b87d8eb3c9003cb50965a51087ef9de1	2872
mods/heroes.stormmod/base.stormassets/assets/textures/storm_gradient_radialyellow.dds	6d0ab4d72ddbc64301a9370aacd3cc5f	11064
mods/heroes.stormmod/base.stormassets/assets/textures/storm_gradient_radialyellow.lvl0	c551141109924f3f832086bf85cc0752	2872
mods/heroes.stormmod/base.stormassets/assets/textures/storm_gradient_redblack.dds	3afe115d0c5f74630402d46780d69ce3	11064
mods/heroes.stormmod/base.stormassets/assets/textures/storm_gradient_redblack.lvl0	b4f82ff462204a33c74bb28cfc8957b5	2872
mods/heroes.stormmod/base.stormassets/assets/textures/storm_gradient_redorangeblack.dds	44f133497e3e740aa7c9c69ab3253b0f	11064
mods/heroes.stormmod/base.stormassets/assets/textures/storm_gradient_redorangeblack.lvl0	5129d1c3bfb8087d5a1013bf0a9297a5	2872
mods/heroes.stormmod/base.stormassets/assets/textures/storm_gradient_soft.dds	f4d539d75e91c3ce5eee0e1130c2ed91	22000
mods/heroes.stormmod/base.stormassets/assets/textures/storm_gradient_soft.lvl0	268d3f478f83d4d5b3950a4030a55ca6	5616
mods/heroes.stormmod/base.stormassets/assets/textures/storm_gradient_soft01.dds	576f882b83f831362160d94a20cb39d4	22000
mods/heroes.stormmod/base.stormassets/assets/textures/storm_gradient_soft01.lvl0	048798c8d013cc729d9479f74edb5580	5616
mods/heroes.stormmod/base.stormassets/assets/textures/storm_gradient_soft_harder.dds	1882515de967fdc5ed8ff4623075ae8e	11064
mods/heroes.stormmod/base.stormassets/assets/textures/storm_gradient_soft_harder.lvl0	c909e87f01fcea87969acc4abc5ee130	2872
mods/heroes.stormmod/base.stormassets/assets/textures/storm_gradient_sweep.dds	e46157de893edcf1265fd7ce968b80e0	11064
mods/heroes.stormmod/base.stormassets/assets/textures/storm_gradient_sweep.lvl0	9e5de6bf354ddf33ef6a0fee60b7ccf9	312
mods/heroes.stormmod/base.stormassets/assets/textures/storm_gradient_swirl_teal.dds	59d801c89f20aaee03a3aa93f7c0d9df	87536
mods/heroes.stormmod/base.stormassets/assets/textures/storm_gradient_swirl_teal.lvl0	687ad1da59397ac2b912c88a0ad53539	5616
mods/heroes.stormmod/base.stormassets/assets/textures/storm_gradient_taper_blackblue.dds	75539e930855716503d0a9d30a5ecfe9	43832
mods/heroes.stormmod/base.stormassets/assets/textures/storm_gradient_taper_blackblue.lvl0	0124f0fb1eccf3bd82433643b76a7e10	2872
mods/heroes.stormmod/base.stormassets/assets/textures/storm_gradient_triangle_02.dds	3d71e26fd4e069e835e9ef89892aa54b	43832
mods/heroes.stormmod/base.stormassets/assets/textures/storm_gradient_triangle_02.lvl0	89fc7a6d3c67595e858d8cb4f459ea9d	312
mods/heroes.stormmod/base.stormassets/assets/textures/storm_gradient_wedge.dds	90258dce93d455e734a56a624237b4c1	11064
mods/heroes.stormmod/base.stormassets/assets/textures/storm_gradient_wedge.lvl0	f502cb71fe35aad08083ed4430f53124	2872
mods/heroes.stormmod/base.stormassets/assets/textures/storm_gradient_whiteblack.dds	050885f337239cd0e1836891f21abb37	11064
mods/heroes.stormmod/base.stormassets/assets/textures/storm_gradient_whiteblack.lvl0	6cfccddbf3dc090ce8ab4d9ceb3abd21	2872
mods/heroes.stormmod/base.stormassets/assets/textures/storm_gradient_whiteyellow.dds	d1d7c5d425807e40d411664038f36f82	11064
mods/heroes.stormmod/base.stormassets/assets/textures/storm_gradient_whiteyellow.lvl0	e7b620bc9d837d418754438ec98d3021	312
mods/heroes.stormmod/base.stormassets/assets/textures/storm_gradient_yellow.dds	74b414d7ab20f6bc9eb7011de765decd	5616
mods/heroes.stormmod/base.stormassets/assets/textures/storm_gradient_yellow01.dds	39850da6e1df0bd5b99fe73fa1647f8d	11064
mods/heroes.stormmod/base.stormassets/assets/textures/storm_gradient_yellow01.lvl0	ae60a6e3e64073788d46085f0b123d3b	312
mods/heroes.stormmod/base.stormassets/assets/textures/storm_gradienta.dds	c1541d0190c189aa1d772090a81ce4a0	5608
mods/heroes.stormmod/base.stormassets/assets/textures/storm_gradienta.lvl0	55358421851629f75c2357863a070f73	488
mods/heroes.stormmod/base.stormassets/assets/textures/storm_gradienta_orange.dds	ea42cc8ea3873724426b0c97cbeca5de	5608
mods/heroes.stormmod/base.stormassets/assets/textures/storm_gradienta_orange.lvl0	f842651e98fbbf0eb1d404e8eebbd8f8	1512
mods/heroes.stormmod/base.stormassets/assets/textures/storm_gradientangula_anduin.dds	20ae8fbece3171593f0beb5e622cf7db	11064
mods/heroes.stormmod/base.stormassets/assets/textures/storm_gradientangula_anduin.lvl0	bd6355ca724bdaeaced64ee93c693e24	184
mods/heroes.stormmod/base.stormassets/assets/textures/storm_gradientangular01.dds	7b0d35eabc25f063ce0c8cd2e8528bbd	11064
mods/heroes.stormmod/base.stormassets/assets/textures/storm_gradientangular01.lvl0	12d61f2665bc6103794b0f5ed21226ee	184
mods/heroes.stormmod/base.stormassets/assets/textures/storm_gradientangular02.dds	9bec66bb7843e206697f075d7a27d961	11064
mods/heroes.stormmod/base.stormassets/assets/textures/storm_gradientangular02.lvl0	aa755c4173c801e35e7790d1ea8fa14e	2872
mods/heroes.stormmod/base.stormassets/assets/textures/storm_gradientangular03.dds	f9553fba6323b3ac04b7506907f7bcd8	11064
mods/heroes.stormmod/base.stormassets/assets/textures/storm_gradientangular03.lvl0	3fb3c7833ab58b2ef897843c42d4611e	2872
mods/heroes.stormmod/base.stormassets/assets/textures/storm_gradientbeam_blue.dds	f6cbb9381ad040509b57dcf932331d42	22000
mods/heroes.stormmod/base.stormassets/assets/textures/storm_gradientbeam_blue.lvl0	9e5654f9e17945095aac02f91b191aa1	5616
mods/heroes.stormmod/base.stormassets/assets/textures/storm_gradientbeam_invert_blue.dds	3c29c55ab7d544640f09b2be62adb1af	22000
mods/heroes.stormmod/base.stormassets/assets/textures/storm_gradientbeam_invert_blue.lvl0	b16bcb4ddd9f2a23bd73fd34b09a2999	5616
mods/heroes.stormmod/base.stormassets/assets/textures/storm_gradientbeam_lightblue.dds	907efdaca6a7b8ef57df28ce7718b129	22000
mods/heroes.stormmod/base.stormassets/assets/textures/storm_gradientbeam_lightblue.lvl0	a70b00c5615fad77e361e61750a9899d	240
mods/heroes.stormmod/base.stormassets/assets/textures/storm_gradientblue_soft.dds	9a556420381a58e02a7fba56cd47126c	43832
mods/heroes.stormmod/base.stormassets/assets/textures/storm_gradientblue_soft.lvl0	1c672271cbdc0d62ce1698b60ed1f8fd	2872
mods/heroes.stormmod/base.stormassets/assets/textures/storm_gradientbluepurple_inverted.dds	41305b0f4a9c6dc9000ab3b05dd380d8	43832
mods/heroes.stormmod/base.stormassets/assets/textures/storm_gradientbluepurple_inverted.lvl0	6b0d9782c053fe2970476bdf8f0b44cd	2872
mods/heroes.stormmod/base.stormassets/assets/textures/storm_gradientbluepurple_soft.dds	95b8c2a6d1185c5d6e2c3e4658994d40	43832
mods/heroes.stormmod/base.stormassets/assets/textures/storm_gradientbluepurple_soft.lvl0	b6228a61e7c2a20cef7809ef6f578cb0	2872
mods/heroes.stormmod/base.stormassets/assets/textures/storm_gradientbluepurple_tile.dds	8da3580e3931ea95c5eb99230d7344c1	2872
mods/heroes.stormmod/base.stormassets/assets/textures/storm_gradientbluepurple_tile.lvl0	e2ac52e16196a5c4e4456b7cdbb122d3	824
mods/heroes.stormmod/base.stormassets/assets/textures/storm_gradientblueteal_tile_01.dds	958eb1077cae3ac471c2cf93fb2bbfc7	2872
mods/heroes.stormmod/base.stormassets/assets/textures/storm_gradientc2.dds	faa47b7502d509a306680a4e0505235e	5616
mods/heroes.stormmod/base.stormassets/assets/textures/storm_gradientcircle_01.dds	2778f6aa40d5e1fb8b00aec9be3e3d11	11064
mods/heroes.stormmod/base.stormassets/assets/textures/storm_gradientcircle_01.lvl0	fc4f7d55c8cfb35b5fdce0f54d653e85	184
mods/heroes.stormmod/base.stormassets/assets/textures/storm_gradientd.dds	6b6815dfe281e8be4588667cf13f5c3c	11064
mods/heroes.stormmod/base.stormassets/assets/textures/storm_gradientd.lvl0	eb8c05e2d4e6c7f61ec694af60d6e171	312
mods/heroes.stormmod/base.stormassets/assets/textures/storm_gradientd_pink.dds	dacb547dd2988af2414a657532bcfd0b	11064
mods/heroes.stormmod/base.stormassets/assets/textures/storm_gradientd_pink.lvl0	e16fd139b7daceae339b820752f0c11d	2872
mods/heroes.stormmod/base.stormassets/assets/textures/storm_gradientdarkpurple.dds	e52475c0383a5fd40136cb438451b2e1	2872
mods/heroes.stormmod/base.stormassets/assets/textures/storm_gradientdarkred.dds	64de72720fdd04365509ca7f8e9c9eda	2872
mods/heroes.stormmod/base.stormassets/assets/textures/storm_gradientdarkred.lvl0	b6f372e24bbe565e44c6b30dc1c8dd11	824
mods/heroes.stormmod/base.stormassets/assets/textures/storm_gradientf.dds	47fe9312f93db6bf5b2fd5d379416026	11064
mods/heroes.stormmod/base.stormassets/assets/textures/storm_gradientf.lvl0	3e7749be64a862d975abd757723d8d2d	2872
mods/heroes.stormmod/base.stormassets/assets/textures/storm_gradientline_orange.dds	d6bd7044bac2b45a857833d9485e7c57	22032
mods/heroes.stormmod/base.stormassets/assets/textures/storm_gradientline_orange.lvl0	3bd935a3e4efa8500b826041badfda71	1552
mods/heroes.stormmod/base.stormassets/assets/textures/storm_gradientorange.dds	ff4b70798b50cb32473b6586c42e06fb	11064
mods/heroes.stormmod/base.stormassets/assets/textures/storm_gradientorange.lvl0	640af3e97a8f94ec48dfa7bf52579523	184
mods/heroes.stormmod/base.stormassets/assets/textures/storm_gradientpurple.dds	be19cbb9784143f0312d4b0d194472e2	11064
mods/heroes.stormmod/base.stormassets/assets/textures/storm_gradientpurple.lvl0	6f5252d45a86f4857fd16260d4352ac6	2872
mods/heroes.stormmod/base.stormassets/assets/textures/storm_gradientpurple_b.dds	0fbdc8738dbfc7625b927fe9ff92eced	11064
mods/heroes.stormmod/base.stormassets/assets/textures/storm_gradientpurple_b.lvl0	092e16a9d3a01219004bc3e76d8da98c	2872
mods/heroes.stormmod/base.stormassets/assets/textures/storm_gradientradial_01.dds	0478377642986c0515d69bc803ca433e	43832
mods/heroes.stormmod/base.stormassets/assets/textures/storm_gradientradial_01.lvl0	4135429e420e82eeaf3042da09a7fcaf	2872
mods/heroes.stormmod/base.stormassets/assets/textures/storm_gradientradial_01_distorted.dds	f23cf590eb614b92765df200a8ea3389	43832
mods/heroes.stormmod/base.stormassets/assets/textures/storm_gradientradial_01_distorted.lvl0	30382807839dd0cd132dc451bf7c48e1	2872
mods/heroes.stormmod/base.stormassets/assets/textures/storm_gradientradial_01_distorted_blur.dds	4af3962813f98fe84338320202898f39	43832
mods/heroes.stormmod/base.stormassets/assets/textures/storm_gradientradial_01_distorted_blur.lvl0	92c835a0af99190ba5d14af71e891cf3	2872
mods/heroes.stormmod/base.stormassets/assets/textures/storm_gradientring.dds	edc2432fbdc2cb7906e42ea6458fa336	11064
mods/heroes.stormmod/base.stormassets/assets/textures/storm_gradientring.lvl0	f19a85ed136b4693d34b159cdd5d187b	824
mods/heroes.stormmod/base.stormassets/assets/textures/storm_gradientring02.dds	d3246602b4938b2a57b046fe07590a15	11064
mods/heroes.stormmod/base.stormassets/assets/textures/storm_gradientring02.lvl0	77476e0484fe7a9446f89c07c02355e9	2872
mods/heroes.stormmod/base.stormassets/assets/textures/storm_gradientring03.dds	609b1a4d04cdbd6153085d859cce8256	11064
mods/heroes.stormmod/base.stormassets/assets/textures/storm_gradientring03.lvl0	affa68568b1e7d748efbb3b5dfcf9d5d	184
mods/heroes.stormmod/base.stormassets/assets/textures/storm_gradientring04.dds	575c5ccce3635db19daea372c4b9465f	11064
mods/heroes.stormmod/base.stormassets/assets/textures/storm_gradientring04.lvl0	5a1781cf4f31b59107b902c6c44ef0ac	2872
mods/heroes.stormmod/base.stormassets/assets/textures/storm_gradientring04_b.dds	a75a6b9807026a9f478a2c2d10f14506	11064
mods/heroes.stormmod/base.stormassets/assets/textures/storm_gradientring04_b.lvl0	c1c27eca3daf69620a4180ad5248687a	2872
mods/heroes.stormmod/base.stormassets/assets/textures/storm_gradientringmask.dds	9af1ccd2364a79ee3ac44e0772ecc58f	11064
mods/heroes.stormmod/base.stormassets/assets/textures/storm_gradientringmask.lvl0	bb1b1e0e61a3da1c8ddf081c837f1765	184
mods/heroes.stormmod/base.stormassets/assets/textures/storm_gradientsemicircle1.dds	dec37382d53b23f0f3d8ff34a032df5e	43832
mods/heroes.stormmod/base.stormassets/assets/textures/storm_gradientsemicircle1.lvl0	10965243d79d3a74361fad758b5f7799	2872
mods/heroes.stormmod/base.stormassets/assets/textures/storm_gradientweb_fix_2.dds	262bfe3807d39f8cb746d6050a58b261	174904
mods/heroes.stormmod/base.stormassets/assets/textures/storm_gradientweb_fix_2.lvl0	a41f7983d26cce0e72e00a6a08010488	824
mods/heroes.stormmod/base.stormassets/assets/textures/storm_gradrad_yellow01.dds	89dc21a1433928cdd63cc568dc63c39d	2872
mods/heroes.stormmod/base.stormassets/assets/textures/storm_gradrad_yellow01.lvl0	485420c2087080515949e35605c88af8	824
mods/heroes.stormmod/base.stormassets/assets/textures/storm_gradrays_tc.dds	f6ad122a97bbce204659f19698c9558f	5616
mods/heroes.stormmod/base.stormassets/assets/textures/storm_gradshred01.dds	89126f8b748593edec976bdb61536c15	43832
mods/heroes.stormmod/base.stormassets/assets/textures/storm_gradshred01.lvl0	2eaee09ea5557e259923aceb83c69894	2872
mods/heroes.stormmod/base.stormassets/assets/textures/storm_gradshred02.dds	6af21307a787c0efdbf90874c9c69a83	43832
mods/heroes.stormmod/base.stormassets/assets/textures/storm_gradshred02.lvl0	7d28da34db94702ad12e65604fafe88f	2872
mods/heroes.stormmod/base.stormassets/assets/textures/storm_gradspike01.dds	2136b12d571c57952869a9b384b2bb33	174904
mods/heroes.stormmod/base.stormassets/assets/textures/storm_gradspike01.lvl0	159fe45ef0ab2f3df563a86e4842c403	2872
mods/heroes.stormmod/base.stormassets/assets/textures/storm_gradspike02.dds	12e3d77b994f33853425f3b9590bca4d	174904
mods/heroes.stormmod/base.stormassets/assets/textures/storm_gradspike02.lvl0	845a797ad2cc476d8d1e028d84c225cf	2872
mods/heroes.stormmod/base.stormassets/assets/textures/storm_gradspike02_b.dds	36e7989e58e809da2f20fe35fe13e184	699192
mods/heroes.stormmod/base.stormassets/assets/textures/storm_gradspike02_b.lvl0	e25af3380cd31e7a3161c69829c3096a	2872
mods/heroes.stormmod/base.stormassets/assets/textures/storm_gradspikey01.dds	ab232673e20cbd9300623b9de1373f24	87528
mods/heroes.stormmod/base.stormassets/assets/textures/storm_gradspikey01.lvl0	35f71ab744e878f411f64865b9695f0f	1512
mods/heroes.stormmod/base.stormassets/assets/textures/storm_gradup_01.dds	ed38cdcd2850db386ccc0312100c525c	21992
mods/heroes.stormmod/base.stormassets/assets/textures/storm_gradup_01.lvl0	5d7800e02761eb2fa6d4ad413e188a73	1512
mods/heroes.stormmod/base.stormassets/assets/textures/storm_gradup_blurry_01.dds	78cf99955b25d26cf8c3de7ec6ae26ef	21992
mods/heroes.stormmod/base.stormassets/assets/textures/storm_gradup_blurry_01.lvl0	4c090d567b6f33e549e4c90925cc58ac	232
mods/heroes.stormmod/base.stormassets/assets/textures/storm_gradwavy01.dds	8386efb157c3ca229cc79efeb1c5e35e	43832
mods/heroes.stormmod/base.stormassets/assets/textures/storm_gradwavy01.lvl0	6f489376fa4d7ff2e56112aa53f70244	824
mods/heroes.stormmod/base.stormassets/assets/textures/storm_gradwavy02.dds	dc413adb601255f3f8d80f0754be1055	174904
mods/heroes.stormmod/base.stormassets/assets/textures/storm_gradwavy02.lvl0	74e1db434b813bd5e1cc73dc9c5cb986	2872
mods/heroes.stormmod/base.stormassets/assets/textures/storm_grassplane_sculpted_tiled_diffuse.dds	e0b4b0558f969879274dd0c6ec9ccd64	1398256
mods/heroes.stormmod/base.stormassets/assets/textures/storm_grassplane_sculpted_tiled_diffuse.lvl0	a3bcd0f4c233f61485d53a8ea16e8ea1	5616
mods/heroes.stormmod/base.stormassets/assets/textures/storm_grassplane_sculpted_tiled_normals.dds	97872bb5ea76608804236bc1d4d04910	1398260
mods/heroes.stormmod/base.stormassets/assets/textures/storm_grassplane_sculpted_tiled_normals.lvl0	2014e1d58bb1b8b81f41fe3f5dff5d8f	5616
mods/heroes.stormmod/base.stormassets/assets/textures/storm_grassplane_sculpted_tiled_specular.dds	ef76e7ca02358b7553ce3fee69056a98	1398256
mods/heroes.stormmod/base.stormassets/assets/textures/storm_grassplane_sculpted_tiled_specular.lvl0	c24a74150b93cbf96fc6df9dd7ca4212	5616
mods/heroes.stormmod/base.stormassets/assets/textures/storm_gravegolem_base_entanglingroots_diffuse.dds	02a9c27bf0725531f7a7120dad98f13d	349680
mods/heroes.stormmod/base.stormassets/assets/textures/storm_gravegolem_base_entanglingroots_diffuse.lvl0	079f94cfab2fb073d7e95e206db4dc2d	5616
mods/heroes.stormmod/base.stormassets/assets/textures/storm_gravegolem_base_entanglingroots_normals.dds	8247027ae75e34f1263f1aedc31e97ce	349684
mods/heroes.stormmod/base.stormassets/assets/textures/storm_gravegolem_base_entanglingroots_normals.lvl0	b2b93bd76e24843f7aa8acf2eeaa8689	5616
mods/heroes.stormmod/base.stormassets/assets/textures/storm_greenembers_sm01.dds	415fd5624ae9a3b18ec9802cf9b5c997	87536
mods/heroes.stormmod/base.stormassets/assets/textures/storm_greenembers_sm01.lvl0	544a1156f9d123b5a29a0a6cda62d1fb	5616
mods/heroes.stormmod/base.stormassets/assets/textures/storm_grid_ui1.dds	bdd7a9f8e1a232050297dcc543ae81a8	5592560
mods/heroes.stormmod/base.stormassets/assets/textures/storm_grid_ui1.lvl0	99690ae13bd1dcf0edb9c31df2199b4d	5616
mods/heroes.stormmod/base.stormassets/assets/textures/storm_grid_ui1_orange.dds	898613b9332568734f95d3acc7d96beb	1398256
mods/heroes.stormmod/base.stormassets/assets/textures/storm_grid_ui1_orange.lvl0	5dc64a15bff43742f2ff8202de35e8a9	5616
mods/heroes.stormmod/base.stormassets/assets/textures/storm_grid_ui1_orange_small.dds	2f04e5869b5b4598c8e1da122cd74b6d	43832
mods/heroes.stormmod/base.stormassets/assets/textures/storm_grid_ui1_orange_small.lvl0	ae233b11fd5bfdef769b5180c58f5002	312
mods/heroes.stormmod/base.stormassets/assets/textures/storm_grid_ui_pink1.dds	6fb50371a3537343462f139a7cb0eaf2	699192
mods/heroes.stormmod/base.stormassets/assets/textures/storm_grid_ui_pink1.lvl0	4bf20ca157f35f758e45fafaaec2686b	2872
mods/heroes.stormmod/base.stormassets/assets/textures/storm_grid_ui_purple.dds	2e67518f82cd54e35f941ea74410b9b1	174904
mods/heroes.stormmod/base.stormassets/assets/textures/storm_grid_ui_purple.lvl0	676ca30cb72555d0a009c08ec5839acd	2872
mods/heroes.stormmod/base.stormassets/assets/textures/storm_grids01.dds	1825f2d8235cc58f28cb2ff837de609d	43848
mods/heroes.stormmod/base.stormassets/assets/textures/storm_grids01.lvl0	40792b4938091145e31c3bb5ff4a7f5a	840
mods/heroes.stormmod/base.stormassets/assets/textures/storm_ground_crackaoe.dds	9bbc62c89e01afe875fb5bfd8a66bddb	349680
mods/heroes.stormmod/base.stormassets/assets/textures/storm_ground_crackaoe.lvl0	dc57756ad22402864a370d95dcff30bb	5616
mods/heroes.stormmod/base.stormassets/assets/textures/storm_ground_crackaoe_emis.dds	544c9dc560c3c64bf2541b3db7b0dd01	349680
mods/heroes.stormmod/base.stormassets/assets/textures/storm_ground_crackaoe_emis.lvl0	5527fb1cbeb633c900591dc606a26256	5616
mods/heroes.stormmod/base.stormassets/assets/textures/storm_ground_crackaoe_emis_blue.dds	24bd4e6926e6f930bb05da3cfe9e3435	349680
mods/heroes.stormmod/base.stormassets/assets/textures/storm_ground_crackaoe_emis_blue.lvl0	451e2cfd3f4f040bd886aa1594ec7cc9	1520
mods/heroes.stormmod/base.stormassets/assets/textures/storm_ground_crackaoe_norm.dds	a63d199e1a44d4b9e788df2d5a042daa	349684
mods/heroes.stormmod/base.stormassets/assets/textures/storm_ground_crackaoe_norm.lvl0	4b7c467d347d2b86d978c4cc661dc088	5616
mods/heroes.stormmod/base.stormassets/assets/textures/storm_ground_verticalcrack_dif.dds	e843c8d28a8eb95a5d2a494022086a90	174928
mods/heroes.stormmod/base.stormassets/assets/textures/storm_ground_verticalcrack_dif.lvl0	a7f903033a30ea4e41b7dfdefa5befd6	2896
mods/heroes.stormmod/base.stormassets/assets/textures/storm_ground_verticalcrack_emis.dds	546b2ae7c94af43a3205e3ef28a93ac3	87528
mods/heroes.stormmod/base.stormassets/assets/textures/storm_ground_verticalcrack_emis.lvl0	dafad2bd9ed759d782134784853959de	1512
mods/heroes.stormmod/base.stormassets/assets/textures/storm_ground_verticalcrack_emis_purple.dds	da760e9529ee1e9c8a8dd87e51e2638a	87528
mods/heroes.stormmod/base.stormassets/assets/textures/storm_ground_verticalcrack_emis_purple.lvl0	ff5b7a4b1c57f8fb4aa5acee08c17228	488
mods/heroes.stormmod/base.stormassets/assets/textures/storm_ground_verticalcrack_norm.dds	cc33b85ae2f4bcb6da17c485f94e5767	174932
mods/heroes.stormmod/base.stormassets/assets/textures/storm_ground_verticalcrack_norm.lvl0	258ab10789edcd6cb3e39b7ff4aad06d	2896
mods/heroes.stormmod/base.stormassets/assets/textures/storm_groundcrack.dds	35d88695f0a84d87a5a2b4cea71fb587	1398256
mods/heroes.stormmod/base.stormassets/assets/textures/storm_groundcrack.lvl0	6f4c0c3eb11fb12330f930452195b52e	5616
mods/heroes.stormmod/base.stormassets/assets/textures/storm_groundcrack02.dds	07021256f2f065df51fd652890b694d2	174904
mods/heroes.stormmod/base.stormassets/assets/textures/storm_groundcrack02.lvl0	205813dd8a72e73bfd2f1d7d7e2c1bfe	2872
mods/heroes.stormmod/base.stormassets/assets/textures/storm_groundcrack_01.dds	23511d60673ee14b1279087ac3a104e3	349680
mods/heroes.stormmod/base.stormassets/assets/textures/storm_groundcrack_01.lvl0	8065879a1124a26b07bb96f8395f80e2	5616
mods/heroes.stormmod/base.stormassets/assets/textures/storm_groundcrack_01_d.dds	982a594fd1ad204dc499eff77b71d8a1	349680
mods/heroes.stormmod/base.stormassets/assets/textures/storm_groundcrack_01_d.lvl0	07a664fe349059ea8eaee1e2924e71c7	5616
mods/heroes.stormmod/base.stormassets/assets/textures/storm_groundcrack_01_displacement.dds	21a6031ae4ebccbb1399be024d3a0dc3	349680
mods/heroes.stormmod/base.stormassets/assets/textures/storm_groundcrack_01_displacement.lvl0	9ff24be5e757b57c4027f7ec309de683	1520
mods/heroes.stormmod/base.stormassets/assets/textures/storm_groundcrack_01_n.dds	ad9149a3de9c6777d08df527f76f0df7	349684
mods/heroes.stormmod/base.stormassets/assets/textures/storm_groundcrack_01_n.lvl0	f3b14824e6923b90cb24395f28f8e784	5616
mods/heroes.stormmod/base.stormassets/assets/textures/storm_groundcrack_blue_01.dds	a0d1ce92585abc9eb0619a0a7db14efd	349680
mods/heroes.stormmod/base.stormassets/assets/textures/storm_groundcrack_blue_01.lvl0	9cead26802b658208f45133a5919616c	1520
mods/heroes.stormmod/base.stormassets/assets/textures/storm_groundcrack_blue_01_d.dds	8651d76bc32b26fca4b338c3bbafceab	349680
mods/heroes.stormmod/base.stormassets/assets/textures/storm_groundcrack_blue_01_d.lvl0	3fb512f386614d15a82abd14c7e2d0cd	1520
mods/heroes.stormmod/base.stormassets/assets/textures/storm_groundcrack_cone_b.dds	5b7fabcd3b3e77adb0af6092d3d86720	349680
mods/heroes.stormmod/base.stormassets/assets/textures/storm_groundcrack_cone_b.lvl0	b7f595239db240f9b9f56992c95e0122	5616
mods/heroes.stormmod/base.stormassets/assets/textures/storm_groundcrack_cone_c.dds	a8d83059409ddee11094c1a0e7ffe23b	349680
mods/heroes.stormmod/base.stormassets/assets/textures/storm_groundcrack_cone_c.lvl0	dac13f6e5c38a9648c666561b2d30da2	5616
mods/heroes.stormmod/base.stormassets/assets/textures/storm_groundcrack_cone_norm.dds	6e1ddc780114be529e91da04f4a7d735	349684
mods/heroes.stormmod/base.stormassets/assets/textures/storm_groundcrack_cone_norm.lvl0	0686de0cc584e4f0c07793e8022e15bc	5616
mods/heroes.stormmod/base.stormassets/assets/textures/storm_groundcrack_g.dds	bea929d8aa26b76ad77ca60dbe1a52dd	174904
mods/heroes.stormmod/base.stormassets/assets/textures/storm_groundcrack_g.lvl0	870413df7f74b81a28980f7b531c76b7	2872
mods/heroes.stormmod/base.stormassets/assets/textures/storm_groundcrack_ggspawn.dds	858030db72f408da943f5bada312421a	349680
mods/heroes.stormmod/base.stormassets/assets/textures/storm_groundcrack_ggspawn.lvl0	98d66bb8ce81bc9ad5204c48265259a7	5616
mods/heroes.stormmod/base.stormassets/assets/textures/storm_groundcrack_gravegolem_orange.dds	1c2d35baf990f4145dc764b272db16e8	349680
mods/heroes.stormmod/base.stormassets/assets/textures/storm_groundcrack_gravegolem_orange.lvl0	5a653c058ad91a678631afaafa9efb79	5616
mods/heroes.stormmod/base.stormassets/assets/textures/storm_groundcrack_megaslam.dds	e2aa19cbd29fb135b8160e13054ea811	349680
mods/heroes.stormmod/base.stormassets/assets/textures/storm_groundcrack_megaslam.lvl0	5416632c6ea4de82065d68cee33264ab	5616
mods/heroes.stormmod/base.stormassets/assets/textures/storm_groundcrack_orange_01.dds	db38394e8a4ced5d0d76afb840e4d13c	349680
mods/heroes.stormmod/base.stormassets/assets/textures/storm_groundcrack_orange_01.lvl0	b21d9bcb8af0ec52fbe42939a3391edf	1520
mods/heroes.stormmod/base.stormassets/assets/textures/storm_groundcrack_purple.dds	9e8e15058a95253e8224ab6d0c2eaa41	349680
mods/heroes.stormmod/base.stormassets/assets/textures/storm_groundcrack_purple.lvl0	de64e02c3b069f2ec53db0565f2e69e5	5616
mods/heroes.stormmod/base.stormassets/assets/textures/storm_groundcrack_thrall_d.dds	25fbe6a2426eb2c7a53f344d063ca563	1398256
mods/heroes.stormmod/base.stormassets/assets/textures/storm_groundcrack_thrall_d.lvl0	9b3632ec43f513ef939fdd33779f726a	5616
mods/heroes.stormmod/base.stormassets/assets/textures/storm_groundcrack_thrall_e.dds	87bebb9232f3722e914e9f04fe488ddf	1398256
mods/heroes.stormmod/base.stormassets/assets/textures/storm_groundcrack_thrall_e.lvl0	1927deeead86e38f9915d974e762cf87	5616
mods/heroes.stormmod/base.stormassets/assets/textures/storm_groundcrack_thrall_n.dds	da766d9f6fcca7ada8bc990165a15e1d	1398260
mods/heroes.stormmod/base.stormassets/assets/textures/storm_groundcrack_thrall_n.lvl0	5e54f30c4fb800349128d65e82d11769	5616
mods/heroes.stormmod/base.stormassets/assets/textures/storm_groundcracka.dds	8d795bab67b992a26b62d0875ff909a8	1398256
mods/heroes.stormmod/base.stormassets/assets/textures/storm_groundcracka.lvl0	64f1591aaa7a9441aefe933996e3df16	5616
mods/heroes.stormmod/base.stormassets/assets/textures/storm_groundcracka2.dds	8c055727931095dae4f52a09b8def335	1398256
mods/heroes.stormmod/base.stormassets/assets/textures/storm_groundcracka2.lvl0	27a157a0d1180d33af5b203b24fcea6d	5616
mods/heroes.stormmod/base.stormassets/assets/textures/storm_groundcracka2_normal.dds	7434ab40c499ae5f1c22c7e26d2ccef3	1398260
mods/heroes.stormmod/base.stormassets/assets/textures/storm_groundcracka2_normal.lvl0	25b0fb08f8a0f624d3a054d09a732b37	5616
mods/heroes.stormmod/base.stormassets/assets/textures/storm_groundcracka_emm.dds	4ab7d96582b75ccb5e11b5c5adb1c3f6	174904
mods/heroes.stormmod/base.stormassets/assets/textures/storm_groundcracka_emm.lvl0	9bb6c51cc5f4ac31529e59ad7b235ef1	2872
mods/heroes.stormmod/base.stormassets/assets/textures/storm_groundcracka_h.dds	b02d957e947535794b672639215f4649	1398256
mods/heroes.stormmod/base.stormassets/assets/textures/storm_groundcracka_h.lvl0	82f7760445f7342143513675d64449bf	5616
mods/heroes.stormmod/base.stormassets/assets/textures/storm_groundcrackb.dds	3db62039330f81dda1eafe9fe4a25d88	1398256
mods/heroes.stormmod/base.stormassets/assets/textures/storm_groundcrackb.lvl0	c3dcf3d5d3881c750b49e966d8b12e52	5616
mods/heroes.stormmod/base.stormassets/assets/textures/storm_groundcrackb_h.dds	6bf40e65d7fc3dddffb46bbd0c222b8c	1398256
mods/heroes.stormmod/base.stormassets/assets/textures/storm_groundcrackb_h.lvl0	87ae5bc2728dd541ca9e506ef4b0947d	5616
mods/heroes.stormmod/base.stormassets/assets/textures/storm_groundcrackbnorrmal.dds	5ca3832b1e77de1c005f05a245bfa60f	1398260
mods/heroes.stormmod/base.stormassets/assets/textures/storm_groundcrackbnorrmal.lvl0	c7c563ea7c9e15ed771907498fe81332	5616
mods/heroes.stormmod/base.stormassets/assets/textures/storm_groundcrackd.dds	43a46210fd4d5da6f276664af35b4832	1398256
mods/heroes.stormmod/base.stormassets/assets/textures/storm_groundcrackd.lvl0	def499986c667179c2fada09c6da8b87	5616
mods/heroes.stormmod/base.stormassets/assets/textures/storm_groundcrackd_e.dds	eebd0d762803f8cc77952224ee6eccb1	1398256
mods/heroes.stormmod/base.stormassets/assets/textures/storm_groundcrackd_e.lvl0	620c282917b4be075a658556effc3fb3	5616
mods/heroes.stormmod/base.stormassets/assets/textures/storm_groundcrackd_n.dds	56a92c937185beb9f97cb04e47ad2fdb	1398260
mods/heroes.stormmod/base.stormassets/assets/textures/storm_groundcrackd_n.lvl0	9f472e7065b78d2f19e6350c8b6f364e	5616
mods/heroes.stormmod/base.stormassets/assets/textures/storm_groundcracke.dds	b33cdfdfe9aa746e98ffb0e07f9d1ee5	349680
mods/heroes.stormmod/base.stormassets/assets/textures/storm_groundcracke.lvl0	076892a191253c53a2bd5fde7b737e4c	5616
mods/heroes.stormmod/base.stormassets/assets/textures/storm_groundcracke_fire.dds	9012a175a6cafcd8761b483c23d71ebf	349680
mods/heroes.stormmod/base.stormassets/assets/textures/storm_groundcracke_fire.lvl0	363b5e1b27ecef729e5cf00e88fe4fc0	5616
mods/heroes.stormmod/base.stormassets/assets/textures/storm_groundcrackenergy01.dds	e9551ea234a9a7475168ccff96a88ce0	349680
mods/heroes.stormmod/base.stormassets/assets/textures/storm_groundcrackenergy01.lvl0	7ca0d434fbbe40c40ed2e232972fcdfb	5616
mods/heroes.stormmod/base.stormassets/assets/textures/storm_groundcrackf01.dds	2729b85135e983c78fb43057ab774a81	349680
mods/heroes.stormmod/base.stormassets/assets/textures/storm_groundcrackf01.lvl0	2e29ae90dc4b292689fea30fed2c19a8	5616
mods/heroes.stormmod/base.stormassets/assets/textures/storm_groundcrackg.dds	ff7b2a993c9e1d8bedb56411a21078f4	349680
mods/heroes.stormmod/base.stormassets/assets/textures/storm_groundcrackg.lvl0	e63e519aa8dad5272e6c13b3b3b74e6c	5616
mods/heroes.stormmod/base.stormassets/assets/textures/storm_groundcrackh.dds	46c516dbda96e12c24dfcf9157bbe22c	349680
mods/heroes.stormmod/base.stormassets/assets/textures/storm_groundcrackh.lvl0	144e80f79659b6cf858e8cc16d04bd35	1520
mods/heroes.stormmod/base.stormassets/assets/textures/storm_groundcrackimmolate_n.dds	019cde296a5631899c26390e3c072cfe	349684
mods/heroes.stormmod/base.stormassets/assets/textures/storm_groundcrackimmolate_n.lvl0	4a12fe49a3697f091505b41e1869cc35	5616
mods/heroes.stormmod/base.stormassets/assets/textures/storm_groundcrackl.dds	4f210ee2db3b26c3a6cc441f2e335af9	1398256
mods/heroes.stormmod/base.stormassets/assets/textures/storm_groundcrackl.lvl0	69a275b8138c3b9155d7caf0337cab60	5616
mods/heroes.stormmod/base.stormassets/assets/textures/storm_groundcrackl_displacement.dds	e31d45ed7e91ca043b01ff44b828473d	1398256
mods/heroes.stormmod/base.stormassets/assets/textures/storm_groundcrackl_displacement.lvl0	3252f3bfe18aa4845b38286d0eb18407	5616
mods/heroes.stormmod/base.stormassets/assets/textures/storm_groundcracklight_b.dds	8f942ec3b978811ea9b5360b545870db	1398256
mods/heroes.stormmod/base.stormassets/assets/textures/storm_groundcracklight_b.lvl0	ff8c4cb82010d04d38277b77e099e5e6	5616
mods/heroes.stormmod/base.stormassets/assets/textures/storm_groundcracklight_b_orange.dds	dc163a817066026a277d3b5c5e009b23	1398256
mods/heroes.stormmod/base.stormassets/assets/textures/storm_groundcracklight_b_orange.lvl0	7e1a0c0e91dc9d510651631beeca37c0	5616
mods/heroes.stormmod/base.stormassets/assets/textures/storm_groundcrackm.dds	e128093fa0a729805a35e37f6943179c	1398256
mods/heroes.stormmod/base.stormassets/assets/textures/storm_groundcrackm.lvl0	aed34e1b0d386bec2a44a1901e5114b1	5616
mods/heroes.stormmod/base.stormassets/assets/textures/storm_groundcrackm_orange.dds	86f57a4a9b62c58f8a2dacb746491e02	1398256
mods/heroes.stormmod/base.stormassets/assets/textures/storm_groundcrackm_orange.lvl0	a56ff6c4514c053e7c242b599767fa81	5616
mods/heroes.stormmod/base.stormassets/assets/textures/storm_groundcrackm_purple.dds	f29eafe8a503d6f033d3e173c706ff0f	1398256
mods/heroes.stormmod/base.stormassets/assets/textures/storm_groundcrackm_purple.lvl0	1efd3b7278d0aebd62a60435bd06d7ca	5616
mods/heroes.stormmod/base.stormassets/assets/textures/storm_groundcrackred.dds	71c9cd6c4c89e91a90c33260124c5af7	349680
mods/heroes.stormmod/base.stormassets/assets/textures/storm_groundcrackred.lvl0	6e1437ce3c22b09e0aa185be73b77d1f	5616
mods/heroes.stormmod/base.stormassets/assets/textures/storm_groundcrackred01.dds	07a386d0a88fc0d2d190cbcf4428014c	349680
mods/heroes.stormmod/base.stormassets/assets/textures/storm_groundcrackred01.lvl0	b0481db18a34fb01c060cf808badd0cd	5616
mods/heroes.stormmod/base.stormassets/assets/textures/storm_groundcrackred_blur.dds	48197a8e854f1eff36912b55e58ecae3	349680
mods/heroes.stormmod/base.stormassets/assets/textures/storm_groundcrackred_blur.lvl0	225aba1aed8e895d0e19e5d301bc21fa	5616
mods/heroes.stormmod/base.stormassets/assets/textures/storm_groundcracks_01.dds	284f165ab4421a882385b57fb42eb647	349680
mods/heroes.stormmod/base.stormassets/assets/textures/storm_groundcracks_01.lvl0	896e2f5c728b75ed412c96a8ca166948	5616
mods/heroes.stormmod/base.stormassets/assets/textures/storm_groundcracks_02.dds	24de0d0c1a740cadf293ce0cb3cd6310	349680
mods/heroes.stormmod/base.stormassets/assets/textures/storm_groundcracks_02.lvl0	11c3978bf457cfbd3d39a3bab80ef025	5616
mods/heroes.stormmod/base.stormassets/assets/textures/storm_groundimpacta.dds	b274ae97305a732fa99e5ea08b02f378	349680
mods/heroes.stormmod/base.stormassets/assets/textures/storm_groundimpacta.lvl0	363c8e70948630ff6587ccd76c89ff8a	5616
mods/heroes.stormmod/base.stormassets/assets/textures/storm_groundimpacta_norm.dds	728b31f16eceb35656e02876ce77a5cc	349684
mods/heroes.stormmod/base.stormassets/assets/textures/storm_groundimpacta_norm.lvl0	74d9288d7cab163114e192a140bfec45	5616
mods/heroes.stormmod/base.stormassets/assets/textures/storm_groundslash01.dds	dfbb0b3d82a832b235cf35057486ac20	349680
mods/heroes.stormmod/base.stormassets/assets/textures/storm_groundslash01.lvl0	17d1ce496f56b16f7611f1df55294a5d	5616
