mods/heroes.stormmod/base.stormassets/assets/textures/lock_small.dds	54852efad4127d1fe81345b5b8881070	7040
mods/heroes.stormmod/base.stormassets/assets/textures/lootboxscreen_diff.dds	7b4b24b77f74b7daafef7a1fa9a6ab4b	699216
mods/heroes.stormmod/base.stormassets/assets/textures/lootboxscreen_diff.lvl0	101f1d9bdc2d97f1b0e8b5c19b54f869	2896
mods/heroes.stormmod/base.stormassets/assets/textures/storm_login_background_event.dds	140a30865a53d808459605eb1bad230d	1024128
mods/heroes.stormmod/base.stormassets/assets/textures/storm_logoterran01.dds	8d97f2d341598c98be392ef2e7b67601	349680
mods/heroes.stormmod/base.stormassets/assets/textures/storm_logoterran01.lvl0	92eef3a8adfea3128d5601dbb28d2eb2	5616
mods/heroes.stormmod/base.stormassets/assets/textures/storm_longgradienta_purple.dds	313d5948353a6ea72108d56acbb3c7e7	5608
mods/heroes.stormmod/base.stormassets/assets/textures/storm_longgradienta_purple.lvl0	3bd6b2f1d62863b934db147eaf750e1c	1512
mods/heroes.stormmod/base.stormassets/assets/textures/storm_loot_flare_bg.dds	d4dedc6c3b643034a25cbe185d378064	699216
mods/heroes.stormmod/base.stormassets/assets/textures/storm_loot_flare_bg.lvl0	c8cb113e59f060a84b0261d4c63a76d9	2896
mods/heroes.stormmod/base.stormassets/assets/textures/storm_loot_flare_bg_dark18.dds	74d3924bda9ee523d8da296655a1f9fa	699216
mods/heroes.stormmod/base.stormassets/assets/textures/storm_loot_flare_bg_dark18.lvl0	bdc3e1ce2eee013b9d9c4c19e551e837	2896
mods/heroes.stormmod/base.stormassets/assets/textures/storm_loot_masteryemote_diff.dds	9479d96f2e268f7c34a7ed0c8bb55113	1398256
mods/heroes.stormmod/base.stormassets/assets/textures/storm_loot_masteryemote_diff.lvl0	fcc1fd84ce18af39e2cb5a2526148451	5616
mods/heroes.stormmod/base.stormassets/assets/textures/storm_loot_masteryemote_emis.dds	b563fd19fc926dfaf7c00bc088dfad0b	174904
mods/heroes.stormmod/base.stormassets/assets/textures/storm_loot_masteryemote_emis.lvl0	cdec96ed73a3ae6a946b1fd27536ee45	2872
mods/heroes.stormmod/base.stormassets/assets/textures/storm_loot_masteryemote_fx1.dds	e88d210ae3be4ab93c8b349a0d278ba3	174904
mods/heroes.stormmod/base.stormassets/assets/textures/storm_loot_masteryemote_fx1.lvl0	8926e947481e02e368525ebcf7557770	2872
mods/heroes.stormmod/base.stormassets/assets/textures/storm_loot_masteryemote_fx2.dds	53c993890d087f82cf22ffdabb6250f7	349672
mods/heroes.stormmod/base.stormassets/assets/textures/storm_loot_masteryemote_fx2.lvl0	476ae75e0c39b6c36fdfe50a2f3610fe	1512
mods/heroes.stormmod/base.stormassets/assets/textures/storm_loot_masteryemote_fx3.dds	c18974666cda24cada53e48cfb4c909e	174904
mods/heroes.stormmod/base.stormassets/assets/textures/storm_loot_masteryemote_fx3.lvl0	ed409c0cd72266b80f22905549cbff4c	2872
mods/heroes.stormmod/base.stormassets/assets/textures/storm_loot_masteryemote_fx_norm.dds	7f588b55da3ac003e6d35135675893ff	500
mods/heroes.stormmod/base.stormassets/assets/textures/storm_loot_masteryemote_norm.dds	aada2063cb60f6fdc94363e9885e9074	1398260
mods/heroes.stormmod/base.stormassets/assets/textures/storm_loot_masteryemote_norm.lvl0	bb60010a84de0e11cec3608817467fbf	5616
mods/heroes.stormmod/base.stormassets/assets/textures/storm_loot_masteryemote_spec.dds	f8184561e86872318ca98f87ed9b2977	174904
mods/heroes.stormmod/base.stormassets/assets/textures/storm_loot_masteryemote_spec.lvl0	84ca9c670dee2a2e4c82bf7f96ce3859	2872
mods/heroes.stormmod/base.stormassets/assets/textures/storm_loot_redflare_bg_dark18.dds	2640cfa74fbec935d6de02b830ff1589	699216
mods/heroes.stormmod/base.stormassets/assets/textures/storm_loot_redflare_bg_dark18.lvl0	a2b6c65289cfe07b19419ce085c2448a	2896
mods/heroes.stormmod/base.stormassets/assets/textures/storm_lootbanner_3year_anniversary_decal.dds	41ce8aed96dc569560323f4475623472	174928
mods/heroes.stormmod/base.stormassets/assets/textures/storm_lootbanner_3year_anniversary_decal.lvl0	930d721a542192b75dc1b972477fd38c	848
mods/heroes.stormmod/base.stormassets/assets/textures/storm_lootbanner_3year_anniversary_diff.dds	de2adf68f6695b3c8e5773cdf0db9f8c	349672
mods/heroes.stormmod/base.stormassets/assets/textures/storm_lootbanner_3year_anniversary_diff.lvl0	6e6cb2ce4c0b20ce7ac3e21ce7f03103	1512
mods/heroes.stormmod/base.stormassets/assets/textures/storm_lootbanner_3year_anniversary_emis.dds	d1794d2f7d0b6d25a9e15667607874c8	87528
mods/heroes.stormmod/base.stormassets/assets/textures/storm_lootbanner_3year_anniversary_emis.lvl0	a4fc28fb2a26236bced9d384b0d7f323	1512
mods/heroes.stormmod/base.stormassets/assets/textures/storm_lootbanner_3year_anniversary_spec.dds	fb0397784886f7e9a8114731784eeb19	174928
mods/heroes.stormmod/base.stormassets/assets/textures/storm_lootbanner_3year_anniversary_spec.lvl0	fdab6f0d4c0c0b5ffda0f32772f9b749	2896
mods/heroes.stormmod/base.stormassets/assets/textures/storm_lootbanner_4year_anniversary_decal.dds	0c84ecadb9f382ed084e3d211d24c6d0	174928
mods/heroes.stormmod/base.stormassets/assets/textures/storm_lootbanner_4year_anniversary_decal.lvl0	7064f8995a0adc3e88822ad1e01de921	848
mods/heroes.stormmod/base.stormassets/assets/textures/storm_lootbanner_4year_anniversary_diff.dds	4b5164bd1a9a7ecea4cc386c49725784	349672
mods/heroes.stormmod/base.stormassets/assets/textures/storm_lootbanner_4year_anniversary_diff.lvl0	e03fd85f88dd36df2825d84eb484112d	1512
mods/heroes.stormmod/base.stormassets/assets/textures/storm_lootbanner_4year_anniversary_emis.dds	867472fce6bbc189b4374286f8bff080	87528
mods/heroes.stormmod/base.stormassets/assets/textures/storm_lootbanner_4year_anniversary_emis.lvl0	919c57763c013b2e121706fda2bfb300	1512
mods/heroes.stormmod/base.stormassets/assets/textures/storm_lootbanner_4year_anniversary_spec.dds	fb0397784886f7e9a8114731784eeb19	174928
mods/heroes.stormmod/base.stormassets/assets/textures/storm_lootbanner_4year_anniversary_spec.lvl0	fdab6f0d4c0c0b5ffda0f32772f9b749	2896
mods/heroes.stormmod/base.stormassets/assets/textures/storm_lootbanner_5year_anniversary_decal.dds	4123964b163cf4f1a3f5c99311213a46	174928
mods/heroes.stormmod/base.stormassets/assets/textures/storm_lootbanner_5year_anniversary_decal.lvl0	a658f02317ab4d467789c0acd05311fa	848
mods/heroes.stormmod/base.stormassets/assets/textures/storm_lootbanner_5year_anniversary_diff.dds	0b4f73e167b1df8a6c44ccea60c28da2	349672
mods/heroes.stormmod/base.stormassets/assets/textures/storm_lootbanner_5year_anniversary_diff.lvl0	d493cce8a086017480ab9d84253026ae	1512
mods/heroes.stormmod/base.stormassets/assets/textures/storm_lootbanner_5year_anniversary_emis.dds	90883eb43440ec2b4870baf7f2417319	349672
mods/heroes.stormmod/base.stormassets/assets/textures/storm_lootbanner_5year_anniversary_emis.lvl0	e61865b07da5c0fd8fb82ad485143937	1512
mods/heroes.stormmod/base.stormassets/assets/textures/storm_lootbanner_5year_anniversary_spec.dds	81786e07e0c93cd3e82ed5dd60c0e9a1	699216
mods/heroes.stormmod/base.stormassets/assets/textures/storm_lootbanner_5year_anniversary_spec.lvl0	4ae95e9ea743589ce1c3783631cce911	2896
mods/heroes.stormmod/base.stormassets/assets/textures/storm_lootbanner_blizzcon2017_decal.dds	3bc42dae1e0403768433c7037337ac64	174928
mods/heroes.stormmod/base.stormassets/assets/textures/storm_lootbanner_blizzcon2017_decal.lvl0	81543e14bb228c84af431f2ed1402a41	2896
mods/heroes.stormmod/base.stormassets/assets/textures/storm_lootbanner_blizzcon2017_diff.dds	d019a6ed7d6dab93e2f26de22df55224	174904
mods/heroes.stormmod/base.stormassets/assets/textures/storm_lootbanner_blizzcon2017_diff.lvl0	53365314dcc94a0917d61400ccadcc9b	2872
mods/heroes.stormmod/base.stormassets/assets/textures/storm_lootbanner_blizzcon2017_emis.dds	ce37acc3e94cfac3b6c298e1fc3c2808	174904
mods/heroes.stormmod/base.stormassets/assets/textures/storm_lootbanner_blizzcon2017_emis.lvl0	fac9307b6623f4492e40bfa1969363ca	2872
mods/heroes.stormmod/base.stormassets/assets/textures/storm_lootbanner_blizzcon2017_norm.dds	414cc25bee2ce371d92eb34b383b8e4d	1398260
mods/heroes.stormmod/base.stormassets/assets/textures/storm_lootbanner_blizzcon2017_norm.lvl0	67e2de0b24321a8debf4fc82f5edb018	5616
mods/heroes.stormmod/base.stormassets/assets/textures/storm_lootbanner_blizzcon2017_spec.dds	4193f95a7ee483fcd3361b7b8a691a76	174904
mods/heroes.stormmod/base.stormassets/assets/textures/storm_lootbanner_blizzcon2017_spec.lvl0	f07d94e7b2cd9f513a321112fc341ad6	2872
mods/heroes.stormmod/base.stormassets/assets/textures/storm_lootbanner_blizzcon2018_diff.dds	31bc1fbf4478b301ef96e93bf642b639	174904
mods/heroes.stormmod/base.stormassets/assets/textures/storm_lootbanner_blizzcon2018_diff.lvl0	071f9ea3db3312d29d25e92f9a14d599	824
mods/heroes.stormmod/base.stormassets/assets/textures/storm_lootbanner_blizzcon2018_emis.dds	1e1f00d10387533643fc84f28e4c2bb0	174904
mods/heroes.stormmod/base.stormassets/assets/textures/storm_lootbanner_blizzcon2018_emis.lvl0	7ccbb2aa9054d842db910cd2ba44deb6	824
mods/heroes.stormmod/base.stormassets/assets/textures/storm_lootbanner_blizzcon2018_norm.dds	e67eadffcc4abf4ca4244088fdfe6ef8	349684
mods/heroes.stormmod/base.stormassets/assets/textures/storm_lootbanner_blizzcon2018_norm.lvl0	34a70268367b2212ea31090576851f10	1520
mods/heroes.stormmod/base.stormassets/assets/textures/storm_lootbanner_blizzcon2018_spec.dds	dafb8620aa470887a923c803bc279521	349680
mods/heroes.stormmod/base.stormassets/assets/textures/storm_lootbanner_blizzcon2018_spec.lvl0	f090cfab4ba9e46ac90dc60a8dc2013d	1520
mods/heroes.stormmod/base.stormassets/assets/textures/storm_lootbanner_community_65_base_diff.dds	10929da9a4e004c2f5f72e39ec474470	174904
mods/heroes.stormmod/base.stormassets/assets/textures/storm_lootbanner_community_65_base_diff.lvl0	b8273cbd96ca09362ba7ecf8f2b60d19	824
mods/heroes.stormmod/base.stormassets/assets/textures/storm_lootbanner_community_65_base_norm.dds	f982b46a842b4b238e8bf13e18a6595a	349684
mods/heroes.stormmod/base.stormassets/assets/textures/storm_lootbanner_community_65_base_norm.lvl0	71d7c4e693ec5634ccbd1d78e2870947	1520
mods/heroes.stormmod/base.stormassets/assets/textures/storm_lootbanner_community_65_base_spec.dds	5597a0eb2fd164f3b58568cb87cad1f4	349680
mods/heroes.stormmod/base.stormassets/assets/textures/storm_lootbanner_community_65_base_spec.lvl0	b7fa98d81bc5deb0d816673a19a3791b	1520
mods/heroes.stormmod/base.stormassets/assets/textures/storm_lootbanner_community_65_rare_decal.dds	f115a63d876a6ce6f6311878eda2c86a	349680
mods/heroes.stormmod/base.stormassets/assets/textures/storm_lootbanner_community_65_rare_decal.lvl0	e892abbcb2e80ef520e1580fe9e794d2	1520
mods/heroes.stormmod/base.stormassets/assets/textures/storm_lootbanner_community_65_rare_diff.dds	1b0413f5914884c931f82d68bda0d85a	174904
mods/heroes.stormmod/base.stormassets/assets/textures/storm_lootbanner_community_65_rare_diff.lvl0	d88844905c1fd85c650cd5c667a143d4	824
mods/heroes.stormmod/base.stormassets/assets/textures/storm_lootbanner_community_65_rare_norm.dds	ef7569bda50961797b46029e5998438b	349684
mods/heroes.stormmod/base.stormassets/assets/textures/storm_lootbanner_community_65_rare_norm.lvl0	505ae5b367443fc3def6506197879de3	1520
mods/heroes.stormmod/base.stormassets/assets/textures/storm_lootbanner_community_65_rare_spec.dds	fa8f3ebce201479749bc6cd47a46af74	349680
mods/heroes.stormmod/base.stormassets/assets/textures/storm_lootbanner_community_65_rare_spec.lvl0	dd167d6978dcef42b4013cde7c5d00ca	1520
mods/heroes.stormmod/base.stormassets/assets/textures/storm_lootbanner_d3_demonhunter_base_decal.dds	5680b1e4dea6e7a28d556e7f3a5e04f8	174928
mods/heroes.stormmod/base.stormassets/assets/textures/storm_lootbanner_d3_demonhunter_base_decal.lvl0	8fdd0fececfb58a3694b188db01d0ae0	2896
mods/heroes.stormmod/base.stormassets/assets/textures/storm_lootbanner_d3_demonhunter_base_diff.dds	82c2886ed4ebe1bd42a160c5b7618961	174904
mods/heroes.stormmod/base.stormassets/assets/textures/storm_lootbanner_d3_demonhunter_base_diff.lvl0	a0e276e1df236c11ffee27aeff05c9ce	2872
mods/heroes.stormmod/base.stormassets/assets/textures/storm_lootbanner_d3_demonhunter_base_norm.dds	2e4d77e8b948be8d9cd0c6ec98341086	349684
mods/heroes.stormmod/base.stormassets/assets/textures/storm_lootbanner_d3_demonhunter_base_norm.lvl0	b740db11d0b053d26b4456796f7fdb66	5616
mods/heroes.stormmod/base.stormassets/assets/textures/storm_lootbanner_d3_demonhunter_base_spec.dds	bd449999922327fb8b1011d887015986	349680
mods/heroes.stormmod/base.stormassets/assets/textures/storm_lootbanner_d3_demonhunter_base_spec.lvl0	4daa663fa8c1aac592a64d95b85e2376	5616
mods/heroes.stormmod/base.stormassets/assets/textures/storm_lootbanner_d3_demonhunter_var1_decal.dds	9d8fa93f83f0af4025b205b6b665d25e	174928
mods/heroes.stormmod/base.stormassets/assets/textures/storm_lootbanner_d3_demonhunter_var1_decal.lvl0	443a16a57baef9f4030153cb84c39046	2896
mods/heroes.stormmod/base.stormassets/assets/textures/storm_lootbanner_d3_demonhunter_var1_diff.dds	267ab592e0872977c26e2f2883064f1b	174904
mods/heroes.stormmod/base.stormassets/assets/textures/storm_lootbanner_d3_demonhunter_var1_diff.lvl0	44efcff850a51c869187f4c3306ca25a	2872
mods/heroes.stormmod/base.stormassets/assets/textures/storm_lootbanner_d3_demonhunter_var1_spec.dds	730586f3d2e0aa673fead210fe81748b	349680
mods/heroes.stormmod/base.stormassets/assets/textures/storm_lootbanner_d3_demonhunter_var1_spec.lvl0	4564ab0fbaf59a2ed7c97a487fe3ace4	5616
mods/heroes.stormmod/base.stormassets/assets/textures/storm_lootbanner_d3_demonhunter_var2_decal.dds	fa27c6a38cebd89d647def939ef0e7d7	174928
mods/heroes.stormmod/base.stormassets/assets/textures/storm_lootbanner_d3_demonhunter_var2_decal.lvl0	a92abbf2996810da9055f8f91d67221d	2896
mods/heroes.stormmod/base.stormassets/assets/textures/storm_lootbanner_d3_demonhunter_var2_diff.dds	697d7bca867611e38c3cf775cffba1b2	174904
mods/heroes.stormmod/base.stormassets/assets/textures/storm_lootbanner_d3_demonhunter_var2_diff.lvl0	38631f8873ff4b67c078646a3811eba2	2872
mods/heroes.stormmod/base.stormassets/assets/textures/storm_lootbanner_d3_demonhunter_var2_spec.dds	0bfec598eb20d012fdcd7dad2561a43a	349680
mods/heroes.stormmod/base.stormassets/assets/textures/storm_lootbanner_d3_demonhunter_var2_spec.lvl0	0413d32358f7392b655ef0a20f898bea	5616
mods/heroes.stormmod/base.stormassets/assets/textures/storm_lootbanner_d3_wizard_base_decal.dds	e07adfb9f349322765f21c1d04b0b4f0	174928
mods/heroes.stormmod/base.stormassets/assets/textures/storm_lootbanner_d3_wizard_base_decal.lvl0	41478acfb6b830adf4abfc631a496c0b	2896
mods/heroes.stormmod/base.stormassets/assets/textures/storm_lootbanner_d3_wizard_base_diff.dds	db32cb6997f3f0ecb6786d65084e3208	174904
mods/heroes.stormmod/base.stormassets/assets/textures/storm_lootbanner_d3_wizard_base_diff.lvl0	8b6be7862f4ebdb8888e38d03d5e181e	2872
mods/heroes.stormmod/base.stormassets/assets/textures/storm_lootbanner_d3_wizard_base_emis.dds	ec86a401832c5fefe741561d0d5fc914	174904
mods/heroes.stormmod/base.stormassets/assets/textures/storm_lootbanner_d3_wizard_base_emis.lvl0	34692dca5ad758eb3fa8a21de0be1138	2872
mods/heroes.stormmod/base.stormassets/assets/textures/storm_lootbanner_d3_wizard_base_norm.dds	d31a5661460acc83b070d6f88966680d	349684
mods/heroes.stormmod/base.stormassets/assets/textures/storm_lootbanner_d3_wizard_base_norm.lvl0	59b6c0943eabb3d2566b24009a253c95	5616
mods/heroes.stormmod/base.stormassets/assets/textures/storm_lootbanner_d3_wizard_base_spec.dds	24d747bcd01bb8748dc91e1d232b5a3e	349680
mods/heroes.stormmod/base.stormassets/assets/textures/storm_lootbanner_d3_wizard_base_spec.lvl0	2b459ccffdafd1b15303f7ae5d797d02	5616
mods/heroes.stormmod/base.stormassets/assets/textures/storm_lootbanner_d3_wizard_var1_decal.dds	32a345b6bc45c427eafd09569f3cba7a	174928
mods/heroes.stormmod/base.stormassets/assets/textures/storm_lootbanner_d3_wizard_var1_decal.lvl0	54ac1e6da5ff813bfe1884c93d631330	2896
mods/heroes.stormmod/base.stormassets/assets/textures/storm_lootbanner_d3_wizard_var1_diff.dds	5fe1406ce0b1f4ad36a9efc8c552dd3c	174904
mods/heroes.stormmod/base.stormassets/assets/textures/storm_lootbanner_d3_wizard_var1_diff.lvl0	2ec9ebecb4bdb85b76c8c5aa16364bfb	824
mods/heroes.stormmod/base.stormassets/assets/textures/storm_lootbanner_d3_wizard_var1_emis.dds	b42c6d1c26fc6879e9d5bd55e1b6aa6c	174904
mods/heroes.stormmod/base.stormassets/assets/textures/storm_lootbanner_d3_wizard_var1_emis.lvl0	0c2ea0cf3ab2c2e8bba2357cf034e167	2872
mods/heroes.stormmod/base.stormassets/assets/textures/storm_lootbanner_d3_wizard_var1_spec.dds	378e36f30fd389212d7be2b8da073345	349680
mods/heroes.stormmod/base.stormassets/assets/textures/storm_lootbanner_d3_wizard_var1_spec.lvl0	e9363115c04405068388673e98e052fd	5616
mods/heroes.stormmod/base.stormassets/assets/textures/storm_lootbanner_d3_wizard_var2_decal.dds	fb89687495ae35345f2c37412a6ec2ea	174928
mods/heroes.stormmod/base.stormassets/assets/textures/storm_lootbanner_d3_wizard_var2_decal.lvl0	9f1c3b0dd03f90b7d5b40d853d784758	2896
mods/heroes.stormmod/base.stormassets/assets/textures/storm_lootbanner_d3_wizard_var2_diff.dds	fe049344138fd40fc9ea422fc53da7f3	174904
mods/heroes.stormmod/base.stormassets/assets/textures/storm_lootbanner_d3_wizard_var2_diff.lvl0	9531a4f8f186e9fc940b753ac90a0167	824
mods/heroes.stormmod/base.stormassets/assets/textures/storm_lootbanner_d3_wizard_var2_emis.dds	09f28024f8fe2e6b8299a7e2355b7ad7	174904
mods/heroes.stormmod/base.stormassets/assets/textures/storm_lootbanner_d3_wizard_var2_emis.lvl0	522fc79f84739563eee05e754ea74a02	2872
mods/heroes.stormmod/base.stormassets/assets/textures/storm_lootbanner_d3_wizard_var2_spec.dds	b877ce581e601a8eb2939dc461b423d1	349680
mods/heroes.stormmod/base.stormassets/assets/textures/storm_lootbanner_d3_wizard_var2_spec.lvl0	dddbe85c45fb26e817ab27137d6ff075	5616
mods/heroes.stormmod/base.stormassets/assets/textures/storm_lootbanner_default_decal.dds	250418b8676a5f91584a4bf5f7831fb0	174928
mods/heroes.stormmod/base.stormassets/assets/textures/storm_lootbanner_default_decal.lvl0	e6377274b6e612c47d11da69ab8b5123	2896
mods/heroes.stormmod/base.stormassets/assets/textures/storm_lootbanner_default_diff.dds	ebce2b017236b14940d385d4bc801c7c	87528
mods/heroes.stormmod/base.stormassets/assets/textures/storm_lootbanner_default_diff.lvl0	014445039a54914282f8c9793d9067a0	1512
mods/heroes.stormmod/base.stormassets/assets/textures/storm_lootbanner_default_emis.dds	9de1e214903a307483a97d7756024e1b	87528
mods/heroes.stormmod/base.stormassets/assets/textures/storm_lootbanner_default_emis.lvl0	ede90811b0e05bb161dc86588ea7ea18	1512
mods/heroes.stormmod/base.stormassets/assets/textures/storm_lootbanner_default_nrm.dds	cf4fe662a3d70386802b7919b8d6befd	174932
mods/heroes.stormmod/base.stormassets/assets/textures/storm_lootbanner_default_nrm.lvl0	b995f60e80e30f7998959eb7925518d4	2896
mods/heroes.stormmod/base.stormassets/assets/textures/storm_lootbanner_default_spec.dds	0fe976428c1792a29e7c10da254f310b	174928
mods/heroes.stormmod/base.stormassets/assets/textures/storm_lootbanner_default_spec.lvl0	4911390e55e3e015e98c1199dd456859	2896
mods/heroes.stormmod/base.stormassets/assets/textures/storm_lootbanner_esports_chess_decal.dds	cda9ddd5f9132e152651a628a532107f	174928
mods/heroes.stormmod/base.stormassets/assets/textures/storm_lootbanner_esports_chess_decal.lvl0	ca28d91ee1806886690512c76071aa32	2896
mods/heroes.stormmod/base.stormassets/assets/textures/storm_lootbanner_esports_chess_diff.dds	e8f2c9086172186fcef02d1950396989	699216
mods/heroes.stormmod/base.stormassets/assets/textures/storm_lootbanner_esports_chess_diff.lvl0	0d07f00566d6ffc83ffde5a68323bd1c	2896
mods/heroes.stormmod/base.stormassets/assets/textures/storm_lootbanner_esports_warchest_18_diff.dds	e5b982048b1ebc9bdb1f37792a96b837	174904
mods/heroes.stormmod/base.stormassets/assets/textures/storm_lootbanner_esports_warchest_18_diff.lvl0	ffa60a2880bc035995231b0b796095c0	824
mods/heroes.stormmod/base.stormassets/assets/textures/storm_lootbanner_esports_warchest_18_norm.dds	baaa3ea1947e62c326e0fb19d45f26e2	174904
mods/heroes.stormmod/base.stormassets/assets/textures/storm_lootbanner_esports_warchest_18_norm.lvl0	e9f8ea6d1239495a33bb64a852fcf51a	824
mods/heroes.stormmod/base.stormassets/assets/textures/storm_lootbanner_esports_warchest_18_spec.dds	c72402b339f469b6b9f827897bf2a647	349680
mods/heroes.stormmod/base.stormassets/assets/textures/storm_lootbanner_esports_warchest_18_spec.lvl0	3ee586f9e40c3be4db9150bbdcbf4dc2	1520
mods/heroes.stormmod/base.stormassets/assets/textures/storm_lootbanner_esports_warchest_ateam_18_decal.dds	ad0a91a6876edb36f979e2b3e34dc70e	349680
mods/heroes.stormmod/base.stormassets/assets/textures/storm_lootbanner_esports_warchest_ateam_18_decal.lvl0	ebfca5faa21a23a26a7852d73e924479	1520
mods/heroes.stormmod/base.stormassets/assets/textures/storm_lootbanner_esports_warchest_ballistix_18_decal.dds	ab49f58bfac2d612527ac536beecffbd	349680
mods/heroes.stormmod/base.stormassets/assets/textures/storm_lootbanner_esports_warchest_ballistix_18_decal.lvl0	9b3b8d5007cf90024c2f2e9599e454a5	1520
mods/heroes.stormmod/base.stormassets/assets/textures/storm_lootbanner_esports_warchest_begenius_decal.dds	886653edbc65b0d6fce59a3b81f9076a	349680
mods/heroes.stormmod/base.stormassets/assets/textures/storm_lootbanner_esports_warchest_begenius_decal.lvl0	524503409c2785f70af9cfdeb1234885	5616
mods/heroes.stormmod/base.stormassets/assets/textures/storm_lootbanner_esports_warchest_black_18_diff.dds	9323c642f8372a64cbc8ed07571825d1	174904
mods/heroes.stormmod/base.stormassets/assets/textures/storm_lootbanner_esports_warchest_black_18_diff.lvl0	6cfb9a3792de3ec2289bc7bf374d32f2	824
mods/heroes.stormmod/base.stormassets/assets/textures/storm_lootbanner_esports_warchest_black_diff.dds	81066589ea24b5b3a666c295747b39ea	699192
mods/heroes.stormmod/base.stormassets/assets/textures/storm_lootbanner_esports_warchest_black_diff.lvl0	e6d5d6349b91d0e5631f129de541b06b	2872
mods/heroes.stormmod/base.stormassets/assets/textures/storm_lootbanner_esports_warchest_blossom_18_decal.dds	622488df4c3860e2e392492c39bb73c2	349680
mods/heroes.stormmod/base.stormassets/assets/textures/storm_lootbanner_esports_warchest_blossom_18_decal.lvl0	777b729d8f4607b9787e322d9841a565	1520
mods/heroes.stormmod/base.stormassets/assets/textures/storm_lootbanner_esports_warchest_blossom_decal.dds	4a3b3366fd694c3091dddda4cad7c962	349680
mods/heroes.stormmod/base.stormassets/assets/textures/storm_lootbanner_esports_warchest_blossom_decal.lvl0	5fcf753191a34a8fa4e0fd8430b98d4e	5616
mods/heroes.stormmod/base.stormassets/assets/textures/storm_lootbanner_esports_warchest_blue_18_diff.dds	82e48753c0cc3b5cb2146a999fca9ecf	174904
mods/heroes.stormmod/base.stormassets/assets/textures/storm_lootbanner_esports_warchest_blue_18_diff.lvl0	5ed46e9f9306c3f37529d5c9793ec7a7	824
mods/heroes.stormmod/base.stormassets/assets/textures/storm_lootbanner_esports_warchest_blue_diff.dds	0becedd8bf5a36499f8079da40abc308	699192
mods/heroes.stormmod/base.stormassets/assets/textures/storm_lootbanner_esports_warchest_blue_diff.lvl0	cc83f048603615b347e7fcc33297b3a6	2872
mods/heroes.stormmod/base.stormassets/assets/textures/storm_lootbanner_esports_warchest_bstep_decal.dds	f41135a40f4a923c9bc5ba5c9124400e	349680
mods/heroes.stormmod/base.stormassets/assets/textures/storm_lootbanner_esports_warchest_bstep_decal.lvl0	7b471e4299e0453908d74ffc51e1f772	5616
mods/heroes.stormmod/base.stormassets/assets/textures/storm_lootbanner_esports_warchest_btg_18_decal.dds	1b6bf9cfbd50e7b98a8253655e837e00	349680
mods/heroes.stormmod/base.stormassets/assets/textures/storm_lootbanner_esports_warchest_btg_18_decal.lvl0	882397663bf61605b80b0880e086a259	1520
mods/heroes.stormmod/base.stormassets/assets/textures/storm_lootbanner_esports_warchest_btg_decal.dds	a9e6e686d994a1393d04d0b534cbd5b6	349680
mods/heroes.stormmod/base.stormassets/assets/textures/storm_lootbanner_esports_warchest_btg_decal.lvl0	d4054a89054756a811494a94ddb98fc3	5616
mods/heroes.stormmod/base.stormassets/assets/textures/storm_lootbanner_esports_warchest_ce_18_decal.dds	5793ea33394943736e21647be159409e	349680
mods/heroes.stormmod/base.stormassets/assets/textures/storm_lootbanner_esports_warchest_ce_18_decal.lvl0	c84b43a34c85afc7f050cb46b07b482c	1520
mods/heroes.stormmod/base.stormassets/assets/textures/storm_lootbanner_esports_warchest_ce_decal.dds	c6e531dd47226c1f1f332768f7792f66	349680
mods/heroes.stormmod/base.stormassets/assets/textures/storm_lootbanner_esports_warchest_ce_decal.lvl0	ba9bd47ebb7ab19a749d6335ab2db50a	5616
mods/heroes.stormmod/base.stormassets/assets/textures/storm_lootbanner_esports_warchest_darkred_18_diff.dds	7c4738e2acf17bb543de8d88d0105f0a	349680
mods/heroes.stormmod/base.stormassets/assets/textures/storm_lootbanner_esports_warchest_darkred_18_diff.lvl0	138e86118ab3f284fc099bdf16c9bac5	1520
mods/heroes.stormmod/base.stormassets/assets/textures/storm_lootbanner_esports_warchest_decal.dds	56c7edabd906ff7dc14ca12ccab6beec	349680
mods/heroes.stormmod/base.stormassets/assets/textures/storm_lootbanner_esports_warchest_decal.lvl0	f545380a4d8bb9b7474f9343387c5fe1	5616
mods/heroes.stormmod/base.stormassets/assets/textures/storm_lootbanner_esports_warchest_diamondskin_18_decal.dds	0371aeb16783455d5cf4e7b0efe56d0c	349680
mods/heroes.stormmod/base.stormassets/assets/textures/storm_lootbanner_esports_warchest_diamondskin_18_decal.lvl0	b6252f432f97a6986f6369d02233e15a	1520
mods/heroes.stormmod/base.stormassets/assets/textures/storm_lootbanner_esports_warchest_diff.dds	d9cdfe9b4dad4a3b358839f3366e9993	174904
mods/heroes.stormmod/base.stormassets/assets/textures/storm_lootbanner_esports_warchest_diff.lvl0	c4d3551fd11c8fbe9082965404831069	2872
mods/heroes.stormmod/base.stormassets/assets/textures/storm_lootbanner_esports_warchest_dignitas_18_decal.dds	3072377a3b518aa04ab58a213f9fc70d	349680
mods/heroes.stormmod/base.stormassets/assets/textures/storm_lootbanner_esports_warchest_dignitas_18_decal.lvl0	a5a7f0facc2bff68945703c5fd7f6b80	1520
mods/heroes.stormmod/base.stormassets/assets/textures/storm_lootbanner_esports_warchest_dignitas_decal.dds	bb66bd7ae01af7a11495b7890c149875	349680
mods/heroes.stormmod/base.stormassets/assets/textures/storm_lootbanner_esports_warchest_dignitas_decal.lvl0	bac99c99279ea3eec6bc72d625b9ea09	5616
mods/heroes.stormmod/base.stormassets/assets/textures/storm_lootbanner_esports_warchest_endemic_18_decal.dds	ddf899b38ce33792e62deecdb212c0df	349680
mods/heroes.stormmod/base.stormassets/assets/textures/storm_lootbanner_esports_warchest_endemic_18_decal.lvl0	b1e9d71c1277a6c4b8814318f22498a2	1520
mods/heroes.stormmod/base.stormassets/assets/textures/storm_lootbanner_esports_warchest_estar_decal.dds	38804b625fb6ab1cdad8fb0939e57eb3	349680
mods/heroes.stormmod/base.stormassets/assets/textures/storm_lootbanner_esports_warchest_estar_decal.lvl0	4d2189305504191bd9d45129f968b973	5616
mods/heroes.stormmod/base.stormassets/assets/textures/storm_lootbanner_esports_warchest_evenindeath_decal.dds	9dc2958ebd410ae7257ddc653413fa20	349680
mods/heroes.stormmod/base.stormassets/assets/textures/storm_lootbanner_esports_warchest_evenindeath_decal.lvl0	d2c88151159b057842fcf4338b7649f9	5616
mods/heroes.stormmod/base.stormassets/assets/textures/storm_lootbanner_esports_warchest_feliz_18_decal.dds	5f769e92350c3d4c358c7bc986911371	349680
mods/heroes.stormmod/base.stormassets/assets/textures/storm_lootbanner_esports_warchest_feliz_18_decal.lvl0	38ff4182a920437a612a5c88652d8d5e	1520
mods/heroes.stormmod/base.stormassets/assets/textures/storm_lootbanner_esports_warchest_fnatic_18_decal.dds	730bb1346ba8884cb8fe30c4b7c52c20	349680
mods/heroes.stormmod/base.stormassets/assets/textures/storm_lootbanner_esports_warchest_fnatic_18_decal.lvl0	c5f16b110c23badfbcff8691fc22d5b0	1520
mods/heroes.stormmod/base.stormassets/assets/textures/storm_lootbanner_esports_warchest_fnatic_decal.dds	83278cb5c887e7c7f606323e65dd4448	349680
mods/heroes.stormmod/base.stormassets/assets/textures/storm_lootbanner_esports_warchest_fnatic_decal.lvl0	d433dd713df3878011020d4424766817	5616
mods/heroes.stormmod/base.stormassets/assets/textures/storm_lootbanner_esports_warchest_galeforce_18_decal.dds	ed85ad931b5cadd702bb92a5ade267a4	349680
mods/heroes.stormmod/base.stormassets/assets/textures/storm_lootbanner_esports_warchest_galeforce_18_decal.lvl0	3b9863fe3e5b23c71873a66e2b050760	1520
mods/heroes.stormmod/base.stormassets/assets/textures/storm_lootbanner_esports_warchest_galeforce_decal.dds	75c7cb2c06ecd0cd6047a8e32ff58295	349680
mods/heroes.stormmod/base.stormassets/assets/textures/storm_lootbanner_esports_warchest_galeforce_decal.lvl0	32321cef68f56e0345ff16d9c04c2289	5616
mods/heroes.stormmod/base.stormassets/assets/textures/storm_lootbanner_esports_warchest_geng_18_decal.dds	666e2a688db782763277514bed5c78fe	349680
mods/heroes.stormmod/base.stormassets/assets/textures/storm_lootbanner_esports_warchest_geng_18_decal.lvl0	f02834ba8b381a737ba58c674cb5fffd	1520
mods/heroes.stormmod/base.stormassets/assets/textures/storm_lootbanner_esports_warchest_goodguys_decal.dds	61083f5905bc5678f759122d21de4ba2	349680
mods/heroes.stormmod/base.stormassets/assets/textures/storm_lootbanner_esports_warchest_goodguys_decal.lvl0	2b775e79a7db192fa46b39667d252294	5616
mods/heroes.stormmod/base.stormassets/assets/textures/storm_lootbanner_esports_warchest_goodluck_18_decal.dds	7e4fecfd31b43e057dd3c009898f4a02	349680
mods/heroes.stormmod/base.stormassets/assets/textures/storm_lootbanner_esports_warchest_goodluck_18_decal.lvl0	e3ad1742c5c684fbb303e492a4b3faec	1520
mods/heroes.stormmod/base.stormassets/assets/textures/storm_lootbanner_esports_warchest_granitgaming_18_decal.dds	1f61cc616e48d1be2458b2100c3fe95d	349680
mods/heroes.stormmod/base.stormassets/assets/textures/storm_lootbanner_esports_warchest_granitgaming_18_decal.lvl0	0e446961d7b7962508a5d06536e9f539	1520
mods/heroes.stormmod/base.stormassets/assets/textures/storm_lootbanner_esports_warchest_green_18_diff.dds	aa63a1edb80b9edc7b2f0983347849fb	174904
mods/heroes.stormmod/base.stormassets/assets/textures/storm_lootbanner_esports_warchest_green_18_diff.lvl0	13523b03bbb58650f85e619a10929f0e	824
mods/heroes.stormmod/base.stormassets/assets/textures/storm_lootbanner_esports_warchest_green_diff.dds	72eb62f96def92feba78fcdeb2b1c50a	699192
mods/heroes.stormmod/base.stormassets/assets/textures/storm_lootbanner_esports_warchest_green_diff.lvl0	537a8a69275cdf29f0e5605a0c5cc495	2872
mods/heroes.stormmod/base.stormassets/assets/textures/storm_lootbanner_esports_warchest_heroeshearth_18_decal.dds	7c6ba2f6a8177fda29014b94845a5cab	349680
mods/heroes.stormmod/base.stormassets/assets/textures/storm_lootbanner_esports_warchest_heroeshearth_18_decal.lvl0	bbfa72674dca65c25f50dd3b43f8c306	1520
mods/heroes.stormmod/base.stormassets/assets/textures/storm_lootbanner_esports_warchest_hgc_18_decal.dds	b3d79e5201c249af26a0922c9a42075f	349680
mods/heroes.stormmod/base.stormassets/assets/textures/storm_lootbanner_esports_warchest_hgc_18_decal.lvl0	8e6d9231c95b546e6465394577c0c90f	1520
mods/heroes.stormmod/base.stormassets/assets/textures/storm_lootbanner_esports_warchest_hgc_18_diff.dds	e5b982048b1ebc9bdb1f37792a96b837	174904
mods/heroes.stormmod/base.stormassets/assets/textures/storm_lootbanner_esports_warchest_hgc_18_diff.lvl0	ffa60a2880bc035995231b0b796095c0	824
mods/heroes.stormmod/base.stormassets/assets/textures/storm_lootbanner_esports_warchest_hgc_blue_18_decal.dds	cdf2f49c19d225ef2199df8f4b68a695	349680
mods/heroes.stormmod/base.stormassets/assets/textures/storm_lootbanner_esports_warchest_hgc_blue_18_decal.lvl0	c2273fcac7ee03846930a965f23aa8a3	1520
mods/heroes.stormmod/base.stormassets/assets/textures/storm_lootbanner_esports_warchest_hgc_blue_18_diff.dds	18424a022c197a1bbff143a02f6c1a32	174904
mods/heroes.stormmod/base.stormassets/assets/textures/storm_lootbanner_esports_warchest_hgc_blue_18_diff.lvl0	15aa856e3a0f63362cf062e3c12fe127	824
mods/heroes.stormmod/base.stormassets/assets/textures/storm_lootbanner_esports_warchest_hgc_blue_decal.dds	2b6cbfe18b71d6deb21cd54b822315d1	349680
mods/heroes.stormmod/base.stormassets/assets/textures/storm_lootbanner_esports_warchest_hgc_blue_decal.lvl0	dc445f0ba460124dcdb991813c073cec	5616
mods/heroes.stormmod/base.stormassets/assets/textures/storm_lootbanner_esports_warchest_hgc_blue_diff.dds	330cc9c5e996d6b0c27b46e6cbb2fee3	174904
mods/heroes.stormmod/base.stormassets/assets/textures/storm_lootbanner_esports_warchest_hgc_blue_diff.lvl0	6b998048b28f63c8877692238feb5947	2872
mods/heroes.stormmod/base.stormassets/assets/textures/storm_lootbanner_esports_warchest_hgc_decal.dds	48bcf311315c9916dc1eb9c2101ce276	349680
mods/heroes.stormmod/base.stormassets/assets/textures/storm_lootbanner_esports_warchest_hgc_decal.lvl0	cfc9ac4e5b5fe0b53bede3fd0e3fd3f6	5616
mods/heroes.stormmod/base.stormassets/assets/textures/storm_lootbanner_esports_warchest_hgc_octa_18_decal.dds	369cc0cfde6748d7871f1d8b9cbf6fa8	349680
mods/heroes.stormmod/base.stormassets/assets/textures/storm_lootbanner_esports_warchest_hgc_octa_18_decal.lvl0	178b79b53d84dce277bfac6936850440	1520
mods/heroes.stormmod/base.stormassets/assets/textures/storm_lootbanner_esports_warchest_hgc_orange_18_decal.dds	7a7e11cafb4140d73d7897f9aba85e53	349680
mods/heroes.stormmod/base.stormassets/assets/textures/storm_lootbanner_esports_warchest_hgc_orange_18_decal.lvl0	1320a0001bb3846a9c333be28f372477	1520
mods/heroes.stormmod/base.stormassets/assets/textures/storm_lootbanner_esports_warchest_hgc_orange_18_diff.dds	b78a7d37e14aa7c8414cbe2bb318a794	174904
mods/heroes.stormmod/base.stormassets/assets/textures/storm_lootbanner_esports_warchest_hgc_orange_18_diff.lvl0	cc5a430e5731f5bba8cc2887db07df5d	824
mods/heroes.stormmod/base.stormassets/assets/textures/storm_lootbanner_esports_warchest_hgc_orange_decal.dds	3cd1277daef3b0be764f38b6a2db8574	349680
mods/heroes.stormmod/base.stormassets/assets/textures/storm_lootbanner_esports_warchest_hgc_orange_decal.lvl0	b46d320364f2ac98a4ce4f0077585b43	5616
mods/heroes.stormmod/base.stormassets/assets/textures/storm_lootbanner_esports_warchest_hgc_orange_diff.dds	96aba563b5482dd5832357acdf9a8345	174904
mods/heroes.stormmod/base.stormassets/assets/textures/storm_lootbanner_esports_warchest_hgc_orange_diff.lvl0	46b1bfab373cfaf12258208dd0610f74	2872
mods/heroes.stormmod/base.stormassets/assets/textures/storm_lootbanner_esports_warchest_hgc_purple_18_decal.dds	461e240cd71ceba53cba94bc7a9e1c35	349680
mods/heroes.stormmod/base.stormassets/assets/textures/storm_lootbanner_esports_warchest_hgc_purple_18_decal.lvl0	ce4d9e04e82175418fb026e40288580f	1520
mods/heroes.stormmod/base.stormassets/assets/textures/storm_lootbanner_esports_warchest_hgc_purple_18_diff.dds	66af975afd5395c698508436b011ff71	174904
mods/heroes.stormmod/base.stormassets/assets/textures/storm_lootbanner_esports_warchest_hgc_purple_18_diff.lvl0	dabe17e9c1744945f63180cddbc1b901	824
mods/heroes.stormmod/base.stormassets/assets/textures/storm_lootbanner_esports_warchest_hgc_purple_decal.dds	c0d9e432b869009536350bae208ef550	349680
mods/heroes.stormmod/base.stormassets/assets/textures/storm_lootbanner_esports_warchest_hgc_purple_decal.lvl0	348b6e8b8139284d5484777db849c10d	5616
mods/heroes.stormmod/base.stormassets/assets/textures/storm_lootbanner_esports_warchest_hgc_purple_diff.dds	2f0effd2f3a3877dabccad27a65c887a	174904
mods/heroes.stormmod/base.stormassets/assets/textures/storm_lootbanner_esports_warchest_hgc_purple_diff.lvl0	f8b896a772f8e28510a4bf60fdfa8970	2872
mods/heroes.stormmod/base.stormassets/assets/textures/storm_lootbanner_esports_warchest_hgc_supernova_18_decal.dds	3309c2602e2ef1083f858a582a5e9a40	349680
mods/heroes.stormmod/base.stormassets/assets/textures/storm_lootbanner_esports_warchest_hgc_supernova_18_decal.lvl0	33595c0b26a265a2e6693b2c45403522	1520
mods/heroes.stormmod/base.stormassets/assets/textures/storm_lootbanner_esports_warchest_hotslady_decal.dds	83736570a0f7c81261384fd88a0b7f93	349680
mods/heroes.stormmod/base.stormassets/assets/textures/storm_lootbanner_esports_warchest_hotslady_decal.lvl0	21da66b913b9d368a50c2b4a0f59e923	5616
mods/heroes.stormmod/base.stormassets/assets/textures/storm_lootbanner_esports_warchest_ksv_18_decal.dds	16f43238104cc8d448101bef34f5dcdb	349680
mods/heroes.stormmod/base.stormassets/assets/textures/storm_lootbanner_esports_warchest_ksv_18_decal.lvl0	b4b0d3c9b451fb2f2844a30fb9a7929b	1520
mods/heroes.stormmod/base.stormassets/assets/textures/storm_lootbanner_esports_warchest_kt_18_decal.dds	2c295ec33b113b2bbcf9f1d3ab225f1f	349680
mods/heroes.stormmod/base.stormassets/assets/textures/storm_lootbanner_esports_warchest_kt_18_decal.lvl0	67a7ee5cebcd8941a15b698a8a0d8baa	1520
mods/heroes.stormmod/base.stormassets/assets/textures/storm_lootbanner_esports_warchest_kt_decal.dds	37d313ed932626563bf2c6406f2d7e0b	349680
mods/heroes.stormmod/base.stormassets/assets/textures/storm_lootbanner_esports_warchest_kt_decal.lvl0	24626c1eb1932cf53f2372bff28e887f	5616
mods/heroes.stormmod/base.stormassets/assets/textures/storm_lootbanner_esports_warchest_ktv1_decal.dds	a9c78a36dbc18efa14697d2f4852e024	349680
mods/heroes.stormmod/base.stormassets/assets/textures/storm_lootbanner_esports_warchest_ktv1_decal.lvl0	06e8487ce9d24c911f08be3c430ee372	1520
mods/heroes.stormmod/base.stormassets/assets/textures/storm_lootbanner_esports_warchest_l5_decal.dds	61e17e4d4114ec3efc72b4c8e999a0fd	349680
mods/heroes.stormmod/base.stormassets/assets/textures/storm_lootbanner_esports_warchest_l5_decal.lvl0	ebffcb7aaad4a95c62863c7102d79b69	5616
mods/heroes.stormmod/base.stormassets/assets/textures/storm_lootbanner_esports_warchest_lagforce_decal.dds	6c56d7b6cb7342e2f0c8d8281cc9f97e	349680
mods/heroes.stormmod/base.stormassets/assets/textures/storm_lootbanner_esports_warchest_lagforce_decal.lvl0	047e64ddb20a33b8f254e0e8d95448ab	5616
mods/heroes.stormmod/base.stormassets/assets/textures/storm_lootbanner_esports_warchest_leftovers_18_decal.dds	631bb75d5eaa66a8b74ff00171cf3b4e	349680
mods/heroes.stormmod/base.stormassets/assets/textures/storm_lootbanner_esports_warchest_leftovers_18_decal.lvl0	2eabc21bc8304f23d88ca39b4e3b169c	1520
mods/heroes.stormmod/base.stormassets/assets/textures/storm_lootbanner_esports_warchest_lfm_18_decal.dds	c2ab6ce7a6394c41fec57c57f16a709f	349680
mods/heroes.stormmod/base.stormassets/assets/textures/storm_lootbanner_esports_warchest_lfm_18_decal.lvl0	4f41e2d29c21025a4b448957885c3d3e	1520
mods/heroes.stormmod/base.stormassets/assets/textures/storm_lootbanner_esports_warchest_lightblue_18_diff.dds	6bce36b94961f7144b0ad2b9d98fee82	174904
mods/heroes.stormmod/base.stormassets/assets/textures/storm_lootbanner_esports_warchest_lightblue_18_diff.lvl0	ebef2f2b4671e9f303d7721c8f2d0a32	824
mods/heroes.stormmod/base.stormassets/assets/textures/storm_lootbanner_esports_warchest_lightblue_diff.dds	904a5a2257c87cd4f43420f3ac31bf3f	699192
mods/heroes.stormmod/base.stormassets/assets/textures/storm_lootbanner_esports_warchest_lightblue_diff.lvl0	cb2abd01caf81a5175db81e4d899fb34	2872
mods/heroes.stormmod/base.stormassets/assets/textures/storm_lootbanner_esports_warchest_menagerie_18_decal.dds	4290419f5d7a0ac3089c69a13f3f63ac	349680
mods/heroes.stormmod/base.stormassets/assets/textures/storm_lootbanner_esports_warchest_menagerie_18_decal.lvl0	6d097b39973cd06fa52ff3be7d0d46f9	1520
mods/heroes.stormmod/base.stormassets/assets/textures/storm_lootbanner_esports_warchest_method_18_decal.dds	75231ff4909bb63de3b23dfde2593ab0	349680
mods/heroes.stormmod/base.stormassets/assets/textures/storm_lootbanner_esports_warchest_method_18_decal.lvl0	7ae81543f0b286cca4dd4409c211f5e3	1520
mods/heroes.stormmod/base.stormassets/assets/textures/storm_lootbanner_esports_warchest_mighty_decal.dds	ffa111f4a0166ec7b6f48d69ddc9c698	349680
mods/heroes.stormmod/base.stormassets/assets/textures/storm_lootbanner_esports_warchest_mighty_decal.lvl0	acc5f3528803d863f9712ad83bd6c8e9	5616
mods/heroes.stormmod/base.stormassets/assets/textures/storm_lootbanner_esports_warchest_miracle_18_decal.dds	3d00f028be38650ec1a27bf7db63dd34	349680
mods/heroes.stormmod/base.stormassets/assets/textures/storm_lootbanner_esports_warchest_miracle_18_decal.lvl0	32cbe7c8e2d94ef8e4c9c46f96ee8738	1520
mods/heroes.stormmod/base.stormassets/assets/textures/storm_lootbanner_esports_warchest_mustard_18_diff.dds	dc038775937238421ed8e8c3a1e5ea3d	174904
mods/heroes.stormmod/base.stormassets/assets/textures/storm_lootbanner_esports_warchest_mustard_18_diff.lvl0	cf215878841eacd9dcb62adc097341e3	824
mods/heroes.stormmod/base.stormassets/assets/textures/storm_lootbanner_esports_warchest_mustard_diff.dds	fb375cd640a2f651f02e03faeb390cf1	699192
mods/heroes.stormmod/base.stormassets/assets/textures/storm_lootbanner_esports_warchest_mustard_diff.lvl0	b7b9dae6d62058e770d35e341a6505da	2872
mods/heroes.stormmod/base.stormassets/assets/textures/storm_lootbanner_esports_warchest_mvpblack_decal.dds	729b0e2fa7472b46cb6d605b4c9c704f	349680
mods/heroes.stormmod/base.stormassets/assets/textures/storm_lootbanner_esports_warchest_mvpblack_decal.lvl0	ef089c9824ab6d3e5eed471a597f7e1f	5616
mods/heroes.stormmod/base.stormassets/assets/textures/storm_lootbanner_esports_warchest_mvpmiracle_decal.dds	4d9ca5ee67ac040c401faf0db7854498	349680
mods/heroes.stormmod/base.stormassets/assets/textures/storm_lootbanner_esports_warchest_mvpmiracle_decal.lvl0	4b3f577daaced53d8abe2893d9464bb7	5616
mods/heroes.stormmod/base.stormassets/assets/textures/storm_lootbanner_esports_warchest_naventic_decal.dds	e5a2c491614c6d8eb69c5d5256e065f3	349680
mods/heroes.stormmod/base.stormassets/assets/textures/storm_lootbanner_esports_warchest_naventic_decal.lvl0	7737555ff7da99200c75d225361859c0	5616
mods/heroes.stormmod/base.stormassets/assets/textures/storm_lootbanner_esports_warchest_norm.dds	eb57e8df61638d1d32064a5d6df2bc10	349684
mods/heroes.stormmod/base.stormassets/assets/textures/storm_lootbanner_esports_warchest_norm.lvl0	0668351464f9b490b03de00a009e9c35	5616
mods/heroes.stormmod/base.stormassets/assets/textures/storm_lootbanner_esports_warchest_notomorrow_18_decal.dds	9c79f519a547692e08b635a66ac0e22f	349680
mods/heroes.stormmod/base.stormassets/assets/textures/storm_lootbanner_esports_warchest_notomorrow_18_decal.lvl0	f56a261b74277dd6a56bdccfde2e0471	1520
mods/heroes.stormmod/base.stormassets/assets/textures/storm_lootbanner_esports_warchest_notomorrow_decal.dds	fbd4ffa84fc697495227e9c1c940edaa	349680
mods/heroes.stormmod/base.stormassets/assets/textures/storm_lootbanner_esports_warchest_notomorrow_decal.lvl0	f799e74571b6869f838aefe04fa83ddc	5616
mods/heroes.stormmod/base.stormassets/assets/textures/storm_lootbanner_esports_warchest_playingducks_decal.dds	59431666cc08303ab99b39ecbae6ba92	349680
mods/heroes.stormmod/base.stormassets/assets/textures/storm_lootbanner_esports_warchest_playingducks_decal.lvl0	3638ea943fe6d545f39dfb58ac9426ad	5616
mods/heroes.stormmod/base.stormassets/assets/textures/storm_lootbanner_esports_warchest_purple_18_diff.dds	ca40b91c97b0215381856fcdca728957	174904
mods/heroes.stormmod/base.stormassets/assets/textures/storm_lootbanner_esports_warchest_purple_18_diff.lvl0	d2cb53b842424382576c73c75ccad9ba	824
mods/heroes.stormmod/base.stormassets/assets/textures/storm_lootbanner_esports_warchest_purple_diff.dds	bbca230a3134b1e041d4231174c67905	699192
mods/heroes.stormmod/base.stormassets/assets/textures/storm_lootbanner_esports_warchest_purple_diff.lvl0	fb35f57e798fd64fe08b499bff69374e	2872
mods/heroes.stormmod/base.stormassets/assets/textures/storm_lootbanner_esports_warchest_raven_decal.dds	752a6119f8046ee84207e6c9109e1f2b	349680
mods/heroes.stormmod/base.stormassets/assets/textures/storm_lootbanner_esports_warchest_raven_decal.lvl0	4f9fe3e668f60dd6b953735c933eb5b1	5616
mods/heroes.stormmod/base.stormassets/assets/textures/storm_lootbanner_esports_warchest_red_18_diff.dds	6cb9aa29cc3ab3ebd5d13a4b38acde83	174904
mods/heroes.stormmod/base.stormassets/assets/textures/storm_lootbanner_esports_warchest_red_18_diff.lvl0	9973e947e1b2e6f63504d19582b2ca64	824
mods/heroes.stormmod/base.stormassets/assets/textures/storm_lootbanner_esports_warchest_red_diff.dds	49ae31f8c6bd2f86c45f7a176d9e92d8	699192
mods/heroes.stormmod/base.stormassets/assets/textures/storm_lootbanner_esports_warchest_red_diff.lvl0	56845c15fc0c7bfaa410fc64f95db8a4	2872
mods/heroes.stormmod/base.stormassets/assets/textures/storm_lootbanner_esports_warchest_roll20esports_18_decal.dds	fe30a95b0395750322f0ffc698988eca	349680
mods/heroes.stormmod/base.stormassets/assets/textures/storm_lootbanner_esports_warchest_roll20esports_18_decal.lvl0	3d7db45447d00e1480b83eaa775e84b8	1520
mods/heroes.stormmod/base.stormassets/assets/textures/storm_lootbanner_esports_warchest_roll20esports_decal.dds	830f16b8d81a87752fea88d26e11663d	349680
mods/heroes.stormmod/base.stormassets/assets/textures/storm_lootbanner_esports_warchest_roll20esports_decal.lvl0	9e31d933625b69487bec7ef8b1bdab8b	5616
mods/heroes.stormmod/base.stormassets/assets/textures/storm_lootbanner_esports_warchest_rpg_18_decal.dds	04e11ccf90621bd9af25da0f95945a53	349680
mods/heroes.stormmod/base.stormassets/assets/textures/storm_lootbanner_esports_warchest_rpg_18_decal.lvl0	f82120cadd0a5309f14eb2ec83d16e51	1520
mods/heroes.stormmod/base.stormassets/assets/textures/storm_lootbanner_esports_warchest_rpg_decal.dds	897f8d5848ea371fda534e85b228f2b5	349680
mods/heroes.stormmod/base.stormassets/assets/textures/storm_lootbanner_esports_warchest_rpg_decal.lvl0	e03050fa00852687a8855c1c249c242b	5616
mods/heroes.stormmod/base.stormassets/assets/textures/storm_lootbanner_esports_warchest_rrr_decal.dds	2c78e014eb396d395cb8beee5e9fab90	349680
mods/heroes.stormmod/base.stormassets/assets/textures/storm_lootbanner_esports_warchest_rrr_decal.lvl0	13048065c963d9cbe07862bdd18d9e2a	5616
mods/heroes.stormmod/base.stormassets/assets/textures/storm_lootbanner_esports_warchest_rrrv1_decal.dds	d32d204222be84a8bb74459a1914c3c1	349680
mods/heroes.stormmod/base.stormassets/assets/textures/storm_lootbanner_esports_warchest_rrrv1_decal.lvl0	54a27825116c883be4e4bccfb7c3b581	5616
mods/heroes.stormmod/base.stormassets/assets/textures/storm_lootbanner_esports_warchest_simplicity_18_decal.dds	862005701835cc577b8b1ce6e6fbc99c	349680
mods/heroes.stormmod/base.stormassets/assets/textures/storm_lootbanner_esports_warchest_simplicity_18_decal.lvl0	2828bd8633319671945adc8dd6b32225	1520
mods/heroes.stormmod/base.stormassets/assets/textures/storm_lootbanner_esports_warchest_soa_18_decal.dds	28b150888663b3ee7ca19d2ad5526c48	349680
mods/heroes.stormmod/base.stormassets/assets/textures/storm_lootbanner_esports_warchest_soa_18_decal.lvl0	cc6022a7b32463720934a1d646a011fe	1520
mods/heroes.stormmod/base.stormassets/assets/textures/storm_lootbanner_esports_warchest_soa_decal.dds	b7a45bd91c258aa411e37991931527e3	349680
mods/heroes.stormmod/base.stormassets/assets/textures/storm_lootbanner_esports_warchest_soa_decal.lvl0	8f6fabe51f1d043669b30662f0171216	5616
mods/heroes.stormmod/base.stormassets/assets/textures/storm_lootbanner_esports_warchest_spacestationgaming_decal.dds	94c6049156ed5d3bf79347ae9197f29e	349680
mods/heroes.stormmod/base.stormassets/assets/textures/storm_lootbanner_esports_warchest_spacestationgaming_decal.lvl0	e59f4caae18f9eb7b83423ac7d1a7e0d	5616
mods/heroes.stormmod/base.stormassets/assets/textures/storm_lootbanner_esports_warchest_spec.dds	6436635dd3a7679a169111c2a1b92fc8	349680
mods/heroes.stormmod/base.stormassets/assets/textures/storm_lootbanner_esports_warchest_spec.lvl0	18f40640b32e2f3f40aa66db60ab305c	5616
mods/heroes.stormmod/base.stormassets/assets/textures/storm_lootbanner_esports_warchest_spt_18_decal.dds	1954c9f0aa2dfb43187a31c2b641ab1c	349680
mods/heroes.stormmod/base.stormassets/assets/textures/storm_lootbanner_esports_warchest_spt_18_decal.lvl0	18587ccd48e319be7552ee264cad73e8	1520
mods/heroes.stormmod/base.stormassets/assets/textures/storm_lootbanner_esports_warchest_spt_decal.dds	aea73c07af95f15d2432fa3c46770615	349680
mods/heroes.stormmod/base.stormassets/assets/textures/storm_lootbanner_esports_warchest_spt_decal.lvl0	feb5bd00ae8575a9cf503c49e441a6a2	5616
mods/heroes.stormmod/base.stormassets/assets/textures/storm_lootbanner_esports_warchest_sunnylion_18_decal.dds	e49c7bf7f9d04bf6c6437f390347261c	349680
mods/heroes.stormmod/base.stormassets/assets/textures/storm_lootbanner_esports_warchest_sunnylion_18_decal.lvl0	16e1f75ce9438c2665babbddcd4570a5	1520
mods/heroes.stormmod/base.stormassets/assets/textures/storm_lootbanner_esports_warchest_superstars_decal.dds	362651642e1ebee33bfec8d322307d14	349680
mods/heroes.stormmod/base.stormassets/assets/textures/storm_lootbanner_esports_warchest_superstars_decal.lvl0	0607fd0ffb7f6b3a1728a451de2501ea	5616
mods/heroes.stormmod/base.stormassets/assets/textures/storm_lootbanner_esports_warchest_synergy_decal.dds	2839824d1e8082181eb2239811b8a240	349680
mods/heroes.stormmod/base.stormassets/assets/textures/storm_lootbanner_esports_warchest_synergy_decal.lvl0	fb2d61aec41a89d994b9c3c4b4df73d7	5616
mods/heroes.stormmod/base.stormassets/assets/textures/storm_lootbanner_esports_warchest_team8_decal.dds	c8585669eec637a6833c1f77a9cab442	349680
mods/heroes.stormmod/base.stormassets/assets/textures/storm_lootbanner_esports_warchest_team8_decal.lvl0	cb593f946b766079f254ef50263d3292	5616
mods/heroes.stormmod/base.stormassets/assets/textures/storm_lootbanner_esports_warchest_teamace_18_decal.dds	3fde985097c14d42e80d25b9ade5d7ce	349680
mods/heroes.stormmod/base.stormassets/assets/textures/storm_lootbanner_esports_warchest_teamace_18_decal.lvl0	e98962403b9cfe7c7e1191c11a357dac	1520
mods/heroes.stormmod/base.stormassets/assets/textures/storm_lootbanner_esports_warchest_teamexpert_decal.dds	77b83b60476150ca359eb19abb17b128	349680
mods/heroes.stormmod/base.stormassets/assets/textures/storm_lootbanner_esports_warchest_teamexpert_decal.lvl0	470d98e1b80b86e78985d9ff16fa360c	5616
mods/heroes.stormmod/base.stormassets/assets/textures/storm_lootbanner_esports_warchest_teamfreedom_18_decal.dds	b693f3a8008f50d6fb3681d9da217b5e	349680
mods/heroes.stormmod/base.stormassets/assets/textures/storm_lootbanner_esports_warchest_teamfreedom_18_decal.lvl0	ecb9928ddca0f23a82221183e29dcd22	1520
mods/heroes.stormmod/base.stormassets/assets/textures/storm_lootbanner_esports_warchest_teamfreedom_decal.dds	abc2ddc349adfed791b99abd07dec379	349680
mods/heroes.stormmod/base.stormassets/assets/textures/storm_lootbanner_esports_warchest_teamfreedom_decal.lvl0	4634d1a26abecb6db172f47dabfd8480	5616
mods/heroes.stormmod/base.stormassets/assets/textures/storm_lootbanner_esports_warchest_teamliquid_18_decal.dds	de3e7be7c74e1c3365489aaa19b6ca21	349680
mods/heroes.stormmod/base.stormassets/assets/textures/storm_lootbanner_esports_warchest_teamliquid_18_decal.lvl0	1e7dd1a628bf5c3b9e2d1b88c42e50bb	1520
mods/heroes.stormmod/base.stormassets/assets/textures/storm_lootbanner_esports_warchest_teamliquid_decal.dds	c1f7e04e5d34036dd019378d69f2d9f7	349680
mods/heroes.stormmod/base.stormassets/assets/textures/storm_lootbanner_esports_warchest_teamliquid_decal.lvl0	2e17b26ca0ead168ec0a13daaae2b69a	5616
mods/heroes.stormmod/base.stormassets/assets/textures/storm_lootbanner_esports_warchest_teamnut_18_decal.dds	44f715a936bc951b0b8c4d34f2f83c31	349680
mods/heroes.stormmod/base.stormassets/assets/textures/storm_lootbanner_esports_warchest_teamnut_18_decal.lvl0	42aa4488577b91680f10ab920faeabf0	1520
mods/heroes.stormmod/base.stormassets/assets/textures/storm_lootbanner_esports_warchest_teamtwelve_18_decal.dds	a0d688d833c38f701b599f13a4b797b4	349680
mods/heroes.stormmod/base.stormassets/assets/textures/storm_lootbanner_esports_warchest_teamtwelve_18_decal.lvl0	5599b13f7cd63dbb1fc17f4145919c58	1520
mods/heroes.stormmod/base.stormassets/assets/textures/storm_lootbanner_esports_warchest_tempest_18_decal.dds	7c57aeb0ab81a103c395bf38f4d7f541	349680
mods/heroes.stormmod/base.stormassets/assets/textures/storm_lootbanner_esports_warchest_tempest_18_decal.lvl0	36c9f2ea2a866950d85ac7efc849b94e	1520
mods/heroes.stormmod/base.stormassets/assets/textures/storm_lootbanner_esports_warchest_tempest_decal.dds	a9cd306ce7edf541117c9c1ffae87433	349680
mods/heroes.stormmod/base.stormassets/assets/textures/storm_lootbanner_esports_warchest_tempest_decal.lvl0	23f7652a1b774391b9bebe28da16317e	5616
mods/heroes.stormmod/base.stormassets/assets/textures/storm_lootbanner_esports_warchest_tempostorm_18_decal.dds	5cdcd96bd9a4c9547632c6fbccb6ff0f	349680
mods/heroes.stormmod/base.stormassets/assets/textures/storm_lootbanner_esports_warchest_tempostorm_18_decal.lvl0	d9546f3bc453928d5c0e825aabf5e127	1520
mods/heroes.stormmod/base.stormassets/assets/textures/storm_lootbanner_esports_warchest_tempostorm_decal.dds	a4662b4899a18a101dee5d97d9a08da0	349680
mods/heroes.stormmod/base.stormassets/assets/textures/storm_lootbanner_esports_warchest_tempostorm_decal.lvl0	c59864ef93a638aceeb01852d73ddb19	5616
mods/heroes.stormmod/base.stormassets/assets/textures/storm_lootbanner_esports_warchest_theone_18_decal.dds	6f6df9a256bac2ff1a894e83de70036e	349680
mods/heroes.stormmod/base.stormassets/assets/textures/storm_lootbanner_esports_warchest_theone_18_decal.lvl0	517eb60f6506b1aad1064c7e8f5b2f03	1520
mods/heroes.stormmod/base.stormassets/assets/textures/storm_lootbanner_esports_warchest_theone_decal.dds	9724ef04f332b5d9743633d6c92f6935	349680
mods/heroes.stormmod/base.stormassets/assets/textures/storm_lootbanner_esports_warchest_theone_decal.lvl0	7a054ca07109b25b695a2b35e428b172	5616
mods/heroes.stormmod/base.stormassets/assets/textures/storm_lootbanner_esports_warchest_tricked_18_decal.dds	e25243b8c0977e5aacc708a87bcb54dc	349680
mods/heroes.stormmod/base.stormassets/assets/textures/storm_lootbanner_esports_warchest_tricked_18_decal.lvl0	46a04236f45aaac929298731501319d1	1520
mods/heroes.stormmod/base.stormassets/assets/textures/storm_lootbanner_esports_warchest_tricked_decal.dds	310c10d00dd31c214b8788bad89d6e42	349680
mods/heroes.stormmod/base.stormassets/assets/textures/storm_lootbanner_esports_warchest_tricked_decal.lvl0	da554501d645bdbf6436e16e751f64f4	5616
mods/heroes.stormmod/base.stormassets/assets/textures/storm_lootbanner_esports_warchest_white_18_diff.dds	87bbadade9bbb4537a3b4a43682ffa08	174904
mods/heroes.stormmod/base.stormassets/assets/textures/storm_lootbanner_esports_warchest_white_18_diff.lvl0	a018aed58f53bbef990735947dcb50d8	824
mods/heroes.stormmod/base.stormassets/assets/textures/storm_lootbanner_esports_warchest_white_diff.dds	747686fe8900ef9164f0fda038d0a931	699192
mods/heroes.stormmod/base.stormassets/assets/textures/storm_lootbanner_esports_warchest_white_diff.lvl0	40476197b4a4e636eac35ee67921e713	2872
mods/heroes.stormmod/base.stormassets/assets/textures/storm_lootbanner_esports_warchest_wkg_decal.dds	a140b18375113c740410a4326c1ea472	349680
mods/heroes.stormmod/base.stormassets/assets/textures/storm_lootbanner_esports_warchest_wkg_decal.lvl0	9e64c828cd9800cce2a10c3bbfe029c0	5616
mods/heroes.stormmod/base.stormassets/assets/textures/storm_lootbanner_esports_warchest_zealots_18_decal.dds	e9e24c02ce4a1be68f41321563cbd312	349680
mods/heroes.stormmod/base.stormassets/assets/textures/storm_lootbanner_esports_warchest_zealots_18_decal.lvl0	9f69605196259224e9e20d1b6c863b29	1520
mods/heroes.stormmod/base.stormassets/assets/textures/storm_lootbanner_esports_warchest_zealots_decal.dds	07c4863115fd70b669bc91501350ddc3	349680
mods/heroes.stormmod/base.stormassets/assets/textures/storm_lootbanner_esports_warchest_zealots_decal.lvl0	520f607ee343199af360fb4df0db2ca9	5616
mods/heroes.stormmod/base.stormassets/assets/textures/storm_lootbanner_fx.dds	6aaa4e6c163cd4d21fb64c81de5b6d24	174904
mods/heroes.stormmod/base.stormassets/assets/textures/storm_lootbanner_fx.lvl0	b833ad2008105eda9c8a0ed2fe870cee	2872
mods/heroes.stormmod/base.stormassets/assets/textures/storm_lootbanner_genji_norm.dds	02d1fb873c0e589b8fc73e54ec692659	349684
mods/heroes.stormmod/base.stormassets/assets/textures/storm_lootbanner_genji_norm.lvl0	b5b905adf5bfd40139ca245f2038f97d	5616
mods/heroes.stormmod/base.stormassets/assets/textures/storm_lootbanner_genji_var0_deca.dds	a70ffbfb83f96bc2b3291197fcb2d66d	174928
mods/heroes.stormmod/base.stormassets/assets/textures/storm_lootbanner_genji_var0_deca.lvl0	4b64ab3dd0cc554c86e56a61308a44cc	2896
mods/heroes.stormmod/base.stormassets/assets/textures/storm_lootbanner_genji_var0_diff.dds	c290f6025ddef92dc32faf5cae41fc74	174904
mods/heroes.stormmod/base.stormassets/assets/textures/storm_lootbanner_genji_var0_diff.lvl0	04edc5b04244a01d22e4376e9cc21b24	2872
mods/heroes.stormmod/base.stormassets/assets/textures/storm_lootbanner_genji_var0_emis.dds	391750f4fbcbf629d6c517ec621022db	174904
mods/heroes.stormmod/base.stormassets/assets/textures/storm_lootbanner_genji_var0_emis.lvl0	4400a6bfded8614ee5774d5756536b57	2872
mods/heroes.stormmod/base.stormassets/assets/textures/storm_lootbanner_genji_var0_spec.dds	e3840615c7ba951397554505b131f5b2	349680
mods/heroes.stormmod/base.stormassets/assets/textures/storm_lootbanner_genji_var0_spec.lvl0	9640594a6804b19c07018ea2c5429525	5616
mods/heroes.stormmod/base.stormassets/assets/textures/storm_lootbanner_genji_var1_deca.dds	927c2fd0266b2004cb55a258f6682de2	174928
mods/heroes.stormmod/base.stormassets/assets/textures/storm_lootbanner_genji_var1_deca.lvl0	2dcb5b9f30732239f460960885298e3a	2896
mods/heroes.stormmod/base.stormassets/assets/textures/storm_lootbanner_genji_var1_diff.dds	bb34293066bd3208e1a76755362fc352	174904
mods/heroes.stormmod/base.stormassets/assets/textures/storm_lootbanner_genji_var1_diff.lvl0	f46b877edd3030a405db4bfa8c004231	2872
mods/heroes.stormmod/base.stormassets/assets/textures/storm_lootbanner_genji_var1_emis.dds	391750f4fbcbf629d6c517ec621022db	174904
mods/heroes.stormmod/base.stormassets/assets/textures/storm_lootbanner_genji_var1_emis.lvl0	4400a6bfded8614ee5774d5756536b57	2872
mods/heroes.stormmod/base.stormassets/assets/textures/storm_lootbanner_genji_var1_spec.dds	46b4611704f36d462cecd14713ea16a8	349680
mods/heroes.stormmod/base.stormassets/assets/textures/storm_lootbanner_genji_var1_spec.lvl0	e4ffac3b358fd233c41fc8b3306c44e1	5616
mods/heroes.stormmod/base.stormassets/assets/textures/storm_lootbanner_genjioni_var0_deca.dds	51d5e57e33554cad20857f566341f318	174928
mods/heroes.stormmod/base.stormassets/assets/textures/storm_lootbanner_genjioni_var0_deca.lvl0	88765d7ccbf65a2ddc4792f4fcda7cb7	2896
mods/heroes.stormmod/base.stormassets/assets/textures/storm_lootbanner_genjioni_var0_diff.dds	b7b0e10dbef3124aaee4304ccf0e44f0	174904
mods/heroes.stormmod/base.stormassets/assets/textures/storm_lootbanner_genjioni_var0_diff.lvl0	a9fdef13785383a9f31ef5a2c0d3bb21	2872
mods/heroes.stormmod/base.stormassets/assets/textures/storm_lootbanner_genjioni_var0_emis.dds	77d0d4edbc0e897285b2a10c4f3419ff	174904
mods/heroes.stormmod/base.stormassets/assets/textures/storm_lootbanner_genjioni_var0_emis.lvl0	c52251da749848d8b9dd9d2bfdae3399	2872
mods/heroes.stormmod/base.stormassets/assets/textures/storm_lootbanner_genjioni_var0_spec.dds	a53f6ccd1009052828193aea57f2ce97	349680
mods/heroes.stormmod/base.stormassets/assets/textures/storm_lootbanner_genjioni_var0_spec.lvl0	7d9858cbc5b55928f7d53c4abfa0369b	5616
mods/heroes.stormmod/base.stormassets/assets/textures/storm_lootbanner_ghostspooky18_diff.dds	7999044b00c3d60e8cee343c3249048b	349680
mods/heroes.stormmod/base.stormassets/assets/textures/storm_lootbanner_ghostspooky18_diff.lvl0	5baf0b26aa1806a3e968ae0934118229	5616
mods/heroes.stormmod/base.stormassets/assets/textures/storm_lootbanner_ghostspooky18_emis.dds	acbab2dc540ccc92c9c7cccf4c26addd	174904
mods/heroes.stormmod/base.stormassets/assets/textures/storm_lootbanner_ghostspooky18_emis.lvl0	dce3a8911dc4d410ce26a71b71a1fa34	2872
mods/heroes.stormmod/base.stormassets/assets/textures/storm_lootbanner_ghostspooky18_norm.dds	b1cf012697336f52f0a7369d4eb36a2a	349684
mods/heroes.stormmod/base.stormassets/assets/textures/storm_lootbanner_ghostspooky18_norm.lvl0	cfa35204797dd5300336438ad3d39c76	5616
mods/heroes.stormmod/base.stormassets/assets/textures/storm_lootbanner_ghostspooky18_spec.dds	e071d228a615dbd28bd2dc756768e1f4	349680
mods/heroes.stormmod/base.stormassets/assets/textures/storm_lootbanner_ghostspooky18_spec.lvl0	ac34f1a5b6b0fcc2ac21375ede946162	5616
mods/heroes.stormmod/base.stormassets/assets/textures/storm_lootbanner_ghostspooky18_var1_diff.dds	e4e7fcc6aa2448064575a1442084c1e5	349680
mods/heroes.stormmod/base.stormassets/assets/textures/storm_lootbanner_ghostspooky18_var1_diff.lvl0	3f63aca5125efea26c51447726fdf7be	5616
mods/heroes.stormmod/base.stormassets/assets/textures/storm_lootbanner_ghostspooky18_var1_emis.dds	f50394eb6e8f18b940aaee3ada6bfab4	174904
mods/heroes.stormmod/base.stormassets/assets/textures/storm_lootbanner_ghostspooky18_var1_emis.lvl0	6a019a74b3ee94009a23f80f0b112868	2872
mods/heroes.stormmod/base.stormassets/assets/textures/storm_lootbanner_ghostspooky18_var1_spec.dds	2830d9ff3f460c699e7c41fe8105fd99	349680
mods/heroes.stormmod/base.stormassets/assets/textures/storm_lootbanner_ghostspooky18_var1_spec.lvl0	93404a3ce6945ae0f64c80c57a449b64	5616
mods/heroes.stormmod/base.stormassets/assets/textures/storm_lootbanner_ghostspooky18_var2_diff.dds	306ee8accdbf9d1db3593ac02c9608a9	349680
mods/heroes.stormmod/base.stormassets/assets/textures/storm_lootbanner_ghostspooky18_var2_diff.lvl0	1d12cc552a839806363591064ba18e89	5616
mods/heroes.stormmod/base.stormassets/assets/textures/storm_lootbanner_ghostspooky18_var2_emis.dds	9848964f84474304383e4f30529c205e	174904
mods/heroes.stormmod/base.stormassets/assets/textures/storm_lootbanner_ghostspooky18_var2_emis.lvl0	e76e421b74d634ef5364bd31bfec3ac3	2872
mods/heroes.stormmod/base.stormassets/assets/textures/storm_lootbanner_ghostspooky18_var2_spec.dds	e33039e4069136e08a7d5f58f8f49eb6	349680
mods/heroes.stormmod/base.stormassets/assets/textures/storm_lootbanner_ghostspooky18_var2_spec.lvl0	a7f6bf2fc780c02f505dafbe56ae6ca0	5616
mods/heroes.stormmod/base.stormassets/assets/textures/storm_lootbanner_ghostspooky18_var3_diff.dds	9f1f716383495b1da6611d7f7e5100bc	349680
mods/heroes.stormmod/base.stormassets/assets/textures/storm_lootbanner_ghostspooky18_var3_diff.lvl0	c014e32d4a8c998b950d97244d4ec168	5616
mods/heroes.stormmod/base.stormassets/assets/textures/storm_lootbanner_ghostspooky18_var3_emis.dds	e5118357ff9f1f58eb4617aceae89e78	174904
mods/heroes.stormmod/base.stormassets/assets/textures/storm_lootbanner_ghostspooky18_var3_emis.lvl0	8a316c07a8bb8f1e8ac1755513fa7f0b	2872
mods/heroes.stormmod/base.stormassets/assets/textures/storm_lootbanner_ghostspooky18_var3_spec.dds	638c32a06f855c7c47f46451c0314b4c	349680
mods/heroes.stormmod/base.stormassets/assets/textures/storm_lootbanner_ghostspooky18_var3_spec.lvl0	6845a6bfa58e8c7cd19a73483857ae71	5616
mods/heroes.stormmod/base.stormassets/assets/textures/storm_lootbanner_ghostspooky18_var4_diff.dds	23d481ee15ea2f84a29e0aa47d48ed9f	349680
mods/heroes.stormmod/base.stormassets/assets/textures/storm_lootbanner_ghostspooky18_var4_diff.lvl0	393700204cb2cbcd36e05739e85af057	5616
mods/heroes.stormmod/base.stormassets/assets/textures/storm_lootbanner_ghostspooky18_var4_emis.dds	1b95958cc9db406bbe162f5e9eee3cb3	174904
mods/heroes.stormmod/base.stormassets/assets/textures/storm_lootbanner_ghostspooky18_var4_emis.lvl0	686da56b7a8813525e107495772ce74e	2872
mods/heroes.stormmod/base.stormassets/assets/textures/storm_lootbanner_ghostspooky18_var4_spec.dds	dd11598901dd02fd6d6544f6a1a1aa00	349680
mods/heroes.stormmod/base.stormassets/assets/textures/storm_lootbanner_ghostspooky18_var4_spec.lvl0	a8c52257a209e05c770a55d9190fec17	5616
mods/heroes.stormmod/base.stormassets/assets/textures/storm_lootbanner_hallowseve_pumpkin_diff.dds	6851c5752e9854d81eddecf6998a3dd4	174904
mods/heroes.stormmod/base.stormassets/assets/textures/storm_lootbanner_hallowseve_pumpkin_diff.lvl0	bc99a01c4cce3c880c748fb7f2fd88c0	2872
mods/heroes.stormmod/base.stormassets/assets/textures/storm_lootbanner_hallowseve_pumpkin_emis.dds	742e630245f6087667902d07bf8f41df	174904
mods/heroes.stormmod/base.stormassets/assets/textures/storm_lootbanner_hallowseve_pumpkin_emis.lvl0	752b30f1acef8ed93c2f4da4c16c7d76	2872
mods/heroes.stormmod/base.stormassets/assets/textures/storm_lootbanner_hallowseve_pumpkin_norm.dds	c12cf9c20d1c0ecc82236dc9b21a014e	349684
mods/heroes.stormmod/base.stormassets/assets/textures/storm_lootbanner_hallowseve_pumpkin_norm.lvl0	3cf6d9b30c32a9be4cbf202435f5c956	5616
mods/heroes.stormmod/base.stormassets/assets/textures/storm_lootbanner_hallowseve_pumpkin_spec.dds	e19169f8fdea4b1c922d028b28e53f78	349680
mods/heroes.stormmod/base.stormassets/assets/textures/storm_lootbanner_hallowseve_pumpkin_spec.lvl0	5b600e7f953f22c58d05236f0b11814e	5616
mods/heroes.stormmod/base.stormassets/assets/textures/storm_lootbanner_hallowseve_pumpkinweb_diff.dds	7a3e73891604526c15b23478c0dc80c1	87536
mods/heroes.stormmod/base.stormassets/assets/textures/storm_lootbanner_hallowseve_pumpkinweb_diff.lvl0	1078b4765727c49c786275201ebedb13	1520
mods/heroes.stormmod/base.stormassets/assets/textures/storm_lootbanner_hallowseve_pumpkinweb_norm.dds	053516cfc743cb74fcbd3a5b7c79542e	87540
mods/heroes.stormmod/base.stormassets/assets/textures/storm_lootbanner_hallowseve_pumpkinweb_norm.lvl0	5d1fbabe51c33d8729e6126124c496c4	1520
mods/heroes.stormmod/base.stormassets/assets/textures/storm_lootbanner_hgc2018_finals_decal.dds	6b8fb38d7a5bf4dcf7e9fffd2156db13	349680
mods/heroes.stormmod/base.stormassets/assets/textures/storm_lootbanner_hgc2018_finals_decal.lvl0	bd2467d4d879d7fd004d8e58545c2311	1520
mods/heroes.stormmod/base.stormassets/assets/textures/storm_lootbanner_hgc2018_finals_diff.dds	53620532217d87c853e7fe1c63824a11	174904
mods/heroes.stormmod/base.stormassets/assets/textures/storm_lootbanner_hgc2018_finals_diff.lvl0	d36bfca64b1be4d22b113008d43ee9df	824
mods/heroes.stormmod/base.stormassets/assets/textures/storm_lootbanner_hgc2018_finals_emis.dds	a5f9a7cd7d1d9bdd8a5c3b1fe1e4433d	349680
mods/heroes.stormmod/base.stormassets/assets/textures/storm_lootbanner_hgc2018_finals_emis.lvl0	9a8991b8ad7cdb6536825bd452bbc1d2	1520
mods/heroes.stormmod/base.stormassets/assets/textures/storm_lootbanner_hgc2018_finals_emis1.dds	7948a6b2e42721028ae7023f1840ce87	349680
mods/heroes.stormmod/base.stormassets/assets/textures/storm_lootbanner_hgc2018_finals_emis1.lvl0	ce44a3f9473e2d9e67afb8ed6b8739f2	1520
mods/heroes.stormmod/base.stormassets/assets/textures/storm_lootbanner_hgc2018_finals_norm.dds	462e7659ce35a5b9f2fc0724bd0015ca	349684
mods/heroes.stormmod/base.stormassets/assets/textures/storm_lootbanner_hgc2018_finals_norm.lvl0	4be8444457d34189eb1d1187d34f0cfc	1520
mods/heroes.stormmod/base.stormassets/assets/textures/storm_lootbanner_hgc2018_finals_spec.dds	5a8cc55fc6169d6b7f4ba57478b88903	349680
mods/heroes.stormmod/base.stormassets/assets/textures/storm_lootbanner_hgc2018_finals_spec.lvl0	3302645cf619c1074221f5bab9b3ac8a	1520
mods/heroes.stormmod/base.stormassets/assets/textures/storm_lootbanner_lunar2018_diff.dds	2d95c7bf868d73ce83bdb1987472d25d	174904
mods/heroes.stormmod/base.stormassets/assets/textures/storm_lootbanner_lunar2018_diff.lvl0	3ee58641eca8b0f32117b3e5800a10f6	2872
mods/heroes.stormmod/base.stormassets/assets/textures/storm_lootbanner_lunar2018_emis.dds	7f25af8f0a2f7428996e6dbb106ac0c4	174904
mods/heroes.stormmod/base.stormassets/assets/textures/storm_lootbanner_lunar2018_emis.lvl0	f757a15443a79c21f235f9b9abeed599	2872
mods/heroes.stormmod/base.stormassets/assets/textures/storm_lootbanner_lunar2018_norm.dds	cdfd8f9e03e576505245b81d82389bf1	349684
mods/heroes.stormmod/base.stormassets/assets/textures/storm_lootbanner_lunar2018_norm.lvl0	7b5d9b133ca2ff4efabc82cef4a9c575	1520
mods/heroes.stormmod/base.stormassets/assets/textures/storm_lootbanner_lunar2018_spec.dds	d8c26c265ba93d8abee29397c2cca852	349680
mods/heroes.stormmod/base.stormassets/assets/textures/storm_lootbanner_lunar2018_spec.lvl0	85766a39b70bcab0433e8bf1f2c63890	5616
mods/heroes.stormmod/base.stormassets/assets/textures/storm_lootbanner_ow_dva_iconic_decal.dds	61cd829762b0d2d22df253a80f8fdd81	174928
mods/heroes.stormmod/base.stormassets/assets/textures/storm_lootbanner_ow_dva_iconic_decal.lvl0	bd8905f2dd6c2a2cb3ba58db8f721ea3	2896
mods/heroes.stormmod/base.stormassets/assets/textures/storm_lootbanner_ow_dva_iconic_diff.dds	53f85a23656ddda7bb40989f332aae6e	174904
mods/heroes.stormmod/base.stormassets/assets/textures/storm_lootbanner_ow_dva_iconic_diff.lvl0	c50ffe923494aad2a18acc31174ca5ac	2872
mods/heroes.stormmod/base.stormassets/assets/textures/storm_lootbanner_ow_dva_iconic_emis.dds	c15f5395843179fec32102f658664c66	174904
mods/heroes.stormmod/base.stormassets/assets/textures/storm_lootbanner_ow_dva_iconic_emis.lvl0	1dadf9bc056e292d28cdb418e746d4b4	2872
mods/heroes.stormmod/base.stormassets/assets/textures/storm_lootbanner_ow_dva_iconic_norm.dds	0cbcc894491c3525f8b5f480cdc1f944	349684
mods/heroes.stormmod/base.stormassets/assets/textures/storm_lootbanner_ow_dva_iconic_norm.lvl0	171b182cb875839ac933ef44f33e4ef2	5616
mods/heroes.stormmod/base.stormassets/assets/textures/storm_lootbanner_ow_dva_iconic_spec.dds	039f0c959a60209ee9e39e33fcfe6cc6	349680
mods/heroes.stormmod/base.stormassets/assets/textures/storm_lootbanner_ow_dva_iconic_spec.lvl0	5c53c04eb27bc6ecf7d6bc2528e17902	5616
mods/heroes.stormmod/base.stormassets/assets/textures/storm_lootbanner_ow_dva_simple_decal.dds	634239e653e9f18c6b03531de8194fec	174928
mods/heroes.stormmod/base.stormassets/assets/textures/storm_lootbanner_ow_dva_simple_decal.lvl0	12ab17c745a82e9c4db739119607f054	2896
mods/heroes.stormmod/base.stormassets/assets/textures/storm_lootbanner_ow_dva_simple_diff.dds	1331b3471f319da4555120950806197f	174904
mods/heroes.stormmod/base.stormassets/assets/textures/storm_lootbanner_ow_dva_simple_diff.lvl0	faea90c27848527b80efd1cfbc9eb169	2872
mods/heroes.stormmod/base.stormassets/assets/textures/storm_lootbanner_ow_dva_simple_emis.dds	c15f5395843179fec32102f658664c66	174904
mods/heroes.stormmod/base.stormassets/assets/textures/storm_lootbanner_ow_dva_simple_emis.lvl0	1dadf9bc056e292d28cdb418e746d4b4	2872
mods/heroes.stormmod/base.stormassets/assets/textures/storm_lootbanner_ow_dva_simple_norm.dds	0cbcc894491c3525f8b5f480cdc1f944	349684
mods/heroes.stormmod/base.stormassets/assets/textures/storm_lootbanner_ow_dva_simple_norm.lvl0	171b182cb875839ac933ef44f33e4ef2	5616
mods/heroes.stormmod/base.stormassets/assets/textures/storm_lootbanner_ow_dva_simple_spec.dds	039f0c959a60209ee9e39e33fcfe6cc6	349680
mods/heroes.stormmod/base.stormassets/assets/textures/storm_lootbanner_ow_dva_simple_spec.lvl0	5c53c04eb27bc6ecf7d6bc2528e17902	5616
mods/heroes.stormmod/base.stormassets/assets/textures/storm_lootbanner_ow_dvapolice_decal.dds	29e4b6a6809509e03fd19cb2e806d779	174928
mods/heroes.stormmod/base.stormassets/assets/textures/storm_lootbanner_ow_dvapolice_decal.lvl0	fe49ff49711572fd5cfc7d6c11b9749e	2896
mods/heroes.stormmod/base.stormassets/assets/textures/storm_lootbanner_ow_dvapolice_diff.dds	05dc42f7d45e1ef52afa7d4304e09bae	174904
mods/heroes.stormmod/base.stormassets/assets/textures/storm_lootbanner_ow_dvapolice_diff.lvl0	4517aad3418200538a2e45b564a93759	2872
mods/heroes.stormmod/base.stormassets/assets/textures/storm_lootbanner_ow_dvapolice_emis.dds	5d88a8096ba95675306e74fb871d2dfc	349672
mods/heroes.stormmod/base.stormassets/assets/textures/storm_lootbanner_ow_dvapolice_emis.lvl0	f112ca13ccf604d5932723ebefda68cf	1512
mods/heroes.stormmod/base.stormassets/assets/textures/storm_lootbanner_ow_dvapolice_norm.dds	2177506124acf9d96b8430034271d435	349684
mods/heroes.stormmod/base.stormassets/assets/textures/storm_lootbanner_ow_dvapolice_norm.lvl0	f0ffdc2ef96ab05e32fe5608439cfcaa	5616
mods/heroes.stormmod/base.stormassets/assets/textures/storm_lootbanner_ow_dvapolice_spec.dds	e7c46a6fd879765503a5b2f179c90b81	349680
mods/heroes.stormmod/base.stormassets/assets/textures/storm_lootbanner_ow_dvapolice_spec.lvl0	91b837989c1882750d146f93e13f28b2	5616
mods/heroes.stormmod/base.stormassets/assets/textures/storm_lootbanner_ow_logo_iconic_decal.dds	1c6fca9a4394f4951c4028f88a679d75	174928
mods/heroes.stormmod/base.stormassets/assets/textures/storm_lootbanner_ow_logo_iconic_decal.lvl0	695c053def384740a6ef824b4b70aee6	2896
mods/heroes.stormmod/base.stormassets/assets/textures/storm_lootbanner_ow_logo_iconic_diff.dds	d9b635b134f6bdb5bc7369a6a1491ebb	174904
mods/heroes.stormmod/base.stormassets/assets/textures/storm_lootbanner_ow_logo_iconic_diff.lvl0	9ba8684dacb69d174fda8e5fdd8ae588	2872
mods/heroes.stormmod/base.stormassets/assets/textures/storm_lootbanner_ow_logo_iconic_emis.dds	51fd31182e3dd902c9e061ffd85ec48c	174904
mods/heroes.stormmod/base.stormassets/assets/textures/storm_lootbanner_ow_logo_iconic_emis.lvl0	8119731e7880f9400d55896fbffe2010	2872
mods/heroes.stormmod/base.stormassets/assets/textures/storm_lootbanner_ow_logo_iconic_norm.dds	a9acf087686c1c75da86e9364b7bbab0	349684
mods/heroes.stormmod/base.stormassets/assets/textures/storm_lootbanner_ow_logo_iconic_norm.lvl0	02e802649c8b89720d1e0af9449788f8	5616
mods/heroes.stormmod/base.stormassets/assets/textures/storm_lootbanner_ow_logo_iconic_spec.dds	a2a6d2f435a16e4e85dcc79a89807702	349680
mods/heroes.stormmod/base.stormassets/assets/textures/storm_lootbanner_ow_logo_iconic_spec.lvl0	d099a46be32b4303c86795fb537b93ed	5616
mods/heroes.stormmod/base.stormassets/assets/textures/storm_lootbanner_ow_logo_simple_decal.dds	1265d6edf8ba967b0a2673d04d777686	174928
mods/heroes.stormmod/base.stormassets/assets/textures/storm_lootbanner_ow_logo_simple_decal.lvl0	f0e08c32a14689b02a87aaa6b13a94c1	2896
mods/heroes.stormmod/base.stormassets/assets/textures/storm_lootbanner_ow_logo_simple_diff.dds	888d0e71c4acbcd40f1cc18c2d4e205c	174904
mods/heroes.stormmod/base.stormassets/assets/textures/storm_lootbanner_ow_logo_simple_diff.lvl0	8e1b77fa9b4d8811932e5afa49af5f1d	2872
mods/heroes.stormmod/base.stormassets/assets/textures/storm_lootbanner_ow_logo_simple_emis.dds	51fd31182e3dd902c9e061ffd85ec48c	174904
mods/heroes.stormmod/base.stormassets/assets/textures/storm_lootbanner_ow_logo_simple_emis.lvl0	8119731e7880f9400d55896fbffe2010	2872
mods/heroes.stormmod/base.stormassets/assets/textures/storm_lootbanner_ow_logo_simple_norm.dds	a9acf087686c1c75da86e9364b7bbab0	349684
mods/heroes.stormmod/base.stormassets/assets/textures/storm_lootbanner_ow_logo_simple_norm.lvl0	02e802649c8b89720d1e0af9449788f8	5616
mods/heroes.stormmod/base.stormassets/assets/textures/storm_lootbanner_ow_logo_simple_spec.dds	615e0289b253765947b7dddd424dcaaf	349680
mods/heroes.stormmod/base.stormassets/assets/textures/storm_lootbanner_ow_logo_simple_spec.lvl0	bb5f7ff6910a4e14d98c1ffe069e23c3	5616
mods/heroes.stormmod/base.stormassets/assets/textures/storm_lootbanner_ow_pachimari_decal.dds	f14484bb26e9536edb8f108e7c845c94	174928
mods/heroes.stormmod/base.stormassets/assets/textures/storm_lootbanner_ow_pachimari_decal.lvl0	c46d495e3f18723dd3d9637f5356c296	848
mods/heroes.stormmod/base.stormassets/assets/textures/storm_lootbanner_ow_pachimari_diff.dds	f4632e6a6d4f5e572b3629ae0b6a8d30	174904
mods/heroes.stormmod/base.stormassets/assets/textures/storm_lootbanner_ow_pachimari_diff.lvl0	d3544fb1873fbab9f699f04331e2f46d	824
mods/heroes.stormmod/base.stormassets/assets/textures/storm_lootbanner_ow_pachimari_emis.dds	0f3b4ed57442d65297aad432d78a0e50	43832
mods/heroes.stormmod/base.stormassets/assets/textures/storm_lootbanner_ow_pachimari_emis.lvl0	658c283a6f40f4c794c271f1e7d43e5d	824
mods/heroes.stormmod/base.stormassets/assets/textures/storm_lootbanner_ow_pachimari_norm.dds	9ef5e9deb5a4c11e8779450172570d48	349684
mods/heroes.stormmod/base.stormassets/assets/textures/storm_lootbanner_ow_pachimari_norm.lvl0	7fbfbda8e2609725d9a9fd688063b4ea	5616
mods/heroes.stormmod/base.stormassets/assets/textures/storm_lootbanner_ow_pachimari_spec.dds	33336ca6859174ffd52fae8b97e0e9b9	349680
mods/heroes.stormmod/base.stormassets/assets/textures/storm_lootbanner_ow_pachimari_spec.lvl0	674042e422299d9a74c2d35ffca6ca83	1520
mods/heroes.stormmod/base.stormassets/assets/textures/storm_lootbanner_ow_tracer_iconic_decal.dds	924403618aab80ecb0209cac332c5d2f	174928
mods/heroes.stormmod/base.stormassets/assets/textures/storm_lootbanner_ow_tracer_iconic_decal.lvl0	d018bd71df48eca28d2f2ecbef6f0a77	2896
mods/heroes.stormmod/base.stormassets/assets/textures/storm_lootbanner_ow_tracer_iconic_diff.dds	73df30fefcdd6dc071af9253f3650fcf	174904
mods/heroes.stormmod/base.stormassets/assets/textures/storm_lootbanner_ow_tracer_iconic_diff.lvl0	f9c387246f24cecc16715e1f9387cb7c	2872
mods/heroes.stormmod/base.stormassets/assets/textures/storm_lootbanner_ow_tracer_iconic_emis.dds	93a4bb98a4b8dd0a4bcfdeb1ec37205f	174904
mods/heroes.stormmod/base.stormassets/assets/textures/storm_lootbanner_ow_tracer_iconic_emis.lvl0	a8aa0137dc4c09ccd62174c24eedef63	2872
mods/heroes.stormmod/base.stormassets/assets/textures/storm_lootbanner_ow_tracer_iconic_norm.dds	0cbcc894491c3525f8b5f480cdc1f944	349684
mods/heroes.stormmod/base.stormassets/assets/textures/storm_lootbanner_ow_tracer_iconic_norm.lvl0	171b182cb875839ac933ef44f33e4ef2	5616
mods/heroes.stormmod/base.stormassets/assets/textures/storm_lootbanner_ow_tracer_iconic_spec.dds	69327f84e3fbd8b245cbbbba3c6b8782	349680
mods/heroes.stormmod/base.stormassets/assets/textures/storm_lootbanner_ow_tracer_iconic_spec.lvl0	a8a5e9e888ecbc4bacdfdad15d8f1396	5616
mods/heroes.stormmod/base.stormassets/assets/textures/storm_lootbanner_ow_tracer_simple_decal.dds	4cc83f56626a5e0421c018354617e1ca	174928
mods/heroes.stormmod/base.stormassets/assets/textures/storm_lootbanner_ow_tracer_simple_decal.lvl0	f709cac8427353433da3d0345aba0b60	2896
mods/heroes.stormmod/base.stormassets/assets/textures/storm_lootbanner_ow_tracer_simple_diff.dds	488fbb1a0547779e34828ed5c7aa01bb	174904
mods/heroes.stormmod/base.stormassets/assets/textures/storm_lootbanner_ow_tracer_simple_diff.lvl0	db6f2763e73415b35c4b9e26b88d4e79	2872
mods/heroes.stormmod/base.stormassets/assets/textures/storm_lootbanner_ow_tracer_simple_emis.dds	93a4bb98a4b8dd0a4bcfdeb1ec37205f	174904
mods/heroes.stormmod/base.stormassets/assets/textures/storm_lootbanner_ow_tracer_simple_emis.lvl0	a8aa0137dc4c09ccd62174c24eedef63	2872
mods/heroes.stormmod/base.stormassets/assets/textures/storm_lootbanner_ow_tracer_simple_norm.dds	0cbcc894491c3525f8b5f480cdc1f944	349684
mods/heroes.stormmod/base.stormassets/assets/textures/storm_lootbanner_ow_tracer_simple_norm.lvl0	171b182cb875839ac933ef44f33e4ef2	5616
mods/heroes.stormmod/base.stormassets/assets/textures/storm_lootbanner_ow_tracer_simple_spec.dds	7c4618c9d9958a1aabbe5295ac1eb209	349680
mods/heroes.stormmod/base.stormassets/assets/textures/storm_lootbanner_ow_tracer_simple_spec.lvl0	5b16eb5e13f960633beadabbd4ed8ea8	5616
mods/heroes.stormmod/base.stormassets/assets/textures/storm_lootbanner_sc_protoss_base_decal.dds	31c0e53ea4743a73a0ce462ba2081385	174928
mods/heroes.stormmod/base.stormassets/assets/textures/storm_lootbanner_sc_protoss_base_decal.lvl0	8829236bce6b276e59ca1061261cc9f4	2896
mods/heroes.stormmod/base.stormassets/assets/textures/storm_lootbanner_sc_protoss_base_diff.dds	f9619f459f5993ebd69cd8942d873123	174904
mods/heroes.stormmod/base.stormassets/assets/textures/storm_lootbanner_sc_protoss_base_diff.lvl0	1de27566d8b39be0066e8fb4a32cd17b	2872
mods/heroes.stormmod/base.stormassets/assets/textures/storm_lootbanner_sc_protoss_base_emis.dds	fcb671e88b895bc57aee289d645b0f37	174904
mods/heroes.stormmod/base.stormassets/assets/textures/storm_lootbanner_sc_protoss_base_emis.lvl0	415d308d361c85a9708994ceafed962d	2872
mods/heroes.stormmod/base.stormassets/assets/textures/storm_lootbanner_sc_protoss_base_nrm.dds	f76fec7d7647515aacaf3788f1de19ab	349684
mods/heroes.stormmod/base.stormassets/assets/textures/storm_lootbanner_sc_protoss_base_nrm.lvl0	86b47966ff8106fbf1e34c48e0eec1a5	5616
mods/heroes.stormmod/base.stormassets/assets/textures/storm_lootbanner_sc_protoss_base_spec.dds	3ef126137439e9f627986d029327338d	349680
mods/heroes.stormmod/base.stormassets/assets/textures/storm_lootbanner_sc_protoss_base_spec.lvl0	99274aa84ef218ceb482adff18f0a496	5616
mods/heroes.stormmod/base.stormassets/assets/textures/storm_lootbanner_sc_protoss_var1_decal.dds	b20cfa350491a4fc7675730fa7697cd2	174928
mods/heroes.stormmod/base.stormassets/assets/textures/storm_lootbanner_sc_protoss_var1_decal.lvl0	0cf75d36310b403d8a933d80b6e6109b	2896
mods/heroes.stormmod/base.stormassets/assets/textures/storm_lootbanner_sc_protoss_var1_diff.dds	a6889538d54fd96531636738e979ccd6	174904
mods/heroes.stormmod/base.stormassets/assets/textures/storm_lootbanner_sc_protoss_var1_diff.lvl0	9b01bc8ba19cbdf49c48235f489bafb2	824
mods/heroes.stormmod/base.stormassets/assets/textures/storm_lootbanner_sc_protoss_var1_emis.dds	350d530f17746514c2dd04a4ab296942	174904
mods/heroes.stormmod/base.stormassets/assets/textures/storm_lootbanner_sc_protoss_var1_emis.lvl0	078b068c1115cbf5176930ee0d59bcd5	2872
mods/heroes.stormmod/base.stormassets/assets/textures/storm_lootbanner_sc_protoss_var1_spec.dds	74a1b3c02dc02a3a7e9d50b179df822b	349680
mods/heroes.stormmod/base.stormassets/assets/textures/storm_lootbanner_sc_protoss_var1_spec.lvl0	7e812b9b5dafac6851e990d527b5f80d	5616
mods/heroes.stormmod/base.stormassets/assets/textures/storm_lootbanner_sc_protoss_var2_decal.dds	7bf3422464116640e6bcecd3c23533ac	174928
mods/heroes.stormmod/base.stormassets/assets/textures/storm_lootbanner_sc_protoss_var2_decal.lvl0	452745743b67eb6ef0de9f8ff737b1cd	2896
mods/heroes.stormmod/base.stormassets/assets/textures/storm_lootbanner_sc_protoss_var2_diff.dds	976f77d1d0cb0c506c72f72345cb5e77	174904
mods/heroes.stormmod/base.stormassets/assets/textures/storm_lootbanner_sc_protoss_var2_diff.lvl0	081761bccb7a2e3a311b3aa40690eb88	824
mods/heroes.stormmod/base.stormassets/assets/textures/storm_lootbanner_sc_protoss_var2_emis.dds	7ec63c83fd3d04bfa736c85c6538c072	174904
mods/heroes.stormmod/base.stormassets/assets/textures/storm_lootbanner_sc_protoss_var2_emis.lvl0	fa09b2e80e3f7250482f317027ccc371	2872
mods/heroes.stormmod/base.stormassets/assets/textures/storm_lootbanner_sc_protoss_var2_spec.dds	5c17d7680359b9aaa43fcb9952dc8f9a	349680
mods/heroes.stormmod/base.stormassets/assets/textures/storm_lootbanner_sc_protoss_var2_spec.lvl0	5b58558979298d62e43e524ffb2968e6	5616
mods/heroes.stormmod/base.stormassets/assets/textures/storm_lootbanner_sc_terran_base_decal.dds	b71498216c060608e590488b6f45b8bd	174928
mods/heroes.stormmod/base.stormassets/assets/textures/storm_lootbanner_sc_terran_base_decal.lvl0	b977f6ec95fae4f474aa7877fd8eec1a	2896
mods/heroes.stormmod/base.stormassets/assets/textures/storm_lootbanner_sc_terran_base_diff.dds	40689ba696bdc94935f839db8b5d3622	174904
mods/heroes.stormmod/base.stormassets/assets/textures/storm_lootbanner_sc_terran_base_diff.lvl0	c1b9aa03fd5935ec7611739cfa0e4403	2872
mods/heroes.stormmod/base.stormassets/assets/textures/storm_lootbanner_sc_terran_base_emis.dds	ececa5f209b8fa802713b875219fa123	174904
mods/heroes.stormmod/base.stormassets/assets/textures/storm_lootbanner_sc_terran_base_emis.lvl0	8ea81d9d6a1d9c3d6ee4ad1897276489	2872
mods/heroes.stormmod/base.stormassets/assets/textures/storm_lootbanner_sc_terran_base_norm.dds	f9b69fa0b42c623b978e55b4f698a23e	349684
mods/heroes.stormmod/base.stormassets/assets/textures/storm_lootbanner_sc_terran_base_norm.lvl0	5c33613fd0fddb50adee87ab38a49d53	5616
mods/heroes.stormmod/base.stormassets/assets/textures/storm_lootbanner_sc_terran_base_spec.dds	ba2412df6245a2b6e19ce17f771cce24	349680
mods/heroes.stormmod/base.stormassets/assets/textures/storm_lootbanner_sc_terran_base_spec.lvl0	c009dd396fbb413fb3ba8f6ad9593568	5616
mods/heroes.stormmod/base.stormassets/assets/textures/storm_lootbanner_sc_terran_var1_decal.dds	40e6efbe766f0785736c73de358f064a	174928
mods/heroes.stormmod/base.stormassets/assets/textures/storm_lootbanner_sc_terran_var1_decal.lvl0	262b7399a366d4b9c9ea7c295cc4d6d0	2896
mods/heroes.stormmod/base.stormassets/assets/textures/storm_lootbanner_sc_terran_var1_diff.dds	ee023b2cb14f8ee217a7d90c5caf0871	174904
mods/heroes.stormmod/base.stormassets/assets/textures/storm_lootbanner_sc_terran_var1_diff.lvl0	1ca596750d26e1c943c19311ddbf6563	824
mods/heroes.stormmod/base.stormassets/assets/textures/storm_lootbanner_sc_terran_var1_emis.dds	2c816861322e687356ae4b51e7851d19	174904
mods/heroes.stormmod/base.stormassets/assets/textures/storm_lootbanner_sc_terran_var1_emis.lvl0	a9e006a5b2a851ac39b2d1c680d39d38	2872
mods/heroes.stormmod/base.stormassets/assets/textures/storm_lootbanner_sc_terran_var1_spec.dds	a63a73ade1412b1f1b30d68f68fae489	349680
mods/heroes.stormmod/base.stormassets/assets/textures/storm_lootbanner_sc_terran_var1_spec.lvl0	d5b74fbf8b3d69c1f227af6320b0926f	5616
mods/heroes.stormmod/base.stormassets/assets/textures/storm_lootbanner_sc_terran_var2_decal.dds	ef23e6d21ae2e16fd283c7d400e25cce	174928
mods/heroes.stormmod/base.stormassets/assets/textures/storm_lootbanner_sc_terran_var2_decal.lvl0	b6abf5e88c87e83fdfc1f0e3362bfbbc	2896
mods/heroes.stormmod/base.stormassets/assets/textures/storm_lootbanner_sc_terran_var2_diff.dds	e225f36c8b39024c50de1dd1288fe515	174904
mods/heroes.stormmod/base.stormassets/assets/textures/storm_lootbanner_sc_terran_var2_diff.lvl0	aa2c9f99974f37b123d0f0bad6f7d509	824
mods/heroes.stormmod/base.stormassets/assets/textures/storm_lootbanner_sc_terran_var2_emis.dds	24e88191e270f7aa955ccf969d3e2ab8	174904
mods/heroes.stormmod/base.stormassets/assets/textures/storm_lootbanner_sc_terran_var2_emis.lvl0	ac6a37911609a22f590efa518f514797	2872
mods/heroes.stormmod/base.stormassets/assets/textures/storm_lootbanner_sc_terran_var2_spec.dds	f337427b295e4c226ee485ed0d54fcdf	349680
mods/heroes.stormmod/base.stormassets/assets/textures/storm_lootbanner_sc_terran_var2_spec.lvl0	c244e883a25322ed56b8fb2f6b94b0b2	5616
mods/heroes.stormmod/base.stormassets/assets/textures/storm_lootbanner_sc_zerg_diff.dds	2c14acb7a04d899532f0d72cdaafe2f9	174904
mods/heroes.stormmod/base.stormassets/assets/textures/storm_lootbanner_sc_zerg_diff.lvl0	e9fb412da2f276abfcd2696f24490944	2872
mods/heroes.stormmod/base.stormassets/assets/textures/storm_lootbanner_sc_zerg_emis.dds	d4728ea90d62dd880b9500d0ceeedea2	174904
mods/heroes.stormmod/base.stormassets/assets/textures/storm_lootbanner_sc_zerg_emis.lvl0	984e570a40ad8d540670a1aceb3697ed	2872
mods/heroes.stormmod/base.stormassets/assets/textures/storm_lootbanner_sc_zerg_norm.dds	bea5931866bbb6ae69caa1a69bef197e	349684
mods/heroes.stormmod/base.stormassets/assets/textures/storm_lootbanner_sc_zerg_norm.lvl0	2b2f7c65faeabf7d87dbe0464f5498cd	5616
mods/heroes.stormmod/base.stormassets/assets/textures/storm_lootbanner_sc_zerg_rare_diff.dds	0453c4e9be7cc171aa8039a3c22ed086	174904
mods/heroes.stormmod/base.stormassets/assets/textures/storm_lootbanner_sc_zerg_rare_diff.lvl0	3831be67b61c46e2aed968c3d72c05a7	2872
mods/heroes.stormmod/base.stormassets/assets/textures/storm_lootbanner_sc_zerg_rare_emis.dds	69030ad62b91a6fa63cb94a13c6404fd	174904
mods/heroes.stormmod/base.stormassets/assets/textures/storm_lootbanner_sc_zerg_rare_emis.lvl0	b710c42a79f5bb58c4a429d3a225f1e3	2872
mods/heroes.stormmod/base.stormassets/assets/textures/storm_lootbanner_sc_zerg_rare_norm.dds	558ba84be8f7003bb0f4cc4ad52ece53	349684
mods/heroes.stormmod/base.stormassets/assets/textures/storm_lootbanner_sc_zerg_rare_norm.lvl0	d5029b0a4bbb58c3de73e770c72f406c	5616
mods/heroes.stormmod/base.stormassets/assets/textures/storm_lootbanner_sc_zerg_rare_spec.dds	77eebf9731925bba554f0ce3b11ff0af	349680
mods/heroes.stormmod/base.stormassets/assets/textures/storm_lootbanner_sc_zerg_rare_spec.lvl0	21e8f1ceb4f5c265231620c0469ad79a	5616
mods/heroes.stormmod/base.stormassets/assets/textures/storm_lootbanner_sc_zerg_rare_var01_diff.dds	9ce3a1afb812fa9d03206b9ac767d517	174904
mods/heroes.stormmod/base.stormassets/assets/textures/storm_lootbanner_sc_zerg_rare_var01_diff.lvl0	5c75c3a04b54e84e17410291b3076a01	824
mods/heroes.stormmod/base.stormassets/assets/textures/storm_lootbanner_sc_zerg_rare_var02_diff.dds	ff465f216b871b36d847e11bc1b9db09	174904
mods/heroes.stormmod/base.stormassets/assets/textures/storm_lootbanner_sc_zerg_rare_var02_diff.lvl0	c22be9fa95e4d91e26da5469e5cb6eab	2872
mods/heroes.stormmod/base.stormassets/assets/textures/storm_lootbanner_sc_zerg_spec.dds	8b2fb4dc80ba963d331c99c423397b6d	349680
mods/heroes.stormmod/base.stormassets/assets/textures/storm_lootbanner_sc_zerg_spec.lvl0	95888fdd5fed64c50a4b8cb98b5ebd21	5616
mods/heroes.stormmod/base.stormassets/assets/textures/storm_lootbanner_sc_zerg_var01_diff.dds	1fb0b61beb00f544d5538bcafc3ddc43	174904
mods/heroes.stormmod/base.stormassets/assets/textures/storm_lootbanner_sc_zerg_var01_diff.lvl0	c02f415e10d58e6e058efeff3e0a0628	824
mods/heroes.stormmod/base.stormassets/assets/textures/storm_lootbanner_sc_zerg_var02_diff.dds	942af83836beff028fbec10caebd2b9b	174904
mods/heroes.stormmod/base.stormassets/assets/textures/storm_lootbanner_sc_zerg_var02_diff.lvl0	873498d305abf7bbfe855502e0194108	2872
mods/heroes.stormmod/base.stormassets/assets/textures/storm_lootbanner_secondbday_decal.dds	f1fca0710058ab1f2bf638a8e8c7b7a9	174928
mods/heroes.stormmod/base.stormassets/assets/textures/storm_lootbanner_secondbday_decal.lvl0	a78290b79d7a22c1e64ba644fd93ca33	2896
mods/heroes.stormmod/base.stormassets/assets/textures/storm_lootbanner_secondbday_diff.dds	6f67c9e2a39ab21022c514e0eb9a1d17	87528
mods/heroes.stormmod/base.stormassets/assets/textures/storm_lootbanner_secondbday_diff.lvl0	82dcb796625f0952bfbeb0296614f0a4	1512
mods/heroes.stormmod/base.stormassets/assets/textures/storm_lootbanner_secondbday_emis.dds	ed0cb65d8fd13c8218fec10ee16cc275	87528
mods/heroes.stormmod/base.stormassets/assets/textures/storm_lootbanner_secondbday_emis.lvl0	9287a3d890e7c09738c6dbdfc56c3d6c	1512
mods/heroes.stormmod/base.stormassets/assets/textures/storm_lootbanner_secondbday_spec.dds	0ffe72f97e448b406afcd5fce58b3806	174928
mods/heroes.stormmod/base.stormassets/assets/textures/storm_lootbanner_secondbday_spec.lvl0	fdab6f0d4c0c0b5ffda0f32772f9b749	2896
mods/heroes.stormmod/base.stormassets/assets/textures/storm_lootbanner_spooky18_diff.dds	61477fc8d31ca05856aa7d2fb7d489dc	699192
mods/heroes.stormmod/base.stormassets/assets/textures/storm_lootbanner_spooky18_diff.lvl0	c20411c3048bbda9cb5180c7675e9932	2872
mods/heroes.stormmod/base.stormassets/assets/textures/storm_lootbanner_spooky18_emis.dds	a8e7d4b7885aff91767bef9cd75c0844	699192
mods/heroes.stormmod/base.stormassets/assets/textures/storm_lootbanner_spooky18_emis.lvl0	25920838ab85852c161a5164ab2e5156	2872
mods/heroes.stormmod/base.stormassets/assets/textures/storm_lootbanner_spooky18_norm.dds	d9b3a92b86ea774ccb1b225fa8372223	1398260
mods/heroes.stormmod/base.stormassets/assets/textures/storm_lootbanner_spooky18_norm.lvl0	9dd986deb4a2fdd4611f8c2bee3dfba2	5616
mods/heroes.stormmod/base.stormassets/assets/textures/storm_lootbanner_spooky18_spec.dds	944a0e61d7231629fd2757830bb526bb	1398256
mods/heroes.stormmod/base.stormassets/assets/textures/storm_lootbanner_spooky18_spec.lvl0	9846143bd43be8f7d064b4854369360e	5616
mods/heroes.stormmod/base.stormassets/assets/textures/storm_lootbanner_spooky18_var1_diff.dds	654cc1dc607a79fd8e5d406dd49ec613	699192
mods/heroes.stormmod/base.stormassets/assets/textures/storm_lootbanner_spooky18_var1_diff.lvl0	d6624342f6d4db31da745ec7a2d23f96	2872
mods/heroes.stormmod/base.stormassets/assets/textures/storm_lootbanner_spooky18_var1_emis.dds	d08972bde699192ec4a4f9f73b1af99b	699192
mods/heroes.stormmod/base.stormassets/assets/textures/storm_lootbanner_spooky18_var1_emis.lvl0	87cbc516c0ce63a1e6692c862fa945f7	2872
mods/heroes.stormmod/base.stormassets/assets/textures/storm_lootbanner_spooky18_var1_spec.dds	222d77877115a333b7e6c68ccb8ab595	1398256
mods/heroes.stormmod/base.stormassets/assets/textures/storm_lootbanner_spooky18_var1_spec.lvl0	e574f63fb70c2ae018aef9d5af0d6846	5616
mods/heroes.stormmod/base.stormassets/assets/textures/storm_lootbanner_spooky18_var2_diff.dds	3755df829a9acdf45fd35a6aef71eeed	699192
mods/heroes.stormmod/base.stormassets/assets/textures/storm_lootbanner_spooky18_var2_diff.lvl0	1f3ab44eee153e848ff06f9146906dee	2872
mods/heroes.stormmod/base.stormassets/assets/textures/storm_lootbanner_spooky18_var2_emis.dds	d818559087bf497995e8242c6960e315	699192
mods/heroes.stormmod/base.stormassets/assets/textures/storm_lootbanner_spooky18_var2_emis.lvl0	ea9b4701b4b1f9fadbb24612f3fdf14c	2872
mods/heroes.stormmod/base.stormassets/assets/textures/storm_lootbanner_spooky18_var2_spec.dds	6e278fe8ccd43fed17b3416128dc24da	1398256
mods/heroes.stormmod/base.stormassets/assets/textures/storm_lootbanner_spooky18_var2_spec.lvl0	1ccadce9fc667fc5d5b23eca5d1d21ee	5616
mods/heroes.stormmod/base.stormassets/assets/textures/storm_lootbanner_spooky18_var3_diff.dds	629133102ee5e86c592c6ee5ff0805bd	699192
mods/heroes.stormmod/base.stormassets/assets/textures/storm_lootbanner_spooky18_var3_diff.lvl0	7b508dd4d5b92a7d370cf9220284b06f	2872
mods/heroes.stormmod/base.stormassets/assets/textures/storm_lootbanner_spooky18_var3_emis.dds	f30b874aa2d47d76a1ebf0c75ee049db	699192
mods/heroes.stormmod/base.stormassets/assets/textures/storm_lootbanner_spooky18_var3_emis.lvl0	4091225a33740e50bccd4d5c8c0549e2	2872
mods/heroes.stormmod/base.stormassets/assets/textures/storm_lootbanner_spooky18_var3_spec.dds	cbb0ff92d4a1daf869ccc98e1700c739	1398256
mods/heroes.stormmod/base.stormassets/assets/textures/storm_lootbanner_spooky18_var3_spec.lvl0	53953228789e9a1bcfd5cfb5424f8524	5616
mods/heroes.stormmod/base.stormassets/assets/textures/storm_lootbanner_spooky18_var4_diff.dds	b505fafe4a639e55102c711ac2694016	699192
mods/heroes.stormmod/base.stormassets/assets/textures/storm_lootbanner_spooky18_var4_diff.lvl0	b58586652222e5768f617b1cc6290cb6	2872
mods/heroes.stormmod/base.stormassets/assets/textures/storm_lootbanner_spooky18_var4_emis.dds	48b546c29c97d4cab8544dd7f0dd0d2d	699192
mods/heroes.stormmod/base.stormassets/assets/textures/storm_lootbanner_spooky18_var4_emis.lvl0	f0da4d622c5cafa127087a77c45a2db9	2872
mods/heroes.stormmod/base.stormassets/assets/textures/storm_lootbanner_spooky18_var4_spec.dds	aea8dcfee19d610e6948b29abc12d613	1398256
mods/heroes.stormmod/base.stormassets/assets/textures/storm_lootbanner_spooky18_var4_spec.lvl0	2b66fe6c2e4e66fee075dbe8a41e93fd	5616
mods/heroes.stormmod/base.stormassets/assets/textures/storm_lootbanner_tespa_2018_diff.dds	d307620ab9ffcfea3f011aa2f1f9df29	87528
mods/heroes.stormmod/base.stormassets/assets/textures/storm_lootbanner_tespa_2018_diff.lvl0	8aa1ac880aeef1f9b57b137ff779b17e	488
mods/heroes.stormmod/base.stormassets/assets/textures/storm_lootbanner_tespa_2018_emis.dds	bcea2494b89f9c28c47ae9dd9ff3790c	87528
mods/heroes.stormmod/base.stormassets/assets/textures/storm_lootbanner_tespa_2018_emis.lvl0	192e08bc8101818c23cb54ae0c69dfd8	488
mods/heroes.stormmod/base.stormassets/assets/textures/storm_lootbanner_tespa_2018_norm.dds	94202f6328fff3e476c0e46d3648217d	174932
mods/heroes.stormmod/base.stormassets/assets/textures/storm_lootbanner_tespa_2018_norm.lvl0	dd4e509a1f8748ed5da17249774db880	848
mods/heroes.stormmod/base.stormassets/assets/textures/storm_lootbanner_tespa_2018_spec.dds	b0faf5756e2a063233a33f9bb8a2d6ca	174928
mods/heroes.stormmod/base.stormassets/assets/textures/storm_lootbanner_tespa_2018_spec.lvl0	3ac978b5f83f957b267eea866c3cce23	848
mods/heroes.stormmod/base.stormassets/assets/textures/storm_lootbanner_toys18_dehaka_diff.dds	a2c0b3792f06d26c7ad7ca5f6c0d1505	699192
mods/heroes.stormmod/base.stormassets/assets/textures/storm_lootbanner_toys18_dehaka_diff.lvl0	5b174b06d0e596d094549300d73adb80	2872
mods/heroes.stormmod/base.stormassets/assets/textures/storm_lootbanner_toys18_dehaka_emis.dds	fe92a147b3171f004b27cc5c5765356a	1398256
mods/heroes.stormmod/base.stormassets/assets/textures/storm_lootbanner_toys18_dehaka_emis.lvl0	1f8b574129fc851ef8aca378490a6106	5616
mods/heroes.stormmod/base.stormassets/assets/textures/storm_lootbanner_toys18_dehaka_norm.dds	746009d61f30dc92639fd6a6be487d49	1398260
mods/heroes.stormmod/base.stormassets/assets/textures/storm_lootbanner_toys18_dehaka_norm.lvl0	69f6f2f19ff8a5fa79e7f3b0bf815175	5616
mods/heroes.stormmod/base.stormassets/assets/textures/storm_lootbanner_toys18_dehaka_spec.dds	52be8fc4c25d8f730a52c457817cb654	1398256
mods/heroes.stormmod/base.stormassets/assets/textures/storm_lootbanner_toys18_dehaka_spec.lvl0	1925159f10459b930304f0a89d959c23	5616
mods/heroes.stormmod/base.stormassets/assets/textures/storm_lootbanner_toys18_stitches_diff.dds	06a65680bdc5f66e51bc5649af0c3d6a	174904
mods/heroes.stormmod/base.stormassets/assets/textures/storm_lootbanner_toys18_stitches_diff.lvl0	a0c0dbe7dab4cccbba7cd38526133734	824
mods/heroes.stormmod/base.stormassets/assets/textures/storm_lootbanner_toys18_stitches_norm.dds	280b3f30907b743160c220b46ea0d25e	349684
mods/heroes.stormmod/base.stormassets/assets/textures/storm_lootbanner_toys18_stitches_norm.lvl0	15b51d9eb2728304da6f0f1fee79423e	1520
mods/heroes.stormmod/base.stormassets/assets/textures/storm_lootbanner_toys18_stitches_spec.dds	6094a956d24d1e4e15bce39f063ae785	349680
mods/heroes.stormmod/base.stormassets/assets/textures/storm_lootbanner_toys18_stitches_spec.lvl0	fc3c42f096c22aa19c85bf4b6303146f	1520
mods/heroes.stormmod/base.stormassets/assets/textures/storm_lootbanner_toys18_valeera_diff.dds	db15bdbe14e49af69ef52402364093b3	174904
mods/heroes.stormmod/base.stormassets/assets/textures/storm_lootbanner_toys18_valeera_diff.lvl0	12afe4dfc48eb01d57e904cdc00bbb84	2872
mods/heroes.stormmod/base.stormassets/assets/textures/storm_lootbanner_toys18_valeera_emis.dds	c17c243b497575efc9c2f50d78876c21	349680
mods/heroes.stormmod/base.stormassets/assets/textures/storm_lootbanner_toys18_valeera_emis.lvl0	70ccc2cb4b7e189d1b3de974e86a2ca1	5616
mods/heroes.stormmod/base.stormassets/assets/textures/storm_lootbanner_toys18_valeera_emis2.dds	45bdc484bfc1b3b987e26ee36288de3c	349680
mods/heroes.stormmod/base.stormassets/assets/textures/storm_lootbanner_toys18_valeera_emis2.lvl0	e7213d416591a5d6e4fc14863ad6545e	5616
mods/heroes.stormmod/base.stormassets/assets/textures/storm_lootbanner_toys18_valeera_norm.dds	978975e4c5ac3472502d82d27c2ae310	349680
mods/heroes.stormmod/base.stormassets/assets/textures/storm_lootbanner_toys18_valeera_norm.lvl0	d25c2ff04d5333ac9e1272192298ba00	5616
mods/heroes.stormmod/base.stormassets/assets/textures/storm_lootbanner_toys18_valeera_spec.dds	2ca9b2ce028bf9c5a685ad52dca63850	349680
mods/heroes.stormmod/base.stormassets/assets/textures/storm_lootbanner_toys18_valeera_spec.lvl0	d259a5a3c8ce0d205bb0bd1298976db9	5616
mods/heroes.stormmod/base.stormassets/assets/textures/storm_lootbanner_wc_alliance_base_decal.dds	46a92c0de5a77dc9abeb234d7dfd3aba	174928
mods/heroes.stormmod/base.stormassets/assets/textures/storm_lootbanner_wc_alliance_base_decal.lvl0	850c74a5e82e6217f13919a5a3f953f1	848
mods/heroes.stormmod/base.stormassets/assets/textures/storm_lootbanner_wc_alliance_base_diff.dds	f7f40f977c01f5601ed6d75f18cef650	174904
mods/heroes.stormmod/base.stormassets/assets/textures/storm_lootbanner_wc_alliance_base_diff.lvl0	28ec4859f144f713d897f974352f644b	824
mods/heroes.stormmod/base.stormassets/assets/textures/storm_lootbanner_wc_alliance_base_emis.dds	39072680b4a2a0facd38450fab880235	174904
mods/heroes.stormmod/base.stormassets/assets/textures/storm_lootbanner_wc_alliance_base_emis.lvl0	8d3d020c9bb9c5043271a6406aa43b87	824
mods/heroes.stormmod/base.stormassets/assets/textures/storm_lootbanner_wc_alliance_base_norm.dds	e692ed4b496c848efb2f9384fa457ad2	349684
mods/heroes.stormmod/base.stormassets/assets/textures/storm_lootbanner_wc_alliance_base_norm.lvl0	7536c0cfe17797ee368f34cb81ad7fd4	1520
mods/heroes.stormmod/base.stormassets/assets/textures/storm_lootbanner_wc_alliance_base_spec.dds	d8fd86301bdb148d077a339fe1cf87a2	349680
mods/heroes.stormmod/base.stormassets/assets/textures/storm_lootbanner_wc_alliance_base_spec.lvl0	d5458c3fde7703f017b60a6afa34b231	1520
mods/heroes.stormmod/base.stormassets/assets/textures/storm_lootbanner_wc_alliance_var1_diff.dds	227235e44846308e3a29480208b1ef8e	174904
mods/heroes.stormmod/base.stormassets/assets/textures/storm_lootbanner_wc_alliance_var1_diff.lvl0	f92ed1fe71eb4baab5c6d7c5d1d99bdb	824
mods/heroes.stormmod/base.stormassets/assets/textures/storm_lootbanner_wc_alliance_var1_spec.dds	10e8dda0ee76ba3f7cc841748840a696	349680
mods/heroes.stormmod/base.stormassets/assets/textures/storm_lootbanner_wc_alliance_var1_spec.lvl0	a591d7eada13fa1f89ba9f25b06a2a53	5616
mods/heroes.stormmod/base.stormassets/assets/textures/storm_lootbanner_wc_alliance_var2_decal.dds	e361456319ac8fe13642162bb7838aa9	174928
mods/heroes.stormmod/base.stormassets/assets/textures/storm_lootbanner_wc_alliance_var2_decal.lvl0	974185133051fd549886840c5b4c2aab	2896
mods/heroes.stormmod/base.stormassets/assets/textures/storm_lootbanner_wc_alliance_var2_diff.dds	a292545557d84a77aab3d6d9980a67f3	174904
mods/heroes.stormmod/base.stormassets/assets/textures/storm_lootbanner_wc_alliance_var2_diff.lvl0	251906b9a347208b7ae84eb86a6b91ac	2872
mods/heroes.stormmod/base.stormassets/assets/textures/storm_lootbanner_wc_alliance_var2_emis.dds	1f31cdfa4170ac4e476559c9ecdbadf5	174904
mods/heroes.stormmod/base.stormassets/assets/textures/storm_lootbanner_wc_alliance_var2_emis.lvl0	96c769907e0dbc715f59ba61627bbd7a	2872
mods/heroes.stormmod/base.stormassets/assets/textures/storm_lootbanner_wc_alliance_var2_spec.dds	977f61156edf53bff7c17b10f9d807d1	349680
mods/heroes.stormmod/base.stormassets/assets/textures/storm_lootbanner_wc_alliance_var2_spec.lvl0	a77daa781208c7dad7bf1f81675157ae	5616
mods/heroes.stormmod/base.stormassets/assets/textures/storm_lootbanner_wc_dwarf_base_diff.dds	3fbc3a0c5709c19f1a7872e38fc67ade	174904
mods/heroes.stormmod/base.stormassets/assets/textures/storm_lootbanner_wc_dwarf_base_diff.lvl0	c1fd7cf4c0dee2a8d0eecbdcdd87a777	2872
mods/heroes.stormmod/base.stormassets/assets/textures/storm_lootbanner_wc_dwarf_base_emis.dds	2a1dac2df8122f7c32cb889a61c5d0ec	174904
mods/heroes.stormmod/base.stormassets/assets/textures/storm_lootbanner_wc_dwarf_base_emis.lvl0	be3cc959d6b182af9d3a910dfe0e292a	2872
mods/heroes.stormmod/base.stormassets/assets/textures/storm_lootbanner_wc_dwarf_base_norm.dds	480ea383aaaa26a574465578b01c0962	349684
mods/heroes.stormmod/base.stormassets/assets/textures/storm_lootbanner_wc_dwarf_base_norm.lvl0	ffe5e1cb87a0d03ba8a33c5cfb85065e	5616
mods/heroes.stormmod/base.stormassets/assets/textures/storm_lootbanner_wc_dwarf_base_spec.dds	1a5b4a30c6ecb342860f8163b218f146	349680
mods/heroes.stormmod/base.stormassets/assets/textures/storm_lootbanner_wc_dwarf_base_spec.lvl0	770f0e7521e2eaf85d2dc026139a2a13	5616
mods/heroes.stormmod/base.stormassets/assets/textures/storm_lootbanner_wc_dwarf_var1_diff.dds	5c0f7e8ef9792fdb435e697e06d5a5eb	174904
mods/heroes.stormmod/base.stormassets/assets/textures/storm_lootbanner_wc_dwarf_var1_diff.lvl0	b387413c6caba1d225d3422c065b88d4	824
mods/heroes.stormmod/base.stormassets/assets/textures/storm_lootbanner_wc_dwarf_var1_emis.dds	7448252d965698d51a19c6518e42add2	174904
mods/heroes.stormmod/base.stormassets/assets/textures/storm_lootbanner_wc_dwarf_var1_emis.lvl0	5b260bcbb7f7621bab8639a1e590a457	2872
mods/heroes.stormmod/base.stormassets/assets/textures/storm_lootbanner_wc_dwarf_var1_spec.dds	1a5b4a30c6ecb342860f8163b218f146	349680
mods/heroes.stormmod/base.stormassets/assets/textures/storm_lootbanner_wc_dwarf_var1_spec.lvl0	770f0e7521e2eaf85d2dc026139a2a13	5616
mods/heroes.stormmod/base.stormassets/assets/textures/storm_lootbanner_wc_dwarf_var2_diff.dds	48f36e5b4b9511a95c8cd9fbd41fb4ee	174904
mods/heroes.stormmod/base.stormassets/assets/textures/storm_lootbanner_wc_dwarf_var2_diff.lvl0	e6b3aeed2dd9c98de0490d5b90ee438d	824
mods/heroes.stormmod/base.stormassets/assets/textures/storm_lootbanner_wc_dwarf_var2_emis.dds	2590ddfa4e2525aaae52d0342ea41d0f	174904
mods/heroes.stormmod/base.stormassets/assets/textures/storm_lootbanner_wc_dwarf_var2_emis.lvl0	b2202cd9a6327aef635918a6b1987ac5	2872
mods/heroes.stormmod/base.stormassets/assets/textures/storm_lootbanner_wc_dwarf_var2_spec.dds	1a5b4a30c6ecb342860f8163b218f146	349680
mods/heroes.stormmod/base.stormassets/assets/textures/storm_lootbanner_wc_dwarf_var2_spec.lvl0	770f0e7521e2eaf85d2dc026139a2a13	5616
mods/heroes.stormmod/base.stormassets/assets/textures/storm_lootbanner_wc_horde_base_decal.dds	081185ec612209f8c28ffa3f3bc31f5d	174928
mods/heroes.stormmod/base.stormassets/assets/textures/storm_lootbanner_wc_horde_base_decal.lvl0	f81454eb8ab3cd8bc72327c97763ee73	2896
mods/heroes.stormmod/base.stormassets/assets/textures/storm_lootbanner_wc_horde_base_diff.dds	82a77d4760ad3fb4f983fc8a91ba9008	174904
mods/heroes.stormmod/base.stormassets/assets/textures/storm_lootbanner_wc_horde_base_diff.lvl0	38975ce6f99f7a759e4bf00984ae961c	824
mods/heroes.stormmod/base.stormassets/assets/textures/storm_lootbanner_wc_horde_base_norm.dds	0c5ce296b213d5c4b4a339b657f4c24e	349684
mods/heroes.stormmod/base.stormassets/assets/textures/storm_lootbanner_wc_horde_base_norm.lvl0	2c8476c32f7440d0884de6d94b2f0988	1520
mods/heroes.stormmod/base.stormassets/assets/textures/storm_lootbanner_wc_horde_base_spec.dds	363581421cd9101e3fde1c481af3fb63	349680
mods/heroes.stormmod/base.stormassets/assets/textures/storm_lootbanner_wc_horde_base_spec.lvl0	e1629ec0aebfc33529d65da858189500	1520
mods/heroes.stormmod/base.stormassets/assets/textures/storm_lootbanner_wc_horde_var1_diff.dds	3c88297ee1cb8cabe91a4b05c044c3c4	174904
mods/heroes.stormmod/base.stormassets/assets/textures/storm_lootbanner_wc_horde_var1_diff.lvl0	b1a8e506cba602a7d1050cb038f34e3f	824
mods/heroes.stormmod/base.stormassets/assets/textures/storm_lootbanner_wc_horde_var1_spec.dds	39dde6a30249adf54478a8312a2d1009	349680
mods/heroes.stormmod/base.stormassets/assets/textures/storm_lootbanner_wc_horde_var1_spec.lvl0	085dd0a5ed35057107e345b7876481c8	5616
mods/heroes.stormmod/base.stormassets/assets/textures/storm_lootbanner_wc_kelthuzad_diff.dds	0810546e497b62432ed9d1821be8a1b0	349680
mods/heroes.stormmod/base.stormassets/assets/textures/storm_lootbanner_wc_kelthuzad_diff.lvl0	b97a2af81a36b329913342f977109dd4	1520
mods/heroes.stormmod/base.stormassets/assets/textures/storm_lootbanner_wc_kelthuzad_emis.dds	99d38367bd044a0bb17b54259786264d	174904
mods/heroes.stormmod/base.stormassets/assets/textures/storm_lootbanner_wc_kelthuzad_emis.lvl0	98488b4960ea6145a904f724637cf86b	2872
mods/heroes.stormmod/base.stormassets/assets/textures/storm_lootbanner_wc_kelthuzad_norm.dds	6c173db5bbbcfbcfd6d7cc813db72902	349684
mods/heroes.stormmod/base.stormassets/assets/textures/storm_lootbanner_wc_kelthuzad_norm.lvl0	59a1633545738d7c89b149bee552f74f	5616
mods/heroes.stormmod/base.stormassets/assets/textures/storm_lootbanner_wc_kelthuzad_spec.dds	b4972da54cd6c6cdf77a51c69f9f3f96	349680
mods/heroes.stormmod/base.stormassets/assets/textures/storm_lootbanner_wc_kelthuzad_spec.lvl0	3f2b6358f91a8dbade0b3093d9bcecf6	5616
mods/heroes.stormmod/base.stormassets/assets/textures/storm_lootbanner_wc_nightelf_diff.dds	a5651a3d5586fdfe3c47276acdd5601c	349680
mods/heroes.stormmod/base.stormassets/assets/textures/storm_lootbanner_wc_nightelf_diff.lvl0	5f30e7d44a2f336a2365f99f02973ce9	1520
mods/heroes.stormmod/base.stormassets/assets/textures/storm_lootbanner_wc_nightelf_emis.dds	099bc186f46b0957c06b49d773c52846	174904
mods/heroes.stormmod/base.stormassets/assets/textures/storm_lootbanner_wc_nightelf_emis.lvl0	d3b07cd5c2f23970467a1c429d12a1c0	824
mods/heroes.stormmod/base.stormassets/assets/textures/storm_lootbanner_wc_nightelf_norm.dds	e1887fca6382c51954b1f27549d42ae7	349684
mods/heroes.stormmod/base.stormassets/assets/textures/storm_lootbanner_wc_nightelf_norm.lvl0	ad2ee79c29edc02f71431a3646b6b4b9	1520
mods/heroes.stormmod/base.stormassets/assets/textures/storm_lootbanner_wc_nightelf_spec.dds	b28aeb409384a78eb2dee83501f7a09a	349680
mods/heroes.stormmod/base.stormassets/assets/textures/storm_lootbanner_wc_nightelf_spec.lvl0	8fa20f372f8978ecc88e5b1a186f8c37	1520
mods/heroes.stormmod/base.stormassets/assets/textures/storm_lootbanner_wc_nightelf_var1_diff.dds	70ef5e98658dadb712b172db77199564	349680
mods/heroes.stormmod/base.stormassets/assets/textures/storm_lootbanner_wc_nightelf_var1_diff.lvl0	3850cba1adb044e54b2760f4ed962ce4	1520
mods/heroes.stormmod/base.stormassets/assets/textures/storm_lootbanner_wc_nightelf_var1_emis.dds	ffd34f16d82ce2ebb110fe7d7a7c2881	174904
mods/heroes.stormmod/base.stormassets/assets/textures/storm_lootbanner_wc_nightelf_var1_emis.lvl0	824bc188883eb6d2e47dac9837132fd2	2872
mods/heroes.stormmod/base.stormassets/assets/textures/storm_lootbanner_wc_tauren_diff.dds	77c62fb9afe7ab963daf79403cf337e3	174904
mods/heroes.stormmod/base.stormassets/assets/textures/storm_lootbanner_wc_tauren_diff.lvl0	1bc0815fd8238496cd57568ccd05c59a	824
mods/heroes.stormmod/base.stormassets/assets/textures/storm_lootbanner_wc_tauren_emis.dds	2962b8024762772ddd09453220f1dd5e	174904
mods/heroes.stormmod/base.stormassets/assets/textures/storm_lootbanner_wc_tauren_emis.lvl0	484690ec23783c6d61b8aafa20ce3e75	824
mods/heroes.stormmod/base.stormassets/assets/textures/storm_lootbanner_wc_tauren_norm.dds	55a28d08da28182c0f892584b83f0cb8	349684
mods/heroes.stormmod/base.stormassets/assets/textures/storm_lootbanner_wc_tauren_norm.lvl0	e8794b9960eaca435198721b453a556d	1520
mods/heroes.stormmod/base.stormassets/assets/textures/storm_lootbanner_wc_tauren_spec.dds	d4ea229faa8c77b018fa8caa4bcd734d	349680
mods/heroes.stormmod/base.stormassets/assets/textures/storm_lootbanner_wc_tauren_spec.lvl0	b996932772654f8bec4c159291941603	1520
mods/heroes.stormmod/base.stormassets/assets/textures/storm_lootbanner_wc_tauren_var1_diff.dds	920235721e1a2ce272494847bf7ebfac	174904
mods/heroes.stormmod/base.stormassets/assets/textures/storm_lootbanner_wc_tauren_var1_diff.lvl0	69ad3828a6015b6af069eeef8f472628	824
mods/heroes.stormmod/base.stormassets/assets/textures/storm_lootbanner_wc_tauren_var1_emis.dds	145bab0b8314dbec9af95931cdf5356b	174904
mods/heroes.stormmod/base.stormassets/assets/textures/storm_lootbanner_wc_tauren_var1_emis.lvl0	903d067e913180a4cfe71155b65f204c	824
mods/heroes.stormmod/base.stormassets/assets/textures/storm_lootbanner_wcav_alliance_decal.dds	a2cfc94be6ec83b46ab2db222195d7e2	174928
mods/heroes.stormmod/base.stormassets/assets/textures/storm_lootbanner_wcav_alliance_decal.lvl0	22d79f767337c2e5d14731923b5450cf	2896
mods/heroes.stormmod/base.stormassets/assets/textures/storm_lootbanner_wcav_alliance_diff.dds	7323738a1638a0449eb8cc3e1c52ddfb	174904
mods/heroes.stormmod/base.stormassets/assets/textures/storm_lootbanner_wcav_alliance_diff.lvl0	690f76de910d5168085c26cc840b1569	2872
mods/heroes.stormmod/base.stormassets/assets/textures/storm_lootbanner_wcav_alliance_emis.dds	d634855cc08723afa917911046a6d61a	174904
mods/heroes.stormmod/base.stormassets/assets/textures/storm_lootbanner_wcav_alliance_emis.lvl0	ea4be4dd0868548904e1446edb5b3176	2872
mods/heroes.stormmod/base.stormassets/assets/textures/storm_lootbanner_wcav_alliance_norm.dds	c025ce8d9a3bf894f79a55f89a2b8db1	349684
mods/heroes.stormmod/base.stormassets/assets/textures/storm_lootbanner_wcav_alliance_norm.lvl0	e37facb9b612b2adec0093f2cbaa8821	5616
mods/heroes.stormmod/base.stormassets/assets/textures/storm_lootbanner_wcav_alliance_spec.dds	a740088251c9831e2b1267b6f95ff457	349680
mods/heroes.stormmod/base.stormassets/assets/textures/storm_lootbanner_wcav_alliance_spec.lvl0	7f29a70c2d2723e8caba32a35f73b970	5616
mods/heroes.stormmod/base.stormassets/assets/textures/storm_lootbanner_wcav_horde_decal.dds	1ad5518b9cc31d937421b17aea96e999	174928
mods/heroes.stormmod/base.stormassets/assets/textures/storm_lootbanner_wcav_horde_decal.lvl0	4c491b17ffd6750799f317f1f23a41a2	2896
mods/heroes.stormmod/base.stormassets/assets/textures/storm_lootbanner_wcav_horde_diff.dds	55b93ed707cb499017997ae56a371752	174904
mods/heroes.stormmod/base.stormassets/assets/textures/storm_lootbanner_wcav_horde_diff.lvl0	4034f43f704ae9c7cb1954a8b67d8da0	2872
mods/heroes.stormmod/base.stormassets/assets/textures/storm_lootbanner_wcav_horde_norm.dds	7715a50ead113d85d438fd95f93a7855	349684
mods/heroes.stormmod/base.stormassets/assets/textures/storm_lootbanner_wcav_horde_norm.lvl0	6ccfe07e27a4fa6380c80ee8c1de3761	5616
mods/heroes.stormmod/base.stormassets/assets/textures/storm_lootbanner_wcav_horde_spec.dds	75238d3f26aa0fff63dad5f90d36ff4c	349680
mods/heroes.stormmod/base.stormassets/assets/textures/storm_lootbanner_wcav_horde_spec.lvl0	dcdeec230672ace487831b68c2b8b6cf	5616
mods/heroes.stormmod/base.stormassets/assets/textures/storm_lootbanner_winterveil2017_base_decal.dds	b932aa54fb827444b8808c18bc5baeb4	174928
mods/heroes.stormmod/base.stormassets/assets/textures/storm_lootbanner_winterveil2017_base_decal.lvl0	42ea3468d15df15b9d85e3474091b13b	848
mods/heroes.stormmod/base.stormassets/assets/textures/storm_lootbanner_winterveil2017_base_diff.dds	d6fea962b84b9c4c23c0a0772a755aff	174904
mods/heroes.stormmod/base.stormassets/assets/textures/storm_lootbanner_winterveil2017_base_diff.lvl0	31b2eddfa6e59ede15e8ff0380b4a73b	824
mods/heroes.stormmod/base.stormassets/assets/textures/storm_lootbanner_winterveil2017_base_emis.dds	77a4b07aed592071d787d85f2f5fa57b	174904
mods/heroes.stormmod/base.stormassets/assets/textures/storm_lootbanner_winterveil2017_base_emis.lvl0	83c94761af0227b2f1aa08f84d7611d4	824
mods/heroes.stormmod/base.stormassets/assets/textures/storm_lootbanner_winterveil2017_base_norm.dds	67afc2f864600be0c0d5f86063ffa5d7	349684
mods/heroes.stormmod/base.stormassets/assets/textures/storm_lootbanner_winterveil2017_base_norm.lvl0	4edc562ee5415b100783dc2e6de56e76	1520
mods/heroes.stormmod/base.stormassets/assets/textures/storm_lootbanner_winterveil2017_base_spec.dds	82d5307a5a02526bebbc1db3175feb0a	349680
mods/heroes.stormmod/base.stormassets/assets/textures/storm_lootbanner_winterveil2017_base_spec.lvl0	52ccc5b7c9a17ac8af11c5f52182a369	1520
mods/heroes.stormmod/base.stormassets/assets/textures/storm_lootbanner_witchspooky18_diff.dds	c34a63fe4eb3fd99fd4d4b73226f203f	174904
mods/heroes.stormmod/base.stormassets/assets/textures/storm_lootbanner_witchspooky18_diff.lvl0	38f082012ca426a90b0d53c0c083297a	824
mods/heroes.stormmod/base.stormassets/assets/textures/storm_lootbanner_witchspooky18_emis.dds	1fcdfe89cea57df391b8ee4c4af809f9	174904
mods/heroes.stormmod/base.stormassets/assets/textures/storm_lootbanner_witchspooky18_emis.lvl0	ef9b9bae0d9bb7ed7d62ac567096e476	824
mods/heroes.stormmod/base.stormassets/assets/textures/storm_lootbanner_witchspooky18_norm.dds	e0ff606edf697bc4a3601e88d9c9aa48	349684
mods/heroes.stormmod/base.stormassets/assets/textures/storm_lootbanner_witchspooky18_norm.lvl0	e78fa0acc31bda7dd5a11a9e3e385218	1520
mods/heroes.stormmod/base.stormassets/assets/textures/storm_lootbanner_witchspooky18_spec.dds	7634c3118be9b73c33743e8dc95f9ec5	349680
mods/heroes.stormmod/base.stormassets/assets/textures/storm_lootbanner_witchspooky18_spec.lvl0	7459e734d4928f10877b3d8218f2f807	1520
mods/heroes.stormmod/base.stormassets/assets/textures/storm_lootbanner_witchspooky18_var1_diff.dds	af6a08b32ffd12c1220ea5a81f4dbf66	174904
mods/heroes.stormmod/base.stormassets/assets/textures/storm_lootbanner_witchspooky18_var1_diff.lvl0	2abbcde86a50713ad885389b5cf03a7f	824
mods/heroes.stormmod/base.stormassets/assets/textures/storm_lootbanner_witchspooky18_var1_emis.dds	30903465c675777bc01d15b8427e98bd	174904
mods/heroes.stormmod/base.stormassets/assets/textures/storm_lootbanner_witchspooky18_var1_emis.lvl0	8134c802ba0d3270ef2bc3449ceb1b19	824
mods/heroes.stormmod/base.stormassets/assets/textures/storm_lootbanner_witchspooky18_var1_spec.dds	4d2b395760f749c7303e872ff4440c3f	349680
mods/heroes.stormmod/base.stormassets/assets/textures/storm_lootbanner_witchspooky18_var1_spec.lvl0	0cfba3984926c8a15405254f22dc7f37	1520
mods/heroes.stormmod/base.stormassets/assets/textures/storm_lootbanner_witchspooky18_var2_diff.dds	658e6957d4e659b4882f09a0d65acd0d	174904
mods/heroes.stormmod/base.stormassets/assets/textures/storm_lootbanner_witchspooky18_var2_diff.lvl0	7a077699e630af631ecbe089a035cd14	824
mods/heroes.stormmod/base.stormassets/assets/textures/storm_lootbanner_witchspooky18_var2_emis.dds	a6c40d05cfd220eb0e92357ae57358f5	174904
mods/heroes.stormmod/base.stormassets/assets/textures/storm_lootbanner_witchspooky18_var2_emis.lvl0	591c40d108566c9a9f4c67f6e1d227a2	824
mods/heroes.stormmod/base.stormassets/assets/textures/storm_lootbanner_witchspooky18_var2_spec.dds	2c965b9aef2dec64d28e9bacab2de1bb	349680
mods/heroes.stormmod/base.stormassets/assets/textures/storm_lootbanner_witchspooky18_var2_spec.lvl0	42cb6298644e3d32422ec8b76255b50a	1520
mods/heroes.stormmod/base.stormassets/assets/textures/storm_lootbanner_witchspooky18_var3_diff.dds	985eebb1b2d9fb2217c34fdf6b0cf282	174904
mods/heroes.stormmod/base.stormassets/assets/textures/storm_lootbanner_witchspooky18_var3_diff.lvl0	9c9dcee87d69e0dae493cf402fabe43e	824
mods/heroes.stormmod/base.stormassets/assets/textures/storm_lootbanner_witchspooky18_var3_emis.dds	9e11274397fc4ad336a921fe11a04b96	174904
mods/heroes.stormmod/base.stormassets/assets/textures/storm_lootbanner_witchspooky18_var3_emis.lvl0	b4b0604d37c9cb30f38f840bcdd946e1	824
mods/heroes.stormmod/base.stormassets/assets/textures/storm_lootbanner_witchspooky18_var3_spec.dds	2c965b9aef2dec64d28e9bacab2de1bb	349680
mods/heroes.stormmod/base.stormassets/assets/textures/storm_lootbanner_witchspooky18_var3_spec.lvl0	42cb6298644e3d32422ec8b76255b50a	1520
mods/heroes.stormmod/base.stormassets/assets/textures/storm_lootbanner_witchspooky18_var4_diff.dds	d45b9eb5afecc15c874de8c97a1712f2	174904
mods/heroes.stormmod/base.stormassets/assets/textures/storm_lootbanner_witchspooky18_var4_diff.lvl0	8cea5e2e3e1064e57436b954be670ad9	824
mods/heroes.stormmod/base.stormassets/assets/textures/storm_lootbanner_witchspooky18_var4_emis.dds	d6f9027316c44ad3b2a8f48430d98e41	174904
mods/heroes.stormmod/base.stormassets/assets/textures/storm_lootbanner_witchspooky18_var4_emis.lvl0	289152fbfdd12f2ebbb1baede4e843ec	824
mods/heroes.stormmod/base.stormassets/assets/textures/storm_lootbanner_witchspooky18_var4_spec.dds	78f7b4fe9eb7c31ae5068bd0172ac076	349680
mods/heroes.stormmod/base.stormassets/assets/textures/storm_lootbanner_witchspooky18_var4_spec.lvl0	4fece31cbb203308eaf06aa04224a970	1520
mods/heroes.stormmod/base.stormassets/assets/textures/storm_lootbox_base01_common_emis.dds	3a06270b6c376a35bb6559ab727862e3	5592552
mods/heroes.stormmod/base.stormassets/assets/textures/storm_lootbox_base01_common_emis.lvl0	b3c16e1eb1ae1118ef8e41139053a131	1512
mods/heroes.stormmod/base.stormassets/assets/textures/storm_lootbox_base01_diff.dds	611bb20c6b68f92249b82e365ab0e545	5592552
mods/heroes.stormmod/base.stormassets/assets/textures/storm_lootbox_base01_diff.lvl0	1f3638b509b73bf14f79c2f69a33e285	1512
mods/heroes.stormmod/base.stormassets/assets/textures/storm_lootbox_base01_env.dds	878c1e51c711c6fce6aadabf32d1dc81	43832
mods/heroes.stormmod/base.stormassets/assets/textures/storm_lootbox_base01_env.lvl0	c07629f1978ac43ca97b6f002ea38ce6	312
mods/heroes.stormmod/base.stormassets/assets/textures/storm_lootbox_base01_legendary_emis.dds	146e5776a855370d978cc804f5519918	5592552
mods/heroes.stormmod/base.stormassets/assets/textures/storm_lootbox_base01_legendary_emis.lvl0	c05a9a10e4b8200f56af55c1f97ab27d	1512
mods/heroes.stormmod/base.stormassets/assets/textures/storm_lootbox_base01_mask01.dds	697126ab59b69df06d3284dfd08891e3	5592552
mods/heroes.stormmod/base.stormassets/assets/textures/storm_lootbox_base01_mask01.lvl0	f11c1a3cd3d7c1007ccac43a6a53e7ff	1512
mods/heroes.stormmod/base.stormassets/assets/textures/storm_lootbox_base01_norm.dds	eefa53b6cc817ce72eae7ceb94623891	11184980
mods/heroes.stormmod/base.stormassets/assets/textures/storm_lootbox_base01_norm.lvl0	1e4fe04738b575c4cf1ea1ae6cffbbc4	2896
mods/heroes.stormmod/base.stormassets/assets/textures/storm_lootbox_base01_spec.dds	021abdfbcb435af2ce9ec802a4e6fcbd	5592552
mods/heroes.stormmod/base.stormassets/assets/textures/storm_lootbox_base01_spec.lvl0	59df4000f933cca1699e57270739462a	1512
mods/heroes.stormmod/base.stormassets/assets/textures/storm_lootbox_mecha19_common_diff.dds	2444efde973cf6e0272192632d01fd40	1398248
mods/heroes.stormmod/base.stormassets/assets/textures/storm_lootbox_mecha19_common_diff.lvl0	26270c3249f63277f2509cae7c746733	1512
mods/heroes.stormmod/base.stormassets/assets/textures/storm_lootbox_mecha19_common_emis.dds	9663c1cc5be3a5bc25a9ac7965957231	349672
mods/heroes.stormmod/base.stormassets/assets/textures/storm_lootbox_mecha19_common_emis.lvl0	fef5a139c380274eb831fdad0299eb59	1512
mods/heroes.stormmod/base.stormassets/assets/textures/storm_lootbox_mecha19_common_spec.dds	f91d8b899c5def60489ebabbeedde6fa	2796368
mods/heroes.stormmod/base.stormassets/assets/textures/storm_lootbox_mecha19_common_spec.lvl0	76ae0ed3a33d1a177591283f12ea4668	2896
mods/heroes.stormmod/base.stormassets/assets/textures/storm_lootbox_mecha19_epic_diff.dds	9c35a19683da57a2332a05af710abba4	1398248
mods/heroes.stormmod/base.stormassets/assets/textures/storm_lootbox_mecha19_epic_diff.lvl0	3b2963096510c3b0c7c803ee03f8c5f6	1512
mods/heroes.stormmod/base.stormassets/assets/textures/storm_lootbox_mecha19_epic_emis.dds	0f7417636cde3c2d921f46214668edda	1398248
mods/heroes.stormmod/base.stormassets/assets/textures/storm_lootbox_mecha19_epic_emis.lvl0	811d4a1cab7fe33198aa41cfc4ae9da1	1512
mods/heroes.stormmod/base.stormassets/assets/textures/storm_lootbox_mecha19_norm.dds	90b09f5672b1679c1944bc34f34ce65d	2796372
mods/heroes.stormmod/base.stormassets/assets/textures/storm_lootbox_mecha19_norm.lvl0	37ca3d8d6e13881ed5b256266c1bd72a	2896
mods/heroes.stormmod/base.stormassets/assets/textures/storm_lootbox_mecha19_rare_diff.dds	776fa452aa34ceea19122a7a4aa48c37	1398248
mods/heroes.stormmod/base.stormassets/assets/textures/storm_lootbox_mecha19_rare_diff.lvl0	6c6661983b8358d55490398d261f60ee	1512
mods/heroes.stormmod/base.stormassets/assets/textures/storm_lootbox_mecha19_rare_emis.dds	5ed4b6a7b70b29d68e15544b11ad635a	5592552
mods/heroes.stormmod/base.stormassets/assets/textures/storm_lootbox_mecha19_rare_emis.lvl0	b29288c387ff9ad072643b5f49c34be7	1512
mods/heroes.stormmod/base.stormassets/assets/textures/storm_lootbox_mecha19_rare_spec.dds	41dd24c692c53e3ad073d6b39dc4d820	2796368
mods/heroes.stormmod/base.stormassets/assets/textures/storm_lootbox_mecha19_rare_spec.lvl0	e2bbd882b629be2940333efaee633724	2896
mods/heroes.stormmod/base.stormassets/assets/textures/storm_lootbox_mecha19_spec.dds	f91d8b899c5def60489ebabbeedde6fa	2796368
mods/heroes.stormmod/base.stormassets/assets/textures/storm_lootbox_mecha19_spec.lvl0	76ae0ed3a33d1a177591283f12ea4668	2896
mods/heroes.stormmod/base.stormassets/assets/textures/storm_lootcontent_banner_fx.dds	c5d7c48b078d5e74450c0c4dc898e544	174904
mods/heroes.stormmod/base.stormassets/assets/textures/storm_lootcontent_banner_fx.lvl0	b833ad2008105eda9c8a0ed2fe870cee	2872
mods/heroes.stormmod/base.stormassets/assets/textures/storm_lootcontent_banner_witchdoctor_diff.dds	b5abd2e9d1c8cf8210848d6524f3f60b	349680
mods/heroes.stormmod/base.stormassets/assets/textures/storm_lootcontent_banner_witchdoctor_diff.lvl0	f6c7892ad86a2ccaef834c6af6d0bc4e	5616
mods/heroes.stormmod/base.stormassets/assets/textures/storm_lootcontent_banner_witchdoctor_emis.dds	98f224a0ae0031a58d4dc71cc21d25c4	174904
mods/heroes.stormmod/base.stormassets/assets/textures/storm_lootcontent_banner_witchdoctor_emis.lvl0	74f5ce409d16ce0a3f2727825e9c6d47	2872
mods/heroes.stormmod/base.stormassets/assets/textures/storm_lootcontent_banner_witchdoctor_norm.dds	53cd900e6f40d80d14a89d6a04fd9d05	349684
mods/heroes.stormmod/base.stormassets/assets/textures/storm_lootcontent_banner_witchdoctor_norm.lvl0	5725c68127434498c3893b2b6f6463fa	5616
mods/heroes.stormmod/base.stormassets/assets/textures/storm_lootcontent_banner_witchdoctor_spec.dds	c7c206a835fb3f03a3899fa9f098549b	349680
mods/heroes.stormmod/base.stormassets/assets/textures/storm_lootcontent_banner_witchdoctor_spec.lvl0	adca8d4f4385278326468558e124420b	5616
mods/heroes.stormmod/base.stormassets/assets/textures/storm_lootcontent_banner_witchdoctor_var1_diff.dds	b35718c987420e954c9ba5cabd5c7611	349680
mods/heroes.stormmod/base.stormassets/assets/textures/storm_lootcontent_banner_witchdoctor_var1_diff.lvl0	7ba46c6a5bad74883b6b1bd11f6eddb9	1520
mods/heroes.stormmod/base.stormassets/assets/textures/storm_lootcontent_banner_witchdoctor_var1_emis.dds	91822003738ee56c4e7ba07eaab4fd77	174904
mods/heroes.stormmod/base.stormassets/assets/textures/storm_lootcontent_banner_witchdoctor_var1_emis.lvl0	6a6f135d9b04ac6085bbe74c91c7cf4a	2872
mods/heroes.stormmod/base.stormassets/assets/textures/storm_lootcontent_banner_witchdoctor_var1_spec.dds	e67774e8961efafdcbad21e02d321dae	349680
mods/heroes.stormmod/base.stormassets/assets/textures/storm_lootcontent_banner_witchdoctor_var1_spec.lvl0	494a4efa4fe589c07abd265f102377b6	5616
mods/heroes.stormmod/base.stormassets/assets/textures/storm_lootcontent_banner_witchdoctor_var2_diff.dds	30f1d403187ddb37322ed4345e38ce10	349680
mods/heroes.stormmod/base.stormassets/assets/textures/storm_lootcontent_banner_witchdoctor_var2_diff.lvl0	293fa7897ee35cf52a5aabdee59daf6d	1520
mods/heroes.stormmod/base.stormassets/assets/textures/storm_lootcontent_banner_witchdoctor_var2_spec.dds	cd502dea3e4eface13cf4b88939898dc	349680
mods/heroes.stormmod/base.stormassets/assets/textures/storm_lootcontent_banner_witchdoctor_var2_spec.lvl0	c4b3ba251dceaa1958ff48f37e8fc036	5616
mods/heroes.stormmod/base.stormassets/assets/textures/storm_lootspray_alpha.dds	6ba681e58e4983a39f675d5ac7b75dae	43832
mods/heroes.stormmod/base.stormassets/assets/textures/storm_lootspray_alpha.lvl0	694f8ef518bacfd608c5d2bc82d671fa	2872
mods/heroes.stormmod/base.stormassets/assets/textures/storm_lootspray_animated_carbots_alarak_dark.dds	3b0c278aa653856c43bd1cb722f15e98	131200
mods/heroes.stormmod/base.stormassets/assets/textures/storm_lootspray_animated_carbots_ana_hanzo.dds	c2df7a8513b04be8e169c10dfc66f266	131200
mods/heroes.stormmod/base.stormassets/assets/textures/storm_lootspray_animated_carbots_arthas.dds	994a4d57c00ac12b204d63a9f7e642b9	174928
mods/heroes.stormmod/base.stormassets/assets/textures/storm_lootspray_animated_carbots_arthas.lvl0	bdd1f6a1566a39f1215448456ae6e6c6	848
mods/heroes.stormmod/base.stormassets/assets/textures/storm_lootspray_animated_carbots_blaze.dds	ba67621528d92b9619505e958ba658c6	131200
mods/heroes.stormmod/base.stormassets/assets/textures/storm_lootspray_animated_carbots_dehaka.dds	ceed8b880d58222e993c1e2fbaba5802	131200
mods/heroes.stormmod/base.stormassets/assets/textures/storm_lootspray_animated_carbots_diablo.dds	cb59f12013c7862b3cef1637b8622470	131200
mods/heroes.stormmod/base.stormassets/assets/textures/storm_lootspray_animated_carbots_genji.dds	79448287b8a4f53f0ed9fb36eb8547e8	131200
mods/heroes.stormmod/base.stormassets/assets/textures/storm_lootspray_animated_carbots_guldan_dark.dds	6197f0789571d059b7e7d4b421b0c476	131200
mods/heroes.stormmod/base.stormassets/assets/textures/storm_lootspray_animated_carbots_illidan.dds	9b54ce7153882a6496d7b98720bf79f6	174928
mods/heroes.stormmod/base.stormassets/assets/textures/storm_lootspray_animated_carbots_illidan.lvl0	5bc2bb647f329ed17ff6394d46461f6a	848
mods/heroes.stormmod/base.stormassets/assets/textures/storm_lootspray_animated_carbots_kerrigan_raynor.dds	6c4d5f55868f5d306ba80d0433bbf828	131200
mods/heroes.stormmod/base.stormassets/assets/textures/storm_lootspray_animated_carbots_lostvikings.dds	505cbc88f40b78ffeec83323ea1a58d5	131200
mods/heroes.stormmod/base.stormassets/assets/textures/storm_lootspray_animated_carbots_lunara.dds	7c108616ec91376d35e7373d10afa310	174928
mods/heroes.stormmod/base.stormassets/assets/textures/storm_lootspray_animated_carbots_lunara.lvl0	f9f506870d5ac438408fd9adf051f6c1	848
mods/heroes.stormmod/base.stormassets/assets/textures/storm_lootspray_animated_carbots_malthael.dds	683dbbdc9bf6bff2807db213da72ee88	174928
mods/heroes.stormmod/base.stormassets/assets/textures/storm_lootspray_animated_carbots_malthael.lvl0	c2f5523b115c397e63a217d2323b89b9	848
mods/heroes.stormmod/base.stormassets/assets/textures/storm_lootspray_animated_carbots_morales.dds	4f8219cadd917f37464dbabf240c3ef1	131200
mods/heroes.stormmod/base.stormassets/assets/textures/storm_lootspray_animated_carbots_moshpit.dds	eb5c6ab61ba89641329cfb289dc50b80	174928
mods/heroes.stormmod/base.stormassets/assets/textures/storm_lootspray_animated_carbots_moshpit.lvl0	4baa990fe228f626cc5f015755d31758	848
mods/heroes.stormmod/base.stormassets/assets/textures/storm_lootspray_animated_carbots_nazeebo.dds	0a2f6c00b9cf230db3e82ab13daf3b7b	131200
mods/heroes.stormmod/base.stormassets/assets/textures/storm_lootspray_animated_carbots_tassadar.dds	6799303ccbb30e2373315bd113790704	131200
mods/heroes.stormmod/base.stormassets/assets/textures/storm_lootspray_animated_carbots_uther.dds	22ec8d7ccd16a8c7bb3c988918e2c2bb	174928
mods/heroes.stormmod/base.stormassets/assets/textures/storm_lootspray_animated_carbots_uther.lvl0	d084a9c0394c36de7e364146d5717f59	848
mods/heroes.stormmod/base.stormassets/assets/textures/storm_lootspray_animated_carbots_varian.dds	6a85e08380bdd7dd7b9e2dc3fe5bb6ba	174928
mods/heroes.stormmod/base.stormassets/assets/textures/storm_lootspray_animated_carbots_varian.lvl0	a7c79a4a835f634a0116db300c8cf27a	848
mods/heroes.stormmod/base.stormassets/assets/textures/storm_lootspray_animated_cartoon_alarak.dds	f4cbb893b39ee78b1d0f70f2e8e2ec82	174928
mods/heroes.stormmod/base.stormassets/assets/textures/storm_lootspray_animated_cartoon_alarak.lvl0	c26fc01d6e97fe2f2c895a296084a7ad	2896
mods/heroes.stormmod/base.stormassets/assets/textures/storm_lootspray_animated_cartoon_butcher.dds	512a02396f2d510ac2739241b0557e87	174928
mods/heroes.stormmod/base.stormassets/assets/textures/storm_lootspray_animated_cartoon_butcher.lvl0	78e48c0a03e06df35e86e4d4fb004e18	2896
mods/heroes.stormmod/base.stormassets/assets/textures/storm_lootspray_animated_cartoon_dehaka.dds	0f6b5689716b0263eb9c9be174f9e60e	174928
mods/heroes.stormmod/base.stormassets/assets/textures/storm_lootspray_animated_cartoon_dehaka.lvl0	80172b003b72879ab2906016731b8187	2896
mods/heroes.stormmod/base.stormassets/assets/textures/storm_lootspray_animated_cartoon_falstad.dds	4cc97aa64f946ae91a7b5e376c7bbc1f	174928
mods/heroes.stormmod/base.stormassets/assets/textures/storm_lootspray_animated_cartoon_falstad.lvl0	1412b4d713afbc94a180f45a6264b44e	2896
mods/heroes.stormmod/base.stormassets/assets/textures/storm_lootspray_animated_cartoon_ltmorales.dds	7d952327779c87ad02a48a216765f33d	174928
mods/heroes.stormmod/base.stormassets/assets/textures/storm_lootspray_animated_cartoon_ltmorales.lvl0	d9933d611dd772d4cb5bfab3999a4f72	2896
mods/heroes.stormmod/base.stormassets/assets/textures/storm_lootspray_animated_cartoon_lunara.dds	0f6243c1602ecd0510bfcd5d09cd6a16	174928
mods/heroes.stormmod/base.stormassets/assets/textures/storm_lootspray_animated_cartoon_lunara.lvl0	9ab4beac1c3b4d28ea56ef1f545b8443	2896
mods/heroes.stormmod/base.stormassets/assets/textures/storm_lootspray_animated_cartoon_malthael.dds	353217fa1b935205b992315f81f35b7f	174928
mods/heroes.stormmod/base.stormassets/assets/textures/storm_lootspray_animated_cartoon_malthael.lvl0	8a372294fac33dcc04225773a030ec8b	2896
mods/heroes.stormmod/base.stormassets/assets/textures/storm_lootspray_animated_cartoon_probius.dds	f00b07eafbca44f99fde2c9bc7f1c9a6	174928
mods/heroes.stormmod/base.stormassets/assets/textures/storm_lootspray_animated_cartoon_probius.lvl0	01955bf3b6692f6aadffdb0be3ce9236	2896
mods/heroes.stormmod/base.stormassets/assets/textures/storm_lootspray_animated_cartoon_raynor.dds	2628e6319f705a5e0b64bafa7aa133c7	174928
mods/heroes.stormmod/base.stormassets/assets/textures/storm_lootspray_animated_cartoon_raynor.lvl0	16aead1a682315592feb8034ca4c6313	2896
mods/heroes.stormmod/base.stormassets/assets/textures/storm_lootspray_animated_cartoon_stukov.dds	366e758a67ae42a8f87298c4df3eb9d5	174928
mods/heroes.stormmod/base.stormassets/assets/textures/storm_lootspray_animated_cartoon_stukov.lvl0	362932240c48a72074436f36c905dbad	2896
mods/heroes.stormmod/base.stormassets/assets/textures/storm_lootspray_animated_cookie_abathur.dds	838d7a56be26b400017269bc77f82cd1	174928
mods/heroes.stormmod/base.stormassets/assets/textures/storm_lootspray_animated_cookie_abathur.lvl0	3f6ade0b3d8ff29d884db4947563e6d7	2896
mods/heroes.stormmod/base.stormassets/assets/textures/storm_lootspray_animated_cookie_butcher.dds	1ba0e4f5100fb3ac71672fe8fec36096	174928
mods/heroes.stormmod/base.stormassets/assets/textures/storm_lootspray_animated_cookie_butcher.lvl0	0859a4777a3aedecdf2c29b221beaa30	2896
mods/heroes.stormmod/base.stormassets/assets/textures/storm_lootspray_animated_cookie_chogall.dds	98c8136b2fa41880c45cec4f53069779	174928
mods/heroes.stormmod/base.stormassets/assets/textures/storm_lootspray_animated_cookie_chogall.lvl0	4174834a1f81d3b314a4c9783e8e0ca8	2896
mods/heroes.stormmod/base.stormassets/assets/textures/storm_lootspray_animated_cookie_garrosh.dds	d5c188c9bfff5b82a46665484178dd78	174928
mods/heroes.stormmod/base.stormassets/assets/textures/storm_lootspray_animated_cookie_garrosh.lvl0	78f315b059c80c6bf4712216eb6f1861	2896
mods/heroes.stormmod/base.stormassets/assets/textures/storm_lootspray_animated_cookie_genji.dds	a5555800848eb83eda14e45c44ac7510	174928
mods/heroes.stormmod/base.stormassets/assets/textures/storm_lootspray_animated_cookie_genji.lvl0	6d305d1b5d369faf5fbe98ba2d4089cc	2896
mods/heroes.stormmod/base.stormassets/assets/textures/storm_lootspray_animated_cookie_johanna.dds	9dedbbb346885619eecfbc8b953a2007	174928
mods/heroes.stormmod/base.stormassets/assets/textures/storm_lootspray_animated_cookie_johanna.lvl0	41ebfc72a3bc2afa4e763c289972e030	2896
mods/heroes.stormmod/base.stormassets/assets/textures/storm_lootspray_animated_cookie_murky.dds	62547733520eb684f8a552de3a60e6a7	174928
mods/heroes.stormmod/base.stormassets/assets/textures/storm_lootspray_animated_cookie_murky.lvl0	918abdde640d4a64c264aef670a0f5ad	2896
mods/heroes.stormmod/base.stormassets/assets/textures/storm_lootspray_animated_cookie_probius.dds	fff01c370aefc2cae84ed1ccf9e368a1	174928
mods/heroes.stormmod/base.stormassets/assets/textures/storm_lootspray_animated_cookie_probius.lvl0	c162a12862d42865acb18aa233bb8ae8	2896
mods/heroes.stormmod/base.stormassets/assets/textures/storm_lootspray_animated_cookie_samuro.dds	9f2953c460e5cc0e7a4b4be177a09bf8	174928
mods/heroes.stormmod/base.stormassets/assets/textures/storm_lootspray_animated_cookie_samuro.lvl0	fb5e174084977cf33873339e406732ac	2896
mods/heroes.stormmod/base.stormassets/assets/textures/storm_lootspray_animated_cookie_stukov.dds	0fd2b84e743bd165498135e4425efb24	174928
mods/heroes.stormmod/base.stormassets/assets/textures/storm_lootspray_animated_cookie_stukov.lvl0	12d688a66462307e25d343f1c91fd38e	2896
mods/heroes.stormmod/base.stormassets/assets/textures/storm_lootspray_animated_cookie_zuljin.dds	21ea3d4ba6a828fc884d834b05691403	174928
mods/heroes.stormmod/base.stormassets/assets/textures/storm_lootspray_animated_cookie_zuljin.lvl0	9951914d79b7355a0f3683f7ba5e3592	2896
mods/heroes.stormmod/base.stormassets/assets/textures/storm_lootspray_animated_craft20_frostmourne.dds	71467e9cdaf9a1d96a593ebcb6ff1a42	524416
mods/heroes.stormmod/base.stormassets/assets/textures/storm_lootspray_animated_craft20_lowbattery.dds	a860e354a14fff490d63bbec97ec1b89	524416
mods/heroes.stormmod/base.stormassets/assets/textures/storm_lootspray_animated_craft20_nosepick.dds	52d5255848f18cffe6f7078e4abfa1df	524416
mods/heroes.stormmod/base.stormassets/assets/textures/storm_lootspray_animated_craft20_shalamayne.dds	72855ee710a5c1aa8c023d94f8cf909e	524416
mods/heroes.stormmod/base.stormassets/assets/textures/storm_lootspray_animated_craft20_stealth.dds	4f72a3aa816f707d9c8dbed250544051	524416
mods/heroes.stormmod/base.stormassets/assets/textures/storm_lootspray_animated_default.dds	8e8e510f35288fc6e89eddfad4bdd60b	174928
mods/heroes.stormmod/base.stormassets/assets/textures/storm_lootspray_animated_default.lvl0	60a2e70f125891ed60159f8275d0dc8d	2896
mods/heroes.stormmod/base.stormassets/assets/textures/storm_lootspray_animated_dorm_2018.dds	878f55268499c97f3503d1de6d5b386e	174928
mods/heroes.stormmod/base.stormassets/assets/textures/storm_lootspray_animated_dorm_2018.lvl0	123085b83ba0de13c0bef920bd23a08d	2896
mods/heroes.stormmod/base.stormassets/assets/textures/storm_lootspray_animated_emoji_arthas.dds	df7f4448abaf889606f2114ceffa1d34	174928
mods/heroes.stormmod/base.stormassets/assets/textures/storm_lootspray_animated_emoji_arthas.lvl0	7213b2fff464171a57bcafa7829b1c4a	2896
mods/heroes.stormmod/base.stormassets/assets/textures/storm_lootspray_animated_emoji_butcher.dds	35fd1d240b7f4c1fd1688eeb1fb8d7eb	174928
mods/heroes.stormmod/base.stormassets/assets/textures/storm_lootspray_animated_emoji_butcher.lvl0	5bf4ebfda51ab6af0209363ec40b5f81	2896
mods/heroes.stormmod/base.stormassets/assets/textures/storm_lootspray_animated_emoji_lunara.dds	017bacc5bcf514e30b28bdb7c400860f	174928
mods/heroes.stormmod/base.stormassets/assets/textures/storm_lootspray_animated_emoji_lunara.lvl0	856a239d5e083dc6ea404502f174210e	2896
mods/heroes.stormmod/base.stormassets/assets/textures/storm_lootspray_animated_emoji_morales.dds	5de1af9569ada80121541c2a10ed6f00	174928
mods/heroes.stormmod/base.stormassets/assets/textures/storm_lootspray_animated_emoji_morales.lvl0	08727fc43486c95fde74b1a59efa48e1	2896
mods/heroes.stormmod/base.stormassets/assets/textures/storm_lootspray_animated_emoji_sylvanas.dds	38bd78be5d72d5b29ece45bf55b933e0	174928
mods/heroes.stormmod/base.stormassets/assets/textures/storm_lootspray_animated_emoji_sylvanas.lvl0	1cd169ccdddf644de03a0baf8deb4799	2896
mods/heroes.stormmod/base.stormassets/assets/textures/storm_lootspray_animated_emoji_tracer.dds	9d5a2678735e603cd4deb7b5ec2e6017	174928
mods/heroes.stormmod/base.stormassets/assets/textures/storm_lootspray_animated_emoji_tracer.lvl0	9f98d925a418daf17dcb916b085e18c8	2896
mods/heroes.stormmod/base.stormassets/assets/textures/storm_lootspray_animated_emoji_tyrande.dds	add0670b18eebb2580f3b9ee42500976	174928
mods/heroes.stormmod/base.stormassets/assets/textures/storm_lootspray_animated_emoji_tyrande.lvl0	5cc011540ed52d67e5bc018cc88a9dc2	2896
mods/heroes.stormmod/base.stormassets/assets/textures/storm_lootspray_animated_emoji_xul.dds	8d2ac38598ded9296789fd3ba5129a6d	174928
mods/heroes.stormmod/base.stormassets/assets/textures/storm_lootspray_animated_emoji_xul.lvl0	298a7a1bd5d9f0a98b58b5d4e6d9c8c5	2896
mods/heroes.stormmod/base.stormassets/assets/textures/storm_lootspray_animated_emoji_zarya.dds	1df709b00a83ce0ce2f0bf042d3f538d	174928
mods/heroes.stormmod/base.stormassets/assets/textures/storm_lootspray_animated_emoji_zarya.lvl0	ca1e410394f55e5b47ce8bbc8f928ead	2896
mods/heroes.stormmod/base.stormassets/assets/textures/storm_lootspray_animated_emoji_zeratul.dds	03e93b62d1838e3f8c4405e1698c1188	174928
mods/heroes.stormmod/base.stormassets/assets/textures/storm_lootspray_animated_emoji_zeratul.lvl0	fd9681a149e2a53ceba09efc407ece94	2896
mods/heroes.stormmod/base.stormassets/assets/textures/storm_lootspray_animated_hallowsend_bat.dds	3030e3b944db2f6c17fc9b7e79ed66f9	174928
mods/heroes.stormmod/base.stormassets/assets/textures/storm_lootspray_animated_hallowsend_bat.lvl0	c187f3d1f4b6b672f2445ff461eae9ff	2896
mods/heroes.stormmod/base.stormassets/assets/textures/storm_lootspray_animated_hallowsend_candy.dds	cfd99f9bde507972cd02a4062317886c	174928
mods/heroes.stormmod/base.stormassets/assets/textures/storm_lootspray_animated_hallowsend_candy.lvl0	dfe6e633d1ff0348c19eb35fe9c682b3	2896
mods/heroes.stormmod/base.stormassets/assets/textures/storm_lootspray_animated_hallowsend_cat.dds	8d250fd93db63681d3ef239a823baabf	174928
mods/heroes.stormmod/base.stormassets/assets/textures/storm_lootspray_animated_hallowsend_cat.lvl0	5500958cab10ff281cf3726d42c83839	2896
mods/heroes.stormmod/base.stormassets/assets/textures/storm_lootspray_animated_hallowsend_gazlowerobot.dds	ffd4455bd3f61adc262638bad534b6dd	174928
mods/heroes.stormmod/base.stormassets/assets/textures/storm_lootspray_animated_hallowsend_gazlowerobot.lvl0	017c251cc2e6a6fa9c0cc59070afc812	2896
mods/heroes.stormmod/base.stormassets/assets/textures/storm_lootspray_animated_hallowsend_gg.dds	7571a94b34b910d8cc98a8e366bc13ae	174928
mods/heroes.stormmod/base.stormassets/assets/textures/storm_lootspray_animated_hallowsend_gg.lvl0	f5906a3769802d0a46efbeef7f6648d6	2896
mods/heroes.stormmod/base.stormassets/assets/textures/storm_lootspray_animated_hallowsend_probiusghost.dds	165d8df49e73d1b2b89542a0c1fe2fb6	174928
mods/heroes.stormmod/base.stormassets/assets/textures/storm_lootspray_animated_hallowsend_probiusghost.lvl0	8552aca7c915a6f093aa0986bc823e17	2896
mods/heroes.stormmod/base.stormassets/assets/textures/storm_lootspray_animated_hallowsend_pumpkin.dds	4fb8f44f505d9d974f589d90ec79a72d	174928
mods/heroes.stormmod/base.stormassets/assets/textures/storm_lootspray_animated_hallowsend_pumpkin.lvl0	adff77936642564a338d265fdefd546e	2896
mods/heroes.stormmod/base.stormassets/assets/textures/storm_lootspray_animated_hallowsend_rip.dds	5ed3c0b48c70fec31e3c5fb62cef431a	174928
mods/heroes.stormmod/base.stormassets/assets/textures/storm_lootspray_animated_hallowsend_rip.lvl0	a7b179c08c3444606c17c5338bb2a69b	2896
mods/heroes.stormmod/base.stormassets/assets/textures/storm_lootspray_animated_hallowsend_skelethur.dds	d75329f7d16893affd6523b4b7888267	174928
mods/heroes.stormmod/base.stormassets/assets/textures/storm_lootspray_animated_hallowsend_skelethur.lvl0	ae91105274e07fbb1f4414959b1d619f	2896
mods/heroes.stormmod/base.stormassets/assets/textures/storm_lootspray_animated_hallowsend_teeth.dds	60229e5f24d33e11797b4f96f4ad88ad	174928
mods/heroes.stormmod/base.stormassets/assets/textures/storm_lootspray_animated_hallowsend_teeth.lvl0	27039966335171dc08dae9b691d6b916	2896
mods/heroes.stormmod/base.stormassets/assets/textures/storm_lootspray_animated_lunar_food_azmodan.dds	ede435821c8dec167387aa478757b08c	174928
mods/heroes.stormmod/base.stormassets/assets/textures/storm_lootspray_animated_lunar_food_azmodan.lvl0	35af0ac74b0bdb351ecb80a2f6a8e493	2896
mods/heroes.stormmod/base.stormassets/assets/textures/storm_lootspray_animated_lunar_food_cassia.dds	e8e49dcdc183718c42f5069004f9e76f	174928
mods/heroes.stormmod/base.stormassets/assets/textures/storm_lootspray_animated_lunar_food_cassia.lvl0	b0b47a4f9406d17ece6551ab923be700	2896
mods/heroes.stormmod/base.stormassets/assets/textures/storm_lootspray_animated_lunar_food_chen.dds	14d2d112b127351a2420b55a89302e16	174928
mods/heroes.stormmod/base.stormassets/assets/textures/storm_lootspray_animated_lunar_food_chen.lvl0	397475f8ce77e403812eaebd9b403b25	2896
mods/heroes.stormmod/base.stormassets/assets/textures/storm_lootspray_animated_lunar_food_genji.dds	5e7e0ffe386d7141eef0d305f7bb48c9	174928
mods/heroes.stormmod/base.stormassets/assets/textures/storm_lootspray_animated_lunar_food_genji.lvl0	febfbe25f2861ef391fa41dd04f61aad	2896
mods/heroes.stormmod/base.stormassets/assets/textures/storm_lootspray_animated_lunar_food_illidan.dds	f4e7ce710902ea73b6b7d76f0ec61219	174928
mods/heroes.stormmod/base.stormassets/assets/textures/storm_lootspray_animated_lunar_food_illidan.lvl0	9415a4935d0bf1362c78230cf1b11fc9	2896
mods/heroes.stormmod/base.stormassets/assets/textures/storm_lootspray_animated_lunar_food_jaina.dds	4b4420407f53984fa8d572100168fda9	174928
mods/heroes.stormmod/base.stormassets/assets/textures/storm_lootspray_animated_lunar_food_jaina.lvl0	7757d62220db814be1c16ae48aad0979	2896
mods/heroes.stormmod/base.stormassets/assets/textures/storm_lootspray_animated_lunar_food_kaelthas.dds	3c4b002e15996d8bcc04ee77543dcf04	174928
mods/heroes.stormmod/base.stormassets/assets/textures/storm_lootspray_animated_lunar_food_kaelthas.lvl0	e188f4f8d9bda61dc168b2925d88450d	2896
mods/heroes.stormmod/base.stormassets/assets/textures/storm_lootspray_animated_lunar_food_lili.dds	f7f1af2813b5fd09b97924a372e3d7ea	174928
mods/heroes.stormmod/base.stormassets/assets/textures/storm_lootspray_animated_lunar_food_lili.lvl0	462d04e512ee7ec15ed8b263ce46ab0a	2896
mods/heroes.stormmod/base.stormassets/assets/textures/storm_lootspray_animated_lunar_food_liming.dds	6927f18c5d22728ec918b6cd6bf45503	174928
mods/heroes.stormmod/base.stormassets/assets/textures/storm_lootspray_animated_lunar_food_liming.lvl0	c7a1039a96415bb9bcd0f0aff5d38683	2896
mods/heroes.stormmod/base.stormassets/assets/textures/storm_lootspray_animated_lunar_food_samuro.dds	ad8e84ec4ab14badc40ebc274a7615cf	174928
mods/heroes.stormmod/base.stormassets/assets/textures/storm_lootspray_animated_lunar_food_samuro.lvl0	055cd4ba53c79eff852120a0f96f7d00	2896
mods/heroes.stormmod/base.stormassets/assets/textures/storm_lootspray_animated_lunar_food_sylvanas.dds	73a898790ce701f287bc509a063e26d3	174928
mods/heroes.stormmod/base.stormassets/assets/textures/storm_lootspray_animated_lunar_food_sylvanas.lvl0	00e30fa1b495db179f6771ace683407a	2896
mods/heroes.stormmod/base.stormassets/assets/textures/storm_lootspray_animated_lunar_food_zuljin.dds	26c7e3928c64fc2244752897c76d5ca3	174928
mods/heroes.stormmod/base.stormassets/assets/textures/storm_lootspray_animated_lunar_food_zuljin.lvl0	c5525033834f1ea219fb0ae2fdea580c	2896
mods/heroes.stormmod/base.stormassets/assets/textures/storm_lootspray_animated_lunar_lantern_arthas.dds	9e66dbd360826c90abb896276516fde0	174928
mods/heroes.stormmod/base.stormassets/assets/textures/storm_lootspray_animated_lunar_lantern_arthas.lvl0	7f717b8e834d774c4ae1f84dcf62b862	2896
mods/heroes.stormmod/base.stormassets/assets/textures/storm_lootspray_animated_lunar_lantern_chen.dds	c33e13533585f383c33a666600861e65	174928
mods/heroes.stormmod/base.stormassets/assets/textures/storm_lootspray_animated_lunar_lantern_chen.lvl0	07ee66e4584ae61c4eff49ff7b38c49e	2896
mods/heroes.stormmod/base.stormassets/assets/textures/storm_lootspray_animated_lunar_lantern_foodog.dds	d431297cd0ff7ddb72ce66fa460e0364	174928
mods/heroes.stormmod/base.stormassets/assets/textures/storm_lootspray_animated_lunar_lantern_foodog.lvl0	90b0b768b837099c0eaab5ac3e487d9a	2896
mods/heroes.stormmod/base.stormassets/assets/textures/storm_lootspray_animated_lunar_lantern_illidan.dds	e03d2800f94c476ad87c509787f1a754	174928
mods/heroes.stormmod/base.stormassets/assets/textures/storm_lootspray_animated_lunar_lantern_illidan.lvl0	79b19a4de4045b1f48bfd2e445143075	2896
mods/heroes.stormmod/base.stormassets/assets/textures/storm_lootspray_animated_lunar_lantern_jaina.dds	2c700e36e69215d12712b360802d1d79	174928
mods/heroes.stormmod/base.stormassets/assets/textures/storm_lootspray_animated_lunar_lantern_jaina.lvl0	54489136cc4a96fddf6c7eb5474a3b82	2896
mods/heroes.stormmod/base.stormassets/assets/textures/storm_lootspray_animated_lunar_lantern_kaelthas.dds	6e085fb546901145067df293ae606f13	174928
mods/heroes.stormmod/base.stormassets/assets/textures/storm_lootspray_animated_lunar_lantern_kaelthas.lvl0	4493683999cd8044c41a2d4d1ee0a42d	2896
mods/heroes.stormmod/base.stormassets/assets/textures/storm_lootspray_animated_lunar_lantern_lili.dds	cfa6ff9277d76f6a4d17f76c2dff079a	174928
mods/heroes.stormmod/base.stormassets/assets/textures/storm_lootspray_animated_lunar_lantern_lili.lvl0	e8cc40e77683869aee832ecaf93f5334	2896
mods/heroes.stormmod/base.stormassets/assets/textures/storm_lootspray_animated_lunar_lantern_liming.dds	9edee2fa4d4f4ea0cdfb4a25d8b0139b	174928
mods/heroes.stormmod/base.stormassets/assets/textures/storm_lootspray_animated_lunar_lantern_liming.lvl0	bf3049a935cffeba96ce5053721140fd	2896
mods/heroes.stormmod/base.stormassets/assets/textures/storm_lootspray_animated_lunar_lantern_samuro.dds	6557cfdbd486b88fb524dd666464226c	174928
mods/heroes.stormmod/base.stormassets/assets/textures/storm_lootspray_animated_lunar_lantern_samuro.lvl0	fd3e3ae35e32a7557ab31ebfb57a0348	2896
mods/heroes.stormmod/base.stormassets/assets/textures/storm_lootspray_animated_lunar_lantern_sylvanas.dds	cf0fd92ace198a0ecf1581d39f664732	174928
mods/heroes.stormmod/base.stormassets/assets/textures/storm_lootspray_animated_lunar_lantern_sylvanas.lvl0	1e1e23a4e3254fa545bd2d56a64cb21b	2896
mods/heroes.stormmod/base.stormassets/assets/textures/storm_lootspray_animated_mecha19_malthael.dds	156235270bff5971c33a978aec359fd0	174928
mods/heroes.stormmod/base.stormassets/assets/textures/storm_lootspray_animated_mecha19_malthael.lvl0	26f91716a8b4b018f6899bf22ef421b9	2896
mods/heroes.stormmod/base.stormassets/assets/textures/storm_lootspray_animated_mecha19_vallaangry.dds	20f86533966e31d27316ba039a005fdf	174928
mods/heroes.stormmod/base.stormassets/assets/textures/storm_lootspray_animated_mecha19_vallaangry.lvl0	406725e1580974a69a2eab8e065f7962	2896
mods/heroes.stormmod/base.stormassets/assets/textures/storm_lootspray_animated_mecha19_vallawink.dds	2aec3f21de9bd84e5bd91a2078bc729a	174928
mods/heroes.stormmod/base.stormassets/assets/textures/storm_lootspray_animated_mecha19_vallawink.lvl0	b012c431af469e9eb7da05506b305d24	2896
mods/heroes.stormmod/base.stormassets/assets/textures/storm_lootspray_animated_mecha19_yrelshy.dds	f00183374cdcd9a0e25898b5d0b99e3c	174928
mods/heroes.stormmod/base.stormassets/assets/textures/storm_lootspray_animated_mecha19_yrelshy.lvl0	49d23ca4d237d474343244e7ab173227	2896
mods/heroes.stormmod/base.stormassets/assets/textures/storm_lootspray_animated_mobster19_coinraccoon.dds	e19a86139bb28fd29cd4025ed18a7e1d	131200
mods/heroes.stormmod/base.stormassets/assets/textures/storm_lootspray_animated_mobster19_dicesnakeeyes.dds	c30459a8f4fb02ef00ee106ef1a57145	131200
mods/heroes.stormmod/base.stormassets/assets/textures/storm_lootspray_animated_mobster19_hammereyes.dds	f5b0242ac648a8029f58a7cbf1dcc41d	131200
mods/heroes.stormmod/base.stormassets/assets/textures/storm_lootspray_animated_mobster19_junkrat.dds	4622867ff24fceaf783a8e52b41f8971	131200
mods/heroes.stormmod/base.stormassets/assets/textures/storm_lootspray_animated_mobster19_junkratroulette.dds	f0e0ea8ea19749de22a4ff24c59a0061	131200
mods/heroes.stormmod/base.stormassets/assets/textures/storm_lootspray_animated_mobster19_slotmachine.dds	67b21c602ae6e4d39747bbc83678f159	131200
mods/heroes.stormmod/base.stormassets/assets/textures/storm_lootspray_animated_mobster19_tychus.dds	526fd0ba1e53c520d11f189764949db9	131200
mods/heroes.stormmod/base.stormassets/assets/textures/storm_lootspray_animated_myth20_tracer_dance.dds	c70c082def4f804e4d5061a26a6d36fd	174928
mods/heroes.stormmod/base.stormassets/assets/textures/storm_lootspray_animated_myth20_tracer_dance.lvl0	fbdceb8ee2109c37e1c591cf83d3d38f	2896
mods/heroes.stormmod/base.stormassets/assets/textures/storm_lootspray_animated_pirate_bootycoffer.dds	2d2fdfb13878e12e10f4d78fb4b82b3c	174928
mods/heroes.stormmod/base.stormassets/assets/textures/storm_lootspray_animated_pirate_bootycoffer.lvl0	4bd38cb4511da92892b91a702b7af99f	2896
mods/heroes.stormmod/base.stormassets/assets/textures/storm_lootspray_animated_pixel_cheese.dds	bf98ffd4f96fa663d0da2a1df3d7634f	174928
mods/heroes.stormmod/base.stormassets/assets/textures/storm_lootspray_animated_pixel_cheese.lvl0	a824116c154085698c6a330c844a4ab9	2896
mods/heroes.stormmod/base.stormassets/assets/textures/storm_lootspray_animated_pixel_ganymede.dds	a314cb130382d6304c7f7b7b78eebf15	174928
mods/heroes.stormmod/base.stormassets/assets/textures/storm_lootspray_animated_pixel_ganymede.lvl0	f2e4400e2dedbce2607c8a8fd801e55b	2896
mods/heroes.stormmod/base.stormassets/assets/textures/storm_lootspray_animated_pixel_hearts.dds	93214f307740dd65850940ef78fa9c56	174928
mods/heroes.stormmod/base.stormassets/assets/textures/storm_lootspray_animated_pixel_hearts.lvl0	efee7d9985ba38ded4cddb23a7d9f66d	2896
mods/heroes.stormmod/base.stormassets/assets/textures/storm_lootspray_animated_pixel_murky.dds	85ce56a3f3f3f35edd5cfda331e2c955	174928
mods/heroes.stormmod/base.stormassets/assets/textures/storm_lootspray_animated_pixel_murky.lvl0	71417a4fefb5fa2e4a92ba349a92d35d	2896
mods/heroes.stormmod/base.stormassets/assets/textures/storm_lootspray_animated_pixel_pepe.dds	69fbc48efa8997a20d4dda9b7d482566	174928
mods/heroes.stormmod/base.stormassets/assets/textures/storm_lootspray_animated_pixel_pepe.lvl0	ecc6b85cab8bdb900c394fb39bfbd7e3	2896
mods/heroes.stormmod/base.stormassets/assets/textures/storm_lootspray_animated_pixel_rainbowunicorn.dds	d2b30258a603a98bfb34f5b18ef3f1e7	174928
mods/heroes.stormmod/base.stormassets/assets/textures/storm_lootspray_animated_pixel_rainbowunicorn.lvl0	3c1460a65dd6d873dc953c7271cf58b2	2896
mods/heroes.stormmod/base.stormassets/assets/textures/storm_lootspray_animated_pixel_skull.dds	7b41ef0bedb1a0683e59c818b58733de	174928
mods/heroes.stormmod/base.stormassets/assets/textures/storm_lootspray_animated_pixel_skull.lvl0	52792fc2ee125edf728b70d2c847fecf	2896
mods/heroes.stormmod/base.stormassets/assets/textures/storm_lootspray_animated_pixel_thumbsup.dds	3146221d2f4dcac6ad620dd688c4a5db	174928
mods/heroes.stormmod/base.stormassets/assets/textures/storm_lootspray_animated_pixel_thumbsup.lvl0	661d58c65bc9d442082516d9ad70681d	2896
mods/heroes.stormmod/base.stormassets/assets/textures/storm_lootspray_animated_pixel_treasuregoblin.dds	ae0ac5e772609e04040b14cc66268492	174928
mods/heroes.stormmod/base.stormassets/assets/textures/storm_lootspray_animated_pixel_treasuregoblin.lvl0	1f3e7325e08c6ae8bf2c23e86cc96437	2896
mods/heroes.stormmod/base.stormassets/assets/textures/storm_lootspray_animated_snowglobe_battlefield.dds	991423404a05920c7d8500f97f52cc75	174928
mods/heroes.stormmod/base.stormassets/assets/textures/storm_lootspray_animated_snowglobe_battlefield.lvl0	807032e0968f82c4527653df0cd208b7	2896
mods/heroes.stormmod/base.stormassets/assets/textures/storm_lootspray_animated_snowglobe_blackheart.dds	5bbf67623d3b071e2322dbc98e3e2eff	174928
mods/heroes.stormmod/base.stormassets/assets/textures/storm_lootspray_animated_snowglobe_blackheart.lvl0	5eee73617622f8844afb9d741a936cf4	2896
mods/heroes.stormmod/base.stormassets/assets/textures/storm_lootspray_animated_snowglobe_braxxis.dds	b5712ab25ac3be1fee8264c9e6783fa2	174928
mods/heroes.stormmod/base.stormassets/assets/textures/storm_lootspray_animated_snowglobe_braxxis.lvl0	42a1ac21d38f3520019e8293b40310f0	2896
mods/heroes.stormmod/base.stormassets/assets/textures/storm_lootspray_animated_snowglobe_cursed.dds	3dfc727337fcdc5a6ce0f55b543e6abf	174928
mods/heroes.stormmod/base.stormassets/assets/textures/storm_lootspray_animated_snowglobe_cursed.lvl0	a8468bb1faa9ff9167b2cb74249e89b5	2896
mods/heroes.stormmod/base.stormassets/assets/textures/storm_lootspray_animated_snowglobe_dragonshire.dds	d5bbd9bb96b26558bb8b83683b579d7c	174928
mods/heroes.stormmod/base.stormassets/assets/textures/storm_lootspray_animated_snowglobe_dragonshire.lvl0	4d250003fa315f423340040399f0adb2	2896
mods/heroes.stormmod/base.stormassets/assets/textures/storm_lootspray_animated_snowglobe_garden.dds	5a246e1500b948144d83caa5459987a6	174928
mods/heroes.stormmod/base.stormassets/assets/textures/storm_lootspray_animated_snowglobe_garden.lvl0	72c39387587cf6f8f4431c4dc07f7251	2896
mods/heroes.stormmod/base.stormassets/assets/textures/storm_lootspray_animated_snowglobe_hanamura.dds	8307522d01df67a162373ab75ba3fe78	174928
mods/heroes.stormmod/base.stormassets/assets/textures/storm_lootspray_animated_snowglobe_hanamura.lvl0	c5f6490d36847f36fba7bdbc9fe101d0	2896
mods/heroes.stormmod/base.stormassets/assets/textures/storm_lootspray_animated_snowglobe_mines.dds	8cc3b4abb9b981391d5f46d9789d7ad4	174928
mods/heroes.stormmod/base.stormassets/assets/textures/storm_lootspray_animated_snowglobe_mines.lvl0	007ad54b1314b957f683a4e9e90e272f	2896
mods/heroes.stormmod/base.stormassets/assets/textures/storm_lootspray_animated_snowglobe_shrines.dds	3ecf75adcbcd3273dbc8f83a2f6cd8be	174928
mods/heroes.stormmod/base.stormassets/assets/textures/storm_lootspray_animated_snowglobe_shrines.lvl0	6e2729027b88807c7a93793311b631fb	2896
mods/heroes.stormmod/base.stormassets/assets/textures/storm_lootspray_animated_snowglobe_temple.dds	56201691f006d66a4d7aec88d18f6c11	174928
mods/heroes.stormmod/base.stormassets/assets/textures/storm_lootspray_animated_snowglobe_temple.lvl0	8be0218ccb697ccf83efd0ce7e1838ca	2896
mods/heroes.stormmod/base.stormassets/assets/textures/storm_lootspray_animated_snowglobe_tomb.dds	5d8908b8e08dbfa4038e0c761f4e57e2	174928
mods/heroes.stormmod/base.stormassets/assets/textures/storm_lootspray_animated_snowglobe_tomb.lvl0	89f99dc83e9e21f50112a07613e97adf	2896
mods/heroes.stormmod/base.stormassets/assets/textures/storm_lootspray_animated_snowglobe_towers.dds	11f060d171247960d952a7717a1c3aab	174928
mods/heroes.stormmod/base.stormassets/assets/textures/storm_lootspray_animated_snowglobe_towers.lvl0	143c7c30a0f899f6a32c238d15fe31c1	2896
mods/heroes.stormmod/base.stormassets/assets/textures/storm_lootspray_animated_snowglobe_volskaya.dds	4d35fe2920e837afc7d1ba682ce59171	174928
mods/heroes.stormmod/base.stormassets/assets/textures/storm_lootspray_animated_snowglobe_volskaya.lvl0	4a34feba1991df02a36bf95260c05b20	2896
mods/heroes.stormmod/base.stormassets/assets/textures/storm_lootspray_animated_snowglobe_warhead.dds	8ce4aaa2286a6c1899f7fd7a02c2b03e	174928
mods/heroes.stormmod/base.stormassets/assets/textures/storm_lootspray_animated_snowglobe_warhead.lvl0	5c84a2cc8fca5c0edb2c550e7bbc7e43	2896
mods/heroes.stormmod/base.stormassets/assets/textures/storm_lootspray_animated_spring19_neon_alliance.dds	dd5fc00c8a0ba5f386f3ba6b55b87907	174928
mods/heroes.stormmod/base.stormassets/assets/textures/storm_lootspray_animated_spring19_neon_alliance.lvl0	5058332f06691e97d4ff891b81f1d708	2896
mods/heroes.stormmod/base.stormassets/assets/textures/storm_lootspray_animated_spring19_neon_birds.dds	e6ea8739d87eab880311ca7aa1934c92	174928
mods/heroes.stormmod/base.stormassets/assets/textures/storm_lootspray_animated_spring19_neon_birds.lvl0	211e627aea359daa4108bd739130f4ad	2896
mods/heroes.stormmod/base.stormassets/assets/textures/storm_lootspray_animated_spring19_neon_cyber.dds	5e3e1306fcff3395120d9dfa6b37439e	174928
mods/heroes.stormmod/base.stormassets/assets/textures/storm_lootspray_animated_spring19_neon_cyber.lvl0	829802c6efc555eb7cba547403839e13	2896
mods/heroes.stormmod/base.stormassets/assets/textures/storm_lootspray_animated_spring19_neon_diablo.dds	82b7c2dc0a4369b6f577689185f28578	174928
mods/heroes.stormmod/base.stormassets/assets/textures/storm_lootspray_animated_spring19_neon_diablo.lvl0	99a9511f04ec2841d5c58ad14389236e	2896
mods/heroes.stormmod/base.stormassets/assets/textures/storm_lootspray_animated_spring19_neon_dragons.dds	a994161bfa9dc994a210b5a4daa83745	174928
mods/heroes.stormmod/base.stormassets/assets/textures/storm_lootspray_animated_spring19_neon_dragons.lvl0	85709965b56d42de6dab8134fbb891b3	2896
mods/heroes.stormmod/base.stormassets/assets/textures/storm_lootspray_animated_spring19_neon_horde.dds	214b03acdb80a46328818015818f673d	174928
mods/heroes.stormmod/base.stormassets/assets/textures/storm_lootspray_animated_spring19_neon_horde.lvl0	5a7198a7ea0559af959657a16fc7fa51	2896
mods/heroes.stormmod/base.stormassets/assets/textures/storm_lootspray_animated_spring19_neon_kharazim.dds	300f3543dd04a76f5c71460686d4e060	174928
mods/heroes.stormmod/base.stormassets/assets/textures/storm_lootspray_animated_spring19_neon_kharazim.lvl0	b2ebf3d959db89ed9f10a49a4ed122da	2896
mods/heroes.stormmod/base.stormassets/assets/textures/storm_lootspray_animated_spring19_neon_nexus.dds	be185ab55be26bb79a45748993f1b97f	174928
mods/heroes.stormmod/base.stormassets/assets/textures/storm_lootspray_animated_spring19_neon_nexus.lvl0	35e7fbc4886abead6a63e3e30e23b307	2896
mods/heroes.stormmod/base.stormassets/assets/textures/storm_lootspray_animated_spring19_neon_protoss.dds	922f167cb4412236e89d6b38353a09ef	174928
mods/heroes.stormmod/base.stormassets/assets/textures/storm_lootspray_animated_spring19_neon_protoss.lvl0	02a14a512443fe73195edfa7bb84105c	2896
mods/heroes.stormmod/base.stormassets/assets/textures/storm_lootspray_animated_spring19_neon_terran.dds	566e49ec949fc2d597ce5899fd8e13fc	174928
mods/heroes.stormmod/base.stormassets/assets/textures/storm_lootspray_animated_spring19_neon_terran.lvl0	c735fdba932d0e48c874c84a21ad41b4	2896
mods/heroes.stormmod/base.stormassets/assets/textures/storm_lootspray_animated_spring19_neon_tigers.dds	4929228b2b61af6fb0d3d688ef2589ba	174928
mods/heroes.stormmod/base.stormassets/assets/textures/storm_lootspray_animated_spring19_neon_tigers.lvl0	338e6f5278d0b1a732c9a4ca0ac7d086	2896
mods/heroes.stormmod/base.stormassets/assets/textures/storm_lootspray_animated_spring19_neon_turtles.dds	3c7799ce2d79ca7ea555f056944e8ccd	174928
mods/heroes.stormmod/base.stormassets/assets/textures/storm_lootspray_animated_spring19_neon_turtles.lvl0	9fd10f0764f8eb57ac2a1b4d3f494bef	2896
mods/heroes.stormmod/base.stormassets/assets/textures/storm_lootspray_animated_spring19_neon_zerg.dds	32021d321419a1986364af66a1c41ca5	174928
mods/heroes.stormmod/base.stormassets/assets/textures/storm_lootspray_animated_spring19_neon_zerg.lvl0	81ed692ae370683ffe82b1a2074d180b	2896
mods/heroes.stormmod/base.stormassets/assets/textures/storm_lootspray_animated_summer20_imperius.dds	42b033cb7418b5f8b1ca0c135491c3cd	174928
mods/heroes.stormmod/base.stormassets/assets/textures/storm_lootspray_animated_summer20_imperius.lvl0	241bb3fc17ea1f05f13fbdc8fd92116c	2896
mods/heroes.stormmod/base.stormassets/assets/textures/storm_lootspray_animated_summer20_imperiusmask.dds	615b4c843b1cf98caf2d3bd426422c7d	174928
mods/heroes.stormmod/base.stormassets/assets/textures/storm_lootspray_animated_summer20_imperiusmask.lvl0	5eef96d366493afc069f20a5aa051ddd	2896
mods/heroes.stormmod/base.stormassets/assets/textures/storm_lootspray_animated_summer20_lili.dds	7ebd03e853aa0eb94faaf560b1a32549	174928
mods/heroes.stormmod/base.stormassets/assets/textures/storm_lootspray_animated_summer20_lili.lvl0	8c6042ebeb8a978daf0d672b47fad418	2896
mods/heroes.stormmod/base.stormassets/assets/textures/storm_lootspray_animated_summer20_lilikick.dds	5e8bbf10093f2ce9b442499b9cd98828	174928
mods/heroes.stormmod/base.stormassets/assets/textures/storm_lootspray_animated_summer20_lilikick.lvl0	b0b5d9b7a073c17da2501caafd909e7d	2896
mods/heroes.stormmod/base.stormassets/assets/textures/storm_lootspray_animated_summer20_malganismask.dds	4e8f0126e15c99b6d995880ddbf51e7a	174928
mods/heroes.stormmod/base.stormassets/assets/textures/storm_lootspray_animated_summer20_malganismask.lvl0	efacdd12e2fd128e7a5e67413bcb2e26	2896
mods/heroes.stormmod/base.stormassets/assets/textures/storm_lootspray_animated_summer20_malganiswinpose.dds	9b908b29b5602df2c7b0742a1599f17b	174928
mods/heroes.stormmod/base.stormassets/assets/textures/storm_lootspray_animated_summer20_malganiswinpose.lvl0	5deb42a56fa360323d05cd54afd9bde1	2896
mods/heroes.stormmod/base.stormassets/assets/textures/storm_lootspray_animated_summer_2018_blaze.dds	cebebd654c4c5126f3cc984211e7fdef	174928
mods/heroes.stormmod/base.stormassets/assets/textures/storm_lootspray_animated_summer_2018_blaze.lvl0	024f7824b3e57f55a43fd96f695c26cb	2896
mods/heroes.stormmod/base.stormassets/assets/textures/storm_lootspray_animated_summer_2018_brightwing.dds	ed439909760eed01dceaf1ac523920ff	174928
mods/heroes.stormmod/base.stormassets/assets/textures/storm_lootspray_animated_summer_2018_brightwing.lvl0	fea44cb8182c815592ebb87c869ece62	2896
mods/heroes.stormmod/base.stormassets/assets/textures/storm_lootspray_animated_summer_2018_dehaka.dds	7cbd5bbbcd29d775ad8a55edd57acc94	174928
mods/heroes.stormmod/base.stormassets/assets/textures/storm_lootspray_animated_summer_2018_dehaka.lvl0	7e2a936057d5ea26993ac024aa296986	2896
mods/heroes.stormmod/base.stormassets/assets/textures/storm_lootspray_animated_summer_2018_diablo.dds	14304692a960003dc49263a5423b24fe	174928
mods/heroes.stormmod/base.stormassets/assets/textures/storm_lootspray_animated_summer_2018_diablo.lvl0	10f58292a7d371da14890cd0a9427884	2896
mods/heroes.stormmod/base.stormassets/assets/textures/storm_lootspray_animated_summer_2018_dva.dds	84581527a6e3cf59a12f1fef5f10b858	174928
mods/heroes.stormmod/base.stormassets/assets/textures/storm_lootspray_animated_summer_2018_dva.lvl0	fb3477660d0fc5b1a677bc5462cae211	2896
mods/heroes.stormmod/base.stormassets/assets/textures/storm_lootspray_animated_summer_2018_etc.dds	fc44eb62ca21688a2e764e7cb5df830f	174928
mods/heroes.stormmod/base.stormassets/assets/textures/storm_lootspray_animated_summer_2018_etc.lvl0	7be07a639853a7e1e7bf353a83cf06e6	2896
mods/heroes.stormmod/base.stormassets/assets/textures/storm_lootspray_animated_summer_2018_garrosh.dds	59b38225725d9bb1422d7d05d3cfe088	174928
mods/heroes.stormmod/base.stormassets/assets/textures/storm_lootspray_animated_summer_2018_garrosh.lvl0	2159914a9fec3287eb7f0f5a679df6a6	2896
mods/heroes.stormmod/base.stormassets/assets/textures/storm_lootspray_animated_summer_2018_gazlowe.dds	f3d58d691801752760ae810c225887df	174928
mods/heroes.stormmod/base.stormassets/assets/textures/storm_lootspray_animated_summer_2018_gazlowe.lvl0	c28bab4eda71ee284552d4e0371a8540	2896
mods/heroes.stormmod/base.stormassets/assets/textures/storm_lootspray_animated_summer_2018_illidan.dds	1406727f8f166e91f3dc530dadfaf32e	174928
mods/heroes.stormmod/base.stormassets/assets/textures/storm_lootspray_animated_summer_2018_illidan.lvl0	f2b1297607883adf1d1c1d2354f7087a	2896
mods/heroes.stormmod/base.stormassets/assets/textures/storm_lootspray_animated_summer_2018_kelthuzad.dds	37e13514b7f5861978d068afc42813bc	174928
mods/heroes.stormmod/base.stormassets/assets/textures/storm_lootspray_animated_summer_2018_kelthuzad.lvl0	9f7a0076b217c474c559f53cdbdf930c	2896
mods/heroes.stormmod/base.stormassets/assets/textures/storm_lootspray_animated_summer_2018_leoric.dds	f1f89aa2b855cb84ff8fa8c818cb0dea	174928
mods/heroes.stormmod/base.stormassets/assets/textures/storm_lootspray_animated_summer_2018_leoric.lvl0	fece48a6a0eba839b2dabe72cb3aa2db	2896
mods/heroes.stormmod/base.stormassets/assets/textures/storm_lootspray_animated_summer_2018_lili.dds	30fb0c48f2f48e4406302475918e5fe9	174928
mods/heroes.stormmod/base.stormassets/assets/textures/storm_lootspray_animated_summer_2018_lili.lvl0	4a9231baf90b2e7d838427d10657ca05	2896
mods/heroes.stormmod/base.stormassets/assets/textures/storm_lootspray_animated_summer_2018_lunara.dds	a3ee0691eb6262a20831099c71e3ef79	174928
mods/heroes.stormmod/base.stormassets/assets/textures/storm_lootspray_animated_summer_2018_lunara.lvl0	8623873c4454c53f4ee20208a5b134c7	2896
mods/heroes.stormmod/base.stormassets/assets/textures/storm_lootspray_animated_summer_2018_murky.dds	aaa66e8b846344fb6624fa8722dbca76	174928
mods/heroes.stormmod/base.stormassets/assets/textures/storm_lootspray_animated_summer_2018_murky.lvl0	adb6ba1be7eeabe1d819ccbda6d7c49f	2896
mods/heroes.stormmod/base.stormassets/assets/textures/storm_lootspray_animated_summer_2018_quest_calavera.dds	a8db2156456605acfbb0f91e277168e0	174928
mods/heroes.stormmod/base.stormassets/assets/textures/storm_lootspray_animated_summer_2018_quest_calavera.lvl0	2e3739894eff0a72241a00e02bc29538	2896
mods/heroes.stormmod/base.stormassets/assets/textures/storm_lootspray_animated_summer_2018_quest_pantera.dds	327c3f4a05be8ced1a41eed6deb5c848	174928
mods/heroes.stormmod/base.stormassets/assets/textures/storm_lootspray_animated_summer_2018_quest_pantera.lvl0	3e64db71e96f9cdf5ef1d0e20dd542f8	2896
mods/heroes.stormmod/base.stormassets/assets/textures/storm_lootspray_animated_summer_2018_ragnaros.dds	fd4c110787d4bbe1800f6ccffaff195f	174928
mods/heroes.stormmod/base.stormassets/assets/textures/storm_lootspray_animated_summer_2018_ragnaros.lvl0	99a1fe107fc1d5f6f66875e2c9325816	2896
mods/heroes.stormmod/base.stormassets/assets/textures/storm_lootspray_animated_summer_2018_sonya.dds	36af0cdbe3fa62d58833105ff657bcca	174928
mods/heroes.stormmod/base.stormassets/assets/textures/storm_lootspray_animated_summer_2018_sonya.lvl0	680bde442342ddbcc54517aed487bcea	2896
mods/heroes.stormmod/base.stormassets/assets/textures/storm_lootspray_animated_summer_2018_stitches.dds	cfff942f29636bba4ee869856ad8ae82	174928
mods/heroes.stormmod/base.stormassets/assets/textures/storm_lootspray_animated_summer_2018_stitches.lvl0	b84222f6d4fdd32ddc46e7a0a4f5df23	2896
mods/heroes.stormmod/base.stormassets/assets/textures/storm_lootspray_animated_summer_2018_tassadar.dds	0e5fc01b36248450e53242c1a775f51b	174928
mods/heroes.stormmod/base.stormassets/assets/textures/storm_lootspray_animated_summer_2018_tassadar.lvl0	d81fa34b8b0b52abce01422ad9b13b3c	2896
mods/heroes.stormmod/base.stormassets/assets/textures/storm_lootspray_animated_summer_2018_tracer.dds	e85b50a0e50816dd134f6a4e6d6a1837	174928
mods/heroes.stormmod/base.stormassets/assets/textures/storm_lootspray_animated_summer_2018_tracer.lvl0	509114c22c4d9997ccf631768fdc3728	2896
mods/heroes.stormmod/base.stormassets/assets/textures/storm_lootspray_animated_summer_2018_zarya.dds	f00c7d1533ad5a1ef2b1687128873fbd	174928
mods/heroes.stormmod/base.stormassets/assets/textures/storm_lootspray_animated_summer_2018_zarya.lvl0	375954a6b8e45b78bea0ba0519b1e666	2896
mods/heroes.stormmod/base.stormassets/assets/textures/storm_lootspray_animated_summer_nova.dds	be7d8bc5282821bcb4d297188a3f1d1c	174928
mods/heroes.stormmod/base.stormassets/assets/textures/storm_lootspray_animated_summer_nova.lvl0	81afcd3b8533582854a7e5d594781031	2896
mods/heroes.stormmod/base.stormassets/assets/textures/storm_lootspray_animated_summer_tychus_watergun.dds	3cbbd681dac86160e35700e85d192a09	174928
mods/heroes.stormmod/base.stormassets/assets/textures/storm_lootspray_animated_summer_tychus_watergun.lvl0	4e5f9be783596225889bdf7601603759	2896
mods/heroes.stormmod/base.stormassets/assets/textures/storm_lootspray_animated_toys18_age.dds	ab4529494d126412fc5d84767e329be7	174928
mods/heroes.stormmod/base.stormassets/assets/textures/storm_lootspray_animated_toys18_age.lvl0	5b6630026f7e2c99b60c94ca68199633	2896
mods/heroes.stormmod/base.stormassets/assets/textures/storm_lootspray_animated_toys18_auriel.dds	9a74c664fe9171b8e590f20f125f0e61	174928
mods/heroes.stormmod/base.stormassets/assets/textures/storm_lootspray_animated_toys18_auriel.lvl0	ddb717388f0c6aef92961f40d52d46b5	2896
mods/heroes.stormmod/base.stormassets/assets/textures/storm_lootspray_animated_toys18_deckard.dds	5d305ed6ba05e371603ba6075f29e873	174928
mods/heroes.stormmod/base.stormassets/assets/textures/storm_lootspray_animated_toys18_deckard.lvl0	e4b5795b12437f95b6f8b2dab795495f	2896
mods/heroes.stormmod/base.stormassets/assets/textures/storm_lootspray_animated_toys18_etc.dds	0d24315e185e51cc94abc22708e72239	174928
mods/heroes.stormmod/base.stormassets/assets/textures/storm_lootspray_animated_toys18_etc.lvl0	23c9bcde3b4337df8090bc6496bf782a	2896
mods/heroes.stormmod/base.stormassets/assets/textures/storm_lootspray_animated_toys18_junkrat.dds	42d86724f1c21d561621b63b577a2817	174928
mods/heroes.stormmod/base.stormassets/assets/textures/storm_lootspray_animated_toys18_junkrat.lvl0	be98d0f1bf8fdc88f1742ee2db5b03af	2896
mods/heroes.stormmod/base.stormassets/assets/textures/storm_lootspray_animated_toys18_kelthuzad.dds	bc3205803613735c3f15d88f52797f06	174928
mods/heroes.stormmod/base.stormassets/assets/textures/storm_lootspray_animated_toys18_kelthuzad.lvl0	b5185dafd08cb34ed41ec70751488068	2896
mods/heroes.stormmod/base.stormassets/assets/textures/storm_lootspray_animated_toys18_leoric.dds	3029d7e91093e1587401d9b19fe29a5e	174928
mods/heroes.stormmod/base.stormassets/assets/textures/storm_lootspray_animated_toys18_leoric.lvl0	f8af791b92de6f9af809564a7808c18f	2896
mods/heroes.stormmod/base.stormassets/assets/textures/storm_lootspray_animated_toys18_lucio.dds	0fbf2b879921f82c9623693b328d6488	174928
mods/heroes.stormmod/base.stormassets/assets/textures/storm_lootspray_animated_toys18_lucio.lvl0	a63fb8594ae7759e441fd1606181c24f	2896
mods/heroes.stormmod/base.stormassets/assets/textures/storm_lootspray_animated_toys18_nova.dds	34ca7ca0061a7e4c3ac5994d0c55cf04	174928
mods/heroes.stormmod/base.stormassets/assets/textures/storm_lootspray_animated_toys18_nova.lvl0	38eb0c005b036c4ec45be618831337a8	2896
mods/heroes.stormmod/base.stormassets/assets/textures/storm_lootspray_animated_toys18_raynor.dds	fae4e7a6a301ac29413f97c9ca5e83ad	174928
mods/heroes.stormmod/base.stormassets/assets/textures/storm_lootspray_animated_toys18_raynor.lvl0	d5dce0828a9b70034e43a5af01f81ec8	2896
mods/heroes.stormmod/base.stormassets/assets/textures/storm_lootspray_animated_toys18_rexxar.dds	4643a048bbdfffccbe68219461a4d6c4	174928
mods/heroes.stormmod/base.stormassets/assets/textures/storm_lootspray_animated_toys18_rexxar.lvl0	62eabdaecb4e380c0e9e82fc2928670a	2896
mods/heroes.stormmod/base.stormassets/assets/textures/storm_lootspray_animated_toys18_sonya.dds	c39567bac0c948b101f0af46cafccf79	174928
mods/heroes.stormmod/base.stormassets/assets/textures/storm_lootspray_animated_toys18_sonya.lvl0	b41c741948987caadde9f1abefd607d9	2896
mods/heroes.stormmod/base.stormassets/assets/textures/storm_lootspray_animated_toys18_stukov.dds	70ce7c90af78dfc70a7afacdcf0a2bdb	174928
mods/heroes.stormmod/base.stormassets/assets/textures/storm_lootspray_animated_toys18_stukov.lvl0	94a621e13c293ddd3d57d8452bc239c0	2896
mods/heroes.stormmod/base.stormassets/assets/textures/storm_lootspray_animated_toys18_xul.dds	c1efffa3a19913f97577ca79a83f68cc	174928
mods/heroes.stormmod/base.stormassets/assets/textures/storm_lootspray_animated_toys18_xul.lvl0	7ebb9e2fe9c9747b989ea5d6aa2b5471	2896
mods/heroes.stormmod/base.stormassets/assets/textures/storm_lootspray_animated_toys18_zagara.dds	54b0edd7a4fa2d0399213d0ed5a083b6	174928
mods/heroes.stormmod/base.stormassets/assets/textures/storm_lootspray_animated_toys18_zagara.lvl0	111f2171516445085376a69179e8f683	2896
mods/heroes.stormmod/base.stormassets/assets/textures/storm_lootspray_animated_toys19_ancientbeast.dds	5de63693f32c95c6827e2d83945a3859	174928
mods/heroes.stormmod/base.stormassets/assets/textures/storm_lootspray_animated_toys19_ancientbeast.lvl0	96b92df94ed8d3a52051c255554f75e1	2896
mods/heroes.stormmod/base.stormassets/assets/textures/storm_lootspray_animated_toys19_bravecompanion.dds	20ba0b53a5a6f938a058ca12eeea2da4	174928
mods/heroes.stormmod/base.stormassets/assets/textures/storm_lootspray_animated_toys19_bravecompanion.lvl0	c63b582f8631c0c055848200bf2ed1d2	2896
mods/heroes.stormmod/base.stormassets/assets/textures/storm_lootspray_animated_toys19_eldestoftheplushevil.dds	0927776ed4bf4ad5cd12984cd2082d65	174928
mods/heroes.stormmod/base.stormassets/assets/textures/storm_lootspray_animated_toys19_eldestoftheplushevil.lvl0	6150a70ffcc294e8d263fc68388fa171	2896
mods/heroes.stormmod/base.stormassets/assets/textures/storm_lootspray_animated_toys19_happyhooves.dds	49454f75fd33733a65bbef764ab83412	174928
mods/heroes.stormmod/base.stormassets/assets/textures/storm_lootspray_animated_toys19_happyhooves.lvl0	350d4d36d2ee00c7808274359c2c74fb	2896
mods/heroes.stormmod/base.stormassets/assets/textures/storm_lootspray_animated_toys19_rewardchoochootime.dds	b87375e62cb7be786c6b65285fc3f3df	174928
mods/heroes.stormmod/base.stormassets/assets/textures/storm_lootspray_animated_toys19_rewardchoochootime.lvl0	c50ff2510f5739e0fff91eb97fcef86d	2896
mods/heroes.stormmod/base.stormassets/assets/textures/storm_lootspray_animated_toys19_spaceknight.dds	4ea2640d5a91544f8eaecc51afa86756	174928
mods/heroes.stormmod/base.stormassets/assets/textures/storm_lootspray_animated_toys19_spaceknight.lvl0	930b14f7daa16c4b607e182c0a105b46	2896
mods/heroes.stormmod/base.stormassets/assets/textures/storm_lootspray_animated_toys19_stalwarthero.dds	4e368595a1d813a033c6b78bbabf2305	174928
mods/heroes.stormmod/base.stormassets/assets/textures/storm_lootspray_animated_toys19_stalwarthero.lvl0	fb73e00e61b8dbdb67b5280bca74c79d	2896
mods/heroes.stormmod/base.stormassets/assets/textures/storm_lootspray_animated_toys19_whoopsiebear.dds	68bca966662ee0fa4b8dfbcac09eb85f	174928
mods/heroes.stormmod/base.stormassets/assets/textures/storm_lootspray_animated_toys19_whoopsiebear.lvl0	36d43af13acb099cc84c8284cbaac6c0	2896
mods/heroes.stormmod/base.stormassets/assets/textures/storm_lootspray_mecha19_chibiabathur.dds	af7e227641c73460d61ac8d9c6da98d0	87536
mods/heroes.stormmod/base.stormassets/assets/textures/storm_lootspray_mecha19_chibiabathur.lvl0	30589d4a3158f1aa8aadb6e0e15f1ce6	5616
mods/heroes.stormmod/base.stormassets/assets/textures/storm_lootspray_mecha19_chibityrael.dds	df464166e758c9c7819c4c0c2e925a30	87536
mods/heroes.stormmod/base.stormassets/assets/textures/storm_lootspray_mecha19_chibityrael.lvl0	7f8360593fedf6d82141e335da70c4e4	5616
mods/heroes.stormmod/base.stormassets/assets/textures/storm_lootspray_mecha19_chibivalla.dds	f6a32d128897efa4e5e9084ec9bbb9a9	87536
mods/heroes.stormmod/base.stormassets/assets/textures/storm_lootspray_mecha19_chibivalla.lvl0	dd262a101d9df3a5adb00f37cf6ec861	5616
mods/heroes.stormmod/base.stormassets/assets/textures/storm_lootspray_mecha19_chibiyrel.dds	e8459370e463c1430a23358df80919fe	87536
mods/heroes.stormmod/base.stormassets/assets/textures/storm_lootspray_mecha19_chibiyrel.lvl0	8bb326f95145cd1476db0b673d918f80	5616
mods/heroes.stormmod/base.stormassets/assets/textures/storm_lootspray_mecha19_malthael.dds	41f19174e603938f86f2187542dbbbae	87536
mods/heroes.stormmod/base.stormassets/assets/textures/storm_lootspray_mecha19_malthael.lvl0	507fb615065c1bde9819c04031d28a77	5616
mods/heroes.stormmod/base.stormassets/assets/textures/storm_lootspray_mecha19_neostormwind.dds	b2767c9816346f14f12b6e863a251768	87536
mods/heroes.stormmod/base.stormassets/assets/textures/storm_lootspray_mecha19_neostormwind.lvl0	63f038d48f7ac9691266012ec44a3332	5616
mods/heroes.stormmod/base.stormassets/assets/textures/storm_lootspray_mecha19_picture.dds	cf8697c0630ea883f2d6618d2565430d	87536
mods/heroes.stormmod/base.stormassets/assets/textures/storm_lootspray_mecha19_picture.lvl0	3443ebb7f362fde3d708d0fa2bfcf50d	5616
mods/heroes.stormmod/base.stormassets/assets/textures/storm_lootspray_mecha19_vallaback.dds	9c842aa254834327c2c06690c557a597	87536
mods/heroes.stormmod/base.stormassets/assets/textures/storm_lootspray_mecha19_vallaback.lvl0	1c961b5438189d41b4d35ede64458d51	5616
mods/heroes.stormmod/base.stormassets/assets/textures/storm_lootspray_mecha19_vallar.dds	a5d47f443a53052243ce91f2b297c686	87536
mods/heroes.stormmod/base.stormassets/assets/textures/storm_lootspray_mecha19_vallar.lvl0	8f47d93d9d70725d332fe6ae882783e1	5616
mods/heroes.stormmod/base.stormassets/assets/textures/storm_lootspray_mecha19_wireframemalthael.dds	c4067f0bea6a3d6b34c301d04251e863	87536
mods/heroes.stormmod/base.stormassets/assets/textures/storm_lootspray_mecha19_wireframemalthael.lvl0	810654d5144829ac60c42e5e8e202e7c	5616
mods/heroes.stormmod/base.stormassets/assets/textures/storm_lootspray_mecha19_wireframevalla.dds	b08b1a361d4e78fd3a60ada7e1596865	87536
mods/heroes.stormmod/base.stormassets/assets/textures/storm_lootspray_mecha19_wireframevalla.lvl0	cea481afc11944932f13647e848fb29b	5616
mods/heroes.stormmod/base.stormassets/assets/textures/storm_lootspray_mecha19_wireframeyrel.dds	c638bab1f271ee3ee525c6f3f594794f	87536
mods/heroes.stormmod/base.stormassets/assets/textures/storm_lootspray_mecha19_wireframeyrel.lvl0	a1b6357bfabe7304ce56da1c365fbf94	5616
mods/heroes.stormmod/base.stormassets/assets/textures/storm_lootspray_mecha19_xenotech.dds	1b943bb0d81717df8518d01e18c1d340	87536
mods/heroes.stormmod/base.stormassets/assets/textures/storm_lootspray_mecha19_xenotech.lvl0	d9a2d77ffe7bb8fff15ab653c3bbdec5	5616
mods/heroes.stormmod/base.stormassets/assets/textures/storm_lootspray_mecha19_yrelr.dds	da6ca7691d1083fc009e67a60f2ef102	87536
mods/heroes.stormmod/base.stormassets/assets/textures/storm_lootspray_mecha19_yrelr.lvl0	14fe56f6485e0410795ed0d0f5f6219e	5616
mods/heroes.stormmod/base.stormassets/assets/textures/storm_lootspray_mecha19_yreltoast.dds	34f5e6ca5cea97e3750d5fcf7396cd9b	87536
mods/heroes.stormmod/base.stormassets/assets/textures/storm_lootspray_mecha19_yreltoast.lvl0	49335184e13f5b645e002934ef0757ba	5616
mods/heroes.stormmod/base.stormassets/assets/textures/storm_lootspray_static_abathur_sluglife.dds	c742a3aaca04b98ed266dfb3c8c0d19c	87536
mods/heroes.stormmod/base.stormassets/assets/textures/storm_lootspray_static_abathur_sluglife.lvl0	411698095cdd2cf61052e382886966cd	5616
mods/heroes.stormmod/base.stormassets/assets/textures/storm_lootspray_static_altered20_chogallgreed.dds	19f13e962f7fb0280d50fdde28d1a54b	87536
mods/heroes.stormmod/base.stormassets/assets/textures/storm_lootspray_static_altered20_chogallgreed.lvl0	d092901a34cc0cdd7b09cc02273d9cfc	5616
mods/heroes.stormmod/base.stormassets/assets/textures/storm_lootspray_static_altered20_owlmoon.dds	3776cefea3087983632c213d8d4217f7	87536
mods/heroes.stormmod/base.stormassets/assets/textures/storm_lootspray_static_altered20_owlmoon.lvl0	25d42b0b9ee203ac9579266af16f4d0e	5616
mods/heroes.stormmod/base.stormassets/assets/textures/storm_lootspray_static_altered20_wardenglaive.dds	aea252a9bdbd2f56ad14522c0d4050a3	87536
mods/heroes.stormmod/base.stormassets/assets/textures/storm_lootspray_static_altered20_wardenglaive.lvl0	42ce3e73387235a7f177dedc19d4a176	5616
mods/heroes.stormmod/base.stormassets/assets/textures/storm_lootspray_static_altered20_wardentigerkitten.dds	b2f80e4ec477327f4af036164ae1966f	87536
mods/heroes.stormmod/base.stormassets/assets/textures/storm_lootspray_static_altered20_wardentigerkitten.lvl0	6969e60a05611dc5658435df460bad07	5616
mods/heroes.stormmod/base.stormassets/assets/textures/storm_lootspray_static_ana_cheer.dds	51c0e092d96f718e34bfca1b6f77487d	87536
mods/heroes.stormmod/base.stormassets/assets/textures/storm_lootspray_static_ana_cheer.lvl0	2354ffcb125138beae6c08f86179d9c2	5616
mods/heroes.stormmod/base.stormassets/assets/textures/storm_lootspray_static_ana_gaze.dds	f198efc95ce3baf354cdcf2cfe8dcd48	87536
mods/heroes.stormmod/base.stormassets/assets/textures/storm_lootspray_static_ana_gaze.lvl0	659d632e54e55e533e6b53150f92f9f8	5616
mods/heroes.stormmod/base.stormassets/assets/textures/storm_lootspray_static_ana_grenade.dds	cf61712d7a9b1d79cb9cca8592294d66	87536
mods/heroes.stormmod/base.stormassets/assets/textures/storm_lootspray_static_ana_grenade.lvl0	f51a11370b4a476167e0111ca55086ca	5616
mods/heroes.stormmod/base.stormassets/assets/textures/storm_lootspray_static_ana_icon.dds	0d5735aaabe1f912b0386e83c2b180f5	87536
mods/heroes.stormmod/base.stormassets/assets/textures/storm_lootspray_static_ana_icon.lvl0	151e92d42f4d8f355ce6a345732cccf6	5616
mods/heroes.stormmod/base.stormassets/assets/textures/storm_lootspray_static_ana_shhh.dds	91c89d674ca1ef004ca6ad6dc9b11be0	87536
mods/heroes.stormmod/base.stormassets/assets/textures/storm_lootspray_static_ana_shhh.lvl0	9517dba5a66984f9e02cd9969d96f9a6	5616
mods/heroes.stormmod/base.stormassets/assets/textures/storm_lootspray_static_ana_wedjat.dds	fb4545a93b0ae278ea4dacd88336ac31	87536
mods/heroes.stormmod/base.stormassets/assets/textures/storm_lootspray_static_ana_wedjat.lvl0	7cc4047a270f696b6f07a89a1e675d7b	5616
mods/heroes.stormmod/base.stormassets/assets/textures/storm_lootspray_static_anniversary_2018.dds	0fc576abbba18bcca5ca483d9ebb894a	87536
mods/heroes.stormmod/base.stormassets/assets/textures/storm_lootspray_static_anniversary_2018.lvl0	e5fda7403d428fbf903186204448e1a8	5616
mods/heroes.stormmod/base.stormassets/assets/textures/storm_lootspray_static_anniversary_2nd.dds	03bd1f6e10e920c46c80f087c7c74958	87536
mods/heroes.stormmod/base.stormassets/assets/textures/storm_lootspray_static_anniversary_2nd.lvl0	d9d2d3c83ec040859f829681c5161501	5616
mods/heroes.stormmod/base.stormassets/assets/textures/storm_lootspray_static_anniversary_4th.dds	ca5081eef13eef20e415855cc822e3d6	65664
mods/heroes.stormmod/base.stormassets/assets/textures/storm_lootspray_static_anniversary_5th.dds	bbc8850a0854209d5bcb4edb4477faa7	87536
mods/heroes.stormmod/base.stormassets/assets/textures/storm_lootspray_static_anniversary_5th.lvl0	d06ad122555c365cf290a05dc29119ca	5616
mods/heroes.stormmod/base.stormassets/assets/textures/storm_lootspray_static_blizzcon18_nexusshark.dds	ade8476cd246c3898e43305fb3c2f2a9	87536
mods/heroes.stormmod/base.stormassets/assets/textures/storm_lootspray_static_blizzcon18_nexusshark.lvl0	562be1b0c59056ff0373bfe9ee0f5073	5616
mods/heroes.stormmod/base.stormassets/assets/textures/storm_lootspray_static_blizzcon19_nexusheart.dds	91f41ff844944f09af8b038a84c396ea	87536
mods/heroes.stormmod/base.stormassets/assets/textures/storm_lootspray_static_blizzcon19_nexusheart.lvl0	cb63aa879d22596b7e3786d21e15e096	5616
mods/heroes.stormmod/base.stormassets/assets/textures/storm_lootspray_static_blizzcon_boar_achievement.dds	63940a9d7e01fab272ff16d8a956522c	87536
mods/heroes.stormmod/base.stormassets/assets/textures/storm_lootspray_static_blizzcon_boar_achievement.lvl0	ae03867404d990ab02bfe77d80d49ece	5616
mods/heroes.stormmod/base.stormassets/assets/textures/storm_lootspray_static_callofkt_cryptzerg.dds	e9746ecfbd8f3db3cc68773b6a080d58	87536
mods/heroes.stormmod/base.stormassets/assets/textures/storm_lootspray_static_callofkt_cryptzerg.lvl0	2055acbf90cb06bf7f986147608c8191	5616
mods/heroes.stormmod/base.stormassets/assets/textures/storm_lootspray_static_callofkt_cultofthedamned.dds	740870dcc4cf2ae176b8301e2abded86	87536
mods/heroes.stormmod/base.stormassets/assets/textures/storm_lootspray_static_callofkt_cultofthedamned.lvl0	0e6d5957f54ed4b88d7662df9efb7c72	5616
mods/heroes.stormmod/base.stormassets/assets/textures/storm_lootspray_static_callofkt_deathbarbarian.dds	17b8d70eba9db9be22824e3435f0e3b8	87536
mods/heroes.stormmod/base.stormassets/assets/textures/storm_lootspray_static_callofkt_deathbarbarian.lvl0	5aedeaaaed6b255991f3f591bb912b3c	5616
mods/heroes.stormmod/base.stormassets/assets/textures/storm_lootspray_static_callofkt_heigan_achievement.dds	be2f58d26c443431d9a97c88c712b536	87536
mods/heroes.stormmod/base.stormassets/assets/textures/storm_lootspray_static_callofkt_heigan_achievement.lvl0	4cc38e829d58cd8b2bc859628be73662	5616
mods/heroes.stormmod/base.stormassets/assets/textures/storm_lootspray_static_callofkt_jainainfernal.dds	6e45b7c14ab34fbf4522c12637a29358	87536
mods/heroes.stormmod/base.stormassets/assets/textures/storm_lootspray_static_callofkt_jainainfernal.lvl0	f67d96d2cc965f0233df81402a9d5b26	5616
mods/heroes.stormmod/base.stormassets/assets/textures/storm_lootspray_static_callofkt_loathebmushrooms.dds	1855f698c00f2d3cfb2d23115e7c18fb	87536
mods/heroes.stormmod/base.stormassets/assets/textures/storm_lootspray_static_callofkt_loathebmushrooms.lvl0	e923d99937849e9dfec4a0aa234b3439	5616
mods/heroes.stormmod/base.stormassets/assets/textures/storm_lootspray_static_callofkt_mrbigglesworth.dds	30e138b911c0bf611607a9973660e1f1	87536
mods/heroes.stormmod/base.stormassets/assets/textures/storm_lootspray_static_callofkt_mrbigglesworth.lvl0	2828ab42cf019b605188b24592732317	5616
mods/heroes.stormmod/base.stormassets/assets/textures/storm_lootspray_static_callofkt_naxbanner.dds	068d1cd7c1930d4d165cda0f6f24382a	87536
mods/heroes.stormmod/base.stormassets/assets/textures/storm_lootspray_static_callofkt_naxbanner.lvl0	25cf045ebdcd7e8e76a4a3dac653a301	5616
mods/heroes.stormmod/base.stormassets/assets/textures/storm_lootspray_static_callofkt_patchwerk.dds	8fbcf1d226532596662671d5e7e75cb1	87536
mods/heroes.stormmod/base.stormassets/assets/textures/storm_lootspray_static_callofkt_patchwerk.lvl0	783067e445cc5e8664f7664ba32b606c	5616
mods/heroes.stormmod/base.stormassets/assets/textures/storm_lootspray_static_callofkt_sapphiron.dds	38d4421a6332d2e10038b3c6f393746f	87536
mods/heroes.stormmod/base.stormassets/assets/textures/storm_lootspray_static_callofkt_sapphiron.lvl0	edec361088feccc14f558c0c109f4151	5616
mods/heroes.stormmod/base.stormassets/assets/textures/storm_lootspray_static_carbots_abathur.dds	42645080cdcd1e38a547b181f4944a40	87536
mods/heroes.stormmod/base.stormassets/assets/textures/storm_lootspray_static_carbots_abathur.lvl0	83e88823739fac2af7070b32fcd2d6fa	496
mods/heroes.stormmod/base.stormassets/assets/textures/storm_lootspray_static_carbots_alarak.dds	bbeb7b0b7291cb3f19d50d72a6558006	87536
mods/heroes.stormmod/base.stormassets/assets/textures/storm_lootspray_static_carbots_alarak.lvl0	7c3563ba2bca1c97f41c335a6d427839	496
mods/heroes.stormmod/base.stormassets/assets/textures/storm_lootspray_static_carbots_alexstrasza.dds	e474644a1d9432845e358e21f31b6e45	87536
mods/heroes.stormmod/base.stormassets/assets/textures/storm_lootspray_static_carbots_alexstrasza.lvl0	2a430c74bdd3b23ecc0e0b20c395e998	496
mods/heroes.stormmod/base.stormassets/assets/textures/storm_lootspray_static_carbots_ana.dds	468ca3fdb5964a4e5bea8bda45a2832b	87536
mods/heroes.stormmod/base.stormassets/assets/textures/storm_lootspray_static_carbots_ana.lvl0	41f5254addac784d35b724a00216cdfc	496
mods/heroes.stormmod/base.stormassets/assets/textures/storm_lootspray_static_carbots_anduin.dds	d4160f85ab818ed796f9efffec605b17	87536
mods/heroes.stormmod/base.stormassets/assets/textures/storm_lootspray_static_carbots_anduin.lvl0	b6b2fca1e56603ffdb22878faa7674bd	5616
mods/heroes.stormmod/base.stormassets/assets/textures/storm_lootspray_static_carbots_anubarak.dds	768631c9e7051b9c318b0dd1fa56e29d	87536
mods/heroes.stormmod/base.stormassets/assets/textures/storm_lootspray_static_carbots_anubarak.lvl0	53cfd836510944f1ef233320958f67ec	496
mods/heroes.stormmod/base.stormassets/assets/textures/storm_lootspray_static_carbots_artanis.dds	26ad9b117abc9ae600f387b53a6ff025	87536
mods/heroes.stormmod/base.stormassets/assets/textures/storm_lootspray_static_carbots_artanis.lvl0	2208d0cebe80ff4872e88ff0ceb9b785	496
mods/heroes.stormmod/base.stormassets/assets/textures/storm_lootspray_static_carbots_arthas.dds	74a5b16faa51b498515e6b631e348686	87536
mods/heroes.stormmod/base.stormassets/assets/textures/storm_lootspray_static_carbots_arthas.lvl0	b504947bde57b71e1bfdcef03cab09ad	496
mods/heroes.stormmod/base.stormassets/assets/textures/storm_lootspray_static_carbots_auriel.dds	c598e003396213d925e48dfcd765e42c	65664
mods/heroes.stormmod/base.stormassets/assets/textures/storm_lootspray_static_carbots_azmodan.dds	3bbafe31c691d66a7fc36319d00e6c9b	87536
mods/heroes.stormmod/base.stormassets/assets/textures/storm_lootspray_static_carbots_azmodan.lvl0	c538b539ee2225697dc5cd17e291685d	496
mods/heroes.stormmod/base.stormassets/assets/textures/storm_lootspray_static_carbots_bestfriend.dds	745a5e21c54f3bb2b9d2f8547c5a42b0	87536
mods/heroes.stormmod/base.stormassets/assets/textures/storm_lootspray_static_carbots_bestfriend.lvl0	09ba53daadea01d332924d7c76924fde	5616
mods/heroes.stormmod/base.stormassets/assets/textures/storm_lootspray_static_carbots_blackheart.dds	62402a45465518f8c448fc4d001f6275	87536
mods/heroes.stormmod/base.stormassets/assets/textures/storm_lootspray_static_carbots_blackheart.lvl0	3c57852bf89bcc5f220d132a076a27f3	5616
mods/heroes.stormmod/base.stormassets/assets/textures/storm_lootspray_static_carbots_blaze.dds	3b7ff02963928e7d31610b813737d6ac	87536
mods/heroes.stormmod/base.stormassets/assets/textures/storm_lootspray_static_carbots_blaze.lvl0	a016d69de475d94ea307290cb7a8a3f1	496
mods/heroes.stormmod/base.stormassets/assets/textures/storm_lootspray_static_carbots_brightwing.dds	dfe203ca53ae2ea0135949afb17c1aa4	87536
mods/heroes.stormmod/base.stormassets/assets/textures/storm_lootspray_static_carbots_brightwing.lvl0	f830c262a567a589ff6097d3838721a8	496
mods/heroes.stormmod/base.stormassets/assets/textures/storm_lootspray_static_carbots_butcher.dds	d08f9ab8640ca850b631e10231b6ad2a	87536
mods/heroes.stormmod/base.stormassets/assets/textures/storm_lootspray_static_carbots_butcher.lvl0	8bf59e995a782db6459f2a5ff423d472	496
mods/heroes.stormmod/base.stormassets/assets/textures/storm_lootspray_static_carbots_cassia.dds	324b2e935eff476b0334f2132a5f9731	65664
mods/heroes.stormmod/base.stormassets/assets/textures/storm_lootspray_static_carbots_chen.dds	a990b4cdcd445519f7242c3183a03f81	87536
mods/heroes.stormmod/base.stormassets/assets/textures/storm_lootspray_static_carbots_chen.lvl0	3ce0798103ffaa10b60d0e75746048ec	496
mods/heroes.stormmod/base.stormassets/assets/textures/storm_lootspray_static_carbots_cho.dds	81e7bbd1715daa0ffba9044bc525155e	87536
mods/heroes.stormmod/base.stormassets/assets/textures/storm_lootspray_static_carbots_cho.lvl0	104a813c884b3bda1309139dcaf8fb83	496
mods/heroes.stormmod/base.stormassets/assets/textures/storm_lootspray_static_carbots_chromie.dds	2353ae7cc63371c144c97d543c2ba714	87536
mods/heroes.stormmod/base.stormassets/assets/textures/storm_lootspray_static_carbots_chromie.lvl0	a68770cebae21962a0bdeed71b14bbfc	496
mods/heroes.stormmod/base.stormassets/assets/textures/storm_lootspray_static_carbots_deathwing.dds	1ff901c56b9bb45aa46ce046a03c1ce6	87536
mods/heroes.stormmod/base.stormassets/assets/textures/storm_lootspray_static_carbots_deathwing.lvl0	4b2f7a568bf8ca7eb839efaabbf37437	5616
mods/heroes.stormmod/base.stormassets/assets/textures/storm_lootspray_static_carbots_deckard.dds	e860ced1dd96fdd9aa425ada18d5be78	65664
mods/heroes.stormmod/base.stormassets/assets/textures/storm_lootspray_static_carbots_dehaka.dds	8a417cbc8b19fe87e435f68fe9610bfe	87536
mods/heroes.stormmod/base.stormassets/assets/textures/storm_lootspray_static_carbots_dehaka.lvl0	4d2991c1b3af12c0e8d073fbd806fddf	496
mods/heroes.stormmod/base.stormassets/assets/textures/storm_lootspray_static_carbots_diablo.dds	59d85aed2e162419f47d9bedfe70ac1d	87536
mods/heroes.stormmod/base.stormassets/assets/textures/storm_lootspray_static_carbots_diablo.lvl0	59763d457c8f53dd3ef5e555e8bb2621	496
mods/heroes.stormmod/base.stormassets/assets/textures/storm_lootspray_static_carbots_dragonknight.dds	f17f5884ddc8cc69cfd617327a51a4d2	87536
mods/heroes.stormmod/base.stormassets/assets/textures/storm_lootspray_static_carbots_dragonknight.lvl0	d3163de1d574c891e5abe410403416ec	5616
mods/heroes.stormmod/base.stormassets/assets/textures/storm_lootspray_static_carbots_dva.dds	b3cbce358ac7d0521849fbcacec25757	87536
mods/heroes.stormmod/base.stormassets/assets/textures/storm_lootspray_static_carbots_dva.lvl0	bf0fa0991018a53429ab87c04a8f4c9f	496
mods/heroes.stormmod/base.stormassets/assets/textures/storm_lootspray_static_carbots_etc.dds	f70d707076097aa57c33b8e0b828b076	87536
mods/heroes.stormmod/base.stormassets/assets/textures/storm_lootspray_static_carbots_etc.lvl0	5ac1de81347fda951968907d2d44790a	496
mods/heroes.stormmod/base.stormassets/assets/textures/storm_lootspray_static_carbots_falstad.dds	5aa9e2629ef1ebea54695d2f77aa5664	87536
mods/heroes.stormmod/base.stormassets/assets/textures/storm_lootspray_static_carbots_falstad.lvl0	5e2d27cd1e4f6bed2973ffb14290f92a	496
mods/heroes.stormmod/base.stormassets/assets/textures/storm_lootspray_static_carbots_fenix.dds	6ffcd96dafe322373441623ab1d919e6	87536
mods/heroes.stormmod/base.stormassets/assets/textures/storm_lootspray_static_carbots_fenix.lvl0	81eb8e8a0e4cdf82847b3dc12af8d75c	496
mods/heroes.stormmod/base.stormassets/assets/textures/storm_lootspray_static_carbots_fort.dds	b0071ee6283f1e9f9493c8fde10f581e	87536
mods/heroes.stormmod/base.stormassets/assets/textures/storm_lootspray_static_carbots_fort.lvl0	1c0eb7f61a345168125588a016e25c0a	5616
mods/heroes.stormmod/base.stormassets/assets/textures/storm_lootspray_static_carbots_fountain.dds	477934892a44fa9a9119216ed8888608	87536
mods/heroes.stormmod/base.stormassets/assets/textures/storm_lootspray_static_carbots_fountain.lvl0	3ed5b93acf0467669ddd3c901ae85dcd	5616
mods/heroes.stormmod/base.stormassets/assets/textures/storm_lootspray_static_carbots_gall.dds	3200168c7b01fd9b97897d56d56eddcc	87536
mods/heroes.stormmod/base.stormassets/assets/textures/storm_lootspray_static_carbots_gall.lvl0	c1fb991b9f6b002ea2b12aeda0b872e4	496
mods/heroes.stormmod/base.stormassets/assets/textures/storm_lootspray_static_carbots_gardenterror.dds	f350d141a5d73b5865416ec7291f950c	87536
mods/heroes.stormmod/base.stormassets/assets/textures/storm_lootspray_static_carbots_gardenterror.lvl0	51020bec8eae27064fb14d9a5965a6ad	5616
mods/heroes.stormmod/base.stormassets/assets/textures/storm_lootspray_static_carbots_garrosh.dds	3a910ea23c8bb77df2108b3cdf55b766	87536
mods/heroes.stormmod/base.stormassets/assets/textures/storm_lootspray_static_carbots_garrosh.lvl0	c083bf3495e12771aea456229f25579b	496
mods/heroes.stormmod/base.stormassets/assets/textures/storm_lootspray_static_carbots_gazlowe.dds	2dfc4c33fc4c70259236f8b15f138fb7	87536
mods/heroes.stormmod/base.stormassets/assets/textures/storm_lootspray_static_carbots_gazlowe.lvl0	e002ca8b06579dce9543d2612e1d674b	496
mods/heroes.stormmod/base.stormassets/assets/textures/storm_lootspray_static_carbots_genji.dds	f19b79e5dca5528c7c40c9b7b9a45930	87536
mods/heroes.stormmod/base.stormassets/assets/textures/storm_lootspray_static_carbots_genji.lvl0	56e46f5b81a644353f148342d19e05e1	496
mods/heroes.stormmod/base.stormassets/assets/textures/storm_lootspray_static_carbots_globe.dds	857ee6b91ade90e00a2a0f75c4881e1e	87536
mods/heroes.stormmod/base.stormassets/assets/textures/storm_lootspray_static_carbots_globe.lvl0	5368e32a84a180a7ace3c0ef4792049f	5616
mods/heroes.stormmod/base.stormassets/assets/textures/storm_lootspray_static_carbots_gravegolem.dds	5b2643da9e049c6b64b79733be88c25d	87536
mods/heroes.stormmod/base.stormassets/assets/textures/storm_lootspray_static_carbots_gravegolem.lvl0	a3c251269319ec9ce94b14e680f32e1b	5616
mods/heroes.stormmod/base.stormassets/assets/textures/storm_lootspray_static_carbots_greymane.dds	3724cfea11dd19970b8a86da4d7f3865	87536
mods/heroes.stormmod/base.stormassets/assets/textures/storm_lootspray_static_carbots_greymane.lvl0	698012acfcd9e28abbead0e52c929be0	496
mods/heroes.stormmod/base.stormassets/assets/textures/storm_lootspray_static_carbots_guldan.dds	ce802deda1159d09be58a08f77ecc57a	87536
mods/heroes.stormmod/base.stormassets/assets/textures/storm_lootspray_static_carbots_guldan.lvl0	ce0f6a91b1d4cb4e59888994fd8ee994	496
mods/heroes.stormmod/base.stormassets/assets/textures/storm_lootspray_static_carbots_hammer.dds	bb6e9a77d6dab6da078e09f0f9eefe6c	87536
mods/heroes.stormmod/base.stormassets/assets/textures/storm_lootspray_static_carbots_hammer.lvl0	904fa6b3e1895cc128e64e3ac375a18d	496
mods/heroes.stormmod/base.stormassets/assets/textures/storm_lootspray_static_carbots_hanzo.dds	d62d7e887e672d303c61205788a79630	87536
mods/heroes.stormmod/base.stormassets/assets/textures/storm_lootspray_static_carbots_hanzo.lvl0	9eab6d3bd37264d1c80b4e9a1eb44ec6	496
mods/heroes.stormmod/base.stormassets/assets/textures/storm_lootspray_static_carbots_headlesshorseman.dds	e9c66a6be55e0d652ce0fab077b1e7bd	87536
mods/heroes.stormmod/base.stormassets/assets/textures/storm_lootspray_static_carbots_headlesshorseman.lvl0	209495cb65b70006885cbd0ebddbee0e	5616
mods/heroes.stormmod/base.stormassets/assets/textures/storm_lootspray_static_carbots_illidan.dds	8ecf7d3e8ec9565ad67ebbf3aee253ff	87536
mods/heroes.stormmod/base.stormassets/assets/textures/storm_lootspray_static_carbots_illidan.lvl0	e71333074989e89939f15e8f81d5ae32	496
mods/heroes.stormmod/base.stormassets/assets/textures/storm_lootspray_static_carbots_imperius.dds	ae88053cb9eb535e8d04529ed1434043	87536
mods/heroes.stormmod/base.stormassets/assets/textures/storm_lootspray_static_carbots_imperius.lvl0	15122242435da33c8317c915838b348c	5616
mods/heroes.stormmod/base.stormassets/assets/textures/storm_lootspray_static_carbots_jaina.dds	969c2e91886e786e9810186b68ae072f	87536
mods/heroes.stormmod/base.stormassets/assets/textures/storm_lootspray_static_carbots_jaina.lvl0	cd4d401609c1b0e6f1aecfe719c57dad	496
mods/heroes.stormmod/base.stormassets/assets/textures/storm_lootspray_static_carbots_johanna.dds	7def6a7db9cf54faee2b065a3e8b1443	87536
mods/heroes.stormmod/base.stormassets/assets/textures/storm_lootspray_static_carbots_johanna.lvl0	b3fded9edf61f1c1dfd8774c3dfc6b7d	496
mods/heroes.stormmod/base.stormassets/assets/textures/storm_lootspray_static_carbots_junkrat.dds	58218e26e0233dbb8aec4b3b7ff9e54f	87536
mods/heroes.stormmod/base.stormassets/assets/textures/storm_lootspray_static_carbots_junkrat.lvl0	fa0b9f945dacb1c4879e6c5536a9d689	496
mods/heroes.stormmod/base.stormassets/assets/textures/storm_lootspray_static_carbots_kaelthas.dds	ed69962ef0adf672845f456d8d2082d3	87536
mods/heroes.stormmod/base.stormassets/assets/textures/storm_lootspray_static_carbots_kaelthas.lvl0	196215c4d9cfe4bf05a939bc2b2da480	496
mods/heroes.stormmod/base.stormassets/assets/textures/storm_lootspray_static_carbots_kelthuzad.dds	c7ddc24fdb57f86e0a4dfa6490a1a6de	87536
mods/heroes.stormmod/base.stormassets/assets/textures/storm_lootspray_static_carbots_kelthuzad.lvl0	f4def6888391adfd5e087d47b7a909b6	496
mods/heroes.stormmod/base.stormassets/assets/textures/storm_lootspray_static_carbots_kerrigan.dds	c76d4a423c509bd7746814bf31c8764c	87536
mods/heroes.stormmod/base.stormassets/assets/textures/storm_lootspray_static_carbots_kerrigan.lvl0	acafbfa3f6e12f6a54472fca5c764653	496
mods/heroes.stormmod/base.stormassets/assets/textures/storm_lootspray_static_carbots_kharazim.dds	46a64cfe63d09de74584d84cf2daaee3	65664
mods/heroes.stormmod/base.stormassets/assets/textures/storm_lootspray_static_carbots_knight.dds	6c952acbcb21ddebd45d79bdc0fd8865	87536
mods/heroes.stormmod/base.stormassets/assets/textures/storm_lootspray_static_carbots_knight.lvl0	b759c5d03169d1c048843d4a6a29de17	5616
mods/heroes.stormmod/base.stormassets/assets/textures/storm_lootspray_static_carbots_leoric.dds	9f252b11510e82c35625a462bce0e170	87536
mods/heroes.stormmod/base.stormassets/assets/textures/storm_lootspray_static_carbots_leoric.lvl0	38fdab1cf2ba69b6055757f3fadd0f5a	496
mods/heroes.stormmod/base.stormassets/assets/textures/storm_lootspray_static_carbots_lili.dds	38d3fdcb4c4404a613c31c7206bc2d4f	87536
mods/heroes.stormmod/base.stormassets/assets/textures/storm_lootspray_static_carbots_lili.lvl0	63d092431f679319dc59bb14eaa4f1a9	496
mods/heroes.stormmod/base.stormassets/assets/textures/storm_lootspray_static_carbots_liming.dds	5eddcf99f9102f6036dfc324c3845be1	65664
mods/heroes.stormmod/base.stormassets/assets/textures/storm_lootspray_static_carbots_lostvikings.dds	79d398721037bfd7e0e9d8a8fa9c08ea	87536
mods/heroes.stormmod/base.stormassets/assets/textures/storm_lootspray_static_carbots_lostvikings.lvl0	f5857308bbc9abab3bb7b8d706514761	496
mods/heroes.stormmod/base.stormassets/assets/textures/storm_lootspray_static_carbots_lucio.dds	2debb622c58865be9fc0f607dd228f7e	87536
mods/heroes.stormmod/base.stormassets/assets/textures/storm_lootspray_static_carbots_lucio.lvl0	d96b24fd66d8e6e1fb2fc24147f2d411	496
mods/heroes.stormmod/base.stormassets/assets/textures/storm_lootspray_static_carbots_lunara.dds	953ff2662297a34a69671dd56125b773	87536
mods/heroes.stormmod/base.stormassets/assets/textures/storm_lootspray_static_carbots_lunara.lvl0	45203c96c4d5c61ed3c0b42eb73c37a5	496
mods/heroes.stormmod/base.stormassets/assets/textures/storm_lootspray_static_carbots_maiev.dds	4cdd74622ede8294d7c717a66599ab7f	87536
mods/heroes.stormmod/base.stormassets/assets/textures/storm_lootspray_static_carbots_maiev.lvl0	b68b62028904b32f5bbbaab587fa82b8	496
mods/heroes.stormmod/base.stormassets/assets/textures/storm_lootspray_static_carbots_malfurion.dds	976e434bb013f1da47bcc323d38134ce	87536
mods/heroes.stormmod/base.stormassets/assets/textures/storm_lootspray_static_carbots_malfurion.lvl0	c751d1de1b73f30064508fbb07b08f74	496
mods/heroes.stormmod/base.stormassets/assets/textures/storm_lootspray_static_carbots_malganis.dds	7adfa8ed4a429d51c5c8107b1f8ed08f	87536
mods/heroes.stormmod/base.stormassets/assets/textures/storm_lootspray_static_carbots_malganis.lvl0	e957d8a2d759dd5ddbab71377aad5bf5	5616
mods/heroes.stormmod/base.stormassets/assets/textures/storm_lootspray_static_carbots_malthael.dds	f61758d778874a33200f05703b28fbcf	87536
mods/heroes.stormmod/base.stormassets/assets/textures/storm_lootspray_static_carbots_malthael.lvl0	f94057e1c6151c29cc9577f06e25ea62	496
mods/heroes.stormmod/base.stormassets/assets/textures/storm_lootspray_static_carbots_medivh.dds	5986f3f8e73a01d42f444917e19013a3	87536
mods/heroes.stormmod/base.stormassets/assets/textures/storm_lootspray_static_carbots_medivh.lvl0	5074218d87dd8ecf9465e3ea76eff6dc	496
mods/heroes.stormmod/base.stormassets/assets/textures/storm_lootspray_static_carbots_meiow.dds	392ecec100596b456e240bb0d56dd885	87536
mods/heroes.stormmod/base.stormassets/assets/textures/storm_lootspray_static_carbots_meiow.lvl0	8b6bcfbc15b3e8c62fd3eec8d9664c30	5616
mods/heroes.stormmod/base.stormassets/assets/textures/storm_lootspray_static_carbots_mephisto.dds	ca73a22171d044ee1d7a95f45699c60a	87536
mods/heroes.stormmod/base.stormassets/assets/textures/storm_lootspray_static_carbots_mephisto.lvl0	1435b1d56513eaa3076cd5ef42e84561	496
mods/heroes.stormmod/base.stormassets/assets/textures/storm_lootspray_static_carbots_morales.dds	1fe4aa2931ecdf5024b3c9ed1f47ff8a	87536
mods/heroes.stormmod/base.stormassets/assets/textures/storm_lootspray_static_carbots_morales.lvl0	3fbc45924b1fafe3e820ea4b01622ca5	496
mods/heroes.stormmod/base.stormassets/assets/textures/storm_lootspray_static_carbots_muradin.dds	2bb4f16f57c7b5a722586b538706ec3b	87536
mods/heroes.stormmod/base.stormassets/assets/textures/storm_lootspray_static_carbots_muradin.lvl0	19bac6f52436179a9f893dabd7ac138e	496
mods/heroes.stormmod/base.stormassets/assets/textures/storm_lootspray_static_carbots_murky.dds	f6bbda5a28e89d8df0d10889ecd8422a	87536
mods/heroes.stormmod/base.stormassets/assets/textures/storm_lootspray_static_carbots_murky.lvl0	884444c05c155ac01350178e09f511e0	496
mods/heroes.stormmod/base.stormassets/assets/textures/storm_lootspray_static_carbots_nazeebo.dds	4ce5cf38322eeb8ef78f447b371e386a	65664
mods/heroes.stormmod/base.stormassets/assets/textures/storm_lootspray_static_carbots_nova.dds	25a0b3ac477eb297bc241aaaa85f4eb5	87536
mods/heroes.stormmod/base.stormassets/assets/textures/storm_lootspray_static_carbots_nova.lvl0	7fb1f612868f3875d6af30fbd5400d4c	496
mods/heroes.stormmod/base.stormassets/assets/textures/storm_lootspray_static_carbots_orphea.dds	6dfc3f4ecfe7d0f2c43fe90da7175826	87536
mods/heroes.stormmod/base.stormassets/assets/textures/storm_lootspray_static_carbots_orphea.lvl0	4dccae8705bec57bc0bc72c61a68d695	5616
mods/heroes.stormmod/base.stormassets/assets/textures/storm_lootspray_static_carbots_probius.dds	c083f8df8935a548a194f333516c6c38	87536
mods/heroes.stormmod/base.stormassets/assets/textures/storm_lootspray_static_carbots_probius.lvl0	c6ef20fae83d8558399516500d86615a	496
mods/heroes.stormmod/base.stormassets/assets/textures/storm_lootspray_static_carbots_punisher.dds	f8bc74d511e17b5934d69bf42f10c25e	87536
mods/heroes.stormmod/base.stormassets/assets/textures/storm_lootspray_static_carbots_punisher.lvl0	4d0696ed60d638d9e340423e6660d935	5616
mods/heroes.stormmod/base.stormassets/assets/textures/storm_lootspray_static_carbots_qhira.dds	3d7cc45361ae839bd73416f3483576f2	87536
mods/heroes.stormmod/base.stormassets/assets/textures/storm_lootspray_static_carbots_qhira.lvl0	f0cd54258698bdfffb9d81f594a3aba7	5616
mods/heroes.stormmod/base.stormassets/assets/textures/storm_lootspray_static_carbots_ragnaros.dds	1784243985a2479b92a7587e85fa0f40	87536
mods/heroes.stormmod/base.stormassets/assets/textures/storm_lootspray_static_carbots_ragnaros.lvl0	3ec0a87c035ca6c4a9936d7e8eb8004d	496
mods/heroes.stormmod/base.stormassets/assets/textures/storm_lootspray_static_carbots_raynor.dds	92d14bea31cbb00e25031d24f58fefce	87536
mods/heroes.stormmod/base.stormassets/assets/textures/storm_lootspray_static_carbots_raynor.lvl0	b2fcaa35289cf4c11dbe92bcf29a9c1e	496
mods/heroes.stormmod/base.stormassets/assets/textures/storm_lootspray_static_carbots_rehgar.dds	5664a86c0a6fb7ed42e53e45091ffcdd	87536
mods/heroes.stormmod/base.stormassets/assets/textures/storm_lootspray_static_carbots_rehgar.lvl0	1b2499aa59239042ee0a988f9e79b3d4	496
mods/heroes.stormmod/base.stormassets/assets/textures/storm_lootspray_static_carbots_rexxar.dds	592243ab1f1d90f60b47e0027660e5ad	87536
mods/heroes.stormmod/base.stormassets/assets/textures/storm_lootspray_static_carbots_rexxar.lvl0	74ff378351038ad6faf6db6ada651a7b	496
mods/heroes.stormmod/base.stormassets/assets/textures/storm_lootspray_static_carbots_samuro.dds	08074dedaa1f1084f2e06c3d51d930f4	87536
mods/heroes.stormmod/base.stormassets/assets/textures/storm_lootspray_static_carbots_samuro.lvl0	8f003cb0e0a7cab5a9a5be928d5c5d02	496
mods/heroes.stormmod/base.stormassets/assets/textures/storm_lootspray_static_carbots_sonya.dds	fa7dbda4612b0585871df48c940deb37	65664
mods/heroes.stormmod/base.stormassets/assets/textures/storm_lootspray_static_carbots_stickhorse.dds	c30704494636184a24b6ec7906aa7afb	87536
mods/heroes.stormmod/base.stormassets/assets/textures/storm_lootspray_static_carbots_stickhorse.lvl0	9862caa4f1691c34b6feb3aaac15803f	5616
mods/heroes.stormmod/base.stormassets/assets/textures/storm_lootspray_static_carbots_stitches.dds	d9aaa92059886687f51cab06ed95a70e	87536
mods/heroes.stormmod/base.stormassets/assets/textures/storm_lootspray_static_carbots_stitches.lvl0	eb5404352600f378e226611c88f6dece	496
mods/heroes.stormmod/base.stormassets/assets/textures/storm_lootspray_static_carbots_stukov.dds	9e194096d72e5ea09938ec09418dcea3	87536
mods/heroes.stormmod/base.stormassets/assets/textures/storm_lootspray_static_carbots_stukov.lvl0	b112600332b0f65e1f0f5c870b53ebea	496
mods/heroes.stormmod/base.stormassets/assets/textures/storm_lootspray_static_carbots_sylvanas.dds	e28f3899c2fb4a19979f47da84f4d51a	87536
mods/heroes.stormmod/base.stormassets/assets/textures/storm_lootspray_static_carbots_sylvanas.lvl0	fff53227fbe9b1de2d9307011412559d	496
mods/heroes.stormmod/base.stormassets/assets/textures/storm_lootspray_static_carbots_tassadar.dds	ec50bcd8cb21cf5ba15c091848e84244	87536
mods/heroes.stormmod/base.stormassets/assets/textures/storm_lootspray_static_carbots_tassadar.lvl0	b02700482316942ee032f70258941373	496
mods/heroes.stormmod/base.stormassets/assets/textures/storm_lootspray_static_carbots_templeguardian.dds	3e667447e62eb0ae2fe57058530dd50a	87536
mods/heroes.stormmod/base.stormassets/assets/textures/storm_lootspray_static_carbots_templeguardian.lvl0	3fac2e86d9782078ee581b7c54ab4bfc	5616
mods/heroes.stormmod/base.stormassets/assets/textures/storm_lootspray_static_carbots_thrall.dds	a7bb60f3b2c16899699d780b535fa33b	87536
mods/heroes.stormmod/base.stormassets/assets/textures/storm_lootspray_static_carbots_thrall.lvl0	b133366a16a649f2361d3b0ad2dba474	496
mods/heroes.stormmod/base.stormassets/assets/textures/storm_lootspray_static_carbots_tracer.dds	2b773be6033f6e6b5ca0a380ef8d7ac7	87536
mods/heroes.stormmod/base.stormassets/assets/textures/storm_lootspray_static_carbots_tracer.lvl0	ad6cf38ca64cb1556057abc10625c3cb	496
mods/heroes.stormmod/base.stormassets/assets/textures/storm_lootspray_static_carbots_tychus.dds	674d59ddcc93a63e8e2dadfd0694cf9f	87536
mods/heroes.stormmod/base.stormassets/assets/textures/storm_lootspray_static_carbots_tychus.lvl0	6144008c2900924327a767b08d02ce7c	496
mods/heroes.stormmod/base.stormassets/assets/textures/storm_lootspray_static_carbots_tyrael.dds	2ee6f3a4064e02b6a18488e506f8b787	87536
mods/heroes.stormmod/base.stormassets/assets/textures/storm_lootspray_static_carbots_tyrael.lvl0	0845fa8912ae6bf763088d600b764554	496
mods/heroes.stormmod/base.stormassets/assets/textures/storm_lootspray_static_carbots_tyrande.dds	687f286c513b71e99673cc52fee3e4bb	87536
mods/heroes.stormmod/base.stormassets/assets/textures/storm_lootspray_static_carbots_tyrande.lvl0	7298cb1bb31bd8150fca245fece8385a	496
mods/heroes.stormmod/base.stormassets/assets/textures/storm_lootspray_static_carbots_uther.dds	c5f3c50f2a30fd0edb73fcb19c93914c	87536
mods/heroes.stormmod/base.stormassets/assets/textures/storm_lootspray_static_carbots_uther.lvl0	bec15ac99487a058e9093f0b71ba0594	496
mods/heroes.stormmod/base.stormassets/assets/textures/storm_lootspray_static_carbots_valeera.dds	ebd0f50491f6c9717a3397a5ab22c335	87536
mods/heroes.stormmod/base.stormassets/assets/textures/storm_lootspray_static_carbots_valeera.lvl0	f4a06f24aa6f688d10dd7a4a6db03e05	496
mods/heroes.stormmod/base.stormassets/assets/textures/storm_lootspray_static_carbots_valla.dds	73f81b68afe240ded9045b37968c09d4	65664
mods/heroes.stormmod/base.stormassets/assets/textures/storm_lootspray_static_carbots_varian.dds	b04edcc4e91cee398edf648ca303e1d7	87536
mods/heroes.stormmod/base.stormassets/assets/textures/storm_lootspray_static_carbots_varian.lvl0	e0e1c18954efb85bb3e3e8c89306d0db	496
mods/heroes.stormmod/base.stormassets/assets/textures/storm_lootspray_static_carbots_webweaver.dds	e089233bbe03d3f4f6d99d86f379ed37	87536
mods/heroes.stormmod/base.stormassets/assets/textures/storm_lootspray_static_carbots_webweaver.lvl0	698a504ae1bb1bae6fef323560929a0d	5616
mods/heroes.stormmod/base.stormassets/assets/textures/storm_lootspray_static_carbots_whitemane.dds	89ea7a5c75005c330599cf1e5237396d	87536
mods/heroes.stormmod/base.stormassets/assets/textures/storm_lootspray_static_carbots_whitemane.lvl0	d9467aa9daf8177fe4a22bad6a4bf1af	496
mods/heroes.stormmod/base.stormassets/assets/textures/storm_lootspray_static_carbots_xul.dds	3d64877b74e228ccf0c08b172da06021	65664
mods/heroes.stormmod/base.stormassets/assets/textures/storm_lootspray_static_carbots_yrel.dds	02cf71bb4521788bd654359822199097	87536
mods/heroes.stormmod/base.stormassets/assets/textures/storm_lootspray_static_carbots_yrel.lvl0	3b2b9d129c0fd72866d12297dbcd4b1e	496
mods/heroes.stormmod/base.stormassets/assets/textures/storm_lootspray_static_carbots_zagara.dds	0ee643b56a634ac41b0aad11cbf91b33	87536
mods/heroes.stormmod/base.stormassets/assets/textures/storm_lootspray_static_carbots_zagara.lvl0	b44269cd0c8b6e127342057971881164	496
mods/heroes.stormmod/base.stormassets/assets/textures/storm_lootspray_static_carbots_zarya.dds	94f35ac3d77601bdb64a8c130c293eed	87536
mods/heroes.stormmod/base.stormassets/assets/textures/storm_lootspray_static_carbots_zarya.lvl0	8dcd1fca838630b41fff18c1ef7c95d2	496
mods/heroes.stormmod/base.stormassets/assets/textures/storm_lootspray_static_carbots_zeratul.dds	bbca92f968e788e1fe86a968e05c3692	87536
mods/heroes.stormmod/base.stormassets/assets/textures/storm_lootspray_static_carbots_zeratul.lvl0	61a645e50b4840bbabf993fa0346e721	496
mods/heroes.stormmod/base.stormassets/assets/textures/storm_lootspray_static_carbots_zergling.dds	0243f711142a9a30150d021d02d5293b	87536
mods/heroes.stormmod/base.stormassets/assets/textures/storm_lootspray_static_carbots_zergling.lvl0	643232bb58c928a10b27407b654a73e9	5616
mods/heroes.stormmod/base.stormassets/assets/textures/storm_lootspray_static_carbots_zuljin.dds	9cbc1e75a04974c50c280e137139bb44	87536
mods/heroes.stormmod/base.stormassets/assets/textures/storm_lootspray_static_carbots_zuljin.lvl0	724fc4b9555b9b06504a95151177b5fa	496
mods/heroes.stormmod/base.stormassets/assets/textures/storm_lootspray_static_cartoon_artanis.dds	17cc1f85c09c3239e5b7451b44457f40	87536
mods/heroes.stormmod/base.stormassets/assets/textures/storm_lootspray_static_cartoon_artanis.lvl0	a73b99e8b11c8b8f4d960c79ccbfc988	5616
mods/heroes.stormmod/base.stormassets/assets/textures/storm_lootspray_static_cartoon_brightwing.dds	b0007722c91bdaa633a54f979ebcc602	87536
mods/heroes.stormmod/base.stormassets/assets/textures/storm_lootspray_static_cartoon_brightwing.lvl0	e28e8d323ffa9bb0cdf473cd1c5fb55f	5616
mods/heroes.stormmod/base.stormassets/assets/textures/storm_lootspray_static_cartoon_garrosh.dds	f912e38048427f4ef63763b06e5bfb38	87536
mods/heroes.stormmod/base.stormassets/assets/textures/storm_lootspray_static_cartoon_garrosh.lvl0	df91a120b302e249d3aad0bbcd8ef795	5616
mods/heroes.stormmod/base.stormassets/assets/textures/storm_lootspray_static_cartoon_jaina.dds	f6398c86d6734b054c96529388b5b71e	87536
mods/heroes.stormmod/base.stormassets/assets/textures/storm_lootspray_static_cartoon_jaina.lvl0	8127f6fc4503ce5a98827ba0ae523ae4	5616
mods/heroes.stormmod/base.stormassets/assets/textures/storm_lootspray_static_cartoon_kharazim.dds	d29a78ddd6cb64e31d158a5e8c37f888	87536
mods/heroes.stormmod/base.stormassets/assets/textures/storm_lootspray_static_cartoon_kharazim.lvl0	ab1b90b6c75e407638ee7581309e997a	5616
mods/heroes.stormmod/base.stormassets/assets/textures/storm_lootspray_static_cartoon_lili.dds	b02d3d89f9ce6d30eb9dc2586b8bf241	87536
mods/heroes.stormmod/base.stormassets/assets/textures/storm_lootspray_static_cartoon_lili.lvl0	02eae4b969a61da2e507484220da475e	5616
mods/heroes.stormmod/base.stormassets/assets/textures/storm_lootspray_static_cartoon_liming.dds	b3b9dd2a3a43253f433b844ea0c6ed01	87536
mods/heroes.stormmod/base.stormassets/assets/textures/storm_lootspray_static_cartoon_liming.lvl0	6f8d589f364c92a4a617b2d1f3bacd47	5616
mods/heroes.stormmod/base.stormassets/assets/textures/storm_lootspray_static_cartoon_nazeebo.dds	de378b117abcc26600a5798327b76ec8	87536
mods/heroes.stormmod/base.stormassets/assets/textures/storm_lootspray_static_cartoon_nazeebo.lvl0	26a26d83703f51a03569ee2531b8abff	5616
mods/heroes.stormmod/base.stormassets/assets/textures/storm_lootspray_static_cartoon_sylvanas.dds	b72eae0bf46ca295811ba25b96e46501	87536
mods/heroes.stormmod/base.stormassets/assets/textures/storm_lootspray_static_cartoon_sylvanas.lvl0	8e236783fad3bea6f516c59cd37fa14a	5616
mods/heroes.stormmod/base.stormassets/assets/textures/storm_lootspray_static_cartoon_tychus.dds	e9742ce597e5bf637b48fd57d60cd16d	87536
mods/heroes.stormmod/base.stormassets/assets/textures/storm_lootspray_static_cartoon_tychus.lvl0	aa3f30db70b09c87be0ff358c482d7c5	5616
mods/heroes.stormmod/base.stormassets/assets/textures/storm_lootspray_static_cartoon_varian.dds	b46b5ec0654176bbdd9449f31059f609	87536
mods/heroes.stormmod/base.stormassets/assets/textures/storm_lootspray_static_cartoon_varian.lvl0	77a1308a203332533898a859abced3a9	5616
mods/heroes.stormmod/base.stormassets/assets/textures/storm_lootspray_static_chibi_anubarak.dds	37715fbec91243b423238e91744aac30	87536
mods/heroes.stormmod/base.stormassets/assets/textures/storm_lootspray_static_chibi_anubarak.lvl0	c0e3f95fd7d69aaed415867de78dd3d9	5616
mods/heroes.stormmod/base.stormassets/assets/textures/storm_lootspray_static_chibi_azmodan.dds	34870bf0db2bc661c76db0096ca1d340	87536
mods/heroes.stormmod/base.stormassets/assets/textures/storm_lootspray_static_chibi_azmodan.lvl0	3e99c07c58cd24e4547c1266cdb8374a	5616
mods/heroes.stormmod/base.stormassets/assets/textures/storm_lootspray_static_chibi_chogall.dds	f7bfadf00a3f044f7e9770f91f8a8e41	87536
mods/heroes.stormmod/base.stormassets/assets/textures/storm_lootspray_static_chibi_chogall.lvl0	bf49e3afb6b6f818e0b1b01eb6b7b3cb	5616
mods/heroes.stormmod/base.stormassets/assets/textures/storm_lootspray_static_chibi_etc.dds	3277605cd9f89af1d4e361484b40be05	87536
mods/heroes.stormmod/base.stormassets/assets/textures/storm_lootspray_static_chibi_etc.lvl0	bf324989e15f3a7159dcd3bc743827cb	5616
mods/heroes.stormmod/base.stormassets/assets/textures/storm_lootspray_static_chibi_ragnaros.dds	7ad4a273d59f76153cb94755a5967f73	87536
mods/heroes.stormmod/base.stormassets/assets/textures/storm_lootspray_static_chibi_ragnaros.lvl0	2e79241cef4046240eba7fec90acc42b	5616
mods/heroes.stormmod/base.stormassets/assets/textures/storm_lootspray_static_chibi_zagara.dds	157a7aaf5d2119a2a258c08d1124308e	87536
mods/heroes.stormmod/base.stormassets/assets/textures/storm_lootspray_static_chibi_zagara.lvl0	dde3d606c387611fa13a41a595e3b709	5616
mods/heroes.stormmod/base.stormassets/assets/textures/storm_lootspray_static_comic_archnemesisleoric.dds	001aacd43988a3fe3c5a5a5f5921ee4f	87536
mods/heroes.stormmod/base.stormassets/assets/textures/storm_lootspray_static_comic_archnemesisleoric.lvl0	d97ecda7b7272713d2cbe451b0f4744d	5616
mods/heroes.stormmod/base.stormassets/assets/textures/storm_lootspray_static_comic_evilkerrigan.dds	c8765f34a1440557fbacbb460ef1dac7	87536
mods/heroes.stormmod/base.stormassets/assets/textures/storm_lootspray_static_comic_evilkerrigan.lvl0	99ef980fe49dce4005fb7f2930aa1bde	5616
mods/heroes.stormmod/base.stormassets/assets/textures/storm_lootspray_static_comic_forcejimmyraynor.dds	84a2cf76e06630b79bac4b9839ae9eff	87536
mods/heroes.stormmod/base.stormassets/assets/textures/storm_lootspray_static_comic_forcejimmyraynor.lvl0	3a73123dceff5cbaaf0a9d802fea167e	5616
mods/heroes.stormmod/base.stormassets/assets/textures/storm_lootspray_static_comic_lightningleopardlili.dds	fc0166bbadd8018c6042fd09d8856e5c	87536
mods/heroes.stormmod/base.stormassets/assets/textures/storm_lootspray_static_comic_lightningleopardlili.lvl0	8eec03173c9166bd6ec8198f65e3a98f	5616
mods/heroes.stormmod/base.stormassets/assets/textures/storm_lootspray_static_comic_logoshvarian.dds	d08f3456abc38b5e22d9427275ab390e	87536
mods/heroes.stormmod/base.stormassets/assets/textures/storm_lootspray_static_comic_logoshvarian.lvl0	cfd7e37f9923804efafa43de13a50037	5616
mods/heroes.stormmod/base.stormassets/assets/textures/storm_lootspray_static_comic_spacelichkelthuzad.dds	b3c3c2c284cf8901809e7bbba4dc2127	87536
mods/heroes.stormmod/base.stormassets/assets/textures/storm_lootspray_static_comic_spacelichkelthuzad.lvl0	89e95d82297ef61b4d99a2c531ed64ab	5616
mods/heroes.stormmod/base.stormassets/assets/textures/storm_lootspray_static_comic_spacelordleoric.dds	637ebd485a7fd5f58266c41d1b715373	87536
mods/heroes.stormmod/base.stormassets/assets/textures/storm_lootspray_static_comic_spacelordleoric.lvl0	6afecc52987409d1e17a82df0379a4ca	5616
mods/heroes.stormmod/base.stormassets/assets/textures/storm_lootspray_static_comic_starprincessliming.dds	9e526ee59b720b534388a7b80753bd09	87536
mods/heroes.stormmod/base.stormassets/assets/textures/storm_lootspray_static_comic_starprincessliming.lvl0	a2e929cdf99c9944e937709d04d16330	5616
mods/heroes.stormmod/base.stormassets/assets/textures/storm_lootspray_static_comic_starprincessvaleera.dds	566645438829db8c1909af428d9e4cdd	87536
mods/heroes.stormmod/base.stormassets/assets/textures/storm_lootspray_static_comic_starprincessvaleera.lvl0	19c096fad169638b9582c6f568ffd764	5616
mods/heroes.stormmod/base.stormassets/assets/textures/storm_lootspray_static_comic_sweetchromie.dds	d76f3b6cc38ecd00ce9b5f1b3518e1fa	87536
mods/heroes.stormmod/base.stormassets/assets/textures/storm_lootspray_static_comic_sweetchromie.lvl0	8c8ebc8554ce97f8e22a1710851076ab	5616
mods/heroes.stormmod/base.stormassets/assets/textures/storm_lootspray_static_community18_alarak.dds	be1cde0cb4f157aed1f495c57fe9f4c6	87536
mods/heroes.stormmod/base.stormassets/assets/textures/storm_lootspray_static_community18_alarak.lvl0	fb9da4d5ed0149df0b769e4be9ed158b	5616
mods/heroes.stormmod/base.stormassets/assets/textures/storm_lootspray_static_community18_azmodan.dds	f5a86f9accc78edc1b7ed941bf62c6c9	87536
mods/heroes.stormmod/base.stormassets/assets/textures/storm_lootspray_static_community18_azmodan.lvl0	c2b1509acf4363dffe7a48e12d6139d6	5616
mods/heroes.stormmod/base.stormassets/assets/textures/storm_lootspray_static_community18_chromie.dds	34a45012f832c5b059773e6cf8b3e02b	87536
mods/heroes.stormmod/base.stormassets/assets/textures/storm_lootspray_static_community18_chromie.lvl0	030c94d99a94aa459f4f54f0e5ca7926	5616
mods/heroes.stormmod/base.stormassets/assets/textures/storm_lootspray_static_community18_deckard.dds	3a1d50b0634a6fffb1141bae33d6adf6	87536
mods/heroes.stormmod/base.stormassets/assets/textures/storm_lootspray_static_community18_deckard.lvl0	91e0593b36e819f5a3796263b34c057d	5616
mods/heroes.stormmod/base.stormassets/assets/textures/storm_lootspray_static_community18_dehaka.dds	8e4cdcce7d63d8df0f4be88259c723eb	87536
mods/heroes.stormmod/base.stormassets/assets/textures/storm_lootspray_static_community18_dehaka.lvl0	0be80430d0c669f1c845307d8593a21e	5616
mods/heroes.stormmod/base.stormassets/assets/textures/storm_lootspray_static_community18_dva.dds	7dadc171b643326071409fc14e8c25ed	87536
mods/heroes.stormmod/base.stormassets/assets/textures/storm_lootspray_static_community18_dva.lvl0	b0c0b84e1fcec913013db2572f6dea83	5616
mods/heroes.stormmod/base.stormassets/assets/textures/storm_lootspray_static_community18_leoric.dds	034851d21ed361ab36bacf62977305a1	87536
mods/heroes.stormmod/base.stormassets/assets/textures/storm_lootspray_static_community18_leoric.lvl0	57fbb48ce59ece1b8232dc3afdf7113f	5616
mods/heroes.stormmod/base.stormassets/assets/textures/storm_lootspray_static_community18_maiev.dds	56d76586d6b8bf2e94c32494edc3c5c8	87536
mods/heroes.stormmod/base.stormassets/assets/textures/storm_lootspray_static_community18_maiev.lvl0	fc98e136e8e8d69e8583649501657ed2	5616
mods/heroes.stormmod/base.stormassets/assets/textures/storm_lootspray_static_community18_rexxar.dds	1820dbee6e987b267201cb23487f7443	87536
mods/heroes.stormmod/base.stormassets/assets/textures/storm_lootspray_static_community18_rexxar.lvl0	11c907289d51540267264f2a9c4b86e2	5616
mods/heroes.stormmod/base.stormassets/assets/textures/storm_lootspray_static_community18_whitemane.dds	31cab2b74bd5414f2c15c50f7b7e000c	87536
mods/heroes.stormmod/base.stormassets/assets/textures/storm_lootspray_static_community18_whitemane.lvl0	6fff2f8c28ef2ca5be9a4ff3d5f066e4	5616
mods/heroes.stormmod/base.stormassets/assets/textures/storm_lootspray_static_craft20_artanis.dds	9ae3ec17e096f8e9b48f828c43725ddf	262272
mods/heroes.stormmod/base.stormassets/assets/textures/storm_lootspray_static_craft20_invinciblemount.dds	da193365d380448bcdf9546f7b419e50	262272
mods/heroes.stormmod/base.stormassets/assets/textures/storm_lootspray_static_craft20_minerals.dds	61c9d225121e3c6fe3a9993a2ba5687e	262272
mods/heroes.stormmod/base.stormassets/assets/textures/storm_lootspray_static_craft20_nuke.dds	1db05c4713d64516847ef220110b6638	262272
mods/heroes.stormmod/base.stormassets/assets/textures/storm_lootspray_static_craft20_orcburrowzerg.dds	b9a2ddc4e819dc66669dcbda9629775e	262272
mods/heroes.stormmod/base.stormassets/assets/textures/storm_lootspray_static_craft20_protosschicken.dds	7c3aa1b312e13a041d946f96cf8f0e06	262272
mods/heroes.stormmod/base.stormassets/assets/textures/storm_lootspray_static_craft20_scvdrill.dds	b606b8ec18e2dd71fa35a0cb8bf39125	262272
mods/heroes.stormmod/base.stormassets/assets/textures/storm_lootspray_static_craft20_vespine.dds	be6a4c4738684b735eddf48944e65df2	262272
mods/heroes.stormmod/base.stormassets/assets/textures/storm_lootspray_static_craft20_wc3food.dds	028ce168bf663bd73b7d3fa8291960f5	262272
mods/heroes.stormmod/base.stormassets/assets/textures/storm_lootspray_static_craft20_zergthrone.dds	800e29ee8bcc15e2e6f998185847b1fd	262272
mods/heroes.stormmod/base.stormassets/assets/textures/storm_lootspray_static_crest_diablo_barbarian.dds	f9f55a2da8f633ced3633c22d462e5c1	87536
mods/heroes.stormmod/base.stormassets/assets/textures/storm_lootspray_static_crest_diablo_barbarian.lvl0	a8dea2660c176f9348b4eb4045d4691f	5616
mods/heroes.stormmod/base.stormassets/assets/textures/storm_lootspray_static_crest_diablo_demonhunter.dds	010bd8e7d89c3b2a0a774d93baa78e08	87536
mods/heroes.stormmod/base.stormassets/assets/textures/storm_lootspray_static_crest_diablo_demonhunter.lvl0	7a29a33b3664e01625a409f8bbf728e3	5616
mods/heroes.stormmod/base.stormassets/assets/textures/storm_lootspray_static_crest_diablo_monk.dds	b444f0a83de6f4ba6e2e95f800c09693	87536
mods/heroes.stormmod/base.stormassets/assets/textures/storm_lootspray_static_crest_diablo_monk.lvl0	e0b00328b7117d15e4dab057cb2af101	5616
mods/heroes.stormmod/base.stormassets/assets/textures/storm_lootspray_static_crest_diablo_witchdoctor.dds	2cdfe49269d77389583d3601a3285a11	87536
mods/heroes.stormmod/base.stormassets/assets/textures/storm_lootspray_static_crest_diablo_witchdoctor.lvl0	6c0aa25bdad18afa5a4526be19f70cd4	5616
mods/heroes.stormmod/base.stormassets/assets/textures/storm_lootspray_static_crest_diablo_wizard.dds	2d0dee1cede8ae649d9844085869f3d9	87536
mods/heroes.stormmod/base.stormassets/assets/textures/storm_lootspray_static_crest_diablo_wizard.lvl0	819ff891fbfd1ea5cdf159620c7cc98b	5616
mods/heroes.stormmod/base.stormassets/assets/textures/storm_lootspray_static_crest_sc_dominion.dds	5d69eb86374d317b34dac941166e721a	87536
mods/heroes.stormmod/base.stormassets/assets/textures/storm_lootspray_static_crest_sc_dominion.lvl0	2d977308f64ef69e9552851d35770bb8	5616
mods/heroes.stormmod/base.stormassets/assets/textures/storm_lootspray_static_crest_sc_protoss.dds	41449a965a5dfe320cd7c19a4b816072	87536
mods/heroes.stormmod/base.stormassets/assets/textures/storm_lootspray_static_crest_sc_protoss.lvl0	228605e73762913988abb3396cb2d70c	5616
mods/heroes.stormmod/base.stormassets/assets/textures/storm_lootspray_static_crest_sc_raynorsraiders.dds	c1cd1451e9d0755b7b2ec1a14d71e80d	87536
mods/heroes.stormmod/base.stormassets/assets/textures/storm_lootspray_static_crest_sc_raynorsraiders.lvl0	f0442cae6157301be8a19ddd350f0d80	5616
mods/heroes.stormmod/base.stormassets/assets/textures/storm_lootspray_static_crest_sc_spectre.dds	8d8d9bf837ee33505d16a78b7ca108b5	87536
mods/heroes.stormmod/base.stormassets/assets/textures/storm_lootspray_static_crest_sc_spectre.lvl0	19e449275cec254811afb1a6eb4d4193	5616
mods/heroes.stormmod/base.stormassets/assets/textures/storm_lootspray_static_crest_sc_terran.dds	9ae4ba73400b62faae43421724f0f323	87536
mods/heroes.stormmod/base.stormassets/assets/textures/storm_lootspray_static_crest_sc_terran.lvl0	7240e17d1e19680b08d0cbac9b899aac	5616
mods/heroes.stormmod/base.stormassets/assets/textures/storm_lootspray_static_crest_sc_warpig.dds	914a841de15b9423138f9ad841762bd2	87536
mods/heroes.stormmod/base.stormassets/assets/textures/storm_lootspray_static_crest_sc_warpig.lvl0	8985ce5b3c2e4b518b972cf5332666db	5616
mods/heroes.stormmod/base.stormassets/assets/textures/storm_lootspray_static_crest_sc_zerg.dds	15d75852e5b0f4814e1b17b229f68513	87536
mods/heroes.stormmod/base.stormassets/assets/textures/storm_lootspray_static_crest_sc_zerg.lvl0	29894cb7e0289475fa0a51742f5ed86a	5616
mods/heroes.stormmod/base.stormassets/assets/textures/storm_lootspray_static_crest_wc_alliance.dds	e0bb5f7783da5dc18448b735f5fe3fd5	87536
mods/heroes.stormmod/base.stormassets/assets/textures/storm_lootspray_static_crest_wc_alliance.lvl0	230a9b595184d7637afeba7ed2e56ec1	5616
mods/heroes.stormmod/base.stormassets/assets/textures/storm_lootspray_static_crest_wc_bloodelf.dds	3448d9fbcbcfb506ad35805eb82f5216	87536
mods/heroes.stormmod/base.stormassets/assets/textures/storm_lootspray_static_crest_wc_bloodelf.lvl0	d09945f681633551eb6213f1e16516af	5616
mods/heroes.stormmod/base.stormassets/assets/textures/storm_lootspray_static_crest_wc_dranei.dds	8845d22e131fbe5c14dedfdef97243dc	87536
mods/heroes.stormmod/base.stormassets/assets/textures/storm_lootspray_static_crest_wc_dranei.lvl0	4ebc4ac3ee3b1ce6f6a756ef781b5b2f	5616
mods/heroes.stormmod/base.stormassets/assets/textures/storm_lootspray_static_crest_wc_dwarf.dds	d2b99e392afa2b6015a7fc96ade2dfb8	87536
mods/heroes.stormmod/base.stormassets/assets/textures/storm_lootspray_static_crest_wc_dwarf.lvl0	00d8c6adc03ece444aeaaf6344b8bb52	5616
mods/heroes.stormmod/base.stormassets/assets/textures/storm_lootspray_static_crest_wc_forsaken.dds	eaf2c149e6e8b3ce51cfc0bab76160bc	87536
mods/heroes.stormmod/base.stormassets/assets/textures/storm_lootspray_static_crest_wc_forsaken.lvl0	41862c019926f7bcbc92420034c3560c	5616
mods/heroes.stormmod/base.stormassets/assets/textures/storm_lootspray_static_crest_wc_gnome.dds	beab8daa96318e303c429e896d0132a5	87536
mods/heroes.stormmod/base.stormassets/assets/textures/storm_lootspray_static_crest_wc_gnome.lvl0	eca3e941c9b973efc4079952bf772af9	5616
mods/heroes.stormmod/base.stormassets/assets/textures/storm_lootspray_static_crest_wc_goblin.dds	0936eb05aaaf08cee724751f68e6d24a	87536
mods/heroes.stormmod/base.stormassets/assets/textures/storm_lootspray_static_crest_wc_goblin.lvl0	92c313a30cc5509a696fa2f4140e7e40	5616
mods/heroes.stormmod/base.stormassets/assets/textures/storm_lootspray_static_crest_wc_horde.dds	bc0049f8275bb70ace4fea6613ee3f39	87536
mods/heroes.stormmod/base.stormassets/assets/textures/storm_lootspray_static_crest_wc_horde.lvl0	c89b4ad79166e32b387cb6efc77d7d57	5616
mods/heroes.stormmod/base.stormassets/assets/textures/storm_lootspray_static_crest_wc_human.dds	acf586240cceb7e9fbb20cb61d618467	87536
mods/heroes.stormmod/base.stormassets/assets/textures/storm_lootspray_static_crest_wc_human.lvl0	830cbd22d671524ad8bd50fd107627f7	5616
mods/heroes.stormmod/base.stormassets/assets/textures/storm_lootspray_static_crest_wc_nightelf.dds	c65159ae8eff86cac452ca2ddb90efe5	87536
mods/heroes.stormmod/base.stormassets/assets/textures/storm_lootspray_static_crest_wc_nightelf.lvl0	b0559ceffa540626d4a1736cefc4cd37	5616
mods/heroes.stormmod/base.stormassets/assets/textures/storm_lootspray_static_crest_wc_orc.dds	6447085106a3fdf8940071f8fd53b5b2	87536
mods/heroes.stormmod/base.stormassets/assets/textures/storm_lootspray_static_crest_wc_orc.lvl0	0b4742a92e39f9479e4c6dd37d6c4b70	5616
mods/heroes.stormmod/base.stormassets/assets/textures/storm_lootspray_static_crest_wc_pandaren.dds	f90cdeeccf1b192552c9569ef10bb146	87536
mods/heroes.stormmod/base.stormassets/assets/textures/storm_lootspray_static_crest_wc_pandaren.lvl0	9949d57160513c1d7a1848876d1a6678	5616
mods/heroes.stormmod/base.stormassets/assets/textures/storm_lootspray_static_crest_wc_tauren.dds	c9f0c214bfba9f58b7c1992ac9a9ab5f	87536
mods/heroes.stormmod/base.stormassets/assets/textures/storm_lootspray_static_crest_wc_tauren.lvl0	e586ac16f5048981573a39db5d82d1aa	5616
mods/heroes.stormmod/base.stormassets/assets/textures/storm_lootspray_static_crest_wc_troll.dds	18e91eb0ce16680fdc0effe474c81793	87536
mods/heroes.stormmod/base.stormassets/assets/textures/storm_lootspray_static_crest_wc_troll.lvl0	c141031702845c713cd61b17d17e431b	5616
mods/heroes.stormmod/base.stormassets/assets/textures/storm_lootspray_static_crest_wc_worgen.dds	4e74596d8279e4473589ab6796d1889c	87536
mods/heroes.stormmod/base.stormassets/assets/textures/storm_lootspray_static_crest_wc_worgen.lvl0	76ea9b2c36d6f5cd40588b514c000fc0	5616
mods/heroes.stormmod/base.stormassets/assets/textures/storm_lootspray_static_dark20_battlebeast.dds	28720a51ae74d6f3814f9cac35a518e8	87536
mods/heroes.stormmod/base.stormassets/assets/textures/storm_lootspray_static_dark20_battlebeast.lvl0	469021e949586ef2ed157faf351dbb48	5616
mods/heroes.stormmod/base.stormassets/assets/textures/storm_lootspray_static_dark20_deathwing.dds	a6bdbd618731c7bf2dc38d9a6b64f4a6	87536
mods/heroes.stormmod/base.stormassets/assets/textures/storm_lootspray_static_dark20_deathwing.lvl0	a1a43d25214c8a3a7234a23d3fa7de1f	5616
mods/heroes.stormmod/base.stormassets/assets/textures/storm_lootspray_static_dark20_ladyofthorns.dds	4a0f1d1ae05ff7ffcc6acfac60f2c7f1	87536
mods/heroes.stormmod/base.stormassets/assets/textures/storm_lootspray_static_dark20_ladyofthorns.lvl0	f0e94a36b28a38575a17b50c4aa297e6	5616
mods/heroes.stormmod/base.stormassets/assets/textures/storm_lootspray_static_dark20_ravenlord.dds	75c9cbdc377883e875e8726dfeb1b730	87536
mods/heroes.stormmod/base.stormassets/assets/textures/storm_lootspray_static_dark20_ravenlord.lvl0	ff90f95c6fd5d5b47d882616ed2f9891	5616
mods/heroes.stormmod/base.stormassets/assets/textures/storm_lootspray_static_default.dds	99154d844607b57c56ab4fbdd9312459	87536
mods/heroes.stormmod/base.stormassets/assets/textures/storm_lootspray_static_default.lvl0	58ac83f00a9e1b5d613119dbc311bb3c	5616
mods/heroes.stormmod/base.stormassets/assets/textures/storm_lootspray_static_dva_confirmed.dds	2a7176642ce6dcfe8f71470eba90ef34	87536
mods/heroes.stormmod/base.stormassets/assets/textures/storm_lootspray_static_dva_confirmed.lvl0	6a599e4ddea3f6404de6387c931bb176	5616
mods/heroes.stormmod/base.stormassets/assets/textures/storm_lootspray_static_easternclash_2018_winner.dds	ce7321da031e5016db2a74f8bef22903	87536
mods/heroes.stormmod/base.stormassets/assets/textures/storm_lootspray_static_easternclash_2018_winner.lvl0	f87dca27e9004167a23a41d9c204ea5e	5616
mods/heroes.stormmod/base.stormassets/assets/textures/storm_lootspray_static_enforcer_greymane1.dds	c92425949d0e5e4b5cc614a2d5557212	87536
mods/heroes.stormmod/base.stormassets/assets/textures/storm_lootspray_static_enforcer_greymane1.lvl0	b4268de74db7719f181618567149f6c7	5616
mods/heroes.stormmod/base.stormassets/assets/textures/storm_lootspray_static_enforcer_greymane2.dds	457a68de68ef27678707aa734add784c	87536
mods/heroes.stormmod/base.stormassets/assets/textures/storm_lootspray_static_enforcer_greymane2.lvl0	496ec7ba355bc9b9f4081875466a3e61	5616
mods/heroes.stormmod/base.stormassets/assets/textures/storm_lootspray_static_enforcer_greymane_weapons.dds	122a3c70b0c40648116d5eef6209d7d4	87536
mods/heroes.stormmod/base.stormassets/assets/textures/storm_lootspray_static_enforcer_greymane_weapons.lvl0	1c05891b03aa2b25d49954b8d41ccad7	5616
mods/heroes.stormmod/base.stormassets/assets/textures/storm_lootspray_static_enforcer_johanna.dds	41462b7813a3d773ab80c6c5e2e914ee	87536
mods/heroes.stormmod/base.stormassets/assets/textures/storm_lootspray_static_enforcer_johanna.lvl0	4f44f53838a641aa51bf38a415a4ee7b	5616
mods/heroes.stormmod/base.stormassets/assets/textures/storm_lootspray_static_enforcer_johanna_cyber.dds	30103fc5514b214f3da7cccf4d1e5edb	87536
mods/heroes.stormmod/base.stormassets/assets/textures/storm_lootspray_static_enforcer_johanna_cyber.lvl0	676e4402bd33f9ca80812e05bba3a1b5	5616
mods/heroes.stormmod/base.stormassets/assets/textures/storm_lootspray_static_enforcer_johanna_shield.dds	dc4af18cb6aed1a12aa5592909d0a358	87536
mods/heroes.stormmod/base.stormassets/assets/textures/storm_lootspray_static_enforcer_johanna_shield.lvl0	c4e58307c8e838c8f4b042c20176a7a8	5616
mods/heroes.stormmod/base.stormassets/assets/textures/storm_lootspray_static_enforcer_morales.dds	2e771c10b0a177dbde639bfea3479e5b	87536
mods/heroes.stormmod/base.stormassets/assets/textures/storm_lootspray_static_enforcer_morales.lvl0	cdf3f1fb2e77cf2248d4d3c485d9fc55	5616
mods/heroes.stormmod/base.stormassets/assets/textures/storm_lootspray_static_enforcer_morales_weapon.dds	d3669939f63707bc7c517bfbc3a81ae3	87536
mods/heroes.stormmod/base.stormassets/assets/textures/storm_lootspray_static_enforcer_morales_weapon.lvl0	70795a2ea4141051efecc8cc85a456e6	5616
mods/heroes.stormmod/base.stormassets/assets/textures/storm_lootspray_static_esports_hgclogo.dds	ae75ec0b7f288d2eaf882ff38fa8e136	87536
mods/heroes.stormmod/base.stormassets/assets/textures/storm_lootspray_static_esports_hgclogo.lvl0	e57238a5852a0fe89e3bc5e9e842c12e	5616
mods/heroes.stormmod/base.stormassets/assets/textures/storm_lootspray_static_esports_hgclogo_2018.dds	df9573c11cff9ee48e5aa9822f8664ab	87536
mods/heroes.stormmod/base.stormassets/assets/textures/storm_lootspray_static_esports_hgclogo_2018.lvl0	5a8e350ab40214380b4d0fcebbb9402d	5616
mods/heroes.stormmod/base.stormassets/assets/textures/storm_lootspray_static_esports_hgclogo_2018_epic.dds	952fb40effc9227fa994ef9c82613358	87536
mods/heroes.stormmod/base.stormassets/assets/textures/storm_lootspray_static_esports_hgclogo_2018_epic.lvl0	3d436da6fa5c4cf60b3d2bb4fb423e90	5616
mods/heroes.stormmod/base.stormassets/assets/textures/storm_lootspray_static_esports_hgclogo_2018_legendary.dds	d7b01671ec16b3f4af32a389d9f74178	87536
mods/heroes.stormmod/base.stormassets/assets/textures/storm_lootspray_static_esports_hgclogo_2018_legendary.lvl0	764d84bb723bc0bf74b2df03768413ef	5616
mods/heroes.stormmod/base.stormassets/assets/textures/storm_lootspray_static_esports_hgclogo_2018_rare.dds	eec66acda0897b7a5c55da8ca9ccff22	87536
mods/heroes.stormmod/base.stormassets/assets/textures/storm_lootspray_static_esports_hgclogo_2018_rare.lvl0	603a830576aa32e055af24e9ce3ed993	5616
mods/heroes.stormmod/base.stormassets/assets/textures/storm_lootspray_static_esports_hgclogo_epic.dds	c42f8abd5696b7e7eb7b939892c53e38	87536
mods/heroes.stormmod/base.stormassets/assets/textures/storm_lootspray_static_esports_hgclogo_epic.lvl0	4fac79b57d5210afc2d3224938e96e22	5616
mods/heroes.stormmod/base.stormassets/assets/textures/storm_lootspray_static_esports_hgclogo_legendary.dds	851ea4b8c1ce999046e14c8b1c971b1e	87536
mods/heroes.stormmod/base.stormassets/assets/textures/storm_lootspray_static_esports_hgclogo_legendary.lvl0	d71f4788c991cca79a6e1cf011e96528	5616
mods/heroes.stormmod/base.stormassets/assets/textures/storm_lootspray_static_esports_hgclogo_rare.dds	e9d2689a8e3e985cd61bd38b276b4163	87536
mods/heroes.stormmod/base.stormassets/assets/textures/storm_lootspray_static_esports_hgclogo_rare.lvl0	1bee8ed8b6ee9b11cbccfc0e773ae9c0	5616
mods/heroes.stormmod/base.stormassets/assets/textures/storm_lootspray_static_hallowsend_arthas.dds	aab5e188df88164f535ed45e0c78a6b3	87536
mods/heroes.stormmod/base.stormassets/assets/textures/storm_lootspray_static_hallowsend_arthas.lvl0	8ac51b9506e6eccc8256149980ca299c	5616
mods/heroes.stormmod/base.stormassets/assets/textures/storm_lootspray_static_hallowsend_brightwing.dds	e8f6a28504dd0ac461cf8aeff4b1fb00	87536
mods/heroes.stormmod/base.stormassets/assets/textures/storm_lootspray_static_hallowsend_brightwing.lvl0	e37e0629fc79daec82987677b66dae78	5616
mods/heroes.stormmod/base.stormassets/assets/textures/storm_lootspray_static_hallowsend_chogall.dds	f1523c57fca6a67b9f5a0d05733bf403	87536
mods/heroes.stormmod/base.stormassets/assets/textures/storm_lootspray_static_hallowsend_chogall.lvl0	761aa93ebdf431cdcce1d356529f04a2	5616
mods/heroes.stormmod/base.stormassets/assets/textures/storm_lootspray_static_hallowsend_chromie.dds	be6f389ecb30d7ab163bd4296deebe66	87536
mods/heroes.stormmod/base.stormassets/assets/textures/storm_lootspray_static_hallowsend_chromie.lvl0	e71dc4bea59be1b63e6cd462ed00e3af	5616
mods/heroes.stormmod/base.stormassets/assets/textures/storm_lootspray_static_hallowsend_drgreymane.dds	c61af4974e6ca5bb19d35552933071e7	87536
mods/heroes.stormmod/base.stormassets/assets/textures/storm_lootspray_static_hallowsend_drgreymane.lvl0	c70f042704b28c7c0149edbfcf87f71a	5616
mods/heroes.stormmod/base.stormassets/assets/textures/storm_lootspray_static_hallowsend_greymanewolf.dds	ef01069d39079e2a9c0c199eeb627049	87536
mods/heroes.stormmod/base.stormassets/assets/textures/storm_lootspray_static_hallowsend_greymanewolf.lvl0	f7814840fef8f72d18b8cc5be05ba6bb	5616
mods/heroes.stormmod/base.stormassets/assets/textures/storm_lootspray_static_hallowsend_horseman_achievement.dds	2bad14dc2eac3f99b8178c20344b5f21	87536
mods/heroes.stormmod/base.stormassets/assets/textures/storm_lootspray_static_hallowsend_horseman_achievement.lvl0	6856851c2a6d63ee5f03b7da2a8e3aa0	5616
mods/heroes.stormmod/base.stormassets/assets/textures/storm_lootspray_static_hallowsend_kerrigan.dds	16055c3c1423201fb5589ce56a16fe15	87536
mods/heroes.stormmod/base.stormassets/assets/textures/storm_lootspray_static_hallowsend_kerrigan.lvl0	e5dd2adfacd806ed94bd989a85f162a9	5616
mods/heroes.stormmod/base.stormassets/assets/textures/storm_lootspray_static_hallowsend_murky.dds	b4430cb64c226ddcf7c04a462ae1c9d1	87536
mods/heroes.stormmod/base.stormassets/assets/textures/storm_lootspray_static_hallowsend_murky.lvl0	aa08d7f0f574909b0db8e98e5b251d88	5616
mods/heroes.stormmod/base.stormassets/assets/textures/storm_lootspray_static_hallowsend_valeera.dds	aa92a8490e34ddd3eb3b346246b590ec	87536
mods/heroes.stormmod/base.stormassets/assets/textures/storm_lootspray_static_hallowsend_valeera.lvl0	a12eb53bfb3585190b5aaa6ec65351ba	5616
mods/heroes.stormmod/base.stormassets/assets/textures/storm_lootspray_static_hallowsend_xul.dds	404bc0ac985801d93b39ffc2bf7423a4	87536
mods/heroes.stormmod/base.stormassets/assets/textures/storm_lootspray_static_hallowsend_xul.lvl0	5d8fb7199f11f228691634fa4d8bc782	5616
mods/heroes.stormmod/base.stormassets/assets/textures/storm_lootspray_static_hanzo_dragon.dds	a500bd9257e1a253ee9d58f3f9c4e36e	87536
mods/heroes.stormmod/base.stormassets/assets/textures/storm_lootspray_static_hanzo_dragon.lvl0	22c519a15820b0b73316669a8298ac97	5616
mods/heroes.stormmod/base.stormassets/assets/textures/storm_lootspray_static_hanzo_kumo.dds	b316f801baa65425ec6612865a292ef3	87536
mods/heroes.stormmod/base.stormassets/assets/textures/storm_lootspray_static_hanzo_kumo.lvl0	7eb64a9fb422581083d660eb10c0e40d	5616
mods/heroes.stormmod/base.stormassets/assets/textures/storm_lootspray_static_hanzo_sake.dds	ef43fb02217ce5670b787aa18d1a612b	87536
mods/heroes.stormmod/base.stormassets/assets/textures/storm_lootspray_static_hanzo_sake.lvl0	aff644543ee3eb72feb2c54a1c99121a	5616
mods/heroes.stormmod/base.stormassets/assets/textures/storm_lootspray_static_hanzo_spray.dds	789c2a3c815669681ae16b0b016f4750	87536
mods/heroes.stormmod/base.stormassets/assets/textures/storm_lootspray_static_hanzo_spray.lvl0	86102a4e70dad9a0acbd93a781ffc18c	5616
mods/heroes.stormmod/base.stormassets/assets/textures/storm_lootspray_static_hanzo_stoic.dds	7f190aba914e291dc7fe23607099fda7	87536
mods/heroes.stormmod/base.stormassets/assets/textures/storm_lootspray_static_hanzo_stoic.lvl0	ed0aa6157ccafb572aba4f673848e93d	5616
mods/heroes.stormmod/base.stormassets/assets/textures/storm_lootspray_static_hanzo_wanderer.dds	efa8866b33aafbd1706cf9e913e31fea	87536
mods/heroes.stormmod/base.stormassets/assets/textures/storm_lootspray_static_hanzo_wanderer.lvl0	6e8c839c92ea8084d3e24db11509f438	5616
mods/heroes.stormmod/base.stormassets/assets/textures/storm_lootspray_static_hero_stukov.dds	a372efb6279ac84b38432cea95341d9e	87536
mods/heroes.stormmod/base.stormassets/assets/textures/storm_lootspray_static_hero_stukov.lvl0	8776615411952aae94fc678d1aba14bf	5616
mods/heroes.stormmod/base.stormassets/assets/textures/storm_lootspray_static_hgc2017_cn_btg.dds	02bde3fb930a6f8a4269ac000bb34b55	87536
mods/heroes.stormmod/base.stormassets/assets/textures/storm_lootspray_static_hgc2017_cn_btg.lvl0	c1dc243dcfe6c874d9edc93ca7b74c36	5616
mods/heroes.stormmod/base.stormassets/assets/textures/storm_lootspray_static_hgc2017_cn_ce.dds	6ad9f266ecdd4184279c5a7026213577	87536
mods/heroes.stormmod/base.stormassets/assets/textures/storm_lootspray_static_hgc2017_cn_ce.lvl0	4b3c781f64cb8edf3dc6837e9653a9c0	5616
mods/heroes.stormmod/base.stormassets/assets/textures/storm_lootspray_static_hgc2017_cn_estar.dds	8a9debf0abc6ff2127cb66855b4c969b	87536
mods/heroes.stormmod/base.stormassets/assets/textures/storm_lootspray_static_hgc2017_cn_estar.lvl0	2e01a9d3108cb7d2ca814ec0fc1ee53e	5616
mods/heroes.stormmod/base.stormassets/assets/textures/storm_lootspray_static_hgc2017_cn_hotslady.dds	c9ac84f8a47a71886d97134982994969	87536
mods/heroes.stormmod/base.stormassets/assets/textures/storm_lootspray_static_hgc2017_cn_hotslady.lvl0	04046806a35722fac5ae2821ea1ec71f	5616
mods/heroes.stormmod/base.stormassets/assets/textures/storm_lootspray_static_hgc2017_cn_kt.dds	a71fcd731bb0b123d1585fb96421c3cf	87536
mods/heroes.stormmod/base.stormassets/assets/textures/storm_lootspray_static_hgc2017_cn_kt.lvl0	25f70a88cf19ae2664f61798d827a6fc	5616
mods/heroes.stormmod/base.stormassets/assets/textures/storm_lootspray_static_hgc2017_cn_ktv1.dds	4e0058dfbe868880367d1f014193e4af	87536
mods/heroes.stormmod/base.stormassets/assets/textures/storm_lootspray_static_hgc2017_cn_ktv1.lvl0	870fa3a3a07c547a035d7e2390f5fb05	5616
mods/heroes.stormmod/base.stormassets/assets/textures/storm_lootspray_static_hgc2017_cn_rpg.dds	9d5dadf0b9abe6a36629ddcfd8c9582d	87536
mods/heroes.stormmod/base.stormassets/assets/textures/storm_lootspray_static_hgc2017_cn_rpg.lvl0	b024da412028da63bb81580ff9d8c211	5616
mods/heroes.stormmod/base.stormassets/assets/textures/storm_lootspray_static_hgc2017_cn_soa.dds	4ed8e2c181e7dc187887f72d3b1d60aa	87536
mods/heroes.stormmod/base.stormassets/assets/textures/storm_lootspray_static_hgc2017_cn_soa.lvl0	11e3a75d6dbd7402e2d4da8eefc82745	5616
mods/heroes.stormmod/base.stormassets/assets/textures/storm_lootspray_static_hgc2017_cn_spt.dds	8c7c8c66741949df0254ed28988f8429	87536
mods/heroes.stormmod/base.stormassets/assets/textures/storm_lootspray_static_hgc2017_cn_spt.lvl0	57ba5a54810c2d70f2e0a687bf79f8af	5616
mods/heroes.stormmod/base.stormassets/assets/textures/storm_lootspray_static_hgc2017_cn_theone.dds	ee02ab65a2245b8608886a36542b53e7	87536
mods/heroes.stormmod/base.stormassets/assets/textures/storm_lootspray_static_hgc2017_cn_theone.lvl0	c8e826340d3889b7858b315a408d8c5e	5616
mods/heroes.stormmod/base.stormassets/assets/textures/storm_lootspray_static_hgc2017_cn_wkg.dds	f49496f354396c70410dd380a30be609	87536
mods/heroes.stormmod/base.stormassets/assets/textures/storm_lootspray_static_hgc2017_cn_wkg.lvl0	0a8960908f3aff069347192d89237721	5616
mods/heroes.stormmod/base.stormassets/assets/textures/storm_lootspray_static_hgc2017_eu_diamondskin.dds	2fb2cec6f7c5696cb4deb8ad429cc011	87536
mods/heroes.stormmod/base.stormassets/assets/textures/storm_lootspray_static_hgc2017_eu_diamondskin.lvl0	6f4688871ec0c824964fc156f6ca294b	5616
mods/heroes.stormmod/base.stormassets/assets/textures/storm_lootspray_static_hgc2017_eu_dignitas.dds	9f2cb13cacb3c94d710a4aa84166ff70	87536
mods/heroes.stormmod/base.stormassets/assets/textures/storm_lootspray_static_hgc2017_eu_dignitas.lvl0	6ac5595b9ceda9bb76266e63d0e31115	5616
mods/heroes.stormmod/base.stormassets/assets/textures/storm_lootspray_static_hgc2017_eu_expert.dds	47c762ab3ce8d8898be94c4c8d1acf69	87536
mods/heroes.stormmod/base.stormassets/assets/textures/storm_lootspray_static_hgc2017_eu_expert.lvl0	4bf55a27590b92d6efe059b67a9bc7e2	5616
mods/heroes.stormmod/base.stormassets/assets/textures/storm_lootspray_static_hgc2017_eu_fnatic.dds	4f84ba3fdfc791b57427be145a5dc30e	87536
mods/heroes.stormmod/base.stormassets/assets/textures/storm_lootspray_static_hgc2017_eu_fnatic.lvl0	61123fad8801f80a5f94065e104bd1c2	5616
mods/heroes.stormmod/base.stormassets/assets/textures/storm_lootspray_static_hgc2017_eu_goodguys.dds	a8bf6d4c466b9b9d2f4e0cfb0b576e10	87536
mods/heroes.stormmod/base.stormassets/assets/textures/storm_lootspray_static_hgc2017_eu_goodguys.lvl0	c5507c2c3cabaeb8cd158df8fa2abaf9	5616
mods/heroes.stormmod/base.stormassets/assets/textures/storm_lootspray_static_hgc2017_eu_playingducks.dds	23cf393c88254835334f17684499a829	87536
mods/heroes.stormmod/base.stormassets/assets/textures/storm_lootspray_static_hgc2017_eu_playingducks.lvl0	4b97d2cc25fb760fc166a99e9f36a62c	5616
mods/heroes.stormmod/base.stormassets/assets/textures/storm_lootspray_static_hgc2017_eu_teamliquid.dds	a040df14ec3c47219c4ecc91fde67a9f	87536
mods/heroes.stormmod/base.stormassets/assets/textures/storm_lootspray_static_hgc2017_eu_teamliquid.lvl0	12e91314bf031eaed78ee7ac1e56c48e	5616
mods/heroes.stormmod/base.stormassets/assets/textures/storm_lootspray_static_hgc2017_eu_trickedesport.dds	f6eda61ef9d7c84125fed2aff6d7ffe8	87536
mods/heroes.stormmod/base.stormassets/assets/textures/storm_lootspray_static_hgc2017_eu_trickedesport.lvl0	a1ae3cba75827f76420036be1986de0a	5616
mods/heroes.stormmod/base.stormassets/assets/textures/storm_lootspray_static_hgc2017_eu_zealots.dds	15aaeaeceda6f75a169f527d165ffa8a	87536
mods/heroes.stormmod/base.stormassets/assets/textures/storm_lootspray_static_hgc2017_eu_zealots.lvl0	9c26fa3995e5c3b9978d206d3e366a03	5616
mods/heroes.stormmod/base.stormassets/assets/textures/storm_lootspray_static_hgc2017_kr_blossom.dds	6be8bbcf2e23983003aae1b52c1ca864	87536
mods/heroes.stormmod/base.stormassets/assets/textures/storm_lootspray_static_hgc2017_kr_blossom.lvl0	f688607deb229390659bf5ec8bd68161	5616
mods/heroes.stormmod/base.stormassets/assets/textures/storm_lootspray_static_hgc2017_kr_l5.dds	f692d16fbb92174af9f8b2c0feba5f1a	87536
mods/heroes.stormmod/base.stormassets/assets/textures/storm_lootspray_static_hgc2017_kr_l5.lvl0	b4a38062e0221091ee8e42a306adbd25	5616
mods/heroes.stormmod/base.stormassets/assets/textures/storm_lootspray_static_hgc2017_kr_mighty.dds	5d0b05ea9e1d2eab2762e4a5f9df1071	87536
mods/heroes.stormmod/base.stormassets/assets/textures/storm_lootspray_static_hgc2017_kr_mighty.lvl0	a15d458221bd3ebb8ee683d6d69cca03	5616
mods/heroes.stormmod/base.stormassets/assets/textures/storm_lootspray_static_hgc2017_kr_mvpblack.dds	efbdd61d1d18e5031ddf837e831059d1	87536
mods/heroes.stormmod/base.stormassets/assets/textures/storm_lootspray_static_hgc2017_kr_mvpblack.lvl0	7b08b810daea8219f4fa7cb52626cc2d	5616
mods/heroes.stormmod/base.stormassets/assets/textures/storm_lootspray_static_hgc2017_kr_mvpmiracle.dds	e459575a5c320057471c6fee8641fa46	87536
mods/heroes.stormmod/base.stormassets/assets/textures/storm_lootspray_static_hgc2017_kr_mvpmiracle.lvl0	bab5769010f290a31c51b038e6e3279c	5616
mods/heroes.stormmod/base.stormassets/assets/textures/storm_lootspray_static_hgc2017_kr_raven.dds	16a010e791f73f595dd832a0d6cace5c	87536
mods/heroes.stormmod/base.stormassets/assets/textures/storm_lootspray_static_hgc2017_kr_raven.lvl0	164a9c37f47e69c4d44c2dd38eb35f25	5616
mods/heroes.stormmod/base.stormassets/assets/textures/storm_lootspray_static_hgc2017_kr_rrr.dds	bedbd9723e4eba104d8989aae9528903	87536
mods/heroes.stormmod/base.stormassets/assets/textures/storm_lootspray_static_hgc2017_kr_rrr.lvl0	21916d36d23855cb1b1aecb8b71e369e	5616
mods/heroes.stormmod/base.stormassets/assets/textures/storm_lootspray_static_hgc2017_kr_rrrv1.dds	5706aa7734eb9e4f4ca717c49b15899f	87536
mods/heroes.stormmod/base.stormassets/assets/textures/storm_lootspray_static_hgc2017_kr_rrrv1.lvl0	f027b43ace62ad0070f40723a60d222f	5616
mods/heroes.stormmod/base.stormassets/assets/textures/storm_lootspray_static_hgc2017_kr_tempest.dds	4cfe5cb85c017e7ef9761e6a3f9dd759	87536
mods/heroes.stormmod/base.stormassets/assets/textures/storm_lootspray_static_hgc2017_kr_tempest.lvl0	fbea9e02688ea28129c347bd67277634	5616
mods/heroes.stormmod/base.stormassets/assets/textures/storm_lootspray_static_hgc2017_na_eid.dds	b1a912fb6ce460101e9ce7b9a96e61f7	87536
mods/heroes.stormmod/base.stormassets/assets/textures/storm_lootspray_static_hgc2017_na_eid.lvl0	6077417789de6522af43141c88f4656b	5616
mods/heroes.stormmod/base.stormassets/assets/textures/storm_lootspray_static_hgc2017_na_galeforce.dds	eb200f4e3bb1781718d69dda0fb06fde	87536
mods/heroes.stormmod/base.stormassets/assets/textures/storm_lootspray_static_hgc2017_na_galeforce.lvl0	b989205c7a34217905e202a186e94396	5616
mods/heroes.stormmod/base.stormassets/assets/textures/storm_lootspray_static_hgc2017_na_lagforce.dds	c7decf8ae47226cd02919dc63acdb91b	87536
mods/heroes.stormmod/base.stormassets/assets/textures/storm_lootspray_static_hgc2017_na_lagforce.lvl0	85493532cea5c8a5d93abdbddccf8fec	5616
mods/heroes.stormmod/base.stormassets/assets/textures/storm_lootspray_static_hgc2017_na_naventic.dds	7de0fbd59623b2cd91a41f25663b5b9f	87536
mods/heroes.stormmod/base.stormassets/assets/textures/storm_lootspray_static_hgc2017_na_naventic.lvl0	a2253e66b54b693842b7036a36c3ab77	5616
mods/heroes.stormmod/base.stormassets/assets/textures/storm_lootspray_static_hgc2017_na_notomorrow.dds	cc8cb8f97914fc8d04ab4c5df899ec85	87536
mods/heroes.stormmod/base.stormassets/assets/textures/storm_lootspray_static_hgc2017_na_notomorrow.lvl0	194f6e682685db4169c052da5dbba51f	5616
mods/heroes.stormmod/base.stormassets/assets/textures/storm_lootspray_static_hgc2017_na_roll20.dds	41fc936573642eb08867bf6c7484aeab	87536
mods/heroes.stormmod/base.stormassets/assets/textures/storm_lootspray_static_hgc2017_na_roll20.lvl0	999a716d91e133c2e9e227348bc6bc31	5616
mods/heroes.stormmod/base.stormassets/assets/textures/storm_lootspray_static_hgc2017_na_spacestation.dds	ecb5ff362f22050adb8a73749b035de9	87536
mods/heroes.stormmod/base.stormassets/assets/textures/storm_lootspray_static_hgc2017_na_spacestation.lvl0	499d60a044a715acad8032663b6fec63	5616
mods/heroes.stormmod/base.stormassets/assets/textures/storm_lootspray_static_hgc2017_na_superstars.dds	ca9663c481cfdb7473be4ec6b6bbe9f9	87536
mods/heroes.stormmod/base.stormassets/assets/textures/storm_lootspray_static_hgc2017_na_superstars.lvl0	61472d64a82dd88cf0cea028b82f43c7	5616
mods/heroes.stormmod/base.stormassets/assets/textures/storm_lootspray_static_hgc2017_na_teamfreedom.dds	122fd14f6b7d6ab833c70fa6d4570f76	87536
mods/heroes.stormmod/base.stormassets/assets/textures/storm_lootspray_static_hgc2017_na_teamfreedom.lvl0	e11e56757d5c3f7093639eacb48647e9	5616
mods/heroes.stormmod/base.stormassets/assets/textures/storm_lootspray_static_hgc2017_na_tempostorm.dds	d6375ef14a970a03e605deba8756c01e	87536
mods/heroes.stormmod/base.stormassets/assets/textures/storm_lootspray_static_hgc2017_na_tempostorm.lvl0	983fd58469b4659bd7bcacbf6b06fee3	5616
mods/heroes.stormmod/base.stormassets/assets/textures/storm_lootspray_static_hgc2018_cn_ateam.dds	45964aacfb81d877745fe5a284a63845	87536
mods/heroes.stormmod/base.stormassets/assets/textures/storm_lootspray_static_hgc2018_cn_ateam.lvl0	491c7804cbe460fbd6827756912db27e	5616
mods/heroes.stormmod/base.stormassets/assets/textures/storm_lootspray_static_hgc2018_cn_teamnut.dds	6a235ba2447c1fc9339416ad87c60795	87536
mods/heroes.stormmod/base.stormassets/assets/textures/storm_lootspray_static_hgc2018_cn_teamnut.lvl0	a24cf4d72f408c8289842c480de92660	5616
mods/heroes.stormmod/base.stormassets/assets/textures/storm_lootspray_static_hgc2018_eu_granit.dds	2b42dda0b768d9a097839a934caa6a12	87536
mods/heroes.stormmod/base.stormassets/assets/textures/storm_lootspray_static_hgc2018_eu_granit.lvl0	60fcaec594bc30f8bfacb707f28a7df1	5616
mods/heroes.stormmod/base.stormassets/assets/textures/storm_lootspray_static_hgc2018_eu_monkeymenagerie.dds	8aba12232b8b9b6d0aeed43d0f89e736	87536
mods/heroes.stormmod/base.stormassets/assets/textures/storm_lootspray_static_hgc2018_eu_monkeymenagerie.lvl0	0dedcb5c19eb505c2c383469165b7532	5616
mods/heroes.stormmod/base.stormassets/assets/textures/storm_lootspray_static_hgc2018_finals.dds	5e72d3ab45256714a02f4543fd2a6169	87536
mods/heroes.stormmod/base.stormassets/assets/textures/storm_lootspray_static_hgc2018_finals.lvl0	e6b0f13c7cb1475e24d06c0e98a4d135	5616
mods/heroes.stormmod/base.stormassets/assets/textures/storm_lootspray_static_hgc2018_kr_geng.dds	408862e83dfd67271360b30f9605f4b6	87536
mods/heroes.stormmod/base.stormassets/assets/textures/storm_lootspray_static_hgc2018_kr_geng.lvl0	20a1a595d3c9cc8a87566a163dbe2039	5616
mods/heroes.stormmod/base.stormassets/assets/textures/storm_lootspray_static_hgc2018_na_endemic.dds	6738dfefbfd1abe64ab6214c827f3738	87536
mods/heroes.stormmod/base.stormassets/assets/textures/storm_lootspray_static_hgc2018_na_endemic.lvl0	fad2d9355069dc3dedfb5d13d1b8aea4	5616
mods/heroes.stormmod/base.stormassets/assets/textures/storm_lootspray_static_hgc2018_p1_cn_btg.dds	5ef57dd71cd9c79748e00688d56344a0	87536
mods/heroes.stormmod/base.stormassets/assets/textures/storm_lootspray_static_hgc2018_p1_cn_btg.lvl0	c6d56fecebf0643294f2fef5358f02a5	5616
mods/heroes.stormmod/base.stormassets/assets/textures/storm_lootspray_static_hgc2018_p1_cn_ce.dds	fc1bb00a7f825ba0bb2bf11cf07c463f	87536
mods/heroes.stormmod/base.stormassets/assets/textures/storm_lootspray_static_hgc2018_p1_cn_ce.lvl0	138cf8028e9b0ccaace7b371d498bdc6	5616
mods/heroes.stormmod/base.stormassets/assets/textures/storm_lootspray_static_hgc2018_p1_cn_kt.dds	73f7c2856d7166ebcf93759ab23c798f	87536
mods/heroes.stormmod/base.stormassets/assets/textures/storm_lootspray_static_hgc2018_p1_cn_kt.lvl0	db9f4d52abc1d917f3e1dd1158b0c267	5616
mods/heroes.stormmod/base.stormassets/assets/textures/storm_lootspray_static_hgc2018_p1_cn_rpg.dds	95ceb246a886e2a30cf989ffdce65094	87536
mods/heroes.stormmod/base.stormassets/assets/textures/storm_lootspray_static_hgc2018_p1_cn_rpg.lvl0	e7255c2d434333ea39679917c961ab5e	5616
mods/heroes.stormmod/base.stormassets/assets/textures/storm_lootspray_static_hgc2018_p1_cn_soa.dds	a4f5079f691f04021052a15ace9d60b7	87536
mods/heroes.stormmod/base.stormassets/assets/textures/storm_lootspray_static_hgc2018_p1_cn_soa.lvl0	43d33cb6346bd96d7048137550f7c3f9	5616
mods/heroes.stormmod/base.stormassets/assets/textures/storm_lootspray_static_hgc2018_p1_cn_spt.dds	fb026ce537b7fb9f1dfbf58f98d4a392	87536
mods/heroes.stormmod/base.stormassets/assets/textures/storm_lootspray_static_hgc2018_p1_cn_spt.lvl0	9c1266d6d35706f4fb33e4f9a84d04a6	5616
mods/heroes.stormmod/base.stormassets/assets/textures/storm_lootspray_static_hgc2018_p1_cn_sunnylion.dds	de421cfaea45863fb578a50937ae189a	87536
mods/heroes.stormmod/base.stormassets/assets/textures/storm_lootspray_static_hgc2018_p1_cn_sunnylion.lvl0	15dfe00ce93c9136daacd131a246dded	5616
mods/heroes.stormmod/base.stormassets/assets/textures/storm_lootspray_static_hgc2018_p1_cn_theone.dds	32210c280e3e572b0f0a6b0bf18b4422	87536
mods/heroes.stormmod/base.stormassets/assets/textures/storm_lootspray_static_hgc2018_p1_cn_theone.lvl0	4e4bf82ad38ffe0bb8538bf3176ff070	5616
mods/heroes.stormmod/base.stormassets/assets/textures/storm_lootspray_static_hgc2018_p1_eu_diamondskin.dds	cfae231474713d1e8e2f961e1b9d6401	87536
mods/heroes.stormmod/base.stormassets/assets/textures/storm_lootspray_static_hgc2018_p1_eu_diamondskin.lvl0	65616368774bb22f8daace0e532c5ca0	5616
mods/heroes.stormmod/base.stormassets/assets/textures/storm_lootspray_static_hgc2018_p1_eu_expert.dds	3364fae17979df2151eb2cbbdd3991a4	87536
mods/heroes.stormmod/base.stormassets/assets/textures/storm_lootspray_static_hgc2018_p1_eu_expert.lvl0	d27d42d81029abef4716936bb70a7afc	5616
mods/heroes.stormmod/base.stormassets/assets/textures/storm_lootspray_static_hgc2018_p1_eu_fnatic.dds	0ffa7cfd220433e16510346be77d7907	87536
mods/heroes.stormmod/base.stormassets/assets/textures/storm_lootspray_static_hgc2018_p1_eu_fnatic.lvl0	d2c1a8a9c26e933b13ae772a75a5921c	5616
mods/heroes.stormmod/base.stormassets/assets/textures/storm_lootspray_static_hgc2018_p1_eu_leftovers.dds	bf551c5d89b371f7d0c93b1fb3efd78a	87536
mods/heroes.stormmod/base.stormassets/assets/textures/storm_lootspray_static_hgc2018_p1_eu_leftovers.lvl0	7d20e109ab75cc94b17731262fd2da16	5616
mods/heroes.stormmod/base.stormassets/assets/textures/storm_lootspray_static_hgc2018_p1_eu_method.dds	d4e8f19fef273f5c7f54080d9e56b777	87536
mods/heroes.stormmod/base.stormassets/assets/textures/storm_lootspray_static_hgc2018_p1_eu_method.lvl0	9da5ff4098f8ad544555a8f7c2a00625	5616
mods/heroes.stormmod/base.stormassets/assets/textures/storm_lootspray_static_hgc2018_p1_eu_roll20.dds	d9b06f23efeb8b321b4526477be53e3e	87536
mods/heroes.stormmod/base.stormassets/assets/textures/storm_lootspray_static_hgc2018_p1_eu_roll20.lvl0	398ecce3f48aecc55c78d0e0d9383b81	5616
mods/heroes.stormmod/base.stormassets/assets/textures/storm_lootspray_static_hgc2018_p1_eu_teamdignitas.dds	5f1c196ba33e534e20c3648933a1ffb2	87536
mods/heroes.stormmod/base.stormassets/assets/textures/storm_lootspray_static_hgc2018_p1_eu_teamdignitas.lvl0	83d0da62815f82b2d2bb9f1c2c072735	5616
mods/heroes.stormmod/base.stormassets/assets/textures/storm_lootspray_static_hgc2018_p1_eu_teamliquid.dds	5f7dcc3819b06c3bf95bbcf2899baf59	87536
mods/heroes.stormmod/base.stormassets/assets/textures/storm_lootspray_static_hgc2018_p1_eu_teamliquid.lvl0	434649b11f4495474c6c6cc8f79dd5b1	5616
mods/heroes.stormmod/base.stormassets/assets/textures/storm_lootspray_static_hgc2018_p1_eu_tricked.dds	0f6e3e4406f3036a682a3e8be6186c07	87536
mods/heroes.stormmod/base.stormassets/assets/textures/storm_lootspray_static_hgc2018_p1_eu_tricked.lvl0	ccf349b0192115abf2528ccac049ea54	5616
mods/heroes.stormmod/base.stormassets/assets/textures/storm_lootspray_static_hgc2018_p1_eu_zealots.dds	b78698ee2fb3257a38400fa512f44892	87536
mods/heroes.stormmod/base.stormassets/assets/textures/storm_lootspray_static_hgc2018_p1_eu_zealots.lvl0	723628d2115ec5f4c7ff0dfff048fcee	5616
mods/heroes.stormmod/base.stormassets/assets/textures/storm_lootspray_static_hgc2018_p1_kr_ballistix.dds	14d7c60819d808f846de327dbdca5303	87536
mods/heroes.stormmod/base.stormassets/assets/textures/storm_lootspray_static_hgc2018_p1_kr_ballistix.lvl0	4ca96709926ce5aa815ea60ef557161e	5616
mods/heroes.stormmod/base.stormassets/assets/textures/storm_lootspray_static_hgc2018_p1_kr_blossom.dds	5929bab592c246040027cde1b21f2997	87536
mods/heroes.stormmod/base.stormassets/assets/textures/storm_lootspray_static_hgc2018_p1_kr_blossom.lvl0	080d129246c83618a78f1f830d77daf1	5616
mods/heroes.stormmod/base.stormassets/assets/textures/storm_lootspray_static_hgc2018_p1_kr_feliz.dds	5f8c08e3160723701de76bd3a8dad1e6	87536
mods/heroes.stormmod/base.stormassets/assets/textures/storm_lootspray_static_hgc2018_p1_kr_feliz.lvl0	d06f0ee68f6a145af2ac59f7d5dfabb2	5616
mods/heroes.stormmod/base.stormassets/assets/textures/storm_lootspray_static_hgc2018_p1_kr_goodluck.dds	6c664375aac0044d770d19973b2adafe	87536
mods/heroes.stormmod/base.stormassets/assets/textures/storm_lootspray_static_hgc2018_p1_kr_goodluck.lvl0	b163139c8e924d67420107395ce546fd	5616
mods/heroes.stormmod/base.stormassets/assets/textures/storm_lootspray_static_hgc2018_p1_kr_ksvblack.dds	cb7cc8faa1fd1b81d3447ef57b0d4647	87536
mods/heroes.stormmod/base.stormassets/assets/textures/storm_lootspray_static_hgc2018_p1_kr_ksvblack.lvl0	95bf08d60c167cb4cb09f92f09706a4a	5616
mods/heroes.stormmod/base.stormassets/assets/textures/storm_lootspray_static_hgc2018_p1_kr_miracle.dds	f914bd4feaf3f97ad4e7d865283e37c7	87536
mods/heroes.stormmod/base.stormassets/assets/textures/storm_lootspray_static_hgc2018_p1_kr_miracle.lvl0	560b7476df89937b15ee81c91cb21c9f	5616
mods/heroes.stormmod/base.stormassets/assets/textures/storm_lootspray_static_hgc2018_p1_kr_supernova.dds	d4d910d5c9713d12ff76ea6b3f3aa2f7	87536
mods/heroes.stormmod/base.stormassets/assets/textures/storm_lootspray_static_hgc2018_p1_kr_supernova.lvl0	048a5a624d2cbddab23cca0a06f59bda	5616
mods/heroes.stormmod/base.stormassets/assets/textures/storm_lootspray_static_hgc2018_p1_kr_teamace.dds	1bf24fe7590b4edac5ec8c3fd20197c3	87536
mods/heroes.stormmod/base.stormassets/assets/textures/storm_lootspray_static_hgc2018_p1_kr_teamace.lvl0	ca8eb2dc4da8b0c57439d6fdccc92007	5616
mods/heroes.stormmod/base.stormassets/assets/textures/storm_lootspray_static_hgc2018_p1_kr_tempest.dds	8cb41e9d26116f7c16ff8cfdfc8cc715	87536
mods/heroes.stormmod/base.stormassets/assets/textures/storm_lootspray_static_hgc2018_p1_kr_tempest.lvl0	5f9c15479d3eb8a98bd2a4c115cf2b9b	5616
mods/heroes.stormmod/base.stormassets/assets/textures/storm_lootspray_static_hgc2018_p1_na_galeforceesports.dds	06c7274e093e7c00d5c78574b99e08d9	87536
mods/heroes.stormmod/base.stormassets/assets/textures/storm_lootspray_static_hgc2018_p1_na_galeforceesports.lvl0	b0b33cce2e5cf6bdfd37fff32aa0068f	5616
mods/heroes.stormmod/base.stormassets/assets/textures/storm_lootspray_static_hgc2018_p1_na_heroeshearth.dds	05d13d614c1129258ec1c0bacc9e4f8e	87536
mods/heroes.stormmod/base.stormassets/assets/textures/storm_lootspray_static_hgc2018_p1_na_heroeshearth.lvl0	ec8e6b4b22d442c685c1d03bc53cdf44	5616
mods/heroes.stormmod/base.stormassets/assets/textures/storm_lootspray_static_hgc2018_p1_na_lfm.dds	97c036d4a53c0a084c27098a6e513689	87536
mods/heroes.stormmod/base.stormassets/assets/textures/storm_lootspray_static_hgc2018_p1_na_lfm.lvl0	e522b14290c061c21a33010cd56d671b	5616
mods/heroes.stormmod/base.stormassets/assets/textures/storm_lootspray_static_hgc2018_p1_na_notomorrow.dds	64e5030f43f721a4bafd0170cd4208a8	87536
mods/heroes.stormmod/base.stormassets/assets/textures/storm_lootspray_static_hgc2018_p1_na_notomorrow.lvl0	34b881b3d0ad971546a9ea0ac668cd61	5616
mods/heroes.stormmod/base.stormassets/assets/textures/storm_lootspray_static_hgc2018_p1_na_roll20.dds	d9b06f23efeb8b321b4526477be53e3e	87536
mods/heroes.stormmod/base.stormassets/assets/textures/storm_lootspray_static_hgc2018_p1_na_roll20.lvl0	398ecce3f48aecc55c78d0e0d9383b81	5616
mods/heroes.stormmod/base.stormassets/assets/textures/storm_lootspray_static_hgc2018_p1_na_simplicity.dds	164a5abb2d35f6d018aaeaf55b381b98	87536
mods/heroes.stormmod/base.stormassets/assets/textures/storm_lootspray_static_hgc2018_p1_na_simplicity.lvl0	632a01b73f43b531b9bfab3aad8186a3	5616
mods/heroes.stormmod/base.stormassets/assets/textures/storm_lootspray_static_hgc2018_p1_na_spacestation.dds	c8652f3610f0c59a8e13b9d93a0ec3ed	87536
mods/heroes.stormmod/base.stormassets/assets/textures/storm_lootspray_static_hgc2018_p1_na_spacestation.lvl0	09ac1d8d5700facf2c3d4ab77a262d4f	5616
mods/heroes.stormmod/base.stormassets/assets/textures/storm_lootspray_static_hgc2018_p1_na_superstars.dds	2d1c14f1192f914a6734932269808d3d	87536
mods/heroes.stormmod/base.stormassets/assets/textures/storm_lootspray_static_hgc2018_p1_na_superstars.lvl0	47ec72f880c8f2b09e38aa4637f76485	5616
mods/heroes.stormmod/base.stormassets/assets/textures/storm_lootspray_static_hgc2018_p1_na_teamfreedom.dds	87fbce6207acaca58be3a097ab95349a	87536
mods/heroes.stormmod/base.stormassets/assets/textures/storm_lootspray_static_hgc2018_p1_na_teamfreedom.lvl0	61e68042dd2d32e1191c2e124987cfb1	5616
mods/heroes.stormmod/base.stormassets/assets/textures/storm_lootspray_static_hgc2018_p1_na_teamoctalysis.dds	929ffe86b5915da5a6ddd4d8c9a2ebcc	87536
mods/heroes.stormmod/base.stormassets/assets/textures/storm_lootspray_static_hgc2018_p1_na_teamoctalysis.lvl0	a050b23c6ba0f84ba9136d03a6cffcd1	5616
mods/heroes.stormmod/base.stormassets/assets/textures/storm_lootspray_static_hgc2018_p1_na_teamtwelve.dds	e1f8771727db207a830f24e48f427e3e	87536
mods/heroes.stormmod/base.stormassets/assets/textures/storm_lootspray_static_hgc2018_p1_na_teamtwelve.lvl0	e51aec4bce55690b220b0a391d145ae9	5616
mods/heroes.stormmod/base.stormassets/assets/textures/storm_lootspray_static_hgc2018_p1_na_tempostorm.dds	467a73f69dbd7a0e38c0f1ada17a42c6	87536
mods/heroes.stormmod/base.stormassets/assets/textures/storm_lootspray_static_hgc2018_p1_na_tempostorm.lvl0	98aadd36de0d0f36eb5781bf06a10228	5616
mods/heroes.stormmod/base.stormassets/assets/textures/storm_lootspray_static_junkrat_fireball.dds	c5956595f518ab7c4e6b3eb0e291cfe6	87536
mods/heroes.stormmod/base.stormassets/assets/textures/storm_lootspray_static_junkrat_fireball.lvl0	9b82d3a7c0cf2741add50714ce4cfaf2	5616
mods/heroes.stormmod/base.stormassets/assets/textures/storm_lootspray_static_junkrat_fuse.dds	5a76fe261807dceef7011f901e7cea05	87536
mods/heroes.stormmod/base.stormassets/assets/textures/storm_lootspray_static_junkrat_fuse.lvl0	5f3c36a224c3342c7b3c2382132df355	5616
mods/heroes.stormmod/base.stormassets/assets/textures/storm_lootspray_static_junkrat_icon.dds	0881ead620af44b9b478d65099e5edd8	87536
mods/heroes.stormmod/base.stormassets/assets/textures/storm_lootspray_static_junkrat_icon.lvl0	ed9784be8d4fd462d16113117f4348fa	5616
mods/heroes.stormmod/base.stormassets/assets/textures/storm_lootspray_static_junkrat_mad.dds	de4f0581c8f973a8565c6cc2fe106a4b	87536
mods/heroes.stormmod/base.stormassets/assets/textures/storm_lootspray_static_junkrat_mad.lvl0	43fffb25c82d96d0571c497422371c69	5616
mods/heroes.stormmod/base.stormassets/assets/textures/storm_lootspray_static_junkrat_spin.dds	a0fc74a17c152fdb03859cc3b08e5276	87536
mods/heroes.stormmod/base.stormassets/assets/textures/storm_lootspray_static_junkrat_spin.lvl0	e487825d3e2ed5560942083b1a2d2e40	5616
mods/heroes.stormmod/base.stormassets/assets/textures/storm_lootspray_static_junkrat_vroom.dds	b546dff7ce2f0248379b31fe92d1cf7d	87536
mods/heroes.stormmod/base.stormassets/assets/textures/storm_lootspray_static_junkrat_vroom.lvl0	099b76c8ee16cf827145ed0924c33e16	5616
mods/heroes.stormmod/base.stormassets/assets/textures/storm_lootspray_static_lunar_achievement_rocket.dds	fbfb8bddbe273183e3bfd90b3bef8efb	87536
mods/heroes.stormmod/base.stormassets/assets/textures/storm_lootspray_static_lunar_achievement_rocket.lvl0	e9f06dcc28f30d5cb9b3aac5a5eec94e	5616
mods/heroes.stormmod/base.stormassets/assets/textures/storm_lootspray_static_lunar_rooster.dds	1015794c07420812652f2341be3f312b	87536
mods/heroes.stormmod/base.stormassets/assets/textures/storm_lootspray_static_lunar_rooster.lvl0	65635ec99f6ff7656c354b199d42447c	5616
mods/heroes.stormmod/base.stormassets/assets/textures/storm_lootspray_static_mecha_abathur.dds	16d11b5e35d8cf90c68041350d478acb	87536
mods/heroes.stormmod/base.stormassets/assets/textures/storm_lootspray_static_mecha_abathur.lvl0	4218a14d332aba12a81f73d0a7b0a7b9	5616
mods/heroes.stormmod/base.stormassets/assets/textures/storm_lootspray_static_mecha_anubarak.dds	8a3413502f96ddac88f486f5dad0cee8	87536
mods/heroes.stormmod/base.stormassets/assets/textures/storm_lootspray_static_mecha_anubarak.lvl0	f0efc4d63a087b517c803974cf28bc88	5616
mods/heroes.stormmod/base.stormassets/assets/textures/storm_lootspray_static_mecha_azmodan.dds	4cf797f5132d4129fc39ba09b2e36cb7	87536
mods/heroes.stormmod/base.stormassets/assets/textures/storm_lootspray_static_mecha_azmodan.lvl0	fc30815389c05db1ef04d6902a1a1861	5616
mods/heroes.stormmod/base.stormassets/assets/textures/storm_lootspray_static_mecha_chen.dds	c13ed85dc3e905f91f88c12a34f3e4a0	87536
mods/heroes.stormmod/base.stormassets/assets/textures/storm_lootspray_static_mecha_chen.lvl0	cb675cf079cee623a77d6dc9fd96b83d	5616
mods/heroes.stormmod/base.stormassets/assets/textures/storm_lootspray_static_mecha_dehaka.dds	c66f3b3d6e83ca459cb4fb868ad3b95d	87536
mods/heroes.stormmod/base.stormassets/assets/textures/storm_lootspray_static_mecha_dehaka.lvl0	532ed6d58e2b9685ebd498df4c4e88c1	5616
mods/heroes.stormmod/base.stormassets/assets/textures/storm_lootspray_static_mecha_kerrigan.dds	d69aa46a0dc24b13893b0643e37e2bd2	87536
mods/heroes.stormmod/base.stormassets/assets/textures/storm_lootspray_static_mecha_kerrigan.lvl0	bc83757f6609d755a932d72e33bf16f7	5616
mods/heroes.stormmod/base.stormassets/assets/textures/storm_lootspray_static_mecha_malthael.dds	14b6d7e23a0953dd758ec0fe174937eb	87536
mods/heroes.stormmod/base.stormassets/assets/textures/storm_lootspray_static_mecha_malthael.lvl0	da8e4927741e2fe8ba6b5f926e39ef8f	5616
mods/heroes.stormmod/base.stormassets/assets/textures/storm_lootspray_static_mecha_ragnaros.dds	9cb0e99a429609c5624be356561eefc9	87536
mods/heroes.stormmod/base.stormassets/assets/textures/storm_lootspray_static_mecha_ragnaros.lvl0	417336adcc0d8f03ede4a8f4ad642ac7	5616
mods/heroes.stormmod/base.stormassets/assets/textures/storm_lootspray_static_mecha_rehgar.dds	f662676070ae32fbf564fb7de1ff89f0	87536
mods/heroes.stormmod/base.stormassets/assets/textures/storm_lootspray_static_mecha_rehgar.lvl0	c1eb94dfd4bc10a1bfee8f36ad55e6c3	5616
mods/heroes.stormmod/base.stormassets/assets/textures/storm_lootspray_static_mecha_samuro.dds	38fc9cf0a602dcc7ff5ead135142235d	87536
mods/heroes.stormmod/base.stormassets/assets/textures/storm_lootspray_static_mecha_samuro.lvl0	e8842da4fd0f4ae123a21296a4b567bd	5616
mods/heroes.stormmod/base.stormassets/assets/textures/storm_lootspray_static_mecha_tassadar.dds	375625c7f65a30cecb000ebc9f5e163d	87536
mods/heroes.stormmod/base.stormassets/assets/textures/storm_lootspray_static_mecha_tassadar.lvl0	01a10db1f4d7143534fb0488fcbfd8c2	5616
mods/heroes.stormmod/base.stormassets/assets/textures/storm_lootspray_static_mecha_tyrael.dds	35ec1fff548bfae5c49bb49a834cca8a	87536
mods/heroes.stormmod/base.stormassets/assets/textures/storm_lootspray_static_mecha_tyrael.lvl0	1ea8354a4615b5d617563cdbfd07d3ab	5616
mods/heroes.stormmod/base.stormassets/assets/textures/storm_lootspray_static_mecha_zagara.dds	8ecfd4f270895ae18b0720fc0498ecc2	87536
mods/heroes.stormmod/base.stormassets/assets/textures/storm_lootspray_static_mecha_zagara.lvl0	a8ecee2f949fea3d8479699400be7bae	5616
mods/heroes.stormmod/base.stormassets/assets/textures/storm_lootspray_static_mecha_zeratul.dds	5c09253db239abb8d762a23d795edb3e	87536
mods/heroes.stormmod/base.stormassets/assets/textures/storm_lootspray_static_mecha_zeratul.lvl0	59e2b35376c5045f0fafcc18908dd962	5616
mods/heroes.stormmod/base.stormassets/assets/textures/storm_lootspray_static_mecha_zuljin.dds	3110fc73c905cee5a9d854e94f7fa270	87536
mods/heroes.stormmod/base.stormassets/assets/textures/storm_lootspray_static_mecha_zuljin.lvl0	3cccd20526649f9a2251ae183f48a94e	5616
mods/heroes.stormmod/base.stormassets/assets/textures/storm_lootspray_static_mobster19_cardhammer.dds	cfb101bf0dc8a2551d2bcdbffcd78ac3	65664
mods/heroes.stormmod/base.stormassets/assets/textures/storm_lootspray_static_mobster19_cardjunkrat.dds	74c262905b4cece7efe5fbcc754d0e84	65664
mods/heroes.stormmod/base.stormassets/assets/textures/storm_lootspray_static_mobster19_cardorphea.dds	6a8e29929b770197ecd14cae6f83b611	65664
mods/heroes.stormmod/base.stormassets/assets/textures/storm_lootspray_static_mobster19_cardwhitemane.dds	d16879410cd0f982f549127786a31552	65664
mods/heroes.stormmod/base.stormassets/assets/textures/storm_lootspray_static_mobster19_chomp.dds	50c4973a29311376c7ae3229dd2dc5ed	65664
mods/heroes.stormmod/base.stormassets/assets/textures/storm_lootspray_static_mobster19_hammercar.dds	f79bb62c11b02b0f3fbaba457c05d4e7	65664
mods/heroes.stormmod/base.stormassets/assets/textures/storm_lootspray_static_mobster19_junkrat.dds	4fa2c2a069cb0fb3433035115a1fa240	65664
mods/heroes.stormmod/base.stormassets/assets/textures/storm_lootspray_static_mobster19_raccoons.dds	14495704c08ff8153c90ef64f1a9c869	65664
mods/heroes.stormmod/base.stormassets/assets/textures/storm_lootspray_static_mobster19_rewardhammer.dds	4825a60d2d0e8b32a1f428daaedea228	65664
mods/heroes.stormmod/base.stormassets/assets/textures/storm_lootspray_static_mobster19_rewardjunkrat.dds	8a5c7413b719bb7e528895c9e5a85be9	65664
mods/heroes.stormmod/base.stormassets/assets/textures/storm_lootspray_static_mobster19_rewardorphea.dds	d19b48749fc6765fc1335acc13d301be	65664
mods/heroes.stormmod/base.stormassets/assets/textures/storm_lootspray_static_mobster19_whitemane.dds	4d2e74c76182a20f751c4b29fbfd7857	65664
mods/heroes.stormmod/base.stormassets/assets/textures/storm_lootspray_static_mobster19_whitemanesinger.dds	63e876f908bf4605c5d09c3f1837cc61	65664
mods/heroes.stormmod/base.stormassets/assets/textures/storm_lootspray_static_myth20_cassia_thundergoddess.dds	5efaccd14642d697f5691412dc8e76e2	87536
mods/heroes.stormmod/base.stormassets/assets/textures/storm_lootspray_static_myth20_cassia_thundergoddess.lvl0	aa13ea96409425b38f62d48924b0a485	5616
mods/heroes.stormmod/base.stormassets/assets/textures/storm_lootspray_static_myth20_cerberus.dds	bafb12a49ab31f3708de14c63d64f8b4	87536
mods/heroes.stormmod/base.stormassets/assets/textures/storm_lootspray_static_myth20_cerberus.lvl0	082cfa95544f8023736bf55f9d891d2e	5616
mods/heroes.stormmod/base.stormassets/assets/textures/storm_lootspray_static_myth20_pegasus.dds	ff7618c29f7d1b63341c5db80409c4b7	87536
mods/heroes.stormmod/base.stormassets/assets/textures/storm_lootspray_static_myth20_pegasus.lvl0	83c3b3121960aecfd18c429d4558ef19	5616
mods/heroes.stormmod/base.stormassets/assets/textures/storm_lootspray_static_outline_chen.dds	5f5f6e67d155db432779736f4d75c982	87536
mods/heroes.stormmod/base.stormassets/assets/textures/storm_lootspray_static_outline_chen.lvl0	1a6c7cc246851ff86d59233f1d466492	5616
mods/heroes.stormmod/base.stormassets/assets/textures/storm_lootspray_static_outline_chromie.dds	02b0aae616d496f0ba858a0eb37eb486	87536
mods/heroes.stormmod/base.stormassets/assets/textures/storm_lootspray_static_outline_chromie.lvl0	8ba1a104fc352b0b104ca50deb9515cf	5616
mods/heroes.stormmod/base.stormassets/assets/textures/storm_lootspray_static_outline_kerrigan.dds	041a933cc191974856358e41e5899023	87536
mods/heroes.stormmod/base.stormassets/assets/textures/storm_lootspray_static_outline_kerrigan.lvl0	e0ea2f4a76857b7d66e177727dd350e3	5616
mods/heroes.stormmod/base.stormassets/assets/textures/storm_lootspray_static_outline_kharazim.dds	f38992859f4622e3cab2385ea7c01b23	87536
mods/heroes.stormmod/base.stormassets/assets/textures/storm_lootspray_static_outline_kharazim.lvl0	6adefa0b7d2de8ea72dc7376fb2a7713	5616
mods/heroes.stormmod/base.stormassets/assets/textures/storm_lootspray_static_outline_rexxar.dds	256440bfd44fd0b4519608ca501bddbc	87536
mods/heroes.stormmod/base.stormassets/assets/textures/storm_lootspray_static_outline_rexxar.lvl0	251a967695525d0efa491b4ab8efb8a6	5616
mods/heroes.stormmod/base.stormassets/assets/textures/storm_lootspray_static_outline_sonya.dds	74cdd120146842d7068318acdb245950	87536
mods/heroes.stormmod/base.stormassets/assets/textures/storm_lootspray_static_outline_sonya.lvl0	4b94c153008ffbb73ab859bea92285b0	5616
mods/heroes.stormmod/base.stormassets/assets/textures/storm_lootspray_static_outline_stukov.dds	76b6e01cfd34db9dae7d6c434554c20b	87536
mods/heroes.stormmod/base.stormassets/assets/textures/storm_lootspray_static_outline_stukov.lvl0	e5869a70d8a59950d35ce0907150f182	5616
mods/heroes.stormmod/base.stormassets/assets/textures/storm_lootspray_static_outline_varian.dds	fb58804dbb7b3838403d2463f3d1d5d5	87536
mods/heroes.stormmod/base.stormassets/assets/textures/storm_lootspray_static_outline_varian.lvl0	319cfe7cf8d486b37e0f5cabde550b63	5616
mods/heroes.stormmod/base.stormassets/assets/textures/storm_lootspray_static_outline_xul.dds	550b0b7a066d953c8fc3228ab547d5c4	87536
mods/heroes.stormmod/base.stormassets/assets/textures/storm_lootspray_static_outline_xul.lvl0	2e00cd546c13f81597a0844fb70d8c7d	5616
mods/heroes.stormmod/base.stormassets/assets/textures/storm_lootspray_static_outline_zeratul.dds	7c3946d9f93de8e892e15dce91f9c2c3	87536
mods/heroes.stormmod/base.stormassets/assets/textures/storm_lootspray_static_outline_zeratul.lvl0	719cb4f7522172a9e8dcba29b00ee86b	5616
mods/heroes.stormmod/base.stormassets/assets/textures/storm_lootspray_static_overwatch_dva_bang.dds	3589179325b4f9ed9db550e9028fd4c0	87536
mods/heroes.stormmod/base.stormassets/assets/textures/storm_lootspray_static_overwatch_dva_bang.lvl0	65a4d2ba367d918daa738c5da4a4d4c2	5616
mods/heroes.stormmod/base.stormassets/assets/textures/storm_lootspray_static_overwatch_dva_police.dds	0746efdf9ce251c9a4baca87f14bd025	87536
mods/heroes.stormmod/base.stormassets/assets/textures/storm_lootspray_static_overwatch_dva_police.lvl0	589218244790584fa24e090810639e35	5616
mods/heroes.stormmod/base.stormassets/assets/textures/storm_lootspray_static_overwatch_genji_oni.dds	b8b63446dfb4c927a138fe60a1d3dddd	87536
mods/heroes.stormmod/base.stormassets/assets/textures/storm_lootspray_static_overwatch_genji_oni.lvl0	35c96fcbfd00a7ce9f6d7101a7aa39a9	5616
mods/heroes.stormmod/base.stormassets/assets/textures/storm_lootspray_static_overwatch_genji_shimada.dds	bd5468143f381dc2f5d3c74163a58b26	87536
mods/heroes.stormmod/base.stormassets/assets/textures/storm_lootspray_static_overwatch_genji_shimada.lvl0	d6444f36d2643ab930c1807a5d044f68	5616
mods/heroes.stormmod/base.stormassets/assets/textures/storm_lootspray_static_overwatch_lucio_cereal.dds	1983296b1a24b3e7d8bc6996d8d36e71	87536
mods/heroes.stormmod/base.stormassets/assets/textures/storm_lootspray_static_overwatch_lucio_cereal.lvl0	7cfa0371c374a61244fab0cd0ba01585	5616
mods/heroes.stormmod/base.stormassets/assets/textures/storm_lootspray_static_overwatch_lucio_frog.dds	6e0fdd5ae2ae161a40221e8c254f89e0	87536
mods/heroes.stormmod/base.stormassets/assets/textures/storm_lootspray_static_overwatch_lucio_frog.lvl0	5a784923abc12662b2d621bd9a0c6362	5616
mods/heroes.stormmod/base.stormassets/assets/textures/storm_lootspray_static_overwatch_murky_ramen.dds	3ec78d8a7a324077c0d73d3064a1e672	87536
mods/heroes.stormmod/base.stormassets/assets/textures/storm_lootspray_static_overwatch_murky_ramen.lvl0	e855c0b299f33d78d871a8c094bd097f	5616
mods/heroes.stormmod/base.stormassets/assets/textures/storm_lootspray_static_overwatch_tracer_pewpew.dds	e43fbaac0c55fa16ad013caf15264d75	87536
mods/heroes.stormmod/base.stormassets/assets/textures/storm_lootspray_static_overwatch_tracer_pewpew.lvl0	1c2078359048ebe77b6fb0da3b7a9ab6	5616
mods/heroes.stormmod/base.stormassets/assets/textures/storm_lootspray_static_overwatch_zarya_bear.dds	a55c9719be4265bca8431f2a56dccd91	87536
mods/heroes.stormmod/base.stormassets/assets/textures/storm_lootspray_static_overwatch_zarya_bear.lvl0	cf92835b79a232f60717e92ad72c96e4	5616
mods/heroes.stormmod/base.stormassets/assets/textures/storm_lootspray_static_paper_chen.dds	69842a81986de1c0a2bd4e7755c789dc	87536
mods/heroes.stormmod/base.stormassets/assets/textures/storm_lootspray_static_paper_chen.lvl0	142f537a91d19531133d4b47d50f6053	5616
mods/heroes.stormmod/base.stormassets/assets/textures/storm_lootspray_static_paper_gazlowe.dds	5406bde5b7da8cb15d6610b6c77d1f3f	87536
mods/heroes.stormmod/base.stormassets/assets/textures/storm_lootspray_static_paper_gazlowe.lvl0	05635349dbaf5be071f2b5dc011b13ee	5616
mods/heroes.stormmod/base.stormassets/assets/textures/storm_lootspray_static_paper_liming.dds	893972e665e68bd2ba1f15058f72b1ec	87536
mods/heroes.stormmod/base.stormassets/assets/textures/storm_lootspray_static_paper_liming.lvl0	f9f3277952e6847ca561f089951a3935	5616
mods/heroes.stormmod/base.stormassets/assets/textures/storm_lootspray_static_paper_rehgar_wolf.dds	73ccec1bd3238a2af44cc4caac4acd78	87536
mods/heroes.stormmod/base.stormassets/assets/textures/storm_lootspray_static_paper_rehgar_wolf.lvl0	9b88864eda1bcba953a4601a1bad8aff	5616
mods/heroes.stormmod/base.stormassets/assets/textures/storm_lootspray_static_paper_stitches.dds	7aa98a2f0d3cd8a017ef8fa9ef77319d	87536
mods/heroes.stormmod/base.stormassets/assets/textures/storm_lootspray_static_paper_stitches.lvl0	7d988e07935f7923cfc286db5b130f39	5616
mods/heroes.stormmod/base.stormassets/assets/textures/storm_lootspray_static_pirate_blackheart.dds	e56de5c03398fa757291799f38be2f12	87536
mods/heroes.stormmod/base.stormassets/assets/textures/storm_lootspray_static_pirate_blackheart.lvl0	e7b24c5410e9fea4ee541f333afe0f35	5616
mods/heroes.stormmod/base.stormassets/assets/textures/storm_lootspray_static_pirate_cassia_pirate.dds	4428ade7483d3a2eb52ddc7c933a7033	87536
mods/heroes.stormmod/base.stormassets/assets/textures/storm_lootspray_static_pirate_cassia_pirate.lvl0	c7b303dde928f54708e1eae5973f0a0d	5616
mods/heroes.stormmod/base.stormassets/assets/textures/storm_lootspray_static_pirate_dehaka.dds	24348281a598f9ef663d0823a636a8d1	87536
mods/heroes.stormmod/base.stormassets/assets/textures/storm_lootspray_static_pirate_dehaka.lvl0	839fdb9d093cfd1b8c51b1f85941b3dc	5616
mods/heroes.stormmod/base.stormassets/assets/textures/storm_lootspray_static_pirate_eye.dds	6cad0811e5128823dc09dccc51373c21	87536
mods/heroes.stormmod/base.stormassets/assets/textures/storm_lootspray_static_pirate_eye.lvl0	6a7bd1d9eab111c57865ac840904e8bb	5616
mods/heroes.stormmod/base.stormassets/assets/textures/storm_lootspray_static_pirate_falstad.dds	e6f4beda53c70ff8ce71d1992b4eb56d	87536
mods/heroes.stormmod/base.stormassets/assets/textures/storm_lootspray_static_pirate_falstad.lvl0	a9e3da1ed3e529bf5dc4f30da7c95ad1	5616
mods/heroes.stormmod/base.stormassets/assets/textures/storm_lootspray_static_pirate_greymane.dds	3e0d4db8a6a244df56b03b894ff43bc4	87536
mods/heroes.stormmod/base.stormassets/assets/textures/storm_lootspray_static_pirate_greymane.lvl0	cc63cae13c599ba48c82f69191659a57	5616
mods/heroes.stormmod/base.stormassets/assets/textures/storm_lootspray_static_pirate_heart.dds	c828184889ccbd4a3f67bb125d159847	87536
mods/heroes.stormmod/base.stormassets/assets/textures/storm_lootspray_static_pirate_heart.lvl0	c83682985989b96a9a0426ed8d37c145	5616
mods/heroes.stormmod/base.stormassets/assets/textures/storm_lootspray_static_pirate_murky.dds	8b25e0aacad5e57bada49399049d4573	87536
mods/heroes.stormmod/base.stormassets/assets/textures/storm_lootspray_static_pirate_murky.lvl0	ebb24d95c40996d7f4045e81bed912cc	5616
mods/heroes.stormmod/base.stormassets/assets/textures/storm_lootspray_static_pirate_probius.dds	7559259ecfff5beb2efa1a2faf562198	87536
mods/heroes.stormmod/base.stormassets/assets/textures/storm_lootspray_static_pirate_probius.lvl0	83a4136389d146cda1d44303240824bb	5616
mods/heroes.stormmod/base.stormassets/assets/textures/storm_lootspray_static_pirate_sgthammer.dds	87373323ccde0d8f2f689801e3d0a243	87536
mods/heroes.stormmod/base.stormassets/assets/textures/storm_lootspray_static_pirate_sgthammer.lvl0	ea4fd78aaf7deef899f0e37a5112e525	5616
mods/heroes.stormmod/base.stormassets/assets/textures/storm_lootspray_static_pirate_stukov_pirate.dds	e30d8f8e08576c20725fac37d9a26bea	87536
mods/heroes.stormmod/base.stormassets/assets/textures/storm_lootspray_static_pirate_stukov_pirate.lvl0	7e20df3d3795636105f6e316f5fb1222	5616
mods/heroes.stormmod/base.stormassets/assets/textures/storm_lootspray_static_pixel_abathur.dds	c843f82dab1df08629fd26bdabaeaced	87536
mods/heroes.stormmod/base.stormassets/assets/textures/storm_lootspray_static_pixel_abathur.lvl0	df985d29d0f5d8da4b2301eec97db3bd	5616
mods/heroes.stormmod/base.stormassets/assets/textures/storm_lootspray_static_pixel_alarak.dds	a85edc702d19e2a1d8d682f9a3812882	101456
mods/heroes.stormmod/base.stormassets/assets/textures/storm_lootspray_static_pixel_alarak.lvl0	b81b0290ec08a8c292e8b8e2c042492b	6736
mods/heroes.stormmod/base.stormassets/assets/textures/storm_lootspray_static_pixel_alexstrasza.dds	3ebce166d94edc405ac57f8d7a4a4117	87536
mods/heroes.stormmod/base.stormassets/assets/textures/storm_lootspray_static_pixel_alexstrasza.lvl0	9066c5d75e0cc5d69e66b8003eecbed4	5616
mods/heroes.stormmod/base.stormassets/assets/textures/storm_lootspray_static_pixel_arthas.dds	bb5d527e6662eeced7e5d09f36afdb62	106832
mods/heroes.stormmod/base.stormassets/assets/textures/storm_lootspray_static_pixel_arthas.lvl0	6049c13bb1159ce592369444930cdce1	6992
mods/heroes.stormmod/base.stormassets/assets/textures/storm_lootspray_static_pixel_butcher.dds	a9f071f95c2f2935839540254ea0178d	87536
mods/heroes.stormmod/base.stormassets/assets/textures/storm_lootspray_static_pixel_butcher.lvl0	a1446decb155de673539e5592fed8064	5616
mods/heroes.stormmod/base.stormassets/assets/textures/storm_lootspray_static_pixel_diablo.dds	e448e99a2c28ead0058ee1a6e0678b7e	87536
mods/heroes.stormmod/base.stormassets/assets/textures/storm_lootspray_static_pixel_diablo.lvl0	013315a9145cb0620d47212f93142f08	5616
mods/heroes.stormmod/base.stormassets/assets/textures/storm_lootspray_static_pixel_dva.dds	706cdfd6b78a55800d0c6745353e6b44	109408
mods/heroes.stormmod/base.stormassets/assets/textures/storm_lootspray_static_pixel_dva.lvl0	e85f61386b248dbe152a8e9ff2c19e4b	7008
mods/heroes.stormmod/base.stormassets/assets/textures/storm_lootspray_static_pixel_falstad.dds	a14e94ade04a69465cb2c2e460e67d96	101456
mods/heroes.stormmod/base.stormassets/assets/textures/storm_lootspray_static_pixel_falstad.lvl0	d89c0ddeda18ee51c971e0c748199675	6736
mods/heroes.stormmod/base.stormassets/assets/textures/storm_lootspray_static_pixel_genji.dds	ab79ed7586115a27874ff7c4894719bf	87536
mods/heroes.stormmod/base.stormassets/assets/textures/storm_lootspray_static_pixel_genji.lvl0	fca9e85ef90116aa6ac122aa9addadf9	5616
mods/heroes.stormmod/base.stormassets/assets/textures/storm_lootspray_static_pixel_kerrigan.dds	557e5029b0ad4c9723d45c388dce9937	112352
mods/heroes.stormmod/base.stormassets/assets/textures/storm_lootspray_static_pixel_kerrigan.lvl0	0fe95eb039f4717071d2d5cdc3b3cdb4	7392
mods/heroes.stormmod/base.stormassets/assets/textures/storm_lootspray_static_pixel_lili.dds	6be2f00f3149775248b9db39fc285e2e	92016
mods/heroes.stormmod/base.stormassets/assets/textures/storm_lootspray_static_pixel_lili.lvl0	76c0fa3778160fda14b9f3307354bfbc	6000
mods/heroes.stormmod/base.stormassets/assets/textures/storm_lootspray_static_pixel_murky.dds	5f81b585bc57cc036f61a21f339366d9	87536
mods/heroes.stormmod/base.stormassets/assets/textures/storm_lootspray_static_pixel_murky.lvl0	d264f3ddf84624951671b27ce0d1212a	5616
mods/heroes.stormmod/base.stormassets/assets/textures/storm_lootspray_static_pixel_nova.dds	3c881f2efa5d1da84b49149af10e5996	87536
mods/heroes.stormmod/base.stormassets/assets/textures/storm_lootspray_static_pixel_nova.lvl0	a976ad4bd40ae96a61054fb81c4ad3ef	5616
mods/heroes.stormmod/base.stormassets/assets/textures/storm_lootspray_static_pixel_orphea.dds	005a0a611c86cf9f4cf30183c56962b7	87536
mods/heroes.stormmod/base.stormassets/assets/textures/storm_lootspray_static_pixel_orphea.lvl0	142abaa036afada5c80d89ee6fdc7562	5616
mods/heroes.stormmod/base.stormassets/assets/textures/storm_lootspray_static_pixel_raynor.dds	3c74ddb86892d34d0c8112f3968f3e5c	87536
mods/heroes.stormmod/base.stormassets/assets/textures/storm_lootspray_static_pixel_raynor.lvl0	4a1673a75bfda84ea6fb0d8237399981	5616
mods/heroes.stormmod/base.stormassets/assets/textures/storm_lootspray_static_pixel_sonya.dds	66e77578008a0be6d8bf768e81ab9c6f	87536
mods/heroes.stormmod/base.stormassets/assets/textures/storm_lootspray_static_pixel_sonya.lvl0	302b322184357ac2863f829812a2705c	5616
mods/heroes.stormmod/base.stormassets/assets/textures/storm_lootspray_static_pixel_sylvanas.dds	3b8369c1672939808e8d089413c0c8cd	87536
mods/heroes.stormmod/base.stormassets/assets/textures/storm_lootspray_static_pixel_sylvanas.lvl0	dd93a731becbcd15ea2609df2b787ad6	5616
mods/heroes.stormmod/base.stormassets/assets/textures/storm_lootspray_static_pixel_thelostvikings.dds	085600ba4743e373732fb36615349f17	117792
mods/heroes.stormmod/base.stormassets/assets/textures/storm_lootspray_static_pixel_thelostvikings.lvl0	a679719983edbf8cf63bb5c3a5760999	7712
mods/heroes.stormmod/base.stormassets/assets/textures/storm_lootspray_static_pixel_thrall.dds	347c7135a53f9249213846f80ca3eb74	87536
mods/heroes.stormmod/base.stormassets/assets/textures/storm_lootspray_static_pixel_thrall.lvl0	b3864ac32ee83a7ca70aadf4e0527939	5616
mods/heroes.stormmod/base.stormassets/assets/textures/storm_lootspray_static_pixel_tracer.dds	e9de8e60218b97064e32a6a6c2fc51f9	87536
mods/heroes.stormmod/base.stormassets/assets/textures/storm_lootspray_static_pixel_tracer.lvl0	e165307464b3eb39dfb08b3439b36c88	5616
mods/heroes.stormmod/base.stormassets/assets/textures/storm_lootspray_static_pixel_tyrael.dds	d77c93d8cf12327693e959ac7cc8f0b3	109408
mods/heroes.stormmod/base.stormassets/assets/textures/storm_lootspray_static_pixel_tyrael.lvl0	5d0f223319e266150bece40837175646	7008
mods/heroes.stormmod/base.stormassets/assets/textures/storm_lootspray_static_pixel_tyrande.dds	20fc64e0d720e6dde83a0a58f035f9f3	87536
mods/heroes.stormmod/base.stormassets/assets/textures/storm_lootspray_static_pixel_tyrande.lvl0	3ace3269cf80cd4978c19632b43e0168	5616
mods/heroes.stormmod/base.stormassets/assets/textures/storm_lootspray_static_pixel_uther.dds	a6eca46981b1383e622e8b3b247ddb73	87536
mods/heroes.stormmod/base.stormassets/assets/textures/storm_lootspray_static_pixel_uther.lvl0	bca78b7ad785edb952e467c16a06b2b8	5616
mods/heroes.stormmod/base.stormassets/assets/textures/storm_lootspray_static_pixel_zeratul.dds	466f21d70b128580418663abe1f8bc22	87536
mods/heroes.stormmod/base.stormassets/assets/textures/storm_lootspray_static_pixel_zeratul.lvl0	605dce9d7130e10dff78dde961a73c21	5616
mods/heroes.stormmod/base.stormassets/assets/textures/storm_lootspray_static_pumpkin_abathur.dds	678a8cd990e05745c0bb7c881e7417a3	87536
mods/heroes.stormmod/base.stormassets/assets/textures/storm_lootspray_static_pumpkin_abathur.lvl0	b177d0c1aa006e7a0bb57fad171f33b9	5616
mods/heroes.stormmod/base.stormassets/assets/textures/storm_lootspray_static_pumpkin_azmodan.dds	5269c9ee86d6a62b3dcaca57559eb20c	87536
mods/heroes.stormmod/base.stormassets/assets/textures/storm_lootspray_static_pumpkin_azmodan.lvl0	0610a3bbd5bcdd461bc3fd822ee4d091	5616
mods/heroes.stormmod/base.stormassets/assets/textures/storm_lootspray_static_pumpkin_chen.dds	db0b5a4c644a89560f29f506857409f2	87536
mods/heroes.stormmod/base.stormassets/assets/textures/storm_lootspray_static_pumpkin_chen.lvl0	9d5d4cb29a73a203c49c62e88f302eaa	5616
mods/heroes.stormmod/base.stormassets/assets/textures/storm_lootspray_static_pumpkin_etc.dds	032faf2f6d7c3300b92db677fd253a31	87536
mods/heroes.stormmod/base.stormassets/assets/textures/storm_lootspray_static_pumpkin_etc.lvl0	759588a3ee694366c103d751be478104	5616
mods/heroes.stormmod/base.stormassets/assets/textures/storm_lootspray_static_pumpkin_illidan.dds	0c9d15a6e644738292e7ed96313fd452	87536
mods/heroes.stormmod/base.stormassets/assets/textures/storm_lootspray_static_pumpkin_illidan.lvl0	aa8fbbee131550c66d92b13f4372e86c	5616
mods/heroes.stormmod/base.stormassets/assets/textures/storm_lootspray_static_pumpkin_malfurion.dds	bd6bdf65ae5065bc2a91aa666262203a	87536
mods/heroes.stormmod/base.stormassets/assets/textures/storm_lootspray_static_pumpkin_malfurion.lvl0	2257e512aae2f364be388dd4ff099311	5616
mods/heroes.stormmod/base.stormassets/assets/textures/storm_lootspray_static_pumpkin_ragnaros.dds	8180babef16d3786001dfb0431904ea8	87536
mods/heroes.stormmod/base.stormassets/assets/textures/storm_lootspray_static_pumpkin_ragnaros.lvl0	790129739b3051834bccb1d9daa7b429	5616
mods/heroes.stormmod/base.stormassets/assets/textures/storm_lootspray_static_pumpkin_rehgar.dds	77d382a1bac85047fff9fde42e4cde7b	87536
mods/heroes.stormmod/base.stormassets/assets/textures/storm_lootspray_static_pumpkin_rehgar.lvl0	151a776cd5c832bf6ea58d5055e2f49b	5616
mods/heroes.stormmod/base.stormassets/assets/textures/storm_lootspray_static_pumpkin_sgthammer.dds	bfdcecf2ad26e1a44faaf76108acc281	87536
mods/heroes.stormmod/base.stormassets/assets/textures/storm_lootspray_static_pumpkin_sgthammer.lvl0	56b41a50a6e56a38d07bb767543fcb71	5616
mods/heroes.stormmod/base.stormassets/assets/textures/storm_lootspray_static_pumpkin_uther.dds	eed379b277fb924c02070391274176b6	87536
mods/heroes.stormmod/base.stormassets/assets/textures/storm_lootspray_static_pumpkin_uther.lvl0	c19b7e3ff4e85a83104a6edf108e5832	5616
mods/heroes.stormmod/base.stormassets/assets/textures/storm_lootspray_static_pumpkin_valeera.dds	d6ac2dc767cd9a850df5e8c65a139625	87536
mods/heroes.stormmod/base.stormassets/assets/textures/storm_lootspray_static_pumpkin_valeera.lvl0	b32529153faf9c6d9f9df1070e2dc30a	5616
mods/heroes.stormmod/base.stormassets/assets/textures/storm_lootspray_static_pumpkin_valla.dds	a9757b88cc39744d65ff52f28a349839	87536
mods/heroes.stormmod/base.stormassets/assets/textures/storm_lootspray_static_pumpkin_valla.lvl0	fe46223ed8ae78b6f34bc7fbe330c537	5616
mods/heroes.stormmod/base.stormassets/assets/textures/storm_lootspray_static_roadrage_falstad.dds	d9120e73dd39dccd5d6e1564b3f9ea38	87536
mods/heroes.stormmod/base.stormassets/assets/textures/storm_lootspray_static_roadrage_falstad.lvl0	da24fed9cc2f1a681c321584e9f42999	5616
mods/heroes.stormmod/base.stormassets/assets/textures/storm_lootspray_static_roadrage_garrosh.dds	6c33cbad4b33e0dedbfb6eaa0df4c4de	87536
mods/heroes.stormmod/base.stormassets/assets/textures/storm_lootspray_static_roadrage_garrosh.lvl0	1879f4b77838b2ef364c0dec3c750dde	5616
mods/heroes.stormmod/base.stormassets/assets/textures/storm_lootspray_static_roadrage_gazlowe.dds	7f58a64d8fd84a74dbf7bc4c3e192aeb	87536
mods/heroes.stormmod/base.stormassets/assets/textures/storm_lootspray_static_roadrage_gazlowe.lvl0	bcde1c181ff8c4feaca043c7885b87d7	5616
mods/heroes.stormmod/base.stormassets/assets/textures/storm_lootspray_static_roadrage_ggwp.dds	e360a4373b2f41a2b6d46d17631162b4	87536
mods/heroes.stormmod/base.stormassets/assets/textures/storm_lootspray_static_roadrage_ggwp.lvl0	6c30ee9e4a3c5663a58c6a9e4d124c59	5616
mods/heroes.stormmod/base.stormassets/assets/textures/storm_lootspray_static_roadrage_illidan.dds	deb56d0fbe0d953c4950fcf33e5131ef	87536
mods/heroes.stormmod/base.stormassets/assets/textures/storm_lootspray_static_roadrage_illidan.lvl0	ea2a6764a4018754a4d957af814feef7	5616
mods/heroes.stormmod/base.stormassets/assets/textures/storm_lootspray_static_roadrage_leoric.dds	41b549138381c17208d025b94f810684	87536
mods/heroes.stormmod/base.stormassets/assets/textures/storm_lootspray_static_roadrage_leoric.lvl0	9240e3230826193c14bc6e871939f769	5616
mods/heroes.stormmod/base.stormassets/assets/textures/storm_lootspray_static_roadrage_madaxe.dds	1f4a25972805b2246a9e0963fb915d5a	87536
mods/heroes.stormmod/base.stormassets/assets/textures/storm_lootspray_static_roadrage_madaxe.lvl0	3bd9d19e7234558d984a366031cf769b	5616
mods/heroes.stormmod/base.stormassets/assets/textures/storm_lootspray_static_roadrage_samuro.dds	cb2afdbfdb878423db823629327b6279	87536
mods/heroes.stormmod/base.stormassets/assets/textures/storm_lootspray_static_roadrage_samuro.lvl0	d3bd0bb733f363c5ef058b70b2cd8f0a	5616
mods/heroes.stormmod/base.stormassets/assets/textures/storm_lootspray_static_roadrage_sgthammer.dds	2193cc3c0cc9f8c86810a51f81522204	87536
mods/heroes.stormmod/base.stormassets/assets/textures/storm_lootspray_static_roadrage_sgthammer.lvl0	8b56c51ec7ac99b4cbab57fe787f13b1	5616
mods/heroes.stormmod/base.stormassets/assets/textures/storm_lootspray_static_roadrage_skull.dds	e6dba57218b3f833a834d11f4bd3de4f	87536
mods/heroes.stormmod/base.stormassets/assets/textures/storm_lootspray_static_roadrage_skull.lvl0	6f3f41c6aee21f57ec7fb18572eee81f	5616
mods/heroes.stormmod/base.stormassets/assets/textures/storm_lootspray_static_roadrage_valla_cowgirl.dds	aa4406f4405c2e46d66cc7d8624a9473	87536
mods/heroes.stormmod/base.stormassets/assets/textures/storm_lootspray_static_roadrage_valla_cowgirl.lvl0	2a1cb4262851e8f8c6789299175e9a96	5616
mods/heroes.stormmod/base.stormassets/assets/textures/storm_lootspray_static_sc_anubarak_zerg.dds	5bd444c336c4eba374c9c67fc1a35991	87536
mods/heroes.stormmod/base.stormassets/assets/textures/storm_lootspray_static_sc_anubarak_zerg.lvl0	20e10b53a0443c5e8b096891605c1395	5616
mods/heroes.stormmod/base.stormassets/assets/textures/storm_lootspray_static_sc_etc_marine.dds	d22b921b583c134c753b1434add116a4	87536
mods/heroes.stormmod/base.stormassets/assets/textures/storm_lootspray_static_sc_etc_marine.lvl0	6caea33778ace8a848be9ce24275aebc	5616
mods/heroes.stormmod/base.stormassets/assets/textures/storm_lootspray_static_sc_illidan_spectre.dds	8c936602249ab68574df1f602aa722a2	87536
mods/heroes.stormmod/base.stormassets/assets/textures/storm_lootspray_static_sc_illidan_spectre.lvl0	0eecf33f09d7f9465987ddf8309dc387	5616
mods/heroes.stormmod/base.stormassets/assets/textures/storm_lootspray_static_sc_kerrigan_ghost.dds	53de3928e9898238444853849128f4f2	87536
mods/heroes.stormmod/base.stormassets/assets/textures/storm_lootspray_static_sc_kerrigan_ghost.lvl0	087dd6ecc555841cdb651da303530d47	5616
mods/heroes.stormmod/base.stormassets/assets/textures/storm_lootspray_static_sc_liming_templar.dds	ca596c6048600abd518d50571392382c	87536
mods/heroes.stormmod/base.stormassets/assets/textures/storm_lootspray_static_sc_liming_templar.lvl0	57e9402b89f0651b7add6b68e2c027d6	5616
mods/heroes.stormmod/base.stormassets/assets/textures/storm_lootspray_static_sc_ltmorales.dds	d798d5d6b9a4f7c1164ce6b6f0e6b3df	87536
mods/heroes.stormmod/base.stormassets/assets/textures/storm_lootspray_static_sc_ltmorales.lvl0	58c0bd3fccee9e467fed2653f4b12ba2	5616
mods/heroes.stormmod/base.stormassets/assets/textures/storm_lootspray_static_sc_muradin_marauder.dds	47b052c53cb94d214fabbc87b6f76b25	87536
mods/heroes.stormmod/base.stormassets/assets/textures/storm_lootspray_static_sc_muradin_marauder.lvl0	3f6f97155fddec652d3cf2a0fb451e85	5616
mods/heroes.stormmod/base.stormassets/assets/textures/storm_lootspray_static_sc_nova_spectre.dds	8937eaa104d16aed09d8f8497274a9fe	87536
mods/heroes.stormmod/base.stormassets/assets/textures/storm_lootspray_static_sc_nova_spectre.lvl0	1ccfd136a25f4baf310d826b5d35240d	5616
mods/heroes.stormmod/base.stormassets/assets/textures/storm_lootspray_static_sc_rexxar_marine.dds	55d66bd5d5dbec52a4c1d44f695609bc	87536
mods/heroes.stormmod/base.stormassets/assets/textures/storm_lootspray_static_sc_rexxar_marine.lvl0	7b3d83baee393e79b9152b199f7ddce0	5616
mods/heroes.stormmod/base.stormassets/assets/textures/storm_lootspray_static_sc_tychus_prisoner.dds	25179a5f0c950dfdcda0317a4ee5fc35	87536
mods/heroes.stormmod/base.stormassets/assets/textures/storm_lootspray_static_sc_tychus_prisoner.lvl0	ef976b5bea7e847011c934f644794c06	5616
mods/heroes.stormmod/base.stormassets/assets/textures/storm_lootspray_static_spooky18_chibi_alexstrasza.dds	3f75af0f6df1efdaea5800061370df21	87536
mods/heroes.stormmod/base.stormassets/assets/textures/storm_lootspray_static_spooky18_chibi_alexstrasza.lvl0	ac54156fe411a367202b6e341d7f31ac	5616
mods/heroes.stormmod/base.stormassets/assets/textures/storm_lootspray_static_spooky18_chibi_maiev.dds	186735804c881fe68ab9ef14623d767d	87536
mods/heroes.stormmod/base.stormassets/assets/textures/storm_lootspray_static_spooky18_chibi_maiev.lvl0	d34749d5924b65f1376fe27bd8992787	5616
mods/heroes.stormmod/base.stormassets/assets/textures/storm_lootspray_static_spooky18_chibi_ravenlord.dds	2cd764490a278bd21c2a0157938ac70f	87536
mods/heroes.stormmod/base.stormassets/assets/textures/storm_lootspray_static_spooky18_chibi_ravenlord.lvl0	78d63a969ea2ef9cb54bf3af03dd89bf	5616
mods/heroes.stormmod/base.stormassets/assets/textures/storm_lootspray_static_spooky18_chibi_whitemane.dds	b34346f7affd7c152636a43a90d3adab	87536
mods/heroes.stormmod/base.stormassets/assets/textures/storm_lootspray_static_spooky18_chibi_whitemane.lvl0	a24aa7589e24a8588cd95afb87f187b9	5616
mods/heroes.stormmod/base.stormassets/assets/textures/storm_lootspray_static_spooky18_chibi_zarya.dds	de1ba21733641921a1199c1fe9bfd097	87536
mods/heroes.stormmod/base.stormassets/assets/textures/storm_lootspray_static_spooky18_chibi_zarya.lvl0	50eb429b3be134288010707e8f43a689	5616
mods/heroes.stormmod/base.stormassets/assets/textures/storm_lootspray_static_spooky18_cursedhand.dds	d488a6536b2c81bb757962be371cea19	87536
mods/heroes.stormmod/base.stormassets/assets/textures/storm_lootspray_static_spooky18_cursedhand.lvl0	f143cb4cc3cd2c62e46885817bbcd076	5616
mods/heroes.stormmod/base.stormassets/assets/textures/storm_lootspray_static_spooky18_ladyofthorns.dds	1e56391c582d66a295b5e65fd66a38c7	87536
mods/heroes.stormmod/base.stormassets/assets/textures/storm_lootspray_static_spooky18_ladyofthorns.lvl0	f9eca82c69d5894e2c5c29ee25631da9	5616
mods/heroes.stormmod/base.stormassets/assets/textures/storm_lootspray_static_spooky18_ravenform.dds	be3dde3da6ce61cf81264e703053768a	87536
mods/heroes.stormmod/base.stormassets/assets/textures/storm_lootspray_static_spooky18_ravenform.lvl0	9bfbaf68e6d50f3f034bbd35619ac590	5616
mods/heroes.stormmod/base.stormassets/assets/textures/storm_lootspray_static_spooky18_ravenknight.dds	efdc8d294f6f94c4667c69aa3e1456d6	87536
mods/heroes.stormmod/base.stormassets/assets/textures/storm_lootspray_static_spooky18_ravenknight.lvl0	08c170f8c552737f045ad129421a79f6	5616
mods/heroes.stormmod/base.stormassets/assets/textures/storm_lootspray_static_spooky18_ravenlord.dds	6d21628140865addcf625c388492d615	87536
mods/heroes.stormmod/base.stormassets/assets/textures/storm_lootspray_static_spooky18_ravenlord.lvl0	c1a37a63e61ee54e7e4128c07f47cb18	5616
mods/heroes.stormmod/base.stormassets/assets/textures/storm_lootspray_static_spooky18_raventower.dds	1ac0c43f5afae21ccdba2ef07311712d	87536
mods/heroes.stormmod/base.stormassets/assets/textures/storm_lootspray_static_spooky18_raventower.lvl0	5808257de6da794061454dac306ad94d	5616
mods/heroes.stormmod/base.stormassets/assets/textures/storm_lootspray_static_spooky18_reward_alexstrasza.dds	617007310e5406f0c0d883681f0d74fd	87536
mods/heroes.stormmod/base.stormassets/assets/textures/storm_lootspray_static_spooky18_reward_alexstrasza.lvl0	ccbe867fc1b05eac73eb38c06c2d1cfc	5616
mods/heroes.stormmod/base.stormassets/assets/textures/storm_lootspray_static_spooky18_reward_maiev.dds	22ba700caaf29176b45725e7bfe0d8e7	87536
mods/heroes.stormmod/base.stormassets/assets/textures/storm_lootspray_static_spooky18_reward_maiev.lvl0	83a92e9ed0f4cb6787de468199b7ce2d	5616
mods/heroes.stormmod/base.stormassets/assets/textures/storm_lootspray_static_spooky18_reward_whitemane.dds	44af0385de91ab179d46c74b3169a161	87536
mods/heroes.stormmod/base.stormassets/assets/textures/storm_lootspray_static_spooky18_reward_whitemane.lvl0	21fd5b68246a99baebcedcc1a93334a2	5616
mods/heroes.stormmod/base.stormassets/assets/textures/storm_lootspray_static_spooky18_reward_zarya.dds	92dd9ecbd1e4ce8ee4a428dc3aeb2491	87536
mods/heroes.stormmod/base.stormassets/assets/textures/storm_lootspray_static_spooky18_reward_zarya.lvl0	e02176a76134378fc4128dee4f5f2570	5616
mods/heroes.stormmod/base.stormassets/assets/textures/storm_lootspray_static_spooky18_tombstone_garrosh.dds	2ed81cf6c3691034974d63b16936b7e3	87536
mods/heroes.stormmod/base.stormassets/assets/textures/storm_lootspray_static_spooky18_tombstone_garrosh.lvl0	296a2cd45d554909689d01666b1a857d	5616
mods/heroes.stormmod/base.stormassets/assets/textures/storm_lootspray_static_spooky18_tombstone_genji.dds	5c9b2c67a5f8b0e857c26ab8f8ab0479	87536
mods/heroes.stormmod/base.stormassets/assets/textures/storm_lootspray_static_spooky18_tombstone_genji.lvl0	e25383681cf84f7df0cf1c7ede01fe0d	5616
mods/heroes.stormmod/base.stormassets/assets/textures/storm_lootspray_static_spooky18_tombstone_jaina.dds	24490fa83af469c38d52fb197b450786	87536
mods/heroes.stormmod/base.stormassets/assets/textures/storm_lootspray_static_spooky18_tombstone_jaina.lvl0	4cea6084b7075a39d6eff03b4c62dc9f	5616
mods/heroes.stormmod/base.stormassets/assets/textures/storm_lootspray_static_spooky18_tombstone_johanna.dds	5a59280718397a1344dbf801be56e0fc	87536
mods/heroes.stormmod/base.stormassets/assets/textures/storm_lootspray_static_spooky18_tombstone_johanna.lvl0	2a4843c6da6a2a5a11ba35ffa1c4ba1e	5616
mods/heroes.stormmod/base.stormassets/assets/textures/storm_lootspray_static_spooky18_tombstone_stukov.dds	2f76d8ba0bed0e9025eec90948de5f97	87536
mods/heroes.stormmod/base.stormassets/assets/textures/storm_lootspray_static_spooky18_tombstone_stukov.lvl0	673896bd54a799e6b96db1c8d7a40f09	5616
mods/heroes.stormmod/base.stormassets/assets/textures/storm_lootspray_static_spring19_boar.dds	d01be6f96067d19e30634663c49d641e	87536
mods/heroes.stormmod/base.stormassets/assets/textures/storm_lootspray_static_spring19_boar.lvl0	2c7a06b766771a9413709f447161ff46	5616
mods/heroes.stormmod/base.stormassets/assets/textures/storm_lootspray_static_spring19_butcher.dds	fe44315dd5d61157bc7ac97c12968b77	87536
mods/heroes.stormmod/base.stormassets/assets/textures/storm_lootspray_static_spring19_butcher.lvl0	d2f150299bd96348f0edbbee80b94858	5616
mods/heroes.stormmod/base.stormassets/assets/textures/storm_lootspray_static_spring19_chromie.dds	2a424c5bc468bc5099f83bf92c36bc52	87536
mods/heroes.stormmod/base.stormassets/assets/textures/storm_lootspray_static_spring19_chromie.lvl0	2f97937f93f6a10578f0e139bd38cec4	5616
mods/heroes.stormmod/base.stormassets/assets/textures/storm_lootspray_static_spring19_cyber.dds	b317b5581b81d4f10184aaa5c4da06c0	87536
mods/heroes.stormmod/base.stormassets/assets/textures/storm_lootspray_static_spring19_cyber.lvl0	9a8f5869de7f7d20acbda29abd54a538	5616
mods/heroes.stormmod/base.stormassets/assets/textures/storm_lootspray_static_spring19_dragons.dds	2f33561b80d5aa1cab985ce815e3ffc4	87536
mods/heroes.stormmod/base.stormassets/assets/textures/storm_lootspray_static_spring19_dragons.lvl0	397462874527e97397015a3b2fd454d9	5616
mods/heroes.stormmod/base.stormassets/assets/textures/storm_lootspray_static_spring19_graffiti_chromie.dds	2a240ac430daac4208e395edab700644	87536
mods/heroes.stormmod/base.stormassets/assets/textures/storm_lootspray_static_spring19_graffiti_chromie.lvl0	4a8a62884aa46d7b5c85bb645115ae6a	5616
mods/heroes.stormmod/base.stormassets/assets/textures/storm_lootspray_static_spring19_graffiti_kharazim.dds	232077ff809a1b49ee4a34f4844d9c33	87536
mods/heroes.stormmod/base.stormassets/assets/textures/storm_lootspray_static_spring19_graffiti_kharazim.lvl0	de02f7fc06bce19dcec0c749d5767dd0	5616
mods/heroes.stormmod/base.stormassets/assets/textures/storm_lootspray_static_spring19_hologram_butcher.dds	be54c11586602873755651a96e00555d	87536
mods/heroes.stormmod/base.stormassets/assets/textures/storm_lootspray_static_spring19_hologram_butcher.lvl0	f9367db1b61689cf5be51e86347af115	5616
mods/heroes.stormmod/base.stormassets/assets/textures/storm_lootspray_static_spring19_hologram_kerrigan.dds	a3ba20df74f94065b37f45bb72e54acc	87536
mods/heroes.stormmod/base.stormassets/assets/textures/storm_lootspray_static_spring19_hologram_kerrigan.lvl0	165094aeb87e851d0e13e3523ab20ea2	5616
mods/heroes.stormmod/base.stormassets/assets/textures/storm_lootspray_static_spring19_hologram_probius.dds	9314a61ed9740db8334032fca5ea815d	87536
mods/heroes.stormmod/base.stormassets/assets/textures/storm_lootspray_static_spring19_hologram_probius.lvl0	5bec938a6daf3765ba1d9f34fcf78cd9	5616
mods/heroes.stormmod/base.stormassets/assets/textures/storm_lootspray_static_spring19_junkrat.dds	ad750511fb0f83f972f505c0e42e705b	87536
mods/heroes.stormmod/base.stormassets/assets/textures/storm_lootspray_static_spring19_junkrat.lvl0	7cfbf67467978553747ce0c2e55ac5a6	5616
mods/heroes.stormmod/base.stormassets/assets/textures/storm_lootspray_static_spring19_kharazim.dds	842dc829c4a81bf49c68831e96826266	87536
mods/heroes.stormmod/base.stormassets/assets/textures/storm_lootspray_static_spring19_kharazim.lvl0	000a16daa1d361824dae0a6d6be690de	5616
mods/heroes.stormmod/base.stormassets/assets/textures/storm_lootspray_static_spring19_lucio.dds	026baf356f486145f08aa4280a8618d5	87536
mods/heroes.stormmod/base.stormassets/assets/textures/storm_lootspray_static_spring19_lucio.lvl0	f904472b5dcdfc69eb99cd7413360e0d	5616
mods/heroes.stormmod/base.stormassets/assets/textures/storm_lootspray_static_spring19_orphea.dds	5e5f48516f0d57c1fdf6ad99773c7a48	87536
mods/heroes.stormmod/base.stormassets/assets/textures/storm_lootspray_static_spring19_orphea.lvl0	a14c4f28e21547b8f6f154bd96ae72f6	5616
mods/heroes.stormmod/base.stormassets/assets/textures/storm_lootspray_static_spring19_reward_cyber.dds	8a4e71590efb42bf8698fc8972c0286c	87536
mods/heroes.stormmod/base.stormassets/assets/textures/storm_lootspray_static_spring19_reward_cyber.lvl0	e2b7f07f8f427546c4497d08600c7794	5616
mods/heroes.stormmod/base.stormassets/assets/textures/storm_lootspray_static_spring19_reward_dragons.dds	9d101e389e98fa86745f5a3cad5ac8b9	87536
mods/heroes.stormmod/base.stormassets/assets/textures/storm_lootspray_static_spring19_reward_dragons.lvl0	7bea7c00acffb1cb34e7665caad10fbc	5616
mods/heroes.stormmod/base.stormassets/assets/textures/storm_lootspray_static_spring19_reward_tigers.dds	a6428aad6da7bfaebd100ac882652c3f	87536
mods/heroes.stormmod/base.stormassets/assets/textures/storm_lootspray_static_spring19_reward_tigers.lvl0	704a67af30f8497389bd12e6546d4e43	5616
mods/heroes.stormmod/base.stormassets/assets/textures/storm_lootspray_static_spring19_reward_turtles.dds	e25f803ded73ba93b2c7a48cbabe64b9	87536
mods/heroes.stormmod/base.stormassets/assets/textures/storm_lootspray_static_spring19_reward_turtles.lvl0	098e1520369423dacaac07ed3efb7a2d	5616
mods/heroes.stormmod/base.stormassets/assets/textures/storm_lootspray_static_spring19_tigers.dds	f773d31b937c12e2a9b614074e350226	87536
mods/heroes.stormmod/base.stormassets/assets/textures/storm_lootspray_static_spring19_tigers.lvl0	90c882389d25cb7d2a7e557c24686484	5616
mods/heroes.stormmod/base.stormassets/assets/textures/storm_lootspray_static_spring19_turtles.dds	ce9ab350b997baaca9f8e506004d13b5	87536
mods/heroes.stormmod/base.stormassets/assets/textures/storm_lootspray_static_spring19_turtles.lvl0	d5e9c4f60eece9a45e98f2d280a3a6cf	5616
mods/heroes.stormmod/base.stormassets/assets/textures/storm_lootspray_static_stylized_blaze.dds	b6378ddc98fad0124fb0b74c24c3ca61	87536
mods/heroes.stormmod/base.stormassets/assets/textures/storm_lootspray_static_stylized_blaze.lvl0	ecfe713b220d17b2e7f7662d99b1860f	5616
mods/heroes.stormmod/base.stormassets/assets/textures/storm_lootspray_static_stylized_chogall_corruptor.dds	e1628013db729f2d60410100e1d4060d	87536
mods/heroes.stormmod/base.stormassets/assets/textures/storm_lootspray_static_stylized_chogall_corruptor.lvl0	6ebd7b794f14e207b33298ff6128cadf	5616
mods/heroes.stormmod/base.stormassets/assets/textures/storm_lootspray_static_stylized_guldan_ultimate.dds	61592f2a6c15110b7ed7959d4149d8b9	87536
mods/heroes.stormmod/base.stormassets/assets/textures/storm_lootspray_static_stylized_guldan_ultimate.lvl0	fc13d0cf736f6c1ed051ebb25c38bfca	5616
mods/heroes.stormmod/base.stormassets/assets/textures/storm_lootspray_static_stylized_kelthuzad.dds	e61c5da09c5acedb822a57fbf3e84a82	87536
mods/heroes.stormmod/base.stormassets/assets/textures/storm_lootspray_static_stylized_kelthuzad.lvl0	fae58ac0debc6b5a79b64d13a3cb02b6	5616
mods/heroes.stormmod/base.stormassets/assets/textures/storm_lootspray_static_stylized_kharazim_tiger.dds	d08f18f14c8057e3e76a9024cd788b8c	87536
mods/heroes.stormmod/base.stormassets/assets/textures/storm_lootspray_static_stylized_kharazim_tiger.lvl0	7288d792529db321a0ec9ddda75fc7fa	5616
mods/heroes.stormmod/base.stormassets/assets/textures/storm_lootspray_static_stylized_maiev.dds	2290818fdde7e8164b41344949586299	87536
mods/heroes.stormmod/base.stormassets/assets/textures/storm_lootspray_static_stylized_maiev.lvl0	ace1b335566da1d7565894f22c044fb8	5616
mods/heroes.stormmod/base.stormassets/assets/textures/storm_lootspray_static_stylized_pachimari_abathur.dds	e22a569e99295d4c036bf13e60677c2c	87536
mods/heroes.stormmod/base.stormassets/assets/textures/storm_lootspray_static_stylized_pachimari_abathur.lvl0	a5b8ce03815957b31fefa60a0277ad5d	5616
mods/heroes.stormmod/base.stormassets/assets/textures/storm_lootspray_static_stylized_pachimari_alarak.dds	50e315add6043fa7b2819473f8dad1bb	87536
mods/heroes.stormmod/base.stormassets/assets/textures/storm_lootspray_static_stylized_pachimari_alarak.lvl0	e9bc6ef21a76634af58df25652687110	5616
mods/heroes.stormmod/base.stormassets/assets/textures/storm_lootspray_static_stylized_pachimari_deathwing.dds	8f2ea17497fc7deef85778f5cc5f8859	87536
mods/heroes.stormmod/base.stormassets/assets/textures/storm_lootspray_static_stylized_pachimari_deathwing.lvl0	30e7f2b215dc410f53a00be6b5f8ab17	5616
mods/heroes.stormmod/base.stormassets/assets/textures/storm_lootspray_static_stylized_pachimari_diablo.dds	af2aad72392cedb553baee76169030eb	87536
mods/heroes.stormmod/base.stormassets/assets/textures/storm_lootspray_static_stylized_pachimari_diablo.lvl0	6cbfd6bebd34a3680988c3005e1b3812	5616
mods/heroes.stormmod/base.stormassets/assets/textures/storm_lootspray_static_stylized_pachimari_guldan.dds	3ccad1f54dfa28866470c733ddf037e7	87536
mods/heroes.stormmod/base.stormassets/assets/textures/storm_lootspray_static_stylized_pachimari_guldan.lvl0	948ae52f5b2330787b7eb0346da16dcd	5616
mods/heroes.stormmod/base.stormassets/assets/textures/storm_lootspray_static_stylized_pachimari_illidan.dds	8997786d0bf7fa54beb995af96074ce3	87536
mods/heroes.stormmod/base.stormassets/assets/textures/storm_lootspray_static_stylized_pachimari_illidan.lvl0	97c64eb8c43a84b55a558115ff45630b	5616
mods/heroes.stormmod/base.stormassets/assets/textures/storm_lootspray_static_stylized_pachimari_jaina.dds	f8183ecf51f1caa02b2dcb2a419403fb	87536
mods/heroes.stormmod/base.stormassets/assets/textures/storm_lootspray_static_stylized_pachimari_jaina.lvl0	a1a01dc62d46fe1382e79a2be096fb52	5616
mods/heroes.stormmod/base.stormassets/assets/textures/storm_lootspray_static_stylized_pachimari_murloc.dds	bb584ef091a6b9eff463e55f2327339f	87536
mods/heroes.stormmod/base.stormassets/assets/textures/storm_lootspray_static_stylized_pachimari_murloc.lvl0	ed04ca323fd1b05dcac7161e580b4ce3	5616
mods/heroes.stormmod/base.stormassets/assets/textures/storm_lootspray_static_stylized_pachimari_nazeebo.dds	2de4f2656e8770d72061c4925e749d74	87536
mods/heroes.stormmod/base.stormassets/assets/textures/storm_lootspray_static_stylized_pachimari_nazeebo.lvl0	b4d277dfd1d265210e835ca2c08900d1	5616
mods/heroes.stormmod/base.stormassets/assets/textures/storm_lootspray_static_stylized_pachimari_ragnaros.dds	bc76760d0bd8b64b474a6d2614185940	87536
mods/heroes.stormmod/base.stormassets/assets/textures/storm_lootspray_static_stylized_pachimari_ragnaros.lvl0	d22419f8390d32c81d2cb2ffc637fb85	5616
mods/heroes.stormmod/base.stormassets/assets/textures/storm_lootspray_static_stylized_pachimari_stitches.dds	e8a6db3c307c661e2cbc316fdac1ff72	87536
mods/heroes.stormmod/base.stormassets/assets/textures/storm_lootspray_static_stylized_pachimari_stitches.lvl0	f3081cab5255b8a23149b4bbe410a911	5616
mods/heroes.stormmod/base.stormassets/assets/textures/storm_lootspray_static_stylized_pachimari_tyrael.dds	23a85ecaaa184f4783717f63a0f4d973	87536
mods/heroes.stormmod/base.stormassets/assets/textures/storm_lootspray_static_stylized_pachimari_tyrael.lvl0	59e802ffe9a2c9aa6510d4a23e5bb2f8	5616
mods/heroes.stormmod/base.stormassets/assets/textures/storm_lootspray_static_stylized_pachimarigold_achievement.dds	1bc5579057e906678b97304a1180831d	87536
mods/heroes.stormmod/base.stormassets/assets/textures/storm_lootspray_static_stylized_pachimarigold_achievement.lvl0	b617e8397c8f2ee4ebad5fa631ca18ca	5616
mods/heroes.stormmod/base.stormassets/assets/textures/storm_lootspray_static_stylized_samuro_monkeyking.dds	08c8503fe25f16a41faa5e3a94df515a	87536
mods/heroes.stormmod/base.stormassets/assets/textures/storm_lootspray_static_stylized_samuro_monkeyking.lvl0	cb690c3d26e5b370b71846aa200df22d	5616
mods/heroes.stormmod/base.stormassets/assets/textures/storm_lootspray_static_summer20_diablohotsauce.dds	51fb8c806d99196ab4e2a4565c0930db	87536
mods/heroes.stormmod/base.stormassets/assets/textures/storm_lootspray_static_summer20_diablohotsauce.lvl0	080e8a63542c9220dadd71a1cd2d2a83	5616
mods/heroes.stormmod/base.stormassets/assets/textures/storm_lootspray_static_summer20_etc.dds	f4c36b5bed7cabbc8ae83a1f3ca36547	87536
mods/heroes.stormmod/base.stormassets/assets/textures/storm_lootspray_static_summer20_etc.lvl0	522841031c5a8c8bfe9cff21fabcfc6b	5616
mods/heroes.stormmod/base.stormassets/assets/textures/storm_lootspray_static_summer20_hefe.dds	be65ad6303f25f15d84b12eb7ebce480	87536
mods/heroes.stormmod/base.stormassets/assets/textures/storm_lootspray_static_summer20_hefe.lvl0	3baa6ca425af6b6b8ba429f685e9b3e5	5616
mods/heroes.stormmod/base.stormassets/assets/textures/storm_lootspray_static_summer20_jaina.dds	3f911dbcf5f62eddb4af6978fcca835f	87536
mods/heroes.stormmod/base.stormassets/assets/textures/storm_lootspray_static_summer20_jaina.lvl0	541023e0e02d8a591ab4a998240db45c	5616
mods/heroes.stormmod/base.stormassets/assets/textures/storm_lootspray_static_summer20_kharazim.dds	9cd69996294fa281ae99ce61ae6fefbf	87536
mods/heroes.stormmod/base.stormassets/assets/textures/storm_lootspray_static_summer20_kharazim.lvl0	7bd94873794462d6843721b9b964fcc6	5616
mods/heroes.stormmod/base.stormassets/assets/textures/storm_lootspray_static_summer20_mouse.dds	053e8df4b38713379a7fa618a91caad7	87536
mods/heroes.stormmod/base.stormassets/assets/textures/storm_lootspray_static_summer20_mouse.lvl0	d74e3e214523881661840e3be1518ce3	5616
mods/heroes.stormmod/base.stormassets/assets/textures/storm_lootspray_static_summer20_mousetrap.dds	9e99890c896c8b193f2a82e3d4c3e392	87536
mods/heroes.stormmod/base.stormassets/assets/textures/storm_lootspray_static_summer20_mousetrap.lvl0	a2051212e708052d58d6125367bee938	5616
mods/heroes.stormmod/base.stormassets/assets/textures/storm_lootspray_static_summer20_murkytaco.dds	9ba37b7dba3b162030890837f7b50652	87536
mods/heroes.stormmod/base.stormassets/assets/textures/storm_lootspray_static_summer20_murkytaco.lvl0	7e842bfbca14b399a1772249e3da3f1d	5616
mods/heroes.stormmod/base.stormassets/assets/textures/storm_lootspray_static_summer20_sandbag.dds	5bfab70826f2b8623e272d22f524ed6a	87536
mods/heroes.stormmod/base.stormassets/assets/textures/storm_lootspray_static_summer20_sandbag.lvl0	5768df05793268c5a5b0878e5627b724	5616
mods/heroes.stormmod/base.stormassets/assets/textures/storm_lootspray_static_summer20_sonya.dds	4a0dd1c0518e4a701311c42c66f2922a	87536
mods/heroes.stormmod/base.stormassets/assets/textures/storm_lootspray_static_summer20_sonya.lvl0	7c04cf015002ad30d560eebb5ab25921	5616
mods/heroes.stormmod/base.stormassets/assets/textures/storm_lootspray_static_summer_2018_arthas.dds	b424b4ce6e22d4e9c283ed3ba676e577	87536
mods/heroes.stormmod/base.stormassets/assets/textures/storm_lootspray_static_summer_2018_arthas.lvl0	e2c4226ef9e9235c1cf5afbde4dbbf7e	5616
mods/heroes.stormmod/base.stormassets/assets/textures/storm_lootspray_static_summer_2018_junkrat.dds	3fa3504aeaaf7b11577956cbc3c38ad7	87536
mods/heroes.stormmod/base.stormassets/assets/textures/storm_lootspray_static_summer_2018_junkrat.lvl0	e71ed2e9bf70799f5de560233037cdf1	5616
mods/heroes.stormmod/base.stormassets/assets/textures/storm_lootspray_static_summer_2018_kerrigan.dds	0f8703d39240beb1e9061721eedccc97	87536
mods/heroes.stormmod/base.stormassets/assets/textures/storm_lootspray_static_summer_2018_kerrigan.lvl0	d64834dd3eda876ef10cdc1c3a6bc8e4	5616
mods/heroes.stormmod/base.stormassets/assets/textures/storm_lootspray_static_summer_2018_quest_lunara_armwrestling.dds	03829c34212eec0469cfab04fbc2d0d2	87536
mods/heroes.stormmod/base.stormassets/assets/textures/storm_lootspray_static_summer_2018_quest_lunara_armwrestling.lvl0	7c5abfa6fe57193fbd3369efd2d21e5f	5616
mods/heroes.stormmod/base.stormassets/assets/textures/storm_lootspray_static_summer_2018_quest_sonya_armwrestling.dds	88fa24839aff469100dd2c4790da1fe2	87536
mods/heroes.stormmod/base.stormassets/assets/textures/storm_lootspray_static_summer_2018_quest_sonya_armwrestling.lvl0	64a08e378abcc733eff128e014c4e263	5616
mods/heroes.stormmod/base.stormassets/assets/textures/storm_lootspray_static_summer_2018_raynor.dds	5e3bd83974566b7a24458e23ad3f2dba	87536
mods/heroes.stormmod/base.stormassets/assets/textures/storm_lootspray_static_summer_2018_raynor.lvl0	1ab3dc25767cfb9c43f7bf1f930c9668	5616
mods/heroes.stormmod/base.stormassets/assets/textures/storm_lootspray_static_summer_2018_thrall.dds	86962c4741343d8c1e0a30e0fb7448b0	87536
mods/heroes.stormmod/base.stormassets/assets/textures/storm_lootspray_static_summer_2018_thrall.lvl0	25ccc6746669f3145b11b36623964099	5616
mods/heroes.stormmod/base.stormassets/assets/textures/storm_lootspray_static_summer_chromie.dds	71afca2323b6b2552e1aa921dec3ec00	87536
mods/heroes.stormmod/base.stormassets/assets/textures/storm_lootspray_static_summer_chromie.lvl0	aa111e2435a638b934d8c7c4e3eb3043	5616
mods/heroes.stormmod/base.stormassets/assets/textures/storm_lootspray_static_summer_greymane.dds	c3a4fccbf20a76a0ba872fb79ece88d6	87536
mods/heroes.stormmod/base.stormassets/assets/textures/storm_lootspray_static_summer_greymane.lvl0	069453ddb2cecd55f4295c9414079db7	5616
mods/heroes.stormmod/base.stormassets/assets/textures/storm_lootspray_static_summer_johanna.dds	1b7e034f1cd84cf073a9627bf5b38559	87536
mods/heroes.stormmod/base.stormassets/assets/textures/storm_lootspray_static_summer_johanna.lvl0	05f55960a6b4135179ef0c962d4e02e2	5616
mods/heroes.stormmod/base.stormassets/assets/textures/storm_lootspray_static_summer_kaelthas.dds	a23e55d68601fa957ccacaa34ec3990b	87536
mods/heroes.stormmod/base.stormassets/assets/textures/storm_lootspray_static_summer_kaelthas.lvl0	f76d113ef54b2cdc02cf46667ee22fc4	5616
mods/heroes.stormmod/base.stormassets/assets/textures/storm_lootspray_static_summer_lostvikings.dds	f762125459eb52ceb8e9ef84a4e37358	87536
mods/heroes.stormmod/base.stormassets/assets/textures/storm_lootspray_static_summer_lostvikings.lvl0	357682f52c6991a28b3a5d80ef55cd0f	5616
mods/heroes.stormmod/base.stormassets/assets/textures/storm_lootspray_static_summer_malthael.dds	8653d43c41a3ab1de52322afa0127dbf	87536
mods/heroes.stormmod/base.stormassets/assets/textures/storm_lootspray_static_summer_malthael.lvl0	698f155967a88f4edd6a04885fc1d33a	5616
mods/heroes.stormmod/base.stormassets/assets/textures/storm_lootspray_static_summer_stitches_bikini.dds	76fea25cf78d5658e5a22607d2b04886	87536
mods/heroes.stormmod/base.stormassets/assets/textures/storm_lootspray_static_summer_stitches_bikini.lvl0	50f4f3f6617f86e2b4a5fc796232af41	5616
mods/heroes.stormmod/base.stormassets/assets/textures/storm_lootspray_static_summer_tiki.dds	c75b701932f3ec71b66a6a2751e5c8fa	87536
mods/heroes.stormmod/base.stormassets/assets/textures/storm_lootspray_static_summer_tiki.lvl0	f31e813f136bcbf17373f9d519e199ef	5616
mods/heroes.stormmod/base.stormassets/assets/textures/storm_lootspray_static_summer_tracer_watergun.dds	a71f7a3cd189ac418cceaa9ba3a0177a	87536
mods/heroes.stormmod/base.stormassets/assets/textures/storm_lootspray_static_summer_tracer_watergun.lvl0	9e9018733ed967a5af429d3b40255804	5616
mods/heroes.stormmod/base.stormassets/assets/textures/storm_lootspray_static_summer_uther.dds	737aa066759f194e146793b525c4100d	87536
mods/heroes.stormmod/base.stormassets/assets/textures/storm_lootspray_static_summer_uther.lvl0	ca908f43593acb007b7594164d758759	5616
mods/heroes.stormmod/base.stormassets/assets/textures/storm_lootspray_static_summer_valeera.dds	297409e1932af605ea1e3635580284d9	87536
mods/heroes.stormmod/base.stormassets/assets/textures/storm_lootspray_static_summer_valeera.lvl0	8a3bf25606a69c74e7835c2f153a16d6	5616
mods/heroes.stormmod/base.stormassets/assets/textures/storm_lootspray_static_summer_xul.dds	6ed8a3f317a8df95cf1425de57a17b52	87536
mods/heroes.stormmod/base.stormassets/assets/textures/storm_lootspray_static_summer_xul.lvl0	eab7b56edb6778a90a8e1f73da27cf61	5616
mods/heroes.stormmod/base.stormassets/assets/textures/storm_lootspray_static_tattoo_alexstrasza.dds	77e2a82f019c08775307bb62e9caf577	87536
mods/heroes.stormmod/base.stormassets/assets/textures/storm_lootspray_static_tattoo_alexstrasza.lvl0	18ad6ea935f7861cb6bfef910de8f8bd	5616
mods/heroes.stormmod/base.stormassets/assets/textures/storm_lootspray_static_tattoo_brightwing.dds	1c8d4e91b13827634f18eb8903cc4b2f	87536
mods/heroes.stormmod/base.stormassets/assets/textures/storm_lootspray_static_tattoo_brightwing.lvl0	08580b977e79acf07fe96a9b248f7ff9	5616
mods/heroes.stormmod/base.stormassets/assets/textures/storm_lootspray_static_tattoo_diablo.dds	c7ad60ff21c8f21dd203847ba0dbbda5	87536
mods/heroes.stormmod/base.stormassets/assets/textures/storm_lootspray_static_tattoo_diablo.lvl0	cbb4357ae970c3d757012f428980f848	5616
mods/heroes.stormmod/base.stormassets/assets/textures/storm_lootspray_static_tattoo_kerrigan_ghost.dds	7d88be12229a20398e8aad794e5df8b5	87536
mods/heroes.stormmod/base.stormassets/assets/textures/storm_lootspray_static_tattoo_kerrigan_ghost.lvl0	1ac1b4b1e399b046c7dabb582c994853	5616
mods/heroes.stormmod/base.stormassets/assets/textures/storm_lootspray_static_tattoo_leoric.dds	fbb67786f923228ad55769f25af31dca	87536
mods/heroes.stormmod/base.stormassets/assets/textures/storm_lootspray_static_tattoo_leoric.lvl0	2443c273ff5d65f56c95daec51bb0906	5616
mods/heroes.stormmod/base.stormassets/assets/textures/storm_lootspray_static_tattoo_stukov.dds	dc3fa353a4afa766234ac930a01f6c7a	87536
mods/heroes.stormmod/base.stormassets/assets/textures/storm_lootspray_static_tattoo_stukov.lvl0	7fc8169a31329d8a0284a7a901eda209	5616
mods/heroes.stormmod/base.stormassets/assets/textures/storm_lootspray_static_tattoo_tyrande_sentinel.dds	1a9b4da4f137133cbc12588edeb69382	87536
mods/heroes.stormmod/base.stormassets/assets/textures/storm_lootspray_static_tattoo_tyrande_sentinel.lvl0	0ffc3531896bb6895ba805a94a2d9a18	5616
mods/heroes.stormmod/base.stormassets/assets/textures/storm_lootspray_static_tattoo_valla.dds	b6b9bfeab4ac91f9f3a9356be3283a5e	87536
mods/heroes.stormmod/base.stormassets/assets/textures/storm_lootspray_static_tattoo_valla.lvl0	6bb9305b69f6fd74f081bd5410a4cce4	5616
mods/heroes.stormmod/base.stormassets/assets/textures/storm_lootspray_static_tattoo_xul_classic.dds	b59a6f91672a16ea8a82e1572d061cc8	87536
mods/heroes.stormmod/base.stormassets/assets/textures/storm_lootspray_static_tattoo_xul_classic.lvl0	6d990bd7fcccd882ab96612448c103e0	5616
mods/heroes.stormmod/base.stormassets/assets/textures/storm_lootspray_static_toon_alexstrasza_dark.dds	594b6fe807aaaf731c517a3d7db729aa	87536
mods/heroes.stormmod/base.stormassets/assets/textures/storm_lootspray_static_toon_alexstrasza_dark.lvl0	6e1c3af7510402abf8b08ad98174c504	5616
mods/heroes.stormmod/base.stormassets/assets/textures/storm_lootspray_static_toon_blaze.dds	97018c2c04ef97d80b6ee71b76dd67bd	87536
mods/heroes.stormmod/base.stormassets/assets/textures/storm_lootspray_static_toon_blaze.lvl0	58ccfce5f0e74fd2b7f765d8fac64806	5616
mods/heroes.stormmod/base.stormassets/assets/textures/storm_lootspray_static_toon_brightwing_monkey.dds	d6b5602d6914048ca87b5eedc4bc3288	87536
mods/heroes.stormmod/base.stormassets/assets/textures/storm_lootspray_static_toon_brightwing_monkey.lvl0	ddbdd1cf660d538d358a17a7794fcee9	5616
mods/heroes.stormmod/base.stormassets/assets/textures/storm_lootspray_static_toon_dva_destroyer.dds	ab1c7fb97ecc702206dd717bfd68a249	87536
mods/heroes.stormmod/base.stormassets/assets/textures/storm_lootspray_static_toon_dva_destroyer.lvl0	f06b0ea336f13c832caba194bbfc6691	5616
mods/heroes.stormmod/base.stormassets/assets/textures/storm_lootspray_static_toon_guldan.dds	cdc8dc5abccf54313cb16028c84c54c2	87536
mods/heroes.stormmod/base.stormassets/assets/textures/storm_lootspray_static_toon_guldan.lvl0	4d6b48ad5f24ab48336bf76c882b18ac	5616
mods/heroes.stormmod/base.stormassets/assets/textures/storm_lootspray_static_toon_hammer.dds	97668cb998847570fafcca5230ffcaba	87536
mods/heroes.stormmod/base.stormassets/assets/textures/storm_lootspray_static_toon_hammer.lvl0	5c1a98c8b25c0d6046ffb8ec83e37c93	5616
mods/heroes.stormmod/base.stormassets/assets/textures/storm_lootspray_static_toon_junkrat.dds	27fdbb4980fa60a737d1283eae167e38	87536
mods/heroes.stormmod/base.stormassets/assets/textures/storm_lootspray_static_toon_junkrat.lvl0	661c36f721d1e97218b2816732246c76	5616
mods/heroes.stormmod/base.stormassets/assets/textures/storm_lootspray_static_toon_kerrigan_cheerleader.dds	b2594f2c33266db0778eab450ff03131	87536
mods/heroes.stormmod/base.stormassets/assets/textures/storm_lootspray_static_toon_kerrigan_cheerleader.lvl0	a3ad35e924b8720e0521fc6cf72e001a	5616
mods/heroes.stormmod/base.stormassets/assets/textures/storm_lootspray_static_toon_lunara.dds	fe3ad0cc703dc18119c12ca03ee76b90	87536
mods/heroes.stormmod/base.stormassets/assets/textures/storm_lootspray_static_toon_lunara.lvl0	dc430fc1c6036301ed1088afe8b2bc97	5616
mods/heroes.stormmod/base.stormassets/assets/textures/storm_lootspray_static_toon_mephisto.dds	42d19e8973dec49eae0ad2b00394822d	87536
mods/heroes.stormmod/base.stormassets/assets/textures/storm_lootspray_static_toon_mephisto.lvl0	bf42b3f8069c7eb85a7197ae77a3e9ef	5616
mods/heroes.stormmod/base.stormassets/assets/textures/storm_lootspray_static_toon_murky.dds	f1984c3718e44ce113f0022ecad9b080	87536
mods/heroes.stormmod/base.stormassets/assets/textures/storm_lootspray_static_toon_murky.lvl0	2a4d06716753431fb4ee250101738184	5616
mods/heroes.stormmod/base.stormassets/assets/textures/storm_lootspray_static_toon_ragnaros_lil.dds	80bb32269735b7cce7e38bf4be0629f5	87536
mods/heroes.stormmod/base.stormassets/assets/textures/storm_lootspray_static_toon_ragnaros_lil.lvl0	4f99be7d74afec5639b071aad6f5aff3	5616
mods/heroes.stormmod/base.stormassets/assets/textures/storm_lootspray_static_toon_ravenlord.dds	df7811c5549b45951b0841ac187334cc	87536
mods/heroes.stormmod/base.stormassets/assets/textures/storm_lootspray_static_toon_ravenlord.lvl0	c32f4fe4de9f28f76ed1edae4a7991e6	5616
mods/heroes.stormmod/base.stormassets/assets/textures/storm_lootspray_static_toon_stitches.dds	fc823555520ee73ccd7fb1c80084edb7	87536
mods/heroes.stormmod/base.stormassets/assets/textures/storm_lootspray_static_toon_stitches.lvl0	1d348390cf74c7ce1ede72b059f9e554	5616
mods/heroes.stormmod/base.stormassets/assets/textures/storm_lootspray_static_toys18_action_dva.dds	7f066b96bdd1da39ab7bc9c2e8f84a9a	87536
mods/heroes.stormmod/base.stormassets/assets/textures/storm_lootspray_static_toys18_action_dva.lvl0	a757384b549e54f9911560c15eb843d1	5616
mods/heroes.stormmod/base.stormassets/assets/textures/storm_lootspray_static_toys18_action_liming.dds	30a851ce64085ffa08c7592fc95c211e	87536
mods/heroes.stormmod/base.stormassets/assets/textures/storm_lootspray_static_toys18_action_liming.lvl0	d4d77be44091d30164d41359dafc679d	5616
mods/heroes.stormmod/base.stormassets/assets/textures/storm_lootspray_static_toys18_action_varian.dds	0c28a6b9d7ddd986f6a4601131bb76e2	87536
mods/heroes.stormmod/base.stormassets/assets/textures/storm_lootspray_static_toys18_action_varian.lvl0	e29ea523e6df7329835151865841149c	5616
mods/heroes.stormmod/base.stormassets/assets/textures/storm_lootspray_static_toys18_cat_reward.dds	3765fc23606237ee0fa7b4884381ecce	87536
mods/heroes.stormmod/base.stormassets/assets/textures/storm_lootspray_static_toys18_cat_reward.lvl0	04f7e6ff59dfe7673b9eb2be358a2396	5616
mods/heroes.stormmod/base.stormassets/assets/textures/storm_lootspray_static_toys18_chen_barrel.dds	a6adc299ba1f0269b6282b08bffd0a9b	87536
mods/heroes.stormmod/base.stormassets/assets/textures/storm_lootspray_static_toys18_chen_barrel.lvl0	fbab079fc9f390df65ec2b51f4f49e0e	5616
mods/heroes.stormmod/base.stormassets/assets/textures/storm_lootspray_static_toys18_chibi_cat.dds	699240942f58f707b4971b2d75cf1a41	87536
mods/heroes.stormmod/base.stormassets/assets/textures/storm_lootspray_static_toys18_chibi_cat.lvl0	e55aba13f9f7d7afed3d977d521e0917	5616
mods/heroes.stormmod/base.stormassets/assets/textures/storm_lootspray_static_toys18_chibi_dehaka.dds	d822a4bbacbcb34b8c29ed796f8322c3	87536
mods/heroes.stormmod/base.stormassets/assets/textures/storm_lootspray_static_toys18_chibi_dehaka.lvl0	ab56252ffd55743c61d83a899b7436d2	5616
mods/heroes.stormmod/base.stormassets/assets/textures/storm_lootspray_static_toys18_chibi_stitches.dds	ec85fa415bb113c7456fc245cb170513	87536
mods/heroes.stormmod/base.stormassets/assets/textures/storm_lootspray_static_toys18_chibi_stitches.lvl0	954978803eea7a3a0710edabd7cdd4d8	5616
mods/heroes.stormmod/base.stormassets/assets/textures/storm_lootspray_static_toys18_chibi_valeera.dds	9aa700ff7226afa9076d10957cec13ce	87536
mods/heroes.stormmod/base.stormassets/assets/textures/storm_lootspray_static_toys18_chibi_valeera.lvl0	742eb9ec5ee6910e4cf9fa5828c2522a	5616
mods/heroes.stormmod/base.stormassets/assets/textures/storm_lootspray_static_toys18_dehaka_reward.dds	e09b747933e21796922a0777d1b64342	87536
mods/heroes.stormmod/base.stormassets/assets/textures/storm_lootspray_static_toys18_dehaka_reward.lvl0	596682a8a58952479385671bf425f1c6	5616
mods/heroes.stormmod/base.stormassets/assets/textures/storm_lootspray_static_toys18_puppet_auriel.dds	1aeaf3b9d88f3139a639216246a62eb5	87536
mods/heroes.stormmod/base.stormassets/assets/textures/storm_lootspray_static_toys18_puppet_auriel.lvl0	c8796a5e37746b3ddf28c63efe85a9f2	5616
mods/heroes.stormmod/base.stormassets/assets/textures/storm_lootspray_static_toys18_puppet_jaina.dds	4592831358728b1eef6f5dd92f59850f	87536
mods/heroes.stormmod/base.stormassets/assets/textures/storm_lootspray_static_toys18_puppet_jaina.lvl0	54393c4e38110fe15fa35a5cbe8cac7b	5616
mods/heroes.stormmod/base.stormassets/assets/textures/storm_lootspray_static_toys18_puppet_kaelthas.dds	c3158fd66e854048916b5a789dc0a29e	87536
mods/heroes.stormmod/base.stormassets/assets/textures/storm_lootspray_static_toys18_puppet_kaelthas.lvl0	13e56d5913334d64427bbc55deae11d9	5616
mods/heroes.stormmod/base.stormassets/assets/textures/storm_lootspray_static_toys18_puppet_kerrigan.dds	d4732e6c740097434c07b63caa5a0634	87536
mods/heroes.stormmod/base.stormassets/assets/textures/storm_lootspray_static_toys18_puppet_kerrigan.lvl0	e7f14cb18fb3b2ef8f3124a17e135059	5616
mods/heroes.stormmod/base.stormassets/assets/textures/storm_lootspray_static_toys18_puppet_nazeebo.dds	f50195ff6071cb464966e77450629ab3	87536
mods/heroes.stormmod/base.stormassets/assets/textures/storm_lootspray_static_toys18_puppet_nazeebo.lvl0	a9160b46a0c2688b9e8e77ca130e2ee6	5616
mods/heroes.stormmod/base.stormassets/assets/textures/storm_lootspray_static_toys18_puppet_sylvanas.dds	e248c7027efe8e4cfd0008eccdc2e76b	87536
mods/heroes.stormmod/base.stormassets/assets/textures/storm_lootspray_static_toys18_puppet_sylvanas.lvl0	2adff95623838c6e9632ee7e0b843a55	5616
mods/heroes.stormmod/base.stormassets/assets/textures/storm_lootspray_static_toys18_stitches_reward.dds	aa410e1f8ab338921250492461425de2	87536
mods/heroes.stormmod/base.stormassets/assets/textures/storm_lootspray_static_toys18_stitches_reward.lvl0	38a38ec4fefea21968aeb474dcbd01a2	5616
mods/heroes.stormmod/base.stormassets/assets/textures/storm_lootspray_static_toys18_unicorn_reward.dds	ab8276dcf7137e190d2e21c84086790a	87536
mods/heroes.stormmod/base.stormassets/assets/textures/storm_lootspray_static_toys18_unicorn_reward.lvl0	01c5b99733a55b9eac50398aba4ff758	5616
mods/heroes.stormmod/base.stormassets/assets/textures/storm_lootspray_static_toys18_valeera_reward.dds	9a028e87b41aebefe6d6811c72a0d5e1	87536
mods/heroes.stormmod/base.stormassets/assets/textures/storm_lootspray_static_toys18_valeera_reward.lvl0	1be8896eea04ddf8c5871e15d744dcb6	5616
mods/heroes.stormmod/base.stormassets/assets/textures/storm_lootspray_static_toys18_weapon_genji.dds	d42e112d98361229e203585c216aee96	87536
mods/heroes.stormmod/base.stormassets/assets/textures/storm_lootspray_static_toys18_weapon_genji.lvl0	830fb8b53c6b5fc17288b433e59ce77f	5616
mods/heroes.stormmod/base.stormassets/assets/textures/storm_lootspray_static_toys18_weapon_hanzo.dds	11174d6e5ac475eb2cfc6c28e8171097	87536
mods/heroes.stormmod/base.stormassets/assets/textures/storm_lootspray_static_toys18_weapon_hanzo.lvl0	54869c3a76742038e2be5dd68b4948a8	5616
mods/heroes.stormmod/base.stormassets/assets/textures/storm_lootspray_static_toys18_weapon_illidan.dds	327a770b027ea44d5a169e10498013b8	87536
mods/heroes.stormmod/base.stormassets/assets/textures/storm_lootspray_static_toys18_weapon_illidan.lvl0	653e171073cce5ff8db34f452840b5ec	5616
mods/heroes.stormmod/base.stormassets/assets/textures/storm_lootspray_static_toys18_weapon_varian.dds	3b9845e892e2c883e318b65378a9f376	87536
mods/heroes.stormmod/base.stormassets/assets/textures/storm_lootspray_static_toys18_weapon_varian.lvl0	cfdb26e4b1280b5dfba304f3fac0a117	5616
mods/heroes.stormmod/base.stormassets/assets/textures/storm_lootspray_static_toys19_armymanraynor.dds	dea996f869bf8f8bdfae98355f4b7ee6	87536
mods/heroes.stormmod/base.stormassets/assets/textures/storm_lootspray_static_toys19_armymanraynor.lvl0	4b0d97e9c2a59ad281f027737b75f7e6	5616
mods/heroes.stormmod/base.stormassets/assets/textures/storm_lootspray_static_toys19_badge_deathwing.dds	dab7d558e4901f0482c909b93bb9929a	87536
mods/heroes.stormmod/base.stormassets/assets/textures/storm_lootspray_static_toys19_badge_deathwing.lvl0	2eb98faa38e667ddf8d97fce2dd246af	5616
mods/heroes.stormmod/base.stormassets/assets/textures/storm_lootspray_static_toys19_badge_leoric.dds	02d0e6fda2e1b62c2e2ceefaf77e3fdf	87536
mods/heroes.stormmod/base.stormassets/assets/textures/storm_lootspray_static_toys19_badge_leoric.lvl0	1ab64a5b8e05f2d25c5010277fbd6ba3	5616
mods/heroes.stormmod/base.stormassets/assets/textures/storm_lootspray_static_toys19_badge_stitches.dds	420b968c339805e88c860b20859d4458	87536
mods/heroes.stormmod/base.stormassets/assets/textures/storm_lootspray_static_toys19_badge_stitches.lvl0	8b259bed3fe19a5f31fa3d73a9e46173	5616
mods/heroes.stormmod/base.stormassets/assets/textures/storm_lootspray_static_toys19_badge_tyrael.dds	18b394adece4a544586adeab42cbe679	87536
mods/heroes.stormmod/base.stormassets/assets/textures/storm_lootspray_static_toys19_badge_tyrael.lvl0	f937890e9f2031498563f9e173259021	5616
mods/heroes.stormmod/base.stormassets/assets/textures/storm_lootspray_static_toys19_chomp_climbing.dds	8374050945c482eff5072200fbe909eb	87536
mods/heroes.stormmod/base.stormassets/assets/textures/storm_lootspray_static_toys19_chomp_climbing.lvl0	627b4dcbeb2b3ef0d2c9f38451316567	5616
mods/heroes.stormmod/base.stormassets/assets/textures/storm_lootspray_static_toys19_chomp_descending.dds	512320de12b51d4c21b7913ffae01495	87536
mods/heroes.stormmod/base.stormassets/assets/textures/storm_lootspray_static_toys19_chomp_descending.lvl0	3a6b41c35041576929027e80f3ddca6f	5616
mods/heroes.stormmod/base.stormassets/assets/textures/storm_lootspray_static_toys19_chomp_flaunting.dds	d60339bcf6579b2881ebb4050a500453	87536
mods/heroes.stormmod/base.stormassets/assets/textures/storm_lootspray_static_toys19_chomp_flaunting.lvl0	65d34b135d2f7a368480dd6d04ee24ac	5616
mods/heroes.stormmod/base.stormassets/assets/textures/storm_lootspray_static_toys19_chomp_flopping.dds	887d3e1cca0203dac90aff8412d4d2b1	87536
mods/heroes.stormmod/base.stormassets/assets/textures/storm_lootspray_static_toys19_chomp_flopping.lvl0	10eea68f1b3f06bca0ce3423a56e4795	5616
mods/heroes.stormmod/base.stormassets/assets/textures/storm_lootspray_static_toys19_chomp_loafing.dds	0b14d1298e0c228b68e42e21d02400e7	87536
mods/heroes.stormmod/base.stormassets/assets/textures/storm_lootspray_static_toys19_chomp_loafing.lvl0	86f00c3ca8974e753be05ccb4f8ff5b4	5616
mods/heroes.stormmod/base.stormassets/assets/textures/storm_lootspray_static_toys19_chomp_sitting.dds	06f11cfee65e978a5f82c4d9fc548133	87536
mods/heroes.stormmod/base.stormassets/assets/textures/storm_lootspray_static_toys19_chomp_sitting.lvl0	f21ad1ded96847a3621a9c86eb86f9b0	5616
mods/heroes.stormmod/base.stormassets/assets/textures/storm_lootspray_static_toys19_cutegreenarmyhorse.dds	3276505e4ef0a1ec2a58b9c94748e70c	87536
mods/heroes.stormmod/base.stormassets/assets/textures/storm_lootspray_static_toys19_cutegreenarmyhorse.lvl0	9c3f42b2f6bfff62e96848f62d046d12	5616
mods/heroes.stormmod/base.stormassets/assets/textures/storm_lootspray_static_toys19_cuteplushporkchop.dds	a05be3a9736a5300f419ad6f56c612b7	87536
mods/heroes.stormmod/base.stormassets/assets/textures/storm_lootspray_static_toys19_cuteplushporkchop.lvl0	12621b8c76fa458133d4be71df8cfb3f	5616
mods/heroes.stormmod/base.stormassets/assets/textures/storm_lootspray_static_toys19_hostilecuddlebearstitches.dds	c913b2d6e1825178f033abec2e2d4f5a	87536
mods/heroes.stormmod/base.stormassets/assets/textures/storm_lootspray_static_toys19_hostilecuddlebearstitches.lvl0	1aa8a1248072c536eeab451915821028	5616
mods/heroes.stormmod/base.stormassets/assets/textures/storm_lootspray_static_toys19_mephisto_confident.dds	fb03193f44249ab8059598b29992b302	87536
mods/heroes.stormmod/base.stormassets/assets/textures/storm_lootspray_static_toys19_mephisto_confident.lvl0	3d503befaed67c52929605d84587e655	5616
mods/heroes.stormmod/base.stormassets/assets/textures/storm_lootspray_static_toys19_mephisto_cool.dds	aa2cc29fe69ee0786a677855fb2c15fb	87536
mods/heroes.stormmod/base.stormassets/assets/textures/storm_lootspray_static_toys19_mephisto_cool.lvl0	bd16de92c814766916e69cb54fe5914f	5616
mods/heroes.stormmod/base.stormassets/assets/textures/storm_lootspray_static_toys19_mephisto_cute.dds	d0ef19caed6df2ed019f83f61ac9ea3c	87536
mods/heroes.stormmod/base.stormassets/assets/textures/storm_lootspray_static_toys19_mephisto_cute.lvl0	3bbf6ff678e39e9803e74931a2138ef1	5616
mods/heroes.stormmod/base.stormassets/assets/textures/storm_lootspray_static_toys19_orpheadoll.dds	94f9fe9dfc9c1d58a957ae3f62533800	87536
mods/heroes.stormmod/base.stormassets/assets/textures/storm_lootspray_static_toys19_orpheadoll.lvl0	0084a44dff98fa0cc487541d86cdb20a	5616
mods/heroes.stormmod/base.stormassets/assets/textures/storm_lootspray_static_toys19_plushunicorn.dds	9332f5037e0480b1c3993a91e753bcd0	87536
mods/heroes.stormmod/base.stormassets/assets/textures/storm_lootspray_static_toys19_plushunicorn.lvl0	5aa9191dc05362eefa495b2ba1bc59f4	5616
mods/heroes.stormmod/base.stormassets/assets/textures/storm_lootspray_static_toys19_plushunicorn_derpy.dds	4ed15793587e474c4e9f41b4d3e56ca6	87536
mods/heroes.stormmod/base.stormassets/assets/textures/storm_lootspray_static_toys19_plushunicorn_derpy.lvl0	386f64e3aa0902c1df22d9ddb4abce1f	5616
mods/heroes.stormmod/base.stormassets/assets/textures/storm_lootspray_static_toys19_plushunicorn_zombie.dds	e4dfd779733e3d7b02e911791eb8ca32	87536
mods/heroes.stormmod/base.stormassets/assets/textures/storm_lootspray_static_toys19_plushunicorn_zombie.lvl0	5da56612e58e160530cf4d03c8220cbd	5616
mods/heroes.stormmod/base.stormassets/assets/textures/storm_lootspray_static_toys19_rewardcutecosmonautqhira.dds	9c2bbfa26348dfe3d9753fcf723fce89	87536
mods/heroes.stormmod/base.stormassets/assets/textures/storm_lootspray_static_toys19_rewardcutecosmonautqhira.lvl0	7515542e1dc2a377c4d1806a38f5e029	5616
mods/heroes.stormmod/base.stormassets/assets/textures/storm_lootspray_static_toys19_rewardcuteticklemephisto.dds	70f8833d5f41025e6fd9d4c80fa28659	87536
mods/heroes.stormmod/base.stormassets/assets/textures/storm_lootspray_static_toys19_rewardcuteticklemephisto.lvl0	1dac95d55f7cd997fa4c148145cf49c6	5616
mods/heroes.stormmod/base.stormassets/assets/textures/storm_lootspray_static_toys19_rewardrampaginglilbutcher.dds	3f9f9d6db6fea50feb4f1b1afbd884be	87536
mods/heroes.stormmod/base.stormassets/assets/textures/storm_lootspray_static_toys19_rewardrampaginglilbutcher.lvl0	6ae02c37cfea3d131c10438ac6c03e1d	5616
mods/heroes.stormmod/base.stormassets/assets/textures/storm_lootspray_static_toys19_stitches_grumpy.dds	624fbcadc259b716d2b735bc13383b6b	87536
mods/heroes.stormmod/base.stormassets/assets/textures/storm_lootspray_static_toys19_stitches_grumpy.lvl0	438452cbdd8ff6a847f88420b06d0b84	5616
mods/heroes.stormmod/base.stormassets/assets/textures/storm_lootspray_static_toys19_stitches_sad.dds	73df526324d95b8707fbe2c74fa2e405	87536
mods/heroes.stormmod/base.stormassets/assets/textures/storm_lootspray_static_toys19_stitches_sad.lvl0	50e3b2a384b136a846d505113f0d85f7	5616
mods/heroes.stormmod/base.stormassets/assets/textures/storm_lootspray_static_toys19_stitches_shocked.dds	fb887920e697f3d66daac26cfa87a723	87536
mods/heroes.stormmod/base.stormassets/assets/textures/storm_lootspray_static_toys19_stitches_shocked.lvl0	dd4c39ce37f3f3dccee78a07e5bf7ae4	5616
mods/heroes.stormmod/base.stormassets/assets/textures/storm_lootspray_static_toys19_vengefulticklemephisto.dds	ef50ee8fd2025a00d81eb218f7050b2d	87536
mods/heroes.stormmod/base.stormassets/assets/textures/storm_lootspray_static_toys19_vengefulticklemephisto.lvl0	7f33da1e0b6e3c5d2f7c4f4c9333511e	5616
mods/heroes.stormmod/base.stormassets/assets/textures/storm_lootspray_static_toys19_volskayadefenderspray.dds	607c2b0d3f3f4656a37c4cb79496103e	87536
mods/heroes.stormmod/base.stormassets/assets/textures/storm_lootspray_static_toys19_volskayadefenderspray.lvl0	268f10a67a735cce229a12a1c6f4ed08	5616
mods/heroes.stormmod/base.stormassets/assets/textures/storm_lootspray_static_twitch_chomp.dds	7fdc151a0ad8b46a0194c4745dd59c23	87536
mods/heroes.stormmod/base.stormassets/assets/textures/storm_lootspray_static_twitch_chomp.lvl0	97dc504e5e1d8a3fb308f60f6ee52379	5616
mods/heroes.stormmod/base.stormassets/assets/textures/storm_lootspray_static_twitch_esports18.dds	ad3212b55e12c5eade78b4c94f2762c5	87536
mods/heroes.stormmod/base.stormassets/assets/textures/storm_lootspray_static_twitch_esports18.lvl0	4c1ae8f1e12bf8c05bc21d593295725b	5616
mods/heroes.stormmod/base.stormassets/assets/textures/storm_lootspray_static_westernclash_2018_winner.dds	683d5c2842814dc8f945d4687781c6c5	87536
mods/heroes.stormmod/base.stormassets/assets/textures/storm_lootspray_static_westernclash_2018_winner.lvl0	fd5482539620dd35e2815325abf0bb50	5616
mods/heroes.stormmod/base.stormassets/assets/textures/storm_lootspray_static_winter_elemental.dds	3b0da2b38ff3b57ab9c36e7a33d7b667	87536
mods/heroes.stormmod/base.stormassets/assets/textures/storm_lootspray_static_winter_elemental.lvl0	77c124ba6042033c7c3e357cfcd2837c	5616
mods/heroes.stormmod/base.stormassets/assets/textures/storm_lootspray_static_winter_jaina.dds	98fcb5a1e01ac3bf900c2e546efb13bf	87536
mods/heroes.stormmod/base.stormassets/assets/textures/storm_lootspray_static_winter_jaina.lvl0	11ea5a85b9a102ec628a27450a9cc1b9	5616
mods/heroes.stormmod/base.stormassets/assets/textures/storm_lootspray_static_winter_lunara.dds	baab09a05088f8b4a33fe708251ae668	87536
mods/heroes.stormmod/base.stormassets/assets/textures/storm_lootspray_static_winter_lunara.lvl0	3cca5a1735b9ee6da4744daa0cfbd687	5616
mods/heroes.stormmod/base.stormassets/assets/textures/storm_lootspray_static_winter_malfurion.dds	1b543f7d78b1f99dd6aad5b1db1a1c31	87536
mods/heroes.stormmod/base.stormassets/assets/textures/storm_lootspray_static_winter_malfurion.lvl0	6b34381adadbfa7de9a586cb8c750c2a	5616
mods/heroes.stormmod/base.stormassets/assets/textures/storm_lootspray_static_winter_nazeebo.dds	b3b18339895890bde0914baf27dd4f6a	87536
mods/heroes.stormmod/base.stormassets/assets/textures/storm_lootspray_static_winter_nazeebo.lvl0	55e5e5b66c6490f8313bbdf278d59379	5616
mods/heroes.stormmod/base.stormassets/assets/textures/storm_lootspray_static_winter_rehgar.dds	79847ed41af3e061129b3edf9392dfb3	87536
mods/heroes.stormmod/base.stormassets/assets/textures/storm_lootspray_static_winter_rehgar.lvl0	cc658890ec6c9793da12d3556d0849e8	5616
mods/heroes.stormmod/base.stormassets/assets/textures/storm_lootspray_static_winter_reward_reigndeer.dds	0c48c9cf5a093ef79c45311d7742da40	87536
mods/heroes.stormmod/base.stormassets/assets/textures/storm_lootspray_static_winter_reward_reigndeer.lvl0	303107349363db594245adece5890221	5616
mods/heroes.stormmod/base.stormassets/assets/textures/storm_lootspray_static_winter_stitches.dds	036fcbae7f25b1afcd7989d8c0c7a592	87536
mods/heroes.stormmod/base.stormassets/assets/textures/storm_lootspray_static_winter_stitches.lvl0	8941a2a5b345695fb1ba53194abf1fce	5616
mods/heroes.stormmod/base.stormassets/assets/textures/storm_lootspray_static_winter_sylvanas.dds	0131cee6615902889292363e3859864a	87536
mods/heroes.stormmod/base.stormassets/assets/textures/storm_lootspray_static_winter_sylvanas.lvl0	e55178e593cb73d2382b38a7c4ad0035	5616
mods/heroes.stormmod/base.stormassets/assets/textures/storm_lootspray_static_winter_treant.dds	4da0e1738862af207531957c99be7502	87536
mods/heroes.stormmod/base.stormassets/assets/textures/storm_lootspray_static_winter_treant.lvl0	2a144b151b2a3e20f112a814d81cec0b	5616
mods/heroes.stormmod/base.stormassets/assets/textures/storm_lootspray_static_winter_valla.dds	3b8263216221e39e9f9f5382264ecb52	87536
mods/heroes.stormmod/base.stormassets/assets/textures/storm_lootspray_static_winter_valla.lvl0	0fac037043d111a6b3ec75c1ada563d6	5616
mods/heroes.stormmod/base.stormassets/assets/textures/storm_lootui_boostersymbol.dds	35c0ed69da7adcd8e35afe6500031048	87536
mods/heroes.stormmod/base.stormassets/assets/textures/storm_lootui_boostersymbol.lvl0	9a5e7973a0ef0890632fb8723a0f5e27	496
mods/heroes.stormmod/base.stormassets/assets/textures/storm_lootui_boostersymbol2.dds	e150396dd1825498694aedf56dc799df	87536
mods/heroes.stormmod/base.stormassets/assets/textures/storm_lootui_boostersymbol2.lvl0	3774894c57a550ce1726385c29383cef	496
mods/heroes.stormmod/base.stormassets/assets/textures/storm_lootui_chest_base_common_emis.dds	3a06270b6c376a35bb6559ab727862e3	5592552
mods/heroes.stormmod/base.stormassets/assets/textures/storm_lootui_chest_base_common_emis.lvl0	b3c16e1eb1ae1118ef8e41139053a131	1512
mods/heroes.stormmod/base.stormassets/assets/textures/storm_lootui_chest_base_diff.dds	152724b201e32e2eae15bbcd4dcc1ead	1398248
mods/heroes.stormmod/base.stormassets/assets/textures/storm_lootui_chest_base_diff.lvl0	bc20174a150ae3175be0f5da70910181	1512
mods/heroes.stormmod/base.stormassets/assets/textures/storm_lootui_chest_base_emis.dds	41e5eb7fa53638617a79dbd7a60aa0c1	1398248
mods/heroes.stormmod/base.stormassets/assets/textures/storm_lootui_chest_base_emis.lvl0	8c5792dc6ef9d50f1bcd7e35950e8c71	1512
mods/heroes.stormmod/base.stormassets/assets/textures/storm_lootui_chest_base_env.dds	878c1e51c711c6fce6aadabf32d1dc81	43832
mods/heroes.stormmod/base.stormassets/assets/textures/storm_lootui_chest_base_env.lvl0	24c16a8ce4bf11f65cef209f019fcbdb	2872
mods/heroes.stormmod/base.stormassets/assets/textures/storm_lootui_chest_base_epic_emis.dds	9c510c8380dfe4b3b10a7cc1da6348cd	1398248
mods/heroes.stormmod/base.stormassets/assets/textures/storm_lootui_chest_base_epic_emis.lvl0	cb0fccfc28a6ac0a1c191ffb250d7ec1	1512
mods/heroes.stormmod/base.stormassets/assets/textures/storm_lootui_chest_base_legendary_emis.dds	b2019533f0e6c0a0fb330267478f197b	1398248
mods/heroes.stormmod/base.stormassets/assets/textures/storm_lootui_chest_base_legendary_emis.lvl0	e579e0c98ecd4c887cf0a23ae41269b8	1512
mods/heroes.stormmod/base.stormassets/assets/textures/storm_lootui_chest_base_mask01.dds	5ec3a2ab112fbea1a9248f18dee16767	1398248
mods/heroes.stormmod/base.stormassets/assets/textures/storm_lootui_chest_base_mask01.lvl0	89b18cce31c8675de0dc5f18e8ad5e73	1512
mods/heroes.stormmod/base.stormassets/assets/textures/storm_lootui_chest_base_norm.dds	034e971db742fa762d12addf64fe1f66	2796372
mods/heroes.stormmod/base.stormassets/assets/textures/storm_lootui_chest_base_norm.lvl0	8c618520763d7bb22154cbd6fd9e5590	2896
mods/heroes.stormmod/base.stormassets/assets/textures/storm_lootui_chest_base_rare_emis.dds	f1713d2fbea2a3c7f6e70ad7223f72ab	1398248
mods/heroes.stormmod/base.stormassets/assets/textures/storm_lootui_chest_base_rare_emis.lvl0	94d2048fef90dd7b9c22b5c9e5dcd1d2	1512
mods/heroes.stormmod/base.stormassets/assets/textures/storm_lootui_chest_base_spec.dds	5b5ab6c6b3c3e31584be25fe06919fd1	1398248
mods/heroes.stormmod/base.stormassets/assets/textures/storm_lootui_chest_base_spec.lvl0	40b89fef371cb6f92dff77ea4cc0aaa6	1512
mods/heroes.stormmod/base.stormassets/assets/textures/storm_lootui_chest_confetti_common1.dds	f4671295bd4064dc6233651d5f549dd3	2872
mods/heroes.stormmod/base.stormassets/assets/textures/storm_lootui_chest_confetti_common1.lvl0	51194281dd75f4c037fd45bb7877f28b	152
mods/heroes.stormmod/base.stormassets/assets/textures/storm_lootui_chest_confetti_common2.dds	788411e6baf7b5c7465f6d1f29aa244e	2872
mods/heroes.stormmod/base.stormassets/assets/textures/storm_lootui_chest_confetti_common2.lvl0	42fa77ac3a2a0a2e615b0a2ede82fe1f	152
mods/heroes.stormmod/base.stormassets/assets/textures/storm_lootui_chest_confetti_common3.dds	7f1657820200a8d392485b6ec06b5ca7	2872
mods/heroes.stormmod/base.stormassets/assets/textures/storm_lootui_chest_confetti_common3.lvl0	f0756ce5e67e5095b1f5b3ba41fce603	152
mods/heroes.stormmod/base.stormassets/assets/textures/storm_lootui_chest_confetti_common4.dds	b2ce755409749a56a48b8c2234dda770	2872
mods/heroes.stormmod/base.stormassets/assets/textures/storm_lootui_chest_confetti_common4.lvl0	4b36fd12f5dd4e9f9fc9051ae8704fbd	152
mods/heroes.stormmod/base.stormassets/assets/textures/storm_lootui_chest_confetti_epic.dds	6309c5f6cf39d7846ebfe07abb815e80	312
mods/heroes.stormmod/base.stormassets/assets/textures/storm_lootui_chest_halloween_explosion.dds	1c274bd82cca6a1d6fb792968494cb55	2796344
mods/heroes.stormmod/base.stormassets/assets/textures/storm_lootui_chest_halloween_explosion.lvl0	5364a34ba264e24b4b86f38060293ade	2872
mods/heroes.stormmod/base.stormassets/assets/textures/storm_lootui_chest_halloween_innerglow.dds	9bd9d23a7ae7450f86690b98cb0aadbf	2796344
mods/heroes.stormmod/base.stormassets/assets/textures/storm_lootui_chest_halloween_innerglow.lvl0	21db96d4041bf079db097ce7ca56f617	2872
mods/heroes.stormmod/base.stormassets/assets/textures/storm_lootui_chest_halloween_preview.dds	b3b7ee245e82a370f9f6b2a8f30e9ec5	699192
mods/heroes.stormmod/base.stormassets/assets/textures/storm_lootui_chest_halloween_preview.lvl0	7f64294f9d541f746e8377a43620f08b	2872
mods/heroes.stormmod/base.stormassets/assets/textures/storm_lootui_chest_halloween_var1_diff.dds	021ea83cc7328ec0655b7702d5ce924a	2796344
mods/heroes.stormmod/base.stormassets/assets/textures/storm_lootui_chest_halloween_var1_diff.lvl0	5ab27943017029e23726305e95cd3fb0	2872
mods/heroes.stormmod/base.stormassets/assets/textures/storm_lootui_chest_halloween_var1_emis.dds	165a2ab523e14d1d0c6d5e617987f3db	2796344
mods/heroes.stormmod/base.stormassets/assets/textures/storm_lootui_chest_halloween_var1_emis.lvl0	ff28fc6522322e7c3ab983d2e75159fb	2872
mods/heroes.stormmod/base.stormassets/assets/textures/storm_lootui_chest_halloween_var1_norm.dds	ad5d177e36cf5129487a7aa2b96f2590	5592564
mods/heroes.stormmod/base.stormassets/assets/textures/storm_lootui_chest_halloween_var1_norm.lvl0	443237c21f73df945a230aac706782eb	5616
mods/heroes.stormmod/base.stormassets/assets/textures/storm_lootui_chest_halloween_var1_spec.dds	18df2f4e1467e1b2e48687db9206cc02	5592560
mods/heroes.stormmod/base.stormassets/assets/textures/storm_lootui_chest_halloween_var1_spec.lvl0	373536ebcad8ee0d9b73b16831b3dc92	5616
mods/heroes.stormmod/base.stormassets/assets/textures/storm_lootui_chest_halloween_var2_diff.dds	9ff7e1007834b2f4b005330411394ad4	2796344
mods/heroes.stormmod/base.stormassets/assets/textures/storm_lootui_chest_halloween_var2_diff.lvl0	c9eecab62b580d6323b4fc34ead8df98	2872
mods/heroes.stormmod/base.stormassets/assets/textures/storm_lootui_chest_halloween_var2_emis.dds	91ce71ec425bd6143f5dd61139715a09	2796344
mods/heroes.stormmod/base.stormassets/assets/textures/storm_lootui_chest_halloween_var2_emis.lvl0	78ee33ac466764154c8048d072cce6c0	2872
mods/heroes.stormmod/base.stormassets/assets/textures/storm_lootui_chest_halloween_var2_norm.dds	20f289c10c91fa45288dbe2a7b2b1882	5592564
mods/heroes.stormmod/base.stormassets/assets/textures/storm_lootui_chest_halloween_var2_norm.lvl0	671478ff512c7712ff4b2c0bd36eb816	5616
mods/heroes.stormmod/base.stormassets/assets/textures/storm_lootui_chest_halloween_var2_spec.dds	09c3280bb23b22cad0e2cfb4cec20af6	5592560
mods/heroes.stormmod/base.stormassets/assets/textures/storm_lootui_chest_halloween_var2_spec.lvl0	a1b7ff582e459e78636df280ec850d41	5616
mods/heroes.stormmod/base.stormassets/assets/textures/storm_lootui_chest_halloween_var3_diff.dds	3973fa25af4ba973e55f501811a3675c	2796344
mods/heroes.stormmod/base.stormassets/assets/textures/storm_lootui_chest_halloween_var3_diff.lvl0	911e29b3a4b5cb58570342175c2609bb	2872
mods/heroes.stormmod/base.stormassets/assets/textures/storm_lootui_chest_hallowsend_ghostie.dds	0ee38d3c1f9a274036d3c05b15afa347	349680
mods/heroes.stormmod/base.stormassets/assets/textures/storm_lootui_chest_hallowsend_ghostie.lvl0	f09987e2c9507aaaf86d65fb92a866d3	1520
mods/heroes.stormmod/base.stormassets/assets/textures/storm_lootui_chest_lunarnewyear_diff.dds	56aa551bd7d3249da2b252b0ba4a6a55	2796344
mods/heroes.stormmod/base.stormassets/assets/textures/storm_lootui_chest_lunarnewyear_diff.lvl0	883c2bc75d0c077508a00ec75436eb2f	2872
mods/heroes.stormmod/base.stormassets/assets/textures/storm_lootui_chest_lunarnewyear_emis.dds	5590cdfc1fdda8a5577731433f49a006	2796344
mods/heroes.stormmod/base.stormassets/assets/textures/storm_lootui_chest_lunarnewyear_emis.lvl0	6f6e40f90d9657f6cf173b3220dfa387	2872
mods/heroes.stormmod/base.stormassets/assets/textures/storm_lootui_chest_lunarnewyear_norm.dds	4f8c2e218b42309053d5d91de0ac81ab	5592560
mods/heroes.stormmod/base.stormassets/assets/textures/storm_lootui_chest_lunarnewyear_norm.lvl0	446c2ca81c8848480ec92b468a6c57e1	5616
mods/heroes.stormmod/base.stormassets/assets/textures/storm_lootui_chest_lunarnewyear_spec.dds	1955babb2067ac322e99b9bfb56bcf00	5592560
mods/heroes.stormmod/base.stormassets/assets/textures/storm_lootui_chest_lunarnewyear_spec.lvl0	73ca4124ab29016a3de69ae078bbf49b	5616
mods/heroes.stormmod/base.stormassets/assets/textures/storm_lootui_chest_spring19_diff.dds	0f6424545587f443171562377a90c4f3	2796344
mods/heroes.stormmod/base.stormassets/assets/textures/storm_lootui_chest_spring19_diff.lvl0	45acd5020a6cc3fb8bc4161aa9898a3d	2872
mods/heroes.stormmod/base.stormassets/assets/textures/storm_lootui_chest_spring19_emis.dds	9a138a0d0750d34aa032dfe50686f525	2796344
mods/heroes.stormmod/base.stormassets/assets/textures/storm_lootui_chest_spring19_emis.lvl0	131fd9715d0456dc19ca124fdf5de5a0	2872
mods/heroes.stormmod/base.stormassets/assets/textures/storm_lootui_chest_spring19_norm.dds	306acae9b22ec5d84f4b6fda6f926e81	5592564
mods/heroes.stormmod/base.stormassets/assets/textures/storm_lootui_chest_spring19_norm.lvl0	809bb763142ff7290d4e51b2c2e67500	5616
mods/heroes.stormmod/base.stormassets/assets/textures/storm_lootui_chest_spring19_spec.dds	df152288378df20f1e670c6036dd5b9f	5592560
mods/heroes.stormmod/base.stormassets/assets/textures/storm_lootui_chest_spring19_spec.lvl0	17902952ee9f1e470fb0c386833015c8	5616
mods/heroes.stormmod/base.stormassets/assets/textures/storm_lootui_chest_summer18_diff.dds	48f84f62115a63d10fd5a9288002d47c	5592560
mods/heroes.stormmod/base.stormassets/assets/textures/storm_lootui_chest_summer18_diff.lvl0	1618f5a536bdef6e737de6bc73765730	5616
mods/heroes.stormmod/base.stormassets/assets/textures/storm_lootui_chest_summer18_emis.dds	07332914693a2dd9fccd8f716d396633	2796344
mods/heroes.stormmod/base.stormassets/assets/textures/storm_lootui_chest_summer18_emis.lvl0	f67b6de8d72e165bb6e2895e5c77a6c6	2872
mods/heroes.stormmod/base.stormassets/assets/textures/storm_lootui_chest_summer18_norm.dds	a91a05645c0a6c300583e9a2ff13e17e	5592564
mods/heroes.stormmod/base.stormassets/assets/textures/storm_lootui_chest_summer18_norm.lvl0	a571bf28157285cee5e1f434eb424938	5616
mods/heroes.stormmod/base.stormassets/assets/textures/storm_lootui_chest_summer18_preview.dds	1ae398b48a3a0808cfec57198e7ab131	11064
mods/heroes.stormmod/base.stormassets/assets/textures/storm_lootui_chest_summer18_preview.lvl0	d6d6022fa0ab7043327337679c84f972	184
mods/heroes.stormmod/base.stormassets/assets/textures/storm_lootui_chest_summer18_spec.dds	76f045523e61b62cc6f43b25ace3eb74	5592560
mods/heroes.stormmod/base.stormassets/assets/textures/storm_lootui_chest_summer18_spec.lvl0	30a86574abad8fabbad9ab5ebac8ded4	5616
mods/heroes.stormmod/base.stormassets/assets/textures/storm_lootui_chest_summer_common_emis.dds	afae113aa5b6bfa5ebf34164d70fd0e4	1398248
mods/heroes.stormmod/base.stormassets/assets/textures/storm_lootui_chest_summer_common_emis.lvl0	41ecbe6c10609d78cc69fcb755759e3a	1512
mods/heroes.stormmod/base.stormassets/assets/textures/storm_lootui_chest_summer_diff.dds	7062eda819f93ab623d248212f9ef5b3	1398248
mods/heroes.stormmod/base.stormassets/assets/textures/storm_lootui_chest_summer_diff.lvl0	63a246132825bde807a4bed87a4069bc	1512
mods/heroes.stormmod/base.stormassets/assets/textures/storm_lootui_chest_summer_epic_emis.dds	818d79555f0556f64625d16cfeb6aef5	1398248
mods/heroes.stormmod/base.stormassets/assets/textures/storm_lootui_chest_summer_epic_emis.lvl0	2a8945eeaa39df9070f7fc9835c169e7	1512
mods/heroes.stormmod/base.stormassets/assets/textures/storm_lootui_chest_summer_norm.dds	193250a733f2de49201ec9cecab5b625	2796372
mods/heroes.stormmod/base.stormassets/assets/textures/storm_lootui_chest_summer_norm.lvl0	d8a71fa0a31fe9e97c16e0e0a0accb3a	2896
mods/heroes.stormmod/base.stormassets/assets/textures/storm_lootui_chest_summer_rare_emis.dds	c66ae657b555a2afae0e5c639c193938	1398248
mods/heroes.stormmod/base.stormassets/assets/textures/storm_lootui_chest_summer_rare_emis.lvl0	2ebb869db73ccb6b32486e25a8bdd51c	1512
mods/heroes.stormmod/base.stormassets/assets/textures/storm_lootui_chest_summer_spec.dds	8540e0bad8d8ba87220b3cf31a27de60	1398248
mods/heroes.stormmod/base.stormassets/assets/textures/storm_lootui_chest_summer_spec.lvl0	f3c7e9aca0e0cd1b8fc384230c8dfcf0	1512
mods/heroes.stormmod/base.stormassets/assets/textures/storm_lootui_chest_winterveil18_diff.dds	029a4b2d0c99b67a41f348f86e0f1170	699192
mods/heroes.stormmod/base.stormassets/assets/textures/storm_lootui_chest_winterveil18_diff.lvl0	c1916063f3623762aac64cf9e7a2b3ed	2872
mods/heroes.stormmod/base.stormassets/assets/textures/storm_lootui_chest_winterveil18_emis.dds	71d02d55ac248b8a598dc38a8c5670c2	699192
mods/heroes.stormmod/base.stormassets/assets/textures/storm_lootui_chest_winterveil18_emis.lvl0	059b8fe10c613c2c974b1f9f334c2865	2872
mods/heroes.stormmod/base.stormassets/assets/textures/storm_lootui_chest_winterveil18_epic_diff.dds	12079776281b13a1c92270fb5314d731	699192
mods/heroes.stormmod/base.stormassets/assets/textures/storm_lootui_chest_winterveil18_epic_diff.lvl0	2768653a4cb299911527dec8358da16a	2872
mods/heroes.stormmod/base.stormassets/assets/textures/storm_lootui_chest_winterveil18_epic_emis.dds	1a57986fe15749fb683b6e69a8e33851	699192
mods/heroes.stormmod/base.stormassets/assets/textures/storm_lootui_chest_winterveil18_epic_emis.lvl0	9db06dc5ebba1a24d1ce1e80c5430581	2872
mods/heroes.stormmod/base.stormassets/assets/textures/storm_lootui_chest_winterveil18_epic_spec.dds	cbf13a76ad8bef4b9beec398f121afc9	1398256
mods/heroes.stormmod/base.stormassets/assets/textures/storm_lootui_chest_winterveil18_epic_spec.lvl0	688e78e08bcd70621dbcf71c9fc8f3b4	5616
mods/heroes.stormmod/base.stormassets/assets/textures/storm_lootui_chest_winterveil18_norm.dds	eead3fd941d60a8f7db9d7d5fb45e159	1398260
mods/heroes.stormmod/base.stormassets/assets/textures/storm_lootui_chest_winterveil18_norm.lvl0	513469b3130c202af06326f39956fd68	5616
mods/heroes.stormmod/base.stormassets/assets/textures/storm_lootui_chest_winterveil18_rare_diff.dds	3c3eba758c2aedbe80b72f5696b31fa9	699192
mods/heroes.stormmod/base.stormassets/assets/textures/storm_lootui_chest_winterveil18_rare_diff.lvl0	753dcfd2578cfdeb2efac190247e0ec9	2872
mods/heroes.stormmod/base.stormassets/assets/textures/storm_lootui_chest_winterveil18_spec.dds	da515e520f5b3b2dbabeba7eec7b2634	1398256
mods/heroes.stormmod/base.stormassets/assets/textures/storm_lootui_chest_winterveil18_spec.lvl0	270ce9fe91f770ad554c70ba8277e179	5616
mods/heroes.stormmod/base.stormassets/assets/textures/storm_lootui_chest_winterveil18_tile1.dds	69d1cf35600584f0ec21b6fc70a755ef	87536
mods/heroes.stormmod/base.stormassets/assets/textures/storm_lootui_chest_winterveil18_tile1.lvl0	9d1ba1ed1e1cfd64b71b8d2c16f42a5d	496
mods/heroes.stormmod/base.stormassets/assets/textures/storm_lootui_chest_winterveil18_tile2.dds	642bc3f5a40a2c701324b98223a2ffc0	349680
mods/heroes.stormmod/base.stormassets/assets/textures/storm_lootui_chest_winterveil18_tile2.lvl0	2c12a36c7b3db1765b0d1ec4e9f0a0cc	1520
mods/heroes.stormmod/base.stormassets/assets/textures/storm_lootui_chest_winterveil_diff.dds	1d1feef1002e487b479d808172b1f1e7	2796344
mods/heroes.stormmod/base.stormassets/assets/textures/storm_lootui_chest_winterveil_diff.lvl0	2982e2bd4896acb534c508099cc30e40	2872
mods/heroes.stormmod/base.stormassets/assets/textures/storm_lootui_chest_winterveil_emis.dds	7cdbfc57f0e851d70a9290ef9caf1b32	2796344
mods/heroes.stormmod/base.stormassets/assets/textures/storm_lootui_chest_winterveil_emis.lvl0	4f801f0d95a7ccf16a60833a6647f845	2872
mods/heroes.stormmod/base.stormassets/assets/textures/storm_lootui_chest_winterveil_norm.dds	bf5ff82aa5e4d711a87cc4e07d42ae26	5592564
mods/heroes.stormmod/base.stormassets/assets/textures/storm_lootui_chest_winterveil_norm.lvl0	4e78409135a449af4110ac2d166a34b0	5616
mods/heroes.stormmod/base.stormassets/assets/textures/storm_lootui_chest_winterveil_spec.dds	9d361243b021523f4392740b64fbcdd1	5592560
mods/heroes.stormmod/base.stormassets/assets/textures/storm_lootui_chest_winterveil_spec.lvl0	b0f70740599e64595b287ec3c8965254	5616
mods/heroes.stormmod/base.stormassets/assets/textures/storm_lootui_coin_base_diff.dds	7fe970b52b7e810d20f4d5adb55b3d3f	1398248
mods/heroes.stormmod/base.stormassets/assets/textures/storm_lootui_coin_base_diff.lvl0	6b15afff3b6c58f804f24e4b9ae2cefa	1512
mods/heroes.stormmod/base.stormassets/assets/textures/storm_lootui_coin_base_emis.dds	7c7e253720a3044049d0efb7c3f93334	1398248
mods/heroes.stormmod/base.stormassets/assets/textures/storm_lootui_coin_base_emis.lvl0	4c9be2dc4ba857869babb8f708be36ee	1512
mods/heroes.stormmod/base.stormassets/assets/textures/storm_lootui_coin_base_norm.dds	93927daf5f28ed7bdb366f6fa0ee6f41	2796372
mods/heroes.stormmod/base.stormassets/assets/textures/storm_lootui_coin_base_norm.lvl0	0263bdb6f28ca01f453d2ad1705fc91c	2896
mods/heroes.stormmod/base.stormassets/assets/textures/storm_lootui_coin_base_spec.dds	4bf428fc74716b7908d648613446114c	2796368
mods/heroes.stormmod/base.stormassets/assets/textures/storm_lootui_coin_base_spec.lvl0	56dd5812ee458840c1f193f1f0bbf4d8	2896
mods/heroes.stormmod/base.stormassets/assets/textures/storm_lootui_coincutscene_mask.dds	111f7757918660d1931ff28e865b9017	119600
mods/heroes.stormmod/base.stormassets/assets/textures/storm_lootui_coins_individual_diff.dds	e2601dcf92679a30210773d4d57e22ea	2796344
mods/heroes.stormmod/base.stormassets/assets/textures/storm_lootui_coins_individual_diff.lvl0	519da594161ada2a74bf2929283cea12	11064
mods/heroes.stormmod/base.stormassets/assets/textures/storm_lootui_coins_individual_norm.dds	b1f1c065f6ff46d8b22d67a459228943	5592564
mods/heroes.stormmod/base.stormassets/assets/textures/storm_lootui_coins_individual_norm.lvl0	e55463d79743fc718c33ac635e3aefef	22000
mods/heroes.stormmod/base.stormassets/assets/textures/storm_lootui_coins_individual_spec.dds	95156fc3cbc4e950b64811385b413ee0	5592560
mods/heroes.stormmod/base.stormassets/assets/textures/storm_lootui_coins_individual_spec.lvl0	dd96e2c2f22787a7de3391703df66a6f	22000
mods/heroes.stormmod/base.stormassets/assets/textures/storm_lootui_coinslarge_diff.dds	f86ef5150720416d3a9895b1b2af0a4e	2796344
mods/heroes.stormmod/base.stormassets/assets/textures/storm_lootui_coinslarge_diff.lvl0	d1f33f3acbe9f74ef0c0e92fc6a40a70	11064
mods/heroes.stormmod/base.stormassets/assets/textures/storm_lootui_coinslarge_emis.dds	a37b4863814626a8160e7d62bacbf78e	2796344
mods/heroes.stormmod/base.stormassets/assets/textures/storm_lootui_coinslarge_emis.lvl0	84690fda44d10fa105161f86d7769ca0	11064
mods/heroes.stormmod/base.stormassets/assets/textures/storm_lootui_coinslarge_norm.dds	f521c083b60b9029e515454df4ac76e2	5592564
mods/heroes.stormmod/base.stormassets/assets/textures/storm_lootui_coinslarge_norm.lvl0	dd80dfa3952ca5dbc61f3911707fdd22	22000
mods/heroes.stormmod/base.stormassets/assets/textures/storm_lootui_coinslarge_spec.dds	030c3e164e267d8ef37d4d92dfe0eead	5592560
mods/heroes.stormmod/base.stormassets/assets/textures/storm_lootui_coinslarge_spec.lvl0	f34ba4cb14c7de2390824628cc483332	22000
mods/heroes.stormmod/base.stormassets/assets/textures/storm_lootui_coinsmedium_diff.dds	2e7a8e9d1b01289d2672cc735d19c2cd	2796344
mods/heroes.stormmod/base.stormassets/assets/textures/storm_lootui_coinsmedium_diff.lvl0	e3eb5cab6e6d8d00d469f383bb838b54	11064
mods/heroes.stormmod/base.stormassets/assets/textures/storm_lootui_coinsmedium_emis.dds	5d0754157576ea267c5cb0ad3300ed41	2796344
mods/heroes.stormmod/base.stormassets/assets/textures/storm_lootui_coinsmedium_emis.lvl0	7ec35e001ab8e437737e1a116113feda	11064
mods/heroes.stormmod/base.stormassets/assets/textures/storm_lootui_coinsmedium_norm.dds	373197e00ea0bfe5e1b4dc9d579fccc9	5592564
mods/heroes.stormmod/base.stormassets/assets/textures/storm_lootui_coinsmedium_norm.lvl0	8ea783995f9079f90e43e8d22184cbe5	22000
mods/heroes.stormmod/base.stormassets/assets/textures/storm_lootui_coinsmedium_spec.dds	3b219eff80801d71295d839510b559b5	5592560
mods/heroes.stormmod/base.stormassets/assets/textures/storm_lootui_coinsmedium_spec.lvl0	d65ab8a5431f1e71e5b59855e6e3e36a	22000
mods/heroes.stormmod/base.stormassets/assets/textures/storm_lootui_coinssmall_diff.dds	cc9002ad86f5db8cb86bff41e29ed9df	2796344
mods/heroes.stormmod/base.stormassets/assets/textures/storm_lootui_coinssmall_diff.lvl0	da84c19061776103c0ecd956c7ef1d3b	11064
mods/heroes.stormmod/base.stormassets/assets/textures/storm_lootui_coinssmall_norm.dds	786b67a8620bea39dc5bd61baba0363e	5592564
mods/heroes.stormmod/base.stormassets/assets/textures/storm_lootui_coinssmall_norm.lvl0	c168781270e547e9f63e5ba071917dd2	22000
mods/heroes.stormmod/base.stormassets/assets/textures/storm_lootui_coinssmall_spec.dds	2f164ccb5c535473ba5ab6b3b197ddb5	5592560
mods/heroes.stormmod/base.stormassets/assets/textures/storm_lootui_coinssmall_spec.lvl0	e9d2f80c7e01dc1dcc553b6171dbb9f3	22000
mods/heroes.stormmod/base.stormassets/assets/textures/storm_lootui_gems02_diff.dds	fd631f5075f217b758515b8ab6b1a290	699192
mods/heroes.stormmod/base.stormassets/assets/textures/storm_lootui_gems02_diff.lvl0	8907a287ccac01c98240c26f5ba727b2	2872
mods/heroes.stormmod/base.stormassets/assets/textures/storm_lootui_gems02_norm.dds	728af2b6da34cf0c46f3a5903c697c93	1398260
mods/heroes.stormmod/base.stormassets/assets/textures/storm_lootui_gems02_norm.lvl0	19e7db0aea886e9f53a070295dc0f319	5616
mods/heroes.stormmod/base.stormassets/assets/textures/storm_lootui_gems03_diff.dds	1f502eac89cc85d2fb551b294884c6b7	699192
mods/heroes.stormmod/base.stormassets/assets/textures/storm_lootui_gems03_diff.lvl0	8e24cf0584387fd5070c9953d1fbacbd	2872
mods/heroes.stormmod/base.stormassets/assets/textures/storm_lootui_gems03_norm.dds	d2cdb24ad2925477dc1c036c9d37a78f	1398260
mods/heroes.stormmod/base.stormassets/assets/textures/storm_lootui_gems03_norm.lvl0	931907244d2f564f72040b4ca5825f28	5616
mods/heroes.stormmod/base.stormassets/assets/textures/storm_lootui_grid_diff.dds	808c3f32637f12ff8eabc951edd3bba6	1398256
mods/heroes.stormmod/base.stormassets/assets/textures/storm_lootui_grid_diff.lvl0	8ee5aaf91c77fc7366c4f5719210a539	5616
mods/heroes.stormmod/base.stormassets/assets/textures/storm_lootui_hexgrid_mask.dds	eb4b1d0a58286a08fabeb7c324e5494c	699192
mods/heroes.stormmod/base.stormassets/assets/textures/storm_lootui_hexgrid_mask.lvl0	c0d7004edb0038d482da63b4587082dc	2872
mods/heroes.stormmod/base.stormassets/assets/textures/storm_lootui_lootboxcoin_commonreflection.dds	4725327abd930719fc8561b3da55fa97	43832
mods/heroes.stormmod/base.stormassets/assets/textures/storm_lootui_lootboxcoin_commonreflection.lvl0	78c4e286b678be11999e3dd57a741ee1	312
mods/heroes.stormmod/base.stormassets/assets/textures/storm_lootui_lootboxcoin_diff.dds	deb0d0294df9fe0834be599e8d253558	2796344
mods/heroes.stormmod/base.stormassets/assets/textures/storm_lootui_lootboxcoin_diff.lvl0	ac4b30fd20112aa3c3737889f26b9648	11064
mods/heroes.stormmod/base.stormassets/assets/textures/storm_lootui_lootboxcoin_emis.dds	0c4d7892569bf4d273efbe147181cef7	2796344
mods/heroes.stormmod/base.stormassets/assets/textures/storm_lootui_lootboxcoin_emis.lvl0	5d3c6e6cfe2aee2429721f9cd5cc4b8d	11064
mods/heroes.stormmod/base.stormassets/assets/textures/storm_lootui_lootboxcoin_epicreflection.dds	e0ab46d1e488c0da3cee6f46bcb9e883	43832
mods/heroes.stormmod/base.stormassets/assets/textures/storm_lootui_lootboxcoin_epicreflection.lvl0	5d5bd5e29db15d62d6da31781e9f6efe	312
mods/heroes.stormmod/base.stormassets/assets/textures/storm_lootui_lootboxcoin_legendaryreflection.dds	a58502df487a040e168c2db88db362ae	43832
mods/heroes.stormmod/base.stormassets/assets/textures/storm_lootui_lootboxcoin_legendaryreflection.lvl0	b48d1af3370c202756c2d9177a6df448	312
mods/heroes.stormmod/base.stormassets/assets/textures/storm_lootui_lootboxcoin_norm.dds	206b1f7ff30395d28ccf3f177a29ea34	5592564
mods/heroes.stormmod/base.stormassets/assets/textures/storm_lootui_lootboxcoin_norm.lvl0	31ca93e16211af1d1b66c373d96d90f7	22000
mods/heroes.stormmod/base.stormassets/assets/textures/storm_lootui_lootboxcoin_rarereflection.dds	8f058f1ce51bab4cce7dc87062911d9b	43832
mods/heroes.stormmod/base.stormassets/assets/textures/storm_lootui_lootboxcoin_rarereflection.lvl0	3f573112716415358b57e352a9ba5e86	312
mods/heroes.stormmod/base.stormassets/assets/textures/storm_lootui_lootboxcoin_spec.dds	ae3b707ffd89ccd530fb60270e5f0e02	2796344
mods/heroes.stormmod/base.stormassets/assets/textures/storm_lootui_lootboxcoin_spec.lvl0	871e882f46c8700238f46b7e7238a508	11064
mods/heroes.stormmod/base.stormassets/assets/textures/storm_lootui_nexusparticles_diff.dds	4fa68b070a3a09fdd83da1bad6855c4c	349680
mods/heroes.stormmod/base.stormassets/assets/textures/storm_lootui_nexusparticles_diff.lvl0	91502ea0b3f6192d03b676dabc6abcb2	5616
mods/heroes.stormmod/base.stormassets/assets/textures/storm_lootui_nexusparticles_norm.dds	51b5956af5f0c61626ba4a5055833a9f	349684
mods/heroes.stormmod/base.stormassets/assets/textures/storm_lootui_nexusparticles_norm.lvl0	08ed521775efd6e4d3091fbe7fcb2835	5616
mods/heroes.stormmod/base.stormassets/assets/textures/storm_lootui_shards_diff.dds	4e60f69bf7d43726324bab13db46b735	699192
mods/heroes.stormmod/base.stormassets/assets/textures/storm_lootui_shards_diff.lvl0	876455a864b55fc553eadab6a1a52623	2872
mods/heroes.stormmod/base.stormassets/assets/textures/storm_lootui_shards_norm.dds	9e4f2572717fd64f55f32f16acb0322a	1398256
mods/heroes.stormmod/base.stormassets/assets/textures/storm_lootui_shards_norm.lvl0	cbc90f31d13d98ef8642528413fe9703	5616
mods/heroes.stormmod/base.stormassets/assets/textures/storm_lootui_spraycan_diff.dds	2f6b94e405dd42ca9a4b7fe208b12536	699192
mods/heroes.stormmod/base.stormassets/assets/textures/storm_lootui_spraycan_diff.lvl0	f29674718cd0e411756fd5c0e9405d04	2872
mods/heroes.stormmod/base.stormassets/assets/textures/storm_lootui_spraycan_norm.dds	49e1036efc272016c8ce8753a32b7074	1398260
mods/heroes.stormmod/base.stormassets/assets/textures/storm_lootui_spraycan_norm.lvl0	496bdb5b3f13aef795de6f8a64c06a0f	5616
mods/heroes.stormmod/base.stormassets/assets/textures/storm_lootui_spraycan_spec.dds	2d503f04dd7a1e9d16c76ad0d08192bc	1398256
mods/heroes.stormmod/base.stormassets/assets/textures/storm_lootui_spraycan_spec.lvl0	d67abf46cf0df67cb50453e6675b9196	5616
mods/heroes.stormmod/base.stormassets/assets/textures/storm_lootui_stars_diff.dds	981f298674458ac657e3d2568975cf2a	174904
mods/heroes.stormmod/base.stormassets/assets/textures/storm_lootui_stars_diff.lvl0	894b5af2a9cd880476efa0f83b90f04c	2872
mods/heroes.stormmod/base.stormassets/assets/textures/storm_lootui_triangleshards_diff.dds	0cb1f7b636e1ebe6070be3a0e3b40557	1398256
mods/heroes.stormmod/base.stormassets/assets/textures/storm_lootui_triangleshards_diff.lvl0	22942a653ac5e1d1a7d6384902859d1f	5616
mods/heroes.stormmod/base.stormassets/assets/textures/storm_lootui_triangleshards_emis.dds	51b6de340614673f0c457f3c60aa3296	699192
mods/heroes.stormmod/base.stormassets/assets/textures/storm_lootui_triangleshards_emis.lvl0	ca2aa9c4b483f5185eb555b4db283316	2872
mods/heroes.stormmod/base.stormassets/assets/textures/storm_lootui_triangleshards_norm.dds	59057075569ec1702d526877c4ff9825	1398260
mods/heroes.stormmod/base.stormassets/assets/textures/storm_lootui_triangleshards_norm.lvl0	5353b674ba22b1461dd452286e55f506	5616
mods/heroes.stormmod/base.stormassets/assets/textures/storm_lootui_triangleshards_spec.dds	b8d4263566dcdbab845132f2eb64deeb	1398256
mods/heroes.stormmod/base.stormassets/assets/textures/storm_lootui_triangleshards_spec.lvl0	b7de4cd819d02197b1fab49f989961be	5616
