mods/heroes.stormmod/base.stormassets/assets/textures/peasant_make_overalls_body_norm_v03.dds	e62e3fc2a7e6a0af65e3254e2d58a1cf	349680
mods/heroes.stormmod/base.stormassets/assets/textures/peasant_make_overalls_body_norm_v03.lvl0	e87adac0eb8c75ce199afd2731ee3dbc	5616
mods/heroes.stormmod/base.stormassets/assets/textures/peasant_make_overalls_wshirt_body_diff.dds	9a64a5569df9c7666136a8ec10bdc054	174904
mods/heroes.stormmod/base.stormassets/assets/textures/peasant_make_overalls_wshirt_body_diff.lvl0	47494b9aca6a13a538c6e4937abd0799	2872
mods/heroes.stormmod/base.stormassets/assets/textures/peasant_male_fisherman_diff.dds	bb8c37313dae6acaa948c9d1c9fd0a73	699192
mods/heroes.stormmod/base.stormassets/assets/textures/peasant_male_fisherman_diff.lvl0	80072baabca26329eb8f7484062de9e5	2872
mods/heroes.stormmod/base.stormassets/assets/textures/peasant_male_overalls_wvest_spec.dds	6db3387fe5d3701dcb3bf4eeffa7dcf2	699192
mods/heroes.stormmod/base.stormassets/assets/textures/peasant_male_overalls_wvest_spec.lvl0	a224c74a2f43cc08bfff904c315c6cc8	2872
mods/heroes.stormmod/base.stormassets/assets/textures/peasant_male_wshirt_body_norm.dds	3c0e730c734de7a2578b7d5fe3d75770	1398260
mods/heroes.stormmod/base.stormassets/assets/textures/peasant_male_wshirt_body_norm.lvl0	b8faf0d37b799e4fb8c0beb657dd2113	5616
mods/heroes.stormmod/base.stormassets/assets/textures/perpendiculartechlines_blue2.dds	c8abca15d607a7da1023c80172cdbfa8	87536
mods/heroes.stormmod/base.stormassets/assets/textures/perpendiculartechlines_blue2.lvl0	dd7d7e872cad779dddc4bac461083517	1520
mods/heroes.stormmod/base.stormassets/assets/textures/perpendiculartechlines_blue3.dds	830c215149256f35061fb50994970ad0	349680
mods/heroes.stormmod/base.stormassets/assets/textures/perpendiculartechlines_blue3.lvl0	14307b6d648eada9a473a08c87d1c0a3	5616
mods/heroes.stormmod/base.stormassets/assets/textures/perpendiculartechlines_green.dds	cceae81d819470f68def2a1b2e4efbed	349680
mods/heroes.stormmod/base.stormassets/assets/textures/perpendiculartechlines_green.lvl0	1f7a56248c4948c4cc0f667b9d9a61d0	5616
mods/heroes.stormmod/base.stormassets/assets/textures/perpendiculartechlines_green2.dds	9652b36edcc16392176c470959382db3	349680
mods/heroes.stormmod/base.stormassets/assets/textures/perpendiculartechlines_green2.lvl0	63e64c614e352d5a3502e9b4a46910da	5616
mods/heroes.stormmod/base.stormassets/assets/textures/perpendiculartechlines_grey.dds	b874cfdd791eb5ce5f433e5768cb3281	349680
mods/heroes.stormmod/base.stormassets/assets/textures/perpendiculartechlines_grey.lvl0	03c1b0a38a60b686c11d3202e489ef5a	5616
mods/heroes.stormmod/base.stormassets/assets/textures/perpendiculartechlines_grey2.dds	5cb06e70daeab0464d2b3fc5c2791dde	349680
mods/heroes.stormmod/base.stormassets/assets/textures/perpendiculartechlines_grey2.lvl0	c89908f25624aa4cab8c24b925863b37	5616
mods/heroes.stormmod/base.stormassets/assets/textures/perpendiculartechlines_orange.dds	267a3e65795f9aa1dd1f93f86f18cbdf	349680
mods/heroes.stormmod/base.stormassets/assets/textures/perpendiculartechlines_orange.lvl0	cd81b0e76ae904e9d12e4afca063526f	5616
mods/heroes.stormmod/base.stormassets/assets/textures/perpendiculartechlines_orange2.dds	8173e807338ffba6cae4da90297c0582	349680
mods/heroes.stormmod/base.stormassets/assets/textures/perpendiculartechlines_orange2.lvl0	b9df6307716071144698f2bbf3e4881f	5616
mods/heroes.stormmod/base.stormassets/assets/textures/perpendiculartechlines_purple.dds	a9b690e0fb0b19c3e0087341b6a5d3cf	349680
mods/heroes.stormmod/base.stormassets/assets/textures/perpendiculartechlines_purple.lvl0	25e477f6e3db8f0168d75b3e5be7916b	5616
mods/heroes.stormmod/base.stormassets/assets/textures/perpendiculartechlines_purple2.dds	4f894590a4945563d59ab2c75452d876	349680
mods/heroes.stormmod/base.stormassets/assets/textures/perpendiculartechlines_purple2.lvl0	8752b1009042d405db2622b893addd96	5616
mods/heroes.stormmod/base.stormassets/assets/textures/perpendiculartechlines_purple3.dds	293dee8e22e0d640171ee5b93a4da908	349680
mods/heroes.stormmod/base.stormassets/assets/textures/perpendiculartechlines_purple3.lvl0	1e4f208002da4477bf5a4c78955c3df3	5616
mods/heroes.stormmod/base.stormassets/assets/textures/perpendiculartechlines_red.dds	61640f5c36431837891e8c09080cd87c	349680
mods/heroes.stormmod/base.stormassets/assets/textures/perpendiculartechlines_red.lvl0	e9893e98c6599c12d65f6ce9529f4c4d	5616
mods/heroes.stormmod/base.stormassets/assets/textures/perpendiculartechlines_red2.dds	ad59de2242f3fb1325c1fe1096a34e0a	349680
mods/heroes.stormmod/base.stormassets/assets/textures/perpendiculartechlines_red2.lvl0	73f750627f1bb461d833b08f867d3ea5	5616
mods/heroes.stormmod/base.stormassets/assets/textures/perpendiculartechlines_teal.dds	7ab9dd6bf2e6faba205e4c85b66f7c3a	349680
mods/heroes.stormmod/base.stormassets/assets/textures/perpendiculartechlines_teal.lvl0	42d430ba1f8f549e86492c789da4a3c2	5616
mods/heroes.stormmod/base.stormassets/assets/textures/perpendiculartechlines_white.dds	04b8bb00c2478f251cc77a0c35b0629e	174904
mods/heroes.stormmod/base.stormassets/assets/textures/perpendiculartechlines_white.lvl0	93c55f4808ac38d3480520d548c49411	824
mods/heroes.stormmod/base.stormassets/assets/textures/perpendiculartechshapes_blue.dds	efd405340ca0acc7bd8c3f125f80aa24	87536
mods/heroes.stormmod/base.stormassets/assets/textures/perpendiculartechshapes_blue.lvl0	dd2d59ab788b1eabca53b40bb361b9b5	5616
mods/heroes.stormmod/base.stormassets/assets/textures/storm_peasant_make_overalls_body_norm_v03.dds	a59d6eb2607be08fe7c8fe117b4f15a8	349684
mods/heroes.stormmod/base.stormassets/assets/textures/storm_peasant_make_overalls_body_norm_v03.lvl0	8fe3f94e260d8aa30367983e4a3dc768	5616
mods/heroes.stormmod/base.stormassets/assets/textures/storm_peasant_male_blacksmith_wvest_diff.dds	93a7ab98641bf8664afa893ba7f6f51f	174904
mods/heroes.stormmod/base.stormassets/assets/textures/storm_peasant_male_blacksmith_wvest_diff.lvl0	b5dee5cf066545f8702e439aa302fdad	2872
mods/heroes.stormmod/base.stormassets/assets/textures/storm_peasant_male_blacksmith_wvest_norm.dds	4c4fd2a09276650d5a80f93ff971fd2d	349684
mods/heroes.stormmod/base.stormassets/assets/textures/storm_peasant_male_blacksmith_wvest_norm.lvl0	38c638cfdd70b19acb37733cb52ec591	5616
mods/heroes.stormmod/base.stormassets/assets/textures/storm_peasant_male_blacksmith_wvest_spec.dds	fc1ed8731de00687f14ab295a2443209	174904
mods/heroes.stormmod/base.stormassets/assets/textures/storm_peasant_male_blacksmith_wvest_spec.lvl0	792a6a7a4787a355003d11aad57face9	2872
mods/heroes.stormmod/base.stormassets/assets/textures/storm_peasant_male_docks_blue_diff.dds	f6b73275cfd8dd94d60caccbc3ad3c31	43832
mods/heroes.stormmod/base.stormassets/assets/textures/storm_peasant_male_docks_blue_diff.lvl0	13654e1e19c9de32c737650081ff43f6	824
mods/heroes.stormmod/base.stormassets/assets/textures/storm_peasant_male_docks_diff_01.dds	7091567e72e8e7e889781628ace3a447	174904
mods/heroes.stormmod/base.stormassets/assets/textures/storm_peasant_male_docks_diff_01.lvl0	4e01e55193c914758de3262acce411b4	824
mods/heroes.stormmod/base.stormassets/assets/textures/storm_peasant_male_docks_stripesdark_diff.dds	0f9045e13fb6678d28a07516abfe132e	699192
mods/heroes.stormmod/base.stormassets/assets/textures/storm_peasant_male_docks_stripesdark_diff.lvl0	1932e0432830e2a92c13894bb62abf69	2872
mods/heroes.stormmod/base.stormassets/assets/textures/storm_peasant_male_docks_yellow_diff.dds	f0aee5c1aed80a5e3f9cf11b089c2d80	174904
mods/heroes.stormmod/base.stormassets/assets/textures/storm_peasant_male_docks_yellow_diff.lvl0	3e2f9001ab70fc65955c9fcf240e3bac	2872
mods/heroes.stormmod/base.stormassets/assets/textures/storm_peasant_male_farmer_wfork_diff.dds	ebfd2f2b731f8645e50c5dfa34d7fedf	174904
mods/heroes.stormmod/base.stormassets/assets/textures/storm_peasant_male_farmer_wfork_diff.lvl0	0e5f6c6ac38c9ff6b27c029097c58a2a	2872
mods/heroes.stormmod/base.stormassets/assets/textures/storm_peasant_male_fisherman_diff.dds	111ba32aba131b3dcd8db758bde86cb0	174904
mods/heroes.stormmod/base.stormassets/assets/textures/storm_peasant_male_fisherman_diff.lvl0	b9d7fec39d02ff0a7a607806b2af0605	824
mods/heroes.stormmod/base.stormassets/assets/textures/storm_peasant_male_lumberjack_diff.dds	68154c5e7447ef817e120afad3992c6c	174904
mods/heroes.stormmod/base.stormassets/assets/textures/storm_peasant_male_lumberjack_diff.lvl0	fa5e762ddf2abd0e8c6902eb31591e41	2872
mods/heroes.stormmod/base.stormassets/assets/textures/storm_peasant_male_lumberjack_spec.dds	40aa6b6ba63c272db4a3206689425f7f	174904
mods/heroes.stormmod/base.stormassets/assets/textures/storm_peasant_male_lumberjack_spec.lvl0	d51419570f3599e04104960188f956cc	2872
mods/heroes.stormmod/base.stormassets/assets/textures/storm_peasant_male_overalls_wshirt_diff.dds	77f73c66c3e2c2d345621f3b298d04aa	349680
mods/heroes.stormmod/base.stormassets/assets/textures/storm_peasant_male_overalls_wshirt_diff.lvl0	f54d72ba727918be08913b8f2d99455e	5616
mods/heroes.stormmod/base.stormassets/assets/textures/storm_peasant_male_overalls_wvest_diff.dds	939a5329590bd36ec598ae74caef4e3c	174904
mods/heroes.stormmod/base.stormassets/assets/textures/storm_peasant_male_overalls_wvest_diff.lvl0	cafc3e653372a0971ebd3508a787f876	2872
mods/heroes.stormmod/base.stormassets/assets/textures/storm_peasant_male_overalls_wvest_norm.dds	c9df86f10a5751edc3145c40629d91d0	349684
mods/heroes.stormmod/base.stormassets/assets/textures/storm_peasant_male_overalls_wvest_norm.lvl0	c0f82978d24191ac1c5425b7d6d1ea4b	5616
mods/heroes.stormmod/base.stormassets/assets/textures/storm_peasant_male_overalls_wvest_spec.dds	aef7664c9160274e536646549ccf3381	174904
mods/heroes.stormmod/base.stormassets/assets/textures/storm_peasant_male_overalls_wvest_spec.lvl0	49f87890473b9e003c387de390e5d685	2872
mods/heroes.stormmod/base.stormassets/assets/textures/storm_peasant_male_sailor_diff.dds	b43d3aa6ce119ec32a8d5ed304a7bf5c	174904
mods/heroes.stormmod/base.stormassets/assets/textures/storm_peasant_male_sailor_diff.lvl0	051d123dd289590547219d64299eb536	2872
mods/heroes.stormmod/base.stormassets/assets/textures/storm_peasant_male_wbelt_diff.dds	43395dbd83d92b65c7a5102ebfe82495	174904
mods/heroes.stormmod/base.stormassets/assets/textures/storm_peasant_male_wbelt_diff.lvl0	c3f13085b61f77ccfe38c67ec0e54e6a	2872
mods/heroes.stormmod/base.stormassets/assets/textures/storm_peasant_male_wshirt_body_norm.dds	51b6c5db272331f354812593baa8a865	349684
mods/heroes.stormmod/base.stormassets/assets/textures/storm_peasant_male_wshirt_body_norm.lvl0	573881d5261779f62010fff1eb3b7649	5616
mods/heroes.stormmod/base.stormassets/assets/textures/storm_pedestoolsplat.dds	ffbdb912bbd60729f537a7c474238f30	87536
mods/heroes.stormmod/base.stormassets/assets/textures/storm_pedestoolsplat.lvl0	67d2a093ce345f58c8918f854fec2df2	5616
mods/heroes.stormmod/base.stormassets/assets/textures/storm_personalizedstats_arrow.dds	09b9a82c874e360d58a3e5654b386664	1360
mods/heroes.stormmod/base.stormassets/assets/textures/storm_personalizedstats_cloudmask.dds	79dd97ce2f030c7cf913c328910dcd93	16512
mods/heroes.stormmod/base.stormassets/assets/textures/storm_personalizedstats_frame_glow.dds	20e5773358f75e3c4034245196ddc47d	16512
mods/heroes.stormmod/base.stormassets/assets/textures/storm_personalizedstats_frame_mask.dds	d2ac53c21a7d1ea771911eddff36948a	16512
mods/heroes.stormmod/base.stormassets/assets/textures/storm_personalizedstats_frame_normal.dds	bb9cb9914d1730b6c3172913bffd5037	16512
mods/heroes.stormmod/base.stormassets/assets/textures/storm_personalizedstats_star.dds	503c27406aa765ac802a7a1faf309633	18560
mods/heroes.stormmod/base.stormassets/assets/textures/storm_personalizedstats_trianglefill.dds	a28f2b78ca37388e74b324f736e91684	17840
mods/heroes.stormmod/base.stormassets/assets/textures/storm_personalizedstats_triangleframe.dds	aa831e689d17a159c3b5da0e108150dc	17840
mods/heroes.stormmod/base.stormassets/assets/textures/storm_personalizedstats_triangleloner.dds	c60788a2604b597e968d2969d885affa	106400
mods/heroes.stormmod/base.stormassets/assets/textures/storm_pet_abathurlocustnest_diff.dds	3879485a4ef7eb68fd84a37fb30164a5	1398256
mods/heroes.stormmod/base.stormassets/assets/textures/storm_pet_abathurlocustnest_diff.lvl0	3f58e0cf621dfed798bb750d54397d82	5616
mods/heroes.stormmod/base.stormassets/assets/textures/storm_pet_abathurlocustnest_emis.dds	cd3a5f38409879434cbe100a91662f50	699192
mods/heroes.stormmod/base.stormassets/assets/textures/storm_pet_abathurlocustnest_emis.lvl0	cb644966d6025a90fe978c5147c05754	2872
mods/heroes.stormmod/base.stormassets/assets/textures/storm_pet_abathurlocustnest_norm.dds	c3134689fa2f72bdb4588f200d41c2d6	349680
mods/heroes.stormmod/base.stormassets/assets/textures/storm_pet_abathurlocustnest_norm.lvl0	f58571bdb87e7c3b21d1a3157ed60856	5616
mods/heroes.stormmod/base.stormassets/assets/textures/storm_pet_abathurlocustnest_spec.dds	fb320bb6fb7eb77770a2091cbdf918f3	1398256
mods/heroes.stormmod/base.stormassets/assets/textures/storm_pet_abathurlocustnest_spec.lvl0	9f054c3e9e6f93285fb30b5f1f80f4ac	5616
mods/heroes.stormmod/base.stormassets/assets/textures/storm_pet_anubarakcarrionbeetle_base_diff.dds	647865829f19079451023cb41be3572d	349680
mods/heroes.stormmod/base.stormassets/assets/textures/storm_pet_anubarakcarrionbeetle_base_diff.lvl0	3da98c1470d384bb48b33892df12fe7f	5616
mods/heroes.stormmod/base.stormassets/assets/textures/storm_pet_anubarakcarrionbeetle_base_emis.dds	a8001f051634b7b887cc34ebe469275c	87536
mods/heroes.stormmod/base.stormassets/assets/textures/storm_pet_anubarakcarrionbeetle_base_emis.lvl0	132ae324b7dc96b6d9063dc7f8be210e	5616
mods/heroes.stormmod/base.stormassets/assets/textures/storm_pet_anubarakcarrionbeetle_base_norm.dds	9060aeb549e32fd981efa22559d3d82c	349684
mods/heroes.stormmod/base.stormassets/assets/textures/storm_pet_anubarakcarrionbeetle_base_norm.lvl0	fd8b85de064fdcd097924e4f1ca5fdf2	5616
mods/heroes.stormmod/base.stormassets/assets/textures/storm_pet_anubarakcarrionbeetle_base_spec.dds	9b6e493d9ea68ba073466f0b300541b6	87536
mods/heroes.stormmod/base.stormassets/assets/textures/storm_pet_anubarakcarrionbeetle_base_spec.lvl0	3b28246850dd5ad00d55f1ce7b07f114	5616
mods/heroes.stormmod/base.stormassets/assets/textures/storm_pet_anubarakcarrionbeetle_love_base_diff.dds	5c3e3982f4c037829c4cfb3b004d6087	349680
mods/heroes.stormmod/base.stormassets/assets/textures/storm_pet_anubarakcarrionbeetle_love_base_diff.lvl0	0f6955249ac50dd8f3c95e6e0579e1b2	5616
mods/heroes.stormmod/base.stormassets/assets/textures/storm_pet_anubarakcarrionbeetle_love_base_emis.dds	1fffe33ba9683b32b9a0bcdb958fc527	174904
mods/heroes.stormmod/base.stormassets/assets/textures/storm_pet_anubarakcarrionbeetle_love_base_emis.lvl0	76e61e1a94bdea158b1709a1d3b315e0	2872
mods/heroes.stormmod/base.stormassets/assets/textures/storm_pet_anubarakcarrionbeetle_love_base_norm.dds	aed21db901ddb8939443165d555e1d87	349684
mods/heroes.stormmod/base.stormassets/assets/textures/storm_pet_anubarakcarrionbeetle_love_base_norm.lvl0	db32087051de0722b06ebded01658662	5616
mods/heroes.stormmod/base.stormassets/assets/textures/storm_pet_anubarakcarrionbeetle_love_base_spec.dds	76969a552797b8f6e78c42d4c6dbfba3	174904
mods/heroes.stormmod/base.stormassets/assets/textures/storm_pet_anubarakcarrionbeetle_love_base_spec.lvl0	ba3f5ba37a7b97ae23cbb2fbdfb94522	2872
mods/heroes.stormmod/base.stormassets/assets/textures/storm_pet_anubarakcarrionbeetle_zerg_diff.dds	fcedab63997009024e6d045a6ed9be1e	699216
mods/heroes.stormmod/base.stormassets/assets/textures/storm_pet_anubarakcarrionbeetle_zerg_diff.lvl0	b36de10dd39be05a817fb1dea3f28512	2896
mods/heroes.stormmod/base.stormassets/assets/textures/storm_pet_anubarakcarrionbeetle_zerg_emis.dds	54d8e717ae9fd150ae38c97304dced9b	87528
mods/heroes.stormmod/base.stormassets/assets/textures/storm_pet_anubarakcarrionbeetle_zerg_emis.lvl0	971e29241dd6f2927f2a314e90e0785a	1512
mods/heroes.stormmod/base.stormassets/assets/textures/storm_pet_anubarakcarrionbeetle_zerg_norm.dds	63bda7be96c9a6021aa2c4922a880134	699220
mods/heroes.stormmod/base.stormassets/assets/textures/storm_pet_anubarakcarrionbeetle_zerg_norm.lvl0	c8e92974cede195019f3152661cd7fd0	2896
mods/heroes.stormmod/base.stormassets/assets/textures/storm_pet_anubarakcarrionbeetle_zerg_spec.dds	3eaae30d26bbfa90e15175476a038e0a	699216
mods/heroes.stormmod/base.stormassets/assets/textures/storm_pet_anubarakcarrionbeetle_zerg_spec.lvl0	4d84becee31267abf12c9cbb7ec8a9ed	2896
mods/heroes.stormmod/base.stormassets/assets/textures/storm_pet_arthasghoul_craft20_diff.dds	23a106141a83782858ae0427c7b451c6	1398256
mods/heroes.stormmod/base.stormassets/assets/textures/storm_pet_arthasghoul_craft20_diff.lvl0	dbccea085c8d2fb62d90e5f45c6f0a8f	5616
mods/heroes.stormmod/base.stormassets/assets/textures/storm_pet_arthasghoul_craft20_var1_diff.dds	7cfe05af0f8750617ac39046a311d564	1398256
mods/heroes.stormmod/base.stormassets/assets/textures/storm_pet_arthasghoul_craft20_var1_diff.lvl0	ad1ff3c2ad32c49d963019e50d077bff	5616
mods/heroes.stormmod/base.stormassets/assets/textures/storm_pet_arthasghoul_craft20_var2_diff.dds	c83f8228f39720bef8bd6273f4cb1843	1398256
mods/heroes.stormmod/base.stormassets/assets/textures/storm_pet_arthasghoul_craft20_var2_diff.lvl0	b6c784be91270e784e5c92b0b05d9442	5616
mods/heroes.stormmod/base.stormassets/assets/textures/storm_pet_arthasghoul_crimsoncount_diff.dds	4fd4edea26564e21e8fa2c9b5fe8df9e	1398256
mods/heroes.stormmod/base.stormassets/assets/textures/storm_pet_arthasghoul_crimsoncount_diff.lvl0	0146df8d7f0e73f56577c623efe47cc9	5616
mods/heroes.stormmod/base.stormassets/assets/textures/storm_pet_arthasghoul_crimsoncount_emis.dds	74d3fdea1fac630d2661127df6c6118f	699192
mods/heroes.stormmod/base.stormassets/assets/textures/storm_pet_arthasghoul_crimsoncount_emis.lvl0	3ec0574e2f6e4e786bdbb77cd3381f1f	2872
mods/heroes.stormmod/base.stormassets/assets/textures/storm_pet_arthasghoul_crimsoncount_norm.dds	92ec0453dbc766d48b25ed60af679014	1398260
mods/heroes.stormmod/base.stormassets/assets/textures/storm_pet_arthasghoul_crimsoncount_norm.lvl0	ebea2b69112bb4c81bcf766b31bd1e26	5616
mods/heroes.stormmod/base.stormassets/assets/textures/storm_pet_arthasghoul_crimsoncount_spec.dds	040197908e74290dd93f832c57871579	1398256
mods/heroes.stormmod/base.stormassets/assets/textures/storm_pet_arthasghoul_crimsoncount_spec.lvl0	a8e2a7d4c8f7eef3ecd84462ea61f92c	5616
mods/heroes.stormmod/base.stormassets/assets/textures/storm_pet_arthasghoul_diff.dds	ee32007df3b9e64c0431f5310e716cb0	1398256
mods/heroes.stormmod/base.stormassets/assets/textures/storm_pet_arthasghoul_diff.lvl0	693f7220539e1e14d8df0b9fa0a6d474	5616
mods/heroes.stormmod/base.stormassets/assets/textures/storm_pet_arthasghoul_emis.dds	74d3fdea1fac630d2661127df6c6118f	699192
mods/heroes.stormmod/base.stormassets/assets/textures/storm_pet_arthasghoul_emis.lvl0	3ec0574e2f6e4e786bdbb77cd3381f1f	2872
mods/heroes.stormmod/base.stormassets/assets/textures/storm_pet_arthasghoul_footman_diff.dds	b60d49d0343602e4c89d7aebf7a3a44d	1398256
mods/heroes.stormmod/base.stormassets/assets/textures/storm_pet_arthasghoul_footman_diff.lvl0	065cae7c03e544c8cd2fd0b71686dc13	5616
mods/heroes.stormmod/base.stormassets/assets/textures/storm_pet_arthasghoul_footman_emis.dds	74d3fdea1fac630d2661127df6c6118f	699192
mods/heroes.stormmod/base.stormassets/assets/textures/storm_pet_arthasghoul_footman_emis.lvl0	3ec0574e2f6e4e786bdbb77cd3381f1f	2872
mods/heroes.stormmod/base.stormassets/assets/textures/storm_pet_arthasghoul_footman_norm.dds	d0389715ce216b7c2f111a638ed6fbcd	1398260
mods/heroes.stormmod/base.stormassets/assets/textures/storm_pet_arthasghoul_footman_norm.lvl0	f10f958a85e8853d8cd4bace4cc7d727	5616
mods/heroes.stormmod/base.stormassets/assets/textures/storm_pet_arthasghoul_footman_spec.dds	a834af532783dc958d0f221c51750d7c	1398256
mods/heroes.stormmod/base.stormassets/assets/textures/storm_pet_arthasghoul_footman_spec.lvl0	faa3505a0e08637f181e9dcd2fca2181	5616
mods/heroes.stormmod/base.stormassets/assets/textures/storm_pet_arthasghoul_guanyu_diff.dds	15a29d2d7c2a7ef6e98a338fef06975c	1398256
mods/heroes.stormmod/base.stormassets/assets/textures/storm_pet_arthasghoul_guanyu_diff.lvl0	a03983322d658da999be1979ecc659a6	5616
mods/heroes.stormmod/base.stormassets/assets/textures/storm_pet_arthasghoul_guanyu_emis.dds	c167d3d5f6c6f2e6795b9799336e6530	699192
mods/heroes.stormmod/base.stormassets/assets/textures/storm_pet_arthasghoul_guanyu_emis.lvl0	65d2b8aa7660e72ce7038f085bf78e05	2872
mods/heroes.stormmod/base.stormassets/assets/textures/storm_pet_arthasghoul_guanyu_norm.dds	2b05a8dc4dc1de47d4d411c66fcaa0b0	1398260
mods/heroes.stormmod/base.stormassets/assets/textures/storm_pet_arthasghoul_guanyu_norm.lvl0	5f7dcf3a41fcd3291a7a5d5a75059f38	5616
mods/heroes.stormmod/base.stormassets/assets/textures/storm_pet_arthasghoul_guanyu_spec.dds	32e495c54e326434267fa3466052eed5	1398256
mods/heroes.stormmod/base.stormassets/assets/textures/storm_pet_arthasghoul_guanyu_spec.lvl0	714e93b4170fab303775024cf349209a	5616
mods/heroes.stormmod/base.stormassets/assets/textures/storm_pet_arthasghoul_norm.dds	2485ba861110880840b6ef526b5a31d7	1398260
mods/heroes.stormmod/base.stormassets/assets/textures/storm_pet_arthasghoul_norm.lvl0	964ab0e358e35556f4a5bc236ba12c46	5616
mods/heroes.stormmod/base.stormassets/assets/textures/storm_pet_arthasghoul_spec.dds	28e873c9402d7df67bb431b06629e588	699192
mods/heroes.stormmod/base.stormassets/assets/textures/storm_pet_arthasghoul_spec.lvl0	a8b183b73057ce8db51f944aa12d2672	2872
mods/heroes.stormmod/base.stormassets/assets/textures/storm_pet_azmodancommon_madaxe18_diff.dds	280d2d2bad8f5c7767f6832bb4449992	1398256
mods/heroes.stormmod/base.stormassets/assets/textures/storm_pet_azmodancommon_madaxe18_diff.lvl0	3bf7715c8b435ac489abcf31bc51f701	5616
mods/heroes.stormmod/base.stormassets/assets/textures/storm_pet_azmodancommon_madaxe18_emis.dds	68f296fde4d77b79c4e0c3ebfde12c26	699192
mods/heroes.stormmod/base.stormassets/assets/textures/storm_pet_azmodancommon_madaxe18_emis.lvl0	9002b4e6d541018c2c3268b650385c9b	2872
mods/heroes.stormmod/base.stormassets/assets/textures/storm_pet_azmodancommon_madaxe18_norm.dds	356cc679da43f1f9269992093765e0c1	1398260
mods/heroes.stormmod/base.stormassets/assets/textures/storm_pet_azmodancommon_madaxe18_norm.lvl0	b662e79b6e73190f6ec074ae32631e75	5616
mods/heroes.stormmod/base.stormassets/assets/textures/storm_pet_azmodancommon_madaxe18_spec.dds	2ad4a93ea835c95781a613f22ff419e0	1398256
mods/heroes.stormmod/base.stormassets/assets/textures/storm_pet_azmodancommon_madaxe18_spec.lvl0	27f306a4e90205c526a5ae3a825a2786	5616
mods/heroes.stormmod/base.stormassets/assets/textures/storm_pet_azmodandemon_azguldan_diff.dds	d7eb29080169e56196cced4408bf1519	1398256
mods/heroes.stormmod/base.stormassets/assets/textures/storm_pet_azmodandemon_azguldan_diff.lvl0	2204c0692fc4bb6f6b0cf4952ba64b2b	5616
mods/heroes.stormmod/base.stormassets/assets/textures/storm_pet_azmodandemon_azmodunk_diff.dds	ff023aa7391641d0c2e383a59cb6934e	1398256
mods/heroes.stormmod/base.stormassets/assets/textures/storm_pet_azmodandemon_azmodunk_diff.lvl0	310b4e88f61012a732d4e569738e0f52	5616
mods/heroes.stormmod/base.stormassets/assets/textures/storm_pet_azmodandemon_azmodunk_emis.dds	e4b0cfa0e6cdb1267258087f146f07ed	174904
mods/heroes.stormmod/base.stormassets/assets/textures/storm_pet_azmodandemon_azmodunk_emis.lvl0	5147865b03ff3f32aeb3ae47da7ad491	2872
mods/heroes.stormmod/base.stormassets/assets/textures/storm_pet_azmodandemon_azmodunk_spec.dds	345a2cd070f87bc8e8a3c3e0d8a3557b	349680
mods/heroes.stormmod/base.stormassets/assets/textures/storm_pet_azmodandemon_azmodunk_spec.lvl0	005cff988131013cad84c758b28f0916	5616
mods/heroes.stormmod/base.stormassets/assets/textures/storm_pet_azmodandemon_base_diff.dds	8fe365df72d66d453a2481153e7e86ee	1398256
mods/heroes.stormmod/base.stormassets/assets/textures/storm_pet_azmodandemon_base_diff.lvl0	adf5a023b67b13eb2ee0c5c20cddfea7	5616
mods/heroes.stormmod/base.stormassets/assets/textures/storm_pet_azmodangeneral_azguldan_diff.dds	771cffd494dee518c3f617a0462c7efb	1398256
mods/heroes.stormmod/base.stormassets/assets/textures/storm_pet_azmodangeneral_azguldan_diff.lvl0	0b7386e8eb1153a536a6200f62009b31	5616
mods/heroes.stormmod/base.stormassets/assets/textures/storm_pet_azmodangeneral_azmodunk_diff.dds	cb643ce846c04405bc7d8435c22f857f	1398256
mods/heroes.stormmod/base.stormassets/assets/textures/storm_pet_azmodangeneral_azmodunk_diff.lvl0	b9a063195439e048948cac66e5f4b181	5616
mods/heroes.stormmod/base.stormassets/assets/textures/storm_pet_azmodangeneral_azmodunk_emis.dds	a899047fb46a205bdc8e696f509e1ea2	174904
mods/heroes.stormmod/base.stormassets/assets/textures/storm_pet_azmodangeneral_azmodunk_emis.lvl0	99ba1e1caa944d4880e50adb141a1757	2872
mods/heroes.stormmod/base.stormassets/assets/textures/storm_pet_azmodangeneral_azmodunk_spec.dds	f920da431ea1779ee0a6e77339cfbe3d	349680
mods/heroes.stormmod/base.stormassets/assets/textures/storm_pet_azmodangeneral_azmodunk_spec.lvl0	541b77afb8649ae5fb3366a2bb36e31a	5616
mods/heroes.stormmod/base.stormassets/assets/textures/storm_pet_azmodangeneral_base_diff.dds	8bec322b55d71776632d5446ec58285c	1398256
mods/heroes.stormmod/base.stormassets/assets/textures/storm_pet_azmodangeneral_base_diff.lvl0	a83c94b387c02fbdf1779af6205f7b7e	5616
mods/heroes.stormmod/base.stormassets/assets/textures/storm_pet_azmodangeneral_base_emis.dds	6739327cb4c1f5b3ec4a24cddfe14447	1398256
mods/heroes.stormmod/base.stormassets/assets/textures/storm_pet_azmodangeneral_base_emis.lvl0	34ed5fc8ab468b44d232e04ccd9a8d61	5616
mods/heroes.stormmod/base.stormassets/assets/textures/storm_pet_azmodantrooper_azguldan_diff.dds	da0a4eef70a333f57602f2552852ab80	1398256
mods/heroes.stormmod/base.stormassets/assets/textures/storm_pet_azmodantrooper_azguldan_diff.lvl0	87334572f6634a39147990db3a919436	5616
mods/heroes.stormmod/base.stormassets/assets/textures/storm_pet_azmodantrooper_azguldan_spec.dds	3f34660f4ea3a8eb5ad3ead26cea7ee7	699192
mods/heroes.stormmod/base.stormassets/assets/textures/storm_pet_azmodantrooper_azguldan_spec.lvl0	2370622407e5a50a9e1de95ee9c61bda	2872
mods/heroes.stormmod/base.stormassets/assets/textures/storm_pet_azmodantrooper_azmodunk_heavy_diff.dds	7ed4563ee171b610227203e22cf023c4	1398256
mods/heroes.stormmod/base.stormassets/assets/textures/storm_pet_azmodantrooper_azmodunk_heavy_diff.lvl0	a5a44b052afb0c91b46c150aaa75271d	5616
mods/heroes.stormmod/base.stormassets/assets/textures/storm_pet_azmodantrooper_azmodunk_heavy_emis.dds	a72bdb1fcde1797e7f36803a76babb0d	174904
mods/heroes.stormmod/base.stormassets/assets/textures/storm_pet_azmodantrooper_azmodunk_heavy_emis.lvl0	40ca6a6da71ca0105433a71e34553814	2872
mods/heroes.stormmod/base.stormassets/assets/textures/storm_pet_azmodantrooper_azmodunk_heavy_spec.dds	4c9660c549cdb06cc3ec107e9ad5bbeb	349680
mods/heroes.stormmod/base.stormassets/assets/textures/storm_pet_azmodantrooper_azmodunk_heavy_spec.lvl0	381973bc0c409c2fb689dfd4137684e3	5616
mods/heroes.stormmod/base.stormassets/assets/textures/storm_pet_azmodantrooper_azmodunk_norm.dds	c8fe8b6e71e37d98f7eeec6706931136	349680
mods/heroes.stormmod/base.stormassets/assets/textures/storm_pet_azmodantrooper_azmodunk_norm.lvl0	5386400574b43f1c7e7c3e58b6533521	5616
mods/heroes.stormmod/base.stormassets/assets/textures/storm_pet_azmodantrooper_base_diff.dds	c258154c31d329452f4d713572b54edb	1398256
mods/heroes.stormmod/base.stormassets/assets/textures/storm_pet_azmodantrooper_base_diff.lvl0	5c2271189d1e87f14dc129e7f641aaec	5616
mods/heroes.stormmod/base.stormassets/assets/textures/storm_pet_azmodantrooper_base_emis.dds	c238e6b64d2f40fbf41ff6401f8588c5	1398256
mods/heroes.stormmod/base.stormassets/assets/textures/storm_pet_azmodantrooper_base_emis.lvl0	d43263c27c8e48acd71da7b5aa414cc1	5616
mods/heroes.stormmod/base.stormassets/assets/textures/storm_pet_azmodantrooper_base_norm.dds	be79211760db5c79e29918208b6879fa	1398260
mods/heroes.stormmod/base.stormassets/assets/textures/storm_pet_azmodantrooper_base_norm.lvl0	2efa488aa374d2b3ad3ec36f2305ed83	5616
mods/heroes.stormmod/base.stormassets/assets/textures/storm_pet_azmodantrooper_base_spec.dds	2d1699e7caa1f8f0ace94000322e925a	699192
mods/heroes.stormmod/base.stormassets/assets/textures/storm_pet_azmodantrooper_base_spec.lvl0	0272b7b14d01d8ddae6d8bc9ea9b1cd2	2872
mods/heroes.stormmod/base.stormassets/assets/textures/storm_pet_chromiedragon_base_diff.dds	934a41582d7003619d5c1bdbea870e3b	699192
mods/heroes.stormmod/base.stormassets/assets/textures/storm_pet_chromiedragon_base_diff.lvl0	a86443946186b0160f20abd8a1660e13	2872
mods/heroes.stormmod/base.stormassets/assets/textures/storm_pet_chromiedragon_base_emis.dds	4b15b52c1dc541c859c44803fce88db0	1398256
mods/heroes.stormmod/base.stormassets/assets/textures/storm_pet_chromiedragon_base_emis.lvl0	1502f1663f1fe9db19e7d98cf855939e	5616
mods/heroes.stormmod/base.stormassets/assets/textures/storm_pet_chromiedragon_base_norm.dds	a15ab534e7b030700aec08c29329340c	1398260
mods/heroes.stormmod/base.stormassets/assets/textures/storm_pet_chromiedragon_base_norm.lvl0	a24a0ec241b79dabde14c4e6e929c582	5616
mods/heroes.stormmod/base.stormassets/assets/textures/storm_pet_chromiedragon_base_spec.dds	11097bfe5b2e2261d5285e6fc805dd7b	1398256
mods/heroes.stormmod/base.stormassets/assets/textures/storm_pet_chromiedragon_base_spec.lvl0	22c98c7776ee5adaea72592ca912d923	5616
mods/heroes.stormmod/base.stormassets/assets/textures/storm_pet_chromiedragon_fel_diff.dds	e68a3a540764135b725e3065f878fc3c	699192
mods/heroes.stormmod/base.stormassets/assets/textures/storm_pet_chromiedragon_fel_diff.lvl0	785a91b4fce253a4871c98d9e2fe1904	2872
mods/heroes.stormmod/base.stormassets/assets/textures/storm_pet_chromiedragon_fel_emis.dds	f70de6efceb235f3155187f8c1d4fe73	1398256
mods/heroes.stormmod/base.stormassets/assets/textures/storm_pet_chromiedragon_fel_emis.lvl0	8764a14b972bb61fbef0259b96b3d273	5616
mods/heroes.stormmod/base.stormassets/assets/textures/storm_pet_chromiedragon_fel_norm.dds	f04e14986590b06421185a3751a9065b	1398260
mods/heroes.stormmod/base.stormassets/assets/textures/storm_pet_chromiedragon_fel_norm.lvl0	29fb3ce80092cccd92225989ac4342fa	5616
mods/heroes.stormmod/base.stormassets/assets/textures/storm_pet_chromiedragon_fel_spec.dds	c158dcf47b51edad69c10487ec42dc8c	1398256
mods/heroes.stormmod/base.stormassets/assets/textures/storm_pet_chromiedragon_fel_spec.lvl0	040380749e6917a97987ade8ac4e0a5c	5616
mods/heroes.stormmod/base.stormassets/assets/textures/storm_pet_chromiedragon_genie_diff.dds	86b190598c207fba2fb8668cf87ffd03	699192
mods/heroes.stormmod/base.stormassets/assets/textures/storm_pet_chromiedragon_genie_diff.lvl0	4691261851c29318b7c2475f2dcb7046	2872
mods/heroes.stormmod/base.stormassets/assets/textures/storm_pet_chromiedragon_genie_emis.dds	f57bc2b4bb683dcd63c5974db43a4c1c	349680
mods/heroes.stormmod/base.stormassets/assets/textures/storm_pet_chromiedragon_genie_emis.lvl0	69537ec22bfcd3cab25aace05429a278	5616
mods/heroes.stormmod/base.stormassets/assets/textures/storm_pet_chromiedragon_genie_norm.dds	c40e8462103bacd07a60aa99418f8204	1398260
mods/heroes.stormmod/base.stormassets/assets/textures/storm_pet_chromiedragon_genie_norm.lvl0	5bfa690a257f6ce11411e69374c9d585	5616
mods/heroes.stormmod/base.stormassets/assets/textures/storm_pet_chromiedragon_genie_spec.dds	587872caf99be6618732f7b1af3dd161	1398256
mods/heroes.stormmod/base.stormassets/assets/textures/storm_pet_chromiedragon_genie_spec.lvl0	fc57a0d5d9b40c97a0605d87781c053a	5616
mods/heroes.stormmod/base.stormassets/assets/textures/storm_pet_chromiedragon_spring19_diff.dds	8ec33aab97c86f69a53a8f400d8da84e	699192
mods/heroes.stormmod/base.stormassets/assets/textures/storm_pet_chromiedragon_spring19_diff.lvl0	0a8e729c25da3d6e0b9d085ab6da440f	2872
mods/heroes.stormmod/base.stormassets/assets/textures/storm_pet_chromiedragon_spring19_emis.dds	bc0bbb13422e161d31787692e297dba5	1398256
mods/heroes.stormmod/base.stormassets/assets/textures/storm_pet_chromiedragon_spring19_emis.lvl0	2791eef3b711453e0b8491511f9d9b5b	5616
mods/heroes.stormmod/base.stormassets/assets/textures/storm_pet_chromiedragon_spring19_norm.dds	39dd7f1729ba181c8d7affcf9d37ae42	1398260
mods/heroes.stormmod/base.stormassets/assets/textures/storm_pet_chromiedragon_spring19_norm.lvl0	a24a0ec241b79dabde14c4e6e929c582	5616
mods/heroes.stormmod/base.stormassets/assets/textures/storm_pet_chromiedragon_spring19_spec.dds	1b9b77a0b976d5f80e891dbcd1d1079a	1398256
mods/heroes.stormmod/base.stormassets/assets/textures/storm_pet_chromiedragon_spring19_spec.lvl0	d18d7d93a03056034505d7fdd5e9d434	5616
mods/heroes.stormmod/base.stormassets/assets/textures/storm_pet_chromiedragonmask_base_a_diff.dds	3ddfdb4671097fe409796f6b2d81e53d	43832
mods/heroes.stormmod/base.stormassets/assets/textures/storm_pet_chromiedragonmask_base_a_diff.lvl0	bbcaafda79e955afb9b242b2a52bbf0b	2872
mods/heroes.stormmod/base.stormassets/assets/textures/storm_pet_chromiedragonmask_base_b_diff.dds	cf2c60be89b2b0388b4f5fd7f3ab6840	87536
mods/heroes.stormmod/base.stormassets/assets/textures/storm_pet_chromiedragonmask_base_b_diff.lvl0	c8d41e73839f49695d1fd553328ed5ee	5616
mods/heroes.stormmod/base.stormassets/assets/textures/storm_pet_chromiedragonmask_base_c_diff.dds	38d090e2e789ee7263b8304505726baf	87536
mods/heroes.stormmod/base.stormassets/assets/textures/storm_pet_chromiedragonmask_base_c_diff.lvl0	e5efd18bc9d9bb0a33feebffec030ac4	5616
mods/heroes.stormmod/base.stormassets/assets/textures/storm_pet_chromiedragonmask_fel_a_diff.dds	7d78b808e463c70215226ddb12430c1f	43832
mods/heroes.stormmod/base.stormassets/assets/textures/storm_pet_chromiedragonmask_fel_a_diff.lvl0	fa324d4bb12bea8d2163602bf59a4a77	2872
mods/heroes.stormmod/base.stormassets/assets/textures/storm_pet_chromiedragonmask_genie_a_diff.dds	070292384e68bbd71f569efc9d63389c	43832
mods/heroes.stormmod/base.stormassets/assets/textures/storm_pet_chromiedragonmask_genie_a_diff.lvl0	07d9dfdafb42ff13b21d3b72fcac62be	2872
mods/heroes.stormmod/base.stormassets/assets/textures/storm_pet_chromiedragonsand_base_diff.dds	299dd50a2377a3324aad73d97b3b1621	699192
mods/heroes.stormmod/base.stormassets/assets/textures/storm_pet_chromiedragonsand_base_diff.lvl0	bd19f300a1d2a4ba76efeb43e031d577	2872
mods/heroes.stormmod/base.stormassets/assets/textures/storm_pet_chromiedragonsand_base_norm.dds	8fc420a563c531ffd526f8926f315f9f	1398260
mods/heroes.stormmod/base.stormassets/assets/textures/storm_pet_chromiedragonsand_base_norm.lvl0	bf809c8a2783294e9c12a5352336f3eb	5616
mods/heroes.stormmod/base.stormassets/assets/textures/storm_pet_d2necrommage_base_diff.dds	11da30da885d466ca6d6c47781ca65e2	1398256
mods/heroes.stormmod/base.stormassets/assets/textures/storm_pet_d2necrommage_base_diff.lvl0	bd311334ff5dd6fb00094a1a64d82366	5616
mods/heroes.stormmod/base.stormassets/assets/textures/storm_pet_d2necrommage_base_emis.dds	47ea7d87b40d878abc613cc3999fb29d	699192
mods/heroes.stormmod/base.stormassets/assets/textures/storm_pet_d2necrommage_base_emis.lvl0	745c787afd6fbea5cc9ba5d2fd1eab86	2872
mods/heroes.stormmod/base.stormassets/assets/textures/storm_pet_d2necrommage_base_norm.dds	07091b009ea3be6f9418ac23b864cf3e	1398260
mods/heroes.stormmod/base.stormassets/assets/textures/storm_pet_d2necrommage_base_norm.lvl0	73fc8dcd16227b7cb070584bc46492d6	5616
mods/heroes.stormmod/base.stormassets/assets/textures/storm_pet_d2necrommage_base_spec.dds	d1240ecf107e0e81b0447dda3e171bcb	699192
mods/heroes.stormmod/base.stormassets/assets/textures/storm_pet_d2necrommage_base_spec.lvl0	5ee2b213a2b7d926a4ca2dbba9369009	2872
mods/heroes.stormmod/base.stormassets/assets/textures/storm_pet_d2necrommage_scare_diff.dds	4475d798c66965ccff9c41bf7ada5a5f	1398256
mods/heroes.stormmod/base.stormassets/assets/textures/storm_pet_d2necrommage_scare_diff.lvl0	61f909b8e0ae20fd9e94db358f7be02d	5616
mods/heroes.stormmod/base.stormassets/assets/textures/storm_pet_d2necrommage_scare_norm.dds	df1a80748c34351d4a55ad61fee0b713	1398260
mods/heroes.stormmod/base.stormassets/assets/textures/storm_pet_d2necrommage_scare_norm.lvl0	4d2bcee024ebd673f8e37ec7c9daffc6	5616
mods/heroes.stormmod/base.stormassets/assets/textures/storm_pet_d2necrommage_scare_spec.dds	44919453ceadee63f67be53ef4113c39	1398256
mods/heroes.stormmod/base.stormassets/assets/textures/storm_pet_d2necrommage_scare_spec.lvl0	a04183cc278177fdab42e1ac750a6fb9	5616
mods/heroes.stormmod/base.stormassets/assets/textures/storm_pet_d2necromskeleton_scare_diff.dds	819c09afcb4ec2e71230298822c7d42c	1398256
mods/heroes.stormmod/base.stormassets/assets/textures/storm_pet_d2necromskeleton_scare_diff.lvl0	5e3059ce8c1d6c8b57b36cbf0657776e	5616
mods/heroes.stormmod/base.stormassets/assets/textures/storm_pet_d2necromskeleton_scare_emis.dds	65db6f9fb8d3fc1d9f69948a7fcc3b48	174904
mods/heroes.stormmod/base.stormassets/assets/textures/storm_pet_d2necromskeleton_scare_emis.lvl0	8f9246cd3aeb1950161c65ff50abcd06	824
mods/heroes.stormmod/base.stormassets/assets/textures/storm_pet_d2necromskeleton_scare_norm.dds	ee2909d86392bfed1bd80647721f1eb5	1398260
mods/heroes.stormmod/base.stormassets/assets/textures/storm_pet_d2necromskeleton_scare_norm.lvl0	e6bd1440da84136560986898eb7b5d1b	5616
mods/heroes.stormmod/base.stormassets/assets/textures/storm_pet_d2necromskeleton_scare_spec.dds	1d75f7c1542030d5dfdc4c2cbef2b5a6	1398256
mods/heroes.stormmod/base.stormassets/assets/textures/storm_pet_d2necromskeleton_scare_spec.lvl0	f8d069d945f2ad40dd970e534a3ef722	5616
mods/heroes.stormmod/base.stormassets/assets/textures/storm_pet_firebatbunker_army19_diff.dds	e7ea971b38795072fec5138da75c3956	699192
mods/heroes.stormmod/base.stormassets/assets/textures/storm_pet_firebatbunker_army19_diff.lvl0	082a0fcf99dea434822daa9126db7210	2872
mods/heroes.stormmod/base.stormassets/assets/textures/storm_pet_firebatbunker_army19_emis.dds	00c27fca35c2e81cac3178c7446b89ac	699192
mods/heroes.stormmod/base.stormassets/assets/textures/storm_pet_firebatbunker_army19_emis.lvl0	e5485f1d4938784f77c7c89d2d590848	2872
mods/heroes.stormmod/base.stormassets/assets/textures/storm_pet_firebatbunker_army19_norm.dds	532a3d1635d34deeb723d85930e67b26	1398260
mods/heroes.stormmod/base.stormassets/assets/textures/storm_pet_firebatbunker_army19_norm.lvl0	4fddf1e1d4deca8be12f595ed91396d8	5616
mods/heroes.stormmod/base.stormassets/assets/textures/storm_pet_firebatbunker_army19_spec.dds	bf47a69cad70007ef4e6a64f11363186	1398256
mods/heroes.stormmod/base.stormassets/assets/textures/storm_pet_firebatbunker_army19_spec.lvl0	08c0aa55bc4e0dbd9d02b59f801fd49e	5616
mods/heroes.stormmod/base.stormassets/assets/textures/storm_pet_firebatbunker_army19_var1_diff.dds	09386be1b6cc601cd1b645a133b5455a	699192
mods/heroes.stormmod/base.stormassets/assets/textures/storm_pet_firebatbunker_army19_var1_diff.lvl0	5dc932849f5b637c727a794d48b62b34	2872
mods/heroes.stormmod/base.stormassets/assets/textures/storm_pet_firebatbunker_army19_var1_spec.dds	023c51c316dbd5392f4a7f2926af2fe5	1398256
mods/heroes.stormmod/base.stormassets/assets/textures/storm_pet_firebatbunker_army19_var1_spec.lvl0	31c0908b22602575e104798a692f26b9	5616
mods/heroes.stormmod/base.stormassets/assets/textures/storm_pet_firebatbunker_army19_var2_diff.dds	df020be0ae3485132a4252c718753f07	699192
mods/heroes.stormmod/base.stormassets/assets/textures/storm_pet_firebatbunker_army19_var2_diff.lvl0	f2ce5638fc871b56b94d3fd9dc2049ca	2872
mods/heroes.stormmod/base.stormassets/assets/textures/storm_pet_firebatbunker_army19_var2_spec.dds	51e0a63c849306c3bb189c7fc410dc0f	1398256
mods/heroes.stormmod/base.stormassets/assets/textures/storm_pet_firebatbunker_army19_var2_spec.lvl0	3f583984b964d28c78c9ba2d02dffb43	5616
mods/heroes.stormmod/base.stormassets/assets/textures/storm_pet_firebatbunker_diff.dds	764f6aa98c6a88e96b3e37d64b4fa88e	699192
mods/heroes.stormmod/base.stormassets/assets/textures/storm_pet_firebatbunker_diff.lvl0	2f07fa8b70c50a959ea094005d92342f	2872
mods/heroes.stormmod/base.stormassets/assets/textures/storm_pet_firebatbunker_emis.dds	ac7fd6249f23f7df4366aa1d207c871c	699192
mods/heroes.stormmod/base.stormassets/assets/textures/storm_pet_firebatbunker_emis.lvl0	8ee1545708c5528066bb5d1b9fc8f878	2872
mods/heroes.stormmod/base.stormassets/assets/textures/storm_pet_firebatbunker_felreaver_diff.dds	98cc40b64ee1e2fa5d0aa2e9a55c56fc	699192
mods/heroes.stormmod/base.stormassets/assets/textures/storm_pet_firebatbunker_felreaver_diff.lvl0	dda91dc88917176f4e7f785dec8ff4df	2872
mods/heroes.stormmod/base.stormassets/assets/textures/storm_pet_firebatbunker_felreaver_emis.dds	e7b9882017364f7bfcdf040f8a72639a	699192
mods/heroes.stormmod/base.stormassets/assets/textures/storm_pet_firebatbunker_felreaver_emis.lvl0	d2a2b219d0eac05545c5d7083a12427b	2872
mods/heroes.stormmod/base.stormassets/assets/textures/storm_pet_firebatbunker_felreaver_norm.dds	a69c81fdf65a0872ec3f2affcd12ac83	1398260
mods/heroes.stormmod/base.stormassets/assets/textures/storm_pet_firebatbunker_felreaver_norm.lvl0	4250479d2e73db27291c5e991ae8b9b2	5616
mods/heroes.stormmod/base.stormassets/assets/textures/storm_pet_firebatbunker_felreaver_spec.dds	c9f865a21e87405e1df9db940c01d73e	1398256
mods/heroes.stormmod/base.stormassets/assets/textures/storm_pet_firebatbunker_felreaver_spec.lvl0	c4a51541d3a4e763db98b974a91e8714	5616
mods/heroes.stormmod/base.stormassets/assets/textures/storm_pet_firebatbunker_felreaver_var1_diff.dds	bb8f902265919d6f459bfe3b79c49add	524416
mods/heroes.stormmod/base.stormassets/assets/textures/storm_pet_firebatbunker_felreaver_var1_spec.dds	084e3fa57acfbdfb4b3ce938058fd527	1398256
mods/heroes.stormmod/base.stormassets/assets/textures/storm_pet_firebatbunker_felreaver_var1_spec.lvl0	7ac523de111b4317117bd1791d1efdf0	5616
mods/heroes.stormmod/base.stormassets/assets/textures/storm_pet_firebatbunker_felreaver_var2_diff.dds	91ccd3dc6077b922cef6c30de41cbe97	524416
mods/heroes.stormmod/base.stormassets/assets/textures/storm_pet_firebatbunker_felreaver_var2_spec.dds	cf59cb66664fdea278888fff8e961830	1398256
mods/heroes.stormmod/base.stormassets/assets/textures/storm_pet_firebatbunker_felreaver_var2_spec.lvl0	6102bebad463c6418fededb1a29be9fd	5616
mods/heroes.stormmod/base.stormassets/assets/textures/storm_pet_firebatbunker_felreaver_var3_diff.dds	68f21f6043a0489a6f506b0254242c97	524416
mods/heroes.stormmod/base.stormassets/assets/textures/storm_pet_firebatbunker_felreaver_var3_spec.dds	d87af85e1bbab32a100142c9cfe1ef8a	1398256
mods/heroes.stormmod/base.stormassets/assets/textures/storm_pet_firebatbunker_felreaver_var3_spec.lvl0	052cca8e2882952d458ae79c8a166d23	5616
mods/heroes.stormmod/base.stormassets/assets/textures/storm_pet_firebatbunker_felreaver_var4_diff.dds	efd757e1a06b9c0a4907d66b4f8bed64	524416
mods/heroes.stormmod/base.stormassets/assets/textures/storm_pet_firebatbunker_felreaver_var4_spec.dds	693a4018b53694eb1da1e8deae4cc99c	1398256
mods/heroes.stormmod/base.stormassets/assets/textures/storm_pet_firebatbunker_felreaver_var4_spec.lvl0	fe60c8c2589db6a8c12c7b1df227c406	5616
mods/heroes.stormmod/base.stormassets/assets/textures/storm_pet_firebatbunker_felreaver_var5_diff.dds	a89c0f6160b54db01a14c8a725b1e0fc	699192
mods/heroes.stormmod/base.stormassets/assets/textures/storm_pet_firebatbunker_felreaver_var5_diff.lvl0	d22fc99928793816a42f3f5d41b5a324	2872
mods/heroes.stormmod/base.stormassets/assets/textures/storm_pet_firebatbunker_felreaver_var5_spec.dds	5cb89f05b8d86fe08eed6ddd9f0a88c9	1398256
mods/heroes.stormmod/base.stormassets/assets/textures/storm_pet_firebatbunker_felreaver_var5_spec.lvl0	ce9b5b22f59cd221fbd8ba72823fca29	5616
mods/heroes.stormmod/base.stormassets/assets/textures/storm_pet_firebatbunker_norm.dds	002d42d366ed05eb8a9de71e39644ad5	1398260
mods/heroes.stormmod/base.stormassets/assets/textures/storm_pet_firebatbunker_norm.lvl0	e51a9604f40e2266df39c13253086c50	5616
mods/heroes.stormmod/base.stormassets/assets/textures/storm_pet_firebatbunker_spec.dds	88b4f170731904e6afe37341985fb68a	1398256
mods/heroes.stormmod/base.stormassets/assets/textures/storm_pet_firebatbunker_spec.lvl0	2d1f9bc6c633cbfc8bbd5b8202662b06	5616
mods/heroes.stormmod/base.stormassets/assets/textures/storm_pet_firebatbunker_var1_diff.dds	6ae7508dd0fa7533e12173c4ef4d1c3e	699192
mods/heroes.stormmod/base.stormassets/assets/textures/storm_pet_firebatbunker_var1_diff.lvl0	bdf1044f430c2c82d69e87d5209089c3	2872
mods/heroes.stormmod/base.stormassets/assets/textures/storm_pet_firebatbunker_var1_spec.dds	fa9767a99a9da9d3b06af16738cc261a	1398256
mods/heroes.stormmod/base.stormassets/assets/textures/storm_pet_firebatbunker_var1_spec.lvl0	f69139f6aa2fc5b0c50d143a596cb70f	5616
mods/heroes.stormmod/base.stormassets/assets/textures/storm_pet_firebatbunker_var2_diff.dds	2aa4cce8aa6261309776fe6a6f5b3981	699192
mods/heroes.stormmod/base.stormassets/assets/textures/storm_pet_firebatbunker_var2_diff.lvl0	7c6a4c0716fdcf163c32e1494d6f5085	2872
mods/heroes.stormmod/base.stormassets/assets/textures/storm_pet_firebatbunker_var2_spec.dds	ebe49bc05842b0a5407b7ba7580e1c16	1398256
mods/heroes.stormmod/base.stormassets/assets/textures/storm_pet_firebatbunker_var2_spec.lvl0	8272063dc70ed1086b046e77a5bff382	5616
mods/heroes.stormmod/base.stormassets/assets/textures/storm_pet_firebatbunker_var3_diff.dds	dabe306fdc744787e5131c18e0eeca55	699192
mods/heroes.stormmod/base.stormassets/assets/textures/storm_pet_firebatbunker_var3_diff.lvl0	076c6e586ab831c3215e1c1b338c2413	2872
mods/heroes.stormmod/base.stormassets/assets/textures/storm_pet_firebatbunker_var3_spec.dds	dc667d074814c837e413ac683eb89471	1398256
mods/heroes.stormmod/base.stormassets/assets/textures/storm_pet_firebatbunker_var3_spec.lvl0	2ece2650c379f674292a17b671b17881	5616
mods/heroes.stormmod/base.stormassets/assets/textures/storm_pet_firebatbunker_var4_diff.dds	28c78992fed22e276c351d23f312b47e	699192
mods/heroes.stormmod/base.stormassets/assets/textures/storm_pet_firebatbunker_var4_diff.lvl0	15cb8f2fc6edbfe4e79b12e6839840df	2872
mods/heroes.stormmod/base.stormassets/assets/textures/storm_pet_firebatbunker_var4_spec.dds	c97c894b7becbf153883e066ac5b7b3c	1398256
mods/heroes.stormmod/base.stormassets/assets/textures/storm_pet_firebatbunker_var4_spec.lvl0	4a95861f2ea6a1155177dac2973ec5ff	5616
mods/heroes.stormmod/base.stormassets/assets/textures/storm_pet_gazloweturret_base_diff.dds	1ee8b048200a2c81c5747129cff6503d	1398256
mods/heroes.stormmod/base.stormassets/assets/textures/storm_pet_gazloweturret_base_diff.lvl0	3f233c6e39c2bf27b5f106c862f3e664	5616
mods/heroes.stormmod/base.stormassets/assets/textures/storm_pet_gazloweturret_base_emis.dds	8671c51f15719d2e0b26890136746796	1398256
mods/heroes.stormmod/base.stormassets/assets/textures/storm_pet_gazloweturret_base_emis.lvl0	c2f3566843f3280efb9bb50735d65030	5616
mods/heroes.stormmod/base.stormassets/assets/textures/storm_pet_gazloweturret_base_norm.dds	efe83a13b30eb4dae1f10817e64baeb4	1398260
mods/heroes.stormmod/base.stormassets/assets/textures/storm_pet_gazloweturret_base_norm.lvl0	1e95363d686e46fdf9c8265bef54e1a3	5616
mods/heroes.stormmod/base.stormassets/assets/textures/storm_pet_gazloweturret_base_spec.dds	8b7f673ea6a820d535a037ca5315532f	699192
mods/heroes.stormmod/base.stormassets/assets/textures/storm_pet_gazloweturret_base_spec.lvl0	0041cc9c350a13e2364e44c2f3a80052	2872
mods/heroes.stormmod/base.stormassets/assets/textures/storm_pet_gazloweturret_bigtop_diff.dds	45e7a68c52e4bf49520471d0a83c0d8c	1398256
mods/heroes.stormmod/base.stormassets/assets/textures/storm_pet_gazloweturret_bigtop_diff.lvl0	3513a065671bff14d8958d9e7d35c42a	5616
mods/heroes.stormmod/base.stormassets/assets/textures/storm_pet_gazloweturret_bigtop_norm.dds	59339b49f0471ba25cdcd9dda87cba29	1398260
mods/heroes.stormmod/base.stormassets/assets/textures/storm_pet_gazloweturret_bigtop_norm.lvl0	ba73d5c4427332f4b0fc6647dcb1fb72	5616
mods/heroes.stormmod/base.stormassets/assets/textures/storm_pet_gazloweturret_bigtop_spec.dds	f515a4890fa787eb265a40cd79282a5c	1398256
mods/heroes.stormmod/base.stormassets/assets/textures/storm_pet_gazloweturret_bigtop_spec.lvl0	b9af4ab09f094732bc0b749279cbdf0f	5616
mods/heroes.stormmod/base.stormassets/assets/textures/storm_pet_gazloweturret_craft20_diff.dds	84826dc05853e97108d7b3ca9d296ce0	699192
mods/heroes.stormmod/base.stormassets/assets/textures/storm_pet_gazloweturret_craft20_diff.lvl0	0a490751a9fdead79a6b3e22f134a437	2872
mods/heroes.stormmod/base.stormassets/assets/textures/storm_pet_gazloweturret_craft20_emis.dds	b942471b4c65c7e29b203f4715a25494	699192
mods/heroes.stormmod/base.stormassets/assets/textures/storm_pet_gazloweturret_craft20_emis.lvl0	b1c746acce55abfea0c4189b2d87c73b	2872
mods/heroes.stormmod/base.stormassets/assets/textures/storm_pet_gazloweturret_craft20_norm.dds	daec932b6ceb069938081987305f1876	1398260
mods/heroes.stormmod/base.stormassets/assets/textures/storm_pet_gazloweturret_craft20_norm.lvl0	55a6b6d300c0a7e0e610d5a573865d3e	5616
mods/heroes.stormmod/base.stormassets/assets/textures/storm_pet_gazloweturret_craft20_spec.dds	bb69e724529a1ab5bde42c3028963617	1398256
mods/heroes.stormmod/base.stormassets/assets/textures/storm_pet_gazloweturret_craft20_spec.lvl0	8f091f013830c2c6e96ba61a7840078c	5616
mods/heroes.stormmod/base.stormassets/assets/textures/storm_pet_gazloweturret_craft20_var1_diff.dds	52b030d105ef2781b11ca396e184c5b9	699192
mods/heroes.stormmod/base.stormassets/assets/textures/storm_pet_gazloweturret_craft20_var1_diff.lvl0	86987cdc87e49b522bf2c01cdffb3f93	2872
mods/heroes.stormmod/base.stormassets/assets/textures/storm_pet_gazloweturret_craft20_var1_spec.dds	9837d9f55575b6dba594a95f0a252fe9	1398256
mods/heroes.stormmod/base.stormassets/assets/textures/storm_pet_gazloweturret_craft20_var1_spec.lvl0	dd832278baf44a124b41e396d7e62c21	5616
mods/heroes.stormmod/base.stormassets/assets/textures/storm_pet_gazloweturret_craft20_var2_diff.dds	27396d11452592b1a2e2d52b20f1e4c1	699192
mods/heroes.stormmod/base.stormassets/assets/textures/storm_pet_gazloweturret_craft20_var2_diff.lvl0	fdf6bb44fbcb6f67018d2dbaf270c569	2872
mods/heroes.stormmod/base.stormassets/assets/textures/storm_pet_gazloweturret_craft20_var2_spec.dds	7f836ef5492d76f9981503ba1156a1ce	1398256
mods/heroes.stormmod/base.stormassets/assets/textures/storm_pet_gazloweturret_craft20_var2_spec.lvl0	798fbc34ba5d584422029cbbcb9473c8	5616
mods/heroes.stormmod/base.stormassets/assets/textures/storm_pet_gazloweturret_scifi_diff.dds	18c627a671adb1eb8d5f5792c56c703e	1398256
mods/heroes.stormmod/base.stormassets/assets/textures/storm_pet_gazloweturret_scifi_diff.lvl0	59782370da675752434e7059fc7a03ff	5616
mods/heroes.stormmod/base.stormassets/assets/textures/storm_pet_gazloweturret_scifi_emis.dds	3e7771e6b7c7482ac33c426ebd46f925	1398256
mods/heroes.stormmod/base.stormassets/assets/textures/storm_pet_gazloweturret_scifi_emis.lvl0	cf669306ecf66d1e96e8ab9f61b83870	5616
mods/heroes.stormmod/base.stormassets/assets/textures/storm_pet_gazloweturret_scifi_norm.dds	a63d35aefe7ad500efad68f27990370c	1398260
mods/heroes.stormmod/base.stormassets/assets/textures/storm_pet_gazloweturret_scifi_norm.lvl0	070601692f1689deab2af1e578008c89	5616
mods/heroes.stormmod/base.stormassets/assets/textures/storm_pet_gazloweturret_scifi_spec.dds	78015394f7d1121c3f29375ac8d4c1d8	1398256
mods/heroes.stormmod/base.stormassets/assets/textures/storm_pet_gazloweturret_scifi_spec.lvl0	cae3f2e5d2115948fb21b4cef17e0ca0	5616
mods/heroes.stormmod/base.stormassets/assets/textures/storm_pet_hydralisk_luxqueen_diff.dds	211dd8ad8666557d6b17087af06c7b15	1398256
mods/heroes.stormmod/base.stormassets/assets/textures/storm_pet_hydralisk_luxqueen_diff.lvl0	0f5e04707e7fceb71cdc73d037e1c6b7	5616
mods/heroes.stormmod/base.stormassets/assets/textures/storm_pet_hydralisk_luxqueen_emis.dds	d6b928067a7b113e7fdf1f8abff7df22	699192
mods/heroes.stormmod/base.stormassets/assets/textures/storm_pet_hydralisk_luxqueen_emis.lvl0	cc4e8e9574d2a2b2b783561f36bdb6da	2872
mods/heroes.stormmod/base.stormassets/assets/textures/storm_pet_hydralisk_luxqueen_norm.dds	e065549532b638b1a36807fb6569f66f	1398260
mods/heroes.stormmod/base.stormassets/assets/textures/storm_pet_hydralisk_luxqueen_norm.lvl0	e8a900befbc045c9e61f2f4acf7f0167	5616
mods/heroes.stormmod/base.stormassets/assets/textures/storm_pet_hydralisk_luxqueen_spec.dds	847587a3bebc88627823577aca1d65ed	1398256
mods/heroes.stormmod/base.stormassets/assets/textures/storm_pet_hydralisk_luxqueen_spec.lvl0	8ab85b0f28e8f3a47d11e1be940b1eff	5616
mods/heroes.stormmod/base.stormassets/assets/textures/storm_pet_jainaelemental_dreadlord_diff.dds	8062db4f03941b5a9dd4bfa42ab3c014	1398256
mods/heroes.stormmod/base.stormassets/assets/textures/storm_pet_jainaelemental_dreadlord_diff.lvl0	c2eb4bc2c715f79298ea39e947ca8f2e	5616
mods/heroes.stormmod/base.stormassets/assets/textures/storm_pet_jainaelemental_dreadlord_emiss.dds	392e2158f413f85898ed7952b105dc9b	699192
mods/heroes.stormmod/base.stormassets/assets/textures/storm_pet_jainaelemental_dreadlord_emiss.lvl0	ff4500ae7510da3aa5d87c8222d9f63f	2872
mods/heroes.stormmod/base.stormassets/assets/textures/storm_pet_jainaelemental_dreadlord_norm.dds	f0b460f1a260d10d5db29ea94a92072e	1398260
mods/heroes.stormmod/base.stormassets/assets/textures/storm_pet_jainaelemental_dreadlord_norm.lvl0	ca21c945a28d5452dfa3d357a0ab3ccc	5616
mods/heroes.stormmod/base.stormassets/assets/textures/storm_pet_jainaelemental_dreadlord_spec.dds	b1c40cdd3338ac8bcdf18a9ee2b3714f	1398256
mods/heroes.stormmod/base.stormassets/assets/textures/storm_pet_jainaelemental_dreadlord_spec.lvl0	1ec838ceffcc096bbe5f0cc55541eaf3	5616
mods/heroes.stormmod/base.stormassets/assets/textures/storm_pet_jainawaterelemental_claus_diff.dds	e7ec4b7a748c245803a9d4423bb553bd	1398256
mods/heroes.stormmod/base.stormassets/assets/textures/storm_pet_jainawaterelemental_claus_diff.lvl0	e6106a9a29fbfaa93562fb222b7abfb0	5616
mods/heroes.stormmod/base.stormassets/assets/textures/storm_pet_jainawaterelemental_claus_norm.dds	7711788d6c1c71c6f32e995620710d11	1398260
mods/heroes.stormmod/base.stormassets/assets/textures/storm_pet_jainawaterelemental_claus_norm.lvl0	bc68d3a27ea51d6dd5436f67662d84c7	5616
mods/heroes.stormmod/base.stormassets/assets/textures/storm_pet_jainawaterelemental_claus_spec.dds	4dab098f50abe7692a587da7ef13ba55	1398256
mods/heroes.stormmod/base.stormassets/assets/textures/storm_pet_jainawaterelemental_claus_spec.lvl0	06f81b96e4cca123df697f042527b133	5616
mods/heroes.stormmod/base.stormassets/assets/textures/storm_pet_jainawaterelemental_claussnowball_diff.dds	f3f006047a5af17b68ddc46c3f98f12f	174904
mods/heroes.stormmod/base.stormassets/assets/textures/storm_pet_jainawaterelemental_claussnowball_diff.lvl0	7264347852520064366d81eee594bce6	2872
mods/heroes.stormmod/base.stormassets/assets/textures/storm_pet_jainawaterelemental_claussnowball_norm.dds	564f53341e7fd0d8b30621c4ebcacc1e	349684
mods/heroes.stormmod/base.stormassets/assets/textures/storm_pet_jainawaterelemental_claussnowball_norm.lvl0	b944006dec5f760b7136ef1627845160	5616
mods/heroes.stormmod/base.stormassets/assets/textures/storm_pet_jainawaterelemental_claussnowball_spec.dds	8063a3a43bf7ad757ae271f0d1aada78	349680
mods/heroes.stormmod/base.stormassets/assets/textures/storm_pet_jainawaterelemental_claussnowball_spec.lvl0	d8eec13d7bfc8b9de69582a10808dd0a	5616
mods/heroes.stormmod/base.stormassets/assets/textures/storm_pet_jainawaterelemental_diff.dds	1b84b0f7d035eed59359cd335b2a0527	1398256
mods/heroes.stormmod/base.stormassets/assets/textures/storm_pet_jainawaterelemental_diff.lvl0	93ddada2d8c80baedf067b46e002df7e	5616
mods/heroes.stormmod/base.stormassets/assets/textures/storm_pet_jainawaterelemental_emis.dds	373b0e3c7f89fed3fe8ca48b15988c2a	1398256
mods/heroes.stormmod/base.stormassets/assets/textures/storm_pet_jainawaterelemental_emis.lvl0	96398aec6bd8ad631c06cc82e8803400	5616
mods/heroes.stormmod/base.stormassets/assets/textures/storm_pet_jainawaterelemental_flowmesh_emis.dds	ed523546c5d62a75c50e8a9b419b9f1e	11064
mods/heroes.stormmod/base.stormassets/assets/textures/storm_pet_jainawaterelemental_flowmesh_emis.lvl0	a4acdf37779e15fcddbc261d464c145f	824
mods/heroes.stormmod/base.stormassets/assets/textures/storm_pet_jainawaterelemental_flowmesh_envmask.dds	9289b38ddf6022f4f099bd664dae2041	11064
mods/heroes.stormmod/base.stormassets/assets/textures/storm_pet_jainawaterelemental_flowmesh_envmask.lvl0	4a83a327e6ddb6a25fd48b73b53ab32e	824
mods/heroes.stormmod/base.stormassets/assets/textures/storm_pet_jainawaterelemental_lunar_diff.dds	ca5057bf97b34d441f6a519e8d30b032	1398256
mods/heroes.stormmod/base.stormassets/assets/textures/storm_pet_jainawaterelemental_lunar_diff.lvl0	df64e88d94957b53d03ada10263accad	5616
mods/heroes.stormmod/base.stormassets/assets/textures/storm_pet_jainawaterelemental_lunar_emis.dds	1d7f1695477400109be9ed33f4bc7f13	699192
mods/heroes.stormmod/base.stormassets/assets/textures/storm_pet_jainawaterelemental_lunar_emis.lvl0	22df84a74dc673aea193343a38d18743	2872
mods/heroes.stormmod/base.stormassets/assets/textures/storm_pet_jainawaterelemental_lunar_norm.dds	292671651285b2ed2a8e4359337e9790	1398260
mods/heroes.stormmod/base.stormassets/assets/textures/storm_pet_jainawaterelemental_lunar_norm.lvl0	3a3f91af2c5d1258e0bf79932221021c	5616
mods/heroes.stormmod/base.stormassets/assets/textures/storm_pet_jainawaterelemental_lunar_spec.dds	374e39fd04e50a5a0cc76a94af35e5d4	699192
mods/heroes.stormmod/base.stormassets/assets/textures/storm_pet_jainawaterelemental_lunar_spec.lvl0	7d946c8fda953fd067c58c89cc893e2e	2872
mods/heroes.stormmod/base.stormassets/assets/textures/storm_pet_jainawaterelemental_lunar_ta_diff.dds	655fcf15dab0308f4cbffde3affc2d5b	1398256
mods/heroes.stormmod/base.stormassets/assets/textures/storm_pet_jainawaterelemental_lunar_ta_diff.lvl0	e11c4515c6c92b91a89c1f6afbfcd4f1	5616
mods/heroes.stormmod/base.stormassets/assets/textures/storm_pet_jainawaterelemental_lunar_ta_spec.dds	9d62436d5b5149b9674f0c09c7ec74f2	699192
mods/heroes.stormmod/base.stormassets/assets/textures/storm_pet_jainawaterelemental_lunar_ta_spec.lvl0	6b3a882c900a1cd0a1582506a8d0af05	2872
mods/heroes.stormmod/base.stormassets/assets/textures/storm_pet_jainawaterelemental_norm.dds	72e16d36f12d7b9dd0dc3fcbd91d1c4d	1398260
mods/heroes.stormmod/base.stormassets/assets/textures/storm_pet_jainawaterelemental_norm.lvl0	e1c185d260a719e56f30134f32c7c481	5616
mods/heroes.stormmod/base.stormassets/assets/textures/storm_pet_jainawaterelemental_spec.dds	bb7520e301c67180b71a2c6ee328fd53	1398256
mods/heroes.stormmod/base.stormassets/assets/textures/storm_pet_jainawaterelemental_spec.lvl0	80abbc5b5621b2f382bb402e1a35d026	5616
mods/heroes.stormmod/base.stormassets/assets/textures/storm_pet_jainawaterelemental_ultimate_diff.dds	173965e61da260c9b5d786a96161c473	1398256
mods/heroes.stormmod/base.stormassets/assets/textures/storm_pet_jainawaterelemental_ultimate_diff.lvl0	4e786c1003ade3e1ca6fa0bbf089272a	5616
mods/heroes.stormmod/base.stormassets/assets/textures/storm_pet_jainawaterelemental_ultimate_emis.dds	4007a1c8688ffae24a1cd51dca24cc77	699192
mods/heroes.stormmod/base.stormassets/assets/textures/storm_pet_jainawaterelemental_ultimate_emis.lvl0	5b40a56071892853d340a017cdd9239a	2872
mods/heroes.stormmod/base.stormassets/assets/textures/storm_pet_jainawaterelemental_ultimate_envmask.dds	1dfc897d36eac3b889d05973b6a4803f	699192
mods/heroes.stormmod/base.stormassets/assets/textures/storm_pet_jainawaterelemental_ultimate_envmask.lvl0	c78bff8d538862b59eea09f6368020d4	2872
mods/heroes.stormmod/base.stormassets/assets/textures/storm_pet_jainawaterelemental_ultimate_gloss.dds	e80827f24e7fab17a6378775b6882a41	699192
mods/heroes.stormmod/base.stormassets/assets/textures/storm_pet_jainawaterelemental_ultimate_gloss.lvl0	b5a87d810626d3d71a36e4f335ff1dcd	2872
mods/heroes.stormmod/base.stormassets/assets/textures/storm_pet_jainawaterelemental_ultimate_norm.dds	002e84d7de5a06defba47e1c501934a8	1398260
mods/heroes.stormmod/base.stormassets/assets/textures/storm_pet_jainawaterelemental_ultimate_norm.lvl0	744df1391fdfbf04f17816aff9153026	5616
mods/heroes.stormmod/base.stormassets/assets/textures/storm_pet_jainawaterelemental_ultimate_spec.dds	11ed651f7cfcecbb9dcb16099809f36f	1398256
mods/heroes.stormmod/base.stormassets/assets/textures/storm_pet_jainawaterelemental_ultimate_spec.lvl0	ec1a7bec7ba87adfd849d0f02184e5c2	5616
mods/heroes.stormmod/base.stormassets/assets/textures/storm_pet_kelthuzadbiggles_base_diff.dds	2eb2e72df58c1de6f650fe686b5f9dd1	174904
mods/heroes.stormmod/base.stormassets/assets/textures/storm_pet_kelthuzadbiggles_base_diff.lvl0	6ab36157ffda4bcb4b3543e649c028a6	824
mods/heroes.stormmod/base.stormassets/assets/textures/storm_pet_kelthuzadbiggles_base_emis.dds	db8ec8a810386370eb85eb0f1eae61d9	174904
mods/heroes.stormmod/base.stormassets/assets/textures/storm_pet_kelthuzadbiggles_base_emis.lvl0	07baad26099f97067338756cd1bd2591	824
mods/heroes.stormmod/base.stormassets/assets/textures/storm_pet_kelthuzadbiggles_base_norm.dds	48c4b96f297cc8db708b75b49cfcd5b1	349684
mods/heroes.stormmod/base.stormassets/assets/textures/storm_pet_kelthuzadbiggles_base_norm.lvl0	9c782096d2c602b633d026968c8c2620	1520
mods/heroes.stormmod/base.stormassets/assets/textures/storm_pet_kelthuzadbiggles_base_spec.dds	a02979acd3f1c71689bf298a6afd379e	349680
mods/heroes.stormmod/base.stormassets/assets/textures/storm_pet_kelthuzadbiggles_base_spec.lvl0	e8f4fe1ed13b5151d713f40b63f3d2a9	5616
mods/heroes.stormmod/base.stormassets/assets/textures/storm_pet_kelthuzadshade_base_diff.dds	91401d565c4183cdf7c6f2f6c73bb3b9	174904
mods/heroes.stormmod/base.stormassets/assets/textures/storm_pet_kelthuzadshade_base_diff.lvl0	02a62d02e86a2f804a7c2b87fb3ba7f9	824
mods/heroes.stormmod/base.stormassets/assets/textures/storm_pet_kelthuzadshade_base_emis.dds	c03c8edb2d1e517d3b9160c4b9cdeb53	174904
mods/heroes.stormmod/base.stormassets/assets/textures/storm_pet_kelthuzadshade_base_emis.lvl0	2d7086ab501a64a55c6d54d2e6062a20	824
mods/heroes.stormmod/base.stormassets/assets/textures/storm_pet_kelthuzadshade_base_norm.dds	da98e980cd1e9308bfe4b525e696a97a	349684
mods/heroes.stormmod/base.stormassets/assets/textures/storm_pet_kelthuzadshade_base_norm.lvl0	bf7f0bb86332d42b9c8a69194a486630	1520
mods/heroes.stormmod/base.stormassets/assets/textures/storm_pet_kelthuzadshade_base_spec.dds	7ea0e37e92091b380986339567e6f047	349680
mods/heroes.stormmod/base.stormassets/assets/textures/storm_pet_kelthuzadshade_base_spec.lvl0	f6d8359d31b1e1b738d2e31f3ae1acc2	1520
mods/heroes.stormmod/base.stormassets/assets/textures/storm_pet_kerriganultralisk_diff.dds	3a0081af5b90ed1859af14cb5c8350ee	1398256
mods/heroes.stormmod/base.stormassets/assets/textures/storm_pet_kerriganultralisk_diff.lvl0	69a315ca386c62051e0551db53bf0771	5616
mods/heroes.stormmod/base.stormassets/assets/textures/storm_pet_kerriganultralisk_emis.dds	0673ac5c2eb82dd33cbbf74cf99a5b78	699192
mods/heroes.stormmod/base.stormassets/assets/textures/storm_pet_kerriganultralisk_emis.lvl0	daa1c2e88caa3429a9307fbcd975706d	2872
mods/heroes.stormmod/base.stormassets/assets/textures/storm_pet_kerriganultralisk_ghost_diff.dds	f0ca96ac1c465b2e9889c9d9d90fd0bf	699192
mods/heroes.stormmod/base.stormassets/assets/textures/storm_pet_kerriganultralisk_ghost_diff.lvl0	10d8c3903cebf4a7b8b638eea2ff0109	2872
mods/heroes.stormmod/base.stormassets/assets/textures/storm_pet_kerriganultralisk_ghost_emis.dds	b9ae4876fa7bb9e153f2ee4dfb4752fa	699192
mods/heroes.stormmod/base.stormassets/assets/textures/storm_pet_kerriganultralisk_ghost_emis.lvl0	4fccff9d727a8efa52dc0ae6c9685a15	2872
mods/heroes.stormmod/base.stormassets/assets/textures/storm_pet_kerriganultralisk_ghost_norm.dds	8d9517736140dec9cb9ff5dd4dac0756	1398260
mods/heroes.stormmod/base.stormassets/assets/textures/storm_pet_kerriganultralisk_ghost_norm.lvl0	24951389b24018b4e7c4b33307e2f03d	5616
mods/heroes.stormmod/base.stormassets/assets/textures/storm_pet_kerriganultralisk_ghost_spec.dds	de9629dae8a4f5de900c5830fd344269	1398256
mods/heroes.stormmod/base.stormassets/assets/textures/storm_pet_kerriganultralisk_ghost_spec.lvl0	f55106393dd09659e58a8f5b152ac355	5616
mods/heroes.stormmod/base.stormassets/assets/textures/storm_pet_kerriganultralisk_ghost_var1_diff.dds	db776ba0bbc60425b745ab438c9a7235	699192
mods/heroes.stormmod/base.stormassets/assets/textures/storm_pet_kerriganultralisk_ghost_var1_diff.lvl0	819d0844fa3bce399fefdb76f1236f55	2872
mods/heroes.stormmod/base.stormassets/assets/textures/storm_pet_kerriganultralisk_ghost_var1_spec.dds	9cf23f50b62fc4faf3f6694d955e392e	1398256
mods/heroes.stormmod/base.stormassets/assets/textures/storm_pet_kerriganultralisk_ghost_var1_spec.lvl0	583537c9db2482a603c5573b8c0c4c45	5616
mods/heroes.stormmod/base.stormassets/assets/textures/storm_pet_kerriganultralisk_ghost_var2_diff.dds	b9ad021bc9a60f913a6fa9f54ffd94c0	699192
mods/heroes.stormmod/base.stormassets/assets/textures/storm_pet_kerriganultralisk_ghost_var2_diff.lvl0	e6e798e14ae02e6301998ac6620dfbe7	2872
mods/heroes.stormmod/base.stormassets/assets/textures/storm_pet_kerriganultralisk_ghost_var2_spec.dds	39e97c9c91c64630b98738d3bdd0fee9	1398256
mods/heroes.stormmod/base.stormassets/assets/textures/storm_pet_kerriganultralisk_ghost_var2_spec.lvl0	81d5e56ece7859388f73ad59e0690e75	5616
mods/heroes.stormmod/base.stormassets/assets/textures/storm_pet_kerriganultralisk_ghost_var3_diff.dds	831caa459d83d247ca5fcc0f1814df8d	699192
mods/heroes.stormmod/base.stormassets/assets/textures/storm_pet_kerriganultralisk_ghost_var3_diff.lvl0	ea3653d1708844d527012d5d88396ae7	2872
mods/heroes.stormmod/base.stormassets/assets/textures/storm_pet_kerriganultralisk_ghost_var3_spec.dds	4f84d0d034b879855f1d042abdfd96a7	1398256
mods/heroes.stormmod/base.stormassets/assets/textures/storm_pet_kerriganultralisk_ghost_var3_spec.lvl0	6623708c0ec1e84c8b42d3a6a9e8e745	5616
mods/heroes.stormmod/base.stormassets/assets/textures/storm_pet_kerriganultralisk_ghost_var4_diff.dds	22301d12ba74f4eaa4384ad800a6e8d8	699192
mods/heroes.stormmod/base.stormassets/assets/textures/storm_pet_kerriganultralisk_ghost_var4_diff.lvl0	b5db665f03fa76e11235b665316046fd	2872
mods/heroes.stormmod/base.stormassets/assets/textures/storm_pet_kerriganultralisk_ghost_var4_spec.dds	97c5de5287a49e6ebccaf86747d7264c	1398256
mods/heroes.stormmod/base.stormassets/assets/textures/storm_pet_kerriganultralisk_ghost_var4_spec.lvl0	2dce14fe2803fb6cb5ef8d77fc357d51	5616
mods/heroes.stormmod/base.stormassets/assets/textures/storm_pet_kerriganultralisk_ghost_var5_diff.dds	5a00c2076007eb90223bfeba1aad419f	699192
mods/heroes.stormmod/base.stormassets/assets/textures/storm_pet_kerriganultralisk_ghost_var5_diff.lvl0	0e9be8d8c0a27ab3c602d8f430f7ae35	2872
mods/heroes.stormmod/base.stormassets/assets/textures/storm_pet_kerriganultralisk_ghost_var5_emis.dds	a10618e957ee16f069f5abe96c0ae80a	699192
mods/heroes.stormmod/base.stormassets/assets/textures/storm_pet_kerriganultralisk_ghost_var5_emis.lvl0	45e4113dc7badc1d79012fe25c70d1a7	2872
mods/heroes.stormmod/base.stormassets/assets/textures/storm_pet_kerriganultralisk_ghost_var5_norm.dds	88303021d246b023a0a166b0108943ab	1398256
mods/heroes.stormmod/base.stormassets/assets/textures/storm_pet_kerriganultralisk_ghost_var5_norm.lvl0	24951389b24018b4e7c4b33307e2f03d	5616
mods/heroes.stormmod/base.stormassets/assets/textures/storm_pet_kerriganultralisk_ghost_var5_spec.dds	4824a32b8bba4f08c36cb0f51c65959b	1398256
mods/heroes.stormmod/base.stormassets/assets/textures/storm_pet_kerriganultralisk_ghost_var5_spec.lvl0	3126ff02920336cc36fc94afe4756549	5616
mods/heroes.stormmod/base.stormassets/assets/textures/storm_pet_kerriganultralisk_norm.dds	cf0574f3fab11f3b176ce5d8dcaf107f	1398260
mods/heroes.stormmod/base.stormassets/assets/textures/storm_pet_kerriganultralisk_norm.lvl0	39ed2b5ce90f558c34d6098578f55445	5616
mods/heroes.stormmod/base.stormassets/assets/textures/storm_pet_kerriganultralisk_spec.dds	40dc34983af0bde47f28d3f5fe43c6cd	1398256
mods/heroes.stormmod/base.stormassets/assets/textures/storm_pet_kerriganultralisk_spec.lvl0	764da325d598a62b3ef14f6292244f3b	5616
mods/heroes.stormmod/base.stormassets/assets/textures/storm_pet_kerriganultralisk_torrasque_diff.dds	fe8dadd008a47f5e37f43e979199d92f	1398256
mods/heroes.stormmod/base.stormassets/assets/textures/storm_pet_kerriganultralisk_torrasque_diff.lvl0	0f1bd73be1edff4d85905ee464e055c7	5616
mods/heroes.stormmod/base.stormassets/assets/textures/storm_pet_kerriganultralisk_torrasque_emis.dds	40650167eec070df6b7db066a7bc0b88	699192
mods/heroes.stormmod/base.stormassets/assets/textures/storm_pet_kerriganultralisk_torrasque_emis.lvl0	a3ca2428c004c51ef00b129336c7ef1d	2872
mods/heroes.stormmod/base.stormassets/assets/textures/storm_pet_kerriganultralisk_torrasque_norm.dds	b8a24f9ff78f8399c49a5599448d5334	1398260
mods/heroes.stormmod/base.stormassets/assets/textures/storm_pet_kerriganultralisk_torrasque_norm.lvl0	34b380601d8ec4d5e0c49217f8c7cc6e	5616
mods/heroes.stormmod/base.stormassets/assets/textures/storm_pet_kerriganultralisk_torrasque_spec.dds	2a339e622946eeebb5b06d01519b42b7	1398256
mods/heroes.stormmod/base.stormassets/assets/textures/storm_pet_kerriganultralisk_torrasque_spec.lvl0	40f80b5fb9ab049dbb75d15a411a7f35	5616
mods/heroes.stormmod/base.stormassets/assets/textures/storm_pet_lilicloudserpent_shadowpaw_diff.dds	8f5873fd66bf5ba628716e45696de9e1	699192
mods/heroes.stormmod/base.stormassets/assets/textures/storm_pet_lilicloudserpent_shadowpaw_diff.lvl0	af73bf48448726310dcc68886e1fec65	2872
mods/heroes.stormmod/base.stormassets/assets/textures/storm_pet_lilicloudserpent_shadowpaw_emis.dds	dab98f748d6a8bc33920d35c9f50fad1	699192
mods/heroes.stormmod/base.stormassets/assets/textures/storm_pet_lilicloudserpent_shadowpaw_emis.lvl0	d1e5c44262ecdcfdfdd72287c53fc348	2872
mods/heroes.stormmod/base.stormassets/assets/textures/storm_pet_lilicloudserpent_shadowpaw_norm.dds	ee01561d2c8a63dcdc8dfa33807b6ab9	1398260
mods/heroes.stormmod/base.stormassets/assets/textures/storm_pet_lilicloudserpent_shadowpaw_norm.lvl0	00aa62ff0b7ad482e6b29f4fd1ef7e0e	5616
mods/heroes.stormmod/base.stormassets/assets/textures/storm_pet_lilicloudserpent_shadowpaw_spec.dds	88616c3efaad86825e5097a9c33b1559	1398256
mods/heroes.stormmod/base.stormassets/assets/textures/storm_pet_lilicloudserpent_shadowpaw_spec.lvl0	13e454c058960f7f6101b2ecaadca766	5616
mods/heroes.stormmod/base.stormassets/assets/textures/storm_pet_malfuriontreant_flame_diff.dds	892135e90f91a140ac65bea2b94fc9d4	1398256
mods/heroes.stormmod/base.stormassets/assets/textures/storm_pet_malfuriontreant_flame_diff.lvl0	e97b30edffbbce77d674cf7ec95aeb6c	5616
mods/heroes.stormmod/base.stormassets/assets/textures/storm_pet_malfuriontreant_flame_emis.dds	7c2afeed664a7a534324c01e5eac36c2	699192
mods/heroes.stormmod/base.stormassets/assets/textures/storm_pet_malfuriontreant_flame_emis.lvl0	b872af3ffaaef1d20d84ee0b27f15757	2872
mods/heroes.stormmod/base.stormassets/assets/textures/storm_pet_malfuriontreant_flame_norm.dds	34990e6cc54dad3db30bbde70723e20a	1398260
mods/heroes.stormmod/base.stormassets/assets/textures/storm_pet_malfuriontreant_flame_norm.lvl0	afb67a4824ce50992aa6f64be2527233	5616
mods/heroes.stormmod/base.stormassets/assets/textures/storm_pet_malfuriontreant_winter_diff.dds	4e785e181789695a12e62ef0f5089e8f	699192
mods/heroes.stormmod/base.stormassets/assets/textures/storm_pet_malfuriontreant_winter_diff.lvl0	68f0ad0e897a11388af8575e120437d8	2872
mods/heroes.stormmod/base.stormassets/assets/textures/storm_pet_malfuriontreant_winter_norm.dds	7e4d802639c9ff719b16e5c58621934b	1398260
mods/heroes.stormmod/base.stormassets/assets/textures/storm_pet_malfuriontreant_winter_norm.lvl0	aa0c26644f1c3bd9536881c7475795e1	5616
mods/heroes.stormmod/base.stormassets/assets/textures/storm_pet_malfuriontreant_winter_spec.dds	7b7eddb549af26db9075ca4e75865574	1398256
mods/heroes.stormmod/base.stormassets/assets/textures/storm_pet_malfuriontreant_winter_spec.lvl0	244393edbc247b866e262646e859a901	5616
mods/heroes.stormmod/base.stormassets/assets/textures/storm_pet_medicmedivac_diff.dds	e7430e4d029044b98968740a26450a2a	1398256
mods/heroes.stormmod/base.stormassets/assets/textures/storm_pet_medicmedivac_diff.lvl0	fee230c677d4055151db60948e13dbcb	5616
mods/heroes.stormmod/base.stormassets/assets/textures/storm_pet_medicmedivac_emissive.dds	f392ddfa038e1871df0c4eea89e29211	699192
mods/heroes.stormmod/base.stormassets/assets/textures/storm_pet_medicmedivac_emissive.lvl0	13fe2f8415dc33f0deeced6d1e96cfe4	2872
mods/heroes.stormmod/base.stormassets/assets/textures/storm_pet_medicmedivac_enforcer_diff.dds	3189b43c268a9769136a29b18bed48b1	1398256
mods/heroes.stormmod/base.stormassets/assets/textures/storm_pet_medicmedivac_enforcer_diff.lvl0	a1f0176818cfaaaa810d15ce4c38b5e0	5616
mods/heroes.stormmod/base.stormassets/assets/textures/storm_pet_medicmedivac_enforcer_emis.dds	322e8859f86a31cc6e77770f888ba363	699192
mods/heroes.stormmod/base.stormassets/assets/textures/storm_pet_medicmedivac_enforcer_emis.lvl0	6b70d68bdb6683edce06e8ebb36ca7c7	2872
mods/heroes.stormmod/base.stormassets/assets/textures/storm_pet_medicmedivac_enforcer_norm.dds	f51eb99f602ef6469e050bcaff279ccb	1398260
mods/heroes.stormmod/base.stormassets/assets/textures/storm_pet_medicmedivac_enforcer_norm.lvl0	49aadbb84adac6ab2f5eb38832189994	5616
mods/heroes.stormmod/base.stormassets/assets/textures/storm_pet_medicmedivac_enforcer_spec.dds	906ae89b5b6dff236c1f1a53bec7e870	1398256
mods/heroes.stormmod/base.stormassets/assets/textures/storm_pet_medicmedivac_enforcer_spec.lvl0	838ab1087336d5cc4d0d30d0830ee391	5616
mods/heroes.stormmod/base.stormassets/assets/textures/storm_pet_medicmedivac_love_diff.dds	44a09ac1a7d731f4160de938df69645d	1398256
mods/heroes.stormmod/base.stormassets/assets/textures/storm_pet_medicmedivac_love_diff.lvl0	a3273e9079fdfe1e68911474a9028644	5616
mods/heroes.stormmod/base.stormassets/assets/textures/storm_pet_medicmedivac_love_emis.dds	9168d6877ed08d70e52c76e7fbee5dd4	699192
mods/heroes.stormmod/base.stormassets/assets/textures/storm_pet_medicmedivac_love_emis.lvl0	c6dad546ae33b071ae8047e928d95295	2872
mods/heroes.stormmod/base.stormassets/assets/textures/storm_pet_medicmedivac_love_norm.dds	7cf8af9a0a6c2dbdf49c1652546ce890	1398260
mods/heroes.stormmod/base.stormassets/assets/textures/storm_pet_medicmedivac_love_norm.lvl0	6c79959e5516dcac90a0eca444490e34	5616
mods/heroes.stormmod/base.stormassets/assets/textures/storm_pet_medicmedivac_love_spec.dds	efd98c0671b1b95c8ea384dc34d60fce	1398256
mods/heroes.stormmod/base.stormassets/assets/textures/storm_pet_medicmedivac_love_spec.lvl0	98b8109eaa65ba8be5743709d7b2479b	5616
mods/heroes.stormmod/base.stormassets/assets/textures/storm_pet_medicmedivac_norm.dds	1f77468e7882e886c6d08875d3079e84	1398260
mods/heroes.stormmod/base.stormassets/assets/textures/storm_pet_medicmedivac_norm.lvl0	bc317578de13ce102765351ce225ef02	5616
mods/heroes.stormmod/base.stormassets/assets/textures/storm_pet_medicmedivac_spec.dds	c8d0205498db9fa4d1fb4dec5dab5fae	1398256
mods/heroes.stormmod/base.stormassets/assets/textures/storm_pet_medicmedivac_spec.lvl0	43f5362cf64df8277a00a4844c9b859b	5616
mods/heroes.stormmod/base.stormassets/assets/textures/storm_pet_murky_easterlow_diff.dds	1315ea3548d9582bdad2e4ca77570510	349680
mods/heroes.stormmod/base.stormassets/assets/textures/storm_pet_murky_easterlow_diff.lvl0	8d48d405a216aff1c39f50f6b4512ae5	5616
mods/heroes.stormmod/base.stormassets/assets/textures/storm_pet_murky_easterlow_emis.dds	3b859647a59f9cac1a4bd5a604d55522	174904
mods/heroes.stormmod/base.stormassets/assets/textures/storm_pet_murky_easterlow_emis.lvl0	027168aca1bdeb7dfec5a575008f2819	2872
mods/heroes.stormmod/base.stormassets/assets/textures/storm_pet_murky_easterlow_norm.dds	221ef161dd3b66f0d41c73cb0da83bec	349684
mods/heroes.stormmod/base.stormassets/assets/textures/storm_pet_murky_easterlow_norm.lvl0	70f3bec6cb184b268c61478c07ef28f4	5616
mods/heroes.stormmod/base.stormassets/assets/textures/storm_pet_murky_easterlow_spec.dds	65071b0b58ce9c048bdfbd9fc45083d1	349680
mods/heroes.stormmod/base.stormassets/assets/textures/storm_pet_murky_easterlow_spec.lvl0	a5ec85ab309944478383c3e3ac9886f3	5616
mods/heroes.stormmod/base.stormassets/assets/textures/storm_pet_murky_grunty_diff.dds	80ff795c1568239d28a7500d4823e231	349680
mods/heroes.stormmod/base.stormassets/assets/textures/storm_pet_murky_grunty_diff.lvl0	43fd88027e3103dadafed9efaea3699a	5616
mods/heroes.stormmod/base.stormassets/assets/textures/storm_pet_murky_grunty_norm.dds	340921c7aab1427982a685d762bdf609	349684
mods/heroes.stormmod/base.stormassets/assets/textures/storm_pet_murky_grunty_norm.lvl0	b794798449e22b497777464da64c19e7	5616
mods/heroes.stormmod/base.stormassets/assets/textures/storm_pet_murky_grunty_spec.dds	f2ece262919d3a062c22e6c581b72bbf	174904
mods/heroes.stormmod/base.stormassets/assets/textures/storm_pet_murky_grunty_spec.lvl0	34155d322140bf3fe9e3526f629ab6c8	2872
mods/heroes.stormmod/base.stormassets/assets/textures/storm_pet_necromancer_skeleton_diff.dds	0c71d77670fe9ff8ba675be346e927e8	1398256
mods/heroes.stormmod/base.stormassets/assets/textures/storm_pet_necromancer_skeleton_diff.lvl0	e7f1000aa830625280a165aad8944903	5616
mods/heroes.stormmod/base.stormassets/assets/textures/storm_pet_necromancer_skeleton_emis.dds	66113e0c66c48e7c95906ff7b18397a6	174904
mods/heroes.stormmod/base.stormassets/assets/textures/storm_pet_necromancer_skeleton_emis.lvl0	3d2fbf9e74c984dde49803147bd4dd9b	2872
mods/heroes.stormmod/base.stormassets/assets/textures/storm_pet_necromancer_skeleton_norm.dds	388e28e8a09f1d34b09392e24c2aac67	1398260
mods/heroes.stormmod/base.stormassets/assets/textures/storm_pet_necromancer_skeleton_norm.lvl0	84d5f2cc95cf4b1e88e7a15f15127562	5616
mods/heroes.stormmod/base.stormassets/assets/textures/storm_pet_necromancer_skeleton_spec.dds	6178437ad74fcb6f2e4d78e03acae49f	1398256
mods/heroes.stormmod/base.stormassets/assets/textures/storm_pet_necromancer_skeleton_spec.lvl0	026e90e2e55c9844c11859c9c259ec97	5616
mods/heroes.stormmod/base.stormassets/assets/textures/storm_pet_probiuscommon_terran_diff.dds	6a2cd47487f3e75639780c34b31ea0e8	1398256
mods/heroes.stormmod/base.stormassets/assets/textures/storm_pet_probiuscommon_terran_diff.lvl0	02670b31b47ebe14d3b5d44a3ede4e4c	5616
mods/heroes.stormmod/base.stormassets/assets/textures/storm_pet_probiuscommon_terran_emis.dds	a4b75fbf8d082c97f325045a4eb1e887	174904
mods/heroes.stormmod/base.stormassets/assets/textures/storm_pet_probiuscommon_terran_emis.lvl0	bf70fbce679f337444a7dd00f81f7648	2872
mods/heroes.stormmod/base.stormassets/assets/textures/storm_pet_probiuscommon_terran_norm.dds	e43ec98a4875fb89fc20fb6d3c91b6eb	1398260
mods/heroes.stormmod/base.stormassets/assets/textures/storm_pet_probiuscommon_terran_norm.lvl0	180072e3c41c6d2afa1a460a463ed698	5616
mods/heroes.stormmod/base.stormassets/assets/textures/storm_pet_probiuscommon_terran_spec.dds	c03f8542fb2c543e6ac28be7f29223dc	1398256
mods/heroes.stormmod/base.stormassets/assets/textures/storm_pet_probiuscommon_terran_spec.lvl0	86e3740c83339614b59765373ef03a91	5616
mods/heroes.stormmod/base.stormassets/assets/textures/storm_pet_probiuscommon_terran_var1_diff.dds	be2cf83bf42d7c219942321ddc90dad2	1398256
mods/heroes.stormmod/base.stormassets/assets/textures/storm_pet_probiuscommon_terran_var1_diff.lvl0	5d26a31f693b65316f726bf35e19c2d7	5616
mods/heroes.stormmod/base.stormassets/assets/textures/storm_pet_probiuscommon_terran_var2_diff.dds	839defe819488114b325c358778499f5	1398256
mods/heroes.stormmod/base.stormassets/assets/textures/storm_pet_probiuscommon_terran_var2_diff.lvl0	434a1f4c0e099860c52fb204b22f7883	5616
mods/heroes.stormmod/base.stormassets/assets/textures/storm_pet_probiuscommon_terran_var3_diff.dds	a9fd7184bae1fd0fdbbaabf1e6c08ac6	1398256
mods/heroes.stormmod/base.stormassets/assets/textures/storm_pet_probiuscommon_terran_var3_diff.lvl0	92a5fa82382e4fe0a5bbcf65d7408901	5616
mods/heroes.stormmod/base.stormassets/assets/textures/storm_pet_probiuscommon_terran_var4_diff.dds	679556bb88f76d0ddc0c4ffd6a9dbccf	1398256
mods/heroes.stormmod/base.stormassets/assets/textures/storm_pet_probiuscommon_terran_var4_diff.lvl0	cc9137592384c14e5dfa0f7f91564786	5616
mods/heroes.stormmod/base.stormassets/assets/textures/storm_pet_probiusphotoncannon_base_ao.dds	1eeb1771430e6a7aa6a6552cb34ee9a6	87536
mods/heroes.stormmod/base.stormassets/assets/textures/storm_pet_probiusphotoncannon_base_ao.lvl0	db290570a7bbe95f0a4c68f708d9a75f	5616
mods/heroes.stormmod/base.stormassets/assets/textures/storm_pet_probiusphotoncannon_base_diff.dds	3c87157065e9c5b015767d57b2ecaaf7	349680
mods/heroes.stormmod/base.stormassets/assets/textures/storm_pet_probiusphotoncannon_base_diff.lvl0	24f2b83b9a9121fe315ebcda7ea51a1d	5616
mods/heroes.stormmod/base.stormassets/assets/textures/storm_pet_probiusphotoncannon_base_emis.dds	74f7a980f0212aa2af2017380582ae05	174904
mods/heroes.stormmod/base.stormassets/assets/textures/storm_pet_probiusphotoncannon_base_emis.lvl0	a499f94ed97d50d5fd2283ddd4c30393	2872
mods/heroes.stormmod/base.stormassets/assets/textures/storm_pet_probiusphotoncannon_base_norm.dds	68a0f985f10ba7ba1475816454118387	349684
mods/heroes.stormmod/base.stormassets/assets/textures/storm_pet_probiusphotoncannon_base_norm.lvl0	7acf46286c92e485e9bd562a6487e3e8	5616
mods/heroes.stormmod/base.stormassets/assets/textures/storm_pet_probiusphotoncannon_base_spec.dds	5cc8cdc5420488393880d40ae12c285d	349680
mods/heroes.stormmod/base.stormassets/assets/textures/storm_pet_probiusphotoncannon_base_spec.lvl0	d15cc9b031e1e3f503943be591ed0d61	5616
mods/heroes.stormmod/base.stormassets/assets/textures/storm_pet_probiusphotoncannon_base_var1_diff.dds	a8892819988c5a61ce43a315095a1fd1	349680
mods/heroes.stormmod/base.stormassets/assets/textures/storm_pet_probiusphotoncannon_base_var1_diff.lvl0	5184b92f539a98c8e9f5ceba29c27808	1520
mods/heroes.stormmod/base.stormassets/assets/textures/storm_pet_probiusphotoncannon_base_var1_emis.dds	913d5b66385f9927166727889cd69ca3	174904
mods/heroes.stormmod/base.stormassets/assets/textures/storm_pet_probiusphotoncannon_base_var1_emis.lvl0	1d180e42fd727afbc8543be4e8d39e74	824
mods/heroes.stormmod/base.stormassets/assets/textures/storm_pet_probiusphotoncannon_base_var1_spec.dds	c978c331b1638d4c4d8a6ae529134a6f	349680
mods/heroes.stormmod/base.stormassets/assets/textures/storm_pet_probiusphotoncannon_base_var1_spec.lvl0	6e7dd439efa1eb22d2447daa226f0de2	1520
mods/heroes.stormmod/base.stormassets/assets/textures/storm_pet_probiusphotoncannon_base_var2_diff.dds	39dfd07fb07d3058c90077e41a935dbf	349680
mods/heroes.stormmod/base.stormassets/assets/textures/storm_pet_probiusphotoncannon_base_var2_diff.lvl0	3e934d3f0959fd83ea090d1c8898dd9c	1520
mods/heroes.stormmod/base.stormassets/assets/textures/storm_pet_probiusphotoncannon_base_var2_emis.dds	5218cff063bdbbc91981919787b305e0	174904
mods/heroes.stormmod/base.stormassets/assets/textures/storm_pet_probiusphotoncannon_base_var2_emis.lvl0	442dba43072bb9671f323e86a11f0566	824
mods/heroes.stormmod/base.stormassets/assets/textures/storm_pet_probiusphotoncannon_base_var2_spec.dds	0d13308459aa277ae473ed7e6a5a8a7d	349680
mods/heroes.stormmod/base.stormassets/assets/textures/storm_pet_probiusphotoncannon_base_var2_spec.lvl0	32a09d957ef5edd685e1ab12bdcfd554	1520
mods/heroes.stormmod/base.stormassets/assets/textures/storm_pet_probiusphotoncannon_base_var3_diff.dds	c1a0a591a83c280a3005b81da668afb3	349680
mods/heroes.stormmod/base.stormassets/assets/textures/storm_pet_probiusphotoncannon_base_var3_diff.lvl0	6addf585ff66054c5d91846619774d6b	1520
mods/heroes.stormmod/base.stormassets/assets/textures/storm_pet_probiusphotoncannon_base_var3_emis.dds	3cc8ac33e8cccd3fa128c27906a69b6c	174904
mods/heroes.stormmod/base.stormassets/assets/textures/storm_pet_probiusphotoncannon_base_var3_emis.lvl0	3e4825d0e31d538c05b7509e3a5665ef	824
mods/heroes.stormmod/base.stormassets/assets/textures/storm_pet_probiusphotoncannon_base_var3_spec.dds	13f77d371d0518ef64cedf68a44290d0	349680
mods/heroes.stormmod/base.stormassets/assets/textures/storm_pet_probiusphotoncannon_base_var3_spec.lvl0	1633df5b95e2d918977db8d37c8c0d18	1520
mods/heroes.stormmod/base.stormassets/assets/textures/storm_pet_probiusphotoncannon_base_var4_diff.dds	13f94e0c41009edff1bc70df20905c55	349680
mods/heroes.stormmod/base.stormassets/assets/textures/storm_pet_probiusphotoncannon_base_var4_diff.lvl0	064492ca7866b4bc8c216872ffbd0b52	1520
mods/heroes.stormmod/base.stormassets/assets/textures/storm_pet_probiusphotoncannon_base_var4_emis.dds	d4c5e86e25ff03bab92bbfedf8010dd9	174904
mods/heroes.stormmod/base.stormassets/assets/textures/storm_pet_probiusphotoncannon_base_var4_emis.lvl0	f614e20790bc382b94e7a0ec83da23d4	824
mods/heroes.stormmod/base.stormassets/assets/textures/storm_pet_probiusphotoncannon_base_var4_spec.dds	b0a2284a3d251ee5be13fe2b67c68fee	349680
mods/heroes.stormmod/base.stormassets/assets/textures/storm_pet_probiusphotoncannon_base_var4_spec.lvl0	f45766c2e7fb4e10dd0fe2baf532bb74	1520
mods/heroes.stormmod/base.stormassets/assets/textures/storm_pet_probiusphotoncannon_terran_ao.dds	780366c257c063d4ad059cb5f77af814	87536
mods/heroes.stormmod/base.stormassets/assets/textures/storm_pet_probiusphotoncannon_terran_ao.lvl0	682bcb58700a7588f0e10a626a4f24ab	5616
mods/heroes.stormmod/base.stormassets/assets/textures/storm_pet_probiusphotoncannon_ultimate_var2_diff.dds	5a4715eb26c631cb9584f2bf7d30d934	349680
mods/heroes.stormmod/base.stormassets/assets/textures/storm_pet_probiusphotoncannon_ultimate_var2_diff.lvl0	4820353b9d7acb24b36c1a342c503ada	1520
mods/heroes.stormmod/base.stormassets/assets/textures/storm_pet_probiusphotoncannon_ultimate_var2_emis.dds	60654d6bdba3309a29907a5112466814	174904
mods/heroes.stormmod/base.stormassets/assets/textures/storm_pet_probiusphotoncannon_ultimate_var2_emis.lvl0	adc0acc1ab8b9623c4ffd0b17279d7c5	824
mods/heroes.stormmod/base.stormassets/assets/textures/storm_pet_probiusphotoncannon_ultimate_var2_spec.dds	0d6bbbd3c9b81c8bec952fdc8a2bc9a8	349680
mods/heroes.stormmod/base.stormassets/assets/textures/storm_pet_probiusphotoncannon_ultimate_var2_spec.lvl0	ee5605e0c90c229658f19267ae6fc2fd	1520
mods/heroes.stormmod/base.stormassets/assets/textures/storm_pet_probiusphotoncannon_ultimate_var4_diff.dds	cea87aab62264e84621d4f59bb949b80	349680
mods/heroes.stormmod/base.stormassets/assets/textures/storm_pet_probiusphotoncannon_ultimate_var4_diff.lvl0	99e1a64673324b4180c74e6e6cb63488	1520
mods/heroes.stormmod/base.stormassets/assets/textures/storm_pet_probiusphotoncannon_ultimate_var4_emis.dds	20b758af132d6c9ddafe65e8adbc04d4	174904
mods/heroes.stormmod/base.stormassets/assets/textures/storm_pet_probiusphotoncannon_ultimate_var4_emis.lvl0	e0235cbc3421eedc27ecabefd56654fb	824
mods/heroes.stormmod/base.stormassets/assets/textures/storm_pet_probiusphotoncannon_ultimate_var4_spec.dds	4de11bd4a78429d15276bf0695fe0573	349680
mods/heroes.stormmod/base.stormassets/assets/textures/storm_pet_probiusphotoncannon_ultimate_var4_spec.lvl0	02abc121bfa0b5be706d0cba6a86212c	1520
mods/heroes.stormmod/base.stormassets/assets/textures/storm_pet_probiusphotoncannon_ultimate_var8_diff.dds	3d0988cbb4448b7d9bc12a21653271d3	349680
mods/heroes.stormmod/base.stormassets/assets/textures/storm_pet_probiusphotoncannon_ultimate_var8_diff.lvl0	ba4a7197b5b9877148b8d35403ceeb18	1520
mods/heroes.stormmod/base.stormassets/assets/textures/storm_pet_probiuspylon_base_diff.dds	b30e3d8f9ecba7be69aa399bf2e3b3b3	349680
mods/heroes.stormmod/base.stormassets/assets/textures/storm_pet_probiuspylon_base_diff.lvl0	b216d545f9e19c639098507532c355ef	5616
mods/heroes.stormmod/base.stormassets/assets/textures/storm_pet_probiuspylon_base_emis.dds	39aa4a078cd3791a271bad8574a1a361	349680
mods/heroes.stormmod/base.stormassets/assets/textures/storm_pet_probiuspylon_base_emis.lvl0	38168805ba5f66ea294b775212a12cc4	1520
mods/heroes.stormmod/base.stormassets/assets/textures/storm_pet_probiuspylon_base_norm.dds	4b1740d7ac9f87681a0930454ac9e4b5	349684
mods/heroes.stormmod/base.stormassets/assets/textures/storm_pet_probiuspylon_base_norm.lvl0	ede352498a724f16d9f58ffd53f5a8be	5616
mods/heroes.stormmod/base.stormassets/assets/textures/storm_pet_probiuspylon_base_overcharge_emis.dds	89516598ad0a635a48a97f6206fa8212	349680
mods/heroes.stormmod/base.stormassets/assets/textures/storm_pet_probiuspylon_base_overcharge_emis.lvl0	66801f5615e458e0c3af6ca4426b949e	5616
mods/heroes.stormmod/base.stormassets/assets/textures/storm_pet_probiuspylon_base_spec.dds	8c4f1a078800e2af03e71213d4f7ec94	349680
mods/heroes.stormmod/base.stormassets/assets/textures/storm_pet_probiuspylon_base_spec.lvl0	ec8d8b3fb79eb3eaa3319fae79f8fab1	5616
mods/heroes.stormmod/base.stormassets/assets/textures/storm_pet_probiuspylon_base_var1_diff.dds	325b2cd7df0467ef0afccf739217c9b7	349680
mods/heroes.stormmod/base.stormassets/assets/textures/storm_pet_probiuspylon_base_var1_diff.lvl0	626b55603b438374e5255e32bd6b1602	1520
mods/heroes.stormmod/base.stormassets/assets/textures/storm_pet_probiuspylon_base_var1_emis.dds	504cc9a1d0ec5b20f6b7559467a68da2	349680
mods/heroes.stormmod/base.stormassets/assets/textures/storm_pet_probiuspylon_base_var1_emis.lvl0	6ac713c5b68d79eb824506c948cd5136	1520
mods/heroes.stormmod/base.stormassets/assets/textures/storm_pet_probiuspylon_base_var1_spec.dds	cd3b65cc77f8ad6b568c53c6212cb879	349680
mods/heroes.stormmod/base.stormassets/assets/textures/storm_pet_probiuspylon_base_var1_spec.lvl0	aa77f35c1c63639437c26a2aa11bf92c	1520
mods/heroes.stormmod/base.stormassets/assets/textures/storm_pet_probiuspylon_base_var2_diff.dds	f36250de4902a927ad18b5461f904506	349680
mods/heroes.stormmod/base.stormassets/assets/textures/storm_pet_probiuspylon_base_var2_diff.lvl0	ca90810f5eaa815228473c8f8f0150f4	1520
mods/heroes.stormmod/base.stormassets/assets/textures/storm_pet_probiuspylon_base_var2_emis.dds	9702bbd24cecaee8c839148192859aee	349680
mods/heroes.stormmod/base.stormassets/assets/textures/storm_pet_probiuspylon_base_var2_emis.lvl0	ca1e713a9f66f0d4f40836c627bf50dd	1520
mods/heroes.stormmod/base.stormassets/assets/textures/storm_pet_probiuspylon_base_var2_spec.dds	341906864ee6611436e4b2ecf30ff6a5	349680
mods/heroes.stormmod/base.stormassets/assets/textures/storm_pet_probiuspylon_base_var2_spec.lvl0	5729802dcdef07d6861bafa1fafdfd8c	1520
mods/heroes.stormmod/base.stormassets/assets/textures/storm_pet_probiuspylon_base_var3_diff.dds	b8b2856a6713fe8b8e977dbcc3559201	349680
mods/heroes.stormmod/base.stormassets/assets/textures/storm_pet_probiuspylon_base_var3_diff.lvl0	84cf7ffcf47547ab491bb7fa3101cf54	1520
mods/heroes.stormmod/base.stormassets/assets/textures/storm_pet_probiuspylon_base_var3_emis.dds	0b5efaced4fd6a26d51eb0ca20db47ea	349680
mods/heroes.stormmod/base.stormassets/assets/textures/storm_pet_probiuspylon_base_var3_emis.lvl0	046967bec48bbf532f6bfbff52924e52	1520
mods/heroes.stormmod/base.stormassets/assets/textures/storm_pet_probiuspylon_base_var3_spec.dds	86dfda2e7c7426fa49aee1fa911a8fcd	349680
mods/heroes.stormmod/base.stormassets/assets/textures/storm_pet_probiuspylon_base_var3_spec.lvl0	9520f965f7625796bf5fc67251211cce	1520
mods/heroes.stormmod/base.stormassets/assets/textures/storm_pet_probiuspylon_base_var4_diff.dds	dc70997189e83a06a5faae8f7ecab661	349680
mods/heroes.stormmod/base.stormassets/assets/textures/storm_pet_probiuspylon_base_var4_diff.lvl0	28cd74ee9d0f5e89ed752a20d02ac8a8	1520
mods/heroes.stormmod/base.stormassets/assets/textures/storm_pet_probiuspylon_base_var4_emis.dds	e23e148362703a9f489f2235d905451d	349680
mods/heroes.stormmod/base.stormassets/assets/textures/storm_pet_probiuspylon_base_var4_emis.lvl0	d4caf25dcc133de015b79325684ec340	1520
mods/heroes.stormmod/base.stormassets/assets/textures/storm_pet_probiuspylon_base_var4_spec.dds	3886f4bc2e4a51b01a570297c1b168fe	349680
mods/heroes.stormmod/base.stormassets/assets/textures/storm_pet_probiuspylon_base_var4_spec.lvl0	3442d99fd8f40a94ff76310f7bdb0988	1520
mods/heroes.stormmod/base.stormassets/assets/textures/storm_pet_probiuspylon_terran_overcharge_emis.dds	845378cd40afcc89621ace9b612a11a0	349680
mods/heroes.stormmod/base.stormassets/assets/textures/storm_pet_probiuspylon_terran_overcharge_emis.lvl0	6773eb3284251fa6156e456ccb031f7f	5616
mods/heroes.stormmod/base.stormassets/assets/textures/storm_pet_probiuspylon_ultimate_var2_diff.dds	9843a9ba3458a06301585ad499f443a6	349680
mods/heroes.stormmod/base.stormassets/assets/textures/storm_pet_probiuspylon_ultimate_var2_diff.lvl0	4ee4a8df13141101f00187ab55a7a118	1520
mods/heroes.stormmod/base.stormassets/assets/textures/storm_pet_probiuspylon_ultimate_var2_emis.dds	98a931d3fb90201ec7fe142664a9439a	349680
mods/heroes.stormmod/base.stormassets/assets/textures/storm_pet_probiuspylon_ultimate_var2_emis.lvl0	3fcccadea60ab158cec04c7a677fa50d	1520
mods/heroes.stormmod/base.stormassets/assets/textures/storm_pet_probiuspylon_ultimate_var2_spec.dds	8b60517a0d44bc7f1a1d148b693f4196	349680
mods/heroes.stormmod/base.stormassets/assets/textures/storm_pet_probiuspylon_ultimate_var2_spec.lvl0	2c8687972ba7a3807ae2f230d7e5cc0f	1520
mods/heroes.stormmod/base.stormassets/assets/textures/storm_pet_probiuspylon_ultimate_var4_diff.dds	bf0475758f26b857542318740398dc4f	349680
mods/heroes.stormmod/base.stormassets/assets/textures/storm_pet_probiuspylon_ultimate_var4_diff.lvl0	46710c781ea47b4c6395a2aa3278ea27	1520
mods/heroes.stormmod/base.stormassets/assets/textures/storm_pet_probiuspylon_ultimate_var4_emis.dds	0caa6c4a5d89d3ca1d03cc2ca40cd7f5	349680
mods/heroes.stormmod/base.stormassets/assets/textures/storm_pet_probiuspylon_ultimate_var4_emis.lvl0	e2ce512f77c065f8087bcd3b14f3f3d0	1520
mods/heroes.stormmod/base.stormassets/assets/textures/storm_pet_probiuspylon_ultimate_var4_spec.dds	bc171cd28a39d76b470bf962e119ada2	349680
mods/heroes.stormmod/base.stormassets/assets/textures/storm_pet_probiuspylon_ultimate_var4_spec.lvl0	adb890be9cc34d715391b011bb68eed7	1520
mods/heroes.stormmod/base.stormassets/assets/textures/storm_pet_probiuspylon_ultimate_var8_diff.dds	45ba3e8e2baa3e340ef9c1570fd55253	349680
mods/heroes.stormmod/base.stormassets/assets/textures/storm_pet_probiuspylon_ultimate_var8_diff.lvl0	a1a8feb8db61fd77574ecc58065abb1e	1520
mods/heroes.stormmod/base.stormassets/assets/textures/storm_pet_raynorbanshee_madaxe18_diff.dds	da8b7cd1827671549480cc14b7678e75	349680
mods/heroes.stormmod/base.stormassets/assets/textures/storm_pet_raynorbanshee_madaxe18_diff.lvl0	52f71e56ed4633a8e6ac90b5dcb9f6ce	1520
mods/heroes.stormmod/base.stormassets/assets/textures/storm_pet_raynorbanshee_madaxe18_emis.dds	5fc16ae66b3a86a391f0026b1e7f88fb	174904
mods/heroes.stormmod/base.stormassets/assets/textures/storm_pet_raynorbanshee_madaxe18_emis.lvl0	ed93f11df4470a485decb2c274cc4176	824
mods/heroes.stormmod/base.stormassets/assets/textures/storm_pet_raynorbanshee_madaxe18_norm.dds	ef0f14ca20b718016a58f8b5a153257d	349680
mods/heroes.stormmod/base.stormassets/assets/textures/storm_pet_raynorbanshee_madaxe18_norm.lvl0	34324f06a6f3cfe805c3867f52f7669b	1520
mods/heroes.stormmod/base.stormassets/assets/textures/storm_pet_raynorbanshee_madaxe18_spec.dds	6bf311be96bfa5db001327fa83972a72	349680
mods/heroes.stormmod/base.stormassets/assets/textures/storm_pet_raynorbanshee_madaxe18_spec.lvl0	2cc85de56cceaaa0a0dae5a066cf6d75	1520
mods/heroes.stormmod/base.stormassets/assets/textures/storm_pet_raynorbanshee_madaxe18_var1_diff.dds	4d875750ab284480af4e5e7e9c532782	349680
mods/heroes.stormmod/base.stormassets/assets/textures/storm_pet_raynorbanshee_madaxe18_var1_diff.lvl0	d36e98d5d13e657ce72e2f8366fe94ff	1520
mods/heroes.stormmod/base.stormassets/assets/textures/storm_pet_raynorbanshee_madaxe18_var1_emis.dds	3312527902e299ae4fd859e3ba1d2b86	174904
mods/heroes.stormmod/base.stormassets/assets/textures/storm_pet_raynorbanshee_madaxe18_var1_emis.lvl0	4943d50b271a3d288aea0879bf71098e	824
mods/heroes.stormmod/base.stormassets/assets/textures/storm_pet_raynorbanshee_madaxe18_var1_spec.dds	f1542a671194005bda380745bf064323	349680
mods/heroes.stormmod/base.stormassets/assets/textures/storm_pet_raynorbanshee_madaxe18_var1_spec.lvl0	5412f065e325b976d6487f9a99f1a71a	1520
mods/heroes.stormmod/base.stormassets/assets/textures/storm_pet_raynorbanshee_madaxe18_var2_diff.dds	2b0d82066b2923d950994a087a0702eb	349680
mods/heroes.stormmod/base.stormassets/assets/textures/storm_pet_raynorbanshee_madaxe18_var2_diff.lvl0	73e61bd620040d03c0c2669a172835e8	1520
mods/heroes.stormmod/base.stormassets/assets/textures/storm_pet_raynorbanshee_madaxe18_var2_emis.dds	9d696ad4b3fd9a279cb281a2be40cea7	174904
mods/heroes.stormmod/base.stormassets/assets/textures/storm_pet_raynorbanshee_madaxe18_var2_emis.lvl0	48fddde158062b6784a113f7b9cbae27	824
mods/heroes.stormmod/base.stormassets/assets/textures/storm_pet_raynorbanshee_madaxe18_var2_spec.dds	1e9de6d9f87c3fcbe80631cdcfa342a3	349680
mods/heroes.stormmod/base.stormassets/assets/textures/storm_pet_raynorbanshee_madaxe18_var2_spec.lvl0	c5cf9e1109ebaa18da28bf35876b3ced	1520
mods/heroes.stormmod/base.stormassets/assets/textures/storm_pet_rexxarmisha_base_brown_diff.dds	16dc90a67e351dfe4eb03a743865c89a	1398256
mods/heroes.stormmod/base.stormassets/assets/textures/storm_pet_rexxarmisha_base_brown_diff.lvl0	8abc30c14c4c8c20deac36370792d621	5616
mods/heroes.stormmod/base.stormassets/assets/textures/storm_pet_rexxarmisha_base_brown_emis.dds	e808934f9b384affd9f64b5f934a37ab	699192
mods/heroes.stormmod/base.stormassets/assets/textures/storm_pet_rexxarmisha_base_brown_emis.lvl0	987caab97820f6296d92efa413eb1995	2872
mods/heroes.stormmod/base.stormassets/assets/textures/storm_pet_rexxarmisha_base_brown_spec.dds	d161676a85cbbc4f667251fc6d6749df	699192
mods/heroes.stormmod/base.stormassets/assets/textures/storm_pet_rexxarmisha_base_brown_spec.lvl0	8c56e79a2bf7843256d9515c23677a6d	2872
mods/heroes.stormmod/base.stormassets/assets/textures/storm_pet_rexxarmisha_base_diff.dds	3b87314016d1331e674684b6db72660d	1398256
mods/heroes.stormmod/base.stormassets/assets/textures/storm_pet_rexxarmisha_base_diff.lvl0	42a1c580f3292032748c2ace0b78fbc2	5616
mods/heroes.stormmod/base.stormassets/assets/textures/storm_pet_rexxarmisha_base_emis.dds	95747750bd979d9c05c4157dff79ee40	174904
mods/heroes.stormmod/base.stormassets/assets/textures/storm_pet_rexxarmisha_base_emis.lvl0	c2d76e5577c112bc663d5a8aaeedb107	2872
mods/heroes.stormmod/base.stormassets/assets/textures/storm_pet_rexxarmisha_base_norm.dds	b41fe5d7f13008a99072a04d29fe3b0c	1398260
mods/heroes.stormmod/base.stormassets/assets/textures/storm_pet_rexxarmisha_base_norm.lvl0	e593f2af4f63f5535bcc153aaf6eea9f	5616
mods/heroes.stormmod/base.stormassets/assets/textures/storm_pet_rexxarmisha_base_spec.dds	7a27445ed8662d06141be6d422560b1e	699192
mods/heroes.stormmod/base.stormassets/assets/textures/storm_pet_rexxarmisha_base_spec.lvl0	c1d3c8f39b8859e9bab6175308475aea	2872
mods/heroes.stormmod/base.stormassets/assets/textures/storm_pet_rexxarmisha_base_white_diff.dds	39e7d43c07994457282635cddfcdbcdd	1398256
mods/heroes.stormmod/base.stormassets/assets/textures/storm_pet_rexxarmisha_base_white_diff.lvl0	e73905e322670ab9f44612438db00ff8	5616
mods/heroes.stormmod/base.stormassets/assets/textures/storm_pet_rexxarmisha_base_white_emis.dds	dd90bf56a7debd8c55ab66aed858ab9c	699192
mods/heroes.stormmod/base.stormassets/assets/textures/storm_pet_rexxarmisha_base_white_emis.lvl0	dc38cded134f99e53412cf2f240df05c	2872
mods/heroes.stormmod/base.stormassets/assets/textures/storm_pet_rexxarmisha_base_white_spec.dds	d161676a85cbbc4f667251fc6d6749df	699192
mods/heroes.stormmod/base.stormassets/assets/textures/storm_pet_rexxarmisha_base_white_spec.lvl0	8c56e79a2bf7843256d9515c23677a6d	2872
mods/heroes.stormmod/base.stormassets/assets/textures/storm_pet_rexxarmisha_frost_brown_diff.dds	063e8574d5dde36f2667a69c5cf99653	1398256
mods/heroes.stormmod/base.stormassets/assets/textures/storm_pet_rexxarmisha_frost_brown_diff.lvl0	d9b2e2c9ba00a14d1de4e41646127204	5616
mods/heroes.stormmod/base.stormassets/assets/textures/storm_pet_rexxarmisha_frost_brown_emis.dds	60fd2c1088271e95fed16750705e9606	699192
mods/heroes.stormmod/base.stormassets/assets/textures/storm_pet_rexxarmisha_frost_brown_emis.lvl0	65bdd2863fa1d9b7d82222a8aec890b8	2872
mods/heroes.stormmod/base.stormassets/assets/textures/storm_pet_rexxarmisha_frost_brown_spec.dds	ebe05df228e2389ef7d6e674f53ff5f5	699192
mods/heroes.stormmod/base.stormassets/assets/textures/storm_pet_rexxarmisha_frost_brown_spec.lvl0	1088bad0f577fb444f3ba6bce36de037	2872
mods/heroes.stormmod/base.stormassets/assets/textures/storm_pet_rexxarmisha_frost_diff.dds	eb3705bbb9a98727653b5deb7f2e223e	1398256
mods/heroes.stormmod/base.stormassets/assets/textures/storm_pet_rexxarmisha_frost_diff.lvl0	f20b1828bdae08bd16cbb391c62a6ba7	5616
mods/heroes.stormmod/base.stormassets/assets/textures/storm_pet_rexxarmisha_frost_emis.dds	e6706c01d0ae93d6fcc25252775e3d96	699192
mods/heroes.stormmod/base.stormassets/assets/textures/storm_pet_rexxarmisha_frost_emis.lvl0	cc6fe169831d24e52a9339318d97c9d2	2872
mods/heroes.stormmod/base.stormassets/assets/textures/storm_pet_rexxarmisha_frost_norm.dds	ced4fa40a72347e91f31035967cfd128	1398260
mods/heroes.stormmod/base.stormassets/assets/textures/storm_pet_rexxarmisha_frost_norm.lvl0	39b41bb0b415561fa8b50a2503455e27	5616
mods/heroes.stormmod/base.stormassets/assets/textures/storm_pet_rexxarmisha_frost_red_diff.dds	4eabfab4ead96edf1b2d6456a6a03fd5	1398256
mods/heroes.stormmod/base.stormassets/assets/textures/storm_pet_rexxarmisha_frost_red_diff.lvl0	bebd3cbf7715b5710fed0694913c4d9c	5616
mods/heroes.stormmod/base.stormassets/assets/textures/storm_pet_rexxarmisha_frost_red_emis.dds	884fe91d14122749431d9568235bc9b9	699192
mods/heroes.stormmod/base.stormassets/assets/textures/storm_pet_rexxarmisha_frost_red_emis.lvl0	c6956c854c6197b9d73131835c17964d	2872
mods/heroes.stormmod/base.stormassets/assets/textures/storm_pet_rexxarmisha_frost_red_spec.dds	2c92a2e0881f96ce09df8a4d3ff1532e	699192
mods/heroes.stormmod/base.stormassets/assets/textures/storm_pet_rexxarmisha_frost_red_spec.lvl0	52dd420533c94399e47e1f856a7132bc	2872
mods/heroes.stormmod/base.stormassets/assets/textures/storm_pet_rexxarmisha_frost_spec.dds	a4c7382d918293526b89da3005bdfe1b	699192
mods/heroes.stormmod/base.stormassets/assets/textures/storm_pet_rexxarmisha_frost_spec.lvl0	49b5904aec905a2ff53d483939bc1979	2872
mods/heroes.stormmod/base.stormassets/assets/textures/storm_pet_rexxarmisha_fx_emiss_marine.dds	30441220dc6e7cf158dbb00159bf0c33	1398256
mods/heroes.stormmod/base.stormassets/assets/textures/storm_pet_rexxarmisha_fx_emiss_marine.lvl0	99dc25d8c243891cb07798de9dfe5cce	5616
mods/heroes.stormmod/base.stormassets/assets/textures/storm_pet_rexxarmisha_fx_emiss_new.dds	9ca0467981f9c5910aee0e72152d2fa4	174904
mods/heroes.stormmod/base.stormassets/assets/textures/storm_pet_rexxarmisha_fx_emiss_new.lvl0	6b2ee181e1a22bf16f4fd973a13d373a	2872
mods/heroes.stormmod/base.stormassets/assets/textures/storm_pet_rexxarmisha_marine_decal.dds	334b2832e5c089cebf4a1f1c808618e6	87536
mods/heroes.stormmod/base.stormassets/assets/textures/storm_pet_rexxarmisha_marine_decal.lvl0	14389971c7c3765a2bedeb9ec875e744	5616
mods/heroes.stormmod/base.stormassets/assets/textures/storm_pet_rexxarmisha_marine_diff.dds	7c2f39e48839fe70a4edc878f041197a	1398256
mods/heroes.stormmod/base.stormassets/assets/textures/storm_pet_rexxarmisha_marine_diff.lvl0	27827eba34d5dc61d72f6b7bd1f25060	5616
mods/heroes.stormmod/base.stormassets/assets/textures/storm_pet_rexxarmisha_marine_emis.dds	4413ec100ff016c01f0f423b4eec91a6	699192
mods/heroes.stormmod/base.stormassets/assets/textures/storm_pet_rexxarmisha_marine_emis.lvl0	719babec04d03200ef48a60158919477	2872
mods/heroes.stormmod/base.stormassets/assets/textures/storm_pet_rexxarmisha_marine_norm.dds	4bca8ee80139ebc75df20564bbf0d610	1398260
mods/heroes.stormmod/base.stormassets/assets/textures/storm_pet_rexxarmisha_marine_norm.lvl0	a015428dbe1a5670fee534ee0bf37e4f	5616
mods/heroes.stormmod/base.stormassets/assets/textures/storm_pet_rexxarmisha_marine_spec.dds	7451c70620f1cff1b95fc654f3c247f1	1398256
mods/heroes.stormmod/base.stormassets/assets/textures/storm_pet_rexxarmisha_marine_spec.lvl0	4e8a6c8e3e9237fdd39691bfbb143b75	5616
mods/heroes.stormmod/base.stormassets/assets/textures/storm_pet_rexxarmisha_marine_var1_decal.dds	d30d1a2fefa8cbcff5aedd264c02db82	87536
mods/heroes.stormmod/base.stormassets/assets/textures/storm_pet_rexxarmisha_marine_var1_decal.lvl0	1136586eb6c92c864dd64a24722f259b	5616
mods/heroes.stormmod/base.stormassets/assets/textures/storm_pet_rexxarmisha_marine_var1_diff.dds	32c6910b052365208bc7a5e5a49e83d8	1398256
mods/heroes.stormmod/base.stormassets/assets/textures/storm_pet_rexxarmisha_marine_var1_diff.lvl0	897a573ddefe0ce0b3f7bb86c4180358	5616
mods/heroes.stormmod/base.stormassets/assets/textures/storm_pet_rexxarmisha_marine_var1_emis.dds	37c746e506ae9d7cd9f511162af2354c	699192
mods/heroes.stormmod/base.stormassets/assets/textures/storm_pet_rexxarmisha_marine_var1_emis.lvl0	0b371047d18b9797c30bc9358a601178	2872
mods/heroes.stormmod/base.stormassets/assets/textures/storm_pet_rexxarmisha_marine_var1_spec.dds	0958c19852b280e37634bf09546b388b	1398256
mods/heroes.stormmod/base.stormassets/assets/textures/storm_pet_rexxarmisha_marine_var1_spec.lvl0	5dbf7d180dbc88912ab132a078f4e076	5616
mods/heroes.stormmod/base.stormassets/assets/textures/storm_pet_rexxarmisha_marine_var2_decal.dds	cb5c243060d5cbcd5e83018a2a85aa7e	87536
mods/heroes.stormmod/base.stormassets/assets/textures/storm_pet_rexxarmisha_marine_var2_decal.lvl0	66a3f82c0bfc9deea0ee000d6607000e	5616
mods/heroes.stormmod/base.stormassets/assets/textures/storm_pet_rexxarmisha_marine_var2_diff.dds	0c51e32bccc327d9333a4e7225af7d76	1398256
mods/heroes.stormmod/base.stormassets/assets/textures/storm_pet_rexxarmisha_marine_var2_diff.lvl0	22b7e0492d519fb068afc102e0d4c7e6	5616
mods/heroes.stormmod/base.stormassets/assets/textures/storm_pet_rexxarmisha_marine_var2_emis.dds	95485640d39288ceaa258bfa820d1bef	699192
mods/heroes.stormmod/base.stormassets/assets/textures/storm_pet_rexxarmisha_marine_var2_emis.lvl0	ea08c03b2a8a64dccdcb36f7692e6768	2872
mods/heroes.stormmod/base.stormassets/assets/textures/storm_pet_rexxarmisha_marine_var2_spec.dds	19b46dba6e5adae56208278c4f211f83	1398256
mods/heroes.stormmod/base.stormassets/assets/textures/storm_pet_rexxarmisha_marine_var2_spec.lvl0	360bff1813be0e133305d56aac2f5cfc	5616
mods/heroes.stormmod/base.stormassets/assets/textures/storm_pet_rexxarmisha_marine_var3_decal.dds	ed5245748e3790680484e21089704d5d	87536
mods/heroes.stormmod/base.stormassets/assets/textures/storm_pet_rexxarmisha_marine_var3_decal.lvl0	3d7418558e281469d45b310e6223a73e	5616
mods/heroes.stormmod/base.stormassets/assets/textures/storm_pet_rexxarmisha_marine_var3_diff.dds	7b38aebb016f3c91002c890822df06d5	1398256
mods/heroes.stormmod/base.stormassets/assets/textures/storm_pet_rexxarmisha_marine_var3_diff.lvl0	c4540bd7c12153fa9dc3277ee304e674	5616
mods/heroes.stormmod/base.stormassets/assets/textures/storm_pet_rexxarmisha_marine_var3_emis.dds	74868f145658ab684e8f1d43d6e110e5	699192
mods/heroes.stormmod/base.stormassets/assets/textures/storm_pet_rexxarmisha_marine_var3_emis.lvl0	247222ed275de84df67b2a1f77982646	2872
mods/heroes.stormmod/base.stormassets/assets/textures/storm_pet_rexxarmisha_marine_var3_spec.dds	69b7da694b8a4dac2b201b4266c58a94	1398256
mods/heroes.stormmod/base.stormassets/assets/textures/storm_pet_rexxarmisha_marine_var3_spec.lvl0	600db290a9281a439ebdbaa0739e80bd	5616
mods/heroes.stormmod/base.stormassets/assets/textures/storm_pet_rexxarmisha_marine_var4_decal.dds	79c9b2675957f157bb0338eccd4e3f5d	87536
mods/heroes.stormmod/base.stormassets/assets/textures/storm_pet_rexxarmisha_marine_var4_decal.lvl0	25a4444d4cbe6e855dccb8b0a98fe22f	496
mods/heroes.stormmod/base.stormassets/assets/textures/storm_pet_rexxarmisha_marine_var4_diff.dds	e480534ab52663684f34364e4a71fa34	1398256
mods/heroes.stormmod/base.stormassets/assets/textures/storm_pet_rexxarmisha_marine_var4_diff.lvl0	ddb5d891cf7fd73dae9f9c5b2dd8cbe1	5616
mods/heroes.stormmod/base.stormassets/assets/textures/storm_pet_rexxarmisha_marine_var4_emis.dds	011f3322e8ccf6b860497caaa46f355c	699192
mods/heroes.stormmod/base.stormassets/assets/textures/storm_pet_rexxarmisha_marine_var4_emis.lvl0	7d01de807078652fa22372454945d004	2872
mods/heroes.stormmod/base.stormassets/assets/textures/storm_pet_rexxarmisha_marine_var4_spec.dds	a9dbfeb1b036a7642bb7ff3e9eb915ae	1398256
mods/heroes.stormmod/base.stormassets/assets/textures/storm_pet_rexxarmisha_marine_var4_spec.lvl0	0b7e053a819b468fb674829a7cdf95ce	5616
mods/heroes.stormmod/base.stormassets/assets/textures/storm_pet_rexxarmisha_ultimate_blue_diff.dds	cd4143d789696dc9c836871f4fc9fb62	1398256
mods/heroes.stormmod/base.stormassets/assets/textures/storm_pet_rexxarmisha_ultimate_blue_diff.lvl0	ab9549aaf6eda7263205a71990143270	5616
mods/heroes.stormmod/base.stormassets/assets/textures/storm_pet_rexxarmisha_ultimate_blue_emis.dds	e2de3a5160ee2b1e3e151bd82bd567ad	174904
mods/heroes.stormmod/base.stormassets/assets/textures/storm_pet_rexxarmisha_ultimate_blue_emis.lvl0	a4051c48878e2581ba7992ce0aaefbda	2872
mods/heroes.stormmod/base.stormassets/assets/textures/storm_pet_rexxarmisha_ultimate_blue_spec.dds	24fcf4b70071c1b4020013bf63ff99dc	699192
mods/heroes.stormmod/base.stormassets/assets/textures/storm_pet_rexxarmisha_ultimate_blue_spec.lvl0	7a2ba33dd9a62e29d22d17d87a0ea1ac	2872
mods/heroes.stormmod/base.stormassets/assets/textures/storm_pet_rexxarmisha_ultimate_diff.dds	f6004cae672dd3a1d4f4c4bfb287f9cd	1398256
mods/heroes.stormmod/base.stormassets/assets/textures/storm_pet_rexxarmisha_ultimate_diff.lvl0	76b682b2bf2ae18022b17ed4b5fd92fb	5616
mods/heroes.stormmod/base.stormassets/assets/textures/storm_pet_rexxarmisha_ultimate_emis.dds	5f878fbc20deff0535da037b3ae660d3	174904
mods/heroes.stormmod/base.stormassets/assets/textures/storm_pet_rexxarmisha_ultimate_emis.lvl0	97d08366ebe338db82b54e94458d51fa	2872
mods/heroes.stormmod/base.stormassets/assets/textures/storm_pet_rexxarmisha_ultimate_green_diff.dds	8ec7e149b97088a68e5cfff09defd058	1398256
mods/heroes.stormmod/base.stormassets/assets/textures/storm_pet_rexxarmisha_ultimate_green_diff.lvl0	8a217fc38f1c9495d18b309f019a8319	5616
mods/heroes.stormmod/base.stormassets/assets/textures/storm_pet_rexxarmisha_ultimate_green_emis.dds	ff0dfd4e13c16272fdb0b209b7153015	174904
mods/heroes.stormmod/base.stormassets/assets/textures/storm_pet_rexxarmisha_ultimate_green_emis.lvl0	31123fc31e53c5afa6652e2263ce0807	2872
mods/heroes.stormmod/base.stormassets/assets/textures/storm_pet_rexxarmisha_ultimate_green_spec.dds	24fcf4b70071c1b4020013bf63ff99dc	699192
mods/heroes.stormmod/base.stormassets/assets/textures/storm_pet_rexxarmisha_ultimate_green_spec.lvl0	7a2ba33dd9a62e29d22d17d87a0ea1ac	2872
mods/heroes.stormmod/base.stormassets/assets/textures/storm_pet_rexxarmisha_ultimate_norm.dds	72f3513bef48b5d1c1b647c8d7869160	1398260
mods/heroes.stormmod/base.stormassets/assets/textures/storm_pet_rexxarmisha_ultimate_norm.lvl0	ac94f88bca54b3db0665a63ee67cbb95	5616
mods/heroes.stormmod/base.stormassets/assets/textures/storm_pet_rexxarmisha_ultimate_spec.dds	1468406323d0ac130299cb12d2551286	699192
mods/heroes.stormmod/base.stormassets/assets/textures/storm_pet_rexxarmisha_ultimate_spec.lvl0	16cf789c6316faaf25bab2fb5fbc4c67	2872
mods/heroes.stormmod/base.stormassets/assets/textures/storm_pet_rexxarpig_base_diff.dds	615731a3a7b3c7affa1c5d5da8788495	1398256
mods/heroes.stormmod/base.stormassets/assets/textures/storm_pet_rexxarpig_base_norm.dds	e0a14514a53d1fb8c33f92add1b2c2fe	1398260
mods/heroes.stormmod/base.stormassets/assets/textures/storm_pet_rexxarpig_base_norm.lvl0	315d1622f0482612cef8e5de5bee5627	5616
mods/heroes.stormmod/base.stormassets/assets/textures/storm_pet_rexxarpig_base_spec.dds	24b7f76c9362eb1dce3853a0950ef8b9	699192
mods/heroes.stormmod/base.stormassets/assets/textures/storm_pet_rexxarpig_base_spec.lvl0	a7bb3b6d5d0f257a1ed9aa527b2f941f	2872
mods/heroes.stormmod/base.stormassets/assets/textures/storm_pet_rexxarpig_frost_diff.dds	dbae22138aa224e34a933b1ba70f3bf5	1398256
mods/heroes.stormmod/base.stormassets/assets/textures/storm_pet_rexxarpig_frost_diff.lvl0	f40cc516c41a7db0e408a1ffe371286f	5616
mods/heroes.stormmod/base.stormassets/assets/textures/storm_pet_rexxarpig_frost_emis.dds	61737464a4b4c30eba9f213b68b153b6	699192
mods/heroes.stormmod/base.stormassets/assets/textures/storm_pet_rexxarpig_frost_emis.lvl0	b5ec32f637ec5ef15528d5b78c104e5d	2872
mods/heroes.stormmod/base.stormassets/assets/textures/storm_pet_rexxarpig_frost_spec.dds	8dcab0b3013446d6d215e5e26f16e303	1398256
mods/heroes.stormmod/base.stormassets/assets/textures/storm_pet_rexxarpig_frost_spec.lvl0	534ec66d22f6034d51d8d9ef337c07d1	5616
mods/heroes.stormmod/base.stormassets/assets/textures/storm_pet_rexxarpig_marine_diff.dds	b102c7c1d590fe241a7ba8cd8e88a884	1398256
mods/heroes.stormmod/base.stormassets/assets/textures/storm_pet_rexxarpig_marine_diff.lvl0	3c3a84753ba3c17ff899e69f9c4769c0	5616
mods/heroes.stormmod/base.stormassets/assets/textures/storm_pet_rexxarpig_marine_norm.dds	553bd0a3766aaf631366af252243bab5	1398260
mods/heroes.stormmod/base.stormassets/assets/textures/storm_pet_rexxarpig_marine_norm.lvl0	13ab65fc97ec0f8d6eb5bfeeecca3497	5616
mods/heroes.stormmod/base.stormassets/assets/textures/storm_pet_rexxarpig_marine_spec.dds	86e11d11892220635f70685f3ffadbdd	1398256
mods/heroes.stormmod/base.stormassets/assets/textures/storm_pet_rexxarpig_marine_spec.lvl0	113f1d3689bc5a2a1671f276216e7b1c	5616
mods/heroes.stormmod/base.stormassets/assets/textures/storm_pet_skelethurlocust_diff.dds	1b9e4c52370163dee01ab91ba379753b	1398256
mods/heroes.stormmod/base.stormassets/assets/textures/storm_pet_skelethurlocust_diff.lvl0	4c9d219639a635e8f6bc100614a6dc98	5616
mods/heroes.stormmod/base.stormassets/assets/textures/storm_pet_skelethurlocust_emis.dds	e01386736baa6b1d97c219a38f62b94b	1398256
mods/heroes.stormmod/base.stormassets/assets/textures/storm_pet_skelethurlocust_emis.lvl0	7b3263cb6da79191bc1bbbdeb0ad9de2	5616
mods/heroes.stormmod/base.stormassets/assets/textures/storm_pet_skelethurlocust_green_diff.dds	21cbbe0d78cafcb4ad82df69325591ae	1398256
mods/heroes.stormmod/base.stormassets/assets/textures/storm_pet_skelethurlocust_green_diff.lvl0	dfbf6c51990a221a0571fa0326cbbec8	5616
mods/heroes.stormmod/base.stormassets/assets/textures/storm_pet_skelethurlocust_norm.dds	08f19b21443cc236d717f3e4d7088005	1398260
mods/heroes.stormmod/base.stormassets/assets/textures/storm_pet_skelethurlocust_norm.lvl0	e969de6b3d15bc181d3c0459fcd29bf6	5616
mods/heroes.stormmod/base.stormassets/assets/textures/storm_pet_skelethurlocust_spec.dds	8078fc0bfa4a031386249bbd47490fdb	699192
mods/heroes.stormmod/base.stormassets/assets/textures/storm_pet_skelethurlocust_spec.lvl0	66434f79530aff7f1626ad728b1a27d3	2872
mods/heroes.stormmod/base.stormassets/assets/textures/storm_pet_skelethurlocust_yellow_diff.dds	b790d99327628762b15b7e6dbedf9860	1398256
mods/heroes.stormmod/base.stormassets/assets/textures/storm_pet_skelethurlocust_yellow_diff.lvl0	746c625f42e8a495791040ce07af5851	5616
mods/heroes.stormmod/base.stormassets/assets/textures/storm_pet_tyrandeowl_love.dds	e0381d863d9950d4b3a247f980b607d9	699192
mods/heroes.stormmod/base.stormassets/assets/textures/storm_pet_tyrandeowl_love.lvl0	49c618b0b73e414bff03818c119d606c	2872
mods/heroes.stormmod/base.stormassets/assets/textures/storm_pet_witchdoctor_gargantuan_madaxe18_diff.dds	64aec37c48f141e0ee7db246adfcbb31	1398256
mods/heroes.stormmod/base.stormassets/assets/textures/storm_pet_witchdoctor_gargantuan_madaxe18_diff.lvl0	4548fbfed1dd18a6ca991aa5b312d3c6	5616
mods/heroes.stormmod/base.stormassets/assets/textures/storm_pet_witchdoctor_gargantuan_madaxe18_emis.dds	d8daa7c05ea672509322600c6efabb7f	699192
mods/heroes.stormmod/base.stormassets/assets/textures/storm_pet_witchdoctor_gargantuan_madaxe18_emis.lvl0	5b0b6e42526ebe2d3d93b4cfa5b6791f	2872
mods/heroes.stormmod/base.stormassets/assets/textures/storm_pet_witchdoctor_gargantuan_madaxe18_norm.dds	15510479f7531c4b17d0c0dca764b0ba	1398260
mods/heroes.stormmod/base.stormassets/assets/textures/storm_pet_witchdoctor_gargantuan_madaxe18_norm.lvl0	3a1f76d76cbd74bd75250c6ef6da6222	5616
mods/heroes.stormmod/base.stormassets/assets/textures/storm_pet_witchdoctor_gargantuan_madaxe18_spec.dds	51a9d69061e570df54f90e2a95ce3508	1398256
mods/heroes.stormmod/base.stormassets/assets/textures/storm_pet_witchdoctor_gargantuan_madaxe18_spec.lvl0	0031d36dca6b385d486c0411920ba0ad	5616
mods/heroes.stormmod/base.stormassets/assets/textures/storm_pet_witchdoctorspider_winter_diff.dds	f4fc3534bd5521ba9f061221760a4f1d	349680
mods/heroes.stormmod/base.stormassets/assets/textures/storm_pet_witchdoctorspider_winter_diff.lvl0	147a5931a2af8f940f23e71f55b897ee	5616
mods/heroes.stormmod/base.stormassets/assets/textures/storm_pet_witchdoctorspider_winter_emis.dds	58189b76f4f61591d017f07c1661ebf6	349680
mods/heroes.stormmod/base.stormassets/assets/textures/storm_pet_witchdoctorspider_winter_emis.lvl0	b35ec15747681fe7b2b6491d3cdba982	5616
mods/heroes.stormmod/base.stormassets/assets/textures/storm_pet_witchdoctorspider_winter_norm.dds	ce51c4913eee9d7f1e1ca8582a739073	349684
mods/heroes.stormmod/base.stormassets/assets/textures/storm_pet_witchdoctorspider_winter_norm.lvl0	04e17d4a36870fc3dcd69483cd40a3e5	5616
mods/heroes.stormmod/base.stormassets/assets/textures/storm_pet_witchdoctorspider_winter_spec.dds	c60b4b55d45b97be23422e3c26813b05	349680
mods/heroes.stormmod/base.stormassets/assets/textures/storm_pet_witchdoctorspider_winter_spec.lvl0	a1c574af34fcc4cfa70d486cbf717dbf	5616
mods/heroes.stormmod/base.stormassets/assets/textures/storm_pet_witchdoctorzombiewall_madaxe18_diff.dds	c2d2a04dea025aff30c9e0bfbc9d4c41	349680
mods/heroes.stormmod/base.stormassets/assets/textures/storm_pet_witchdoctorzombiewall_madaxe18_diff.lvl0	9770769e470ad187bd3a82c2fd3736e6	1520
mods/heroes.stormmod/base.stormassets/assets/textures/storm_pet_witchdoctorzombiewall_madaxe18_emis.dds	07a77ac16662f82f870e9d967b9a3aa6	174904
mods/heroes.stormmod/base.stormassets/assets/textures/storm_pet_witchdoctorzombiewall_madaxe18_emis.lvl0	f5e19c3fbe0deaa8b1bcef11dae7d029	824
mods/heroes.stormmod/base.stormassets/assets/textures/storm_pet_witchdoctorzombiewall_madaxe18_norm.dds	09545fb16a628d4d34fd816a8e8ea476	349680
mods/heroes.stormmod/base.stormassets/assets/textures/storm_pet_witchdoctorzombiewall_madaxe18_norm.lvl0	4e17caaf2aea4c107b69fb014af46d55	1520
mods/heroes.stormmod/base.stormassets/assets/textures/storm_pet_witchdoctorzombiewall_madaxe18_spec.dds	693f8a5db78d4df3e036dfa2bdf3f5ea	349680
mods/heroes.stormmod/base.stormassets/assets/textures/storm_pet_witchdoctorzombiewall_madaxe18_spec.lvl0	4fda442a66b497a26e809e242cced3b0	1520
mods/heroes.stormmod/base.stormassets/assets/textures/storm_pet_zagarabaneling_luxqueen_diff.dds	aac96b67a3a3866bd566944f7fd49125	349680
mods/heroes.stormmod/base.stormassets/assets/textures/storm_pet_zagarabaneling_luxqueen_diff.lvl0	5364bca5b608cef3b33cae1c749608a0	5616
mods/heroes.stormmod/base.stormassets/assets/textures/storm_pet_zagarabaneling_luxqueen_emis.dds	9035cd810bb0584bfdb8163c6fb43296	174904
mods/heroes.stormmod/base.stormassets/assets/textures/storm_pet_zagarabaneling_luxqueen_emis.lvl0	02b5ee247d670dc0d687685d53b51d46	2872
mods/heroes.stormmod/base.stormassets/assets/textures/storm_pet_zagarabaneling_luxqueen_norm.dds	1884add592e9d5fc62bb15d5555790c6	349680
mods/heroes.stormmod/base.stormassets/assets/textures/storm_pet_zagarabaneling_luxqueen_norm.lvl0	75cf0bcf1a532e06dc0be38096b795c9	5616
mods/heroes.stormmod/base.stormassets/assets/textures/storm_pet_zagarabaneling_luxqueen_spec.dds	79bcb57e658048b0c7dfd5cdc46da3bf	349680
mods/heroes.stormmod/base.stormassets/assets/textures/storm_pet_zagarabaneling_luxqueen_spec.lvl0	d64bb27fa60d0cac9e78f0a8222ba4e6	5616
mods/heroes.stormmod/base.stormassets/assets/textures/storm_pet_zagarabaneling_luxqueen_var4_diff.dds	99d084fed0ecb8233a58b56665c83d0b	349680
mods/heroes.stormmod/base.stormassets/assets/textures/storm_pet_zagarabaneling_luxqueen_var4_diff.lvl0	3b5f8c238b25bd71a1b7557461decb2d	5616
mods/heroes.stormmod/base.stormassets/assets/textures/storm_pet_zagarabaneling_luxqueen_var4_spec.dds	3913e7c8adb633fae3100a5881ab68af	349680
mods/heroes.stormmod/base.stormassets/assets/textures/storm_pet_zagarabaneling_luxqueen_var4_spec.lvl0	7df9c0e5ea798922ac8367961bb91bb3	5616
mods/heroes.stormmod/base.stormassets/assets/textures/storm_pet_zagarahydralisk_base_diff_v09.dds	41a9b2cd92605ee46efc96364d3b90db	1398256
mods/heroes.stormmod/base.stormassets/assets/textures/storm_pet_zagarahydralisk_base_diff_v09.lvl0	55b4f413138bd2b45df20563ac1d6f2b	5616
mods/heroes.stormmod/base.stormassets/assets/textures/storm_pet_zagarahydralisk_base_emis_v09.dds	2ade3d2dfb1beddcc8ee1d5b3697c8f6	174904
mods/heroes.stormmod/base.stormassets/assets/textures/storm_pet_zagarahydralisk_base_emis_v09.lvl0	d651c7f2dfeca1f97596b284f691206f	2872
mods/heroes.stormmod/base.stormassets/assets/textures/storm_pet_zagarahydralisk_base_norm_v09.dds	6ecf28e4271fa709184f41398efabba6	349680
mods/heroes.stormmod/base.stormassets/assets/textures/storm_pet_zagarahydralisk_base_norm_v09.lvl0	3487902699d4f9188e4fb8b85c3ac060	5616
mods/heroes.stormmod/base.stormassets/assets/textures/storm_pet_zagarahydralisk_base_spec_v09.dds	265bc6f5113aaddcf45b08f35a5ed252	174904
mods/heroes.stormmod/base.stormassets/assets/textures/storm_pet_zagarahydralisk_base_spec_v09.lvl0	92f1a482dcc898220a9d91e7fdaecc51	2872
mods/heroes.stormmod/base.stormassets/assets/textures/storm_pet_zagarahydralisk_cryptqueen_diff.dds	5096eb7b2d47f6cffc5d257093a8a86c	1398256
mods/heroes.stormmod/base.stormassets/assets/textures/storm_pet_zagarahydralisk_cryptqueen_diff.lvl0	e8f52d83d3438fdf38a6260eb04e683a	5616
mods/heroes.stormmod/base.stormassets/assets/textures/storm_pet_zagarahydralisk_cryptqueen_norm.dds	35e759f50b7b9a59fe77dab9a273cbe1	349680
mods/heroes.stormmod/base.stormassets/assets/textures/storm_pet_zagarahydralisk_cryptqueen_norm.lvl0	acdd5ad955eaea35657f105b0df3b464	5616
mods/heroes.stormmod/base.stormassets/assets/textures/storm_pet_zagarahydralisk_cryptqueen_spec.dds	65137f95071fa5effa207eebe0cbfb52	349680
mods/heroes.stormmod/base.stormassets/assets/textures/storm_pet_zagarahydralisk_cryptqueen_spec.lvl0	d5d1446f4e12b63323db1da34f0c0fc8	5616
mods/heroes.stormmod/base.stormassets/assets/textures/storm_pet_zagarahydralisk_luxqueen_var4_diff.dds	a68504905b13856af78e3910d495faa5	1398256
mods/heroes.stormmod/base.stormassets/assets/textures/storm_pet_zagarahydralisk_luxqueen_var4_diff.lvl0	f12be7b1b872ac9942647b82af196cb7	5616
mods/heroes.stormmod/base.stormassets/assets/textures/storm_pet_zagarahydralisk_luxqueen_var4_emis.dds	d9767589fa5676b2e8f4ca970f5c4039	174904
mods/heroes.stormmod/base.stormassets/assets/textures/storm_pet_zagarahydralisk_luxqueen_var4_emis.lvl0	d927389fd3c15570911073db67a0e3eb	2872
mods/heroes.stormmod/base.stormassets/assets/textures/storm_pet_zagarahydralisk_luxqueen_var4_spec.dds	3d3be54b0b1fc5f732b38db8a21e1484	349680
mods/heroes.stormmod/base.stormassets/assets/textures/storm_pet_zagarahydralisk_luxqueen_var4_spec.lvl0	8fdabe6c3ae46aa7a0f0873b09db7b1d	5616
mods/heroes.stormmod/base.stormassets/assets/textures/storm_pet_zagaramutalisk_base_diff.dds	3692c8a8bc0e71359db3e136482fac20	1398256
mods/heroes.stormmod/base.stormassets/assets/textures/storm_pet_zagaramutalisk_base_diff.lvl0	740904e0f4fc1bdc3c8a629709c47e7d	5616
mods/heroes.stormmod/base.stormassets/assets/textures/storm_pet_zagaramutalisk_base_emis.dds	ea162a114b11ac25c7be9ce4981884c7	699192
mods/heroes.stormmod/base.stormassets/assets/textures/storm_pet_zagaramutalisk_base_emis.lvl0	6f95a1ed7e31ef1ae7410a14cc499a89	2872
mods/heroes.stormmod/base.stormassets/assets/textures/storm_pet_zagaramutalisk_base_norm.dds	7c7723f5df6180733c9d05d725fd3424	349680
mods/heroes.stormmod/base.stormassets/assets/textures/storm_pet_zagaramutalisk_base_norm.lvl0	767da881f97dac772f400c729cc20225	5616
mods/heroes.stormmod/base.stormassets/assets/textures/storm_pet_zagaramutalisk_base_spec.dds	f0e3c7620ccc9326200e3bca46a99541	1398256
mods/heroes.stormmod/base.stormassets/assets/textures/storm_pet_zagaramutalisk_base_spec.lvl0	5c13c6af11061b69df0c0bfa4157b9a2	5616
mods/heroes.stormmod/base.stormassets/assets/textures/storm_pet_zagaranydusdragon_diff.dds	f516079883c79bb67151178c70e67d23	1398256
mods/heroes.stormmod/base.stormassets/assets/textures/storm_pet_zagaranydusdragon_diff.lvl0	4c2ca1f1ea45a97497fe1f6b088e812f	5616
mods/heroes.stormmod/base.stormassets/assets/textures/storm_pet_zagaranydusdragon_emis.dds	e9b72576333e92278eb89b684f3eb896	349680
mods/heroes.stormmod/base.stormassets/assets/textures/storm_pet_zagaranydusdragon_emis.lvl0	aeabe3fc91be90f9cdbdedcff175ff2b	5616
mods/heroes.stormmod/base.stormassets/assets/textures/storm_pet_zagaranydusdragon_norm.dds	f1c4cfb7b2ca8d8bd6b49582931996d8	349680
mods/heroes.stormmod/base.stormassets/assets/textures/storm_pet_zagaranydusdragon_norm.lvl0	ae9e2cf07e057278da78a696c7681ed8	5616
mods/heroes.stormmod/base.stormassets/assets/textures/storm_pet_zagaranydusdragon_spec.dds	bb1640a59643cd679b1f532ecac74b70	349680
mods/heroes.stormmod/base.stormassets/assets/textures/storm_pet_zagaranydusdragon_spec.lvl0	139c49f95c21e5b5be04f7a00f3cf9ad	5616
mods/heroes.stormmod/base.stormassets/assets/textures/storm_pet_zagararoach_cryptqueen_diff.dds	e9df97b87acd407663443aa4262b4623	174904
mods/heroes.stormmod/base.stormassets/assets/textures/storm_pet_zagararoach_cryptqueen_diff.lvl0	6ab66e50418b2bf7b2d625760a9e2d39	2872
mods/heroes.stormmod/base.stormassets/assets/textures/storm_pet_zagararoach_cryptqueen_emis.dds	f62406b45ca21644271d967fd1b21abb	87536
mods/heroes.stormmod/base.stormassets/assets/textures/storm_pet_zagararoach_cryptqueen_emis.lvl0	76a2d8f4256ef684af6c68fb3e615882	5616
mods/heroes.stormmod/base.stormassets/assets/textures/storm_pet_zagararoach_cryptqueen_norm.dds	b6412b0cb02de0b960bd3a85d6fafabf	349684
mods/heroes.stormmod/base.stormassets/assets/textures/storm_pet_zagararoach_cryptqueen_norm.lvl0	8c36692caf14f75aaccb25ef1be1b3f4	5616
mods/heroes.stormmod/base.stormassets/assets/textures/storm_pet_zagararoach_cryptqueen_spec.dds	e556d0e259114a48ecfae595b9dcbb9e	349680
mods/heroes.stormmod/base.stormassets/assets/textures/storm_pet_zagararoach_cryptqueen_spec.lvl0	f8b414e94a53e630c5e3e93640a41271	5616
mods/heroes.stormmod/base.stormassets/assets/textures/storm_pet_zagararoach_diff.dds	2a430f596504dd441ed5ea548f57104e	349680
mods/heroes.stormmod/base.stormassets/assets/textures/storm_pet_zagararoach_diff.lvl0	42c1a5bfe7694806cb4001a4f962345a	5616
mods/heroes.stormmod/base.stormassets/assets/textures/storm_pet_zagararoach_emis.dds	e79d11a6ba8f975d2bb9c1f4a7ed95f8	349680
mods/heroes.stormmod/base.stormassets/assets/textures/storm_pet_zagararoach_emis.lvl0	2c39ee90671ced881fb8c40b39a6ddf2	5616
mods/heroes.stormmod/base.stormassets/assets/textures/storm_pet_zagararoach_luxqueen_diff.dds	9b7bdd746e34392ad1317b20513e6a30	174904
mods/heroes.stormmod/base.stormassets/assets/textures/storm_pet_zagararoach_luxqueen_diff.lvl0	4d019373ade18800bb709fd41955ee7e	2872
mods/heroes.stormmod/base.stormassets/assets/textures/storm_pet_zagararoach_luxqueen_norm.dds	fc1b88a4457ccb63ddfdc7b715d40bf3	349680
mods/heroes.stormmod/base.stormassets/assets/textures/storm_pet_zagararoach_luxqueen_norm.lvl0	92ed23cbeffc1ecb68f873061b54f39b	5616
mods/heroes.stormmod/base.stormassets/assets/textures/storm_pet_zagararoach_luxqueen_spec.dds	95d9d587f432936154c223c1ccd6f6c7	349680
mods/heroes.stormmod/base.stormassets/assets/textures/storm_pet_zagararoach_luxqueen_spec.lvl0	9f36c9cb3ab9eedcf18eb0875301fa86	5616
mods/heroes.stormmod/base.stormassets/assets/textures/storm_pet_zagararoach_luxqueen_var4_diff.dds	07811d565a11ed2e271c3b40075b535b	349680
mods/heroes.stormmod/base.stormassets/assets/textures/storm_pet_zagararoach_luxqueen_var4_diff.lvl0	19d08a26e0e589fc601cde2424adaf76	5616
mods/heroes.stormmod/base.stormassets/assets/textures/storm_pet_zagararoach_luxqueen_var4_emis.dds	4b7c4fcfa4027199bd8a45b9aeb681a5	174904
mods/heroes.stormmod/base.stormassets/assets/textures/storm_pet_zagararoach_luxqueen_var4_emis.lvl0	1e0f9c54183cdd602fc7752d557b40c1	2872
mods/heroes.stormmod/base.stormassets/assets/textures/storm_pet_zagararoach_luxqueen_var4_norm.dds	8b89de20468a792ba51483434770fde9	349680
mods/heroes.stormmod/base.stormassets/assets/textures/storm_pet_zagararoach_luxqueen_var4_norm.lvl0	e0bee39e7fc1583c9822cc869022a734	5616
mods/heroes.stormmod/base.stormassets/assets/textures/storm_pet_zagararoach_luxqueen_var4_spec.dds	b2fc46f71e83599c13aa50acfff54f10	349680
mods/heroes.stormmod/base.stormassets/assets/textures/storm_pet_zagararoach_luxqueen_var4_spec.lvl0	09931969310278ee1d6402297bb08b28	5616
mods/heroes.stormmod/base.stormassets/assets/textures/storm_pet_zagararoach_norm.dds	ce74d10a6657da58ae6a7715ef15dff9	349680
mods/heroes.stormmod/base.stormassets/assets/textures/storm_pet_zagararoach_norm.lvl0	1a4dab6038e29160e1d9ed8f8721a952	5616
mods/heroes.stormmod/base.stormassets/assets/textures/storm_pet_zagararoach_spec.dds	7774691421d029da07097fb43775b418	349680
mods/heroes.stormmod/base.stormassets/assets/textures/storm_pet_zagararoach_spec.lvl0	9fd9e71cf105eb6fd481e80544394770	5616
mods/heroes.stormmod/base.stormassets/assets/textures/storm_pets_gargantuan_diff.dds	4f620224113fe417580b7abdbddf3a5b	1398256
mods/heroes.stormmod/base.stormassets/assets/textures/storm_pets_gargantuan_diff.lvl0	01dbae943caf20d52bba59114f206b27	5616
mods/heroes.stormmod/base.stormassets/assets/textures/storm_pets_gargantuan_emis.dds	aa79331f3bf47705cdbd0ffc38fb98fa	1398256
mods/heroes.stormmod/base.stormassets/assets/textures/storm_pets_gargantuan_emis.lvl0	f493df586068b5efd1f0c1afa1567039	5616
mods/heroes.stormmod/base.stormassets/assets/textures/storm_pets_gargantuan_gummy_diff.dds	8df48961e295842566a98bd5c746b952	1398256
mods/heroes.stormmod/base.stormassets/assets/textures/storm_pets_gargantuan_gummy_diff.lvl0	8d0ced58365ee55ded78b2efd5f4d63a	5616
mods/heroes.stormmod/base.stormassets/assets/textures/storm_pets_gargantuan_gummy_norm.dds	a3eaac514f2322a354666b40f455aa40	1398260
mods/heroes.stormmod/base.stormassets/assets/textures/storm_pets_gargantuan_gummy_norm.lvl0	b4d649e786fc44edcc9e5f7f6cc177c2	5616
mods/heroes.stormmod/base.stormassets/assets/textures/storm_pets_gargantuan_harlequin_diff.dds	906151cfd6f1cd4a33b9a7386dfe7f6d	1398256
mods/heroes.stormmod/base.stormassets/assets/textures/storm_pets_gargantuan_harlequin_diff.lvl0	e75911441aa5fe21e14fcb7ef3c89adb	5616
mods/heroes.stormmod/base.stormassets/assets/textures/storm_pets_gargantuan_harlequin_norm.dds	9f4d9f8ad3f98b192ac87edf817c36c0	1398260
mods/heroes.stormmod/base.stormassets/assets/textures/storm_pets_gargantuan_harlequin_norm.lvl0	9c0f69b3be955777c89b35403f31682c	5616
mods/heroes.stormmod/base.stormassets/assets/textures/storm_pets_gargantuan_harlequin_spec.dds	e84effa751b8b2fbfcf092c651d8ddf6	699192
mods/heroes.stormmod/base.stormassets/assets/textures/storm_pets_gargantuan_harlequin_spec.lvl0	9f20cb37b564ce7c03734eedeb40bdf4	2872
mods/heroes.stormmod/base.stormassets/assets/textures/storm_pets_gargantuan_norm.dds	6c366d6de39580a6ceb1d6a82f9b06ea	1398260
mods/heroes.stormmod/base.stormassets/assets/textures/storm_pets_gargantuan_norm.lvl0	398401b65199a39c590ea005d0143565	5616
mods/heroes.stormmod/base.stormassets/assets/textures/storm_pets_gargantuan_spec.dds	994ae8ed21c642e4cb68b769f69d26d8	699192
mods/heroes.stormmod/base.stormassets/assets/textures/storm_pets_gargantuan_spec.lvl0	7d70b209ab1c3c118f8478a8ce97b902	2872
mods/heroes.stormmod/base.stormassets/assets/textures/storm_pets_tyrande_owlsuper_diff.dds	e2300df2fff68445a03708ab98a051e7	43832
mods/heroes.stormmod/base.stormassets/assets/textures/storm_pets_tyrande_owlsuper_diff.lvl0	15f4e6b1ecbe7e5502a12bc62c64c6cc	2872
mods/heroes.stormmod/base.stormassets/assets/textures/storm_pets_tyrande_owlsuper_diff_forfx.dds	9a7bb50e043c95aa24d2d2d9e8d98365	174904
mods/heroes.stormmod/base.stormassets/assets/textures/storm_pets_tyrande_owlsuper_diff_forfx.lvl0	1ceb8eb795e0fea7cf8c9d65bdc26e16	2872
mods/heroes.stormmod/base.stormassets/assets/textures/storm_pets_tyrande_owlsuper_emis.dds	ce5ec0110af83b1f5b1b7035454037be	43832
mods/heroes.stormmod/base.stormassets/assets/textures/storm_pets_tyrande_owlsuper_emis.lvl0	4dd2c872772ba8314066119142595d9b	2872
mods/heroes.stormmod/base.stormassets/assets/textures/storm_pets_tyrande_owlsuper_norm.dds	35d0d5fb17d83329cee91cd7a7a4ced6	87536
mods/heroes.stormmod/base.stormassets/assets/textures/storm_pets_tyrande_owlsuper_norm.lvl0	d1b3309f0f1e6784368ef7e28dd20d4c	5616
mods/heroes.stormmod/base.stormassets/assets/textures/storm_pets_tyrande_owlsuper_spec.dds	ddd3d00570fa30fd651cecdf786aeff5	43832
mods/heroes.stormmod/base.stormassets/assets/textures/storm_pets_tyrande_owlsuper_spec.lvl0	8bdf58a0391473232d5ddf80058c3a7e	2872
mods/heroes.stormmod/base.stormassets/assets/textures/storm_pets_witchdoctorzombiewall_diff.dds	68da6e167969951e51b89b48c49e406a	1398256
mods/heroes.stormmod/base.stormassets/assets/textures/storm_pets_witchdoctorzombiewall_diff.lvl0	ea2efb19dc14fa42ed38f03f5905a540	5616
mods/heroes.stormmod/base.stormassets/assets/textures/storm_pets_witchdoctorzombiewall_harlequin_diff.dds	818936a1d3e2336d73674fc32ebcd462	1398256
mods/heroes.stormmod/base.stormassets/assets/textures/storm_pets_witchdoctorzombiewall_harlequin_diff.lvl0	1f63b5fcbd3f056f88101c01d4780da9	5616
mods/heroes.stormmod/base.stormassets/assets/textures/storm_pets_witchdoctorzombiewall_harlequin_norm.dds	20b13ac0a63bbe4c4206e2df50540451	1398260
mods/heroes.stormmod/base.stormassets/assets/textures/storm_pets_witchdoctorzombiewall_harlequin_norm.lvl0	45412b15accdae9464f849f6f3aa4448	5616
mods/heroes.stormmod/base.stormassets/assets/textures/storm_pets_witchdoctorzombiewall_harlequin_spec.dds	5050f6f6b438fad5552b8dbb1b2ccb9e	699192
mods/heroes.stormmod/base.stormassets/assets/textures/storm_pets_witchdoctorzombiewall_harlequin_spec.lvl0	38de1341a67df3f21210f0333d9dfb42	2872
mods/heroes.stormmod/base.stormassets/assets/textures/storm_pets_witchdoctorzombiewall_norm.dds	c035da006ae10e8b2d6ffe740dcef31f	1398260
mods/heroes.stormmod/base.stormassets/assets/textures/storm_pets_witchdoctorzombiewall_norm.lvl0	12be52070a9ba45b63e379fe4afc197c	5616
mods/heroes.stormmod/base.stormassets/assets/textures/storm_pets_witchdoctorzombiewall_spec.dds	7d76014eba54d9057d367f9d9877d956	1398256
mods/heroes.stormmod/base.stormassets/assets/textures/storm_pets_witchdoctorzombiewall_spec.lvl0	fd59bcbbf8fd489c7a37686447187a27	5616
mods/heroes.stormmod/base.stormassets/assets/textures/storm_pets_witchdoctorzombiewall_winter_diff.dds	d25ea71361f54d67a332c97dbfe649ec	1398256
mods/heroes.stormmod/base.stormassets/assets/textures/storm_pets_witchdoctorzombiewall_winter_diff.lvl0	a54ce2306e130bf8a7dd31b8616e82ab	5616
mods/heroes.stormmod/base.stormassets/assets/textures/storm_pets_witchdoctorzombiewall_winter_emis.dds	df01e1de3f3a2c86df21abb73ffc2e4b	349680
mods/heroes.stormmod/base.stormassets/assets/textures/storm_pets_witchdoctorzombiewall_winter_emis.lvl0	49eec015564732b85c3a26d3334586c5	5616
mods/heroes.stormmod/base.stormassets/assets/textures/storm_pets_witchdoctorzombiewall_winter_norm.dds	006cc81dc8cd4526722bb07bcc540044	1398260
mods/heroes.stormmod/base.stormassets/assets/textures/storm_pets_witchdoctorzombiewall_winter_norm.lvl0	986a95ed787640d581441c1a9958e8f6	5616
mods/heroes.stormmod/base.stormassets/assets/textures/storm_pets_witchdoctorzombiewall_winter_spec.dds	0a83d0605d5bf02043a92e488d281f60	349680
mods/heroes.stormmod/base.stormassets/assets/textures/storm_pets_witchdoctorzombiewall_winter_spec.lvl0	498f64badf7953fd3aa2448ba7f3dcb8	5616
