mods/core.stormmod/base.stormassets/assets/doodads/actorforcefield/actorforcefield.m3	290da355b107fdfef51870020ffb1da5	2528
mods/core.stormmod/base.stormassets/assets/doodads/actorlightomni/actorlightomni.m3	5192a9a013d11963f29efaf22fd50afa	2640
mods/core.stormmod/base.stormassets/assets/doodads/actorlightspot/actorlightspot.m3	fdd891e14829b50dcc452a30fd6798ae	2640
mods/core.stormmod/base.stormassets/assets/doodads/actorshapecone/actorshapecone.m3	64b3c910f9443ab78500a200c8bafa5b	19088
mods/core.stormmod/base.stormassets/assets/doodads/actorshapesphere/actorshapesphere.m3	f5b571659e0cd6016c7e86c449443de0	15440
mods/core.stormmod/base.stormassets/assets/doodads/lightomniblue/lightomniblue.m3	f5fdadd03e3dcb9790bf15d65844a563	6432
mods/core.stormmod/base.stormassets/assets/doodads/lightomnibluelarge/lightomnibluelarge.m3	9faf4367dcd34d491856c66b37dce301	6448
mods/core.stormmod/base.stormassets/assets/doodads/lightomnicyan/lightomnicyan.m3	250f1d39d84f82734dffa52db2d56a31	6432
mods/core.stormmod/base.stormassets/assets/doodads/lightomnicyanlarge/lightomnicyanlarge.m3	47d421fefd70054c323077e1a7287ae8	6448
mods/core.stormmod/base.stormassets/assets/doodads/lightomnigreen/lightomnigreen.m3	e685751ce6577ce3d5d9cae45f59a8fa	6432
mods/core.stormmod/base.stormassets/assets/doodads/lightomnigreenlarge/lightomnigreenlarge.m3	669d565a141c9ebf35c42430d014f413	6448
mods/core.stormmod/base.stormassets/assets/doodads/lightomniorange/lightomniorange.m3	ee7b2256bf4d75c5a6492ecf07caee70	6432
mods/core.stormmod/base.stormassets/assets/doodads/lightomniorangelarge/lightomniorangelarge.m3	886d9a6d7c4140765905cd09ff759cb6	6448
mods/core.stormmod/base.stormassets/assets/doodads/lightomnipurple/lightomnipurple.m3	35215b4638de871b68f2ff09ca98fa41	6432
mods/core.stormmod/base.stormassets/assets/doodads/lightomnipurplelarge/lightomnipurplelarge.m3	0f9b2e69e383328c732e829d9bcd1cb2	6448
mods/core.stormmod/base.stormassets/assets/doodads/lightomnired/lightomnired.m3	5f32e1a7ce88ce925950b5b3964c012c	6432
mods/core.stormmod/base.stormassets/assets/doodads/lightomniredlarge/lightomniredlarge.m3	c030457cfd8c5d3f2453fab1f15f2060	6448
mods/core.stormmod/base.stormassets/assets/doodads/lightomniwhite/lightomniwhite.m3	654519b501490a8869b7fc15ea48574a	6432
mods/core.stormmod/base.stormassets/assets/doodads/lightomniwhitelarge/lightomniwhitelarge.m3	990c16f4f7a03eb919d1c59220e456df	6448
mods/core.stormmod/base.stormassets/assets/doodads/lightomniyellow/lightomniyellow.m3	7d93110a9918b9ccb030ce0ddd2b1e9b	6432
mods/core.stormmod/base.stormassets/assets/doodads/lightomniyellowlarge/lightomniyellowlarge.m3	41a61af0ad7bd109d7867cd53fb946c3	6448
mods/core.stormmod/base.stormassets/assets/doodads/maptemplate/maptemplate.m3	84a68349c5a261cfec14b6f55f0f8d20	12960
mods/core.stormmod/base.stormassets/assets/effects/lensflares/lensflare_materialset/lensflare_materialset_00.m3	8a294d90f74cac1cf6a0d299548831c7	5280
mods/core.stormmod/base.stormassets/assets/effects/lensflares/lensflare_materialset/lensflare_materialset_01.m3	45da5694dbd4dc19a2d4ee087fba5be8	4944
mods/core.stormmod/base.stormassets/assets/effects/lensflares/lensflare_materialset/lensflare_materialset_02.m3	85c17dad64e7680461c42a7d5137fb79	4944
mods/core.stormmod/base.stormassets/assets/effects/lensflares/lensflare_materialset/lensflare_materialset_03.m3	ba4ec7ff86ba56b467da78bc29ed40cb	5008
mods/core.stormmod/base.stormassets/assets/effects/lensflares/lensflare_materialset/lensflare_materialset_04.m3	c917927f63d880bb02c3a3a0e4e8c4db	5008
mods/core.stormmod/base.stormassets/assets/effects/lensflares/lensflare_materialset/lensflare_materialset_05.m3	0b8ffb9916a301f24f4b5631aaf77f56	5168
mods/core.stormmod/base.stormassets/assets/effects/lensflares/lensflare_materialset/lensflare_materialset_06.m3	d241de8bafe8a31d5bacfca45c79df0f	5120
mods/core.stormmod/base.stormassets/assets/effects/lensflares/lensflare_materialset/lensflare_materialset_07.m3	6525f2e9d06f3c99919daf94e17616f3	5296
mods/core.stormmod/base.stormassets/assets/effects/lensflares/lensflare_materialset/lensflare_materialset_08.m3	2e5fafe84c0025688744624fe6e2cbed	5056
mods/core.stormmod/base.stormassets/assets/effects/lensflares/lensflare_materialset/lensflare_materialset_09.m3	8460156b0b8d7e3821b6983be23f03aa	5056
mods/core.stormmod/base.stormassets/assets/effects/zerg/creepmaterial/creepmaterial.m3	771f153bc8bba0356b90077172755e06	4080
mods/core.stormmod/base.stormassets/assets/splats/splat_blobshadow/splat_blobshadow.m3	049a9a577873561003621fdc8c5ae1b1	12880
mods/core.stormmod/base.stormassets/assets/storymodecameras/basicportraitcamera/basicportraitcamera.m3	3212ea1a5b52f46fe1bedef3fb2b58ba	2928
mods/core.stormmod/base.stormassets/assets/textures.db	feee6d368c3f0f03f2781626bcfe24b1	37158
mods/core.stormmod/base.stormassets/assets/textures/aicommand_assault1.dds	d917b5498a08d935c935f0316873afb2	87536
mods/core.stormmod/base.stormassets/assets/textures/aicommand_assault1.lvl0	8ed036ac9630a149d0da63fe64e1a140	5616
mods/core.stormmod/base.stormassets/assets/textures/aicommand_autoai1.dds	94d6def6548b129d77210449918c6eee	87536
mods/core.stormmod/base.stormassets/assets/textures/aicommand_autoai1.lvl0	b5216038dd0178e542e6e51184f6bd15	5616
mods/core.stormmod/base.stormassets/assets/textures/aicommand_claim1.dds	31d970190f833124570d055dce312d93	87536
mods/core.stormmod/base.stormassets/assets/textures/aicommand_claim1.lvl0	6bba1e2e233c135bcc1fb2abd37a3b98	5616
mods/core.stormmod/base.stormassets/assets/textures/aicommand_customability.dds	114eb629b1d8f45679884a6fad9d2ca9	87536
mods/core.stormmod/base.stormassets/assets/textures/aicommand_customability.lvl0	f2c54e96ff426c0fa1775462644da9d1	5616
mods/core.stormmod/base.stormassets/assets/textures/aicommand_defend1.dds	c61953fd894e10094b5701dc25e4f6c1	87536
mods/core.stormmod/base.stormassets/assets/textures/aicommand_defend1.lvl0	cf9e829408599619eff8bab6e03a5caf	5616
mods/core.stormmod/base.stormassets/assets/textures/aicommand_detection1.dds	50464fe3f0edeef60cf801dffb6b40c8	87536
mods/core.stormmod/base.stormassets/assets/textures/aicommand_detection1.lvl0	617c2a32761a20e0a335902d458e90ab	5616
mods/core.stormmod/base.stormassets/assets/textures/aicommand_expand1.dds	03480515e1c801409bcca612e056b782	87536
mods/core.stormmod/base.stormassets/assets/textures/aicommand_expand1.lvl0	08c49193e53930f60c0916417ae6b5f3	5616
mods/core.stormmod/base.stormassets/assets/textures/aicommand_harass1.dds	e03bab38cf9a03161214d1095bc10ad9	87536
mods/core.stormmod/base.stormassets/assets/textures/aicommand_harass1.lvl0	d134715b28204a8d4481e36133258645	5616
mods/core.stormmod/base.stormassets/assets/textures/aicommand_idle1.dds	66fa232e0788a0d84084fe5108afefd7	87536
mods/core.stormmod/base.stormassets/assets/textures/aicommand_idle1.lvl0	db4c3b7a0e643c3e515bbe6cde2f092d	5616
mods/core.stormmod/base.stormassets/assets/textures/aicommand_rally1.dds	655585ac6648eb7a5f3925232cb7c777	87536
mods/core.stormmod/base.stormassets/assets/textures/aicommand_rally1.lvl0	9d3b00aa867af834d3738f212d7e9699	5616
mods/core.stormmod/base.stormassets/assets/textures/aicommand_scout1.dds	cf6299e40a0bc974dea45784b7bfea77	87536
mods/core.stormmod/base.stormassets/assets/textures/aicommand_scout1.lvl0	2ce2e30e69c2cc8228ee1b59787b2f0a	5616
mods/core.stormmod/base.stormassets/assets/textures/aoe_splatterran1c_white.dds	bf3411efa1bf59c1a4e9d3e64c1a95cf	32896
mods/core.stormmod/base.stormassets/assets/textures/aoe_splatterran2_green3.dds	07fe7c8979db3b4e07261b8597a85ec0	87536
mods/core.stormmod/base.stormassets/assets/textures/aoe_splatterran2_green3.lvl0	a3d3554aea127c4279b4b3b1013a1462	5616
mods/core.stormmod/base.stormassets/assets/textures/aoe_splatterran2_green3tc.dds	fa549a98370c39c4ac178773c66dd574	87536
mods/core.stormmod/base.stormassets/assets/textures/aoe_splatterran2_green3tc.lvl0	6f1304782a18572dd091d747fa7ff073	5616
mods/core.stormmod/base.stormassets/assets/textures/aoe_splatterran2tc.dds	0a16ef59d39e15fa9ffeea2222742bab	87536
mods/core.stormmod/base.stormassets/assets/textures/aoe_splatterran2tc.lvl0	f456e75352da0102db1e88ef8c8fdb02	5616
mods/core.stormmod/base.stormassets/assets/textures/aoe_splatterran2tca.dds	43e838bcde06777099aceb0f32807dae	87536
mods/core.stormmod/base.stormassets/assets/textures/aoe_splatterran2tca.lvl0	e3bfa22db747050b4b2137ba1d0219c4	5616
mods/core.stormmod/base.stormassets/assets/textures/bigwaves.dds	a92ad2e717940dff9ad54410c5121af8	43860
mods/core.stormmod/base.stormassets/assets/textures/bigwaves.lvl0	68d0f1e4b88cd492a7b269bd15c516fd	2896
mods/core.stormmod/base.stormassets/assets/textures/black.dds	32eeeb53a20c11f09dd019f149b51848	1520
mods/core.stormmod/base.stormassets/assets/textures/blank.dds	0fd484cb98287ce700e4bd3da5532fcd	152
mods/core.stormmod/base.stormassets/assets/textures/blizzcon.dds	148c8bc54105428e3673e314f855fca4	131200
mods/core.stormmod/base.stormassets/assets/textures/blobshadow.dds	ff3412bb82da1a587f43bb9edfe59a1e	5616
mods/core.stormmod/base.stormassets/assets/textures/blobshadow.lvl0	019b6a369984bdf45346ee9ed62d78ad	1520
mods/core.stormmod/base.stormassets/assets/textures/btn-ability-protoss-chronoboost.dds	a8051dc777311500a1bdc77c2c920a5a	23232
mods/core.stormmod/base.stormassets/assets/textures/btn-ability-terran-holdfire.dds	797c251bbfe9d28ec3b052644adafcd2	5904
mods/core.stormmod/base.stormassets/assets/textures/btn-ability-terran-weaponsfree.dds	db19ee86cab7eef78f213198eed4814a	5904
mods/core.stormmod/base.stormassets/assets/textures/btn-command-attack.dds	ed4501b7285abd611ec63f4e21b1e9ca	5904
mods/core.stormmod/base.stormassets/assets/textures/btn-command-cancel.dds	7e92e09e1da043d71a56544ef22bd24d	5904
mods/core.stormmod/base.stormassets/assets/textures/btn-command-holdposition.dds	1bb266d539964045c64443e762d1bc30	5904
mods/core.stormmod/base.stormassets/assets/textures/btn-command-move.dds	4e0ef15aef8796670ced1e2fbdbb8cf6	5904
mods/core.stormmod/base.stormassets/assets/textures/btn-command-patrol.dds	fa13299cdbe68c3403ea47c73d23d824	5904
mods/core.stormmod/base.stormassets/assets/textures/btn-missing-kaeo.dds	ee5706f6cd08d588074fca19af0cdec9	65664
mods/core.stormmod/base.stormassets/assets/textures/buildingplane_white1.dds	77a5d1a50ed03d53ab3acded48f03ee9	22000
mods/core.stormmod/base.stormassets/assets/textures/buildingplane_white1.lvl0	c0f0cf3300503c6711ebad778be004d1	240
mods/core.stormmod/base.stormassets/assets/textures/burntembers2.dds	0ce0d0fe2e6fb046d3d6a202a99502b0	43832
mods/core.stormmod/base.stormassets/assets/textures/burntembers2.lvl0	39e221cd7c219f3e6b01d4bf28381be5	2872
mods/core.stormmod/base.stormassets/assets/textures/circleofpower_terran_diffuse.dds	016d1f4c04d1acb5f9570a3f3c3ee6f5	349680
mods/core.stormmod/base.stormassets/assets/textures/circleofpower_terran_diffuse.lvl0	f73e0a5ff66bd0e15f7db909075c962f	5616
mods/core.stormmod/base.stormassets/assets/textures/cloudsa1.dds	fc62fe1fba616379f65e890c0b13cbdf	87536
mods/core.stormmod/base.stormassets/assets/textures/cloudsa1.lvl0	a93d8c423417350f8410178c7a8bff8b	5616
mods/core.stormmod/base.stormassets/assets/textures/color.dds	4ceb57f4ff95d74c5c10bc90e20f5762	87536
mods/core.stormmod/base.stormassets/assets/textures/color.lvl0	22020c5b0125364534f136a38c311f36	5616
mods/core.stormmod/base.stormassets/assets/textures/con2.dds	055d3dd987d2537c052a38696b41b7b2	11064
mods/core.stormmod/base.stormassets/assets/textures/con2.lvl0	9a8669f5ec9a0cae6647284ed3d66cba	184
mods/core.stormmod/base.stormassets/assets/textures/con5.dds	0fdea37b83d4fafebb4661b7c165332d	2872
mods/core.stormmod/base.stormassets/assets/textures/con5.lvl0	d16556bf81d3f7a887101db1cac59463	824
mods/core.stormmod/base.stormassets/assets/textures/con5_red.dds	d812cf2c801455d94970242165756708	22000
mods/core.stormmod/base.stormassets/assets/textures/con5_red.lvl0	4421115c87c465ca66dd2fa16db15636	5616
mods/core.stormmod/base.stormassets/assets/textures/creep.dds	61cde64dd1c3c4c947b504aac387d19e	699192
mods/core.stormmod/base.stormassets/assets/textures/creep.lvl0	af0ed66f703ddde07973967a59a70d55	2872
mods/core.stormmod/base.stormassets/assets/textures/creepedgenormal.dds	b6d42407ade8f6c2880653c9ee2b1384	1398256
mods/core.stormmod/base.stormassets/assets/textures/creepedgenormal.lvl0	07858073ce8706c1c4c30e8806a57e68	5616
mods/core.stormmod/base.stormassets/assets/textures/creepheight.dds	dce00b8260aba01f827b3d2da6498557	699192
mods/core.stormmod/base.stormassets/assets/textures/creepheight.lvl0	1b3f7dabe13f88b7d6002abe5fc30356	2872
mods/core.stormmod/base.stormassets/assets/textures/creepnoise.dds	ffda6965f5e7cbe6971a6b531e99e0c1	43832
mods/core.stormmod/base.stormassets/assets/textures/creepnoise.lvl0	ab18191c068bffb9810f069475b27e12	2872
mods/core.stormmod/base.stormassets/assets/textures/creepspecularmask.dds	79a79100e64ff9d484f38ab2d1501c48	1398256
mods/core.stormmod/base.stormassets/assets/textures/creepspecularmask.lvl0	7634d1b919caf04417c9e842365c36ba	5616
mods/core.stormmod/base.stormassets/assets/textures/creeptexturedisplacement.dds	031c4c96777773ce88f9484b21f4cff3	349684
mods/core.stormmod/base.stormassets/assets/textures/creeptexturedisplacement.lvl0	c0f4290c278cce3123b9b787000b0afa	5616
mods/core.stormmod/base.stormassets/assets/textures/cursor-bnet.dds	268772a3c3f550f436425447d49f8f0f	4224
mods/core.stormmod/base.stormassets/assets/textures/cursor-context-bnet.dds	3ed54aa75feb1f1ccd3ab00cb7602aee	4224
mods/core.stormmod/base.stormassets/assets/textures/cursor-edgescroll-bottom-left-protoss.dds	e34697ed8cee8bcc7c391ea1502888c8	4224
mods/core.stormmod/base.stormassets/assets/textures/cursor-edgescroll-bottom-left-zerg.dds	a41eb5dbb5188941b2c5cde64c8d63b7	4224
mods/core.stormmod/base.stormassets/assets/textures/cursor-edgescroll-bottom-left.dds	1c857948a5e3c845a86a6c18a40ad424	4224
mods/core.stormmod/base.stormassets/assets/textures/cursor-edgescroll-bottom-protoss.dds	e7b24327deadf7c12be4aa20735fe68c	4224
mods/core.stormmod/base.stormassets/assets/textures/cursor-edgescroll-bottom-right-protoss.dds	afeb75d94f7d5885f4685c4220a1a4c9	4224
mods/core.stormmod/base.stormassets/assets/textures/cursor-edgescroll-bottom-right-zerg.dds	a42b774060bf7dc58de7b462935531d4	4224
mods/core.stormmod/base.stormassets/assets/textures/cursor-edgescroll-bottom-right.dds	4723f5b49b69ab5370fe64df9cdfa1df	4224
mods/core.stormmod/base.stormassets/assets/textures/cursor-edgescroll-bottom-zerg.dds	c5c2180604298ffa1ffe89fd1c8fca39	4224
mods/core.stormmod/base.stormassets/assets/textures/cursor-edgescroll-bottom.dds	d4e27f687cd4e962029408d85fa78b20	4224
mods/core.stormmod/base.stormassets/assets/textures/cursor-edgescroll-left-protoss.dds	bce21592ffceb489d64f9c147d723905	4224
mods/core.stormmod/base.stormassets/assets/textures/cursor-edgescroll-left-zerg.dds	eb678bf0d50a65b8950760d8c72578f8	4224
mods/core.stormmod/base.stormassets/assets/textures/cursor-edgescroll-left.dds	0853b33613cdef065e8cc970c78a608d	4224
mods/core.stormmod/base.stormassets/assets/textures/cursor-edgescroll-right-protoss.dds	37b4141a6d4f3ba21bc4fba7e6758446	4224
mods/core.stormmod/base.stormassets/assets/textures/cursor-edgescroll-right-zerg.dds	fe530438524ce3822f658ecfe0bc683e	4224
mods/core.stormmod/base.stormassets/assets/textures/cursor-edgescroll-right.dds	ccdd12722ddd35a68a988a6e8846999b	4224
mods/core.stormmod/base.stormassets/assets/textures/cursor-edgescroll-top-left-protoss.dds	7ef03a1d6561505600566d58a2e422de	4224
mods/core.stormmod/base.stormassets/assets/textures/cursor-edgescroll-top-left-zerg.dds	25c01d3c4d6d7576c346330b55ce0e3b	4224
mods/core.stormmod/base.stormassets/assets/textures/cursor-edgescroll-top-left.dds	7ac831e732bd68614b318d7830b631bd	4224
mods/core.stormmod/base.stormassets/assets/textures/cursor-edgescroll-top-protoss.dds	e15837e3fdd5e5db4ec11d7763af0fd3	4224
mods/core.stormmod/base.stormassets/assets/textures/cursor-edgescroll-top-right-protoss.dds	ed5bed48066cb9075883c5fcfbe82548	4224
mods/core.stormmod/base.stormassets/assets/textures/cursor-edgescroll-top-right-zerg.dds	3ae0d0c2dfb3f4c436e0a41468a7d84f	4224
mods/core.stormmod/base.stormassets/assets/textures/cursor-edgescroll-top-right.dds	c7db33f8ee8bf5bd7b1468ccc4e96d96	4224
mods/core.stormmod/base.stormassets/assets/textures/cursor-edgescroll-top-zerg.dds	34249f55bcfcee3c04867135d11d4336	4224
mods/core.stormmod/base.stormassets/assets/textures/cursor-edgescroll-top.dds	01a956386c300b024c769ea5c5695a21	4224
mods/core.stormmod/base.stormassets/assets/textures/cursor-grip-closed-bnet.dds	30ba6f83c3f482fcb1832317d710d96a	4224
mods/core.stormmod/base.stormassets/assets/textures/cursor-grip-closed.dds	1e9d5629a1559265b34586bd07dfabc6	4224
mods/core.stormmod/base.stormassets/assets/textures/cursor-grip-open-bnet.dds	09869ca521d86f4788fd6806c3acca8b	4224
mods/core.stormmod/base.stormassets/assets/textures/cursor-grip-open.dds	b7aa7ebc2dcf91ac1c62465dc5ee4e51	4224
mods/core.stormmod/base.stormassets/assets/textures/cursor-hyperlink-bnet.dds	c21bb234c2032a49ea44f714d5c808b5	4224
mods/core.stormmod/base.stormassets/assets/textures/cursor-hyperlink-context-bnet.dds	542772fb12f0236994111d788c7ac7bb	4224
mods/core.stormmod/base.stormassets/assets/textures/cursor-hyperlink.dds	3cec77a8fd725eb5e3c3285f3d4b6505	4224
mods/core.stormmod/base.stormassets/assets/textures/cursor-ibeam-bnet.dds	8a49fdf0f3905c18ed1ef6905a41f037	4224
mods/core.stormmod/base.stormassets/assets/textures/cursor-ibeam.dds	0bcec5de97cb5bc6845107d779a7ff87	4224
mods/core.stormmod/base.stormassets/assets/textures/cursor-protoss.dds	d97a999df76b0bc43d61d3a58dbf93dd	4224
mods/core.stormmod/base.stormassets/assets/textures/cursor-resize-diagonal-left-bnet.dds	9d471bd79b21084f301b393d2ed333d8	4224
mods/core.stormmod/base.stormassets/assets/textures/cursor-resize-diagonal-left.dds	53c1301b6324234a1486c7e79ffcd46e	4224
mods/core.stormmod/base.stormassets/assets/textures/cursor-resize-diagonal-right-bnet.dds	ce9f0ecd6a167ac163db383f24bf429d	4224
mods/core.stormmod/base.stormassets/assets/textures/cursor-resize-diagonal-right.dds	1a1a8dd0083a9fc260587b5865028a8d	4224
mods/core.stormmod/base.stormassets/assets/textures/cursor-resize-horizontal-bnet.dds	9e771fb08d4ddb1e10401ec2bc590bcc	4224
mods/core.stormmod/base.stormassets/assets/textures/cursor-resize-horizontal.dds	cd107d59fa24e3990c9a7a5fe1f1cc8e	4224
mods/core.stormmod/base.stormassets/assets/textures/cursor-resize-vertical-bnet.dds	7864efc0201cab4a7ef18de9ba6f065a	4224
mods/core.stormmod/base.stormassets/assets/textures/cursor-resize-vertical.dds	489012522638e2180db42dd7c96c4c8a	4224
mods/core.stormmod/base.stormassets/assets/textures/cursor-select-allied.dds	90032b8b7399a1a3cc7584f31a547a0b	4224
mods/core.stormmod/base.stormassets/assets/textures/cursor-select-enemy.dds	1b08a7fc6261e817dc3517c5ce27db20	4224
mods/core.stormmod/base.stormassets/assets/textures/cursor-select-none.dds	9ce2d69fa0bc846d622877c581d21a53	4224
mods/core.stormmod/base.stormassets/assets/textures/cursor-target-allied.dds	2728148e13ff106bb31f511178cbde89	4224
mods/core.stormmod/base.stormassets/assets/textures/cursor-target-enemy.dds	5a1b58d0bcb09a2caf8aab39aa551bf0	4224
mods/core.stormmod/base.stormassets/assets/textures/cursor-target-invalid.dds	d1674df9a591bf3851b4213d71980447	4224
mods/core.stormmod/base.stormassets/assets/textures/cursor-target-none.dds	6f8d4e568a4527cfc4bb94a541be1ea0	4224
mods/core.stormmod/base.stormassets/assets/textures/cursor-zerg.dds	c808100a59d57627c25ec360fa538c89	4224
mods/core.stormmod/base.stormassets/assets/textures/cursor.dds	9a4f22743e2d6010dd507523c39ac435	4224
mods/core.stormmod/base.stormassets/assets/textures/cursor_ingame_default.dds	7ba874118f7d86df86ce64837825894e	4224
mods/core.stormmod/base.stormassets/assets/textures/defaultmovie.ogv	013858f668deb97872665ca1434a7938	78215
mods/core.stormmod/base.stormassets/assets/textures/defaultwater01.dds	82173236b68affd9aa3cbcb814a9002d	11064
mods/core.stormmod/base.stormassets/assets/textures/defaultwater01.lvl0	49f548f15331b12ed60cc5263db26ce8	2872
mods/core.stormmod/base.stormassets/assets/textures/defaultwater02.dds	d12a0d75e515be7522673dace8ca83e5	11064
mods/core.stormmod/base.stormassets/assets/textures/defaultwater02.lvl0	52e7c7aa1936421ccc79dcfaf9e0dee3	2872
mods/core.stormmod/base.stormassets/assets/textures/defaultwater03.dds	6c97a91134518941ceade7b7580ed608	11064
mods/core.stormmod/base.stormassets/assets/textures/defaultwater03.lvl0	13ea7ffc1961a22ad4b89a2dd4dad1c6	2872
mods/core.stormmod/base.stormassets/assets/textures/defaultwater04.dds	80b3ac0db669651053e6d246a4c3394c	11064
mods/core.stormmod/base.stormassets/assets/textures/defaultwater04.lvl0	aaf7767c96a679f049a78493b4487a47	2872
mods/core.stormmod/base.stormassets/assets/textures/defaultwater05.dds	5851a5a11138c2a2606e3bba7921e8cd	11064
mods/core.stormmod/base.stormassets/assets/textures/defaultwater05.lvl0	c5672902b963cde46b8805108799361d	2872
mods/core.stormmod/base.stormassets/assets/textures/defaultwater06.dds	61fd1533cac55cc04f936dcb165870c5	11064
mods/core.stormmod/base.stormassets/assets/textures/defaultwater06.lvl0	c57aadf8b5d9fae6c8448e3b46635a19	2872
mods/core.stormmod/base.stormassets/assets/textures/defaultwater07.dds	de56a9ebf37e87bf93a39f0d22ed76dd	11064
mods/core.stormmod/base.stormassets/assets/textures/defaultwater07.lvl0	599cc4b4ae151eac2a5c04a289f78447	2872
mods/core.stormmod/base.stormassets/assets/textures/defaultwater08.dds	f2d7820f2cdd968e7f6a657f14c26a2e	11064
mods/core.stormmod/base.stormassets/assets/textures/defaultwater08.lvl0	e9e955999e15448532ceb2b5e0039736	2872
mods/core.stormmod/base.stormassets/assets/textures/defaultwater09.dds	adaf12e4f696ea184014b75a3b4a8c62	11064
mods/core.stormmod/base.stormassets/assets/textures/defaultwater09.lvl0	8c232369922965b0f946cc8ca418208c	2872
mods/core.stormmod/base.stormassets/assets/textures/defaultwater10.dds	1d0d780b79ac6317a555d612dbd76ab8	11064
mods/core.stormmod/base.stormassets/assets/textures/defaultwater10.lvl0	9dce2b228162e727d835f5c596326afc	2872
mods/core.stormmod/base.stormassets/assets/textures/defaultwater11.dds	ec587b220671937ced241414587b25ff	11064
mods/core.stormmod/base.stormassets/assets/textures/defaultwater11.lvl0	a124a5a59a1c7a0aee280c792c2e5487	2872
mods/core.stormmod/base.stormassets/assets/textures/defaultwater12.dds	ea70df9b54a08f691a33f61bd7e11dfd	11064
mods/core.stormmod/base.stormassets/assets/textures/defaultwater12.lvl0	4ad7dd4c8e72b74d832e952a54a05744	2872
mods/core.stormmod/base.stormassets/assets/textures/defaultwater13.dds	29331ff2e24663e85371a93a4623cf82	11064
mods/core.stormmod/base.stormassets/assets/textures/defaultwater13.lvl0	00a6d06964a206a6c9da7f9204be2472	2872
mods/core.stormmod/base.stormassets/assets/textures/defaultwater14.dds	3f821457da001c817cdc884073f4f08c	11064
mods/core.stormmod/base.stormassets/assets/textures/defaultwater14.lvl0	3b834599502f814d2f292eb0a2b939cb	2872
mods/core.stormmod/base.stormassets/assets/textures/defaultwater15.dds	6acaaf2db930eb6e28053aefa8549d90	11064
mods/core.stormmod/base.stormassets/assets/textures/defaultwater15.lvl0	47901c4029b4274c0a589e8feb78d04c	2872
mods/core.stormmod/base.stormassets/assets/textures/defaultwater16.dds	efbf2d63e418e471bf870965cfbdd1e4	11064
mods/core.stormmod/base.stormassets/assets/textures/defaultwater16.lvl0	5e7efb2d08082e7dcbaa4db35e69d167	2872
mods/core.stormmod/base.stormassets/assets/textures/defaultwater17.dds	8d85675270361847ca3ee0e5981a14e6	11064
mods/core.stormmod/base.stormassets/assets/textures/defaultwater17.lvl0	aae208b711248f7a3c7b2899a6c10ac2	2872
mods/core.stormmod/base.stormassets/assets/textures/defaultwater18.dds	bc6e9b760d37f617a9410453aee7bbc7	11064
mods/core.stormmod/base.stormassets/assets/textures/defaultwater18.lvl0	fa0b9b32a4111e8cc57d1bf8965c3cbe	2872
mods/core.stormmod/base.stormassets/assets/textures/defaultwater19.dds	c80b3cb1d223404aac260eac83fd3170	11064
mods/core.stormmod/base.stormassets/assets/textures/defaultwater19.lvl0	c7b4d4fa62b8bdbdc2e187766c972ea2	2872
mods/core.stormmod/base.stormassets/assets/textures/defaultwater20.dds	d0c53268a694270e7aced9da21d7934f	11064
mods/core.stormmod/base.stormassets/assets/textures/defaultwater20.lvl0	e1271f7366977ac629f696ce50fba68a	2872
mods/core.stormmod/base.stormassets/assets/textures/defaultwater21.dds	083f9f6d6584b3d1b83967195b54bb25	11064
mods/core.stormmod/base.stormassets/assets/textures/defaultwater21.lvl0	1b9b01c21eb78fafeda3254f36b45531	2872
mods/core.stormmod/base.stormassets/assets/textures/defaultwater22.dds	006d1546495785d42d5a4c07894d476e	11064
mods/core.stormmod/base.stormassets/assets/textures/defaultwater22.lvl0	49c40c5741f4ed9aa0f7a02a1861fd46	2872
mods/core.stormmod/base.stormassets/assets/textures/defaultwater23.dds	5edf28a1f1c21f77842b0c542518e303	11064
mods/core.stormmod/base.stormassets/assets/textures/defaultwater23.lvl0	dea28839275d78791d46d9be686d9d10	2872
mods/core.stormmod/base.stormassets/assets/textures/defaultwater24.dds	44a5bd9b023f6dc7863260bbb99235c2	11064
mods/core.stormmod/base.stormassets/assets/textures/defaultwater24.lvl0	8eb214d2893e9957fa84c7ce08daf070	2872
mods/core.stormmod/base.stormassets/assets/textures/defaultwater25.dds	3676ecc1b85ce95e2628a771fa77854b	11064
mods/core.stormmod/base.stormassets/assets/textures/defaultwater25.lvl0	61ff498b35b7b886c12fb9f85159b591	2872
mods/core.stormmod/base.stormassets/assets/textures/defaultwater26.dds	452a704c35c1f5f9dedcbbf0da18fffc	11064
mods/core.stormmod/base.stormassets/assets/textures/defaultwater26.lvl0	a585f2e11dd64a66ba39d58ca46900e1	2872
mods/core.stormmod/base.stormassets/assets/textures/defaultwater27.dds	8f16184b985afe31174814391a346357	11064
mods/core.stormmod/base.stormassets/assets/textures/defaultwater27.lvl0	e239fe76ea3bb6d4c4a39cc4ef38db41	2872
mods/core.stormmod/base.stormassets/assets/textures/defaultwater28.dds	04de9d3c908e13e731e12ebea8b7f7a9	11064
mods/core.stormmod/base.stormassets/assets/textures/defaultwater28.lvl0	f4113f9ae0389c1f05f9a49aa9f56375	2872
mods/core.stormmod/base.stormassets/assets/textures/defaultwater29.dds	37668c3a18b26c6a0c42ab91dc2be827	11064
mods/core.stormmod/base.stormassets/assets/textures/defaultwater29.lvl0	27c3688b18526d5e3cc4ce2e41005082	2872
mods/core.stormmod/base.stormassets/assets/textures/defaultwater30.dds	55aaf6f98a29eeabe817e2ba14bb7935	11064
mods/core.stormmod/base.stormassets/assets/textures/defaultwater30.lvl0	e7777110d98fe14de5b5c460b7c26732	2872
mods/core.stormmod/base.stormassets/assets/textures/defaultwater31.dds	e2f37077d6c7b57e92838e4a82097157	11064
mods/core.stormmod/base.stormassets/assets/textures/defaultwater31.lvl0	46cf1b14a1044d2531895907e1215c0e	2872
mods/core.stormmod/base.stormassets/assets/textures/defaultwater32.dds	4b22af0929808c59f8e79c751dfcb655	11064
mods/core.stormmod/base.stormassets/assets/textures/defaultwater32.lvl0	8003acf444fd8ea05a3088c9511f9a39	2872
mods/core.stormmod/base.stormassets/assets/textures/defaultwater33.dds	83af533adbcb9fd46b20e57b2e2d76e2	11064
mods/core.stormmod/base.stormassets/assets/textures/defaultwater33.lvl0	f0bfa46f1999cfd136914785d8d1ae14	2872
mods/core.stormmod/base.stormassets/assets/textures/defaultwater34.dds	0130021cad330b3630ea0ddc49f26d7d	11064
mods/core.stormmod/base.stormassets/assets/textures/defaultwater34.lvl0	41bdb6990ee320a89f543a04b914cb5a	2872
mods/core.stormmod/base.stormassets/assets/textures/defaultwater35.dds	753f9b29dda630be6c95748fad43b0d6	11064
mods/core.stormmod/base.stormassets/assets/textures/defaultwater35.lvl0	afe6eea2bd1566b481d51f1197b7ae66	2872
mods/core.stormmod/base.stormassets/assets/textures/defaultwater36.dds	50ad334c34e9e78ae9da44c0aff63556	11064
mods/core.stormmod/base.stormassets/assets/textures/defaultwater36.lvl0	98acd1e5c948d3873b37ac53052ae935	2872
mods/core.stormmod/base.stormassets/assets/textures/defaultwater37.dds	911ac3462e4122931be6b7a0384e964d	11064
mods/core.stormmod/base.stormassets/assets/textures/defaultwater37.lvl0	3e53e991d0aee885c2fff5393099a7d4	2872
mods/core.stormmod/base.stormassets/assets/textures/defaultwater38.dds	ab690fd013e7cb46789b496edc0e79af	11064
mods/core.stormmod/base.stormassets/assets/textures/defaultwater38.lvl0	ab8698d28fbe255b16e3d7ef99feffe8	2872
mods/core.stormmod/base.stormassets/assets/textures/defaultwater39.dds	3409583dcc874f4d4efd6960897e4aaa	11064
mods/core.stormmod/base.stormassets/assets/textures/defaultwater39.lvl0	ae2d3659cb5e13857636ad956129fa1c	2872
mods/core.stormmod/base.stormassets/assets/textures/defaultwater40.dds	d086e3197dcfeecc1d2e243e258a3af0	11064
mods/core.stormmod/base.stormassets/assets/textures/defaultwater40.lvl0	cb55e4b8a1b9aaea24d24fc9538bdcc8	2872
mods/core.stormmod/base.stormassets/assets/textures/defaultwater41.dds	62a470f65ad831763a33a536e0e0d4f5	11064
mods/core.stormmod/base.stormassets/assets/textures/defaultwater41.lvl0	7c1aa8e4dbb1f1945c8f7edbee531b4e	2872
mods/core.stormmod/base.stormassets/assets/textures/defaultwater42.dds	bdbffc8e467a91adba1c96db76f13196	11064
mods/core.stormmod/base.stormassets/assets/textures/defaultwater42.lvl0	6530bac6b559ae116a795cb5ab04680b	2872
mods/core.stormmod/base.stormassets/assets/textures/defaultwater43.dds	54ff299eae3ff6a70440fc040644856f	11064
mods/core.stormmod/base.stormassets/assets/textures/defaultwater43.lvl0	a0d59271c936c95dc528bbb113b3c84e	2872
mods/core.stormmod/base.stormassets/assets/textures/defaultwater44.dds	ce4a96f7e401a4dcc39b58cf03730b05	11064
mods/core.stormmod/base.stormassets/assets/textures/defaultwater44.lvl0	63f6250e8fdd949405bf7bb816001a40	2872
mods/core.stormmod/base.stormassets/assets/textures/defaultwatercaustics_001.dds	418f641dc52bf578ab2945230e91b705	11064
mods/core.stormmod/base.stormassets/assets/textures/defaultwatercaustics_001.lvl0	ab4c9b0d780610f9080d6e0783ebf1ce	2872
mods/core.stormmod/base.stormassets/assets/textures/defaultwatercaustics_002.dds	3282364d83c77ddbd9ecf3678fa78211	11064
mods/core.stormmod/base.stormassets/assets/textures/defaultwatercaustics_002.lvl0	b3463fad08d2ec4a3cd14fe24d0315cd	2872
mods/core.stormmod/base.stormassets/assets/textures/defaultwatercaustics_003.dds	52cab7490bcca453f0d24d015117a95b	11064
mods/core.stormmod/base.stormassets/assets/textures/defaultwatercaustics_003.lvl0	98d5873e4c88e01fc44d47788357af0c	2872
mods/core.stormmod/base.stormassets/assets/textures/defaultwatercaustics_004.dds	d354cf1ad6f567d330751b096d55f7af	11064
mods/core.stormmod/base.stormassets/assets/textures/defaultwatercaustics_004.lvl0	9e2d234a8e1adc59edf071a01a6d3fe7	2872
mods/core.stormmod/base.stormassets/assets/textures/defaultwatercaustics_005.dds	a99516da4989bbc56852c871bb504101	11064
mods/core.stormmod/base.stormassets/assets/textures/defaultwatercaustics_005.lvl0	1cc85a6fee233661f3e2f37dca0f5d50	2872
mods/core.stormmod/base.stormassets/assets/textures/defaultwatercaustics_006.dds	f486529cc8c7476153c28020231a1bed	11064
mods/core.stormmod/base.stormassets/assets/textures/defaultwatercaustics_006.lvl0	0b46cec40f8074c492305d5973c46be6	2872
mods/core.stormmod/base.stormassets/assets/textures/defaultwatercaustics_007.dds	ff9403469281d56cc245e654cbd903b8	11064
mods/core.stormmod/base.stormassets/assets/textures/defaultwatercaustics_007.lvl0	55e6ea9b2ff13f51248e9e3770d89bd5	2872
mods/core.stormmod/base.stormassets/assets/textures/defaultwatercaustics_008.dds	793e6128aba3e53dd81300e79b1dcd88	11064
mods/core.stormmod/base.stormassets/assets/textures/defaultwatercaustics_008.lvl0	b653fb4c4bd1001cb727bc567e814bd0	2872
mods/core.stormmod/base.stormassets/assets/textures/defaultwatercaustics_009.dds	6939fc34acf836f95ed18108b73aa543	11064
mods/core.stormmod/base.stormassets/assets/textures/defaultwatercaustics_009.lvl0	c93174f4846363ef19e695a97cde44e9	2872
mods/core.stormmod/base.stormassets/assets/textures/defaultwatercaustics_010.dds	456c8431a952f0bb76110bb6cd4ee9d7	11064
mods/core.stormmod/base.stormassets/assets/textures/defaultwatercaustics_010.lvl0	2649ff1f4de1ccbccacf2c8ad6575045	2872
mods/core.stormmod/base.stormassets/assets/textures/defaultwatercaustics_011.dds	051c4a31397bee0d0ac3616f09d74c2a	11064
mods/core.stormmod/base.stormassets/assets/textures/defaultwatercaustics_011.lvl0	0c9277311f71aea3c865055391d2681d	2872
mods/core.stormmod/base.stormassets/assets/textures/defaultwatercaustics_012.dds	26b29b1c00970ca04bb06424b081e1cc	11064
mods/core.stormmod/base.stormassets/assets/textures/defaultwatercaustics_012.lvl0	6ade1ac3d7ed39780be00ce7b086a34a	2872
mods/core.stormmod/base.stormassets/assets/textures/defaultwatercaustics_013.dds	3791672d64937cd912fc168eed65649e	11064
mods/core.stormmod/base.stormassets/assets/textures/defaultwatercaustics_013.lvl0	a2afcf503373a4c4a1151b1bc26d9d13	2872
mods/core.stormmod/base.stormassets/assets/textures/defaultwatercaustics_014.dds	0de3c339a108b5bde9a19c40bda54496	11064
mods/core.stormmod/base.stormassets/assets/textures/defaultwatercaustics_014.lvl0	18498b9ef68ceb04e6058136001c9d25	2872
mods/core.stormmod/base.stormassets/assets/textures/defaultwatercaustics_015.dds	8d2079a3df1e7ca7d473255e945a5bc8	11064
mods/core.stormmod/base.stormassets/assets/textures/defaultwatercaustics_015.lvl0	b4703a3fe0af448739f8678b821b192f	2872
mods/core.stormmod/base.stormassets/assets/textures/defaultwatercaustics_016.dds	04cccb41aebd0bd7e0ba5c63423cb11b	11064
mods/core.stormmod/base.stormassets/assets/textures/defaultwatercaustics_016.lvl0	a654a5b22e3684cc9317f84e0e9bd8e6	2872
mods/core.stormmod/base.stormassets/assets/textures/defaultwatercaustics_017.dds	afd22168274cc7531b57d3ebc96157fd	11064
mods/core.stormmod/base.stormassets/assets/textures/defaultwatercaustics_017.lvl0	7fd062a0332cc385c4f61cfbd0b848c3	2872
mods/core.stormmod/base.stormassets/assets/textures/defaultwatercaustics_018.dds	9a81a081d5c60a4676f921a3ea819d7a	11064
mods/core.stormmod/base.stormassets/assets/textures/defaultwatercaustics_018.lvl0	977597c5a8460c8a5681328ec9f7ee5c	2872
mods/core.stormmod/base.stormassets/assets/textures/defaultwatercaustics_019.dds	f09739006cc65c4ebec3e739e72318b8	11064
mods/core.stormmod/base.stormassets/assets/textures/defaultwatercaustics_019.lvl0	44eae838194a083fc93f2810f867dd65	2872
mods/core.stormmod/base.stormassets/assets/textures/defaultwatercaustics_020.dds	4bbf594cdb47e0a50cf4c2d2f54b2b1b	11064
mods/core.stormmod/base.stormassets/assets/textures/defaultwatercaustics_020.lvl0	bec53da8794158c4e6586134c5debd48	2872
mods/core.stormmod/base.stormassets/assets/textures/defaultwatercaustics_021.dds	acfab1a818986d5f0cde38884d290f52	11064
mods/core.stormmod/base.stormassets/assets/textures/defaultwatercaustics_021.lvl0	94d3d50c360673798c7c461944a0ced0	2872
mods/core.stormmod/base.stormassets/assets/textures/defaultwatercaustics_022.dds	d6d1437a7e20122a4133f7e1aefecd0b	11064
mods/core.stormmod/base.stormassets/assets/textures/defaultwatercaustics_022.lvl0	c446d77e7d23b503c0067fb1d16095ac	2872
mods/core.stormmod/base.stormassets/assets/textures/defaultwatercaustics_023.dds	68e4af6ae07d08a9297180e7c4025f17	11064
mods/core.stormmod/base.stormassets/assets/textures/defaultwatercaustics_023.lvl0	4dead4dae7115ced08fcb6147f0195ec	2872
mods/core.stormmod/base.stormassets/assets/textures/defaultwatercaustics_024.dds	4379808a076f82595a83d35c1b13ae3b	11064
mods/core.stormmod/base.stormassets/assets/textures/defaultwatercaustics_024.lvl0	0a9e663f14f2ff6afd9961ade272415f	2872
mods/core.stormmod/base.stormassets/assets/textures/defaultwatercaustics_025.dds	5c00909b3b30de22b999562a582223ec	11064
mods/core.stormmod/base.stormassets/assets/textures/defaultwatercaustics_025.lvl0	b2dcb50ba52030e71dcf5bc9d49c967d	2872
mods/core.stormmod/base.stormassets/assets/textures/defaultwatercaustics_026.dds	6bf17765ce2af8e8fb2966fc5d48e32d	11064
mods/core.stormmod/base.stormassets/assets/textures/defaultwatercaustics_026.lvl0	64ee5fe1b89da089c3495f33de476859	2872
mods/core.stormmod/base.stormassets/assets/textures/defaultwatercaustics_027.dds	da7076185e8bfd8c1ece3bda206cb673	11064
mods/core.stormmod/base.stormassets/assets/textures/defaultwatercaustics_027.lvl0	973c21327bfb3dcc3c60c4ed4659b525	2872
mods/core.stormmod/base.stormassets/assets/textures/defaultwatercaustics_028.dds	d6743b66132ce23502772d7e1176793b	11064
mods/core.stormmod/base.stormassets/assets/textures/defaultwatercaustics_028.lvl0	822918b907cba10d80006677b0858236	2872
mods/core.stormmod/base.stormassets/assets/textures/defaultwatercaustics_029.dds	1a23b34c22ce050d88c5c2b2b6eeeb3f	11064
mods/core.stormmod/base.stormassets/assets/textures/defaultwatercaustics_029.lvl0	0971aa25f8f083880a96c7fb50c26215	2872
mods/core.stormmod/base.stormassets/assets/textures/defaultwatercaustics_030.dds	60c9453139857773da3625df6c28e882	11064
mods/core.stormmod/base.stormassets/assets/textures/defaultwatercaustics_030.lvl0	3b86fd769e910f65bf19d74d98c304d6	2872
mods/core.stormmod/base.stormassets/assets/textures/defaultwatercaustics_031.dds	fa290f6007ace2d3af47d64370162213	11064
mods/core.stormmod/base.stormassets/assets/textures/defaultwatercaustics_031.lvl0	7d83f7bccded323af939c6d285c1c7a7	2872
mods/core.stormmod/base.stormassets/assets/textures/defaultwatercaustics_032.dds	db4cc0360edaeb9f09579bfbcf018913	11064
mods/core.stormmod/base.stormassets/assets/textures/defaultwatercaustics_032.lvl0	485da84eac49dc6bc5eaef7b0ac57086	2872
mods/core.stormmod/base.stormassets/assets/textures/defaultwaternormal.dds	68b842ca9d0cb11cde1fde73b50dac25	1398256
mods/core.stormmod/base.stormassets/assets/textures/defaultwaternormal.lvl0	392c5c6b45fcc90b8009f1d9daf3b734	5616
mods/core.stormmod/base.stormassets/assets/textures/enduranceaura1impact.dds	feff3bb1ebaa0febdbcb8e93e23d5693	87536
mods/core.stormmod/base.stormassets/assets/textures/enduranceaura1impact.lvl0	0bba75f0c89e348d2ef5b1dc8abe3ad3	5616
mods/core.stormmod/base.stormassets/assets/textures/exclamation.dds	4b5bc0b693572337ed9db7a29341faad	11088
mods/core.stormmod/base.stormassets/assets/textures/exclamation.lvl0	a5a226bb7b2c34458c2f003e11ea7418	2896
mods/core.stormmod/base.stormassets/assets/textures/flare1_blue.dds	cf591b3a9dc58a89813c3388f96d78a7	87536
mods/core.stormmod/base.stormassets/assets/textures/flare1_blue.lvl0	78f111f583716d9c23ba5f3db3f48a87	5616
mods/core.stormmod/base.stormassets/assets/textures/flare1_green.dds	875ba063843820412ba7cb2aec59bd98	87536
mods/core.stormmod/base.stormassets/assets/textures/flare1_green.lvl0	9b54dc03e90c3a0ecdc01ba84f1d11d7	5616
mods/core.stormmod/base.stormassets/assets/textures/flare1_orange4.dds	d331b9d078b8d5426df2afd5dbd17a82	87536
mods/core.stormmod/base.stormassets/assets/textures/flare1_orange4.lvl0	69c314156e9ee78c69e14be679ddac78	5616
mods/core.stormmod/base.stormassets/assets/textures/flare1_purple2.dds	1d80124e49bde2945dc826ec672993a0	87536
mods/core.stormmod/base.stormassets/assets/textures/flare1_purple2.lvl0	be075ea5e62b65d378a200cd484db399	5616
mods/core.stormmod/base.stormassets/assets/textures/flare2b.dds	0e6ca8367f4b73fc80da1def05392312	43832
mods/core.stormmod/base.stormassets/assets/textures/flare2b.lvl0	54f571f81d0d90e708ef303be3f60e7e	2872
mods/core.stormmod/base.stormassets/assets/textures/flare2b_orange.dds	f3119e8f055cb3c94f8f397474cb3b02	43832
mods/core.stormmod/base.stormassets/assets/textures/flare2b_orange.lvl0	b0572a8a5e2315acd01bf053344511bb	2872
mods/core.stormmod/base.stormassets/assets/textures/genericglowfaded.dds	35ba21d926d4c597d85ee019211f53f7	22000
mods/core.stormmod/base.stormassets/assets/textures/genericglowfaded.lvl0	8eeb323fd41cb47cb7b3f84c5a27beaa	5616
mods/core.stormmod/base.stormassets/assets/textures/glow_blue2.dds	6881762e694be41b2a8c3b0e9d51bb6a	22000
mods/core.stormmod/base.stormassets/assets/textures/glow_blue2.lvl0	7321e5f158e6e134828044de5767cfb5	5616
mods/core.stormmod/base.stormassets/assets/textures/glow_emmisivesam.dds	468a3ca2312388a9febc4f41cde64b34	22000
mods/core.stormmod/base.stormassets/assets/textures/glow_emmisivesam.lvl0	f54668e7ce11012175aaa3317f1fecfd	5616
mods/core.stormmod/base.stormassets/assets/textures/glow_emmisivesamtca.dds	9fa56eca2971c0da3a0dba6055a65cd8	22000
mods/core.stormmod/base.stormassets/assets/textures/glow_emmisivesamtca.lvl0	97281ad38f3f79eef61924b1d612ee6f	5616
mods/core.stormmod/base.stormassets/assets/textures/glow_green1.dds	f2f4ceaee771ef2f38642fe8641ea369	11064
mods/core.stormmod/base.stormassets/assets/textures/glow_green1.lvl0	e0d948a3b28b779fe6fae178110f63ce	2872
mods/core.stormmod/base.stormassets/assets/textures/glow_green4.dds	6820a5f7280bc6b720525ad8a29a574b	22000
mods/core.stormmod/base.stormassets/assets/textures/glow_green4.lvl0	44c5aa96443c9124a7777d2d95221044	5616
mods/core.stormmod/base.stormassets/assets/textures/glow_grey2.dds	086158029049d430d55ae3288462297e	22000
mods/core.stormmod/base.stormassets/assets/textures/glow_haze1.dds	ae376adc5ce8825b0780dd4c2941fae2	11064
mods/core.stormmod/base.stormassets/assets/textures/glow_haze1.lvl0	4c52a5544821fc41adc2002150099d68	2872
mods/core.stormmod/base.stormassets/assets/textures/glow_haze1green.dds	91ee94591152b3fa9a12c87b31574dfc	11064
mods/core.stormmod/base.stormassets/assets/textures/glow_haze1green.lvl0	5cf45b67633d881b90460a827c956a01	2872
mods/core.stormmod/base.stormassets/assets/textures/glow_low1.dds	4f75488ed78b663abc742136a7ebd8f6	11064
mods/core.stormmod/base.stormassets/assets/textures/glow_low1.lvl0	ee65fdd6b9aece227efd8fb5132f5cb6	2872
mods/core.stormmod/base.stormassets/assets/textures/glow_purplehaze2.dds	debd29332a6944d3dcca71028c2db94e	22000
mods/core.stormmod/base.stormassets/assets/textures/glow_purplehaze2.lvl0	2c358be360dfd92f3de292912c8f93b6	5616
mods/core.stormmod/base.stormassets/assets/textures/glow_red1.dds	25109da64ac3bde08fa40e8fe49dd633	11064
mods/core.stormmod/base.stormassets/assets/textures/glow_red1.lvl0	1ef73cfa246e83728c905caf1b999f03	2872
mods/core.stormmod/base.stormassets/assets/textures/glow_white1.dds	091244a4c776ad13d28f2ab958127723	22000
mods/core.stormmod/base.stormassets/assets/textures/glow_white1.lvl0	1a5a7b0806828f8d1226f7844c486c7a	5616
mods/core.stormmod/base.stormassets/assets/textures/grad2b.dds	301a3580de5ad218b4d941f0bfd4b1c3	5616
mods/core.stormmod/base.stormassets/assets/textures/grad2b.lvl0	83f8707341fc451f5f0f20dd7942dd22	496
mods/core.stormmod/base.stormassets/assets/textures/grad2b_blue2.dds	2cc5a929171f88833c952b17b79ba5a9	5616
mods/core.stormmod/base.stormassets/assets/textures/grad2b_blue2.lvl0	8045c67caefde8126ef8b6933ad39ed1	496
mods/core.stormmod/base.stormassets/assets/textures/grad2b_green2.dds	b43c2982d5c554f26d3ce332796d03b5	5616
mods/core.stormmod/base.stormassets/assets/textures/grad2b_green2.lvl0	e8796ec536c90bc63faec04183b14b57	496
mods/core.stormmod/base.stormassets/assets/textures/grad2b_orange.dds	52521b3e1ad5fb77f3f81f3959b4fdce	5616
mods/core.stormmod/base.stormassets/assets/textures/grad2b_purple.dds	3fcb132120ccd16d7892d2446ebe5886	5616
mods/core.stormmod/base.stormassets/assets/textures/grad2b_purple.lvl0	aeb6c95ceaa82c34e8e4b2880f747a2c	496
mods/core.stormmod/base.stormassets/assets/textures/grad2b_red.dds	3755416da2edf1f322d8e30a96505fcf	5616
mods/core.stormmod/base.stormassets/assets/textures/grad2b_red.lvl0	d1c3ebdaaceead67baf1ace85d9e8879	496
mods/core.stormmod/base.stormassets/assets/textures/grad2b_yellow2.dds	e402c8af3ca51e057c99c14b35ca3d15	5616
mods/core.stormmod/base.stormassets/assets/textures/grad2b_yellow2.lvl0	74c25993594bc890421f132c08304989	496
mods/core.stormmod/base.stormassets/assets/textures/hud_mapmechanic_spiderqueen_soul_turnin_backglow.dds	056ca315c79d2b95a8f873cefbeb54c7	8384
mods/core.stormmod/base.stormassets/assets/textures/hud_mapmechanic_spiderqueen_soul_turninglow.dds	409e7eddb996eba20bfda9ad2cf4208f	13088
mods/core.stormmod/base.stormassets/assets/textures/hud_minimap_bay_doubloon_turninglow.dds	9ccfe98f6ac31695225b2a31219401ec	11792
mods/core.stormmod/base.stormassets/assets/textures/kaeocube.dds	d61b216d883cf5b28a2ba2d1d4042f43	11064
mods/core.stormmod/base.stormassets/assets/textures/kaeocube.lvl0	b9cf54e8016736ac1b9e137289ff6423	824
mods/core.stormmod/base.stormassets/assets/textures/kokr_rating01.dds	7938169845db52c20b4bb83a1dd15ea8	49980
mods/core.stormmod/base.stormassets/assets/textures/kokr_rating02.dds	3de7f2cb670a0733d76a22e3a0121d6e	49980
mods/core.stormmod/base.stormassets/assets/textures/kokr_rating03.dds	7936f04c0a410c4b38ff7af308a8b0e2	46460
mods/core.stormmod/base.stormassets/assets/textures/kokr_rating04.dds	7bec4ce65731757f3dc75f4ec92cc4ab	46460
mods/core.stormmod/base.stormassets/assets/textures/kokr_rating05.dds	42ae82cbf4696cf14d21e785ef60922e	46460
mods/core.stormmod/base.stormassets/assets/textures/largesmoke2.dds	1478d10435a21cb3e2dc3ca8d62ffe46	87536
mods/core.stormmod/base.stormassets/assets/textures/largesmoke2.lvl0	ff164e02ca7367c608672e312a93022f	5616
mods/core.stormmod/base.stormassets/assets/textures/largewave_belshir.dds	e15fe7670b093063b854b997f9d25ffa	87536
mods/core.stormmod/base.stormassets/assets/textures/largewave_belshir.lvl0	ff77e09e746cc6fa0531636ffc76b9af	5616
mods/core.stormmod/base.stormassets/assets/textures/lensflare_textureset.dds	9d4e18dfefeb28a63e10f0480ed4b5a5	349672
mods/core.stormmod/base.stormassets/assets/textures/lensflare_textureset.lvl0	c70c5b21710b2da9318d55d6fbbe0a99	1512
mods/core.stormmod/base.stormassets/assets/textures/lightbeam_green_diffuse.dds	b62a27bf34fa57a7de993e7158ab8660	5616
mods/core.stormmod/base.stormassets/assets/textures/lightbeam_green_diffuse.lvl0	5c906c0eb339ec669617f83a61adac76	1520
mods/core.stormmod/base.stormassets/assets/textures/line_green.dds	c108d4ba8cfe7a3e6817473c6251e0b3	2888
mods/core.stormmod/base.stormassets/assets/textures/line_green.lvl0	424346a29a91b72cb7f5430568614dfc	840
mods/core.stormmod/base.stormassets/assets/textures/line_orange2.dds	7dea3d83b323cc12a9b7cc4c9c893b0e	2888
mods/core.stormmod/base.stormassets/assets/textures/line_orange2.lvl0	230a73db7f28d51fe62dd570f3730416	840
mods/core.stormmod/base.stormassets/assets/textures/line_purple1.dds	58a08e6fb5dc249b1737b987d95252e0	2888
mods/core.stormmod/base.stormassets/assets/textures/line_purple1.lvl0	df15f6b1eb5f44bbb0752b87589c5ab9	840
mods/core.stormmod/base.stormassets/assets/textures/line_red1.dds	d7f78e26340145c192f89f3ab4d7357f	2888
mods/core.stormmod/base.stormassets/assets/textures/line_red1.lvl0	bfcbcd06443b3c54162fcd4f18daedd0	200
mods/core.stormmod/base.stormassets/assets/textures/line_white.dds	989a6ec3643d3999639b038b624bdb87	5648
mods/core.stormmod/base.stormassets/assets/textures/line_white.lvl0	058cf3efd2d3ba9b73d792d2143719aa	528
mods/core.stormmod/base.stormassets/assets/textures/lines1.dds	358863049ea123c970acf87624875487	11064
mods/core.stormmod/base.stormassets/assets/textures/lines1.lvl0	97c80fbeb69dfb712048c7b0de6f5325	2872
mods/core.stormmod/base.stormassets/assets/textures/maptemplate.dds	f3a9e486913de3145802e684ecb04c28	43832
mods/core.stormmod/base.stormassets/assets/textures/maptemplate.lvl0	6bbf7a5752aba3b2d71c58d6ad095847	2872
mods/core.stormmod/base.stormassets/assets/textures/nukeicon4a_green2.dds	088da56ba2e2c529c3f0bb3200f7c2ad	5616
mods/core.stormmod/base.stormassets/assets/textures/nukeicon4a_green2.lvl0	d9faca8d00c51f3c04c07cd247a955bd	1520
mods/core.stormmod/base.stormassets/assets/textures/nukeicon4a_green2tc.dds	b0d39b7d91245aa726014e379c50b59f	5616
mods/core.stormmod/base.stormassets/assets/textures/nukeicon4a_green2tc.lvl0	5d4abf107994c842dd18a9d341624a4a	1520
mods/core.stormmod/base.stormassets/assets/textures/nukeicon6a2.dds	2e90f7d9064a64357d26e34bb8e8f99a	174928
mods/core.stormmod/base.stormassets/assets/textures/nukeicon6a2.lvl0	0c0db223360e17a5def13173252e8a2b	2896
mods/core.stormmod/base.stormassets/assets/textures/nukeicon6a2tc.dds	0e52405b6c740477859ebe331469dd8a	174928
mods/core.stormmod/base.stormassets/assets/textures/nukeicon6a2tc.lvl0	2816a51d023a1dc7e1ae6fbd68a07999	2896
mods/core.stormmod/base.stormassets/assets/textures/nukeicon7agreen.dds	6534cf178c956cf15910e15853effb45	43848
mods/core.stormmod/base.stormassets/assets/textures/nukeicon7agreen.lvl0	4b669a4503545cccdea3d189f1c3ccfa	840
mods/core.stormmod/base.stormassets/assets/textures/nukeicon8atc.dds	87dca82812d774eaa82612aa5552311b	87536
mods/core.stormmod/base.stormassets/assets/textures/nukeicon8atc.lvl0	6dae69a21a9c57acd16e0974b699177a	5616
mods/core.stormmod/base.stormassets/assets/textures/nukeicon8atca.dds	8ba24214822c5791bfc66e2c3481579c	87536
mods/core.stormmod/base.stormassets/assets/textures/nukeicon8atca.lvl0	a434f114a5854c7fd2c1c37b63148bcd	5616
mods/core.stormmod/base.stormassets/assets/textures/numbers1.dds	c9ff4b7734bba79f2f4ecd97d28c68cd	43856
mods/core.stormmod/base.stormassets/assets/textures/numbers1.lvl0	842f61de43c50a077918ed63ba089bca	2896
mods/core.stormmod/base.stormassets/assets/textures/numbers1tc.dds	4be746c6079e32c0369380458d91d975	43856
mods/core.stormmod/base.stormassets/assets/textures/numbers1tc.lvl0	c2c4ee6b8a7452ce4dffef1ddab66e41	2896
mods/core.stormmod/base.stormassets/assets/textures/orbittech.dds	da9079999bb2ba7af2bc3cda2b107ad1	87536
mods/core.stormmod/base.stormassets/assets/textures/orbittech.lvl0	957d4b14fcc42d3a4eecd77fbc9ff6f3	5616
mods/core.stormmod/base.stormassets/assets/textures/perficon_ai.dds	0e62d765630fc9e140528f815080152a	8320
mods/core.stormmod/base.stormassets/assets/textures/perficon_background_red.dds	b682ff96b42e5ae8b768617dd1dbd113	4224
mods/core.stormmod/base.stormassets/assets/textures/perficon_background_yellow.dds	976360d6585679a87d31b2a6e067db01	4224
mods/core.stormmod/base.stormassets/assets/textures/perficon_cache.dds	9bec4ce0727541d588de2573071b7dc7	4224
mods/core.stormmod/base.stormassets/assets/textures/perficon_disc.dds	ffc4ef355d988d00b74a56ee3352b13b	4224
mods/core.stormmod/base.stormassets/assets/textures/perficon_galaxy.dds	0b057a5ba7be4be6cfa3a6e26193d55f	8320
mods/core.stormmod/base.stormassets/assets/textures/perficon_mem.dds	0cf22bc3ddfe6720a9672953634739ff	4224
mods/core.stormmod/base.stormassets/assets/textures/perficon_models.dds	1aace77937e6a4d1dd18b399246cb945	8320
mods/core.stormmod/base.stormassets/assets/textures/perficon_network.dds	eb8e6fd8fa5fb793e095b141c1009358	8320
mods/core.stormmod/base.stormassets/assets/textures/perficon_particles.dds	6d2f0866cff0cdf4446c9d788be43009	4224
mods/core.stormmod/base.stormassets/assets/textures/perficon_physics.dds	f63cc4b76f6ba6eeed39c12db99c6625	8320
mods/core.stormmod/base.stormassets/assets/textures/perficon_reflection.dds	4e856e509f7fb4f4194a9e8ba75ab577	8320
mods/core.stormmod/base.stormassets/assets/textures/perficon_render.dds	6c96b6c35eebd465104d1cf7adb93042	8320
mods/core.stormmod/base.stormassets/assets/textures/perficon_ribbons.dds	be003d35116ce928f059e05f64b91f2c	8320
mods/core.stormmod/base.stormassets/assets/textures/perficon_shaders.dds	5e809381e9fdc15e4a616c1d362116bb	4224
mods/core.stormmod/base.stormassets/assets/textures/perficon_shadows.dds	9b7982797bcb97ae0b31327f0254338a	4224
mods/core.stormmod/base.stormassets/assets/textures/perficon_sound.dds	caa008a248a04e0ff2c1031eb27488cd	8320
mods/core.stormmod/base.stormassets/assets/textures/perficon_splats.dds	695adaff63073651edd0b5adb3187fd1	8320
mods/core.stormmod/base.stormassets/assets/textures/perficon_streaming.dds	da566bfeb8accf2fdb623f20bc58b86d	4224
mods/core.stormmod/base.stormassets/assets/textures/perficon_terrain.dds	0a3345b71817da8b19f33fca8bcc7f5b	4224
mods/core.stormmod/base.stormassets/assets/textures/perficon_ui.dds	4931ab5912fcd82b1c3ff724fe103e3b	8320
mods/core.stormmod/base.stormassets/assets/textures/ping1.dds	9b0779f87deddc44d967a8c1e7a1b7ad	87536
mods/core.stormmod/base.stormassets/assets/textures/ping1.lvl0	b570462a43b2e96058ca97102a6f2ce0	5616
mods/core.stormmod/base.stormassets/assets/textures/ping1alpha.dds	822f2783c7704eab6a544760599d2a79	87536
mods/core.stormmod/base.stormassets/assets/textures/ping1alpha.lvl0	034dddc9e5e329dffee4eb22a618c685	5616
mods/core.stormmod/base.stormassets/assets/textures/ping2c_green.dds	29f5933e84a16b40d32b25a58b573d8a	87536
mods/core.stormmod/base.stormassets/assets/textures/ping2c_green.lvl0	99189b49b46364e9fe41e6a84836b576	5616
mods/core.stormmod/base.stormassets/assets/textures/ping3.dds	7552c212f5222fbdbabb8f7f1016c742	87536
mods/core.stormmod/base.stormassets/assets/textures/ping3.lvl0	dfd78047f34508be85a98fd4cef98296	5616
mods/core.stormmod/base.stormassets/assets/textures/ping3tc.dds	afb745a76715ca5a41477af33a28eba2	87536
mods/core.stormmod/base.stormassets/assets/textures/ping3tc.lvl0	6001cbe968a697226629cd74ede12244	5616
mods/core.stormmod/base.stormassets/assets/textures/pingbonusalphaliberty.dds	b805891943161e66c6cef4ef237e949d	87536
mods/core.stormmod/base.stormassets/assets/textures/pingbonusalphaliberty.lvl0	1d13f7355ba87df8c33bcfe7096232c7	5616
mods/core.stormmod/base.stormassets/assets/textures/pingbonusliberty.dds	9dd860260fb84505e5b1c399a894d82b	87536
mods/core.stormmod/base.stormassets/assets/textures/pingbonusliberty.lvl0	94fca1d4f297c894669bdc04c6368bf2	5616
mods/core.stormmod/base.stormassets/assets/textures/pingboss1.dds	d101181d437c185d45bf021b5ddc509b	87536
mods/core.stormmod/base.stormassets/assets/textures/pingboss1.lvl0	4a357736146e1c35e0aaa0de224497ba	5616
mods/core.stormmod/base.stormassets/assets/textures/pingnukeliberty.dds	887cf773c594b56a71306d60a67bf419	5616
mods/core.stormmod/base.stormassets/assets/textures/pingnukeliberty.lvl0	630bbd484f7d03e40f726747e3a8d291	1520
mods/core.stormmod/base.stormassets/assets/textures/plasmafield2.dds	3b919cf031e8101c7a839cadb613b920	87536
mods/core.stormmod/base.stormassets/assets/textures/plasmafield2.lvl0	3f20d8128bb19ae3fa43c38cc36704cb	5616
mods/core.stormmod/base.stormassets/assets/textures/protoss-border-button-game.dds	e14000e224036d6ff21aebec29070cdc	262272
mods/core.stormmod/base.stormassets/assets/textures/protoss-border-tech.dds	103809adfd2a9033c683fca05a7dff13	524416
mods/core.stormmod/base.stormassets/assets/textures/protoss-highlight-focus-tech.dds	12268dffeb3196419e2c05e5a8c8be71	131200
mods/core.stormmod/base.stormassets/assets/textures/protoss-highlight-hover-tech.dds	d68b368da60a08150b9df8e8a373406b	32896
mods/core.stormmod/base.stormassets/assets/textures/protossautocast8x4.dds	dde432f8ade0f558b18c1701b40650be	2097280
mods/core.stormmod/base.stormassets/assets/textures/protossblankportrait_static.dds	78f845103440122317ce7d6c7298f985	32896
mods/core.stormmod/base.stormassets/assets/textures/pylonradius1d_512.dds	603adfac71a7b9b19cd8627536607d90	349680
mods/core.stormmod/base.stormassets/assets/textures/pylonradius1d_512.lvl0	00425b76934b8840a1c1126a80bf8249	5616
mods/core.stormmod/base.stormassets/assets/textures/pylonradius1e_512.dds	3ee5a2204f598412f3f878484c7d5d99	349680
mods/core.stormmod/base.stormassets/assets/textures/pylonradius1e_512.lvl0	1df52fa8895c048ff1161fcde1839c14	5616
mods/core.stormmod/base.stormassets/assets/textures/pylonradiusunpowered.dds	8c8cbee66df88298c730440451feab23	174904
mods/core.stormmod/base.stormassets/assets/textures/pylonradiusunpowered.lvl0	ab57ed61187ef14eccaab9e9404f070c	2872
mods/core.stormmod/base.stormassets/assets/textures/radaricon1.dds	eaa2c1139676494cbb1809988e561856	16512
mods/core.stormmod/base.stormassets/assets/textures/radarsweep1.dds	6d91d14d341150086c3f2c0f0f80cc97	11064
mods/core.stormmod/base.stormassets/assets/textures/radarsweep1.lvl0	705207266ad762c9475cc6a722197e4e	2872
mods/core.stormmod/base.stormassets/assets/textures/shockwave_blackring1.dds	8aae98d2940dfe84d3b9bc593cdd9ed9	87536
mods/core.stormmod/base.stormassets/assets/textures/shockwave_blackring1.lvl0	7c94f08e253733c107034ee0d3ff42fa	5616
mods/core.stormmod/base.stormassets/assets/textures/sphere.dds	56aadea7a81bbb7bc611435106bf93b4	43832
mods/core.stormmod/base.stormassets/assets/textures/sphere.lvl0	ee482060df99ab18c1132554ae5014c2	824
mods/core.stormmod/base.stormassets/assets/textures/sphere_mask.dds	4e4e951534fbfe18492e146751e956a0	174904
mods/core.stormmod/base.stormassets/assets/textures/sphere_mask.lvl0	2e43ef8e1e43ff37b4837badae860edd	824
mods/core.stormmod/base.stormassets/assets/textures/sphere_ta_mask.dds	5bac75dc20d9aac34ff1a3420d3e87bb	174904
mods/core.stormmod/base.stormassets/assets/textures/sphere_ta_mask.lvl0	88f01163896d6656283b35d276493bd2	824
mods/core.stormmod/base.stormassets/assets/textures/startlocation.dds	83fc5c1a44c387a82cfa146e701cb3f1	349680
mods/core.stormmod/base.stormassets/assets/textures/startlocation.lvl0	9a4c77af88134494d75bbd770723a2a6	5616
mods/core.stormmod/base.stormassets/assets/textures/statusbar.dds	01ff863acd2bc9d687668fd6ea3ec550	298
mods/core.stormmod/base.stormassets/assets/textures/stimsplat_tc.dds	5e3357868dca64e7ec43119a5599e3e7	22000
mods/core.stormmod/base.stormassets/assets/textures/stimsplat_tc.lvl0	351087f1010d1c6f8bde37b7477dd176	5616
mods/core.stormmod/base.stormassets/assets/textures/storm_loading_generic.dds	6f04e5dba6c595ec9910483e27d029ca	1843328
mods/core.stormmod/base.stormassets/assets/textures/storm_login_background.dds	a57d1f303490afb782d1c621dc7824ea	1075328
mods/core.stormmod/base.stormassets/assets/textures/storm_login_background_event.dds	140a30865a53d808459605eb1bad230d	1024128
mods/core.stormmod/base.stormassets/assets/textures/storm_lootbanner_sc_zerg_rare_var01_diff.dds	9ce3a1afb812fa9d03206b9ac767d517	174904
mods/core.stormmod/base.stormassets/assets/textures/storm_lootbanner_sc_zerg_rare_var01_diff.lvl0	5c75c3a04b54e84e17410291b3076a01	824
mods/core.stormmod/base.stormassets/assets/textures/storm_lootbanner_sc_zerg_rare_var02_diff.dds	ff465f216b871b36d847e11bc1b9db09	174904
mods/core.stormmod/base.stormassets/assets/textures/storm_lootbanner_sc_zerg_rare_var02_diff.lvl0	c22be9fa95e4d91e26da5469e5cb6eab	2872
mods/core.stormmod/base.stormassets/assets/textures/storm_lootbanner_sc_zerg_var01_diff.dds	1fb0b61beb00f544d5538bcafc3ddc43	174904
mods/core.stormmod/base.stormassets/assets/textures/storm_lootbanner_sc_zerg_var01_diff.lvl0	c02f415e10d58e6e058efeff3e0a0628	824
mods/core.stormmod/base.stormassets/assets/textures/storm_lootbanner_sc_zerg_var02_diff.dds	942af83836beff028fbec10caebd2b9b	174904
mods/core.stormmod/base.stormassets/assets/textures/storm_lootbanner_sc_zerg_var02_diff.lvl0	873498d305abf7bbfe855502e0194108	2872
mods/core.stormmod/base.stormassets/assets/textures/storm_standardbutton_blue_hover.dds	ac145421d1cfa33987af05c43f2a6920	126272
mods/core.stormmod/base.stormassets/assets/textures/storm_standardbutton_blue_normal.dds	4bb60d924ff14a48dcbe428921c82b2a	126272
mods/core.stormmod/base.stormassets/assets/textures/storm_standardbuttonsmall_blue_disabled.dds	109f2e62592e1d5c30ecd2364fe44e5b	90848
mods/core.stormmod/base.stormassets/assets/textures/storm_standardbuttonsmall_blue_down.dds	f9603849dc675ca1c1d0caec1417b3a4	90848
mods/core.stormmod/base.stormassets/assets/textures/storm_standardbuttonsmall_blue_hover.dds	e9f5582a9e37d9f8380e1e4ffa478898	90848
mods/core.stormmod/base.stormassets/assets/textures/storm_standardbuttonsmall_blue_normal.dds	d255c8824da712ada016536f4be99f8a	90848
mods/core.stormmod/base.stormassets/assets/textures/storm_standardbuttonsquare_blue_disabled.dds	e1a8ef8db28df9f027efbd71a050bd35	32528
mods/core.stormmod/base.stormassets/assets/textures/storm_standardbuttonsquare_blue_down.dds	52cf73c195e22cc4246e900464361f1d	32528
mods/core.stormmod/base.stormassets/assets/textures/storm_standardbuttonsquare_blue_hover.dds	d32c161a6d6491635aa8411ec53356b6	32528
mods/core.stormmod/base.stormassets/assets/textures/storm_standardbuttonsquare_blue_normal.dds	9d0aebcdd294971934405e45872d2327	32528
mods/core.stormmod/base.stormassets/assets/textures/storm_ui_cursor_default_base.dds	7ba874118f7d86df86ce64837825894e	4224
mods/core.stormmod/base.stormassets/assets/textures/storm_ui_cursor_default_base_16.dds	e1a3316fe00ef2baddd9ad316b09848e	1152
mods/core.stormmod/base.stormassets/assets/textures/storm_ui_cursor_default_base_32.dds	bcb99cba431d583ddf0af0c7ac913c92	4224
mods/core.stormmod/base.stormassets/assets/textures/storm_ui_cursor_default_base_64.dds	24d737cbca92ec872ad1acfaa5af93d7	16512
mods/core.stormmod/base.stormassets/assets/textures/storm_ui_cursor_default_enemy.dds	867552c8ab6d49ed464d5cd38112e9b5	4224
mods/core.stormmod/base.stormassets/assets/textures/storm_ui_cursor_default_friendly.dds	cd41438881e53fd72ed64a8ee75f48c2	4224
mods/core.stormmod/base.stormassets/assets/textures/storm_ui_cursor_spell_base.dds	b0e18c24de9b58c8088faa337e0e04d6	4224
mods/core.stormmod/base.stormassets/assets/textures/storm_ui_cursor_spell_enemy.dds	463c298b8acf2af3ef6ff9cd28c387ff	4224
mods/core.stormmod/base.stormassets/assets/textures/storm_ui_cursor_spell_friendly.dds	2187ceced8b0f914e45640e1a4a91f2d	4224
mods/core.stormmod/base.stormassets/assets/textures/storm_ui_cursor_spell_invalid.dds	f7ab30c955cac4dea8a92a68ecf76eb1	4224
mods/core.stormmod/base.stormassets/assets/textures/storm_ui_cursor_target_base.dds	542d034f1a11eec66fab4c7a34cf9f9f	4224
mods/core.stormmod/base.stormassets/assets/textures/storm_ui_cursor_target_enemy.dds	77f0faa1edd4b215344037a73fd88149	4224
mods/core.stormmod/base.stormassets/assets/textures/storm_ui_cursor_target_friendly.dds	b09a6de88497321177bdaa5b68f615c4	4224
mods/core.stormmod/base.stormassets/assets/textures/storm_ui_cursor_target_invalid.dds	1d7da257748afa6024d2cc4e0d73404b	4224
mods/core.stormmod/base.stormassets/assets/textures/storm_ui_global_progressbar.dds	ee2d593164306deda5de118873ad9634	2432
mods/core.stormmod/base.stormassets/assets/textures/storm_ui_global_progressbar_background.dds	35bf7e49ac83a704ff5d2829c8ba1ec8	2432
mods/core.stormmod/base.stormassets/assets/textures/storm_ui_global_progressbar_glow.dds	ef74c2d89cd3a95e58a9069e5c2d7939	9200
mods/core.stormmod/base.stormassets/assets/textures/storm_ui_glues_button_subnav_highlight.dds	afdd300fbc1fcf524ff15fa09f95d1d7	97984
mods/core.stormmod/base.stormassets/assets/textures/storm_ui_glues_button_topnav_highlight.dds	0b48733294b2cc141d2315119b18ba59	115116
mods/core.stormmod/base.stormassets/assets/textures/storm_ui_glues_dialogborder.dds	064ce31a32ec9736c1b79ee34250dba0	92288
mods/core.stormmod/base.stormassets/assets/textures/storm_ui_glues_gemicon_large.dds	736b555e6aa41662b06ed71bce10fa3c	198008
mods/core.stormmod/base.stormassets/assets/textures/storm_ui_glues_gemicon_medium.dds	1071d997f78d186b5443a492435a86b9	36992
mods/core.stormmod/base.stormassets/assets/textures/storm_ui_glues_gemicon_mini.dds	d4a989bfc6cb43dabae1499ffee6d4be	2628
mods/core.stormmod/base.stormassets/assets/textures/storm_ui_glues_gemicon_small.dds	7b3d04fb26e7702c4624f2bbea8a80d5	3972
mods/core.stormmod/base.stormassets/assets/textures/storm_ui_glues_icon_slow_system.dds	4ba7866e2e7b1cd32dfc69ee7d1ef5b7	11648
mods/core.stormmod/base.stormassets/assets/textures/storm_ui_glues_loading_playerframe_blue.dds	7c476f55cb302fb26e9dc4196c96e9dc	185664
mods/core.stormmod/base.stormassets/assets/textures/storm_ui_glues_loading_playerframe_red.dds	3829b38729edb76db8a44366c4a878f4	185664
mods/core.stormmod/base.stormassets/assets/textures/storm_ui_glues_loading_progressbarbg.dds	c8e5dfb36b68285221e9eab4e5122d26	49328
mods/core.stormmod/base.stormassets/assets/textures/storm_ui_glues_loading_progressbarfill_blue.dds	c8d809836722d491421686c951507e26	49328
mods/core.stormmod/base.stormassets/assets/textures/storm_ui_glues_loading_progressbarfill_red.dds	fce25b43fe53bd40633327167d86ba12	49328
mods/core.stormmod/base.stormassets/assets/textures/storm_ui_home_news_bg.dds	6d0c23276b15e621c6a45859a5d7294f	190528
mods/core.stormmod/base.stormassets/assets/textures/storm_ui_home_news_border.dds	aad264880c1c1c01ee4d3e062d9b86bb	190528
mods/core.stormmod/base.stormassets/assets/textures/storm_ui_home_news_border_fx.dds	6e1d020f9e16d25e1c87c6677c38d40c	18560
mods/core.stormmod/base.stormassets/assets/textures/storm_ui_home_news_border_hover.dds	c1d5f3e2b713eaf5ae20a2e8052892e4	190976
mods/core.stormmod/base.stormassets/assets/textures/storm_ui_home_news_border_mask.dds	ea1b09eec74449c80a21429761be4089	198272
mods/core.stormmod/base.stormassets/assets/textures/storm_ui_home_news_maintenance.dds	6c9e0f7802e9301446cac2207adc812d	163072
mods/core.stormmod/base.stormassets/assets/textures/storm_ui_home_news_text_bg.dds	c0efe74483587afcbe0be8369f2767ea	46224
mods/core.stormmod/base.stormassets/assets/textures/storm_ui_home_yrel.dds	ed46144ab9563853ac19c7444a99508b	3686528
mods/core.stormmod/base.stormassets/assets/textures/storm_ui_homescreen_tile_deckard.dds	f38d711785a5ad6315726c109e8b480b	168872
mods/core.stormmod/base.stormassets/assets/textures/storm_ui_homescreen_tile_fenix.dds	4f442b49c6f32fd17d7338863e6ac715	168872
mods/core.stormmod/base.stormassets/assets/textures/storm_ui_homescreen_tile_motc_bundle.dds	b48546de431fab4bfb3bc726bc6c0ba6	168872
mods/core.stormmod/base.stormassets/assets/textures/storm_ui_homescreen_tile_yrelhero.dds	eb1c6e460f2f2271cf578ee10c1a44a6	57008
mods/core.stormmod/base.stormassets/assets/textures/storm_ui_homescreenbackground_nexomania.dds	e834b814e29a8a8423ba36d2358602dd	11059328
mods/core.stormmod/base.stormassets/assets/textures/storm_ui_hud_vehicle_abathur_ultimate.dds	5b71e2c5df14a33ebe26710287a6a07f	5312
mods/core.stormmod/base.stormassets/assets/textures/storm_ui_hud_vehicle_generic_blue.dds	d2bd5f5450a5ec6ef4f98e3a80c4e7bb	5312
mods/core.stormmod/base.stormassets/assets/textures/storm_ui_hud_vehicle_generic_red.dds	59be8b242b721177a4775cfae5b156e1	5312
mods/core.stormmod/base.stormassets/assets/textures/storm_ui_hud_vehicle_generic_yellow.dds	a2456d79fd1f9ed4fab2be2d50141d77	5312
mods/core.stormmod/base.stormassets/assets/textures/storm_ui_hud_vehicle_unitstatus_medivac_green.dds	98c361f4ca08eab816681d5eac93a912	5312
mods/core.stormmod/base.stormassets/assets/textures/storm_ui_hud_vehicle_unitstatus_volsk_mech_gunner.dds	eab4604bd45426b2a2ec3320d1b5beb7	9280
mods/core.stormmod/base.stormassets/assets/textures/storm_ui_hud_vehicle_unitstatus_volsk_mech_pilot.dds	d5a2e6b7423c690ba4e6a2ec49b5b4aa	9280
mods/core.stormmod/base.stormassets/assets/textures/storm_ui_hud_vehicle_zagara_underline.dds	03af978dea676f4c851365efe4660f0c	59968
mods/core.stormmod/base.stormassets/assets/textures/storm_ui_ingame_leader_onfire_glow.dds	b1d7478687606cfed4a7819aa0d88728	10112
mods/core.stormmod/base.stormassets/assets/textures/storm_ui_ingame_targetinfopanel_additionalinfoicon.dds	85203eeccc04a50e8993f61f7d3d9a18	2312
mods/core.stormmod/base.stormassets/assets/textures/storm_ui_ingame_tooltipbg.dds	022ddccb8173d6a1b2047a2b9b251e2f	10528
mods/core.stormmod/base.stormassets/assets/textures/storm_ui_ingame_tooltipframe.dds	022ddccb8173d6a1b2047a2b9b251e2f	10528
mods/core.stormmod/base.stormassets/assets/textures/storm_ui_loading_nexusicon.dds	fc4edcdf56a432225485896023236094	9344
mods/core.stormmod/base.stormassets/assets/textures/storm_ui_loading_startup-brbr.dds	73ff76224485f9dc812a3024ed62096b	1843328
mods/core.stormmod/base.stormassets/assets/textures/storm_ui_loading_startup.dds	1a9f11caeb0c8396df84108d2eb8c258	1843328
mods/core.stormmod/base.stormassets/assets/textures/storm_ui_loading_startup_beta.dds	da5f7d30fc3a386cfadfc8b1603544f1	1843328
mods/core.stormmod/base.stormassets/assets/textures/storm_ui_promotional_fanfare_celestialcloudserpent.dds	902e6faa71e1e024fa507063c8b64c41	296624
mods/core.stormmod/base.stormassets/assets/textures/storm_ui_store_background_vignette.dds	08fa6375ec73717497b4c47d2c50ab1b	89216
mods/core.stormmod/base.stormassets/assets/textures/storm_ui_store_gemdialog_trianglepattern_small.dds	4e4779c6f54e76385202462f94ece6fa	35224
mods/core.stormmod/base.stormassets/assets/textures/storm_ui_targetinfopanel_statusbarlarge.dds	9a5c653fa7678498991feeeb4d85b827	18624
mods/core.stormmod/base.stormassets/assets/textures/techlines1.dds	10c126af6363b14bf909822a59d21241	43848
mods/core.stormmod/base.stormassets/assets/textures/techlines1.lvl0	b037fbdf0f8b9efdf56c25c842e01db2	840
mods/core.stormmod/base.stormassets/assets/textures/techrings1.dds	4923cc5cb11ba554416d45c3eaa696f2	174904
mods/core.stormmod/base.stormassets/assets/textures/techrings1.lvl0	cb55036d75eeec51b90928f8609deef9	2872
mods/core.stormmod/base.stormassets/assets/textures/terrainsetnumber_00.dds	ddeb3dd01b0d41ad748faaaf1d1806d3	22000
mods/core.stormmod/base.stormassets/assets/textures/terrainsetnumber_00.lvl0	ef3584bf526f49aec75d3d2709471c82	5616
mods/core.stormmod/base.stormassets/assets/textures/terrainsetnumber_01.dds	ab3ee904b880f67651e8b3cc39eb22be	22000
mods/core.stormmod/base.stormassets/assets/textures/terrainsetnumber_01.lvl0	90df7e8bf4e2c1e625ab46df02f8396c	5616
mods/core.stormmod/base.stormassets/assets/textures/terrainsetnumber_02.dds	f01357f0d4b7606e8f69fbcba5b8f60b	22000
mods/core.stormmod/base.stormassets/assets/textures/terrainsetnumber_02.lvl0	19aea33152a8f8ce32b4bd8fd790389e	5616
mods/core.stormmod/base.stormassets/assets/textures/terrainsetnumber_03.dds	2367d2fce76882bbc48f36daf41fb522	22000
mods/core.stormmod/base.stormassets/assets/textures/terrainsetnumber_03.lvl0	6449d596d4d169085af288a563b37dcc	5616
mods/core.stormmod/base.stormassets/assets/textures/terrainsetnumber_04.dds	368f51190309df3226885a8c0ceb299a	22000
mods/core.stormmod/base.stormassets/assets/textures/terrainsetnumber_04.lvl0	d1847319f6ffa1ee7613162e3f122e23	5616
mods/core.stormmod/base.stormassets/assets/textures/terrainsetnumber_05.dds	26df19c841164a3ebceecf919a7f41f1	22000
mods/core.stormmod/base.stormassets/assets/textures/terrainsetnumber_05.lvl0	ef49cbd4461f87b98b77b2e9cc942382	5616
mods/core.stormmod/base.stormassets/assets/textures/terrainsetnumber_06.dds	22b12b01acafeab69c5956b5427177c3	22000
mods/core.stormmod/base.stormassets/assets/textures/terrainsetnumber_06.lvl0	9345b6199da4741a233652511ed159d3	5616
mods/core.stormmod/base.stormassets/assets/textures/terrainsetnumber_07.dds	673617f84b31fd314c4da9b4c334bba8	22000
mods/core.stormmod/base.stormassets/assets/textures/terrainsetnumber_07.lvl0	e616858705339e19519305f67228e451	5616
mods/core.stormmod/base.stormassets/assets/textures/terrainsetnumber_08.dds	b2115c848845380addacf4903bc7090f	22000
mods/core.stormmod/base.stormassets/assets/textures/terrainsetnumber_08.lvl0	0254df34f34e98255aeb4d86b656baad	5616
mods/core.stormmod/base.stormassets/assets/textures/terrainsetnumber_09.dds	822a1e85760c139c0752f6d8d66a22ed	22000
mods/core.stormmod/base.stormassets/assets/textures/terrainsetnumber_09.lvl0	5c520414c25223801aa785fa1b973200	5616
mods/core.stormmod/base.stormassets/assets/textures/terran-border-button-game.dds	3ca8f8370002b58396b70abe4b6f8769	262272
mods/core.stormmod/base.stormassets/assets/textures/terran-border-tech.dds	d2cb5c0aad6696bfaca838ef7fd7b870	524416
mods/core.stormmod/base.stormassets/assets/textures/terran-highlight-focus-tech.dds	ad0d7fde627dc41bbf7f9d0e09ff1884	131200
mods/core.stormmod/base.stormassets/assets/textures/terran-highlight-hover-tech.dds	bc146212bc84a5310d1a5ba7d640b74f	32896
mods/core.stormmod/base.stormassets/assets/textures/terranblankportrait_static.dds	78f845103440122317ce7d6c7298f985	32896
mods/core.stormmod/base.stormassets/assets/textures/terrandetectionradius1.dds	4e816bdfd35c5eb9c2414c3b294c0a87	349680
mods/core.stormmod/base.stormassets/assets/textures/terrandetectionradius1.lvl0	e9289a8deb8b419f9564f7302ae9c86d	5616
mods/core.stormmod/base.stormassets/assets/textures/ui-editoricon-archivebrowser_preview.dds	d840a214a76fae6c25f5817d862e8a1e	1152
mods/core.stormmod/base.stormassets/assets/textures/ui-editoricon-archivebrowser_view.dds	994ad6b5bae4c68f6c773da6e09daf16	1152
mods/core.stormmod/base.stormassets/assets/textures/ui-editoricon-curveeditor_auto.dds	dd555e46a3f1f45088fcfa96e232da3f	1152
mods/core.stormmod/base.stormassets/assets/textures/ui-editoricon-curveeditor_create.dds	b0e915e4bbb05f10c1f4205b88a67351	1152
mods/core.stormmod/base.stormassets/assets/textures/ui-editoricon-curveeditor_custom.dds	141e7391995f1aa2e3888e42465d51c9	1152
mods/core.stormmod/base.stormassets/assets/textures/ui-editoricon-curveeditor_edit.dds	94fef57b1c54723b0f2e3854d4b0c475	1152
mods/core.stormmod/base.stormassets/assets/textures/ui-editoricon-curveeditor_linear.dds	f5a0124cf1b284c4152f05357e315863	1152
mods/core.stormmod/base.stormassets/assets/textures/ui-editoricon-curveeditor_setboth.dds	f28c2fb3e3e985576f2d5b35965f45a8	1152
mods/core.stormmod/base.stormassets/assets/textures/ui-editoricon-curveeditor_setin.dds	b01a9bda15cc8a767ed1e020b390c40f	1152
mods/core.stormmod/base.stormassets/assets/textures/ui-editoricon-curveeditor_setout.dds	3d0a4f400ce51be8d622a2c8b01ff4b7	1152
mods/core.stormmod/base.stormassets/assets/textures/ui-editoricon-curveeditor_showtangents.dds	b621a0ea1e345ba5980b29ab45379680	1152
mods/core.stormmod/base.stormassets/assets/textures/ui-editoricon-curveeditor_showvalues.dds	428bbcf4ac10a81dbd46578ac5a31c29	1152
mods/core.stormmod/base.stormassets/assets/textures/ui-editoricon-curveeditor_slow.dds	89d0b37db60cca1b3e81501f7daaa789	1152
mods/core.stormmod/base.stormassets/assets/textures/ui-editoricon-curveeditor_smooth.dds	0a9576fbba2c044777bfcf9bbaf67a97	1152
mods/core.stormmod/base.stormassets/assets/textures/ui-editoricon-curveeditor_step.dds	9987f7277d4eac4ee03cd2faff2d8cc4	1152
mods/core.stormmod/base.stormassets/assets/textures/ui-editoricon-curveeditor_zoomextentscustom.dds	8801b0a5c50f6d3abf46d7d834c71ab3	1152
mods/core.stormmod/base.stormassets/assets/textures/ui-editoricon-curveeditor_zoomextentsx.dds	ab48f67aab407bca41857cb215d282e5	1152
mods/core.stormmod/base.stormassets/assets/textures/ui-editoricon-curveeditor_zoomextentsy.dds	46f8b08727bf67bd91dac3497c7fc48f	1152
mods/core.stormmod/base.stormassets/assets/textures/ui-editoricon-data_types_abilities.dds	087b3abe43ce490036a0b2d8d0740343	1152
mods/core.stormmod/base.stormassets/assets/textures/ui-editoricon-data_types_actors.dds	cc4c63a026ccb731ad5ce62d58925688	1152
mods/core.stormmod/base.stormassets/assets/textures/ui-editoricon-data_types_attachmethods.dds	b21b89b235e53497e93012449154a879	1152
mods/core.stormmod/base.stormassets/assets/textures/ui-editoricon-data_types_beams.dds	42e57aa40c86e36680a45d2924913c77	1152
mods/core.stormmod/base.stormassets/assets/textures/ui-editoricon-data_types_behaviours.dds	389fc750d04e68332fa66d01efa01b43	1152
mods/core.stormmod/base.stormassets/assets/textures/ui-editoricon-data_types_buttons.dds	f3432d21f947872c9035dddb7be04c8c	1152
mods/core.stormmod/base.stormassets/assets/textures/ui-editoricon-data_types_digitalsounds.dds	3da1dcc4815e4f715229a1d9f91d05b9	1152
mods/core.stormmod/base.stormassets/assets/textures/ui-editoricon-data_types_effects.dds	42dc58993eb565c589bce3373d18b551	1152
mods/core.stormmod/base.stormassets/assets/textures/ui-editoricon-data_types_fogofwar.dds	1e95b35797acde595e318350d53323ae	1152
mods/core.stormmod/base.stormassets/assets/textures/ui-editoricon-data_types_footprints.dds	11d3ef7d0c7a744d411e10ebf6dbd3d9	1152
mods/core.stormmod/base.stormassets/assets/textures/ui-editoricon-data_types_generic.dds	4681db404c0deee6c71d80ed01913bf7	1152
mods/core.stormmod/base.stormassets/assets/textures/ui-editoricon-data_types_items.dds	39468e417ab33eb8331ff88d3f9c52bf	1152
mods/core.stormmod/base.stormassets/assets/textures/ui-editoricon-data_types_lights.dds	8cdb8460cf7ac88d49c80861cee80e03	1152
mods/core.stormmod/base.stormassets/assets/textures/ui-editoricon-data_types_models.dds	6cb1e7658d88272032071f0da5b2f35a	1152
mods/core.stormmod/base.stormassets/assets/textures/ui-editoricon-data_types_movers.dds	0d9bb5bc956d6c1fceeeaa9d856e28d0	1152
mods/core.stormmod/base.stormassets/assets/textures/ui-editoricon-data_types_requirements.dds	7baf2ce42771024291261e57338b0336	1152
mods/core.stormmod/base.stormassets/assets/textures/ui-editoricon-data_types_reverbeffects.dds	357d5787ef08de97914ae91f7f545a40	1152
mods/core.stormmod/base.stormassets/assets/textures/ui-editoricon-data_types_sounds.dds	dfec0d1bdc5b7060ee06b1021d3eccbd	1152
mods/core.stormmod/base.stormassets/assets/textures/ui-editoricon-data_types_soundtracks.dds	09594bf699844a97c23d5430889dc4dd	1152
mods/core.stormmod/base.stormassets/assets/textures/ui-editoricon-data_types_textures.dds	2a0721609d5894b33168e6207a89904d	1152
mods/core.stormmod/base.stormassets/assets/textures/ui-editoricon-data_types_turrets.dds	9b6a6f14fba282e285942e6f6cc1cc7a	1152
mods/core.stormmod/base.stormassets/assets/textures/ui-editoricon-data_types_units.dds	5aa9fddfb684980b95d8859e1d8e14b3	1152
mods/core.stormmod/base.stormassets/assets/textures/ui-editoricon-data_types_upgrades.dds	9d183dd20372b3ca346ca0365de62080	1152
mods/core.stormmod/base.stormassets/assets/textures/ui-editoricon-data_types_validators.dds	84e79b1839b4d763d2b2e5a98ca5930d	1152
mods/core.stormmod/base.stormassets/assets/textures/ui-editoricon-data_types_weapons.dds	360dbb9d18018c14d80ee6faebd38b1e	1152
mods/core.stormmod/base.stormassets/assets/textures/ui-editoricon-dataeditor_[tokens].dds	30312a7817efadafa51a5606e3017288	1152
mods/core.stormmod/base.stormassets/assets/textures/ui-editoricon-dataeditor_advancedvalues.dds	94a0d9525cce7ed75c0493d64d286885	1152
mods/core.stormmod/base.stormassets/assets/textures/ui-editoricon-dataeditor_combinestructurevalues.dds	0dd919a904a48aa552e9b07755e3acd3	1152
mods/core.stormmod/base.stormassets/assets/textures/ui-editoricon-dataeditor_commitxml.dds	3736bdbb49e54a3405a0ca9ddbd7ad9e	1152
mods/core.stormmod/base.stormassets/assets/textures/ui-editoricon-dataeditor_defaultvalues.dds	967d2a25a82c7061cdad41b60bc4d023	1152
mods/core.stormmod/base.stormassets/assets/textures/ui-editoricon-dataeditor_detailview.dds	1c455453ad745674e6d6f2ad258a7918	1152
mods/core.stormmod/base.stormassets/assets/textures/ui-editoricon-dataeditor_displayobjectsources.dds	bd5322d0ae34998373b7673f72166fd3	1152
mods/core.stormmod/base.stormassets/assets/textures/ui-editoricon-dataeditor_fieldtypenames.dds	91e43480fb7de7b3c81fc30abf9b447b	1152
mods/core.stormmod/base.stormassets/assets/textures/ui-editoricon-dataeditor_objectexplorer.dds	97d808fca0163580cde8c2009e48d7b8	1152
mods/core.stormmod/base.stormassets/assets/textures/ui-editoricon-dataeditor_syntaxhighlighting.dds	8b0755bfc976201b024ad5f450034c80	1152
mods/core.stormmod/base.stormassets/assets/textures/ui-editoricon-dataeditor_tableview.dds	7de8220a348b24bc171d82009c655404	1152
mods/core.stormmod/base.stormassets/assets/textures/ui-editoricon-dataeditor_viewastree.dds	11afb2ecd8c00a0cc1bbf3d3f422bf64	1152
mods/core.stormmod/base.stormassets/assets/textures/ui-editoricon-dataeditor_viewrawdata.dds	96c9e46308afdb4dc1939281bc416efc	1152
mods/core.stormmod/base.stormassets/assets/textures/ui-editoricon-dataeditor_xmlview.dds	e16ee95ad2725810f7ec446f54648bfd	1152
mods/core.stormmod/base.stormassets/assets/textures/ui-editoricon-general_ai.dds	e91d9cb239a4181d0b31782a75a039f5	1152
mods/core.stormmod/base.stormassets/assets/textures/ui-editoricon-general_campaigns.dds	dbfe16f0c38c162eb8542c19efe4b13f	1152
mods/core.stormmod/base.stormassets/assets/textures/ui-editoricon-general_copy.dds	468acc097951a4692c1785c85658c9b3	1152
mods/core.stormmod/base.stormassets/assets/textures/ui-editoricon-general_cut.dds	141eb5acaeb7ac307dca4ae9fd17fa1e	1152
mods/core.stormmod/base.stormassets/assets/textures/ui-editoricon-general_data.dds	1b70c1279baba0258d4242c414164fd7	1152
mods/core.stormmod/base.stormassets/assets/textures/ui-editoricon-general_import.dds	e3d32b9ef9f96af9152d1496c869e545	1152
mods/core.stormmod/base.stormassets/assets/textures/ui-editoricon-general_new.dds	cf497141a6fea9d937e85d50d96e16a8	1152
mods/core.stormmod/base.stormassets/assets/textures/ui-editoricon-general_open.dds	b9934b8f2de58a2905f6c847783b5271	1152
mods/core.stormmod/base.stormassets/assets/textures/ui-editoricon-general_overviewmanager.dds	a9dfc457b86f43cc1f008f5a99d08c3f	1152
mods/core.stormmod/base.stormassets/assets/textures/ui-editoricon-general_paste.dds	1890d9d385a0ed8b956e5611bc12eee5	1152
mods/core.stormmod/base.stormassets/assets/textures/ui-editoricon-general_redo.dds	6dc67a11dd26c6db35c7f152cde13490	1152
mods/core.stormmod/base.stormassets/assets/textures/ui-editoricon-general_save.dds	98c2c42a9808c000d9f8ae6695a9bf07	1152
mods/core.stormmod/base.stormassets/assets/textures/ui-editoricon-general_terrain.dds	c89f528775575d22d731cf5b49773553	1152
mods/core.stormmod/base.stormassets/assets/textures/ui-editoricon-general_testdoc.dds	35466cfd638d37e38842dbd76a811380	1152
mods/core.stormmod/base.stormassets/assets/textures/ui-editoricon-general_text.dds	454d33b92c2291a630de478f7ac4e2c8	1152
mods/core.stormmod/base.stormassets/assets/textures/ui-editoricon-general_triggers.dds	3a4a308a2f741d0b2686f9f464755f61	1152
mods/core.stormmod/base.stormassets/assets/textures/ui-editoricon-general_ui.dds	f579db65b313639fa6b044475af43450	1152
mods/core.stormmod/base.stormassets/assets/textures/ui-editoricon-general_undo.dds	df0fc8f9dcb1e30e1a280abe23ca76b7	1152
mods/core.stormmod/base.stormassets/assets/textures/ui-editoricon-overviewmanager_autorefresh.dds	577c7a6c5738b8869489fabf0c506c99	1152
mods/core.stormmod/base.stormassets/assets/textures/ui-editoricon-overviewmanager_refresh.dds	364c508fbc4bc66bf2bfc7fa3ce8a1af	1152
mods/core.stormmod/base.stormassets/assets/textures/ui-editoricon-previewer_curveeditor.dds	57bdef941d96303d7511ab433e5d9e44	1152
mods/core.stormmod/base.stormassets/assets/textures/ui-editoricon-previewer_delete.dds	3182d82d70eae06c3d69036b9a3b618a	1152
mods/core.stormmod/base.stormassets/assets/textures/ui-editoricon-previewer_importmapdata.dds	1c6a36142ac653c4ee306f25bf381a78	1152
mods/core.stormmod/base.stormassets/assets/textures/ui-editoricon-previewer_lower.dds	b1673028b2b20a492a290370301cc447	1152
mods/core.stormmod/base.stormassets/assets/textures/ui-editoricon-previewer_nogizmo.dds	a5234db2c79a9238316bd46968476407	1152
mods/core.stormmod/base.stormassets/assets/textures/ui-editoricon-previewer_pathmarkerbrush.dds	e2ebf4e7886bc1537c26fe7bfda4ead2	1152
mods/core.stormmod/base.stormassets/assets/textures/ui-editoricon-previewer_properties_attachments.dds	21545575ae1a1ebf537b1415f650ac15	384
mods/core.stormmod/base.stormassets/assets/textures/ui-editoricon-previewer_properties_bones.dds	07a5b3e4346c4a95add8c2fa9e94a9da	384
mods/core.stormmod/base.stormassets/assets/textures/ui-editoricon-previewer_properties_cameras.dds	62dafa3bc2bec271dceeee2230d73563	256
mods/core.stormmod/base.stormassets/assets/textures/ui-editoricon-previewer_properties_effects.dds	039a2ad981678914d7044aef456f688d	384
mods/core.stormmod/base.stormassets/assets/textures/ui-editoricon-previewer_properties_geometry.dds	8760b2c5618a6aba4362d76d2558f6b6	384
mods/core.stormmod/base.stormassets/assets/textures/ui-editoricon-previewer_properties_info.dds	949f4972d7df6465d6513a82c3e61539	384
mods/core.stormmod/base.stormassets/assets/textures/ui-editoricon-previewer_properties_lights.dds	ae09af085cfe11affd326483a7fce1c6	384
mods/core.stormmod/base.stormassets/assets/textures/ui-editoricon-previewer_properties_materials.dds	24b603e1f21e83e20630c7765c1399be	384
mods/core.stormmod/base.stormassets/assets/textures/ui-editoricon-previewer_properties_physics.dds	d788b53b13e46d00e2320c300086754a	384
mods/core.stormmod/base.stormassets/assets/textures/ui-editoricon-previewer_properties_sequences.dds	4a8f60cf5d7f54d75ffe2961a40df5e6	384
mods/core.stormmod/base.stormassets/assets/textures/ui-editoricon-previewer_properties_sets.dds	e13c3a71e19d792ef5fc25eff4baab3b	384
mods/core.stormmod/base.stormassets/assets/textures/ui-editoricon-previewer_raise.dds	2213acfe76b7e7eb3c31d44c802265fd	1152
mods/core.stormmod/base.stormassets/assets/textures/ui-editoricon-previewer_record.dds	da8fab1f6b9d603383e7cdda1c0cb0ac	1152
mods/core.stormmod/base.stormassets/assets/textures/ui-editoricon-previewer_reload.dds	485a11dd82774a802709856e50367875	1152
mods/core.stormmod/base.stormassets/assets/textures/ui-editoricon-previewer_rotateleft.dds	464dea5a765be094b55484f07ddcfdad	1152
mods/core.stormmod/base.stormassets/assets/textures/ui-editoricon-previewer_rotateright.dds	2468d96b56ef9b57885f787ac80520d7	1152
mods/core.stormmod/base.stormassets/assets/textures/ui-editoricon-previewer_rotationgizmo.dds	cad78273b3c76c5ed8faa477401c41e2	1152
mods/core.stormmod/base.stormassets/assets/textures/ui-editoricon-previewer_scalegizmo.dds	b1dba7fb358980cb369397deab40b7ba	1152
mods/core.stormmod/base.stormassets/assets/textures/ui-editoricon-previewer_selectionbrush.dds	26625d7c105afc8cb147f6f6a33f3632	1152
mods/core.stormmod/base.stormassets/assets/textures/ui-editoricon-previewer_timeline_back.dds	957765227a4c3d11799371a2731d1707	1152
mods/core.stormmod/base.stormassets/assets/textures/ui-editoricon-previewer_timeline_end.dds	4b26363f2c80e46d0518d2a9ab59d890	1152
mods/core.stormmod/base.stormassets/assets/textures/ui-editoricon-previewer_timeline_forward.dds	5654591c1920cd5c2eb5ea9f772a1900	1152
mods/core.stormmod/base.stormassets/assets/textures/ui-editoricon-previewer_timeline_infinite.dds	8e86fcce23ce379650dc73ef026908a0	1152
mods/core.stormmod/base.stormassets/assets/textures/ui-editoricon-previewer_timeline_pause.dds	7c0de41f48149e7691a2fce8c5476a75	1152
mods/core.stormmod/base.stormassets/assets/textures/ui-editoricon-previewer_timeline_play.dds	d840a214a76fae6c25f5817d862e8a1e	1152
mods/core.stormmod/base.stormassets/assets/textures/ui-editoricon-previewer_timeline_start.dds	891f06a6391f9b9429ebfa0d317433d6	1152
mods/core.stormmod/base.stormassets/assets/textures/ui-editoricon-previewer_timeline_zoomfit.dds	f841bcc53efe9de20eae825a06b5b352	1152
mods/core.stormmod/base.stormassets/assets/textures/ui-editoricon-previewer_translationgizmo.dds	096a4dbe72a089fc0a1e1d7ccc509b08	1152
mods/core.stormmod/base.stormassets/assets/textures/ui-editoricon-previewer_tree_actormessage.dds	853c1d67b1b0537e7764d605dafc7c82	256
mods/core.stormmod/base.stormassets/assets/textures/ui-editoricon-previewer_tree_animation.dds	eb0415fa3c9bf0788b792a61dabb6025	256
mods/core.stormmod/base.stormassets/assets/textures/ui-editoricon-previewer_tree_face.dds	1901211a40f5725ab7ae49bd94a422cf	256
mods/core.stormmod/base.stormassets/assets/textures/ui-editoricon-previewer_tree_model.dds	097b7034bcdc668a02bc055fda80cfd3	256
mods/core.stormmod/base.stormassets/assets/textures/ui-editoricon-previewer_tree_sound.dds	affc45e84ebd8d1199edb1a914cd0082	256
mods/core.stormmod/base.stormassets/assets/textures/ui-editoricon-previewer_zoomfit.dds	f9eb7eb7936a7127376d206066decaf9	1152
mods/core.stormmod/base.stormassets/assets/textures/ui-editoricon-previewer_zoomgamecam.dds	211ccc8920c51c5888681a314615d069	1152
mods/core.stormmod/base.stormassets/assets/textures/ui-editoricon-rails.dds	87d8478c73aaa480611d36bfbc8a8c4b	2176
mods/core.stormmod/base.stormassets/assets/textures/ui-editoricon-roads.dds	113886f2216ab6052180f56df19dc9b0	2176
mods/core.stormmod/base.stormassets/assets/textures/ui-editoricon-scripteditor_launchsc2.dds	9f61a732a1f7c9263c955cd7ba2ca80a	1152
mods/core.stormmod/base.stormassets/assets/textures/ui-editoricon-scripteditor_showerrors.dds	3f0c6c4f7ad5ed39a678b2e3cf0b0360	1152
mods/core.stormmod/base.stormassets/assets/textures/ui-editoricon-terraineditor_3dpoint.dds	7a39510ad2c7437c87bcf3db3ef12aa7	1152
mods/core.stormmod/base.stormassets/assets/textures/ui-editoricon-terraineditor_addtexture.dds	8333940353db722a1d63be2a41cde57b	1152
mods/core.stormmod/base.stormassets/assets/textures/ui-editoricon-terraineditor_blendtexture.dds	4082ed8419e318615fd0f1342af05bc2	640
mods/core.stormmod/base.stormassets/assets/textures/ui-editoricon-terraineditor_campaignunit.dds	35c792aac43a73a058e9f18f20f20113	1152
mods/core.stormmod/base.stormassets/assets/textures/ui-editoricon-terraineditor_cliffmanmade.dds	9ea274d86ebdb1a7e7eea6557f929b36	1152
mods/core.stormmod/base.stormassets/assets/textures/ui-editoricon-terraineditor_cliffnatural.dds	05c3dd52abed5a824f87a3515d463115	1152
mods/core.stormmod/base.stormassets/assets/textures/ui-editoricon-terraineditor_clifftemple.dds	e8fdb86f31483030b936109ebf59ad46	1152
mods/core.stormmod/base.stormassets/assets/textures/ui-editoricon-terraineditor_noflyzone.dds	3e0e5d5fc0ad3ad601117a3f8b19095f	1152
mods/core.stormmod/base.stormassets/assets/textures/ui-editoricon-terraineditor_pathingdense.dds	8e243413a8f97258359ad34d73b6e157	1152
mods/core.stormmod/base.stormassets/assets/textures/ui-editoricon-terraineditor_pathingdenseshown.dds	54a0acebb71ceddaf737ed3560c01f0c	1152
mods/core.stormmod/base.stormassets/assets/textures/ui-editoricon-terraineditor_pathingnotdense.dds	8e4f320729c52a8570ea8fef87b80ea8	1152
mods/core.stormmod/base.stormassets/assets/textures/ui-editoricon-terraineditor_replacetexture.dds	a69d51ce4495060826c12733e2c54ec7	1152
mods/core.stormmod/base.stormassets/assets/textures/ui-editoricon-terraineditor_uniformtexture.dds	48cec270832fd1de42017d1322827596	1152
mods/core.stormmod/base.stormassets/assets/textures/ui-editoricon-toolbar_export.dds	a1db05b361f2bc74d3ac29a0265fad46	1152
mods/core.stormmod/base.stormassets/assets/textures/ui-editoricon-toolbar_find.dds	e1ecdb54e4ba76433e10173566e093e5	1152
mods/core.stormmod/base.stormassets/assets/textures/ui-editoricon-toolbar_findnext.dds	05df4fe60e01718042cd18f7a8f8601d	1152
mods/core.stormmod/base.stormassets/assets/textures/ui-editoricon-toolbar_findprev.dds	246fab03ac60a9a8f962bc19b3674997	1152
mods/core.stormmod/base.stormassets/assets/textures/ui-editoricon-toolbar_findselection.dds	cf5e1d3b88d013115c2d872070b5b1c5	1152
mods/core.stormmod/base.stormassets/assets/textures/ui-editoricon-toolbar_goto.dds	afafeef2bce7ec96a2f208eb3fb45fd2	1152
mods/core.stormmod/base.stormassets/assets/textures/ui-editoricon-toolbar_replace.dds	f32bf20fba8b10c1cebfb3f800599432	1152
mods/core.stormmod/base.stormassets/assets/textures/ui-editoricon-triggercategories_action.dds	3cf7d48be54ceb72be028afa3bc0758a	384
mods/core.stormmod/base.stormassets/assets/textures/ui-editoricon-triggercategories_actiondefinition.dds	8f854d3294060f704163d0bb27e54e38	384
mods/core.stormmod/base.stormassets/assets/textures/ui-editoricon-triggercategories_actor.dds	097b7034bcdc668a02bc055fda80cfd3	256
mods/core.stormmod/base.stormassets/assets/textures/ui-editoricon-triggercategories_ai.dds	cfef61b2cb7b6f0512c3cd333e77afe7	256
mods/core.stormmod/base.stormassets/assets/textures/ui-editoricon-triggercategories_aiadvanced.dds	704f6d9ef5d3a69d8f0d44a776fc11d6	256
mods/core.stormmod/base.stormassets/assets/textures/ui-editoricon-triggercategories_animation.dds	84c190d707556812a594ac1ab99a9cca	256
mods/core.stormmod/base.stormassets/assets/textures/ui-editoricon-triggercategories_bank.dds	a5dbc3365ec717e60dab2a7c8e1ffdec	256
mods/core.stormmod/base.stormassets/assets/textures/ui-editoricon-triggercategories_cameras.dds	8baf889f3389f60aa08c635172d507f2	256
mods/core.stormmod/base.stormassets/assets/textures/ui-editoricon-triggercategories_campaign.dds	f48ac08221946db386b0e4c517da97eb	256
mods/core.stormmod/base.stormassets/assets/textures/ui-editoricon-triggercategories_catalog.dds	7c043e016f0782dc6826ffb6b5d31633	256
mods/core.stormmod/base.stormassets/assets/textures/ui-editoricon-triggercategories_cinematics.dds	707e5d5927b48372f5281b880bef5666	256
mods/core.stormmod/base.stormassets/assets/textures/ui-editoricon-triggercategories_comment.dds	137476185d62d398cb7e0dc574ade086	384
mods/core.stormmod/base.stormassets/assets/textures/ui-editoricon-triggercategories_condition.dds	9fd5c13fba551f08636708e48d923666	384
mods/core.stormmod/base.stormassets/assets/textures/ui-editoricon-triggercategories_conditiondefinition.dds	a25cc1b066a674307c70d4801276d758	384
mods/core.stormmod/base.stormassets/assets/textures/ui-editoricon-triggercategories_conversations.dds	a3b7be75ec37c66bd2d21e0a47a086b9	256
mods/core.stormmod/base.stormassets/assets/textures/ui-editoricon-triggercategories_conversion.dds	701829a0f55258bb8305658c0ae88711	256
mods/core.stormmod/base.stormassets/assets/textures/ui-editoricon-triggercategories_datatable.dds	a9a051c2a45c3a7a24c2ac151a4a6e0f	256
mods/core.stormmod/base.stormassets/assets/textures/ui-editoricon-triggercategories_debug.dds	38922796e48fd7ab99b2f660ae1dfb32	256
mods/core.stormmod/base.stormassets/assets/textures/ui-editoricon-triggercategories_dialog.dds	f1ff5ba911eb44e31132700899a4460a	256
mods/core.stormmod/base.stormassets/assets/textures/ui-editoricon-triggercategories_element.dds	c3b72c56824f59f53c765a3d1abcd921	384
mods/core.stormmod/base.stormassets/assets/textures/ui-editoricon-triggercategories_environment.dds	f4de4f00f6d79bf7bc8f0f14278c00db	256
mods/core.stormmod/base.stormassets/assets/textures/ui-editoricon-triggercategories_event.dds	2c1705ae17ff2d919ebd51d8db4d1dd7	384
mods/core.stormmod/base.stormassets/assets/textures/ui-editoricon-triggercategories_folder.dds	615f0d3f1bfaa695ebe6873d7b1c97d9	384
mods/core.stormmod/base.stormassets/assets/textures/ui-editoricon-triggercategories_folderopen.dds	623045ef4f5ec5246907f4f166619384	384
mods/core.stormmod/base.stormassets/assets/textures/ui-editoricon-triggercategories_function.dds	478ef8b359b1bab5b6504d2e7e341cfe	256
mods/core.stormmod/base.stormassets/assets/textures/ui-editoricon-triggercategories_game.dds	f0b211b3a40b92920d57b1642ec014ae	256
mods/core.stormmod/base.stormassets/assets/textures/ui-editoricon-triggercategories_general.dds	00172c14d5a6a2bb4ff372f10db817fc	256
mods/core.stormmod/base.stormassets/assets/textures/ui-editoricon-triggercategories_leaderboards.dds	b9f95781d2224875769486e317c61614	256
mods/core.stormmod/base.stormassets/assets/textures/ui-editoricon-triggercategories_localvariable.dds	8bd37c7b30d2ae57d662f915f4df1c6c	384
mods/core.stormmod/base.stormassets/assets/textures/ui-editoricon-triggercategories_logic.dds	edb17159c2757b5854879dd5255f21f5	256
mods/core.stormmod/base.stormassets/assets/textures/ui-editoricon-triggercategories_math.dds	5add9c4a2ba3faea31be89c0495cfef7	256
mods/core.stormmod/base.stormassets/assets/textures/ui-editoricon-triggercategories_melee.dds	c0aeb3d2eff642c9967efb601b50733f	256
mods/core.stormmod/base.stormassets/assets/textures/ui-editoricon-triggercategories_minimap.dds	911a36d38dcbe70698480018a8974599	256
mods/core.stormmod/base.stormassets/assets/textures/ui-editoricon-triggercategories_objective.dds	3233bf324379359a0bee70df2949a7d6	256
mods/core.stormmod/base.stormassets/assets/textures/ui-editoricon-triggercategories_operator.dds	1d4eb50338fbce90656ab58747012fb0	256
mods/core.stormmod/base.stormassets/assets/textures/ui-editoricon-triggercategories_orders.dds	f8a7ed1051b1a58dec7fb4ad45ebd25e	256
mods/core.stormmod/base.stormassets/assets/textures/ui-editoricon-triggercategories_parameter.dds	1c86ab10b05df4c2c92139cbff4c4297	256
mods/core.stormmod/base.stormassets/assets/textures/ui-editoricon-triggercategories_ping.dds	3f0449854d4d3a8c047d8d8931c7cc39	256
mods/core.stormmod/base.stormassets/assets/textures/ui-editoricon-triggercategories_player.dds	b21dde74aab8aed832a39f32bc94619e	256
mods/core.stormmod/base.stormassets/assets/textures/ui-editoricon-triggercategories_playergroup.dds	dec396fb124c3fde82d6ee2a1928d776	256
mods/core.stormmod/base.stormassets/assets/textures/ui-editoricon-triggercategories_point.dds	2fe6af7f7870164161f6fb7c26d9d880	256
mods/core.stormmod/base.stormassets/assets/textures/ui-editoricon-triggercategories_portrait.dds	5276d771d9d5ad5dffaa48105a242634	256
mods/core.stormmod/base.stormassets/assets/textures/ui-editoricon-triggercategories_preset.dds	ec9366dba422cc22ab8f5d68c8949a31	256
mods/core.stormmod/base.stormassets/assets/textures/ui-editoricon-triggercategories_record.dds	edc1214ef1472958a138615394259656	256
mods/core.stormmod/base.stormassets/assets/textures/ui-editoricon-triggercategories_region.dds	26d72286f5f0a8e6aa329c2cdf172190	256
mods/core.stormmod/base.stormassets/assets/textures/ui-editoricon-triggercategories_selection.dds	9c82721c2c51ea000a499808db70259a	256
mods/core.stormmod/base.stormassets/assets/textures/ui-editoricon-triggercategories_sound.dds	92efccee4dd3bd7463f1175da5a08f2c	256
mods/core.stormmod/base.stormassets/assets/textures/ui-editoricon-triggercategories_sounds.dds	5d53807992b3de5c68b23c3ba458fbfd	256
mods/core.stormmod/base.stormassets/assets/textures/ui-editoricon-triggercategories_starmap.dds	4482ad10aa2078eee4a849ac727850f0	256
mods/core.stormmod/base.stormassets/assets/textures/ui-editoricon-triggercategories_story.dds	0258ae192881d3fe89d15cb968da44ee	256
mods/core.stormmod/base.stormassets/assets/textures/ui-editoricon-triggercategories_strings.dds	7e38050dd142a54bc87c05c6922a26ef	256
mods/core.stormmod/base.stormassets/assets/textures/ui-editoricon-triggercategories_tbd.dds	6ba3f528aae89fefa59a9ccb6f88fb55	256
mods/core.stormmod/base.stormassets/assets/textures/ui-editoricon-triggercategories_techpurchase.dds	b1e0c9a6fe43fe60ca9afe10b3d3cd47	256
mods/core.stormmod/base.stormassets/assets/textures/ui-editoricon-triggercategories_techtree.dds	43b13ace10d27551fefbdaeac9e199f1	256
mods/core.stormmod/base.stormassets/assets/textures/ui-editoricon-triggercategories_texttag.dds	e8c4a34f8f340ab49d7f5ca2171463bb	256
mods/core.stormmod/base.stormassets/assets/textures/ui-editoricon-triggercategories_timer.dds	22cf374299a12cb0f026eac5beb39f83	256
mods/core.stormmod/base.stormassets/assets/textures/ui-editoricon-triggercategories_transmission.dds	016a48a8eb1cc400ddba606208fc306a	256
mods/core.stormmod/base.stormassets/assets/textures/ui-editoricon-triggercategories_triggers.dds	8bf1828b75df68f8f85d786cbf71ce43	256
mods/core.stormmod/base.stormassets/assets/textures/ui-editoricon-triggercategories_ui.dds	15b73f0712ce25810e4a5caa2fdc9973	256
mods/core.stormmod/base.stormassets/assets/textures/ui-editoricon-triggercategories_unit.dds	860d4df451f511751637e5ac04a057f1	256
mods/core.stormmod/base.stormassets/assets/textures/ui-editoricon-triggercategories_unitfilter.dds	1a0b302cb679ad0faa4c5e26e9f27793	256
mods/core.stormmod/base.stormassets/assets/textures/ui-editoricon-triggercategories_unitgroup.dds	49da26928fad6019734442fa7648f34f	256
mods/core.stormmod/base.stormassets/assets/textures/ui-editoricon-triggercategories_variable.dds	998fe3cab366ab58876ad9cd0bcb4f24	256
mods/core.stormmod/base.stormassets/assets/textures/ui-editoricon-triggercategories_visibility.dds	f1853eeba83d81e3360f0c891528c0d8	256
mods/core.stormmod/base.stormassets/assets/textures/ui-editoricon-triggereditor_compile.dds	8463ed385260673f2b08cbc24173d2b0	1152
mods/core.stormmod/base.stormassets/assets/textures/ui-editoricon-triggereditor_newaction.dds	b82250140e813a5dadcae609e669f763	1152
mods/core.stormmod/base.stormassets/assets/textures/ui-editoricon-triggereditor_newactiondefinition.dds	80cfe311a4a4734ed035569df6458520	1152
mods/core.stormmod/base.stormassets/assets/textures/ui-editoricon-triggereditor_newcomment.dds	897e4a34e28216902faf51b9b2ecef47	1152
mods/core.stormmod/base.stormassets/assets/textures/ui-editoricon-triggereditor_newcondition.dds	9e86a9769624c6dba8268979c50161a7	1152
mods/core.stormmod/base.stormassets/assets/textures/ui-editoricon-triggereditor_newconditiondefinition.dds	3aebfd52aebd270de9056c404caad519	1152
mods/core.stormmod/base.stormassets/assets/textures/ui-editoricon-triggereditor_newelement.dds	58b7810619bfb3eae772c2566357ef52	1152
mods/core.stormmod/base.stormassets/assets/textures/ui-editoricon-triggereditor_newevent.dds	b8409d7a7622c598c15f1de8244117cc	1152
mods/core.stormmod/base.stormassets/assets/textures/ui-editoricon-triggereditor_newfolder.dds	54e07f238bd712004fcf088191ba307c	1152
mods/core.stormmod/base.stormassets/assets/textures/ui-editoricon-triggereditor_newfunction.dds	bf8212d0475268eb62e7b8db1859498d	1152
mods/core.stormmod/base.stormassets/assets/textures/ui-editoricon-triggereditor_newparameter.dds	6b678ca3b728768bd160a9e3850136b1	1152
mods/core.stormmod/base.stormassets/assets/textures/ui-editoricon-triggereditor_newpresettype.dds	70f0e01c5fc7a1ed782e7eff75f2d30e	1152
mods/core.stormmod/base.stormassets/assets/textures/ui-editoricon-triggereditor_newpresetvalue.dds	b9103d599358c6ebfddfacae1cbed9b2	1152
mods/core.stormmod/base.stormassets/assets/textures/ui-editoricon-triggereditor_newrecord.dds	a9a28301413c302f805d58c4f6565e35	1152
mods/core.stormmod/base.stormassets/assets/textures/ui-editoricon-triggereditor_newsubfunctiontype.dds	68b9df36b614ce6ef4fe46ae5196275a	1152
mods/core.stormmod/base.stormassets/assets/textures/ui-editoricon-triggereditor_newtrigger.dds	899fbe87f7f427fd5f93828366b7d3dd	1152
mods/core.stormmod/base.stormassets/assets/textures/ui-editoricon-triggereditor_newvariable.dds	e0ca2cdd2cd3e98e02832aec3285f91f	1152
mods/core.stormmod/base.stormassets/assets/textures/ui-editoricon-triggereditor_showlibraries.dds	33bdd72d923c2bc3ab324dd52103e287	1152
mods/core.stormmod/base.stormassets/assets/textures/ui-editoricon-triggereditor_usesubviews.dds	8ee5f4ff10c99f8ece571417c46ac89c	1152
mods/core.stormmod/base.stormassets/assets/textures/ui-editoricon-triggereditor_viewscript.dds	4f8b88f3c540f7a7c139e3af66970b07	1152
mods/core.stormmod/base.stormassets/assets/textures/ui-editoricons-layers_cameras.dds	9d3443e850ee139e3ea12fcf0629b4e8	1152
mods/core.stormmod/base.stormassets/assets/textures/ui-editoricons-layers_doodads.dds	e7da30712d9e2090c8fb43746bfe35e1	1152
mods/core.stormmod/base.stormassets/assets/textures/ui-editoricons-layers_pathing.dds	178ef0cf438b8bd1455612e63e2ca651	1152
mods/core.stormmod/base.stormassets/assets/textures/ui-editoricons-layers_points.dds	32ce87b2d7d0b53e7b5eb9b3db0de63c	1152
mods/core.stormmod/base.stormassets/assets/textures/ui-editoricons-layers_regions.dds	f83f059fc78be1df350410518de32270	1152
mods/core.stormmod/base.stormassets/assets/textures/ui-editoricons-layers_terrain.dds	ba7dc79f58d66fa187b00cdd48f3ed7b	1152
mods/core.stormmod/base.stormassets/assets/textures/ui-editoricons-layers_units.dds	054e643d46bc9a6713ca0f9ad9f68c59	1152
mods/core.stormmod/base.stormassets/assets/textures/ui_arrow1.dds	8d4bc65ca06dfb07b755642e2ab66ec9	43856
mods/core.stormmod/base.stormassets/assets/textures/ui_arrow1.lvl0	77b642597781bd11426e8cab8aa0b50e	2896
mods/core.stormmod/base.stormassets/assets/textures/ui_arrow1tc.dds	0bf6e34eadf83e90658ab0fe799b1097	43856
mods/core.stormmod/base.stormassets/assets/textures/ui_arrow1tc.lvl0	2a1d821b7dcb5a2f1882ae6d8cae1812	2896
mods/core.stormmod/base.stormassets/assets/textures/ui_arrow2purple.dds	2cf330bda355bda317dfa315c1d8c7cb	11064
mods/core.stormmod/base.stormassets/assets/textures/ui_arrow2purple.lvl0	88db80edd312706984fb71f312dde551	824
mods/core.stormmod/base.stormassets/assets/textures/ui_arrowgreen.dds	79e695afc9f49ed59a0bbf7cedff2482	11064
mods/core.stormmod/base.stormassets/assets/textures/ui_arrowgreen.lvl0	9a2e532fe2dc9f11fac428c311bcf2c7	824
mods/core.stormmod/base.stormassets/assets/textures/ui_arroworange.dds	aaa76fc9816aefab31c30515a39c260d	11064
mods/core.stormmod/base.stormassets/assets/textures/ui_arroworange.lvl0	70c9ce2ece9a5d8800058c2d0b7ad21a	824
mods/core.stormmod/base.stormassets/assets/textures/ui_arrowred.dds	b2999db2513f4999560084b9abd92a4c	11064
mods/core.stormmod/base.stormassets/assets/textures/ui_arrowred.lvl0	e30560922aa0d120bdd8680f25f702b0	824
mods/core.stormmod/base.stormassets/assets/textures/ui_arrowwhite.dds	cebeb27a083b3c6ce785c39a439b92bf	11064
mods/core.stormmod/base.stormassets/assets/textures/ui_arrowwhite.lvl0	00364dacf01e77a3c6009a28c72ea23b	2872
mods/core.stormmod/base.stormassets/assets/textures/ui_btn_generic_exclemation_red.dds	89287fef0e2a9498fe7d5fc7ecce7b54	23232
mods/core.stormmod/base.stormassets/assets/textures/ui_editor_box.dds	097db2000fae58d69447c4913222199b	1152
mods/core.stormmod/base.stormassets/assets/textures/ui_editor_icon_alignbottom.dds	a299651e29242f94f0418a809059adaf	3200
mods/core.stormmod/base.stormassets/assets/textures/ui_editor_icon_alignheight.dds	923a5aa71ea0c0a8415cbe04c5805f64	3200
mods/core.stormmod/base.stormassets/assets/textures/ui_editor_icon_alignleft.dds	0a23ea9f90114021dd9bcd9eaa89c9fb	3200
mods/core.stormmod/base.stormassets/assets/textures/ui_editor_icon_alignright.dds	1456973e13bf8a6e5eec8c6a1ce21077	3200
mods/core.stormmod/base.stormassets/assets/textures/ui_editor_icon_aligntop.dds	b254d89be660194e559e80c3bdba1a25	3200
mods/core.stormmod/base.stormassets/assets/textures/ui_editor_icon_alignwidth.dds	bb83f5e0d0602fad2722791b0ab13c3e	3200
mods/core.stormmod/base.stormassets/assets/textures/ui_editor_icon_collapsebottom.dds	fabe49661b6744c03c9b0186515bd50b	3200
mods/core.stormmod/base.stormassets/assets/textures/ui_editor_icon_collapseleft.dds	0708bdc3fe1c334c5dfe8a6a2d99a1e0	3200
mods/core.stormmod/base.stormassets/assets/textures/ui_editor_icon_collapseright.dds	86b79f2dad044beb8dbf5825880fbc3b	3200
mods/core.stormmod/base.stormassets/assets/textures/ui_editor_icon_collapsetop.dds	e9eb23dcc5ffac66e817f4446f22e3f0	3200
mods/core.stormmod/base.stormassets/assets/textures/ui_editor_icon_frameadd.dds	d2fe5038f815f9d7062c3151fa75ac5f	3200
mods/core.stormmod/base.stormassets/assets/textures/ui_editor_icon_frameedit.dds	6d1653772df7d019fd8f8b0d7f6be927	3200
mods/core.stormmod/base.stormassets/assets/textures/ui_editor_icon_frameremove.dds	55b89c3ec37a16180f89a444bbe58cea	3200
mods/core.stormmod/base.stormassets/assets/textures/ui_editor_icon_framereset.dds	20d70e5a63354eaa243d4aa3a041fb9b	3200
mods/core.stormmod/base.stormassets/assets/textures/ui_editor_icon_saveall.dds	369e884125cb46f1819b24dafac92e5f	3200
mods/core.stormmod/base.stormassets/assets/textures/ui_editor_icon_saveselected.dds	aa1a1cbd1397a5ac85acd91437ea62ed	3200
mods/core.stormmod/base.stormassets/assets/textures/ui_editor_icon_togglegrid.dds	81f89e50e4ca1ad18ef7685499bac7d2	3200
mods/core.stormmod/base.stormassets/assets/textures/ui_editor_icon_togglesnaptogrid.dds	42f7c241c9996164ebc7701eff455801	3200
mods/core.stormmod/base.stormassets/assets/textures/ui_editor_lookup_button.dds	95c6b0401f5d369d12f658743a0f0329	1152
mods/core.stormmod/base.stormassets/assets/textures/ui_glues_background_alphamask.dds	c077cd0e19caaa5d92fda3de394d4d0f	10368
mods/core.stormmod/base.stormassets/assets/textures/ui_glues_background_edges_vigniette.dds	b90bf2df311f67ae202354fe2ee86ed0	384
mods/core.stormmod/base.stormassets/assets/textures/ui_glues_loadingscreen_loadbar.dds	1bc4cee917347127f015431de67a726e	3456
mods/core.stormmod/base.stormassets/assets/textures/ui_glues_loadingscreen_loadbar_frame.dds	0bf44581ff1829e940b8a18dfc7c6934	808
mods/core.stormmod/base.stormassets/assets/textures/ui_grad1.dds	20e87566852dcbfaaa1eb766a82af311	22032
mods/core.stormmod/base.stormassets/assets/textures/ui_grad1.lvl0	3ed3404aecb156d4ac70bd49cc24d274	528
mods/core.stormmod/base.stormassets/assets/textures/ui_healthbar_bar_01.dds	5f217e92a9a3bb50cecb4c437d561b7c	480
mods/core.stormmod/base.stormassets/assets/textures/ui_icon_attention.dds	e47b8cbd44037b8d6d44425e83234414	65664
mods/core.stormmod/base.stormassets/assets/textures/ui_ime_frame_normal.dds	eb83f31d92de7f886ef1f87f8b04eeb3	4736
mods/core.stormmod/base.stormassets/assets/textures/ui_ime_frame_selected.dds	28e888c325c6205fc59421b1096a964d	4736
mods/core.stormmod/base.stormassets/assets/textures/ui_ingame_blackmask.dds	1da2dac49b793bf029cef9d2980634e0	4224
mods/core.stormmod/base.stormassets/assets/textures/ui_ingame_bulletpoint_blue.dds	4e1e530532a1f7c605b48ba4a7a9570e	1028
mods/core.stormmod/base.stormassets/assets/textures/ui_ingame_bulletpoint_green.dds	c87dc2964796b2159acfe3a8e3a309e7	1028
mods/core.stormmod/base.stormassets/assets/textures/ui_ingame_bulletpoint_orange.dds	0fdedb598d0432aa5148f6af2898daa5	1028
mods/core.stormmod/base.stormassets/assets/textures/ui_ingame_challenge_box.dds	f484b3e6486e30e34c6ae0a26ba097c4	86656
mods/core.stormmod/base.stormassets/assets/textures/ui_ingame_challenge_contentdevider.dds	dc3a91c4137eedc5b10f50570a5a36cf	32768
mods/core.stormmod/base.stormassets/assets/textures/ui_ingame_challenge_contentdevider_protoss.dds	7568ba60e7de7a255b7855881bb7c19b	32768
mods/core.stormmod/base.stormassets/assets/textures/ui_ingame_challenge_contentdevider_zerg.dds	923c82fcdf27ff1756c835fb608c03d2	32768
mods/core.stormmod/base.stormassets/assets/textures/ui_ingame_challenge_glow4text.dds	f47a85501c4d7ddd9fe55e168420472c	145640
mods/core.stormmod/base.stormassets/assets/textures/ui_ingame_challenge_redbox.dds	60a23241e9ce77d7d63e7b9217d5e386	86656
mods/core.stormmod/base.stormassets/assets/textures/ui_ingame_errormask.dds	dcc41a76fce9dab3a484914bf56ce3e5	233328
mods/core.stormmod/base.stormassets/assets/textures/ui_ingame_objectivesmask.dds	db46ad08fc267366a0b4c150755115aa	1300128
mods/core.stormmod/base.stormassets/assets/textures/ui_ingame_objectivesmasktwohero.dds	998bad78cea79b6d4c436c9a65b245d9	1300128
mods/core.stormmod/base.stormassets/assets/textures/ui_ingame_observer_deselect.dds	586218d1143e209bfd09884c00382ca5	20864
mods/core.stormmod/base.stormassets/assets/textures/ui_ingame_observershortcuts_divider.dds	483d31d18f7d01ee5b36ceed00f29201	4224
mods/core.stormmod/base.stormassets/assets/textures/ui_ingame_observershortcuts_frame.dds	57883b5c80c1dade43eb844c2b5ad98a	139328
mods/core.stormmod/base.stormassets/assets/textures/ui_ingame_playervision_colorbg.dds	997c40369309ec64bd6daeae0d429fc3	108240
mods/core.stormmod/base.stormassets/assets/textures/ui_ingame_playervision_darkenbg.dds	79b232dfe2b722b4469647f0797434b1	238720
mods/core.stormmod/base.stormassets/assets/textures/ui_ingame_playervision_frame.dds	fa99d6fd50d3906ea8e03e7aa1ca2bb8	108240
mods/core.stormmod/base.stormassets/assets/textures/ui_ingame_replay_selectionframe.dds	8cc7723565c232675c82414417530503	524416
mods/core.stormmod/base.stormassets/assets/textures/ui_ingame_tipsbutton_glow.dds	5219478ff5262c664ddd3059db5d049a	57728
mods/core.stormmod/base.stormassets/assets/textures/ui_logo_havok.dds	a81b441c1368df97440d083e3301ee89	23360
mods/core.stormmod/base.stormassets/assets/textures/ui_logo_scaleform.dds	79a2b5706410757da21fa471cdbaeecc	20528
mods/core.stormmod/base.stormassets/assets/textures/ui_minimap_icon_aicommunication_assault.dds	be4ed1a43cbe237e3a6f00cae88d76ef	1152
mods/core.stormmod/base.stormassets/assets/textures/ui_minimap_icon_aicommunication_autoai.dds	fbe9be2b79b5769d845432e3dd8be125	1152
mods/core.stormmod/base.stormassets/assets/textures/ui_minimap_icon_aicommunication_claim.dds	56077e5a2ec0c347287531ced88a5752	912
mods/core.stormmod/base.stormassets/assets/textures/ui_minimap_icon_aicommunication_customability.dds	55435584ac322b00e85606a4635eb76b	912
mods/core.stormmod/base.stormassets/assets/textures/ui_minimap_icon_aicommunication_defend.dds	72600127a51ac6586140577c687c6815	1152
mods/core.stormmod/base.stormassets/assets/textures/ui_minimap_icon_aicommunication_detect.dds	b305d783fb1d5568921b759a3b5c73c0	912
mods/core.stormmod/base.stormassets/assets/textures/ui_minimap_icon_aicommunication_expand.dds	f0d91678f1d823637bbe4a13276aa17f	912
mods/core.stormmod/base.stormassets/assets/textures/ui_minimap_icon_aicommunication_harass.dds	819bc3b7129c477013fa3f9c7db19919	1152
mods/core.stormmod/base.stormassets/assets/textures/ui_minimap_icon_aicommunication_idle.dds	a2c88713058f747f391dca6ec2b8cd45	1152
mods/core.stormmod/base.stormassets/assets/textures/ui_minimap_icon_aicommunication_rally.dds	e394bab52cea68dd574ada03c332006d	912
mods/core.stormmod/base.stormassets/assets/textures/ui_minimap_icon_aicommunication_scout.dds	7fb3a240dc99f81cd74bc6a7d9ecf5bf	912
mods/core.stormmod/base.stormassets/assets/textures/ui_minimap_icon_destructablerocks.dds	23da072cf9d64e6356ae342ab4223893	1152
mods/core.stormmod/base.stormassets/assets/textures/ui_minimap_icon_xelnagawatchtower.dds	d6e110254a3955905c7a7727fd4fb4ef	1152
mods/core.stormmod/base.stormassets/assets/textures/ui_observer_custom_button_container.dds	02b5fcd2aaffaf98a6ab3d8868a6f052	102120
mods/core.stormmod/base.stormassets/assets/textures/ui_observer_custom_chart_header.dds	683df0b43b0a3eb911f288239add2e75	58444
mods/core.stormmod/base.stormassets/assets/textures/ui_observer_custom_chart_value.dds	b08372d5c712b8ab629e71243f6ba59c	82344
mods/core.stormmod/base.stormassets/assets/textures/ui_observer_custom_chart_value_bg.dds	b6b61f4bb773c8ff92c39e75655c79e7	62568
mods/core.stormmod/base.stormassets/assets/textures/ui_observer_custom_header_bg_l.dds	a908136e4729b09e0b8f983762bf5500	32896
mods/core.stormmod/base.stormassets/assets/textures/ui_observer_custom_header_bg_r.dds	5a7ed0b1884cd88a218138c7a9e59773	32896
mods/core.stormmod/base.stormassets/assets/textures/ui_observer_custom_header_l.dds	62fa42ba3e7c5100929650462c85a3bd	790344
mods/core.stormmod/base.stormassets/assets/textures/ui_observer_custom_header_r.dds	0d6bb8806f5299aab74533eaf243cfdc	790344
mods/core.stormmod/base.stormassets/assets/textures/ui_observer_custom_icon_protoss.dds	c68e59093e789f7535ca164bd3382140	15968
mods/core.stormmod/base.stormassets/assets/textures/ui_observer_custom_icon_terran.dds	29b1c0c5d91aaaed497532425fe4854c	15968
mods/core.stormmod/base.stormassets/assets/textures/ui_observer_custom_icon_zerg.dds	6b37d6d284160d1ba20a51d8161899b8	15968
mods/core.stormmod/base.stormassets/assets/textures/ui_observer_custom_item_bg.dds	8dd6742e5f24540b88e844fd5933e8a8	29028
mods/core.stormmod/base.stormassets/assets/textures/ui_observer_custom_item_container.dds	9b069394613017c96a26bc998ed670a5	380144
mods/core.stormmod/base.stormassets/assets/textures/ui_observer_custom_item_meter.dds	2dd92b0f567c321e2fdcf1ca6d7e2613	16228
mods/core.stormmod/base.stormassets/assets/textures/ui_observer_custom_item_meter_fill.dds	a7e6cf5e86fd9e553be291038f7cff44	480
mods/core.stormmod/base.stormassets/assets/textures/ui_observer_custom_item_small_meter.dds	af533e9d618a4657db84eaed59fd7f23	2768
mods/core.stormmod/base.stormassets/assets/textures/ui_observer_custom_item_small_meter_fill.dds	2cfb68cb0219422bac8737ded61b44a8	228
mods/core.stormmod/base.stormassets/assets/textures/ui_observer_custom_map_container.dds	a2133d28377e30dbb992d661ee4bf5cd	704048
mods/core.stormmod/base.stormassets/assets/textures/ui_observer_custom_vs.dds	e5226e088a0f4593cb988e3b5bdb9b22	119324
mods/core.stormmod/base.stormassets/assets/textures/ui_observer_custom_win_empty_l.dds	cde78f916e80514416c59c10dfbc83fc	4224
mods/core.stormmod/base.stormassets/assets/textures/ui_observer_custom_win_empty_r.dds	b65b5ed0130898e082d019ef9a63f19c	4224
mods/core.stormmod/base.stormassets/assets/textures/ui_observer_custom_win_fill_l.dds	e1e2c4ec1c50370aff6a09a61e11b872	9644
mods/core.stormmod/base.stormassets/assets/textures/ui_observer_custom_win_fill_r.dds	ccaf35f61d800cd0235b29ed52bea94b	9644
mods/core.stormmod/base.stormassets/assets/textures/ui_observer_custom_win_overlay_l.dds	599dc34bc3b2079f25417c2ec814dd8e	4224
mods/core.stormmod/base.stormassets/assets/textures/ui_observer_custom_win_overlay_r.dds	8409b4d6056521c5723632a0aa9e5468	4224
mods/core.stormmod/base.stormassets/assets/textures/ui_replay_bar_normaloverpressedovertoggledover.dds	cdf89bf1f81f415ca4e3da04ce1c00fb	31340
mods/core.stormmod/base.stormassets/assets/textures/ui_replay_bar_normalpressedtoggled.dds	57c5de019a0d4125e7e3e536f9ced216	31340
mods/core.stormmod/base.stormassets/assets/textures/ui_replay_beginning_normaloverpressedovertoggledover.dds	4376c988c87e8c7cd28496a58d3d557e	31340
mods/core.stormmod/base.stormassets/assets/textures/ui_replay_beginning_normalpressedtoggled.dds	cd3ea98fa2e40908eae84da851e637e3	31340
mods/core.stormmod/base.stormassets/assets/textures/ui_replay_end_normaloverpressedovertoggledover.dds	3f72e2d028321128055030bb44a99359	31340
mods/core.stormmod/base.stormassets/assets/textures/ui_replay_end_normalpressedtoggled.dds	94cbefd6907e92dd4921b0037c29c00b	31340
mods/core.stormmod/base.stormassets/assets/textures/ui_replay_faster_normaloverpressedovertoggledover.dds	679bcd75e70c113f261e4eaef6bacd76	31340
mods/core.stormmod/base.stormassets/assets/textures/ui_replay_faster_normalpressedtoggled.dds	cc71276f95d1453d490fdaa285e125b3	31340
mods/core.stormmod/base.stormassets/assets/textures/ui_replay_frame_detail_protoss.dds	b84c1822c4a6c499c7fe10b703314573	1120128
mods/core.stormmod/base.stormassets/assets/textures/ui_replay_frame_detail_terran.dds	44064aa6c09894b5907ad8f56433f6aa	1120128
mods/core.stormmod/base.stormassets/assets/textures/ui_replay_frame_detail_zerg.dds	8bea4d50d50c1179822c48b33dda3a59	1120128
mods/core.stormmod/base.stormassets/assets/textures/ui_replay_frame_mapcontainer_protoss.dds	3ebce2d392b8c027d83a321d8c2c46a0	264128
mods/core.stormmod/base.stormassets/assets/textures/ui_replay_frame_mapcontainer_terran.dds	6aae970a5b517c24689ff4b65dfdfef7	264128
mods/core.stormmod/base.stormassets/assets/textures/ui_replay_frame_mapcontainer_zerg.dds	a97a5d0d002739b3acea446be7312c1f	264128
mods/core.stormmod/base.stormassets/assets/textures/ui_replay_frame_top_protoss.dds	e61e10e92b815c7a63cf6470ee589742	464128
mods/core.stormmod/base.stormassets/assets/textures/ui_replay_frame_top_terran.dds	e13b810b33c0f432310ba7dc01acf5ea	464128
mods/core.stormmod/base.stormassets/assets/textures/ui_replay_frame_top_zerg.dds	4b5d09ed10fd8e47f1ee6087eca39f1b	464128
mods/core.stormmod/base.stormassets/assets/textures/ui_replay_hidetimeline_normaloverpressedovertoggledover.dds	f64d4adc283413b38e33b21d339aca8d	31340
mods/core.stormmod/base.stormassets/assets/textures/ui_replay_hidetimeline_normalpressedtoggled.dds	e315ecb80e5e8fe45b988d2b57747cf1	31340
mods/core.stormmod/base.stormassets/assets/textures/ui_replay_icon_campaign.dds	6c0339b93b6b9213502a51b1400befe8	4224
mods/core.stormmod/base.stormassets/assets/textures/ui_replay_icon_campaign_challenge.dds	bed862c8c4e47eac15ffbfb6ad3e2b44	4224
mods/core.stormmod/base.stormassets/assets/textures/ui_replay_icon_campaign_vsai.dds	5b122dfd90a1a6bca6d5170a67f71574	4224
mods/core.stormmod/base.stormassets/assets/textures/ui_replay_icon_campaign_wol.dds	7753f48f8092e7c798b5febd7ff99f1e	4224
mods/core.stormmod/base.stormassets/assets/textures/ui_replay_icon_challenge.dds	d8ae0824fafa17090e7ab65cd53a0178	4224
mods/core.stormmod/base.stormassets/assets/textures/ui_replay_icon_custom.dds	c2b3249139887d94452db4b47ec0fb61	4224
mods/core.stormmod/base.stormassets/assets/textures/ui_replay_icon_folder.dds	d1dd62c0f0f6f76fdc19c8c92455d4c5	4224
mods/core.stormmod/base.stormassets/assets/textures/ui_replay_icon_multiplayer.dds	9c66da0d39c91f15aabcff2200bd304f	4224
mods/core.stormmod/base.stormassets/assets/textures/ui_replay_icon_notsaved.dds	543d421524d56a228e2ec5b7a5fe030b	4224
mods/core.stormmod/base.stormassets/assets/textures/ui_replay_icon_vsai.dds	bc1dbbb88a9866730dadc7404a5f50ae	4224
mods/core.stormmod/base.stormassets/assets/textures/ui_replay_pause_normaloverpressedovertoggledover.dds	8b660a8a94688b224902b42548a8e6a6	31340
mods/core.stormmod/base.stormassets/assets/textures/ui_replay_pause_normalpressedtoggled.dds	3dafe0179296d09ad70ac9ced0c6ac79	31340
mods/core.stormmod/base.stormassets/assets/textures/ui_replay_play_normaloverpressedovertoggledover.dds	cd4b23554c8f13919f0d25266e1d5926	31340
mods/core.stormmod/base.stormassets/assets/textures/ui_replay_play_normalpressedtoggled.dds	34a11924b961baad5d092ed24d499e98	31340
mods/core.stormmod/base.stormassets/assets/textures/ui_replay_resume_normaloverpressedovertoggledover.dds	7ee5d82120daf66f319e08ac1de0da9a	31340
mods/core.stormmod/base.stormassets/assets/textures/ui_replay_resume_normalpressedtoggled.dds	c5aa7b79486d51f1aee507548f90514a	31340
mods/core.stormmod/base.stormassets/assets/textures/ui_replay_showcamerabutton_normaloverpressedovertoggledover.dds	1be85b3be08663b9118e63d92ad18b04	31340
mods/core.stormmod/base.stormassets/assets/textures/ui_replay_showcamerabutton_normalpressedtoggled.dds	2005ff6ee43c2a03274d70a60bdf8d88	31340
mods/core.stormmod/base.stormassets/assets/textures/ui_replay_showtimeline_normaloverpressedovertoggledover.dds	530a252743f6d10380ec7710a0b8be97	31340
mods/core.stormmod/base.stormassets/assets/textures/ui_replay_showtimeline_normalpressedtoggled.dds	5360fa93855b2d1291f10fa3e6738ec0	31340
mods/core.stormmod/base.stormassets/assets/textures/ui_replay_sliderhandlebutton_normaloverpressedover.dds	a448b29f19d211b3ec113ffca26a9dfb	6176
mods/core.stormmod/base.stormassets/assets/textures/ui_replay_sliderhandlebutton_normalpressed.dds	64556efccb61f5fd29ac15fd53a1527a	6176
mods/core.stormmod/base.stormassets/assets/textures/ui_replay_slow_normaloverpressedovertoggledover.dds	74a325f7068d6e63ac313f7f09c02cc0	31340
mods/core.stormmod/base.stormassets/assets/textures/ui_replay_slow_normalpressedtoggled.dds	16312aa9345fe0691c5be24a0fd89f76	31340
mods/core.stormmod/base.stormassets/assets/textures/ui_reportbuttonon.dds	92162e0f1d2cc75b5776ee2d0865adc7	912
mods/core.stormmod/base.stormassets/assets/textures/ui_storymode_subtitle_frame.dds	edf8c0151f252a5b0694d25a1635f89f	100128
mods/core.stormmod/base.stormassets/assets/textures/ui_streaming_bnetstreamingiconborder.dds	0dac36e3495b4c36e0253041a739aa83	25728
mods/core.stormmod/base.stormassets/assets/textures/ui_streaming_loadingstreamingiconborder.dds	0bc69107b003db9818b718bb17c861e9	25728
mods/core.stormmod/base.stormassets/assets/textures/ui_streaming_movie_progressbar.dds	bc958362db8997526851dd9a61a25078	32896
mods/core.stormmod/base.stormassets/assets/textures/ui_streaming_movie_progressbarborder.dds	bbe316512f1f9e93fea71aac959b6815	32896
mods/core.stormmod/base.stormassets/assets/textures/ui_streaming_movie_progressbarbuffer.dds	454959410fd784c384e9ed6eb38e1309	32896
mods/core.stormmod/base.stormassets/assets/textures/ui_streaming_moviestreamingicon.dds	ba85579efbf652477e1d842ed3e44fa0	1048704
mods/core.stormmod/base.stormassets/assets/textures/ui_streaming_streamingicon.dds	1f42d35afec8be793db5a3d422ae247f	262272
mods/core.stormmod/base.stormassets/assets/textures/ui_streaming_streamingiconborder.dds	7f07c4355135c59134b6c998a873578f	16512
mods/core.stormmod/base.stormassets/assets/textures/ui_textchatbutton_muted.dds	5438fe9caf711480b7e4bd9a974b3117	3264
mods/core.stormmod/base.stormassets/assets/textures/ui_textchatbutton_on.dds	aebdf962b0132f0539cadafc14df1f34	3264
mods/core.stormmod/base.stormassets/assets/textures/ui_tip_questionmark.dds	7d50ce05e149c1042a02d6c676dc2ec7	22032
mods/core.stormmod/base.stormassets/assets/textures/ui_voice_microphonetest_bar.dds	85d38903da4200a6c5741bcc1753408c	183648
mods/core.stormmod/base.stormassets/assets/textures/ui_voice_microphonetest_bar_outline.dds	ecbdee61429ae4dffcb0f01b38ae2d05	166528
mods/core.stormmod/base.stormassets/assets/textures/ui_voicechat_background_talkeritem.dds	4d25eb08566a20cbebf238a862de6179	8320
mods/core.stormmod/base.stormassets/assets/textures/ui_waiting_observericon.dds	7bc54ce6d0a801829421c63e377f0d49	4224
mods/core.stormmod/base.stormassets/assets/textures/ui_waiting_playericon.dds	f0d23e0813180cbbeb7a58ff3f95191d	4224
mods/core.stormmod/base.stormassets/assets/textures/waterspray1.dds	b1005207a2b69b651a950bd443fa0664	22000
mods/core.stormmod/base.stormassets/assets/textures/waterspray1.lvl0	50122cd7db81d6865fb136bc4700cf23	5616
mods/core.stormmod/base.stormassets/assets/textures/white.dds	92fffd1b5a8317b31e10bf66d1d00e0e	152
mods/core.stormmod/base.stormassets/assets/textures/zergblankportrait_static.dds	78f845103440122317ce7d6c7298f985	32896
mods/core.stormmod/base.stormassets/assets/ui/feedback/aibeaconassault/aibeaconassault.m3	6efe297580f7148b581d140228158313	99264
mods/core.stormmod/base.stormassets/assets/ui/feedback/aibeaconassaultping/aibeaconassaultping.m3	782858e3b5dd2b4c47f1edb1df675147	44512
mods/core.stormmod/base.stormassets/assets/ui/feedback/aibeaconautoai/aibeaconautoai.m3	33f7a091d94671d99007b0baf0ff42ed	100240
mods/core.stormmod/base.stormassets/assets/ui/feedback/aibeaconautoaiping/aibeaconautoaiping.m3	d26574a148e65ba50b67387d217363f1	44512
mods/core.stormmod/base.stormassets/assets/ui/feedback/aibeaconclaim/aibeaconclaim.m3	4cef3a05c82f5c4162f5cd8e84b3217b	100512
mods/core.stormmod/base.stormassets/assets/ui/feedback/aibeaconclaimping/aibeaconclaimping.m3	499f23f1b3ed4a33be967fcb3f36869c	44512
mods/core.stormmod/base.stormassets/assets/ui/feedback/aibeaconcustom/aibeaconcustom.m3	cc9f64e75e83b665366234c42909db14	99584
mods/core.stormmod/base.stormassets/assets/ui/feedback/aibeaconcustomping/aibeaconcustomping.m3	a0bee9b6763cc96b9ce7eadba880b5c8	44512
mods/core.stormmod/base.stormassets/assets/ui/feedback/aibeacondefend/aibeacondefend.m3	456832e18ea173483cdeaab5def823ba	99344
mods/core.stormmod/base.stormassets/assets/ui/feedback/aibeacondefendping/aibeacondefendping.m3	b1acdf28efd5b984fd8d6d8185a66e49	44512
mods/core.stormmod/base.stormassets/assets/ui/feedback/aibeacondetect/aibeacondetect.m3	02cb70da7fe27084f0b5a2417f2d8b8b	99408
mods/core.stormmod/base.stormassets/assets/ui/feedback/aibeacondetectping/aibeacondetectping.m3	c657fdf8ee087709d41d4b3f9075a22e	44512
mods/core.stormmod/base.stormassets/assets/ui/feedback/aibeaconexpand/aibeaconexpand.m3	12e9c29c74a6bd64ac0c06c1a5602306	99488
mods/core.stormmod/base.stormassets/assets/ui/feedback/aibeaconexpandping/aibeaconexpandping.m3	a5817f781ddde904532fc70265c81186	44512
mods/core.stormmod/base.stormassets/assets/ui/feedback/aibeaconharass/aibeaconharass.m3	e3b15648c7d6b3954f6de2070e7eaa24	99648
mods/core.stormmod/base.stormassets/assets/ui/feedback/aibeaconharassping/aibeaconharassping.m3	f13e5c120836f51a29d2b13d6ec04eab	44512
mods/core.stormmod/base.stormassets/assets/ui/feedback/aibeaconidle/aibeaconidle.m3	1f2faaefe15b8e0fd91ecb2a530a3e08	99616
mods/core.stormmod/base.stormassets/assets/ui/feedback/aibeaconidleping/aibeaconidleping.m3	e4a700a8a9eac56941dff1e025447bb6	44512
mods/core.stormmod/base.stormassets/assets/ui/feedback/aibeaconrally/aibeaconrally.m3	f1228918cb3928cb2fa284be99bad512	98752
mods/core.stormmod/base.stormassets/assets/ui/feedback/aibeaconrallyping/aibeaconrallyping.m3	9036a72300b9a0fbf0df630f400c64e7	44512
mods/core.stormmod/base.stormassets/assets/ui/feedback/aibeaconscout/aibeaconscout.m3	98bc525b9668a96299777168a5cf3940	99456
mods/core.stormmod/base.stormassets/assets/ui/feedback/aibeaconscoutping/aibeaconscoutping.m3	0c551759574b4baf053c7e5eac0f3bd4	44512
mods/core.stormmod/base.stormassets/assets/ui/feedback/aoepretargetairunitprotoss/aoepretargetairunitprotoss.m3	58c48e004937dcc5578014de767c0683	15600
mods/core.stormmod/base.stormassets/assets/ui/feedback/aoepretargetairunitprotoss/aoepretargetairunitprotoss.m3h	2c498b987b59f3699ec7bd7c94410543	301
mods/core.stormmod/base.stormassets/assets/ui/feedback/aoepretargetairunitprotosssplat/aoepretargetairunitprotosssplat.m3	2a039ec840a4369f5c743e17ab278bc8	15648
mods/core.stormmod/base.stormassets/assets/ui/feedback/aoepretargetunitprotoss/aoepretargetunitprotoss.m3	4a8c0fe7849aa4248720d1f6e05455ae	19824
mods/core.stormmod/base.stormassets/assets/ui/feedback/confirmation_air/confirmation_air.m3	78e9f00e84312c23025df1d97dae66dd	60352
mods/core.stormmod/base.stormassets/assets/ui/feedback/confirmation_air_teamcolor/confirmation_air_teamcolor.m3	5b495ef0426e6544c6648fcaa8b89244	60176
mods/core.stormmod/base.stormassets/assets/ui/feedback/confirmation_ground_teamcolor/confirmation_ground_teamcolor.m3	73ec7fe8232c3df0ec1f7d3919aa8f32	37536
mods/core.stormmod/base.stormassets/assets/ui/feedback/ping/ping.m3	df739b7da19dea636decef003eff3558	53152
mods/core.stormmod/base.stormassets/assets/ui/feedback/pingalert/pingalert.m3	d91ea1c36a84e76cafae5133495bb9fd	53280
mods/core.stormmod/base.stormassets/assets/ui/feedback/pingarrow/pingarrow.m3	1d6dc82343e17af1f2ab8532b5cff163	16288
mods/core.stormmod/base.stormassets/assets/ui/feedback/pingbaseattack/pingbaseattack.m3	a02b1a948513d0cd6a60ec384ccc4983	62944
mods/core.stormmod/base.stormassets/assets/ui/feedback/pingboss/pingboss.m3	69e5b4bc5a04636a1b21a9c311b0fb02	30432
mods/core.stormmod/base.stormassets/assets/ui/feedback/pingnukeliberty/pingnukeliberty.m3	35d41901519d9b7ea83b1cab2362b032	54544
mods/core.stormmod/base.stormassets/assets/ui/feedback/pingnumeric/pingnumeric_00.m3	f2b3579014f5b4ee14a4306c5dc9a2d2	16480
mods/core.stormmod/base.stormassets/assets/ui/feedback/pingnumeric/pingnumeric_01.m3	125c2a5e886adbba0f32a2543da47a8f	16480
mods/core.stormmod/base.stormassets/assets/ui/feedback/pingnumeric/pingnumeric_02.m3	0dd50ad624c4cec7f822a67c33b1d28b	16480
mods/core.stormmod/base.stormassets/assets/ui/feedback/pingnumeric/pingnumeric_03.m3	a5c383e1798940478866deb7b9e3262a	16480
mods/core.stormmod/base.stormassets/assets/ui/feedback/pingnumeric/pingnumeric_04.m3	5f4afb956df21641c986fd587c826281	16480
mods/core.stormmod/base.stormassets/assets/ui/feedback/pingnumeric/pingnumeric_05.m3	102272ac523d62f0bf7468894af4be26	16480
mods/core.stormmod/base.stormassets/assets/ui/feedback/pingnumeric/pingnumeric_06.m3	6b7b1581f9f9331e8c82a79e01bfadb2	16480
mods/core.stormmod/base.stormassets/assets/ui/feedback/pingnumeric/pingnumeric_07.m3	c55ff5e85b305b5dea2e26d425026ff0	16480
mods/core.stormmod/base.stormassets/assets/ui/feedback/pingnumeric/pingnumeric_08.m3	ac34cd85375772584c87f14566364a26	16480
mods/core.stormmod/base.stormassets/assets/ui/feedback/pingnumeric/pingnumeric_09.m3	57a4158f63c2908901571d053c78e301	16480
mods/core.stormmod/base.stormassets/assets/ui/feedback/pingobjective/pingobjective.m3	1e7858e3bf6b9e1b1317389a33f6137d	45776
mods/core.stormmod/base.stormassets/assets/ui/feedback/pingsimple/pingsimple.m3	7491aa66b47a3b754525e55d02336de6	40800
mods/core.stormmod/base.stormassets/assets/ui/feedback/pingwarning/pingwarning.m3	cb5eaf18ec771493ba9a9ba59a368054	62976
mods/core.stormmod/base.stormassets/assets/ui/feedback/pylonradius/pylonradius.m3	c3975760e5498843ecfc70ecd1616f3a	21872
mods/core.stormmod/base.stormassets/assets/ui/feedback/pylonradiusunpowered/pylonradiusunpowered.m3	3d900b24231dce99ba26ec1bf76bc3b6	12944
mods/core.stormmod/base.stormassets/assets/ui/feedback/waypointattack/waypointattack.m3	656443bd664eb66ccef0a40b6844a34f	13328
mods/core.stormmod/base.stormassets/assets/ui/feedback/waypointattack_teamcolor/waypointattack_teamcolor.m3	a9a43ee7ed545fec93ab6896b7c4426d	13216
mods/core.stormmod/base.stormassets/assets/ui/feedback/waypointconfirm/waypointconfirm.m3	27913661c28d32f39c615a8832f2ec90	26640
mods/core.stormmod/base.stormassets/assets/ui/feedback/waypointmove/waypointmove.m3	14ca14b59cb7037913ac33c4099424c4	26800
mods/core.stormmod/base.stormassets/assets/ui/helpers/3dpointhelper/3dpointhelper.m3	d495b560156e29c385e1090c7db63813	65232
mods/core.stormmod/base.stormassets/assets/ui/helpers/camerahelper/camerahelper.m3	129c283724e50ca45352f47fc6e2d965	20000
mods/core.stormmod/base.stormassets/assets/ui/helpers/dynamicpathingblockerhelper/dynamicpathingblockerhelper.m3	63f6c3393fefb528d9721110e2320130	50480
mods/core.stormmod/base.stormassets/assets/ui/helpers/noflyhelper/noflyhelper.m3	0e13ebf7d1adc6fb8ce4389d0fa421cc	84368
mods/core.stormmod/base.stormassets/assets/ui/helpers/pointhelper/pointhelper.m3	4223e7e8005432a5c4367af7e004c143	55696
mods/core.stormmod/base.stormassets/assets/ui/helpers/soundemitterhelper/soundemitterhelper.m3	10b726d80e480b37e40d3757b7527eb7	26528
mods/core.stormmod/base.stormassets/assets/ui/helpers/startlocationhelper/startlocationhelper.m3	6c24b6c50fdb60a7dd3c52d2e34b1fa9	66480
mods/core.stormmod/base.stormassets/assets/ui/helpers/visionblockerhelper/visionblockerhelper.m3	b55176566c3717da882a13f829f4c4e4	31120
mods/core.stormmod/base.stormassets/assets/ui/helpers/weatherhelper/weatherhelper.m3	2d7fe91d5a5b5ec8040e9e03a8e8cc2c	49968
mods/core.stormmod/base.stormassets/assets/units/test/invisibleunit/invisibleunit.m3	a5836a23057d8b365c5957ea7e4fad51	3456
mods/core.stormmod/base.stormassets/assets/units/test/kaeocube/kaeocube.m3	066c6fdd2739ee218efdfbf33fa1f757	12688
mods/core.stormmod/base.stormassets/assets/units/test/sphere/sphere.m3	e684bcbe02cd5357cb8de74ae48ef38c	47488
mods/core.stormmod/base.stormdata/cutscenes/index	201611b0cdfc0119f228a0723ade324e	68
mods/core.stormmod/base.stormdata/depotcache/00/08/0008a321317316f4a127d3e8c2a74e92152fc52c9bdd3984b6e5105763c661a7.s2mv	d0cf4cf2525d7221a1c65f257baef6ed	32086
mods/core.stormmod/base.stormdata/depotcache/00/26/0026e02ca6eb031f69236819d2eb7106000cc92824f6e60f123b9cd406463c72.s2ml	174d585ceda216230962a8b39da628f5	467
mods/core.stormmod/base.stormdata/depotcache/00/41/00415c8c143f6751249e525d9899612a7404934cc650dc9adbb049044d85f45a.s2ml	d01e87416f89bc51a14abe3c8acee732	285
mods/core.stormmod/base.stormdata/depotcache/00/48/00480edad53b0b24b4e1b0fe8ef3bb306f4d1ef6b3bb6be6758e235e915289f1.s2ml	a624e2081a37d08b5a3bcbdce844490c	1592
mods/core.stormmod/base.stormdata/depotcache/00/8b/008b765a9a28dcc1bb721d3f1bffc1513bf286ea441f3c7dda35e259ebbd7dca.s2ma	ed8ce5698d75ef0e497364950204d9e8	1291632
mods/core.stormmod/base.stormdata/depotcache/00/9a/009a2a09a58e5af202ae21c26a62ece2d1dedf8497d1bf757eaeaaf97435bfc3.s2mv	021f658ff0caeb693ba0ae93ce67b949	2073728
mods/core.stormmod/base.stormdata/depotcache/00/9f/009f0e280958b3f92dc858f164ad5b649b7964e1fe5706783096890bc58911ba.s2ml	71e20728bde29c281e6847bcf44a9c32	193
mods/core.stormmod/base.stormdata/depotcache/00/db/00db15c19ea223899df9147595e8b52aa7850db2a121085bfa636721861fa5cf.s2ml	0b0621b50ca6d02f5ba1ecffa74dac38	240
mods/core.stormmod/base.stormdata/depotcache/00/e7/00e7083ab62e831a43ae990d5f0ee22b5077b25cbae150c248d0b132734c78a4.s2ml	543cbbd0433ac35748e88b5c30e29917	21112
mods/core.stormmod/base.stormdata/depotcache/01/0c/010c3b91d97cf1bf859f2d268eff35cd898ecdf9b7d300c4fd2898a382bfab0d.s2ma	ae1ce03ecf51c7997573eed2c3be80e6	31
mods/core.stormmod/base.stormdata/depotcache/01/1b/011b71e720f09c34e4484b02c06da32e387a0ab1d757cd5b8b70c7224311b55e.s2ma	add809f98fba75ef1d7d7b366c9dbd84	118444
mods/core.stormmod/base.stormdata/depotcache/01/76/01763f897193035d6ae5c999c7024632150e589c6f98b0d81eaa6c0f25d808a7.s2ml	293f68889e1573b89a16d277731fa760	1040
mods/core.stormmod/base.stormdata/depotcache/01/8c/018cba8686cea87fa3633577eac6013ec0e88879bd4b6d79b8f8c0fbbe87933f.s2ml	83581b8d000f8303e0c7ca6d98657bae	1820
mods/core.stormmod/base.stormdata/depotcache/02/35/023523835b782f3e9bb91f31d12a2b2a52e1e21ae1a5b873057ca088d1267b49.s2ml	68a688e7cde4c8e1e370ffd18402b391	1824
mods/core.stormmod/base.stormdata/depotcache/02/50/025066e9b13751313b02538786b588d2649447396ad3d4499e2b5ac1cf02d77a.s2ml	e8eaff8e56ee1deb48d3e1bcbe738727	1691
mods/core.stormmod/base.stormdata/depotcache/02/58/0258cba04b820281dde1127732aaa3536ed1e3ce885ed565020b5999969af979.s2ml	c2e49ba39fb3b50621b8098dd0c2c0ee	1255
mods/core.stormmod/base.stormdata/depotcache/02/9b/029ba752416909dc73092f845cea47721670f3d6aaac1b53ee93281a12331ec7.s2ml	9eb083a73785855e7c078ee6f63bf69f	7161
mods/core.stormmod/base.stormdata/depotcache/03/38/033822bae6d2b6de004c090b3f00be669997baa019c58221e05fb866316d8464.s2ml	6ad03ac03c00165f1cc7f6b29888a994	311
mods/core.stormmod/base.stormdata/depotcache/03/3b/033b8a8644888cca13720c15b39e254c3a1c7a85e49b6d730144211ee3ecd3e0.s2ml	3a84d20e70bda6db6406706d60ea50c8	479
mods/core.stormmod/base.stormdata/depotcache/03/3c/033c7878011a7976f44ec62e11619e4a8067d4ecb7e88f8e07fae36c84c15ed1.s2mv	74d972f607536916a3293b210ceb140f	3293
mods/core.stormmod/base.stormdata/depotcache/03/43/0343809f1378ed1e7979b73f2672a3f2a1ebe99a859a14c6d476e324a5143cdc.s2ml	0d18e39b7ef9d8ec4bf82c5ef78395a0	1568
mods/core.stormmod/base.stormdata/depotcache/03/4e/034ececab718a41e4337809bcf8a9273f8b526a39bd72238186e30c095a63ffc.s2ml	59fd3935c810b1689f9b24a8fa103636	1401
mods/core.stormmod/base.stormdata/depotcache/03/5e/035e572ad9cb0289688fdce15a3c942b63e1bacd1fc5b387791f635db6d86343.s2ml	938621e1c16b59021cbddc85c44f0d2d	362
mods/core.stormmod/base.stormdata/depotcache/03/94/0394375b50967f9ea1e9c1eccdcc3fa70d71567e989c9433e32ceb9e052846d5.s2mv	61c26f46a44c75f19c500e03640ef447	6983
mods/core.stormmod/base.stormdata/depotcache/03/b0/03b09b3a42447a64882b591417670f473ad1c2a0ff31d7266ce7b8ff3b5ea0d0.s2ml	87929e432ca9277742f818cf8517a2e0	397
mods/core.stormmod/base.stormdata/depotcache/03/e8/03e84652624ef8f67582be5879d6c9eb5ee3de812b350c5e294a435f3207322b.s2ml	3f9b7f0c34b5948037188d4f7b9e9604	2806
mods/core.stormmod/base.stormdata/depotcache/03/ef/03ef7c73b80b4be989dc8b55e9d953148abbd28362067787adfef456aa623f8f.s2ml	091524243a4b0cbea0d8424e9342d129	353
mods/core.stormmod/base.stormdata/depotcache/04/09/0409252acc8e3638bd79c7254b41fc5f55b58224c60102eeb5bdceb637bcabe4.s2ml	6f070e6b3fea31d22b4e7a305085fbf1	374
mods/core.stormmod/base.stormdata/depotcache/04/0e/040e36ce96861e46a0e85f8c40563cd93d45cc2d14387d8f10829b9621967f76.s2ml	387cb96508b2bbe439d19ead1916d168	875
mods/core.stormmod/base.stormdata/depotcache/04/14/04149dd774ff85b49c9369083f5f07491e2f6fd01f5809872014b8c3adaec5e9.s2ml	7a75138ae81c0e93eaf8741e3c054ae5	1147
mods/core.stormmod/base.stormdata/depotcache/04/27/04271e76254a0739bc6737edb589c40c5400d8861d42f73ddbb6cd2a800b70e8.s2ml	937e94965fb8449264c043b9a6faac25	180
mods/core.stormmod/base.stormdata/depotcache/04/36/0436c81b8dcc63fb429a5169281fde06292a430340028a3e96922faed53f186b.s2mv	40ee5cea7718a27f19828b30ff50758a	22618
mods/core.stormmod/base.stormdata/depotcache/04/60/0460a9c9e6dbe44f7a41d8fded4941f6e85fe9f6d8c4dada1b2cbc5c3783c42a.s2ml	8ad6c1e7c7020daa9e40d5bb9f482df7	1871
mods/core.stormmod/base.stormdata/depotcache/04/a1/04a10ab5db2d60cb29fc75c71c117a21ab911cd52a4cbf33605796361eb6126c.s2ml	54c9dbac4f626fc87e16677172c07a05	370
mods/core.stormmod/base.stormdata/depotcache/04/e3/04e30a6a2f7d72a15a2cff729758fde30eacab9eba07e04e591849e29aa8b247.s2ml	be7ef72835dcc7688f84f9ca7c5e3d9f	648
mods/core.stormmod/base.stormdata/depotcache/05/2d/052d0a8d8810b178d5497032c41520ca60e35471106106ba77fccaaa77e71cb9.s2mv	ec21713aa405e7f4d9a581e835af5828	4190
mods/core.stormmod/base.stormdata/depotcache/05/36/05369f7e66e4f59aee5889aba03764b973dbe827ba7c17d27513472c383f2c75.s2ml	24580af2a4d59d35b31934c363341eef	889
mods/core.stormmod/base.stormdata/depotcache/05/6d/056de1477a58eaa991dfc12455058792640c8f157008f7634fc01939623bd3ea.s2ml	9c21f3621b0509d9b08c5d2f5895cb6f	2537
mods/core.stormmod/base.stormdata/depotcache/05/80/0580409165a4dfb7f37f632348aded0cc26af20c08dc199e29a81fd60e6a2790.s2ml	985bbac1480458539a6e7a75ec494570	440
mods/core.stormmod/base.stormdata/depotcache/05/9a/059a36dbbaf3726889ff0f383b029a92522bfdd8c0171e176812e1e5fc3f2a22.s2ml	86ea6fb74ca15509945d56c046de0cd4	270
mods/core.stormmod/base.stormdata/depotcache/05/c9/05c9fb8df8d407296f1e9412b8831267cd29e2ff3218cc388427fe5f4c53fa33.s2ml	7111311d3c5321d4cc5e1dbaedce2b18	42961
mods/core.stormmod/base.stormdata/depotcache/06/5a/065a292526c7afc4b7086320f7f40f9e465dda1ee29aa99191cd8988dfdaa167.s2ml	d7475dd5c21db74adba5369b01c84edb	1288
mods/core.stormmod/base.stormdata/depotcache/06/7b/067bb5561d394cb972add7cc35e36517aceed15ee4dceab740646e0d5d7be0da.s2ml	95507eeae9f72660edd9dff66016387e	370
mods/core.stormmod/base.stormdata/depotcache/06/85/0685a430ffa50907523a0e1bbd4858ba75d92c26156846a6006ec2423116e7ae.s2ml	d512920c838ee9ff019937eadad41c41	739
mods/core.stormmod/base.stormdata/depotcache/06/da/06da752661787af1fbeb24dd88868f96419f92ae42939083b5cb6f40625ad97d.s2ml	90ba308b0a85041808b68449513572b3	1665
mods/core.stormmod/base.stormdata/depotcache/06/ed/06edd8701b5ca7eb30800245bf4c1615760494adac8e9a33aab2126f595489e1.s2ml	6980f1309c85afb9395ca7f2b8d0ff9c	1342
mods/core.stormmod/base.stormdata/depotcache/07/08/0708725c92e4c5f797ba70d3c1e87d1ff766d75c4fcff891e4294019031e1475.s2ml	7c1c3e04584c6e8a95e24d9de109ded3	1069
mods/core.stormmod/base.stormdata/depotcache/07/54/07549696a001c0f31c6601bfb7ddf196263883c0d74be707e3e520d4d9acd630.s2ml	86fa1ccbb24fc78b9ed638bb419b499a	166
mods/core.stormmod/base.stormdata/depotcache/07/a9/07a96da471f6db7e37bff835ab1ece1d696a45b8925d12d023011f0ead030163.s2ml	01965037faa11f20f8ff1b1413e20cd8	200
mods/core.stormmod/base.stormdata/depotcache/07/ab/07ab5248f3c21e9fb2d0338c42cf23fe79650027248319489bdbce700b87b258.s2ml	4ac92fcce4a1870da98a2a0e2f853110	12249
mods/core.stormmod/base.stormdata/depotcache/07/f0/07f0355188f71e39e2e80091717a0c2f086b6ae95fdab153da99d2e527b2cf4c.s2ml	8361092587a86d8538515096922b16b7	1528
mods/core.stormmod/base.stormdata/depotcache/07/f7/07f719641ae39284f06a7c9ac3a00b77806cc24232c6706bf77d0b59f5daec73.s2ml	b2d3fc036cb31a2ffc63e65ca4ee2537	214
mods/core.stormmod/base.stormdata/depotcache/08/28/08281d205970db7d7cb5be9d5212c70fd3c096bdc83ee8e23d384a0a17e22067.s2mv	026db7a29875efe374a5aa178636baa5	8294444
mods/core.stormmod/base.stormdata/depotcache/08/9e/089e38fb17cac9502c9684e2c1069f0a6c87afe1fbdc4a5fa6588ad73cb11f03.s2mv	0feb418bbfbca184d083cc574821c9e5	99248
mods/core.stormmod/base.stormdata/depotcache/08/9e/089e7c18e07db72d9d4a00b4965049ecbb6118921024941054dde6aefd4568b7.s2ml	2d8fd0275d608fc823f7bc9f23d35635	327
mods/core.stormmod/base.stormdata/depotcache/08/a4/08a420e4017c8322fa330dd8b05707d9d09b00711727225c7cf0d2a31578f4f5.s2ml	79f34809e23df5ec1411eacfa64f4ce4	239
mods/core.stormmod/base.stormdata/depotcache/09/1d/091da05c25e2acc068ad7c7d3f7881175b238ebb7f8308f3299ab7755db1f130.s2ml	ff556e2da7213bf1d9a6fa41a5b5d1f7	4140
mods/core.stormmod/base.stormdata/depotcache/09/26/09266432d93aab7716f362e9e0d96819f0dea937ec53677423ab248f75777842.s2ml	42347587c683e1e9a1dea8fd5f3f9b53	175
mods/core.stormmod/base.stormdata/depotcache/09/53/09536b4b9ffd4d2f338ded5cd35a0d35869bca0a49ed5e0324dd1513bf6e2891.s2ml	936ae9777219b4dc052aff9a70021d7d	188
mods/core.stormmod/base.stormdata/depotcache/09/70/09702d2905d0ea4eebdb55e838f0d5115cdbf118a11a65209f5a7b52edbb53c0.s2ml	75ce69142bf37db3f946ca60f6352742	137
mods/core.stormmod/base.stormdata/depotcache/09/74/097424c0aa5ecb1484e2eb09ee77c2536c3eb486fb13e47feb1c0bd0d138e092.s2ml	974ab9f6a32644e567b6ee6fa1042360	248
mods/core.stormmod/base.stormdata/depotcache/09/9b/099b90e1da507b75fea2f37fce956308f0b4a9fde643db6201d387ad8f53daac.s2ml	f9ee2bb55541acea05e19f62a826f27b	142
mods/core.stormmod/base.stormdata/depotcache/09/bd/09bd1ab8497ca901866fbdc6e8638a7bbb2561a7f5a0245ff490a3efc18d7827.s2ml	9f60e8dd8158c0986b639a471cf6b613	1616
mods/core.stormmod/base.stormdata/depotcache/09/d2/09d20442021abe412e243bb0e68acd53701093019b584bec603f0e0ec947baba.s2ml	8bc87d539d43b3ac9ef212a579f9100a	327
mods/core.stormmod/base.stormdata/depotcache/09/e1/09e1c0d8612a96ec50a74b2b7cee9067cc14f9448c13cc4fb982558a1d50e78d.s2ml	20647a5df9d05c7d46aac23a6e5f2986	223
mods/core.stormmod/base.stormdata/depotcache/09/f1/09f14fb04f24378ab14a5f0bdde6d7825d402a5a1bfe3a8e88d9f9067155deb5.s2mv	d313448d083581d04fac47b8aa6b89ce	2073728
mods/core.stormmod/base.stormdata/depotcache/0a/5d/0a5d0b56330e556e7511d5d88367ebc7ce9b5fe1706ef2717aa9cc97369dab4c.s2ml	a0c0f78e41ff4ecd89d401860e46e4cc	313
mods/core.stormmod/base.stormdata/depotcache/0a/61/0a6158e0955a9514d2fafca174cdac95097b80aed36baaa865ee5a80b810f232.s2ml	ba3a888684932dde5d3878325d496643	1793
mods/core.stormmod/base.stormdata/depotcache/0a/84/0a84b8b037d8fb72d735469565c10b5ca1a113c39da0b7790f5686a30d9da567.s2ml	f68bc7a9f957eb09f06f62715695faca	364
mods/core.stormmod/base.stormdata/depotcache/0a/87/0a872a5021af63b9b7b483762dbc4c7abf55eea8ac654597d06cb07c481aa043.s2ml	5786a6a1bec8525d231499568a154665	44347
mods/core.stormmod/base.stormdata/depotcache/0a/ac/0aac2bee5fc2524ae33e15f4829dea2a51eec101af9e056c02d2adcf4ab88d2a.s2ml	fa4d47ee707935e42ac1927a7e726d52	535
mods/core.stormmod/base.stormdata/depotcache/0a/b6/0ab6b31d9454d6615943be2b00ec102dfa187692adc193c00a1778da2732c2a2.s2ml	8042b59f374468ef55c29134b9a0a040	1119
mods/core.stormmod/base.stormdata/depotcache/0a/b8/0ab8ebd35531567bd9a0fd981e21769d6f38f8bef04dbf9421a1a3de74733f22.s2ml	2f66645369ba61b6aee57c14a0d0ec16	194
mods/core.stormmod/base.stormdata/depotcache/0a/d1/0ad11abadf4d683860eb512008da964b7afade29a8a704eb94e6e6f50c0a63a2.s2ml	1d0b7347a035fb6d8d59702fd56d25c6	250
mods/core.stormmod/base.stormdata/depotcache/0a/e0/0ae04d036e1901294824dbeb6f5782fd2dc519eeff3a8933d32773e8b1fd7229.s2ma	00b0b3f61001197be2b713332ce0c9ec	2285154
mods/core.stormmod/base.stormdata/depotcache/0a/e8/0ae81deb86605c56432b9f769d46624193a6ca21da12ef817cdf48ce6b046111.s2ml	48fc40ed3a0ed185eab26fff7497c96a	390
mods/core.stormmod/base.stormdata/depotcache/0a/fa/0afae84de1f24577ede1069b567157b8970586c3a835189dd1d789f346658661.s2ml	032b7f30f947a0b190485a0ba0c47ad8	1196
mods/core.stormmod/base.stormdata/depotcache/0a/fc/0afc59af12f870671a79a03ccef877030c63b134a68bcd08be152fb83321a046.s2ml	8618c2ddf4f99a6a9a49f349bf359966	568
mods/core.stormmod/base.stormdata/depotcache/0b/12/0b12618fee2a694c812913d22c74b24086786d5c1d2225ee8ff0f2acaa80609c.s2ml	be2a433af8ab2f1154d7e5711c12f840	547
mods/core.stormmod/base.stormdata/depotcache/0b/3f/0b3fa4a727e68319470df6dd949bb83f505f29b2d24470e9291b66f72628f8cc.s2ml	711e0a70a4cf9c3d74ee4a1836aef751	140
mods/core.stormmod/base.stormdata/depotcache/0b/46/0b46cb36f6656e7d1d9b380b4bfd0ba64a1ab0bd2a3b5a36fdf87200eb8e1d5f.s2mv	8ecd0bf085a3634aaaff9f62d3f08960	33457
mods/core.stormmod/base.stormdata/depotcache/0b/78/0b78ec19f999b64a07772fca2c671f5c99a1bc7b41719cf652e4e71c65140b8c.s2ml	b955301db45688682695aa19836baf39	462
mods/core.stormmod/base.stormdata/depotcache/0b/a3/0ba35ed4b9edda8c8f89fd6d328fa654bddbae5a7681ce2c6aafc1d0715916c7.s2ma	1d52dfa5e187f559e4dca24bcc57e9aa	620067
mods/core.stormmod/base.stormdata/depotcache/0b/a7/0ba7cc9e21168c3272fdeab197a6184f5ce12c4edeae3da82a4969f5aa7faa71.s2ml	9b4493d35d88b2ba11fdf76be5384ba7	744
mods/core.stormmod/base.stormdata/depotcache/0b/ab/0bab009b825ddb76aa96ae821595b6880cac548312df47122a5b3906b49688d0.s2ml	7f9584abed21977f921b9dc44ec96712	332
mods/core.stormmod/base.stormdata/depotcache/0b/b8/0bb82ed1fa2cfa299098502c4ebc895a0f40922596bbde89b789e2223cbf8b65.s2ml	e040545b5a8090b194f64f19f1c03e9c	423
mods/core.stormmod/base.stormdata/depotcache/0b/bf/0bbf4140f6b23ec0bd0d3f1000cabe59ed3d462c03690954c5f486da5cf7cb4f.s2ml	7b3c4ff7142e5ad9ac3bb963b71a7780	1839
mods/core.stormmod/base.stormdata/depotcache/0b/cf/0bcfdf4b111afc140b6c08887458459f32c463aa2c8102919042f2361b775b70.s2ml	f134a5abbeb0d397b4539cdc5d6edd2e	201
mods/core.stormmod/base.stormdata/depotcache/0b/d4/0bd4ec5376af909f7f1b9d5096914cb6cc8afd0e8fc29daa593094e732a06a50.s2ml	cd936eb7f37b5e5b76151a0ed3c8f492	440
mods/core.stormmod/base.stormdata/depotcache/0b/d9/0bd902efd39dfbd0f89710232c8468f57b8274319867b69f82a71dd5b6a78123.s2ml	79e6b145f3e77fa8938de9b63f0a39aa	215015
mods/core.stormmod/base.stormdata/depotcache/0b/f7/0bf732edf8926bba5b1cc8501b7814b77bd80a607a977db6922f7575f31dbc26.s2ml	f13bd7b17bc0cfe5630f8e9c3ffb9b42	318
mods/core.stormmod/base.stormdata/depotcache/0c/35/0c35beead89fde930e9ac8ab77e26bb47e3c07e46dbafb4fbbb576ae1d33a213.s2ml	a2024b1c36964af93caec7023b895c55	9599
mods/core.stormmod/base.stormdata/depotcache/0c/57/0c579313f1c4618499c04bffbcf6bab4b6b74d07464eaf5ea58e63090a70ad37.s2ml	ecc8d3824cfb8264ce5acc217d00f063	183
mods/core.stormmod/base.stormdata/depotcache/0c/6d/0c6d1767871bae4f9d8dc6bd3333daf02fcc90bdac4d5b249cd86c4308f64672.s2mv	c130abeaa0cd253b48a0bcc88c2507e0	5628
mods/core.stormmod/base.stormdata/depotcache/0c/a7/0ca71fda2a6c0290285802fdffdd0f69b8407bfe5a6a7eeefc267f310aa7103f.s2ml	a554a9b6a0b31b86d4aaf146b0a5b5d4	2112
mods/core.stormmod/base.stormdata/depotcache/0c/e6/0ce66bf582261d38b5e554a676982e0eecbcc95e34bc25ea4f3456f62125f4e8.s2ml	111e4b1caba7fd3aed2d446204822096	367
mods/core.stormmod/base.stormdata/depotcache/0d/31/0d31950824c93399dfc1baf8a4d79a2a5d4b2e3a26dddd81ccede132e9f069b6.s2ml	b60e5f61ed8bfd4787fd5646ba2b0c9c	179
mods/core.stormmod/base.stormdata/depotcache/0d/b1/0db14cf0b5b8a0b8fce36142069fb9292fb9395072313528f455142900ade015.s2ml	22105ce1eef4d06a8a3f1a3260325c5d	1392
mods/core.stormmod/base.stormdata/depotcache/0d/c4/0dc46a16f1b9a3c53b4385640aba0972edc2bb66b423bf83517721070de64758.s2ml	3c8396f22e37c7fead009271867f02cc	1874
mods/core.stormmod/base.stormdata/depotcache/0d/c8/0dc88338e5fc8d45bb507d93fd2b53555b1efa68f2f980ee4220452c7728f5e5.s2ml	e6efe91b7e2280802c71e82140a76ad2	471
mods/core.stormmod/base.stormdata/depotcache/0d/eb/0deb1c3129d20c2277f8befde9b69fd328bce49bc5a805451acbfd2690bb54d7.s2ml	cbb78d1d994f2a712156ed8a27c7efad	1045
mods/core.stormmod/base.stormdata/depotcache/0d/f2/0df23e24f0ff8c579559c3edde9a7468d99cdf5ec363b177ac4e32d6ff922a17.s2ml	9cc9953347cd22ae226db1d1be4ff2d4	1319
mods/core.stormmod/base.stormdata/depotcache/0e/15/0e15767f3f572c755f5f006e76b7587bccbae2762145218573f7e4fa1598a232.s2ml	16cf6d31a87eb56044f9597e4fa3091e	125
mods/core.stormmod/base.stormdata/depotcache/0e/19/0e1954178745be76ef941a76f3e7da0277b473f8905deb443e1129b1aedfd517.s2ml	301961dbcbb1c2a37e191a87e55a8cef	846
mods/core.stormmod/base.stormdata/depotcache/0e/2d/0e2d79842d1c63228ed5bc01cecda21ff87d9b4d8c48a6dd44e097fd126a1541.s2ma	73c0a7cfe3ecc1af2e8642d91531694b	309583
mods/core.stormmod/base.stormdata/depotcache/0e/7f/0e7f70bbca8b314aaa6e05a3fc0459855c07d305e848868f8a5aef82ab002172.s2ml	c300307e05ca6ac2a9211ebeeac75fb4	1093
mods/core.stormmod/base.stormdata/depotcache/0e/a5/0ea5d7dfbf88fb4eb1660896214b1f06ec7d024c25e4d85516146ee8b4dbac28.s2ml	0a003703176cb6ad3ae4e2d558e9d2a3	290
mods/core.stormmod/base.stormdata/depotcache/0e/ae/0eae4d14746f35f1f55713c738fc0656397e68a10a1e42d44c6134ad07ddc217.s2ml	943816fb30a742b1b16334ebc7dfda6a	161
mods/core.stormmod/base.stormdata/depotcache/0e/af/0eafeccad9ccd8891a00d231816698d95fc153f5feb21cb1ad26404e3ed828be.s2ma	3da4ee65cffaa8b022d000025c3c67dc	1830757
mods/core.stormmod/base.stormdata/depotcache/0e/f0/0ef01e2a9fca5e47637bac40055f8ab2a038510cb9fcf1b7a4d69d6ea14a03c1.s2ml	f8580a13598161bf39967c93767b3b2b	7634
mods/core.stormmod/base.stormdata/depotcache/0e/f4/0ef48be1b0c562b50ea2fa12d8688373ee9e0f534efa3fec65c9d457ce3e938b.s2mv	41b4f90a4ff10ad3a3f229fbb584606e	24507
mods/core.stormmod/base.stormdata/depotcache/0f/0e/0f0e69f4f3b131da32068df1d2eba5edad7da0bf6927272023c4a6b7d8a1003b.s2ml	95ee885047a6b4aaf910c818e29ebc1c	42564
mods/core.stormmod/base.stormdata/depotcache/0f/1d/0f1da9586519a4072be907a870795cb3173cd1eca12c451aa278a2000e565006.s2ml	2e5811a8c0296f14eeb187a3336ba46f	214
mods/core.stormmod/base.stormdata/depotcache/0f/71/0f71becf9d78a63e9e025cafb6b8508f19bd97261256859390e20c3f20238a96.s2mv	b71be4fa44473a51910ec34362710f0a	14793
mods/core.stormmod/base.stormdata/depotcache/0f/a1/0fa1d3d0bce3d7138f534e4c9f31ac84d6499bfc6d6ada928142736d14468d43.s2ml	4f5e06a5f6ee4efbd1a2837e1d0f2174	5424
mods/core.stormmod/base.stormdata/depotcache/0f/ae/0faee4548546ddac00e48d5311e06a00a5ec3484f1a0974870fc9cfbe2472c2c.s2ml	f613ab50de99d868e3dafdda1cda5369	169
mods/core.stormmod/base.stormdata/depotcache/0f/b9/0fb9acad59a8b351ce2bcaca3e98c61fb5839dc9f87100880965ec3bdc83d501.s2ml	fcff4b4535d8d7ac4dcbf8b31b237054	193
mods/core.stormmod/base.stormdata/depotcache/10/22/102258581474ae59797efb7b7637a9efc57fe65d1ddf1dcc0c495c571e807eaa.s2mv	a40300f6a7d07eb1f1557dc2f55c8150	2310
mods/core.stormmod/base.stormdata/depotcache/10/56/1056f7c2b00e3bedee9531a852818f6f23e646f74e592f95b53937744f5b55d3.s2ml	b506768d8b1b8ee05785adfb99a2abe8	139
mods/core.stormmod/base.stormdata/depotcache/10/6e/106e10f7c7ab757da99750dd93ded08a29b42f993a9b199e20fc9db9cd500c69.s2ml	3982ce331266eba45193470058c0b4d6	486
mods/core.stormmod/base.stormdata/depotcache/10/ae/10ae3aafa64006b3c2d290b1e9f52b6a69d5ccd0c85334a05de7d716d7358630.s2ml	83bef538c68a47e9c353c6db11da257b	16990
mods/core.stormmod/base.stormdata/depotcache/10/c7/10c7df5ec64d079aa1e6d1073c132fe4b4d447380dd3dcf69bd43b2205564025.s2ml	392d253e277288cffa74676884f0d6a8	1691
mods/core.stormmod/base.stormdata/depotcache/10/f5/10f5a6bce5e5755d688b78cd9d946a45973420ea93da2e7b30e569b26ccef87e.s2ml	626ba7fb2c1645cb49930294aa578944	163
mods/core.stormmod/base.stormdata/depotcache/11/21/112131b7953db646ad2b0994e4fb16f86abe65912774abea70bbadcd8eb5f0d0.s2ml	132e590b3f4976fcfb8fb85b7fcda66d	749
mods/core.stormmod/base.stormdata/depotcache/11/a7/11a774b3d40f2d5218373ebabf7024caa2aa07329df63a839a2d2fb270dc2625.s2mv	9d3826df1d5e7014778c85ce94fc08ee	33897
mods/core.stormmod/base.stormdata/depotcache/11/ae/11ae5f7071b21ee97c08cb18d3b1dda5c65bc674807b1a0c1edc8f04c8252451.s2ml	8b6394625cee7375aa80918314a6e2a4	176
mods/core.stormmod/base.stormdata/depotcache/11/cc/11cc3be294cc406907894d29e576ad6b1bb813c36297d2f4f98f23ef58c981ff.s2mv	0ba87f141a2f4ebc305d9560aa02ac05	799052
mods/core.stormmod/base.stormdata/depotcache/11/f6/11f6c7448909a861c8044dcce459a29d914b8dd704c8ff6b564c25cdfefbb4d8.s2ml	753ceae497edf0c75ef95f29b68e1543	901
mods/core.stormmod/base.stormdata/depotcache/12/4e/124ec0c1f8a52bd2193aefe6b4c217ee86edc28954572eef38701134cf1036bb.s2mv	72dcf9c3360bd7ce5c0b2d93b54021f7	22477
mods/core.stormmod/base.stormdata/depotcache/12/80/12805223ef7b1173e89114f6709d54f583ccb206fd664adcb2fc703d8dc5eb66.s2ml	a438f5f105c8a0425416c930828b2cbb	502
mods/core.stormmod/base.stormdata/depotcache/12/aa/12aadb7585d9d54446f08f78d7414db845ce9d732cc06abe45d72f8eafbaf485.s2ml	9e71d863a7719994f086f4023456ac11	169
mods/core.stormmod/base.stormdata/depotcache/12/ab/12ab21edc7990f5a051e74140e1d2420ea2fbbe45d5bd5f9533eab805fa5292b.s2ml	cd5ab2464d695fccd2ab143c8d4231dd	816
mods/core.stormmod/base.stormdata/depotcache/12/b6/12b6bf66e1644c260ea0d2318441db4ede03fe51feefa6475f6529822ebeec29.s2ml	b332eb3b61687472230eb16bd0f52917	5052
mods/core.stormmod/base.stormdata/depotcache/12/c9/12c9c3ff15befbf6be66343e63273a0571d669ed9cdf7926b66c42dd6ac5edc3.s2ml	e3fcf87efb9c4a2e958a906f91798d88	9952
mods/core.stormmod/base.stormdata/depotcache/12/ce/12ce55ea3be59f4f5395f6a19ee4e860cc78b3fdab11be3a5c7438f276c73ce5.s2ml	54e620388b12116b6368ae6ef1b11100	134
mods/core.stormmod/base.stormdata/depotcache/13/1c/131ce5dacaa652127550c175a30220f1940adbc1b9605e53c6497850a7d8e2ab.s2ml	cd2e763c84ff9bcef98293718f9ada0f	2433
mods/core.stormmod/base.stormdata/depotcache/13/2a/132a886cb1f34f21506c5da63918ac95ebc0ac3a50a32ab94859c2a0389ebe09.s2ml	32c7a0312f9a1244ec9aa09bd78f2630	1649
mods/core.stormmod/base.stormdata/depotcache/13/53/1353d06796bc5564524670ee8d254853984450100b72b1096d70c3563173a862.s2ml	8936263a37454cf24e98760145d909e0	31882
mods/core.stormmod/base.stormdata/depotcache/13/7d/137dbfb2028218d64fdfead35a72d38b4a920d3f3527af01fab32fc6292f1eaf.s2mv	a08ac9fcf41026ffed7ef694d8c3e2b3	6703
mods/core.stormmod/base.stormdata/depotcache/13/89/1389af228ddfbb2cc14cd073fcaec01cfdfd50adc3fbc3d8d9ff6ee6743d22e4.s2ml	d66945bb2ab0c6000769fcf7c83d42cc	170
mods/core.stormmod/base.stormdata/depotcache/13/f2/13f21b4029fd883df2e2c87c7e567cac5175860f458ad67b47acfac8863028a1.s2ma	01956c14c75d46bda2cc0c0b19ec4005	4519713
mods/core.stormmod/base.stormdata/depotcache/14/5a/145a5aa77402403eba612568f385cf526ae31a3ce5eb007f7b7c0bc014206818.s2ml	cecc3330da80977128d18b34d712bdd6	134
mods/core.stormmod/base.stormdata/depotcache/14/5d/145d8adb0c87e1c919d4737e26315a853a5a952d1ea4f8d6774112fc3bc671e9.s2ml	4446eb910981e8698afe7636947bf03e	197
mods/core.stormmod/base.stormdata/depotcache/14/87/1487c7ce0f62ad182147c5b75826f8ddc7ee9670c07ee777f39d42b84fd61695.s2ml	186bd07a7a9e1df707ee45908614ae32	158
mods/core.stormmod/base.stormdata/depotcache/14/c0/14c03139e48b813baae6760044d039c6fdf1e33b4de16e7ed9583eb4606a59b1.s2ml	e7ea42cf9b6d83683120c7eaaf2fe57a	49018
mods/core.stormmod/base.stormdata/depotcache/14/c3/14c3f3e4fa05d1fabd71a499c836725d90129c4bdb8fa217e547c7849b609a0c.s2ml	f564600063caf328ceb744f827997b6c	17060
mods/core.stormmod/base.stormdata/depotcache/14/ed/14edf3499eeacf4ee44c6dd6fc4b817fb377a35f39a1b38db310aee39776acd7.s2ml	e254a41f5d55cbab3b444822ac71f180	1281
mods/core.stormmod/base.stormdata/depotcache/15/19/151974a85695a8f4691eaa1170187f12e1fe9c9f2fb448d5d2156547269196f6.s2ml	81e2850a9cd6c7c3724d0a995b58fc5b	35254
mods/core.stormmod/base.stormdata/depotcache/15/35/15356999cfa624a149d8bfd9a111d587074b76ae23393d847b260fd1946c3274.s2ml	8e0f5e1f51e5e6c05231820ac10166e8	185
mods/core.stormmod/base.stormdata/depotcache/15/67/156790555024d8507b24e68f3f58394431076329cbcb04e7e95f7c86c749d0b5.s2ml	8fd5f69805bc0c6cf54fc81006094c4e	230
mods/core.stormmod/base.stormdata/depotcache/15/68/15681af068f204492e2e5615d2d3338e8a9c095f9460967cb0cb87ec087a14a0.s2mv	ff60120fd3f103380ae5be003bbf1c6a	5243
mods/core.stormmod/base.stormdata/depotcache/15/a2/15a28eb0dcdae474f0a6c8c1429465456e1473fbe99cc22b28d0e2f21d27dcfc.s2mv	9c05628d09ec961a609c10abee4c6123	99248
mods/core.stormmod/base.stormdata/depotcache/15/e7/15e702899ff61e129b8e7670ae5908d58bfb065935c845faea839514c2222a62.s2ml	426c3821e638754c2f9828fcd0f1f608	164
mods/core.stormmod/base.stormdata/depotcache/16/01/16011e8623dccf88550cfba7b6a5945dab56e615a6bbb46b18c53c881c5d0f4c.s2ml	fc3f663e8eccfb05ceca5fc3f6a30484	1891
mods/core.stormmod/base.stormdata/depotcache/16/25/1625573195da53a1edd99dbaf4e3048a4f91c200c568fc8dda3bed61c0c6f360.s2ml	5a9f7d73a810b152feb1bb8ed1b949ef	1343
mods/core.stormmod/base.stormdata/depotcache/16/31/1631cca741981dd88e08bf44a76d445365174d9e14ca74e96bde734fd6503384.s2mv	c921bc0b254a266a1b61e226b33401d7	2073728
mods/core.stormmod/base.stormdata/depotcache/16/6b/166b3b202a60bbe218777ba6ecfce2f33b63baeb86ccdaf1aaf233672aea0763.s2ml	6ef4ef9acd90ecf611b76e15a2a83c30	25746
mods/core.stormmod/base.stormdata/depotcache/16/9f/169f585304d33afdb7cd3ddf2d901f559972a40bda22503a8a07afadb76535ac.s2ml	64ce866d907678ba7d99eb74bc5b2ea3	1234
mods/core.stormmod/base.stormdata/depotcache/16/c9/16c964bf828e24fae4db47d77adb08ff73a23ee8441ef865768b39699c442713.s2ml	ee88ad4d1ecad82e414d04b0d99a0215	315
mods/core.stormmod/base.stormdata/depotcache/16/cc/16cc50d72437755dd4da75e620f0bd9d8a0c803d7e3f477ae8b42455e7038743.s2ma	6c6e4fb8cdddbb6698e922ba876a327c	184643
mods/core.stormmod/base.stormdata/depotcache/17/4a/174ad63f6735239ab05d0b406177f874f6df8cc2fdf58fe3b88d36dfa27f5ded.s2ml	4f895834dc31b6d11dec56ea4cf5081c	488
mods/core.stormmod/base.stormdata/depotcache/17/68/17686b7fc1ba23592109285f50605d10e53066bfe429b802ad6b84609b8e9d6b.s2ml	2281cf257306fff37e4a80fa6959bf94	9606
mods/core.stormmod/base.stormdata/depotcache/17/68/1768b3346852c1d8595ed3e2fe22a62d57cc23997538719d8e52327f00edc0c1.s2ml	0524fd69d21490139daf1e9fb10cf415	510
mods/core.stormmod/base.stormdata/depotcache/17/6f/176f1015e627ed12445c2228a60532ae9e06889b4c931d3ba85733fd0693d1ef.s2ml	c927576bedb513fa69877e384ddb64b3	137
mods/core.stormmod/base.stormdata/depotcache/17/76/1776c2e61019c5c85a91a4ab1381c2f95a86b8d1eff213e19c2aa76a78b3f927.s2mv	fc1a82415558cd6605d08206215f37da	1036928
mods/core.stormmod/base.stormdata/depotcache/17/7f/177f918fe41c458ec67851050f7926a0a6b200b743dd6253f5299acf66599083.s2ml	43a435a703bdb59ff921c76fcc3274cc	416
mods/core.stormmod/base.stormdata/depotcache/18/03/1803ae95729173a52ae557d564456338f25264ff89501fa9ee36eae18e9090b2.s2ml	9711ddd98c2551666c83a7d1a27f3d76	525
mods/core.stormmod/base.stormdata/depotcache/18/3b/183b9541699d69ff72ee3f95b4e04865735a5bea0edd18db5ac19620b6f5ceac.s2ml	f6d3b36c46e108bfb732aea6440ef373	41542
mods/core.stormmod/base.stormdata/depotcache/18/58/1858dcb9220ef725fc0746c9bd17e357bac29c0249b59d84bc2ce6b93f373a0c.s2ml	5ed0f265bfc412738aa9589b92a9d022	132
mods/core.stormmod/base.stormdata/depotcache/18/60/1860ffa5906bb6ee8054ed080a4afcefaa534d4643ce0781aad84623724442b2.s2ma	618b142b458e7648d595afd926ea52b9	1953709
mods/core.stormmod/base.stormdata/depotcache/18/7e/187eccf2275279a7b2458a4cdc5f1df144c2dd5a4730040667030d9c7d52f32d.s2ma	885e7882f4844299277b029b87a817cb	236964
mods/core.stormmod/base.stormdata/depotcache/18/7f/187f68c3aa70dfbdca2240bcc475506deea3b1b4d350d358f21bfe7cbc192933.s2ma	1be1e68a7775bd2061de1c962363e41b	44957
mods/core.stormmod/base.stormdata/depotcache/18/cc/18ccb3c653c5bcd1b23d7137882a57063d9a0c3c9903059cc999d74dcff1ee0f.s2ml	cebb040ebf5a2bfca19116be62081cb2	502
mods/core.stormmod/base.stormdata/depotcache/18/fe/18feff6163e7a80b571471c187ae80babce8a961f15145dc056d32e1975fdfa4.s2ma	659e47dc429229883bbca7b8001ef940	2827893
mods/core.stormmod/base.stormdata/depotcache/19/2b/192bd0d267be895797313662ba0ab1d4522cef52542ed316c2c8aabf155074b9.s2ml	2f8e7869e6edd71b184869638f343e0f	996
mods/core.stormmod/base.stormdata/depotcache/19/5c/195c12edafa57f19ae7d17bf324c08aea2e71c8d148ba91e093c4f6fd467ac17.s2ml	80e6c1bd7ed2c119b40f6e85deb6a6a1	1469
mods/core.stormmod/base.stormdata/depotcache/19/96/19961a2eed04b804c4c5bbc45809bdad15799ff6d037fd90803d9a4d2b39f662.s2ml	6b5e67c3f8b748de6cffcdee472ebfe5	939
mods/core.stormmod/base.stormdata/depotcache/19/b1/19b14b112527951715aa7924567da2b5ea9bcc9a7d59f0f2510b351144dc96f2.s2mv	d0ea55bb81dcd2e91ae31066f57aea1d	799052
mods/core.stormmod/base.stormdata/depotcache/19/c0/19c0c17baf24e0134b2341a571bda7ed6e2d88363c3a33ada0bad8889c28fa76.s2mv	796dd85a36e56b78596eadabaa7346ee	99248
mods/core.stormmod/base.stormdata/depotcache/19/c8/19c825e877e5ab8cd732056bbb5117b3647f41e65aba590bff70916be7b75b3b.s2ml	49851aa7314568f5bdb80a0ea5fb8fbe	161
mods/core.stormmod/base.stormdata/depotcache/1a/0b/1a0b3fc1cae801d41f68be7210cb9b9a0ef6e32f8476d70090e49cd266812c51.s2ml	a32847baa6b2b39bdacc0402548794b5	42961
mods/core.stormmod/base.stormdata/depotcache/1a/2f/1a2f4212184915bffce06fa2f70ca927c82726414550e50671411eeafd4bf7f3.s2ma	2241b1e9487b6fa42c8ec8630363de82	52699
mods/core.stormmod/base.stormdata/depotcache/1a/4d/1a4deed6323bd28111db89f7330003720b8a81434b8692dc2387bcd20f871862.s2mv	f5890aa5b7e39a7fecc8a0ba68364f0e	2131
mods/core.stormmod/base.stormdata/depotcache/1a/62/1a621d15ea422873d2a8974244bea86056ce2aba2aa7dcfb9b1f808b6d444f4d.s2ml	27fd2bd97d94906f2ab0d39529aaf237	1461
mods/core.stormmod/base.stormdata/depotcache/1a/7f/1a7f623834a3ff5cc82ac081e3a8930746ba04e57181665a4086133e857159db.s2ml	71ca137252d59ba194230eb4c1a2346c	264
mods/core.stormmod/base.stormdata/depotcache/1a/90/1a90a586b3f97cf11800c8f131579252ded83a6290d2f32b9728611ca969214b.s2ml	34557eeb906a4cfc97c0812e8b132e8a	1148
mods/core.stormmod/base.stormdata/depotcache/1a/a7/1aa72df9ba24e560d8d2889f0c3100e185eb7b728ff41cf95f439412821d57b5.s2ml	75be5d5e785fb1ef2e45db173452842b	1108
mods/core.stormmod/base.stormdata/depotcache/1a/cb/1acbf96f64087057f1dc35bd70e9979a360a2ecdb80531c787f42a5363903ac5.s2ml	4aee8aafb6d6cb8b403dd436c7c6ae95	2639
mods/core.stormmod/base.stormdata/depotcache/1a/d9/1ad94c126eb98a4c1de7b8e6f8aaa153dba52b09d3825e0c89dbc5828db70f76.s2ma	aff001d86eafa165cd5c62fd99b36326	31
mods/core.stormmod/base.stormdata/depotcache/1a/ed/1aedf8bf140a50b7acdf54356e25173196b533f54dc3989f695d8f03511baf0b.s2ml	045a073a680a503cccbed765bc1c3bce	1793
mods/core.stormmod/base.stormdata/depotcache/1a/f0/1af04d843c779d76ee6a0aaaf2f43709926fb3dc3c39414c5b23823b1d71a494.s2ml	e6ee4ea709ecb98125ba7c891c11a2dd	282
mods/core.stormmod/base.stormdata/depotcache/1b/16/1b162f52f10f2a86c0ee6f6c66fba50cbc438548700b9dbd91d6b0338ee589ba.s2ml	800504c582e806c43aa4c217695eed82	970
mods/core.stormmod/base.stormdata/depotcache/1b/68/1b68814a7b41354da202b156b768f5f154cd5bd0fedbfff7e06f8963cf0a6128.s2ml	7aea41d2a65141c3866e08c214ba5f4f	54324
mods/core.stormmod/base.stormdata/depotcache/1b/77/1b77c3582143527ab43c5c58488fce664342593d3a08b5429b757c2a11e50cfa.s2ma	bc4656bc6d95afda3b0a2b77f565d15e	18093
mods/core.stormmod/base.stormdata/depotcache/1b/8a/1b8a5a8e3574f6a19a30b5b419d16cd75fc40c1078c4747e956599f2a8a70cf7.s2ma	f9b6bf869c1c1c43fe7bf6d157baeeb3	78264
mods/core.stormmod/base.stormdata/depotcache/1b/95/1b9520014662d17014a2ec5d58e3f1423880c5ebfd9d4c4cef4a7fd2b6ba5df2.s2ml	b8cf2c3971b57f1cea4b2628ea93443a	203
mods/core.stormmod/base.stormdata/depotcache/1b/ab/1babbfa94cc2e629acf19ea364cb3c1294fdc8999d778e9af14da87ce2028bcf.s2ml	bd5d1448739f2a4bd686e29b0b4dc1a1	42965
mods/core.stormmod/base.stormdata/depotcache/1c/12/1c1255efa148c2ae05b195aa6eb925d83aadfd0e5fc17de7375bd3524e17167a.s2ml	2550c5520138867b718445253274b33d	235
mods/core.stormmod/base.stormdata/depotcache/1c/20/1c20b239c77ee1e566c3e7e8f33e7dc7b8cd26f04fbf5b0404bd85bb723fc080.s2ml	597053a781a869604325eb8f6ce8293a	6783
mods/core.stormmod/base.stormdata/depotcache/1c/24/1c2400bccb64ea5b51128072e306b5734d5c39de5241f0d8a3f891fb4dd1e38f.s2ml	fb338cb39e152099e8a5ede248beb6e7	868
mods/core.stormmod/base.stormdata/depotcache/1c/30/1c3015eaff023dadb86e323fb5a26971c8d849431055a3683c0b18d6ac7b5b73.s2ml	588af20302b0f97325745c4c83aeb790	871
mods/core.stormmod/base.stormdata/depotcache/1c/52/1c52904d7f946aac1c0e0368ff89010df5030ae945086da89f6c22bdeef57b41.s2ml	2d594d6bb452a59ee1cb7e18153918b8	870
mods/core.stormmod/base.stormdata/depotcache/1c/8a/1c8a2cecd4a069624557139909e3a0d3eafd669ce934f5ba0535ff22e07eeb20.s2ml	fbeb6f511b4833844c478ae3745d3688	137
mods/core.stormmod/base.stormdata/depotcache/1c/8c/1c8ce08ddb94c00030d165e610f3c6fbcaa4c54479046b9825fad0492cc1c05e.s2ml	3a1525df2a91a6a032d854d3a70265e1	380
mods/core.stormmod/base.stormdata/depotcache/1c/bd/1cbdcc4538ff504698fc8ca5eee7087f596b152aa142dcd3c52a53094725755f.s2ml	b54fa011491622a55e9e61b37b1e7a61	3625
mods/core.stormmod/base.stormdata/depotcache/1d/01/1d011c75dc3430918961224817b406730e56ee310f15f00c4c146a576eff5cb7.s2ml	b0f5447d65444b2203a9cdbf58f4ce78	1361
mods/core.stormmod/base.stormdata/depotcache/1d/24/1d24a389aac8fb67d2bfe35ffa2a662d898a5c2493a1e120972370059e3e0c7d.s2ml	bec82d18cd6835f243288cd17e437d41	17602
mods/core.stormmod/base.stormdata/depotcache/1d/44/1d4468886e10a3108a2d4cd4a4be4f14ac6b306d1f0a919906905dea15bc7f76.s2ml	60adfab6d94f543fcf5deb484fde0e7d	168
mods/core.stormmod/base.stormdata/depotcache/1d/51/1d51f730dbf4a6f3ea5f4d8f3882912f394f76818537401828357c2b37525ae6.s2ml	a891741aa47926652d34519fe1414288	165
mods/core.stormmod/base.stormdata/depotcache/1d/5c/1d5cde523041d73f5864bbe170adea4960efee560f283c08885a0de935aa95fb.s2ml	5a13ded56b040d03adb72f97d8e7642e	34150
mods/core.stormmod/base.stormdata/depotcache/1d/c8/1dc80860bb3954411a17ea0131aa935b413a3d99523030fa93b7643173849fcf.s2ml	c16cedad8c6d912ff7d9d634434a2981	165
mods/core.stormmod/base.stormdata/depotcache/1d/fb/1dfbedb3d346a227cf55cc7d66850a7dc020e8a890f87aee59b11be003e854f3.s2ml	caef8d8adcc6b2afbb6d5fc7c51f6dba	347
mods/core.stormmod/base.stormdata/depotcache/1e/22/1e2213518faaa4038ea0aaf6e4f223168d7e5bbfee2b95b32070baa0bd97d832.s2mv	bdddd4c95ed41605028aa789764dce23	41776
mods/core.stormmod/base.stormdata/depotcache/1e/28/1e280e1ed2846f56e3a26f55751a6e1e01c904ff4a59f05f15953c2397bfddd9.s2ml	f65a72c74bc51f3904deb48a18ef3d04	1280
mods/core.stormmod/base.stormdata/depotcache/1e/33/1e33809f247dccd62259cc984bea23856a1ad6dcc7dd71aa6bc274d6a381e5e1.s2ml	b634cf689f9b8cf536bb38055c929ce1	495
mods/core.stormmod/base.stormdata/depotcache/1e/4d/1e4d06b059f7acea0467e00db2f79ab78f6a2aff708e47203840cd9d508a917b.s2ml	75968e08190b2b7789485bc051bfad68	1550
mods/core.stormmod/base.stormdata/depotcache/1e/79/1e795d29efb90c09a2d0663959cf648e95a5318a55502ea034c6cffb9fdf15e5.s2ml	e82a8be5aed72ccd8ea167d9d83efb59	16627
mods/core.stormmod/base.stormdata/depotcache/1e/c8/1ec817051c692e3198f4284b512c4acfda525aa69af7e8ac6dbb4cf050e71d95.s2ml	359d1a53108499f6495fc1142061f432	362
mods/core.stormmod/base.stormdata/depotcache/1e/d8/1ed8840dcbf5cfc4aba734ffc4dee3fab23c5ebe5df66dc68c88502319b77bd0.s2ma	120e104344fd228f0ad65a51635906c2	263588
mods/core.stormmod/base.stormdata/depotcache/1f/1b/1f1b228ddb1f72205cbfd444055287100b0f39959be816548162e4081ea85511.s2ma	1ba177c1ecb7439f5b793bf44e3f1363	28
mods/core.stormmod/base.stormdata/depotcache/1f/31/1f31a27bf63254c2000aba3fc818925198e86c63cd65ccfedfe06f93a29394c6.s2ml	33d6cacb2271f7ed2d3bea67333ec14f	994
mods/core.stormmod/base.stormdata/depotcache/1f/bf/1fbfb502fd3261ab86f3383a98f5a821de5f61e28f3844d423a853ef3be4f22c.s2ml	001753d76838d96a5a748b619352adfe	5424
mods/core.stormmod/base.stormdata/depotcache/20/01/20016ab8642f8d10472f7d04418d30b93b6d0ec322fd692ab088df6cf84c3921.s2ma	9a0c4edfbc920b63cebad280fe8ce2e4	2066622
mods/core.stormmod/base.stormdata/depotcache/20/2e/202e64ec5de765b65dc8beaa8586f57fb4d3fd135b0fd16b797032b1e02696c2.s2ml	fd0d94149e0a401cb78dde56917614bd	35228
mods/core.stormmod/base.stormdata/depotcache/20/32/2032d994ec3c6420729e89831f6188f0fb26805a89dc2a5d71897650360720df.s2ml	6b48eeff43503a346c1466a358cfae95	1169
mods/core.stormmod/base.stormdata/depotcache/20/80/20806d476e4352312a70ef78768aa1ef61097d6bd7308e7b8b23e804f237e2ed.s2ml	6bbe3e2abf9412a0427c95930145cc1a	1799
mods/core.stormmod/base.stormdata/depotcache/20/9f/209f5830ae0cbfbf12ed00f083988b51d67d9df9d2d77f62f62cd1973a74a5a6.s2ml	3776a9a7a24616daebaea040d11e8197	732
mods/core.stormmod/base.stormdata/depotcache/20/b5/20b5c6d946dabb4e2c3d6c3e61b1fda8eac1630c1429708840b4770d89e48b02.s2ml	428ad2f1096d6be8b68fc21a40fd6806	38637
mods/core.stormmod/base.stormdata/depotcache/20/b6/20b6022d8c7d0b6da129ea0b91761d9fb0424677c96f43d47cd91aee27e42d91.s2ml	ccbefc333e6c3f2bcfdce0a99de72803	358
mods/core.stormmod/base.stormdata/depotcache/20/bf/20bfdb11d78c9db82bfc154b0e0793992a4b51528f135bf8d75fe662c1a385e5.s2ml	f18269db0299cb332833c041f4d4ec81	372
mods/core.stormmod/base.stormdata/depotcache/20/c5/20c50d32e4e23d30b9a27b1a280dd48f7e29297b985b23fedecbf8822af6f7b2.s2ml	10dde36ed47b03d510a1e8cdd5785d6c	179
mods/core.stormmod/base.stormdata/depotcache/20/e1/20e15775ee204d5ee0e687ddddb24affd78be500e17fd7c4702a49b5293355a9.s2ml	25891316c8e273c813d9ba572567c699	259
mods/core.stormmod/base.stormdata/depotcache/20/ee/20eedc063412ab9368a3adbdad72e325c0be6bec0871acbdbe24bb59ef4f1a9e.s2ml	7b46aa0c2143f29468ab547bf40cf6b4	138
mods/core.stormmod/base.stormdata/depotcache/21/11/211119c1862a0ca8e19185f8d7c55a38ccbfec2032cd563d91e5b5d0ad3dff08.s2ma	d8dcb6fc75abf515ec17cac483734881	184919
mods/core.stormmod/base.stormdata/depotcache/21/26/2126aa648d8a55e2414751accb0add0c17fd5bd50ede30fb232acd8beaa23e01.s2ml	99ab65b88ba4f60c3f29cceb1f9c7529	1407
mods/core.stormmod/base.stormdata/depotcache/21/37/213722b2abedc5951ad6f3aeb2e09a837e920d8c40a73d247816f3498c57c047.s2ml	b469883cb54234a4110463f077ee922f	175
mods/core.stormmod/base.stormdata/depotcache/21/5f/215f4ea97707fd6e5dac1795bcd03006d853a04776511a0992dff67a0bba8cf0.s2ml	786084f3ce8619c315de81c3fdf19b45	400
mods/core.stormmod/base.stormdata/depotcache/21/b2/21b269e7eba7044c1dca2914e8cfcb0f0257f8fc927b4625a6e5973ad1737ddb.s2mv	3afc6cb21650e928f7ea3117f8cea423	24690
mods/core.stormmod/base.stormdata/depotcache/21/b5/21b57211a2fd747c4f2da1b42473715240c6ba902bfaff57e8d178fb1c6c4c2d.s2mv	da4d8ecdeb245d6bac34e5dea80a4572	3302
mods/core.stormmod/base.stormdata/depotcache/22/01/2201ff13ad259dc675894c92dc1d4fbf19033f2e272f1e8d1da2f40cf90f1652.s2ml	858bf89d04cef1c5d6d9bbdadd860d5b	328
mods/core.stormmod/base.stormdata/depotcache/22/82/22828a71b2d25b1e34db8dad9abd636a19666b1ac4d5c8264de3114ca02a8ac7.s2ml	1a9f42fa1f1dd8a8c2ff8e49ce1f4435	180
mods/core.stormmod/base.stormdata/depotcache/22/aa/22aaacd2cfa7141fd3ef420cf988759c2ecc71c7b5b46aa0b0fc050069e65001.s2ml	a55ded4d5d2dfa72d211a86ad9b32699	6931
mods/core.stormmod/base.stormdata/depotcache/22/c4/22c4d005a74cef3a1a8f25512b6ce343b3308d1e9eaf34fff142e38cf56f4287.s2ma	9aa18aeb7c0547e96005fccdd1bc88cf	248504
mods/core.stormmod/base.stormdata/depotcache/22/db/22db5e403c20fa29678aaaafb26d273856be1d8bc38742c375f3d5ff9485492d.s2ml	c22b013d06ed66b41e8db402245629f0	190
mods/core.stormmod/base.stormdata/depotcache/22/de/22de53b36dcc2521b0ae391bfa79247f234b9078f6bc40840c436ac45912ec0e.s2ml	cb491c86f14ff9c4ccf7d015aff589b2	194
mods/core.stormmod/base.stormdata/depotcache/22/f6/22f6296ee53c4312ce8957f7a9b65866c79447c75f0821b2a168bf8126025c04.s2ml	56acc2f91538831a3d2ebdb66aac61ec	1010
mods/core.stormmod/base.stormdata/depotcache/23/12/2312e02734dbaf1f05a4243b26a43201d91aca1c9bf8c5b87c7189af3b10f047.s2ml	bf3efb5cbca1dd8bcabe1422ffcdabae	1250
mods/core.stormmod/base.stormdata/depotcache/23/19/231913e380b830c4cfce1b8917d92c80aa2ba73c2f98f75f76aa37f61d675097.s2ml	dc6f69291321015d8d2d96fd60c6dd27	555
mods/core.stormmod/base.stormdata/depotcache/23/5e/235ebbae0a00acf4d04ca1fadba79ff653f91aeb7a0be89321befc64463cb1db.s2ma	db455f805a34ef5a267afa68fb1c7981	67658
mods/core.stormmod/base.stormdata/depotcache/23/6a/236ac865590c403fe4c0093b51174ff2b817062d3385349e799bcbed427d21c6.s2ml	b7ebf73ae642c41c94ebe5d27a921bf5	147
mods/core.stormmod/base.stormdata/depotcache/23/9e/239e1946889a9c95ff0f96999cf4d331583dd77592065c1dfba2d07275ce4882.s2ml	e2076d297929e584b39b455a7afe2aa7	393
mods/core.stormmod/base.stormdata/depotcache/23/a9/23a98779fb3444d892ce1340d1978612ac217fec9c0549580fb06f8e2899cc31.s2ml	89b109a23477ac7cb3ae616bd92b8565	1829
mods/core.stormmod/base.stormdata/depotcache/23/ac/23ac1b453b5faa04f9b4dd1995f4113de88b60997522b85efdc0031082ac3f9b.s2ml	c65287aaf1be747c968d1f3ee9614f49	367
mods/core.stormmod/base.stormdata/depotcache/23/ca/23ca10dcb27c6d1687b92d57e2f848fa2ff57310cd9c50959da478da0004e494.s2ml	f25fbd94cb14e2228d1985ff4239b38a	893
mods/core.stormmod/base.stormdata/depotcache/23/e8/23e841fc5811b57f120ffba76e0e158863920feea1da70a104d3c94b3b3d5331.s2ml	c96ad043b1bb65aedcd732bed5625551	174
mods/core.stormmod/base.stormdata/depotcache/24/01/24016767597752d922acb47c402387cd7004c6770b9e1943f385931695ef4b9b.s2ml	4f430495abdee351f04f06d6d6b444d6	1288
mods/core.stormmod/base.stormdata/depotcache/24/2c/242c5a4c8738facb318bc68e5ad3f94aa2ee3e22106e65a4a5ac4094c7bb7d3b.s2ml	47b61e81aaca1f4023a31e770b614224	167
mods/core.stormmod/base.stormdata/depotcache/24/94/2494827135f2173e8184cdd045eb517c4dc7db381a3707c254c54d83e41a44b3.s2ml	e623ebb3abaaff561156b75362596910	16711
mods/core.stormmod/base.stormdata/depotcache/24/c3/24c3f4bc58228e01972bdf60945ac434ca5dc35e6a79fc6830a872da56b38476.s2ml	cbcb874200d56d348aa1b08f7a114edd	162
mods/core.stormmod/base.stormdata/depotcache/24/d7/24d70a739b1c6c2673ac195e4cc12116fff41fe75a9fc92e886df54b28f57877.s2mv	67da522dd6be0440ab96ce55291f23ef	3804
mods/core.stormmod/base.stormdata/depotcache/24/d7/24d7e325fee188b8077a50b82e22ee8142a2c0303b3696a2028e1b0aa2e2b746.s2ml	c8ecaa1aa12e4751ff0732e106ac732c	174
mods/core.stormmod/base.stormdata/depotcache/25/15/2515394133390a40dccef9bd4eea3eb842208c56087162252d53b8b4dfb70c36.s2mv	5de923efe47cdc77de98a5c2a7595742	35052
mods/core.stormmod/base.stormdata/depotcache/25/23/25238b5bc8a58511b99f9075e9ac3daa445382e0add48850f0b141d6dc59eeb1.s2ml	dccf7eede4c463c7039c151e3c9c0b18	788
mods/core.stormmod/base.stormdata/depotcache/25/24/2524b228d51b6725650fb16132726ea5f2587ddfd4bd7aa271c6e91aed115c71.s2ml	ab5efb80260960327c18e79ff43b3aac	352
mods/core.stormmod/base.stormdata/depotcache/25/39/253903e5546ff8c1ceba0a230afc8615aa1bcc682f92baeecb24683baab62f9d.s2ml	06ba950ecba347951013952415516517	159
mods/core.stormmod/base.stormdata/depotcache/25/77/25777b72c6f21841b220b6f93b80c35e45bd418188a197c2b44295347a27cf54.s2ml	45df4838b54534c153c3641d6f0bd045	290
mods/core.stormmod/base.stormdata/depotcache/25/80/25804bf320156a2f0c338fed6154fbf3b452000e8344d3871cb09f3073542865.s2ml	460b186960ba59a32394c663b48efdbc	159
mods/core.stormmod/base.stormdata/depotcache/25/e8/25e8a79f0d3a184234ed0306de730dbc111e15cd7dbc9aca10a3628b2ed70f01.s2ml	ea1145dc90daf7b24ce26496d128a80a	1196
mods/core.stormmod/base.stormdata/depotcache/26/73/26732dbf5b65bb8ec4eb099ade86482c9fb0bcb5327ba141d47a8ab1fd7604ec.s2ma	9090b785e52542d11a5594560990a2fb	106470
mods/core.stormmod/base.stormdata/depotcache/26/80/2680506e8ffabdd98f9443bb4af01798eeb2f1dc3c844017b90cce50e2c1396a.s2ml	bebfd554df4bb509fc82450aede76a13	1189
mods/core.stormmod/base.stormdata/depotcache/26/a9/26a92663bdd0439e5586283cc546d45877347f0ff4cb095a4f53e5bcea7c7c63.s2mv	980f223cbb664bdbf50aca90df126d0d	799052
mods/core.stormmod/base.stormdata/depotcache/27/1b/271ba33651a161b777534ba8696c70673ccd72d9df2d97b3e5f59fc5917c1907.s2ml	c32b097576dcca0899778d4a1642b214	1580
mods/core.stormmod/base.stormdata/depotcache/27/28/2728820211c782940b80e5719dda08ef920e15dbc565de273d32f022ac043b96.s2ml	e46c20f01b833c446d8b86e33d5e094b	312
mods/core.stormmod/base.stormdata/depotcache/27/49/2749737f46f68fe735bba70655de348a2bb88706fa7f9fb1bad444c53fba3d92.s2ma	366f83b6bb6696f5957a076e5f673c38	31
mods/core.stormmod/base.stormdata/depotcache/27/5a/275a4f076c64c054d746fc6ace8b00617685f1ceb899c6c295f185cdcc8d4073.s2ml	c01db06d1fd487190483c984c384b016	1789
mods/core.stormmod/base.stormdata/depotcache/27/5f/275f02535a4ecd4ee4f84634c766e15f00d0db9cd9bc3c95d0644a2a92f02652.s2mv	30fe161e609621c311dbf70f8a09e639	5356
mods/core.stormmod/base.stormdata/depotcache/27/6e/276e8812834fd8848d3976b9caa2757d71ccfc299b895d4fff27f3e11f7dc5e5.s2ml	10a9bada24c9da7f06692d6ae1af6a5d	386
mods/core.stormmod/base.stormdata/depotcache/27/76/27762e6d57e1351da2009354b619347b35bc1cb55060d1dcd134ea27d6f62c01.s2ml	b1510a1974949c01d466e49da3986e74	1124
mods/core.stormmod/base.stormdata/depotcache/27/82/2782f674b7edc4a45bcac35f8460b79563fb432f7e4720f1addad42394e67954.s2ml	f81bcbd73cb595f2489a2a13f8b17394	1029
mods/core.stormmod/base.stormdata/depotcache/27/8c/278c6ba23527204a4c1451bddd577b60f772ab7fe0300722919b4493738651d1.s2mv	ce604644f897a87522656acfcf9a2dee	99248
mods/core.stormmod/base.stormdata/depotcache/27/b3/27b3b443790b512314cbdbb1fcb567834ba0742111464edda9582bdf4668d2f5.s2ml	8ac0737885c55f884d3b570d029ea23f	640
mods/core.stormmod/base.stormdata/depotcache/27/e1/27e15c319c96279df1d226d94e504c4d5dd6e8c6d916e345a86905444e06220c.s2ma	4161c6e481922f8ea1c7c81069f9b71e	104198
mods/core.stormmod/base.stormdata/depotcache/27/ec/27ec1dba42695e6c028db2bf505baa7ee2549349c630b60f4bbdcc78d68bc8e8.s2ml	5f01c2baf861c49ec5717075e5ddac87	518
mods/core.stormmod/base.stormdata/depotcache/28/13/281362238504f7ecca9a26d3feb04a538ff8cd73a8b2376f41c56003a95324b3.s2ml	65604d07de65f53843ecd4a4ec263d3d	511
mods/core.stormmod/base.stormdata/depotcache/28/28/2828909067e3fbd5396ed7344954a3e171c3e7d5e1a0ae0943546fa396e431a1.s2ml	f9e422a009ddd78c4250ed719b033fb8	461
mods/core.stormmod/base.stormdata/depotcache/28/2a/282a3493abfce55aae1eb6afd89e152cd0415d09cae12b015ff1e3365311c544.s2ml	db5e2f74afcbbcf49b2d6dbf5420b682	44509
mods/core.stormmod/base.stormdata/depotcache/28/3e/283e80514d865b1fabebec1fe02529b76c8c0daa7d36596c08ed519b8be581c9.s2ml	1e4f96acd7458252670fa7dae6d01ec7	312
mods/core.stormmod/base.stormdata/depotcache/28/80/288040618a3932abfb4aca6d827b00676e64910e0a7c2779f9e51a1652317421.s2ml	4c943f1d434f612830ef034c2ec3b122	1125
mods/core.stormmod/base.stormdata/depotcache/28/92/28922f3b613354d8cc34b8be7197e6d5536253f5c08dbb75049ab5ae3ee0a4de.s2ml	2e3bd8a0ec2cdd7d4fc8703294f5a0c8	1870
mods/core.stormmod/base.stormdata/depotcache/28/ae/28aefbfaa9a7304226a8ae3cf5f1d9dff1a3f242274f132815af4fe4784f97bb.s2mv	7b90615e85ff99b18db2f60dbb7d8f45	25192
mods/core.stormmod/base.stormdata/depotcache/28/b2/28b2793aad54b4769c1fe2729862d16e927a5f3f09ec07ab736d404009c5a3b0.s2ml	57c8379f58465093af540febb52e47fe	415
mods/core.stormmod/base.stormdata/depotcache/28/d0/28d0a9a2bd866ff69d9f94a5120f59e789a6cf2397eefe48e80d9f39ac8526a7.s2mv	22e24cc290fdacfee0cace8a57f149f0	24518
mods/core.stormmod/base.stormdata/depotcache/28/d6/28d64bcf357d914501b099e72d3b9cb6b93fa01f79edefe7dab3113a2c4e31c0.s2ml	63e4f91ec58006b77b2e450e31a804b3	136
mods/core.stormmod/base.stormdata/depotcache/28/da/28da245773e9864783892d2305cad699154d1b28eec30e3aafc62d4f8890150a.s2ml	c43f79d3d5fe682b567cb6417646ae54	179
mods/core.stormmod/base.stormdata/depotcache/29/0a/290a306a9c73d4377e73d1a4345335d18169bec7f868ba46f479addc81ea69e7.s2mv	bececb43ceb96f219cf9d7d22befd35a	31370
mods/core.stormmod/base.stormdata/depotcache/29/43/2943e26b2bfd70893aa6061bd3daabadc513dfc93587cd68c8120acc883da424.s2ml	96c0d757e1e173f54f258c3305bfc284	802
mods/core.stormmod/base.stormdata/depotcache/29/68/2968439c507c1332861681c97a209dbf673fbb869fbde3e6a9b5b441382dafef.s2ml	f99be20c5b15dc823b8aff05cfa072f6	1257
mods/core.stormmod/base.stormdata/depotcache/29/75/2975b914fcb9823ecf6de43eccf99278f97cacec620d5821b7e05ad1026871a0.s2ml	8c4d7719bcb853c882158e95685b5e3f	128
mods/core.stormmod/base.stormdata/depotcache/29/7c/297cd1ea337b7e8bf6380c0c3956ab13370eb09ccc0f1c67c1865e3c8cccea2a.s2ml	4e158fb7e5640360ca64de519e3d56eb	1942
mods/core.stormmod/base.stormdata/depotcache/2a/27/2a27550ca3d1244b362073061218a4df8bdb76e320c1e254bac4b4c4d59a3095.s2ml	3c4593380fa32a143664f8126340fa0e	131
mods/core.stormmod/base.stormdata/depotcache/2a/39/2a3967f0161a14aef2a4463620819ca18266f8d84028617ced420700160a92ab.s2ml	d40212656d708e2a8994aef2a90baaea	164
mods/core.stormmod/base.stormdata/depotcache/2a/43/2a435a462942ade1fd8f8f85b1b4fb62c0ec4c7e88b5c690c7c64731c0878a95.s2mv	544c30104095fd2cff898b07d6dafb42	390356
mods/core.stormmod/base.stormdata/depotcache/2a/84/2a84722357244a762a0f6ae538024253ddfd4769c3dbdedfc4eaf08d9b9c470c.s2ml	a584d6c06fe2279e34a1c25b62dc1071	1572
mods/core.stormmod/base.stormdata/depotcache/2a/a3/2aa37c1de0bc2af79dba242e4e7ed29e9f8bd7ee8ea34a15e35064fd112ace33.s2mv	34a205c96919f192a06328e67791668c	99248
mods/core.stormmod/base.stormdata/depotcache/2a/c4/2ac402f27150b5aa7a26971c563a4666524e6f300e93cbc18a580753cfee842a.s2ml	cd8a2a084ea8a65f22ddc91c92a8c7f5	1326
mods/core.stormmod/base.stormdata/depotcache/2a/ef/2aefe29b0856b4e5a137a47051585ea06e3e6e1fbaab9333ab5642d26f3d218e.s2ml	af0a08a7e6dbea847082c0f2389997c1	1265
mods/core.stormmod/base.stormdata/depotcache/2b/06/2b065550984fd8cfda5e2a5aa3a98b6eb20e51c032fa2c9dd0189563c07ea8a0.s2ml	5b7ffd410fbaa36d76a223c22b17454a	2277
mods/core.stormmod/base.stormdata/depotcache/2b/09/2b09bd9fbf392b1aa61355d2821dffb31291d7dd159204894e90f3d5fd19e488.s2ml	e04876f7a276ddbacb54204df6045f0c	134
mods/core.stormmod/base.stormdata/depotcache/2b/12/2b12d1159fc5b65dff0497db55d3d45f314ea9af0ac7a9f797e6f708d5b1f385.s2ml	8c4e334b400aae6cac8eccaa6d892795	826
mods/core.stormmod/base.stormdata/depotcache/2b/1c/2b1c2dfad4b0e092434a508fe0210c6b87db18a5c3902b61b3e73f1e17347e27.s2mv	8a9ca56079b21267fd759c915d37ca73	16428
mods/core.stormmod/base.stormdata/depotcache/2b/37/2b374f2d4aef3a62e768ccba2b8920767ee2408c89060f283033627ec3a633ce.s2ml	abf490ce40b6fac86e2ee364b42f5b6d	750
mods/core.stormmod/base.stormdata/depotcache/2b/6a/2b6ae26b8fa38de7ce418d6d702bf46a9e07826cd6c4956b334e02abdea77a6c.s2ml	a26c0859ee81553cbeac59ef3a34c0c9	126
mods/core.stormmod/base.stormdata/depotcache/2b/81/2b81317d7d6586292ed10762a458381613a2cfe911e74bdd2d0e33ac0bafd736.s2ml	9bb7a05e7fca6ce49971a8d613a8f425	418
mods/core.stormmod/base.stormdata/depotcache/2b/a2/2ba24cd47a143746dca67676b79e2d67682ff3a30e2a84728c38cc3a7c06f7f4.s2ml	617ff1cd3ca6db720e5d60331311931b	1049
mods/core.stormmod/base.stormdata/depotcache/2b/e6/2be69e1ac2b3f7ab0dd78b4984bc9a339f6238e7f00975bf654c9acc0c422f37.s2ml	ecfd48163162e9d1dad43e6a0d3afd7e	487
mods/core.stormmod/base.stormdata/depotcache/2c/3e/2c3e5dd9bdc33a3e87934474fd242a2471d65437f53c9a463ea9ee1264139984.s2ml	7ff1e1237bd5c45ce7ec4467da80fc27	1512
mods/core.stormmod/base.stormdata/depotcache/2c/4c/2c4c5e18b2cc9d67882554d9b2ed80969cbe5dc9a0136a0ac0ffe1ac4bf59f41.s2ml	f4f5eeed1a2d62bd0f6efb2c14d8bacb	1906
mods/core.stormmod/base.stormdata/depotcache/2c/65/2c6536d31b8db841f33a6f7878d7e6eaa53eaa085fc0c7fcae2e531868683aab.s2ml	d6b7282c1dc5405f5019ab09c47322df	354
mods/core.stormmod/base.stormdata/depotcache/2c/67/2c672948452c7f068e5db4745e099fadb43825bfd1e4db61103e828d665bb927.s2ml	580f909a94481bf92578422a6d8ccfa5	133
mods/core.stormmod/base.stormdata/depotcache/2c/74/2c74fb3c3853e9dcca327a51d3a3a5ea47e70bac3dc2b0e59b0d98b9fa248b4e.s2ml	78fe1e29615625e8142de0efe813593d	1756
mods/core.stormmod/base.stormdata/depotcache/2c/91/2c91718b30764f8668a5da1fe8bdfb2365ae4c7a8103b93533c93997df81ce57.s2ml	f5261a74ddcb5c14da07e67067d6ed99	1337
mods/core.stormmod/base.stormdata/depotcache/2c/9e/2c9e43b59437267626e218ce837cdbdae5a610c3c095c0f92b608e15e37a9e57.s2ml	42f38f5011d2cea54cd9dd8484ce2132	747
mods/core.stormmod/base.stormdata/depotcache/2c/ab/2cab034a98d0c678012fc73ecb57afe1dc0ac8447b62c9a42cc895cc28340981.s2ml	e2e2f70cba79193cc538471ebdb9106d	177
mods/core.stormmod/base.stormdata/depotcache/2c/d0/2cd07dd0d24b79dc3a0f973a8c70839b5bcea91bc19243d755ada51ac753e479.s2ml	c95d4aa070da191baaba9e12edc6cee8	877
mods/core.stormmod/base.stormdata/depotcache/2d/06/2d06f2eeaacaa5e6d6f07a5d178fdb37c0699816a58db28effc627049c803417.s2ml	4ea393537ebb44ffbf11ba8acd2b0cd5	138
mods/core.stormmod/base.stormdata/depotcache/2d/18/2d18396ef9a65bec59a9252d7cced9589898ca423ed7ac2b8ce2b7d7ef829ab0.s2ml	7a30342c27a866a036366a5618516e97	1288
mods/core.stormmod/base.stormdata/depotcache/2d/7b/2d7b0b3845bd1eacb1508349491facdcb0a5fdf308b2a3b8f1dfd38e8623a5fb.s2mv	5235dab25863741b7f9045e360cd6cd6	1843328
mods/core.stormmod/base.stormdata/depotcache/2d/91/2d91393050ecb355718bcc9391647f3c8521b804278899ddde0dfda9067e5fd2.s2ml	0c668f8bd780aa9ba588cff95947f605	379
mods/core.stormmod/base.stormdata/depotcache/2d/b8/2db8632942333a6ffe2e6f49c1d4af32a8a3e431fea0e046d7220ecd78772273.s2ml	fac002234f88c4d10c4d22b67a389618	37027
mods/core.stormmod/base.stormdata/depotcache/2d/bb/2dbb3c92582d0f1cd1304e4fc8cf99fd9d75f63159900dcacc21c9d359878320.s2ml	ffd8e3561768604cf14ecb2ff454df69	2330
mods/core.stormmod/base.stormdata/depotcache/2d/d7/2dd7cef7bbd9489886da8561cecfeef6b93100dc8b319258d82b043f025e57af.s2ml	8b04a0800c9b4fa25196cde48618e0ec	7433
mods/core.stormmod/base.stormdata/depotcache/2d/d9/2dd9631782ced9a7cbc8a20abf8d9e06be0a8ebdc1703c58be9edcb7bd8e3176.s2ml	928bcbca9ec526a3f4d5a5a029b16f0e	32990
mods/core.stormmod/base.stormdata/depotcache/2d/ee/2dee174a6ae23b2de4e85786b2aa12a4a5a52cd420a96ba441d97086ca82909a.s2ml	f3e34cda1303faa571d842ff879e0bf1	1276
mods/core.stormmod/base.stormdata/depotcache/2e/20/2e20e7f341130fb08e106ff50beec1e8484c682651f857b6f3eb4d3d706b48d5.s2ml	133a72e95398a1a8b917ac3816e869dc	453
mods/core.stormmod/base.stormdata/depotcache/2e/4a/2e4afd5c41f67581bfb514f3b175a86c02dc48219eb6c39ff6315045c98f0a61.s2ml	758d4aca019ec49772c482354ef964b0	174
mods/core.stormmod/base.stormdata/depotcache/2e/96/2e967ca6904ee45976af56929accc36221604f6e325708bbc14ea54e7b3de63f.s2mv	6a9b1e3378e444f6c7dfc4b891d264dd	14341
mods/core.stormmod/base.stormdata/depotcache/2e/ac/2eac01b80b61470e3216dd9f25f389cab74134ac857f9acff427581a0632b919.s2ml	b88174d8bd58db92d4749a54fdad14ec	861
mods/core.stormmod/base.stormdata/depotcache/2e/b2/2eb235a02a03a091215852778dc59b9bdda13470d49cf08f4212052cafb61fb5.s2ml	4c70285cd4a7f67125b3bf550f728f5e	387
mods/core.stormmod/base.stormdata/depotcache/2e/c9/2ec9b0e5ae200174244c9c18179e11f97bbecdd2ce9545e5c82af5aeb1f23d29.s2ml	543a4fec066b162e11991f00a1ba3179	1969
mods/core.stormmod/base.stormdata/depotcache/2e/cd/2ecddb04ad8a2e149a25ed07b4ccda29e48d9ea6e5781d06593d8a75c2a31d74.s2ml	19538638baab07af81d955e23786ac50	303
mods/core.stormmod/base.stormdata/depotcache/2e/d6/2ed68a7cc7d934f24601b47c7c1cc0e8cf3100d7c743c1dfd859ecec42714897.s2ml	edab04767ded2357ab689dfbc292c5e5	1494
mods/core.stormmod/base.stormdata/depotcache/2f/03/2f03b4cdf612098dfdf69253b8a259b8e40c5c2ed83338abd673823e8b5ff94a.s2ml	aaa42936d35fc00b67e54bbb0747535c	773
mods/core.stormmod/base.stormdata/depotcache/2f/4c/2f4c58ffd6101c8b145cb75c957b85de61f26cdecac2ec6565d91d043043b0b3.s2ml	df8cb168a413878581b5b57e62fcc276	24953
mods/core.stormmod/base.stormdata/depotcache/30/0d/300d8633a8e08038214211de668c4e9b46428545891bba8071ed1298028ae024.s2ml	dbc0a5988ef2dddd49f896e383afac97	1636
mods/core.stormmod/base.stormdata/depotcache/30/32/30322de5e66e0c8876aece772370af00caeefd654aa4aaacd44b5d0e6cb97bcd.s2ml	8fb5af70beb7c3bccead672d818e28ce	1894
mods/core.stormmod/base.stormdata/depotcache/30/4d/304d2c2699c49aa8841c1cadac96dc69a5dc999a186dbc942d8ec9597dd4f783.s2ml	2d3d6ec72adb983877725798faa926a0	354
mods/core.stormmod/base.stormdata/depotcache/30/58/3058fa3c7021af2887538827b1d335f6483abda8b5f2236a7bcc78428a5a2e04.s2mv	cd774b8eb9d6da055f08fc23bc175be7	8294444
mods/core.stormmod/base.stormdata/depotcache/30/78/307854705d6f405c0fb94e46b591d072b171c2e7342409380701eaf26d35e9dc.s2ml	5d863e0ab675b8752ec48d1fbec6029a	1703
mods/core.stormmod/base.stormdata/depotcache/30/8d/308dc7fe8fde4f06b59fc781e66bc789b267ce64d232fa7701d97075eb67c3fc.s2ml	243664ac374f0ff25fbc48fc4c0ebda7	167
mods/core.stormmod/base.stormdata/depotcache/30/ec/30ec7771f9903278b6855092f46aa4aca9a89bb26a04724bdff7fd0a2dc703b7.s2ml	8d65ccb29b03fe7e99f5a097b298ea5f	279
mods/core.stormmod/base.stormdata/depotcache/31/31/3131036bed064a68057556e1d54972b96b6540a2154758fab4c03dbf90aae6ec.s2ml	f0fa981c2853357fde134405da269de3	121
mods/core.stormmod/base.stormdata/depotcache/31/4d/314d42edbaa7247aa18ed23bf7c5b59b3986e7f45694abbdf6a5f0bbcf9daaae.s2ml	f5d2c0e975c0a6e39963b6c3b9857e30	1334
mods/core.stormmod/base.stormdata/depotcache/31/7f/317f41f67a560c3146048f4ff057318a46707080f3c0c6c6ac97dc62c336cd3c.s2mv	f0a4926a02f98368eb444a261cc1412e	99248
mods/core.stormmod/base.stormdata/depotcache/31/83/3183c37843e7c931914bf1266a50c7009fefadccba0d463b32079909063828b3.s2ml	8f7aa75e477e5fa416ba300bc1c70cb9	1289
mods/core.stormmod/base.stormdata/depotcache/31/9b/319b8e8815f3e887472e0ceaf38376d0e821c42d32e4b30b83919aacebbbe2d9.s2ma	b99a3e56a036dc7e5ba3f8de34374d55	148585
mods/core.stormmod/base.stormdata/depotcache/31/a6/31a6f9abdce39264d310082e6d35cfa14134607aa48aba073cad4459f2ce13f0.s2ml	01faf3264a577c1bfc561902446e8b42	265
mods/core.stormmod/base.stormdata/depotcache/31/c2/31c2033a592bae2811f3b1716a94007a9f699f532b7cf305a4195a804da82477.s2ml	2ddf8d5f8eae7763ceccd1f96c25f4c8	375
mods/core.stormmod/base.stormdata/depotcache/31/c3/31c3bdb6a1d7694cb78e2272514be4488dedfaeb70542d78106a00dcb86153c3.s2mv	40e82efc28e5c507ff9eb088e752450f	23605
mods/core.stormmod/base.stormdata/depotcache/31/c4/31c495a81a97a90081a2e66720ca97a05a491047ef13df5f3c4fa968dd058086.s2ml	f4a6dbf8f9c9de75f53466d1389d66e6	247
mods/core.stormmod/base.stormdata/depotcache/32/0f/320f92aaa8cb1d6fc6a32a0ac2985d2912c2fafb5e0c321a6dbd8c4f8dbbe3d0.s2ma	249768501d70c1681b2b17278a51f8ca	1281180
mods/core.stormmod/base.stormdata/depotcache/32/64/3264a7dab2aa35884645d15853e16afc406c840d23f16ca43c5736067d805e54.s2ml	c02fec8866e7082632bd93f01ab00156	506
mods/core.stormmod/base.stormdata/depotcache/32/65/3265bd1290a92a5e6d0467909ce3f52eb4b7270c45326cd9776596834b164c96.s2ml	06c38cfe38ec047424b8cd48bb3d8f26	484
mods/core.stormmod/base.stormdata/depotcache/32/87/3287eda268dc8a442ed73a3ea34fecc6519118bb9062495c4a03ee0dbe2143d4.s2mv	7d3034aea05be9041283a50ec0d7d79e	796268
mods/core.stormmod/base.stormdata/depotcache/32/d7/32d7e6495d3ffc7b83eb6795cdabacc6ed6536cd831cb570cce2d676dbddb0c5.s2ml	69296155bfa035b20cc9feb7b7c305dd	161
mods/core.stormmod/base.stormdata/depotcache/32/f1/32f178f6e8f7d7dd2deb07685691f8e89038b9967c3b844e118c9b41a3989ae8.s2ml	b74324d9f943f2966783de0632f2b955	1364
mods/core.stormmod/base.stormdata/depotcache/33/13/3313fdd0644d2fb2848b5174c2ed00e2532a04332b52572662524c1147cf13c7.s2ml	94ea2f9426473fd79785e55608d34b14	174
mods/core.stormmod/base.stormdata/depotcache/33/1f/331f4a31733ea1055c57c17951b123dd022c60b28f41eebebe2b11050378b2d6.s2ml	f0f1c1a5263993a46490ccfe90f70270	215486
mods/core.stormmod/base.stormdata/depotcache/33/2e/332e645c8038918348f8be4cfdb36dd42dd583e2f77dfaf55a0113bca5ec9035.s2ml	4dad1621c0408d746db52cc54c954c6a	295
mods/core.stormmod/base.stormdata/depotcache/33/34/33347cb575f1abddeb91808b989f2b82884c7e104165337cb1afc6b8641fe351.s2ml	246c57c23976cf12c767357ac1453672	45757
mods/core.stormmod/base.stormdata/depotcache/33/8f/338f08e59536c0ae585325e1c2e0843da1de917e8628c8347beb0e00d9c2fbbd.s2ml	bcdee59b575be52ae287a2ca0b4f6744	265
mods/core.stormmod/base.stormdata/depotcache/33/a2/33a2945ee77edce025002a47d399d709b4904333dbf84a4247b4dfd0c622f5f3.s2ml	0c2ff48dd481ef38a7e9d73efb072645	2277
mods/core.stormmod/base.stormdata/depotcache/33/af/33af1e2f4da5e32c5b138038883c03791b45129aba4e7f32c5df53c6fdc842b3.s2ma	ccec0af71a95ccd98d7512e7a381e13b	171486
mods/core.stormmod/base.stormdata/depotcache/33/bd/33bd78daf399a933fbb9c06fbad36449ac3e2a984a264fcb7d2261c164ec7393.s2ml	6b990bccc19fa4649e2609433b0962ee	1165
mods/core.stormmod/base.stormdata/depotcache/33/ce/33cef16895545e5d2eae9add7ba3e48bedf558c8b0884e34efd06dcc51f19f58.s2ml	5af39da89a82aba9570e847ff864bbf8	1041
mods/core.stormmod/base.stormdata/depotcache/33/d7/33d7e736b09ee5ddc4e117112275689040f9580ef18b5eb77d33143deb376985.s2ml	16d0dd0bdf1b8b4d848df78a7013b5d1	174
mods/core.stormmod/base.stormdata/depotcache/33/d9/33d910d255c200e81cbc2d42382361799f7b1e3b9c138d482e3a6753678626cb.s2ml	b71e4b805ea450efa5eebbaab5a94c52	366
mods/core.stormmod/base.stormdata/depotcache/33/f2/33f266f02d8ede63211e9bb72c86dbee20f4aea47fa0bdc3c4791c13937f2836.s2ml	fe2a14492be5831bd0c102c1f8b01cbe	646
mods/core.stormmod/base.stormdata/depotcache/34/20/3420cb9a003e2e4cf672a81767eeb97a816dbfecfcb491670ac9466386629f72.s2ml	9c914c3a0e232ee3833a6669caab3182	1270
mods/core.stormmod/base.stormdata/depotcache/34/55/34550d17ec5a81886531e3ed98959faddbbe13d2c7fc302806461fab879a28bf.s2ml	2c0cfb082095faa6b03733af5bafb595	181
mods/core.stormmod/base.stormdata/depotcache/34/57/34574c1c2a44ad0dda67816c6fd048180e09569babe3d5de9c57acedd6418e81.s2mv	1a1dabc1f02ddab0b89ff3dc9fb33c4c	33407
mods/core.stormmod/base.stormdata/depotcache/34/61/34613184861099ea17d1cc9153b4c541919c8199d6e8191da822523bd9182a6c.s2ml	bcc8d0acdcd76e7dc0058545a7b5cc47	1699
mods/core.stormmod/base.stormdata/depotcache/34/86/34869ae3391df9ebc4874c585178789a8ee4e278407425bc22786736b232e455.s2ml	24505a32a4bffe65437bd87a3e2bc83f	195
mods/core.stormmod/base.stormdata/depotcache/34/b0/34b0a6f1049a589c8ecbc4ba8dc429e29bfe3aa5e1fa230e82e19a6b6200d1c0.s2ml	8de2afaa6d8c93528c4e1c4863e745fa	434
mods/core.stormmod/base.stormdata/depotcache/34/b5/34b5cec1417b2e82baed33223c3cb729a2b972e78ad4fccd9ad0062c8e3db86c.s2mv	d5e8c962f7e4bc2d10127595cd1e1dc9	33626
mods/core.stormmod/base.stormdata/depotcache/34/db/34dbc748f4bb0451980ac2e596ae987bc09ff1c5ec6381e55a16b3a85143764c.s2ml	339245ed5d28fbe0c95e30acd3fe6d36	1443
mods/core.stormmod/base.stormdata/depotcache/35/0b/350ba010bd5e0ab9bdb6dbde987202df49fd2b744d1c4eceb51d4529cb1673f0.s2ml	529742935296ad7dc97daee3e9cfc6e9	515
mods/core.stormmod/base.stormdata/depotcache/35/14/351455139a39d697e9e22aa4c97ea7ab19c1935a99618d7187de05aea81863bd.s2ml	c3fb949c2ae0b2563d2cb0d8e75c8f73	275
mods/core.stormmod/base.stormdata/depotcache/35/2d/352d3b7ad2eeaee5d99402abfe3420203d0b6a11dcb104c6691ccf021a5555da.s2ml	b58ac782af3029a035151ef8dcd706d6	41250
mods/core.stormmod/base.stormdata/depotcache/35/67/35679ad2c3df1014ee26ebc3c3bb31ddaed7ec7888d319665c0a3dec1504e35a.s2ml	c3b6d09a76ccd5fd5228a0f6846e3c8e	38846
mods/core.stormmod/base.stormdata/depotcache/35/a5/35a5cfaba4d24503e4cb1d248e13e9e11a23cde17e26d6454d0e193273e3ea43.s2ml	d9dac41783a644d70d8bb7e8594e6933	355
mods/core.stormmod/base.stormdata/depotcache/35/c4/35c41084c17603e29d5de4206fbd176aa33d918fc0763bf7ed53d16be85bf82a.s2ml	e4d1655e06a99b91f5eecd6e3410176f	9952
mods/core.stormmod/base.stormdata/depotcache/35/d2/35d24f6c9f9631b1776778e01cc5dc5ddb9f68bd3b8a596fe0b6fea0fbf031ac.s2ml	0b14dc3f9429266ebf9485cbb4a0a626	1897
mods/core.stormmod/base.stormdata/depotcache/36/06/3606fa4041cbd03e60da795fd2bd3b4a8ba36760de0fc2ada62725ee5bcc8a74.s2ml	624e4489650bd032445cc25c55d70712	170
mods/core.stormmod/base.stormdata/depotcache/36/08/3608830b59c241bd1a75924107cc5aeb0d50200a3744c2d0e7928b3753b0b7b1.s2ml	4c277f6af71a079760a91fadf141bd06	128
mods/core.stormmod/base.stormdata/depotcache/36/36/3636e56f9346e4843f7210350a7455bca0076af8c0d9cb1bc8b5a32ed97e5c84.s2mv	7100ff82903f2f1328fd88cf4db770fe	3298
mods/core.stormmod/base.stormdata/depotcache/36/3a/363a64316cf6e19fc70845afd2da27140304b87f3334fe5ced7a7b4aa4d9a8aa.s2ml	13033d4e39aeedc5b7d85c48b067aa63	132
mods/core.stormmod/base.stormdata/depotcache/36/3e/363e1dc9d06d9e123d9bbf79dd919857e676076402a79317db40f18e5de7d93c.s2ml	a17380152043d673ba3c792fac37d996	1757
mods/core.stormmod/base.stormdata/depotcache/36/44/36448740e51d23e9ad5ce5fda065b821da8435a04c4d231f1eff4de60dbc0693.s2ml	72fc0e5d2815a2dff579320786b284de	1214
mods/core.stormmod/base.stormdata/depotcache/36/73/36734f8cae03e6f1f13a0a3e0d0d8a98b196be4d54440247ddf78662e8e7ee9c.s2mv	11d2b967249cedae7d5d4aa0e3482d33	31750
mods/core.stormmod/base.stormdata/depotcache/36/78/3678ef78ddbe6644b1c82b2b1c8a2929c461ace6ba21ba57bf79587a1838d16c.s2ml	94617a34e4f7df3153fc3f245494ac88	1636
mods/core.stormmod/base.stormdata/depotcache/36/85/36850e688e5f1c20f8418b9a501c11739d6a894310704d853ab93f20200e5d83.s2mv	d2ef44f00425732c816472d8d5db884d	799052
mods/core.stormmod/base.stormdata/depotcache/37/36/37362ae0ba568dbbd8e2c9204d2d57ec5e91f646ca646e53a8434116f72a782e.s2ml	642a8f9d1b8d05a36a699ef08f0ea54e	1771
mods/core.stormmod/base.stormdata/depotcache/37/73/37733fd6b7a7b35e93f2adc3f65507c39c9ec79bf0ccbb184a9a6f1d17e2dfb8.s2ml	e77a5184ce03851b6265c52b9997f089	205
mods/core.stormmod/base.stormdata/depotcache/37/b5/37b56d967e7516b94ae8118b25ff664f622cba8c2098c31e8b0ae9159e4c94c5.s2ml	9706c591008c7f89c263a8ca5575f7d5	789
mods/core.stormmod/base.stormdata/depotcache/37/d3/37d38e9ffe094081be24815791fb76c0675322df9b130657f24a9648d0665bcb.s2ml	ad8ee503945b4abae746694ccd221856	184
mods/core.stormmod/base.stormdata/depotcache/38/1b/381b0d0a288a133fe2242b1a103e9757f49b26937d169a11e264edbeac261043.s2ml	2a50350a215d3b86417e6482d8a4d86b	2367
mods/core.stormmod/base.stormdata/depotcache/38/1d/381db4efb564e6d18534cdbe2df34bbf93d029f2ba31fc5f2d19f380442425c1.s2ml	3fa30362441b4f49da9ce15d259ac65b	256
mods/core.stormmod/base.stormdata/depotcache/38/b4/38b46ae795397913c2665220a3e2fce6264c56e10ae19e1d05d390bb765eb12c.s2ml	959858f4cdd8a9b07589d892b62654c4	1417
mods/core.stormmod/base.stormdata/depotcache/38/eb/38eb25c26c40144d7632f7e8f3b763e112c45cfc3ef9d7967729d10215683965.s2ml	8e4a111b9e99fab2a7183583ee883042	162
mods/core.stormmod/base.stormdata/depotcache/38/f6/38f68164766054edf9476fbf5b8b12a10032e18768b17de15fd0723272e565e4.s2ma	3d3a9f55423e0710b85ffad4e4408013	2332295
mods/core.stormmod/base.stormdata/depotcache/38/f6/38f6cc2b0195c8f6602e1daaa0358b097d17f59b58e0546b232a0df8166be516.s2ml	769eb35c1a4d698db20d444cd894f371	480
mods/core.stormmod/base.stormdata/depotcache/39/98/3998b6ec307472fe4594bcbdc41291cc0dbf98f7a377f0413b749e06aa6a55ba.s2ml	f15899571c5a26fb2a839e97f5885b0b	3998
mods/core.stormmod/base.stormdata/depotcache/39/b0/39b006f5333d9c2ff23cbf109406426c1720c7c049667fe8c774bbf341fa7e6c.s2mv	8dafee53e5a30784a66a5082935d312f	31980
mods/core.stormmod/base.stormdata/depotcache/39/c2/39c2f52057897d0a27b9a2cacd3e81948d50708a5e09dcac6e74b10399e63bf5.s2mv	b48916c8d1eea6f7cc318c992d17a95d	1951
mods/core.stormmod/base.stormdata/depotcache/39/d0/39d0f199f4ffa4195877bf9c2dab5b4c25d1c3e73e41adadec91e62679da70f8.s2ml	27804736037228cfdc7cc17c70f82123	134
mods/core.stormmod/base.stormdata/depotcache/3a/25/3a25c904daaf2ddd3a800443d382c82b6d623f9ec16775c22a834785ce20b3ae.s2ml	2f55cb0f667f91760d2a81556734a55f	1259
mods/core.stormmod/base.stormdata/depotcache/3a/6b/3a6b5319617f61be7c15d91b668f806478ece392901ff88e434711dbf4a76f64.s2ml	7077754c0f800c5bd100f71d4c14edfb	372
mods/core.stormmod/base.stormdata/depotcache/3a/95/3a956e778a01b5105b86114270917e2f03486a6e1866086cdfafceac6f650a43.s2ml	a3469717f3e4f88f543465c1dbae825d	167
mods/core.stormmod/base.stormdata/depotcache/3a/b0/3ab05659052ed285b3824ec59f49e1a54c8f438c12474da01289344323347d53.s2ml	6cf1033dc4bdefd5dfbc923cb06007f2	9282
mods/core.stormmod/base.stormdata/depotcache/3a/b5/3ab5a77faf38593f862bdd56b522982dc630e954ad7d2dd10d92b602a14e0c10.s2mv	75083da108469e68e0d06bde7273b996	99248
mods/core.stormmod/base.stormdata/depotcache/3a/d6/3ad6df54033e0df73e1b0c1eececac8b5d5b67ec4d3bd814e018f53bcc17a48a.s2ml	5711a5e91c5b83878409de3faebe18c9	1449
mods/core.stormmod/base.stormdata/depotcache/3b/1d/3b1dd5f27edd879d41fa806fbbd2b4e1589a3c920d0a377c778385f99441d40a.s2ma	7dfc94584f79a4bee032536017d0858c	191075
mods/core.stormmod/base.stormdata/depotcache/3b/8f/3b8f7daaa155449b1f616b2770f156b76b3cd121c2392648424cace8e77628ae.s2ml	2b18b862865d176ca34424706955df83	1019
mods/core.stormmod/base.stormdata/depotcache/3b/93/3b93c39f97d62a83669c507e307af634c1aba795dfb18f55f01473d7664114bc.s2ml	255aa9dc4a6a0d6d3ea2aaca4e5386db	1833
mods/core.stormmod/base.stormdata/depotcache/3b/b3/3bb3fe3f258050aa5bf85f733afcb64fb3c6e8755fca7e2ef09f1c2fd9c0abb6.s2ml	4cc0323713f1e065e8bb898cf4a343c0	1738
mods/core.stormmod/base.stormdata/depotcache/3b/bb/3bbbdc9b1f562be6a353e3671a51745f4dca8987dffdb2c0b2571733e526f430.s2ml	9adae598e049d7a500eab76725f4d85d	1697
mods/core.stormmod/base.stormdata/depotcache/3c/21/3c21fc6f48c54f7dcdc98fc3f20e83bba11948409163b1175e0da7f503c7f0c4.s2ml	6438ac01f219f60fb8b3fe977de92ed5	161
mods/core.stormmod/base.stormdata/depotcache/3c/2d/3c2d3425f03dc6d5474e8c4a1ebd88cc92990dcf90e609b53b2d56aa796f7597.s2ml	0f609cada2353fea3f5be8c0a91ad1d7	2001
mods/core.stormmod/base.stormdata/depotcache/3d/0f/3d0f498944dd8a4e4b01009149aa9111dde18dd1964c8c91d7c1de8fb9820f6b.s2mv	6fda48fcc048c2cbadd1c4d6675a8645	33373
mods/core.stormmod/base.stormdata/depotcache/3d/40/3d40c2fd07467e9e500ab77572b8d2df4d8bbd2b44cd8219bde39305e090b308.s2ml	e1585e037871a387174c4fbf99190a08	146
mods/core.stormmod/base.stormdata/depotcache/3d/44/3d443cb798b8ce230b6aecd8f7dac8259315f54c06e52a90c746a6925dd017d0.s2ml	d82a088e8f75716b3cc46e5214965a13	167
mods/core.stormmod/base.stormdata/depotcache/3d/9c/3d9c6371dcd0f8410fdb7371200c90890715f4fdf5433bd19b4be73706eb55fc.s2ml	bc985cb40abfba4a9a97928147026096	1683
mods/core.stormmod/base.stormdata/depotcache/3d/d5/3dd5bfb686949a82d0ec1b13a3fbe553e6ee50ac22ad002f8c060e33b6825b47.s2ml	4cb9d80865aae44c1721bbc8ed00b525	445
mods/core.stormmod/base.stormdata/depotcache/3e/19/3e197c6436124d79720e218de0aa4e9191dbb540d6a1455413917b58f38614ae.s2ml	9b506eb5ca61e7c73b5b4163a7250144	16706
mods/core.stormmod/base.stormdata/depotcache/3e/3c/3e3c7a6a21bbddc81d7d3a9fbb28d29812ca17aef595ba997a7bc9af4683d368.s2ml	cc07274ca372fd6d94b7d19b76713e3d	1866
mods/core.stormmod/base.stormdata/depotcache/3e/5c/3e5c57c8b230c4b8360ee3de4fabb3060610636cbee495cf1ebd615bf6bd2d9b.s2ma	d80f33906800ba0e62769f982084ea74	2000519
mods/core.stormmod/base.stormdata/depotcache/3e/67/3e67c0380639aad55c2d4ef69f06f575cbbc3780d6cad433c6ca89d55921bd99.s2ml	fc4530bc2e4b34cd914f970c2b04bfd6	2106
mods/core.stormmod/base.stormdata/depotcache/3e/92/3e92f88ea14f2e6f7f69ae1fcbc5a04f84518c55b3e66fae7d1aa08106c659df.s2ml	3a82089ca3237e0f5727ea337816ba2e	304
mods/core.stormmod/base.stormdata/depotcache/3e/cd/3ecdfc5be525df4483f66943911725465281ce76051e8104da3cb419e42e0f55.s2ml	47d6f253e4208dd2cbd15bf5966412a4	385
mods/core.stormmod/base.stormdata/depotcache/3e/ff/3eff0b418bdd5213e0ff2a8beb5a6047b1729bcffffb95b78ba1f7dc22457f18.s2ml	f054452afb905486fef49c23ebccb818	41617
mods/core.stormmod/base.stormdata/depotcache/3f/0c/3f0c79a3d3ce36ef6a695e9f32664da02d4a3f53b32ffad55dd08bc6e1323d71.s2ml	07c5c2114fa95f88914c66cedf1de66e	1284
mods/core.stormmod/base.stormdata/depotcache/3f/22/3f2271341b00dd2ef7c47b94de1231ff3618433e51848680e31f63ea30547773.s2ml	c2e2bfdf840cfe1c157b8896eeff97cc	1425
mods/core.stormmod/base.stormdata/depotcache/3f/53/3f53bed6bd9333b0ca4510564fe2d0e9f2ae9759ceafde83975d8fa97460625b.s2ml	eee4e8dfd5ca6d01801f6752229a5e62	1369
mods/core.stormmod/base.stormdata/depotcache/3f/5c/3f5c3f44fd8945a022137a0712ba53f262bffe3f23c869a7c92a07a35c0e613c.s2mv	ad7489237b9af79f484230a9b9912785	2377
mods/core.stormmod/base.stormdata/depotcache/3f/61/3f61a0477f273c0830e77faf165442a49754d29ddc3caf180244b986a8abf303.s2ml	5bca82ddc9b65b02201b57f913575b03	394
mods/core.stormmod/base.stormdata/depotcache/3f/ee/3fee918fd6761ee0e806a137b81db685db7059e650df91ffec53c43f2da6da5f.s2ml	41e59d9754749bce247e31ad549b78f9	278
mods/core.stormmod/base.stormdata/depotcache/3f/f9/3ff97cb16adb13ceeff5229ac4f87656369cf2c8ba293679c8ade7069706544a.s2ml	f6352ea61b6e3151b6fc1edd942ae913	1019
mods/core.stormmod/base.stormdata/depotcache/40/06/40068f8bef06adf0bda561ac4b4c4a7fa37a33973a79d7edceeedfd2b3c9f168.s2ml	3186093fe4192c825d034faf8ca15ef4	9494
mods/core.stormmod/base.stormdata/depotcache/40/20/4020f08a4ba0a2c19d8dee324c0fdf2a7b0bd72129e3b6364a67f1d6faaefdc4.s2mv	7f20d31a30129793c9b74e735982131d	799052
mods/core.stormmod/base.stormdata/depotcache/40/4f/404f449fa92c3c20173d9ab1fbe21e0dd03c7a5307d8492e26e2ef32a2fa7680.s2ml	e8a4ffd46cc3fdd5b19b69cc6b49e01c	892
mods/core.stormmod/base.stormdata/depotcache/40/59/40595e7db4548843f53154f2f94430d932cf0d441b6f1927421c2ba9798ca64e.s2ml	304bbd86e6290fba40afbea1594198ec	230
mods/core.stormmod/base.stormdata/depotcache/40/87/4087f14b949ab61c47bf8194b4e620ba7d8c3e52d5136c2ba997e3199a7019f8.s2ml	587cdc89424a2d1131a5f65c0a51d941	301
mods/core.stormmod/base.stormdata/depotcache/40/8d/408d33a8993e56501ac68832cd71f86037d9a64dacca68b256c65817dd8dfd03.s2ml	ce71c3591e9cd894f6af6a7174028eff	3096
mods/core.stormmod/base.stormdata/depotcache/40/9c/409c15fe00c242ec5d7e800a274d0e45075b899d8f82c62d04e5e55e782d71ac.s2ml	d5af68c9813e305b49facd5efc39fe93	12245
mods/core.stormmod/base.stormdata/depotcache/40/ce/40ce4d70a4351721840fe894b88c584213cdf3db96c7dcfb5e10005bfcf7e0cc.s2ml	21d1b660368b56c85e70e1abedae2643	190
mods/core.stormmod/base.stormdata/depotcache/40/f3/40f33581e296d08c88898ed0d4e9b004e6a00ae7f1d2e9cef6767eaa42efe054.s2ml	1831eadcef639777aeca356398f424aa	434
mods/core.stormmod/base.stormdata/depotcache/41/01/41014aa8680739ee3c5e3e453e6be5b63a4257c20b7b8771554e2af470089702.s2ml	3076beeb8e1cd6ca66358f8e49f3f6ac	162
mods/core.stormmod/base.stormdata/depotcache/41/0f/410f1edf33d28f646b5afe9e4d569485f57e87ec3a94d5c776d456e46935c039.s2ml	fda786eaf5071aaaadc8f57bbed18586	459
mods/core.stormmod/base.stormdata/depotcache/41/1b/411b28456662d020c5cb68ce17a45155e92dd87d2064dbc7d399a839a9557658.s2ml	d000b4f64fb66d1f50e869139af541e4	175
mods/core.stormmod/base.stormdata/depotcache/41/1e/411e26e1e82e62cabaa16931867829b90c5585a649e6c5d89dab0bce36d6a3a8.s2ml	6e28498dcdb3936e06752daf0b645273	455
mods/core.stormmod/base.stormdata/depotcache/41/38/4138e288f733a7f49b5005bc476a8610503e0877cd8d9dce9b24d4e6e3ddf3aa.s2mv	92c4518256fd3b3b76310ffd587cf68b	799052
mods/core.stormmod/base.stormdata/depotcache/41/3c/413c0645053668a81bc3e975b01662fdfc99a2c54c40db03ad391bb5b17d45de.s2mv	499bd3b2dee6cb95e9b4a0aeb0f45e31	14745644
mods/core.stormmod/base.stormdata/depotcache/41/a2/41a2ee46ae5f326270dac0213208edfb9afe051b0e6b12a68c258836c717f7bc.s2ml	8c2438c7889cad6c89b5d8e88959bb76	152
mods/core.stormmod/base.stormdata/depotcache/41/c5/41c5b3a5d7eab062ef32adfe89cb05c95755ea849b40b42e5c01635e47510873.s2ml	9449a7c3ed337ac98d454b312766b6bc	482
mods/core.stormmod/base.stormdata/depotcache/41/d0/41d046eba80d829bf1aaadaefdb5a896c06e9b71ba78a79473eca9c29517e43f.s2ml	2729c0869d55f90be14f0052391e41d9	5235
mods/core.stormmod/base.stormdata/depotcache/41/df/41dfa81e00082c1cc3482fbd531c72a3c1ad689a4144255e3d0bd20866d5b736.s2ml	97eb3c7dd3c72ce1c83eef73b4f95209	1648
mods/core.stormmod/base.stormdata/depotcache/42/22/4222cf2014b80cadd480108c0a3ecdc0323ebffbe84d5237503ee3be7cd83a4f.s2mv	bbec7ffc6d8df089c6ac51435be1ef9d	2073728
mods/core.stormmod/base.stormdata/depotcache/42/38/42388acd8534e9fe2926d07fbe9540a2933cb1203392af27f78c3deff581e78d.s2ml	d8cde921fb5d01fc946b0cf5a030eb4b	1309
mods/core.stormmod/base.stormdata/depotcache/42/3b/423bbf1107faec6eb8d82f60e8ef4e7609c84a49dc99b08d0cce7808621767b8.s2ml	fcac6af07ed69805f3504eb126823b31	201
mods/core.stormmod/base.stormdata/depotcache/42/40/424038a21da2502d9cd8de33ba06b89f9b6dcf300e159b6e2fb1b8cf406498b6.s2ml	b93abb3f2f2c6fef757dbedc117534d7	168
mods/core.stormmod/base.stormdata/depotcache/42/7c/427ced50c6e397e087efd4957bda3bfb79f70065a1016849a4c6d096dd02b493.s2ml	a2d817d88b9d6b9971e3d6bd001eea7a	1675
mods/core.stormmod/base.stormdata/depotcache/42/86/4286527f7cd943f144d34f54758998040877b8a5a3325e4f36ea06f24bea7861.s2ml	6c1d634ddd986d986a987819b9ac2aa4	198
mods/core.stormmod/base.stormdata/depotcache/42/88/4288d69a75f4b717dc08f9ce7e6dde66826c553604748f44a89b41461345d1c4.s2ml	b02264b26b8e1171990a1aa491689d71	170
mods/core.stormmod/base.stormdata/depotcache/42/cd/42cd2f09b4365848400f8bc8ded6673bed8bfc4816311f78697ce1cbf5b6b6de.s2ml	4d08d22f5f830583de0a3c15515f3333	130
mods/core.stormmod/base.stormdata/depotcache/42/d9/42d90087418a714586f51278f5b33b2c6aa15ee00026bf1628671cb60264bf01.s2ml	7ae3b9a9c15e0cf756a5ec8bbbd41cbd	27588
mods/core.stormmod/base.stormdata/depotcache/42/f6/42f69ed61a197b6161d149ad5b6a2ca1c163a5f100ce2b2e2359f907a05c04f6.s2ml	54f834028c1b61abdb05bf3dc15b3b0a	182
mods/core.stormmod/base.stormdata/depotcache/43/21/43212f8dbffdbceeca9d3e6d439d4cde0664fbdad54532082b287adda8d79440.s2ml	f388143e1ca5e109afe59860720dd30a	180
mods/core.stormmod/base.stormdata/depotcache/43/33/4333920c90440d5a092fc1814bb039fff45e57167eb0cec523053ec1d6960fea.s2ml	2df7ad87460bc541aaf2e5fb65027ae0	1142
mods/core.stormmod/base.stormdata/depotcache/43/39/433909ec71b705591f69aff6722962c5d83ac0d5f7b305045db9b77520cb326f.s2mv	5faa160eaf5f903197161cee86a5019b	1383240
mods/core.stormmod/base.stormdata/depotcache/43/4f/434fbd3fb7a6631d0e4892c1be2452ad98421426e51680558f11455f4ca17517.s2ml	874f2d23d3fefd93c0f0268e3783c345	1160
mods/core.stormmod/base.stormdata/depotcache/43/6c/436c2b64112801aad9ee119cca4492d003d29a1d27e0eb5d3d752e397f31ae00.s2ml	b39d63a05bfab3a218c8669d7f264bfa	541
mods/core.stormmod/base.stormdata/depotcache/43/70/4370043a668044e26ea83dc69858822fcfd3ace2237920fd860c51c3ec1ac54b.s2ml	bb502ad5739bf01f2f5471e19e9ae068	739
mods/core.stormmod/base.stormdata/depotcache/43/b9/43b90c285701cc369cfbe47aa1d2694244c2f5373a772d352a7a9c8624361366.s2ml	59092a85eb2e46e9a14e1d32d9330b28	1071
mods/core.stormmod/base.stormdata/depotcache/43/d3/43d3bdb73fa4b19a920cb16c0aaa2579be3bad6598600ba41ebc5252c46a7eef.s2ml	9f17a2f899ba04c618aae9649e9933e9	163
mods/core.stormmod/base.stormdata/depotcache/44/1d/441d177c61eabd189716d43ee0c2c6eb90f03a89512343660ab148a8d82eaf49.s2ml	02e80fe49b71eb1df90c104bc7b76737	272
mods/core.stormmod/base.stormdata/depotcache/44/26/442635bbdb5ffc8253413b063dc705a05d22096abe863a0a50881e6e8ff83562.s2ml	1a3239142350b7ee4056d52f46a4b343	1245
mods/core.stormmod/base.stormdata/depotcache/44/74/447456431cd07e715631ed22e066d0fd2800e3e9feaa724f457e1378ff4be55b.s2ml	a4269f6e6ee273904568cb7d0432051f	231
mods/core.stormmod/base.stormdata/depotcache/44/df/44df9b3554e8bf69bfe9fe60a2a807772eebd83ea9d94e0ea6a05f0efedf3208.s2ml	df609c1f50ebaf5e0333db2c331afe1a	2764
mods/core.stormmod/base.stormdata/depotcache/44/e8/44e859b07d9714fe1ef96b23b792a77c049785787da3e6acd80c8a3f2368ed94.s2ma	a3f4ed1f010c92bd243815eb628d002b	16208195
mods/core.stormmod/base.stormdata/depotcache/45/1c/451c1e71e6c50f8faf1001ad4dbb5efd78669d31df7e9db3f7e3e453eca1435e.s2ml	329edd5d703cee9eda8d0bf868eda107	386
mods/core.stormmod/base.stormdata/depotcache/45/21/4521644b63912a3d9612b3ffcdcbe45a5fe075e786096f1646752b621ff4fb64.s2ml	69306a653012d540c36822ebff0121bc	1481
mods/core.stormmod/base.stormdata/depotcache/45/5c/455c4e7fce7cea5b3fd98ae91b3eab2cb3ad16ac97adb819b72770fb0b3229dc.s2ml	a7270659824a5a586baf9c5b7e7a540e	466
mods/core.stormmod/base.stormdata/depotcache/45/68/45685dfe98eb2453cdec21c8abffe3b07cb7b988552a494c3873c37184063a4a.s2ml	19024f2784e4a166bf9cc1de5c2690e6	302
mods/core.stormmod/base.stormdata/depotcache/45/bf/45bf37ba0d41f0389bc48e907c8c90c67a733ef1c736d7ed6d631a9bcec803e0.s2ml	c66fa8de90cdb228162c5c809411b9a9	17064
mods/core.stormmod/base.stormdata/depotcache/45/c7/45c71b27f18b717ab8d9b59392e1a89dd799a58da72b26ef9cb5471979364d94.s2ml	21c4e8a02fa87468812b849e486c19db	132
mods/core.stormmod/base.stormdata/depotcache/45/d4/45d4d2535f9e8ea5aa0bc1d95228163f2d4c4cb8503c159c491c4c2e633b29c8.s2ml	94c3977b8d0027949120e1849abff890	1610
mods/core.stormmod/base.stormdata/depotcache/46/09/4609970b89303180b3ffea2fcf65cb9bb5cebb18d47fd3fcb7138186d7d89dee.s2ml	d0cafeff5ddc62af237395e255892309	167
mods/core.stormmod/base.stormdata/depotcache/46/0c/460c1bd8261a92a12d42b46f92ab679859b0f7ba87f3877aa84dfb96c02cf973.s2ml	6bb04ef42536a6dbb5828b9ad6b40e10	1040
mods/core.stormmod/base.stormdata/depotcache/46/20/462058d2edb05db29498f7298063bbaceab92be70a54a51b22b06997cb2d888c.s2ml	ef6222c37039bc2907a43b4af98d773f	338
mods/core.stormmod/base.stormdata/depotcache/46/32/46328bfb23e296561280a20432731604dd2a5091523d08aa0b47c6d803f641ef.s2ml	9fdac2b6c15957dc284b906ed03ae335	1218
mods/core.stormmod/base.stormdata/depotcache/46/39/4639b94c36741195616619921c7eed0f11bc613c88d977130ecafbef5d1d7563.s2mv	ba3614e9267c6452c257d74aad808421	2073728
mods/core.stormmod/base.stormdata/depotcache/46/58/4658dc2c42b143a8b0f31cb1abbb7f6e35e21f72cd6a7d83c2fddacde67334d5.s2ml	e0cc57c632ef12a09632de35346fc12c	867
mods/core.stormmod/base.stormdata/depotcache/46/86/46867989fd7285b3c6c2ab50f638a759c17ea667ad8b35b8e981e1b2e4051389.s2ml	6fd80178ed74f08f83941e6e2d6fc65d	136
mods/core.stormmod/base.stormdata/depotcache/46/9f/469f1a082acbd4528fc284ade83f40826276a6b1a835b5e4d07b0d5febf1ee0e.s2ml	3f755a091c925f1f51c4f1e28450edb0	1904
mods/core.stormmod/base.stormdata/depotcache/47/03/47030d815f260ea6af64330d58e01dac362c12c61440e91e5cc9283e2c6bfe9b.s2ml	25f79463f3ba19b7001cc677320a448e	544
mods/core.stormmod/base.stormdata/depotcache/47/11/471135f595128925e0d36951d58fb39dbb53baf6f0c320e593ef156c62da796b.s2ml	b0c8ab4da357bfea06c31228232aab97	1666
mods/core.stormmod/base.stormdata/depotcache/47/12/4712cff2fc8261a9798b8fb0ac97a508c6d4de48882d165b69dc1396be579564.s2ml	af8072fd758d383f24ed2626a435cb3a	136
mods/core.stormmod/base.stormdata/depotcache/47/1c/471c291cc7d0f741a3f33a58b790d45136a54e437016a4f3f59beddf3ef44015.s2ml	69790890d3e4e1041634351c52abdd74	377
mods/core.stormmod/base.stormdata/depotcache/47/24/47240b46fae2bd86c711ccc190f0ceddaf5c78af5b18d0b6a703567a23dc0c0c.s2ml	c37ee94a13d2224c07357f94a172f3fe	1267
mods/core.stormmod/base.stormdata/depotcache/47/28/47284ee0d2812d8d7d1d06511d38b67ae80b0587e2e6c22821f086e93d071825.s2ml	0a4cce6a06e20135eaee415218b51556	2103
mods/core.stormmod/base.stormdata/depotcache/47/3f/473f8f2facb63e86c5e835d3147a770de9561b6ba9704c588dcf4bad399a8e92.s2ml	c645490e586898957187b79363945c29	411
mods/core.stormmod/base.stormdata/depotcache/47/56/4756ffe3d416074626e46d08d59f261737a0720a0b0d8c849ab4431218da1957.s2ml	17f17feda11dc478e89c72d2931b18be	566
mods/core.stormmod/base.stormdata/depotcache/47/5f/475f2b498c14b5510720dedb6be3d60679b90df9e37973b30e8a6ccfbe57161a.s2ml	062c538c9eb00b94e69865c34463b574	7433
mods/core.stormmod/base.stormdata/depotcache/47/6e/476e022522186592612b1d5a0161cf989248fbfc16274a9d064f41b392fe5582.s2mv	8ec7a7bcc070e269794af9de0c211a9c	24038
mods/core.stormmod/base.stormdata/depotcache/47/f6/47f6a2d96f630d105a9af40c6ac865abcef883a11e2c17b6bf51836fcb56bd6f.s2ml	c5380faceb4a1164fda09fe45c69a42c	1686
mods/core.stormmod/base.stormdata/depotcache/47/fd/47fdd09d00b33577c09692157624743e207edd11919e938dc712e49afe039684.s2ml	827a6941daebcc9a969d5a3885dc590f	1179
mods/core.stormmod/base.stormdata/depotcache/48/69/48693396e5a84b0837131c4647f90ea0bdc7aebc8fba1a528c457120955bb7de.s2ml	b745efb13a61b42a2ef5291e3cf7462a	138
mods/core.stormmod/base.stormdata/depotcache/48/75/4875aaefd02ef2c854f9a61c5c36e856d2e87efe483b2357ea53c774abcd487e.s2ml	60a6d0fe97f7c4e10d941a282cccde04	137
mods/core.stormmod/base.stormdata/depotcache/48/92/4892ca2c96b02794b3e9f88399256c0a1db1451ae61eabc004a76b2348630201.s2mv	1fd9cb52a4988c92061c056a119b3baf	99248
mods/core.stormmod/base.stormdata/depotcache/48/b4/48b41da9a3804224be53597581d4c13d0d387aa5c1f9a9ec9258585f0b0e5ef6.s2ml	a32d7fc1667b0cb348a5949d6c9619fa	1566
mods/core.stormmod/base.stormdata/depotcache/49/05/4905c70943cd10a7d61ee79b2387abe8b721232c99059e99a3f4d92a91860561.s2ml	2b4f452fbac6c7e23e252b60a67ed6bc	223
mods/core.stormmod/base.stormdata/depotcache/49/2f/492f384a637352db8f326bfa2174be255ea4b5a15d3850991278a8b6dea9bd9b.s2ml	3408ce78880bb609d4a64f4982da319e	1063
mods/core.stormmod/base.stormdata/depotcache/49/2f/492fff746abfb600606547798ae543d8ce16452474cfffa7cc4a721768d996d7.s2ml	0a90da7708766d03fc85ba15219fa60d	486
mods/core.stormmod/base.stormdata/depotcache/49/af/49af314be23aad5d8319d79d85346389b2d9d06d983886c32f4c0cad0b99c43c.s2mv	ac2d89b69ca8feaa54eb82a48ecf38a3	5359
mods/core.stormmod/base.stormdata/depotcache/49/bf/49bf02577acdd6d3f1fd7476c3f475f8259d88b14655c2d9cee8eed054a1a6ce.s2ml	6a2868c3bfb15c5fc2f7d049d399bff1	37023
mods/core.stormmod/base.stormdata/depotcache/49/ed/49ed902e61e4f2991d8035236d2626c421f5dae5f0f87427eaa59f941e9ae179.s2ml	73b6b1748a595f4de0d19693848addd9	1247
mods/core.stormmod/base.stormdata/depotcache/4a/28/4a28ae8cdaf40e9c970c40668494c659bb8608158b0e7b2f041b0bb888708048.s2ml	6bac4d5a4d26f37f28f007e3b420f00b	190
mods/core.stormmod/base.stormdata/depotcache/4a/35/4a354ddd47e99c5b94f60cd5cb3a38bcc33a23ca0410a8f8034b2b8ce1609e08.s2ml	c5b51c1a14eb5b7e4be90912ff15c710	367
mods/core.stormmod/base.stormdata/depotcache/4a/61/4a610f69052110f3a3b57e6151f572e08ce5fe798999d3185a13fc2c9ac38405.s2ml	ad2b11f5344298b14c1192cb9eb4e39c	120
mods/core.stormmod/base.stormdata/depotcache/4a/63/4a63f3c07cac7c55671d7f83026fd4e40eaface40788c4f0f7b507f9389a6060.s2ml	e057950d4aa6bdaf5686363d0a6441f7	509
mods/core.stormmod/base.stormdata/depotcache/4a/6d/4a6d679a741e5cf182b0541e23da009b54b0aef088251418c214927e2da5e2c4.s2ml	66c2d296f829802629a319fd01aaa4bf	336
mods/core.stormmod/base.stormdata/depotcache/4a/92/4a92d5534a9bb951411b5871509c82ec998a118b745066461ec60beab4d5eacb.s2ml	3421bddb1555ceedb1b90a6f38f734fe	5559
mods/core.stormmod/base.stormdata/depotcache/4a/cf/4acf286f0b9d93a71dc0dbcbb0028cdf344ffeea19cd308cd3279a600adfaf03.s2ml	4b5f8fc299af7da08248d46f041d0679	1560
mods/core.stormmod/base.stormdata/depotcache/4a/d7/4ad7e3ec39494f2c5c2f326c300e00fd583cbe49d433909dfcdd05515b8700e2.s2ml	be8eb6279b32528b3ac6183aaec807b1	902
mods/core.stormmod/base.stormdata/depotcache/4a/fb/4afba12263c7f572a196716173a98a347abd6e7e6bdb295813c386ee7606368e.s2ml	7b60b20b780f3e02a6a3faba383167e2	351
mods/core.stormmod/base.stormdata/depotcache/4a/fe/4afed9740d42af8110edc9fadb0039b8a55da24c9a248e684122810715362636.s2ma	08ba261b5e43a161d8d26693d97dcd95	24867
mods/core.stormmod/base.stormdata/depotcache/4b/09/4b0963e579d15dda8a8701d82eaebde909e8c0a68b2b087d1b6ee483b6f746f0.s2ml	e0659294641691106823fc83582b6c51	179
mods/core.stormmod/base.stormdata/depotcache/4b/27/4b27dac06704c9e7991a758358ebc928c7b6315b008f415e44ac626f33c96ef5.s2ml	424a2c4e04d25a4a5235e7e460aeaa0e	407
mods/core.stormmod/base.stormdata/depotcache/4b/30/4b304ec410f022457c77a8c61c6b6a884ce4cbd8a6778bc3fbc41f29a2455732.s2mv	1c6e219495990c8cddf46d3e7ca31a93	30364
mods/core.stormmod/base.stormdata/depotcache/4b/59/4b598311423d9e9872c4d0fb07b3e118f58be89a85633d07c3a6fecc6eaca2df.s2ma	d80ea60ea6441d7b8589a32a04f28b82	311550
mods/core.stormmod/base.stormdata/depotcache/4b/64/4b64f243c921caf6331d7cd7c8dfb7b300544f888829f9a553faabb94b39d0e8.s2ml	d892d0bac1e5b0473265ca294292a407	135
mods/core.stormmod/base.stormdata/depotcache/4b/bc/4bbce690d693d4e5db7dc3376a2d0e23bf6451bfb0d2349382cb4b9fa7c02a19.s2ml	e227ea890fbfde4d06f5da81f22017bf	1228
mods/core.stormmod/base.stormdata/depotcache/4b/df/4bdf136905650ad8d456702691f86cee784414c9cff521aaf90cfbd945604d7c.s2ml	ac3798f41c8f1629d5e9bfc3bf3058cb	295
mods/core.stormmod/base.stormdata/depotcache/4b/e4/4be476e421c4adc3d92824b6dec8c17a06b301b14043b9c8d3398f02127686aa.s2ml	bb7c7884a3377d4cd69dddc8536cfbfc	264
mods/core.stormmod/base.stormdata/depotcache/4b/e7/4be730bb5043f1ecbd69cd913321d780908f1720f4bda34b1ec7e5bdb96e1fdc.s2mv	c6f9acf5f33d2d5ee009e8d4f960f968	4848
mods/core.stormmod/base.stormdata/depotcache/4b/e9/4be9b1027b55e700bda2128aeace6abca9354d7450a395c0a3676965fbfa415a.s2ml	c8da01cc51545c6ae73a613b2fb63a11	1064
mods/core.stormmod/base.stormdata/depotcache/4b/f1/4bf1beac018827d3714480db420ee52388d60105d97737f33cc9750c57a5c7ab.s2ml	347e48b7bb3553aa811442f05a0609c7	1258
mods/core.stormmod/base.stormdata/depotcache/4c/2c/4c2c1b7d8a1d12b4d4653f9f4040877096ffb123dc6bd06fe2dfb13093c2fda7.s2ml	023f33450e9fc0fc4e33ec746e11555f	284
mods/core.stormmod/base.stormdata/depotcache/4c/60/4c60e942efe02a29461fb99acbb79d549ec2b47f3aa4acffeeb2545fa3eeefeb.s2ml	24e6580258372e259abac7eaf2ea2697	425
mods/core.stormmod/base.stormdata/depotcache/4c/6a/4c6ab2f2e63a0fd3a777198d02869f17011ff6e8c9563c6b4b3743a502ad58e3.s2ml	bd5a43c299784b43168bf9ba9f7c1efa	289
mods/core.stormmod/base.stormdata/depotcache/4c/6f/4c6ff6ce4beb8fd83f1ce6c4dfbfe8ad5bdf07b9900a2c19573c2a94a7903d83.s2ml	db6cbe8e1f41da519012865d0c84326f	520
mods/core.stormmod/base.stormdata/depotcache/4c/a6/4ca6fcf0248d72348c821bfe1dac29d3343363b2d326b7e7610b2338205449e3.s2ml	942e7e13df81ee51f41470878485413a	1059
mods/core.stormmod/base.stormdata/depotcache/4c/be/4cbe7a225508952982b7471bc833b8c203da407ab988849e2c38e2fff16e3e94.s2ml	b8fa82abecaace5dcef84542cd590ea8	1382
mods/core.stormmod/base.stormdata/depotcache/4c/cc/4ccc60f2d714a65864c349e51a12c70e9e389fcbd977f9e3212cefe594e3dc2d.s2ml	853c5e63ee60ed9b9c999238d56990ed	179
mods/core.stormmod/base.stormdata/depotcache/4c/cf/4ccf7d7f85ea3f8eb5deaac1792a6296d755530650d82a84252eaecaba6d849d.s2ma	43db8ba127559344deaf6da72231593f	129324
mods/core.stormmod/base.stormdata/depotcache/4d/1b/4d1b19bfdb7e7ef7eea8fddca7cc5631143395e54372f2ed16c6287bf14afad4.s2ml	1c9ad6177aaf9c59237033b618555966	170
mods/core.stormmod/base.stormdata/depotcache/4d/46/4d46464a2f0312006527091f5b67b1ffd9b8536cadbdd04878769ca372c0eb08.s2ml	2efe66f63b9e7ec6cacb17ca52581d56	159
mods/core.stormmod/base.stormdata/depotcache/4d/87/4d87190ec4e439e353365d6c0696be3119deda8edac657f66d1edc59b6dd008f.s2ml	d1d488207cd063a72ea7b3ad6b042ced	762
mods/core.stormmod/base.stormdata/depotcache/4d/9a/4d9a421851d416db53a6cee8f7e5f8b45cee3cad322b174a13076960faabbbf1.s2ml	c85bd719da92bae4a0fb59b1d90fb94e	22529
mods/core.stormmod/base.stormdata/depotcache/4d/a1/4da159018068e67aa0ebc667e89ce3a9fb21e13f95f00a162d0df0f6ee828a2b.s2ml	d288ff0c2dd4232a87012f244d413169	174
mods/core.stormmod/base.stormdata/depotcache/4d/aa/4daae4f131eb555e870aca9a63b5f5c26a997f62cb4c4120c6c1a0e6571c7a48.s2ml	ccd7e1738dff4dd7b2dbc91dee7489a7	1600
mods/core.stormmod/base.stormdata/depotcache/4d/c7/4dc70605ed78540a5a31e0387148716f823fdbafbb18848da24fedd48c566c60.s2ml	df816a62a93a5681fd37687c10cbc0eb	360
mods/core.stormmod/base.stormdata/depotcache/4d/d8/4dd8cb7fb8e05c8e679807627b56b7eb8926f32bd864106d1e5dbe5d3ab89112.s2mv	c6f5b9722584f6c373b977f2eed9f880	43911
mods/core.stormmod/base.stormdata/depotcache/4e/01/4e01af83885fb29dcd37785311661d2304b205335e0df9450cbd27be21f8eb55.s2ml	77c11c033d7fe35b53d364e435d39e00	258
mods/core.stormmod/base.stormdata/depotcache/4e/4a/4e4aefd975fe8fc75537b6da03f2e58d64a6f10a4b2a5851d98ca8dd5b9f59a9.s2ma	17c61150c60b6497d119172cbe37e8c9	253460
mods/core.stormmod/base.stormdata/depotcache/4e/54/4e5431094e6f09d31a0f0463c5ee26801207220cd9017cf7555ea117708973df.s2ml	72132464f65e7e1433745ff1d82928e4	1055
mods/core.stormmod/base.stormdata/depotcache/4e/79/4e79497b7121d05779b09fe5ccce57985f2b3226dbd337cc041f2835fd64c991.s2ml	c2ed2e701edd553f0ef1d660ee35e335	324
mods/core.stormmod/base.stormdata/depotcache/4e/8c/4e8cfc06e3269b612433ecc63e7a19b0ed196f083d2d1cf3bc50674f2c215e58.s2ml	289cf8cf9c03b1b14f00c965921e4788	1295
mods/core.stormmod/base.stormdata/depotcache/4e/a0/4ea0c8cd9ac0f6109499fcd6cb4c23c4661fc0fd95872528a2e6cf2524ad5709.s2ml	3cb1950ab5f238fe96218d974147393e	704
mods/core.stormmod/base.stormdata/depotcache/4e/d2/4ed20c7d5da0e94548d6fdb0c873b61f102d2bd91fccd6a8d57baf5f98e6e826.s2ma	a4463d7ab3b40b29aebb8d366414332f	31
mods/core.stormmod/base.stormdata/depotcache/4e/d8/4ed8f76a12ed9805f4cbce5b51578aa4149a1dbc5706dd2e8b6c079f93d65bd0.s2mv	0857ac49e51df77e60940908f8a49b9d	18670
mods/core.stormmod/base.stormdata/depotcache/4f/08/4f08b7b8d792fa113cacc228554171fd01165cd47767218fc1e28ed43f87eb32.s2ma	3db92fb781a47f6d118d2c88a444a828	31
mods/core.stormmod/base.stormdata/depotcache/4f/0e/4f0e8df595f4986fa88efd3f90d63db9388de8623f297d4267508924909f1f0b.s2ml	3bd315332d714887f4728479190ae1c9	231097
mods/core.stormmod/base.stormdata/depotcache/4f/0f/4f0f29f4523dedd358009a12b79199fc6acf8ce1f8485e935c9517d60f01a662.s2ml	2c975e51450d19b28bb372a1b5df3882	2172
mods/core.stormmod/base.stormdata/depotcache/4f/24/4f2408c2f9d01e47c897d7b769a2fbe0ed05d3127705df4899bdb57d8582f6f8.s2ml	6c457ff3375a1bb8a513fec27cd0770a	2095
mods/core.stormmod/base.stormdata/depotcache/4f/2f/4f2f53f2334ca35c6eac79363160741cbc71fa2f88813033596d403b0939b0cc.s2ma	c9ed01ae87ee56a71da5f470d66f2c9c	1777089
mods/core.stormmod/base.stormdata/depotcache/4f/38/4f38ec981a9804d032debe9011808fe42daa3a5d57d4e95742f3db719bcd505b.s2ml	0b0b15ceda94ff0cfce40a366ca4120e	510
mods/core.stormmod/base.stormdata/depotcache/4f/c5/4fc51e43fd2ec4a4f15bf0c89c6c1e0943115ec170420310fc8c3f9e0a177f9c.s2ml	1835ec7ad0dc36b60eb622ed6a81ea59	845
mods/core.stormmod/base.stormdata/depotcache/4f/ce/4fce2ac494e46db76def09ff983188cf97c5bc4d74490a440c4e165b1268152c.s2ml	dbd36f2b0b503fd3efee9ee1b1c56363	1186
mods/core.stormmod/base.stormdata/depotcache/4f/d7/4fd7c09961d3c513cbc4c542b70d0dededa740d862f338970d4fa2a9c11b1b3c.s2ml	196ce157941d1c6449c3f029916cd84f	212
mods/core.stormmod/base.stormdata/depotcache/4f/f7/4ff79a58d1ed08ef4fa5657ba933f3ff64bc2de2cf51381ad2a5f8d716bd75b3.s2ml	2364c8d5bb7b11aade1570ed3bdbd919	1056
mods/core.stormmod/base.stormdata/depotcache/50/23/5023b2f35dfae3f121ed18f18f77ca586ef26c2d21503393d95d2d60f76495eb.s2ml	6133e3329e42907a1364c811c81c897f	184
mods/core.stormmod/base.stormdata/depotcache/50/33/503311297cad1059eb02d0feb711b61be22abd7d77b845a86edcc997dda8e4e1.s2ma	8b0ec80b30d3d774808fe02760ae1ec8	214109
mods/core.stormmod/base.stormdata/depotcache/50/47/504748610e5f88d09bb12b4f3570435f97fb3b1a80d7aa9ed00b4f335b8d9417.s2ml	80ea41cd1109753529de8590b737389b	1339
mods/core.stormmod/base.stormdata/depotcache/50/67/506729c6ff4ba1c1b9d8fb53ee132634830246cb5b477836620b2507ce924288.s2ml	47be87fd203a7c93a4e90e27bd4397a2	501
mods/core.stormmod/base.stormdata/depotcache/50/7d/507d2cbe7c22285cea9a55e83be6dbe7aea6e402e64804b7340771c9bdef7189.s2ml	2083fbfddba0238311f81d7ade796312	38193
mods/core.stormmod/base.stormdata/depotcache/50/89/50893b166bc1944f78cce41ad78971f9302f6254bf43f8215fe54cec1ab44eee.s2ml	a85baf823b1646fe2adba192484c771e	155
mods/core.stormmod/base.stormdata/depotcache/50/b5/50b53b1cc503cfc826efe8a44f963fd36a94ea686c489ef7fe733b11be973eca.s2mv	17f7a9f3a6e2e0a258708724c6a59a49	2073728
mods/core.stormmod/base.stormdata/depotcache/50/c8/50c847ac21dc374462528cb3f1e710286e823597aa0c687d3211a67035cd6390.s2ml	3a3acc9a7fbb2e297adc821789608f78	2493
mods/core.stormmod/base.stormdata/depotcache/50/cc/50cc5533bcebf2b7ae0c902ff4c30de6866e9805a22d16c94eed15c56ec3ffeb.s2ml	d05000b0ed7ede053481cba3f03caa0f	294
mods/core.stormmod/base.stormdata/depotcache/50/dc/50dcf7c0abc4e818e5dcea52cf3b5e88afaa672f99b71ef2678b96e26e2d5a77.s2ml	6ac59697921259124389751225d1dd6e	1262
mods/core.stormmod/base.stormdata/depotcache/50/f3/50f3e5f5b70b9c84faa1bb1cdbb6c5989fa20c7719745f14cf1de798f7018a8a.s2ml	dd5d252e42ae27547cbbbc11f2b6ef06	1791
mods/core.stormmod/base.stormdata/depotcache/50/fc/50fcfab4484491672c41645c1ae932f1c6ecd1181e6c1962aae7a1c14df780d6.s2ml	e1caa0a4660ec559a5c42ba47ca37aaa	1157
mods/core.stormmod/base.stormdata/depotcache/51/09/5109809da55ed944c5bd2ac5ee7faf64373ea2ad04167740d3706d91e574be77.s2ml	36ecc30c80a429c265bd11d8a4e60ee1	346
mods/core.stormmod/base.stormdata/depotcache/51/38/5138b6f9ebfe56a018536399c993815ce0f74ef5cef9ff16dea5456f3b01321c.s2ma	c61aa14f254b1b189fa29ed78d478fc6	31
mods/core.stormmod/base.stormdata/depotcache/51/5e/515e7b63eff19939991738a19aa2344efeca35363906551bac41bfb7431d031b.s2mv	8624dbf7804b153ef9bd3c4d4121daef	3686528
mods/core.stormmod/base.stormdata/depotcache/51/ba/51ba342c3d63eb2ea51dbaca4635e6eee680a605684f640061d029888cbbfdf7.s2ml	9c87e96742054b97c5acb7ac635f518b	385
mods/core.stormmod/base.stormdata/depotcache/51/e7/51e7900d5b0c1cef5d387bda5de2a0b9d9f82bf0f905409a92b21901a1ceba65.s2ma	8faa61fb038a271f007ddddf9616094f	1809695
mods/core.stormmod/base.stormdata/depotcache/51/ec/51ec9f0e61b546645c5b32d1bd91f6c55c13dbeee8d52bae5f3143543ed75c8b.s2ml	9de82080eaed75b01851383f001cf232	3582
mods/core.stormmod/base.stormdata/depotcache/52/1e/521eb6fc8a25755dd455560c662024e7089e22448a738650450ac8df2902b2c1.s2ml	583fc132e5b4427ca44b9bc157fb0f6b	34571
mods/core.stormmod/base.stormdata/depotcache/52/27/5227bb81ea4186f083b09e1e16e084615e1da1b2dfe337b2f8e2c31f9d55d029.s2ml	fc5626ddefe6ca41cfff5d3667d66a4a	274
mods/core.stormmod/base.stormdata/depotcache/52/42/5242322384f249cd916e26f11a81a495c25b0394a549187026b8a6a7a072ee08.s2ml	5b9b009d13c0d058cb50c6a6a3513651	3735
mods/core.stormmod/base.stormdata/depotcache/52/45/5245adc52f66251aa25aa2b7edcfaf8e363d4f308aaa9a14f1a9998c743d1aa8.s2ml	ead954ffcd321e6e8f7ebf5842417f7d	133
mods/core.stormmod/base.stormdata/depotcache/52/4d/524d0e6b6c6e4771c1419f207223ca0b7a72d7ca5e7ee831897261cad05a956a.s2ml	ab2b81921cd1afb6e437f0350d4ccc77	455
mods/core.stormmod/base.stormdata/depotcache/52/71/5271f7790a944012390b1e69428e3da621968e9ff04fc22136f828d2ec8bad9c.s2mv	f71270c9f591eb1af16a125d9046ae49	20092
mods/core.stormmod/base.stormdata/depotcache/52/7e/527ea4eabbe56ac356351e5491ba8d469ccb614116b6aee13bfc20426a74b452.s2ml	e6a3afdfd4a01ba911f959a43468eb91	1780
mods/core.stormmod/base.stormdata/depotcache/52/a1/52a1ef22e767f581266730596a0df3233c77013cfe3854557272c7edddf598fa.s2ml	78cdaffac4e178bc83c151fa24fa1de6	338
mods/core.stormmod/base.stormdata/depotcache/53/10/5310e54afc300f97f35e939039667043ff126d858ef00136102efa3af21b22b4.s2ml	0b644d47d1369832f8bc6d9abb4b0850	16579
mods/core.stormmod/base.stormdata/depotcache/53/15/53151d4df41f992197b62e1b55d19043cc9659c1d781cb3613b63edd569492ec.s2ml	cabc1b5a0a954cf4a1c1f322af3a5f19	161
mods/core.stormmod/base.stormdata/depotcache/53/67/5367306ab4583b5147a69c2068e285e3a38c80ac8336c4e990baec8f6c257d3f.s2ml	a7801894a7589bfa8245aecf821f3da0	1761
mods/core.stormmod/base.stormdata/depotcache/53/75/53750fdda9e58ace1a8c9bcd42526abbe5e4d7d7b91bfbd4b60818a0dfbf99c4.s2ml	60ef1983bc33d75796b0bc6bb090827d	1248
mods/core.stormmod/base.stormdata/depotcache/53/e3/53e3b5399121817fad8f0275eef31455911eeb7dd3ec06b268de2a6125fa4370.s2ml	228df4c5b158ed64e583c31f8fbeff41	162
mods/core.stormmod/base.stormdata/depotcache/54/25/5425cd6e7ab2fca9e373293ac929bb7d13da240aac2a2489ba4848345de2824e.s2ma	61fe196c30f8b66d5002134037d71932	317283
mods/core.stormmod/base.stormdata/depotcache/54/2f/542f4fb0a2858be7a211c27c6684e8b2eeb6f1f50af6b9814e274751e6c4d888.s2ml	4f8add13dfc8d3bda44178f9bc361a54	2052
mods/core.stormmod/base.stormdata/depotcache/54/39/5439a2481260ae7fb156bfdae105e3f7909d81bea097817c2700d089c131877d.s2ml	10f7f605cba0ec6290eb9e74d6dae3de	1532
mods/core.stormmod/base.stormdata/depotcache/54/fa/54fa19728fd942455c58c6123a17f6c125a384b0c1931904e84b22ed78d961d9.s2ml	bf6f703ef8ea451715aef02c1a7ebac0	917
mods/core.stormmod/base.stormdata/depotcache/55/02/55025225491e6369f094ae14441ea23e232414817499889e8000e91f3c506c1c.s2ml	b28f19c08fff8723751f7e041778c896	1818
mods/core.stormmod/base.stormdata/depotcache/55/13/5513b273ca8fc9b3e6c7ec2e549bffb69188c6604b6f00674ed902c5b8977d90.s2ml	613ed537cf7203d4d0fa08fc28441a71	523
mods/core.stormmod/base.stormdata/depotcache/55/1a/551aba3d8c9f9955f653387672ce23122603d274e612ffa373eba01bd1b3996e.s2ml	191357b6cb78bcb136de920a608cee09	167
mods/core.stormmod/base.stormdata/depotcache/55/2a/552aafc847398e1f96b80e0d04a3031d7695db097a95c8052c0a51f0cb5232a8.s2ml	b28e9f412b0682e6c59fba8b41a136ea	1203
mods/core.stormmod/base.stormdata/depotcache/55/3a/553a2fb9af14e3924dcb5cd8783259fc9672b322c7d47efa72f320dce0432fd7.s2ml	6fcd37a5b047e6cffc6224290d22a44d	905
mods/core.stormmod/base.stormdata/depotcache/55/3c/553cb85aa73740997408d92a7dc7d6e43a3a5b4bfdeb43c8686654e51c80d7af.s2ml	7609bf4435f806ebaa67c8b5ca647d00	280
mods/core.stormmod/base.stormdata/depotcache/55/78/55784a9f9820e75ce482a0ecf40c9bcaae6f05361949a2fc2b7e4d458e7d76d4.s2ml	7dfd5f0954f75f4455587036410fc8d4	319
mods/core.stormmod/base.stormdata/depotcache/55/bf/55bfd991ba2729d884b8fce117154f9adb4e63787a0316043df60c9c82c7f24a.s2ml	4ba08d06df74e0ce161601446c1fa036	422
mods/core.stormmod/base.stormdata/depotcache/55/cb/55cb6c900614ba867837be881c87886b8966e384fa6f7eff64bf52c3c11452ad.s2ml	254aa8e4a8e07ce61cec4730c24b7f7a	861
mods/core.stormmod/base.stormdata/depotcache/55/cb/55cbbb0f67536756789e3596302803fe00415ad4acdd11b9e65cebe6f276e89d.s2ml	b18c31b9364f2e01762043414457f917	2703
mods/core.stormmod/base.stormdata/depotcache/55/d2/55d27585ac2e4b0a723251e0bd6630c548f1c05f6c4daae2489d23b7c08c7923.s2ml	ac681f4ae1dd610ab4dd35dbad21bd02	1449
mods/core.stormmod/base.stormdata/depotcache/56/2b/562b4b67e866ced453e90a7f33b6d2dac6309575619d866011b22f26439a6be6.s2ml	282ce91c9ead336eecdd2f7ca26e5e0e	1056
mods/core.stormmod/base.stormdata/depotcache/56/5a/565afb1fe18eadc4988f931b9519547637209aa26ea9f7c49595011e55df758c.s2ma	7e75267d588695ccd5c30c0690778d15	772351
mods/core.stormmod/base.stormdata/depotcache/56/89/56892dda4defa8339f6da02b27aab7f56e2e68a7b2c5c3550ac0dec338fa80e8.s2ml	ef5bff958a43f4ada3133cae96fbc843	151
mods/core.stormmod/base.stormdata/depotcache/56/b4/56b428ddfce65388e5b4e3ddc626d147b788787bcb1d35c01ad6a8a9326b999a.s2ml	0c51cb3fe1203fad687116cfa2173198	1459
mods/core.stormmod/base.stormdata/depotcache/56/cf/56cf79500f0932b8ae9501e1cefa3402a0c6e98fcdebfef1e7d4558299c2b89a.s2ml	487adea0c5c313113ca38a6a24c93017	158
mods/core.stormmod/base.stormdata/depotcache/56/f8/56f8fb7a22a9b59a78554ad840675eeaa2a0bf6002a7e3f2678b8aaeade07365.s2ml	33124fd8b133bc4bbe94a9011f32565c	302272
mods/core.stormmod/base.stormdata/depotcache/57/06/570685f67cfdf9a078822d651d15a9469779ca4b3c2c06d1ac3ebffa7b9189c2.s2ml	7d77e39075b279060e09a7a30ad941b8	132
mods/core.stormmod/base.stormdata/depotcache/57/0d/570d7b991dabc4671df29ef00c3d7a759f2cd8b88a1a27436841bd8f07ddd439.s2ml	5e4a433241fb291662d598b95c706ed8	384
mods/core.stormmod/base.stormdata/depotcache/57/25/57257ea4a0ee1cbfadafc836177404082214eef0d097ad76bf6231c9252e7a09.s2ml	16219a2f0d23a15a1fb683bfbb871f14	12682
mods/core.stormmod/base.stormdata/depotcache/57/2a/572a0cbfcd7705d1b3a6b473bf946586309029efb71c1a20cb3e24a75f662eb0.s2ml	d90e6c9049ab130821abe5499401605a	486
mods/core.stormmod/base.stormdata/depotcache/57/94/5794746e2075d9337d19b1c7efbfa08ac0b3ba04e7e8f05966e15897841da845.s2mv	716396a63cf0292a7d87b81bc6480b97	8294444
mods/core.stormmod/base.stormdata/depotcache/57/9b/579b5665b840a7893f4e17db4ad63e4039a8035fb831aaf86c2e51a197b54e84.s2ml	8ce4aa2c02cafed8d9a485cea97ff20c	414
mods/core.stormmod/base.stormdata/depotcache/57/ba/57ba736fd1fbfdef1ada289584232768b4f78e04f40d02e61beeaa4fc586ffa2.s2ml	5861d4d9360b3eec8e967c73c7ebc112	5428
mods/core.stormmod/base.stormdata/depotcache/57/f9/57f984e9624a5d9d80e84cad838f85f9517c3358a19ec93a80531e84f6b30bab.s2ml	f394d73ac380d905de3f7b6289959ec3	179
mods/core.stormmod/base.stormdata/depotcache/58/3e/583edea527b93fe720fcc86f3c78b72b451ee0b30e8c00fce272263894c3b1bb.s2ml	dafa3aafd139487be18880bd7f657ec4	34154
mods/core.stormmod/base.stormdata/depotcache/58/83/5883857eddd6f46af345eaf543168dda4f55318b3e0f4c323a15072919daa76d.s2ma	da9dce70a2ce61e27b2b2925a94eecd6	2230536
mods/core.stormmod/base.stormdata/depotcache/58/88/58881db07127114996db25f5cf896ae0ca3ef251039bddceb642c173481ebc26.s2ml	59ff617036b05db626898cab60545ce6	198
mods/core.stormmod/base.stormdata/depotcache/58/8b/588b906552391e492f81f5eb631a7cc93e7b565537577711e3c9e488beeede98.s2ml	6b37746c7ba25d2e8143367b55d602fe	27741
mods/core.stormmod/base.stormdata/depotcache/58/a7/58a720bd8becbdeb094f2d99e927d79af1cb158d03d889c5a069a355e257cf46.s2ml	111a64e513bab3b56d1dba9b3507604f	1765
mods/core.stormmod/base.stormdata/depotcache/58/a7/58a7f1bbbda37c45eaa2d203e15882ebddcc5cb6c00ef67d6d46dc34363c3623.s2mv	3a6339a93a8cb56f34399b8e4427a763	20143
mods/core.stormmod/base.stormdata/depotcache/58/d8/58d89f724c10cecea30303c9f49889b09664bfafdded3ffd2da4bc7ba3b817e3.s2ml	d370ec419a3bc1f3b224e35db20e234d	191
mods/core.stormmod/base.stormdata/depotcache/59/1e/591eefbe9f8d194c61511de6ff348b1a0215429178b9345641ac2ea8d698ac91.s2mv	7a0814cefcba2a03c11a0198414b6584	3137
mods/core.stormmod/base.stormdata/depotcache/59/56/5956ee3f898f576cd1159150cbfd1a6fe697f6800c9c210518dc188150b1f458.s2ml	e100809c4070433aec9ed5f3632a5eff	5216
mods/core.stormmod/base.stormdata/depotcache/59/59/5959f47c6443c9b12309b24eeadba05f7c837b7a5692c782711cb2737438bfe3.s2ml	ae1b0a7162fe77a6ae87212c87fc2cbc	1319
mods/core.stormmod/base.stormdata/depotcache/59/c3/59c3d78a2bf04194750065bbd1ec46a963e2240a20101ef8b567a894d6ee5e20.s2ml	ff99e9ee540567f600beb534d82f312b	7174
mods/core.stormmod/base.stormdata/depotcache/59/d6/59d67d6622ed3f5a9c42353a884794197c7bc8e22e7740571b85ecab3d730e1b.s2ml	c0e74eff6ee0e3ac10811f302c72cfa1	431
mods/core.stormmod/base.stormdata/depotcache/5a/57/5a57d4b99268a86ddc098deb1b01962edab1c2ab48649e70c575ef1a915f5c73.s2ml	e0c40444089915ce3a9dd606f1e93993	20386
mods/core.stormmod/base.stormdata/depotcache/5a/59/5a59b0ef31987c239b9210b12621c29ff2d97064611babeae5b86184e006f1b6.s2ml	f340899ea2730e1ff43e15eb7b05ff74	123
mods/core.stormmod/base.stormdata/depotcache/5a/70/5a70ba3d87dc567d6a474a003f03406853e5e2df60d7f7cdd3f3e7b28e86226a.s2ml	682c0ec512c2f88fced2acb0161d2b1e	2011
mods/core.stormmod/base.stormdata/depotcache/5a/81/5a81cd17c73b0110f10652e120db84da24bda69445a15017ca9be4f67f43c80f.s2ml	82196a776e8c41d0a971d5b2a45c38ad	1504
mods/core.stormmod/base.stormdata/depotcache/5a/ac/5aac66b14d834856b0f5c296a3ec3bd003d96268314d0b82d62ab18a67830170.s2ml	fe4aeac8c4171b54dde3082df1c3db4f	228196
mods/core.stormmod/base.stormdata/depotcache/5a/fd/5afd517b977056701c01143a89d3a441136e79b18ec0679ad681b99f5a9be966.s2ma	8b88836456e32feb1061c136990026bc	31
mods/core.stormmod/base.stormdata/depotcache/5b/28/5b287f01f90528b77f214c78b052626859586550e2c9b939a6586247be12211c.s2ml	e4c2a8d718f98215f438bf227c9b89a2	501
mods/core.stormmod/base.stormdata/depotcache/5b/49/5b4954a40656cbc8311f2e1ee19320168c94e7c9f35c8ca9aa77136cf91cf27e.s2ml	f1a17fb14aa42e35789cd6289bdaab60	1492
mods/core.stormmod/base.stormdata/depotcache/5b/57/5b57d848c0f914c331caa81e820f02d90226dc767632e5280eed68d52bafd4c4.s2ml	8ad4be3e8cd4122309585b0c579accc4	879
mods/core.stormmod/base.stormdata/depotcache/5b/5b/5b5b2b7b82dccd18bab8c6571b0ac49e15ba6881da889d9e1d180c1c8592003e.s2mv	8ed81e448e0063feadd34f731cdb33a0	1739
mods/core.stormmod/base.stormdata/depotcache/5b/78/5b78307a51ca49c02f4301dc7e1ff762a6572f5086e07910501f5e9b35869eb8.s2ml	c1028f1625fe38b1d24f4225c6c084b6	176
mods/core.stormmod/base.stormdata/depotcache/5b/7b/5b7b7ad325c44b431f0f3c831e54241dd6bd1a66f47dc3bfe59812d4e71f1d41.s2ml	d6a5f363dc5825e8def5752738e54116	1231
mods/core.stormmod/base.stormdata/depotcache/5c/b8/5cb883ae0aabe783f5c8b035ee41653602a02976ed7f77b88434b6565cb0d2e6.s2ml	3e29439275f900f3e24fa261eea55017	260
mods/core.stormmod/base.stormdata/depotcache/5c/c5/5cc58f28d8ea1afc20714499944162dde66d7a659c999d0e40c1460a7e525305.s2ml	d703af135973a159c453a20f78da6c3e	191
mods/core.stormmod/base.stormdata/depotcache/5c/cf/5ccf63a9d1c1cdf7e3b24c455a29d192d0aa699347ba159fecad861a4dea49ad.s2ml	ddc95d6bb981435cbec4099abb67e220	321
mods/core.stormmod/base.stormdata/depotcache/5c/e0/5ce0cb63458f228724cfdab809a78a43218fc62f682712e2f5c23a937d062efb.s2ml	50441fe91128c802d07f636f46f45e61	148
mods/core.stormmod/base.stormdata/depotcache/5c/e6/5ce6dae4b9e46d8e4311b93d97e9d28773e3d2af537890443035a20e442836b3.s2ml	837f206cef277b5b9a8d26c6bd93ce55	126
mods/core.stormmod/base.stormdata/depotcache/5d/0d/5d0d87ae20590fd3d95d196c8ddab43b7d35392f11bd979fa7fc68a5801fcaa3.s2ml	cabb031fa0f575134c47cb42ae0db64f	2331
mods/core.stormmod/base.stormdata/depotcache/5d/10/5d10489fa1f2d403ff9240c8a4990e4739c44830d1af722771511c970575276a.s2ml	c4b266b5b9c6cf4ec31de99f96350861	1701
mods/core.stormmod/base.stormdata/depotcache/5d/37/5d37db47be623ce48c49333a1014658ad6c3e6e233d860e10344a9b9abbd0dd8.s2ml	69a2ee25f4edb45df05a76a867c65232	168
mods/core.stormmod/base.stormdata/depotcache/5d/4b/5d4be4997aceca69b184aa93728643e0cb642f35c95d4e6ad46010fa1f02e7a9.s2ml	3a4289ff57a5f723f5af9f81b20d244a	12675
mods/core.stormmod/base.stormdata/depotcache/5d/51/5d51a3eccc0f50b2eaa0cbad8fddb5e00ade34347aa009da5298217f00096759.s2ml	b335a704f50459bea6b23980f0f2e333	158
mods/core.stormmod/base.stormdata/depotcache/5d/63/5d6354866e55fee11ae6d9aa227b4e0cd83635abc93476f8547de957137867fe.s2ma	055190b2c8e8c8807d88ad2e9290447f	23429
mods/core.stormmod/base.stormdata/depotcache/5d/90/5d90d31628360225adf9571081a5abc0b5cb36543dd8a87d3c462d1ca552d204.s2ml	d203fa38b2f4b2e98dd8edff7e177372	186
mods/core.stormmod/base.stormdata/depotcache/5d/99/5d99936ed2a8ae928c375eb8b74688021d61fedfcbcd1c7b7fb3370bc7b38f10.s2mv	d2327ce27829d35e9b2e956baedafcb1	31823
mods/core.stormmod/base.stormdata/depotcache/5e/23/5e231f90c5f8bef3d77ef8e6d3e7bcd2ddaabc7bd14feb71a34bb1bdcd2e642a.s2ml	f24711c37bba0646253948d664f7178b	133
mods/core.stormmod/base.stormdata/depotcache/5e/24/5e2443c346f055e3ed58a574157a9c0f4409cb7a6e791b6635a4cd4b2d151fa1.s2mv	19c224645829bcf15802060a10a1cd66	8294444
mods/core.stormmod/base.stormdata/depotcache/5e/83/5e83357314c6baa8e6050fda9309906f17d7b7ee40cd4078fe39efce9d574edd.s2ml	7a0ed45b7df3a243332defabe683dac0	9055
mods/core.stormmod/base.stormdata/depotcache/5e/a1/5ea1a9f44ea5c06cf7af7fd0f861b6d40fa787df640c688b17eafffa4896c9d4.s2ml	24400c4722676abf2be506727c00f01b	2570
mods/core.stormmod/base.stormdata/depotcache/5e/a9/5ea989aaae6e248526e80a5e93a4d0f153c53683da8ae94c3cf4d78e1301b5fd.s2ml	ab680c6b53226cc435ac1a6a932f12e4	180
mods/core.stormmod/base.stormdata/depotcache/5e/e4/5ee40b0dc6628cb1855cb8986c45158509b64bb731cc2ed2462ac35dc63274b0.s2mv	45dfd427a9a0cf9768ee26a28e9e3266	1036928
mods/core.stormmod/base.stormdata/depotcache/5e/f1/5ef1eedb27580e581945596f511b7a143a21bfe5240bf282a70e272d82764931.s2ml	f2ecddda68ee345e6ceb1c46ff0e7da4	321
mods/core.stormmod/base.stormdata/depotcache/5f/1b/5f1b65b9f1ef43425bd795aed7b9d14548c54606085dca8a1cd45867cb1589d3.s2ml	dec446f093fa7f536d5ecc2ba4979b75	413
mods/core.stormmod/base.stormdata/depotcache/5f/3b/5f3b2f7e9b2faa80df17b2974eb27bf32316aa012e9a41898d874c281137f32b.s2ml	80821489e50d8843e6b7332ae80cbcc1	1604
mods/core.stormmod/base.stormdata/depotcache/5f/46/5f46e1d361088d30a13fb6a815b59f451c1e23ba0c7deab51f500a3e324f6769.s2mv	668d60c7fcf8e6f71beb510e39b613e4	200576
mods/core.stormmod/base.stormdata/depotcache/5f/ee/5feefe9b636c173be84fbfef615bc3ac392917337b5c20db50543367851e0068.s2ml	34ea8863a19240fe97b362735b1b1b81	174
mods/core.stormmod/base.stormdata/depotcache/60/0f/600f9249dbd5e42e5939fdcee17c3f40d6914bc740bc85c20d29c087b760fb2e.s2ml	dc26c039ba28f25ff1b68041cee06768	179
mods/core.stormmod/base.stormdata/depotcache/60/24/602421ccb1372f41c8e4768cf8d46054563519163b88afc7d96e7d0108c343f7.s2ml	6a497d0b333a47e0925361c1c824cb09	140
mods/core.stormmod/base.stormdata/depotcache/60/27/60273a5ca96bffe0ee2f3a89952dd485f4d12407d68a70d7a2db7b06cbdd391b.s2ml	2f78495db079be51dfa7efa9f7376e69	141
mods/core.stormmod/base.stormdata/depotcache/60/56/605689fce99a0b0d06c770a8485f93708672bd2c728c4251b9fe04ae61095b74.s2ml	51b61e0bff14b3873dde1a004d87c3d1	179
mods/core.stormmod/base.stormdata/depotcache/60/62/60623ed3e6a86058174d339e5b853231806431a52bd2e8b1c086b14fcf43ff02.s2ml	08f4506a68ecbab670b24b2881361267	135
mods/core.stormmod/base.stormdata/depotcache/60/ac/60acb74e258b8888c0c5f72f2ef678896b65b2c465f8d03f86b2e93e4c023f32.s2ml	5209324f987ee2bb7f3d87abb4187f20	316
mods/core.stormmod/base.stormdata/depotcache/60/c7/60c795599773d900136c2df54b5583bd87ea51d89ed661ef6f00fca8752db96c.s2ml	af6e95c1bd439e965c43eb2a44713770	174
mods/core.stormmod/base.stormdata/depotcache/60/f3/60f3737b16c5f687d214ad90746b0e32900ab796ddf4a907a380a7cd6037d672.s2ma	f0de3d19b0173694baf7ecf39500154e	2383953
mods/core.stormmod/base.stormdata/depotcache/61/06/61068935f4d279c5834cc5ebecbf7bc14a61739516d9a5b894733e0ef787f922.s2ml	f243e847b7a086673941fdb5d78979d5	129
mods/core.stormmod/base.stormdata/depotcache/61/3e/613e2d91acf76e88120524bdf404b0d7122665046b7d97c46b63144d00ee2186.s2ml	2feb2ba29c80e4984da33d8506f1c035	136
mods/core.stormmod/base.stormdata/depotcache/61/3f/613f3d49313c22390a0ac91c57cd9d82c3fd1375be55426a465400359f8d61e1.s2ml	95c66ee3439399dc841b98722823cf88	871
mods/core.stormmod/base.stormdata/depotcache/61/65/61651f7f707d91cfee718c750bbc2939892950883452cc35207ebb7a08d2553e.s2ml	70954b735eab27b94acea797f9c17ec8	195
mods/core.stormmod/base.stormdata/depotcache/61/75/61756a8c2ab4c7fd8ade6809a8c92da45bf7eb71121698d6a5b330a2dff0242d.s2ml	60c755028f76374480b9567cbffd58e0	150
mods/core.stormmod/base.stormdata/depotcache/61/7e/617e94c4e8a4e134cf7b6bc941ff2f46eca1fa419b334f602963603a45a8d79c.s2ml	608f020e7e3f016266bffd92483cc2f4	133
mods/core.stormmod/base.stormdata/depotcache/61/a1/61a19bde14e0872cb13eca8a4fddf12adf6f2525a836fd2808124608c2f4daa3.s2ml	7e1bf4284afc2058be9e733ed2271282	883
mods/core.stormmod/base.stormdata/depotcache/61/a2/61a260adf3760edec9a23fc2f16c776b7fc315873d16ef342a1601aeb60f9cc5.s2mv	52382710be7fb79a616a20a6803e8669	6781
mods/core.stormmod/base.stormdata/depotcache/61/d8/61d88d9f74b3a8fb9b5c0330fcf96184b39b5ed4090f2946315210f595b795dd.s2ml	c6f8a6261c65c3951fa62455f5cb28b4	174
mods/core.stormmod/base.stormdata/depotcache/61/df/61df50b10516bb616fd118e616024b80be43dd2e5dd8eef18fedb65123adaaa9.s2ml	9f03aab225c8f2797ed49baffca718f9	183
mods/core.stormmod/base.stormdata/depotcache/61/e1/61e13ab973c454f7d64fcc5fd1c8f3112c2c216b5013e38a2ae1185051b32a84.s2ml	986f0ac8f58dcfe692d17736ea119a0b	272
mods/core.stormmod/base.stormdata/depotcache/61/ed/61ed808d4de3c39fb4ed526f110cc8498730b6e49bdca519ddbad6fa903250bf.s2ml	2a48f79c5201ac24d09235394f4f1ee5	180
mods/core.stormmod/base.stormdata/depotcache/62/36/6236dd771470cd97b2aab8780e6d1a4c45fa53f9b18b83df356f5ba39d48a5a0.s2ml	246f66d81672cdb8c9e9602feeb2a524	1028
mods/core.stormmod/base.stormdata/depotcache/62/68/6268aaf6979e2769e913b6322f3c6f75e9b4b6216993fc813cfeba77e18d2cb0.s2ml	c1769e8e177585cc368c9b0825789647	1191
mods/core.stormmod/base.stormdata/depotcache/62/bd/62bd5cdd6cae187b86ebd6483b7ed9f4ea7ae16674e1d148744b76c78254f7f1.s2ml	ce9e7d2c8ce73cdf205f9d507eba8e22	472
mods/core.stormmod/base.stormdata/depotcache/62/e9/62e997c6f021b5190b18884930c655d83b18031a13f77335dc09d5404d4d902c.s2ml	b9a6dcfd4aad60909c4d131b4a10e78b	160
mods/core.stormmod/base.stormdata/depotcache/63/24/6324198dccd4b9aa8d9cc3144cf69212b21611fc8eb081091f2970e1e9620133.s2ml	a0fa0f1a87fa76bbba39f95ff35d7d5a	1794
mods/core.stormmod/base.stormdata/depotcache/63/27/632766066a6330adc0d1a14e2ac454e9ef4b944668ed57844e161f0f9d2cccf6.s2ml	645ca306c763853dab6ecf0fc3ab3a57	700
mods/core.stormmod/base.stormdata/depotcache/63/38/633894f920defb383be9a199baa145e61f162892252367c7cf49b799ddf29ae1.s2ml	9b24999a00c7c201a07016a167ed7a38	434
mods/core.stormmod/base.stormdata/depotcache/63/3e/633e2b3b8fab41946570910b897866db386f404cb20cde0795616703924c07ad.s2ml	60af69d751b9557519404e8c35cc3431	458
mods/core.stormmod/base.stormdata/depotcache/63/88/63883b6e222d7b095132462c298410162fa19a9df52ae62a60fa29a30979a03a.s2ml	d911fa70a8be8be4ae53ba99123dde5d	176
mods/core.stormmod/base.stormdata/depotcache/63/9b/639b0b45017dc830ffe08a24d959dae94fe8e8bb8f728df274b378ff2dc0b945.s2ml	5bd2469abe25be5760ce6f944cd145d4	135
mods/core.stormmod/base.stormdata/depotcache/64/28/642874b70153fd2657bcd7b938d9dcafa2dca5099c630464b75408ef4f093fcb.s2ml	c99f647fb4c1a53c1521a5943322aac1	2019
mods/core.stormmod/base.stormdata/depotcache/64/4f/644f21036d9de0f04ec9ed37b08f795942025c3f1c67e1d03739de3cbfab5c48.s2ml	ec51743b37898d5f6dc67fb86153ec7d	1607
mods/core.stormmod/base.stormdata/depotcache/64/5a/645a2b932aa4aaa81671ae5274cb79f994ce33e019e254719746d23aa7e9fa38.s2ml	4c5c658376df9e1e8bb2f2ea2ebcb09b	872
mods/core.stormmod/base.stormdata/depotcache/64/88/6488333672b68305767e40a9b223dafc1f9bfd0632bbe4972966853e3a5e760f.s2ml	8bf7d22e7c5a49c69ad825bf2a824d30	408
mods/core.stormmod/base.stormdata/depotcache/64/f0/64f0144a7808e36817a07da156055cbf0ed297e0619607d1061b61c440e3d568.s2ml	262e6ddb54297fa2b11529e3c0f9006b	375
mods/core.stormmod/base.stormdata/depotcache/65/11/6511230db2f9ea16a1e2dc7e5fbfb0f7d41ad6ed0515f8ae6aad6e072cc309d7.s2ml	12ea45cb06487781241e6341c0cee5ae	1962
mods/core.stormmod/base.stormdata/depotcache/65/1f/651f2f2aac0a2601c8c1aae17d22e3ebf0c8374ebb1dc1c7aacbd793e58f8da8.s2ml	c5538d9d3019a2334b41f0c0cbb98e64	177
mods/core.stormmod/base.stormdata/depotcache/65/3a/653af94af10b45eb22fa09be61573657382704ef3433ff4ceb72abc24347cf63.s2ml	7b9cd00c8d64dd07a468ce02dab6a86e	1101
mods/core.stormmod/base.stormdata/depotcache/65/3e/653e453f6d5101b41f62dfc7d155d2f4e60bc599f77980eb6aa8580ea39ebbe1.s2ml	53238784299d72f6f02e453dc9f0749e	317
mods/core.stormmod/base.stormdata/depotcache/65/46/6546635b610bb88d99f103517903efc0cbcfd685e7644c8b2b23fc10c19da328.s2ml	8f30c8654900dc8208fac171e14352fd	171
mods/core.stormmod/base.stormdata/depotcache/65/5a/655a575d5dd0264addd85fdac7efc882eb331be2b7e0cfedbb812c4503bec5de.s2ml	4c5111fc0695e144552c2bb9e3c41105	1111
mods/core.stormmod/base.stormdata/depotcache/65/8f/658fce0b5d57e37b7cead94e2d7f30556ba470532ef08bc59413312b4030724c.s2ml	9865fad95244e2ff87606df52a7502bf	524
mods/core.stormmod/base.stormdata/depotcache/65/a6/65a6e6d31045cf6c3eb74a49f23c3f397e895a7b0f640f738d95fa29daa7b46a.s2ma	a4be0389299078964c8725325b2006d9	2304819
mods/core.stormmod/base.stormdata/depotcache/65/a7/65a7677fe2e66bfeaadb61c01a24068128ec0f017b1298077bd864e8c9e07eb3.s2ml	8fa57bb001f0e07ddc6972f9c551c516	586
mods/core.stormmod/base.stormdata/depotcache/66/27/6627d316cf3311160605749fe5dc8d6edd1800ba01baf53e3df83b274e342586.s2ml	27ea0980e8c1d4affb0ac1b903cb6719	395
mods/core.stormmod/base.stormdata/depotcache/66/33/6633999507f9b4c751063cdeb715003c4db7b1f32c4e7d83332d421b35da003e.s2ml	329657ed48901b7d0c0c55c0479e776a	1016
mods/core.stormmod/base.stormdata/depotcache/66/48/66488c4213b16518c8ebd7cb25007a8cbdee4302fa435327eea630bd6d326bc7.s2ml	cd58418bca182191517fec3a0a2442df	123
mods/core.stormmod/base.stormdata/depotcache/66/d3/66d3c713ba4a976adb8092434945045985501fdc085ae40f19b244046ec3539d.s2mv	ef5274c5b1d89601feda2ef2703daff2	2303
mods/core.stormmod/base.stormdata/depotcache/66/d8/66d83aad3d2f2bac0b14a76c97854281e5be288d48547d35ca73dcdc4b7acfc0.s2ml	651c89db08b1b21ebaf28b5ffbec440f	1723
mods/core.stormmod/base.stormdata/depotcache/67/1c/671c527192e3e4ea9b08e66d14340ffd4456d9e2774b8563b83c359e2a43c656.s2ml	a9a1b0cbd9c5b288c9ce33adbe6f5f93	411
mods/core.stormmod/base.stormdata/depotcache/67/37/6737635e1c9d8a9f2cc79ab0a0bc42cbbd7a00ba68d684cf416e1dbd3979624a.s2ml	05e5e969b399e264644373c55baaa8e2	370
mods/core.stormmod/base.stormdata/depotcache/67/73/6773d95725503a707930f2d54cd5b2f32ba8289d96a28e20e7a00acea063a2ed.s2ml	13f26c5ccea88de18b67fecc13a66e69	334
mods/core.stormmod/base.stormdata/depotcache/67/77/677742ce275f24810a2382bef5e3d995b62c231fa61c99f7d71df8bf02940c9c.s2ml	467ce24f14c32282f18a08a783ec9c73	321
mods/core.stormmod/base.stormdata/depotcache/67/89/6789f3e2c7b3c8c43a0afdbdeeb760bee44eab9b94b9e9f264273dc3151f8bc3.s2ml	3f980fc3ff99f58059eb3ba0d6dd42a4	210
mods/core.stormmod/base.stormdata/depotcache/67/95/679555a9e32028dc087a624025a6516797a763428e4a5f63a6d1c166c5811b40.s2ml	e76b8951cbc500416c96959a7270c98e	473
mods/core.stormmod/base.stormdata/depotcache/67/d9/67d9800832fb10b7cf6a0809fcd156768d77ff18078821fbdc5d98e27c1ec2e6.s2ml	cf7a928c1772fb37fd5f7192296da443	154
mods/core.stormmod/base.stormdata/depotcache/67/f5/67f56ee84711b0c156b761ed1258b7720837aad7fd53c8e1894b1b5be7bd9901.s2ml	78b88049ed48f191a37e8d7d79b4b746	429
mods/core.stormmod/base.stormdata/depotcache/68/23/68230857514cf2b37a4e4358297de83fc745146a1920ef43ea87c8d1efd71d94.s2ml	8085edc40680d88efd5a8285300701bb	16869
mods/core.stormmod/base.stormdata/depotcache/68/80/68809a85db379d3fd5eed8b8c984b340cf3093380f39e5d9c9475fa4b37426eb.s2ml	69df70330486a30ee37b9811d8da66ca	177
mods/core.stormmod/base.stormdata/depotcache/68/99/6899360bc5d174be3a45c4984b8521ba32880ff7ecdc2f59d799f4fe05d4abd3.s2ml	fe89eaa88bc79439b71c04b661c0cf2d	251
mods/core.stormmod/base.stormdata/depotcache/68/ad/68adfa489dae27799240da8de0934bf35f7b38afdcb626b458dd122a815a2425.s2ml	37a290fa3d4ca2917aaa7d939b097839	1702
mods/core.stormmod/base.stormdata/depotcache/68/c1/68c10d3490f9b3dcda0e61cb64dbcb7dfd29cdcec20534a7d3958a4da235e20e.s2ml	4dfcd5ebeab0cd4a9ca92c52215646f3	158
mods/core.stormmod/base.stormdata/depotcache/68/c1/68c13f0bd6d641a6babdbb50110fbaf2fbed789499c967e2953731cd5cd2462b.s2ml	ee69a6d5ccfe0b8228ce2a83c6f7b7d7	173
mods/core.stormmod/base.stormdata/depotcache/68/c4/68c424c812855d61676a6696a159b2746f02c051f83fba697768d7441e3f78c9.s2ml	4dca4af4bad64c0e6f336352c7b9315b	940
mods/core.stormmod/base.stormdata/depotcache/69/70/697025eacfd55dcde7d0f8b817c4da3d9fcf46762036e0019965365da584f794.s2ml	73b99874f5b174a26a72acddff019672	151
mods/core.stormmod/base.stormdata/depotcache/69/77/6977a6c1e8769b907c6d942043e71c9fe29e05b8d2e4daf7c790836eee7a332f.s2ml	321df7676a8f396cf100383af3659254	342
mods/core.stormmod/base.stormdata/depotcache/69/83/6983a37a6b6d1ab89831966f29433a4594d61ff28d3c771edab4fa61c56e9567.s2mv	a76eaf577609fa1f6a4c98dc11329b5a	99248
mods/core.stormmod/base.stormdata/depotcache/69/cf/69cf90740690b3a25a8f77042d12e69c283261d35931483a83af3ded5801f706.s2ml	1dc52834ff1e06c3f322e293745549cd	132
mods/core.stormmod/base.stormdata/depotcache/6a/33/6a3396e871d4a70a9c8f3f074f136f9d77716316dd8e47545616f124a1c33a11.s2mv	adbb8eeb6c6eb52036b31597884de8fe	8561
mods/core.stormmod/base.stormdata/depotcache/6a/4d/6a4dc207898bddf47bcba72ed6bc89f769b3ac1aa5cb76f773908bb9305c4e9e.s2ml	dcaf4e8770cf803176c4f23143ce6a32	472
mods/core.stormmod/base.stormdata/depotcache/6a/67/6a677ca3c0ce49ba2e71a376d86000004b2e38b1fbee73cb9424a858af0833c2.s2ml	f1db3cf01f242adaa89ff8b2e7d661aa	508
mods/core.stormmod/base.stormdata/depotcache/6a/d1/6ad14eaaacdd6d6ffd60d29414503ae1e6b1e28519a19bfe45c548dd8ff7b135.s2ml	2b28b26f3017703104b6a7948f333c71	1357
mods/core.stormmod/base.stormdata/depotcache/6a/d7/6ad75021bb44bf0074726a0752033f78286c673737faae654e0449c03407ba77.s2ml	b2d4fd5543a06bd076271cb71c08ac00	656
mods/core.stormmod/base.stormdata/depotcache/6b/25/6b250887f10d1a5fbeed84fd565250b6172718afa08578d69f2073f15ca56d14.s2ml	2a7203537e5647be1bf5a0d025b5565d	886
mods/core.stormmod/base.stormdata/depotcache/6b/47/6b47ace5ab7a958fb4caeb9c62b452d4c452df937b4f2cf2d5f217968ef08c49.s2ml	606335d18b33e6837887b51e5635193f	166
mods/core.stormmod/base.stormdata/depotcache/6b/76/6b76fe281ca26247e2821e987306f9a91f80854de4ede9ac5574f8f2aaa07c1c.s2mv	3f89243a78a8f5820a3b03efd3187537	7406
mods/core.stormmod/base.stormdata/depotcache/6b/7e/6b7e980f3cbfa92c84fc400df9dbfa62a79290a3814753e82b152c38020e1cd7.s2mv	81771a84c42ea6e0337a001844216b31	199184
mods/core.stormmod/base.stormdata/depotcache/6b/85/6b85fa00890a68b7cb2769b2224c2bd4c9b9e18c60e067e5ceca407c1cbde2f2.s2ml	6e8bd30f99b01f7adf3326dc08477db9	797
mods/core.stormmod/base.stormdata/depotcache/6b/b5/6bb579a2825c8fea43d23361a8270ca9d7a2610fca2ae4508dd0c92eeacd9640.s2mv	d496d7e6714c06fef43aaddf799b81ac	99248
mods/core.stormmod/base.stormdata/depotcache/6b/eb/6beb8d00106ca274e1c65d192f5c4ae789cdc869e26418ba167b153d53109842.s2ml	db2ec8fbef2899dde9fdbdedec8940c2	133
mods/core.stormmod/base.stormdata/depotcache/6c/08/6c0849453338e65a735ea0e407c372d925211870f541132b2d50ce951c07190d.s2ml	7daa02a2a20e3fb9fd3ea3e7973c3f20	131
mods/core.stormmod/base.stormdata/depotcache/6c/23/6c23cd8cfdbee610fa0ebfe3d08f36dcc5b91002d7a34987f9d446081d1136e3.s2ml	8089d66bdf708413497900d1b159a4c5	238
mods/core.stormmod/base.stormdata/depotcache/6c/32/6c3297b17491a5ccb0e2f60fc1d9a4c7b91be91dfa8ee995b7142ea0a428a5e1.s2ml	fbb757378c511d0b86c875607ffe8ece	1196
mods/core.stormmod/base.stormdata/depotcache/6c/5f/6c5f94bf58882199994fad385599997e1832f5e23724a759a1b7dd5fde1eb8e9.s2ml	ae5a0fafc65b086ebb0b4152fd43f71c	499
mods/core.stormmod/base.stormdata/depotcache/6c/62/6c62796d90ca1974f85c8a43425fca36767f680b777fe59f3e8b5002fa82efb6.s2mv	8b0fb6420871f6f691a2902daeba83b7	18215
mods/core.stormmod/base.stormdata/depotcache/6c/82/6c82cfbd235cf8d96ce1aea3d11c64c47e484a481defc8c44fc25f1938fc3805.s2ml	ff9bc25e8abb89a260800276603b8470	385
mods/core.stormmod/base.stormdata/depotcache/6c/df/6cdf3fd12e5604cfafe43b9fc6db8b2a0c71867b7f96639745d93920faba9a10.s2mv	92b39817d76d3afb5b5734118074444f	99248
mods/core.stormmod/base.stormdata/depotcache/6d/2c/6d2c2a4e94f7f3de077758fb63f63adc99fe9759d4486eb6d77cfa1d413f53a3.s2ml	57b6c554b7b00a6bf509ac316f1b7712	1363
mods/core.stormmod/base.stormdata/depotcache/6d/42/6d42f1590a89ef9f9191901787f54eb622d7864c9b3e5fc50b1a4108246e2549.s2ml	a454aac63d634a49d850bf8f1935b162	1143
mods/core.stormmod/base.stormdata/depotcache/6d/59/6d5920bddca3d8cecf333d379e3a02060301b1de2de968c45afabbdf3180fbd1.s2ml	a81a9c2f8e68ab492462e9701cd209cd	1351
mods/core.stormmod/base.stormdata/depotcache/6d/cb/6dcb668a7cd8d56b151e2bed563cadeab922da9d6d961307e90980e0ca9bf1cd.s2ml	42c7b1db464be654b5e501fb16f2399b	16045
mods/core.stormmod/base.stormdata/depotcache/6d/e1/6de1ddfa07cc7cfbbbbf0a144c309a91fe9ec6044face7867940ad013f29d5d0.s2ml	49bb2db69e18a5905bbc7131a3921ae9	1620
mods/core.stormmod/base.stormdata/depotcache/6d/f5/6df5ccf9d48f61eb0386979a91bc9e06e53a2a4c00f56193fe74729aad59537f.s2ml	8e8cc27c0273a0b1c0ce3d33bbf799fc	409
mods/core.stormmod/base.stormdata/depotcache/6e/1e/6e1ef586a3d22ea52cf72546829484a671386667fe7bc228af178262f9896a02.s2ml	af75500493a72da5eb9c5dd50e756dc2	371
mods/core.stormmod/base.stormdata/depotcache/6e/36/6e36ac77748451832afc811aa8b59eaadde72c42a543e95299c0415c1ca0a70e.s2ml	312ec9ff8a2c5b66d6b463399904f4b2	196
mods/core.stormmod/base.stormdata/depotcache/6e/41/6e41c33c9e6f64097393bb85d3dc5bec03900666229e5d199071a9a253003ab0.s2mv	64803a8ed3258aaefa6575e68a10540d	99248
mods/core.stormmod/base.stormdata/depotcache/6e/49/6e4927f3cc04542b925463447308e924272c1a1bfc93dce268f5370ecd45dd0a.s2ml	6434fc2f50e550e0032e068901cf1d48	293
mods/core.stormmod/base.stormdata/depotcache/6f/26/6f265961aff939cdc89a504bfa854feda3c58c7967de34fe01f11c95e634ec88.s2ml	8afa5a5806813b005a5f0d20126cd1f7	396
mods/core.stormmod/base.stormdata/depotcache/6f/3c/6f3c5d56015e802ec3f06dd75257f146ed4a0ae6059bcd2ddc9c5726a87e0e4a.s2ml	9b2f9dd564a99b44aaef1697be9b424b	635
mods/core.stormmod/base.stormdata/depotcache/6f/55/6f5599a33d21228d098608d13fede397060339c10dffe0ebc9866733af512c27.s2ml	f0395986eda06ec6415a803cac27065a	382
mods/core.stormmod/base.stormdata/depotcache/6f/5c/6f5c49cb3a192e327fea02aed387c7b6eb6b8ab4d16be3dbcf16f25f2d9af6f2.s2ml	6b48e212deea0606654d0b12b559fd0e	517
mods/core.stormmod/base.stormdata/depotcache/6f/6d/6f6dc4050c5900360cf493f442a2ca88d007ce02b52e0338739e4357962ba678.s2ma	fc57a23795089aab057f28f77e39acec	411945
mods/core.stormmod/base.stormdata/depotcache/6f/77/6f7787d9e2e2a055546544c1a9564f3583e0ca922958ebe9c51e36c3f5eb1530.s2ml	57a6d76851d69cba23a6c5e0cc40edaf	204
mods/core.stormmod/base.stormdata/depotcache/6f/9a/6f9a6d9612b006bd536e1fabf189957f3c573088a16a1aea93f163ac35707265.s2ml	820b4df152bbd36a7e524a943bfc4885	161
mods/core.stormmod/base.stormdata/depotcache/6f/a8/6fa8b6ecb9c079354dd8fd88ba6b1cd8057f3798714212ba0810e6253e30b547.s2ml	8e1cafc0ac77e73bed3c9021ba17ace4	289
mods/core.stormmod/base.stormdata/depotcache/6f/cc/6fccd4458dd8b333865b814db57f0e574dafc47342dfa16d5e98435ddc2f4c99.s2ml	7ddc09cc0f6fb49280038763ecdec8a1	508
mods/core.stormmod/base.stormdata/depotcache/70/0a/700a591136e64244e8dc2477aff103945d67e548109744a7fe274b41cf6f5fd2.s2mv	a4a02c80246586ac75c3bd0f6b7bda63	2310
mods/core.stormmod/base.stormdata/depotcache/70/49/704948cea80a2ea2d0768df74b2654781a9f30247eefb2edaea79571562f1c55.s2ml	33c4d42f850e11c0a8a14a65f8570761	661
mods/core.stormmod/base.stormdata/depotcache/70/7a/707ae0791e633edec49650c20c9c3c4400af37aec6dcda455a949dae2f3e5700.s2mv	4196627739862cfe02a332fe8bc741aa	796268
mods/core.stormmod/base.stormdata/depotcache/70/7c/707c26f9feaf374b956c0043a92509a50814b2d75e1b187f317f554fd12a87d1.s2ml	f8da6377ac090caabbd9c200a14f775d	15812
mods/core.stormmod/base.stormdata/depotcache/70/85/70854e62eb23ba0380c4ddabe601cf53139e8d7c4db6a57de9b52e004b0be1f9.s2ml	b166c0b2a9f16a9768e20027283f15d3	1062
mods/core.stormmod/base.stormdata/depotcache/70/8d/708dd48507d75126897e12697913183784507e969d22c2f0213ba09eda94050e.s2ml	4adb6f5452faf5bde21262d84937377b	358
mods/core.stormmod/base.stormdata/depotcache/70/a2/70a2cc095c64ed0420f4436d35df6a92f695a2d73cea60a355195380739934fa.s2ml	d7b9eea3ad57c66d20693c96e06c7edf	328
mods/core.stormmod/base.stormdata/depotcache/70/bf/70bffa9294e4b91d0c7cb9da51b4b11f336e9dfbcd56f3cbcb70a94d5109897b.s2ml	43248ba43823f6c385f43fe8feab32f5	33478
mods/core.stormmod/base.stormdata/depotcache/71/08/71087cf333c2bdafec7542dea27d6604b74c9ee3edfe4be89238944521d4fc8b.s2ma	a2a941e80871844f010e6e269012d266	2262409
mods/core.stormmod/base.stormdata/depotcache/71/13/7113f389d3618233ab52af990d6a99247a017e7e261201954e422b1e047031ed.s2ml	9bfa80689e3eecf313f0bdffeb8c500c	181
mods/core.stormmod/base.stormdata/depotcache/71/66/7166313b107795b5f484247744690fd8cc60edb57250e74fcdf0a84d68668f80.s2ml	2214a1fcca3d7546934e07c09d0d09f8	46030
mods/core.stormmod/base.stormdata/depotcache/71/c7/71c7a58f01ded7039576ffd505d03c91894fa803ff87517670b6ec282f58cb47.s2ml	69fa14d89ead5d3ea608f5e1c322f0ec	3760
mods/core.stormmod/base.stormdata/depotcache/71/c9/71c96908abb729476cd38b563d0affe2593067c8ac86b4c5dfcf8d424f866455.s2ml	78bb02d51584fc606ca8145de9d92d31	1245
mods/core.stormmod/base.stormdata/depotcache/71/f8/71f88157b20a6794bd7ef022b7767728e472d2a685f624240ecafc6ba9c631c3.s2ml	cc077cede3babef9080da6cb272b7ab1	39960
mods/core.stormmod/base.stormdata/depotcache/71/fb/71fbdba6e95a95459bce23a8b84435c0d4e6845df662efa8b22142f501820309.s2ml	c1f5e83274db2fcca28f06b08b68d3d0	21101
mods/core.stormmod/base.stormdata/depotcache/72/06/720608677dac539f8e0eb50e0f7e4add6ac4268a6b90acbea37bb33c54641a7f.s2mv	786a8d354950f9c848daf6d109cce50a	4644
mods/core.stormmod/base.stormdata/depotcache/72/13/721337edd4d44632d3178eab96cb0cabb72d6ea5ac81ece935b698ddaebaac83.s2ml	248d8bfc18808a02e86da1c8ab811457	1273
mods/core.stormmod/base.stormdata/depotcache/72/21/7221d2dd51e4c55b5dd2a4a3a8c8dfecf5961a92282fd3a45a11a5f8db423457.s2mv	21869cde39abb67f59c2a8759a3c116f	3029
mods/core.stormmod/base.stormdata/depotcache/72/3e/723e48f91ed4b51bd846970fc608c0d3c51d42676935b5c26ea382afd0e455ec.s2ml	2b492506124f93a404679eaff24f2f62	142
mods/core.stormmod/base.stormdata/depotcache/72/9c/729c00ff4d0344240aa54b9ff1d0cbebbab07c93d0b56fd23d89cb29ec6cf3aa.s2ml	f9573b8468ba0eab0aab6062bc48177c	307
mods/core.stormmod/base.stormdata/depotcache/72/a0/72a09f3569ca0a7b359989bc95d9265eb9dec12d8a776126a37bc5e68a51b745.s2ml	ae7ac5cd446c2173e4345090baac68d2	1234
mods/core.stormmod/base.stormdata/depotcache/72/b9/72b900be49fbe0866b1e0cc9f28bb881afb54d1c0d7e548b61ace14cd73a4677.s2ml	d8311eaad8e0af34984451a6ebb2318c	9956
mods/core.stormmod/base.stormdata/depotcache/72/be/72befaca0b543895c8f0f3ccf84b8dc1e36d713df6ad3d193185629a6d81d208.s2ml	e3ddd6950b6661b270d35ce10422b9cb	2124
mods/core.stormmod/base.stormdata/depotcache/72/cf/72cf3db5cb4217ccf359621a0a66874072ced2ee206ea272cb84de119afef06f.s2ml	b11d87fdfa3e701ccaec62f4a3ecd1f8	1547
mods/core.stormmod/base.stormdata/depotcache/72/d1/72d1502e4087d1302eba52baedba11794e9111a13511e32f89cba37bf3622adb.s2ml	74934e968171b9c74e868e1a9089dfd9	156
mods/core.stormmod/base.stormdata/depotcache/72/de/72deb7b7c77610c5b5188eb69085cf3dd2eec47478d6cc35288d8815be715ed3.s2ml	eeb8d32fa9c834451b3ffbd404fe3ff5	137
mods/core.stormmod/base.stormdata/depotcache/72/e7/72e73e24be641eb682ef601905101ef0cad31ca8f620dbf6c1073f7182eed074.s2ml	cf1b1abc4927a451fcd69297fdcadd40	1042
mods/core.stormmod/base.stormdata/depotcache/73/1a/731ad1d317de9a722a6272a02003f9b97cdc0d859a811e9f6c25c8700257e68f.s2ml	82476a90a9e450f81bcaa54f1de8f2a6	908
mods/core.stormmod/base.stormdata/depotcache/73/29/7329da3667ce22bef6c219871465b9ef742cd26319ca8e603749525720ef67fb.s2ml	861c9e460cea1b3dfded6c9959c271bc	30881
mods/core.stormmod/base.stormdata/depotcache/73/99/7399f12ec261597a15581b4384006bf56e6838736f30fd6179511976aec89cc0.s2ml	ea0ff9b64fa6c7a9a1ff0b4e8c5e0fcb	175
mods/core.stormmod/base.stormdata/depotcache/73/c3/73c359833dbcab9191eb7bfe9b5a76a7de7b08ecec21e17ccd0edcd80c935d7e.s2ml	ef52e0c5640c3c4fbf2eb1d24b506d1d	35771
mods/core.stormmod/base.stormdata/depotcache/73/df/73df686ee888aa425b0fc868df19e84876839c115fab8a98242567a238a854ff.s2ml	01147db89282f3ef3acef1da9b443625	979
mods/core.stormmod/base.stormdata/depotcache/73/f6/73f6a449a30ccb989815b242aaa745331686faf30415f22dc679786161318e81.s2ml	ce0097528ad2df391be71c343b4498f0	1204
mods/core.stormmod/base.stormdata/depotcache/74/42/744267f09b8d6c04ed88dd2a3596bf7c0fde04c06e329221c1078b2cc9216abc.s2ml	f636b2bd82c304e69a67d9d7560fc092	161
mods/core.stormmod/base.stormdata/depotcache/74/60/74606598cc32eab17d2a43ee9bb7b9037de2fb9c280ae083945e93d79a3d6d24.s2mv	0befb9d7e42d5882f1556618cf28b1a0	8615
mods/core.stormmod/base.stormdata/depotcache/74/8c/748c81f5b5ea6683d0e9168d537ede6f53d4c65a4b536a882b34630fd9f33854.s2ml	131e8c27aa3e193024dd8a98bd4ab426	821
mods/core.stormmod/base.stormdata/depotcache/74/9f/749fd8ec225b86c62fdd9b28e413c61454b6723c89b2cc9cfa1ef40f19f81344.s2ml	8e20bf110fbde0d55a87a66f71665f56	18174
mods/core.stormmod/base.stormdata/depotcache/74/c0/74c09e1e1effa3eadfe1ed616bc12e3abc30cbedb90d2e5925144c49774978ad.s2ml	165e805d6e26ce1f972a41f2bebcc6dd	135
mods/core.stormmod/base.stormdata/depotcache/74/e0/74e013313cb5b7e787e3cfe9fe82d004429301f551b4a47d3c6f0c9201e4d3bc.s2ml	d4eba5b4699c356bca31c62674bb35fb	166
mods/core.stormmod/base.stormdata/depotcache/74/f3/74f393dcc8ee426e29d2709280df738a9278a90c89d7ce0061741160829a87a4.s2ml	1118edc1ac043e27f4216c600c42680e	168
mods/core.stormmod/base.stormdata/depotcache/75/11/75118341e827c815fde63b5d20ee45eb16c10b3bf073ac24e7a694acde52187b.s2ml	999065538c0fc600066f1de9359de585	363
mods/core.stormmod/base.stormdata/depotcache/75/18/751813073e999edca3af199ead7e1d642ff44133122739633a3406996d4ddf5c.s2ml	6f6c01ecd361557490d66840c108960a	462
mods/core.stormmod/base.stormdata/depotcache/75/3c/753c4a6389cfc2bf885b218a2cfc02dfebd436c5c40c496a1dc83a9d4120d26c.s2ml	9d0490ac2e8674727757ddaaacf1a4a8	246
mods/core.stormmod/base.stormdata/depotcache/75/3c/753ccadb893b5494c0e176e616e076937accfaf89215b96839e4624b2905ff5d.s2ml	861d33e23fe40a7ac307ce7bba80dc3a	1536
mods/core.stormmod/base.stormdata/depotcache/75/56/7556f29150162290fddcc0d8a342c92bbca450fccba2db002d4d712c0786a678.s2ml	04446b8f57ea3fd1f39dbd9166b47038	405
mods/core.stormmod/base.stormdata/depotcache/75/7f/757f43f63a0352acf71df1fe29bd0fb8adcf5575e9bd185d715fae110edb86eb.s2ml	0805dd6c716c367cc60bc92c8a6bac43	227756
mods/core.stormmod/base.stormdata/depotcache/75/82/75821a003e7a4111c9260402324aba26b451afbc0511f6214f0fb15c47d92858.s2ml	8cb08a7798b86ad6ec8d35950c88cf47	968
mods/core.stormmod/base.stormdata/depotcache/75/87/7587cc50bbdd4b45540a1e1513661ff0d3b1936047c102d09604b4a61bf1ed1d.s2ml	d8a1ffc66888b8969c4dcdc605369feb	157
mods/core.stormmod/base.stormdata/depotcache/75/eb/75ebef1889c79d3bca907602616e9509acb13e22f35bab23bbff6ff46826d787.s2ml	9875085e04daec8bbcb84f7e9d958992	1284
mods/core.stormmod/base.stormdata/depotcache/75/ec/75ec7ec1c219bf85f454c9288dae55cc98597c6e90310fcc12beec42ab222f78.s2ml	bef949b55921d09c07f7a379fa0e50bd	308
mods/core.stormmod/base.stormdata/depotcache/76/19/7619227a0aea006e73b176e8c7445f6d3414593d92f9a8fc30ff11d1bcf26b21.s2ml	973d3e738ceff5e7cb1b3451ebd082a0	159
mods/core.stormmod/base.stormdata/depotcache/76/89/76893c3d733824b9fcac137764dffccb1f287acf2ebd54131b039300a9d406e9.s2ml	356207a15c60afd2fca0a39f9f3b83c5	181
mods/core.stormmod/base.stormdata/depotcache/76/a3/76a37aaf97302971787e84c8e8729c721a25ff5d655a2277615a84cf39272e54.s2ml	78b58cf5733d254f2d81b17ceb9c0d81	1230
mods/core.stormmod/base.stormdata/depotcache/76/d2/76d2db6b636aa8fefbdff114122e85bd007540b7ed7b36cf23f9f57e923e79b7.s2ml	a21d39ba50d914241e0affba8b9900f5	120
mods/core.stormmod/base.stormdata/depotcache/76/d6/76d6840006fa652dd2cb922d2c4d316a493e0c360640a1b78cd91a4c0e83a7fe.s2ma	c4ede7a0a50608db755001ede301ce0c	154143
mods/core.stormmod/base.stormdata/depotcache/76/f9/76f9eee37c4264f9af5d54fa18531d7d7bf559a58408ffe8f2ab8c18e16c3f6c.s2ml	065aff28ed9fbd999d38e4c19cf6a6e8	341
mods/core.stormmod/base.stormdata/depotcache/77/2a/772a7c22e621fcfead157b1cf401e0bbc7bc8f6a99df48e09a9eb62f685529f7.s2ml	8f898e63dba9e99e416913986e7735a6	1223
mods/core.stormmod/base.stormdata/depotcache/77/51/7751c274aa96c7b58e89c757eeb89e05f28e5c369e463ec6d51bf172681bd3a9.s2ma	195f2567c1913fce8c62c3f2213fb41c	2308886
mods/core.stormmod/base.stormdata/depotcache/77/67/7767ad07c968cb27cea000aad1c3eaeab179aae2e6d9b2f6db5a7f4b57a6dcf3.s2ml	17dfe2b6516a4b04e8829778977eb8ea	1186
mods/core.stormmod/base.stormdata/depotcache/77/68/77686ac45104e2a7de0e9fba1545250e2b5508b20c97def5af7e46ead02a2bf4.s2ml	bd067342e97d093de5c2e0cd00c3268b	186
mods/core.stormmod/base.stormdata/depotcache/77/76/77765404d086356f071daf6aefd962575ff30c6191e95671e30fbefde58a7c55.s2ml	7d3bf16ddb68779ca8f76a69b734c484	612
mods/core.stormmod/base.stormdata/depotcache/77/91/77919a9ddbde1982ff41f5924b5b67dbf971a26ccaa880abdc776a2dcfa2c1f1.s2ml	2cef7ee9b393b3c1064b17126215ae1c	342
mods/core.stormmod/base.stormdata/depotcache/77/ac/77ac5cf209943bf94a6b6ef934ca50d6a154d1e39802302540f2a81a2efff38b.s2ml	545ef66f4e7447e385b15fa4182487eb	1185
mods/core.stormmod/base.stormdata/depotcache/77/b4/77b475ac55592f33df9aff3593055f8d7d4909ae9efa04e26114004fc6abf9e6.s2ma	5189b32c98634d6bc2ad4ae88c54b92a	30399
mods/core.stormmod/base.stormdata/depotcache/77/fb/77fb931f07c96b841817a29412068c5cde12331fe79f9dc49ba3f518499f2dfb.s2ml	b44321f462bf8038e7f261e0acc963c4	1556
mods/core.stormmod/base.stormdata/depotcache/77/ff/77ff7504bdbcbb51a75420f2fbe5743fe354b7c15fbcc57de7afc3b5eb57a0e0.s2mv	9fb972b8d0a9f92d1d021cfd3aae3d88	22463
mods/core.stormmod/base.stormdata/depotcache/78/14/781432192a6f1892937cf89044c8d4a6d996ace1ca648961b3362651d9b1fec1.s2ml	6e07d5ee4b824b0f5bb925cb5fde7784	558
mods/core.stormmod/base.stormdata/depotcache/78/66/78666a85fc123ebd55f093eae9a6185386aab3a20440c719e5f64d1e089632bb.s2ml	65891a4572463b4410efe98dd65f2ee5	177
mods/core.stormmod/base.stormdata/depotcache/78/96/7896bd4f5e85abfd54b211c0dc8db39da56aaddf9b4a7bf9a4b0237a7c4ed2af.s2ml	bc0c2499f89215ac186f8a9852861d4b	482
mods/core.stormmod/base.stormdata/depotcache/78/c2/78c28fc8228cc8a11384502e9249587176caec4e736ec59df42df1a8a3c03c67.s2ml	33f09a64134a0c7a571bb61ff297c75c	794
mods/core.stormmod/base.stormdata/depotcache/78/d2/78d282c0097f31de2bb2622c82d6fe48376bfbaed9a11b02c5f6d943f863f0a1.s2ml	44ba6287c0593c3259967c202f9184a1	21852
mods/core.stormmod/base.stormdata/depotcache/78/db/78db7f176b052e8eeb3e46ec507d5aadff37b2541ce0fd9990c1977862d50371.s2ml	e989ea5e27d101d51fb492014300b5b9	181
mods/core.stormmod/base.stormdata/depotcache/78/e1/78e145359f63980fd24932e69574c274916df04f8f37c95c85e8da21f72696fc.s2ma	c0d3598ab001ecfaf3a52c03128eb94a	1111945
mods/core.stormmod/base.stormdata/depotcache/78/f5/78f57cf14b2e43699584c56b4e3ed697871c6c623c67788465260b5dd6b4b498.s2ml	da5b2dc8d647d2c6b917986f02624f2f	144
mods/core.stormmod/base.stormdata/depotcache/78/fa/78fad16387086eb8572261ce0d273321aba8abb350a1d649e62c2e3898c25e45.s2ml	6af898eb77d027db875d8346e64f685d	377
mods/core.stormmod/base.stormdata/depotcache/79/3a/793a653841a206d2629a0f5d4c5edb5d2f56b9db9b8554870193d4809a96c3be.s2ml	01ca6a7eb6a157bde22680da540167f2	487
mods/core.stormmod/base.stormdata/depotcache/79/49/794943467f0a0d35d4e16dc4fc2121fdeaa6f6e08dc0598ca422325197cabcd7.s2mv	d0139581eb068ffdb025b3928566475d	8294528
mods/core.stormmod/base.stormdata/depotcache/79/56/7956e51a661b602866889be573fb45db0bebffee697fedef0a83db5c8a8155fc.s2ml	e7b5c616276330d525e291560caba81b	180
mods/core.stormmod/base.stormdata/depotcache/79/5d/795d81449ec617f7dcc17fa1855db93afcc7efbfbd358e60d0515aee4a333846.s2mv	2a6e9f8273cacb020cdca0d0706e34c5	1036928
mods/core.stormmod/base.stormdata/depotcache/79/9d/799dc898636f12eace8296613b2d4e21b47e57dc0245afdf78f3e87405327d6b.s2ml	031eef5af9236f3649cd4a547764d3c5	13131
mods/core.stormmod/base.stormdata/depotcache/79/c2/79c230c9fac022f2751eaad43605020debda545f7729878d984389c52d71b28a.s2ml	13e3f4292f9102cf42fc34306ff8c4db	1242
mods/core.stormmod/base.stormdata/depotcache/79/da/79daa0f1160f9052c4e0795cdf7c76b37eb6c16d271349bbc83b89663e2273eb.s2ml	d0c7c905edb3c888ac5986a759ae0ef8	930
mods/core.stormmod/base.stormdata/depotcache/7a/0b/7a0b62ddef7b338a15af2704f6480471967ac59393ad0414f22f78f9ca43b573.s2ml	99a2ecf960b6567a2547584969bcff3f	453
mods/core.stormmod/base.stormdata/depotcache/7a/22/7a22c45653b91c9a1bb257ee81c7d88aa6e1e0d013c05fb0b1cf5342500ed18f.s2ml	f4f7072f365aa64fc1e21556e0e5e44d	1063
mods/core.stormmod/base.stormdata/depotcache/7a/66/7a66044e640503b54b5a8ef06d2dd89fff50f556239eff33b1a93be3af7f9f74.s2ml	3657df1890f24ebf3e49107e1cd3f4d4	870
mods/core.stormmod/base.stormdata/depotcache/7a/66/7a6639110cd0c5a559542000d31727f4c7e79d052bc9dbd619288a646611da90.s2ml	b9a3840c77fe4088e300e302bb03c412	1545
mods/core.stormmod/base.stormdata/depotcache/7a/66/7a66e9257faba54d6676715e6f8926920ecf5ffc4d2d38992c2ab3f3a5fe69aa.s2ml	7d680e8bf598f2f60cd18e45e214c1a7	242
mods/core.stormmod/base.stormdata/depotcache/7a/86/7a862d579770cced25af9ccb52b2dc4fcc2a27f4eaff6ca148362342279264f5.s2ml	290ba386bf1d01a19b2d6eaff7632862	853
mods/core.stormmod/base.stormdata/depotcache/7a/ed/7aede99aa0511d1a2ba0dd81c123fd637debb34d1451314e71b9fe7592753ebc.s2ml	45d2c14b9ffeb80431b00727a57321e0	1835
mods/core.stormmod/base.stormdata/depotcache/7b/10/7b107dcd3b7dfe3ffd0de578eff3af1616dda30b099d524b1e8d25268609ebe0.s2ml	389509b24d4db350b7eb096fcbecf14b	120
mods/core.stormmod/base.stormdata/depotcache/7b/11/7b11674a951cd86b110c1e0fc70b91b9404d75aea0823f8ccee48fdc0428055a.s2ml	ff398439535a2680d0895dc49e1b30b0	352
mods/core.stormmod/base.stormdata/depotcache/7b/49/7b4900f67787fd5f30a5d5afa3e2c9b94565149399654821f95ff11658a5d0af.s2ml	2b6f30bbbac517a2d35da2adec631086	179
mods/core.stormmod/base.stormdata/depotcache/7b/5c/7b5c7be4915b5f3307661b5bcbaa6563920427acb11d04aa29a1ef88b5c68491.s2ml	7b752f7755a8f2a5e4c616a6fff4cf96	139
mods/core.stormmod/base.stormdata/depotcache/7b/67/7b679467ad51fe45aad1994289177a83b8ee2244f70f98ddd082b3b4931fb500.s2ma	877a56d3ee31558fb5aa19a7e3f8752a	2025096
mods/core.stormmod/base.stormdata/depotcache/7b/6a/7b6a703e7969cc8132888fb6bdf712a4436839a088ca01a49535bfe76c3f7500.s2ml	b9b41f707500b253e39efe2057bc07a5	184
mods/core.stormmod/base.stormdata/depotcache/7b/6b/7b6b924d2284e11ff2493c1fbd81fa8edf8a94cf59f83e4a5ac1805c7c047999.s2mv	ddc9327b50b28f45f056bd4af4ee2bf2	99248
mods/core.stormmod/base.stormdata/depotcache/7b/72/7b724ee45c849d6962d360da53019f103390e299da057d1b34d32ca11334c6eb.s2ml	b04a26617f7b268dfbbc548aa68b557e	407
mods/core.stormmod/base.stormdata/depotcache/7b/7a/7b7a83395746a818eb7f842a7ff0a27699c93b5a9d170d1c0993a3cc0058e1d0.s2ma	e112d4e6dc48495e21af2e98346bda5c	2360140
mods/core.stormmod/base.stormdata/depotcache/7b/88/7b882a6de7cf6843a1ec5b355f572ff9aedb97f31cb2de0aeed4cba80f777466.s2ml	fdabad894ec326192782e634862f741a	900
mods/core.stormmod/base.stormdata/depotcache/7b/9b/7b9b138620b4202689da6ae623e464805e5300b117a57e930706e4609859ea90.s2ml	d578225cdee54fc003236704ba5f92b4	353
mods/core.stormmod/base.stormdata/depotcache/7c/08/7c08aff156fea3ad2c9dcf839e4e26fc100c10acd2ec7a710dfd5aa1200a0a8f.s2mv	aff49f227a4ee668927ed7f292cb6365	799052
mods/core.stormmod/base.stormdata/depotcache/7c/5b/7c5b59bddc465fc38709cd76fb404cbc1e52bbea6d67542a6482772bab12aa45.s2ml	bdc19b797bac7af4248aaba9a9cb1c80	1165
mods/core.stormmod/base.stormdata/depotcache/7c/b4/7cb42821201ce0a75a45545705af1b71bb087a7fbae89550db5f1c4632315ce8.s2mv	77134f57d37c2dbbdff58f38ffa1d174	2941
mods/core.stormmod/base.stormdata/depotcache/7c/d1/7cd151e2403180af23998fcd09f90e53e1a8e7a2b29260a9b92dcb3945281677.s2ml	68472242908d052d647e0af155daf04f	1094
mods/core.stormmod/base.stormdata/depotcache/7c/dc/7cdca02ed12465841b1174c10ebd2bea81235c21e09b1ccc63449b7929d2bc8b.s2mv	61be6682d9ab050205a27d02c2e123e0	99248
mods/core.stormmod/base.stormdata/depotcache/7d/66/7d66bedccac5054f3f7ec50159cab7b1d0b945dc4152c137d61d48288fd237fe.s2ml	bbedb1b4e55e9a62b9e9917b5fdf1e95	2094
mods/core.stormmod/base.stormdata/depotcache/7d/69/7d69a8f955803e8eacc0ce05bc1386a09f06ccee8621d1f22f273f0ea96ce046.s2ml	c2bc893bc56194035a393652e94b9fda	1703
mods/core.stormmod/base.stormdata/depotcache/7d/c6/7dc6db6c234fd5eb9d478c1bb455a35747abb6bf29407993321798a24b5af86a.s2ml	07df3a72d1e9bfb7e66032f00925766f	135
mods/core.stormmod/base.stormdata/depotcache/7d/d9/7dd90d3a0ce153558529c80957ae78da11acbab9d0160aee3bfcd4f8d6935409.s2ml	6840298c5cd56a8bd91b03e9901336be	169
mods/core.stormmod/base.stormdata/depotcache/7d/f4/7df418c5cd4cc224f214b63945649eb742b749686612575eea58a6a2539cc405.s2ml	60bba8bbfece4f7ae1c3c89ddb947fa6	933
mods/core.stormmod/base.stormdata/depotcache/7e/29/7e2951ae30461d766993e69bee6203e827554a7da9b4be6fc0451d96c3a42429.s2ml	e47745d2039b0072fe789649e6bd1de5	785
mods/core.stormmod/base.stormdata/depotcache/7e/5c/7e5c7f741d7b799f5f537e5196270c56864c82571b3618657b6280064f35cb4d.s2ml	4d84716305c5fb846ecfb151ef5c1021	1651
mods/core.stormmod/base.stormdata/depotcache/7e/7b/7e7b5bb4c0096b4bba61945d9007c24352e67f1ed9b27f3e7878b1d30ba8529f.s2ml	009800ce5ec4275b047e450ee9acb61b	381
mods/core.stormmod/base.stormdata/depotcache/7e/a1/7ea1909d9827ad710f06128346b75aca3e216ac8b401b08a596da3531bab1f2d.s2ml	c49d9ceafbea15d100ff19c2c0589298	165
mods/core.stormmod/base.stormdata/depotcache/7f/05/7f05d71e4cf06a5496f327a99e3e955e90c6c7f787187e1c12aad7e2f6e482ba.s2ml	767402e4e6fb398222a09b76f60d317a	2574
mods/core.stormmod/base.stormdata/depotcache/7f/13/7f1386aff395941a7ec10045ba988c4d208d951ef0f4c602db14c2086a95e59d.s2ml	fca382d6c94816834e07ef85304c4520	155
mods/core.stormmod/base.stormdata/depotcache/7f/21/7f21fa63f2d6698b762f3a3563e201e9f2d2ef251e50f9fc1f8ff0e2f604d318.s2ml	fe0c5d3e2e5668fb27ca758fb6a5cc07	132
mods/core.stormmod/base.stormdata/depotcache/7f/2a/7f2a434b528012ac5f4c2aefc6a5843640869f41056ab8920e1c525f2f422466.s2ml	d546b1fc799bae0ad1921ab393499f62	242
mods/core.stormmod/base.stormdata/depotcache/7f/38/7f38ea280d5001bec1bceaa62e8f4f74899156530c3edda8c666bdea8bf80e1f.s2ml	7371f3eb6ba879aa3c08e4d1846c2944	1844
mods/core.stormmod/base.stormdata/depotcache/7f/73/7f7383ad2825de0a4d417daede75d5806c2b316f6c18d8573828b55f29f49195.s2ml	221ebd999e5937e34262e3547ffbd3de	1019
mods/core.stormmod/base.stormdata/depotcache/7f/97/7f977c4d756a2bbcd58e41963f0ae01c60aff3682fce0aeb67ef2bfab1b00d5c.s2mv	f73142ad357c3a53f20cd472a6361355	3662
mods/core.stormmod/base.stormdata/depotcache/7f/c5/7fc554483faf0138a00c9b606726fb2c666a8a9f77d255524e699b3cb7280f87.s2ml	06e5176c704cabe35f44162f974936f1	172
mods/core.stormmod/base.stormdata/depotcache/7f/c6/7fc6d82b0341327064ff1a806ce8acdc85558a7e7cfdcff418c265fea675da3f.s2ml	b5de758ee7e8d05841544090419a0fcf	1393
mods/core.stormmod/base.stormdata/depotcache/7f/fb/7ffb5e7f35d5447c00c8b5fcd212f1dd065c3256291917524ad6350bd6c0d30b.s2ml	3b6e37470dda248d02cc907afcb85c3c	36382
mods/core.stormmod/base.stormdata/depotcache/80/0b/800bd6d24a3b0b85ccf47bd957100ab64164248fc64a089c3fa16996fa725181.s2ml	9e6296709c220af14a84de66a6f8cd79	405
mods/core.stormmod/base.stormdata/depotcache/80/26/80268567e2cb65ada5af2cc5b528035cf810fada0f12da6227208c16582a8d79.s2ml	99b0c4321fcca14b725819f3ec925eba	363
mods/core.stormmod/base.stormdata/depotcache/80/4e/804e00cbe2775008db05bbbccd5b51497f981f510ea9f1606968627ef0197053.s2ma	f3ef0760304ff461d3be7dbf21789e6e	1219574
mods/core.stormmod/base.stormdata/depotcache/80/5e/805ed005b9cdc542cf1fa71a9f642545dae98c6c17ca73b39b1d83717fd1e36d.s2ml	bda133bc70d19b653b5b4807934c8811	1271
mods/core.stormmod/base.stormdata/depotcache/80/9d/809d57073d0fd5e43b96a46c28cb4bc4ab67d3ef87e50a5d5ebfdc2f3796626c.s2ml	b2dc7b0b511b573abc9bc5656c2cfb4b	1359
mods/core.stormmod/base.stormdata/depotcache/80/a5/80a588101e2528ef457d626bae9b9f13439945210a645bc3c694aa95c768f4ec.s2ml	a016d3842e1154654ae9d70babfd5335	2567
mods/core.stormmod/base.stormdata/depotcache/80/dd/80dd1868ff9512ff73609f3be5ceff5045e7bff4fcbb82eccc5f74f13f4b5797.s2ml	a392d5e750f4d54719ac615278877b19	169
mods/core.stormmod/base.stormdata/depotcache/81/1f/811f9c3c9833ec96a855f72ffa4f12f29c3034d7fd251fb6142051fbaf635cba.s2ml	b40b2ba4467e705764f5ea7e25b31c89	134
mods/core.stormmod/base.stormdata/depotcache/81/21/8121e71cfb010cdb0f81f5ae4651fbae6a5d0cfc1e459ea4d753938f1ece9b2e.s2ml	646d5c7a7c810e2c51e17e9a5cd3a0ff	184
mods/core.stormmod/base.stormdata/depotcache/81/69/81690cb80a622680ca52d24e965f5d480db314e5c9edb173a4fed56d519cb708.s2ml	3a2c76144224b31fd1428526062c714b	169
mods/core.stormmod/base.stormdata/depotcache/81/71/8171960e379cf1c982116bb1f99ac29552d543c1884320785764eee09edb2826.s2ml	8f79405a426073bb3d95a64f30574770	229093
mods/core.stormmod/base.stormdata/depotcache/81/94/8194c81c7c756e601867d8cc42e378f5666930a9d78172e3489cf5bf1d713ecf.s2ml	cc69728c6e55ac188e2aa3ad62ea0ab6	409
mods/core.stormmod/base.stormdata/depotcache/81/b0/81b0117cd048745dcc066831e0fd1715811c1b42aa0bf85e856a3807e847d1fb.s2ml	dd9bb5668e5804ae1fd47ca88fee11b6	488
mods/core.stormmod/base.stormdata/depotcache/81/d8/81d854688487dbc0b1f3fa992b5741ffda5e47f48c76e3db620741950c4bea4e.s2ml	8bb448a6625fc91bd03b508570cdc5bb	1334
mods/core.stormmod/base.stormdata/depotcache/81/f5/81f5f82337c40635351a04b1f218fa29aba9ac03cf0532121ad73479accb76c5.s2mv	c0b214c0e3f561cc02b44a09d49efce8	32365
mods/core.stormmod/base.stormdata/depotcache/82/22/82221b8fd9a6b37d20ea985149c3f3a3017eb8c32d03d0e8a49b69863779675a.s2ma	2ae58b1d4250057353d51a1e184938e9	77103
mods/core.stormmod/base.stormdata/depotcache/82/42/824276864e918f9ac0f1e2309e5fbf9fec66865571b5b4205c7726ae5bcc70ac.s2ml	4ee6a6757beddb0629a5c86ab47af834	173
mods/core.stormmod/base.stormdata/depotcache/82/50/825075bcb1d955ac3ec24b78e950093441f92d960f56bcbaef82bd3d57b4a5e4.s2ma	e5d887cfce5a350e23d5efee4b7dc5f5	97719
mods/core.stormmod/base.stormdata/depotcache/82/53/8253d0f96358557a0119b6cba7dc20dad941552bfa785b1396f76b4c85a81b1c.s2ma	fdf6a45a94881c83c4ff3d014ddb8b59	832524
mods/core.stormmod/base.stormdata/depotcache/82/56/82568c3e61006ef4d51ce493d930f08500ef433ca810d68e0643e52933a8764d.s2ml	3a56a1ce1eb8f75c51a23b599d353abd	188
mods/core.stormmod/base.stormdata/depotcache/82/80/828008a412c2b80e14f48ebbe609c75ddf52b407c5ade36b9992fac3b99e24b3.s2ml	450c39df7122f3bc1af9c0e81e3edec1	1522
mods/core.stormmod/base.stormdata/depotcache/82/81/828163afc0a2064851ad58cdd0d5a41b550316e4ddb7a9c4df6df54910190601.s2ml	e13c87253cde1ae3368646621df5984e	13542
mods/core.stormmod/base.stormdata/depotcache/82/a4/82a4866d570735640d9d8b8b3caea07e84feacdfe5f54de87897523a88f1392f.s2ml	b58b6e7345303313096371a5b7c903d6	363
mods/core.stormmod/base.stormdata/depotcache/82/ac/82ac38f8e300f540ac3d24b898e224ce980f2c9e39f5c8301ddd6c09494ccd86.s2mv	169f1f9b1a7bc4a34b00e20e7d9f37d9	17461
mods/core.stormmod/base.stormdata/depotcache/82/d0/82d0349ab43f0fb298b103a0d6cb802f6a7626764e5a3073f34cd829ff7c02d8.s2ml	eac83d80709894b06954fc7c6103f678	403
mods/core.stormmod/base.stormdata/depotcache/82/f5/82f58e4d8b2dd69b431928d87f6051f8276247cf34306a6fcb207faf3086a869.s2ml	efce7704d61e574dca1fe91bf0bcbeef	25742
mods/core.stormmod/base.stormdata/depotcache/82/f7/82f7ccca5e9fb10918fef303b4abcb153a378bdc2746e62e67068c87705289af.s2ml	21dd12daf3d998d67fc215e53f277ffd	33013
mods/core.stormmod/base.stormdata/depotcache/83/07/83073f59dae69afe7656d87c8847db698ad583aa2087e27599321fe035828098.s2ml	f6dfad70c40bf084bd2b607c2d5e1882	1791
mods/core.stormmod/base.stormdata/depotcache/83/24/83245dff8704a1bb4d1d2bd74b6c10d6f45364cc4caee179f64781b359e01e37.s2ml	7dec39adbc473ed7d63af87296beea36	1467
mods/core.stormmod/base.stormdata/depotcache/83/33/833384ef25dd541d279ca7774e93105188de5c08aa801bd0aab4f62a89d78a03.s2ma	55e497196c32c553cbc3c17ec42c5e43	407995
mods/core.stormmod/base.stormdata/depotcache/83/5e/835eb59fa789b240b186988879c5a32b5558c649160020ad1523505e21e7c2f0.s2ml	7279cbff0d0a551e470e628f4aecf9ac	1349
mods/core.stormmod/base.stormdata/depotcache/83/64/836426ded540fb24befc308894e3ecb5899cc926af5a9550f1b784fd48ef8be7.s2ml	85c62480c00b753b4dd8d8920c5013df	483
mods/core.stormmod/base.stormdata/depotcache/83/76/83763a018145558429ada2ac5ae435aa0c69aa6def1ddfb24e4f5a5d09a2d882.s2ml	dc00a6782c1488690931bf056c778d5e	145
mods/core.stormmod/base.stormdata/depotcache/83/a6/83a6b69cb83560a495493e1734df264f95d78f62da63c87d949a2f4767f7f4b3.s2mv	e5bf1a7a18120ca1eee546ed7eb892c1	157206
mods/core.stormmod/base.stormdata/depotcache/83/c1/83c1a855e3801581cb79915574c680b303ee8b25413b9d89ca9630cf7d25dd25.s2ml	e9765bb93d331f4252a61049ee21290a	1524
mods/core.stormmod/base.stormdata/depotcache/83/fd/83fd4ef712964b0ea253913ced0264e584c593f98cdc1d87450431fb9fcbf4e5.s2ml	a34fd13c4ff19b1ecaa94a49c2f7b5f2	1345
mods/core.stormmod/base.stormdata/depotcache/84/0f/840fd208fb4abef3c80eab1738b88536968cbfa47d4132defaaa6e2c70975096.s2ml	ef8ffd05bb64930a7f612b7a92157236	37023
mods/core.stormmod/base.stormdata/depotcache/84/34/843448f66ab31e6f2996352fe4a95104eb016da81ca40ec65a983ad6754dfe1f.s2ml	215b625e29ab34983d4538bb64b8dbf1	1595
mods/core.stormmod/base.stormdata/depotcache/84/60/846011ba94ff459dbf748aaf15eeb1f5e8a615f508a497adde71f774244b4f90.s2ml	94c616ec841200f253b8ba6db0efde91	543
mods/core.stormmod/base.stormdata/depotcache/84/73/8473392192436613d6deb0e9374ffe25fac08d5fb267479f1c62850cf9bd7d88.s2ma	7b1e6cada3b80167546a00a8ed192f51	2538045
mods/core.stormmod/base.stormdata/depotcache/84/8b/848bb135c0ea23591370ffa15a49cec76984d074de3c93abe883f0dcb16229e4.s2mv	8846d821e63978359e65e7024d26d03e	1036928
mods/core.stormmod/base.stormdata/depotcache/84/be/84be4946efccc31ca952e951e239dd81d0416e9f7b64fe887be37acbc850db79.s2mv	3496694147b5b7de306bf9315732f497	3599
mods/core.stormmod/base.stormdata/depotcache/85/0f/850f5324bc071184d2f5c7ddbc691105e346c52b5d3044558de2dc36c430fd46.s2ml	a5807c6fb471e595a3dd4610b154d865	39960
mods/core.stormmod/base.stormdata/depotcache/85/0f/850f70bea1861fddc64df98bb5414e2093ccf0d12d4085844c98e4c09fb5f2d4.s2ml	a99d14cabfbf89cd68e5f289dfab324e	1723
mods/core.stormmod/base.stormdata/depotcache/85/1f/851f496795bbf1aa434f03a119e0c2630f215dcb7b6248d2805c1b21d5d29ca0.s2ml	159d7e69eeab7b2fcfdba27020e6515c	1850
mods/core.stormmod/base.stormdata/depotcache/85/21/852178e6fa8411801b69abb052c1588b3ba90651757afee5d6e4f691d606c725.s2ml	86eef2a7a055d773707cac1023f51480	181
mods/core.stormmod/base.stormdata/depotcache/85/22/85222f60f5b30cd6f648306b2dc68894fb2aff0cd7cfe3b49c061a9220d64aeb.s2mv	8fcf1972ea42bd36496df3e23f65493c	8294444
mods/core.stormmod/base.stormdata/depotcache/85/d9/85d95bff0884dea9c2db28a354c06014c6bdbba13356bf9589e8465b2a937b04.s2ma	9facbae63048e08fccd2b5e215d711c2	31
mods/core.stormmod/base.stormdata/depotcache/86/b1/86b11b2b1bf389db61aabf67d38a83c1905ab53a90b181f898605e7e6ddf3de1.s2mv	a151111f7238c9f9264499f68027cdf0	3063
mods/core.stormmod/base.stormdata/depotcache/86/bb/86bbf19aa8a3b449eab4c454488a44c4660226893aee2a9eeea36cf356bdacfc.s2mv	515c41e132ad0475df814ec32ef46693	1068
mods/core.stormmod/base.stormdata/depotcache/86/ff/86ffc23d9c8b3abde337946b60f110137d27186c18174e6a0adf2dc22bc7abf8.s2ml	47c8696125cef112cb147a3be0004017	544
mods/core.stormmod/base.stormdata/depotcache/87/45/87450b87225e5c0e39c44aae5a461c7f1b77287c7354e88786055a8fee5163d7.s2ml	ca7b286c34079e5c59dbccb43692af3a	1708
mods/core.stormmod/base.stormdata/depotcache/87/52/875212fc63b84005fe492621b8aecee9965c3b377eb4f8e5730a96bbd8cb111b.s2ml	3b2e8b6d5f9ce94f8ea7883145b18f94	1439
mods/core.stormmod/base.stormdata/depotcache/87/9c/879c65e7670adc5db49b4b2e91022d6c1e84d8e6912edfd8eff9e321d35a7f69.s2mv	389f15b22e1da6cf1949a0c7d62b6eb3	642488
mods/core.stormmod/base.stormdata/depotcache/88/31/8831fe890c7236b73c8c74e9a7e7ea1f589c8077df0a45d4e7ff57f1444c8421.s2ml	89532fa4437d1a785fef1b44ae241a69	162
mods/core.stormmod/base.stormdata/depotcache/88/45/8845198a5704007913b05a755d0ce8e250d36ce79026c433f0bd93ec6a4019b6.s2ml	74784778a124b9234e08d2299d408e99	1137
mods/core.stormmod/base.stormdata/depotcache/88/9d/889da151b127b6b5091a26c0395b7787a74cd3f4dea69521512cf027129a009e.s2ma	71dd66e467e0d81715784ea068ba094c	2236574
mods/core.stormmod/base.stormdata/depotcache/89/35/8935795aa72eed3378628ca6cdecd9693f10bde297ca807d162dfccf76eede77.s2ml	f1f0e78ecb33e15a75ca85b9af29d488	275
mods/core.stormmod/base.stormdata/depotcache/89/41/8941dedac176217d9b5222ba485d6bb2f785f1afa6e1f49610fba88eb8946dbf.s2ml	efc35d9eb6fefcb01872350dbf5ecbf1	140
mods/core.stormmod/base.stormdata/depotcache/89/43/8943adb343fc25dd01653f5355368bd20ebdd90fa2d7691c990974651a5a5de8.s2ml	1dffa20cc5e4803c3799d96727f42b5c	914
mods/core.stormmod/base.stormdata/depotcache/89/4a/894a2a2058a6d2f37398e0a1221ebe02f97b9ea50c412b29640889f391b2e112.s2ml	b90cb3860988346d768372b691dd1904	1199
mods/core.stormmod/base.stormdata/depotcache/89/97/8997d4fef9c8b094f2fc5f7f17d4428787074f390f81780412d25cb955a7821f.s2ml	b2153089d0848631e3147641b42ccb05	19782
mods/core.stormmod/base.stormdata/depotcache/89/a9/89a929a9cbf9a2e5968c30e9ac95ef82338c0715371156ac0c56c084854418a0.s2ml	999a05a5e982c173000b1cfe1ef5e65d	1158
mods/core.stormmod/base.stormdata/depotcache/89/bf/89bfba20c5ef57e86ef6ca0c07463c6ff626ae59d2e5f18e4425b7c53c55c101.s2ml	61456efcb9e7278411164f547d60dc8c	1595
mods/core.stormmod/base.stormdata/depotcache/89/c8/89c8175d09f84a12f337595fb28f28b2af5351b4d5fe10199223a27644651ede.s2ml	8fd6f168291c30226702c9a0637a15a6	34567
mods/core.stormmod/base.stormdata/depotcache/89/d6/89d693c315681369449877501935c6091c9959c0c32b7cecc6efeb42bc2f1a4d.s2ml	67d515eb0476278147a8c2ee5c81af03	50555
mods/core.stormmod/base.stormdata/depotcache/89/ea/89eac2cb6ac4aedca66fdf43646aa8e799eb19b15fd3545a210d0dd21f6b2825.s2ml	0213287d566133b399305a461c8e6327	171
mods/core.stormmod/base.stormdata/depotcache/8a/12/8a12add88a82195fbf37eb3875572d3c0c511cfa8d1650492384e973708a858c.s2ml	c2891f81a87526c6b18279a94779c4c8	1025
mods/core.stormmod/base.stormdata/depotcache/8a/32/8a32b65a87ace662080afbe6bac9a02e79effb909c42157a7c2aad1579070b6b.s2mv	54d913991c1386fd83b296acf8018e80	867932
mods/core.stormmod/base.stormdata/depotcache/8a/33/8a330a90f6707a6c4fc4055e264966f4aa568485300b1014aa59ab0f8f3f6d27.s2ml	4b057ee4de6a26dec6e64b474b6aabec	176
mods/core.stormmod/base.stormdata/depotcache/8a/cf/8acf4b5ca1362166342430fda65e87a59ba52c96d405f91de5743a5a835986ee.s2ml	66e9c942eee2bbf65fb9eb6622a2be60	452
mods/core.stormmod/base.stormdata/depotcache/8a/d2/8ad2adc5fcc8cb0b52972bffa74ee3ca313f6cc5bf3e43f1e421fa16c3b9b4e6.s2ml	bf261a7541a501e41e09f2fc6989b5c5	174
mods/core.stormmod/base.stormdata/depotcache/8a/fc/8afc76f6a401a7b7ed90087232dba0abc9ced46847380ba9769ce024e0be6fd4.s2ma	84f59863c2a12f3bfcfa5b1a31c9ceab	792416
mods/core.stormmod/base.stormdata/depotcache/8b/14/8b14d5a9963c70ffd0cb3fab4740dd45eddb503cffe91ee8a73789473d9376d4.s2ml	a8b97f24f71d37dd8a7c380254e63257	276
mods/core.stormmod/base.stormdata/depotcache/8b/35/8b351b7b82c0152b53db5737fcf9c4f1a2a99fa88a7dd65e0d787bd0f1b656c6.s2ma	5b4e850c21551eb0f9665c32fefdb425	1804554
mods/core.stormmod/base.stormdata/depotcache/8b/9b/8b9ba60d173d3e12ffbcfc4298ac776fcaf05cba8765d7ffe3bf85f4a2bea994.s2ml	276329e912915cc3550084d68c691758	156
mods/core.stormmod/base.stormdata/depotcache/8b/d6/8bd6276eaaa98be768c72aa5747d38413baa7a45d242114561b41b1455536b24.s2ml	fc73d7f5e12be1b25529efdd4b0d736b	1510
mods/core.stormmod/base.stormdata/depotcache/8b/f3/8bf3ccd498310352fe65b1f80736f60f9ce21123669548cc0edd8ab9d6762e1a.s2ml	14495ac80e9d16f3df70607d7146789a	15916
mods/core.stormmod/base.stormdata/depotcache/8b/f4/8bf4397fab82c49f24dee7dd841a99c54b0276b52d845262f9a4c902e2d71b1d.s2ml	50b41fa040f96bf7134d15c29c14ad6e	651
mods/core.stormmod/base.stormdata/depotcache/8b/f5/8bf55653e7aa383c7c12a7f9ab0258b4fe7aa7b554b9af1de20b0d383a15e965.s2ml	f865fb4938bbd00c9dadedbe0b1b8222	332
mods/core.stormmod/base.stormdata/depotcache/8c/09/8c099669292ed748e3fd869b61c2b8fcf0f8526c4f7cf9b83aa3e8d5d75930ca.s2ml	7ba89887f922bd02767ac5b12637f760	450
mods/core.stormmod/base.stormdata/depotcache/8c/2e/8c2e8cdebb09d770fccb934e03a8dfb59cc5fbb777b4ca3c01905fe891eb7b77.s2ml	1e1fe49e410a116b8efe06e045202878	165
mods/core.stormmod/base.stormdata/depotcache/8c/46/8c46f29e73607b09585c3468b7f84b05b500216efd6ce0f142d336cc9ad02bcd.s2ml	0ee99653813b29bc8514866c45e95e31	237902
mods/core.stormmod/base.stormdata/depotcache/8c/81/8c81fd59d3ef36c3364c969c53b4a616f54d10c956e34016b2f8e76ddaa94804.s2ml	64902ed76746079cdaa5904c87f69eab	1093
mods/core.stormmod/base.stormdata/depotcache/8c/82/8c8296f2192ed8e369e037ddea7f5aa2b94ed82d315c0f867ec07c045b9d635a.s2mv	2ea1da74c76aed474f284f505cb3c965	799052
mods/core.stormmod/base.stormdata/depotcache/8c/98/8c98abce24166fdefec145b8e712d08871fc6291df0bdb40b32887aac7f28dd1.s2ml	316df9f69a9a44ce4b2457c7d518cc75	1050
mods/core.stormmod/base.stormdata/depotcache/8c/aa/8caae2e7c9cdbeb2ad0dfcf8cb6e458a81f408e603c53274e302f15d417846d4.s2ml	f81b3da2b83231eb7b18b2a4bebb1507	164
mods/core.stormmod/base.stormdata/depotcache/8c/aa/8caafc3d2fc8c64e3921d577e3370678511f00c7e46ddf8c32c391862f20e38c.s2ml	75bf2e5ebed626eea44da0fec9849b92	39439
mods/core.stormmod/base.stormdata/depotcache/8c/bc/8cbc45964fde8b14d07cb1d3fae47bb20da5c93c31ca1bf653d4ed1388591b5f.s2ma	f9b5175bf02f309c4bc667ae97d21106	320985
mods/core.stormmod/base.stormdata/depotcache/8d/76/8d7661ae21d8bf487ad000a2a652229bdd1d81ff6818c73b77a1315c796292e4.s2ml	d523faa0b10f39da8927d48ce09c8632	1059
mods/core.stormmod/base.stormdata/depotcache/8d/78/8d781f22e1f9d9ff282e0de0a189cef54a6f657ff4e7819b02fef6e5ef0cfb39.s2ml	264ba687dcd8d72cdc95c2a62c8bafe6	158
mods/core.stormmod/base.stormdata/depotcache/8d/90/8d9068068573ffa3db7848786baaf00623005959969fc754009abb15b6305f49.s2ml	ba2f99ab2bace7800bd2034a62b44d02	1949
mods/core.stormmod/base.stormdata/depotcache/8d/9d/8d9dc35c7d59cd6bd5c2e2102ced810374fb33e9cc7180b3cfbeffa639205655.s2ml	f71151373b164922e1727c06cac58cb7	294
mods/core.stormmod/base.stormdata/depotcache/8d/b0/8db057baed003d7cc2a048aeb4902f4cf60dfbfead9aa1adfe7fa1c87f5d6663.s2ml	70ba0cdb54b32f8d1d670a80c31c90f7	16525
mods/core.stormmod/base.stormdata/depotcache/8d/c6/8dc6add8602c50bfbbf6b200eb9affde5f784cf96734177c464378e1c09fe619.s2ml	9de2a98994d7bc8ba393a3088cf0ee06	28454
mods/core.stormmod/base.stormdata/depotcache/8d/d3/8dd3daf6f8e57afa3e0864d47c3bc0a0a9516985e451ce715c42c0965ee68711.s2ml	63544dadea3c121b0c379576886224e6	178
mods/core.stormmod/base.stormdata/depotcache/8d/dc/8ddc0fa7fda699bd9a199530e945b56c5bdaa869841fa55f86048ae275b2647f.s2ml	d9323452ebeab2c1aa3b78b081e88579	1270
mods/core.stormmod/base.stormdata/depotcache/8d/e2/8de2850152391f432f6396059a505bc520fa539677ad32ab6cd21a617f08aebd.s2mv	d0e7620a3bf6c3f1ba3ff1d3e63bd912	3934
mods/core.stormmod/base.stormdata/depotcache/8d/f3/8df3b7f9f59dd9d976e1fda83378dae9febdac41d1bff5ad83ca2033dcd249a6.s2ml	e790f2fbf7a0cab475b6c2780a82876a	20390
mods/core.stormmod/base.stormdata/depotcache/8e/2a/8e2a69423073190345df11c65dfcb23b3b27fffb2fd32b8b3068d2c6b28b1980.s2ml	e9d72488187a576d79c454623b16dbd3	203
mods/core.stormmod/base.stormdata/depotcache/8e/46/8e4625335a74b569ed48d95edce181fdb9c7ba8c21f43db20f932c24d37e6f53.s2ml	572d43fed4f9a032bf5921794110ca28	1494
mods/core.stormmod/base.stormdata/depotcache/8e/5f/8e5fde8aca270f8fc8adf37d29cada64c414310ba28f4eeb9ee75863a3c3e0cc.s2ml	337413facc359eb2068803b3327a7eb1	21856
mods/core.stormmod/base.stormdata/depotcache/8e/97/8e97a6ec11857ceebfe4f954899613ae0b2cefe6e54e79af3131fb8adb2c764e.s2mv	52916082f7d609e6f317dc0342e21bfd	8294444
mods/core.stormmod/base.stormdata/depotcache/8e/9c/8e9cae385783411d724f025e1c44b99d0e5de8435961becfdbc6d3b18d00b4a6.s2ml	f5744fd93ec46585b6962edb0684b7cf	13520
mods/core.stormmod/base.stormdata/depotcache/8e/b8/8eb8653b2fd316bad1fa47f69a499a8616d2cafa2ec944d69bf359f928750977.s2ml	fe460b49c6146e5cd435f3201d88ef1d	2812
mods/core.stormmod/base.stormdata/depotcache/8e/cc/8ecc02d0cce66ec2bd61516bef4a74926e7009146974b72a570958dbcf5d6dee.s2ml	2850bae8201877a7c58709a9708c0053	174
mods/core.stormmod/base.stormdata/depotcache/8f/07/8f07d4342774f89c1050f10aedd52e0502960acbb8e0c2bc43ab303e562c5918.s2ml	c0c6b60dd3e697b77682d359df517d66	159
mods/core.stormmod/base.stormdata/depotcache/8f/26/8f265666a58463f95c9997af8bb3087472df7c40dc2219411fe53818750eabe2.s2ml	a33c87b32d38a890c7597cbb93ccc543	1589
mods/core.stormmod/base.stormdata/depotcache/8f/4a/8f4af6e41f6e79c33ae589ed1d37ef850709f5dccf9b7e3bc7b9c035511a2118.s2ml	1da59957d28d8cc6478790d31740602e	649
mods/core.stormmod/base.stormdata/depotcache/8f/74/8f742a4c20c0c5b0c763af9cebb1c54dbd6a824905bf6794bbbe7c06e2c2a32d.s2ml	3fd25aba8627b29a7887df5a2e1ea557	437
mods/core.stormmod/base.stormdata/depotcache/8f/93/8f937f45b7776b3e9f644aed0df6f4b665ab75eaeee80379b83666289561c494.s2ml	e922ef7aa6fbe57e11e36bc253086ad0	312
mods/core.stormmod/base.stormdata/depotcache/8f/a4/8fa4d447e8d5d31ec1bc94c883f34a1c37d4c4ada3c013eb7cdb2fdf76a2c1c8.s2ml	5b04c4dc9364bfcdc2ff91e11fff27ee	171
mods/core.stormmod/base.stormdata/depotcache/90/2f/902f2ee2f87905c0703501809dab4f99728bd4cafa3ec220219d84e6842ccfc7.s2ml	515aa88e034d12902d6ebbd75ac6d8ed	534
mods/core.stormmod/base.stormdata/depotcache/90/41/904189ff0514970944df0785d4a2f98ec525c830a304582a68c7aa0deed46f11.s2ml	e4aff3ff13250a357db273369ba63424	365
mods/core.stormmod/base.stormdata/depotcache/90/96/9096f336a5d146487a338b5d89efef678f0423a7dfe53d292de5452c10fb01b2.s2ml	91e4675386b06379cae884153ea36bd1	1030
mods/core.stormmod/base.stormdata/depotcache/90/b7/90b796769e140897b0dfc0439b77603fabcab8b9f53addaa541625189c942466.s2mv	e27023dbaba3436096706ff8a1f5e392	9387
mods/core.stormmod/base.stormdata/depotcache/90/b8/90b882c55df5135e11f1b686e1b5aa5161753aedeba776642cd237dab627918e.s2ml	b3e41910b11d468ad5f48393851932ed	1299
mods/core.stormmod/base.stormdata/depotcache/90/d3/90d37801a5a7a572f14c1441510bec70a629d548f56b0fc79235b7e5ddc73f7e.s2mv	b8cde44ebb3c344f571276d6aa969b24	799052
mods/core.stormmod/base.stormdata/depotcache/90/d6/90d681b109d3f5d09d7971360760abb8d8bb14e99ee3a827a6bac7d6d679dce3.s2mv	12b66328b5968e5ea2be145ee1f40671	1383240
mods/core.stormmod/base.stormdata/depotcache/90/e4/90e4b77a9c3573b1924988635aab56c101a16fc5d5ff0ce49b0a1463d3a34085.s2ml	0a5d1bc08b2189e4701b60740ad5c28b	170
mods/core.stormmod/base.stormdata/depotcache/90/ea/90ea982d5b8919bc03aec08e11fa4ead0423bcead286cb7975677f0d6773c7eb.s2ml	0f38b49e927b5d564ea6e9d46279bdff	526
mods/core.stormmod/base.stormdata/depotcache/91/06/9106220a622bd2da792d80f9d778ade8d8c26c92233e0fc4fcec1ed4f062c267.s2ml	28f746e1521996a1cb17d17723930f26	782
mods/core.stormmod/base.stormdata/depotcache/91/34/91346f4bf6fe7a3d6ecc83c9c8e96257749f802805f92827f79e4ccfb62b1f49.s2ml	4518f72e1c90f6dc65ac3fae622d187b	1710
mods/core.stormmod/base.stormdata/depotcache/91/41/9141127f8cfdac871f8e77b0cdc9524bee157de248b1ee630d1229e3da8c506c.s2mv	8ceeec133674d8b4f5b698fffd9cfa04	99248
mods/core.stormmod/base.stormdata/depotcache/91/46/9146cb12c39293577471e97a9cd5036ffe1cc81a85bf6f577d390b49cdd41947.s2ml	a41a46e5e550d546688e78116c4e696a	1993
mods/core.stormmod/base.stormdata/depotcache/91/65/91659b743f943ea58b946224257be8fa5edc50b96d97ad0ca35db02bc6e53465.s2ml	86bc4834bd361f898c5cb16a4cece175	1937
mods/core.stormmod/base.stormdata/depotcache/91/a6/91a6bac5efa515aa4539b579ef8132cf3125e7be1906c6297216b45de0a4690b.s2ma	84adc116fd851649a5330bc81f87933e	2297329
mods/core.stormmod/base.stormdata/depotcache/92/61/926107d53c50422853226caed108f8c9c341614af67f09df2fea476c62cbdc34.s2ml	ed47b6a3473c898779cfea7a60da998f	370
mods/core.stormmod/base.stormdata/depotcache/92/67/92672078c85c4e20e013c35780821d56f93c4ed867dc4b33e005c1e777f77f16.s2mv	f10e767e9805de6eeed804bcaa515ebe	2008
mods/core.stormmod/base.stormdata/depotcache/92/6c/926cbcc9a5b10774100780b5eee7a4bc408bde871f724a3dc6f22fcdc989f116.s2ma	5bca8d780c027b4812085b4d8f7bee9e	134475
mods/core.stormmod/base.stormdata/depotcache/92/95/92955fd32197c994809c448e97beb21dbfd09a5763f1b70c1a8e8070d402794f.s2ml	d5b077d55f8d47719167efaff3f5e825	1347
mods/core.stormmod/base.stormdata/depotcache/92/9e/929e30434534aeeaa86231af79b5a02018f737e417ed4a6f97b1b959b06a8dcd.s2ml	595edfab695d2f716ffc92e8913b62be	160
mods/core.stormmod/base.stormdata/depotcache/92/d8/92d81744c1441bf628ed6ab7e9d19485c860914d8b745a91f6351ff9dcd4e6bb.s2ma	6ba1c22374821a33aef0b019d1e1a80e	30
mods/core.stormmod/base.stormdata/depotcache/93/03/93031acd0feeb72137afc6a74582e965ec55535b92b65024835d58d19c39b7b4.s2mv	ee83a603a25020dd394e1668e398a3df	1036928
mods/core.stormmod/base.stormdata/depotcache/93/07/930771996baf6ca01c90c1c8596012d0fb812b3dd10e45e6d03fa9af50067a6a.s2ml	d24e316feeb8af43570a3c2eb6b8e881	476
mods/core.stormmod/base.stormdata/depotcache/93/0b/930b980d5d5e485c62073181bf39c2032eda466fc149657efbf9fe5e0327186b.s2mv	bcca79031b2662ce8441e1c4338d5efc	2653
mods/core.stormmod/base.stormdata/depotcache/93/21/93219efea949feebf1cd77beb8bb7f888f173dbaf8630dea61ca35a37b645c46.s2ml	d3d41360a2e0b0c12d205b4e2e11b20f	198
mods/core.stormmod/base.stormdata/depotcache/93/3c/933c9706852f3cf946457cfedf8e753f442adb2f203417407d37a352a116f3c7.s2ml	c5389a094d510cbe2da6c8612bd71964	222
mods/core.stormmod/base.stormdata/depotcache/93/4c/934ca5272e8ebc057487bb22c5766589655da5f0c944aa1155e65b9fb7a7a2c4.s2ml	c0480cd88041ea162d096504aabd5503	208
mods/core.stormmod/base.stormdata/depotcache/93/79/9379adefe19d0fcf5cf86c1b1cc9df808c63a65a078c8ba31a60eb9b18f412e6.s2mv	d9c080bf8d60ac2795a794d76e10be55	1036928
mods/core.stormmod/base.stormdata/depotcache/93/87/938752883f70b25571f1e5d4825f8b3576d31eeb7c0cfd18912635f910146544.s2ml	4e8f81bf9eb7ed49c82611bfc597e89f	1233
mods/core.stormmod/base.stormdata/depotcache/93/a5/93a59eb549173a0b74d3eb8cecfebcb92e2490878f76a08fdf72b65fc5ad8bf4.s2ml	64260f8b261ef6a593dd9a242e243e24	211414
mods/core.stormmod/base.stormdata/depotcache/93/be/93bee4b24d1fdc9be5bdde7723f32f6e56a1bd76c55469d09a3311c88c377fa1.s2ml	ba771b9a4e8d1b63746588d2dfd82849	157
mods/core.stormmod/base.stormdata/depotcache/93/ce/93ce60a1b7ab5ba8b2d503afb57191657b03436e67c3e66b6f9f0789f9376ae8.s2ma	86a470c16861c8c8dc1bdf4ec9f55bb7	184754
mods/core.stormmod/base.stormdata/depotcache/94/63/946397819de1fe413e82457e643a04f0770f8fdfa4d53462c4befe23c0af30e9.s2ml	e673fe79aa398614b8779b91cb7158bc	501
mods/core.stormmod/base.stormdata/depotcache/94/8f/948f6cc5b80358ac23a4ee0e4e50b5a5e238e979c4871e89e2be101db6a4380e.s2ml	1a238e77286aafd8fe213d0ff5a01183	1581
mods/core.stormmod/base.stormdata/depotcache/94/ee/94ee19d01e4e774a034a4a1fe3d2e94bf7c746bba36081df29fd89d28429b7c5.s2ml	be0569f6d8364cb29e3694db8caae920	165
mods/core.stormmod/base.stormdata/depotcache/95/82/958294d1fd0b9206d6a0652b403d1e559bee557e4293c6b69a12dba151d9cee7.s2ml	a0dee0f85b4a8ea7a64aa2441c9a3114	258
mods/core.stormmod/base.stormdata/depotcache/95/ac/95acbaee12e4c6dab350e6ee9aa6c2ee6cedbc98ff7c2f46d81c18a60bed98fe.s2ml	80ce6cc9d0e8a9563150689f4a018835	180
mods/core.stormmod/base.stormdata/depotcache/95/ba/95ba846de67e64d18abbd303859659215866d9e4a33a6b71671ab4f36795ff2c.s2mv	2ef87aa7750a533cd094ddd6ce48893c	12373
mods/core.stormmod/base.stormdata/depotcache/95/bc/95bcbaa3ce28fe98e653467db7e3e4afa3f9583528a783d1b22e60b5bb5ff061.s2ml	2bad00b51b2a65c3b26179abab273d61	1049
mods/core.stormmod/base.stormdata/depotcache/96/02/9602b0504b685e5d8e50df73d598be82df66429a9b63fc3eb1d1781501e9f924.s2ml	bde3feefedce286cf18ffd527cc33e69	165
mods/core.stormmod/base.stormdata/depotcache/96/54/9654a85e0ec1b4d4c2937dbb11e361dab87c37d823eeb924f88a06437d6e30de.s2ml	c1cca66d0c596b6c772cda6a3f3763be	179
mods/core.stormmod/base.stormdata/depotcache/96/7f/967f06682cd2f874dc7fad615571e6d73c9002148df9a0600384134641d56b4c.s2ml	60166d3fd4f6bc6e9ab595b0720b3c97	140
mods/core.stormmod/base.stormdata/depotcache/96/cd/96cd71f5446c468760d88e2158a31cc3f870ffdd41b43e21737197493d0f8b0f.s2ml	ec8a23b8d928b2caa164ccac3c921457	133
mods/core.stormmod/base.stormdata/depotcache/96/e6/96e6b6af5b6c412be61e3c6128843d5b00df93a58babed0546d34129cc4c0697.s2ml	ab7e67d5799e18f72ad3ecdff25b152c	514
mods/core.stormmod/base.stormdata/depotcache/96/eb/96ebe84a0e30b8290ef5ec0eda1df9dfd193003d08423b378947cda04c0546ba.s2mv	78e9ff3fe1bd855f2892a28779c65e2a	1205
mods/core.stormmod/base.stormdata/depotcache/96/f7/96f74cf0f7bc3e10460fc8e59fa14b5aa6b70aeab80e196f873c6b8257cbd009.s2ml	0f0b076c0c70b810f2718ac79540c4d0	402
mods/core.stormmod/base.stormdata/depotcache/97/1b/971bf93133cb18ebd8d729c5226d4691b4c10b95cfcc74dc30b2c44d629e7901.s2mv	bacff70c41c7692185377d48f874170c	1036928
mods/core.stormmod/base.stormdata/depotcache/97/2d/972d54c7d63e0553f9e45efdc3cb7eb4cb46f3d58278b4aa475666047dde8558.s2ml	d74584f47f97857abe961cb2cda2b8e1	1063
mods/core.stormmod/base.stormdata/depotcache/97/33/97334b6b7cebef4ee0fec45f4757768bc03270adc1724f3a1d6a30b2eeaa4a7e.s2mv	b2b4a6acdcf69f8cc6a117eade713d2a	8211
mods/core.stormmod/base.stormdata/depotcache/97/58/9758a4e9655a9edc801bc64133ade5dbffc3e3103bfdd334d333947135ee0b0e.s2ml	1653e0ec42a66e7e0dd1e96ea74afc89	435
mods/core.stormmod/base.stormdata/depotcache/97/74/9774c766cba0ce8c0f125f66e0876651eb8b5f42d0881b01d9f49b4354e536e4.s2ml	6d9c44cfb772d77a9090deab947fd079	492
mods/core.stormmod/base.stormdata/depotcache/97/a6/97a68904143f108f230522189bba6b30a0f3c6eafcaaa52cc6f33114613c872c.s2ml	8a287c654c6c28e93586adb974407625	440
mods/core.stormmod/base.stormdata/depotcache/97/da/97da1d2470e47d7c9531c40bc49bf765fde54c1129d0d592856c5ef3a9b8cec3.s2mv	59fe0be3f3356820b675b744103b52f5	13252
mods/core.stormmod/base.stormdata/depotcache/97/f6/97f6913b7d13f9967a0c8ce3e9baefadd586eb8d4094cc79bceb307eaa78c46e.s2ml	2e19e31005e41352e6c1a1c56a510a41	188
mods/core.stormmod/base.stormdata/depotcache/98/16/98165bccacf19147aaff31e6259265871d7f3911a9a3f001b6d3ff734acffca0.s2ml	eb683ebaf7bdfb296709764554256671	183
mods/core.stormmod/base.stormdata/depotcache/98/1c/981c74c0d49685fe7026f93397e3f03886e63bf18f2ec452eff0a208e13b1feb.s2ml	6c6f07cae2476fa30424d098c0eb64bb	349
mods/core.stormmod/base.stormdata/depotcache/98/1d/981d18493d95e1f9b6cf185b2b467f2998c15e4bbd083c1d239d32d49712f015.s2ml	f2d2ceb5ef83d99c072e13f222935b54	378
mods/core.stormmod/base.stormdata/depotcache/98/45/9845cca847c57a47ad29bb613fc398556bb67f239fe30be2352a734f0732d6d3.s2ml	550ca762aa7bc895d2559eb39683f420	27588
mods/core.stormmod/base.stormdata/depotcache/98/63/9863507554aca819207e88b14d3e4796bacf0dc7bd608f35134c73f1d9135a94.s2ml	2b7ba46f0c5b0b89947801766b93b3e4	138
mods/core.stormmod/base.stormdata/depotcache/98/86/98866b4dffc313157c0b104786871a506e4c6fd36a7cf99c0118899d5dd7ae08.s2ml	0d21257c073ec630726cdac0f4afe898	217
mods/core.stormmod/base.stormdata/depotcache/98/af/98af8f153512074dd63fbbdf187c52db2aa8050b8c88d03c4f0cef48342fe84f.s2ml	ab349df1225c6259d9d86dec9424013b	175
mods/core.stormmod/base.stormdata/depotcache/98/fc/98fc7cc6c95059255a9808d5010b4050b70a428a8434e6ce5afb319cb20e7ff3.s2ml	4f79f355e9d7bbdb76d6ba881eda3218	532
mods/core.stormmod/base.stormdata/depotcache/99/0e/990e8f0ae6682941373826f4d37331a1cea7c89b788cdaccd8a441abd36446d6.s2ml	9aa3c380267656ac348e2f9004d2fcc7	948
mods/core.stormmod/base.stormdata/depotcache/99/2c/992c8db830dfd6a833242577731ba9f4c744f651bffa8534f5a159917fe69bb6.s2ml	97598ddc16d9bdf16a21bce43b1e30b6	141
mods/core.stormmod/base.stormdata/depotcache/99/35/9935b24e9a2402a9ade69fad7c3d7d872f0df07b1890b0a7b6e2651e7617bfad.s2ma	6e3fe027f5a65c0fa2ffc8aa49b070e8	144802
mods/core.stormmod/base.stormdata/depotcache/99/48/9948894c90ca10b71446bcf63e9518175605d7d1c923ceea37e90ce351bf3233.s2ml	a4f89b1c22b0993efa3e997badd8d236	1817
mods/core.stormmod/base.stormdata/depotcache/99/4a/994a8e48624d38683d446b64b12ef90d23567ce012552991d1e1572637237873.s2ml	3ae9423097d75a777e55148cc4514d5e	1703
mods/core.stormmod/base.stormdata/depotcache/99/a5/99a54e187aebd1f3506ecbb103e4770c2452fe244cedd671907f492758bc93b5.s2ma	4dedb7d3105e5122d12b6d0f04a03c03	156392
mods/core.stormmod/base.stormdata/depotcache/99/af/99af502e7ffde3ba948e6476fb1041f52d9722037655e76960035b095b97fd94.s2ml	595c7eca412dafe6fcef5f94a61bb3df	1196
mods/core.stormmod/base.stormdata/depotcache/99/e0/99e0d835bad1e9e46e0b8fa8ab3d33f9c00a8fcc3f149be127456253f6d2e9ee.s2ml	87241cbf27b491ceb921fdf5fb55adeb	152
mods/core.stormmod/base.stormdata/depotcache/99/e1/99e1c2d52e7dc0b6bb1b88fc5bda9d61ee2aa9f91ff1a7cdf8fcabd5ef37cf3d.s2ml	9b8edfdedb368f481ee8a9befd02d2eb	2605
mods/core.stormmod/base.stormdata/depotcache/9a/21/9a217e7cae88fe5b73ae7b9e8d22291d1eea0a39dce977baa50b42e4a3cd9d0f.s2ml	70c029c1d685e86e7fbb3c1ea8801888	296
mods/core.stormmod/base.stormdata/depotcache/9a/4f/9a4f70b1faaebacbed336fef29975d6174d0fb48c1db274f007417f9a54a396c.s2ml	d2e93fb4c4ff2c0d37f6eeb262f65238	1428
mods/core.stormmod/base.stormdata/depotcache/9a/5e/9a5eef8e6ff70c6043fc4fe6407ebfdf231b65c72bc66cbd155b511380bfddab.s2ml	05bfc43098e1468b6c817d83374750b1	522
mods/core.stormmod/base.stormdata/depotcache/9a/7d/9a7d385c449f69ffcbe30270dcfe62f6d49d0ef8156ebb5eaee8258be9b358dc.s2ml	b4ca34308dcdad56b1a3abe007675dac	164
mods/core.stormmod/base.stormdata/depotcache/9a/9e/9a9e0284cdee05466224dd3e729ed3efe18dab14353736a98411199fc33cd8b7.s2ml	d0836984b65b864d99bb68916f8fee33	1749
mods/core.stormmod/base.stormdata/depotcache/9a/a8/9aa86bdff1edaf9a309931400e784ffe7e106564790843feb2299eec75485579.s2ml	91851348f7f72c638bc6a8352db4e244	23282
mods/core.stormmod/base.stormdata/depotcache/9a/b8/9ab86b20c325bf9b1831a85de2427d59a5a99f901985e96fab554641504ce437.s2ml	2f2bc6531eae110f21274e3ea5280451	134
mods/core.stormmod/base.stormdata/depotcache/9a/b9/9ab937005b8a16e61c4a2af5db9eb7e678eb39321fe8bc54fd54a6531df2d9b9.s2ml	7580e9b453ba9fce546f1fe2e215b5a5	465
mods/core.stormmod/base.stormdata/depotcache/9a/c7/9ac77856626f338ae06c43d87e1b6a02b2bc2a83157e70f3e0cb99df36c03f01.s2ml	d4c1cc50a3a635fb524ef40526aac1dd	526
mods/core.stormmod/base.stormdata/depotcache/9a/c9/9ac962625f5cf020f41e5986f2516655bf8cab82f97a948217a391e342f2dfe1.s2ml	fa10c752114a91118d78b9790ea635f3	135
mods/core.stormmod/base.stormdata/depotcache/9a/cd/9acd7de9ff7f3d64157bee2d3377e6b67e5684838a74422cd1dc975f4ce4d8a5.s2ml	675ac549590ea908106728c17f0a83a6	1115
mods/core.stormmod/base.stormdata/depotcache/9a/d0/9ad0f1deeb436bcff8295ca288f8b8c2dc67682f92eea0ea4128d9a191fcb609.s2ml	1194ef9f903f2549b4090399046ade2c	1394
mods/core.stormmod/base.stormdata/depotcache/9a/dd/9addc1de145581ebefac963a0f66667f41e0cbd1cb4b4de55dc50b36ca5a4fb1.s2ml	db680d5cdb2db43edd76d3ecebaea24a	152
mods/core.stormmod/base.stormdata/depotcache/9a/ec/9aecfc7c530d958098ed880fc5ea6bc25166f9c1e2bedb5865e871963f409f3c.s2ml	01993af69de32ca67c26eb4ed595d8cd	283
mods/core.stormmod/base.stormdata/depotcache/9b/0a/9b0a178aff226a6a17b7d381bf20595ff00df06b2f5cb910869ffad1842dbd7a.s2mv	89e2cc6384a8d4844925f9c734987520	1036928
mods/core.stormmod/base.stormdata/depotcache/9b/71/9b71a4164789c2f6d7ede37720f857fac66b4f597dc7da440d9792cf3b29c8c6.s2ml	b18173a83eea1d811c6f713a4381a09e	184
mods/core.stormmod/base.stormdata/depotcache/9b/94/9b942c55184f8d51083b57dd916c5849f5f4ad8f88e98683220c866b05cab5ee.s2ml	fbc5547985cb1a00c021151344894c2a	375
mods/core.stormmod/base.stormdata/depotcache/9b/c1/9bc19a33e2627e3c087e59aebc51c76d143fed1ec2c984e957830cf6774fb7ae.s2ml	fa2150f98e9817b5dc11ef70cbd52a17	351
mods/core.stormmod/base.stormdata/depotcache/9b/f3/9bf3bc8adad3f26f7fe3b4174da2d7adb6279a222970a161bbc94828e369f7a9.s2ml	3175857b15c37533f43779175b4f3cdf	346
mods/core.stormmod/base.stormdata/depotcache/9b/f4/9bf44df7d2e662b925324f33798a95e1ed1d5c8ae3a11eb6693ac52ff1c99535.s2ml	0e84cf5c46e242bde784efd7b7f6e106	181
mods/core.stormmod/base.stormdata/depotcache/9b/f9/9bf970b7236561e816bccbf718a9ca6b91b6ea5e89b80814fc8b1c13aaa074bb.s2ml	74b6258aab4d12679d9246beaca9f3d8	500
mods/core.stormmod/base.stormdata/depotcache/9c/18/9c1865492d76797959c1636adf0bec6f0c4f6b1992cb6d903bea8d929d1436da.s2ml	b147833aec4c2582801c7fdd7b330ad5	6927
mods/core.stormmod/base.stormdata/depotcache/9c/4b/9c4b43fe19c8679fb88ae3905aed18cea69ff15b5990e3dcc794e9acd5bc0cd7.s2ml	3e10ba162f1a6766766c4f7e1697ed44	283
mods/core.stormmod/base.stormdata/depotcache/9c/51/9c51c0020d3c4a7234d34bf52a7a9875ea08ff930241db74725a7c84c6b7e2d0.s2mv	feb5d156f739ddb94d09d790bb861fcd	1036928
mods/core.stormmod/base.stormdata/depotcache/9c/68/9c68fbef66c69cd2f35e067cb19ece6ae2a493d5725a94641fbdbca9a4f5e47e.s2ma	c7bb996d27f7c30bef7efdc9ef91eee6	244123
mods/core.stormmod/base.stormdata/depotcache/9c/6c/9c6c02353b340beff1ea3d0a741b67974c19b296526990b0d8736929cdeb5a97.s2ml	8e3e20c455b00927c447b8c5bd7f8600	325
mods/core.stormmod/base.stormdata/depotcache/9c/bb/9cbb1b80f5fa3bd451962cdae458d31aaef5655d93fe8022e79d10d581de1361.s2mv	9d21ccc7042c8b9b2e0ecf85960365ff	1383240
mods/core.stormmod/base.stormdata/depotcache/9c/c2/9cc2bdde55f915bb56838d8df16b5455d08bb51cbc87d6b147f0ddbbf70cc4ec.s2ml	a07bb9bcac7b88bde7662c850c357604	284
mods/core.stormmod/base.stormdata/depotcache/9c/ca/9ccaaba1f891add0532392bc2ba51bfaa7c188619602bf8cd91ac55a36d7bd07.s2ml	355557df53785dc91e4a8964ceea9b0b	1435
mods/core.stormmod/base.stormdata/depotcache/9c/d2/9cd2499c55a3dc47d32a2a7226ae3021818c8741552d2932714907fe56b6d38a.s2ml	30250d80a7e00d2e2bd4d1493512d7ac	922
mods/core.stormmod/base.stormdata/depotcache/9d/06/9d060c465d64b36422863a4743b60f23135eb46f8b9e8ba96abc40131a7fe0d9.s2ml	c0ebbe0f4521d1d70547d83539d430b6	1748
mods/core.stormmod/base.stormdata/depotcache/9d/34/9d343ffe4d4b509a8ca854ecac3d873dd98825f3687065d6ab766e9d7d1f0a1e.s2ml	44a807e4e90a65683f8cd08ca240a152	40129
mods/core.stormmod/base.stormdata/depotcache/9d/9c/9d9c242a391e9d42530aec19845dd1a690ba12e5402bfa91eec07df2b0d981e4.s2mv	29cbc517039a25d0ce8773d6dbf6d1a7	22552
mods/core.stormmod/base.stormdata/depotcache/9d/ec/9dec75ac34a607f884ec6d78569ffbcde4a72c297e28e9fc0f6bce5ade334eaa.s2ml	543c378013e4ac1018436b092e4cfa10	444
mods/core.stormmod/base.stormdata/depotcache/9d/f0/9df061a77575e35fb015fbdf43ce201d3ba313e1d4738e1410a9832b773a5f8f.s2mv	0fdf43e6c39a4d0023098966b0f402d7	704
mods/core.stormmod/base.stormdata/depotcache/9e/01/9e01e031c14a832ff8adcf92d5e8cc96777cc42dbf8258961b1c311f2f489ca7.s2ml	3331870f841fc6745b8e8726ce0c0b82	16476
mods/core.stormmod/base.stormdata/depotcache/9e/48/9e48afee00823f42b8db6ee497f3a511b9842cef02fdb8d2b9911f7f3f5f21ff.s2ml	54204a8f9eca054991f020309af2a11a	181
mods/core.stormmod/base.stormdata/depotcache/9e/51/9e51659f5b8d7e0de3f78f652bb3c6dc9a6e27930333d5414c1315f4cdd53cc8.s2ma	ab97b504cfbd6996d20ec8f43c126b4f	204861
mods/core.stormmod/base.stormdata/depotcache/9e/6c/9e6cfec68a8231466f518d4998c300a954ffc4895e18e5cd48164f2aa235afe9.s2ml	7d2a3f671e5d47a1d8d0b5351ab7e4d9	1875
mods/core.stormmod/base.stormdata/depotcache/9e/78/9e78502143963294acf208de1bb5468ec72c70fb2dddd255dedd78b83914d66a.s2ml	4a27c8ebab58735ae7e70e48f9857945	243
mods/core.stormmod/base.stormdata/depotcache/9e/7d/9e7dad86312968c642eb02b833d5843ace54a8b40c54e05f11d4498a9ec2dcf5.s2mv	0684f5a431e40a99a59299badbb3e1d2	867932
mods/core.stormmod/base.stormdata/depotcache/9e/85/9e85d6c148b1d05bf45837668869b64116b7161c33031d5e225a5bc8244a0911.s2ml	b99a71cedc14fc3b36af131fb83c288a	360
mods/core.stormmod/base.stormdata/depotcache/9e/9c/9e9c09fb7e0772dff85fb3f13dc525b3c8cedaace9125cc18ec00668022c21fe.s2ml	cef2a11bfc5d9f1785a0ccad48a92038	182
mods/core.stormmod/base.stormdata/depotcache/9e/aa/9eaa85f71a6eb00bbe1077d4a7d38270798bab8456b3eb398f78dc985fd3380a.s2ml	a34e2b2bb0b71559274e412541b05e9a	728
mods/core.stormmod/base.stormdata/depotcache/9e/b8/9eb887832e68e1e38378e1c51d774c319cbd63ad84966c590b42272a4f42324d.s2ml	81a59c3176e916b2556a442d73e46848	3899
mods/core.stormmod/base.stormdata/depotcache/9e/bc/9ebc783e1ab460a5b505517a66721cf223b9e99087ce0a2322c0e7ac2bf35cc4.s2ma	505f2a10eeaeeae09e16cb3498e7583f	343242
mods/core.stormmod/base.stormdata/depotcache/9e/c8/9ec88b17a0ef1b53e7602b7f471d15b10714f424aede15802dcc50c53e495b20.s2ml	b029849a51d03712a3a4b7b962e87e3c	820
mods/core.stormmod/base.stormdata/depotcache/9e/c9/9ec9984d810367e6d1de2851d4af7ec7b7931dea50afc5b18487e1decaf788b6.s2ml	aa77451e43273bb89d4a53b2987040a5	1340
mods/core.stormmod/base.stormdata/depotcache/9e/d5/9ed52aca69f8a227f12516a9b11c4e49ee420566dc9f4230fc920263f596dbda.s2ml	020080a42ff6ebd72774c2cd6fc69184	376
mods/core.stormmod/base.stormdata/depotcache/9f/3f/9f3f13939e6859ad5c565d4a07d3001b9402b76a8a39d2ac645706784876c5b8.s2ml	887e523b5231b697b58b83fc5cb120ad	15462
mods/core.stormmod/base.stormdata/depotcache/9f/45/9f45431bb27f6bb21e95a937d98624dec9b54704ded2c9be7277a83545b6b358.s2ml	5c4ab2dfea16d22e4b38bf7bb2c11786	929
mods/core.stormmod/base.stormdata/depotcache/9f/5a/9f5a8428f824814742c82374e5e04011f88f0fedfee6c2c664783a5a690f8ff6.s2ml	b2c19bfc81ba2c788a41522a5302262a	191
mods/core.stormmod/base.stormdata/depotcache/9f/5f/9f5fb31fad472973d2ae5b770228e4709d30576d7f09c40e1aeedb09b014558c.s2ml	3b15cebccd9338ef9ca9267eda3b80de	470
mods/core.stormmod/base.stormdata/depotcache/9f/87/9f87f8d7ca4fe56b96e111067c36c05011c92a04001dfd734cbabdd247f3ec74.s2ml	019e30208b6f1336ef06f971f88c2db2	152
mods/core.stormmod/base.stormdata/depotcache/9f/9b/9f9bbe6a2cc81bb193704b4de7535c5766c8fd7dca8ce9bf3fc09719876ca036.s2ml	b18a8f7e8970517d40d107d87b690728	1580
mods/core.stormmod/base.stormdata/depotcache/9f/b8/9fb80ff880b2a8ac49d45e05db4e09639ee40511b44bfa7697c3d5a3f428227a.s2ma	5055477ae73b9f5f5dda5acdc2b9096b	158555
mods/core.stormmod/base.stormdata/depotcache/9f/ca/9fca0696392c6df145669866adc43ce01f6d0c0978cf1f570d71ca863417a50d.s2ml	f6951b7a8162cddab12cafb9606f979d	40125
mods/core.stormmod/base.stormdata/depotcache/9f/fd/9ffd43d724d3959402ac53b74b22ad2b8265c5c992d61f2e473a04ee764e8516.s2ml	1cdbe71ea080127e347753ce775c8efc	2133
mods/core.stormmod/base.stormdata/depotcache/a0/32/a03242c1a7ceb62c69f1198c20ee47f10e09e948b3cf85e2450d978663ccee92.s2ml	584f74bfef722652f42c2d15b6294bf0	165
mods/core.stormmod/base.stormdata/depotcache/a0/35/a035dde834b0d066f3e9bd6fc23e0b77e1d806c587be7bfee4657a67d36b102a.s2mv	d22c2182cbf69741377c105849d99015	8294444
mods/core.stormmod/base.stormdata/depotcache/a0/ad/a0ad9c1189eb6a2a613611d04d6be5bbf5153fe0672de69862947c2e362e7ab7.s2mv	5eba4c2e94059d0fc8d66d91e31d87cc	99248
mods/core.stormmod/base.stormdata/depotcache/a0/b7/a0b781efd91e636da0837edb3f5520f146dde0760bd2ad97af823f76bcb396f8.s2mv	095968877424089c19bb80bf384db5b9	2073728
mods/core.stormmod/base.stormdata/depotcache/a0/ed/a0edc7fbe9e3d1ca329d5092809b01297a5b9a90229411d2e7d91b481e00aecf.s2ml	d2c3cf4e95fcbbddaa7dec03dd8c49dd	37316
mods/core.stormmod/base.stormdata/depotcache/a0/f2/a0f27da9fe96dcd9347c16d5ca9b8e9135b309640a7e056e52e9d393d0227796.s2ml	4274a29e248915b58019e92901068abf	158
mods/core.stormmod/base.stormdata/depotcache/a1/00/a1004457b723930e12630195f69a217b1425ef0dcd05d8099b96fe719b7b6712.s2ml	498bf938b11158768b7c9450f7a2e447	236
mods/core.stormmod/base.stormdata/depotcache/a1/81/a1819aca29343ceca6f7cb8151ba5fa6fba80f0030055f592ad7acae6559b5f3.s2ma	bccc28c218724759433df13df77fcf34	31
mods/core.stormmod/base.stormdata/depotcache/a1/93/a19380ced70fdc773826e3294eab8b79784a270da55534d71719a8e9f8d30eff.s2ml	4c1e76258139095f51702a214cdb0f30	3895
mods/core.stormmod/base.stormdata/depotcache/a1/a1/a1a12080201a8d8a077d248d130fb053091bea5968bc9d34a4068f8d938302b4.s2ml	783041b023901be76c20bfa7498af7db	281
mods/core.stormmod/base.stormdata/depotcache/a1/c3/a1c388500b52f5d4d0527e3695496e321868098c18934281880858d63a05038f.s2ml	1ca50eb137257d1fe26d9b5899eafd4d	560
mods/core.stormmod/base.stormdata/depotcache/a1/db/a1dbc50e2d166ae42e54812edca58158af62c8ff1081caed9d146c7a16af19f2.s2ml	8d53a3c2e8950907d8b75b64dff8d153	42994
mods/core.stormmod/base.stormdata/depotcache/a1/e4/a1e41345a712679da8a65f345357dcd48158f90b36f581b6368c6da1b7f6fd2c.s2ml	5a609f892b798dd38158523659c72066	291
mods/core.stormmod/base.stormdata/depotcache/a1/e9/a1e9abcd3fd25053c903ab1352a6857537284b329d08b86b2be2de49c3ab7f43.s2ma	6557efae7b5f05069e8b074ce19dfdc6	34
mods/core.stormmod/base.stormdata/depotcache/a1/f8/a1f83afaf622b59ca4947998dd7bd099bb56ec0c45f4a0f55ad54d4fbe15ffde.s2ml	5d63af57a3003bd46c1cca611bdf9362	397
mods/core.stormmod/base.stormdata/depotcache/a1/ff/a1fff695f5e842da1dfa421ae5060d7910f0a3dae498907331084ebd502ed748.s2ml	ec0a43f692bcc1737840627fe8c34ee1	41519
mods/core.stormmod/base.stormdata/depotcache/a2/20/a2208ff57d6c95f695c3413fe71d993b529e87cf27eac6589bbd11504fb2d1db.s2ml	be9ddc2e46bbbe16bfe6e609f13c94ab	1210
mods/core.stormmod/base.stormdata/depotcache/a2/6f/a26faacd81adce982df81b857699ede7279055d72a818474d91eb91a96fcb6b3.s2mv	12e86c498716d8276e7aae716717a6be	99248
mods/core.stormmod/base.stormdata/depotcache/a2/76/a276793cbba6556ae14bf6f6090f7e56cc2ef912fbefd1926ba94b5d3a75c147.s2mv	6ecb6f59eb4a92c5940b6da4ec44d153	33068
mods/core.stormmod/base.stormdata/depotcache/a2/7d/a27d11bf7f2047d1e4a01fdb0842e2260030bf623d053d30199a3dbd63eb2c89.s2ml	e6bf79ec641ac160eacf0826aba82ae6	230139
mods/core.stormmod/base.stormdata/depotcache/a2/87/a287e8e7a03dbae2529299d60166015e76adcca94fba765394bfc4295108dee4.s2ml	92e3b7336b7aa2647a0bc9baedde70bf	1328
mods/core.stormmod/base.stormdata/depotcache/a2/9d/a29da282ddf517ef0a64dd2152225a65498d70641652cbe67e476897eb742ac6.s2ml	65e5b993194339ef69124fbb8eb264e9	1236
mods/core.stormmod/base.stormdata/depotcache/a2/a7/a2a79ce943c6f408b91d15c3124e388bab11a43327e94b9d1c6b0be3cf0b0553.s2mv	bec3c527401eca3db74f6f683083394a	8294444
mods/core.stormmod/base.stormdata/depotcache/a2/bb/a2bb8c86096974f5b408bc9380eba34b83cb9b89527ea2c6eabc71976bfbea47.s2ma	ab79818e21a3b1e769b15107064657b1	198763
mods/core.stormmod/base.stormdata/depotcache/a2/c1/a2c131b9a812c0fa86171af19f09e0a8bbcd289679bdc353b562700d57ca63f0.s2mv	a46caefdd09a7735f491a59950c8fa9c	799052
mods/core.stormmod/base.stormdata/depotcache/a2/e2/a2e2dbf7c6b84636691bf4d33115bf5196a379eb28e70226e13e0744ed60d74d.s2mv	cd100fe33ffe9845d7a5650be8a666b7	12756
mods/core.stormmod/base.stormdata/depotcache/a3/1b/a31b2fa9533ba4b1cfb0dde9d223b1b619e8ec5a60324a4ed9ae053dd33a8fc1.s2ml	0227bede97e5035c1a10cc980bf54ec9	46026
mods/core.stormmod/base.stormdata/depotcache/a3/1f/a31f23b5af89c58ea5967ad5bb239bba35684d646d33d2a1f4b9ab717e5936c6.s2ml	e06749790e248e5350114b0efcf17ebf	544
mods/core.stormmod/base.stormdata/depotcache/a3/43/a34398d26fdf6c5d9fc2e6b3b90a1c3661bc503bdb23c52c71a0be2a60690fa3.s2ml	9f838131f2485838afd14781e50d8a2c	1885
mods/core.stormmod/base.stormdata/depotcache/a3/5e/a35e89c9449ad7c6b8f2ddb4698f39b0c6cbc169affec251dc63596dd914bc49.s2mv	2970b2a5f39bfa9e4dc2a24d63bc91a9	799052
mods/core.stormmod/base.stormdata/depotcache/a3/61/a3614ba57011b0b99e4c36cd0f6fcf5d2ad9ac1b2af52155ceecf3450c88daa8.s2ml	ec1dca16e9351e7c3a344060f4246c37	2955
mods/core.stormmod/base.stormdata/depotcache/a3/cd/a3cdba90dcb67baa5c729907c21737bb8b94dd30772c5bd20091e6f8aa58787d.s2mv	f769ac5f036ad1f00944ed356026f3f1	1383240
mods/core.stormmod/base.stormdata/depotcache/a3/f3/a3f3d9bbcb4219e85ec615368fda7fbcbac7efcefd0c7941fffc9f8a0d69a4cc.s2ml	8eb9dd479859816afde8aaaed3fb35d3	156
mods/core.stormmod/base.stormdata/depotcache/a4/38/a4380bf75a2c6e8ca0898e37485f29c45b66fb3a1f9368d8aa21da4ea3a379c6.s2mv	80761e59514687a1af80781e2e96abae	5366
mods/core.stormmod/base.stormdata/depotcache/a4/5a/a45afd1b430b0fc0a40bf0eae9be353318deaae46e8f0a45d0b0a01fa0eeb64c.s2ml	74a2c869c346cd935b65a8c2af9920e2	355
mods/core.stormmod/base.stormdata/depotcache/a4/cc/a4cc439b729c6e2595c39592de33674bdcbd7a14a79413d2e343de05dd478c0c.s2ml	8882485b8d88a177b2e4fda18b0bd77a	1230
mods/core.stormmod/base.stormdata/depotcache/a4/d2/a4d2053f1e4d83b4f92a6dd44829c9a471c85a3342d66b1bb3cbb15619aa42cf.s2ml	c840b28b91839d94f00a4c538c33b7a7	419
mods/core.stormmod/base.stormdata/depotcache/a5/0a/a50af3bb1654156502f19d7bad0062dd5f0421ed9f5768af7e4ebfff41cb4ea3.s2ml	4de2db1ee8dfd1bef5d4e49f16db07ee	1562
mods/core.stormmod/base.stormdata/depotcache/a5/7f/a57f0a9909afa80192e8bb41403e4eb86283a850ae623c8a0087d95efe75f28d.s2mv	9db1b45e6155ae59a1ef5b7bf10a1dbe	20780
mods/core.stormmod/base.stormdata/depotcache/a5/7f/a57fd167234eaf5dd6963381a937c492c6fe76cfd3f997a5948895f14ee11f7b.s2ml	31a47af69cf4196923ac9c9e8135dbff	166
mods/core.stormmod/base.stormdata/depotcache/a5/b5/a5b5885ac79504d1c4c3388ec8637231607aa6f3570b813565241c8f664c07c6.s2ml	59ceb931b4e2df17dca2f3bc2556ae35	1175
mods/core.stormmod/base.stormdata/depotcache/a6/2f/a62f3381152da6b94d5f402509531610f5653e4ed0c126153b573aebee8f4dce.s2ml	fc038bc563396e48414549958fbcd4fc	183
mods/core.stormmod/base.stormdata/depotcache/a6/63/a663e45ed143b439a424f4d1ea9d9f80e91f5229e8b81891b92576d8d607d4ca.s2ml	3d6dd8ef5c1e2110976c6c5a7a911e3a	209
mods/core.stormmod/base.stormdata/depotcache/a6/69/a669e4a56565013c42bb02b3734700dccda9f1636294268953185dc4367b073b.s2ml	4e9f74a8b6018567432b39dd2980bb89	170
mods/core.stormmod/base.stormdata/depotcache/a6/c5/a6c5b4ff993fef6ed2767bdfb11877217823654ef10548b5a3bff0a122bf23ec.s2ml	7ed8321089318caabcb0d77151aeed7a	513
mods/core.stormmod/base.stormdata/depotcache/a6/f9/a6f944890b13ebb4b9a4bff1634ae97109282b4ef3514d2b905ac82524138561.s2mv	2376f2dbef7f33fc3e93455c9ba677a6	16428
mods/core.stormmod/base.stormdata/depotcache/a7/13/a713e0d47c677fd2b99f9ee8398c22a3e30cc018fcc83d1dda3c09b31f1e76c1.s2ma	c0065bf70815bace62dc877ae3f344ab	1829521
mods/core.stormmod/base.stormdata/depotcache/a7/38/a7380e384cb6ff746f32d2fa77620fcb9883f23eff2f1ae2ee6e7a67861f16d5.s2ml	fde0db5a261e2fbd563d6bfa766e3f9b	172
mods/core.stormmod/base.stormdata/depotcache/a7/6d/a76ddb3d295d7032243b50822870be79af4e5a8a207851642bc87ffde9350277.s2mv	b9502896e24a551066db85537290faf3	99248
mods/core.stormmod/base.stormdata/depotcache/a7/75/a7751a1b3377f7148e251bb33e29b4ded6906d9e98ce023fb884abbd24a785b5.s2ml	8a089c1d62dec8605b7bf3c29b81c9dc	183
mods/core.stormmod/base.stormdata/depotcache/a7/75/a775973f137a2e53c5c436c9641b3a64ebbeeac383389d5523e0c8fe108aada4.s2ml	067194b57b11e22c7b23189da087706b	460
mods/core.stormmod/base.stormdata/depotcache/a7/d1/a7d1271eb2b0ba06b32e3762840f7bf9cd7cd9aeefccfdfa7e21f07d3e25eccf.s2ml	e3c91030e317493b08eb296001c8ca73	506
mods/core.stormmod/base.stormdata/depotcache/a7/e6/a7e670b834050859e34750b940e9eeef5f2de3614ac7e79aeac5f4bce4a40b7a.s2ml	3bd8403125309a2c2eec0c2dcfe6189c	132
mods/core.stormmod/base.stormdata/depotcache/a8/37/a83725f09d5cc62b9a1f76aa0d5691e902c499434244bc6f8d6c141bd7b98474.s2ml	63356a351dac6e4a85557ddedd70b348	1228
mods/core.stormmod/base.stormdata/depotcache/a8/40/a840495dcfb08848b6e7e4007f17ad7d6938c652e9ff544b92e6beb66ff73013.s2ml	ccea5325805a1505f4a6a033bd443a36	949
mods/core.stormmod/base.stormdata/depotcache/a8/52/a8522257e71e099f8656fce618c322a3c5dadd4815d9075a0618dc4308d63548.s2ml	9d4f049d8746bc55a66854eebcd9d2de	367
mods/core.stormmod/base.stormdata/depotcache/a8/b9/a8b913229c51ba78db731f0a4c2f3b6c8b6df495a916dd730fb7f8ecc24ad6c1.s2ml	7969e0491b06d402425f027ce6f6ed52	144
mods/core.stormmod/base.stormdata/depotcache/a8/d1/a8d1addf352185452e6752d44aec91f16be1d80a9a1fbe310d228533a0a7cfac.s2ml	cbc8b37dec281161c40c28e59932c49e	186
mods/core.stormmod/base.stormdata/depotcache/a9/63/a963ae9cc1ab9b6bb2fb46b224a1a2034152d5d89d46c577d0f98cb7dafdeba0.s2ml	bcf990bd5ce179ed3a01a1eb3d1bc555	3980
mods/core.stormmod/base.stormdata/depotcache/a9/80/a980f752339516854c916ebd312080b393e9cd3922ec3b20d506b974257744d3.s2ml	d673b4c48cd43f1af15462955021d723	161
mods/core.stormmod/base.stormdata/depotcache/a9/86/a986bdd0398d6fe0f200d170a559baf5410ee020721baee584e95cf7b5ebd2dd.s2ml	ff3e7d901e02c44f6989d96b02206d9f	46866
mods/core.stormmod/base.stormdata/depotcache/a9/eb/a9eb0479f7f42bdd0cad6b5311a341f9dc620af5186192b0a32d8ac613a86a4c.s2ml	da4d97306dee394d274b0220de835c6e	436
mods/core.stormmod/base.stormdata/depotcache/aa/05/aa052a607f8d2fbd83982ad3b02c678edcbffda3ab3ce47e39ca464fa0a9a347.s2ml	7e0f888ccf6a7640a50d6773c996b4dc	347
mods/core.stormmod/base.stormdata/depotcache/aa/20/aa204127abb1d80de1369496f5d31a37d1ddab1b4c5fcc901eb28bc92d9430a0.s2ml	5a5f1b33eb6391166b7a1d954b03827b	230474
mods/core.stormmod/base.stormdata/depotcache/aa/7d/aa7decae620cd338ffa39fa5cb88e34958ea6a274a16f47475599f1bb0151301.s2mv	882176f01a529609f18549c43a44feee	25120
mods/core.stormmod/base.stormdata/depotcache/aa/ed/aaeddcf9d7b073895355547930c64689ac3388bf96cf5403ec44892a0b627cf2.s2ml	d5e598ae4dae40953212ae3c9b941486	205
mods/core.stormmod/base.stormdata/depotcache/ab/70/ab704486661805753eb7fe9451896de87ed23dbf4d98c9eb3f0b724af56dfbb5.s2ml	5672a1aabe73f74c5f9b9fd05faccc57	404
mods/core.stormmod/base.stormdata/depotcache/ab/70/ab70ad999efec8a913485130bd5020e720399d79dca3a4c48e47dc86ed7d1de5.s2ma	5605eb1f05dc7dd07d7b999f0b43306f	787492
mods/core.stormmod/base.stormdata/depotcache/ab/74/ab740c20d178fae6e7816184ffb3d86720d2f137e6e940ddcd64f2bc41ac8fd9.s2ml	a7a8d003c2da933f1533080ba4c69c5c	854
mods/core.stormmod/base.stormdata/depotcache/ab/80/ab8003e23d7567a7fe88da285c22c7b5fbbd911c619de8ea1797e2376bfa71e5.s2ml	20d5e193b933e6c7ec6a0272ecfee9cf	532
mods/core.stormmod/base.stormdata/depotcache/ab/93/ab9385840acb0fd14e594865a18262eeb4ef0027f1ea5c92b7f629beb98f2ec7.s2ml	a38dc2ed9bc4cb06d9ea970afec5d73f	158
mods/core.stormmod/base.stormdata/depotcache/ab/98/ab9867fa3ecc52c8330553a120af5853f6673b6e42a9e393ee82dd6629fb7e93.s2ma	35aff4c5887cb92c8133faad0b64424b	1321749
mods/core.stormmod/base.stormdata/depotcache/ab/c4/abc4ee8de68b71dd1efba4db81d9aaf03897c98ae3c98f78095821c32b5d57e2.s2ml	47203d178fb0909d84ccfccca0c47e22	1540
mods/core.stormmod/base.stormdata/depotcache/ab/e6/abe63354fbb27fa3075217270c101b145f4e71add9ec52ee89c47ed571307d4b.s2ml	4c43c460adf0a3cb79c6c27cb36d4635	28479
mods/core.stormmod/base.stormdata/depotcache/ac/25/ac25fb5b33c1f82e0b2c56670a10b1f0377037b2767edb5ec0f114b6a9ba6ece.s2ml	66a45a70553bae80eab38e49b7cdc4b5	1253
mods/core.stormmod/base.stormdata/depotcache/ac/30/ac30c6d3aecba00857eaa39c4d26adc56c404c5db7e00ec9a9f7a46f2885faa9.s2ml	2528156ecb837666215fafea45269228	164
mods/core.stormmod/base.stormdata/depotcache/ac/53/ac5395426ce80e9c8b19c7e65cf40d48699c5a8ecb341836651d98a98d3026c7.s2ma	e8e366b324bf7a43f4849cd72ed62325	320825
mods/core.stormmod/base.stormdata/depotcache/ac/5c/ac5ce3d3dbb78f11b2ca7b6042f9e52b0303baf291f936160c5234f4574ba1ba.s2ml	1e9b295f7bae0a64c1dc4cac2da873c2	437
mods/core.stormmod/base.stormdata/depotcache/ac/6c/ac6c44302e0382a0e0226a9dc47e6cc62271fdbd40deffc41fdf0888a5fa3e6d.s2ml	cc5cdee01be10e86610c1d9021491134	172
mods/core.stormmod/base.stormdata/depotcache/ac/99/ac9933fac486386f5d89ef60d827f2ca95a47d4ef7bdbddac89abc9533c56dfa.s2ml	20bce99b0186ffb7941b2c4ea11123e8	743
mods/core.stormmod/base.stormdata/depotcache/ac/a9/aca9066c174233e5f15f460ed410da26f0d4acc4b522da3f9a303018714553b2.s2ml	0b825b823881f40f593c98869b44b932	37320
mods/core.stormmod/base.stormdata/depotcache/ac/a9/aca91cacbd38f0f2944ea871851fb7724bbd94a62792fd2eb1d584582ede8d47.s2ml	1605eec6e8add0f784497c09908c430f	440
mods/core.stormmod/base.stormdata/depotcache/ac/cd/accd50b1a45a968fd850af0a1ca13cadbf1c9b28382f2d5440f342e84aefd9e3.s2ml	992160538fa5e65357516570614c8264	22553
mods/core.stormmod/base.stormdata/depotcache/ac/cf/accfda3ba8a1a8776b4acf7fba0b77d9fd203236aa0076c9565a15b233a63356.s2ml	a17ca77de0572a8d08adc0197ec8baf4	1614
mods/core.stormmod/base.stormdata/depotcache/ac/e8/ace8e23a28982134f388ed8b12871bdfa462a78d19d3d4541f69a221e359a60e.s2ml	7e0f9f95d6a9a0164704010ed3ded44a	545
mods/core.stormmod/base.stormdata/depotcache/ac/fa/acfa5a79fb926488a1bd1aca95eac2bf526bd90a6df20b05db9f3745605d4623.s2ml	043b3e7a3ac63cf018e1636a4690c787	46026
mods/core.stormmod/base.stormdata/depotcache/ad/17/ad17a2e284ae79118fae7a8583fe118e261e4ff3b5a47dc1669dbd638d504063.s2ml	a553d6de819fea7311d48d37bddd9d8c	181
mods/core.stormmod/base.stormdata/depotcache/ad/cb/adcb8c369da43afe60dcbc9ff9786aedf16bf3024d0662e99cc20559962fbe46.s2ml	e5fe63500319ef1bb0a5b73113d14a4a	896
mods/core.stormmod/base.stormdata/depotcache/ad/cc/adcc82ad3b9530219193032066e3a44cfb7c5f77931981ef1b1b49028e501419.s2ma	1698fa7049b840531118fab4d6453ef3	291134
mods/core.stormmod/base.stormdata/depotcache/ad/d1/add12a7c8d479964f726fde735586a2fd3f607a895dc316fdfeab32a8310ee9d.s2mv	6f8fa9029fa1231744a839de72d08209	8294444
mods/core.stormmod/base.stormdata/depotcache/ad/f8/adf81797ec7da1ca11a235f5f842cb86f3f122487ff05ec63da4ea2f31f79cb4.s2ml	dfb9fe1fc60bbcbea7b429dc8ee4d6cc	417
mods/core.stormmod/base.stormdata/depotcache/ae/03/ae0369743c9bab6fc20075b4653de7cc61ba28abc7970dc59bcf2862e3dfdc36.s2ml	e16935ad2ae30fc9b78680f09bf58523	431
mods/core.stormmod/base.stormdata/depotcache/ae/1a/ae1a22da331ae83f3c638258f8d671edace28da146a24e211c01325edeed90a9.s2ml	65b8bd9bdbadf6ff1055257ed2ef9d73	376
mods/core.stormmod/base.stormdata/depotcache/ae/56/ae56a055630d4b6e6a5d51d50f5ec4d2b228b964ef43519ab5d1c4837e5d3a2e.s2ml	4f15d05f69d934862c273d5961f8756c	658
mods/core.stormmod/base.stormdata/depotcache/ae/7a/ae7ac67fa9597a63db780da7bb7f51303b880e3b4c88c66660526faffccd6513.s2ml	9b732ead175bc4f713a93943839b9761	487
mods/core.stormmod/base.stormdata/depotcache/ae/a2/aea282a6a4a67bd8124d1c23f78ec792717bb718232fdf2d26e5dea6e8c6f662.s2mv	56e1b4a215319e3ad39bfbfb96fc7991	796268
mods/core.stormmod/base.stormdata/depotcache/ae/ab/aeab466f19dd0d99527679e0e10c325bb5f469543164b9e1eb7cf3fc2bb0a176.s2ml	7897f55f29a2a3e32616d86425fe90f1	5578
mods/core.stormmod/base.stormdata/depotcache/ae/c7/aec7700a9ab82f970a36ac6cd7686ce6cf0db6c984747e4794c5a2c6e84e5708.s2ml	98a2e9e63dff9484540938caba7c839e	207
mods/core.stormmod/base.stormdata/depotcache/ae/d9/aed970a78a276dedc9db6b7a136d0366f73410752707d74956228e80b0d20e48.s2ml	7494893214100b838c9f1adbd0c1285b	126
mods/core.stormmod/base.stormdata/depotcache/af/03/af03d4f7fa0454c4713fab062946201d980a7cd9f4b2158b532385b27a7de7bd.s2ma	ffe2eb895b7f0ae17870748ccb271a67	55605
mods/core.stormmod/base.stormdata/depotcache/af/15/af15fabaed465ef7980b420bb609413843200c65b9ab450fcba662ab133be9f8.s2ml	1bd25cd2e0cd819df0ea689a15ba97cb	371
mods/core.stormmod/base.stormdata/depotcache/af/21/af214448e8a81782f36840f4bafcaf8a33dbbc5d6ccad7b832137d5c89553fb1.s2ml	799cd1b71bb92cc1b2fb1dc4e7c7c78b	1775
mods/core.stormmod/base.stormdata/depotcache/af/3b/af3b066586518b159bb3d97a8d8a7e4415fdb0d789a421af3ed8d02f0cc7e930.s2mv	2719ef6370c8ca85443082922070f1dc	799052
mods/core.stormmod/base.stormdata/depotcache/af/46/af46452ce47a98536e99c800afd932e297d740e9fd7be576d4bb87ea114a08f4.s2ml	9953c68db313dee992905256b0db32c0	177
mods/core.stormmod/base.stormdata/depotcache/af/aa/afaae6f39214de984345d9013a2dfc3ab428bb3104c044f156dcc9f596f0b411.s2ma	3299c55980c5b8fb7238f0b000fe7f6e	31
mods/core.stormmod/base.stormdata/depotcache/af/f8/aff8a1112b8c0a85c7ef62938ab563044ad2499a550393a948eb96a099719837.s2ml	556da1dc4f94e35092ba69417f7f3aeb	137
mods/core.stormmod/base.stormdata/depotcache/b0/40/b040f0fe97d9b4f8574ec9cf057c51ddd3c945d8bc669de43ed6d778ca165257.s2ml	64906111402c87006a9c6da5e1ee1eb5	1143
mods/core.stormmod/base.stormdata/depotcache/b0/92/b092477e241a0fb71a64e4cd5fe7ddfb586e811b656ff64ee01db0938ab123ee.s2ml	b7301d2870489c8b3fa8e18e49c079b0	1008
mods/core.stormmod/base.stormdata/depotcache/b0/98/b098a89049f4d4d592240e07ea379a80257451afb75d1696bf6966771362c66e.s2ml	a3f7024762e3e27d181eddf781e5d4c4	26644
mods/core.stormmod/base.stormdata/depotcache/b0/a2/b0a2f9527e7e5dd09649b2933b1bdb03cd1a636ab2f99e05e15f889870adb462.s2ml	59454fd00418b3facec066350e3332ff	165
mods/core.stormmod/base.stormdata/depotcache/b0/e8/b0e881cbb5f599af0d8c27412b230fc09d3abaf6f33d5ba85299ca49ab4c49b1.s2ml	3025caa0197ab9d6261ae46d27277f33	476
mods/core.stormmod/base.stormdata/depotcache/b0/f5/b0f5e81855850dbdc5761701e979474c61fd47252650c6f827a41353843ce9ad.s2ml	cae84bf37ecd909db208a5d8837078a3	288
mods/core.stormmod/base.stormdata/depotcache/b1/13/b113372e3735815d6dc5985b3fd2d7b292eb86c0a74343679eb5f37a6ec0bfe1.s2ml	d41a43408144ce57ce14a9f188eb5f24	318
mods/core.stormmod/base.stormdata/depotcache/b1/2d/b12d776ea938c011028ca851bd0bdd05ee8bbcef08f6375c235c5d8cf21b2a63.s2ml	32530a731410c012927d3ee7e45a677e	425
mods/core.stormmod/base.stormdata/depotcache/b1/30/b130b093adc8270928a81f41f850e4d3f5fc3f8ccae98089f8f80b72b3f8728f.s2mv	fdade939d03f48bbddf440dc4468ad3a	3722
mods/core.stormmod/base.stormdata/depotcache/b1/64/b164468fbf82b1911183a9c278b16a221e5b62478e74dfb94a58f4cdcd754020.s2ml	74e6a56923cf120b689a418ffc5fc01f	1645
mods/core.stormmod/base.stormdata/depotcache/b1/ae/b1aef30395b04d4486daaf7191e6ea95b87d26d96fd4953ac9cf1029f5d0a076.s2mv	7096fb07333ba443ee61fcd11a223499	3630
mods/core.stormmod/base.stormdata/depotcache/b1/b0/b1b0d4cf29f9f682e3faaff5fbbf67c505cb55dff1d8f22459d16548982c605e.s2ml	e96a33d1c18309ca67b0073739d835e4	3895
mods/core.stormmod/base.stormdata/depotcache/b1/b8/b1b888009c604503f9170f00fdcad69586756400c43ae9ef00655f3969914e3f.s2mv	a9b65f8ab43095d4ea38ec8fcd7b43dd	1036928
mods/core.stormmod/base.stormdata/depotcache/b1/d7/b1d7b3327baf4aee87dbebb4caf485f716cfc30ed3f080ff27b5a3650560a480.s2ml	5b613d1638e9d2c9a391aca2327de73f	522
mods/core.stormmod/base.stormdata/depotcache/b2/32/b23236ce46717e4ee1fb6d362c78652db8c31bf171f0a81af665e1f5e7476152.s2ml	f02d82040da44552cc7e4821c143ca51	395
mods/core.stormmod/base.stormdata/depotcache/b2/63/b26317fd148aa25c40f9026448b8a27db0b98d61edcfd25e7139d09bc2f32bc7.s2ml	c2fe07eb6e07f26ff4bf8d3d323f920e	291
mods/core.stormmod/base.stormdata/depotcache/b2/71/b27185ef33f8af74a13e9ad97ce2297db2433545f23597f38111b38bd70c2f6d.s2ml	9ced760749e1cd0cbed51adb02d0ed7d	1970
mods/core.stormmod/base.stormdata/depotcache/b2/c9/b2c9b14a512d3167cadd99d67e53f86447c19a897a7cd66113b8c6b6057dd633.s2ml	a5d2c30da53f91e6e87bc635a76145fc	158
mods/core.stormmod/base.stormdata/depotcache/b2/e1/b2e1e0a892faf47fe7aabcf766102b4cd525f2f1cd6212f123f67152ded64a66.s2ml	fe15947b990343ec77ecec1e1ff95163	253
mods/core.stormmod/base.stormdata/depotcache/b3/0a/b30a80f976fd6b11686bf8139ff425c841d70397eca1d16fc0d24a81e86ce999.s2ml	8fccac9ff429b17b74acade932a45d7b	120
mods/core.stormmod/base.stormdata/depotcache/b3/6c/b36c2615e6b2568a8fda77a4c73eee592e55146d62a00a979399a8cbe6aa7ed1.s2ml	54c3ce6f58fe05bda8a17aaf6a6dc1dd	2079
mods/core.stormmod/base.stormdata/depotcache/b3/86/b3863cb2336c040f17ee7490d798efb366d171994f63daf093f4004af7d92978.s2ml	1bdb0e2299a5515eed76fe5dfadf4f90	137
mods/core.stormmod/base.stormdata/depotcache/b3/91/b391b947a69013862c67ea02c67940bb8fcef76f9bd15eb43bd503b54ab16e55.s2ml	ff8fa2ee05e44f5d5ddbca36c6fd2fe1	1793
mods/core.stormmod/base.stormdata/depotcache/b3/93/b39328186511550e06b37647bb2ba71dcfa0010b8e92f60b1012d67b7cb758ea.s2ml	73a5222f81d3ef4897309736e5e4da85	131
mods/core.stormmod/base.stormdata/depotcache/b3/a2/b3a232dc45b9bf9b3056ab698fbc27485500f9f5389fb858b60f3485208a7a64.s2ml	3cfd1d459f2b55d16a17474fcc15be9c	338
mods/core.stormmod/base.stormdata/depotcache/b3/b1/b3b16bcfd88a4bf489bc8c53b17457fb5fb28100be16ec429471b9951b8a45d9.s2mv	6a86484637c8cbe42ee07aa249283d9e	2726
mods/core.stormmod/base.stormdata/depotcache/b3/b4/b3b426981af8f3bcf9513e0a512afd1e801035ea08fded2f2ba7d4d3fa2ea91d.s2ml	ec9a666e9cc8f47c565f42f6e52ec322	349
mods/core.stormmod/base.stormdata/depotcache/b3/d0/b3d01ed77a05742fe1b3da72c57d8e7a06741e4729cd5c098658b8caa6d2c6ad.s2ml	189c2ec7a1ab00d05a3e61d12666d7ad	1284
mods/core.stormmod/base.stormdata/depotcache/b4/3d/b43dc44f3ab184d2ea5bd03e2895f0a90fa2cc7ad278bc30fad3530c266d5c22.s2ml	8de1000fa0ff43cabdbf7a3eaa50ba1d	131
mods/core.stormmod/base.stormdata/depotcache/b4/4d/b44d35d0ea690042e6f746cbeac5abafdeb2e287f245a226e63a71dac848724d.s2ml	c37af940f90921c5f235751239097336	964
mods/core.stormmod/base.stormdata/depotcache/b4/51/b4518e5ddbd342acf049361d0a8aeb1e5ca896410c92ffcb4dcb1483405ffe0c.s2ml	094c4ee747849dc86437d1b5171a807c	315
mods/core.stormmod/base.stormdata/depotcache/b4/7e/b47e0de9243d0ca8e85f8d3e7e450e9b0b80407bf220101e08ca97b50fa92583.s2ml	35b6b9f47d7e423996f9b260f4a2747e	334
mods/core.stormmod/base.stormdata/depotcache/b4/aa/b4aa3322b1d0a699a1e165d013a93021a24615fbb2073b71a0c46b5ccfe831fd.s2ml	51fce2ed3f68a125c1ebbd0c34d59477	173
mods/core.stormmod/base.stormdata/depotcache/b4/ab/b4ab44d4874b8aa35d242f16fba3f5bf61bc9b2ff6cec96fe21d727069b00b62.s2ml	4489b4d2fd805a00e23e61618198d94b	250
mods/core.stormmod/base.stormdata/depotcache/b4/b4/b4b44375734a7a345eb4409d6301dcac9ca343dc4e9d7740169091bcae9ab6de.s2ml	b269f38f6ff494f24cda7213b6d6351b	1295
mods/core.stormmod/base.stormdata/depotcache/b4/be/b4be5fb22f94af1cdebe6cb8e07325881c2d8dc77353de27254328ea656cb2c3.s2ml	12a1606daa8d5f13bf7e5026cba1b2a3	1707
mods/core.stormmod/base.stormdata/depotcache/b4/ce/b4ce8272ce6db3679d92d7b4c7fbe92a1bd630c83aa7611babf576b221248a2f.s2ml	dddfbefef899ac997d6b482326268a4e	462
mods/core.stormmod/base.stormdata/depotcache/b4/d3/b4d35b92cd3a091084fb08dad805bdd04d0c22452135accb363af051e7933123.s2ml	5427953ac03786e4d4089b44d18f8aea	13985
mods/core.stormmod/base.stormdata/depotcache/b4/e3/b4e3d405d185df52488cb0af10fdec06c9fc51a7fb2e129459e08d9183535cb2.s2ma	994866efd2a4b0912491641ddefe6dc4	195366
mods/core.stormmod/base.stormdata/depotcache/b4/f7/b4f7b7c98828367cf4278ce5f9b35553214a5c40e72d6365d64b1900212cdca8.s2ml	d487311578cabc9bc34a1d4ff27a3405	251
mods/core.stormmod/base.stormdata/depotcache/b5/22/b5226153fe28704e1149f417838f954d37e5ba6891a43010e1333161f351d6c9.s2ml	eee2d613d5ea49d9e387c634ccf51a7e	212
mods/core.stormmod/base.stormdata/depotcache/b5/71/b57101ec0332a861572523aa50a052c1b0619a1579caeedf9d25f26a2d595833.s2ml	d7e68de29f5e7813b99b61b096341d39	42998
mods/core.stormmod/base.stormdata/depotcache/b5/af/b5af6f2496cc2c3b4d3f1cacc57447e0a45276bd899e9a12cd13cdc00a0fb1a1.s2ml	12ea5d53c800ee857b73305e1d90b63c	120
mods/core.stormmod/base.stormdata/depotcache/b5/b8/b5b8691092e9a69d29775622df8b7d191ba760cdea2fb3c0a3136ce646135415.s2ml	015c297482d60d4a181fd291a030e262	1190
mods/core.stormmod/base.stormdata/depotcache/b5/d9/b5d978e3d806fcb895155ef7032859d0a604469158d940a52ec3c720d5eacad1.s2ml	497cb818929d665a03cb5f6669a06c18	190
mods/core.stormmod/base.stormdata/depotcache/b5/e1/b5e1095e9f0eeb9fdaa8c7b85ebfeb83096c49699d265dee1c5f72d2ae484ad4.s2ml	126f96b23f2093bfeff6608b87836c22	372
mods/core.stormmod/base.stormdata/depotcache/b5/e5/b5e5f7fa69421c253b456e75518b3cd89d34c3da67d6ab15ad83eb870b265317.s2ml	272991fb904e2be041b62b782ae75481	338
mods/core.stormmod/base.stormdata/depotcache/b6/07/b60775c4292999e7787bae214ed47d9a8a56735f40692375b9a4125cb9acc0af.s2ml	e326e0494f4b3121bd999d603ce840f0	126
mods/core.stormmod/base.stormdata/depotcache/b6/0c/b60cce6447d461411cd47823352e808ac0bed114a0bcfc69371d8944be9b2891.s2ml	cae19599daa5b492ed1af235e36aff0e	1586
mods/core.stormmod/base.stormdata/depotcache/b6/3e/b63e6fb0f414a310ecc7e7859ce81db187b16012cf8d8758bd8fdaa141b5667a.s2ml	81aa08939e6bc30012596666c3cabf92	928
mods/core.stormmod/base.stormdata/depotcache/b6/49/b6494764865e45c25d08700124947a070dc2565f44fe4752f09b047daec78104.s2ml	d4d4d9959ee33fd1eb4ee623775b7626	1479
mods/core.stormmod/base.stormdata/depotcache/b6/60/b660c912af45fab1e57d5a646ddad4634175e69c8e0486b81ddb203b239988ca.s2ma	b5d50775e84e871cb87faf4e62e81b9e	98560
mods/core.stormmod/base.stormdata/depotcache/b6/7b/b67b3bf2f08262fd6c236c883adebc80b21329d1a079c38762e09696c049aa7e.s2mv	14627e9f16ce795f9a949f5472b9905a	799052
mods/core.stormmod/base.stormdata/depotcache/b6/99/b69959b77885b9d930122edb64ad5436f59de68f3286b61eb7f553e80ad21ab3.s2ml	a930bb80c23393fa2f63a7e39bd2aae0	216
mods/core.stormmod/base.stormdata/depotcache/b6/a3/b6a3628fe9cc994cbb7499236de63133a67d5b4b2555c676f4b4da7d7c68ac7a.s2ml	2537090f840d411b2b3cdd1e0877c333	505
mods/core.stormmod/base.stormdata/depotcache/b6/a8/b6a8d95e0f2ea7507c8b92eb134bdcc85311c1894ef9b53a376e77e3a28ba4d6.s2ml	61068db6206d22f371b27aa431937794	1466
mods/core.stormmod/base.stormdata/depotcache/b6/b3/b6b3dd0e388b0c4de5e16bd382b66644a58a8448461f438a637d9f9dbd7607cf.s2ml	b7866d44ad9666f4bae6eeab2c67f79c	851
mods/core.stormmod/base.stormdata/depotcache/b6/da/b6da23d52bd5b722e1982a68ff9f2353ef0ba7be3897d4a976a8c6171270695c.s2ml	9fc030363b8f639a3ee34942aaef9a3c	395
mods/core.stormmod/base.stormdata/depotcache/b6/e7/b6e7383de3e62da2e5450c52f35eeceab29ab8a690d6f3a811fc4dd0780cee47.s2ml	640793b6bcac7022e42226f5dbe0c30b	36133
mods/core.stormmod/base.stormdata/depotcache/b7/4d/b74d4168ed013d0228c2f93c6f6907cfc3d375a848d151fd9d54766589bb448e.s2mv	48ff89e24cc39b6f2fac43108391ab00	2073728
mods/core.stormmod/base.stormdata/depotcache/b7/53/b7534bc155bc783cd349a2f8cd5e089b508694d8e7d0c253341955da7120486e.s2ml	00e81f304c6ef3e5bf8fdad6711fd356	1298
mods/core.stormmod/base.stormdata/depotcache/b8/58/b858701daea71bd0ec14e14a94366dc37d375770a5b53808b4dd02d1a10c6b7a.s2ml	ad4d67bcde52be62be9a0a6c4303312a	405
mods/core.stormmod/base.stormdata/depotcache/b8/7c/b87c71a6b23e413d28f1e0cda2e51e926428f0837f6572e0fcc885cd47db3381.s2ml	d2a1b2d5857cc7f11802962e212d79b5	951
mods/core.stormmod/base.stormdata/depotcache/b8/82/b882a71afbf5a87ae64475adf291c2082c8b63068b7f92cc6f12c4a91fa86378.s2ml	78b4f64d692627fb7c212f9ebd87f5b2	1652
mods/core.stormmod/base.stormdata/depotcache/b8/86/b8867716e28de9deceff8aaecaabdebc8b8e0f8be7e1d9994cc698234a32fd8e.s2ma	c392ce99068a347fb3a4cd2f5eaa94dc	43542
mods/core.stormmod/base.stormdata/depotcache/b8/c1/b8c12338b0a4fac2584de0b4d6a19c35b9ee602e4745cbb230603df8ab96cec8.s2ml	8cb7a2dea1220ad53c3844da97ccf81a	408
mods/core.stormmod/base.stormdata/depotcache/b8/cd/b8cdc437d9a9498107827d0cd7443095b0f37c4e33679b4d7c3bb13f9a609308.s2ml	5772c7a327e059096177488a306a7182	16470
mods/core.stormmod/base.stormdata/depotcache/b8/d8/b8d8636f6674abe85bc2193ebe350247743ede29b26a84261b114c32d4ff5861.s2ml	f12421ebc454be6b48bbc375b3b0db55	187
mods/core.stormmod/base.stormdata/depotcache/b8/de/b8de087b6047edb963dadbc9c15735bd30398ac1d30466d4cfecf409f775dd0b.s2ml	1a17d63de230a950fda90c5d33e178ba	434
mods/core.stormmod/base.stormdata/depotcache/b9/55/b955e8e8206b7dd2c09bf89ee73cc4c38d54409a16a64fa3de79cecb74cde0b6.s2ml	bc4c2ddcec0544897ebd0800bdab37cf	511
mods/core.stormmod/base.stormdata/depotcache/b9/74/b9741903edd61fb55e910fff21a55c75a692f96be4595644b9e0ace03c85dd03.s2ml	68c5ae9b4f669f83d02bb01bf9c9c2d3	308
mods/core.stormmod/base.stormdata/depotcache/b9/7d/b97d8e39721ff964dd2821b219c1512d6f26a84345fac87b84fedc53e7ca06c7.s2ml	c003b5fc837b1270d882a10be3588e09	144
mods/core.stormmod/base.stormdata/depotcache/b9/93/b9939b7b67bcaa5c6a5af86b74d5a294fdcfd8ac6df60407b5f34582edd6f7ea.s2mv	2f51d48ad48fb7011160c30271c8dd71	3060
mods/core.stormmod/base.stormdata/depotcache/b9/bb/b9bb4626a1d0382b93db8306b7da1bdac25a98b9977aaab82744cd0e1aa3031d.s2ml	e79172ff8248dbccff24d45643fc3b42	344
mods/core.stormmod/base.stormdata/depotcache/b9/c2/b9c2dbb6bccdc880c7a1309787e92e0d738ad1b4fae9e6eea5fed03542347d06.s2ml	5b54b1f474c669ee53d340bc98e393d7	1722
mods/core.stormmod/base.stormdata/depotcache/b9/f7/b9f71098d6d4c9436286b534f16b9e207fd6e2870ca8092bca4f5ba2994a1b4f.s2ml	93e01cc13efd4703bfeac820adfe911b	180
mods/core.stormmod/base.stormdata/depotcache/ba/0c/ba0c8ba0e60244f16f58c382c6ae63adfe3b7893aae255e1289d57196ae971dd.s2ml	508d80f90edb6bc76d6fd11adea29307	469
mods/core.stormmod/base.stormdata/depotcache/ba/24/ba247e4aa3aa89fbe89fbfc9970dd8dbeb0e6fdabf9b1e1a5f2457f83e97250d.s2ml	9708f700372b44c0a51808b497a59d8b	1010
mods/core.stormmod/base.stormdata/depotcache/ba/27/ba277117dc7c669a9601983fe529127521990660f8e71f9ae288e9f0426b641a.s2ml	737fc12a764b5fe109c1d6749b609200	164
mods/core.stormmod/base.stormdata/depotcache/ba/37/ba37753cf3b8d7f5e9b25acb036aae6269f32f8618986ace0cc2be7d634bfc9c.s2ml	392e564db17ca49f977786c5f0d7b4e1	346
mods/core.stormmod/base.stormdata/depotcache/ba/5c/ba5cfbc4ef486ecaa6045a084ca352d82b3515d2f695db598af5d06a324fffb2.s2ml	26ae088238e5262190d661c502508a42	475
mods/core.stormmod/base.stormdata/depotcache/ba/64/ba64bf59995c6f3875855ac6e9032b79c9803bc1ef6bdb382e5acb146329fb98.s2ml	840a3029b919dbee506f43db2448cde4	502
mods/core.stormmod/base.stormdata/depotcache/ba/69/ba694daed503f060d79281cc8ce763a744f8bfbc4daa8b7f2cdf78e398b88b51.s2ml	c3ce6dca9c811f7e7cb745b416284d70	5770
mods/core.stormmod/base.stormdata/depotcache/ba/9a/ba9a559ccf07783243ab88b66e8099ae5acd54e538001ade7d260e8c19e501dd.s2ma	82f6de14335eea83d9df2df74981d9ed	31
mods/core.stormmod/base.stormdata/depotcache/ba/ae/baae53ca97aa2a0cf370cadbef747a321fd9677c607d5c353878e645bcc14bf9.s2ma	ec618363ac512208e10f6be0d3565ae4	15301
mods/core.stormmod/base.stormdata/depotcache/ba/c8/bac832ebd7cb9efd027f854f99061b90a0e2607856bfbf8bee122ab4d0a75e27.s2mv	6d6c2babfb444daaadd7784a064a7ad3	39109
mods/core.stormmod/base.stormdata/depotcache/ba/dc/badc5ec6b7073736dc61042c68e0cdf18cbbc376638ce3d3b284ef7b0a7f68f9.s2ml	db9b65839e5bb42efbc310a68de52308	1585
mods/core.stormmod/base.stormdata/depotcache/bb/2a/bb2a13290bf5cf75cfc05ff5e08fd7315f1969b290fa1cc6538a78c0cb6de746.s2ml	2193f6f26c74235647c7861884ca838b	3629
mods/core.stormmod/base.stormdata/depotcache/bb/2c/bb2c0164bcd6f938f12977162eaaac8bfa07d59f736dc0477dd4d143434e0a63.s2mv	bb6e6bc28982db986e2015e1495b1698	1383240
mods/core.stormmod/base.stormdata/depotcache/bb/65/bb65c35927be9b250d3c9809b0eefe761d48ec2788544de6ff624c14d1f88ad3.s2ml	7dfbe647ae88ec5d300dc4c8993a10be	177
mods/core.stormmod/base.stormdata/depotcache/bb/74/bb744259da3d0b1e5cc26d10ca5ca890593c749addccaf739b8bdcb5757b8631.s2ml	6e9b468e8d91359f6abfe35d2988eab4	2670
mods/core.stormmod/base.stormdata/depotcache/bb/ae/bbaed181e34d2546c797cc0e0d713706d547a7a6d69545183824893f9f50af02.s2ml	fa6efb183d358137a660c2d18d33ebbd	528
mods/core.stormmod/base.stormdata/depotcache/bb/e1/bbe16606d91376435dd5f11fdc64204ad0c3893adae683e098e88c6834bbf293.s2ml	d4023ff2ac239b864e61bca28ba0e9e9	1076
mods/core.stormmod/base.stormdata/depotcache/bc/64/bc649b0ffc1038bb7eb827ed3c4ee96115789c5f786721703dbaffc33d87436e.s2ml	3f25b1294cc427d04f4fa8dcecf45e49	1030
mods/core.stormmod/base.stormdata/depotcache/bc/6b/bc6b442f48184944d2606b7b1f2d9183b6e85b290173baaa29a7fb225eefad5d.s2ml	2fde0cd0a0cb0137f161869dc152a61b	1023
mods/core.stormmod/base.stormdata/depotcache/bc/74/bc74612460232d8e946bc23502fc297aeab83176c25eae9c6a9e4552738ee4f3.s2ml	875673dc915c4f37d54f8cf9171331a0	959
mods/core.stormmod/base.stormdata/depotcache/bc/86/bc864a68bba23c080e7cc65221a666aab5b14c9da7d34d957423f17a2197cf0c.s2ml	3170b9290f2ba6fbefe0ecbef19e3c25	324
mods/core.stormmod/base.stormdata/depotcache/bc/92/bc922b5dea84544ebd576936cc8cd2fb366b5c0cc2b12b67312c7b1a91d3ff9b.s2ml	ad70087244b4a575eb725b6d17be6d77	34994
mods/core.stormmod/base.stormdata/depotcache/bc/9a/bc9a0c2cdec1c688b824b6aa1b832a9010de28df478ead8e72c8aafdf2428189.s2ma	d027e90046dac347a945c48cf228fc61	423474
mods/core.stormmod/base.stormdata/depotcache/bd/40/bd405ce5a01fc4ce8f8d390e3b91c78e48b643b61e091c7df52011f6941aae19.s2ml	7d5b818b2559f18b24dfcd644f659871	1447
mods/core.stormmod/base.stormdata/depotcache/bd/42/bd42d3635679f90a1bdd3009c4e3090c84f000a22fcd9d0b5fd5296dd550c02a.s2ml	1dc2030cc39b719c0fbc5bc56a99761b	1562
mods/core.stormmod/base.stormdata/depotcache/bd/9a/bd9a1ffbcba886d4483b2431a702a13c29463a1e8837de6e2e21cf2c260ef637.s2ml	1d66da98693da8f1f310ac696e011535	17579
mods/core.stormmod/base.stormdata/depotcache/bd/af/bdaf8c734bb18dc68aba38e21447fa0b758ef517616baa393f0279620306850d.s2ml	a87c130e5209e223ffd9f08fa886b2ba	173
mods/core.stormmod/base.stormdata/depotcache/bd/b9/bdb912b79f4c5fab3d0d3ca928fb21a6625d5e270bcdbb9ee0fa287fc1d2c85b.s2ml	fe6534af6145c261506c94e0c0aed333	158
mods/core.stormmod/base.stormdata/depotcache/bd/f4/bdf4e5517b1327f5bd1fcce9492abd8d5ef17b88f42ef491543c48d1f43d13ee.s2mv	f0623554d977db356a08d7f047ef6642	18523
mods/core.stormmod/base.stormdata/depotcache/bd/f6/bdf6987d78e8abb4e04a811d5be2f1af23bd550915f3489f6f95470c5a377780.s2ml	b250f7f2acf856309af81ae94ec3e5c5	369
mods/core.stormmod/base.stormdata/depotcache/be/00/be009074fa06c6d44eea4f923ed69c9a4718617b7c0ebaaef52ebf22e182c0e2.s2ml	5be290bf901952c9fb43776881363f61	195
mods/core.stormmod/base.stormdata/depotcache/be/39/be394d4302a08b43e56f311f8f178514438298cf5a268c4fa4320f13b7b9e0fb.s2ma	aa0d6c79b7d738693e9946433e2abbae	36241
mods/core.stormmod/base.stormdata/depotcache/be/5a/be5a96a428a0fa8051838e3aa20e3ed5e15c54b0ed3d76a1aa99a7785eca338d.s2ml	c43b3fa62d4c7e6bf72ce86529493cbb	164
mods/core.stormmod/base.stormdata/depotcache/be/6a/be6ac315963b9745ca5eb6a0745ad12a858c8c2c60681dd5d5198f582e979b87.s2ml	924e1e6197f29ff28030ac83b75794d8	1551
mods/core.stormmod/base.stormdata/depotcache/be/74/be74da75a20c176ce583a844b0d7d4401e8ea63876a9a4aab3b1c869c7130c99.s2ml	e600127976386010627cbe69e2a2cd8d	468
mods/core.stormmod/base.stormdata/depotcache/be/7a/be7ab851933ab63aff99aecad95282b3e4da05d4fddca28ba2558e9742d8fb34.s2ml	e285e1e9f8b79007e5c29576b5562c7e	1097
mods/core.stormmod/base.stormdata/depotcache/be/c8/bec84d006a44ede9d0edbe7c6fcf7b9d85aa604376f4c0893ba46f9ab1e98834.s2ml	de8c6309571a830d461e5bd224d36d49	203
mods/core.stormmod/base.stormdata/depotcache/be/d4/bed4f673a58a13bc0e04135f831df40e8ce4953759fdf881bca611388f9afe45.s2ml	6a359a634c9b31c92ca0a1ce2c2a440a	1338
mods/core.stormmod/base.stormdata/depotcache/be/dd/bedde6440df6c28802ced66c476670dcf8d063f4c81a6b852ee8fa7403949739.s2ml	7f9dccf1472e419a1ef51e72585c53fb	307
mods/core.stormmod/base.stormdata/depotcache/be/e1/bee16c2131ebb2ff585506d9ab742d065d40479d1bb12fa72c1946e6f1fd6ba4.s2ml	cbdcc5ad4963b8e25fa7b68a8f5a6d5a	1872
mods/core.stormmod/base.stormdata/depotcache/bf/18/bf18611997722e36b3d1b91af6b4c6a094ea487161f502e046a1d773c5274589.s2ml	44098a821d5aa11a3c3472696758360e	2560
mods/core.stormmod/base.stormdata/depotcache/bf/21/bf214b6ad8bac9c18e829aad7ebc3bc4418f43f940e5781fd31bb155a4e2d545.s2ml	3b4c42dfa719f91b9e8e90fc2457a942	200
mods/core.stormmod/base.stormdata/depotcache/bf/2b/bf2b69a5e878c15d257026e4ffc2d7fa3509e1abc61f1b6e5cc7cdc6cefbbfc9.s2ml	8a57442ede961bfbf89315f4e0b6233d	276
mods/core.stormmod/base.stormdata/depotcache/bf/34/bf343fb1f66e5f4c2a4cd01fcf70975cd1e215ac030ac1dfe325c8379c6e8833.s2ml	d2bf2afb4ae75602302f50ff48352b55	526
mods/core.stormmod/base.stormdata/depotcache/bf/38/bf38c55cc3f0fd251d4bb827deb80167012553e34c6c6316ee76d17cc0fd4bd5.s2ml	aae2ab4db8973bff5dee27c5cdea9b02	174
mods/core.stormmod/base.stormdata/depotcache/bf/4c/bf4ca1f9fcd38b34e2f2af49b797900bab4520a7c5d95cb93864028161804657.s2ml	1e958d7eae6ac7f7b7c859c54ec7ea0d	143
mods/core.stormmod/base.stormdata/depotcache/bf/60/bf60882dcbef852716637c12e0ab8209986e01d7f54de5e79ce67be53619c86f.s2ml	be9f97bba642d62b06b59219ca5bbd3c	224
mods/core.stormmod/base.stormdata/depotcache/bf/63/bf63e0d62ae05d8b296bd88c08a3355568c7ee5d79acc78968f7006be7812272.s2ml	1dcff2618f54763d53c7b60422a583d3	324
mods/core.stormmod/base.stormdata/depotcache/bf/7f/bf7f6ce85fa5123004027900273d24959021c3fe248dc7377d6546a7e0c7ac3e.s2ml	3f7861c433691235680f816483fd2429	914
mods/core.stormmod/base.stormdata/depotcache/bf/e8/bfe826cae36197ce9c4471ab07a2648c2b4e5a13accca24d01e3b8182ad90811.s2ml	5575adab72a946eac4b75c5197354430	153
mods/core.stormmod/base.stormdata/depotcache/c0/5e/c05eba573bf790c1c05bc1815768a36cfd51826b64fa47ff27cd66a616cd1ec1.s2ma	8328f8ec816c81a80f3ed1e72e9d93e0	3701
mods/core.stormmod/base.stormdata/depotcache/c0/6d/c06db14820d61c56ca93964bf6d4799f513155ec27a4607da455a0635b520ca2.s2ml	3c11257459a7ce7061ad423117cf19e4	173
mods/core.stormmod/base.stormdata/depotcache/c0/a7/c0a785b40d305d47223a27481dc50d585ed0d8f2b2c941902fe3655547149160.s2ml	ea76cd928a173675e39a0ab2d761ab9f	186
mods/core.stormmod/base.stormdata/depotcache/c0/bb/c0bb8a54ef3a072128a5c5854d633ac942194f0bab6ab1ec534b2d7f3f473197.s2ml	173f368143fccbbe124356976e59ecd0	1848
mods/core.stormmod/base.stormdata/depotcache/c0/d3/c0d34bbafb1243788ba0d2d56f65d8e2ab9a164b710947dba1b67550ff41de02.s2ml	b8a24c09babb194a9d965c46734dc087	900
mods/core.stormmod/base.stormdata/depotcache/c1/4f/c14fcdb8ff891cd1f17feb153c8ff5d22facfc170d5ec415fe199e6dd68fcbcc.s2mv	d87930d6342f191bdff7026174e63c95	20780
mods/core.stormmod/base.stormdata/depotcache/c1/7d/c17d4d8b30b04605610840efffc10e481e57f4a8bfcdc9693790ec14f61d3473.s2ml	6a774b7139705a5276ca36e72a838616	1980
mods/core.stormmod/base.stormdata/depotcache/c1/ab/c1ab36452743ab75450d41e05bc142b0bb4c44f88f7b31a0f04df71dee8eaed1.s2ml	6dc15dfdce4c50bd88954f07b0e75ed9	27592
mods/core.stormmod/base.stormdata/depotcache/c1/e4/c1e4b7d7e8a735aeee69777a049c7144e158d18c245d3086ca5abecf2847cf7b.s2ml	e51e004434c09ff2a8e78f7aebe79045	144
mods/core.stormmod/base.stormdata/depotcache/c1/f1/c1f1d96e4b5a87247b6ba625f976f0fa2bd01ef3a04b5fa171f478a2622352fe.s2ml	a950aea891197379f6aef036b3611ccb	134
mods/core.stormmod/base.stormdata/depotcache/c2/1b/c21b6fef72ad4f4f1810a20e134a5ebce7b243e4d48b98f03374df71c8476d7d.s2ma	59bc63e4321c4128251fe2ff25f28096	1525530
mods/core.stormmod/base.stormdata/depotcache/c2/3d/c23d5eac52a2090ebee8f4dbad6fc5ab814b831f77d51d7cb0a881ad3268ba6a.s2ml	51a7679c5737f23f7bd42457989c3940	356
mods/core.stormmod/base.stormdata/depotcache/c2/5a/c25ac0a7505df38f5544da547e322211814e639752bd78cf2f9a643115aed149.s2ml	b0f168dbc007fe0eca78237f97a0cc25	218
mods/core.stormmod/base.stormdata/depotcache/c2/90/c2904a99c39faa026040505af7882a8acc8b05c649b2b2276df0d10985ff18be.s2ml	e41915e584b0b9436756dc286c6f0c06	1921
mods/core.stormmod/base.stormdata/depotcache/c2/a8/c2a888bf54ff7e339f51bbc01814a7c940e511578c32ed69efd6cc7115d7f244.s2mv	2ce1c51d889ae75867809dbe091299f2	24653
mods/core.stormmod/base.stormdata/depotcache/c2/bc/c2bca8c4ebfe13dbbaf03fc37337b695b8d683c893217c450c6e209c81ee2514.s2ma	aa2347f9016b7faaeb3c2b0ab553a488	446019
mods/core.stormmod/base.stormdata/depotcache/c3/13/c313d8c3a2046a073700fc6ca32e83cb0a21d2e77e3f0314a4a0a9d5d42f2649.s2mv	e396300ca3821512439b4eb61d700984	20260
mods/core.stormmod/base.stormdata/depotcache/c3/16/c3163e58a64dea19ef279f6c5613ee3f02c5c52b0cdd3413618a7664c0757da7.s2ml	ae08c954edbc59628aa9048bb3f1f308	209
mods/core.stormmod/base.stormdata/depotcache/c3/2f/c32fe34327e39999ff76e0a0dd779176ebbd054f4b1c004f1c142cd1a54f3c1f.s2mv	edf32e93cc54d97f4b1eefc857475f56	3727
mods/core.stormmod/base.stormdata/depotcache/c3/54/c35498ba10db37cc5b7bb7e1c03716d38872bbc02b250e2c4afd01612d80ae82.s2ml	fb975faf2d1ee192ae0ff94a1365dab0	1400
mods/core.stormmod/base.stormdata/depotcache/c3/71/c371120502dff2b9e16b65530c899efeafc279c5335f384fd9952679b527191d.s2ml	6b27c249b1f0fa084911d20066c5536f	476
mods/core.stormmod/base.stormdata/depotcache/c3/95/c39563729b2628fa62389873042999edce3b20f67da4eb87046f545eef902672.s2ml	52a611adbcc9110276146a0df5842e5a	428
mods/core.stormmod/base.stormdata/depotcache/c3/ac/c3ac7f31c643e5085e8d07143b03f2c12403638bc4da1c4511d5599ca89b1411.s2ml	8382a929e7e0410e6892b637edea917f	1672
mods/core.stormmod/base.stormdata/depotcache/c3/c3/c3c32a064b04240d94ec649104a15eb8c08ae9a604a6ab915b678eb0fd3441ca.s2mv	18fa169b6c776f8ec7d5bf81a178ebdd	99248
mods/core.stormmod/base.stormdata/depotcache/c3/f0/c3f03b8d7df4b678d158b33445534b929806abed852774b1008b0ed648adef77.s2ml	6840073c411d75299b2917a91c9b8108	169
mods/core.stormmod/base.stormdata/depotcache/c4/1b/c41b39a200b12963d1178395b643638dec89ee48833dbac37c3e414e0687286e.s2ml	3a74b8e2d99076ae18c2a713aa9584f7	1291
mods/core.stormmod/base.stormdata/depotcache/c4/33/c433a56f4aa1c403a78aa2ee8af79de722f3a9da231d9bc91240fa6fbdd9ec2a.s2ml	6ef9f96c74be1a21604e7cd23d12812b	163
mods/core.stormmod/base.stormdata/depotcache/c4/43/c4430bb4c9c4e70a8f82ad56b4ff39c2d8271079247be3a571883ce1a34b5e9d.s2ml	077aedc45cb0ae3f20a1076ada5f3378	153
mods/core.stormmod/base.stormdata/depotcache/c4/46/c446645c7e924ad04bbcd1d61117ecdb98e63d6faf6dd6aef2ff3431ad3f1ed4.s2ml	66b7bc4f79c26697716a82c828d2461f	183
mods/core.stormmod/base.stormdata/depotcache/c4/a9/c4a98dc695d9745f88d9f6823261b0319d311449e56a0fd7fd8286297bd541ea.s2ml	0b572ba787ede72fd08a5b2dd3cb4268	1853
mods/core.stormmod/base.stormdata/depotcache/c4/c7/c4c727fe8df98b3e568fac0142785b0ceb1488e5de7418d45b1a1fc8836b00f4.s2ml	b11f0734a2a8c64786f9d6e6ceaabed1	2649
mods/core.stormmod/base.stormdata/depotcache/c4/f9/c4f92a9a9078932e1ae0691ce970872479188ea5989580f43d0de20f5147e6fc.s2ml	23a2073c89b11652670aa5a139fa3b42	686
mods/core.stormmod/base.stormdata/depotcache/c5/00/c50067014f2d30810bfb0fa2c4206e45099554f44a1aa8a03f9fbf4cc716c482.s2ml	35b689cfb9b2ce14bad44d2b048561fa	208
mods/core.stormmod/base.stormdata/depotcache/c5/05/c505201df51c25aff74d4957fa817ab904d4e61eaef03c583c10aed0b1033c88.s2ml	534bfea7be5816afdd117252af5c6335	221
mods/core.stormmod/base.stormdata/depotcache/c5/22/c5226a6dfb577fd63e2b422ce20d7992845a3bb2a67967516aee9fc0e40525a4.s2mv	ccd17850cda57a9adc5f70b7f56b76a1	1383240
mods/core.stormmod/base.stormdata/depotcache/c5/2d/c52d4334592ed8b8df6fa518750674013bb1b8f03c78c8c4df4dcdebacbdb3e4.s2ml	1ce8af9854d9186c0a93226e4f73357a	159
mods/core.stormmod/base.stormdata/depotcache/c5/2e/c52e47e746c73b2793fbef52e4af7b6991358d2027dc42ea578b0742d095ab2b.s2ml	3b6868323a3259ac0012b5765dabce73	160
mods/core.stormmod/base.stormdata/depotcache/c5/36/c536412942a27d314df6233e87b40e8ce94723dc840447d5b87c152c21d4b90b.s2ml	0d25d051b9d0a27755a0530ba045c3ba	21680
mods/core.stormmod/base.stormdata/depotcache/c5/6f/c56f7b1115f208f4fb83e71b3038424494e130b46cf23b213e920361571eeb2a.s2ml	4499635784ac184553595b1647e8fc4b	1536
mods/core.stormmod/base.stormdata/depotcache/c5/77/c577644ba622921338e9b34967d9fb7aa6bff28df124f77ce8a0c730433c60a1.s2ml	9ed23b884d3167c10e5f36d1019ebb3a	369
mods/core.stormmod/base.stormdata/depotcache/c5/e2/c5e2aa4dc4d66073aff196819997ba5938eb92139e94f358b4fcb4c4f32ba099.s2ml	cf803bcf1c96232171efb3049141c436	15912
mods/core.stormmod/base.stormdata/depotcache/c6/09/c60913973e7f11c41aa8fb7e6bf846ae93d084da1b67c1f2ef94824206fbfe7e.s2ml	e317b4c42163bd652b23baee1e7a7c5c	522
mods/core.stormmod/base.stormdata/depotcache/c6/12/c612e2072ef46a106a6f9bfea02a1ca2a4a0246a8c92327014af0ea6a03a79ab.s2mv	a84978eb00b3496096f820262d36844d	1036928
mods/core.stormmod/base.stormdata/depotcache/c6/5a/c65a8f51381e1b6833cc48a1f5e289aa17426d67e4018e3dfa775d68e82e3022.s2ml	b3aaa599138c02b76755c719cd19b559	1622
mods/core.stormmod/base.stormdata/depotcache/c6/6f/c66f9370af1f07b1bf855ffdd20e2dfc1ec19855b5b355c93122994eaa15c403.s2ml	bb8b7a8737a3c6eebab0eaeb952bed28	157
mods/core.stormmod/base.stormdata/depotcache/c6/7a/c67a14dbc31ed276253518e31e9811136b403dd6e63b33aaf84f8851ac488aaa.s2ml	00b7e84682107d5608672f4a1f13c92e	951
mods/core.stormmod/base.stormdata/depotcache/c6/7f/c67f2282c73e25b91cd4d1a3bbf2bcaeffc4e15662989fcf94adc701f7a3b395.s2ml	54d0950d34a70d6217c1fdc7ee0d0fcf	1288
mods/core.stormmod/base.stormdata/depotcache/c6/b5/c6b51c49037649f1f90938b10924f89d0f2b19fb2e6446a7ab3925b5b07900b3.s2ma	e93a43b2fb7f3e5ca9a366f907dc1ce0	31
mods/core.stormmod/base.stormdata/depotcache/c6/b8/c6b88391e5d3c463efd91125d1aaf9f14da80c5aa6b530302211a744a02395a8.s2mv	b70609df11b7b4caaaf39b11b519ba37	18206
mods/core.stormmod/base.stormdata/depotcache/c7/27/c727d1b60ce59d50f9c013a203591abe4304e23090e70f0937ed50369bf97eef.s2ml	165de42891add78693a3c476df6ef49d	134
mods/core.stormmod/base.stormdata/depotcache/c7/9e/c79efcb88268b2de38a9d41303deaceee8359f696db88a29af64f58f4507ebf4.s2ml	761192c98a86cb4160e4424a3bb9e0e2	187
mods/core.stormmod/base.stormdata/depotcache/c8/47/c847f51f2db7d658d50598e3e91bcf80c2ab019eb991f45e7a6e6860bf7df9c7.s2ml	c689220811ef2b552c19a2292b8cb161	358
mods/core.stormmod/base.stormdata/depotcache/c8/7a/c87abe53816d0b6315433a076e1f5e03f429f7426f0bc6214f0b7c5de4452f79.s2ml	fb0b4defc586147e599aeea5511a2e6d	10236
mods/core.stormmod/base.stormdata/depotcache/c8/8e/c88eb7c270b779405ed0eb4dd434b93ca3bd0a1b8f24959dd390759c4176924b.s2ml	fc5d4307860111d76812bccb36e1f271	191
mods/core.stormmod/base.stormdata/depotcache/c8/9b/c89b243e6137ac8468a3393f131a852b75275081c8b69c0671db78edec9c0f40.s2ml	1bb6fb2d109d2cf8f578f8656f3f3a09	190
mods/core.stormmod/base.stormdata/depotcache/c9/18/c91837078c25ecf6406c2506804c1e79cf67d277ee44b0903a78dec5489131dd.s2mv	263abad968ad886bcac8fa62ba3b5047	3026
mods/core.stormmod/base.stormdata/depotcache/c9/3e/c93ea6050d9b1cbfbfac88b7889596e4321ccc84dc23d391144b39b20cac8311.s2ma	8d3c6f64234a8f9ce356c1a69f8fdc5b	1754426
mods/core.stormmod/base.stormdata/depotcache/c9/4b/c94b2d039a663269dc336434e121ba466e87f2597fdfb124d60ac9f216f9e89a.s2mv	0ba3e846fbfcfff6befae992691a74df	19039
mods/core.stormmod/base.stormdata/depotcache/c9/4d/c94de0681a53587b5b3215fa22ef550afc5fd1429d8093459e11ac665e3b3a5b.s2ml	08afed38fa683dc5aafb3966ae9e7c7e	1287
mods/core.stormmod/base.stormdata/depotcache/c9/64/c96470ae617df754c522697725f05214d8413f2a03d1067f2aafe1110b84488d.s2ml	d9ff553885208632e118b494f0afa0f0	545
mods/core.stormmod/base.stormdata/depotcache/c9/7b/c97becb372a9cc37671152cacdcd306dfd575e20c530facaf5805085398e7e8a.s2ml	6123f684817ddb3a4c1463940592bd33	230
mods/core.stormmod/base.stormdata/depotcache/c9/a7/c9a731723d61ccc90b90b9120e0bbdcb2435134373e7ba315568806bb3dc2e8b.s2mv	47bfa52f4057a76c24fc0f1315d9888f	99248
mods/core.stormmod/base.stormdata/depotcache/c9/f0/c9f0f284e24e14b3c03f3cc6f95ac2845eb2266577ea9317bc2f0b051b05f201.s2ml	d07c8b42e79d6cdb297d86bc3214e872	344
mods/core.stormmod/base.stormdata/depotcache/ca/50/ca50806f5a3fe57a3ac8e8bb9991d48e16d6ba134471560cac870d4470ce7be9.s2ml	82843279b92c70cff29a4b9796e926f4	469
mods/core.stormmod/base.stormdata/depotcache/ca/54/ca54c97207d418e846e62ff01fc1b10fc00e9726b71d8aab2fe32744a9c4619f.s2ma	cf29f581a5a44b235826e693028b5ce9	1578718
mods/core.stormmod/base.stormdata/depotcache/ca/68/ca68955f3ccd3dca39c679583e924f2c34645da13537ec55b6480879c0ae9462.s2ml	e51039d60a07b25bc58aa159feb233c6	634
mods/core.stormmod/base.stormdata/depotcache/ca/7b/ca7b4e2939933f7776f2cbb03635e484026826f4ef7810791ec5b6487998e60b.s2mv	e3f1d532f2f598c75afc1ddde5668855	1383240
mods/core.stormmod/base.stormdata/depotcache/ca/85/ca85c9079f2c34b5197ae0ee4df75171dcd48bd389eb81de70b498b0b24589e6.s2ml	bb7425e649797f0b816d9a4cd0800a2a	1188
mods/core.stormmod/base.stormdata/depotcache/ca/8a/ca8a1bff5a1008cc15093c7e1a2472c64a030bfc859e904b116b5f80f11aea85.s2ml	39a244b6b3936bdd2eee3127dc92738d	165
mods/core.stormmod/base.stormdata/depotcache/ca/d3/cad3a9be43dfd79254c01abaa7f5f57c09c37ec52474c5e1dafc5cb34ff2eeab.s2ml	7c9273c5bbf29181975dbc96fa0860bc	1742
mods/core.stormmod/base.stormdata/depotcache/ca/db/cadbaf3075fce5992137239ec0c8883bc6931609d8e21dc3148ffae75bff56cd.s2ml	800c84539a1c8ef46c48fee8029d2abc	176
mods/core.stormmod/base.stormdata/depotcache/ca/fb/cafb8f1100ebaa1445d749f2c16ccdb45d0993d40ddd5918b3ee22f9cc2390bc.s2ml	f4572f31e00419a84cac9eea843e061e	1721
mods/core.stormmod/base.stormdata/depotcache/ca/fd/cafd28faa5fd73d3790844aa4fcc48fdf1954e457d38cc346677c99abdcd4391.s2ml	e75a6d84e40227c91cf5452f1a0982b8	443
mods/core.stormmod/base.stormdata/depotcache/cb/a6/cba6f2f4ca3c8306017759556bdcf6905c52cee327b3540b271beba5185bcaf5.s2mv	8c45ea284a4c0f487198d474844ee1c0	21907
mods/core.stormmod/base.stormdata/depotcache/cb/b5/cbb5830e25183002a432a1fd867bf325bdf792eec382387287f62119119e94a9.s2ml	d821929ce0c5fc0e2b4457af68a6286c	657
mods/core.stormmod/base.stormdata/depotcache/cb/ba/cbbacf8d2952f17becf21fbf7558c43120c1c6f8e6dd0cdd33f79498ad072b5d.s2ml	747e710d45eb2acd1329eb8b1a2881e4	553
mods/core.stormmod/base.stormdata/depotcache/cb/bf/cbbf556cc30d94cb9e90dd6d13931716f4b2f0426ee1a7ffb15a5fd7f2809549.s2ml	f01ca394ce37a67f4f84e87f11b83ed6	140
mods/core.stormmod/base.stormdata/depotcache/cb/e2/cbe2889a6152e79d1f9350827b0d1e0e4c81923009b1ae878b1374f0a8d39045.s2ml	2d09cc86ee6ebe4398848f15d34032c8	882
mods/core.stormmod/base.stormdata/depotcache/cc/05/cc057c4ac6f5eed5b584cea77a9eeae9c906d8804b54d4bb495bb396845e126f.s2ml	45da78d25bc4997bce1fa9ea419bf6c5	3589
mods/core.stormmod/base.stormdata/depotcache/cc/5b/cc5bc56a5e00d89e75bf9e69c419f222d33f80e2bfbc47dcb21fd9143d2027d7.s2ml	5cb04cb8bb414edfeefe3d65ce7a6ba3	170
mods/core.stormmod/base.stormdata/depotcache/cc/b7/ccb7c879fa742f28907dcc58428211666479fc846d4965f9711b62730f12519e.s2ml	9cc9803566ff1792f8b9ad42c2b44b8e	255
mods/core.stormmod/base.stormdata/depotcache/cc/cb/cccb23e230b0b4055dbb4e2bae14ba249f3235bdc9999934f786d0f35a7f135c.s2ml	64e8e258fbcf1d81b7194610e791c4d3	133
mods/core.stormmod/base.stormdata/depotcache/cc/dd/ccddf5e6b60089c494825cda95864e87b759c51675882ebcb42778c53f08ea58.s2mv	447e54b8a1b9c10f0ac3853b4bba1693	2073728
mods/core.stormmod/base.stormdata/depotcache/cd/14/cd145d3ef68bb91851eb6d6a38029b2293af23580b0aef479a5089dbc2c5d474.s2ma	f21b5e3afee226af2105beedb2b72c2e	223908
mods/core.stormmod/base.stormdata/depotcache/cd/2a/cd2a0fbf3b8af051388254f8aed3bec97701d0af24aa609b35a7681804839bda.s2ml	157757f7a5d0e44f0d88d0044f22ce40	1055
mods/core.stormmod/base.stormdata/depotcache/cd/6b/cd6b05b977677d2847ff5856dbcab224ca4097fb2df4acca38cdc092bbe2532e.s2ml	185d9c353d2787935bd37e88ad3a15a2	230568
mods/core.stormmod/base.stormdata/depotcache/cd/aa/cdaa177aec21bddccd919945f9dc28e72b6c645aefac9463dbea02bc550cfa0a.s2mv	9998b71ed9833efdcbb37834690ff2f5	8023
mods/core.stormmod/base.stormdata/depotcache/ce/43/ce43619a8f6abbbec94ae2def85d6e3edb22ac6fde2251364ebaf333e6c12a6c.s2ml	8f110b50b22046a55083d8b9f14dd936	1186
mods/core.stormmod/base.stormdata/depotcache/ce/7b/ce7bc1f985356d6140a5e2427dde396da9d988539b72db54da66bfa9e21883f3.s2ml	ada3fa66fbd9bcd1ec5ac8217aea9400	526
mods/core.stormmod/base.stormdata/depotcache/ce/7d/ce7dd52f7c8d7a848e744d82c88b00ddefcea34a6e07585ef841008490eac514.s2ml	f9fcd9f8faf77525bcdc471299278c55	1853
mods/core.stormmod/base.stormdata/depotcache/ce/7e/ce7ecc69aa31a0371ed1851440fec2f8539f8ee4d9ad3a371d542d0e16292bcb.s2ml	9832379f4fb0346351d996c437604f91	1042
mods/core.stormmod/base.stormdata/depotcache/ce/b4/ceb4e68796e63d253816dcfe6dbf975b6906f664e1667a653431a99fce203828.s2ml	a8cbec3cc17744bf79dc7a84a933f3ee	1707
mods/core.stormmod/base.stormdata/depotcache/ce/f6/cef63d0496aa5c11464eb19105ffa251b5ea80130d512a5bb4d488047ad754f4.s2ml	58cecdceb65d42801f59135f4c63dca0	1223
mods/core.stormmod/base.stormdata/depotcache/cf/06/cf06efe2956c3cc575fe5302afc76700ab17a9c83f103e4b21d6f870abc4a56f.s2ml	ca2b1a6ce86e80f372a936919fc0d6d8	170
mods/core.stormmod/base.stormdata/depotcache/cf/48/cf48785f9ce1369c5ae09ce2318b6a6b424f9853da9a94cc52cd7a8c35ed48e8.s2ml	30ad4c270c4b67ce3dead8204d0626a7	164
mods/core.stormmod/base.stormdata/depotcache/cf/7c/cf7c6104f15501dd292fc771b18bd5f816fd0e6902e0b48f8199c46d1c1e83a5.s2ml	ce463e42eeddeababd83d8fc070d2987	335
mods/core.stormmod/base.stormdata/depotcache/cf/81/cf814fff852c6d65b79239fed6b60ad0a81bfb41aca4fc64b6ce8c5ee25de8a5.s2mv	afcaf5dd9d4d0f711e902c0996cb5e37	12629
mods/core.stormmod/base.stormdata/depotcache/cf/a3/cfa34cb72d15169ec03b164ebf3ee771a798b6e4b2bd9632f4f3e988363b40d8.s2ml	c3874a88b30a281cc15fab6f1a25c4aa	522
mods/core.stormmod/base.stormdata/depotcache/cf/ad/cfadecd6e76db7825fff2eece1d84008369fe08563ac31e093bc86eace093780.s2ml	dfddd88f31f5f328f4a5f9e2850c63ea	38219
mods/core.stormmod/base.stormdata/depotcache/cf/b4/cfb4227452af748d9f2117faaf02f6c6c549a49ebe0b514c95ee40320d7bf9fa.s2ml	36b7605a3eddc40d1e93205d1557fcd8	331
mods/core.stormmod/base.stormdata/depotcache/cf/be/cfbe8464d147e955d80ccc88e195246bbc38c0bf7f3102c40bb30de101754df7.s2ml	9136456dfbf1b3e5a8e0cc9cd043ece4	661
mods/core.stormmod/base.stormdata/depotcache/cf/d3/cfd3777c1003097f9f599b412d538ed47c79916c8dda2f532ece5df757a8a128.s2mv	76ab9fe02d33b9c2c0aece9f99096cbd	3293
mods/core.stormmod/base.stormdata/depotcache/d0/12/d0124313addbe66eb1d97a63e4250688337a6d2363396cb8e606bf5d96f113da.s2ml	5be2dedb1b1226c8784bf7a190cd7408	1438
mods/core.stormmod/base.stormdata/depotcache/d0/4a/d04a1774939d64fb526314a134f212c8c4a34d766bfa50c62299f2aefeca5b0f.s2ml	ddeba957d63800adf8f0723deef60429	21852
mods/core.stormmod/base.stormdata/depotcache/d0/77/d0772bed05ca99dd015b8d12b8dc180e691fd9cb26727d844af56d3cc6bd4d83.s2ml	08bb296b13394a343f9340f124242f89	1706
mods/core.stormmod/base.stormdata/depotcache/d0/82/d0826bf819b949b6d21b91868cf39386fb564efe5b5349be779c7515057d85e8.s2ml	5708a473627bb0ebc7b53d255b739486	388
mods/core.stormmod/base.stormdata/depotcache/d0/8a/d08aae0b975049f7f72a043a9bafb095863335efbac7f834770543627f44c418.s2ma	e0c13feaa9b8e4094be5178b9d0c1012	1119612
mods/core.stormmod/base.stormdata/depotcache/d0/c5/d0c5e35894068d2e49c41f7dccfa4766a70d2b59986c1929ccedb2795bb8e8ea.s2ml	1e7f2c1d0bf96956a75ac555f6043246	226
mods/core.stormmod/base.stormdata/depotcache/d1/08/d1082a435b9a9d93e792434f77f763c5ccdabf24de9aaa79ea1059c50238a6e7.s2ml	eeaa790c0f9355fbb10c279e4e0f8fb9	278
mods/core.stormmod/base.stormdata/depotcache/d1/10/d110327c4b122a4e5bfe4b624aac183662b870abbf7d03ed8c838841788f44b3.s2ml	1a648b9b9271560178c84d23bb976701	166
mods/core.stormmod/base.stormdata/depotcache/d1/78/d178ebd6dba64aa71f53143e698a69cd06e6f93c8661f0cf100e78bfb5542142.s2mv	dab4d68b9237deb6466df77d64e71cf7	16140
mods/core.stormmod/base.stormdata/depotcache/d1/8b/d18b48586dd9c2cf5423fcab0d06060ff60aa1bac34bd660629906e93adac6a6.s2ml	7010b9aa3da08d067b09ae2d9b3fa277	1115
mods/core.stormmod/base.stormdata/depotcache/d1/b6/d1b6655a5dbfe1aa605a2de9afaf205d962494183e7908a6ec64bae40767d98d.s2ml	79a4069509e83fe18ef9b59099813aa5	751
mods/core.stormmod/base.stormdata/depotcache/d1/c2/d1c24adc759e690d9f5ba38cb988e5a0be1634fc42d219d64f160697bcea3d1e.s2ml	989dd21228b81cfc072f8ca674f81304	223
mods/core.stormmod/base.stormdata/depotcache/d1/e5/d1e5c7d7088d1d53af7eafd20c0915c2315729405443aff2427e6ed88ad5351e.s2ml	ca41e4d320f3db8036de428bccfced19	421
mods/core.stormmod/base.stormdata/depotcache/d2/29/d2291f80bf88796a7349fd843d72ef2eaa6cdefda377062bb053bc006426d701.s2ml	04c8d50ee237709feddd406094f633c6	573
mods/core.stormmod/base.stormdata/depotcache/d2/38/d23874db4b3cd1fbc9e9338c95bd041c71937074b91dcfb0943062a03c13cc99.s2ml	d79863d5d5cb0dbf0d14125cca718629	58173
mods/core.stormmod/base.stormdata/depotcache/d2/38/d238b0970464802b65e69e59f874e01261075f9676a191840bf7f0ea2252f5f6.s2ml	c906136c51777daf3ddc71cc25bace3e	212
mods/core.stormmod/base.stormdata/depotcache/d2/84/d284f9e3ed7eb490d8f3191070a63d12fc346262c0fc54bdaf5fa0af7590e8c6.s2ml	08b9f1c467cd974224954a1ba4112dc3	900
mods/core.stormmod/base.stormdata/depotcache/d2/b6/d2b6552a56e8ac87d1e7dec9d68b134d34aefe501dfeaee89b81f3e4d5857086.s2ma	41e8f33196d1f4a811ff53bc27323bb8	50049
mods/core.stormmod/base.stormdata/depotcache/d2/bb/d2bb60736bccdfef284963fd51e07a664863b37f84db322734a20449e8320db9.s2mv	74d731e52f9aa2ca170f6d0b3594650d	20780
mods/core.stormmod/base.stormdata/depotcache/d2/c3/d2c36ad3a7c4285c6c3146a92a51f56eefb35324ed602ff116d200617c7f81a4.s2ml	3b781667ef52cc683772f2ef022688ac	202
mods/core.stormmod/base.stormdata/depotcache/d2/d3/d2d38218cba1241bb41400ead556142580077071fc679f40ec78996718d6da1a.s2ml	9124c3e92f74b98d208403cd52b76b2a	1605
mods/core.stormmod/base.stormdata/depotcache/d2/dc/d2dc87d9e86c222d1b2bf781410e7abe053b17f077f67baf7ef9a6f77b8fb138.s2mv	34078681b0ecb26cb37834f64a407f93	102608
mods/core.stormmod/base.stormdata/depotcache/d2/ed/d2ed7a4d9854a44106d26b34717c5a7f10f8d7b95855530072a9fec6a28def33.s2ml	525d7c6cfc67762f92d3167ad033af65	162
mods/core.stormmod/base.stormdata/depotcache/d2/fa/d2fa98378560d9f152b1970f58874c73ef7e48ef76d11f9d846d642019d9b7c6.s2ml	073fe857e7fa05b568418bfcc4ac32e4	263
mods/core.stormmod/base.stormdata/depotcache/d3/27/d3275c5f209cfb8362b79c3945db9bef707221c326e21ca5fd5a1334f226e5e2.s2ml	6b34856cab106e60cae3cd3a5437d7e0	41224
mods/core.stormmod/base.stormdata/depotcache/d3/90/d390fd54b49d69d48c047437a2a4dce5c76fa5a931d694cfcba8bca7bc537339.s2ml	3392c4563296efc5a31316b8f40fe129	1377
mods/core.stormmod/base.stormdata/depotcache/d3/94/d39414dba7fbc40b2f88a23fba8478d8c0120c607d919b1111be8a004e572316.s2ml	70e8eeebcf50546a80b6db48332ab9f0	156
mods/core.stormmod/base.stormdata/depotcache/d3/98/d39823bef5d34f7bec0d860d4cc023c491d8f0bd587f75519696fdb3b1e43866.s2ml	427d6dc983639152dec3d577830502d5	1625
mods/core.stormmod/base.stormdata/depotcache/d3/bd/d3bd9fd12f0a3b71546f9f7a8489308b6fa4aafae62d23a5d8a801db767d6790.s2mv	5e3ada4904040da92bf419588ca73263	99248
mods/core.stormmod/base.stormdata/depotcache/d4/0c/d40c6a41ab4e35d82f95ac188296e30ac8a3dffc57508131e544c79e70d2be5c.s2ml	51c9e29d63c0d76d001ddf7b7e7007c0	280
mods/core.stormmod/base.stormdata/depotcache/d4/53/d45307202b91de4f0be864703298f483a51d4b11512fd1d1049fb7907dfb20b5.s2mv	6a71a87e86a487c3e4d7c4fa21bd6fa5	4449
mods/core.stormmod/base.stormdata/depotcache/d4/5e/d45e589ece3c89ea89551b7a9a8f5f28adab2e8c519511cd147e969b4b387458.s2ml	dbe396a28a5b4d6029c01ee0945fab66	39964
mods/core.stormmod/base.stormdata/depotcache/d4/b6/d4b6b27a0e3d808ba9e5708f5cf7deae12a72c299d9ffe810b79d57d3d706147.s2ml	4638ca52baa9224d3929a9f1c5ff136e	349
mods/core.stormmod/base.stormdata/depotcache/d4/c2/d4c2a67e94e8e7e4a0cc3e54e5ffc82727a569f53c3239ad26cd6ff0ff2d4d25.s2ml	5d44565ac72bdfee48aae3c4a24d4cc1	1010
mods/core.stormmod/base.stormdata/depotcache/d4/e2/d4e2a48bb61c5631eff0206e5a8d63c4c5f2f0223b3de2f690465b2c667967d5.s2ml	68061ce59fff35ba9a0fd3c3041d9021	287
mods/core.stormmod/base.stormdata/depotcache/d4/f2/d4f2927272efb171961d7010b095d3a8c65b5cd02b9df74f6b83ec8b5cbca69c.s2ml	a805573944b9a20b45444db7e4d5df7b	321
mods/core.stormmod/base.stormdata/depotcache/d5/00/d50083a81334d85c0fb6cdcb31c98d9bd8e1abfa117c343830174cf953fe9577.s2mv	7ec0441da60064a207d56be22f92a2a6	867932
mods/core.stormmod/base.stormdata/depotcache/d5/06/d506b387119990add9f32a8b12fee2f71f2e73c13d75e95698abcb3615851c33.s2ml	0b144d489a0974521c48b8a5609cdab4	383
mods/core.stormmod/base.stormdata/depotcache/d5/07/d507fb1fff42db1afe6469c40937864b7bce9870ffebb55a54835f23bfde9108.s2ml	e7e98e7132b5b40e83f906df256f370b	542
mods/core.stormmod/base.stormdata/depotcache/d5/38/d53813b321ebc59fa8b6d6d66cf476ac0da20a78089f3abf33c0b649a911f661.s2ml	9e1da0826e71c5be103cc51f4dc30bf4	1109
mods/core.stormmod/base.stormdata/depotcache/d5/46/d546dce9ab01ec2a1a18fedd50f8db4905ee58a2da287c82aedea776583544a4.s2ml	4b215fa4dc47923a81af56e154d73121	180
mods/core.stormmod/base.stormdata/depotcache/d5/94/d594daf4ff5813c7ed614d9b5f6bf791eaee7e41a68057fa1e7795af1810f087.s2ml	eac0ddc87564d4183f7133dcb616817d	1814
mods/core.stormmod/base.stormdata/depotcache/d5/bf/d5bf1c763095a7906347d89b648b66a790c2d468629575359d2e6d428fe6be36.s2ml	85911ad268208842989cb9a3f7e880c5	177
mods/core.stormmod/base.stormdata/depotcache/d6/01/d6017096ea6323e7bda015940b8dd5e328012014cf92283bdcc737fa7d99283b.s2ml	b7756d6bb8a8581ab5bd1494eca79965	1846
mods/core.stormmod/base.stormdata/depotcache/d6/15/d615949fc68680beede2afbadc3041a37553f36a163cbd7c7541323b66b1495b.s2ml	d5dec7c0afd685264f58d6cd67545e25	11921
mods/core.stormmod/base.stormdata/depotcache/d6/51/d65128d6dae40ebff500c52d9f02856a6d595f2130c8f490b759dd396c66bb48.s2ml	ceebd11d1eafa2be5559bceb69e88499	1128
mods/core.stormmod/base.stormdata/depotcache/d6/53/d653b243b01cceefd7e50fb8b2e4864a26a100c4e2cb1e38ccae6e5b2665c360.s2ma	5c0510ab2c4364b089d543df2edc88dc	856215
mods/core.stormmod/base.stormdata/depotcache/d6/62/d662f13a5beeff0a622d8e92c192a71066858b90dfbf26dfa87fb696a7271ad3.s2ml	299b69bba8d55b96989e447595c99062	796
mods/core.stormmod/base.stormdata/depotcache/d6/8c/d68c2caee15464837957edcc329e9639c77c126ed34d5c0b8553d8925de76535.s2ml	d113cb69fe1a10074baae7f31cd47f17	1340
mods/core.stormmod/base.stormdata/depotcache/d6/ba/d6ba009cd78f242ae57644985e26d842e62a11b18cf20d1d80ced718d9a425a0.s2ml	80f51173f7d50fbadf55e549456b0757	472
mods/core.stormmod/base.stormdata/depotcache/d7/15/d7156cedbf79c0388f8d52f2addf2d67a2c3f52ae0688a7bd21035c3d90cbefd.s2ml	6b81ba47719ac0f18cb20f4e94358747	1580
mods/core.stormmod/base.stormdata/depotcache/d7/46/d7463a3896f0d51712061b8a53ebcd72ffdb7d81204ba2be18c7436ae814f7ad.s2ml	c0fafe60bfaea74bf8763bbaf2f7ceac	35794
mods/core.stormmod/base.stormdata/depotcache/d7/5b/d75b736de5cb82e0b465d4e136c52582a96d5d1c3659cb8dcaf024e672442743.s2ml	c6533737efac0060a015d74f50977664	170
mods/core.stormmod/base.stormdata/depotcache/d7/ec/d7ec762c98dc0bc291f4df581c82573360bf94c987a5e21a0bff645c573a314d.s2ma	d8c35277a24ec4692d4736eca4b31b29	129568
mods/core.stormmod/base.stormdata/depotcache/d8/45/d8456b336de226ea41b543a4cdef5974fe5e0512e5e2e9cdc6f4b59ef0041f58.s2ml	52cb3a107ad78c703d3c56ccd0c34288	1624
mods/core.stormmod/base.stormdata/depotcache/d8/6b/d86b9543cdb36ecf0773b1cd2b14bc87685c923c8ca1277af431c226e7d7663f.s2ml	e7172d131d52066f0797ed59890a4077	2829
mods/core.stormmod/base.stormdata/depotcache/d8/6f/d86fd8afa4d523d701a5fe29d9af156f85726c67dd20287e3d230fce6c49484f.s2ml	1f22a3b72b6bba936b9b2506b1467e2d	182
mods/core.stormmod/base.stormdata/depotcache/d8/cd/d8cd4ba5c15ae9a6d84930ff1e4be7d574cfcf1f0307d0231c7e11c59f36b7fe.s2ml	d66187181adb72d38bb9dafc9da753bb	2934
mods/core.stormmod/base.stormdata/depotcache/d8/d9/d8d929f242b67c388eeb6be7c0e9ee4edc8966d91a57d803a20dcf5a15b8a688.s2ml	4989c883a0aa9e1a59b23d51e8bfd5b4	164
mods/core.stormmod/base.stormdata/depotcache/d9/11/d9119a9ec7cf6bea6ad0e6eeb72269b99ac7c5c42419053f825354b7250a322f.s2ml	6575767981a309ce9bd15a0b9f1c7969	226
mods/core.stormmod/base.stormdata/depotcache/d9/40/d94099f2ed3556ce8e890aed9193e3d16730fcb6b17b45df9c8cb5c6cf936a5d.s2ml	59f7da24365ef4427ad374b8aa62b017	511
mods/core.stormmod/base.stormdata/depotcache/d9/4f/d94fefccc15a7fc7a1682c8b78bc7c4fa23c48562bdfb296c7841bf73273a8d9.s2ml	6e8ddd2de90f54f904c699abdca752b8	187
mods/core.stormmod/base.stormdata/depotcache/d9/50/d950dab2c0b38ba410d896ad3bae7a598c3d0595b0896fbdaec1ad1402677c20.s2ml	e093cec841b1d16650c8018f5815c5f3	1726
mods/core.stormmod/base.stormdata/depotcache/d9/52/d952569f975d31a83e9d12d6b488589044e325ba92871aef62e104ed1859202e.s2ma	6f4f3d99c03be707744f0a1f474ff577	1013835
mods/core.stormmod/base.stormdata/depotcache/d9/80/d980e970f5d0e8101ce375158b92d2ada98c0a72f9e2545963f61c4a753aef1d.s2ml	15486854d11e5cb0fbad11508130e23a	838
mods/core.stormmod/base.stormdata/depotcache/d9/ba/d9ba04448a16e5d4b5af08c23a6a2d30fa8601989933f04101e5b902fbec2705.s2mv	8caf727942ab0494f5c00d99a6a6c5a1	99248
mods/core.stormmod/base.stormdata/depotcache/d9/d7/d9d79dfee6818eff9bc94e81c2fd60783c959ddc7b32cb0223ab532da85c95b3.s2ml	8cdc25a22b033c9c60dcd2a7f9831dfd	281
mods/core.stormmod/base.stormdata/depotcache/da/07/da07efa38d8b7c82906d86624d15c8998b1e9002b0465b7dd2ee95ffb66d5cd5.s2ml	6b144a4c5df82dfa3daa9824863c38d9	16577
mods/core.stormmod/base.stormdata/depotcache/da/23/da23b875510031ebc73ad7b85d541c6ce626bd589200a880f4140382dede526d.s2ml	66b98406e37c3795a86ce2f0994425bc	298
mods/core.stormmod/base.stormdata/depotcache/da/75/da756d79f990a580997c6d83bb9993e3cddd62f441f6383f27eda15954b90a0d.s2mv	e0894f92ee8035f539d5f50c4a4f83a3	1036928
mods/core.stormmod/base.stormdata/depotcache/da/91/da9163bc2a5edaea942adb2b796e2a697ab555e23a8d2866af338b9a4d7092ad.s2ml	c10e9f17c148d166de92af2d7ccf040a	174
mods/core.stormmod/base.stormdata/depotcache/da/94/da94b058586a27db6e6c35156aa7ad95d31d47e37359e704b29cea1a653e0177.s2mv	d4a9ae375c943b1402c82e2783813fd0	2073728
mods/core.stormmod/base.stormdata/depotcache/da/a7/daa7285ea7590a3ebcfc90920bc99e82b4a18c5f886d7e44badb3caa4378ebc3.s2ml	8372cf917ee6ca6ac7c9eace71502e33	129
mods/core.stormmod/base.stormdata/depotcache/da/bc/dabc5218377f53dbaf9589ce1c0fde74857f7c88eab5464e1d867c3176c4db37.s2ml	f3ba76682ff1cddd24e6ec565672e934	611
mods/core.stormmod/base.stormdata/depotcache/da/d2/dad2005309ad4e5b18f5652b2a2df7924c57382476330d2ceb9e38b76c3cd394.s2ml	e74bec186400e2f9ebb4bd1fea4faed3	184
mods/core.stormmod/base.stormdata/depotcache/da/d7/dad78d559ce9e071282b02f838d3bc9d8f19bd5724d4d813fe8802c486b8f7e5.s2mv	637b7909f6baf90a47602d668834f254	1850
mods/core.stormmod/base.stormdata/depotcache/da/fc/dafcb10f13aff9711267addeddbbbdd75043da5f6c48ce704af3ee7f6a3891b9.s2ml	0cf3eaf718c84bc39cdcf687f6fcbc02	390
mods/core.stormmod/base.stormdata/depotcache/da/fc/dafcdec526d4dc5f17a67d4212c8973f151782822916669f7cc73384a886ab02.s2ml	4c73ec9f2af4240ad7e256b9d69eca7f	171
mods/core.stormmod/base.stormdata/depotcache/db/54/db54757f70d63db2cddd730bc2b58b347fa64727127e53dc1e6af92c7f12d44a.s2mv	9c3fbd1820188b240a0dbf5699f45cc9	4174
mods/core.stormmod/base.stormdata/depotcache/db/98/db984522f5f19799ec97a765aee52d7b4550f08faf1b8f340e217e891fd67225.s2ml	9a08a6d4a77e7b677ae2ba237a3c39ae	47484
mods/core.stormmod/base.stormdata/depotcache/db/b4/dbb40732dd89d4e2de9a5e8ee56f499a4dafc18346bdac5303b92deeb64452c8.s2ml	4d8d85532fd9bf75acd4f4a6dba8a08b	861
mods/core.stormmod/base.stormdata/depotcache/db/e6/dbe624d6741e17efc31bc53a31b2f970cb957bb99788eada3ce341a195b794dc.s2ml	89e24404fddf386221b1c995523b2a09	351
mods/core.stormmod/base.stormdata/depotcache/db/eb/dbeb743c6cb40eb9d705fb500276877bb395bc3c3b696d5245e323b58b5c9fc3.s2ml	05d81be5a0f50d0d6d050b3c6f986eee	13135
mods/core.stormmod/base.stormdata/depotcache/dc/05/dc05cc5272ce7e755cc05baa477ad133b99529764e9e2f9a80ed9ffe42cf8496.s2ml	8e3e915626b504fcfc769a2c35a28691	171
mods/core.stormmod/base.stormdata/depotcache/dc/59/dc591914c4babfd638ff7f1f0c6ffbb5d1a8eab1f4babce686d12f2c05237ee5.s2ml	028b7225b6a4e023bbc798b73a1b10ff	44321
mods/core.stormmod/base.stormdata/depotcache/dc/72/dc7210a34a7c323bd6379851378d3fd874bdda28f8beeb1f8e7515dd06a5db74.s2ma	3bddc6ed43f9a45ff6999cf85e362200	12659
mods/core.stormmod/base.stormdata/depotcache/dc/84/dc84c7a3ce65d52f1768905bc95c7c4c06b89ed8a9699333340f36f23c4f9584.s2mv	8c7a7ca91f39c0def1c01ca5503b02d2	799052
mods/core.stormmod/base.stormdata/depotcache/dc/85/dc854e25cb95c367028056cea60b05d07ec8467cfd7e4407bafffb2d0a20ae3e.s2ml	739da41e520e5513da12b4cd872a096a	17060
mods/core.stormmod/base.stormdata/depotcache/dc/ea/dceac2f7a808a4e28ba97ff266eaa1cf493d65f5340d49f4d6ff3864017c3f8f.s2ml	73aba0d839df8ee3671926c82c821d17	167
mods/core.stormmod/base.stormdata/depotcache/dd/10/dd10653634ccdb67adaed488939223381f8c82bbfedde5425b6314d3b18361ac.s2ml	cea3ee90168671bd037f337e0d57e704	824
mods/core.stormmod/base.stormdata/depotcache/dd/19/dd19e09ae95ed2648770339e60f7a6147a4dd23d3eac711fded74ddf859c4e92.s2ml	b4e85d016c42ea0d33b3c8c1c7286a65	168
mods/core.stormmod/base.stormdata/depotcache/dd/34/dd341c59cc0f9ff3d1bb18583e6d498e15da61a32f802727ab2e8fe3a16b24a5.s2ml	5d01134140484417e492152240acfaa0	184
mods/core.stormmod/base.stormdata/depotcache/dd/68/dd6881bb8498198caa0420882c579b8b468b7cfb69faccf63d4bcb57af7a7ef0.s2ml	0a64aaf951069f696c30e5ecfa9b6da7	218
mods/core.stormmod/base.stormdata/depotcache/dd/75/dd75887e07a4637f7a0fe4e784e94133f05ff6ef0da552f94ad599d1655d3c6d.s2ml	0b20132c518f2c74599e350b69fcba3f	296
mods/core.stormmod/base.stormdata/depotcache/dd/78/dd78cdc349386e3f3565de207fcefe3e7a4bf38c03f15acc103bea84113196fc.s2ml	0a46f4afd81663c8a96f9867b0b2f294	1354
mods/core.stormmod/base.stormdata/depotcache/dd/a8/dda84a0df1032a588017ed2182fb51332348f715b838c399af8ffb176cab213f.s2ml	40ed0415d1c9a48cf577c6f2bd8865c4	158
mods/core.stormmod/base.stormdata/depotcache/dd/b1/ddb18dc612d002264aab60b65f8272e69100bb07d4d4ec8fbe641bf838cae467.s2mv	b2bb187fdd59c403fef12aa2b7cc39a8	164
mods/core.stormmod/base.stormdata/depotcache/dd/ea/ddeae77c1e20c689fd47f1572ac9cf4cdcf903bbf739bcc303785bbc9c1167f0.s2ml	4fe0f44c5ae3377935b76de13e7fd2f9	308
mods/core.stormmod/base.stormdata/depotcache/dd/f7/ddf7bd62b597a10bdec96121e5d86f72a163831171738f0dac489025b660c659.s2ml	2aac797e527d22bec740b5d57cd5f056	666
mods/core.stormmod/base.stormdata/depotcache/de/7b/de7bb0d7006fdd55a5835ddfaa2927e966d78ebd0799a197a2ab41a3d3f5d102.s2ml	df1a87119c006067bffbe72b798f341b	446
mods/core.stormmod/base.stormdata/depotcache/de/a0/dea031d9e7e22bb72133254b9aee488bfa25179db52979dbc51506615a76f385.s2ml	6a6edfecf150cbbe5ef6e4f07df1a829	143
mods/core.stormmod/base.stormdata/depotcache/de/ce/dece753e1c620e4738422611f48e4612ca2b66cd535d92afc8884c5a3714a295.s2ml	bf9d83b6c28143924f84804ac68c840f	169
mods/core.stormmod/base.stormdata/depotcache/df/34/df3479a1ab7fdbd6b771a4f861096be19f2de1b03fa1c19a612efe5524c299d9.s2ml	7f88074a4398a5b9abbf93d5e3ef8a04	38614
mods/core.stormmod/base.stormdata/depotcache/df/60/df605e4689b350541e9340f5e0983ce133f1a67ca6ef8f42cc9c36a6101b6d17.s2ml	1377a2504e83e235125941fc4f43a100	220
mods/core.stormmod/base.stormdata/depotcache/df/69/df690092ce7ebad21fed510d5539b9cac23121004ee429007e0f46e50f9f3bfe.s2ml	bcfbe79358ff380009a6c12d56385b58	1291
mods/core.stormmod/base.stormdata/depotcache/df/87/df87a64d950c1f9fc9448553feec6c4237ea534ac41474a5a8ba0d81f591200d.s2ml	d6ced8ebe4b46d281b4a2c0456faa306	155
mods/core.stormmod/base.stormdata/depotcache/df/ac/dfacf8688a4e15f92a151e61ca4b94dc4a20dc50e587e26fd57449be680d3917.s2ml	db33fb83b98898126915f317b156a5e2	200
mods/core.stormmod/base.stormdata/depotcache/df/bc/dfbcc0a17078220282a8e772bb8e66006406be4f873d383ff115fbf1abcc13c8.s2mv	93cc021f968ede97e5e2ebe134bf836b	16428
mods/core.stormmod/base.stormdata/depotcache/df/c6/dfc65f40e0b5bb9b1c290af12c0e874b804cda62017296617d284607bce931a4.s2ml	b8d8477b63c9bd4f6232f4cfbb7524a8	122
mods/core.stormmod/base.stormdata/depotcache/e0/06/e00681076f467055be4f373a4fee082650b2efa878bf6a8500712a6803247cd8.s2ml	708bbde990ebe018c036a6567732e1bb	244
mods/core.stormmod/base.stormdata/depotcache/e0/20/e02052a96d02828fd3c4f6a6e63ce24c3ef72269b5a151c1bdba2332f7bda9c6.s2ml	af19bd78d91004e34566bd8e4465207c	179
mods/core.stormmod/base.stormdata/depotcache/e0/42/e0427185953d79e23f83d8b233b90f6a8de54d7c67c61674e436ceb14d6299db.s2ma	04c0cab0959bc8f361d66fc249385a22	7470
mods/core.stormmod/base.stormdata/depotcache/e0/4e/e04e7a22ce350d9a8aaf29bda8dfa9fefb4aaa073d66fa9dcc3d8b5fec838bf9.s2mv	10fe12bfedecf988a9dbc622911b928e	3135
mods/core.stormmod/base.stormdata/depotcache/e0/70/e0707d853e3a3159831845f5620a8bea38a47f0bae232a1cf4067703830a1f3e.s2ml	cc36ba78d95301d9d9a58bc3b3e0408a	359
mods/core.stormmod/base.stormdata/depotcache/e0/a4/e0a41934ace37dcbc30a423e43a31d318b19a70bf3e3d1b712ca332e6da6800e.s2ml	57d9d56b862af63db3004761b15c6c38	7437
mods/core.stormmod/base.stormdata/depotcache/e0/bb/e0bbe6300b99957ec7cedf9e8a477ef007a1ec4740e1f442900a4ec3e501049d.s2ml	91768b9a18ad691c64ce6fed81e03480	9278
mods/core.stormmod/base.stormdata/depotcache/e0/e7/e0e7eb40a3ab908d353f77a5c0ea5211d1ff67d19dfdf7bc0cd2e993b7a83011.s2ml	f3472eeff6bfd612392ee48a441a8216	31878
mods/core.stormmod/base.stormdata/depotcache/e0/ef/e0ef089dc0e78ec6298fa524dedceb56873aded6eac0a47aed965e6af4793951.s2ml	bf72e9e5ddf52ae6dfe7bc7941a5c63d	861
mods/core.stormmod/base.stormdata/depotcache/e1/27/e127da10edb7cc1df4d7e40ce89dca1ac0d5d09bce69a97b6e9ac620542f2fe6.s2ml	ce177831366a9423d49940ee2d869d2c	1446
mods/core.stormmod/base.stormdata/depotcache/e1/2a/e12a6af06a3038dd23aa47c4d794b587e487308d8d0fcfc7a9e1b7e3403458fa.s2ml	d23ae92246b92942b2691cfbec93fbcb	29396
mods/core.stormmod/base.stormdata/depotcache/e1/2b/e12b79c649bb68c017aca8194c19926345f04ca9400731a921602321140238f3.s2ml	f51fa5ae2932977e4d2c065e02eb94fd	165
mods/core.stormmod/base.stormdata/depotcache/e1/34/e1348bec5914085be9d5a3cfcd58affa965f09b57707d37f2de73e55c02433ad.s2mv	161818c65cb2017171d04b3d885a7749	16428
mods/core.stormmod/base.stormdata/depotcache/e1/58/e158870d6953d78874508fc9d3d4759900598aec967ed5cec637692a3171d121.s2ml	ae2777f5d0b4761505732119455c425c	146
mods/core.stormmod/base.stormdata/depotcache/e1/7d/e17d5a8557ee997f7a7b4c1a646ec56f7438d06ac6c7d16c53d6f8bb8e368aa0.s2ml	2d209e9bdef97e11378708b1de23c599	4970
mods/core.stormmod/base.stormdata/depotcache/e1/83/e18358af01ff8fac108e088aebd557a31438602803f6b4316fa92334a24e30f8.s2ml	5549edef5e61bb4ed33f7eac5b8dda41	1267
mods/core.stormmod/base.stormdata/depotcache/e1/97/e197a305c47247d8083524fcdcc2228c516ca61287f492307e57463ea0f267a7.s2ml	08ca21a862375da60065b6b16826e567	456
mods/core.stormmod/base.stormdata/depotcache/e1/d9/e1d97e855c8c0abc192f102b37e24a671a2d58bb934474dd4fb105047798cda8.s2ml	f161607bb438d3bf846ac3b2b6b87990	188
mods/core.stormmod/base.stormdata/depotcache/e1/fc/e1fc4a52bd5d4ad19a6b9b56c2a66cb76ee6ab3ddd911279a44e003b09958cb7.s2ml	d833022cc34f6403852974b13d8b71b0	5056
mods/core.stormmod/base.stormdata/depotcache/e2/21/e221aa3ae09142c8a11ba20dcb81370612879cca2ab51d9670ae7c9cc3c11e9f.s2ml	d466bbe3ad660bd53921b18a09450635	659
mods/core.stormmod/base.stormdata/depotcache/e2/22/e2225b0bf25e5de73502bf154cfbf361a36a64c59b6026ad5660114f4f76937f.s2ml	a1c9198686920c414490acad998a2dda	146
mods/core.stormmod/base.stormdata/depotcache/e2/23/e223613c95ffff0bef0dc572d73d2c3b6a8c2b2fa4de2761c93fa946f3a314ae.s2ml	9c5d5284df327f671ce3a48ba10f4eef	10257
mods/core.stormmod/base.stormdata/depotcache/e2/40/e2404feca13547968911560b9f2c72e65efd4d9f0fc4f62e900dc7048cabb041.s2ml	1406394fac4c58cf552fd2d8982ecc56	195
mods/core.stormmod/base.stormdata/depotcache/e2/e5/e2e5aece28c5acf33cec9c6c4896c241cdb5d5a2ffbbb517601d47e6c93469ee.s2ma	891e8b5a5d1283dcc5129c07fb2957f9	536435
mods/core.stormmod/base.stormdata/depotcache/e2/ed/e2edd239e217d219d2d24a209763b2d26e7ac164426bd4aadd4ea48aa1d63589.s2ml	24d78ea7cc7bf3e16891cdec73ee3ef7	381
mods/core.stormmod/base.stormdata/depotcache/e3/09/e3093d9246845a084b5955eabd7c8ec3cdd1ad773b92758bd823e87fcf1a37f5.s2ml	bded205e0d077509d682ba852fdf67ca	44486
mods/core.stormmod/base.stormdata/depotcache/e3/18/e318111efb6a38d0b5cac6b67e9c4880ffe1a7b1614a0a8681ba427c0f1acea1.s2ml	c5883a227419ff69091fcb87abccf0bd	1610
mods/core.stormmod/base.stormdata/depotcache/e3/26/e326a777d76feb6288cfae1fe7b703d3ef275a7ce96edfa98f219229bea7acf5.s2ml	b8806fab1ae2f401858de10bbf4389ed	2454
mods/core.stormmod/base.stormdata/depotcache/e3/43/e343a79fc78bc4e72ad237fedd677ceab769eaa7daf6a1e71bf476dff1e7444b.s2ml	ef69973b87207ddc26d650d4ec736a24	1969
mods/core.stormmod/base.stormdata/depotcache/e3/4f/e34f754573c4e05cdc0ace580e6286675b5bd5e635b994195701b2b3f1be637a.s2ml	59b7f7e9732545b49abd68db0a9994e0	12676
mods/core.stormmod/base.stormdata/depotcache/e3/5a/e35af3f5539f13a36a28fba5eea88f8acacc7612bd6f1cbda1fa9e0ebcb0f2d4.s2ml	0456dc72b99f0632ae46019970b2fe02	140
mods/core.stormmod/base.stormdata/depotcache/e3/64/e3648b90fa92d4e6879ec22a8cb0c4e27ea02c692526632d8af12c8e3dda026b.s2ma	feee4ff4948048eddd2f3d8468b676ce	448625
mods/core.stormmod/base.stormdata/depotcache/e3/6f/e36f2c2d9b9705c56261c8746cb5b5fa4f385ee75e9c89dfddc01a2b114807cb.s2ml	d0c680e6ee89ffa3ab503abb9f853d76	376
mods/core.stormmod/base.stormdata/depotcache/e3/9f/e39f1ecc52bd579fc8b6cd0c9c420a42068af0db44db8c4b2737a45597cd0620.s2ml	04de139f1fc72c73d20d41941d2e0f19	7654
mods/core.stormmod/base.stormdata/depotcache/e3/f2/e3f2f0bb2ffc42a8ad20b54e662e92b842c5542ffe44abe34f32df7c20c16178.s2ml	8048a2e76fe882b7bd08dddd211629d2	1259
mods/core.stormmod/base.stormdata/depotcache/e4/00/e4007fad055b09194d3a5bed64d36479365bb417ea40a8668489c46b8e57adbd.s2ml	672d36ca0e28eaaebcaaf45a24b19d99	1085
mods/core.stormmod/base.stormdata/depotcache/e4/24/e4249f69baabea612b952f5f3e9555578ba8e16e7d10228e6caf6a3b91090812.s2ml	b1a0a76a57dff95fa1aed9debb3a46d2	173
mods/core.stormmod/base.stormdata/depotcache/e4/54/e4540b1f8c7ecadd2de95d3d04a53c7da3a013abe89ce71884e299015a1a390d.s2ml	573cd5dc6e443caa94d521f28fab47ad	160
mods/core.stormmod/base.stormdata/depotcache/e4/65/e4657ee035142cb8fec404ac86dc55737728e269167d09f1c36ba1c0b3d481e5.s2ml	3dd17d56cb42c097366f17297c8349a4	5016
mods/core.stormmod/base.stormdata/depotcache/e4/80/e4805743bf3dc4d1a1910a23839751c8ab348e8a808bbe256d42635f66f446da.s2ml	f0bd34d628cb9fea8da8f488a3e8e065	324
mods/core.stormmod/base.stormdata/depotcache/e4/b1/e4b1c0decfefdc8dbe31c93a7ea41e8d319dfc38a284af188e9d4c053a204686.s2ml	7e4ffd3a7e9bd51efc0cb03f0e1cc08a	385
mods/core.stormmod/base.stormdata/depotcache/e5/08/e5086e18a28f1e046e065709450fe45d4d8531bcc414174b2cc095a6753f2a1e.s2ml	b028b89377cc4d4b017f9f3c3917d32d	706
mods/core.stormmod/base.stormdata/depotcache/e5/08/e508d477859fda1b3b37beaf1db42ab891509c233698305f80f503f69ae38607.s2ma	021ca5bfaef7b3df610842a4987ec0a8	31
mods/core.stormmod/base.stormdata/depotcache/e5/21/e521bda4e3ba3487d33a084bc0a6a516d2fa751572a526481b75062f472142d8.s2ml	fdf953e23fc24aa930271fd094685cf7	184
mods/core.stormmod/base.stormdata/depotcache/e5/4f/e54f2dfe617f56b1b7d9dd1a051a4ffed6a994988916bf5057af85efc15cb014.s2ml	a49079ced398d35972630d234676fe1c	234
mods/core.stormmod/base.stormdata/depotcache/e5/5f/e55f11e6736550ff9468f5965b14e8c583fbf41b05753a68b4278c1642047617.s2ml	cd8bd9ea2d874a4d08561f630424e488	167
mods/core.stormmod/base.stormdata/depotcache/e5/87/e587c18c38f5a8ad88e6b7b4076a6f65e11f2d631d139ccabc0eb7a075941058.s2ml	80ff9230cb075e659b8ecb37fa9270d7	513
mods/core.stormmod/base.stormdata/depotcache/e5/8f/e58facbd426fc8ee43a7f68c447f9595d2c1e4353cadafe35e11803338ebb594.s2ml	4e278e20d7a8527b3c5d0c5f7e414d4b	1643
mods/core.stormmod/base.stormdata/depotcache/e5/a5/e5a5f8d8022ee3b64a5bd3809b04fa9d9493c12cb6fc84d2187c02bc2791d1b6.s2ml	ed9fd99f2a296d1a3114e019d0b9d840	1084
mods/core.stormmod/base.stormdata/depotcache/e5/a6/e5a6fb9f23b5ca67f419b8a4b7c23580457734caead701b9abd2323d2520a054.s2ml	1f9569fa96077012c9144db4336e5470	158
mods/core.stormmod/base.stormdata/depotcache/e5/c4/e5c45f4f35dfd6af094e2198d50ec5168ddbaf52e3d155fc35b441b0503fa243.s2ml	82de22b3160a7db49f95f3a41e3c2f35	178
mods/core.stormmod/base.stormdata/depotcache/e5/dc/e5dc54cbbd3fc222224346078d831ee9d71ff899d9dd232e5ffd5ea13bab3277.s2ml	9c3b1da75506dacb81d0f41d662ae013	275
mods/core.stormmod/base.stormdata/depotcache/e6/01/e601804dc60e25bc64d18a242ee493b49bda2ff9c354a393de330d3e236ba0dc.s2ml	261838b7d8ad488bb57af021f5ccaa66	221
mods/core.stormmod/base.stormdata/depotcache/e6/ae/e6aeeee91e8561718b9d2011374cea6e58e159538495078e288b93e3d924135f.s2ma	3d6f52af29180a48119698efc1c74991	31
mods/core.stormmod/base.stormdata/depotcache/e6/f2/e6f2d2eb4127b2852a949781047f21f7cd18d93a6b9afbb2ab8ed3c688744f78.s2ml	1955663f774ed9ac142d523fe8f73c98	215
mods/core.stormmod/base.stormdata/depotcache/e7/16/e716e584a455d5d2eb9a35e0cce739a3feab892c4e059583bdbc78e3806551b5.s2ml	62f60009b90a9fc6631bb476a3dc4c02	797
mods/core.stormmod/base.stormdata/depotcache/e7/1c/e71ce054b31548a92ca5aac73c94d1fc1a9905d518b379b5da4c7f10ede6fd31.s2ma	096076b7b606483693ffc83a1641d291	242767
mods/core.stormmod/base.stormdata/depotcache/e7/2a/e72ab97a719c7c88ebf30ed37f38b5955472c191476f8d5db6cb59b3ba7d9bd7.s2ml	0e15f0432936da4e7b8e0d114f071117	169
mods/core.stormmod/base.stormdata/depotcache/e7/47/e7479fba9a12c36d74d51de2bfb023eac9bade8e91e499aeff7901a7bd057f2e.s2ml	70b912f2121c5bf56fb753a6637b1b33	179
mods/core.stormmod/base.stormdata/depotcache/e7/52/e75218671612be45a492a44e4468c91f7c281565a48d6dfb8c69d916d2aa2fb3.s2mv	7e80c26c730677d795242b33d8c25743	21755
mods/core.stormmod/base.stormdata/depotcache/e7/af/e7af6b4da1b2f0f4eafda89f9c74fb89cdb51e9edca1086c9ca7a5be49c17ae6.s2ml	d264d8cc276118aa19143b127e18eceb	131
mods/core.stormmod/base.stormdata/depotcache/e7/f7/e7f7c95a772e84a4134aaba618acc50ae1939497105c28502b074c53d0511c44.s2ml	3b54e3adfdad7c6445bc086e3494b3b3	161
mods/core.stormmod/base.stormdata/depotcache/e8/17/e8175cc8eab4f40bdfe6c80d3713c5e3a8cd8652e76620d9a77c6741852e9fac.s2ml	3b62f4f509973cf94f5023a2fa1ed24a	1781
mods/core.stormmod/base.stormdata/depotcache/e8/38/e8384d2183e92d7e2f0eb83b84f82ff2d0a4552f933b8472467b58ed501a53c3.s2ma	0a812886eeeb1d5db56e7403ae18e27e	31
mods/core.stormmod/base.stormdata/depotcache/e8/4d/e84d95a090b6da5c9092626a83f0328a476c5bbd300612caa43bfd7e4050f33d.s2ml	8eb870f07dee564cceb3a75d950deba7	190
mods/core.stormmod/base.stormdata/depotcache/e8/99/e8997028a5e519b71e1a29a391c144a7e8b2b8c246d16d9c35030bc7bec28e81.s2ml	109367ca9d35869ed1452d81c9d76a89	365
mods/core.stormmod/base.stormdata/depotcache/e8/cf/e8cf5edd6a9aeab0c5a8069b766d11fdc95b569221a990b564222c0967b9cc0a.s2mv	22589dddee5c1cc67faae2490030452f	27313
mods/core.stormmod/base.stormdata/depotcache/e9/25/e9250af689eb1277d3042d530535567e71a8d177b2060391eb7b276e787c01f7.s2ml	9d626a2b023d7dbb1e022c631d553bc0	171
mods/core.stormmod/base.stormdata/depotcache/e9/2e/e92e8910ea80978583cb2fa2cb7683e502e57521367fbd38245c2e2a644e3466.s2ml	0985424cd1acacaaaed099cb3d459380	163
mods/core.stormmod/base.stormdata/depotcache/e9/97/e997fb2750ac737eda5995bf24f26a5a0f98dfe0a2a367ebabdd050d1d340a83.s2ml	0df25a8fb1bc6cde8bd088434e139c7f	306
mods/core.stormmod/base.stormdata/depotcache/e9/ad/e9ad8d309ad6b26fca802f1cb4a4a4e1f183fa7470a0b0048abd14fa074f66cd.s2mv	485e19351d44912e2e1f08cdd34d95d3	99248
mods/core.stormmod/base.stormdata/depotcache/e9/cf/e9cfa3655fa1bab50a9479bb9cb07cc069ce1763229f79100caf99cf88cc2ce2.s2ml	d536fc887ac8ec5a4070a21d535f051a	405
mods/core.stormmod/base.stormdata/depotcache/e9/e3/e9e3b11fd690613eb5486b3d05c4100f836a999f06f629a67f921740bde3aef9.s2ml	c2f0c00e10cc6551627894dfc8094da8	1009
mods/core.stormmod/base.stormdata/depotcache/e9/e8/e9e8f5ae05bf84744223243a94773904cb3310c7038cab6637d607803e82d4a1.s2mv	d3cdd7e1c94ff6416c42a23f16829982	25919
mods/core.stormmod/base.stormdata/depotcache/e9/ea/e9ead436104dd9978a1a1edae3737758d50e2f5d0e11308938b888acf6bfbb0d.s2ml	961f57ede01f6162e08b2c60460863c8	168
mods/core.stormmod/base.stormdata/depotcache/ea/14/ea1442e71d763e06f37f7dc3430bebfc19cab3d3580223540c0ed81c1e41dcb1.s2mv	58953a68bfde60c85654cd24707ec89f	2073728
mods/core.stormmod/base.stormdata/depotcache/ea/14/ea14dac099cb14216b8e9b2c97c463214f2dab3eae0ca8fb1806fb03d3349fdb.s2mv	663def65f619956178c414c84b9e4443	5655
mods/core.stormmod/base.stormdata/depotcache/ea/41/ea41ea9318c092f36960e929a1dcb4b7d396c0c99fc6209830cd9ca78b10b805.s2ml	71e0ffec6ee1595b5fa6b6cbf01b147f	1271
mods/core.stormmod/base.stormdata/depotcache/ea/46/ea46ff22f93e56c7ea346055b1daca953569b716744cf11fb8f1c948f6ac3052.s2ml	06ad94f6592cbd6450b8e6a33f4bbc5a	282
mods/core.stormmod/base.stormdata/depotcache/ea/72/ea728f8f29480c0e67fd31f2bd874a650d7f90c3528c18b3a970225be384b721.s2mv	afef15281ee62e50e3dfa84ddcb954c7	16428
mods/core.stormmod/base.stormdata/depotcache/ea/82/ea82a6e257dd2a5531aacb1043c3f18b76b8d1ca572a74e5f016828d59e0726d.s2ml	9afad677ef2e0306a6f960a94c4ee418	152
mods/core.stormmod/base.stormdata/depotcache/ea/98/ea980ca1efbb0decfcfc4611c0b8a9c91ea9b2cefb389738bb80b27cbb60cc45.s2ml	74b65fd8f6a9740bc8c4c1deee70721a	170
mods/core.stormmod/base.stormdata/depotcache/ea/e1/eae1c1c78d28147698b9fadd3e316fdc19008ffcaba1a0183628fb3177147bab.s2ma	c80ce73d398f9825ecf2e2220a0c0bf3	201583
mods/core.stormmod/base.stormdata/depotcache/ea/f6/eaf641ecb3857df3e40e2a5b9616425ed3361fdbaa92854fe6dba2fa1ce30aaa.s2ml	bb92cf2a1782117a9d1e64898254d67f	16172
mods/core.stormmod/base.stormdata/depotcache/eb/0f/eb0f9b1deee8ee6de8d79e25f5f6d52a9661a199f2fbcedcceec2e0e1f9e24c3.s2ml	c4253573e64187162b1f5489bb097fca	236
mods/core.stormmod/base.stormdata/depotcache/eb/12/eb12fdc900385fcd5e372c47c43e3964a2a628bb564f1d8847606f7ca2d456dc.s2ml	dc142aa4ed0b9836001a5aa14b9c32df	6952
mods/core.stormmod/base.stormdata/depotcache/eb/16/eb16c8487bde008e8665da2b2e0a8192ef0dd27e2f89fce2470b12cc68ab2b6f.s2ml	17abfecaa72420af336b830369f4e59f	1828
mods/core.stormmod/base.stormdata/depotcache/eb/1c/eb1c5854036e3fcd2af7ef3240f6c59061449bd01daccf9034f542aeff17c395.s2ma	c3000ad54e9ff3eb0e43d3355498a94c	331629
mods/core.stormmod/base.stormdata/depotcache/eb/1c/eb1c8da99062607506ad2cb1219cae3de1bc8bd9f82c6184719b04a9d4e6bf4d.s2ml	50b7e394ac2e8149919c552b6f19cae8	346
mods/core.stormmod/base.stormdata/depotcache/eb/36/eb3677b62dfea6c8e2144613c305d95f8abec0b694395c8e31e8fe4095a0844a.s2ml	b47f6be8960115b468496ce13c252cf3	176
mods/core.stormmod/base.stormdata/depotcache/eb/3d/eb3d53385c9a22cf57abae84d118c9985bdec26143fc9f4ed101fe9388b56456.s2ml	b434cc953d05466a880f43a214bfd9a9	160
mods/core.stormmod/base.stormdata/depotcache/eb/42/eb42d48b5808e8717d7807fa360262abd1548b7bc16e4f997c789cbc7c517c98.s2ml	5491188cb129b426e46b464923b4b54a	190
mods/core.stormmod/base.stormdata/depotcache/eb/52/eb523bc3f8c0c32b95232961ad623dfda7dc31895dff50965d30e8e56f06edcd.s2ml	1098ee1c6822b349900004f244250351	136
mods/core.stormmod/base.stormdata/depotcache/eb/75/eb7599853da27a05d108f84857701414773b9d67a8c3031ee9ff89d85d2cb56a.s2mv	f471f568fd3ed3e07bb4d146eb2e1b1e	3310
mods/core.stormmod/base.stormdata/depotcache/eb/89/eb893d39e0ef05c6219a12b1a31c904a7e79be5b232e88207cc0a35c0f9d0f15.s2ma	18fab0580133ea0577e99b66cab33919	8533
mods/core.stormmod/base.stormdata/depotcache/eb/f4/ebf48411c7fcc04d277f2bc0e0fc5f5469477ee3c4189a66399f6753cc569c1e.s2ml	16df2a8b0e611d2c8b771f71d478e21e	590
mods/core.stormmod/base.stormdata/depotcache/ec/88/ec88e430d92c3868b87f9d8b02edb13b0447f751d888b3d7788ed57b183c5eb8.s2ml	b5b93d70a7a0d3ae9f3128e163ccefdf	173
mods/core.stormmod/base.stormdata/depotcache/ec/c6/ecc63185c04308e6acb712254dc8015ebbc0c0032866891b5f8c73d9ea0d4c72.s2ml	ba8d661cd1d1f3a1ee2fce3f0bb75e91	1175
mods/core.stormmod/base.stormdata/depotcache/ec/de/ecde8b4c1ae694d511c3f5d232849ac1a29cf0ce0be54bebb8c785959886c62b.s2ml	874213422a0fa06569ced977baaf767f	175
mods/core.stormmod/base.stormdata/depotcache/ed/2b/ed2bbedbd08832b316eaa4b4981d090fc961f254501387d260a1f739a5d7043b.s2mv	8c2d09d8e16d2529773509b1595f9c21	3222
mods/core.stormmod/base.stormdata/depotcache/ed/a3/eda38e0d2d6da2b750ba21847370b1cd73bc3164e9b441c4260634b0e70157de.s2ma	dc59648cb6abaa13c65595c1fa17742d	31
mods/core.stormmod/base.stormdata/depotcache/ed/ce/edcefa67edee4a4a23179a87aa00b8f6115958ad64212b82f57ee2fd245e79b1.s2ml	785f6473371e5bbd571bac452b4511d9	174
mods/core.stormmod/base.stormdata/depotcache/ed/eb/edeb3fc71c0bd441f468c828c743930b3933b759349de2af1a20c57f9095f78d.s2ml	8b4b54926e552b6581b36c63cdb6f97b	34150
mods/core.stormmod/base.stormdata/depotcache/ed/fc/edfca453841ca2cdeb32b195c01b6260118e3355786f0aa2bcbe22d321fc97e0.s2mv	0a4a333efd24ea0d9eb72e87fa593c7e	29138
mods/core.stormmod/base.stormdata/depotcache/ee/33/ee339f325d1bbaaf358936ea45ae734ae071a72041b391ff2ef3759ae2f59f53.s2ml	c4a190ab8bb5dc0698b677b7082b5f8c	230
mods/core.stormmod/base.stormdata/depotcache/ee/62/ee628b26796cf0663c2544cb0d51cf8469af1ad44856b28d229411085050b38b.s2ml	a219405dc10fc6a76e7f53d6ae4baa55	156
mods/core.stormmod/base.stormdata/depotcache/ee/74/ee74cec6158f03e829d0df9eb014f9f9be96fcb13b3552579d0df327a858a123.s2ml	862cd6c1071d945c3ea4a1c76ee73472	797
mods/core.stormmod/base.stormdata/depotcache/ee/78/ee780b788293375ed38159c398818cb8ec9d29e1491e694462cbaed0df1717be.s2ml	aa23e02c4db10d7183209241cf70c426	411
mods/core.stormmod/base.stormdata/depotcache/ee/78/ee788f5cfa2275139b3196377d8962afaaf8de4b0cc2d44144cdce54429778f4.s2ml	cf9dec44afa8d5acd6f0baa172bf3b2e	1518
mods/core.stormmod/base.stormdata/depotcache/ee/88/ee88eea63faa63d0f50a112a4237858258189ba18921421edbd1b66b9fa78f54.s2ml	2150f3eaa386d2d68bb220de887b7f28	1447
mods/core.stormmod/base.stormdata/depotcache/ee/8a/ee8af7f1b01d1263c10e3ece934b73593a01a6cffe9a1b3a583d786f926250f3.s2ml	cb7909fac4bb404543d22f5839d72052	191
mods/core.stormmod/base.stormdata/depotcache/ee/da/eedaf70931d39c8fd8dac0c152ac0b66da2417f13e4b7418554273ebaffe43d0.s2ml	e60acc8212cfa6c756e26c02d2abb6e6	1251
mods/core.stormmod/base.stormdata/depotcache/ef/14/ef143142a7df12a37b8991aaad3342903628c534211ff6ad85bd4f543c09fa97.s2ml	96d4fb61c70a0087334bf7309d9ff930	1137
mods/core.stormmod/base.stormdata/depotcache/ef/31/ef3187127fdada9bc42780835150c72303e4a8c5bd90ec8e86d643702d17da24.s2ml	74ad4ad65a624b3fc82d3afe0ec234bc	398
mods/core.stormmod/base.stormdata/depotcache/ef/46/ef46a763626e69e9e413b0d190bd3a74351bd1dc1d7df9dc2c316487c1b07057.s2ml	c8b271272ca24f492d13a32a2bff7e59	371
mods/core.stormmod/base.stormdata/depotcache/ef/7e/ef7ec17131acd0a1ffabe210b22c9fb1188aac668ab730a562a496de56fe8bec.s2ml	dd26c3a9da82ea800a9ac2e46e7884c6	134
mods/core.stormmod/base.stormdata/depotcache/ef/82/ef822b457057ecaaf9481b90475bb115fc17a8b637b3db2aba43e0ff4e5dfc4c.s2ma	66da8d622775d00216535fca1d727167	212893
mods/core.stormmod/base.stormdata/depotcache/ef/f7/eff7b6d9d092cd9938257baec812fac8ab7ae3df3e812cc0891ce20eee1063d8.s2ml	037150f7f29a5cc24a9919867d0d05ca	2035
mods/core.stormmod/base.stormdata/depotcache/f0/0f/f00f80c29c981b7e42b1b6ecb8f0287fc25e6054731c9e2445a648928121ef0a.s2ml	4f7bb65da6877c2a4e2f345c8daac4a8	302
mods/core.stormmod/base.stormdata/depotcache/f0/45/f045781b403acdeefb0241ad56fd754d51a12b1f4f23ad1bfe028ae81a8e5512.s2ml	6999b9d6db1ea626b3790d4fcd630753	398
mods/core.stormmod/base.stormdata/depotcache/f0/82/f082fa1ef9e1d6d9787ee362fcbd801fba31e19f9fbbab2be4144c40f3131190.s2ml	64af9f6d3f8d6131da7b6e58d4a37733	378
mods/core.stormmod/base.stormdata/depotcache/f0/97/f0978ccb8c5ada23574595cfc475bac2a878a874fde90f02f2e9a4b2c1a653cf.s2ml	2bb68890392b9e6b911b89eb686f36b7	538
mods/core.stormmod/base.stormdata/depotcache/f0/a1/f0a1a2bdee53d1013aac5e0e36f4a0968465793735dea1b7de1312e44ba5b85b.s2mv	81759b074ee04b58f14cdf9e91b527e3	8294444
mods/core.stormmod/base.stormdata/depotcache/f0/b3/f0b30baaa85c3b9cc078278c7e33b4367446c7ffd03968a712e32d941c41f02f.s2ml	ec4658b61d1e7879e33af8df19bf0ce4	126
mods/core.stormmod/base.stormdata/depotcache/f0/bd/f0bd9ebbbc5ca5a55a8b61c04b6149f2f5e633e4b4053ea2a69cfc2d54bf8364.s2mv	bc251faf70693b3fadde36e243eb0580	5953
mods/core.stormmod/base.stormdata/depotcache/f0/e1/f0e18b52a1f51b24490ed51cd563a39a002eaed49ff54a1419d0ea1af98a83c5.s2ma	adea28e6d6cf220c6c9df634735dcf17	1075102
mods/core.stormmod/base.stormdata/depotcache/f0/e3/f0e3b91f21e93f1d1db5aa026628f4ee1f64cdaed2f2ba26f4cbe5b9d21c434f.s2ml	08cc9d306b3a8a56ea2a6757d901a3f3	1642
mods/core.stormmod/base.stormdata/depotcache/f0/ee/f0eeba79834aa69b14cb43aaa604bc4dafa380ff0b9311e2989b9ae28c15dadc.s2ml	eaecb2ca475e5f08e787ef86afa96bee	755
mods/core.stormmod/base.stormdata/depotcache/f1/57/f157fb9b51beec255ad947c6d6d3de8c63d3852779e4ded84083e3d25c9a00d5.s2ml	2dfcbc4f11d14b6323765ee4a4f1ce3b	43257
mods/core.stormmod/base.stormdata/depotcache/f1/de/f1de375fdb1cc0eae5e0ce956b40472a3826ce57ff88f2e249d62dcdd693894f.s2ma	ecd58403b8a9e98b3c5d1b109857659b	22037
mods/core.stormmod/base.stormdata/depotcache/f1/f2/f1f2f515f38971f9379610be296b507524cfeffda299c4f8957b4b0e99e53341.s2ml	11acb6a68391d05a07e85af205e457a1	179
mods/core.stormmod/base.stormdata/depotcache/f1/fc/f1fc474d5c81aed1e4518d569895b23e95cca3a4383d17aa6893db4fdf88ed7e.s2ml	4a8cc608df40141959adc498f377e170	850
mods/core.stormmod/base.stormdata/depotcache/f2/36/f236f100e0e15c128ecb4ac8d6cb0c79782e1d71a44c1caa74985455869ede69.s2ml	948e55ad9f28bc14765c412788ef395d	725
mods/core.stormmod/base.stormdata/depotcache/f2/40/f2402ec97358e741cab389c4d333e255555cb297670d9cb08cc3c4c0d6952abf.s2ml	f419bf1eb08a4abe54e52933bf1ada9b	1238
mods/core.stormmod/base.stormdata/depotcache/f2/62/f2625d685759db6131c5bdd36a95d2b7b9eab0d49b11912ebb6dcc256c2ee60b.s2ml	3f1373168b9379f4a03d7b67de5343e3	1122
mods/core.stormmod/base.stormdata/depotcache/f2/a4/f2a47089b75a9e4e7322193d3f29b0c6ed1075a84a0dec3820fcbde6fa624327.s2ml	539c3a3a4b143141701d5b8f6034d070	2764
mods/core.stormmod/base.stormdata/depotcache/f2/fd/f2fd1a16172570638c7a79b96cec66c46ac575d9e6c0c8cec50ec6d372b14c42.s2ml	842e85be3fa69d972179ef449c6aaf2e	355
mods/core.stormmod/base.stormdata/depotcache/f3/0c/f30cddc6a7e66034d91c4f7087dac82be890a19b7cb5a48e1d7498977603ce2f.s2ml	dcbb15391f13dda58de43d39fcb80d1b	47510
mods/core.stormmod/base.stormdata/depotcache/f3/4f/f34f340b0141ca5e1e6f03ca7706ea3cac65eee8fca9288356f07a5f2013b6a0.s2ml	e2133273664b064c0e56e4d89c24365f	120
mods/core.stormmod/base.stormdata/depotcache/f3/70/f3703a1fbb46381b5dd11a19bded4be8eefb408b146abbc4a15362b828920540.s2ml	0583403c75a4421abad8b552d4988746	172
mods/core.stormmod/base.stormdata/depotcache/f3/79/f379397ac4702cbf4b962e492323cd386b128d1e6b1319ce9bf6f25a464acdc1.s2mv	de10e616823b207b38c57e5ae1087ea6	2073728
mods/core.stormmod/base.stormdata/depotcache/f3/85/f38572f0c1466bf172ba967c1389d723e5073848ec943e8e3d11c8dc89a94d82.s2ml	1d383651c3af97eef4c74a8b7a47dfe8	1491
mods/core.stormmod/base.stormdata/depotcache/f3/92/f3929bb835e1532929fce5fcce86b32ecd493c930bec26915f8a2171041dd9ad.s2ml	c1c9ebba2ca3471aeba34dcec0683d17	189
mods/core.stormmod/base.stormdata/depotcache/f3/a5/f3a5b0db6e11a8fb6adf1496e82701422b78a17a21d7cef4f2d39e8dd515d517.s2ml	6e9787b07d92d562dfacd6064ec94cdf	1274
mods/core.stormmod/base.stormdata/depotcache/f3/b1/f3b104f821eedfdb6086ae54f8e85ff349b91d12e8307732067d3f2d67d6fd27.s2ma	6ef3007cdc34fda33ab78303f1fdb851	82910
mods/core.stormmod/base.stormdata/depotcache/f3/dc/f3dcadbccbf847e859bcb8f8ce8e538de6bd2aa87bedd3f779df25946db1e2fa.s2ml	a542af6ebcf4f209dcbe2ac16d3e4ebb	519
mods/core.stormmod/base.stormdata/depotcache/f4/25/f425054a2689d60db84e4e30efaea72ffa47f4a3fca30eb278b5d68ed2570a6e.s2ml	b6c79504ec78e7687c52cd095dbb21eb	129
mods/core.stormmod/base.stormdata/depotcache/f4/34/f434807b982af1f2c2cac1c27b85ade00900c14b946b6bfc059259bf9f4b6daa.s2ml	1c2dd333473e0f6a608e38127bff1398	627
mods/core.stormmod/base.stormdata/depotcache/f4/74/f474759f0bb22b119d6a2d7ee7d42b9275bd1657152b7dbb8ecbca51c347e4aa.s2mv	f5ad1e37da8eb002803686d5bd789041	35934
mods/core.stormmod/base.stormdata/depotcache/f4/b2/f4b2bc7e5a0e184bded6c50ca8cd30151c3db74b6d59205613d87c45674e6b38.s2ml	a9ca99a0d3aec9d36646fd8298ad96e8	403
mods/core.stormmod/base.stormdata/depotcache/f4/e8/f4e8ba8f3e859a6672a7d3def366caf8670b1e39d128ad305b3bc85865de82f2.s2ml	89198216a35957c07d90508024ad888f	1320
mods/core.stormmod/base.stormdata/depotcache/f4/fd/f4fdb9978ec300ba9511ed0117c9e1af30e0e16f2af302480fa5a1e9c2b3d1b7.s2ml	eb8a6314c55a3601c7bbf2b43bd56e4d	1129
mods/core.stormmod/base.stormdata/depotcache/f5/19/f5191679da7376c37503a234d687ed6053de672b9e4b4d6f162c2d6eaaf920c1.s2ml	9f99a574fc80004888fe0ff32fca40a0	160
mods/core.stormmod/base.stormdata/depotcache/f5/2e/f52e0407b735fb619ec5052f53a94e5be2bb91106daf6d3a082572ec9e30990f.s2ml	e825ae7aface233aef5bd24dbf5ee30a	1713
mods/core.stormmod/base.stormdata/depotcache/f5/39/f53939d375dd60a562bc09c9ec03b08335985d45ec1c037aea5f70d94ef11ef4.s2ml	8dd887deaf6da4a22a59afb7da70449a	162
mods/core.stormmod/base.stormdata/depotcache/f5/3b/f53b8bbe65dcb8aa16cb734e9003622054636c61a34824a45e0fe6d94f726ac1.s2ml	634d57f23a1b6f8174eba0a5fdb12141	26661
mods/core.stormmod/base.stormdata/depotcache/f5/3c/f53ce705d57beaf4bda41da32223450131f517ecab461171d5d37e20b5fb52c2.s2ml	6211d1d0fc737eec9f07e2440bd2e6c4	2768
mods/core.stormmod/base.stormdata/depotcache/f5/57/f557190f8aaab160789272ce086b8b69d6a8037b152de150332603dae3dc098f.s2ma	e72e8531e28a476fd7cac60fb92c400a	2228175
mods/core.stormmod/base.stormdata/depotcache/f5/62/f562d3d4b3269fb809be3316bb4d21c02f23debff5ec35c9061fd22403d5ab90.s2ml	6f1f21dba8a9012068c2ae09b6e2f4c8	1221
mods/core.stormmod/base.stormdata/depotcache/f5/70/f570c3beed4e338ed856f086a3c234688e696cb16cb137a92550eba80878eb77.s2ml	b6071e762e4eeb7a9e90f388c11888a7	916
mods/core.stormmod/base.stormdata/depotcache/f5/a6/f5a64fe70d0c6092a92b11585107c5024a08ca5621bdf54a2ee48fbcf1f31222.s2ml	bbf7e8e8ceb0d4fbe3213010f144363e	474
mods/core.stormmod/base.stormdata/depotcache/f5/b8/f5b899d8c87bb2f628745433149b8f0822be5508c37ead967614164f7a1a162c.s2ml	a9b7b47ba23328c574cbd92c0ddab777	1233
mods/core.stormmod/base.stormdata/depotcache/f5/db/f5db2e719a4aafcfcdb3be3a5911bfa634a8e258f98a86e485fdc87b0341021f.s2ml	f35ee3f2f27006c77a4f5f0b0030075a	10596
mods/core.stormmod/base.stormdata/depotcache/f5/dd/f5ddae9c2ad906dd6dbafb58cfbddd6e9ffedff6d94333c1fc3c9c80c6e0480f.s2ml	8fadb1efba62e539e4f0cb08cdaa744a	173
mods/core.stormmod/base.stormdata/depotcache/f6/53/f6534f3ee5a7d9cae59f74cb1bc0a667ec39862e44c9a455fad5cc37b57a4846.s2ml	5f544c566d9b15c808f634a8334f8ffd	7911
mods/core.stormmod/base.stormdata/depotcache/f6/57/f657f02f4cb7e24eaa2b2d18ad562225b01397336ca4f674aa7febea2d61c157.s2mv	b575ff2d4c857417a912bd2ff24e72d8	23125
mods/core.stormmod/base.stormdata/depotcache/f6/59/f659389dc78230dad4d7b3465cc4d6dd90570705af068bd4b8ceedc664c7bb65.s2ml	b5443e5a0dfaed6e478311fe6823899e	990
mods/core.stormmod/base.stormdata/depotcache/f6/5a/f65a2154b316b10237860ed27474e005fada4d061410126ceb8838ba50930816.s2ml	159873027f74b5eb9610616ae94c65b3	189
mods/core.stormmod/base.stormdata/depotcache/f6/65/f665850f060f4dd5853b3e3566bb098c5f6b3c167efcffe13197339f6c5c2edd.s2ml	1744675e272d3a8ee0ef83ebf00cb00d	1351
mods/core.stormmod/base.stormdata/depotcache/f6/6c/f66cc65e6a63b9eae6c8726d629291fee72f3949acd1ef25ba46cd529f378bfe.s2mv	6081f8b0c77975e0135c71723dcf4eff	1392
mods/core.stormmod/base.stormdata/depotcache/f6/72/f672c5ff2089d04079c1645d110fa09dea5d22945d74ce3812c18fb140fc402e.s2ml	42d3bd684b9722123b8b9b822d3accd3	1022
mods/core.stormmod/base.stormdata/depotcache/f6/88/f6883a5a0259a1d85ef15c1d7a4923171fb217272b20cfb9b4c76d7fcb15a8f2.s2ml	2ec2bc5c6dfd9fbbca322f51d35e2a44	1398
mods/core.stormmod/base.stormdata/depotcache/f6/91/f6915058a5ab4e3159803d7160897af2f2036f70373050c6342435e0032d22ad.s2ml	231cc75ab4daee20f3d43d54d03d4d6e	131
mods/core.stormmod/base.stormdata/depotcache/f6/a6/f6a616579cca874f52fd758c0ded18bcc9cf34c47af34180a7a15fba4254be2d.s2ml	5393677d4e2e9eb6f9ee34f4dcb385b9	1767
mods/core.stormmod/base.stormdata/depotcache/f6/fa/f6fa1891700b4dbdc188187172b27dd413eaa9faf6fdb56990e978816b224eb0.s2ml	c818b625dbaa582c03229b9120a0b19c	190
mods/core.stormmod/base.stormdata/depotcache/f7/2f/f72f3f0a34329c4e479bc36903388f7347ad71222508350db2878fda6854ec19.s2ml	c1ee5af3daaca57dcf05850bd11647b2	13131
mods/core.stormmod/base.stormdata/depotcache/f7/6f/f76f7f6bcfae33e76ae698b1648b273a69a3b37932c67cc69bb564311fb48ef0.s2ml	26fdec506bccc6dd2eb60d2ea6635064	1138
mods/core.stormmod/base.stormdata/depotcache/f7/72/f772b0b450eaa43bc001ddbd627c1cf1689f92c16bd65769c206410d867f298a.s2ml	78685745d3ce7f4e313167272470a417	888
mods/core.stormmod/base.stormdata/depotcache/f7/7f/f77f11e30bfbdd28494d9a7bb8b42e2a0ad6a2fa10e9bcd766a34dca632e91fe.s2ml	784211ee8d9be17aa58b00b2d3ebf673	1544
mods/core.stormmod/base.stormdata/depotcache/f7/9f/f79f74fe86e51cddabcd676b0d561c11e77889ee61867eef44531ccacb85618f.s2mv	d7545e88efb44adfbcf99c5c2193867c	99248
mods/core.stormmod/base.stormdata/depotcache/f7/c0/f7c00f049d95493f9b0b8ecc90010ee9728b3f40aa550987bcbe19cc1ff01627.s2ml	fcacb4f3df52b9728d0957d51d953941	166
mods/core.stormmod/base.stormdata/depotcache/f8/2b/f82bbe4fed3de2597e30a7bc6f8c14de7da489b04b1389a012fcb36129218543.s2ml	3b9fbd005729dc81650c07364d42c404	195
mods/core.stormmod/base.stormdata/depotcache/f8/50/f85061ab406180b5be8c0bdb1338f820949584eb9af258f7306ab1cb56616e24.s2ml	1ba078fa07cb37722787ab50b57335b2	163
mods/core.stormmod/base.stormdata/depotcache/f8/5b/f85b0d5e33fef8316884e1b4a3c87757eff632a7768d6dcf32111a753b4acee5.s2ml	9a4a1d4e5e1b9b0851b071cbad61d0ee	885
mods/core.stormmod/base.stormdata/depotcache/f8/5d/f85d1f45066f6b46558dc38b9a38451756291325d3dbf1be05c6ac4fec5e8190.s2mv	a7cfbe13f11bbf362db5ca8a1b8c2165	2695
mods/core.stormmod/base.stormdata/depotcache/f8/74/f8743aff80fbcc375f67e183a3cbfd3c2052945406ef7ae94718d2addea68da3.s2ml	e77ebab0098f58ef2e96e763fd89e47b	186
mods/core.stormmod/base.stormdata/depotcache/f8/8a/f88afda6958722c679fd74955621a1d62f198bee7fd94090aa15ba99bb434480.s2ml	0fd95002883541fbd2334daa9e86ea3a	1811
mods/core.stormmod/base.stormdata/depotcache/f8/cc/f8cca87f6f4bb86404ab2c9cd60643799ee743907b72cf84a4d2380ca4042d3b.s2ml	f79001ccdc354f2fe6cee9f8ba54949c	341
mods/core.stormmod/base.stormdata/depotcache/f9/0f/f90f193bde88047e9d9a421f518eae9fcfe7ac8612594ba034d8e4f593f7eb31.s2mv	1f670b591e80cca4506125efa9c9dc47	391292
mods/core.stormmod/base.stormdata/depotcache/f9/11/f911ec8ac867a4425ac9356086d007281a7782768abea2acdb707c4261fea163.s2ml	ca6b0c953647a2e2f10dd5b6ac58bec5	1446
mods/core.stormmod/base.stormdata/depotcache/f9/22/f9220f5a5ddf634c33f89a9ec657a1309a32e5b7a2e4565629c0f31fb48fedc8.s2ml	b42b4dff890561fc4b0c170dafa0a0b9	1902
mods/core.stormmod/base.stormdata/depotcache/f9/97/f9971fd0eb4ced03712fd295b36a86cfb674c04dd4875c949588714f6680969d.s2mv	5a4c2bd61c343ce247f03984e646d0c2	2803
mods/core.stormmod/base.stormdata/depotcache/f9/e1/f9e1f559ed617c558be6c3fbb47b0492447dc30499c36853f9cf16fcb1614b35.s2ml	2cf2bc838c45e5d88ae2f311fef29159	243
mods/core.stormmod/base.stormdata/depotcache/fa/59/fa5949c154e15a0aa34e8940781b928db71968e8742de48752738e6a441025a8.s2ml	3542b88e87d696b5e28391470ab87700	369
mods/core.stormmod/base.stormdata/depotcache/fa/68/fa681c991cee65781295686c563e75d33e5f63bfd05f4ce5fe1495cff32bb7e9.s2ml	de3c69e5dd1210f4450869f8aeecb0ca	365
mods/core.stormmod/base.stormdata/depotcache/fa/74/fa749315532848326081be086356c0ea5116f54877febf79e822a7019ee65f34.s2ml	f03e1db162cd1534677c86744431e629	1440
mods/core.stormmod/base.stormdata/depotcache/fa/7c/fa7ccace39ff7fe26b552a3fbfd3da518149e01a0e32118c47c58d98231fae9a.s2ml	c8af80d0b3acd05ed8136ed1589a995e	303
mods/core.stormmod/base.stormdata/depotcache/fa/81/fa81e844af27f185614334c69e63c2d7fbda6ace971ca27cf7369b66255f1699.s2ml	2c2c8a99dcf60c380820cde7b52a9bd9	917
mods/core.stormmod/base.stormdata/depotcache/fa/82/fa825fd38e4b73ece76f57ad74454a33be7cd596854e19174ea506a2beff7ffb.s2ml	07fda018d3bd41fa6073f2fc9b2db2fe	1299
mods/core.stormmod/base.stormdata/depotcache/fa/98/fa983df5404a92ab9c5a67b1a5cfec3d522f1a84aca592c3de818d728ba14f89.s2ml	30494d1c777ce3f69ac4886133545105	317
mods/core.stormmod/base.stormdata/depotcache/fa/a8/faa875a82d8c56a948c71f5379b9600e1c4201dea8fe6e3382ea689ac48073c4.s2mv	23c52686550357e3b309fe56b584726e	31769
mods/core.stormmod/base.stormdata/depotcache/fa/c9/fac9af8f2abddc98a53afc093f2a1838af1f814d5b111f4932ee1d7070bb74c5.s2mv	dc8eeb120da282c520741c7653c14f43	99248
mods/core.stormmod/base.stormdata/depotcache/fa/cb/facbe536621485a0d2fe388c76ace1d6bef5b9cdea01d8f46616ce6407364cc3.s2ml	99ba3cdcd3d1b531a152e3fc80bc4b0e	1391
mods/core.stormmod/base.stormdata/depotcache/fa/f4/faf46fc7fcfd8673dd8e5d71c68a19be34bd23db036fc03e642de60f47587493.s2ml	9ed016cf5f98ca00d828965674f0b6e1	19074
mods/core.stormmod/base.stormdata/depotcache/fb/1b/fb1be339fac9333c5fa8b0463924b917d8a6b00d85795b7bc2076b476aa90d67.s2ml	5a5bf6649aeed0a3c819133f375bfcc3	237
mods/core.stormmod/base.stormdata/depotcache/fb/24/fb2430973e0b61c739eedf14470cbecafab590d88fce8079fc6cb98df692766a.s2mv	a52460977e7f31aa68c2e35ae8fedf90	8294444
mods/core.stormmod/base.stormdata/depotcache/fb/35/fb35c4f2161d6f6ae60529b94af33f54f0fb75bc1552c71cf5cbedcda4e6bd32.s2ml	523ad2d4b4527b18a200a452b23154b6	172
mods/core.stormmod/base.stormdata/depotcache/fb/44/fb448dffe166b07f98b6f98aa79755c464282e47b0cfd8850ed4f498cc46abec.s2ml	6db950164c7a1bab41af41598b6a85fe	16471
mods/core.stormmod/base.stormdata/depotcache/fb/83/fb835cdb087d81a5b1c51846cf162f20070e0cd32786e56a2ed47bc909cfb2d5.s2ml	68f26639b87bd949b83372105c87938b	387
mods/core.stormmod/base.stormdata/depotcache/fb/d0/fbd08b40b39de3b65e8d42ed93178f403b97338c70f150b42d65eb31b1feb549.s2ml	37a012026d844d3514d6feae281ec6d2	995
mods/core.stormmod/base.stormdata/depotcache/fc/ab/fcabf5500bcfbf76e7f66eabe27edf35dc1958328c99c6c978c05de480bf39ec.s2ml	26c82d52e9a149eeb8c72d3769aaae55	317
mods/core.stormmod/base.stormdata/depotcache/fc/bb/fcbb345821a0c3ed3e9a864e33f7b2a590c322d77f8bd30c83cc8a7f66616f2d.s2ml	142977fd095be2932f57bd72d457e651	199
mods/core.stormmod/base.stormdata/depotcache/fc/c8/fcc83c7bbe2d2477e186f5c86f80b5233663bab4d2d41a569d4e1e31173d10b7.s2ml	90702c7c31424d9d2ac039ae8f9463f4	148
mods/core.stormmod/base.stormdata/depotcache/fc/d9/fcd9edf53071c12dcb3fbd7c625c9e2bd656e4aa55938df531ab66570f5f8565.s2ml	e6c7cc26861f6ccf3fcc6e553495752d	145
mods/core.stormmod/base.stormdata/depotcache/fc/e4/fce44d0754fdfa20351cf6e8ce79ff5b4829d77878271aae43c770f9b82f1dda.s2mv	0237095867dac02a6d7478d1b6f72318	1383240
mods/core.stormmod/base.stormdata/depotcache/fc/fa/fcfac6e5566197384748233c356331bc3336e3aaaa1c16e1a06ca83d7dc8d19c.s2ml	9ce098fdc511030f42b7453018a27cff	320
mods/core.stormmod/base.stormdata/depotcache/fd/1d/fd1dec89ef6ea1c4709faadafbf1b6c60bdd9ce8488e07badfbab00d02526df5.s2ml	856f00522af809e0dcdc5dd4dcc06463	1225
mods/core.stormmod/base.stormdata/depotcache/fd/2c/fd2cdd508d5e4012bcc05a61cf0847d7cf974b35dc9b85ff78b7a15b84da71cc.s2ml	34af3d5acd13125710b9fb672c85e13d	1676
mods/core.stormmod/base.stormdata/depotcache/fd/40/fd40e8b43cc5940ac4c97d2ee7ddc0caddc673161d715d3e4c5dbbe4f327120a.s2ml	6a561963045167ac1093709b73b00029	520
mods/core.stormmod/base.stormdata/depotcache/fd/6d/fd6d59aadb995fd99d3f87a9ad34b956156b66a2dcf8c22249d2f6ea26ac7537.s2ml	7b8b20d81fc9c95dc70e4eacdbafaf4f	375
mods/core.stormmod/base.stormdata/depotcache/fd/9e/fd9e21ef5da6d68f8a82ca2abb203390cb0f12cb3b524087aa2dcc4e031f4c8c.s2ml	306b49e87da56fc41bf82ca5a27fbaef	347
mods/core.stormmod/base.stormdata/depotcache/fd/df/fddf3267c510a29b4ad55ada48096860054969095cf025a54f91b15fc310714e.s2ma	826a39978105fc66d76a5cbf41817180	1977485
mods/core.stormmod/base.stormdata/depotcache/fd/e6/fde6beca733731b5a6e2080afbea264be00ff1fd9a27df8f239502bc8476ce15.s2ml	d6abcaddfcd420267fe31fb3b435a379	959
mods/core.stormmod/base.stormdata/depotcache/fe/16/fe1635beb41ebc90b197a2f74030cdee7f03d82f2babbbe86cc5877709516616.s2ml	04410938fc014c55f46af5413a2dbc59	161
mods/core.stormmod/base.stormdata/depotcache/fe/2d/fe2d241149481a27b158f559c466657ee7131823d5344a6b9a52f3a4c844cba8.s2ml	b7020e6f382459e5f37a11eead7a0c7c	397
mods/core.stormmod/base.stormdata/depotcache/fe/47/fe470d8a5dcaa0bc69fe7c39d0b497ef72837cd93459ddffa8587d496efc4567.s2ml	c10b3eb27939f7a02ea4a98bb291e863	890
mods/core.stormmod/base.stormdata/depotcache/fe/4d/fe4d38de353727e5034d2a776aff2c3f90f79d351b11949d94572d70fc9a008f.s2ml	83dcac0af5ed94a6e002ac123b35901e	1728
mods/core.stormmod/base.stormdata/depotcache/fe/58/fe58e25779ccfa6fab57916f448e6de93781de978a592ac6d660ed3cdc4670fa.s2mv	b817b6c0f868a7d9e509bbd17bac85f7	2494
mods/core.stormmod/base.stormdata/depotcache/fe/95/fe956a8d8939bae045dc4b8f79a36c185c5eb48dc531041500401c981eed983a.s2mv	dc45b105867bb5077739e3b2cbcba8ab	8294444
mods/core.stormmod/base.stormdata/depotcache/fe/cb/fecb7fc00509b2609e2be9b33f2d84cfc0518587a2a1ef65754869b77e2b2b8b.s2ml	ad4fc9cb906a4473116666163dcd4f9d	165
mods/core.stormmod/base.stormdata/depotcache/fe/ec/feec024803be14d87fe11308d9c986efbd0feee7443d5f0e4fe8729efbf6c711.s2ml	15f0fbe5c507c7a1b3beaaf38e711050	170
mods/core.stormmod/base.stormdata/depotcache/fe/ec/feec27b7a8be3989f44413956be86114391c012ad9fc22295e5e888f17dd697c.s2ml	b0686baba535c64a61f68b358e580c73	1345
mods/core.stormmod/base.stormdata/depotcache/ff/8e/ff8e5c39efa887991c4f332eacb113697bcf01a9d571de5b37bc2d0eca4fd79a.s2ma	4c8ee61515e1fe478a8f11c1d0e10de3	2017359
mods/core.stormmod/base.stormdata/depotcache/ff/a7/ffa734cca723f79cbeb167443af40faaa69b1d6c7f52d09859e9e57cec0456a0.s2ml	ba32b2a4073806ef68886a0de9f878fe	362
mods/core.stormmod/base.stormdata/depotcache/ff/de/ffdef4b1078d618e8fb4605dc0c102c1eac28046004f3909a9db83c2580db781.s2ml	02deb365811c029080044c573bd0c9a6	497
mods/core.stormmod/base.stormdata/depotcache/ff/df/ffdf40e303e06b80a45b4b81995310d185447447b8a6f9216a5820568580991c.s2ml	62159cf7cf7e8890ccc57831f325c08e	495
mods/core.stormmod/base.stormdata/productlocalefillera.bin	ce338fe6899778aacfc28414f2d9498b	16384
mods/core.stormmod/base.stormdata/productlocalefillerb.bin	ce338fe6899778aacfc28414f2d9498b	16384
mods/core.stormmod/base.stormdata/shadercache_dx11.bin	06a5e99e1b96255460b6911106de1b21	43590664
mods/core.stormmod/base.stormdata/shadercache_mtl.bin	584b5733bb77f2ffa7dfe1b9b95f4a18	157094510
mods/core.stormmod/base.stormdata/triggerlibs/nativelib.triggerlib	19848837692d4be00525bc81d3235335	6521316
mods/core.stormmod/base.stormdata/ui/fonts/bl.ttf	4ae8f40d5687033d7316c4e659cfca1f	7235700
mods/core.stormmod/base.stormdata/ui/fonts/kokr_bold.ttf	915e808fe167101cf692af8d318cff83	1680484
mods/core.stormmod/base.stormdata/ui/fonts/kokr_reg.ttf	774c28a54f19f3b263480cda4c038f2a	1988220
mods/core.stormmod/base.stormdata/ui/fonts/metronicforblizzard-bold.otf	aedd8748e5145680f304ddea6606854f	118024
mods/core.stormmod/base.stormdata/ui/fonts/metronicforblizzard.otf	eaaeeb204ce59eb043c917accf72c631	117152
mods/core.stormmod/base.stormdata/ui/fonts/zhcn.ttf	8a7beee59486da78385209a4af120439	8437252
mods/core.stormmod/base.stormdata/ui/fonts/zhtw.ttf	6d2fc86d2400491038371b7b3a938f08	7636408
mods/core.stormmod/base.stormdata/versions/macshaders42755/metal/baselinecache.bin	591288e75be1fe8bf7abd3ab60cae347	1126178022
mods/core.stormmod/base.stormdata/versions/shaders42755/direct3d11/baselinecache.bin	96015d7ee4eeb400a8531fb7eec70f6b	71819651
mods/core.stormmod/enus.stormassets/assets/textures.db	88b66614ba3dc4e67befb3e57349d0c8	5
